url,source,summary,title
https://www.mdzol.com/napsix/2021/3/29/conmocion-en-brasil-por-la-muerte-de-una-promesa-del-surf-148686.html,MDZOL,Conmoción en Brasil por la muerte de una promesa del surf,Conmoción en Brasil por la muerte de una promesa del surf
https://www.mdzol.com/politica/2021/3/29/aterrizo-en-moscu-el-decimo-vuelo-de-aerolineas-que-traera-mas-vacunas-148688.html,MDZOL,Aterrizó en Moscú el décimo vuelo de Aerolíneas que traerá más vacunas,Aterrizó en Moscú el décimo vuelo de Aerolíneas que traerá más vacunas
https://www.mdzol.com/politica/2021/3/29/tragedia-de-once-mientras-de-vido-quiere-seguir-libre-una-querella-pide-que-cumpla-la-condena-en-la-carcel-148667.html,MDZOL,"Tragedia de once: mientras De Vido quiere seguir libre, una querella pide que cumpla la condena en la cárcel","Tragedia de once: mientras De Vido quiere seguir libre, una querella pide que cumpla la condena en la cárcel"
https://www.mdzol.com/napsix/2021/3/29/saludable-para-innovar-prepara-tus-barritas-de-maiz-inflado-con-ingredientes-148541.html,MDZOL,Saludable y para innovar: prepara tus barritas de maíz inflado ¡con 4 ingredientes!,Saludable y para innovar: prepara tus barritas de maíz inflado ¡con 4 ingredientes!
https://www.mdzol.com/deportes/2021/3/29/san-lorenzo-recupero-la-sonrisa-logro-un-triunfazo-en-la-plata-148651.html,MDZOL,San Lorenzo recuperó la sonrisa y logró un triunfazo en La Plata,San Lorenzo recuperó la sonrisa y logró un triunfazo en La Plata
https://www.mdzol.com/napsix/2021/3/29/shiloh-jolie-pitt-sury-cruise-las-ninas-mas-famosas-de-hollywood-punto-de-cumplir-15-anos-148582.html,MDZOL,Shiloh Jolie Pitt y Sury Cruise: las niñas más famosas de Hollywood a punto de cumplir 15 años,Shiloh Jolie Pitt y Sury Cruise: las niñas más famosas de Hollywood a punto de cumplir 15 años
https://www.cadena3.com/noticia/sociedad/record-de-casos-desde-octubre-14014-nuevos-contagios_287547,Cadena 3,Récord de casos desde octubre: 14.014 nuevos contagios,Récord de casos desde octubre: 14.014 nuevos contagios
https://www.cadena3.com/audio/turno-noche/la-sentida-semblanza-sobre-daniel-diaz-hecha-por-luis-yunes-_832479,Cadena 3,La sentida semblanza sobre Daniel Díaz hecha por Luis Yunes,La sentida semblanza sobre Daniel Díaz hecha por Luis Yunes
https://www.cadena3.com/noticia/futbol/independiente-rivadavia-piso-fuerte-y-supero-a-defensores_287543,Cadena 3,Independiente Rivadavia pisó fuerte y superó a Defensores,Independiente Rivadavia pisó fuerte y superó a Defensores
https://www.cadena3.com/noticia/informados-al-regreso/crisis-hotelera-y-gastronomica-en-caba-la-demanda-es-nula_287546,Cadena 3,Crisis hotelera y gastronómica en CABA: La demanda es nula,Crisis hotelera y gastronómica en CABA: La demanda es nula
https://www.losandes.com.ar/mundo/encontro-mas-de-40-mil-dolares-envueltos-en-un-sueter-donado-los-devolvio-y-recibio-recompensa/,Los Andes,"Encontró más de 40 mil dólares envueltos en un suéter donado, los devolvió y recibió recompensa","Encontró más de 40 mil dólares envueltos en un suéter donado, los devolvió y recibió recompensa"
https://www.losandes.com.ar/mas-deportes/el-barrio-vuelve-a-sonreir-godoy-cruz-tiene-fecha-y-hora-para-su-regreso-al-feliciano-gambarte/,Los Andes,El barrio vuelve a sonreir: Godoy Cruz tiene fecha y hora para su regreso al Feliciano Gambarte,El barrio vuelve a sonreir: Godoy Cruz tiene fecha y hora para su regreso al Feliciano Gambarte
https://www.losandes.com.ar/mundo/video-un-cura-fingio-ser-atropellado-por-personal-militar-cuando-allanaron-el-lugar-donde-daba-una-misa-clandestina/,Los Andes,Video: un cura fingió ser atropellado por personal militar cuando allanaron el lugar donde daba una misa clandestina,Video: un cura fingió ser atropellado por personal militar cuando allanaron el lugar donde daba una misa clandestina
https://www.losandes.com.ar/mundo/por-primera-vez-en-seis-meses-londres-no-registro-muertes-diarias-por-covid-19/,Los Andes,"Por primera vez en seis meses, Londres no registró muertes diarias por Covid-19","Por primera vez en seis meses, Londres no registró muertes diarias por Covid-19"
https://www.losandes.com.ar/sociedad/desde-migraciones-aseguraron-que-no-habra-vuelos-de-repatriacion-para-argentinos-varados-en-el-exterior/,Los Andes,Desde Migraciones aseguraron que no habrá vuelos de repatriación para argentinos varados en el exterior,Desde Migraciones aseguraron que no habrá vuelos de repatriación para argentinos varados en el exterior
https://www.losandes.com.ar/da-la-nota/las-polemicas-fotos-intimas-que-madonna-compartio-en-las-redes-sociales/,Los Andes,Las polémicas fotos íntimas que Madonna compartió en las redes sociales,Las polémicas fotos íntimas que Madonna compartió en las redes sociales
https://www.losandes.com.ar/sociedad/duelo-y-protestas-en-ciudad-de-buenos-aires-por-un-docente-que-fallecio-de-covid/,Los Andes,Duelo y protestas en Ciudad de Buenos Aires por un docente que falleció de Covid,Duelo y protestas en Ciudad de Buenos Aires por un docente que falleció de Covid
https://www.diariouno.com.ar/sociedad/fuerte-aumento-los-casos-coronavirus-mendoza-mas-300-positivos-y-8-muertos-n820987,Diario Uno,Fuerte aumento de los casos de coronavirus en Mendoza con más de 300 positivos y 8 muertos,Fuerte aumento de los casos de coronavirus en Mendoza con más de 300 positivos y 8 muertos
https://www.diariouno.com.ar/politica/mas-100-proyectos-el-consejo-economico-ambiental-y-social-n820993,Diario Uno,"Más de 100 proyectos en el Consejo Económico, Ambiental y Social","Más de 100 proyectos en el Consejo Económico, Ambiental y Social"
https://www.perfil.com/noticias/reperfilar/covid-19-cuales-son-las-secuelas-mas-graves.phtml,Perfil,COVID-19: neurólogo explica cuales son las secuelas más graves,COVID-19: neurólogo explica cuales son las secuelas más graves
https://www.infobae.com/america/deportes/2021/03/30/el-impactante-antes-y-despues-de-una-boxeadora-cuyo-rostro-se-deformo-tras-una-pelea/,Infobae,El impactante antes y después de una boxeadora cuyo rostro se deformó tras una pelea,El impactante antes y después de una boxeadora cuyo rostro se deformó tras una pelea
https://www.infobae.com/america/deportes/espn/2021/03/30/san-lorenzo-golpeo-en-los-momentos-justos-le-gano-a-estudiantes-en-la-plata-y-se-acomodo-en-la-copa-de-la-liga/,Infobae,"San Lorenzo golpeó en los momentos justos, le ganó a Estudiantes en La Plata y se acomodó en la Copa de La Liga","San Lorenzo golpeó en los momentos justos, le ganó a Estudiantes en La Plata y se acomodó en la Copa de La Liga"
https://www.infobae.com/america/agencias/2021/03/30/opep-prepara-decision-sobre-produccion-con-enfoque-cauteloso/,Infobae,OPEP+ prepara decisión sobre producción con enfoque cauteloso,OPEP+ prepara decisión sobre producción con enfoque cauteloso
https://www.infobae.com/america/agencias/2021/03/30/hallan-en-bogota-fosa-comun-con-multiples-restos-humanos/,Infobae,Hallan en Bogotá fosa común con múltiples restos humanos,Hallan en Bogotá fosa común con múltiples restos humanos
https://www.infobae.com/america/deportes/espn/2021/03/30/seleccion-mexicana-olimpica-recibira-al-menos-25-vacunas-contra-covid-19/,Infobae,Selección Mexicana Olímpica recibirá al menos 25 vacunas contra COVID-19,Selección Mexicana Olímpica recibirá al menos 25 vacunas contra COVID-19
https://www.eldestapeweb.com/internacionales/coronavirus/crisis-total-en-brasil-renuncias-y-estallido-sanitario-por-coronavirus-acorralan-a-bolsonaro-202132921200,Destape Web,Crisis total en Brasil: renuncias y estallido sanitario por coronavirus acorralan a Bolsonaro,Crisis total en Brasil: renuncias y estallido sanitario por coronavirus acorralan a Bolsonaro
https://www.eldestapeweb.com/atr/hernan-drago/hernan-drago-compartio-una-situacion-de-acoso-de-la-que-fue-victima-para-trabajar-tenia-que-acostarme-con-el--20213292140,Destape Web,"Hernán Drago compartió una situación de acoso de la que fue víctima: ""Para trabajar tenía que acostarme con él""","Hernán Drago compartió una situación de acoso de la que fue víctima: ""Para trabajar tenía que acostarme con él"""
https://www.eldestapeweb.com/politica/justicia/lawfare-prohiben-la-salida-del-pais-a-pepin-rodriguez-simon-ex-asesor-de-macri-202132920160,Destape Web,Lawfare: prohíben salir del país a Pepín Rodríguez Simón en la causa por aprietes a Navarro y C5N,Lawfare: prohíben salir del país a Pepín Rodríguez Simón en la causa por aprietes a Navarro y C5N
https://www.pagina12.com.ar/332578-mas-repudios-a-las-agresiones-a-estela-de-carlotto,Pagina12,Más repudios a las agresiones a Estela de Carlotto,Más repudios a las agresiones a Estela de Carlotto
https://www.pagina12.com.ar/332536-fabian-pepin-rodriguez-se-habria-ido-del-pais-horas-antes-qu,Pagina12,"Fabián ""Pepín"" Rodríguez se habría ido del país horas antes que la jueza Servini le prohíba la salida","Fabián ""Pepín"" Rodríguez se habría ido del país horas antes que la jueza Servini le prohíba la salida"
https://www.pagina12.com.ar/332575-castelar-una-embarazada-murio-arrollada-durante-una-persecuc,Pagina12,Castelar: una embarazada murió arrollada durante una persecución policial,Castelar: una embarazada murió arrollada durante una persecución policial
https://www.cronica.com.ar/info-general/Coronavirus-en-Argentina-Cuantos-nuevas-muertes-y-contagios-se-reportaron-en-las-ultimas-24-horas-20210329-0121.html,Cronica,Coronavirus en Argentina: ¿Cuántos nuevas muertes y contagios se reportaron en las últimas 24 horas?,Coronavirus en Argentina: ¿Cuántos nuevas muertes y contagios se reportaron en las últimas 24 horas?
https://www.lavoz.com.ar/ciudadanos/coronavirus-en-argentina-confirman-14014-positivos-mayor-cifra-desde-octubre,La Voz,"Coronavirus en Argentina: confirman 14.014 positivos, la mayor cifra desde octubre","Coronavirus en Argentina: confirman 14.014 positivos, la mayor cifra desde octubre"
https://www.lavoz.com.ar/sucesos/liberaron-por-falta-de-pruebas-a-pareja-del-militante-de-ucr-asesinado-en-santa-cruz,La Voz,Liberaron por falta de pruebas a la pareja del militante de la UCR asesinado en Santa Cruz,Liberaron por falta de pruebas a la pareja del militante de la UCR asesinado en Santa Cruz
https://www.ambito.com/politica/alejandra-gils-carbo/de-vedia-gils-carbo-habia-una-preocupacion-la-procuradora-porque-la-persecucion-era-muy-fuerte-n5180471,Ambito,"De Vedia sobre Gils Carbó: ""Había una preocupación hacia la procuradora porque la persecución era muy fuerte""","De Vedia sobre Gils Carbó: ""Había una preocupación hacia la procuradora porque la persecución era muy fuerte"""
https://www.ambito.com/deportes/san-lorenzo/encontro-un-poco-oxigeno-la-plata-n5180346,Ambito,San Lorenzo encontró un poco de oxígeno en La Plata,San Lorenzo encontró un poco de oxígeno en La Plata
https://www.clarin.com/economia/bonos-dolares-abren-baja-precisiones-gobierno-fmi_0_lgxsiWQLg.html,Clarin,Los bonos argentinos sumaron una nueva baja tras las definiciones del Gobierno sobre el FMI,Los bonos argentinos sumaron una nueva baja tras las definiciones del Gobierno sobre el FMI
https://www.clarin.com/politica/jueza-servini-declaro-inconstitucional-gratuidad-publicidad-electoral-medios-comunicacion_0_R5DAdYBct.html,Clarin,La jueza Servini declaró inconstitucional la gratuidad de la publicidad electoral en los medios de,La jueza Servini declaró inconstitucional la gratuidad de la publicidad electoral en los medios de
https://www.lanacion.com.ar/espectaculos/personajes/la-nueva-vida-de-gisela-bernal-eros-me-devolvio-la-esperanza-nid30032021/,La Nacion,La nueva vida de Gisela Bernal: “Eros me devolvió la esperanza”,La nueva vida de Gisela Bernal: “Eros me devolvió la esperanza”
https://www.mdzol.com/sociedad/2021/3/29/fuerte-aumento-de-casos-positivos-muertes-por-coronavirus-en-mendoza-148691.html,MDZOL,Fuerte aumento de casos positivos y muertes por coronavirus en Mendoza,Fuerte aumento de casos positivos y muertes por coronavirus en Mendoza
https://www.mdzol.com/sociedad/2021/3/29/pronostico-se-espera-un-leve-aumento-de-temperatura-para-este-martes-148704.html,MDZOL,Pronóstico: se espera un leve aumento de temperatura para este martes,Pronóstico: se espera un leve aumento de temperatura para este martes
https://www.mdzol.com/napsix/2021/3/29/la-estrella-mas-solidaria-compasiva-es-taylor-swift-un-angel-en-la-tierra-148578.html,MDZOL,"La estrella más solidaria y compasiva, ¿Es Taylor Swift un ángel en la tierra?","La estrella más solidaria y compasiva, ¿Es Taylor Swift un ángel en la tierra?"
https://www.mdzol.com/politica/2021/3/29/contramano-del-gobierno-un-experto-desaconsejo-el-teletrabajo-148680.html,MDZOL,"A contramano del Gobierno, un experto desaconsejó el teletrabajo","A contramano del Gobierno, un experto desaconsejó el teletrabajo"
https://www.mdzol.com/napsix/2021/3/29/la-rutina-que-convirtio-chris-evans-en-capitan-america-148697.html,MDZOL,La rutina que convirtió a Chris Evans en Capitán América,La rutina que convirtió a Chris Evans en Capitán América
https://www.mdzol.com/bbc-mundo/2021/3/29/george-floyd-quien-es-derek-chauvin-el-expolicia-acusado-de-la-muerte-del-afroestadounidense-148694.html,MDZOL,"George Floyd: quién es Derek Chauvin, el expolicía acusado de la muerte del afroestadounidense","George Floyd: quién es Derek Chauvin, el expolicía acusado de la muerte del afroestadounidense"
https://www.mdzol.com/politica/2021/3/29/vacunaron-la-familia-de-duhalde-para-no-tirar-las-dosis-148670.html,MDZOL,"Vacunaron a la familia de Duhalde para ""no tirar las dosis""","Vacunaron a la familia de Duhalde para ""no tirar las dosis"""
https://www.mdzol.com/deportes/2021/3/29/el-club-de-la-premier-league-que-se-metio-en-la-pelea-por-borre-148695.html,MDZOL,El club de la Premier League que se metió en la pelea por Borré,El club de la Premier League que se metió en la pelea por Borré
https://www.cadena3.com/noticia/turno-noche/sentido-recuerdo-de-companeros-y-amigos-de-daniel-diaz_287548,Cadena 3,Sentido recuerdo de compañeros y amigos de Daniel Díaz,Sentido recuerdo de compañeros y amigos de Daniel Díaz
https://www.cadena3.com/audio/turno-noche/el-ex-organizador-del-festival-de-tango-de-la-falda-recordo-a-daniel-diaz_832481,Cadena 3,El ex organizador del Festival de Tango de La Falda recordó a Daniel Díaz,El ex organizador del Festival de Tango de La Falda recordó a Daniel Díaz
https://www.cadena3.com/noticia/futbol/san-lorenzo-dio-el-golpe-y-vencio-a-estudiantes-en-la-plata_287509,Cadena 3,San Lorenzo dio el golpe y venció a Estudiantes en La Plata,San Lorenzo dio el golpe y venció a Estudiantes en La Plata
https://www.losandes.com.ar/sociedad/importante-salto-confirmaron-313-nuevos-casos-de-coronavirus-y-8-muertes-en-mendoza,Los Andes,Importante salto: confirmaron 313 nuevos casos de coronavirus y 8 muertes en Mendoza,Importante salto: confirmaron 313 nuevos casos de coronavirus y 8 muertes en Mendoza
https://www.losandes.com.ar/sociedad/formosa-habilito-nuevas-actividades-en-medio-un-pico-de-casos-de-coronavirus/,Los Andes,Formosa habilitó nuevas actividades en medio un pico de casos de coronavirus,Formosa habilitó nuevas actividades en medio un pico de casos de coronavirus
https://www.losandes.com.ar/estilo/murio-a-los-50-anos-el-reconocido-escritor-carlos-busqued/,Los Andes,Murió a los 50 años el reconocido escritor Carlos Busqued,Murió a los 50 años el reconocido escritor Carlos Busqued
https://www.losandes.com.ar/da-la-nota/luego-de-sobrevivir-a-dos-conductores-luciana-rubinska-renuncio-a-sobredosis-de-tv/,Los Andes,"Luego de “sobrevivir” a dos conductores, Luciana Rubinska renunció a Sobredosis de TV","Luego de “sobrevivir” a dos conductores, Luciana Rubinska renunció a Sobredosis de TV"
https://www.losandes.com.ar/por-las-redes/de-terror-el-antes-y-despues-del-rostro-de-una-boxeadora-tras-una-pelea/,Los Andes,De terror: el antes y después del rostro de una boxeadora tras una pelea,De terror: el antes y después del rostro de una boxeadora tras una pelea
https://www.losandes.com.ar/mundo/sufria-de-dolores-en-el-pecho-se-hizo-una-radiografia-y-descubrio-que-tenia-un-cuchillo-clavado/,Los Andes,"Sufría de dolores en el pecho, se hizo una radiografía y descubrió que tenía un cuchillo clavado","Sufría de dolores en el pecho, se hizo una radiografía y descubrió que tenía un cuchillo clavado"
https://www.losandes.com.ar/mas-deportes/copa-de-la-liga-profesional-san-lorenzo-se-recupero-ante-estudiantes/,Los Andes,Copa de la Liga Profesional: San Lorenzo se recuperó ante Estudiantes,Copa de la Liga Profesional: San Lorenzo se recuperó ante Estudiantes
https://www.losandes.com.ar/da-la-nota/se-fue-al-pasto-rocio-marengo-comparo-su-baile-del-koala-con-el-atentado-a-la-amia/,Los Andes,¡Se fue al pasto! Rocío Marengo comparó su “baile del Koala” con el atentado a la AMIA,¡Se fue al pasto! Rocío Marengo comparó su “baile del Koala” con el atentado a la AMIA
https://www.perfil.com/noticias/ciencia/luis-camera-variante-manaos-contagia-hasta-un-200-por-ciento-mas-y-es-complicada-en-jovenes.phtml,Perfil,"Luis Cámera: ""La variante de Manaos contagia hasta un 200% más y es complicada en jóvenes""","Luis Cámera: ""La variante de Manaos contagia hasta un 200% más y es complicada en jóvenes"""
https://www.infobae.com/america/agencias/2021/03/30/coronavirus-argentina-confirma-un-incremento-de-casos-de-coronavirus-con-mas-de-14000-en-el-ultimo-dia/,Infobae,Coronavirus.- Argentina confirma un incremento de casos de coronavirus con más de 14.000 en el último día,Coronavirus.- Argentina confirma un incremento de casos de coronavirus con más de 14.000 en el último día
https://www.infobae.com/america/agencias/2021/03/30/limon-fc-recibira-a-cartagines-por-la-fecha-15/,Infobae,Limón FC recibirá a Cartaginés por la Fecha 15,Limón FC recibirá a Cartaginés por la Fecha 15
https://www.infobae.com/america/agencias/2021/03/30/trump-dice-que-fauci-reinventa-los-hechos-para-encubrir-sus-errores/,Infobae,"Trump dice que Fauci reinventa los hechos para ""encubrir"" sus errores","Trump dice que Fauci reinventa los hechos para ""encubrir"" sus errores"
https://www.infobae.com/america/agencias/2021/03/30/oxfam-intermon-una-de-cada-tres-trabajadoras-del-hogar-en-espana-es-pobre/,Infobae,Oxfam Intermón: una de cada tres trabajadoras del hogar en España es pobre,Oxfam Intermón: una de cada tres trabajadoras del hogar en España es pobre
https://www.infobae.com/america/agencias/2021/03/30/panama-exigira-prueba-de-covid-y-cuarentena-a-viajeros-de-suramerica/,Infobae,Panamá exigirá prueba de covid y cuarentena a viajeros de Suramérica,Panamá exigirá prueba de covid y cuarentena a viajeros de Suramérica
https://www.infobae.com/america/agencias/2021/03/30/mlb-relajara-protocolos-cuando-se-vacune-a-85-de-peloteros/,Infobae,MLB relajará protocolos cuando se vacune a 85% de peloteros,MLB relajará protocolos cuando se vacune a 85% de peloteros
https://www.infobae.com/america/agencias/2021/03/30/la-marina-mercante-licita-el-contrato-de-linea-interes-en-el-estrecho-de-gibraltar/,Infobae,La Marina Mercante licita el contrato de línea interés en el Estrecho de Gibraltar,La Marina Mercante licita el contrato de línea interés en el Estrecho de Gibraltar
https://www.infobae.com/america/colombia/2021/03/30/idartes-asegura-que-evento-en-el-que-se-registraron-aglomeraciones-fue-suspendido/,Infobae,IDARTES asegura que evento en el que se registraron aglomeraciones fue suspendido,IDARTES asegura que evento en el que se registraron aglomeraciones fue suspendido
https://www.infobae.com/america/agencias/2021/03/30/la-letona-sevastova-alcanza-los-cuartos-y-se-medira-con-svitolina/,Infobae,La letona Sevastova alcanza los cuartos y se medirá con Svitolina,La letona Sevastova alcanza los cuartos y se medirá con Svitolina
https://www.infobae.com/america/colombia/2021/03/30/desde-la-oficina-de-alvaro-uribe-velez-fue-agendada-la-visita-del-nene-hernandez-al-congreso/,Infobae,Desde la oficina de Álvaro Uribe Vélez fue agendada la visita del “Ñeñe” Hernández al Congreso,Desde la oficina de Álvaro Uribe Vélez fue agendada la visita del “Ñeñe” Hernández al Congreso
https://www.infobae.com/america/agencias/2021/03/30/un-ataud-brillante-para-los-olvidados-de-la-violencia-policial-en-eeuu/,Infobae,Un ataúd brillante para los olvidados de la violencia policial en EE.UU.,Un ataúd brillante para los olvidados de la violencia policial en EE.UU.
https://www.infobae.com/america/agencias/2021/03/30/javier-reina-del-medellin-da-positivo-a-covid-19/,Infobae,Javier Reina del Medellín da positivo a COVID-19,Javier Reina del Medellín da positivo a COVID-19
https://www.infobae.com/america/agencias/2021/03/30/colombia-duque-firma-la-extradicion-a-eeuu-por-narcotrafico-de-un-presunto-miembro-del-eln/,Infobae,Colombia.- Duque firma la extradición a EEUU por narcotráfico de un presunto miembro del ELN,Colombia.- Duque firma la extradición a EEUU por narcotráfico de un presunto miembro del ELN
https://www.eldestapeweb.com/politica/coronavirus-en-argentina/barrera-cruzo-a-montenegro-por-no-aplicar-el-teletrabajo-se-comporta-como-patron-de-estancia--202132922110,Destape Web,"Barrera cruzó a Montenegro por no aplicar el teletrabajo: ""Se comporta como patrón de estancia""","Barrera cruzó a Montenegro por no aplicar el teletrabajo: ""Se comporta como patrón de estancia"""
https://www.eldestapeweb.com/sociedad/coronavirus-en-argentina/nuevas-medidas-del-gobierno-por-la-segunda-ola-de-coronavirus-se-podra-viajar-en-semana-santa--202132921360,Destape Web,Nuevas medidas del Gobierno por la segunda ola de coronavirus: ¿Se podrá viajar en Semana Santa?,Nuevas medidas del Gobierno por la segunda ola de coronavirus: ¿Se podrá viajar en Semana Santa?
https://www.pagina12.com.ar/332533-copa-de-la-liga-san-lorenzo-se-saco-la-mufa-y-batio-a-estudi,Pagina12,Copa de la Liga: San Lorenzo se sacó la mufa y batió a Estudiantes,Copa de la Liga: San Lorenzo se sacó la mufa y batió a Estudiantes
https://www.pagina12.com.ar/332543-tras-la-muerte-de-un-docente-por-covid-la-discusion-entre-lo,Pagina12,"Tras la muerte de un docente por covid, la discusión entre los maestros y el gobierno porteño","Tras la muerte de un docente por covid, la discusión entre los maestros y el gobierno porteño"
https://www.cronica.com.ar/politica/Valenzuela-es-el-intendente-con-mejor-imagen-segun-una-encuesta-cercana-al-kirchnerismo-20210329-0125.html,Cronica,Valenzuela es el intendente con mejor imagen según una encuesta cercana al kirchnerismo,Valenzuela es el intendente con mejor imagen según una encuesta cercana al kirchnerismo
https://www.lavoz.com.ar/politica/un-diputado-kirchnerista-presento-un-proyecto-de-ley-para-condenar-negacionismo-del-terrori,La Voz,"Un diputado kirchnerista presentó un proyecto de ley para ""condenar el negacionismo del terrorismo de Estado""","Un diputado kirchnerista presentó un proyecto de ley para ""condenar el negacionismo del terrorismo de Estado"""
https://www.lavoz.com.ar/ciudadanos/un-total-de-16-pasajeros-dieron-positivo-en-testeos-que-se-hicieron-en-aeroparque-y-ezeiz,La Voz,Un total de 16 pasajeros dieron positivo en los testeos que se hicieron en Aeroparque y Ezeiza,Un total de 16 pasajeros dieron positivo en los testeos que se hicieron en Aeroparque y Ezeiza
https://www.ambito.com/politica/vacunas/salud-la-investigacion-el-calafate-el-intercambio-insumos-es-habitual-n5180502,Ambito,"Salud sobre la investigación de vacunas a El Calafate: ""El intercambio de insumos es habitual""","Salud sobre la investigación de vacunas a El Calafate: ""El intercambio de insumos es habitual"""
https://www.ambito.com/economia/carne/las-exportaciones-subieron-mas-5-anual-febrero-n5180491,Ambito,Las exportaciones de carne subieron más de 5% anual en febrero,Las exportaciones de carne subieron más de 5% anual en febrero
https://www.cronista.com/informacion-gral/detectan-en-el-pais-variantes-del-coronavirus-del-reino-unido-manaos-y-california-mas-contagiosas-y-letales/,Cronista,"Detectan en el país variantes del coronavirus del Reino Unido, Manaos y California: más contagiosas y letales","Detectan en el país variantes del coronavirus del Reino Unido, Manaos y California: más contagiosas y letales"
https://www.cronista.com/internacionales/lacalle-pou-sobre-el-mercosur-si-seguimos-asi-10-anos-mas-el-mundo-nos-pasa-por-encima/,Cronista,"Lacalle Pou sobre el Mercosur: ""Si seguimos así 10 años más, el mundo nos pasa por encima""","Lacalle Pou sobre el Mercosur: ""Si seguimos así 10 años más, el mundo nos pasa por encima"""
https://www.clarin.com/politica/asumir-martin-soria-hablo-justicia-opaca-alejada-ciudadania-_0_Ud0c1g2e1.html,Clarin,"Tras asumir, Martín Soria habló de una Justicia ""opaca y alejada de la ciudadanía""","Tras asumir, Martín Soria habló de una Justicia ""opaca y alejada de la ciudadanía"""
https://www.clarin.com/cultura/murio-escritor-carlos-busqued_0_v7ep9yRza.html,Clarin,Murió el escritor Carlos Busqued,Murió el escritor Carlos Busqued
https://www.clarin.com/astrologia/horoscopo-acuario-hoy-30-marzo-2021-predicciones-salud-amor-dinero_0_MajYPwx7I.html,Clarin,"Horóscopo Acuario de hoy, 30 de marzo de 2021: las predicciones para la salud, el amor y el dinero","Horóscopo Acuario de hoy, 30 de marzo de 2021: las predicciones para la salud, el amor y el dinero"
https://www.clarin.com/economia/audiencia-tarifas-edenor-edesur-refutaran-argumentos-oficiales-insistiran-subas-38-_0_B1AfZ7RPV.html,Clarin,Audiencia por tarifas: Edenor y Edesur refutarán argumentos oficiales e insistirán con subas de hasta 38%,Audiencia por tarifas: Edenor y Edesur refutarán argumentos oficiales e insistirán con subas de hasta 38%
https://www.baenegocios.com/sociedad/El-origen-del-coronavirus-la-OMS-sugiere-un-eslabon-perdido-20210329-0197.html,BAE Negocios,"El origen del coronavirus: la OMS sugiere un ""eslabón perdido""","El origen del coronavirus: la OMS sugiere un ""eslabón perdido"""
https://www.baenegocios.com/mundo/AMPLIA-2Ecuador-dispone-cierre-de-playas-durante-feriado-de-Semana-Santa-por-el-covid-19-20210329-0218.html,BAE Negocios,AMPLÍA 2Ecuador dispone cierre de playas durante feriado de Semana Santa por el covid-19,AMPLÍA 2Ecuador dispone cierre de playas durante feriado de Semana Santa por el covid-19
https://www.baenegocios.com/politica/El-misterio-de-la-cinta-roja-en-la-muneca-de-Alberto-Fernandez-y-algunos-ministros-A-que-se-debe-20210329-0195.html,BAE Negocios,El misterio de la cinta roja en la muñeca de Alberto Fernández y algunos ministros: ¿A qué se debe?,El misterio de la cinta roja en la muñeca de Alberto Fernández y algunos ministros: ¿A qué se debe?
https://www.baenegocios.com/mundo/Bolsonaro-sustituye-a-ministro-de-Relaciones-Exteriores-tras-polemica-con-parlamentarios-20210329-0213.html,BAE Negocios,Bolsonaro sustituye a ministro de Relaciones Exteriores tras polémica con parlamentarios,Bolsonaro sustituye a ministro de Relaciones Exteriores tras polémica con parlamentarios
https://www.lanacion.com.ar/economia/campo/granos-advierten-que-crece-el-desacople-con-los-precios-internacionales-nid29032021/,La Nacion,Granos: advierten que crece el desacople con los precios internacionales,Granos: advierten que crece el desacople con los precios internacionales
https://www.lanacion.com.ar/sociedad/coronavirus-en-argentina-hoy-mapa-de-casos-y-estadisticas-al-29-de-marzo-nid30032021/,La Nacion,Coronavirus en Argentina hoy: mapa de casos y estadísticas al 29 de marzo,Coronavirus en Argentina hoy: mapa de casos y estadísticas al 29 de marzo
https://www.lanacion.com.ar/politica/duro-comunicado-el-circulo-de-ingenieros-convoco-a-la-oposicion-a-generar-una-gran-alianza-electoral-nid30032021/,La Nacion,Duro comunicado: el Círculo de Ingenieros convocó a la oposición a generar una gran alianza electoral,Duro comunicado: el Círculo de Ingenieros convocó a la oposición a generar una gran alianza electoral
https://www.lanacion.com.ar/politica/es-un-colador-el-gobernador-de-misiones-le-mostro-a-sabina-frederic-la-porosa-frontera-con-brasil-nid30032021/,La Nacion,“Es un colador”. El gobernador de Misiones le mostró a Sabina Frederic la “porosa” frontera con Brasil,“Es un colador”. El gobernador de Misiones le mostró a Sabina Frederic la “porosa” frontera con Brasil
https://www.baenegocios.com/mundo/Las-noticias-destacadas-del-mundo-hoy-lunes-29-de-marzo-20210329-0222.html,BAE Negocios,Las noticias destacadas del mundo hoy lunes 29 de marzo,Las noticias destacadas del mundo hoy lunes 29 de marzo
https://www.baenegocios.com/sociedad/Coronavirus-en-Argentina-cuantos-casos-se-registraron-hoy-lunes-29-de-marzo-20210329-0208.html,BAE Negocios,Coronavirus en Argentina hoy: récord de casos en lo que va del año,Coronavirus en Argentina hoy: récord de casos en lo que va del año
https://www.baenegocios.com/mundo/Ultimo-recuento-de-casos-confirmados-de-COVID-19-en-el-mundo-a-las-0000-GMT-del-30-de-marzo-20210329-0239.html,BAE Negocios,Último recuento de casos confirmados de COVID-19 en el mundo a las 00:00 GMT del 30 de marzo,Último recuento de casos confirmados de COVID-19 en el mundo a las 00:00 GMT del 30 de marzo
https://www.baenegocios.com/mundo/Peru-recibira-en-abril-mas-de-800.000-dosis-de-la-vacuna-de-Pfizer-contra-el-covid-19-20210329-0220.html,BAE Negocios,Perú recibirá en abril más de 800.000 dosis de la vacuna de Pfizer contra el covid-19,Perú recibirá en abril más de 800.000 dosis de la vacuna de Pfizer contra el covid-19
https://www.baenegocios.com/mundo/Ecuador-dispone-cierre-de-playas-durante-feriado-de-Semana-Santa-por-el-covid-19-20210329-0217.html,BAE Negocios,Ecuador dispone cierre de playas durante feriado de Semana Santa por el covid-19,Ecuador dispone cierre de playas durante feriado de Semana Santa por el covid-19
https://www.baenegocios.com/mundo/Presidente-uruguayo-recibe-primera-dosis-de-vacuna-Sinovac-20210329-0212.html,BAE Negocios,Presidente uruguayo recibe primera dosis de vacuna Sinovac,Presidente uruguayo recibe primera dosis de vacuna Sinovac
https://www.lanacion.com.ar/economia/fallo-contra-la-argentina-por-los-bonos-atados-al-pbi-nid30032021/,La Nacion,Fallo contra la Argentina por los bonos atados al PBI,Fallo contra la Argentina por los bonos atados al PBI
https://www.lanacion.com.ar/deportes/atletico-tucuman-newells-un-empate-con-muchas-emociones-pero-que-no-le-sirvio-a-ninguno-para-salir-nid30032021/,La Nacion,Atlético Tucumán,Atlético Tucumán
https://www.mdzol.com/mundo/2021/3/29/una-sola-dosis-de-pfizer-moderna-es-efectiva-en-un-80-148700.html,MDZOL,Una sola dosis de Pfizer o Moderna es efectiva en un 80%,Una sola dosis de Pfizer o Moderna es efectiva en un 80%
https://www.mdzol.com/deportes/2021/3/29/sera-en-el-gambarte-se-confirmo-dia-horario-de-godoy-cruz-ante-arsenal-148702.html,MDZOL,¿Será en el Gambarte? Se confirmó día y horario de Godoy Cruz ante Arsenal,¿Será en el Gambarte? Se confirmó día y horario de Godoy Cruz ante Arsenal
https://www.mdzol.com/napsix/2021/3/29/martino-su-terminante-decision-con-carlos-vela-un-guino-para-chicharito-148699.html,MDZOL,"Martino, su terminante decisión con Carlos Vela y un guiño para Chicharito","Martino, su terminante decisión con Carlos Vela y un guiño para Chicharito"
https://www.mdzol.com/mdz-show/2021/3/29/jimena-baron-volvio-las-redes-despues-de-casi-un-ano-dio-un-inesperado-anuncio-148703.html,MDZOL,Jimena Barón volvió a las redes después de casi un año y dio un inesperado anuncio,Jimena Barón volvió a las redes después de casi un año y dio un inesperado anuncio
https://www.mdzol.com/napsix/2021/3/29/neymar-sera-juzgado-en-barcelona-por-corrupcion-estafa-148707.html,MDZOL,Neymar será juzgado en Barcelona por corrupción y estafa,Neymar será juzgado en Barcelona por corrupción y estafa
https://www.mdzol.com/deportes/2021/3/29/la-fecha-se-cerro-con-empates-en-parque-patricios-tucuman-148689.html,MDZOL,En vivo: dos interesantes propuestas cierran la séptima fecha,En vivo: dos interesantes propuestas cierran la séptima fecha
https://www.mdzol.com/napsix/2021/3/29/inaudito-britney-spears-homenajea-las-mujeres-que-la-inspiraron-excluye-madonna-148576.html,MDZOL,Inaudito: Britney Spears homenajea a las mujeres que la inspiraron y excluye a Madonna,Inaudito: Britney Spears homenajea a las mujeres que la inspiraron y excluye a Madonna
https://www.cadena3.com/noticia/turno-noche/patota-de-jovenes-desfiguro-a-un-hombre-y-destrozo-su-auto_287549,Cadena 3,Patota de jóvenes desfiguró a un hombre y destrozó su auto,Patota de jóvenes desfiguró a un hombre y destrozó su auto
https://www.cadena3.com/noticia/sociedad/record-de-casos-desde-octubre-14014-nuevos-contagios_287547,Cadena 3,Récord de contagios de coronavirus desde octubre: 14.014,Récord de contagios de coronavirus desde octubre: 14.014
https://www.cadena3.com/noticia/sociedad/coronavirus-en-cordoba-7-fallecidos-y-1053-contagiados_287550,Cadena 3,Coronavirus en Córdoba: 7 fallecidos y 1.053 contagiados,Coronavirus en Córdoba: 7 fallecidos y 1.053 contagiados
https://www.losandes.com.ar/economia/una-jueza-fallo-en-contra-de-argentina-por-manipular-los-datos-del-pbi-durante-en-kirchnerismo/,Los Andes,Una jueza falló en contra de Argentina por manipular los datos del PBI durante en Kirchnerismo,Una jueza falló en contra de Argentina por manipular los datos del PBI durante en Kirchnerismo
https://www.losandes.com.ar/da-la-nota/las-polemicas-fotos-intimas-que-madonna-compartio-en-las-redes-sociales,Los Andes,Las polémicas fotos íntimas que Madonna compartió en las redes sociales,Las polémicas fotos íntimas que Madonna compartió en las redes sociales
https://www.losandes.com.ar/por-las-redes/de-terror-el-antes-y-despues-del-rostro-de-una-boxeadora-tras-una-pelea,Los Andes,De terror: el antes y después del rostro de una boxeadora tras una pelea,De terror: el antes y después del rostro de una boxeadora tras una pelea
https://www.perfil.com/noticias/reperfilar/aumentaran-las-naftas-hasta-un-7-y-los-taxis-un-44.phtml,Perfil,"Aumentaran las naftas hasta un 7% y los taxis, un 44%","Aumentaran las naftas hasta un 7% y los taxis, un 44%"
https://www.perfil.com/noticias/politica/ocana-denuncio-vacunatorio-vip-en-el-calafate-el-gobierno-dice-que-el-envio-es-algo-habitual.phtml,Perfil,"Denuncian ""vacunatorio VIP"" en Calafate: fue un ""envío complementario"", dice el gobierno","Denuncian ""vacunatorio VIP"" en Calafate: fue un ""envío complementario"", dice el gobierno"
https://www.perfil.com/noticias/reperfilar/incertidumbre-sobre-la-cantidad-de-casos-positivos-provenientes-de-viajeros.phtml,Perfil,Covid-19: comenzaron los testeos arancelados y obligatorios para viajeros del exterior,Covid-19: comenzaron los testeos arancelados y obligatorios para viajeros del exterior
https://www.infobae.com/america/agencias/2021/03/30/por-la-final-se-enfrentaran-honduras-y-mexico/,Infobae,Por la Final se enfrentarán Honduras y México,Por la Final se enfrentarán Honduras y México
https://www.infobae.com/america/agencias/2021/03/30/francia-nueva-marca-de-casos-de-covid-en-terapia-intensiva/,Infobae,Francia: Nueva marca de casos de COVID en terapia intensiva,Francia: Nueva marca de casos de COVID en terapia intensiva
https://www.infobae.com/america/agencias/2021/03/30/actualiza-1-argentina-suspende-a-15-exportadoras-de-carne-por-evadir-controles-del-estado/,Infobae,ACTUALIZA 1-Argentina suspende a 15 exportadoras de carne por evadir controles del Estado,ACTUALIZA 1-Argentina suspende a 15 exportadoras de carne por evadir controles del Estado
https://www.infobae.com/america/agencias/2021/03/30/archegos-la-enorme-fortuna-que-se-evaporo-en-unos-dias/,Infobae,"Archegos, la enorme fortuna que se evaporó en unos días","Archegos, la enorme fortuna que se evaporó en unos días"
https://www.infobae.com/america/agencias/2021/03/30/astros-volveran-a-houston-para-vacunarse-antes-de-temporada/,Infobae,Astros volverán a Houston para vacunarse antes de temporada,Astros volverán a Houston para vacunarse antes de temporada
https://www.infobae.com/america/colombia/2021/03/30/la-segura-se-estrena-como-actriz-en-una-serie-de-netflix/,Infobae,‘La Segura’ se estrena como actriz en una serie de Netflix,‘La Segura’ se estrena como actriz en una serie de Netflix
https://www.infobae.com/america/agencias/2021/03/30/actualiza-1-opositores-acusan-a-maduro-de-buscar-marginarlos-con-el-plan-de-petroleo-por-vacunas/,Infobae,"ACTUALIZA 1-Opositores acusan a Maduro de buscar marginarlos con el plan de ""petróleo por vacunas""","ACTUALIZA 1-Opositores acusan a Maduro de buscar marginarlos con el plan de ""petróleo por vacunas"""
https://www.infobae.com/america/agencias/2021/03/30/karol-g-hace-historia-en-spotify-global-con-el-debut-de-su-disco-kg0516/,Infobae,"Karol G hace historia en Spotify Global con el debut de su disco “KG0516""","Karol G hace historia en Spotify Global con el debut de su disco “KG0516"""
https://www.infobae.com/america/agencias/2021/03/30/petrolera-de-ecuador-anuncia-uso-de-terminal-privada-para-mejorar-exportacion/,Infobae,Petrolera de Ecuador anuncia uso de terminal privada para mejorar exportación,Petrolera de Ecuador anuncia uso de terminal privada para mejorar exportación
https://www.infobae.com/america/agencias/2021/03/30/alajuelense-enfrenta-a-ad-san-carlos-buscando-seguir-en-la-cima-de-la-tabla/,Infobae,Alajuelense enfrenta a AD San Carlos buscando seguir en la cima de la tabla,Alajuelense enfrenta a AD San Carlos buscando seguir en la cima de la tabla
https://www.infobae.com/america/agencias/2021/03/30/el-griego-tsitsipas-pasa-a-octavos-tras-dejar-en-el-camino-a-kei-nishikori/,Infobae,El griego Tsitsipás pasa a octavos tras dejar en el camino a Kei Nishikori,El griego Tsitsipás pasa a octavos tras dejar en el camino a Kei Nishikori
https://www.infobae.com/america/agencias/2021/03/30/armie-hammer-pierde-otro-papel-mientras-sigue-investigado-por-violacion/,Infobae,Armie Hammer pierde otro papel mientras sigue investigado por violación,Armie Hammer pierde otro papel mientras sigue investigado por violación
https://www.infobae.com/america/agencias/2021/03/30/miami-heat-logra-derrotar-a-new-york-knicks-88-98/,Infobae,Miami Heat logra derrotar a New York Knicks (88-98),Miami Heat logra derrotar a New York Knicks (88-98)
https://www.infobae.com/america/agencias/2021/03/30/el-italiano-sonego-pasa-a-octavos-de-final-del-abierto-de-miami-tras-vencer-al-colombiano-galan/,Infobae,El italiano Sonego pasa a octavos de final del Abierto de Miami tras vencer al colombiano Galán,El italiano Sonego pasa a octavos de final del Abierto de Miami tras vencer al colombiano Galán
https://www.infobae.com/america/agencias/2021/03/30/zapatillas-deportivas-satanicas-generan-escandalo-y-demanda-de-nike/,Infobae,"Zapatillas deportivas ""satánicas"" generan escándalo y demanda de Nike","Zapatillas deportivas ""satánicas"" generan escándalo y demanda de Nike"
https://www.eldestapeweb.com/politica/coronavirus-en-argentina/coronavirus-no-habra-vuelos-de-repatriacion-similares-a-los-de-2020-20213292350,Destape Web,Coronavirus: no habrá vuelos de repatriación similares a los de 2020,Coronavirus: no habrá vuelos de repatriación similares a los de 2020
https://www.eldestapeweb.com/atr/en-redes/wanda-nara-revelo-el-super-poder-que-desearia-tener-me-encantaria-leer-la-mente-de-algunas-personas--20213292380,Destape Web,"Wanda Nara reveló el súper poder que desearía tener: ""Me encantaría leer la mente de algunas personas""","Wanda Nara reveló el súper poder que desearía tener: ""Me encantaría leer la mente de algunas personas"""
https://www.eldestapeweb.com/atr/luciana-salazar/no-se-termina-mas-el-escandaloso-mail-que-redrado-le-mando-a-luciana-salazar-20213292370,Destape Web,No se termina más: el escandaloso mail que Redrado le mandó a Luciana Salazar,No se termina más: el escandaloso mail que Redrado le mandó a Luciana Salazar
https://www.pagina12.com.ar/332598-coronavirus-cuales-son-los-distritos-que-suman-restricciones,Pagina12,Coronavirus: cuáles son los distritos que suman restricciones,Coronavirus: cuáles son los distritos que suman restricciones
https://www.pagina12.com.ar/332612-cuidados-reforzados-en-semana-santa,Pagina12,Cuidados reforzados en Semana Santa,Cuidados reforzados en Semana Santa
https://www.cronica.com.ar/policiales/Una-mujer-fue-violada-y-arrojada-a-las-vias-para-que-la-atropellara-el-tren-20210329-0105.html,Cronica,Una mujer fue violada y arrojada a las vías para que la atropellara el tren,Una mujer fue violada y arrojada a las vías para que la atropellara el tren
https://www.cronica.com.ar/info-general/Coronavirus-16-pasajeros-dieron-positivo-en-los-testeos-realizados-en-Aeroparque-y-Ezeiza-20210329-0134.html,Cronica,Coronavirus: 16 pasajeros dieron positivo en los testeos realizados en Aeroparque y Ezeiza,Coronavirus: 16 pasajeros dieron positivo en los testeos realizados en Aeroparque y Ezeiza
https://www.lavoz.com.ar/ciudadanos/covid-19-en-cordoba-siete-fallecimientos-y-1053-nuevos-casos-este-lunes,La Voz,Covid-19 en Córdoba: siete fallecimientos y 1.053 nuevos casos este lunes,Covid-19 en Córdoba: siete fallecimientos y 1.053 nuevos casos este lunes
https://www.lavoz.com.ar/negocios/volkswagen-cambiara-de-nombre-a-voltswagen-en-estados-unidos,La Voz,"Volkswagen cambiará de nombre a ""Voltswagen"" en Estados Unidos","Volkswagen cambiará de nombre a ""Voltswagen"" en Estados Unidos"
https://www.lavoz.com.ar/sucesos/imputaron-por-exceso-de-legitima-defensa-a-un-joven-que-mato-a-un-delincuente-e-hirio-a-otro,La Voz,Imputaron por exceso de legítima defensa a un joven que mató a un delincuente e hirió a otro en Mendoza,Imputaron por exceso de legítima defensa a un joven que mató a un delincuente e hirió a otro en Mendoza
https://www.ambito.com/deportes/tenis/tiene-10-anos-y-no-usa-el-reves-el-ta-que-usa-ambas-manos-pegarle-la-pelota-n5180402,Ambito,Tiene 10 años y no usa el revés: el tenista que usa ambas manos para pegarle a la pelota,Tiene 10 años y no usa el revés: el tenista que usa ambas manos para pegarle a la pelota
https://www.cronista.com/economia-politica/arrancan-hoy-las-audiencias-para-discutir-tarifas-electricas/,Cronista,Arrancan hoy las audiencias para discutir tarifas eléctricas,Arrancan hoy las audiencias para discutir tarifas eléctricas
https://www.cronista.com/internacionales/tras-el-bloqueo-del-ever-given-reabrio-el-canal-de-suez/,Cronista,"Tras el bloqueo del Ever Given, reabrió el Canal de Suez","Tras el bloqueo del Ever Given, reabrió el Canal de Suez"
https://www.clarin.com/deportes/huracan-vs-gimnasia-copa-liga-profesional-futbol-previa-alineaciones-directo_0_vMCIWvXYe.html,Clarin,"Huracán vs Gimnasia, por la Copa de la Liga Profesional de Fútbol: resultado, goles y resumen","Huracán vs Gimnasia, por la Copa de la Liga Profesional de Fútbol: resultado, goles y resumen"
https://www.baenegocios.com/sociedad/Coronavirus-en-Argentina-cuantos-casos-se-registraron-hoy-lunes-29-de-marzo-20210329-0208.html,BAE Negocios,Coronavirus en Argentina: cuántos casos se registraron hoy lunes 29 de marzo,Coronavirus en Argentina: cuántos casos se registraron hoy lunes 29 de marzo
https://www.baenegocios.com/mundo/Argentina-reporta-mayor-cifra-de-casos-de-COVID-19-en-cinco-meses-20210329-0247.html,BAE Negocios,Argentina reporta mayor cifra de casos de COVID-19 en cinco meses,Argentina reporta mayor cifra de casos de COVID-19 en cinco meses
https://www.baenegocios.com/mundo/Contagios-diarios-por-la-COVID-19-presenta-una-leve-reduccion-en-Colombia-20210329-0248.html,BAE Negocios,Contagios diarios por la COVID-19 presenta una leve reducción en Colombia,Contagios diarios por la COVID-19 presenta una leve reducción en Colombia
https://www.baenegocios.com/mundo/Ecuador-insta-a-comunidad-internacional-a-apoyar-a-paises-en-vias-de-desarrollo-20210329-0243.html,BAE Negocios,Ecuador insta a comunidad internacional a apoyar a países en vías de desarrollo,Ecuador insta a comunidad internacional a apoyar a países en vías de desarrollo
https://www.baenegocios.com/mundo/Universidad-de-Mexico-realiza-evaluacion-preclinica-de-dos-vacunas-anti-covid-19-20210329-0245.html,BAE Negocios,Universidad de México realiza evaluación preclínica de dos vacunas anti covid-19,Universidad de México realiza evaluación preclínica de dos vacunas anti covid-19
https://www.baenegocios.com/mundo/El-nuevo-canciller-de-Brasil-un-diplomatico-discreto-y-buen-conocedor-de-Bolivia-20210329-0246.html,BAE Negocios,"El nuevo canciller de Brasil, un diplomático discreto y buen conocedor de Bolivia","El nuevo canciller de Brasil, un diplomático discreto y buen conocedor de Bolivia"
https://www.baenegocios.com/economia/La-familia-Macri-propone-pagar-1.011-millones-de-pesos-por-la-deuda-del-Correo-20210329-0250.html,BAE Negocios,La familia Macri propone pagar 1.011 millones de pesos por la deuda del Correo,La familia Macri propone pagar 1.011 millones de pesos por la deuda del Correo
https://www.baenegocios.com/sociedad/Murio-el-escritor-Carlos-Busqued-a-sus-50-anos-20210329-0240.html,BAE Negocios,Murió el escritor Carlos Busqued a sus 50 años,Murió el escritor Carlos Busqued a sus 50 años
https://www.baenegocios.com/economia/Anses-sin-IFE-AUH-Desempleo-y-jubilaciones-quienes-cobran-hoy-martes-30-de-marzo-20210329-0209.html,BAE Negocios,"Anses sin IFE: AUH, Desempleo y jubilaciones, quiénes cobran hoy martes 30 de marzo","Anses sin IFE: AUH, Desempleo y jubilaciones, quiénes cobran hoy martes 30 de marzo"
https://www.lanacion.com.ar/deportes/diego-schwartzman-la-polemica-que-se-genero-por-su-opinion-sobre-la-vacuna-contra-el-covid-19-nid30032021/,La Nacion,Diego Schwartzman: la polémica que se generó por su opinión sobre la vacuna contra el Covid-19,Diego Schwartzman: la polémica que se generó por su opinión sobre la vacuna contra el Covid-19
https://www.lanacion.com.ar/politica/la-primera-declaracion-de-martin-soria-tras-su-asuncion-como-ministro-de-justicia-nid30032021/,La Nacion,La primera declaración de Martín Soria tras su asunción como ministro de Justicia,La primera declaración de Martín Soria tras su asunción como ministro de Justicia
https://www.lanacion.com.ar/opinion/macri-2023-no-pero-nid30032021/,La Nacion,"¿Macri 2023? No, pero...","¿Macri 2023? No, pero..."
https://www.lanacion.com.ar/opinion/carta-de-lectores/de-los-lectores-cartas-e-mails-nid30032021/,La Nacion,De los lectores: cartas & e-mails,De los lectores: cartas & e-mails
https://www.lanacion.com.ar/economia/negocios/empezaron-con-1200-fabrican-juegos-terapeuticos-impresos-en-3d-y-armaron-un-negocio-que-factura-13-nid30032021/,La Nacion,"Empezaron con $1200, fabrican juegos terapéuticos impresos en 3D y armaron un negocio que factura $1,3 millones","Empezaron con $1200, fabrican juegos terapéuticos impresos en 3D y armaron un negocio que factura $1,3 millones"
https://www.mdzol.com/food-lovers/2021/3/30/ajo-un-vegetal-que-le-hace-bien-tu-jardin-tus-recetas-148672.html,MDZOL,Ajo: un vegetal que le hace bien a tu jardín y a tus recetas,Ajo: un vegetal que le hace bien a tu jardín y a tus recetas
https://www.mdzol.com/espectaculos/2021/3/29/por-que-julio-iglesias-es-tan-querido-en-espana-148593.html,MDZOL,¿Por qué Julio Iglesias es tan querido en España?,¿Por qué Julio Iglesias es tan querido en España?
https://www.mdzol.com/napsix/2021/3/30/que-animal-ves-primero-asombroso-test-de-personalidad-148548.html,MDZOL,¿Qué animal ves primero?: asombroso test de personalidad,¿Qué animal ves primero?: asombroso test de personalidad
https://www.mdzol.com/mdz-trip/2021/3/30/nuevas-medidas-quienes-deben-hacer-cuarentena-en-hotel-al-regresar-al-pais-148537.html,MDZOL,Nuevas medidas: quiénes deben hacer cuarentena en hotel al regresar al país,Nuevas medidas: quiénes deben hacer cuarentena en hotel al regresar al país
https://www.mdzol.com/mdz-autos/2021/3/30/rareza-conoce-la-ford-ranger-de-350000-dolares-148580.html,MDZOL,Rareza: conocé la Ford Ranger de 350.000 dólares,Rareza: conocé la Ford Ranger de 350.000 dólares
https://www.mdzol.com/mdz-femme/moda/2021/3/30/el-calzado-sport-de-juliana-awada-que-querras-tener-en-esta-temporada-148555.html,MDZOL,El calzado sport de Juliana Awada que querrás tener en esta temporada,El calzado sport de Juliana Awada que querrás tener en esta temporada
https://www.mdzol.com/mdz-autos/2021/3/30/ford-argentina-ya-ofrece-tres-suv-medianos-detalles-precios-148585.html,MDZOL,Ford Argentina ya ofrece tres SUV medianos: detalles y precios,Ford Argentina ya ofrece tres SUV medianos: detalles y precios
https://www.mdzol.com/mdz-autos/2021/3/30/el-usado-del-dia-espectacular-ram-1500-laramie-2014-148572.html,MDZOL,El usado del día: espectacular Ram 1500 Laramie 2014,El usado del día: espectacular Ram 1500 Laramie 2014
https://www.mdzol.com/politica/2021/3/30/severa-advertencia-de-fernando-iglesias-sergio-massa-espero-que-148709.html,MDZOL,Severa advertencia de Fernando Iglesias a Sergio Massa: “Espero que…”,Severa advertencia de Fernando Iglesias a Sergio Massa: “Espero que…”
https://www.mdzol.com/sociales/2021/3/30/lady-di-se-alegraria-los-hijos-de-guillermo-kate-ya-estan-practicando-polo-148685.html,MDZOL,Lady Di se alegraría: los hijos de Guillermo y Kate ya están practicando polo,Lady Di se alegraría: los hijos de Guillermo y Kate ya están practicando polo
https://www.mdzol.com/politica/2021/3/30/dura-editorial-de-carlos-pagni-contra-el-gobierno-por-su-doble-moral-148710.html,MDZOL,"Dura editorial de Carlos Pagni contra el Gobierno por su ""doble moral""","Dura editorial de Carlos Pagni contra el Gobierno por su ""doble moral"""
https://www.mdzol.com/napsix/2021/3/30/sin-carne-prepara-unos-ricos-pimientos-rellenos-con-soya-en-pasos-148575.html,MDZOL,Sin carne: prepara unos ricos pimientos rellenos con soya ¡en 4 pasos!,Sin carne: prepara unos ricos pimientos rellenos con soya ¡en 4 pasos!
https://www.cadena3.com/noticia/sociedad/record-de-contagios-de-coronavirus-desde-octubre-14014_287547,Cadena 3,Récord de contagios de coronavirus desde octubre: 14.014,Récord de contagios de coronavirus desde octubre: 14.014
https://www.cadena3.com/noticia/turno-noche/el-amor-de-los-peregrinos-y-de-una-descendiente-de-brochero_287551,Cadena 3,El amor de los peregrinos y de una descendiente de Brochero,El amor de los peregrinos y de una descendiente de Brochero
https://www.cadena3.com/noticia/futbol/a-puro-gol-atletico-tucuman-y-newells-empataron-2-2_287552,Cadena 3,"A puro gol, Atlético Tucumán y Newell’s empataron 2-2","A puro gol, Atlético Tucumán y Newell’s empataron 2-2"
https://www.losandes.com.ar/sociedad/alertan-que-los-penes-son-cada-vez-mas-chicos-y-que-las-especie-humana-puede-estar-en-peligro/,Los Andes,Alertan que los penes son cada vez más chicos y que las especie humana puede estar en peligro,Alertan que los penes son cada vez más chicos y que las especie humana puede estar en peligro
https://www.losandes.com.ar/sociedad/un-apasionado-del-deporte-y-afortunado-de-diario-los-andes/,Los Andes,Un apasionado del deporte y Afortunado de Diario Los Andes,Un apasionado del deporte y Afortunado de Diario Los Andes
https://www.losandes.com.ar/estilo/tina-turner-como-es-el-documental-de-hbo-que-trae-de-vuelta-su-mito/,Los Andes,Tina Turner: cómo es el documental de HBO que trae de vuelta su mito,Tina Turner: cómo es el documental de HBO que trae de vuelta su mito
https://www.losandes.com.ar/policiales/chicho-y-jony-los-detenidos-por-el-asesinato-de-una-joven-en-san-rafael-tras-una-fiesta-ilegal/,Los Andes,"“Chicho” y “Jony”, los detenidos por el asesinato de una joven en San Rafael tras una fiesta ilegal","“Chicho” y “Jony”, los detenidos por el asesinato de una joven en San Rafael tras una fiesta ilegal"
https://www.losandes.com.ar/economia/ganancias-expectativa-oficial-para-que-la-clase-media-pueda-consumir-mas-antes-de-las-elecciones/,Los Andes,Ganancias: expectativa oficial para que la clase media pueda consumir más antes de las elecciones,Ganancias: expectativa oficial para que la clase media pueda consumir más antes de las elecciones
https://www.diariouno.com.ar/edictos-solicitadas-y-convocatorias/edicto-autos-253406-prina-n820891,Diario Uno,Edicto: Autos 253.406 Prina,Edicto: Autos 253.406 Prina
https://www.perfil.com/noticias/politica/alfredo-cornejo-cada-vez-tiene-mas-sentido-la-idea-de-mendoza-y-cordoba-de-separarse-del-pais.phtml,Perfil,"Cornejo: ""Cada vez tiene más sentido la idea de Mendoza y Córdoba de separarse del país""","Cornejo: ""Cada vez tiene más sentido la idea de Mendoza y Córdoba de separarse del país"""
https://www.perfil.com/noticias/reperfilar/matias-lammens-no-tenemos-la-voluntad-de-restringir-actividades.phtml,Perfil,"COVID-19 | Matías Lammens: ""No tenemos la voluntad de restringir actividades""","COVID-19 | Matías Lammens: ""No tenemos la voluntad de restringir actividades"""
https://www.perfil.com/noticias/actualidad/axel-kicillof-presenta-6-proyectos-para-agilizar-los-procesos-judiciales.phtml,Perfil,Axel Kicillof presentó 6 proyectos para agilizar los procesos judiciales,Axel Kicillof presentó 6 proyectos para agilizar los procesos judiciales
https://www.infobae.com/deportes/2021/03/30/schwartzman-genero-polemica-con-una-frase-sobre-las-vacunas-para-el-covid-19-y-luego-tuvo-que-salir-a-aclararla/,Infobae,Schwartzman generó polémica con una frase sobre las vacunas para el COVID-19 y luego tuvo que salir a aclararla,Schwartzman generó polémica con una frase sobre las vacunas para el COVID-19 y luego tuvo que salir a aclararla
https://www.infobae.com/america/eeuu/2021/03/30/el-gobernador-de-florida-critico-el-pasaporte-de-vacunacion-que-sera-pedido-a-los-aficionados-del-miami-heat/,Infobae,El gobernador de Florida criticó el pasaporte de vacunación que será pedido a los aficionados del Miami Heat,El gobernador de Florida criticó el pasaporte de vacunación que será pedido a los aficionados del Miami Heat
https://www.infobae.com/america/deportes/espn/2021/03/30/el-ogro-fabbiani-revelo-el-contenido-de-sus-charlas-con-riquelme-la-frase-que-explicaria-la-salida-de-wanchope-abila-de-boca/,Infobae,El Ogro Fabbiani reveló el contenido de sus charlas con Riquelme: la frase que explicaría la salida de Wanchope Ábila de Boca,El Ogro Fabbiani reveló el contenido de sus charlas con Riquelme: la frase que explicaría la salida de Wanchope Ábila de Boca
https://www.infobae.com/cultura/2021/03/30/elogio-del-manual-en-tiempos-de-pantallas/,Infobae,"Elogio al manual, en tiempos de pantallas","Elogio al manual, en tiempos de pantallas"
https://www.infobae.com/america/agencias/2021/03/30/barty-a-cuartos-de-final-en-miami-a-costa-de-azarenka/,Infobae,Barty a cuartos de final en Miami a costa de Azarenka,Barty a cuartos de final en Miami a costa de Azarenka
https://www.infobae.com/educacion/2021/03/30/las-7-magnitudes-fisicas-fundamentales/,Infobae,Las 7 magnitudes físicas fundamentales,Las 7 magnitudes físicas fundamentales
https://www.infobae.com/america/agencias/2021/03/30/colombia-suma-otros-7049-nuevos-casos-de-covid-19-y-124-fallecidos/,Infobae,Colombia suma otros 7.049 nuevos casos de covid-19 y 124 fallecidos,Colombia suma otros 7.049 nuevos casos de covid-19 y 124 fallecidos
https://www.infobae.com/america/agencias/2021/03/30/honduras-restringe-ingreso-de-viajeros-desde-sudamerica-por-variante-brasilena-de-coronavirus/,Infobae,Honduras restringe ingreso de viajeros desde Sudamérica por variante brasileña de coronavirus,Honduras restringe ingreso de viajeros desde Sudamérica por variante brasileña de coronavirus
https://www.infobae.com/america/agencias/2021/03/30/westbrook-firma-un-triple-doble-de-record-en-triunfo-de-wizards/,Infobae,Westbrook firma un triple doble de récord en triunfo de Wizards,Westbrook firma un triple doble de récord en triunfo de Wizards
https://www.infobae.com/america/agencias/2021/03/30/ap-fotos-riesgos-y-oportunidades-al-cruzar-frontera-de-eeuu/,Infobae,AP FOTOS: Riesgos y oportunidades al cruzar frontera de EEUU,AP FOTOS: Riesgos y oportunidades al cruzar frontera de EEUU
https://www.eldestapeweb.com/atr/hernan-montenegro/el-loco-montenegro-adopto-a-alex-caniggia-en-masterchef-celebrity-es-mi-padre-nuevo--2021330030,Destape Web,"El Loco Montenegro adoptó a Alex Caniggia en MasterChef Celebrity: ""Es mi padre nuevo""","El Loco Montenegro adoptó a Alex Caniggia en MasterChef Celebrity: ""Es mi padre nuevo"""
https://www.pagina12.com.ar/332497-la-consigna-era-que-los-recuerdos-surgieran,Pagina12,"""La consigna era que los recuerdos surgieran""","""La consigna era que los recuerdos surgieran"""
https://www.pagina12.com.ar/332429-hay-18-personas-aisladas-por-los-controles-en-los-aeropuerto,Pagina12,Hay 18 personas aisladas por los controles en los aeropuertos,Hay 18 personas aisladas por los controles en los aeropuertos
https://www.pagina12.com.ar/332614-copa-de-la-liga-dos-empates-en-el-cierre-de-la-septima-fecha,Pagina12,Copa de la Liga: dos empates en el cierre de la séptima fecha,Copa de la Liga: dos empates en el cierre de la séptima fecha
https://www.cronica.com.ar/numerosydestino/-En-Pascuas-el-73-no-te-deja-rengo-20210329-0090.html,Cronica,"En Pascuas, el 73 no te deja ""rengo""","En Pascuas, el 73 no te deja ""rengo"""
https://www.cronica.com.ar/efemerides/Efemerides-del-30-de-marzo-20210310-0008.html,Cronica,Efemérides del 30 de marzo,Efemérides del 30 de marzo
https://www.cronica.com.ar/policiales/El-dueno-del-circuito-Quisiera-volver-el-tiempo-atras-y-que-Santi-este-vivo-20210329-0087.html,Cronica,"Dueño del circuito: ""Quisiera volver el tiempo atrás y que Santi esté vivo""","Dueño del circuito: ""Quisiera volver el tiempo atrás y que Santi esté vivo"""
https://www.cronica.com.ar/info-general/Coronavirus-partio-hacia-Buenos-Aires-el-decimo-vuelo-de-Aerolineas-que-traera-mas-dosis-de-vacunas-Sputnik-V-20210329-0135.html,Cronica,Coronavirus: partió hacia Buenos Aires el décimo vuelo de Aerolíneas que traerá más dosis de vacunas Sputni...,Coronavirus: partió hacia Buenos Aires el décimo vuelo de Aerolíneas que traerá más dosis de vacunas Sputni...
https://www.lavoz.com.ar/ciudadanos/semana-santa-reservas-en-cordoba-rondan-70,La Voz,Semana Santa: las reservas en Córdoba rondan el 70%,Semana Santa: las reservas en Córdoba rondan el 70%
https://www.lavoz.com.ar/ciudadanos/segunda-ola-ya-esta-entre-nosotros,La Voz,La segunda ola ya está entre nosotros,La segunda ola ya está entre nosotros
https://www.lavoz.com.ar/ciudadanos/repuestos-y-neumaticos-llegan-con-fuertes-subas-y-hay-faltantes-de-mercaderia,La Voz,Repuestos y neumáticos: llegan con fuertes subas y hay faltantes de mercadería,Repuestos y neumáticos: llegan con fuertes subas y hay faltantes de mercadería
https://www.lavoz.com.ar/politica/mercosur-uruguay-insiste-y-argentina-ratifico-su-posicion-en-bloque,La Voz,Mercosur: Uruguay insiste y Argentina ratificó su posición en el bloque,Mercosur: Uruguay insiste y Argentina ratificó su posición en el bloque
https://www.ambito.com/economia/banco-mundial/para-el-la-argentina-crecera-64-este-ano-n5180527,Ambito,"Para el Banco Mundial, la economía argentina crecerá 6,4% este año","Para el Banco Mundial, la economía argentina crecerá 6,4% este año"
https://www.ambito.com/economia/fmi/guzman-ahora-quiere-liberar-pagos-el-2021-y-2022-solo-club-paris-n5180526,Ambito,FMI: Guzmán ahora quiere liberar de pagos el 2021 (y 2022 sólo Club de París),FMI: Guzmán ahora quiere liberar de pagos el 2021 (y 2022 sólo Club de París)
https://www.ambito.com/economia/negocios/comercial-del-plata-cerro-2020-una-ganancia-892-millones-n5180504,Ambito,Comercial del Plata cerró 2020 con una ganancia de $892 millones,Comercial del Plata cerró 2020 con una ganancia de $892 millones
https://www.ambito.com/economia/mercosur/recalculando-llaman-uruguay-presentar-escrito-propuesta-flexibilizar-el-n5180514,Ambito,"Recalculando: llaman a Uruguay a presentar por escrito propuesta para ""flexibilizar el Mercosur""","Recalculando: llaman a Uruguay a presentar por escrito propuesta para ""flexibilizar el Mercosur"""
https://www.ambito.com/economia/autos/por-trabas-importados-cuatro-nacionales-lideran-ventas-2021-n5180503,Ambito,"Por trabas a importados, cuatro autos nacionales lideran ventas en 2021","Por trabas a importados, cuatro autos nacionales lideran ventas en 2021"
https://www.ambito.com/economia/ahora-12/por-negocian-los-bancos-la-tasa-interes-n5180523,Ambito,"Por Ahora 12, negocian con los bancos la tasa de interés","Por Ahora 12, negocian con los bancos la tasa de interés"
https://www.ambito.com/ambito-nacional/provincia/las-sugerencias-nacionales-frenar-contagios-abren-frente-batalla-municipal-buenos-aires-n5180476,Ambito,Las sugerencias nacionales para frenar contagios abren frente de batalla municipal en Buenos Aires,Las sugerencias nacionales para frenar contagios abren frente de batalla municipal en Buenos Aires
https://www.ambito.com/deportes/nba/aspira-ingresar-us75000-millones-los-derechos-television-n5180532,Ambito,NBA aspira a ingresar u$s75.000 millones por los derechos de televisión,NBA aspira a ingresar u$s75.000 millones por los derechos de televisión
https://www.ambito.com/mundo/brasil/el-congreso-le-el-canciller-bolsonaro-va-mas-y-esgrime-una-amenaza-impeachment-n5180484,Ambito,"El Congreso le bajó el canciller a Bolsonaro, va por más y esgrime una amenaza de impeachment","El Congreso le bajó el canciller a Bolsonaro, va por más y esgrime una amenaza de impeachment"
https://www.ambito.com/autos/autos/embestida-contra-planes-ahorro-n5180447,Ambito,Embestida contra planes de ahorro,Embestida contra planes de ahorro
https://www.clarin.com/astrologia/horoscopo-cancer-hoy-30-marzo-2021-predicciones-salud-amor-dinero_0_NpoByou23N.html,Clarin,"Horóscopo Cáncer de hoy, 30 de marzo de 2021: las predicciones para la salud, el amor y el dinero","Horóscopo Cáncer de hoy, 30 de marzo de 2021: las predicciones para la salud, el amor y el dinero"
https://www.lanacion.com.ar/opinion/pascuas-un-llamado-a-la-esperanza-nid30032021/,La Nacion,"Pascuas, un llamado a la esperanza","Pascuas, un llamado a la esperanza"
https://www.lanacion.com.ar/el-mundo/coronavirus-hoy-en-colombia-cuantos-casos-se-registran-al-30-de-marzo-nid30032021/,La Nacion,Coronavirus hoy en Colombia: cuántos casos se registran al 30 de Marzo,Coronavirus hoy en Colombia: cuántos casos se registran al 30 de Marzo
https://www.lanacion.com.ar/politica/la-violencia-k-es-temor-a-las-ideas-nid30032021/,La Nacion,La violencia K es temor a las ideas,La violencia K es temor a las ideas
https://www.lanacion.com.ar/espectaculos/personajes/el-motivo-por-el-que-rami-malek-quiso-borrar-de-redes-una-foto-de-su-pasado-nid30032021/,La Nacion,El motivo por el que Rami Malek quiso borrar de redes una foto de su pasado,El motivo por el que Rami Malek quiso borrar de redes una foto de su pasado
https://www.lanacion.com.ar/espectaculos/personajes/debido-a-las-denuncias-de-abuso-despidieron-a-armie-hammer-de-su-nuevo-film-nid30032021/,La Nacion,"Debido a las denuncias de abuso, despidieron a Armie Hammer de su nuevo film","Debido a las denuncias de abuso, despidieron a Armie Hammer de su nuevo film"
https://www.lanacion.com.ar/lifestyle/resultados-de-la-quiniela-de-santa-fe-matutina-de-hoy-29-de-marzo-nid29032021/,La Nacion,"Resultados de la Quiniela de Santa Fe Nocturna de hoy, 29 de marzo","Resultados de la Quiniela de Santa Fe Nocturna de hoy, 29 de marzo"
https://www.lanacion.com.ar/deportes/huracan-gimnasia-el-lobo-dejo-pasar-una-oportunidad-para-subirse-al-lote-de-protagonistas-en-la-copa-nid30032021/,La Nacion,Huracán,Huracán
https://www.lanacion.com.ar/sociedad/la-ciudad-ya-adapta-el-sistema-sanitario-para-responder-a-la-segunda-ola-de-coronavirus-nid30032021/,La Nacion,La Ciudad ya adapta el sistema sanitario para responder a la segunda ola de coronavirus,La Ciudad ya adapta el sistema sanitario para responder a la segunda ola de coronavirus
https://www.mdzol.com/politica/2021/3/30/la-promesa-de-lacalle-pou-para-evitar-pelearse-con-alberto-fernandez-148711.html,MDZOL,La promesa de Lacalle Pou para evitar pelearse con Alberto Fernández,La promesa de Lacalle Pou para evitar pelearse con Alberto Fernández
https://www.mdzol.com/deportes/2021/3/29/la-fecha-se-cerro-con-empates-en-parque-patricios-tucuman-148689.html,MDZOL,La fecha se cerró con empates en Parque Patricios y Tucumán,La fecha se cerró con empates en Parque Patricios y Tucumán
https://www.losandes.com.ar/economia/el-gobierno-sale-a-ayudar-a-las-bodegas-podran-prorratear-la-factura-de-la-luz/,Los Andes,El Gobierno sale a ayudar a las bodegas: podrán prorratear la factura de la luz | Economía,El Gobierno sale a ayudar a las bodegas: podrán prorratear la factura de la luz | Economía
https://www.losandes.com.ar/sociedad/la-muerte-de-sofia-sarkany-un-alerta-por-los-controles-del-cancer-femenino/,Los Andes,"La muerte de Sofía Sarkany, un alerta por los controles del cáncer femenino | Sociedad","La muerte de Sofía Sarkany, un alerta por los controles del cáncer femenino | Sociedad"
https://www.perfil.com/noticias/politica/vacunatorio-vip-el-calafate-que-dice-denuncia-graciela-ocana-contra-robavacunas.phtml,Perfil,"¿Vacunatorio VIP en El Calafate? Qué dice la denuncia de Graciela Ocaña contra los ""robavacunas""","¿Vacunatorio VIP en El Calafate? Qué dice la denuncia de Graciela Ocaña contra los ""robavacunas"""
https://www.perfil.com/noticias/bloomberg/bc-archegos-la-enorme-fortuna-que-se-evaporo-en-unos-dias.phtml,Perfil,"Archegos, la enorme fortuna que se evaporó en unos días","Archegos, la enorme fortuna que se evaporó en unos días"
https://www.infobae.com/america/agencias/2021/03/30/venezuela-registra-pico-de-casos-de-covid-19-en-medio-de-segunda-ola/,Infobae,Venezuela registra pico de casos de covid-19 en medio de segunda ola,Venezuela registra pico de casos de covid-19 en medio de segunda ola
https://www.infobae.com/america/agencias/2021/03/30/honduras-suma-4585-muertos-por-coronavirus-y-ya-roza-los-188000-contagios/,Infobae,Honduras suma 4.585 muertos por coronavirus y ya roza los 188.000 contagios,Honduras suma 4.585 muertos por coronavirus y ya roza los 188.000 contagios
https://www.infobae.com/america/agencias/2021/03/30/apertura-del-euro-dolar-eurusd-del-30-de-marzo/,Infobae,Apertura del Euro / Dólar (EUR/USD) del 30 de marzo,Apertura del Euro / Dólar (EUR/USD) del 30 de marzo
https://www.infobae.com/deportes/2021/03/30/la-copa-de-la-liga-esta-que-arde-como-quedaron-las-posiciones-y-las-proximas-fechas/,Infobae,La Copa de la Liga está que arde: cómo quedaron las posiciones y las próximas fechas,La Copa de la Liga está que arde: cómo quedaron las posiciones y las próximas fechas
https://www.infobae.com/educacion/2021/03/30/como-nacio-el-imperio-azteca/,Infobae,Cómo nació el Imperio Azteca,Cómo nació el Imperio Azteca
https://www.infobae.com/america/agencias/2021/03/30/por-la-fecha-15-se-enfrentaran-herediano-y-jicaral-sercoba/,Infobae,Por la Fecha 15 se enfrentarán Herediano y Jicaral Sercoba,Por la Fecha 15 se enfrentarán Herediano y Jicaral Sercoba
https://www.infobae.com/america/agencias/2021/03/30/autoridades-mexicanas-deben-garantizar-reparacion-por-muerte-de-salvadorena/,Infobae,Autoridades mexicanas deben garantizar reparación por muerte de salvadoreña,Autoridades mexicanas deben garantizar reparación por muerte de salvadoreña
https://www.infobae.com/america/agencias/2021/03/30/eeuu-blinken-traslada-las-prioridades-de-eeuu-a-guterres-y-acuerdan-continuar-con-una-estrecha-coordinacion/,Infobae,"EEUU.- Blinken traslada las prioridades de EEUU a Guterres y acuerdan continuar con ""una estrecha coordinación""","EEUU.- Blinken traslada las prioridades de EEUU a Guterres y acuerdan continuar con ""una estrecha coordinación"""
https://www.infobae.com/inhouse/2021/03/30/que-es-el-envejecimiento-activo-y-que-se-espera-a-niveles-demograficos-para-el-2050/,Infobae,Qué es el envejecimiento activo y qué se espera a niveles demográficos para el 2050,Qué es el envejecimiento activo y qué se espera a niveles demográficos para el 2050
https://www.infobae.com/america/agencias/2021/03/30/grizzlies-vence-a-rockets-con-30-puntos-de-valanciunas/,Infobae,Grizzlies vence a Rockets con 30 puntos de Valanciunas,Grizzlies vence a Rockets con 30 puntos de Valanciunas
https://www.infobae.com/america/agencias/2021/03/30/victoria-de-detroit-pistons-ante-toronto-raptors-por-118-104/,Infobae,Victoria de Detroit Pistons ante Toronto Raptors por 118-104,Victoria de Detroit Pistons ante Toronto Raptors por 118-104
https://www.infobae.com/america/agencias/2021/03/30/atletico-nacional-mantiene-la-cima-en-el-futbol-de-colombia/,Infobae,Atlético Nacional mantiene la cima en el fútbol de Colombia,Atlético Nacional mantiene la cima en el fútbol de Colombia
https://www.infobae.com/america/agencias/2021/03/30/sorribes-tormo-alcanza-los-cuartos-tras-imponerse-a-jabeur-en-tres-sets/,Infobae,Sorribes Tormo alcanza los cuartos tras imponerse a Jabeur en tres sets,Sorribes Tormo alcanza los cuartos tras imponerse a Jabeur en tres sets
https://www.infobae.com/america/agencias/2021/03/30/new-orleans-pelicans-vence-a-boston-celtics-por-109-115/,Infobae,New Orleans Pelicans vence a Boston Celtics por 109-115,New Orleans Pelicans vence a Boston Celtics por 109-115
https://www.infobae.com/america/agencias/2021/03/30/exoficial-de-policia-hondureno-condenado-a-12-anos-de-carcel-por-narcotrafico/,Infobae,Exoficial de policía hondureño condenado a 12 años de cárcel por narcotráfico,Exoficial de policía hondureño condenado a 12 años de cárcel por narcotráfico
https://www.infobae.com/america/agencias/2021/03/30/italiardominicana-repatriado-a-italia-un-fugitivo-mafioso-de-la-ndrangheta-detenido-en-republica-dominicana/,Infobae,Italia/R.Dominicana.- Repatriado a Italia un fugitivo mafioso de la 'Ndrangheta detenido en República Dominicana,Italia/R.Dominicana.- Repatriado a Italia un fugitivo mafioso de la 'Ndrangheta detenido en República Dominicana
https://www.infobae.com/america/agencias/2021/03/30/corea-la-hermana-de-kim-jong-un-acusa-a-moon-de-ser-un-loro-que-repite-la-logica-gangster-de-eeuu/,Infobae,"Corea.- La hermana de Kim Jong Un acusa a Moon de ser ""un loro"" que repite la ""lógica gángster"" de EEUU","Corea.- La hermana de Kim Jong Un acusa a Moon de ser ""un loro"" que repite la ""lógica gángster"" de EEUU"
https://www.eldestapeweb.com/politica/deuda-con-el-fmi/en-linea-con-alberto-y-cristina-massa-le-exige-al-fmi-un-acuerdo-que-sea-pagable--20213292290,Destape Web,"En línea con Alberto y Cristina, Massa le exige al FMI un acuerdo ""que sea pagable""","En línea con Alberto y Cristina, Massa le exige al FMI un acuerdo ""que sea pagable"""
https://www.eldestapeweb.com/politica/coronavirus-en-argentina/pese-a-la-escalada-de-casos-de-coronavirus-no-hay-cambios-en-santa-fe-de-cara-a-la-segunda-ola-202132922400,Destape Web,"Pese a la escalada de casos de coronavirus, no hay cambios en Santa Fe de cara a la segunda ola","Pese a la escalada de casos de coronavirus, no hay cambios en Santa Fe de cara a la segunda ola"
https://www.pagina12.com.ar/pirulo/332594,Pagina12,Pirulo de Tapa,Pirulo de Tapa
https://www.pagina12.com.ar/332541-un-aula-que-abre-el-futuro,Pagina12,Un aula que abre el futuro,Un aula que abre el futuro
https://www.pagina12.com.ar/332559-para-que-rosario-sea-una-ciudad-de-respeto,Pagina12,"""Para que Rosario sea una ciudad de respeto""","""Para que Rosario sea una ciudad de respeto"""
https://www.pagina12.com.ar/332611-chile-avanza-el-proyecto-para-despenalizar-la-eutanasia,Pagina12,Chile: avanza el proyecto para despenalizar la eutanasia,Chile: avanza el proyecto para despenalizar la eutanasia
https://www.cronica.com.ar/info-general/Tapas-del-martes-30-de-marzo-de-2021-20210330-0001.html,Cronica,Tapas del martes 30 de marzo de 2021,Tapas del martes 30 de marzo de 2021
https://www.cronica.com.ar/cosa-de-locos/Lo-apunalaron-en-un-asalto-y-catorce-meses-despues-descubrio-el-cuchillo-en-su-pecho-20210330-0002.html,Cronica,Lo apuñalaron en un asalto y catorce meses después descubrió el cuchillo en su pecho,Lo apuñalaron en un asalto y catorce meses después descubrió el cuchillo en su pecho
https://www.cronica.com.ar/mundo/SpaceX-postergo-el-lanzamiento-de-prueba-del-cohete-Starship-20210330-0003.html,Cronica,SpaceX postergó el lanzamiento de prueba del cohete Starship,SpaceX postergó el lanzamiento de prueba del cohete Starship
https://www.lavoz.com.ar/espacio-institucional/semana-santa-cuatro-dias-para-creer-y-sentir,La Voz,Semana Santa: cuatro días para creer y sentir,Semana Santa: cuatro días para creer y sentir
https://www.lavoz.com.ar/espacio-de-marca/descubri-nuevo-taos-con-aplicacion-de-realidad-aumentada-de-volkswagen,La Voz,Descubrí el nuevo Taos con la aplicación de realidad aumentada de Volkswagen,Descubrí el nuevo Taos con la aplicación de realidad aumentada de Volkswagen
https://www.ambito.com/economia/vencimientos/licitacion-paso-la-prueba-y-postergo-el-50-abril-n5180524,Ambito,Licitación: Economía pasó la prueba y postergó el 50% de vencimientos de abril,Licitación: Economía pasó la prueba y postergó el 50% de vencimientos de abril
https://www.ambito.com/espectaculos/libros/sebastiano-mauri-la-ficcion-me-permite-ser-mas-libre-y-honesto-n5180492,Ambito,"Sebastiano Mauri: ""La ficción me permite ser más libre y honesto""","Sebastiano Mauri: ""La ficción me permite ser más libre y honesto"""
https://www.ambito.com/espectaculos/la-busqueda-dios-el-mundo-como-base-una-nueva-serie-n5180494,Ambito,La búsqueda de Dios en el mundo como base de una nueva serie,La búsqueda de Dios en el mundo como base de una nueva serie
https://www.ambito.com/autos/autos/comenzo-la-preventa-del-suv-n5180450,Ambito,Comenzó la preventa del SUV,Comenzó la preventa del SUV
https://www.ambito.com/autos/autos/audi-luz-verde-el-q4-e-tron-n5180452,Ambito,Audi: luz verde para el Q4 e-tron,Audi: luz verde para el Q4 e-tron
https://www.ambito.com/politica/ciudad/larreta-admitio-rebrote-quiros-ya-se-inicio-la-segunda-ola-n5180509,Ambito,"Larreta admitió ""rebrote"". Para Quirós ""ya se inició la segunda ola""","Larreta admitió ""rebrote"". Para Quirós ""ya se inició la segunda ola"""
https://www.ambito.com/informacion-general/oms/para-la-el-covid-se-transmitio-un-animal-un-humano-n5180497,Ambito,"Para la OMS, el covid se transmitió de un animal a un humano","Para la OMS, el covid se transmitió de un animal a un humano"
https://www.ambito.com/autos/autos/sin-leyes-laborales-rigidas-78-autopartistas-tomaria-personal-n5180453,Ambito,"Sin leyes laborales rígidas, 78% de autopartistas tomaría personal","Sin leyes laborales rígidas, 78% de autopartistas tomaría personal"
https://www.ambito.com/autos/autos/gm-llego-150-mil-cruze-fabricados-santa-fe-n5180455,Ambito,GM llegó a 150 mil Cruze fabricados en Santa Fe,GM llegó a 150 mil Cruze fabricados en Santa Fe
https://www.ambito.com/novedades-fiscales/novedades-fiscales/convenio-intermediarios-y-comercio-electronico-atribucion-ingresos-jurisdicciones-n5180458,Ambito,"Convenio: intermediarios y comercio electrónico, atribución de ingresos a jurisdicciones","Convenio: intermediarios y comercio electrónico, atribución de ingresos a jurisdicciones"
https://www.baenegocios.com/tapasbae/Control-de-las-alimenticias-turismo-en-Semana-Santa-Guzman-en-Europa-y-la-deuda-bonaerense-los-temas-del-dia-en-BAE-Negocios-20210329-0251.html,BAE Negocios,"Control de las alimenticias, turismo en Semana Santa, Guzmán en Europa y la deuda bonaerense: los temas del...","Control de las alimenticias, turismo en Semana Santa, Guzmán en Europa y la deuda bonaerense: los temas del..."
https://www.lanacion.com.ar/sociedad/aborto-hay-muchas-resistencias-pero-cada-vez-se-realizan-mas-interrupciones-nid30032021/,La Nacion,"Aborto. Hay muchas resistencias, pero cada vez se realizan más interrupciones","Aborto. Hay muchas resistencias, pero cada vez se realizan más interrupciones"
https://www.lanacion.com.ar/espectaculos/television/masterchef-celebrity-alex-caniggia-contra-andrea-rincon-ojala-quede-eliminada-nid30032021/,La Nacion,"MasterChef Celebrity: Alex Caniggia, contra Andrea Rincón: “Ojalá quede eliminada”","MasterChef Celebrity: Alex Caniggia, contra Andrea Rincón: “Ojalá quede eliminada”"
https://www.lanacion.com.ar/el-mundo/coronavirus-hoy-en-chile-cuantos-casos-se-registran-al-30-de-marzo-nid30032021/,La Nacion,Coronavirus hoy en Chile: cuántos casos se registran al 30 de Marzo,Coronavirus hoy en Chile: cuántos casos se registran al 30 de Marzo
https://www.lanacion.com.ar/opinion/gestos-luminosos-a-la-vera-del-rio-nid30032021/,La Nacion,Gestos luminosos a la vera del río,Gestos luminosos a la vera del río
https://www.lanacion.com.ar/el-mundo/la-historia-detras-del-famoso-conejo-que-luis-lacalle-pou-tiene-en-su-despacho-nid30032021/,La Nacion,La historia detrás del famoso conejo que Luis Lacalle Pou tiene en su despacho,La historia detrás del famoso conejo que Luis Lacalle Pou tiene en su despacho
https://www.mdzol.com/espectaculos/2021/3/30/la-edad-de-marco-antonio-solis-sus-claves-para-mantenerse-guapo-148598.html,MDZOL,La edad de Marco Antonio Solís y sus claves para mantenerse guapo,La edad de Marco Antonio Solís y sus claves para mantenerse guapo
https://www.mdzol.com/sociales/2021/3/29/letizia-lo-impuso-ahora-otra-princesa-decidio-dejar-sus-canas-al-natural-148609.html,MDZOL,Letizia lo impuso y ahora otra princesa decidió dejar sus canas al natural,Letizia lo impuso y ahora otra princesa decidió dejar sus canas al natural
https://www.mdzol.com/napsix/2021/3/29/la-sorprendente-estadistica-sobre-checo-perez-que-ilusiona-red-bull-148706.html,MDZOL,La sorprendente estadística sobre Checo Pérez que ilusiona a Red Bull,La sorprendente estadística sobre Checo Pérez que ilusiona a Red Bull
https://www.perfil.com/noticias/actualidad/uruguay-lacalle-pou-recibio-la-primera-dosis-de-la-vacuna-contra-el-coronavirus.phtml,Perfil,Uruguay: Lacalle Pou recibió la primera dosis de la vacuna china Sinovac,Uruguay: Lacalle Pou recibió la primera dosis de la vacuna china Sinovac
https://www.perfil.com/noticias/economia/guzman-arranca-la-gira-europea-el-12-abril-en-busca-de-apoyo-para-acuerdo-con-fmi.phtml,Perfil,Guzmán arranca la gira europea el 12 abril en busca de apoyo para acuerdo con FMI,Guzmán arranca la gira europea el 12 abril en busca de apoyo para acuerdo con FMI
https://www.perfil.com/noticias/bloomberg/bc-medio-ambiente-no-da-tregua-y-agrava-deficit-de-cafe-premium.phtml,Perfil,El medio ambiente no da tregua y agrava déficit de café premium,El medio ambiente no da tregua y agrava déficit de café premium
https://www.infobae.com/economia/2021/03/30/fallo-adverso-para-la-argentina-en-nueva-york-por-manipular-las-cifras-del-pbi-durante-el-kirchnerismo/,Infobae,Fallo adverso para la Argentina en Nueva York por manipular las cifras del PBI durante el kirchnerismo,Fallo adverso para la Argentina en Nueva York por manipular las cifras del PBI durante el kirchnerismo
https://www.infobae.com/deportes/2021/03/29/san-lorenzo-visita-a-estudiantes-atletico-tucuman-recibe-a-newells-y-huracan-se-mide-con-gimnasia-la-agenda-del-lunes/,Infobae,Newell’s rescató un empate en Tucumán ante Atlético y Huracán y Gimnasia también quedaron a mano,Newell’s rescató un empate en Tucumán ante Atlético y Huracán y Gimnasia también quedaron a mano
https://www.infobae.com/america/america-latina/2021/03/30/peru-advirtio-que-se-encuentra-en-la-parte-mas-alta-de-la-segunda-ola-de-covid-19/,Infobae,Perú advirtió que se encuentra en “la parte más alta” de la segunda ola de COVID-19,Perú advirtió que se encuentra en “la parte más alta” de la segunda ola de COVID-19
https://www.infobae.com/america/agencias/2021/03/30/efemerides-del-30-de-marzo/,Infobae,Efemérides del 30 de marzo,Efemérides del 30 de marzo
https://www.infobae.com/teleshow/infoshow/2021/03/30/atlanta-la-mas-original-de-las-series-actuales/,Infobae,Atlanta: la más original de las series actuales,Atlanta: la más original de las series actuales
https://www.infobae.com/educacion/2021/03/30/hobbes-locke-y-rousseau-que-es-el-contractualismo/,Infobae,"Hobbes, Locke y Rousseau: qué es el contractualismo","Hobbes, Locke y Rousseau: qué es el contractualismo"
https://www.infobae.com/america/agencias/2021/03/30/china-prolonga-su-racha-en-cifras-minimas-con-8-nuevos-positivos-del-virus/,Infobae,China prolonga su racha en cifras mínimas con 8 nuevos positivos del virus,China prolonga su racha en cifras mínimas con 8 nuevos positivos del virus
https://www.infobae.com/sociedad/2021/03/30/emigro-a-miami-en-pandemia-y-esta-por-abrir-tres-bares-aca-en-menos-de-un-ano-recuperas-la-inversion/,Infobae,"Emigró a Miami en pandemia y está por abrir tres bares: “Acá, en menos de un año recuperás la inversión”","Emigró a Miami en pandemia y está por abrir tres bares: “Acá, en menos de un año recuperás la inversión”"
https://www.infobae.com/america/agencias/2021/03/30/nacional-cambia-la-pisada-y-sella-su-boleto-hacia-la-final/,Infobae,Nacional cambia la pisada y sella su boleto hacia la final,Nacional cambia la pisada y sella su boleto hacia la final
https://www.infobae.com/politica/2021/03/30/un-senador-chileno-propuso-donar-15-mil-vacunas-a-la-argentina-para-inmunizar-a-una-ciudad-entera-de-santa-cruz/,Infobae,Un senador chileno propuso donar 15 mil vacunas a la Argentina para inmunizar a una ciudad entera de Santa Cruz,Un senador chileno propuso donar 15 mil vacunas a la Argentina para inmunizar a una ciudad entera de Santa Cruz
https://www.infobae.com/america/agencias/2021/03/30/unicef-paso-de-menores-por-peligrosa-selva-del-darien-se-multiplico-por-15/,Infobae,Unicef: paso de menores por peligrosa selva del Darién se multiplicó por 15,Unicef: paso de menores por peligrosa selva del Darién se multiplicó por 15
https://www.infobae.com/deportes/2021/03/30/racing-tendra-un-mural-de-maradona-en-el-cilindro-la-historia-oculta-detras-de-los-dias-de-diego-como-dt-de-la-academia/,Infobae,Racing tendrá un mural de Maradona en el Cilindro: la historia oculta detrás de los días de Diego como DT de la Academia,Racing tendrá un mural de Maradona en el Cilindro: la historia oculta detrás de los días de Diego como DT de la Academia
https://www.infobae.com/america/colombia/2021/03/30/sara-sofia-galvan-cumple-dos-anos-sigue-la-incertidumbre-por-su-paradero/,Infobae,Sara Sofía Galván cumple dos años: sigue la incertidumbre por su paradero,Sara Sofía Galván cumple dos años: sigue la incertidumbre por su paradero
https://www.infobae.com/opinion/2021/03/30/las-telecomunicaciones-deben-ser-negocio/,Infobae,Las telecomunicaciones deben ser negocio,Las telecomunicaciones deben ser negocio
https://www.infobae.com/america/deportes/2021/03/30/las-demandas-de-david-faitelson-a-la-seleccion-mexicana-rumbo-a-los-juegos-olimpicos-de-tokio/,Infobae,Las demandas de David Faitelson a la selección mexicana rumbo a los Juegos Olímpicos de Tokio,Las demandas de David Faitelson a la selección mexicana rumbo a los Juegos Olímpicos de Tokio
https://www.infobae.com/america/agencias/2021/03/30/china-aprueba-una-reforma-radical-del-sistema-electoral-de-hong-kong-oficial/,Infobae,China aprueba una reforma radical del sistema electoral de Hong Kong (oficial),China aprueba una reforma radical del sistema electoral de Hong Kong (oficial)
https://www.infobae.com/america/agencias/2021/03/30/fuente-ap-volkswagen-cambiara-nombre-a-voltswagen-en-eeuu/,Infobae,"Fuente AP: Volkswagen cambiará nombre a ""Voltswagen"" en EEUU","Fuente AP: Volkswagen cambiará nombre a ""Voltswagen"" en EEUU"
https://www.infobae.com/america/agencias/2021/03/30/mas-de-500-civiles-han-muerto-en-birmania-desde-el-golpe-de-estado-segun-ong/,Infobae,"Más de 500 civiles han muerto en Birmania desde el golpe de Estado, según ONG","Más de 500 civiles han muerto en Birmania desde el golpe de Estado, según ONG"
https://www.pagina12.com.ar/332503-pedro-antonio-cordero-suarez-hugo-alberto-cordero-suarez,Pagina12,"Pedro Antonio Cordero Suarez, Hugo Alberto Cordero Suarez","Pedro Antonio Cordero Suarez, Hugo Alberto Cordero Suarez"
https://www.pagina12.com.ar/332516-de-que-hablaron-maximo-kirchner-martin-guzman-y-sergio-massa,Pagina12,"¿De qué hablaron Máximo Kirchner, Martín Guzmán y Sergio Massa?","¿De qué hablaron Máximo Kirchner, Martín Guzmán y Sergio Massa?"
https://www.lavoz.com.ar/mundo/por-virus-chile-postergaria-comicios,La Voz,"Por el virus, Chile postergaría los comicios","Por el virus, Chile postergaría los comicios"
https://www.clarin.com/astrologia/horoscopo-hoy-martes-30-marzo-predicciones-salud-amor-dinero_0_dezAuDlA1.html,Clarin,"Horóscopo de hoy, martes 30 de marzo: las predicciones para la salud, el amor y el dinero","Horóscopo de hoy, martes 30 de marzo: las predicciones para la salud, el amor y el dinero"
https://www.clarin.com/fama/durisimo-cruce-german-martitegui-andrea-rincon-masterchef-celebrity_0_RR8wMOEXx.html,Clarin,Durísimo cruce entre Germán Martitegui y Andrea Rincón en MasterChef Celebrity,Durísimo cruce entre Germán Martitegui y Andrea Rincón en MasterChef Celebrity
https://www.pagina12.com.ar/332621-la-administracion-publica-saltena-seguira-con-trabajo-presen,Pagina12,La administración pública salteña seguirá con trabajo presencial,La administración pública salteña seguirá con trabajo presencial
https://www.pagina12.com.ar/332627-era-adicta-la-usaron-para-el-narcotrafico-y-ahora-se-esta-re,Pagina12,"Era adicta, la usaron para el narcotráfico y ahora se está recuperando","Era adicta, la usaron para el narcotráfico y ahora se está recuperando"
https://www.pagina12.com.ar/332626-comienza-el-bacheo-del-macro-y-micro-centro-de-la-ciudad-de-,Pagina12,Comienza el bacheo del macro y micro centro de la ciudad de Salta,Comienza el bacheo del macro y micro centro de la ciudad de Salta
https://www.pagina12.com.ar/332486-salud-barrio-por-barrio,Pagina12,Salud barrio por barrio,Salud barrio por barrio
https://www.pagina12.com.ar/332597-murio-carlos-busqued-el-escritor-rabioso,Pagina12,"Murió Carlos Busqued, el escritor rabioso","Murió Carlos Busqued, el escritor rabioso"
https://www.pagina12.com.ar/332624-saenz-destaco-que-la-provincia-quiere-revertir-el-deficit-ha,Pagina12,Sáenz destacó que la provincia quiere revertir el déficit habitacional,Sáenz destacó que la provincia quiere revertir el déficit habitacional
https://www.pagina12.com.ar/332625-an-se-s-renunciaron-los-jefes-de-la-udai-salta,Pagina12,ANSeS: renunciaron los jefes de la Udai Salta,ANSeS: renunciaron los jefes de la Udai Salta
https://www.cronica.com.ar/policiales/Se-tomo-un-micro-en-Catamarca-y-desaparecio-la-hallaron-5-dias-despues-en-Buenos-Aires-20210330-0005.html,Cronica,Se tomó un micro en Catamarca y desapareció: la hallaron 5 días después en Buenos Aires,Se tomó un micro en Catamarca y desapareció: la hallaron 5 días después en Buenos Aires
https://www.ambito.com/economia/inti/trufas-el-diamante-negro-que-ya-se-exporta-argentina-y-gana-adeptos-nivel-local-n5180519,Ambito,"Trufas: el ""diamante negro"" que ya se exporta desde Argentina y gana adeptos a nivel local","Trufas: el ""diamante negro"" que ya se exporta desde Argentina y gana adeptos a nivel local"
https://www.ambito.com/economia/alberto-pidio-la-onu-nuevo-marco-deuda-n5180528,Ambito,Alberto pidió ante la ONU nuevo marco para deuda,Alberto pidió ante la ONU nuevo marco para deuda
https://www.ambito.com/novedades-fiscales/novedades-fiscales/ganancias-beneficios-trabajadores-dependientes-n5180462,Ambito,Ganancias: beneficios a trabajadores dependientes,Ganancias: beneficios a trabajadores dependientes
https://www.baenegocios.com/mundo/Biden-seguira-de-cerca-al-juicio-de-Chauvin-en-caso-de-muerte-de-Floyd-dice-Casa-Blanca-20210329-0223.html,BAE Negocios,"Biden seguirá de cerca al juicio de Chauvin en caso de muerte de Floyd, dice Casa Blanca","Biden seguirá de cerca al juicio de Chauvin en caso de muerte de Floyd, dice Casa Blanca"
https://www.lanacion.com.ar/politica/luis-lacalle-pou-le-bajo-el-tono-a-su-cruce-con-alberto-fernandez-no-me-pelee-con-nadie-nid30032021/,La Nacion,Luis Lacalle Pou le bajó el tono a su cruce con Alberto Fernández: “No me peleé con nadie”,Luis Lacalle Pou le bajó el tono a su cruce con Alberto Fernández: “No me peleé con nadie”
https://www.lanacion.com.ar/sociedad/coronavirus-en-argentina-casos-en-general-pueyrredon-buenos-aires-al-30-de-marzo-nid30032021/,La Nacion,"Coronavirus en Argentina: casos en General Pueyrredón, Buenos Aires al 30 de marzo","Coronavirus en Argentina: casos en General Pueyrredón, Buenos Aires al 30 de marzo"
https://www.lanacion.com.ar/politica/pregunta-urgente-que-democracia-queremos-ser-nid30032021/,La Nacion,Pregunta urgente: qué democracia queremos ser,Pregunta urgente: qué democracia queremos ser
https://www.mdzol.com/mdz-show/2021/3/29/tras-el-positivo-de-coronavirus-de-horacio-pagani-beto-casella-edith-hermida-revelaron-el-resultado-de-sus-hisopados-148693.html,MDZOL,"Tras el positivo de coronavirus de Horacio Pagani, Beto Casella y Edith Hermida revelaron el resultado de sus hisopados","Tras el positivo de coronavirus de Horacio Pagani, Beto Casella y Edith Hermida revelaron el resultado de sus hisopados"
https://www.mdzol.com/mdz-divinos/2021/3/30/este-es-el-cabernet-franc-de-rutini-que-esta-entre-los-10-mejores-del-mundo-para-la-revista-decanter-85931.html,MDZOL,Este es el Cabernet Franc de Rutini que está entre los 10 mejores del mundo para la revista Decanter,Este es el Cabernet Franc de Rutini que está entre los 10 mejores del mundo para la revista Decanter
https://www.losandes.com.ar/sociedad/historias-de-vida-veronica-la-nina-que-vivia-en-una-carpa-comia-en-un-merendero-y-ahora-abrio-uno-para-alimentar-a-70-chicos/,Los Andes,"Historias de vida: Verónica, la niña que vivía en una carpa, comía en un merendero y ahora abrió uno para alimentar a 70 chicos | Sociedad","Historias de vida: Verónica, la niña que vivía en una carpa, comía en un merendero y ahora abrió uno para alimentar a 70 chicos | Sociedad"
https://www.losandes.com.ar/mas-deportes/de-vuelta-al-ruedo-coton-reveco-vuelve-a-ring-a-fin-de-ano/,Los Andes,De vuelta al ruedo: “Cotón” Reveco vuelve a ring a fin de año,De vuelta al ruedo: “Cotón” Reveco vuelve a ring a fin de año
https://www.diariouno.com.ar/licitaciones/licitacion-publica-expediente-n2021561s1-gc-n820905,Diario Uno,Licitación Pública Expediente Nº2021/561/S1-GC,Licitación Pública Expediente Nº2021/561/S1-GC
https://www.perfil.com/noticias/bloomberg/bc-robots-podrian-reemplazar-20-de-empleos-en-campos-petroleros.phtml,Perfil,Los robots podrían reemplazar al 20% de los empleos de la industria petrolera,Los robots podrían reemplazar al 20% de los empleos de la industria petrolera
https://www.perfil.com/noticias/bloomberg/bc-startup-de-carne-vegetal-recauda-us335m-para-expansion.phtml,Perfil,Startup de carne vegetal recaudó US$ 335 millones para su expansión,Startup de carne vegetal recaudó US$ 335 millones para su expansión
https://www.infobae.com/america/agencias/2021/03/30/nike-presenta-una-demanda-contra-las-deportivas-satanicas-de-lil-nas-x/,Infobae,Nike presenta una demanda contra las deportivas satánicas de Lil Nas X,Nike presenta una demanda contra las deportivas satánicas de Lil Nas X
https://www.infobae.com/america/mexico/2021/03/30/hugo-lopez-gatell-volvio-a-lanzarse-contra-los-medios-por-la-cobertura-del-covid-19-y-esta-fue-la-razon/,Infobae,Hugo López-Gatell volvió a lanzarse contra los medios por la cobertura del COVID-19 y esta fue la razón,Hugo López-Gatell volvió a lanzarse contra los medios por la cobertura del COVID-19 y esta fue la razón
https://www.infobae.com/america/agencias/2021/03/30/cvirus-china-informa-de-14-nuevos-casos-a-la-espera-de-la-publicacion-del-informe-de-la-oms-sobre-el-origen-covid-19/,Infobae,Cvirus.- China informa de 14 nuevos casos a la espera de la publicación del informe de la OMS sobre el origen COVID-19,Cvirus.- China informa de 14 nuevos casos a la espera de la publicación del informe de la OMS sobre el origen COVID-19
https://www.infobae.com/america/agencias/2021/03/30/salud-los-investigadores-descubren-por-que-el-cerebro-disfruta-de-la-musica/,Infobae,Salud.-Los investigadores descubren por qué el cerebro disfruta de la música,Salud.-Los investigadores descubren por qué el cerebro disfruta de la música
https://www.infobae.com/america/agencias/2021/03/30/birmania-ascienden-a-510-los-fallecidos-por-la-represion-de-la-junta-militar-en-birmania/,Infobae,Birmania.- Ascienden a 510 los fallecidos por la represión de la junta militar en Birmania,Birmania.- Ascienden a 510 los fallecidos por la represión de la junta militar en Birmania
https://www.infobae.com/america/agencias/2021/03/30/jaguares-buscara-vencer-su-racha-negativa-ante-junior/,Infobae,Jaguares buscará vencer su racha negativa ante Junior,Jaguares buscará vencer su racha negativa ante Junior
https://www.infobae.com/america/agencias/2021/03/30/106-127vuelve-doncic-y-mavericks-ganan-y-recuperan-el-liderato-de-la-division-sureste/,Infobae,106-127.Vuelve Doncic y Mavericks ganan y recuperan el liderato de la División Sureste,106-127.Vuelve Doncic y Mavericks ganan y recuperan el liderato de la División Sureste
https://www.infobae.com/sociedad/2021/03/30/infinito-es-el-dolor-pero-tambien-la-busqueda-y-el-clamor-de-justicia-la-lucha-de-federico-storani-a-cinco-anos-de-la-muerte-de-su-hijo/,Infobae,"“Infinito es el dolor, pero también la búsqueda y el clamor de justicia”: la lucha de Federico Storani, a cinco años de la muerte de su hijo","“Infinito es el dolor, pero también la búsqueda y el clamor de justicia”: la lucha de Federico Storani, a cinco años de la muerte de su hijo"
https://www.infobae.com/politica/2021/03/30/impuesto-a-las-ganancias-hoy-comenzara-a-tratarse-el-proyecto-en-el-senado-y-la-semana-proxima-se-transformaria-en-ley/,Infobae,Impuesto a las Ganancias: hoy comenzará a tratarse el proyecto en el Senado y la semana próxima se transformaría en ley,Impuesto a las Ganancias: hoy comenzará a tratarse el proyecto en el Senado y la semana próxima se transformaría en ley
https://www.infobae.com/america/agencias/2021/03/30/utah-jazz-logra-derrotar-a-cleveland-cavaliers-114-75/,Infobae,Utah Jazz logra derrotar a Cleveland Cavaliers (114-75),Utah Jazz logra derrotar a Cleveland Cavaliers (114-75)
https://www.pagina12.com.ar/332622-salta-recibio-mas-de-20-mil-dosis-de-la-vacuna-sputnik-v,Pagina12,Salta recibió más de 20 mil dosis de la vacuna Sputnik V,Salta recibió más de 20 mil dosis de la vacuna Sputnik V
https://www.cronica.com.ar/mundo/Estamos-lejos-de-ganar-la-guerra-contra-el-coronavirus-advirtio-Biden-20210330-0007.html,Cronica,"""Estamos lejos de ganar la guerra contra el coronavirus"", advirtió Biden","""Estamos lejos de ganar la guerra contra el coronavirus"", advirtió Biden"
https://www.ambito.com/mundo/comenzo-eeuu-el-juicio-el-asesinato-floyd-considerado-un-referendum-la-violencia-racial-n5180481,Ambito,"Comenzó en EE.UU. el juicio por el asesinato de Floyd, considerado un referéndum sobre la violencia racial","Comenzó en EE.UU. el juicio por el asesinato de Floyd, considerado un referéndum sobre la violencia racial"
https://www.baenegocios.com/mundo/Mexico-aplica-mas-de-7-millones-de-dosis-de-vacuna-contra-la-COVID-19-20210330-0002.html,BAE Negocios,México aplica más de 7 millones de dosis de vacuna contra la COVID-19,México aplica más de 7 millones de dosis de vacuna contra la COVID-19
https://www.baenegocios.com/mundo/Requeriran-en-Panama-doble-prueba-COVID-19-a-personas-vengan-de-Sudamerica-20210330-0010.html,BAE Negocios,Requerirán en Panamá doble prueba COVID-19 a personas vengan de Sudamérica,Requerirán en Panamá doble prueba COVID-19 a personas vengan de Sudamérica
https://www.baenegocios.com/mundo/Ucrania-notifica-un-repunte-de-10.533-nuevos-casos-de-covid-19-20210330-0006.html,BAE Negocios,Ucrania notifica un repunte de 10.533 nuevos casos de covid-19,Ucrania notifica un repunte de 10.533 nuevos casos de covid-19
https://www.baenegocios.com/mundo/Uruguay-acelera-vacunacion-contra-el-coronavirus-20210330-0005.html,BAE Negocios,Uruguay acelera vacunación contra el coronavirus,Uruguay acelera vacunación contra el coronavirus
https://www.baenegocios.com/mundo/Brasil-corre-riesgo-de-seguir-registrando-variantes-de-coronavirus-en-2021-alerta-inmunologo-20210330-0009.html,BAE Negocios,"Brasil corre riesgo de seguir registrando variantes de coronavirus en 2021, alerta inmunólogo","Brasil corre riesgo de seguir registrando variantes de coronavirus en 2021, alerta inmunólogo"
https://www.lanacion.com.ar/sociedad/coronavirus-en-argentina-casos-en-quebrachos-santiago-del-estero-al-30-de-marzo-nid30032021/,La Nacion,"Coronavirus en Argentina: casos en Quebrachos, Santiago del Estero al 30 de marzo","Coronavirus en Argentina: casos en Quebrachos, Santiago del Estero al 30 de marzo"
https://www.lanacion.com.ar/deportes/racismo-la-drastica-decision-de-henry-y-un-dato-que-abruma-mas-del-40-por-ciento-de-los-futbolistas-nid30032021/,La Nacion,Racismo. La drástica decisión de Henry y un dato que abruma: más del 40 por ciento de los futbolistas reciben ataques en redes sociales,Racismo. La drástica decisión de Henry y un dato que abruma: más del 40 por ciento de los futbolistas reciben ataques en redes sociales
https://www.lanacion.com.ar/sociedad/coronavirus-en-argentina-casos-en-general-lavalle-buenos-aires-al-30-de-marzo-nid30032021/,La Nacion,"Coronavirus en Argentina: casos en General Lavalle, Buenos Aires al 30 de marzo","Coronavirus en Argentina: casos en General Lavalle, Buenos Aires al 30 de marzo"
https://www.lanacion.com.ar/sociedad/coronavirus-en-argentina-casos-en-ambato-catamarca-al-30-de-marzo-nid30032021/,La Nacion,"Coronavirus en Argentina: casos en Ambato, Catamarca al 30 de marzo","Coronavirus en Argentina: casos en Ambato, Catamarca al 30 de marzo"
https://www.lanacion.com.ar/opinion/energia-para-el-federalismo-nid30032021/,La Nacion,Energía para el federalismo,Energía para el federalismo
https://www.lanacion.com.ar/economia/campo/de-contratista-y-asesora-a-presidenta-de-una-rural-bonaerense-nid30032021/,La Nacion,De contratista y asesora a presidenta de una rural bonaerense,De contratista y asesora a presidenta de una rural bonaerense
https://www.lanacion.com.ar/opinion/como-corregir-la-cronica-restriccion-del-sector-externo-nid30032021/,La Nacion,Cómo corregir la crónica restricción del sector externo,Cómo corregir la crónica restricción del sector externo
https://www.lanacion.com.ar/lifestyle/clima-en-concordia-cual-es-el-pronostico-del-tiempo-para-el-martes-30-de-marzo-nid30032021/,La Nacion,Clima en Concordia: cuál es el pronóstico del tiempo para el martes 30 de marzo,Clima en Concordia: cuál es el pronóstico del tiempo para el martes 30 de marzo
https://www.lanacion.com.ar/lifestyle/resultados-de-la-quiniela-uruguaya-nocturna-de-hoy-29-de-marzo-nid30032021/,La Nacion,"Resultados de la Quiniela Uruguaya Nocturna de hoy, 29 de marzo","Resultados de la Quiniela Uruguaya Nocturna de hoy, 29 de marzo"
https://www.diariouno.com.ar/edictos-solicitadas-y-convocatorias/edicto-autos-407671-arias-n820904,Diario Uno,Edicto: Autos 407.671 Arias,Edicto: Autos 407.671 Arias
https://www.infobae.com/america/entretenimiento/2021/03/30/de-livia-brito-a-tiziano-ferro-los-famosos-que-se-metieron-en-problemas-con-mexico/,Infobae,De Livia Brito a Tiziano Ferro: los famosos que se metieron en problemas con México,De Livia Brito a Tiziano Ferro: los famosos que se metieron en problemas con México
https://www.infobae.com/politica/2021/03/30/constitucion-desde-hoy-cambiaran-las-paradas-de-colectivos-para-favorecer-el-distanciamiento/,Infobae,"Constitución: desde hoy, cambiarán las paradas de colectivos para favorecer el distanciamiento","Constitución: desde hoy, cambiarán las paradas de colectivos para favorecer el distanciamiento"
https://www.infobae.com/inhouse/2021/03/30/estos-son-los-dos-films-que-ganaron-como-mejores-peliculas-argentinas-en-el-festival-bafici-donde-verlas/,Infobae,Estos son los dos films que ganaron como mejores películas argentinas en el festival BAFICI: dónde verlas,Estos son los dos films que ganaron como mejores películas argentinas en el festival BAFICI: dónde verlas
https://www.infobae.com/america/agencias/2021/03/30/sergio-ramos-cumple-35-anos/,Infobae,Sergio Ramos cumple 35 años,Sergio Ramos cumple 35 años
https://www.infobae.com/america/agencias/2021/03/30/coronavirus-india-confirma-mas-de-270-muertos-por-coronavirus-y-supera-la-barrera-de-los-162000-decesos/,Infobae,Coronavirus.- India confirma más de 270 muertos por coronavirus y supera la barrera de los 162.000 decesos,Coronavirus.- India confirma más de 270 muertos por coronavirus y supera la barrera de los 162.000 decesos
https://www.infobae.com/america/agencias/2021/03/30/cellnex-cuenta-con-compromisos-de-accionistas-para-cubrir-un-27-de-ampliacion-de-capital/,Infobae,Cellnex cuenta con compromisos de accionistas para cubrir un 27% de ampliación de capital,Cellnex cuenta con compromisos de accionistas para cubrir un 27% de ampliación de capital
https://www.infobae.com/america/agencias/2021/03/30/sorribes-y-muguruza-cara-y-cruz-del-tenis-espanol-en-miami/,Infobae,"Sorribes y Muguruza, cara y cruz del tenis español en Miami","Sorribes y Muguruza, cara y cruz del tenis español en Miami"
https://www.infobae.com/america/agencias/2021/03/30/dolar-hoy-en-brasil-cotizacion-del-real-brasileno-al-dolar-estadounidense-del-30-de-marzo-usd-brl/,Infobae,Dólar hoy en Brasil: cotización del real brasileño al dólar estadounidense del 30 de marzo. USD BRL,Dólar hoy en Brasil: cotización del real brasileño al dólar estadounidense del 30 de marzo. USD BRL
https://www.infobae.com/america/agencias/2021/03/30/la-clippers-se-hace-con-la-victoria-contra-milwaukee-bucks-por-129-105/,Infobae,LA Clippers se hace con la victoria contra Milwaukee Bucks por 129-105,LA Clippers se hace con la victoria contra Milwaukee Bucks por 129-105
https://www.infobae.com/america/agencias/2021/03/30/118-104-los-novatos-de-pistons-tambien-pueden-con-los-raptors/,Infobae,118-104. Los novatos de Pistons también pueden con los Raptors,118-104. Los novatos de Pistons también pueden con los Raptors
https://www.infobae.com/america/deportes/2021/03/30/preolimpico-de-concacaf-cual-es-la-maldicion-que-pesa-sobre-eeuu-en-sus-partidos-contra-honduras/,Infobae,Preolímpico de Concacaf: cuál es la “maldición” que pesa sobre EEUU en sus partidos contra Honduras,Preolímpico de Concacaf: cuál es la “maldición” que pesa sobre EEUU en sus partidos contra Honduras
https://www.infobae.com/politica/2021/03/30/denuncian-que-el-ministerio-de-salud-incumple-las-recomendaciones-de-la-onu-en-materia-de-vacunacion-para-tripulantes-maritimos/,Infobae,Denuncian que el Ministerio de Salud incumple las recomendaciones de la ONU en materia de vacunación para tripulantes marítimos,Denuncian que el Ministerio de Salud incumple las recomendaciones de la ONU en materia de vacunación para tripulantes marítimos
https://www.infobae.com/america/agencias/2021/03/30/109-115-williamson-vuelve-a-ser-el-lider-de-pelicans-willy-no-juega/,Infobae,109-115. Williamson vuelve a ser el líder de Pelicans; Willy no juega,109-115. Williamson vuelve a ser el líder de Pelicans; Willy no juega
https://www.pagina12.com.ar/332618-catamarca-se-prepara-para-la-llegada-de-turistas,Pagina12,Catamarca se prepara para la llegada de turistas,Catamarca se prepara para la llegada de turistas
https://www.pagina12.com.ar/332623-juzgaran-a-5-profesionales-del-hospital-de-guemes-por-abando,Pagina12,Juzgarán a 5 profesionales del Hospital de Güemes por abandono de persona,Juzgarán a 5 profesionales del Hospital de Güemes por abandono de persona
https://www.pagina12.com.ar/332617-paritaria-docente-se-estira-la-negociacion,Pagina12,"Paritaria docente, se estira la negociación","Paritaria docente, se estira la negociación"
https://www.pagina12.com.ar/332616-fijaron-fecha-para-el-juicio-por-el-femicidio-de-brenda-gord,Pagina12,Fijaron fecha para el juicio por el femicidio de Brenda Gordillo,Fijaron fecha para el juicio por el femicidio de Brenda Gordillo
https://www.cronica.com.ar/cosa-de-locos/Gata-llevo-a-sus-crias-que-no-podian-abrir-los-ojos-a-una-clinica-20210330-0008.html,Cronica,Gata llevó a sus crías que no podían abrir los ojos a una clínica,Gata llevó a sus crías que no podían abrir los ojos a una clínica
https://www.ambito.com/ambito-nacional/provincias/segunda-ola-restricciones-light-buscan-preservar-la-economia-n5180473,Ambito,Segunda ola: restricciones light buscan preservar la economía,Segunda ola: restricciones light buscan preservar la economía
https://www.clarin.com/cartas-al-pais/creo-capacidades-recursos-argentina_0_HyMf0_iD8.html,Clarin,"""Creo en las capacidades y en los recursos de la Argentina""","""Creo en las capacidades y en los recursos de la Argentina"""
https://www.clarin.com/economia/afip-prorrogo-suspension-embargos-ejecuciones-fiscales-pymes_0_3RIXkSnBS.html,Clarin,La AFIP prorrogó la suspensión de los embargos y las ejecuciones fiscales para las pymes,La AFIP prorrogó la suspensión de los embargos y las ejecuciones fiscales para las pymes
https://www.clarin.com/agencias/efe-autoridades-mexicanas-senalan-mala-interpretacion-exceso-mortalidad_0_Y5XupoCFh.html,Clarin,Autoridades mexicanas señalan mala interpretación sobre exceso de mortalidad,Autoridades mexicanas señalan mala interpretación sobre exceso de mortalidad
https://www.lanacion.com.ar/sociedad/coronavirus-en-argentina-casos-en-merlo-buenos-aires-al-30-de-marzo-nid30032021/,La Nacion,"Coronavirus en Argentina: casos en Merlo, Buenos Aires al 30 de marzo","Coronavirus en Argentina: casos en Merlo, Buenos Aires al 30 de marzo"
https://www.lanacion.com.ar/sociedad/coronavirus-en-argentina-casos-en-general-belgrano-chaco-al-30-de-marzo-nid30032021/,La Nacion,"Coronavirus en Argentina: casos en General Belgrano, Chaco al 30 de marzo","Coronavirus en Argentina: casos en General Belgrano, Chaco al 30 de marzo"
https://www.lanacion.com.ar/sociedad/coronavirus-en-argentina-hoy-cuantos-casos-registra-buenos-aires-al-29-de-marzo-nid30032021/,La Nacion,Coronavirus en Argentina hoy: cuántos casos registra Buenos Aires al 29 de marzo,Coronavirus en Argentina hoy: cuántos casos registra Buenos Aires al 29 de marzo
https://www.lanacion.com.ar/economia/euro-hoy-en-argentina-a-cuanto-cotiza-el-martes-30-de-marzo-nid30032021/,La Nacion,Euro hoy en Argentina: a cuánto cotiza el martes 30 de marzo,Euro hoy en Argentina: a cuánto cotiza el martes 30 de marzo
https://www.lanacion.com.ar/lifestyle/horoscopo-de-escorpio-de-hoy-martes-30-de-marzo-de-2021-nid30032021/,La Nacion,Horóscopo de Escorpio de hoy: martes 30 de Marzo de 2021,Horóscopo de Escorpio de hoy: martes 30 de Marzo de 2021
https://www.lanacion.com.ar/el-mundo/coronavirus-hoy-en-ecuador-cuantos-casos-se-registran-al-30-de-marzo-nid30032021/,La Nacion,Coronavirus hoy en Ecuador: cuántos casos se registran al 30 de Marzo,Coronavirus hoy en Ecuador: cuántos casos se registran al 30 de Marzo
https://www.lanacion.com.ar/lifestyle/clima-en-rio-cuarto-cual-es-el-pronostico-del-tiempo-para-el-martes-30-de-marzo-nid30032021/,La Nacion,Clima en Río Cuarto: cuál es el pronóstico del tiempo para el martes 30 de marzo,Clima en Río Cuarto: cuál es el pronóstico del tiempo para el martes 30 de marzo
https://www.mdzol.com/politica/2021/3/29/mendoza-suben-los-casos-positivos-pero-no-hay-presencia-de-nuevas-cepas-148696.html,MDZOL,"Mendoza: suben los casos positivos, pero no hay presencia de nuevas cepas","Mendoza: suben los casos positivos, pero no hay presencia de nuevas cepas"
https://www.perfil.com/noticias/bloomberg/bc-vacunacion-en-eeuu-se-convierte-en-una-carrera-contra-el-tiempo.phtml,Perfil,Vacunación en EEUU se convierte en una carrera contra el tiempo,Vacunación en EEUU se convierte en una carrera contra el tiempo
https://www.perfil.com/noticias/internacional/mas-de-500-civiles-muertos-desde-el-golpe-de-estado-en-myanmar.phtml,Perfil,Más de 500 civiles muertos desde el golpe de estado en Myanmar,Más de 500 civiles muertos desde el golpe de estado en Myanmar
https://www.infobae.com/america/mexico/2021/03/30/coronavirus-en-mexico-al-29-de-marzo-se-registro-un-19-de-la-ocupacion-nacional/,Infobae,"Coronavirus en México al 29 de marzo: hay un total de 31,301 de casos activos","Coronavirus en México al 29 de marzo: hay un total de 31,301 de casos activos"
https://www.infobae.com/america/agencias/2021/03/30/un-vistazo-a-la-septima-fecha-de-la-copa-de-la-liga-del-futbol-argentino/,Infobae,Un vistazo a la séptima fecha de la Copa de la Liga del fútbol argentino,Un vistazo a la séptima fecha de la Copa de la Liga del fútbol argentino
https://www.infobae.com/america/agencias/2021/03/30/se-elevan-a-45-los-muertos-en-la-estampida-en-el-velatorio-por-magufuli-en-tanzania/,Infobae,Se elevan a 45 los muertos en la estampida en el velatorio por Magufuli en Tanzania,Se elevan a 45 los muertos en la estampida en el velatorio por Magufuli en Tanzania
https://www.infobae.com/america/agencias/2021/03/30/dani-martin-se-une-a-johnnie-walker-para-reivindicar-el-sector-de-la-musica-con-este-proyecto/,Infobae,Dani Martín se une a Johnnie Walker para reivindicar el sector de la música con este proyecto,Dani Martín se une a Johnnie Walker para reivindicar el sector de la música con este proyecto
https://www.infobae.com/america/agencias/2021/03/30/coronavirus-draghi-se-vacuna-contra-el-coronavirus-conforme-al-calendario-oficial/,Infobae,Coronavirus.- Draghi se vacuna contra el coronavirus conforme al calendario oficial,Coronavirus.- Draghi se vacuna contra el coronavirus conforme al calendario oficial
https://www.infobae.com/america/agencias/2021/03/30/los-casos-del-virus-en-todo-el-mundo-superan-los-12745-millones-y-las-muertes-alcanzan-las-2914537/,Infobae,"Los casos del virus en todo el mundo superan los 127,45 millones y las muertes alcanzan las 2.914.537","Los casos del virus en todo el mundo superan los 127,45 millones y las muertes alcanzan las 2.914.537"
https://www.infobae.com/america/agencias/2021/03/30/la-esma-multa-con-37-millones-de-euros-a-moodys-por-conflicto-de-intereses/,Infobae,"La ESMA multa con 3,7 millones de euros a Moody's por conflicto de intereses","La ESMA multa con 3,7 millones de euros a Moody's por conflicto de intereses"
https://www.infobae.com/america/agencias/2021/03/30/al-asad-y-su-esposa-retoman-su-actividad-oficial-tras-recuperarse-de-covid-19/,Infobae,Al Asad y su esposa retoman su actividad oficial tras recuperarse de covid-19,Al Asad y su esposa retoman su actividad oficial tras recuperarse de covid-19
https://www.infobae.com/america/the-new-york-times/2021/03/30/el-regreso-de-las-cigarras-miles-de-millones-saldran-pronto-del-subsuelo/,Infobae,El regreso de las cigarras: miles de millones saldrán pronto del subsuelo,El regreso de las cigarras: miles de millones saldrán pronto del subsuelo
https://www.infobae.com/america/agencias/2021/03/30/reino-unido-quiere-vacunar-a-todos-los-adultos-antes-de-compartir-la-vacuna-con-otros-paises/,Infobae,Reino Unido quiere vacunar a todos los adultos antes de compartir la vacuna con otros países,Reino Unido quiere vacunar a todos los adultos antes de compartir la vacuna con otros países
https://www.infobae.com/america/agencias/2021/03/30/marta-sanchez-retoma-poco-a-poco-sus-reuniones-con-amigos/,Infobae,Marta Sánchez retoma poco a poco sus reuniones con amigos,Marta Sánchez retoma poco a poco sus reuniones con amigos
https://www.infobae.com/america/agencias/2021/03/30/comienza-la-investigacion-sobre-el-bloqueo-del-canal-de-suez/,Infobae,Comienza la investigación sobre el bloqueo del Canal de Suez,Comienza la investigación sobre el bloqueo del Canal de Suez
https://www.infobae.com/america/agencias/2021/03/30/coronavirus-alemania-roza-los-28-millones-de-casos-y-supera-el-umbral-de-los-76000-muertos-por-coronavirus/,Infobae,"Coronavirus.- Alemania roza los 2,8 millones de casos y supera el umbral de los 76.000 muertos por coronavirus","Coronavirus.- Alemania roza los 2,8 millones de casos y supera el umbral de los 76.000 muertos por coronavirus"
https://www.infobae.com/america/agencias/2021/03/30/congo-un-partido-opositor-presenta-otro-recurso-para-intentar-anular-los-resultados-de-las-presidenciales/,Infobae,Congo.- Un partido opositor presenta otro recurso para intentar anular los resultados de las presidenciales,Congo.- Un partido opositor presenta otro recurso para intentar anular los resultados de las presidenciales
https://www.infobae.com/america/agencias/2021/03/30/china-reduce-drasticamente-los-escanos-electos-en-hong-kong/,Infobae,China reduce drásticamente los escaños electos en Hong Kong,China reduce drásticamente los escaños electos en Hong Kong
https://www.infobae.com/america/agencias/2021/03/30/portaltic-niantic-comparte-una-primera-imagen-de-sus-gafas-ra/,Infobae,Portaltic.-Niantic comparte una primera imagen de sus gafas RA,Portaltic.-Niantic comparte una primera imagen de sus gafas RA
https://www.infobae.com/america/agencias/2021/03/30/chile-el-proyecto-para-despenalizar-la-eutanasia-avanza-en-el-congreso-chileno-a-falta-de-que-el-pleno-le-de-luz-verde-2/,Infobae,Chile.- El proyecto para despenalizar la eutanasia avanza en el Congreso chileno a falta de que el pleno le de luz verde,Chile.- El proyecto para despenalizar la eutanasia avanza en el Congreso chileno a falta de que el pleno le de luz verde
https://www.infobae.com/america/agencias/2021/03/30/protestan-en-mexico-por-muerte-de-mujer-salvadorena-a-manos-de-la-policia/,Infobae,Protestan en México por muerte de mujer salvadoreña a manos de la policía,Protestan en México por muerte de mujer salvadoreña a manos de la policía
https://www.infobae.com/america/agencias/2021/03/30/el-grupo-espanol-nh-hoteles-acuerda-un-ere-para-187-trabajadores-en-servicios-centrales/,Infobae,El grupo español NH Hoteles acuerda un ERE para 187 trabajadores en servicios centrales,El grupo español NH Hoteles acuerda un ERE para 187 trabajadores en servicios centrales
https://www.infobae.com/america/agencias/2021/03/30/avianca-perdio-1094-millones-de-dolares-en-2020-por-efectos-de-la-pandemia/,Infobae,Avianca perdió 1.094 millones de dólares en 2020 por efectos de la pandemia,Avianca perdió 1.094 millones de dólares en 2020 por efectos de la pandemia
https://www.infobae.com/america/agencias/2021/03/30/114-75-mitchell-y-gobert-lideran-exhibicion-de-jazz-ante-cavaliers/,Infobae,114-75. Mitchell y Gobert lideran exhibición de Jazz ante Cavaliers,114-75. Mitchell y Gobert lideran exhibición de Jazz ante Cavaliers
https://www.infobae.com/america/agencias/2021/03/30/terrorismo-los-ministros-de-la-coalicion-contra-estado-islamico-se-reunen-hoy-en-busca-de-una-derrota-duradera/,Infobae,"Terrorismo.- Los ministros de la coalición contra Estado Islámico se reúnen hoy en busca de una ""derrota duradera""","Terrorismo.- Los ministros de la coalición contra Estado Islámico se reúnen hoy en busca de una ""derrota duradera"""
https://www.infobae.com/america/colombia/2021/03/30/recomendaciones-para-que-los-empresarios-turisticos-puedan-ofrecer-experiencias-seguras-durante-la-semana-santa/,Infobae,Recomendaciones para que los empresarios turísticos puedan ofrecer experiencias seguras durante la Semana Santa,Recomendaciones para que los empresarios turísticos puedan ofrecer experiencias seguras durante la Semana Santa
https://www.eldestapeweb.com/economia/trabajo/dia-de-la-trabajadora-del-hogar-historia-y-presente-de-una-labor-depreciada-20213305036,Destape Web,Día de la trabajadora del hogar: historia y presente de una labor depreciada,Día de la trabajadora del hogar: historia y presente de una labor depreciada
https://www.cronica.com.ar/policiales/Alejo-Orono-fue-asesinado-por-su-novia-familiares-piden-que-reciba-misma-condena-que-un-femicida-20210330-0009.html,Cronica,Alejo Oroño fue asesinado por su novia: familiares piden que reciba misma condena que un femicida,Alejo Oroño fue asesinado por su novia: familiares piden que reciba misma condena que un femicida
https://www.lavoz.com.ar/ciudadanos/no-restringiran-circulacion-pero-piden-extremar-cuidados,La Voz,"No restringirán la circulación, pero piden extremar los cuidados","No restringirán la circulación, pero piden extremar los cuidados"
https://www.ambito.com/finanzas/dolar-blue/hoy-cuanto-cotiza-este-martes-30-marzo-n5180541,Ambito,Dólar blue hoy: a cuánto cotiza este martes 30 de marzo,Dólar blue hoy: a cuánto cotiza este martes 30 de marzo
https://www.clarin.com/politica/luis-lacalle-pou-cruce-alberto-fernandez-chisporroteos-pueden-deben-obstaculo-construir-_0_s_JraSHgJ.html,Clarin,"Luis Lacalle Pou sobre su cruce con Alberto Fernández: ""Los chisporroteos que pueden haber no deben de ser","Luis Lacalle Pou sobre su cruce con Alberto Fernández: ""Los chisporroteos que pueden haber no deben de ser"
https://www.clarin.com/deportes/10-resultados-locos-copa-liga-profesional_0_j4OyxPocU.html,Clarin,Los 10 resultados más locos de la Copa de la Liga Profesional,Los 10 resultados más locos de la Copa de la Liga Profesional
https://www.clarin.com/brandstudio/rol-universidad-agenda-igualdad-genero_0_uKXSlLDEF.html,Clarin,El rol de la Universidad en la agenda por la igualdad de género,El rol de la Universidad en la agenda por la igualdad de género
https://www.clarin.com/autos/fiat-128-50-anos-aparicion-auto-amado-argentinos_0_BgVfAkb5E.html,Clarin,Fiat 128: a 50 años de la aparición un auto amado por los argentinos,Fiat 128: a 50 años de la aparición un auto amado por los argentinos
https://www.clarin.com/servicios/ahora-12-ultimas-horas-comprar-cuotas-3-meses-gracia-empezar-pagar-julio_0_m-Air23Zu.html,Clarin,Ahora 12: últimas horas para comprar en cuotas con 3 meses de gracia y empezar a pagar en julio,Ahora 12: últimas horas para comprar en cuotas con 3 meses de gracia y empezar a pagar en julio
https://www.clarin.com/gourmet/mercat-villa-crespo-comer-beber-comprar-nuevo-mercado-gourmet-ciudad_0_5HXM5quN3.html,Clarin,"Mercat Villa Crespo: qué comer, beber y comprar en el nuevo mercado gourmet de la Ciudad","Mercat Villa Crespo: qué comer, beber y comprar en el nuevo mercado gourmet de la Ciudad"
https://www.clarin.com/sociedad/alerta-provincia-brote-bacteria-aves-provoco-neumonia-personas_0__tyWno-_s.html,Clarin,Alerta en Provincia por el brote de una bacteria en aves que ya provocó neumonía en personas,Alerta en Provincia por el brote de una bacteria en aves que ya provocó neumonía en personas
https://www.clarin.com/espectaculos/cine/premios-oscar-2021-carey-mulligan-venga-va-ganar-premio_0_j0RXESa8l.html,Clarin,Premios Oscar 2021 Carey Mulligan se venga y va a ganar el premio,Premios Oscar 2021 Carey Mulligan se venga y va a ganar el premio
https://www.cronista.com/economia-politica/anses-cuando-cobro-auh-jubilaciones-tarjeta-alimentar-calendario-de-pagos-de-abril-y-que-se-paga-hoy-martes-30-de-marzo-y/,Cronista,Calendario de pagos de ANSeS de abril y qué se abona hoy 30 de marzo,Calendario de pagos de ANSeS de abril y qué se abona hoy 30 de marzo
https://www.lanacion.com.ar/deportes/san-lorenzo-dabove-la-charla-con-los-referentes-y-la-controversia-sobre-la-situacion-de-los-hermanos-nid30032021/,La Nacion,"San Lorenzo: Dabove, la charla con los referentes y la controversia sobre la situación de los hermanos Romero","San Lorenzo: Dabove, la charla con los referentes y la controversia sobre la situación de los hermanos Romero"
https://www.lanacion.com.ar/sociedad/coronavirus-en-argentina-casos-en-sanagasta-la-rioja-al-30-de-marzo-nid30032021/,La Nacion,"Coronavirus en Argentina: casos en Sanagasta, La Rioja al 30 de marzo","Coronavirus en Argentina: casos en Sanagasta, La Rioja al 30 de marzo"
https://www.lanacion.com.ar/el-mundo/coronavirus-hoy-en-peru-cuantos-casos-se-registran-al-30-de-marzo-nid30032021/,La Nacion,Coronavirus hoy en Perú: cuántos casos se registran al 30 de Marzo,Coronavirus hoy en Perú: cuántos casos se registran al 30 de Marzo
https://www.mdzol.com/mdz-show/2021/3/29/en-su-sexto-dia-de-internacion-soledad-aquino-fue-visitada-por-marcelo-tinelli-sus-hijas-148687.html,MDZOL,"En su sexto día de internación, Soledad Aquino fue visitada por Marcelo Tinelli y sus hijas","En su sexto día de internación, Soledad Aquino fue visitada por Marcelo Tinelli y sus hijas"
https://www.cadena3.com/noticia/espectaculos/jimena-baron-reaparecio-en-las-redes-con-un-prometedor-video_287556,Cadena 3,Jimena Barón reapareció en las redes con un prometedor video,Jimena Barón reapareció en las redes con un prometedor video
https://www.losandes.com.ar/estilo/mater-en-netflix-un-drama-argentino-donde-el-amor-la-violencia-y-las-relaciones-familiares-son-los-protagonistas,Los Andes,"“Mater” en Netflix: un drama argentino donde el amor, la violencia y las relaciones familiares son los protagonistas","“Mater” en Netflix: un drama argentino donde el amor, la violencia y las relaciones familiares son los protagonistas"
https://www.perfil.com/noticias/salud/la-oms-revelara-hoy-sus-conclusiones-sobre-los-origenes-del-covid-19.phtml,Perfil,La OMS revelará hoy sus conclusiones sobre los orígenes del COVID-19,La OMS revelará hoy sus conclusiones sobre los orígenes del COVID-19
https://www.infobae.com/america/deportes/espn/2021/03/30/logro-el-titulo-que-le-falto-a-senna-y-amenaza-con-terminar-el-reinado-de-hamilton-en-la-formula-1-radiografia-de-max-verstappen/,Infobae,Logró el título que le faltó a Senna y amenaza con terminar el reinado de Hamilton en la Fórmula 1: radiografía de Max Verstappen,Logró el título que le faltó a Senna y amenaza con terminar el reinado de Hamilton en la Fórmula 1: radiografía de Max Verstappen
https://www.infobae.com/tendencias/2021/03/30/un-recorrido-por-las-4-ciudades-argentinas-que-seran-sede-de-la-copa-america-2021/,Infobae,Un recorrido por las 4 ciudades argentinas que serán sede de la Copa América 2021,Un recorrido por las 4 ciudades argentinas que serán sede de la Copa América 2021
https://www.infobae.com/america/agencias/2021/03/30/prevision-meteorologica-el-tiempo-hoy-en-buenos-aires-30-de-marzo/,Infobae,"Previsión meteorológica: El tiempo hoy en Buenos Aires, 30 de marzo","Previsión meteorológica: El tiempo hoy en Buenos Aires, 30 de marzo"
https://www.infobae.com/america/agencias/2021/03/30/explosion-en-una-iglesia-de-holanda-que-desafiaba-las-restricciones-contra-el-covid-19/,Infobae,Explosión en una iglesia de Holanda que desafiaba las restricciones contra el covid-19,Explosión en una iglesia de Holanda que desafiaba las restricciones contra el covid-19
https://www.infobae.com/politica/2021/03/30/en-alerta-por-el-aumento-de-contagios-el-gobierno-esperara-a-que-pase-semana-santa-para-trazar-una-nueva-hoja-de-ruta-sanitaria/,Infobae,"En alerta por el aumento de contagios, el Gobierno esperará a que pase Semana Santa para trazar una nueva hoja de ruta sanitaria","En alerta por el aumento de contagios, el Gobierno esperará a que pase Semana Santa para trazar una nueva hoja de ruta sanitaria"
https://www.infobae.com/america/agencias/2021/03/30/latinoamerica-agenda-de-graficos-y-conjuntos-de-datos-previstos-para-el-martes-30-de-marzo/,Infobae,Latinoamérica.- Agenda de gráficos y conjuntos de datos previstos para el martes 30 de marzo,Latinoamérica.- Agenda de gráficos y conjuntos de datos previstos para el martes 30 de marzo
https://www.infobae.com/america/agencias/2021/03/30/portaltic-el-programa-de-reparacion-independiente-de-apple-se-hace-global/,Infobae,Portaltic.-El programa de reparación independiente de Apple se hace global,Portaltic.-El programa de reparación independiente de Apple se hace global
https://www.infobae.com/america/agencias/2021/03/30/mario-draghi-y-su-esposa-se-vacunan-con-astrazeneca/,Infobae,Mario Draghi y su esposa se vacunan con AstraZeneca,Mario Draghi y su esposa se vacunan con AstraZeneca
https://www.infobae.com/america/agencias/2021/03/30/prevision-meteorologica-el-tiempo-hoy-en-montevideo-30-de-marzo/,Infobae,"Previsión meteorológica: El tiempo hoy en Montevideo, 30 de marzo","Previsión meteorológica: El tiempo hoy en Montevideo, 30 de marzo"
https://www.infobae.com/america/agencias/2021/03/30/deliveroo-estara-valorada-en-10500-millones-de-dolares-para-su-salida-a-bolsa-fuente-cercana/,Infobae,Deliveroo estará valorada en 10.500 millones de dólares para su salida a bolsa (fuente cercana),Deliveroo estará valorada en 10.500 millones de dólares para su salida a bolsa (fuente cercana)
https://www.cronica.com.ar/politica/Coronavirus-Provincia-dispuso-que-los-trabajadores-estatales-hagan-teletrabajo-20210330-0011.html,Cronica,Coronavirus: Provincia dispuso que los trabajadores estatales hagan teletrabajo,Coronavirus: Provincia dispuso que los trabajadores estatales hagan teletrabajo
https://www.lavoz.com.ar/ciudadanos/covid-19-en-cordoba-murio-hombre-con-diabetes-hipertension-y-obesidad-que-espero-20-horas,La Voz,"Covid-19 en Córdoba: murió el hombre con diabetes, hipertensión y obesidad que esperó 20 horas por una cama","Covid-19 en Córdoba: murió el hombre con diabetes, hipertensión y obesidad que esperó 20 horas por una cama"
https://www.lavoz.com.ar/politica/escribanos-piden-pausar-digitalizacion-del-registro-de-propiedad,La Voz,Los escribanos piden pausar la digitalización del Registro de la Propiedad,Los escribanos piden pausar la digitalización del Registro de la Propiedad
https://www.lavoz.com.ar/ciudadanos/francia-condenaron-a-una-farmaceutica-por-muertes-relacionadas-a-una-pildora-para-adelgaz,La Voz,Francia: condenaron a una farmacéutica por muertes relacionadas a una píldora para adelgazar,Francia: condenaron a una farmacéutica por muertes relacionadas a una píldora para adelgazar
https://www.ambito.com/finanzas/dolar/hoy-cuanto-cotiza-este-martes-30-marzo-n5180540,Ambito,Dólar hoy: a cuánto cotiza este martes 30 de marzo,Dólar hoy: a cuánto cotiza este martes 30 de marzo
https://www.ambito.com/economia/aporte-extraordinario/afip-extendio-el-plazo-pagar-el-aporte-solidario-n5180550,Ambito,AFIP extendió el plazo para pagar el aporte solidario,AFIP extendió el plazo para pagar el aporte solidario
https://www.ambito.com/politica/impuesto-las-ganancias/senado-arranca-el-debate-la-reforma-ganancias-n5180543,Ambito,Senado arranca el debate por la reforma de Ganancias,Senado arranca el debate por la reforma de Ganancias
https://www.clarin.com/economia/autos-terminales-argentinas-suspenden-produccion-pese-paralizacion-brasil-covid_0_5qCOQyLXX.html,Clarin,"Autos: las terminales argentinas no suspenden la producción, pese a la paralización en Brasil por el Covid","Autos: las terminales argentinas no suspenden la producción, pese a la paralización en Brasil por el Covid"
https://www.clarin.com/buena-vida/complejo-penelope-salir-ovillo_0_v7ky16QDm.html,Clarin,"Qué es el ""Complejo de Penélope"" y cómo salir del ovillo","Qué es el ""Complejo de Penélope"" y cómo salir del ovillo"
https://www.clarin.com/policiales/stella-maris-sequeira-femicidio-cuerpo-abogado-sacapresos-juicio_0_7Zb3gMHyM.html,Clarin,Stella Maris Sequeira: femicidio sin cuerpo y un abogado sacapresos a juicio,Stella Maris Sequeira: femicidio sin cuerpo y un abogado sacapresos a juicio
https://www.clarin.com/economia/dolar-ahorro-quedan-dias-pedir-reintegro-35-_0_-Liii1Mt6.html,Clarin,Dólar ahorro: quedan dos días para pedir el reintegro del 35%,Dólar ahorro: quedan dos días para pedir el reintegro del 35%
https://www.clarin.com/viajes/semana-santa-2021-agenda-actividades-destinos-turisticos_0_ECGDFN6-U.html,Clarin,Semana Santa 2021: la agenda de actividades en los destinos turísticos,Semana Santa 2021: la agenda de actividades en los destinos turísticos
https://www.cronista.com/apertura-negocio/empresas/costumbres-argentinas-busca-dolarizarse-desembarca-en-chile-uruguay-y-miami/,Cronista,"Costumbres Argentinas busca dolarizarse y desembarca en Chile, Uruguay y Miami","Costumbres Argentinas busca dolarizarse y desembarca en Chile, Uruguay y Miami"
https://www.cronista.com/apertura-negocio/empresas/una-pyme-argentina-ya-exporta-el-diamante-negro-de-la-gastronomia/,Cronista,"Una pyme argentina ya exporta ""el diamante negro"" de la gastronomía","Una pyme argentina ya exporta ""el diamante negro"" de la gastronomía"
https://www.lanacion.com.ar/sociedad/coronavirus-en-argentina-casos-en-pirane-formosa-al-30-de-marzo-nid30032021/,La Nacion,"Coronavirus en Argentina: casos en Pirané, Formosa al 30 de marzo","Coronavirus en Argentina: casos en Pirané, Formosa al 30 de marzo"
https://www.lanacion.com.ar/seguridad/el-74-de-los-usuarios-de-armas-tienen-sus-permisos-vencidos-nid30032021/,La Nacion,El 74% de los usuarios de armas tienen sus permisos vencidos,El 74% de los usuarios de armas tienen sus permisos vencidos
https://www.lanacion.com.ar/lifestyle/clima-en-ciudad-de-cordoba-cual-es-el-pronostico-del-tiempo-para-el-martes-30-de-marzo-nid30032021/,La Nacion,Clima en Ciudad De Córdoba: cuál es el pronóstico del tiempo para el martes 30 de marzo,Clima en Ciudad De Córdoba: cuál es el pronóstico del tiempo para el martes 30 de marzo
https://www.lanacion.com.ar/deportes/sub-23-las-penurias-de-una-seleccion-de-estrellas-que-esta-atada-a-los-calendarios-y-a-los-objetivos-nid30032021/,La Nacion,"Sub 23. Las penurias de una selección de estrellas, que está atada a los calendarios y a los objetivos de sus clubes","Sub 23. Las penurias de una selección de estrellas, que está atada a los calendarios y a los objetivos de sus clubes"
https://www.lanacion.com.ar/revista-hola/letizia-en-andorra-con-elegancia-austera-la-reina-se-lucio-en-un-viaje-historico-nid30032021/,La Nacion,"Letizia en Andorra. Con elegancia austera, la Reina se lució en un viaje histórico","Letizia en Andorra. Con elegancia austera, la Reina se lució en un viaje histórico"
https://www.mdzol.com/mdzradio/2021/3/30/lanzan-una-app-para-seguir-las-investigaciones-medicas-en-tiempo-real-148690.html,MDZOL,Lanzan una app para seguir las investigaciones médicas en tiempo real,Lanzan una app para seguir las investigaciones médicas en tiempo real
https://www.mdzol.com/sociedad/2021/3/30/ventilar-los-ambientes-una-estrategia-clave-para-prevenir-el-coronavirus-148684.html,MDZOL,"Ventilar los ambientes, una estrategia clave para prevenir el coronavirus","Ventilar los ambientes, una estrategia clave para prevenir el coronavirus"
https://www.mdzol.com/deportes/2021/3/30/el-desahogo-de-dabove-tras-el-triunfo-de-san-lorenzo-148722.html,MDZOL,El desahogo de Dabove tras el triunfo de San Lorenzo,El desahogo de Dabove tras el triunfo de San Lorenzo
https://www.mdzol.com/sociedad/2021/3/30/cancer-colorrectal-fuerte-caida-de-los-controles-por-la-pandemia-148650.html,MDZOL,Cáncer colorrectal: fuerte caída de los controles por la pandemia,Cáncer colorrectal: fuerte caída de los controles por la pandemia
https://www.mdzol.com/deportes/2021/3/30/tras-una-nueva-fecha-asi-quedo-la-tabla-de-posiciones-de-la-lpf-148714.html,MDZOL,"Tras una nueva fecha, así quedó la tabla de posiciones de la LPF","Tras una nueva fecha, así quedó la tabla de posiciones de la LPF"
https://www.mdzol.com/politica/2021/3/30/el-largo-viaje-de-un-peronista-que-termino-como-vice-del-pro-148641.html,MDZOL,El largo viaje de un peronista que terminó como vice del PRO,El largo viaje de un peronista que terminó como vice del PRO
https://www.mdzol.com/sociedad/2021/3/30/descubren-un-inusual-agujero-negro-en-el-universo-148669.html,MDZOL,Descubren un inusual agujero negro en el Universo,Descubren un inusual agujero negro en el Universo
https://www.mdzol.com/deportes/2021/3/30/en-europa-aseguran-que-empieza-el-baile-por-agero-148715.html,MDZOL,"En Europa aseguran que ""empieza el baile por Agüero""","En Europa aseguran que ""empieza el baile por Agüero"""
https://www.mdzol.com/sociedad/2021/3/30/otra-provincia-tambien-aplaza-la-segunda-dosis-de-la-vacuna-anti-covid-148679.html,MDZOL,Otra provincia también aplaza la segunda dosis de la vacuna anti covid,Otra provincia también aplaza la segunda dosis de la vacuna anti covid
https://www.mdzol.com/dinero/2021/3/30/afip-anuncia-una-buena-noticia-para-pequenas-empresas-endeudadas-148675.html,MDZOL,AFIP anuncia una buena noticia para pequeñas empresas endeudadas,AFIP anuncia una buena noticia para pequeñas empresas endeudadas
https://www.mdzol.com/sociales/2021/3/29/adele-compro-una-mansion-embrujada-mira-las-fotos-de-la-impresionante-propiedad-148657.html,MDZOL,Adele compró una mansión embrujada: mira las fotos de la impresionante propiedad,Adele compró una mansión embrujada: mira las fotos de la impresionante propiedad
https://www.mdzol.com/mdz-femme/moda/2021/3/30/duelo-de-estilos-fabiola-yanez-cristina-kirchner-147750.html,MDZOL,Duelo de estilos: ¿Fabiola Yáñez o Cristina Kirchner?,Duelo de estilos: ¿Fabiola Yáñez o Cristina Kirchner?
https://www.mdzol.com/mundo/2021/3/30/vacunas-eficacia-nuevo-estudio-compara-pfizer-moderna-con-sputnik-148712.html,MDZOL,Vacunas y eficacia: nuevo estudio compara Pfizer y Moderna con Sputnik,Vacunas y eficacia: nuevo estudio compara Pfizer y Moderna con Sputnik
https://www.mdzol.com/politica/2021/3/30/axel-kicillof-va-por-su-pequena-reforma-judicial-en-buenos-aires-148662.html,MDZOL,Axel Kicillof va por su pequeña 'reforma judicial' en Buenos Aires,Axel Kicillof va por su pequeña 'reforma judicial' en Buenos Aires
https://www.mdzol.com/politica/2021/3/30/artistas-intelectuales-alineados-al-oficialismo-respaldaron-estela-de-carlotto-148661.html,MDZOL,Artistas e intelectuales alineados al oficialismo respaldaron a Estela de Carlotto,Artistas e intelectuales alineados al oficialismo respaldaron a Estela de Carlotto
https://www.mdzol.com/deportes/2021/3/30/wanchope-dejo-boca-se-fue-sin-hablar-rumbo-los-estados-unidos-148719.html,MDZOL,Wanchope dejó Boca y se fue sin hablar rumbo a los Estados Unidos,Wanchope dejó Boca y se fue sin hablar rumbo a los Estados Unidos
https://www.mdzol.com/deportes/2021/3/30/donde-que-hora-ver-schwartzman-en-busca-de-los-cuartos-de-final-en-miami-148716.html,MDZOL,Dónde y a qué hora ver a Schwartzman en busca de los cuartos de final en Miami,Dónde y a qué hora ver a Schwartzman en busca de los cuartos de final en Miami
https://www.cadena3.com/noticia/sociedad/comienzan-a-vacunar-hoy-a-mayores-de-65-con-comorbilidades_287443,Cadena 3,Comienzan a vacunar hoy a mayores de 65 con comorbilidades,Comienzan a vacunar hoy a mayores de 65 con comorbilidades
https://www.cadena3.com/noticia/sociedad/crudo-relato-de-la-mujer-baleada-por-su-pareja-policia_287535,Cadena 3,Crudo relato de la mujer baleada por su pareja policía,Crudo relato de la mujer baleada por su pareja policía
https://www.cadena3.com/noticia/futbol/llega-al-senado-el-proyecto-que-modifica-a-ganancias_287554,Cadena 3,Llega al Senado el proyecto que modifica a Ganancias,Llega al Senado el proyecto que modifica a Ganancias
https://www.losandes.com.ar/sociedad/mendoza-sin-restricciones-y-con-80-de-reservas-para-semana-santa/,Los Andes,Mendoza sin restricciones y con 80% de reservas para Semana Santa | Sociedad,Mendoza sin restricciones y con 80% de reservas para Semana Santa | Sociedad
https://www.losandes.com.ar/sociedad/el-pronostico-del-tiempo-martes-con-sol-radiante-y-maxima-de-28/,Los Andes,El pronóstico del tiempo: martes con sol radiante y máxima de 28°,El pronóstico del tiempo: martes con sol radiante y máxima de 28°
https://www.diariouno.com.ar/politica/tope-impuesto-las-ganancias-cuantos-mendocinos-se-benefician-n820752,Diario Uno,Tope en Impuesto a las Ganancias: cuántos mendocinos se benefician,Tope en Impuesto a las Ganancias: cuántos mendocinos se benefician
https://www.diariouno.com.ar/politica/la-inflacion-el-eje-la-negociacion-estatales-y-gobierno-n821010,Diario Uno,La inflación en el eje de la negociación entre estatales y Gobierno,La inflación en el eje de la negociación entre estatales y Gobierno
https://www.diariouno.com.ar/edictos-solicitadas-y-convocatorias/edicto-autos-408003-andreu-n820887,Diario Uno,Edicto: Autos 408.003 Andreu,Edicto: Autos 408.003 Andreu
https://www.perfil.com/noticias/politica/jose-maria-campagnoli-tenemos-un-sistema-judicial-que-hace-agua-por-muchos-lados.phtml,Perfil,"José María Campagnoli: ""Tenemos un sistema judicial que hace agua por muchos lados""","José María Campagnoli: ""Tenemos un sistema judicial que hace agua por muchos lados"""
https://www.infobae.com/america/agencias/2021/03/30/coronavirus-brasil-suma-casi-39000-positivos-y-mas-de-1600-muertos-por-coronavirus/,Infobae,Coronavirus.- Brasil suma casi 39.000 positivos y más de 1.600 muertos por coronavirus,Coronavirus.- Brasil suma casi 39.000 positivos y más de 1.600 muertos por coronavirus
https://www.infobae.com/america/agencias/2021/03/30/el-hidrogeno-verde-una-carrera-en-todos-los-continentes/,Infobae,"El hidrógeno verde, una carrera en todos los continentes","El hidrógeno verde, una carrera en todos los continentes"
https://www.infobae.com/america/agencias/2021/03/30/madrid-epicentro-de-la-fiesta-en-europa-en-plena-pandemia/,Infobae,"Madrid, epicentro de la fiesta en Europa en plena pandemia","Madrid, epicentro de la fiesta en Europa en plena pandemia"
https://www.infobae.com/america/agencias/2021/03/30/prevision-meteorologica-el-tiempo-hoy-en-phoenix-30-de-marzo/,Infobae,"Previsión meteorológica: El tiempo hoy en Phoenix, 30 de marzo","Previsión meteorológica: El tiempo hoy en Phoenix, 30 de marzo"
https://www.infobae.com/america/tecno/2021/03/30/las-novedades-que-llegaron-a-google-maps-realidad-aumentada-en-interiores-rutas-ecologicas-y-datos-del-clima/,Infobae,"Las novedades que llegaron a Google Maps: realidad aumentada en interiores, rutas ecológicas y datos del clima","Las novedades que llegaron a Google Maps: realidad aumentada en interiores, rutas ecológicas y datos del clima"
https://www.infobae.com/america/agencias/2021/03/30/el-gobierno-de-peru-promete-vacunar-a-9-millones-de-personas-hasta-julio/,Infobae,El Gobierno de Perú promete vacunar a 9 millones de personas hasta julio,El Gobierno de Perú promete vacunar a 9 millones de personas hasta julio
https://www.infobae.com/america/agencias/2021/03/30/biden-y-harris-participaran-en-conferencia-sobre-los-hispanos-y-la-economia/,Infobae,Biden y Harris participarán en conferencia sobre los hispanos y la economía,Biden y Harris participarán en conferencia sobre los hispanos y la economía
https://www.infobae.com/america/agencias/2021/03/30/bielorrusia-lukashenko-asegura-que-la-idea-de-reformar-la-constitucion-salio-de-su-gobierno-y-niega-presiones-de-rusia/,Infobae,Bielorrusia.- Lukashenko asegura que la idea de reformar la Constitución salió de su Gobierno y niega presiones de Rusia,Bielorrusia.- Lukashenko asegura que la idea de reformar la Constitución salió de su Gobierno y niega presiones de Rusia
https://www.infobae.com/america/agencias/2021/03/30/las-bolsas-europeas-se-acercan-a-maximos-historicos-impulsadas-por-los-bancos/,Infobae,Las bolsas europeas se acercan a máximos históricos impulsadas por los bancos,Las bolsas europeas se acercan a máximos históricos impulsadas por los bancos
https://www.infobae.com/america/agencias/2021/03/30/karim-benzema-sera-juzgado-en-octubre-por-el-caso-de-la-sextape/,Infobae,Karim Benzema será juzgado en octubre por el caso de la 'sextape',Karim Benzema será juzgado en octubre por el caso de la 'sextape'
https://www.infobae.com/opinion/2021/03/30/bajan-el-impuesto-a-las-ganancias-para-las-personas-pero-cada-vez-hay-menos-empresas-que-contraten-personal/,Infobae,"Bajan el Impuesto a las Ganancias para las personas, pero cada vez hay menos empresas que contratan personal","Bajan el Impuesto a las Ganancias para las personas, pero cada vez hay menos empresas que contratan personal"
https://www.infobae.com/america/agencias/2021/03/30/estampida-en-homenaje-a-presidente-fallecido-dejo-45-muertos-en-tanzania-el-21-de-marzo-policia/,Infobae,Estampida en homenaje a presidente fallecido dejó 45 muertos en Tanzania el 21 de marzo (policía),Estampida en homenaje a presidente fallecido dejó 45 muertos en Tanzania el 21 de marzo (policía)
https://www.infobae.com/america/agencias/2021/03/30/motor-santander-private-banking-patrocinara-al-nuevo-equipo-de-extreme-e-formado-por-carlos-sainz-y-laia-sanz/,Infobae,Motor.- Santander Private Banking patrocinará al nuevo equipo de Extreme E formado por Carlos Sainz y Laia Sanz,Motor.- Santander Private Banking patrocinará al nuevo equipo de Extreme E formado por Carlos Sainz y Laia Sanz
https://www.infobae.com/america/agencias/2021/03/30/baloncestonba-los-timberwolves-rozan-la-sorpresa-ante-brooklyn-nets/,Infobae,Baloncesto/NBA.- Los Timberwolves rozan la sorpresa ante Brooklyn Nets,Baloncesto/NBA.- Los Timberwolves rozan la sorpresa ante Brooklyn Nets
https://www.infobae.com/america/agencias/2021/03/30/investidura-de-lider-separatista-como-nuevo-presidente-catalan-abocada-al-fracaso/,Infobae,Investidura de líder separatista como nuevo presidente catalán abocada al fracaso,Investidura de líder separatista como nuevo presidente catalán abocada al fracaso
https://www.pagina12.com.ar/332630-clima-en-buenos-aires-el-pronostico-del-tiempo-para-este-mar,Pagina12,Clima en Buenos Aires: el pronóstico del tiempo para este martes 30 de marzo,Clima en Buenos Aires: el pronóstico del tiempo para este martes 30 de marzo
https://www.cronica.com.ar/info-general/Cancer-de-Utero-Cuales-son-sus-sintomas-y-que-chequeos-deben-realizarse--20210330-0004.html,Cronica,Cáncer de útero: ¿Cuáles son sus síntomas y qué chequeos deben realizarse?,Cáncer de útero: ¿Cuáles son sus síntomas y qué chequeos deben realizarse?
https://www.cronica.com.ar/politica/El-Senado-recibe-a-Moroni-y-comienza-a-analizar-la-reforma-de-Ganancias-20210330-0013.html,Cronica,El Senado recibe a Moroni y comienza a analizar la reforma de Ganancias,El Senado recibe a Moroni y comienza a analizar la reforma de Ganancias
https://www.cronica.com.ar/mundo/La-hermana-de-Kim-Jong-un-le-dijo-loro-al-presidente-surcoreano-20210330-0016.html,Cronica,"La hermana de Kim Jong-un le dijo ""loro"" al presidente surcoreano","La hermana de Kim Jong-un le dijo ""loro"" al presidente surcoreano"
https://www.cronica.com.ar/info-general/Los-ex-lideres-de-Oasis-despidieron-al-Kun-Aguero-del-Manchester-City-20210330-0015.html,Cronica,Los ex líderes de Oasis despidieron al Kun Agüero del Manchester City,Los ex líderes de Oasis despidieron al Kun Agüero del Manchester City
https://www.lavoz.com.ar/negocios/con-foco-en-transporte-y-en-agro-axion-energy-presento-un-nuevo-gasoil-en-cordoba,La Voz,"Con foco en el transporte y en el agro, Axion Energy presentó un nuevo gasoil en Córdoba","Con foco en el transporte y en el agro, Axion Energy presentó un nuevo gasoil en Córdoba"
https://www.lavoz.com.ar/sucesos/cordoba-buscaban-por-robos-escaparon-chocaron-ofrecieron-16-mil-de-coima-y-terminaron-deteni,La Voz,"Córdoba: los buscaban por robos, escaparon, chocaron, ofrecieron $ 16 mil de coima y terminaron detenidos","Córdoba: los buscaban por robos, escaparon, chocaron, ofrecieron $ 16 mil de coima y terminaron detenidos"
https://www.lavoz.com.ar/tecnologia/programa-de-reparacion-independiente-de-apple-se-hace-global,La Voz,El programa de reparación independiente de Apple se hace global,El programa de reparación independiente de Apple se hace global
https://www.lavoz.com.ar/tecnologia/descubren-un-huevo-de-pascua-de-internet-explorer-4-en-windows-95-casi-25-anos-despues-de,La Voz,Descubren un 'Huevo de Pascua' de Internet Explorer 4 en Windows 95 casi 25 años después de su lanzamiento,Descubren un 'Huevo de Pascua' de Internet Explorer 4 en Windows 95 casi 25 años después de su lanzamiento
https://www.lavoz.com.ar/politica/vacunacion-a-duhalde-vizzotti-dijo-que-costa-siguio-una-indicacion-e-inoculo-a-familia-para,La Voz,Vacunación a los Duhalde: Vizzotti dijo que Costa “siguió una indicación” e inoculó a la familia “para no tirar dosis”,Vacunación a los Duhalde: Vizzotti dijo que Costa “siguió una indicación” e inoculó a la familia “para no tirar dosis”
https://www.lavoz.com.ar/ciudadanos/un-senador-de-chile-propone-donar-vacunas-para-inmunizar-a-una-ciudad-de-santa-cruz,La Voz,Un senador de Chile propone donar vacunas para inmunizar a una ciudad de Santa Cruz,Un senador de Chile propone donar vacunas para inmunizar a una ciudad de Santa Cruz
https://www.lavoz.com.ar/ciudadanos/covid-19-no-restringiran-circulacion-pero-piden-extremar-cuidados,La Voz,"Covid-19: no restringirán la circulación, pero piden extremar los cuidados","Covid-19: no restringirán la circulación, pero piden extremar los cuidados"
https://www.lavoz.com.ar/tecnologia/sony-cerrara-playstation-store-para-ps3-psp-y-ps-vita-de-manera-definitiva-en-verano,La Voz,"Sony cerrará Playstation Store para PS3, PSP y PS Vita de manera definitiva en verano","Sony cerrará Playstation Store para PS3, PSP y PS Vita de manera definitiva en verano"
https://www.lavoz.com.ar/mundo/ya-son-nueve-mujeres-que-acusan-al-gobernador-de-nueva-york-de-acosarlas-sexualmente-en-2017,La Voz,Ya son nueve las mujeres que acusan al gobernador de Nueva York de acosarlas sexualmente en 2017,Ya son nueve las mujeres que acusan al gobernador de Nueva York de acosarlas sexualmente en 2017
https://www.lavoz.com.ar/mundo/hermana-de-kim-jong-un-acuso-al-presidente-de-surcorea-de-ser-un-loro-que-repite-logica-gangst,La Voz,"La hermana de Kim Jong-un acusó al presidente de Surcorea de ser ""un loro"" que repite la ""lógica gángster"" de EE.UU.","La hermana de Kim Jong-un acusó al presidente de Surcorea de ser ""un loro"" que repite la ""lógica gángster"" de EE.UU."
https://www.ambito.com/finanzas/dolar/como-vender-tus-es-pasar-el-blue-y-ganar-50-mas-billete-n5180554,Ambito,Cómo vender tus dólares sin pasar por el blue y ganar hasta $50 más por billete,Cómo vender tus dólares sin pasar por el blue y ganar hasta $50 más por billete
https://www.ambito.com/politica/guillermo-moreno/convoco-una-desafiliacion-masiva-del-pj-n5180552,Ambito,"Guillermo Moreno convocó a ""una desafiliación masiva"" del PJ","Guillermo Moreno convocó a ""una desafiliación masiva"" del PJ"
https://www.ambito.com/economia/pymes/oficializan-prorroga-la-suspension-embargos-y-ejecuciones-fiscales-las-n5180545,Ambito,Oficializan prórroga de la suspensión de embargos y ejecuciones fiscales para las pymes,Oficializan prórroga de la suspensión de embargos y ejecuciones fiscales para las pymes
https://www.clarin.com/zonales/sorprendentes-islas-trillizas-san-isidro-formo-nuevo-delta-rio-plata_0_x-zHdSAQD.html,Clarin,Especial Clarín. Las sorprendentes islas trillizas que aparecieron frente a San Isidro,Especial Clarín. Las sorprendentes islas trillizas que aparecieron frente a San Isidro
https://www.cronista.com/economia-politica/impuesto-a-las-ganancias-2021-dolar-afip-vence-el-plazo-para-pedir-la-devolucion-del-35-por-las-compras-en-dolares/,Cronista,Vence el plazo para pedir la devolución del 35% por las compras en dólares,Vence el plazo para pedir la devolución del 35% por las compras en dólares
https://www.cronista.com/informacion-gral/remitee-y-mujer-financiera-ganadores-de-la-iv-edicion-de-acelerar-espana/,Cronista,"Remitee y Mujer Financiera, ganadores de la IV Edición de Acelerar España","Remitee y Mujer Financiera, ganadores de la IV Edición de Acelerar España"
https://www.baenegocios.com/mundo/Ya-suman-mas-de-210.400-los-casos-confirmados-de-COVID-19-en-Paraguay-20210330-0003.html,BAE Negocios,Ya suman más de 210.400 los casos confirmados de COVID-19 en Paraguay,Ya suman más de 210.400 los casos confirmados de COVID-19 en Paraguay
https://www.baenegocios.com/mundo/Franja-de-Gaza-entra-en-la-segunda-ola-de-coronavirus-20210330-0017.html,BAE Negocios,Franja de Gaza entra en la segunda ola de coronavirus,Franja de Gaza entra en la segunda ola de coronavirus
https://www.baenegocios.com/politica/El-Gobierno-extendio-el-plazo-para-pagar-el-impuesto-a-la-riqueza-20210330-0020.html,BAE Negocios,El Gobierno extendió el plazo para pagar el impuesto a la riqueza,El Gobierno extendió el plazo para pagar el impuesto a la riqueza
https://www.baenegocios.com/mundo/Portavoz-del-Kremlin-afirma-que-Putin-reanudara-en-breve-los-viajes-al-extranjero-20210330-0014.html,BAE Negocios,Portavoz del Kremlin afirma que Putin reanudará en breve los viajes al extranjero,Portavoz del Kremlin afirma que Putin reanudará en breve los viajes al extranjero
https://www.baenegocios.com/economia/IFE-y-ATP-Las-medidas-que-analiza-el-Gobierno-para-afrontar-la-segunda-ola--20210330-0013.html,BAE Negocios,IFE y ATP: Las medidas que analiza el Gobierno para afrontar la segunda ola,IFE y ATP: Las medidas que analiza el Gobierno para afrontar la segunda ola
https://www.baenegocios.com/mundo/Mali-aprueba-la-vacuna-anticovid-rusa-Sputnik-V-20210330-0016.html,BAE Negocios,Malí aprueba la vacuna anticovid rusa Sputnik V,Malí aprueba la vacuna anticovid rusa Sputnik V
https://www.baenegocios.com/mundo/Presidente-de-Siria-y-primera-dama-retoman-sus-funciones-tras-recuperarse-del-covid-19-20210330-0012.html,BAE Negocios,Presidente de Siria y primera dama retoman sus funciones tras recuperarse del covid-19,Presidente de Siria y primera dama retoman sus funciones tras recuperarse del covid-19
https://www.lanacion.com.ar/el-mundo/coronavirus-hoy-en-uruguay-cuantos-casos-se-registran-al-30-de-marzo-nid30032021/,La Nacion,Coronavirus hoy en Uruguay: cuántos casos se registran al 30 de Marzo,Coronavirus hoy en Uruguay: cuántos casos se registran al 30 de Marzo
https://www.lanacion.com.ar/economia/campo/granos-la-rural-apunto-contra-exportadores-y-molinos-nid30032021/,La Nacion,Granos: la Rural apuntó contra exportadores y molinos,Granos: la Rural apuntó contra exportadores y molinos
https://www.mdzol.com/sociedad/2021/3/30/los-datos-que-explican-el-salto-en-la-cantidad-de-casos-de-coronavirus-148731.html,MDZOL,Los datos que explican el salto en la cantidad de casos de coronavirus,Los datos que explican el salto en la cantidad de casos de coronavirus
https://www.mdzol.com/bbc-mundo/2021/3/30/estrategias-para-hacer-mas-cosas-en-el-trabajo-en-menos-tiempo-148742.html,MDZOL,4 estrategias para hacer más cosas en el trabajo en menos tiempo,4 estrategias para hacer más cosas en el trabajo en menos tiempo
https://www.mdzol.com/dinero/2021/3/30/las-malas-noticias-economicas-que-llegan-en-abril-148727.html,MDZOL,Las 3 malas noticias económicas que llegan en abril,Las 3 malas noticias económicas que llegan en abril
https://www.mdzol.com/mdz-show/2021/3/30/el-jugado-cambio-de-look-de-stefi-roitman-durante-su-paso-por-argentina-148735.html,MDZOL,El jugado cambio de look de Stefi Roitman durante su paso por Argentina,El jugado cambio de look de Stefi Roitman durante su paso por Argentina
https://www.mdzol.com/politica/2021/3/30/el-dato-inquietante-sobre-el-nuevo-vuelo-que-traera-vacunas-sputnik-al-pais-148723.html,MDZOL,El dato inquietante sobre el nuevo vuelo que traerá vacunas Sputnik al país,El dato inquietante sobre el nuevo vuelo que traerá vacunas Sputnik al país
https://www.mdzol.com/mdz-show/2021/3/30/el-mensaje-de-susana-gimenez-tras-la-muerte-de-sofia-sarkany-148718.html,MDZOL,El mensaje de Susana Giménez tras la muerte de Sofía Sarkany,El mensaje de Susana Giménez tras la muerte de Sofía Sarkany
https://www.mdzol.com/napsix/2021/3/30/rosalia-acapara-todas-las-miradas-cantando-temas-de-selena-quintanilla-148733.html,MDZOL,Rosalía acapara todas las miradas cantando temas de Selena Quintanilla,Rosalía acapara todas las miradas cantando temas de Selena Quintanilla
https://www.mdzol.com/mdz-show/2021/3/30/indignante-rocio-marengo-comparo-la-amia-con-el-baile-del-koala-148720.html,MDZOL,"¡Indignante! Rocío Marengo comparó a la AMIA con el ""baile del koala""","¡Indignante! Rocío Marengo comparó a la AMIA con el ""baile del koala"""
https://www.mdzol.com/mdz-show/2021/3/30/la-foto-de-martin-redrado-con-lulu-sanguinetti-burlandose-de-luciana-salazar-148725.html,MDZOL,"La foto de Martín Redrado con Lulú Sanguinetti, ¿burlándose de Luciana Salazar?","La foto de Martín Redrado con Lulú Sanguinetti, ¿burlándose de Luciana Salazar?"
https://www.mdzol.com/deportes/2021/3/30/los-hinchas-de-river-suenan-con-un-campeon-de-america-para-reemplazar-borre-148732.html,MDZOL,Los hinchas de River sueñan con un campeón de América para reemplazar a Borré,Los hinchas de River sueñan con un campeón de América para reemplazar a Borré
https://www.mdzol.com/deportes/2021/3/30/stephen-curry-regreso-los-warriors-volvieron-ganar-148721.html,MDZOL,Stephen Curry regresó y los Warriors volvieron a ganar,Stephen Curry regresó y los Warriors volvieron a ganar
https://www.cadena3.com/audio/cuadro-de-situacion/guerra-de-guerrillas-del-gobierno-a-la-justicia_832501,Cadena 3,Guerra de guerrillas del Gobierno a la Justicia,Guerra de guerrillas del Gobierno a la Justicia
https://www.cadena3.com/audio/quedan-los-artistas/paola-arias-una-gauchita-bien-saltena_832499,Cadena 3,"Paola Arias, una gauchita bien salteña","Paola Arias, una gauchita bien salteña"
https://www.cadena3.com/audio/radioinforme-3/empujaron-a-un-alumno-de-la-ventana-de-un-hotel-en-bariloche_832516,Cadena 3,Empujaron a un alumno de la ventana de un hotel en Bariloche,Empujaron a un alumno de la ventana de un hotel en Bariloche
https://www.cadena3.com/noticia/sociedad/ahora-12-ultimas-horas-para-comprar-con-3-meses-de-gracia_287566,Cadena 3,Ahora 12: últimas horas para comprar con 3 meses de gracia,Ahora 12: últimas horas para comprar con 3 meses de gracia
https://www.cadena3.com/noticia/radioinforme-3/exitoso-reimplante-de-una-mano-en-el-hospital-de-urgencias_287565,Cadena 3,Exitoso reimplante de una mano en el Hospital de Urgencias,Exitoso reimplante de una mano en el Hospital de Urgencias
https://www.cadena3.com/noticia/radioinforme-3/la-municipalidad-presento-su-nuevo-portal-de-tramites-online_287561,Cadena 3,La Municipalidad presentó su nuevo portal de trámites online,La Municipalidad presentó su nuevo portal de trámites online
https://www.cadena3.com/noticia/espectaculos/duro-reproche-de-martitegui-a-rincon-por-su-rol-de-capitana_287555,Cadena 3,Duro reproche de Martitegui a Rincón por su rol de capitana,Duro reproche de Martitegui a Rincón por su rol de capitana
https://www.cadena3.com/noticia/politica-y-economia/prohibieron-la-salida-del-pais-a-pepin-rodriguez-simon_287560,Cadena 3,Prohibieron la salida del país a Pepín Rodríguez Simón,Prohibieron la salida del país a Pepín Rodríguez Simón
https://www.cadena3.com/noticia/radioinforme-3/carla-vizzotti-justifico-a-costa-por-vacunar-a-los-duhalde_287563,Cadena 3,Carla Vizzotti justificó a Costa por vacunar a los Duhalde,Carla Vizzotti justificó a Costa por vacunar a los Duhalde
https://www.cadena3.com/noticia/sociedad/llega-esta-tarde-el-decimo-vuelo-con-mas-vacunas-sputnik-v_287568,Cadena 3,Llega esta tarde el décimo vuelo con más vacunas Sputnik V,Llega esta tarde el décimo vuelo con más vacunas Sputnik V
https://descubri.cadena3.com/noticia.asp?categoria=cordoba&titulo=una-isla-verde-de-bosque-nativo-en-las-salinas-de-cordoba&id=287558,Cadena 3,Una isla verde de bosque nativo en las Salinas de Córdoba,Una isla verde de bosque nativo en las Salinas de Córdoba
https://descubri.cadena3.com/noticia.asp?categoria=cordoba&titulo=el-pueblito-cordobes-que-cambio-la-mineria-por-el-turismo&id=287570,Cadena 3,El pueblito cordobés que cambió la minería por el turismo,El pueblito cordobés que cambió la minería por el turismo
https://www.losandes.com.ar/mas-deportes/fin-de-semana-a-puro-rugby-los-clasificados-a-la-copa-de-oro-en-el-masculino-y-la-segunda-fecha-de-las-chicas-en-san-rafael,Los Andes,Fin de semana a puro rugby: los clasificados a la Copa de Oro en el masculino y la segunda fecha de las chicas en San Rafael,Fin de semana a puro rugby: los clasificados a la Copa de Oro en el masculino y la segunda fecha de las chicas en San Rafael
https://www.losandes.com.ar/mas-deportes/windsurf-en-potrerillos-marcos-quiroga-y-celina-saubidet-se-aseguraron-el-boleto-a-los-panamericano-en-colombia/,Los Andes,Windsurf en Potrerillos: Marcos Quiroga y Celina Saubidet se aseguraron el boleto a los Panamericano en Colombia,Windsurf en Potrerillos: Marcos Quiroga y Celina Saubidet se aseguraron el boleto a los Panamericano en Colombia
https://www.diariouno.com.ar/politica/un-sector-del-pd-pide-volver-la-alianza-cambia-mendoza-n820820,Diario Uno,Un sector del PD pide volver a la alianza Cambia Mendoza,Un sector del PD pide volver a la alianza Cambia Mendoza
https://www.diariouno.com.ar/sociedad/preocupacion-lavalle-el-aumento-delitos-la-zona-rural-n820766,Diario Uno,Preocupación en Lavalle por el aumento de delitos en la zona rural,Preocupación en Lavalle por el aumento de delitos en la zona rural
https://www.diariouno.com.ar/sociedad/afip-extendio-el-plazo-el-pago-del-aporte-solidario-n821021,Diario Uno,AFIP extendió el plazo para el pago del aporte solidario,AFIP extendió el plazo para el pago del aporte solidario
https://www.diariouno.com.ar/futbol/matias-viguet-me-saco-el-sombrero-maipu-n820983,Diario Uno,"Matías Viguet: ""Me saco el sombrero por Maipú""","Matías Viguet: ""Me saco el sombrero por Maipú"""
https://www.diariouno.com.ar/sociedad/anses-como-sigue-la-atencion-todo-el-pais-n821019,Diario Uno,ANSES: cómo sigue la atención en todo el país,ANSES: cómo sigue la atención en todo el país
https://www.perfil.com/noticias/sociedad/municipio-por-municipio-cuales-son-las-restricciones-del-conurbano-bonaerense.phtml,Perfil,"Municipio por municipio, cuáles son las restricciones del Conurbano bonaerense","Municipio por municipio, cuáles son las restricciones del Conurbano bonaerense"
https://www.perfil.com/noticias/politica/encuesta-mario-arcioni-y-juan-manzur-entre-los-gobernadores-con-mas-imagen-negativa.phtml,Perfil,"Encuesta: Mariano Arcioni y Juan Manzur, entre los gobernadores con mayor imagen negativa","Encuesta: Mariano Arcioni y Juan Manzur, entre los gobernadores con mayor imagen negativa"
https://www.perfil.com/noticias/internacional/comenzo-ayer-el-juicio-por-el-crimen-de-george-floyd.phtml,Perfil,Comenzó ayer el juicio por el crimen de George Floyd,Comenzó ayer el juicio por el crimen de George Floyd
https://www.perfil.com/noticias/politica/el-senado-comenzara-a-tratar-en-comisiones-las-reformas-de-ganancias-y-del-regimen-del-monotributo.phtml,Perfil,El Senado comenzará a tratar en comisiones las reformas de Ganancias y del régimen del monotributo,El Senado comenzará a tratar en comisiones las reformas de Ganancias y del régimen del monotributo
https://www.infobae.com/america/america-latina/2021/03/30/los-brasilenos-continuan-viajando-pese-a-las-restricciones-por-el-covid-19-y-el-colapso-hospitalario/,Infobae,Los brasileños continúan viajando pese a las restricciones por el COVID-19 y el colapso hospitalario,Los brasileños continúan viajando pese a las restricciones por el COVID-19 y el colapso hospitalario
https://www.infobae.com/politica/2021/03/30/coronavirus-la-ciudad-de-buenos-aires-registro-ayer-el-dia-con-mayor-cantidad-de-contagios/,Infobae,Coronavirus: la Ciudad de Buenos Aires registró ayer el día con mayor cantidad de contagios,Coronavirus: la Ciudad de Buenos Aires registró ayer el día con mayor cantidad de contagios
https://www.infobae.com/politica/2021/03/30/en-que-paises-estan-los-37-mil-argentinos-que-se-fueron-por-turismo-en-los-ultimos-meses-y-se-les-complicara-el-regreso/,Infobae,En qué países están los 37 mil argentinos que se fueron por turismo en los últimos meses y se les complicará el regreso,En qué países están los 37 mil argentinos que se fueron por turismo en los últimos meses y se les complicará el regreso
https://www.infobae.com/economia/2021/03/30/tras-una-gira-con-pobres-resultados-martin-guzman-se-quedo-sin-agenda-propia-hasta-las-elecciones/,Infobae,"Tras una gira con pobres resultados, Martín Guzmán se quedó sin agenda propia hasta las elecciones","Tras una gira con pobres resultados, Martín Guzmán se quedó sin agenda propia hasta las elecciones"
https://www.infobae.com/america/mundo/2021/03/30/italia-impondra-una-cuarentena-de-cinco-dias-a-los-viajeros-procedentes-de-la-union-europea/,Infobae,Italia impondrá una cuarentena de cinco días a los viajeros procedentes de la Unión Europea,Italia impondrá una cuarentena de cinco días a los viajeros procedentes de la Unión Europea
https://www.infobae.com/america/deportes/2021/03/30/ronaldo-intimo-el-origen-de-su-nombre-su-encuentro-con-jordan-y-por-que-le-pide-perdon-a-todas-las-madres/,Infobae,"Ronaldo, íntimo: el origen de su nombre, su encuentro con Jordan y por qué le pide perdón a todas las madres","Ronaldo, íntimo: el origen de su nombre, su encuentro con Jordan y por qué le pide perdón a todas las madres"
https://www.infobae.com/america/agencias/2021/03/30/el-plan-de-china-para-instalar-patriotas-en-hong-kong/,Infobae,"El plan de China para instalar ""patriotas"" en Hong Kong","El plan de China para instalar ""patriotas"" en Hong Kong"
https://www.infobae.com/america/colombia/2021/03/30/desde-este-30-de-marzo-esta-disponible-un-nuevo-pago-del-subsidio-colombia-mayor/,Infobae,Desde este 30 de marzo está disponible un nuevo pago del subsidio ‘Colombia Mayor’,Desde este 30 de marzo está disponible un nuevo pago del subsidio ‘Colombia Mayor’
https://www.infobae.com/america/agencias/2021/03/30/la-rapida-floracion-de-los-cerezos-bate-records-en-japon/,Infobae,La rápida floración de los cerezos bate récords en Japón,La rápida floración de los cerezos bate récords en Japón
https://www.infobae.com/america/agencias/2021/03/30/dolar-hoy-en-costa-rica-cotizacion-del-colon-costarricense-al-dolar-estadounidense-del-30-de-marzo-usd-crc/,Infobae,Dólar hoy en Costa Rica: cotización del colón costarricense al dólar estadounidense del 30 de marzo. USD CRC,Dólar hoy en Costa Rica: cotización del colón costarricense al dólar estadounidense del 30 de marzo. USD CRC
https://www.infobae.com/america/mundo/2021/03/30/rusia-busca-que-china-e-india-fabriquen-las-vacunas-sputnik-v-que-no-puede-producir-localmente/,Infobae,Rusia busca que China e India fabriquen las vacunas Sputnik V que no puede producir localmente,Rusia busca que China e India fabriquen las vacunas Sputnik V que no puede producir localmente
https://www.infobae.com/america/agencias/2021/03/30/arabia-saudita-quiere-que-opep-extienda-recortes-de-suministros-hasta-junio-fuentes-2/,Infobae,Arabia Saudita quiere que OPEP+ extienda recortes de suministros hasta junio: fuentes,Arabia Saudita quiere que OPEP+ extienda recortes de suministros hasta junio: fuentes
https://www.infobae.com/america/agencias/2021/03/30/manifestantes-de-myanmar-lanzan-huelga-de-la-basura-muertos-por-represion-superan-los-500-2/,Infobae,"Manifestantes de Myanmar lanzan ""huelga de la basura"", muertos por represión superan los 500","Manifestantes de Myanmar lanzan ""huelga de la basura"", muertos por represión superan los 500"
https://www.infobae.com/america/colombia/2021/03/30/fiscal-barbosa-viajo-a-eeuu-para-afianzar-la-cooperacion-judicial/,Infobae,Fiscal Barbosa viajó a EE.UU. para afianzar la cooperación judicial,Fiscal Barbosa viajó a EE.UU. para afianzar la cooperación judicial
https://www.infobae.com/america/mundo/2021/03/30/un-grupo-de-lideres-mundiales-promueven-un-tratado-internacional-contra-futuras-pandemias/,Infobae,Un grupo de líderes mundiales promueve un tratado internacional contra futuras pandemias,Un grupo de líderes mundiales promueve un tratado internacional contra futuras pandemias
https://www.infobae.com/america/agencias/2021/03/30/ciencia-momias-de-loros-en-atacama-apuntan-a-un-antiguo-comercio-en-la-region/,Infobae,Ciencia.-Momias de loros en Atacama apuntan a un antiguo comercio en la región,Ciencia.-Momias de loros en Atacama apuntan a un antiguo comercio en la región
https://www.infobae.com/america/agencias/2021/03/30/euro-hoy-en-cuba-cotizacion-del-peso-cubano-al-euro-del-30-de-marzo-eur-cup/,Infobae,Euro hoy en Cuba: cotización del peso cubano al euro del 30 de marzo. EUR CUP,Euro hoy en Cuba: cotización del peso cubano al euro del 30 de marzo. EUR CUP
https://www.infobae.com/america/agencias/2021/03/30/ciencia-reciclar-neumaticos-en-grafeno-para-producir-hormigon-mas-fuerte/,Infobae,Ciencia.-Reciclar neumáticos en grafeno para producir hormigón más fuerte,Ciencia.-Reciclar neumáticos en grafeno para producir hormigón más fuerte
https://www.infobae.com/america/agencias/2021/03/30/runido-la-policia-de-londres-actuo-apropiadamente-durante-la-vigilia-de-sarah-everard-segun-una-inspeccion/,Infobae,"R.Unido.- La Policía de Londres ""actuó apropiadamente"" durante la vigilia de Sarah Everard, según una inspección","R.Unido.- La Policía de Londres ""actuó apropiadamente"" durante la vigilia de Sarah Everard, según una inspección"
https://www.infobae.com/america/colombia/2021/03/30/cinco-indigenas-habrian-abusado-sexualmente-de-una-madre-y-su-hija-tras-intimidarlas-con-flechas/,Infobae,Cinco indígenas habrían abusado sexualmente de una madre y su hija tras intimidarlas con flechas,Cinco indígenas habrían abusado sexualmente de una madre y su hija tras intimidarlas con flechas
https://www.infobae.com/america/colombia/2021/03/30/conozca-como-representar-a-colombia-en-la-copa-mundial-de-emprendimiento-2021/,Infobae,Conozca cómo representar a Colombia en la Copa Mundial de Emprendimiento 2021,Conozca cómo representar a Colombia en la Copa Mundial de Emprendimiento 2021
https://www.infobae.com/america/agencias/2021/03/30/japon-el-banco-japones-mufg-asumira-mas-de-250-millones-en-perdidas-por-culpa-de-un-cliente-de-eeuu/,Infobae,"Japón.- El banco japonés MUFG asumirá más de 250 millones en pérdidas por culpa ""de un cliente de EEUU""","Japón.- El banco japonés MUFG asumirá más de 250 millones en pérdidas por culpa ""de un cliente de EEUU"""
https://www.eldestapeweb.com/politica/maximo-kirchner/maximo-kirchner-ya-trabaja-en-el-acuerdo-con-la-oposicion-para-presentarle-al-fmi-20213306450,Destape Web,Máximo Kirchner ya trabaja en el acuerdo con la oposición para presentarle al FMI,Máximo Kirchner ya trabaja en el acuerdo con la oposición para presentarle al FMI
https://www.eldestapeweb.com/economia/martin-guzman/las-claves-del-viaje-de-martin-guzman-a-europa-reestructurar-la-deuda-con-el-club-de-paris-y-buscar-apoyo-con-el-fmi-20213308410,Destape Web,Las claves del viaje de Martín Guzmán a Europa: reestructurar la deuda con el Club de París y buscar apoyo con el FMI,Las claves del viaje de Martín Guzmán a Europa: reestructurar la deuda con el Club de París y buscar apoyo con el FMI
https://www.eldestapeweb.com/politica/impuesto-a-las-ganancias/el-senado-comienza-a-debatir-el-proyecto-de-ganancias-para-sesionar-la-proxima-semana-20213308370,Destape Web,El Senado comienza a debatir el proyecto de Ganancias para sesionar la próxima semana,El Senado comienza a debatir el proyecto de Ganancias para sesionar la próxima semana
https://www.pagina12.com.ar/332637-la-afip-prorrogo-el-plazo-para-el-pago-del-aporte-extraordin,Pagina12,La Afip prorrogó el plazo para el pago del aporte extraordinario de las grandes fortunas,La Afip prorrogó el plazo para el pago del aporte extraordinario de las grandes fortunas
https://www.cronica.com.ar/policiales/El-comisario-acusado-de-intentar-violar-a-una-chica-en-un-patrullero-no-quiso-declarar-20210330-0018.html,Cronica,El comisario acusado de intentar violar a una chica en un patrullero no quiso declarar,El comisario acusado de intentar violar a una chica en un patrullero no quiso declarar
https://www.cronica.com.ar/politica/La-Provincia-anuncia-medidas-ante-una-segunda-ola-de-coronavirus-20210330-0021.html,Cronica,La Provincia anuncia medidas ante una segunda ola de coronavirus,La Provincia anuncia medidas ante una segunda ola de coronavirus
https://www.cronica.com.ar/info-general/Hugo-Maradona-revelo-sus-experiencias-paranormales-relacionadas-con-Diego-20210330-0017.html,Cronica,Hugo Maradona reveló sus experiencias paranormales relacionadas con Diego,Hugo Maradona reveló sus experiencias paranormales relacionadas con Diego
https://www.lavoz.com.ar/ciudadanos/llegaron-a-cordoba-20-mil-dosis-de-vacunas-de-astrazeneca,La Voz,Llegaron a Córdoba 20 mil dosis de vacunas de AstraZeneca,Llegaron a Córdoba 20 mil dosis de vacunas de AstraZeneca
https://www.lavoz.com.ar/ciudadanos/exitoso-reimplante-de-mano-en-hospital-de-urgencias-de-cordoba,La Voz,Exitoso reimplante de mano en el Hospital de Urgencias de Córdoba,Exitoso reimplante de mano en el Hospital de Urgencias de Córdoba
https://www.lavoz.com.ar/mundo/coronavirus-oms-y-china-coinciden-en-que-origen-del-virus-es-animal,La Voz,Coronavirus: la OMS y China coinciden en que el origen del virus es animal,Coronavirus: la OMS y China coinciden en que el origen del virus es animal
https://www.lavoz.com.ar/sucesos/armado-salio-a-defender-a-una-mujer-victima-de-un-robo-baleo-al-delincuente-y-a-otra-vecina,La Voz,"Armado, salió a defender a una mujer víctima de un robo: baleó al delincuente y a otra vecina","Armado, salió a defender a una mujer víctima de un robo: baleó al delincuente y a otra vecina"
https://www.lavoz.com.ar/politica/justicia-investiga-envio-de-60-dosis-de-sputnik-v-a-calafate,La Voz,La Justicia investiga el envío de 60 dosis de la Sputnik V a El Calafate,La Justicia investiga el envío de 60 dosis de la Sputnik V a El Calafate
https://www.ambito.com/mundo/italia/alemania-e-imponen-controles-mas-severos-los-turistas-frenar-el-coronavirus-n5180560,Ambito,Alemania e Italia imponen controles más severos a los turistas para frenar el coronavirus,Alemania e Italia imponen controles más severos a los turistas para frenar el coronavirus
https://www.ambito.com/ambito-nacional/covid-19/kicillof-habilita-el-trabajo-remoto-empleados-la-administracion-publica-n5180559,Ambito,Kicillof habilita el trabajo remoto a empleados de la administración pública,Kicillof habilita el trabajo remoto a empleados de la administración pública
https://www.ambito.com/negocios/google/maps-comenzara-dirigir-los-conductores-rutas-ecoamigables-n5180555,Ambito,"Google Maps comenzará a dirigir a los conductores por rutas ""ecoamigables""","Google Maps comenzará a dirigir a los conductores por rutas ""ecoamigables"""
https://www.ambito.com/opiniones/bitcoin/quienes-son-los-nuevos-inversores-las-criptomonedas-n5180565,Ambito,¿Quiénes son los nuevos inversores de las criptomonedas?,¿Quiénes son los nuevos inversores de las criptomonedas?
https://www.ambito.com/politica/coronavirus/la-provincia-restringe-la-circulacion-nocturna-y-limita-las-reuniones-familiares-10-personas-n5180556,Ambito,La Provincia anuncia nuevas restricciones para frenar el avance del coronavirus,La Provincia anuncia nuevas restricciones para frenar el avance del coronavirus
https://www.ambito.com/informacion-general/whatsapp/por-que-archivar-chats-puede-afectar-tu-celular-n5180551,Ambito,Por qué archivar chats de WhatsApp puede afectar tu celular,Por qué archivar chats de WhatsApp puede afectar tu celular
https://www.clarin.com/economia/justicia-nueva-york-fallo-argentina-cupon-pbi-gobierno-cristina-kirchner_0_8mKpxL1qR.html,Clarin,Manipulación kirchnerista de los datos del PBI: otro juicio que la Argentina puede perder,Manipulación kirchnerista de los datos del PBI: otro juicio que la Argentina puede perder
https://www.clarin.com/ciudades/coronavirus-ciudad-lunes-dia-casos-registrados-inicio-pandemia_0_84BVIXlf_.html,Clarin,Coronavirus: la Ciudad tuvo este lunes el día de más casos registrados desde el inicio de la pandemia,Coronavirus: la Ciudad tuvo este lunes el día de más casos registrados desde el inicio de la pandemia
https://www.clarin.com/economia/dolar-hoy-cotizan-oficial-diferentes-tipos-cambio-martes-30-marzo_0_rLGyZz3ll.html,Clarin,Dólar hoy: a cuánto cotizan el oficial y sus diferentes tipos de cambio este martes 30 de marzo,Dólar hoy: a cuánto cotizan el oficial y sus diferentes tipos de cambio este martes 30 de marzo
https://www.clarin.com/economia/martin-guzman-viaja-europa-negociar-deuda-club-paris_0_tXXRk_R0R.html,Clarin,Martín Guzmán viaja a Europa a negociar la deuda del Club de París,Martín Guzmán viaja a Europa a negociar la deuda del Club de París
https://www.clarin.com/sociedad/lenguaje-inclusivo-inta-recomiendan-usar-marido-mujer-_0_cCaTsf1rB.html,Clarin,"Lenguaje inclusivo en el INTA: recomiendan no usar ""marido y mujer""","Lenguaje inclusivo en el INTA: recomiendan no usar ""marido y mujer"""
https://www.clarin.com/sociedad/video-escandalo-enfermera-esposada-policia-longchamps_0_yqVNC7hJy.html,Clarin,Video: escándalo por una enfermera esposada por una policía en una guardia de Longchamps,Video: escándalo por una enfermera esposada por una policía en una guardia de Longchamps
https://www.clarin.com/deportes/sebastian-driussi-aguanta-ganas-volver-river-puede-regresar_0_kgkJCD_cj.html,Clarin,"Sebastián Driussi ""no aguanta más"" sus ganas de volver a River: cuándo puede regresar","Sebastián Driussi ""no aguanta más"" sus ganas de volver a River: cuándo puede regresar"
https://www.clarin.com/rural/traccionado-demanda-china-exportaciones-carne-vacuna-crecieron-22-primer-bimestre-ano_0_DY8nTEJ13.html,Clarin,"Traccionado por la demanda de China, las exportaciones de carne vacuna crecieron un 22% en el primer bimestre","Traccionado por la demanda de China, las exportaciones de carne vacuna crecieron un 22% en el primer bimestre"
https://www.clarin.com/politica/senado-crece-tension-puertas-adentro-bloque-k-proyecto-inesperadamente-trabo-diputados_0_2wrwOqyZI.html,Clarin,Senado: crece la tensión puertas adentro del bloque K por un proyecto que inesperadamente se trabó en,Senado: crece la tensión puertas adentro del bloque K por un proyecto que inesperadamente se trabó en
https://www.cronista.com/economia-politica/segunda-ola-la-argentina-volvio-a-superar-los-14-mil-casos-de-coronavirus-diarios/,Cronista,Segunda ola: la Argentina volvió a superar los 14 mil casos de coronavirus diarios,Segunda ola: la Argentina volvió a superar los 14 mil casos de coronavirus diarios
https://www.cronista.com/economia-politica/594953/,Cronista,Cupón-PBI: revés para Argentina una causa por la manipulación de estadísticas,Cupón-PBI: revés para Argentina una causa por la manipulación de estadísticas
https://www.cronista.com/economia-politica/coronavirus-segunda-ola-la-provincia-suspende-actividades-de-2-a-6-de-la-manana-en-110-municipios/,Cronista,La Provincia suspende actividades de 2 a 6 de la mañana en 110 municipios por la suba de casos,La Provincia suspende actividades de 2 a 6 de la mañana en 110 municipios por la suba de casos
https://www.cronista.com/informacion-gral/semana-santa-2021-requisitos-para-viajar-por-argentina/,Cronista,"Lo que hay que saber para viajar en Semana Santa: requisitos, declaración jurada y cómo tramitarlos","Lo que hay que saber para viajar en Semana Santa: requisitos, declaración jurada y cómo tramitarlos"
https://www.cronista.com/economia-politica/impuesto-a-la-riqueza-afip-prorroga-el-pago-del-aporte-solidario-y-la-presentacion-de-la-declaracion-jurada/,Cronista,Oficializan la prórroga para pagar el impuesto a la riqueza y presentar la declaración jurada,Oficializan la prórroga para pagar el impuesto a la riqueza y presentar la declaración jurada
https://www.cronista.com/economia-politica/guillermo-moreno-llamo-usurpador-a-alberto-fernandez-y-convoca-a-desafiliacion-masiva-del-pj/,Cronista,"Guillermo Moreno convoca a los peronistas a desafiliarse: ""Fernández es un usurpador""","Guillermo Moreno convoca a los peronistas a desafiliarse: ""Fernández es un usurpador"""
https://www.baenegocios.com/mundo/Las-noticias-destacadas-del-mundo-hoy-martes-30-de-marzo-20210330-0029.html,BAE Negocios,Las noticias destacadas del mundo hoy martes 30 de marzo,Las noticias destacadas del mundo hoy martes 30 de marzo
https://www.baenegocios.com/mundo/Francia-reporta-que-casi-el-90-de-las-camas-en-terapia-intensiva-estan-ocupadas-20210330-0015.html,BAE Negocios,Francia reporta que casi el 90% de las camas en terapia intensiva están ocupadas,Francia reporta que casi el 90% de las camas en terapia intensiva están ocupadas
https://www.baenegocios.com/mundo/Brasil-registra-1.660-muertos-por-COVID-19-y-se-acerca-a-los-315.000-20210329-0211.html,BAE Negocios,Brasil registra 1.660 muertos por COVID-19 y se acerca a los 315.000,Brasil registra 1.660 muertos por COVID-19 y se acerca a los 315.000
https://www.baenegocios.com/Politica/Que-hacen-Alberto-Fernandez-y-sus-ministros-hoy-30-de-marzo-20210330-0030.html,BAE Negocios,¿Que hacen Alberto Fernández y sus ministros hoy 30 de marzo?,¿Que hacen Alberto Fernández y sus ministros hoy 30 de marzo?
https://www.lanacion.com.ar/el-mundo/estalla-la-crisis-politica-el-brasil-bolsonaro-perdio-a-su-canciller-y-cambio-a-cinco-ministros-nid29032021/,La Nacion,Estalla la crisis política en Brasil: Bolsonaro perdió a su canciller y cambió a cinco ministros,Estalla la crisis política en Brasil: Bolsonaro perdió a su canciller y cambió a cinco ministros
https://www.lanacion.com.ar/sociedad/coronavirus-en-argentina-casos-en-independencia-la-rioja-al-30-de-marzo-nid30032021/,La Nacion,"Coronavirus en Argentina: casos en Independencia, La Rioja al 30 de marzo","Coronavirus en Argentina: casos en Independencia, La Rioja al 30 de marzo"
https://www.lanacion.com.ar/cultura/una-seleccion-argentina-de-ilustradores-en-el-mundial-de-la-feria-del-libro-infantil-mas-prestigiosa-nid30032021/,La Nacion,Una selección argentina de ilustradores en el mundial de la Feria del Libro infantil más prestigiosa,Una selección argentina de ilustradores en el mundial de la Feria del Libro infantil más prestigiosa
https://www.lanacion.com.ar/buenos-aires/cambian-hoy-las-paradas-de-colectivos-en-el-centro-de-trasbordo-de-constitucion-asi-quedan-nid30032021/,La Nacion,Cambian hoy las paradas de colectivos en el Centro de Trasbordo de Constitución: así quedan,Cambian hoy las paradas de colectivos en el Centro de Trasbordo de Constitución: así quedan
https://www.lanacion.com.ar/el-mundo/coronavirus-hoy-en-alemania-cuantos-casos-se-registran-al-30-de-marzo-nid30032021/,La Nacion,Coronavirus hoy en Alemania: cuántos casos se registran al 30 de Marzo,Coronavirus hoy en Alemania: cuántos casos se registran al 30 de Marzo
https://www.lanacion.com.ar/politica/elecciones-2021-los-politicos-se-preparan-para-una-campana-atipica-por-la-pandemia-y-el-malestar-nid30032021/,La Nacion,Elecciones 2021. Los políticos se preparan para una campaña “atípica” por la pandemia y el malestar social,Elecciones 2021. Los políticos se preparan para una campaña “atípica” por la pandemia y el malestar social
https://www.lanacion.com.ar/politica/advierten-que-aumento-la-ocupacion-de-camas-criticas-en-hospitales-bonaerenses-nid30032021/,La Nacion,Advierten que aumentó la ocupación de camas críticas en hospitales bonaerenses,Advierten que aumentó la ocupación de camas críticas en hospitales bonaerenses
https://www.lanacion.com.ar/politica/la-provincia-anuncia-medidas-la-progresion-explosiva-de-casos-de-covid-pone-en-serio-riesgo-la-nid30032021/,La Nacion,La provincia anuncia medidas: “La progresión explosiva de casos de Covid pone en serio riesgo la capacidad del sistema”,La provincia anuncia medidas: “La progresión explosiva de casos de Covid pone en serio riesgo la capacidad del sistema”
https://www.lanacion.com.ar/seguridad/el-74-de-los-usuarios-de-armas-tienen-sus-permisos-vencidos-nid30032021/,La Nacion,Preocupación: el 74% de los usuarios de armas tienen sus permisos vencidos,Preocupación: el 74% de los usuarios de armas tienen sus permisos vencidos
https://www.lanacion.com.ar/el-mundo/que-salio-mal-en-el-canal-de-suez-la-pregunta-que-puede-costar-miles-de-millones-de-dolares-nid30032021/,La Nacion,¿Qué salió mal en el Canal de Suez? La pregunta que puede costar miles de millones de dólares,¿Qué salió mal en el Canal de Suez? La pregunta que puede costar miles de millones de dólares
https://www.lanacion.com.ar/deportes/diego-schwartzman-se-mide-ante-sebastian-korda-por-los-octavos-del-masters-1000-de-miami-nid30032021/,La Nacion,Diego Schwartzman se mide ante Sebastian Korda por los octavos del Masters 1000 de Miami,Diego Schwartzman se mide ante Sebastian Korda por los octavos del Masters 1000 de Miami
https://www.cadena3.com/audio/otra-mirada/otra-vez-cerrar-los-colegios_832527,Cadena 3,Otra vez cerrar los colegios,Otra vez cerrar los colegios
https://www.cadena3.com/noticia/radioinforme-3/desesperada-situacion-de-los-varados-en-paso-de-los-libres_287571,Cadena 3,Desesperada situación de los varados en Paso de los Libres,Desesperada situación de los varados en Paso de los Libres
https://www.cadena3.com/noticia/radioinforme-3/esposan-a-una-enfermera-por-no-extraer-sangre-a-un-preso_287575,Cadena 3,Esposan a una enfermera por no extraer sangre a un preso,Esposan a una enfermera por no extraer sangre a un preso
https://www.cadena3.com/noticia/siempre-juntos/policia-le-rompio-el-cuello-a-una-mujer-luego-de-someterla_287577,Cadena 3,"Policía le rompió el cuello a una mujer, luego de someterla","Policía le rompió el cuello a una mujer, luego de someterla"
https://www.cadena3.com/noticia/boca-juniors/wanchope-llego-a-estados-unidos-para-sumarse-a-la-mls_287576,Cadena 3,Wanchope llegó a Estados Unidos para sumarse a la MLS,Wanchope llegó a Estados Unidos para sumarse a la MLS
https://www.losandes.com.ar/mas-deportes/flick-el-dueno-de-la-noche-liguera-de-hockey-sobre-cesped-en-godoy-cruz/,Los Andes,"Flick, el dueño de la noche liguera de hockey sobre césped en Godoy Cruz","Flick, el dueño de la noche liguera de hockey sobre césped en Godoy Cruz"
https://www.losandes.com.ar/economia/paro-y-protestas-en-el-sector-vitvinicola-reclaman-salarios-que-se-equiparen-a-la-canasta-basica/,Los Andes,Paro y protestas en el sector vitvinícola: reclaman salarios que se equiparen a la Canasta Básica,Paro y protestas en el sector vitvinícola: reclaman salarios que se equiparen a la Canasta Básica
https://www.losandes.com.ar/sociedad/el-significado-de-los-numeros-en-los-suenos/,Los Andes,El significado de los números en los sueños,El significado de los números en los sueños
https://www.losandes.com.ar/mundo/el-bloqueo-en-el-canal-de-suez-puso-en-evidencia-la-fragilidad-de-la-produccion-just-in-time/,Los Andes,El bloqueo en el canal de Suez puso en evidencia la fragilidad de la producción ‘just in time’,El bloqueo en el canal de Suez puso en evidencia la fragilidad de la producción ‘just in time’
https://www.losandes.com.ar/da-la-nota/las-fotos-de-benjamin-vicuna-con-un-sonriente-amancio-a-8-meses-de-su-nacimiento/,Los Andes,Las fotos de Benjamín Vicuña con un sonriente Amancio a 8 meses de su nacimiento,Las fotos de Benjamín Vicuña con un sonriente Amancio a 8 meses de su nacimiento
https://www.losandes.com.ar/economia/una-jueza-fallo-en-contra-de-argentina-por-manipular-los-datos-del-pbi-durante-en-kirchnerismo/,Los Andes,Una jueza falló en contra de Argentina por manipular los datos del PBI durante el Kirchnerismo,Una jueza falló en contra de Argentina por manipular los datos del PBI durante el Kirchnerismo
https://www.losandes.com.ar/mas-deportes/fin-de-semana-a-puro-rugby-los-clasificados-a-la-copa-de-oro-en-el-masculino-y-la-segunda-fecha-de-las-chicas-en-san-rafael/,Los Andes,Fin de semana a puro rugby: los clasificados a la Copa de Oro en el masculino y la segunda fecha de las chicas en San Rafael,Fin de semana a puro rugby: los clasificados a la Copa de Oro en el masculino y la segunda fecha de las chicas en San Rafael
https://www.losandes.com.ar/sociedad/arribara-hoy-otro-vuelo-con-300-mil-dosis-de-sputnik-v-y-argentina-llegara-a-los-57-millones-de-vacunas/,Los Andes,"Arribará hoy otro vuelo con 300 mil dosis de Sputnik V y Argentina llegará a los 5,7 millones de vacunas","Arribará hoy otro vuelo con 300 mil dosis de Sputnik V y Argentina llegará a los 5,7 millones de vacunas"
https://www.diariouno.com.ar/economia/suarez-salio-auxilio-las-bodegas-radicadas-mendoza-n821058,Diario Uno,Suarez salió en auxilio de las bodegas radicadas en Mendoza,Suarez salió en auxilio de las bodegas radicadas en Mendoza
https://www.perfil.com/noticias/coronavirus/covid-19-en-la-ciudad-buenos-aires-el-29-de-marzo-se-registro-la-mayor-cantidad-de-contagios.phtml,Perfil,COVID-19 en la Ciudad Buenos Aires: el 29 de marzo se registró la mayor cantidad de contagios,COVID-19 en la Ciudad Buenos Aires: el 29 de marzo se registró la mayor cantidad de contagios
https://www.perfil.com/noticias/policia/este-martes-se-conocera-la-sentencia-contra-eugenio-veppo-el-periodista-que-mato-a-una-agente-de-transito.phtml,Perfil,Caso Veppo: este martes se conocerá la sentencia contra el periodista que mató a una agente de tránsito,Caso Veppo: este martes se conocerá la sentencia contra el periodista que mató a una agente de tránsito
https://www.perfil.com/noticias/policia/una-enfermera-fue-esposada-porque-se-nego-a-extraerle-sangre-a-un-detenido.phtml,Perfil,Una enfermera fue esposada porque se negó a extraerle sangre a un detenido,Una enfermera fue esposada porque se negó a extraerle sangre a un detenido
https://tn.com.ar/agencias/reuters/2021/03/30/forex-dolar-avanza-por-apuestas-de-recuperacion-economica-en-eeuu/,TN,FOREX-Dólar avanza por apuestas de recuperación económica en EEUU,FOREX-Dólar avanza por apuestas de recuperación económica en EEUU
https://www.infobae.com/america/mundo/2021/03/30/pfizer-y-biontech-anunciaron-que-proyectan-fabricar-este-ano-2500-millones-de-dosis-de-vacunas-contra-el-covid-19/,Infobae,Pfizer y BioNTech anunciaron que proyectan fabricar este año 2.500 millones de dosis de vacunas contra el COVID-19,Pfizer y BioNTech anunciaron que proyectan fabricar este año 2.500 millones de dosis de vacunas contra el COVID-19
https://www.infobae.com/america/agencias/2021/03/30/apertura-del-petroleo-brent-del-30-de-marzo/,Infobae,Apertura del Petróleo Brent del 30 de marzo,Apertura del Petróleo Brent del 30 de marzo
https://www.infobae.com/america/agencias/2021/03/30/apertura-del-soja-del-30-de-marzo/,Infobae,Apertura del Soja del 30 de marzo,Apertura del Soja del 30 de marzo
https://www.infobae.com/america/entretenimiento/2021/03/30/chris-perez-recordo-la-tragica-muerte-de-su-esposa-selena-quintanilla-fue-traumatico-extrano-su-rostro-su-risa/,Infobae,"Chris Pérez recordó la trágica muerte de su esposa Selena Quintanilla: “Fue traumático, extraño su rostro, su risa”","Chris Pérez recordó la trágica muerte de su esposa Selena Quintanilla: “Fue traumático, extraño su rostro, su risa”"
https://www.infobae.com/america/colombia/2021/03/30/asi-es-el-transtorno-de-sueno-que-padece-camilo/,Infobae,Así es el transtorno de sueño que padece Camilo,Así es el transtorno de sueño que padece Camilo
https://www.infobae.com/america/agencias/2021/03/30/coronavirus-israel-detecta-una-nueva-variante-del-coronavirus-y-dice-que-no-es-significativa-a-nivel-clinico/,Infobae,"Coronavirus.- Israel detecta una nueva variante del coronavirus y dice que ""no es significativa a nivel clínico""","Coronavirus.- Israel detecta una nueva variante del coronavirus y dice que ""no es significativa a nivel clínico"""
https://www.infobae.com/america/agencias/2021/03/30/espana-av-el-parlament-de-cataluna-rechaza-de-nuevo-investir-a-aragones-y-activa-el-reloj-de-las-elecciones/,Infobae,España.-AV.- El Parlament de Cataluña rechaza de nuevo investir a Aragonès y activa el reloj de las elecciones,España.-AV.- El Parlament de Cataluña rechaza de nuevo investir a Aragonès y activa el reloj de las elecciones
https://www.infobae.com/america/agencias/2021/03/30/cameron-sera-investigado-por-sus-vinculos-con-un-financiero-australiano/,Infobae,Cameron será investigado por sus vínculos con un financiero australiano,Cameron será investigado por sus vínculos con un financiero australiano
https://www.infobae.com/deportes/2021/03/30/la-jugada-que-nadie-entiende-el-extrano-gol-que-independiente-le-hizo-a-boca-en-reserva/,Infobae,“La jugada que nadie entiende”: el extraño gol que Independiente le hizo a Boca en reserva,“La jugada que nadie entiende”: el extraño gol que Independiente le hizo a Boca en reserva
https://www.infobae.com/america/agencias/2021/03/30/trump-lanza-oficialmente-su-sitio-web-para-mantenerse-en-contacto-con-partidarios/,Infobae,Trump lanza oficialmente su sitio web para mantenerse en contacto con partidarios,Trump lanza oficialmente su sitio web para mantenerse en contacto con partidarios
https://www.infobae.com/america/agencias/2021/03/30/dolar-hoy-en-cuba-cotizacion-del-peso-cubano-al-dolar-estadounidense-del-30-de-marzo-usd-cup/,Infobae,Dólar hoy en Cuba: cotización del peso cubano al dólar estadounidense del 30 de marzo. USD CUP,Dólar hoy en Cuba: cotización del peso cubano al dólar estadounidense del 30 de marzo. USD CUP
https://www.infobae.com/america/agencias/2021/03/30/fitipaldo-tenemos-que-controlar-bien-a-los-tiradores-del-vef-riga/,Infobae,Fitipaldo: Tenemos que controlar bien a los tiradores del VEF Riga,Fitipaldo: Tenemos que controlar bien a los tiradores del VEF Riga
https://www.infobae.com/america/agencias/2021/03/30/china-consolida-control-sobre-hong-kong-con-cambios-electorales/,Infobae,China consolida control sobre Hong Kong con cambios electorales,China consolida control sobre Hong Kong con cambios electorales
https://www.infobae.com/sociedad/2021/03/30/se-iba-a-la-costa-atlantica-con-su-familia-y-le-hicieron-el-cuento-del-tio-en-plena-ruta-2-como-fue-la-estafa/,Infobae,Se iba a la Costa Atlántica con su familia y le hicieron el “cuento del tío” en plena Ruta 2: cómo fue la estafa,Se iba a la Costa Atlántica con su familia y le hicieron el “cuento del tío” en plena Ruta 2: cómo fue la estafa
https://www.infobae.com/america/agencias/2021/03/30/brigadas-intentan-rescatar-a-11-mineros-atrapados-por-una-inundacion-en-colombia/,Infobae,Brigadas intentan rescatar a 11 mineros atrapados por una inundación en Colombia,Brigadas intentan rescatar a 11 mineros atrapados por una inundación en Colombia
https://www.infobae.com/america/agencias/2021/03/30/futbol-el-gobierno-vasco-llama-a-vivir-con-el-corazon-la-final-de-copa-pero-a-jugar-siempre-con-la-cabeza/,Infobae,"Fútbol.- El Gobierno vasco llama a ""vivir con el corazón"" la final de Copa pero a ""jugar siempre con la cabeza""","Fútbol.- El Gobierno vasco llama a ""vivir con el corazón"" la final de Copa pero a ""jugar siempre con la cabeza"""
https://www.infobae.com/america/agencias/2021/03/30/rentistas-liverpool-penultimo-paso-hacia-la-gloria/,Infobae,Rentistas-Liverpool: Penúltimo paso hacia la gloria,Rentistas-Liverpool: Penúltimo paso hacia la gloria
https://www.infobae.com/america/deportes/espn/2021/03/30/formula-1-crece-la-tension-por-la-polemica-maniobra-entre-verstappen-y-hamilton-que-definio-el-gp-de-barein-a-tres-vueltas-del-final/,Infobae,Fórmula 1: crece la tensión por la polémica maniobra entre Verstappen y Hamilton que definió el GP de Bahréin a tres vueltas del final,Fórmula 1: crece la tensión por la polémica maniobra entre Verstappen y Hamilton que definió el GP de Bahréin a tres vueltas del final
https://www.infobae.com/america/agencias/2021/03/30/colombia-la-cantidad-de-ninos-que-cruzan-la-selva-de-panama-hacia-eeuu-se-multiplica-por-15-en-cuatro-anos/,Infobae,Colombia.- La cantidad de niños que cruzan la selva de Panamá hacia EEUU se multiplica por 15 en cuatro años,Colombia.- La cantidad de niños que cruzan la selva de Panamá hacia EEUU se multiplica por 15 en cuatro años
https://www.infobae.com/america/agencias/2021/03/30/aguero-se-merece-salir-por-la-puerta-grande-dice-rodrigo-hernandez/,Infobae,"Agüero ""se merece salir por la puerta grande"", dice Rodrigo Hernández","Agüero ""se merece salir por la puerta grande"", dice Rodrigo Hernández"
https://www.infobae.com/america/agencias/2021/03/30/sisi-advierte-de-inestabilidad-inimaginable-si-se-toca-el-agua-de-egipto/,Infobae,"Sisi advierte de ""inestabilidad inimaginable"" si se toca el agua de Egipto","Sisi advierte de ""inestabilidad inimaginable"" si se toca el agua de Egipto"
https://www.infobae.com/america/agencias/2021/03/30/metales-basicos-cobre-cae-presionado-por-dolar-y-mayores-inventarios-3/,Infobae,METALES BÁSICOS-Cobre cae presionado por dólar y mayores inventarios,METALES BÁSICOS-Cobre cae presionado por dólar y mayores inventarios
https://www.infobae.com/america/agencias/2021/03/30/ciencia-virgin-galactic-presenta-su-primer-avion-espacial-spaceship-iii/,Infobae,Ciencia.-Virgin Galactic presenta su primer avión espacial SpaceShip III,Ciencia.-Virgin Galactic presenta su primer avión espacial SpaceShip III
https://www.infobae.com/america/deportes/futbol-europeo/2021/03/30/fue-figura-del-psg-sufrio-una-lesion-y-lleva-39-anos-en-coma-la-tragica-e-increible-historia-de-jean-pierre-adams/,Infobae,"Fue figura del PSG, sufrió una lesión y lleva 39 años en coma: la trágica e increíble historia de Jean-Pierre Adams","Fue figura del PSG, sufrió una lesión y lleva 39 años en coma: la trágica e increíble historia de Jean-Pierre Adams"
https://www.infobae.com/america/agencias/2021/03/30/estados-unidos-investigadores-piden-crear-un-sistema-para-integrar-todos-los-datos-sobre-patogenos-para-evitar-pandemias/,Infobae,Estados Unidos.- Investigadores piden crear un sistema para integrar todos los datos sobre patógenos para evitar pandemias,Estados Unidos.- Investigadores piden crear un sistema para integrar todos los datos sobre patógenos para evitar pandemias
https://www.infobae.com/america/colombia/2021/03/30/el-colombiano-daniel-galan-eliminado-del-masters-de-miami/,Infobae,El colombiano Daniel Galán eliminado del Masters de Miami,El colombiano Daniel Galán eliminado del Masters de Miami
https://www.infobae.com/america/agencias/2021/03/30/alemania-anuncia-controles-mas-severos-en-fronteras-terrestres-para-frenar-pandemia/,Infobae,Alemania anuncia controles más severos en fronteras terrestres para frenar pandemia,Alemania anuncia controles más severos en fronteras terrestres para frenar pandemia
https://www.infobae.com/america/agencias/2021/03/30/liberennos-en-el-campo-de-lesbos-los-migrantes-se-asfixian/,Infobae,"""Libérennos!"": en el campo de Lesbos los migrantes se ""asfixian""","""Libérennos!"": en el campo de Lesbos los migrantes se ""asfixian"""
https://www.infobae.com/america/agencias/2021/03/30/canal-de-suez-dice-que-otros-140-barcos-transitaran-via-maritima-el-martes-2/,Infobae,Canal de Suez dice que otros 140 barcos transitarán vía marítima el martes,Canal de Suez dice que otros 140 barcos transitarán vía marítima el martes
https://www.infobae.com/america/agencias/2021/03/30/odriozola-se-suma-a-la-dinamica-del-grupo/,Infobae,Odriozola se suma a la dinámica del grupo,Odriozola se suma a la dinámica del grupo
https://www.infobae.com/america/eeuu/2021/03/30/eeuu-confirmo-que-joe-biden-no-tiene-intencion-de-reunirse-con-kim-jong-un/,Infobae,EEUU confirmó que Joe Biden “no tiene intención” de reunirse con Kim Jong-un,EEUU confirmó que Joe Biden “no tiene intención” de reunirse con Kim Jong-un
https://www.eldestapeweb.com/economia/impuesto-a-las-grandes-fortunas/impuesto-a-grandes-fortunas-dan-mas-tiempo-para-pagar--20213309350,Destape Web,Impuesto a Grandes Fortunas: dan más tiempo para pagar,Impuesto a Grandes Fortunas: dan más tiempo para pagar
https://www.eldestapeweb.com/politica/coronavirus-en-argentina/los-empleados-publicos-de-pba-haran-home-office-toda-la-semana--20213309150,Destape Web,Los empleados públicos de PBA harán home office toda la semana,Los empleados públicos de PBA harán home office toda la semana
https://www.cadena3.com/audio/3-claves-de-el-campo-hoy/claves-agritechnica-cancelo-su-edicion-2021_832547,Cadena 3,Claves: Agritechnica canceló su edición 2021,Claves: Agritechnica canceló su edición 2021
https://www.cadena3.com/noticia/radioinforme-3/convocan-a-un-abrazo-al-ipet-248-por-problemas-edilicios_287573,Cadena 3,Convocan a un abrazo al IPET 248 por problemas edilicios,Convocan a un abrazo al IPET 248 por problemas edilicios
https://www.cadena3.com/noticia/radioinforme-3/exitoso-reimplante-de-mano-en-el-hospital-de-urgencias_287565,Cadena 3,Exitoso reimplante de mano en el Hospital de Urgencias,Exitoso reimplante de mano en el Hospital de Urgencias
https://www.cadena3.com/noticia/radioinforme-3/arman-bibliotecas-para-ninos-en-situacion-de-vulnerabilidad_287581,Cadena 3,Arman bibliotecas para niños en situación de vulnerabilidad,Arman bibliotecas para niños en situación de vulnerabilidad
https://www.cadena3.com/noticia/espectaculos/el-escalofriante-mensaje-de-xuxa-yo-mate-a-mi-madre_287580,Cadena 3,El escalofriante mensaje de Xuxa: Yo maté a mi madre,El escalofriante mensaje de Xuxa: Yo maté a mi madre
https://www.cadena3.com/noticia/sociedad/denuncian-a-pami-por-olvidar-vacunas-arriba-de-una-heladera_285928,Cadena 3,Denuncian a PAMI por olvidar vacunas arriba de una heladera,Denuncian a PAMI por olvidar vacunas arriba de una heladera
https://www.cadena3.com/noticia/radioinforme-3/senador-chileno-quiere-donar-15-mil-vacunas-para-rio-turbio_287578,Cadena 3,Senador chileno quiere donar 15 mil vacunas para Río Turbio,Senador chileno quiere donar 15 mil vacunas para Río Turbio
https://www.losandes.com.ar/politica/mendoexit-ramon-propone-un-plebiscito-para-que-los-mendocinos-decidan-si-quieren-dejar-de-ser-argentinos/,Los Andes,Mendoexit: Ramón propone un plebiscito para que los mendocinos decidan si quieren “dejar de ser argentinos”,Mendoexit: Ramón propone un plebiscito para que los mendocinos decidan si quieren “dejar de ser argentinos”
https://www.losandes.com.ar/sociedad/por-aumento-explosivo-de-casos-de-covid-19-buenos-aires-aplica-nuevas-restricciones,Los Andes,"Por “aumento explosivo” de casos de Covid-19, Buenos Aires aplica nuevas restricciones","Por “aumento explosivo” de casos de Covid-19, Buenos Aires aplica nuevas restricciones"
https://www.losandes.com.ar/da-la-nota/de-un-padre-a-su-hija-ricky-sarkany-despide-a-su-primogenita-con-una-conmovedora-carta/,Los Andes,De un padre a su hija: Ricky Sarkany despide a su primogénita con una conmovedora carta,De un padre a su hija: Ricky Sarkany despide a su primogénita con una conmovedora carta
https://www.losandes.com.ar/sociedad/la-reina-de-la-vendimia-mayra-tous-tiene-coronavirus/,Los Andes,"La Reina de la Vendimia, Mayra Tous, tiene coronavirus","La Reina de la Vendimia, Mayra Tous, tiene coronavirus"
https://www.losandes.com.ar/da-la-nota/catherine-fulop-se-lucio-con-una-espectacular-ultima-foto-en-bikini-para-despedir-el-verano/,Los Andes,Catherine Fulop se lució con una espectacular última foto en bikini para despedir el verano,Catherine Fulop se lució con una espectacular última foto en bikini para despedir el verano
https://www.losandes.com.ar/da-la-nota/el-encendido-pool-dance-de-lali-esposito/,Los Andes,El encendido pool dance de Lali Espósito,El encendido pool dance de Lali Espósito
https://www.losandes.com.ar/mas-deportes/aguero-al-barcelona-de-messi-el-dt-koeman-sento-postura-sobre-el-futuro-del-kun/,Los Andes,¿Agüero al Barcelona de Messi? el DT Koeman sentó postura sobre el futuro del Kun,¿Agüero al Barcelona de Messi? el DT Koeman sentó postura sobre el futuro del Kun
https://www.losandes.com.ar/rumbos/problemas-visuales-que-generan-bajo-rendimiento-escolar-como-los-detectamos/,Los Andes,Problemas visuales que generan bajo rendimiento escolar: ¿Cómo los detectamos? | Rumbos,Problemas visuales que generan bajo rendimiento escolar: ¿Cómo los detectamos? | Rumbos
https://www.losandes.com.ar/mas-deportes/santero-quedo-sexto-en-el-campeonato-de-tc-luego-de-san-nicolas,Los Andes,Santero quedó sexto en el campeonato de TC luego de San Nicolás,Santero quedó sexto en el campeonato de TC luego de San Nicolás
https://www.losandes.com.ar/por-las-redes/video-una-gata-lleva-a-sus-crias-que-no-pueden-abrir-los-ojos-a-una-veterinaria-para-que-la-ayuden/,Los Andes,Video: una gata lleva a sus crías que no pueden abrir los ojos a una veterinaria para que la ayuden,Video: una gata lleva a sus crías que no pueden abrir los ojos a una veterinaria para que la ayuden
https://www.diariouno.com.ar/sociedad/por-un-reclamo-salarial-trabajadores-vitivinicolas-bloquearon-el-ingreso-las-bodegas-n821061,Diario Uno,"Por un reclamo salarial, trabajadores vitivinícolas bloquearon el ingreso a las bodegas","Por un reclamo salarial, trabajadores vitivinícolas bloquearon el ingreso a las bodegas"
https://www.diariouno.com.ar/sociedad/dos-reinas-coronavirus-mayra-tous-y-julieta-navarro-contagiadas-n821066,Diario Uno,Dos reinas con coronavirus: Mayra Tous y Julieta Navarro contagiadas,Dos reinas con coronavirus: Mayra Tous y Julieta Navarro contagiadas
https://www.diariouno.com.ar/futbol/gremio-quiere-que-rafael-santos-borre-firme-un-precontrato-n821041,Diario Uno,Gremio quiere que Rafael Santos Borré firme un precontrato,Gremio quiere que Rafael Santos Borré firme un precontrato
https://www.diariouno.com.ar/sociedad/progresar-enfermeria-montos-las-becas-e-inscripcion-n821060,Diario Uno,Progresar Enfermería: montos de las becas e inscripción,Progresar Enfermería: montos de las becas e inscripción
https://www.diariouno.com.ar/koeman-contundente-el-posible-arribo-del-kun-aguero-n821050,Diario Uno,"Koeman, contundente sobre el posible arribo del Kun Agüero","Koeman, contundente sobre el posible arribo del Kun Agüero"
https://www.diariouno.com.ar/mundo/comenzo-el-juicio-contra-derek-chauvin-el-asesino-george-floyd-n821038,Diario Uno,"Comenzó el juicio contra Derek Chauvin, el asesino de George Floyd","Comenzó el juicio contra Derek Chauvin, el asesino de George Floyd"
https://www.diariouno.com.ar/politica/las-tres-razones-suarez-unificar-las-elecciones-la-nacion-n821047,Diario Uno,Las tres razones de Suarez para unificar las elecciones con la Nación,Las tres razones de Suarez para unificar las elecciones con la Nación
https://www.diariouno.com.ar/edictos-solicitadas-y-convocatorias/edicto-autos-405541-saponaro-n821083,Diario Uno,Edicto: Autos 405.541 Saponaro,Edicto: Autos 405.541 Saponaro
https://www.perfil.com/noticias/coronavirus/denuncian-la-perdida-de-300-dosis-de-la-sputnik-en-la-ciudad-de-azul.phtml,Perfil,Denuncian la pérdida de 300 dosis de la Sputnik V en la ciudad de Azul,Denuncian la pérdida de 300 dosis de la Sputnik V en la ciudad de Azul
https://www.perfil.com/noticias/economia/impuesto-a-a-riqueza-afip-extendio-hasta-el-16-de-abril-el-vencimiento-del-aporte-solidario.phtml,Perfil,Impuesto a a riqueza: AFIP extendió hasta el 16 de abril el vencimiento del Aporte Solidario,Impuesto a a riqueza: AFIP extendió hasta el 16 de abril el vencimiento del Aporte Solidario
https://www.perfil.com/noticias/politica/daniel-gollan-estamos-en-una-situacion-que-no-habiamos-visto-nunca-hasta-ahora.phtml,Perfil,El gobierno bonaerense anunció las nuevas restricciones por el crecimiento de contagios por Covid-19,El gobierno bonaerense anunció las nuevas restricciones por el crecimiento de contagios por Covid-19
https://www.perfil.com/noticias/coronavirus/llega-esta-tarde-el-decimo-vuelo-con-mas-vacunas-sputnik-v.phtml,Perfil,Hoy llegan 300 mil dosis de vacuna Sputnik V en el décimo vuelo de Aerolíneas Argentinas,Hoy llegan 300 mil dosis de vacuna Sputnik V en el décimo vuelo de Aerolíneas Argentinas
https://www.infobae.com/america/agencias/2021/03/30/durango-no-registra-fallecidos-por-coronavirus-en-el-ultimo-dia/,Infobae,Durango no registra fallecidos por coronavirus en el último día,Durango no registra fallecidos por coronavirus en el último día
https://www.infobae.com/america/colombia/2021/03/30/asi-es-el-transtorno-de-sueno-que-padece-camilo/,Infobae,Así es el trastorno de sueño que padece Camilo,Así es el trastorno de sueño que padece Camilo
https://www.infobae.com/america/agencias/2021/03/30/berlin-suspende-la-vacunacion-con-astrazeneca-para-menores-de-60-anos/,Infobae,Berlín suspende la vacunación con AstraZeneca para menores de 60 años,Berlín suspende la vacunación con AstraZeneca para menores de 60 años
https://www.infobae.com/america/agencias/2021/03/30/alemania-ratifican-fallo-por-venta-de-armas-a-mexico/,Infobae,Alemania: Ratifican fallo por venta de armas a México,Alemania: Ratifican fallo por venta de armas a México
https://www.infobae.com/america/agencias/2021/03/30/el-barcelona-regresa-a-los-entrenamientos-grupales/,Infobae,El Barcelona regresa a los entrenamientos grupales,El Barcelona regresa a los entrenamientos grupales
https://www.infobae.com/america/america-latina/2021/03/30/los-jefes-de-las-fuerzas-armadas-de-brasil-se-reunieron-para-discutir-el-recambio-de-gabinete-impulsado-por-jair-bolsonaro/,Infobae,La cúpula de las Fuerzas Armadas de Brasil se reunió para discutir el recambio de gabinete impulsado por Jair Bolsonaro,La cúpula de las Fuerzas Armadas de Brasil se reunió para discutir el recambio de gabinete impulsado por Jair Bolsonaro
https://www.infobae.com/america/agencias/2021/03/30/brasil-subasta-en-abril-mas-de-treinta-concesiones-de-aeropuertos-y-puertos/,Infobae,Brasil subasta en abril más de treinta concesiones de aeropuertos y puertos,Brasil subasta en abril más de treinta concesiones de aeropuertos y puertos
https://www.infobae.com/america/agencias/2021/03/30/previsiones-deportes-afp-de-las-12h00-gmt/,Infobae,Previsiones Deportes AFP de las 12H00 GMT,Previsiones Deportes AFP de las 12H00 GMT
https://www.infobae.com/america/colombia/2021/03/30/adulta-mayor-en-santa-marta-no-fue-vacunada-porque-segun-el-sistema-esta-muerta/,Infobae,"Adulta mayor en Santa Marta no fue vacunada porque, según el sistema, está muerta","Adulta mayor en Santa Marta no fue vacunada porque, según el sistema, está muerta"
https://www.infobae.com/america/agencias/2021/03/30/afganistan-matan-a-3-mujeres-en-campana-contra-la-polio/,Infobae,Afganistán: matan a 3 mujeres en campaña contra la polio,Afganistán: matan a 3 mujeres en campaña contra la polio
https://www.infobae.com/america/colombia/2021/03/30/colombia-y-brasil-se-enfrentan-este-martes-en-la-superliga-americana-de-rugby/,Infobae,Colombia y Brasil se enfrentan este martes en la Superliga Americana de Rugby,Colombia y Brasil se enfrentan este martes en la Superliga Americana de Rugby
https://www.infobae.com/america/agencias/2021/03/30/turquia-erdogan-cesa-al-vicegobernador-del-banco-central-de-turquia/,Infobae,Turquía.- Erdogan cesa al vicegobernador del Banco Central de Turquía,Turquía.- Erdogan cesa al vicegobernador del Banco Central de Turquía
https://www.infobae.com/salud/2021/03/30/plasma-convaleciente-advierten-que-se-triplico-la-demanda-y-faltan-donantes-en-la-provincia-de-buenos-aires/,Infobae,Plasma convaleciente: advierten que se triplicó la demanda y faltan donantes en la provincia de Buenos Aires,Plasma convaleciente: advierten que se triplicó la demanda y faltan donantes en la provincia de Buenos Aires
https://www.infobae.com/america/agencias/2021/03/30/portaltic-xiaomi-anuncia-su-entrada-oficial-en-el-negocio-de-los-vehiculos-electricos-inteligentes/,Infobae,Portaltic.-Xiaomi anuncia su entrada oficial en el negocio de los vehículos eléctricos inteligentes,Portaltic.-Xiaomi anuncia su entrada oficial en el negocio de los vehículos eléctricos inteligentes
https://www.infobae.com/america/colombia/2021/03/30/el-galatasaray-quiere-a-falcao-hasta-el-2022/,Infobae,El Galatasaray quiere a Falcao hasta el 2022,El Galatasaray quiere a Falcao hasta el 2022
https://www.infobae.com/america/agencias/2021/03/30/segundo-caso-de-dopaje-para-el-equipo-vini-zabu-que-puede-recibir-una-suspension/,Infobae,Segundo caso de dopaje para el equipo Vini Zabu que puede recibir una suspensión,Segundo caso de dopaje para el equipo Vini Zabu que puede recibir una suspensión
https://www.infobae.com/cultura/2021/03/30/mariana-enriquez-en-la-lista-larga-del-prestigioso-premio-booker-internacional/,Infobae,"Mariana Enriquez, en la “lista larga” del prestigioso Premio Booker Internacional","Mariana Enriquez, en la “lista larga” del prestigioso Premio Booker Internacional"
https://www.infobae.com/america/agencias/2021/03/30/wall-street-abre-a-la-baja-por-presion-de-aumento-de-rendimientos-sobre-acciones-tecnologicas/,Infobae,Wall Street abre a la baja por presión de aumento de rendimientos sobre acciones tecnológicas,Wall Street abre a la baja por presión de aumento de rendimientos sobre acciones tecnológicas
https://www.infobae.com/america/agencias/2021/03/30/annaud-busca-videos-amateurs-para-su-pelicula-sobre-el-incendio-de-notre-dame/,Infobae,Annaud busca vídeos amateurs para su película sobre el incendio de Notre-Dame,Annaud busca vídeos amateurs para su película sobre el incendio de Notre-Dame
https://www.infobae.com/america/agencias/2021/03/30/arabia-saudita-quiere-que-opep-extienda-recortes-de-suministros-hasta-junio-fuentes-3/,Infobae,Arabia Saudita quiere que OPEP+ extienda recortes de suministros hasta junio: fuentes,Arabia Saudita quiere que OPEP+ extienda recortes de suministros hasta junio: fuentes
https://www.infobae.com/america/colombia/2021/03/30/este-sera-el-horario-de-atencion-de-los-bancos-durante-semana-santa/,Infobae,Este será el horario de atención de los bancos durante Semana Santa,Este será el horario de atención de los bancos durante Semana Santa
https://www.eldestapeweb.com/politica/coronavirus/el-peligro-de-un-colapso-sanitario-pone-al-sistema-de-salud-nuevamente-en-riesgo--20213307400,Destape Web,El peligro de un colapso sanitario pone al sistema de salud nuevamente en riesgo,El peligro de un colapso sanitario pone al sistema de salud nuevamente en riesgo
https://www.eldestapeweb.com/politica/coronavirus-en-argentina/por-la-segunda-ola-de-covid-pba-restrigue-actividades-nocturnas--20213309580,Destape Web,"Por la segunda ola de Covid, PBA restrigue actividades nocturnas","Por la segunda ola de Covid, PBA restrigue actividades nocturnas"
https://www.eldestapeweb.com/sociedad/vacuna-del-coronavirus/ciudad-este-jueves-empieza-la-vacunacion-a-mayores-de-75-anos-202133010560,Destape Web,Ciudad: este jueves empieza la vacunación a mayores de 75 años,Ciudad: este jueves empieza la vacunación a mayores de 75 años
https://www.eldestapeweb.com/atr/masterchef-celebrity/alex-caniggia-se-burlo-de-martitegui-por-el-descenso-de-river-sos-de-la-b-hitman--20213301070,Destape Web,"Alex Caniggia se burló de Martitegui por el descenso de River: ""Sos de la B, Hitman""","Alex Caniggia se burló de Martitegui por el descenso de River: ""Sos de la B, Hitman"""
https://www.eldestapeweb.com/atr/angel-de-brito/angel-de-brito-se-pudrio-y-callo-a-yanina-latorre-en-vivo-estoy-hablando-yo--202133010410,Destape Web,"Ángel de Brito se pudrió y calló a Yanina Latorre en vivo: ""Estoy hablando yo""","Ángel de Brito se pudrió y calló a Yanina Latorre en vivo: ""Estoy hablando yo"""
https://www.mdzol.com/mdzradio/2021/3/30/finde-largo-turismo-en-semana-santa-los-nuevos-protocolos-148642.html,MDZOL,Finde largo: turismo en Semana Santa y los nuevos protocolos,Finde largo: turismo en Semana Santa y los nuevos protocolos
https://www.mdzol.com/politica/2021/3/30/para-alfredo-cornejo-cada-vez-tiene-mas-sentido-una-mendoza-independiente-148747.html,MDZOL,"Para Alfredo Cornejo ""cada vez tiene más sentido"" una Mendoza independiente","Para Alfredo Cornejo ""cada vez tiene más sentido"" una Mendoza independiente"
https://www.mdzol.com/deportes/2021/3/30/se-viene-un-nuevo-formato-de-la-champions-league-148772.html,MDZOL,¿Se viene un nuevo formato de la Champions League?,¿Se viene un nuevo formato de la Champions League?
https://www.mdzol.com/mdzradio/2021/3/30/en-abril-mayo-habra-una-refinanciacion-de-creditos-con-los-bancos-lo-que-hay-que-saber-148737.html,MDZOL,En abril y mayo habrá una refinanciación de créditos con los bancos: lo que hay que saber,En abril y mayo habrá una refinanciación de créditos con los bancos: lo que hay que saber
https://www.mdzol.com/bbc-mundo/2021/3/30/por-que-aun-no-hay-cura-para-el-alzheimer-si-se-detecto-hace-mas-de-110-anos-148750.html,MDZOL,¿Por qué aún no hay cura para el alzhéimer si se detectó hace más de 110 años?,¿Por qué aún no hay cura para el alzhéimer si se detectó hace más de 110 años?
https://www.mdzol.com/dinero/2021/3/30/la-advertencia-del-banco-mundial-sobre-la-relacion-de-argentina-el-fmi-148754.html,MDZOL,La advertencia del Banco Mundial sobre la relación de Argentina y el FMI,La advertencia del Banco Mundial sobre la relación de Argentina y el FMI
https://www.mdzol.com/napsix/2021/3/30/facil-delicioso-disfruta-de-una-quiche-de-esparragos-en-pasos-148769.html,MDZOL,Fácil y delicioso: disfruta de una quiché de espárragos ¡en 3 pasos!,Fácil y delicioso: disfruta de una quiché de espárragos ¡en 3 pasos!
https://www.mdzol.com/mundo/2021/3/30/lavado-de-cara-la-vacuna-de-astrazeneca-cambia-de-nombre-148766.html,MDZOL,¿Lavado de cara?: La vacuna de AstraZeneca cambia de nombre,¿Lavado de cara?: La vacuna de AstraZeneca cambia de nombre
https://www.mdzol.com/espectaculos/2021/3/30/yanet-garcia-enseno-el-espectacular-cambio-que-tuvo-su-cuerpo-mira-las-fotos-148759.html,MDZOL,Yanet Garcia enseñó el espectacular cambio que tuvo su cuerpo. Mirá las fotos,Yanet Garcia enseñó el espectacular cambio que tuvo su cuerpo. Mirá las fotos
https://www.mdzol.com/mdzradio/2021/3/30/asi-intentan-estafar-clientes-del-banco-galicia-148771.html,MDZOL,Así intentan estafar a clientes del Banco Galicia,Así intentan estafar a clientes del Banco Galicia
https://www.mdzol.com/sociedad/2021/3/30/era-todo-falso-el-principe-william-no-es-el-pelado-mas-sexy-del-mundo-148761.html,MDZOL,"Era todo falso: el príncipe William no es ""el pelado más sexy del mundo""","Era todo falso: el príncipe William no es ""el pelado más sexy del mundo"""
https://www.mdzol.com/mundo/2021/3/30/chile-padece-en-cementerios-morgues-hospitales-se-habla-de-colapso-148717.html,MDZOL,"Chile padece: en cementerios, morgues y hospitales se habla de colapso","Chile padece: en cementerios, morgues y hospitales se habla de colapso"
https://www.mdzol.com/deportes/2021/3/30/polemica-por-la-opinion-de-schwartzman-sobre-la-vacuna-contra-el-covid-19-148748.html,MDZOL,Polémica por la opinión de Schwartzman sobre la vacuna contra el Covid-19,Polémica por la opinión de Schwartzman sobre la vacuna contra el Covid-19
https://www.mdzol.com/politica/2021/3/30/gobernadores-dos-peronistas-tienen-la-peor-imagen-del-pais-148755.html,MDZOL,Gobernadores: dos peronistas tienen la peor imagen del país,Gobernadores: dos peronistas tienen la peor imagen del país
https://www.mdzol.com/sociedad/2021/3/30/con-piquetes-en-las-bodegas-arranco-el-paro-de-48-horas-de-los-trabajadores-vitivinicolas-148756.html,MDZOL,"Con piquetes en las bodegas, arrancó el paro de 48 horas de los trabajadores vitivinícolas","Con piquetes en las bodegas, arrancó el paro de 48 horas de los trabajadores vitivinícolas"
https://www.cronica.com.ar/politica/Coronavirus-Provincia-dispuso-que-los-trabajadores-estatales-hagan-teletrabajo-20210330-0011.html,Cronica,Coronavirus: Provincia dispuso que los empleados estatales hagan teletrabajo,Coronavirus: Provincia dispuso que los empleados estatales hagan teletrabajo
https://www.cronica.com.ar/policiales/Apresan-a-hombre-que-violo-a-su-ex-pareja-y-la-quemo-con-agua-hirviendo-20210330-0022.html,Cronica,Apresan a hombre que violó a su ex pareja y la quemó con agua hirviendo,Apresan a hombre que violó a su ex pareja y la quemó con agua hirviendo
https://www.cronica.com.ar/policiales/Piden-15-anos-de-prision-para-el-periodista-Veppo-por-atropellar-a-dos-policias-20210330-0023.html,Cronica,Piden 15 años de prisión para el periodista Veppo por atropellar a dos policías,Piden 15 años de prisión para el periodista Veppo por atropellar a dos policías
https://www.cronica.com.ar/policiales/Jubilado-de-82-anos-estaba-sacando-el-auto-y-sufrio-un-violento-robo-en-su-casa-20210330-0014.html,Cronica,Jubilado de 82 años estaba sacando el auto y sufrió un violento robo en su casa,Jubilado de 82 años estaba sacando el auto y sufrió un violento robo en su casa
https://www.cronica.com.ar/info-general/Llega-esta-tarde-el-decimo-vuelo-con-300.000-dosis-de-la-Sputnik-V-20210330-0025.html,Cronica,Llega esta tarde el décimo vuelo con 300.000 dosis de la Sputnik V,Llega esta tarde el décimo vuelo con 300.000 dosis de la Sputnik V
https://www.lavoz.com.ar/clasificados-inmuebles/cobitat-entrega-edificio-en-corazon-de-nueva-cordoba,La Voz,Cobitat entrega edificio en el corazón de Nueva Córdoba,Cobitat entrega edificio en el corazón de Nueva Córdoba
https://www.lavoz.com.ar/sucesos/noto-que-le-faltaban-139-mil-y-denuncio-al-banco-por-pagar-a-terceros-cheques-falsificados-q,La Voz,Notó que le faltaban $ 139 mil y denunció al banco por pagar a terceros cheques falsificados que extravió,Notó que le faltaban $ 139 mil y denunció al banco por pagar a terceros cheques falsificados que extravió
https://www.ambito.com/perfil/1001843-juan-ariel-paradela,Ambito,Juan Ariel Paradela,Juan Ariel Paradela
https://www.ambito.com/economia/consumidores/crean-un-portal-reclamos-todo-el-pais-n5180580,Ambito,Crean un portal para reclamos de consumidores de todo el país,Crean un portal para reclamos de consumidores de todo el país
https://www.ambito.com/politica/carlos-bianco/la-provincia-restringe-la-circulacion-nocturna-y-limita-las-reuniones-familiares-10-personas-n5180556,Ambito,La Provincia restringe la circulación nocturna y limita las reuniones familiares a 10 personas,La Provincia restringe la circulación nocturna y limita las reuniones familiares a 10 personas
https://www.ambito.com/mundo/biontech/y-pfizer-preven-fabricar-2500-millones-vacunas-un-25-mas-lo-previsto-n5180583,Ambito,"BioNTech y Pfizer prevén fabricar 2.500 millones de vacunas, un 25% más de lo previsto","BioNTech y Pfizer prevén fabricar 2.500 millones de vacunas, un 25% más de lo previsto"
https://www.ambito.com/politica/espionaje/piden-la-indagatoria-arribas-y-majdalani-ilegal-las-cumbres-la-omc-y-el-g20-n5180581,Ambito,Piden la indagatoria de Arribas y Majdalani por espionaje ilegal en las cumbres de la OMC y el G20,Piden la indagatoria de Arribas y Majdalani por espionaje ilegal en las cumbres de la OMC y el G20
https://www.ambito.com/deportes/barcelona/en-espana-aseguran-que-koeman-no-quiere-aguero-n5180577,Ambito,En España aseguran que Koeman no quiere a Agüero en Barcelona,En España aseguran que Koeman no quiere a Agüero en Barcelona
https://www.ambito.com/negocios/zapatillas/satanicas-sangre-humana-generan-escandalo-y-demanda-nike-n5180563,Ambito,"Zapatillas ""satánicas"" con sangre humana generan escándalo y demanda de Nike","Zapatillas ""satánicas"" con sangre humana generan escándalo y demanda de Nike"
https://www.ambito.com/informacion-general/sputnik-v/coronavirus-arriba-otro-avion-aerolineas-300000-dosis-la-vacuna-n5180574,Ambito,Coronavirus: arriba otro avión de Aerolíneas con 300.000 dosis de la vacuna Sputnik V,Coronavirus: arriba otro avión de Aerolíneas con 300.000 dosis de la vacuna Sputnik V
https://www.ambito.com/economia/genneia/ya-esta-operativo-el-parque-eolico-chubut-norte-ii-n5180511,Ambito,Ya está operativo el Parque Eólico Chubut Norte II de Genneia,Ya está operativo el Parque Eólico Chubut Norte II de Genneia
https://www.ambito.com/informacion-general/policia/enfermera-denuncio-que-la-esposaron-no-realizar-extraccion-un-preso-mientras-atendia-una-emergencia-n5180568,Ambito,Enfermera denunció que la esposaron por no realizar extracción a un preso mientras atendía una emergencia,Enfermera denunció que la esposaron por no realizar extracción a un preso mientras atendía una emergencia
https://www.ambito.com/informacion-general/ciencia/descubren-cumulos-galaxias-que-estaban-ocultos-pesar-estar-simple-vista-n5180562,Ambito,Descubren cúmulos de galaxias que estaban ocultos a pesar de estar a simple vista,Descubren cúmulos de galaxias que estaban ocultos a pesar de estar a simple vista
https://www.ambito.com/informacion-general/semana-santa/pese-al-avance-del-covid-esperan-alta-ocupacion-la-costa-n5180488,Ambito,"Semana Santa: pese al avance del covid, esperan alta ocupación en la costa","Semana Santa: pese al avance del covid, esperan alta ocupación en la costa"
https://www.clarin.com/sociedad/presupuesto-covid-provincias-gastaron-barbijos-ambulancias-alcohol_0_RF5INFoMV.html,Clarin,"Presupuesto Covid: las provincias que más gastaron en barbijos, ambulancias y alcohol","Presupuesto Covid: las provincias que más gastaron en barbijos, ambulancias y alcohol"
https://www.clarin.com/opinion/-puede-segundo-tiempo-mauricio-macri-_0_DtTFKtCXB.html,Clarin,"¿Puede haber un ""segundo tiempo"" para Mauricio Macri?","¿Puede haber un ""segundo tiempo"" para Mauricio Macri?"
https://www.clarin.com/opinion/paradigma-decadencia-argentina_0_yXi2TrgUi.html,Clarin,Debate. El paradigma de la decadencia argentina,Debate. El paradigma de la decadencia argentina
https://www.clarin.com/viva/hernan-montenegro-cocaina-mala--problema_0_-kFLOqCnZ.html,Clarin,"Hernán Montenegro: ""La cocaína no es mala, el problema es uno""","Hernán Montenegro: ""La cocaína no es mala, el problema es uno"""
https://www.clarin.com/rural/lenguaje-inclusivo-inta-recomiendan-usar-marido-mujer-_0_cCaTsf1rB.html,Clarin,"Lenguaje inclusivo en el INTA: recomiendan no usar ""marido y mujer""","Lenguaje inclusivo en el INTA: recomiendan no usar ""marido y mujer"""
https://www.clarin.com/viste/gata-callejera-llevo-crias-clinica-atendieran_0_1Ls_gwFST.html,Clarin,Una gata callejera llevó sus crías a una clínica para que los atendieran,Una gata callejera llevó sus crías a una clínica para que los atendieran
https://www.clarin.com/politica/fiscal-tragedia-once-pidio-julio-vido-vuelva-carcel_0_97C3GGHOC.html,Clarin,El fiscal de la tragedia de Once pidió que Julio De Vido no vuelva a la cárcel,El fiscal de la tragedia de Once pidió que Julio De Vido no vuelva a la cárcel
https://www.clarin.com/deportes/carrera-libre-covid-19-alienta-esperanza-sanitaria-tokio-2021_0_JX_NuPyO0.html,Clarin,Una carrera libre de Covid-19 alienta la esperanza sanitaria para Tokio 2021,Una carrera libre de Covid-19 alienta la esperanza sanitaria para Tokio 2021
https://www.clarin.com/loterias-y-quinielas/quiniela-provincia-resultado-sorteo-primera-hoy-martes-30-marzo_0_ac9FbIVkz.html,Clarin,"Quiniela de la Provincia: resultado del sorteo de la Primera de hoy, martes 30 de marzo","Quiniela de la Provincia: resultado del sorteo de la Primera de hoy, martes 30 de marzo"
https://www.clarin.com/mundo/principales-lideres-mundiales-piden-tratado-pandemias-vendran-solo-cuestion-tiempo-_0_EOqoCy03a.html,Clarin,"Los principales líderes mundiales piden un tratado contra las pandemias que vendrán: ""Es solo cuestión de","Los principales líderes mundiales piden un tratado contra las pandemias que vendrán: ""Es solo cuestión de"
https://www.clarin.com/politica/polemica-proyecto-k-propone-multas-millonarias-endurecer-penas-prision-propague-covid_0_Sm-HYoKdL.html,Clarin,Polémica: un proyecto K propone multas millonarias y endurecer penas de prisión para el que propague el Covid,Polémica: un proyecto K propone multas millonarias y endurecer penas de prisión para el que propague el Covid
https://www.clarin.com/relaciones/defenderte-emboscada-emocional-aprende-regular-reaccion_0_qTLYU38IG.html,Clarin,"Cómo defenderte de una ""emboscada emocional"": aprendé a regular tu reacción","Cómo defenderte de una ""emboscada emocional"": aprendé a regular tu reacción"
https://www.clarin.com/mundo/judios-irak-ultimos-representantes-comunidad-segunda-grande-pais_0_o_FHAeJ-2.html,Clarin,Los cuatro judíos de Irak: los últimos representantes de una comunidad que fue la segunda más grande del país,Los cuatro judíos de Irak: los últimos representantes de una comunidad que fue la segunda más grande del país
https://www.clarin.com/viste/conejos-mutantes-caminan-patas-delanteras_0_CBuKt33Mc.html,Clarin,Los conejos mutantes que caminan con sus patas delanteras,Los conejos mutantes que caminan con sus patas delanteras
https://www.cronista.com/economia-politica/para-facilitar-los-reclamos-de-los-consumidores-el-gobierno-creo-la-ventanilla-unica-federal/,Cronista,"Crean la ""Ventanilla Única Federal"" para facilitar los reclamos de los consumidores","Crean la ""Ventanilla Única Federal"" para facilitar los reclamos de los consumidores"
https://www.cronista.com/economia-politica/prat-gay-acuso-a-martin-guzman-de-darse-la-vacuna-para-una-gira-innecesaria/,Cronista,"Prat Gay contra Guzmán: ""Aceptó vacunarse en forma clandestina para una gira innecesaria""","Prat Gay contra Guzmán: ""Aceptó vacunarse en forma clandestina para una gira innecesaria"""
https://www.cronista.com/economia-politica/arrancan-hoy-las-audiencias-para-discutir-tarifas-electricas/,Cronista,Continúan hoy las audiencias para discutir tarifas eléctricas,Continúan hoy las audiencias para discutir tarifas eléctricas
https://www.cronista.com/internacionales/la-muerte-de-george-floyd-comenzo-el-juicio-por-su-asesinato/,Cronista,El juicio por el asesinato de George Floyd comenzó con sus últimos minutos de vida,El juicio por el asesinato de George Floyd comenzó con sus últimos minutos de vida
https://www.baenegocios.com/sociedad/Constitucion-Cambios-en-las-paradas-de-colectivos-como-queda-el-nuevo-mapa-20210330-0024.html,BAE Negocios,"Constitución: Cambios en las paradas de colectivos, ¿cómo queda el nuevo mapa?","Constitución: Cambios en las paradas de colectivos, ¿cómo queda el nuevo mapa?"
https://www.baenegocios.com/economia/Como-inscribirse-al-programa-que-paga-un-bono-por-la-busqueda-de-trabajo-20210330-0018.html,BAE Negocios,¿Cómo inscribirse al programa que paga un bono por la búsqueda de trabajo?,¿Cómo inscribirse al programa que paga un bono por la búsqueda de trabajo?
https://www.baenegocios.com/sociedad/Por-segunda-ola-de-coronavirus-la-Provincia-aplica-el-toque-de-queda-sanitario-20210330-0031.html,BAE Negocios,"Por segunda ola de coronavirus, la Provincia aplica el toque de queda sanitario","Por segunda ola de coronavirus, la Provincia aplica el toque de queda sanitario"
https://www.baenegocios.com/negocios/Malas-noticias-para-Elon-Musk-Xiaomi-fabricara-autos-electricos--20210330-0032.html,BAE Negocios,Malas noticias para Elon Musk: Xiaomi fabricará autos eléctricos,Malas noticias para Elon Musk: Xiaomi fabricará autos eléctricos
https://www.lanacion.com.ar/opinion/el-abandono-de-los-viejos-y-la-vacunacion-militante-nid30032021/,La Nacion,El abandono de los viejos y la vacunación militante,El abandono de los viejos y la vacunación militante
https://www.lanacion.com.ar/sociedad/coronavirus-en-argentina-casos-en-chilecito-la-rioja-al-30-de-marzo-nid30032021/,La Nacion,"Coronavirus en Argentina: casos en Chilecito, La Rioja al 30 de marzo","Coronavirus en Argentina: casos en Chilecito, La Rioja al 30 de marzo"
https://www.lanacion.com.ar/el-mundo/lideres-de-23-paises-plantean-un-tratado-sobre-la-pandemia-para-futuras-emergencias-nid30032021/,La Nacion,Líderes de 23 países plantean un tratado sobre la pandemia para futuras emergencias,Líderes de 23 países plantean un tratado sobre la pandemia para futuras emergencias
https://www.lanacion.com.ar/sociedad/coronavirus-en-la-argentina-comienza-manana-la-vacunacion-a-personas-de-entre-75-y-79-anos-en-la-nid30032021/,La Nacion,Coronavirus en la Argentina: comienza mañana la vacunación a personas de entre 75 y 79 años en la Ciudad,Coronavirus en la Argentina: comienza mañana la vacunación a personas de entre 75 y 79 años en la Ciudad
https://www.lanacion.com.ar/sociedad/canal-de-suez-la-via-de-los-faraones-por-la-que-pasa-el-10-del-comercio-mundial-nid30032021/,La Nacion,Canal de Suez: la vía de los faraones por la que pasa el 10% del comercio mundial,Canal de Suez: la vía de los faraones por la que pasa el 10% del comercio mundial
https://www.lanacion.com.ar/politica/extorsion-en-las-obras-de-los-lujosos-hoteles-de-cancun-nid30032021/,La Nacion,Extorsión en las obras de los lujosos hoteles de Cancún,Extorsión en las obras de los lujosos hoteles de Cancún
https://www.lanacion.com.ar/sociedad/coronavirus-la-ciudad-reporto-mas-de-2000-casos-nuevos-la-cifra-mas-alta-desde-el-inicio-de-la-nid30032021/,La Nacion,"Coronavirus: la Ciudad reportó más de 2000 casos nuevos, la cifra más alta desde el inicio de la pandemia","Coronavirus: la Ciudad reportó más de 2000 casos nuevos, la cifra más alta desde el inicio de la pandemia"
https://www.lanacion.com.ar/seguridad/la-justicia-ordeno-la-revision-de-casi-8000-permisos-de-tenencia-de-armas-irregulares-nid30032021/,La Nacion,La Justicia ordenó la revisión de casi 8000 permisos de tenencia de armas irregulares,La Justicia ordenó la revisión de casi 8000 permisos de tenencia de armas irregulares
https://www.cadena3.com/audio/radioinforme-3/la-municipalidad-presento-su-nuevo-portal-de-tramites_832502,Cadena 3,La Municipalidad presentó su nuevo portal de trámites,La Municipalidad presentó su nuevo portal de trámites
https://www.cadena3.com/audio/siempre-juntos/explosiva-suba-de-casos-suman-restricciones-en-buenos-aires_832537,Cadena 3,Explosiva suba de casos: suman restricciones en Buenos Aires,Explosiva suba de casos: suman restricciones en Buenos Aires
https://www.cadena3.com/noticia/sociedad/comenzaron-a-vacunar-a-mayores-de-65-con-comorbilidades_287443,Cadena 3,Comenzaron a vacunar a mayores de 65 con comorbilidades,Comenzaron a vacunar a mayores de 65 con comorbilidades
https://www.cadena3.com/noticia/siempre-juntos/mas-de-50-mil-multas-por-incumplir-protocolos-en-cordoba_287594,Cadena 3,Más de 50 mil multas por incumplir protocolos en Córdoba,Más de 50 mil multas por incumplir protocolos en Córdoba
https://www.cadena3.com/noticia/siempre-juntos/clausuraron-un-boliche-por-tercera-vez-en-un-mes_287584,Cadena 3,Clausuraron un boliche por tercera vez en un mes,Clausuraron un boliche por tercera vez en un mes
https://www.cadena3.com/noticia/politica-y-economia/anulan-el-fallo-que-dispuso-que-boudou-volviera-a-la-carcel_287593,Cadena 3,Anulan el fallo que dispuso que Boudou volviera a la cárcel,Anulan el fallo que dispuso que Boudou volviera a la cárcel
https://www.cadena3.com/noticia/radioinforme-3/investigan-envio-de-60-dosis-de-la-sputnik-v-a-el-calafate_287542,Cadena 3,Investigan envío de 60 dosis de la Sputnik V a El Calafate,Investigan envío de 60 dosis de la Sputnik V a El Calafate
https://www.cadena3.com/noticia/siempre-juntos/luis-magliano-se-entrego-a-la-justicia_287592,Cadena 3,Luis Magliano se entregó a la Justicia,Luis Magliano se entregó a la Justicia
https://www.cadena3.com/noticia/futbol/en-espana-aseguran-que-koeman-descarta-la-llegada-de-aguero_287579,Cadena 3,En España aseguran que Koeman descarta la llegada de Agüero,En España aseguran que Koeman descarta la llegada de Agüero
https://descubri.cadena3.com/noticia.asp?categoria=cordoba&titulo=7-tips-para-visitar-templos-de-forma-segura-en-semana-santa&id=287586,Cadena 3,7 tips para visitar templos de forma segura en Semana Santa,7 tips para visitar templos de forma segura en Semana Santa
https://www.losandes.com.ar/sociedad/por-aumento-explosivo-de-casos-de-covid-19-buenos-aires-aplica-nuevas-restricciones/,Los Andes,"Por “aumento explosivo” de casos de Covid-19, la provincia de Buenos Aires aplica nuevas restricciones","Por “aumento explosivo” de casos de Covid-19, la provincia de Buenos Aires aplica nuevas restricciones"
https://www.losandes.com.ar/sociedad/parte-un-avion-a-china-a-buscar-vacunas-sinopharm-quieren-llegar-a-7-millones-de-dosis-esta-semana/,Los Andes,Parte un avión a China a buscar vacunas Sinopharm: quieren llegar a 7 millones de dosis esta semana,Parte un avión a China a buscar vacunas Sinopharm: quieren llegar a 7 millones de dosis esta semana
https://www.losandes.com.ar/mas-deportes/nueva-champions-league-la-uefa-aprobaria-los-cambios-y-el-particular-formato-sorprende-al-mundo/,Los Andes,Nueva Champions League: la UEFA aprobaría los cambios y el particular formato sorprende al mundo,Nueva Champions League: la UEFA aprobaría los cambios y el particular formato sorprende al mundo
https://www.losandes.com.ar/mas-deportes/manuel-pena-lopez-y-parrilla-los-vencedores-del-crepuscular-de-tenis/,Los Andes,"Manuel Peña López y Parrilla, los vencedores del Crepuscular de Tenis","Manuel Peña López y Parrilla, los vencedores del Crepuscular de Tenis"
https://www.losandes.com.ar/politica/ojeda-le-otorgo-un-aumento-del-30-a-los-empleados-municipales-de-malargue/,Los Andes,Ojeda le otorgó un aumento del 30% a los empleados municipales de Malargüe,Ojeda le otorgó un aumento del 30% a los empleados municipales de Malargüe
https://www.losandes.com.ar/economia/quilmes-continua-avanzando-en-el-negocio-de-bebidas-y-ahora-incursiona-en-la-sidra/,Los Andes,Quilmes continúa avanzando en el negocio de bebidas y ahora incursiona en la sidra,Quilmes continúa avanzando en el negocio de bebidas y ahora incursiona en la sidra
https://www.losandes.com.ar/guarda14/el-vino-tinto-puede-frenar-el-coronavirus-esto-dijo-un-nuevo-estudio-cientifico/,Los Andes,"¿El vino tinto puede frenar el coronavirus?, esto dijo un nuevo estudio científico","¿El vino tinto puede frenar el coronavirus?, esto dijo un nuevo estudio científico"
https://www.losandes.com.ar/economia/bono-de-anses-quienes-y-en-que-fechas-cobraran-los-3000-extra/,Los Andes,Bono de Anses: quiénes y en qué fechas cobrarán los $3.000 extra,Bono de Anses: quiénes y en qué fechas cobrarán los $3.000 extra
https://www.losandes.com.ar/mas-deportes/santero-quedo-sexto-en-el-campeonato-de-tc-luego-de-san-nicolas/,Los Andes,Santero quedó sexto en el campeonato de TC luego de San Nicolás,Santero quedó sexto en el campeonato de TC luego de San Nicolás
https://www.diariouno.com.ar/futbol/luciano-sanchez-hablo-su-lindo-golazo-la-lepra-n821100,Diario Uno,Luciano Sánchez habló de su lindo golazo en la Lepra,Luciano Sánchez habló de su lindo golazo en la Lepra
https://www.diariouno.com.ar/sociedad/el-banco-nacion-cierra-la-promocion-comprar-herramientas-12-cuotas-n821095,Diario Uno,El Banco Nación cierra la promoción para comprar herramientas en 12 cuotas,El Banco Nación cierra la promoción para comprar herramientas en 12 cuotas
https://www.diariouno.com.ar/huracan-las-heras-sumo-minutos-futbol-el-lobo-n821107,Diario Uno,Huracán Las Heras sumó minutos de fútbol ante el Lobo,Huracán Las Heras sumó minutos de fútbol ante el Lobo
https://www.perfil.com/noticias/politica/guillermo-moreno-convoca-a-una-desafiliacion-masiva-del-pj.phtml,Perfil,Guillermo Moreno convoca a una “desafiliación masiva” del PJ,Guillermo Moreno convoca a una “desafiliación masiva” del PJ
https://www.perfil.com/noticias/sociedad/por-la-crisis-de-la-pandemia-cerro-el-ex-cine-general-paz-de-belgrano.phtml,Perfil,Por la crisis de la pandemia cerró el ex cine General Paz de Belgrano,Por la crisis de la pandemia cerró el ex cine General Paz de Belgrano
https://www.perfil.com/noticias/bloomberg/bc-alemania-examina-vacuna-astra-tras-suspension-parcial-en-berlin.phtml,Perfil,Alemania examina la vacuna AstraZeneca tras su suspensión parcial en Berlín,Alemania examina la vacuna AstraZeneca tras su suspensión parcial en Berlín
https://www.perfil.com/noticias/agro/rizobacter-exportara-a-australia-y-kazajistan-sus-productos-biologicos-para-el-campo.phtml,Perfil,Rizobacter exportará a Australia y Kazajistán sus productos biológicos para el campo,Rizobacter exportará a Australia y Kazajistán sus productos biológicos para el campo
https://www.perfil.com/noticias/opinion/mauricio-alejandro-vazquez-sobre-narcisismo-ciencia-y-extraterrestres.phtml,Perfil,"Sobre narcisismo, ciencia y extraterrestres","Sobre narcisismo, ciencia y extraterrestres"
https://www.perfil.com/noticias/economia/consumidores-como-funcionara-la-ventanilla-unica-federal-creada-para-unificar-reclamos.phtml,Perfil,"Consumidores: cómo funcionará la ""Ventanilla Única Federal"" creada para unificar reclamos","Consumidores: cómo funcionará la ""Ventanilla Única Federal"" creada para unificar reclamos"
https://www.perfil.com/noticias/bloomberg/bc-biden-busca-revertir-decadas-de-desigualdad-con-plan-economico.phtml,Perfil,Biden busca revertir décadas de desigualdad con un nuevo plan económico,Biden busca revertir décadas de desigualdad con un nuevo plan económico
https://www.perfil.com/noticias/agro/exportaciones-de-carne-vacuna-aumentaron-5-en-febrero.phtml,Perfil,Exportaciones de carne vacuna aumentaron 5% en febrero,Exportaciones de carne vacuna aumentaron 5% en febrero
https://www.perfil.com/noticias/tecnologia/google-maps-se-renueva-y-ahora-permite-recorrer-el-interior-de-aeropuertos-y-centros-comerciales.phtml,Perfil,Google Maps se renueva y ahora permite recorrer el interior de aeropuertos y centros comerciales,Google Maps se renueva y ahora permite recorrer el interior de aeropuertos y centros comerciales
https://www.infobae.com/america/ciencia-america/2021/03/30/el-covid-19-esta-en-el-aire-la-ventilacion-y-los-medidores-de-dioxido-de-carbono-son-las-nuevas-claves-para-no-contagiarse/,Infobae,El COVID-19 está en el aire: la ventilación y los medidores de dióxido de carbono son las nuevas claves para no contagiarse,El COVID-19 está en el aire: la ventilación y los medidores de dióxido de carbono son las nuevas claves para no contagiarse
https://www.infobae.com/america/america-latina/2021/03/30/los-jefes-de-las-fuerzas-armadas-de-brasil-pondran-sus-renuncias-a-disposicion-del-nuevo-ministro-de-defensa/,Infobae,Los jefes de las Fuerzas Armadas de Brasil pondrán sus renuncias a disposición del nuevo ministro de Defensa,Los jefes de las Fuerzas Armadas de Brasil pondrán sus renuncias a disposición del nuevo ministro de Defensa
https://www.infobae.com/politica/2021/03/30/coronavirus-cuales-son-los-110-distritos-bonaerenses-en-donde-se-aplicaran-las-nuevas-restricciones/,Infobae,Coronavirus: cuáles son los 110 distritos bonaerenses en donde se aplicarán las nuevas restricciones,Coronavirus: cuáles son los 110 distritos bonaerenses en donde se aplicarán las nuevas restricciones
https://www.infobae.com/america/agencias/2021/03/30/bolsa-argentina-mantiene-impulso-alcista-con-selectividad-operativa-2/,Infobae,Bolsa argentina mantiene impulso alcista con selectividad operativa,Bolsa argentina mantiene impulso alcista con selectividad operativa
https://www.infobae.com/america/tecno/2021/03/30/como-es-el-nuevo-robot-que-explorara-las-cuevas-lunares/,Infobae,Cómo es el nuevo robot que explorará las cuevas lunares,Cómo es el nuevo robot que explorará las cuevas lunares
https://www.infobae.com/america/agencias/2021/03/30/sonora-no-registra-nuevas-muertes-por-covid-19-en-el-ultimo-dia/,Infobae,Sonora no registra nuevas muertes por COVID-19 en el último día,Sonora no registra nuevas muertes por COVID-19 en el último día
https://www.infobae.com/america/deportes/2021/03/30/escandalo-con-el-argentino-leonardo-balerdi-por-una-fiesta-ilegal-que-organizo-un-companero-de-equipo-y-desato-el-enojo-de-jorge-sampaoli/,Infobae,Escándalo con el argentino Leonardo Balerdi por una “fiesta ilegal” que organizó un compañero de equipo y desató el enojo de Jorge Sampaoli,Escándalo con el argentino Leonardo Balerdi por una “fiesta ilegal” que organizó un compañero de equipo y desató el enojo de Jorge Sampaoli
https://www.infobae.com/politica/2021/03/30/por-ahora-el-gobierno-porteno-no-tomara-medidas-restrictivas-y-se-diferencia-de-nacion-y-provincia-de-buenos-aires/,Infobae,Por ahora el Gobierno porteño no tomará medidas restrictivas y se diferencia de Nación y Provincia de Buenos Aires,Por ahora el Gobierno porteño no tomará medidas restrictivas y se diferencia de Nación y Provincia de Buenos Aires
https://www.infobae.com/america/agencias/2021/03/30/previsiones-de-video-en-espanol-de-las-13h00-gmt/,Infobae,Previsiones de Video en Español de las 13H00 GMT,Previsiones de Video en Español de las 13H00 GMT
https://www.infobae.com/america/agencias/2021/03/30/japon-aplasta-a-mongolia-con-un-resultado-historico-de-14-0/,Infobae,Japón aplasta a Mongolia con un resultado histórico de 14-0,Japón aplasta a Mongolia con un resultado histórico de 14-0
https://www.infobae.com/america/agencias/2021/03/30/vw-confirma-que-cambiara-nombre-de-unidad-en-eeuu-a-voltswagen/,Infobae,"VW confirma que cambiará nombre de unidad en EEUU a ""Voltswagen""","VW confirma que cambiará nombre de unidad en EEUU a ""Voltswagen"""
https://www.infobae.com/america/agencias/2021/03/30/diferencias-entre-independentistas-impiden-investir-presidente-en-cataluna/,Infobae,Diferencias entre independentistas impiden investir presidente en Cataluña,Diferencias entre independentistas impiden investir presidente en Cataluña
https://www.infobae.com/america/agencias/2021/03/30/el-athletic-viajara-el-jueves-por-la-manana-a-sevilla/,Infobae,El Athletic viajará el jueves por la mañana a Sevilla,El Athletic viajará el jueves por la mañana a Sevilla
https://www.infobae.com/america/agencias/2021/03/30/dimite-el-primer-ministro-eslovaco-por-crisis-por-la-compra-de-la-vacuna-rusa/,Infobae,Dimite el primer ministro eslovaco por crisis por la compra de la vacuna rusa,Dimite el primer ministro eslovaco por crisis por la compra de la vacuna rusa
https://www.infobae.com/america/agencias/2021/03/30/alta-intensidad-en-tajonar/,Infobae,Alta intensidad en Tajonar,Alta intensidad en Tajonar
https://www.infobae.com/america/agencias/2021/03/30/coronavirus-diaz-canel-reconoce-errores-en-la-gestion-de-la-pandemia-en-la-habana/,Infobae,Coronavirus.- Díaz-Canel reconoce errores en la gestión de la pandemia en La Habana,Coronavirus.- Díaz-Canel reconoce errores en la gestión de la pandemia en La Habana
https://www.infobae.com/america/agencias/2021/03/30/runido-deliveroo-debutara-en-bolsa-a-un-precio-de-39-libras-por-accion-el-minimo-esperado/,Infobae,"R.Unido.- Deliveroo debutará en Bolsa a un precio de 3,9 libras por acción, el mínimo esperado","R.Unido.- Deliveroo debutará en Bolsa a un precio de 3,9 libras por acción, el mínimo esperado"
https://www.infobae.com/america/agencias/2021/03/30/forex-dolar-avanza-por-apuestas-de-recuperacion-economica-en-eeuu-3/,Infobae,FOREX-Dólar avanza por apuestas de recuperación económica en EEUU,FOREX-Dólar avanza por apuestas de recuperación económica en EEUU
https://www.infobae.com/politica/2021/03/30/la-fiscalia-avalo-que-de-vido-continue-en-libertad-por-la-tragedia-de-once/,Infobae,La Fiscalía avaló que De Vido continúe en libertad por la tragedia de Once,La Fiscalía avaló que De Vido continúe en libertad por la tragedia de Once
https://www.infobae.com/america/agencias/2021/03/30/portaltic-apple-celebrara-wwdc-2021-del-7-a-11-de-junio-completamente-online/,Infobae,Portaltic.-Apple celebrará WWDC 2021 del 7 a 11 de junio completamente online,Portaltic.-Apple celebrará WWDC 2021 del 7 a 11 de junio completamente online
https://www.eldestapeweb.com/politica/mendoza/un-diputado-propone-consulta-popular-sobre-la-independencia-de-mendoza--202133011420,Destape Web,Un diputado propone consulta popular sobre la independencia de Mendoza,Un diputado propone consulta popular sobre la independencia de Mendoza
https://www.eldestapeweb.com/politica/impuesto-a-las-ganancias/ganancias-diputados-destacaron-la-media-sancion-del-proyecto-20213309360,Destape Web,Ganancias: Diputados destacaron la media sanción del proyecto,Ganancias: Diputados destacaron la media sanción del proyecto
https://www.mdzol.com/sociedad/modus-operandi/2021/3/30/pacto-la-venta-de-un-auto-se-lo-robaron-en-guaymallen-148775.html,MDZOL,Pactó la venta de un auto y se lo robaron en Guaymallén,Pactó la venta de un auto y se lo robaron en Guaymallén
https://www.mdzol.com/sociedad/2021/3/30/la-reina-nacional-de-la-vendimia-se-contagio-de-coronavirus-asi-lo-cuenta-148786.html,MDZOL,La Reina Nacional de la Vendimia se contagió de coronavirus y así lo cuenta,La Reina Nacional de la Vendimia se contagió de coronavirus y así lo cuenta
https://www.mdzol.com/espectaculos/2021/3/30/jennifer-lopez-deslumbra-las-redes-con-un-emotivo-consejo-imperdible-148788.html,MDZOL,Jennifer Lopez deslumbra las redes con un emotivo consejo. Imperdible,Jennifer Lopez deslumbra las redes con un emotivo consejo. Imperdible
https://www.mdzol.com/mdzradio/2021/3/30/el-verdadero-motivo-por-el-que-fernandez-sagasti-convirtio-en-diputado-perez-plaza-148726.html,MDZOL,El verdadero motivo por el que Fernández Sagasti convirtió en diputado a Pérez Plaza,El verdadero motivo por el que Fernández Sagasti convirtió en diputado a Pérez Plaza
https://www.mdzol.com/mdzradio/2021/3/30/los-coches-de-tesla-se-pueden-comprar-con-bitcoin-dice-elon-musk-148791.html,MDZOL,"Los coches de Tesla se pueden comprar con bitcoin, dice Elon Musk","Los coches de Tesla se pueden comprar con bitcoin, dice Elon Musk"
https://www.mdzol.com/sociedad/2021/3/30/un-municipio-habilito-una-fiesta-tuvo-que-ir-una-ambulancia-porque-un-hombre-le-falto-el-aire-148728.html,MDZOL,Un municipio habilitó una fiesta y tuvo que ir una ambulancia porque a un hombre le faltó el aire,Un municipio habilitó una fiesta y tuvo que ir una ambulancia porque a un hombre le faltó el aire
https://www.mdzol.com/deportes/2021/3/30/haaland-dijo-que-dejara-el-dortmund-su-futuro-estaria-en-otro-pais-148781.html,MDZOL,Haaland dijo que dejará el Dortmund y su futuro estaría en otro país,Haaland dijo que dejará el Dortmund y su futuro estaría en otro país
https://www.mdzol.com/bbc-mundo/2021/3/30/las-zapatillas-de-satan-con-sangre-humana-que-llevaron-nike-demandar-un-grupo-de-artistas-148783.html,MDZOL,"Las ""zapatillas de Satán"" con sangre humana que llevaron a Nike a demandar a un grupo de artistas","Las ""zapatillas de Satán"" con sangre humana que llevaron a Nike a demandar a un grupo de artistas"
https://www.mdzol.com/deportes/2021/3/30/boca-el-12-mejor-equipo-de-lo-que-va-del-siglo-xxi-y-river-148784.html,MDZOL,"Boca, el 12º mejor equipo de lo que va del siglo XXI ¿Y River?","Boca, el 12º mejor equipo de lo que va del siglo XXI ¿Y River?"
https://www.mdzol.com/politica/2021/3/30/volvieron-las-restricciones-buenos-aires-suspende-actividades-de-trasnoche-limita-reuniones-148765.html,MDZOL,Volvieron las restricciones: Buenos Aires suspende actividades de trasnoche y limita reuniones,Volvieron las restricciones: Buenos Aires suspende actividades de trasnoche y limita reuniones
https://www.mdzol.com/politica/2021/3/30/axel-kicillof-el-duro-stopper-de-martin-guzman-148708.html,MDZOL,"Axel Kicillof, el duro stopper de Martín Guzmán","Axel Kicillof, el duro stopper de Martín Guzmán"
https://www.mdzol.com/sociedad/modus-operandi/2021/3/30/lo-detuvieron-por-golpear-violar-quemar-con-agua-hirviendo-su-ex-148779.html,MDZOL,"Lo detuvieron por golpear, violar y quemar con agua hirviendo a su ex","Lo detuvieron por golpear, violar y quemar con agua hirviendo a su ex"
https://www.mdzol.com/politica/2021/3/30/un-intendente-decreto-un-30-de-aumento-para-sus-trabajadores-148736.html,MDZOL,Un intendente decretó un 30% de aumento para sus trabajadores,Un intendente decretó un 30% de aumento para sus trabajadores
https://www.mdzol.com/napsix/2021/3/30/el-chavo-del-8-el-ultimo-chiste-que-le-hizo-don-ramon-quico-antes-de-morir-148760.html,MDZOL,El Chavo del 8: el último chiste que le hizo Don Ramón a Quico antes de morir,El Chavo del 8: el último chiste que le hizo Don Ramón a Quico antes de morir
https://www.mdzol.com/politica/2021/3/30/duro-reves-judicial-contra-argentina-por-manipular-el-indec-en-2013-148763.html,MDZOL,Duro revés judicial contra Argentina por manipular el Indec en 2013,Duro revés judicial contra Argentina por manipular el Indec en 2013
https://www.mdzol.com/food-lovers/2021/3/30/muy-casero-prepara-unas-ricas-empanadas-de-atun-espinaca-en-20-minutos-148627.html,MDZOL,Muy casero: prepara unas ricas empanadas de atún y espinaca ¡en 20 minutos!,Muy casero: prepara unas ricas empanadas de atún y espinaca ¡en 20 minutos!
https://www.mdzol.com/politica/2021/3/30/la-camara-federal-de-casacion-ordeno-que-se-revea-el-tramite-de-prision-domiciliaria-de-amado-boudou-148782.html,MDZOL,La Cámara Federal de Casación ordenó que se revea el trámite de prisión domiciliaria de Amado Boudou.,La Cámara Federal de Casación ordenó que se revea el trámite de prisión domiciliaria de Amado Boudou.
https://www.mdzol.com/politica/2021/3/30/el-duro-comunicado-pidiendo-una-gran-alianza-electoral-opositora-148739.html,MDZOL,El duro comunicado pidiendo una gran alianza electoral opositora,El duro comunicado pidiendo una gran alianza electoral opositora
https://www.mdzol.com/napsix/2021/3/30/los-nietos-de-lady-di-continuan-la-tradicion-familiar-que-apasiona-la-reina-isabel-148751.html,MDZOL,Los nietos de Lady Di continúan la tradición familiar que apasiona a la Reina Isabel,Los nietos de Lady Di continúan la tradición familiar que apasiona a la Reina Isabel
https://www.mdzol.com/mdz-show/2021/3/30/el-picante-chicaneo-entre-dady-brieva-jey-mammon-en-pleno-programa-148778.html,MDZOL,El picante chicaneó entre Dady Brieva y Jey Mammón en pleno programa,El picante chicaneó entre Dady Brieva y Jey Mammón en pleno programa
https://www.mdzol.com/sociedad/modus-operandi/2021/3/30/una-mujer-fue-golpeada-violada-tirada-en-las-vias-para-que-la-atropelle-el-tren-148740.html,MDZOL,"Una mujer fue golpeada, violada y tirada en las vías para que la atropelle el tren","Una mujer fue golpeada, violada y tirada en las vías para que la atropelle el tren"
https://www.mdzol.com/napsix/2021/3/30/sin-harina-prepara-unas-ricas-saludables-tortitas-en-pasos-148738.html,MDZOL,Sin harina: prepara unas ricas y saludables tortitas ¡en 3 pasos!,Sin harina: prepara unas ricas y saludables tortitas ¡en 3 pasos!
https://www.mdzol.com/mundo/2021/3/30/famosa-frase-de-steve-jobs-apple-no-podra-prohibir-swatch-148745.html,MDZOL,Famosa frase de Steve Jobs: Apple no podrá prohibir a Swatch,Famosa frase de Steve Jobs: Apple no podrá prohibir a Swatch
https://www.mdzol.com/mundo/2021/3/30/somos-tan-toxicos-expertos-no-descartan-que-nos-volvamos-venenosos-148789.html,MDZOL,¿Somos tan tóxicos?: Expertos no descartan que nos volvamos venenosos,¿Somos tan tóxicos?: Expertos no descartan que nos volvamos venenosos
https://www.mdzol.com/bbc-mundo/2021/3/30/caso-jeffrey-epstein-presentan-nuevos-cargos-por-trafico-sexual-de-menores-contra-ghislaine-maxwell-la-exnovia-del-fallecido-magnate-148744.html,MDZOL,"Caso Jeffrey Epstein: presentan nuevos cargos por tráfico sexual de menores contra Ghislaine Maxwell, la exnovia del fallecido magnate","Caso Jeffrey Epstein: presentan nuevos cargos por tráfico sexual de menores contra Ghislaine Maxwell, la exnovia del fallecido magnate"
https://www.cronica.com.ar/politica/Lammens-No-es-el-turismo-el-problema-en-la-suba-de-contagios-de-coronavirus-20210330-0029.html,Cronica,"Lammens: ""No es el turismo el problema en la suba de contagios de coronavirus""","Lammens: ""No es el turismo el problema en la suba de contagios de coronavirus"""
https://www.cronica.com.ar/cosa-de-locos/Un-tiktoker-dice-venir-del-ano-2027-y-publica-videos-para-demostrarlo-20210330-0020.html,Cronica,Un tiktoker dice venir del año 2027 y publica videos para demostrarlo,Un tiktoker dice venir del año 2027 y publica videos para demostrarlo
https://www.lavoz.com.ar/galerias/comenzaron-a-vacunar-a-mayores-de-65-anos-con-comorbilidades,La Voz,Comenzaron a vacunar a mayores de 65 años con comorbilidades,Comenzaron a vacunar a mayores de 65 años con comorbilidades
https://www.lavoz.com.ar/ciudadanos/por-aumento-explosivo-de-casos-de-covid-19-buenos-aires-aplica-nuevas-restricciones,La Voz,"Por ""aumento explosivo"" de casos de Covid-19, Buenos Aires aplica nuevas restricciones","Por ""aumento explosivo"" de casos de Covid-19, Buenos Aires aplica nuevas restricciones"
https://www.lavoz.com.ar/mundo/suecia-autoridades-proponen-ampliar-restricciones-por-covid-19-hasta-mayo,La Voz,Suecia: las autoridades proponen ampliar las restricciones por el Covid-19 hasta mayo,Suecia: las autoridades proponen ampliar las restricciones por el Covid-19 hasta mayo
https://www.lavoz.com.ar/ciudadanos/van-a-china-a-buscar-mas-vacunas-se-alcanzarian-7-millones-de-dosis-disponibles-esta-sema,La Voz,Van a China a buscar más vacunas: se alcanzarían las 7 millones de dosis disponibles esta semana,Van a China a buscar más vacunas: se alcanzarían las 7 millones de dosis disponibles esta semana
https://www.lavoz.com.ar/sucesos/se-entrego-magliano-expresidente-de-rural-de-jesus-maria-acusado-de-robo-de-vacunos,La Voz,"Se entregó Magliano, el expresidente de La Rural de Jesús María acusado de robo de vacunos","Se entregó Magliano, el expresidente de La Rural de Jesús María acusado de robo de vacunos"
https://www.lavoz.com.ar/galerias/multitudes-acuden-al-volcan-de-islandia-para-ver-mas-de-cerca-lava,La Voz,Multitudes acuden al volcán de Islandia para ver más de cerca la lava,Multitudes acuden al volcán de Islandia para ver más de cerca la lava
https://www.lavoz.com.ar/sucesos/detuvieron-a-un-hombre-acusado-de-robar-violar-y-quemar-con-agua-hirviendo-a-su-expareja,La Voz,"Detuvieron a un hombre acusado de robar, violar y quemar con agua hirviendo a su expareja","Detuvieron a un hombre acusado de robar, violar y quemar con agua hirviendo a su expareja"
https://www.lavoz.com.ar/clasificados-autos/peugeot-308-con-nuevo-pelaje-y-temperamento,La Voz,"Peugeot 308, con nuevo pelaje y temperamento","Peugeot 308, con nuevo pelaje y temperamento"
https://www.lavoz.com.ar/politica/casacion-anula-fallo-que-revoco-domiciliaria-a-boudou-y-ordena-dictar-nueva-resolucion,La Voz,Casación anula el fallo que revocó la domiciliaria a Boudou y ordena dictar nueva resolución,Casación anula el fallo que revocó la domiciliaria a Boudou y ordena dictar nueva resolución
https://clasificados.lavoz.com.ar/nota/4337673/cobitat-entrega-edificio-en-corazon-de-nueva-cordoba,La Voz,Cobitat entrega edificio en el corazón de nueva córdoba,Cobitat entrega edificio en el corazón de nueva córdoba
https://www.ambito.com/perfil/1001819-equipo-investigacion-ambito,Ambito,Equipo de Investigación Ámbito,Equipo de Investigación Ámbito
https://www.ambito.com/informacion-general/autos/mantener-el-auto-o-viajar-taxi-que-conviene-mas-ir-al-trabajo-n5180599,Ambito,Mantener el auto o viajar en taxi: ¿Qué conviene más para ir al trabajo?,Mantener el auto o viajar en taxi: ¿Qué conviene más para ir al trabajo?
https://www.ambito.com/politica/amado-boudou/boudou-seguira-prision-domiciliaria-n5180607,Ambito,Boudou seguirá con prisión domiciliaria,Boudou seguirá con prisión domiciliaria
https://www.ambito.com/deportes/aguero/independiente-suena-la-vuelta-del-kun-n5180603,Ambito,"Independiente sueña con la vuelta del ""Kun"" Agüero","Independiente sueña con la vuelta del ""Kun"" Agüero"
https://www.ambito.com/informacion-general/tecnologia/iphone-lanza-una-actualizacion-prevenir-una-nueva-vulnerabilidad-n5180596,Ambito,iPhone lanza una actualización para prevenir una nueva vulnerabilidad,iPhone lanza una actualización para prevenir una nueva vulnerabilidad
https://www.ambito.com/informacion-general/eugenio-veppo/caso-veppo-dan-conocer-la-sentencia-homicidio-culposo-o-doloso-n5180561,Ambito,"Caso Veppo: dan a conocer la sentencia, entre ""homicidio culposo"" o ""doloso""","Caso Veppo: dan a conocer la sentencia, entre ""homicidio culposo"" o ""doloso"""
https://www.clarin.com/deportes/hablando-napoles_0_32bwhTWuF.html,Clarin,"El recuerdo emotivo del hermano menor de Maradona: ""Hay noches que me despierto y Diego me está hablando""","El recuerdo emotivo del hermano menor de Maradona: ""Hay noches que me despierto y Diego me está hablando"""
https://www.clarin.com/zonales/sorprendentes-islas-trillizas-san-isidro-formo-nuevo-delta-rio-plata_0_x-zHdSAQD.html,Clarin,Clarín Las sorprendentes islas trillizas que aparecieron frente a San Isidro hace 3 horas,Clarín Las sorprendentes islas trillizas que aparecieron frente a San Isidro hace 3 horas
https://www.clarin.com/sociedad/coronavirus-denuncian-echaron-perder-300-vacunas-delegacion-pami-azul_0_AJ0TSXPRf.html,Clarin,Coronavirus: denuncian que se echaron a perder 300 vacunas en una delegación del PAMI en Azul,Coronavirus: denuncian que se echaron a perder 300 vacunas en una delegación del PAMI en Azul
https://www.clarin.com/ciudades/dictan-sentencia-eugenio-veppo-periodista-preso-atropellar-matar-agente-transito_0_9FGj9bof7.html,Clarin,"""Fui imprudente, lo lamento"": las disculpas de Eugenio Veppo horas antes de que se dicte la sentencia","""Fui imprudente, lo lamento"": las disculpas de Eugenio Veppo horas antes de que se dicte la sentencia"
https://www.clarin.com/economia/menor-apetito-inversor-tesoro-consiguio-postergar-mitad-vencimientos-abril_0_vAGl_Gqf-.html,Clarin,"Con menor apetito inversor, el Tesoro consiguió postergar la mitad de sus vencimientos de abril","Con menor apetito inversor, el Tesoro consiguió postergar la mitad de sus vencimientos de abril"
https://www.clarin.com/viste/escandalo-zapatillas-satanicas-nike-autorizadas_0_A_FU0gqUg.html,Clarin,"Escándalo por unas zapatillas ""satánicas"" de Nike no autorizadas","Escándalo por unas zapatillas ""satánicas"" de Nike no autorizadas"
https://www.clarin.com/viste/prision-azafato-contagio-covid-19-varias-personas_0_MnjbAImvu.html,Clarin,Prisión para un azafato que contagió el Covid,Prisión para un azafato que contagió el Covid
https://www.clarin.com/tecnologia/fracaso-nuevo-vuelo-prueba-spacex-cohete-starship-exploto-aterrizaje_0_U1CpPML-k.html,Clarin,Fracasó un nuevo vuelo de prueba de SpaceX y el cohete Starship explotó durante el aterrizaje,Fracasó un nuevo vuelo de prueba de SpaceX y el cohete Starship explotó durante el aterrizaje
https://www.cronista.com/economia-politica/594953/,Cronista,Cupón-PBI: revés para Argentina en una causa por la manipulación de estadísticas,Cupón-PBI: revés para Argentina en una causa por la manipulación de estadísticas
https://www.cronista.com/internacionales/la-inflacion-mayorista-en-brasil-subio-a-niveles-historicos/,Cronista,La inflación mayorista en Brasil subió a niveles históricos,La inflación mayorista en Brasil subió a niveles históricos
https://www.cronista.com/economia-politica/mision-club-de-paris-guzman-prepara-la-gira-europea-para-renegociar-la-deuda/,Cronista,Misión Club de París: Guzmán prepara la gira europea para renegociar la deuda,Misión Club de París: Guzmán prepara la gira europea para renegociar la deuda
https://www.cronista.com/clase/trendy/la-conmovedora-y-emotiva-carta-de-ricky-sarkany-para-despedir-a-su-joven-hija-sofia/,Cronista,Ricky Sarkany publicó una conmovedora carta para despedir a su hija,Ricky Sarkany publicó una conmovedora carta para despedir a su hija
https://www.cronista.com/economia-politica/cristina-perez-destrozo-al-gobierno-o-nos-toman-de-idiotas-o-que-nos-digan-de-cual-toman/,Cronista,"Cristina Pérez criticó con dureza al Gobierno: ""O nos toman de idiotas o que nos digan de cuál toman""","Cristina Pérez criticó con dureza al Gobierno: ""O nos toman de idiotas o que nos digan de cuál toman"""
https://www.baenegocios.com/fintech/Dolar-Bitcoin-igualando-con-el-blue-y-el-CLL-20210330-0049.html,BAE Negocios,Dólar Bitcoin igualando con el blue y el CLL,Dólar Bitcoin igualando con el blue y el CLL
https://www.baenegocios.com/economia/La-AFIP-suspende-los-juicios-de-ejecucion-fiscal-hasta-el-31-de-mayo--20210329-0200.html,BAE Negocios,La AFIP suspende los juicios de ejecución fiscal hasta el 31 de mayo,La AFIP suspende los juicios de ejecución fiscal hasta el 31 de mayo
https://www.lanacion.com.ar/sociedad/los-110-municipios-bonaerenses-en-los-que-regiran-las-nuevas-restricciones-nid30032021/,La Nacion,Los 110 municipios bonaerenses en los que regirán las nuevas restricciones,Los 110 municipios bonaerenses en los que regirán las nuevas restricciones
https://www.lanacion.com.ar/sociedad/coronavirus-en-argentina-casos-en-zonda-san-juan-al-30-de-marzo-nid30032021/,La Nacion,"Coronavirus en Argentina: casos en Zonda, San Juan al 30 de marzo","Coronavirus en Argentina: casos en Zonda, San Juan al 30 de marzo"
https://www.lanacion.com.ar/sociedad/coronavirus-en-argentina-casos-en-rio-hondo-santiago-del-estero-al-30-de-marzo-nid30032021/,La Nacion,"Coronavirus en Argentina: casos en Río Hondo, Santiago del Estero al 30 de marzo","Coronavirus en Argentina: casos en Río Hondo, Santiago del Estero al 30 de marzo"
https://www.lanacion.com.ar/politica/coronavirus-partira-hoy-un-vuelo-a-china-para-buscar-vacunas-sinopharm-nid30032021/,La Nacion,Coronavirus: partirá hoy un vuelo a China para buscar vacunas Sinopharm,Coronavirus: partirá hoy un vuelo a China para buscar vacunas Sinopharm
https://www.lanacion.com.ar/politica/la-segunda-ola-fuerza-el-acercamiento-entre-la-casa-rosada-y-rodriguez-larreta-nid30032021/,La Nacion,La segunda ola fuerza el acercamiento entre la Casa Rosada y Horacio Rodríguez Larreta,La segunda ola fuerza el acercamiento entre la Casa Rosada y Horacio Rodríguez Larreta
https://www.lanacion.com.ar/comunidad/personas-en-situacion-de-calle-que-puedo-hacer-para-ayudarlas-nid30032021/,La Nacion,Personas en situación de calle: qué puedo hacer para ayudarlas,Personas en situación de calle: qué puedo hacer para ayudarlas
https://www.lanacion.com.ar/economia/plan-gas-las-productoras-acusan-al-gobierno-de-cambiar-las-reglas-de-juego-nid30032021/,La Nacion,Plan Gas: las productoras acusan al Gobierno de “cambiar las reglas de juego”,Plan Gas: las productoras acusan al Gobierno de “cambiar las reglas de juego”
https://www.lanacion.com.ar/cultura/mariana-enriquez-en-carrera-por-el-premio-booker-nid30032021/,La Nacion,"Mariana Enriquez, en carrera por el Premio Booker","Mariana Enriquez, en carrera por el Premio Booker"
https://www.lanacion.com.ar/revista-ohlala/circuito-arty-museos-galerias-espacios-under-y-joyitas-secretas-para-conocer-nid30032021/,La Nacion,"Circuito arty: museos, galerías, espacios under y joyitas secretas para conocer","Circuito arty: museos, galerías, espacios under y joyitas secretas para conocer"
https://www.lanacion.com.ar/sociedad/coronavirus-en-la-argentina-cuanto-cuestan-los-tests-para-los-pasajeros-que-ingresan-al-pais-por-nid30032021/,La Nacion,Coronavirus en la Argentina: cuánto cuestan los tests para los pasajeros que ingresan al país por Ezeiza,Coronavirus en la Argentina: cuánto cuestan los tests para los pasajeros que ingresan al país por Ezeiza
https://www.pagina12.com.ar/332653-coronavirus-uno-por-uno-los-110-municipios-de-la-provincia-d,Pagina12,"Coronavirus: uno por uno, los 110 municipios de la provincia de Buenos Aires que imponen restricciones","Coronavirus: uno por uno, los 110 municipios de la provincia de Buenos Aires que imponen restricciones"
https://www.pagina12.com.ar/332656-semana-santa-que-dia-es-feriado-y-cuales-son-no-laborables,Pagina12,Semana Santa: qué día es feriado y cuáles son no laborables,Semana Santa: qué día es feriado y cuáles son no laborables
https://www.pagina12.com.ar/332642-los-barbijos-una-amenaza-para-el-medio-ambiente,Pagina12,"Los barbijos, una amenaza para el medio ambiente","Los barbijos, una amenaza para el medio ambiente"
https://www.pagina12.com.ar/332633-vacunacion-en-caba-llegan-las-citaciones-para-mayores-de-75-,Pagina12,Vacunación en CABA: llegan las citaciones para mayores de 75 años,Vacunación en CABA: llegan las citaciones para mayores de 75 años
https://www.pagina12.com.ar/332548-la-corte-ordeno-nueva-sentencia,Pagina12,La Corte ordenó nueva sentencia,La Corte ordenó nueva sentencia
https://www.pagina12.com.ar/332647-un-vuelo-de-aerolineas-argentinas-parte-hacia-china-para-bus,Pagina12,Un vuelo de Aerolíneas Argentinas parte hacia China para buscar más vacunas de Sinopharm,Un vuelo de Aerolíneas Argentinas parte hacia China para buscar más vacunas de Sinopharm
https://www.pagina12.com.ar/332643-la-vacuna-de-astra-zeneca-cambia-su-nombre-a-vaxevria,Pagina12,La vacuna de AstraZeneca cambia su nombre a Vaxevria,La vacuna de AstraZeneca cambia su nombre a Vaxevria
https://www.pagina12.com.ar/332654-eugenio-veppo-al-brindar-sus-ultimas-palabras-en-el-juicio-r,Pagina12,"Eugenio Veppo: al brindar sus últimas palabras en el juicio reconoció que fue ""imprudente""","Eugenio Veppo: al brindar sus últimas palabras en el juicio reconoció que fue ""imprudente"""
https://www.pagina12.com.ar/332646-espionaje-ilegal-macrista-piden-indagatorias-por-las-cumbres,Pagina12,Espionaje ilegal macrista: piden indagatorias por las cumbres del G20 y la OMC,Espionaje ilegal macrista: piden indagatorias por las cumbres del G20 y la OMC
https://www.pagina12.com.ar/332644-barcelona-un-destino-poco-probable-para-sergio-aguero,Pagina12,"Barcelona, un destino poco probable para Sergio Agüero","Barcelona, un destino poco probable para Sergio Agüero"
https://www.pagina12.com.ar/332658-amado-boudou-continuara-en-arresto-domiciliario,Pagina12,Amado Boudou continuará en arresto domiciliario,Amado Boudou continuará en arresto domiciliario
https://www.a24.com/mundo/crisis-politica-brasil-bolsonaro-cambia-su-gabinete-n821012,A24,Crisis política en Brasil: Bolsonaro cambia a su gabinete,Crisis política en Brasil: Bolsonaro cambia a su gabinete
https://www.cadena3.com/audio/la-mesa-de-cafe/malamud-cfk-busca-abrirle-el-futuro-politico-a-su-prole_832535,Cadena 3,"Malamud: ""CFK busca abrirle el futuro político a su prole""","Malamud: ""CFK busca abrirle el futuro político a su prole"""
https://www.cadena3.com/audio/radioinforme-3/carla-vizzotti-justifico-a-costa-por-vacunar-a-los-duhalde_832514,Cadena 3,Carla Vizzotti justificó a Costa por vacunar a los Duhalde,Carla Vizzotti justificó a Costa por vacunar a los Duhalde
https://www.cadena3.com/noticia/siempre-juntos/detuvieron-al-vecino-que-hirio-a-un-ladron-y-a-una-menor_287587,Cadena 3,Detuvieron al vecino que hirió a un ladrón y a una menor,Detuvieron al vecino que hirió a un ladrón y a una menor
https://www.cadena3.com/noticia/siempre-juntos/la-impronta-del-cura-brochero-en-las-capillas-de-san-lorenzo_287597,Cadena 3,La impronta del Cura Brochero en las capillas de San Lorenzo,La impronta del Cura Brochero en las capillas de San Lorenzo
https://www.cadena3.com/noticia/siempre-juntos/ciudad-de-santa-fe-con-una-variada-oferta-para-semana-santa_287600,Cadena 3,"Ciudad de Santa Fe, con una variada oferta para Semana Santa","Ciudad de Santa Fe, con una variada oferta para Semana Santa"
https://www.cadena3.com/noticia/river-plate/alegria-en-river-montiel-se-entreno-a-la-par-del-grupo_287595,Cadena 3,Alegría en River: Montiel se entrenó a la par del grupo,Alegría en River: Montiel se entrenó a la par del grupo
https://www.losandes.com.ar/policiales/pablo-arancibia-abrio-otro-facebook-desde-la-carcel-es-legal/,Los Andes,Pablo Arancibia abrió otro Facebook desde la cárcel ¿Es legal?,Pablo Arancibia abrió otro Facebook desde la cárcel ¿Es legal?
https://www.losandes.com.ar/mas-deportes/la-historia-de-nene-la-unica-entrenadora-de-saltadores-con-garrocha-de-mendoza/,Los Andes,"La historia de Nené, la única entrenadora de saltadores con garrocha de Mendoza","La historia de Nené, la única entrenadora de saltadores con garrocha de Mendoza"
https://www.losandes.com.ar/sociedad/invitan-a-mendocinos-a-participar-de-la-creacion-de-un-mapa-del-piedemonte-con-lugares-destacados-como-sumarse/,Los Andes,Invitan a mendocinos a participar de la creación de un mapa del piedemonte con lugares destacados: cómo sumarse,Invitan a mendocinos a participar de la creación de un mapa del piedemonte con lugares destacados: cómo sumarse
https://www.losandes.com.ar/politica/manana-cobran-los-estatales-mendocinos-la-primera-suba-salarial-del-ano/,Los Andes,Mañana cobran los estatales mendocinos la primera suba salarial del año,Mañana cobran los estatales mendocinos la primera suba salarial del año
https://www.losandes.com.ar/da-la-nota/tras-una-pausa-en-las-redes-jimena-baron-reaparecio-y-sus-posteos-estallaron/,Los Andes,"Tras una pausa en las redes, Jimena Baron reapareció y sus posteos estallaron","Tras una pausa en las redes, Jimena Baron reapareció y sus posteos estallaron"
https://www.losandes.com.ar/mas-deportes/vettel-no-tuvo-el-mejor-estreno-con-aston-martin-en-bahrein/,Los Andes,Vettel no tuvo el mejor estreno con Aston Martin en Bahréin,Vettel no tuvo el mejor estreno con Aston Martin en Bahréin
https://www.losandes.com.ar/mas-deportes/gomez-y-el-gran-momento-de-la-lepra-los-jugadores-son-unos-leones-seremos-un-rival-durisimo-para-cualquiera/,Los Andes,"Gómez y el gran momento de la Lepra: “Los jugadores son unos leones, seremos un rival durísimo para cualquiera”","Gómez y el gran momento de la Lepra: “Los jugadores son unos leones, seremos un rival durísimo para cualquiera”"
https://www.losandes.com.ar/rumbos/problemas-visuales-que-generan-bajo-rendimiento-escolar-como-los-detectamos/,Los Andes,El 25% de nuestros hijos e hijas sufren dificultades visuales. ¿Cómo las detectamos? | Rumbos,El 25% de nuestros hijos e hijas sufren dificultades visuales. ¿Cómo las detectamos? | Rumbos
https://www.losandes.com.ar/rumbos/santiago-lange-el-mar-te-ensena-que-los-planes-estan-hechos-para-cambiarse/,Los Andes,Santiago Lange: el mito del deporte argentino que superó un cáncer y va por la gloria a los Juegos de Tokio | Rumbos,Santiago Lange: el mito del deporte argentino que superó un cáncer y va por la gloria a los Juegos de Tokio | Rumbos
https://www.losandes.com.ar/por-las-redes/la-tierna-obsesion-de-un-perro-callejero-por-un-unicornio-de-peluche-que-provoco-una-accion-solidaria/,Los Andes,La tierna obsesión de un perro callejero por un unicornio de peluche que provocó una acción solidaria,La tierna obsesión de un perro callejero por un unicornio de peluche que provocó una acción solidaria
https://www.losandes.com.ar/da-la-nota/german-martitegui-y-su-dato-familiar-de-pelicula,Los Andes,Germán Martitegui y su dato familiar “de película”,Germán Martitegui y su dato familiar “de película”
https://www.diariouno.com.ar/futbol/koeman-contundente-el-posible-arribo-del-kun-aguero-n821050,Diario Uno,"Koeman, contundente sobre el posible arribo del Kun Agüero","Koeman, contundente sobre el posible arribo del Kun Agüero"
https://www.diariouno.com.ar/futbol/los-mejores-lo-que-va-del-siglo-xxi-boca-encima-river-n821116,Diario Uno,"Los mejores de lo que va del siglo XXI: Boca, por encima de River","Los mejores de lo que va del siglo XXI: Boca, por encima de River"
https://www.diariouno.com.ar/futbol/huracan-las-heras-sumo-minutos-el-lobo-n821107,Diario Uno,Huracán Las Heras sumó minutos de fútbol ante el Lobo,Huracán Las Heras sumó minutos de fútbol ante el Lobo
https://www.diariouno.com.ar/espectaculos/mila-kunis-confeso-que-agarro-un-trabajo-liberarse-sus-hijos-2-dias-n821121,Diario Uno,Mila Kunis confesó que agarró un trabajo para liberarse de sus hijos 2 días,Mila Kunis confesó que agarró un trabajo para liberarse de sus hijos 2 días
https://www.perfil.com/noticias/coronavirus/parte-el-segundo-vuelo-a-beijing-en-busca-de-dosis-de-sinopharm.phtml,Perfil,Parte el segundo vuelo a Beijing en busca de dosis de Sinopharm,Parte el segundo vuelo a Beijing en busca de dosis de Sinopharm
https://www.perfil.com/noticias/economia/advierten-que-el-fallo-en-contra-de-argentina-en-nueva-york-complicara-mas-el-credito.phtml,Perfil,Advierten que el fallo en contra de Argentina en Nueva York complicará más el crédito,Advierten que el fallo en contra de Argentina en Nueva York complicará más el crédito
https://www.perfil.com/noticias/economia/hay-tiempo-hasta-manana-para-comprar-herramientas-en-12-cuotas-con-el-banco-nacion.phtml,Perfil,Hasta mañana se pueden comprar herramientas de trabajo en 12 cuotas con el Banco Nación,Hasta mañana se pueden comprar herramientas de trabajo en 12 cuotas con el Banco Nación
https://tn.com.ar/tecno/f5/2021/03/30/arranca-el-despliegue-del-helicoptero-ingenuity-en-marte/,TN,Arranca el despliegue del helicóptero Ingenuity en Marte,Arranca el despliegue del helicóptero Ingenuity en Marte
https://www.infobae.com/politica/2021/03/30/piden-una-consulta-popular-para-determinar-si-mendoza-debe-separarse-de-la-argentina/,Infobae,Piden una consulta popular para determinar si Mendoza debe separarse de la Argentina,Piden una consulta popular para determinar si Mendoza debe separarse de la Argentina
https://www.infobae.com/economia/2021/03/30/dolar-hoy-la-cotizacion-libre-cae-a-141-y-la-brecha-cambiaria-es-la-mas-baja-en-casi-un-ano/,Infobae,Dólar hoy: la cotización libre cae a $141 y la brecha cambiaria es la más baja en casi un año,Dólar hoy: la cotización libre cae a $141 y la brecha cambiaria es la más baja en casi un año
https://www.infobae.com/america/agencias/2021/03/30/escandalo-en-sicilia-por-falsificacion-de-datos-sobre-la-pandemia/,Infobae,Escándalo en Sicilia por falsificación de datos sobre la pandemia,Escándalo en Sicilia por falsificación de datos sobre la pandemia
https://www.infobae.com/teleshow/infoshow/2021/03/30/mauricio-dalessandro-y-la-historia-de-su-foto-retro-lo-echaron-de-la-residencia-en-la-que-vivia-con-vilas-y-dio-dos-veces-la-materia-con-la-que-se-recibio/,Infobae,Mauricio D’Alessandro y la historia de su foto retro: lo echaron de la residencia en la que vivía con Vilas y dio dos veces la materia con la que se recibió,Mauricio D’Alessandro y la historia de su foto retro: lo echaron de la residencia en la que vivía con Vilas y dio dos veces la materia con la que se recibió
https://www.infobae.com/america/agencias/2021/03/30/coronavirus-estonia-amplia-el-confinamiento-vigente-por-la-pandemia-de-covid-19-hasta-el-25-de-abril/,Infobae,Coronavirus.- Estonia amplía el confinamiento vigente por la pandemia de COVID-19 hasta el 25 de abril,Coronavirus.- Estonia amplía el confinamiento vigente por la pandemia de COVID-19 hasta el 25 de abril
https://www.infobae.com/america/agencias/2021/03/30/mallorca-libertad-y-felicidad-para-los-alemanes-agotados-por-la-pandemia/,Infobae,"Mallorca, ""libertad y felicidad"" para los alemanes agotados por la pandemia","Mallorca, ""libertad y felicidad"" para los alemanes agotados por la pandemia"
https://www.infobae.com/america/agencias/2021/03/30/importaciones-chinas-de-petroleo-irani-alcanzarian-record-en-marzo/,Infobae,Importaciones chinas de petróleo iraní alcanzarían récord en marzo,Importaciones chinas de petróleo iraní alcanzarían récord en marzo
https://www.infobae.com/america/agencias/2021/03/30/coronavirus-portugal-registra-dos-nuevas-muertes-por-covid-19-la-cifra-mas-baja-desde-principios-de-septiembre/,Infobae,"Coronavirus.- Portugal registra dos nuevas muertes por COVID-19, la cifra más baja desde principios de septiembre","Coronavirus.- Portugal registra dos nuevas muertes por COVID-19, la cifra más baja desde principios de septiembre"
https://www.infobae.com/america/agencias/2021/03/30/julia-otero-recibe-la-vacuna-contra-la-covid-19-como-paciente-oncologico/,Infobae,Julia Otero recibe la vacuna contra la Covid-19 como paciente oncológico,Julia Otero recibe la vacuna contra la Covid-19 como paciente oncológico
https://www.infobae.com/america/agencias/2021/03/30/ciencia-el-cohete-starship-de-space-x-se-estrella-durante-el-aterrizaje/,Infobae,Ciencia.-El cohete Starship de Space X se estrella durante el aterrizaje,Ciencia.-El cohete Starship de Space X se estrella durante el aterrizaje
https://www.infobae.com/america/agencias/2021/03/30/alemania-recomendara-la-vacuna-de-astrazeneca-solo-para-mayores-de-60-medios-2/,Infobae,Alemania recomendará la vacuna de AstraZeneca sólo para mayores de 60: medios,Alemania recomendará la vacuna de AstraZeneca sólo para mayores de 60: medios
https://www.infobae.com/america/agencias/2021/03/30/el-fmi-ve-una-aceleracion-en-la-economia-global-impulsada-por-eeuu-y-china/,Infobae,"El FMI ve una ""aceleración"" en la economía global impulsada por EE.UU. y China","El FMI ve una ""aceleración"" en la economía global impulsada por EE.UU. y China"
https://www.infobae.com/america/agencias/2021/03/30/wall-street-abre-en-rojo-y-el-dow-jones-baja-un-030-pendiente-de-la-deuda/,Infobae,"Wall Street abre en rojo y el Dow Jones baja un 0,30 % pendiente de la deuda","Wall Street abre en rojo y el Dow Jones baja un 0,30 % pendiente de la deuda"
https://www.infobae.com/deportes/2021/03/30/el-video-que-ilusiona-a-los-hinchas-de-boca-cardona-practico-tiros-libres-junto-a-pavon/,Infobae,El video que ilusiona a los hinchas de Boca: Cardona practicó tiros libres junto a Pavón,El video que ilusiona a los hinchas de Boca: Cardona practicó tiros libres junto a Pavón
https://www.infobae.com/america/agencias/2021/03/30/las-criptomonedas-suben-tras-anuncio-de-que-visa-operara-con-criptodivisa/,Infobae,Las criptomonedas suben tras anuncio de que Visa operará con criptodivisa,Las criptomonedas suben tras anuncio de que Visa operará con criptodivisa
https://www.infobae.com/america/agencias/2021/03/30/dolar-hoy-en-canada-cotizacion-del-dolar-canadiense-al-dolar-estadounidense-del-30-de-marzo-usd-cad-2/,Infobae,Dólar hoy en Canadá: cotización del dólar canadiense al dólar estadounidense del 30 de marzo. USD CAD,Dólar hoy en Canadá: cotización del dólar canadiense al dólar estadounidense del 30 de marzo. USD CAD
https://www.infobae.com/america/agencias/2021/03/30/coronavirus-chile-registra-5394-casos-y-37-muertos-ante-un-repunte-de-los-hospitalizados/,Infobae,Coronavirus.- Chile registra 5.394 casos y 37 muertos ante un repunte de los hospitalizados,Coronavirus.- Chile registra 5.394 casos y 37 muertos ante un repunte de los hospitalizados
https://www.infobae.com/america/agencias/2021/03/30/la-familia-de-floyd-lamenta-se-busque-acabar-con-la-reputacion-de-la-victima/,Infobae,La familia de Floyd lamenta se busque acabar con la reputación de la víctima,La familia de Floyd lamenta se busque acabar con la reputación de la víctima
https://www.infobae.com/america/agencias/2021/03/30/gobernantes-de-mas-de-20-paises-y-la-oms-piden-tratado-internacional-para-responder-a-las-pandemias/,Infobae,Gobernantes de más de 20 países y la OMS piden tratado internacional para responder a las pandemias,Gobernantes de más de 20 países y la OMS piden tratado internacional para responder a las pandemias
https://www.infobae.com/america/america-latina/2021/03/30/el-candidato-a-presidente-que-encabeza-los-sondeos-en-peru-insistio-en-tratar-el-covid-19-con-aguardiente-y-sal/,Infobae,El candidato a presidente que encabeza los sondeos en Perú insistió en tratar el COVID-19 con aguardiente y sal,El candidato a presidente que encabeza los sondeos en Perú insistió en tratar el COVID-19 con aguardiente y sal
https://www.infobae.com/america/agencias/2021/03/30/spotify-compra-betty-labs-la-firma-detras-de-aplicacion-locker-room-2/,Infobae,"Spotify compra Betty Labs, la firma detrás de aplicación Locker Room","Spotify compra Betty Labs, la firma detrás de aplicación Locker Room"
https://www.infobae.com/politica/2021/03/30/casacion-rechazo-un-planteo-de-cristina-kirchner-y-el-caso-por-el-espionaje-en-el-gobierno-de-macri-pasa-a-comodoro-py/,Infobae,Casación rechazó un planteo de Cristina Kirchner y el caso por el espionaje en el gobierno de Macri pasará a Comodoro Py,Casación rechazó un planteo de Cristina Kirchner y el caso por el espionaje en el gobierno de Macri pasará a Comodoro Py
https://www.infobae.com/america/agencias/2021/03/30/el-papa-cita-a-shakespeare-para-hacer-apelacion-contra-cambio-climatico-2/,Infobae,El Papa cita a Shakespeare para hacer apelación contra cambio climático,El Papa cita a Shakespeare para hacer apelación contra cambio climático
https://www.infobae.com/america/agencias/2021/03/30/futbol-el-comite-ejecutivo-de-la-uefa-tratara-este-miercoles-el-futuro-de-las-competiciones-europeas/,Infobae,Fútbol.- El Comité Ejecutivo de la UEFA tratará este miércoles el futuro de las competiciones europeas,Fútbol.- El Comité Ejecutivo de la UEFA tratará este miércoles el futuro de las competiciones europeas
https://www.infobae.com/america/agencias/2021/03/30/desconecta-conoce-a-dexter-el-perro-crestado-rodesiano-que-esta-cambiando-la-vida-de-un-nino-de-10-anos-al-que-le-falta-una-pierna/,Infobae,"DESCONECTA.-Conoce a Dexter, el perro crestado rodesiano que está cambiando la vida de un niño de 10 años al que le falta una pierna","DESCONECTA.-Conoce a Dexter, el perro crestado rodesiano que está cambiando la vida de un niño de 10 años al que le falta una pierna"
https://www.infobae.com/america/agencias/2021/03/30/gasperini-conserva-su-titulo-de-mejor-entrenador-de-la-temporada-en-italia/,Infobae,Gasperini conserva su título de mejor entrenador de la temporada en Italia,Gasperini conserva su título de mejor entrenador de la temporada en Italia
https://www.infobae.com/america/agencias/2021/03/30/israel-detecta-nueva-cepa-covid-se-retrasa-oferta-de-compra-vacunas-de-pfizer-2/,Infobae,"Israel detecta nueva cepa COVID, se retrasa oferta de compra vacunas de Pfizer","Israel detecta nueva cepa COVID, se retrasa oferta de compra vacunas de Pfizer"
https://www.infobae.com/america/agencias/2021/03/30/llave-entre-chelsea-y-porto-por-cuartos-de-final-de-la-champions-se-jugara-en-sevilla/,Infobae,Llave entre Chelsea y Porto por cuartos de final de la Champions se jugará en Sevilla,Llave entre Chelsea y Porto por cuartos de final de la Champions se jugará en Sevilla
https://www.infobae.com/america/agencias/2021/03/30/gasto-emergencia-de-brasil-por-covid-19-no-necesita-cumplir-con-regla-de-limite-desembolsos-guedes/,Infobae,Gasto emergencia de Brasil por COVID-19 no necesita cumplir con regla de límite desembolsos: Guedes,Gasto emergencia de Brasil por COVID-19 no necesita cumplir con regla de límite desembolsos: Guedes
https://www.infobae.com/america/agencias/2021/03/30/grandes-ciudades-piden-invertir-en-transporte-publico-para-la-recuperacion/,Infobae,Grandes ciudades piden invertir en transporte público para la recuperación,Grandes ciudades piden invertir en transporte público para la recuperación
https://www.infobae.com/america/agencias/2021/03/30/rusia-multiplica-maniobras-militares-en-el-artico/,Infobae,Rusia multiplica maniobras militares en el Ártico,Rusia multiplica maniobras militares en el Ártico
https://www.infobae.com/america/agencias/2021/03/30/nueva-caravana-de-migrantes-parte-desde-honduras-a-eeuu/,Infobae,Nueva caravana de migrantes parte desde Honduras a EEUU,Nueva caravana de migrantes parte desde Honduras a EEUU
https://www.infobae.com/america/agencias/2021/03/30/luis-arce-y-evo-morales-celebran-el-aniversario-del-mas-con-pedidos-de-unidad/,Infobae,Luis Arce y Evo Morales celebran el aniversario del MAS con pedidos de unidad,Luis Arce y Evo Morales celebran el aniversario del MAS con pedidos de unidad
https://www.infobae.com/america/entretenimiento/2021/03/30/cuidate-no-te-imaginas-ni-por-donde-te-va-a-llegar-el-intimidante-mensaje-que-recibio-el-costeno-en-la-puerta-de-su-casa/,Infobae,"“Cuídate, no te imaginas ni por dónde te va a llegar”: el intimidante mensaje que recibió “El Costeño” en la puerta de su casa","“Cuídate, no te imaginas ni por dónde te va a llegar”: el intimidante mensaje que recibió “El Costeño” en la puerta de su casa"
https://www.infobae.com/america/agencias/2021/03/30/fractura-de-mano-para-ciclista-stewart-tras-incidente-con-bouhanni/,Infobae,Fractura de mano para ciclista Stewart tras incidente con Bouhanni,Fractura de mano para ciclista Stewart tras incidente con Bouhanni
https://www.infobae.com/america/agencias/2021/03/30/runido-epic-games-demanda-a-apple-ante-los-reguladores-de-reino-unido-por-conducta-anticompetitiva/,Infobae,"R.Unido.- Epic Games demanda a Apple ante los reguladores de Reino Unido por ""conducta anticompetitiva""","R.Unido.- Epic Games demanda a Apple ante los reguladores de Reino Unido por ""conducta anticompetitiva"""
https://www.eldestapeweb.com/politica/guillermo-moreno/guillermo-moreno-convoco-a-una-desafiliacion-masiva-del-pj--202133011570,Destape Web,Guillermo Moreno convocó a una desafiliación masiva del PJ,Guillermo Moreno convocó a una desafiliación masiva del PJ