country_iso2,country_iso3,country_name,indicator,series_code,year,value
AR,ARG,Argentina,GINI,SI.POV.GINI,2024,42.4
AR,ARG,Argentina,GINI,SI.POV.GINI,2023,42.4
AR,ARG,Argentina,GINI,SI.POV.GINI,2022,40.7
AR,ARG,Argentina,GINI,SI.POV.GINI,2021,42.4
AR,ARG,Argentina,GINI,SI.POV.GINI,2020,42.7
AR,ARG,Argentina,GINI,SI.POV.GINI,2019,43.3
AR,ARG,Argentina,GINI,SI.POV.GINI,2018,41.7
AR,ARG,Argentina,GINI,SI.POV.GINI,2017,41.4
AR,ARG,Argentina,GINI,SI.POV.GINI,2016,42.3
AR,ARG,Argentina,GINI,SI.POV.GINI,2014,41.8
AR,ARG,Argentina,GINI,SI.POV.GINI,2013,41.1
AR,ARG,Argentina,GINI,SI.POV.GINI,2012,41.4
AR,ARG,Argentina,GINI,SI.POV.GINI,2011,42.7
AR,ARG,Argentina,GINI,SI.POV.GINI,2010,43.7
AR,ARG,Argentina,GINI,SI.POV.GINI,2009,43.8
AR,ARG,Argentina,GINI,SI.POV.GINI,2008,45.0
AR,ARG,Argentina,GINI,SI.POV.GINI,2007,46.3
AR,ARG,Argentina,GINI,SI.POV.GINI,2006,46.4
AR,ARG,Argentina,GINI,SI.POV.GINI,2005,47.8
AR,ARG,Argentina,GINI,SI.POV.GINI,2004,48.5
AR,ARG,Argentina,GINI,SI.POV.GINI,2003,51.0
AR,ARG,Argentina,GINI,SI.POV.GINI,2002,53.8
AR,ARG,Argentina,GINI,SI.POV.GINI,2001,53.3
AR,ARG,Argentina,GINI,SI.POV.GINI,2000,51.0
AR,ARG,Argentina,GINI,SI.POV.GINI,1999,49.8
AR,ARG,Argentina,GINI,SI.POV.GINI,1998,50.7
AR,ARG,Argentina,GINI,SI.POV.GINI,1997,49.1
AR,ARG,Argentina,GINI,SI.POV.GINI,1996,49.5
AR,ARG,Argentina,GINI,SI.POV.GINI,1995,48.9
AR,ARG,Argentina,GINI,SI.POV.GINI,1994,45.9
AR,ARG,Argentina,GINI,SI.POV.GINI,1993,44.8
AR,ARG,Argentina,GINI,SI.POV.GINI,1992,45.5
AR,ARG,Argentina,GINI,SI.POV.GINI,1991,46.8
AR,ARG,Argentina,GINI,SI.POV.GINI,1987,45.3
AR,ARG,Argentina,GINI,SI.POV.GINI,1986,42.8
AR,ARG,Argentina,GINI,SI.POV.GINI,1980,40.8
AR,ARG,Argentina,GDP,NY.GDP.MKTP.CD,2024,638365455340.04
AR,ARG,Argentina,GDP,NY.GDP.MKTP.CD,2023,649461687959.174
AR,ARG,Argentina,GDP,NY.GDP.MKTP.CD,2022,633993756301.08
AR,ARG,Argentina,GDP,NY.GDP.MKTP.CD,2021,486564085480.036
AR,ARG,Argentina,GDP,NY.GDP.MKTP.CD,2020,385740508436.965
AR,ARG,Argentina,GDP,NY.GDP.MKTP.CD,2019,447754683615.225
AR,ARG,Argentina,GDP,NY.GDP.MKTP.CD,2018,524819892360.176
AR,ARG,Argentina,GDP,NY.GDP.MKTP.CD,2017,643628393281.364
AR,ARG,Argentina,GDP,NY.GDP.MKTP.CD,2016,557532320662.955
AR,ARG,Argentina,GDP,NY.GDP.MKTP.CD,2015,594749285413.212
AR,ARG,Argentina,GDP,NY.GDP.MKTP.CD,2014,526319673731.638
AR,ARG,Argentina,GDP,NY.GDP.MKTP.CD,2013,552025140252.246
AR,ARG,Argentina,GDP,NY.GDP.MKTP.CD,2012,545982375701.128
AR,ARG,Argentina,GDP,NY.GDP.MKTP.CD,2011,530158122010.442
AR,ARG,Argentina,GDP,NY.GDP.MKTP.CD,2010,423627422092.49
AR,ARG,Argentina,GDP,NY.GDP.MKTP.CD,2009,332976484577.619
AR,ARG,Argentina,GDP,NY.GDP.MKTP.CD,2008,361558037110.419
AR,ARG,Argentina,GDP,NY.GDP.MKTP.CD,2007,287530508430.568
AR,ARG,Argentina,GDP,NY.GDP.MKTP.CD,2006,232557260817.308
AR,ARG,Argentina,GDP,NY.GDP.MKTP.CD,2005,198737095012.282
AR,ARG,Argentina,GDP,NY.GDP.MKTP.CD,2004,164657930452.787
AR,ARG,Argentina,GDP,NY.GDP.MKTP.CD,2003,127586973492.177
AR,ARG,Argentina,GDP,NY.GDP.MKTP.CD,2002,97724004251.8602
AR,ARG,Argentina,GDP,NY.GDP.MKTP.CD,2001,268696750000.0
AR,ARG,Argentina,GDP,NY.GDP.MKTP.CD,2000,284203750000.0
AR,ARG,Argentina,GDP,NY.GDP.MKTP.CD,1999,283523000000.0
AR,ARG,Argentina,GDP,NY.GDP.MKTP.CD,1998,298948250000.0
AR,ARG,Argentina,GDP,NY.GDP.MKTP.CD,1997,292859000000.0
AR,ARG,Argentina,GDP,NY.GDP.MKTP.CD,1996,272149750000.0
AR,ARG,Argentina,GDP,NY.GDP.MKTP.CD,1995,258031750000.0
AR,ARG,Argentina,GDP,NY.GDP.MKTP.CD,1994,257440000000.0
AR,ARG,Argentina,GDP,NY.GDP.MKTP.CD,1993,236741715015.015
AR,ARG,Argentina,GDP,NY.GDP.MKTP.CD,1992,228778917308.17
AR,ARG,Argentina,GDP,NY.GDP.MKTP.CD,1991,189719984268.485
AR,ARG,Argentina,GDP,NY.GDP.MKTP.CD,1990,141352654305.163
AR,ARG,Argentina,GDP,NY.GDP.MKTP.CD,1989,76629728760.123
AR,ARG,Argentina,GDP,NY.GDP.MKTP.CD,1988,126890235049.092
AR,ARG,Argentina,GDP,NY.GDP.MKTP.CD,1987,108810885301.253
AR,ARG,Argentina,GDP,NY.GDP.MKTP.CD,1986,105872372613.857
AR,ARG,Argentina,GDP,NY.GDP.MKTP.CD,1985,88150891728.1064
AR,ARG,Argentina,GDP,NY.GDP.MKTP.CD,1984,116915052107.031
AR,ARG,Argentina,GDP,NY.GDP.MKTP.CD,1983,103979106777.911
AR,ARG,Argentina,GDP,NY.GDP.MKTP.CD,1982,84307486836.724
AR,ARG,Argentina,GDP,NY.GDP.MKTP.CD,1981,78676842366.5529
AR,ARG,Argentina,GDP,NY.GDP.MKTP.CD,1980,76961923741.0701
AR,ARG,Argentina,GDP,NY.GDP.MKTP.CD,1979,69252328951.6441
AR,ARG,Argentina,GDP,NY.GDP.MKTP.CD,1978,89049453088.3282
AR,ARG,Argentina,GDP,NY.GDP.MKTP.CD,1977,56781000101.0848
AR,ARG,Argentina,GDP,NY.GDP.MKTP.CD,1976,51169499892.1722
AR,ARG,Argentina,GDP,NY.GDP.MKTP.CD,1975,52438647921.9226
AR,ARG,Argentina,GDP,NY.GDP.MKTP.CD,1974,72436777342.4554
AR,ARG,Argentina,GDP,NY.GDP.MKTP.CD,1973,52544000116.9037
AR,ARG,Argentina,GDP,NY.GDP.MKTP.CD,1972,34733000536.2862
AR,ARG,Argentina,GDP,NY.GDP.MKTP.CD,1971,33293199095.4881
AR,ARG,Argentina,GDP,NY.GDP.MKTP.CD,1970,31584210365.5447
AR,ARG,Argentina,GDP,NY.GDP.MKTP.CD,1969,31256284543.6155
AR,ARG,Argentina,GDP,NY.GDP.MKTP.CD,1968,26436857247.4982
AR,ARG,Argentina,GDP,NY.GDP.MKTP.CD,1967,24256667553.2569
AR,ARG,Argentina,GDP,NY.GDP.MKTP.CD,1966,28630474727.9023
AR,ARG,Argentina,GDP,NY.GDP.MKTP.CD,1965,28344705966.6389
AR,ARG,Argentina,GDP,NY.GDP.MKTP.CD,1964,25605249381.7597
AR,ARG,Argentina,GDP,NY.GDP.MKTP.CD,1963,18272123664.4715
AR,ARG,Argentina,GDP,NY.GDP.MKTP.CD,1962,18337691145.3688
AR,ARG,Argentina,GDP,NY.GDP.MKTP.CD,1961,20132220374.9093
AR,ARG,Argentina,GDP,NY.GDP.MKTP.CD,1960,15865474315.4056
BO,BOL,Bolivia,GINI,SI.POV.GINI,2023,42.1
BO,BOL,Bolivia,GINI,SI.POV.GINI,2022,41.2
BO,BOL,Bolivia,GINI,SI.POV.GINI,2021,40.9
BO,BOL,Bolivia,GINI,SI.POV.GINI,2020,43.6
BO,BOL,Bolivia,GINI,SI.POV.GINI,2019,41.6
BO,BOL,Bolivia,GINI,SI.POV.GINI,2018,42.6
BO,BOL,Bolivia,GINI,SI.POV.GINI,2017,44.6
BO,BOL,Bolivia,GINI,SI.POV.GINI,2016,45.2
BO,BOL,Bolivia,GINI,SI.POV.GINI,2015,46.7
BO,BOL,Bolivia,GINI,SI.POV.GINI,2014,47.8
BO,BOL,Bolivia,GINI,SI.POV.GINI,2013,47.6
BO,BOL,Bolivia,GINI,SI.POV.GINI,2012,46.6
BO,BOL,Bolivia,GINI,SI.POV.GINI,2011,46.1
BO,BOL,Bolivia,GINI,SI.POV.GINI,2009,49.2
BO,BOL,Bolivia,GINI,SI.POV.GINI,2008,50.8
BO,BOL,Bolivia,GINI,SI.POV.GINI,2007,54.5
BO,BOL,Bolivia,GINI,SI.POV.GINI,2006,56.7
BO,BOL,Bolivia,GINI,SI.POV.GINI,2005,58.5
BO,BOL,Bolivia,GINI,SI.POV.GINI,2004,55.0
BO,BOL,Bolivia,GINI,SI.POV.GINI,2002,59.3
BO,BOL,Bolivia,GINI,SI.POV.GINI,2001,57.4
BO,BOL,Bolivia,GINI,SI.POV.GINI,2000,61.6
BO,BOL,Bolivia,GINI,SI.POV.GINI,1999,58.0
BO,BOL,Bolivia,GINI,SI.POV.GINI,1997,58.1
BO,BOL,Bolivia,GINI,SI.POV.GINI,1992,49.1
BO,BOL,Bolivia,GINI,SI.POV.GINI,1990,42.0
BO,BOL,Bolivia,GDP,NY.GDP.MKTP.CD,2024,54881327452.9667
BO,BOL,Bolivia,GDP,NY.GDP.MKTP.CD,2023,52340206946.4544
BO,BOL,Bolivia,GDP,NY.GDP.MKTP.CD,2022,50959081953.6903
BO,BOL,Bolivia,GDP,NY.GDP.MKTP.CD,2021,47877892402.3155
BO,BOL,Bolivia,GDP,NY.GDP.MKTP.CD,2020,42313784081.042
BO,BOL,Bolivia,GDP,NY.GDP.MKTP.CD,2019,49056643589.0014
BO,BOL,Bolivia,GDP,NY.GDP.MKTP.CD,2018,48414038842.2576
BO,BOL,Bolivia,GDP,NY.GDP.MKTP.CD,2017,45927439594.7902
BO,BOL,Bolivia,GDP,NY.GDP.MKTP.CD,2016,33941126193.9219
BO,BOL,Bolivia,GDP,NY.GDP.MKTP.CD,2015,33000198248.9146
BO,BOL,Bolivia,GDP,NY.GDP.MKTP.CD,2014,32996188017.3661
BO,BOL,Bolivia,GDP,NY.GDP.MKTP.CD,2013,30659338885.6729
BO,BOL,Bolivia,GDP,NY.GDP.MKTP.CD,2012,27084497481.9103
BO,BOL,Bolivia,GDP,NY.GDP.MKTP.CD,2011,23963164696.592
BO,BOL,Bolivia,GDP,NY.GDP.MKTP.CD,2010,19649723722.1034
BO,BOL,Bolivia,GDP,NY.GDP.MKTP.CD,2009,17339992193.7322
BO,BOL,Bolivia,GDP,NY.GDP.MKTP.CD,2008,16674276285.8956
BO,BOL,Bolivia,GDP,NY.GDP.MKTP.CD,2007,13120108008.3477
BO,BOL,Bolivia,GDP,NY.GDP.MKTP.CD,2006,11451844902.2214
BO,BOL,Bolivia,GDP,NY.GDP.MKTP.CD,2005,9549122905.32852
BO,BOL,Bolivia,GDP,NY.GDP.MKTP.CD,2004,8773451751.5121
BO,BOL,Bolivia,GDP,NY.GDP.MKTP.CD,2003,8082399639.54305
BO,BOL,Bolivia,GDP,NY.GDP.MKTP.CD,2002,7905485146.44351
BO,BOL,Bolivia,GDP,NY.GDP.MKTP.CD,2001,8141516928.39489
BO,BOL,Bolivia,GDP,NY.GDP.MKTP.CD,2000,8397855484.76908
BO,BOL,Bolivia,GDP,NY.GDP.MKTP.CD,1999,8285064434.56826
BO,BOL,Bolivia,GDP,NY.GDP.MKTP.CD,1998,8497494652.12546
BO,BOL,Bolivia,GDP,NY.GDP.MKTP.CD,1997,7925736821.45034
BO,BOL,Bolivia,GDP,NY.GDP.MKTP.CD,1996,7396949126.35685
BO,BOL,Bolivia,GDP,NY.GDP.MKTP.CD,1995,6715161732.22658
BO,BOL,Bolivia,GDP,NY.GDP.MKTP.CD,1994,5981222858.82727
BO,BOL,Bolivia,GDP,NY.GDP.MKTP.CD,1993,5734699488.84934
BO,BOL,Bolivia,GDP,NY.GDP.MKTP.CD,1992,5643868748.68126
BO,BOL,Bolivia,GDP,NY.GDP.MKTP.CD,1991,5343262457.10226
BO,BOL,Bolivia,GDP,NY.GDP.MKTP.CD,1990,4867582597.51312
BO,BOL,Bolivia,GDP,NY.GDP.MKTP.CD,1989,4715973437.43673
BO,BOL,Bolivia,GDP,NY.GDP.MKTP.CD,1988,4597612362.2748
BO,BOL,Bolivia,GDP,NY.GDP.MKTP.CD,1987,4347956337.93221
BO,BOL,Bolivia,GDP,NY.GDP.MKTP.CD,1986,3959382833.13461
BO,BOL,Bolivia,GDP,NY.GDP.MKTP.CD,1985,5377276554.93016
BO,BOL,Bolivia,GDP,NY.GDP.MKTP.CD,1984,6169483225.35915
BO,BOL,Bolivia,GDP,NY.GDP.MKTP.CD,1983,5422656823.38212
BO,BOL,Bolivia,GDP,NY.GDP.MKTP.CD,1982,5594126368.90981
BO,BOL,Bolivia,GDP,NY.GDP.MKTP.CD,1981,5891598694.9429
BO,BOL,Bolivia,GDP,NY.GDP.MKTP.CD,1980,4537479608.48287
BO,BOL,Bolivia,GDP,NY.GDP.MKTP.CD,1979,4421336382.94397
BO,BOL,Bolivia,GDP,NY.GDP.MKTP.CD,1978,3758220889.55522
BO,BOL,Bolivia,GDP,NY.GDP.MKTP.CD,1977,3227436281.85907
BO,BOL,Bolivia,GDP,NY.GDP.MKTP.CD,1976,2731984007.996
BO,BOL,Bolivia,GDP,NY.GDP.MKTP.CD,1975,2404697651.17441
BO,BOL,Bolivia,GDP,NY.GDP.MKTP.CD,1974,2100249875.06247
BO,BOL,Bolivia,GDP,NY.GDP.MKTP.CD,1973,1262968515.74213
BO,BOL,Bolivia,GDP,NY.GDP.MKTP.CD,1972,1257615644.97932
BO,BOL,Bolivia,GDP,NY.GDP.MKTP.CD,1971,1095622895.6229
BO,BOL,Bolivia,GDP,NY.GDP.MKTP.CD,1970,1017003367.00337
BO,BOL,Bolivia,GDP,NY.GDP.MKTP.CD,1969,929629629.62963
BO,BOL,Bolivia,GDP,NY.GDP.MKTP.CD,1968,857912457.912458
BO,BOL,Bolivia,GDP,NY.GDP.MKTP.CD,1967,755808080.808081
BO,BOL,Bolivia,GDP,NY.GDP.MKTP.CD,1966,669191919.191919
BO,BOL,Bolivia,GDP,NY.GDP.MKTP.CD,1965,604377104.377104
BO,BOL,Bolivia,GDP,NY.GDP.MKTP.CD,1964,544023569.023569
BO,BOL,Bolivia,GDP,NY.GDP.MKTP.CD,1963,482828282.828283
BO,BOL,Bolivia,GDP,NY.GDP.MKTP.CD,1962,448400673.400673
BO,BOL,Bolivia,GDP,NY.GDP.MKTP.CD,1961,410101010.10101
BO,BOL,Bolivia,GDP,NY.GDP.MKTP.CD,1960,377020202.020202
BR,BRA,Brasil,GINI,SI.POV.GINI,2023,51.6
BR,BRA,Brasil,GINI,SI.POV.GINI,2022,52.0
BR,BRA,Brasil,GINI,SI.POV.GINI,2021,52.9
BR,BRA,Brasil,GINI,SI.POV.GINI,2020,48.9
BR,BRA,Brasil,GINI,SI.POV.GINI,2019,53.5
BR,BRA,Brasil,GINI,SI.POV.GINI,2018,53.9
BR,BRA,Brasil,GINI,SI.POV.GINI,2017,53.3
BR,BRA,Brasil,GINI,SI.POV.GINI,2016,53.4
BR,BRA,Brasil,GINI,SI.POV.GINI,2015,51.9
BR,BRA,Brasil,GINI,SI.POV.GINI,2014,52.0
BR,BRA,Brasil,GINI,SI.POV.GINI,2013,52.7
BR,BRA,Brasil,GINI,SI.POV.GINI,2012,53.4
BR,BRA,Brasil,GINI,SI.POV.GINI,2011,52.9
BR,BRA,Brasil,GINI,SI.POV.GINI,2009,53.7
BR,BRA,Brasil,GINI,SI.POV.GINI,2008,54.0
BR,BRA,Brasil,GINI,SI.POV.GINI,2007,54.9
BR,BRA,Brasil,GINI,SI.POV.GINI,2006,55.6
BR,BRA,Brasil,GINI,SI.POV.GINI,2005,56.3
BR,BRA,Brasil,GINI,SI.POV.GINI,2004,56.5
BR,BRA,Brasil,GINI,SI.POV.GINI,2003,57.6
BR,BRA,Brasil,GINI,SI.POV.GINI,2002,58.1
BR,BRA,Brasil,GINI,SI.POV.GINI,2001,58.4
BR,BRA,Brasil,GINI,SI.POV.GINI,1999,59.0
BR,BRA,Brasil,GINI,SI.POV.GINI,1998,59.6
BR,BRA,Brasil,GINI,SI.POV.GINI,1997,59.8
BR,BRA,Brasil,GINI,SI.POV.GINI,1996,59.8
BR,BRA,Brasil,GINI,SI.POV.GINI,1995,59.5
BR,BRA,Brasil,GINI,SI.POV.GINI,1993,60.1
BR,BRA,Brasil,GINI,SI.POV.GINI,1992,53.1
BR,BRA,Brasil,GINI,SI.POV.GINI,1990,60.5
BR,BRA,Brasil,GINI,SI.POV.GINI,1989,63.2
BR,BRA,Brasil,GINI,SI.POV.GINI,1988,61.4
BR,BRA,Brasil,GINI,SI.POV.GINI,1987,59.6
BR,BRA,Brasil,GINI,SI.POV.GINI,1986,58.4
BR,BRA,Brasil,GINI,SI.POV.GINI,1985,55.5
BR,BRA,Brasil,GINI,SI.POV.GINI,1984,58.3
BR,BRA,Brasil,GINI,SI.POV.GINI,1983,58.9
BR,BRA,Brasil,GINI,SI.POV.GINI,1982,58.4
BR,BRA,Brasil,GINI,SI.POV.GINI,1981,57.9
BR,BRA,Brasil,GDP,NY.GDP.MKTP.CD,2024,2185821648943.86
BR,BRA,Brasil,GDP,NY.GDP.MKTP.CD,2023,2191131869706.02
BR,BRA,Brasil,GDP,NY.GDP.MKTP.CD,2022,1951923832083.87
BR,BRA,Brasil,GDP,NY.GDP.MKTP.CD,2021,1670647464062.96
BR,BRA,Brasil,GDP,NY.GDP.MKTP.CD,2020,1476107292151.95
BR,BRA,Brasil,GDP,NY.GDP.MKTP.CD,2019,1873288158838.63
BR,BRA,Brasil,GDP,NY.GDP.MKTP.CD,2018,1916933708352.71
BR,BRA,Brasil,GDP,NY.GDP.MKTP.CD,2017,2063514688805.78
BR,BRA,Brasil,GDP,NY.GDP.MKTP.CD,2016,1795693265999.04
BR,BRA,Brasil,GDP,NY.GDP.MKTP.CD,2015,1802211999456.42
BR,BRA,Brasil,GDP,NY.GDP.MKTP.CD,2014,2456043766032.38
BR,BRA,Brasil,GDP,NY.GDP.MKTP.CD,2013,2472819362043.74
BR,BRA,Brasil,GDP,NY.GDP.MKTP.CD,2012,2465228293706.86
BR,BRA,Brasil,GDP,NY.GDP.MKTP.CD,2011,2616156606579.21
BR,BRA,Brasil,GDP,NY.GDP.MKTP.CD,2010,2208838108484.35
BR,BRA,Brasil,GDP,NY.GDP.MKTP.CD,2009,1666996294252.12
BR,BRA,Brasil,GDP,NY.GDP.MKTP.CD,2008,1695855391757.96
BR,BRA,Brasil,GDP,NY.GDP.MKTP.CD,2007,1397114247188.89
BR,BRA,Brasil,GDP,NY.GDP.MKTP.CD,2006,1107626711163.23
BR,BRA,Brasil,GDP,NY.GDP.MKTP.CD,2005,891633826625.407
BR,BRA,Brasil,GDP,NY.GDP.MKTP.CD,2004,669289321944.512
BR,BRA,Brasil,GDP,NY.GDP.MKTP.CD,2003,558233724164.711
BR,BRA,Brasil,GDP,NY.GDP.MKTP.CD,2002,509795270685.19
BR,BRA,Brasil,GDP,NY.GDP.MKTP.CD,2001,559983704094.17
BR,BRA,Brasil,GDP,NY.GDP.MKTP.CD,2000,655448188259.351
BR,BRA,Brasil,GDP,NY.GDP.MKTP.CD,1999,599642075004.471
BR,BRA,Brasil,GDP,NY.GDP.MKTP.CD,1998,863711007325.493
BR,BRA,Brasil,GDP,NY.GDP.MKTP.CD,1997,883206452795.124
BR,BRA,Brasil,GDP,NY.GDP.MKTP.CD,1996,850426433004.077
BR,BRA,Brasil,GDP,NY.GDP.MKTP.CD,1995,769333330411.575
BR,BRA,Brasil,GDP,NY.GDP.MKTP.CD,1994,525369851353.742
BR,BRA,Brasil,GDP,NY.GDP.MKTP.CD,1993,368295778245.09
BR,BRA,Brasil,GDP,NY.GDP.MKTP.CD,1992,328187960871.951
BR,BRA,Brasil,GDP,NY.GDP.MKTP.CD,1991,342609231342.783
BR,BRA,Brasil,GDP,NY.GDP.MKTP.CD,1990,390725626002.866
BR,BRA,Brasil,GDP,NY.GDP.MKTP.CD,1989,412990820287.42
BR,BRA,Brasil,GDP,NY.GDP.MKTP.CD,1988,307881930752.268
BR,BRA,Brasil,GDP,NY.GDP.MKTP.CD,1987,283056836893.838
BR,BRA,Brasil,GDP,NY.GDP.MKTP.CD,1986,256480852471.129
BR,BRA,Brasil,GDP,NY.GDP.MKTP.CD,1985,210879844638.877
BR,BRA,Brasil,GDP,NY.GDP.MKTP.CD,1984,188339974086.58
BR,BRA,Brasil,GDP,NY.GDP.MKTP.CD,1983,189656506321.431
BR,BRA,Brasil,GDP,NY.GDP.MKTP.CD,1982,271314113768.417
BR,BRA,Brasil,GDP,NY.GDP.MKTP.CD,1981,258015174748.648
BR,BRA,Brasil,GDP,NY.GDP.MKTP.CD,1980,237393489892.637
BR,BRA,Brasil,GDP,NY.GDP.MKTP.CD,1979,221338204480.222
BR,BRA,Brasil,GDP,NY.GDP.MKTP.CD,1978,200278646123.581
BR,BRA,Brasil,GDP,NY.GDP.MKTP.CD,1977,176344101401.941
BR,BRA,Brasil,GDP,NY.GDP.MKTP.CD,1976,153168949208.207
BR,BRA,Brasil,GDP,NY.GDP.MKTP.CD,1975,129203555238.827
BR,BRA,Brasil,GDP,NY.GDP.MKTP.CD,1974,109794519727.538
BR,BRA,Brasil,GDP,NY.GDP.MKTP.CD,1973,83592275862.9982
BR,BRA,Brasil,GDP,NY.GDP.MKTP.CD,1972,58434858374.8696
BR,BRA,Brasil,GDP,NY.GDP.MKTP.CD,1971,48869830901.7878
BR,BRA,Brasil,GDP,NY.GDP.MKTP.CD,1970,42327664793.6934
BR,BRA,Brasil,GDP,NY.GDP.MKTP.CD,1969,37171640818.5863
BR,BRA,Brasil,GDP,NY.GDP.MKTP.CD,1968,33930457425.2613
BR,BRA,Brasil,GDP,NY.GDP.MKTP.CD,1967,31086389194.961
BR,BRA,Brasil,GDP,NY.GDP.MKTP.CD,1966,28283323733.1114
BR,BRA,Brasil,GDP,NY.GDP.MKTP.CD,1965,22465522884.0988
BR,BRA,Brasil,GDP,NY.GDP.MKTP.CD,1964,20963733694.9749
BR,BRA,Brasil,GDP,NY.GDP.MKTP.CD,1963,23287712878.2002
BR,BRA,Brasil,GDP,NY.GDP.MKTP.CD,1962,19231747851.5332
BR,BRA,Brasil,GDP,NY.GDP.MKTP.CD,1961,17275940449.3837
BR,BRA,Brasil,GDP,NY.GDP.MKTP.CD,1960,17030465539.3906
CL,CHL,Chile,GINI,SI.POV.GINI,2022,43.0
CL,CHL,Chile,GINI,SI.POV.GINI,2020,47.0
CL,CHL,Chile,GINI,SI.POV.GINI,2017,45.3
CL,CHL,Chile,GINI,SI.POV.GINI,2015,45.3
CL,CHL,Chile,GINI,SI.POV.GINI,2013,46.8
CL,CHL,Chile,GINI,SI.POV.GINI,2011,46.9
CL,CHL,Chile,GINI,SI.POV.GINI,2009,47.4
CL,CHL,Chile,GINI,SI.POV.GINI,2006,47.7
CL,CHL,Chile,GINI,SI.POV.GINI,2003,51.5
CL,CHL,Chile,GINI,SI.POV.GINI,2000,52.8
CL,CHL,Chile,GINI,SI.POV.GINI,1998,55.5
CL,CHL,Chile,GINI,SI.POV.GINI,1996,54.9
CL,CHL,Chile,GINI,SI.POV.GINI,1994,56.4
CL,CHL,Chile,GINI,SI.POV.GINI,1992,54.8
CL,CHL,Chile,GINI,SI.POV.GINI,1990,57.2
CL,CHL,Chile,GINI,SI.POV.GINI,1987,56.2
CL,CHL,Chile,GDP,NY.GDP.MKTP.CD,2024,330267137371.592
CL,CHL,Chile,GDP,NY.GDP.MKTP.CD,2023,335518054097.637
CL,CHL,Chile,GDP,NY.GDP.MKTP.CD,2022,301226575540.242
CL,CHL,Chile,GDP,NY.GDP.MKTP.CD,2021,315325547162.072
CL,CHL,Chile,GDP,NY.GDP.MKTP.CD,2020,254042159309.311
CL,CHL,Chile,GDP,NY.GDP.MKTP.CD,2019,278285058719.466
CL,CHL,Chile,GDP,NY.GDP.MKTP.CD,2018,295857562991.709
CL,CHL,Chile,GDP,NY.GDP.MKTP.CD,2017,276154259981.097
CL,CHL,Chile,GDP,NY.GDP.MKTP.CD,2016,249344863928.438
CL,CHL,Chile,GDP,NY.GDP.MKTP.CD,2015,242450355830.884
CL,CHL,Chile,GDP,NY.GDP.MKTP.CD,2014,259560978224.359
CL,CHL,Chile,GDP,NY.GDP.MKTP.CD,2013,277395018842.417
CL,CHL,Chile,GDP,NY.GDP.MKTP.CD,2012,267024782486.855
CL,CHL,Chile,GDP,NY.GDP.MKTP.CD,2011,251382573893.87
CL,CHL,Chile,GDP,NY.GDP.MKTP.CD,2010,217051209238.534
CL,CHL,Chile,GDP,NY.GDP.MKTP.CD,2009,171777900623.892
CL,CHL,Chile,GDP,NY.GDP.MKTP.CD,2008,179894594475.405
CL,CHL,Chile,GDP,NY.GDP.MKTP.CD,2007,172491076033.863
CL,CHL,Chile,GDP,NY.GDP.MKTP.CD,2006,153843518170.864
CL,CHL,Chile,GDP,NY.GDP.MKTP.CD,2005,122294145163.192
CL,CHL,Chile,GDP,NY.GDP.MKTP.CD,2004,99075985773.6682
CL,CHL,Chile,GDP,NY.GDP.MKTP.CD,2003,76492579644.0605
CL,CHL,Chile,GDP,NY.GDP.MKTP.CD,2002,70264045939.2773
CL,CHL,Chile,GDP,NY.GDP.MKTP.CD,2001,71574739561.4329
CL,CHL,Chile,GDP,NY.GDP.MKTP.CD,2000,78339750721.364
CL,CHL,Chile,GDP,NY.GDP.MKTP.CD,1999,75578685735.5219
CL,CHL,Chile,GDP,NY.GDP.MKTP.CD,1998,81990010704.0602
CL,CHL,Chile,GDP,NY.GDP.MKTP.CD,1997,85741415285.165
CL,CHL,Chile,GDP,NY.GDP.MKTP.CD,1996,78584098983.6374
CL,CHL,Chile,GDP,NY.GDP.MKTP.CD,1995,73820425701.6603
CL,CHL,Chile,GDP,NY.GDP.MKTP.CD,1994,57438273591.0521
CL,CHL,Chile,GDP,NY.GDP.MKTP.CD,1993,49934943320.8828
CL,CHL,Chile,GDP,NY.GDP.MKTP.CD,1992,46538895685.8088
CL,CHL,Chile,GDP,NY.GDP.MKTP.CD,1991,38232330917.2011
CL,CHL,Chile,GDP,NY.GDP.MKTP.CD,1990,33428580448.2715
CL,CHL,Chile,GDP,NY.GDP.MKTP.CD,1989,30101767991.1135
CL,CHL,Chile,GDP,NY.GDP.MKTP.CD,1988,26174858613.8456
CL,CHL,Chile,GDP,NY.GDP.MKTP.CD,1987,22605488850.8981
CL,CHL,Chile,GDP,NY.GDP.MKTP.CD,1986,19197818084.6757
CL,CHL,Chile,GDP,NY.GDP.MKTP.CD,1985,17933557359.8036
CL,CHL,Chile,GDP,NY.GDP.MKTP.CD,1984,19974595028.1582
CL,CHL,Chile,GDP,NY.GDP.MKTP.CD,1983,20629678694.0684
CL,CHL,Chile,GDP,NY.GDP.MKTP.CD,1982,19710229067.2864
CL,CHL,Chile,GDP,NY.GDP.MKTP.CD,1981,35180322211.2903
CL,CHL,Chile,GDP,NY.GDP.MKTP.CD,1980,29586676576.0951
CL,CHL,Chile,GDP,NY.GDP.MKTP.CD,1979,22249574627.6911
CL,CHL,Chile,GDP,NY.GDP.MKTP.CD,1978,16373093553.7155
CL,CHL,Chile,GDP,NY.GDP.MKTP.CD,1977,14272711436.7475
CL,CHL,Chile,GDP,NY.GDP.MKTP.CD,1976,10523479088.8075
CL,CHL,Chile,GDP,NY.GDP.MKTP.CD,1975,7812161793.11971
CL,CHL,Chile,GDP,NY.GDP.MKTP.CD,1974,16584311220.1384
CL,CHL,Chile,GDP,NY.GDP.MKTP.CD,1973,17237336172.7878
CL,CHL,Chile,GDP,NY.GDP.MKTP.CD,1972,12057501634.979
CL,CHL,Chile,GDP,NY.GDP.MKTP.CD,1971,10999807567.1235
CL,CHL,Chile,GDP,NY.GDP.MKTP.CD,1970,9261006540.15907
CL,CHL,Chile,GDP,NY.GDP.MKTP.CD,1969,8456519044.38223
CL,CHL,Chile,GDP,NY.GDP.MKTP.CD,1968,7286820526.02462
CL,CHL,Chile,GDP,NY.GDP.MKTP.CD,1967,7145068067.64138
CL,CHL,Chile,GDP,NY.GDP.MKTP.CD,1966,7256882086.19585
CL,CHL,Chile,GDP,NY.GDP.MKTP.CD,1965,6183988944.34606
CL,CHL,Chile,GDP,NY.GDP.MKTP.CD,1964,6065708668.32735
CL,CHL,Chile,GDP,NY.GDP.MKTP.CD,1963,5702520146.03167
CL,CHL,Chile,GDP,NY.GDP.MKTP.CD,1962,5765971144.47142
CL,CHL,Chile,GDP,NY.GDP.MKTP.CD,1961,4948564550.91046
CL,CHL,Chile,GDP,NY.GDP.MKTP.CD,1960,4211103676.74027
CO,COL,Colombia,GINI,SI.POV.GINI,2023,53.9
CO,COL,Colombia,GINI,SI.POV.GINI,2022,54.8
CO,COL,Colombia,GINI,SI.POV.GINI,2021,55.1
CO,COL,Colombia,GINI,SI.POV.GINI,2020,53.5
CO,COL,Colombia,GINI,SI.POV.GINI,2019,51.3
CO,COL,Colombia,GINI,SI.POV.GINI,2018,50.4
CO,COL,Colombia,GINI,SI.POV.GINI,2017,49.7
CO,COL,Colombia,GINI,SI.POV.GINI,2016,50.6
CO,COL,Colombia,GINI,SI.POV.GINI,2015,51.0
CO,COL,Colombia,GINI,SI.POV.GINI,2014,52.5
CO,COL,Colombia,GINI,SI.POV.GINI,2013,52.6
CO,COL,Colombia,GINI,SI.POV.GINI,2012,52.6
CO,COL,Colombia,GINI,SI.POV.GINI,2011,53.5
CO,COL,Colombia,GINI,SI.POV.GINI,2010,54.6
CO,COL,Colombia,GINI,SI.POV.GINI,2009,54.3
CO,COL,Colombia,GINI,SI.POV.GINI,2008,55.3
CO,COL,Colombia,GINI,SI.POV.GINI,2005,53.9
CO,COL,Colombia,GINI,SI.POV.GINI,2004,55.0
CO,COL,Colombia,GINI,SI.POV.GINI,2003,53.6
CO,COL,Colombia,GINI,SI.POV.GINI,2002,56.0
CO,COL,Colombia,GINI,SI.POV.GINI,2001,57.3
CO,COL,Colombia,GINI,SI.POV.GINI,2000,58.4
CO,COL,Colombia,GINI,SI.POV.GINI,1999,58.5
CO,COL,Colombia,GINI,SI.POV.GINI,1996,56.8
CO,COL,Colombia,GINI,SI.POV.GINI,1992,51.3
CO,COL,Colombia,GINI,SI.POV.GINI,1991,51.3
CO,COL,Colombia,GINI,SI.POV.GINI,1989,52.8
CO,COL,Colombia,GINI,SI.POV.GINI,1988,53.1
CO,COL,Colombia,GINI,SI.POV.GINI,1980,55.1
CO,COL,Colombia,GDP,NY.GDP.MKTP.CD,2024,418818154879.271
CO,COL,Colombia,GDP,NY.GDP.MKTP.CD,2023,366291836137.916
CO,COL,Colombia,GDP,NY.GDP.MKTP.CD,2022,345632492851.448
CO,COL,Colombia,GDP,NY.GDP.MKTP.CD,2021,318524633225.395
CO,COL,Colombia,GDP,NY.GDP.MKTP.CD,2020,270348342541.465
CO,COL,Colombia,GDP,NY.GDP.MKTP.CD,2019,323031701192.84
CO,COL,Colombia,GDP,NY.GDP.MKTP.CD,2018,334198218098.276
CO,COL,Colombia,GDP,NY.GDP.MKTP.CD,2017,311866875156.879
CO,COL,Colombia,GDP,NY.GDP.MKTP.CD,2016,282720100286.228
CO,COL,Colombia,GDP,NY.GDP.MKTP.CD,2015,293492370193.166
CO,COL,Colombia,GDP,NY.GDP.MKTP.CD,2014,381240864422.407
CO,COL,Colombia,GDP,NY.GDP.MKTP.CD,2013,382093697077.685
CO,COL,Colombia,GDP,NY.GDP.MKTP.CD,2012,370691143018.039
CO,COL,Colombia,GDP,NY.GDP.MKTP.CD,2011,334966134804.887
CO,COL,Colombia,GDP,NY.GDP.MKTP.CD,2010,286498534094.963
CO,COL,Colombia,GDP,NY.GDP.MKTP.CD,2009,232468663109.595
CO,COL,Colombia,GDP,NY.GDP.MKTP.CD,2008,242504150472.931
CO,COL,Colombia,GDP,NY.GDP.MKTP.CD,2007,206229540926.312
CO,COL,Colombia,GDP,NY.GDP.MKTP.CD,2006,161792958904.864
CO,COL,Colombia,GDP,NY.GDP.MKTP.CD,2005,145600529605.803
CO,COL,Colombia,GDP,NY.GDP.MKTP.CD,2004,117092416666.245
CO,COL,Colombia,GDP,NY.GDP.MKTP.CD,2003,94644969157.0987
CO,COL,Colombia,GDP,NY.GDP.MKTP.CD,2002,97945812802.8882
CO,COL,Colombia,GDP,NY.GDP.MKTP.CD,2001,98200641203.3892
CO,COL,Colombia,GDP,NY.GDP.MKTP.CD,2000,99875074951.0278
CO,COL,Colombia,GDP,NY.GDP.MKTP.CD,1999,86186158684.7685
CO,COL,Colombia,GDP,NY.GDP.MKTP.CD,1998,98443739941.1664
CO,COL,Colombia,GDP,NY.GDP.MKTP.CD,1997,106659508271.255
CO,COL,Colombia,GDP,NY.GDP.MKTP.CD,1996,97160109277.8087
CO,COL,Colombia,GDP,NY.GDP.MKTP.CD,1995,92507279383.0387
CO,COL,Colombia,GDP,NY.GDP.MKTP.CD,1994,81703500846.0364
CO,COL,Colombia,GDP,NY.GDP.MKTP.CD,1993,66446804802.5747
CO,COL,Colombia,GDP,NY.GDP.MKTP.CD,1992,58418985443.3172
CO,COL,Colombia,GDP,NY.GDP.MKTP.CD,1991,49175565911.0655
CO,COL,Colombia,GDP,NY.GDP.MKTP.CD,1990,47844090709.9908
CO,COL,Colombia,GDP,NY.GDP.MKTP.CD,1989,39540080200.3938
CO,COL,Colombia,GDP,NY.GDP.MKTP.CD,1988,39212550050.4223
CO,COL,Colombia,GDP,NY.GDP.MKTP.CD,1987,36373307085.0887
CO,COL,Colombia,GDP,NY.GDP.MKTP.CD,1986,34942489683.9712
CO,COL,Colombia,GDP,NY.GDP.MKTP.CD,1985,34894411351.983
CO,COL,Colombia,GDP,NY.GDP.MKTP.CD,1984,38253120737.9671
CO,COL,Colombia,GDP,NY.GDP.MKTP.CD,1983,38729822781.5997
CO,COL,Colombia,GDP,NY.GDP.MKTP.CD,1982,38968039721.748
CO,COL,Colombia,GDP,NY.GDP.MKTP.CD,1981,36388366869.0309
CO,COL,Colombia,GDP,NY.GDP.MKTP.CD,1980,33400735644.0481
CO,COL,Colombia,GDP,NY.GDP.MKTP.CD,1979,27940411250.2732
CO,COL,Colombia,GDP,NY.GDP.MKTP.CD,1978,23263511958.0509
CO,COL,Colombia,GDP,NY.GDP.MKTP.CD,1977,19470960619.1297
CO,COL,Colombia,GDP,NY.GDP.MKTP.CD,1976,15341403660.4698
CO,COL,Colombia,GDP,NY.GDP.MKTP.CD,1975,13098633901.8673
CO,COL,Colombia,GDP,NY.GDP.MKTP.CD,1974,12370029583.6419
CO,COL,Colombia,GDP,NY.GDP.MKTP.CD,1973,10315760000.3394
CO,COL,Colombia,GDP,NY.GDP.MKTP.CD,1972,8671358732.68486
CO,COL,Colombia,GDP,NY.GDP.MKTP.CD,1971,7820380970.53674
CO,COL,Colombia,GDP,NY.GDP.MKTP.CD,1970,7198360460.19887
CO,COL,Colombia,GDP,NY.GDP.MKTP.CD,1969,6450175213.74923
CO,COL,Colombia,GDP,NY.GDP.MKTP.CD,1968,5960212869.12968
CO,COL,Colombia,GDP,NY.GDP.MKTP.CD,1967,5825170438.48704
CO,COL,Colombia,GDP,NY.GDP.MKTP.CD,1966,5428518518.51852
CO,COL,Colombia,GDP,NY.GDP.MKTP.CD,1965,5760761904.7619
CO,COL,Colombia,GDP,NY.GDP.MKTP.CD,1964,5973366666.66667
CO,COL,Colombia,GDP,NY.GDP.MKTP.CD,1963,4836166666.66667
CO,COL,Colombia,GDP,NY.GDP.MKTP.CD,1962,4955543963.36869
CO,COL,Colombia,GDP,NY.GDP.MKTP.CD,1961,4540447761.19403
CO,COL,Colombia,GDP,NY.GDP.MKTP.CD,1960,4031152976.63904
CR,CRI,Costa Rica,GINI,SI.POV.GINI,2024,45.8
CR,CRI,Costa Rica,GINI,SI.POV.GINI,2023,46.7
CR,CRI,Costa Rica,GINI,SI.POV.GINI,2022,47.2
CR,CRI,Costa Rica,GINI,SI.POV.GINI,2021,48.7
CR,CRI,Costa Rica,GINI,SI.POV.GINI,2020,49.2
CR,CRI,Costa Rica,GINI,SI.POV.GINI,2019,48.2
CR,CRI,Costa Rica,GINI,SI.POV.GINI,2018,48.0
CR,CRI,Costa Rica,GINI,SI.POV.GINI,2017,48.3
CR,CRI,Costa Rica,GINI,SI.POV.GINI,2016,48.7
CR,CRI,Costa Rica,GINI,SI.POV.GINI,2015,48.4
CR,CRI,Costa Rica,GINI,SI.POV.GINI,2014,48.6
CR,CRI,Costa Rica,GINI,SI.POV.GINI,2013,49.2
CR,CRI,Costa Rica,GINI,SI.POV.GINI,2012,48.4
CR,CRI,Costa Rica,GINI,SI.POV.GINI,2011,48.8
CR,CRI,Costa Rica,GINI,SI.POV.GINI,2010,48.0
CR,CRI,Costa Rica,GINI,SI.POV.GINI,2009,50.6
CR,CRI,Costa Rica,GINI,SI.POV.GINI,2008,48.6
CR,CRI,Costa Rica,GINI,SI.POV.GINI,2007,49.3
CR,CRI,Costa Rica,GINI,SI.POV.GINI,2006,49.3
CR,CRI,Costa Rica,GINI,SI.POV.GINI,2005,47.5
CR,CRI,Costa Rica,GINI,SI.POV.GINI,2004,48.4
CR,CRI,Costa Rica,GINI,SI.POV.GINI,2003,49.3
CR,CRI,Costa Rica,GINI,SI.POV.GINI,2002,51.8
CR,CRI,Costa Rica,GINI,SI.POV.GINI,2001,51.5
CR,CRI,Costa Rica,GINI,SI.POV.GINI,2000,47.4
CR,CRI,Costa Rica,GINI,SI.POV.GINI,1999,47.6
CR,CRI,Costa Rica,GINI,SI.POV.GINI,1998,45.6
CR,CRI,Costa Rica,GINI,SI.POV.GINI,1997,45.6
CR,CRI,Costa Rica,GINI,SI.POV.GINI,1996,46.5
CR,CRI,Costa Rica,GINI,SI.POV.GINI,1995,45.7
CR,CRI,Costa Rica,GINI,SI.POV.GINI,1994,46.7
CR,CRI,Costa Rica,GINI,SI.POV.GINI,1993,45.9
CR,CRI,Costa Rica,GINI,SI.POV.GINI,1992,45.6
CR,CRI,Costa Rica,GINI,SI.POV.GINI,1991,46.6
CR,CRI,Costa Rica,GINI,SI.POV.GINI,1990,45.2
CR,CRI,Costa Rica,GINI,SI.POV.GINI,1989,45.5
CR,CRI,Costa Rica,GINI,SI.POV.GINI,1986,34.4
CR,CRI,Costa Rica,GINI,SI.POV.GINI,1981,47.5
CR,CRI,Costa Rica,GDP,NY.GDP.MKTP.CD,2024,95350423176.5962
CR,CRI,Costa Rica,GDP,NY.GDP.MKTP.CD,2023,86497941439.0174
CR,CRI,Costa Rica,GDP,NY.GDP.MKTP.CD,2022,69243626028.5936
CR,CRI,Costa Rica,GDP,NY.GDP.MKTP.CD,2021,64960725734.1965
CR,CRI,Costa Rica,GDP,NY.GDP.MKTP.CD,2020,62395610760.0492
CR,CRI,Costa Rica,GDP,NY.GDP.MKTP.CD,2019,64417670521.3545
CR,CRI,Costa Rica,GDP,NY.GDP.MKTP.CD,2018,62420164991.5374
CR,CRI,Costa Rica,GDP,NY.GDP.MKTP.CD,2017,60516044656.5206
CR,CRI,Costa Rica,GDP,NY.GDP.MKTP.CD,2016,58847019609.6549
CR,CRI,Costa Rica,GDP,NY.GDP.MKTP.CD,2015,56441920820.5194
CR,CRI,Costa Rica,GDP,NY.GDP.MKTP.CD,2014,52016408854.2658
CR,CRI,Costa Rica,GDP,NY.GDP.MKTP.CD,2013,50949668841.6696
CR,CRI,Costa Rica,GDP,NY.GDP.MKTP.CD,2012,47231655431.7355
CR,CRI,Costa Rica,GDP,NY.GDP.MKTP.CD,2011,42762613698.9636
CR,CRI,Costa Rica,GDP,NY.GDP.MKTP.CD,2010,37658616951.8038
CR,CRI,Costa Rica,GDP,NY.GDP.MKTP.CD,2009,30745714312.6417
CR,CRI,Costa Rica,GDP,NY.GDP.MKTP.CD,2008,30801745700.4514
CR,CRI,Costa Rica,GDP,NY.GDP.MKTP.CD,2007,26884700709.3146
CR,CRI,Costa Rica,GDP,NY.GDP.MKTP.CD,2006,22715540324.3032
CR,CRI,Costa Rica,GDP,NY.GDP.MKTP.CD,2005,20040642476.9817
CR,CRI,Costa Rica,GDP,NY.GDP.MKTP.CD,2004,18610594846.2083
CR,CRI,Costa Rica,GDP,NY.GDP.MKTP.CD,2003,17271760506.9483
CR,CRI,Costa Rica,GDP,NY.GDP.MKTP.CD,2002,16578820687.2881
CR,CRI,Costa Rica,GDP,NY.GDP.MKTP.CD,2001,15976174336.9721
CR,CRI,Costa Rica,GDP,NY.GDP.MKTP.CD,2000,15013629661.8969
CR,CRI,Costa Rica,GDP,NY.GDP.MKTP.CD,1999,14254866284.6542
CR,CRI,Costa Rica,GDP,NY.GDP.MKTP.CD,1998,13684255946.5765
CR,CRI,Costa Rica,GDP,NY.GDP.MKTP.CD,1997,12614602382.2012
CR,CRI,Costa Rica,GDP,NY.GDP.MKTP.CD,1996,11678424507.2457
CR,CRI,Costa Rica,GDP,NY.GDP.MKTP.CD,1995,11578594259.8675
CR,CRI,Costa Rica,GDP,NY.GDP.MKTP.CD,1994,10489903725.0032
CR,CRI,Costa Rica,GDP,NY.GDP.MKTP.CD,1993,9564815975.14743
CR,CRI,Costa Rica,GDP,NY.GDP.MKTP.CD,1992,8579754757.93237
CR,CRI,Costa Rica,GDP,NY.GDP.MKTP.CD,1991,7215725487.30549
CR,CRI,Costa Rica,GDP,NY.GDP.MKTP.CD,1990,5711687786.75989
CR,CRI,Costa Rica,GDP,NY.GDP.MKTP.CD,1989,5251025767.47627
CR,CRI,Costa Rica,GDP,NY.GDP.MKTP.CD,1988,4614629898.40348
CR,CRI,Costa Rica,GDP,NY.GDP.MKTP.CD,1987,4532952047.15628
CR,CRI,Costa Rica,GDP,NY.GDP.MKTP.CD,1986,4418983870.96774
CR,CRI,Costa Rica,GDP,NY.GDP.MKTP.CD,1985,3919203960.39604
CR,CRI,Costa Rica,GDP,NY.GDP.MKTP.CD,1984,3660477856.22977
CR,CRI,Costa Rica,GDP,NY.GDP.MKTP.CD,1983,3146772630.77263
CR,CRI,Costa Rica,GDP,NY.GDP.MKTP.CD,1982,2606623554.56582
CR,CRI,Costa Rica,GDP,NY.GDP.MKTP.CD,1981,2623803095.78501
CR,CRI,Costa Rica,GDP,NY.GDP.MKTP.CD,1980,4831447001.16686
CR,CRI,Costa Rica,GDP,NY.GDP.MKTP.CD,1979,4035519323.22054
CR,CRI,Costa Rica,GDP,NY.GDP.MKTP.CD,1978,3523208809.80163
CR,CRI,Costa Rica,GDP,NY.GDP.MKTP.CD,1977,3072427012.83547
CR,CRI,Costa Rica,GDP,NY.GDP.MKTP.CD,1976,2412555425.90432
CR,CRI,Costa Rica,GDP,NY.GDP.MKTP.CD,1975,1960863465.5776
CR,CRI,Costa Rica,GDP,NY.GDP.MKTP.CD,1974,1666544754.09836
CR,CRI,Costa Rica,GDP,NY.GDP.MKTP.CD,1973,1528925846.25467
CR,CRI,Costa Rica,GDP,NY.GDP.MKTP.CD,1972,1238251695.55388
CR,CRI,Costa Rica,GDP,NY.GDP.MKTP.CD,1971,1077147537.52472
CR,CRI,Costa Rica,GDP,NY.GDP.MKTP.CD,1970,984830158.490566
CR,CRI,Costa Rica,GDP,NY.GDP.MKTP.CD,1969,853630203.773585
CR,CRI,Costa Rica,GDP,NY.GDP.MKTP.CD,1968,773841494.339623
CR,CRI,Costa Rica,GDP,NY.GDP.MKTP.CD,1967,699456618.867925
CR,CRI,Costa Rica,GDP,NY.GDP.MKTP.CD,1966,647305630.188679
CR,CRI,Costa Rica,GDP,NY.GDP.MKTP.CD,1965,592981162.264151
CR,CRI,Costa Rica,GDP,NY.GDP.MKTP.CD,1964,542578367.242598
CR,CRI,Costa Rica,GDP,NY.GDP.MKTP.CD,1963,511902136.809973
CR,CRI,Costa Rica,GDP,NY.GDP.MKTP.CD,1962,479180824.348506
CR,CRI,Costa Rica,GDP,NY.GDP.MKTP.CD,1961,490325181.614275
CR,CRI,Costa Rica,GDP,NY.GDP.MKTP.CD,1960,507513829.994855
CU,CUB,Cuba,GDP,NY.GDP.MKTP.CD,2020,107352000000.0
CU,CUB,Cuba,GDP,NY.GDP.MKTP.CD,2019,103427600000.0
CU,CUB,Cuba,GDP,NY.GDP.MKTP.CD,2018,100050036100.0
CU,CUB,Cuba,GDP,NY.GDP.MKTP.CD,2017,96850649700.0
CU,CUB,Cuba,GDP,NY.GDP.MKTP.CD,2016,91370407900.0
CU,CUB,Cuba,GDP,NY.GDP.MKTP.CD,2015,87132800000.0
CU,CUB,Cuba,GDP,NY.GDP.MKTP.CD,2014,80656100000.0
CU,CUB,Cuba,GDP,NY.GDP.MKTP.CD,2013,77148000000.0
CU,CUB,Cuba,GDP,NY.GDP.MKTP.CD,2012,73141000000.0
CU,CUB,Cuba,GDP,NY.GDP.MKTP.CD,2011,68990000000.0
CU,CUB,Cuba,GDP,NY.GDP.MKTP.CD,2010,59562962962.963
CU,CUB,Cuba,GDP,NY.GDP.MKTP.CD,2009,57481481481.4815
CU,CUB,Cuba,GDP,NY.GDP.MKTP.CD,2008,56302129629.6296
CU,CUB,Cuba,GDP,NY.GDP.MKTP.CD,2007,54262870370.3704
CU,CUB,Cuba,GDP,NY.GDP.MKTP.CD,2006,48835925925.9259
CU,CUB,Cuba,GDP,NY.GDP.MKTP.CD,2005,42643836100.0
CU,CUB,Cuba,GDP,NY.GDP.MKTP.CD,2004,38203000000.0
CU,CUB,Cuba,GDP,NY.GDP.MKTP.CD,2003,35901200000.0
CU,CUB,Cuba,GDP,NY.GDP.MKTP.CD,2002,33590500000.0
CU,CUB,Cuba,GDP,NY.GDP.MKTP.CD,2001,31682400000.0
CU,CUB,Cuba,GDP,NY.GDP.MKTP.CD,2000,30565400000.0
CU,CUB,Cuba,GDP,NY.GDP.MKTP.CD,1999,28364615200.0
CU,CUB,Cuba,GDP,NY.GDP.MKTP.CD,1998,25736331200.0
CU,CUB,Cuba,GDP,NY.GDP.MKTP.CD,1997,25365908100.0
CU,CUB,Cuba,GDP,NY.GDP.MKTP.CD,1996,25017368700.0
CU,CUB,Cuba,GDP,NY.GDP.MKTP.CD,1995,30429803651.2192
CU,CUB,Cuba,GDP,NY.GDP.MKTP.CD,1994,28448326756.7568
CU,CUB,Cuba,GDP,NY.GDP.MKTP.CD,1993,22367254864.8649
CU,CUB,Cuba,GDP,NY.GDP.MKTP.CD,1992,22085858243.2432
CU,CUB,Cuba,GDP,NY.GDP.MKTP.CD,1991,24316556025.6585
CU,CUB,Cuba,GDP,NY.GDP.MKTP.CD,1990,28645436569.1489
CU,CUB,Cuba,GDP,NY.GDP.MKTP.CD,1989,27023468665.8977
CU,CUB,Cuba,GDP,NY.GDP.MKTP.CD,1988,27458999472.2955
CU,CUB,Cuba,GDP,NY.GDP.MKTP.CD,1987,25213935012.0819
CU,CUB,Cuba,GDP,NY.GDP.MKTP.CD,1986,24226574634.0293
CU,CUB,Cuba,GDP,NY.GDP.MKTP.CD,1985,22920490774.102
CU,CUB,Cuba,GDP,NY.GDP.MKTP.CD,1984,24039383608.4235
CU,CUB,Cuba,GDP,NY.GDP.MKTP.CD,1983,22204940512.2235
CU,CUB,Cuba,GDP,NY.GDP.MKTP.CD,1982,20953510235.2941
CU,CUB,Cuba,GDP,NY.GDP.MKTP.CD,1981,20150254096.3855
CU,CUB,Cuba,GDP,NY.GDP.MKTP.CD,1980,19912889861.1111
CU,CUB,Cuba,GDP,NY.GDP.MKTP.CD,1979,19584443287.6712
CU,CUB,Cuba,GDP,NY.GDP.MKTP.CD,1978,17844705324.6753
CU,CUB,Cuba,GDP,NY.GDP.MKTP.CD,1977,14206158674.6988
CU,CUB,Cuba,GDP,NY.GDP.MKTP.CD,1976,13789579902.5579
CU,CUB,Cuba,GDP,NY.GDP.MKTP.CD,1975,13027415243.9024
CU,CUB,Cuba,GDP,NY.GDP.MKTP.CD,1974,11405957317.0732
CU,CUB,Cuba,GDP,NY.GDP.MKTP.CD,1973,9987709650.18094
CU,CUB,Cuba,GDP,NY.GDP.MKTP.CD,1972,8135150891.92025
CU,CUB,Cuba,GDP,NY.GDP.MKTP.CD,1971,6914658400.0
CU,CUB,Cuba,GDP,NY.GDP.MKTP.CD,1970,5693005200.0
DO,DOM,Rep. Dominicana,GINI,SI.POV.GINI,2024,39.0
DO,DOM,Rep. Dominicana,GINI,SI.POV.GINI,2023,38.4
DO,DOM,Rep. Dominicana,GINI,SI.POV.GINI,2022,37.0
DO,DOM,Rep. Dominicana,GINI,SI.POV.GINI,2021,38.5
DO,DOM,Rep. Dominicana,GINI,SI.POV.GINI,2020,39.6
DO,DOM,Rep. Dominicana,GINI,SI.POV.GINI,2019,41.9
DO,DOM,Rep. Dominicana,GINI,SI.POV.GINI,2018,43.7
DO,DOM,Rep. Dominicana,GINI,SI.POV.GINI,2017,42.2
DO,DOM,Rep. Dominicana,GINI,SI.POV.GINI,2016,45.7
DO,DOM,Rep. Dominicana,GINI,SI.POV.GINI,2015,45.2
DO,DOM,Rep. Dominicana,GINI,SI.POV.GINI,2014,44.3
DO,DOM,Rep. Dominicana,GINI,SI.POV.GINI,2013,47.7
DO,DOM,Rep. Dominicana,GINI,SI.POV.GINI,2012,46.1
DO,DOM,Rep. Dominicana,GINI,SI.POV.GINI,2011,47.7
DO,DOM,Rep. Dominicana,GINI,SI.POV.GINI,2010,47.3
DO,DOM,Rep. Dominicana,GINI,SI.POV.GINI,2009,48.9
DO,DOM,Rep. Dominicana,GINI,SI.POV.GINI,2008,48.1
DO,DOM,Rep. Dominicana,GINI,SI.POV.GINI,2007,48.9
DO,DOM,Rep. Dominicana,GINI,SI.POV.GINI,2006,52.0
DO,DOM,Rep. Dominicana,GINI,SI.POV.GINI,2005,50.0
DO,DOM,Rep. Dominicana,GINI,SI.POV.GINI,2004,52.1
DO,DOM,Rep. Dominicana,GINI,SI.POV.GINI,2003,52.1
DO,DOM,Rep. Dominicana,GINI,SI.POV.GINI,2002,49.7
DO,DOM,Rep. Dominicana,GINI,SI.POV.GINI,2001,50.0
DO,DOM,Rep. Dominicana,GINI,SI.POV.GINI,2000,51.5
DO,DOM,Rep. Dominicana,GINI,SI.POV.GINI,1997,48.9
DO,DOM,Rep. Dominicana,GINI,SI.POV.GINI,1996,47.4
DO,DOM,Rep. Dominicana,GINI,SI.POV.GINI,1992,51.1
DO,DOM,Rep. Dominicana,GINI,SI.POV.GINI,1989,50.4
DO,DOM,Rep. Dominicana,GINI,SI.POV.GINI,1986,47.8
DO,DOM,Rep. Dominicana,GDP,NY.GDP.MKTP.CD,2024,124282245638.568
DO,DOM,Rep. Dominicana,GDP,NY.GDP.MKTP.CD,2023,120456239153.739
DO,DOM,Rep. Dominicana,GDP,NY.GDP.MKTP.CD,2022,113478087134.8
DO,DOM,Rep. Dominicana,GDP,NY.GDP.MKTP.CD,2021,94850719516.7127
DO,DOM,Rep. Dominicana,GDP,NY.GDP.MKTP.CD,2020,78546672406.8291
DO,DOM,Rep. Dominicana,GDP,NY.GDP.MKTP.CD,2019,89146130744.723
DO,DOM,Rep. Dominicana,GDP,NY.GDP.MKTP.CD,2018,84994732049.3461
DO,DOM,Rep. Dominicana,GDP,NY.GDP.MKTP.CD,2017,79070274743.1658
DO,DOM,Rep. Dominicana,GDP,NY.GDP.MKTP.CD,2016,75552902635.7075
DO,DOM,Rep. Dominicana,GDP,NY.GDP.MKTP.CD,2015,70966782572.4386
DO,DOM,Rep. Dominicana,GDP,NY.GDP.MKTP.CD,2014,67014329099.5549
DO,DOM,Rep. Dominicana,GDP,NY.GDP.MKTP.CD,2013,62555417414.582
DO,DOM,Rep. Dominicana,GDP,NY.GDP.MKTP.CD,2012,60561635555.6383
DO,DOM,Rep. Dominicana,GDP,NY.GDP.MKTP.CD,2011,57948261615.957
DO,DOM,Rep. Dominicana,GDP,NY.GDP.MKTP.CD,2010,53801053352.5005
DO,DOM,Rep. Dominicana,GDP,NY.GDP.MKTP.CD,2009,48223781476.8909
DO,DOM,Rep. Dominicana,GDP,NY.GDP.MKTP.CD,2008,48091433554.186
DO,DOM,Rep. Dominicana,GDP,NY.GDP.MKTP.CD,2007,43965458508.5056
DO,DOM,Rep. Dominicana,GDP,NY.GDP.MKTP.CD,2006,37879830084.2627
DO,DOM,Rep. Dominicana,GDP,NY.GDP.MKTP.CD,2005,35777560683.9366
DO,DOM,Rep. Dominicana,GDP,NY.GDP.MKTP.CD,2004,22322387382.494
DO,DOM,Rep. Dominicana,GDP,NY.GDP.MKTP.CD,2003,21403167848.1444
DO,DOM,Rep. Dominicana,GDP,NY.GDP.MKTP.CD,2002,27137440786.2562
DO,DOM,Rep. Dominicana,GDP,NY.GDP.MKTP.CD,2001,25601823687.5742
DO,DOM,Rep. Dominicana,GDP,NY.GDP.MKTP.CD,2000,24305780628.6677
DO,DOM,Rep. Dominicana,GDP,NY.GDP.MKTP.CD,1999,22136579396.9218
DO,DOM,Rep. Dominicana,GDP,NY.GDP.MKTP.CD,1998,21672215546.7642
DO,DOM,Rep. Dominicana,GDP,NY.GDP.MKTP.CD,1997,20017450041.3075
DO,DOM,Rep. Dominicana,GDP,NY.GDP.MKTP.CD,1996,18241622547.5908
DO,DOM,Rep. Dominicana,GDP,NY.GDP.MKTP.CD,1995,16637370839.1608
DO,DOM,Rep. Dominicana,GDP,NY.GDP.MKTP.CD,1994,14644734599.4778
DO,DOM,Rep. Dominicana,GDP,NY.GDP.MKTP.CD,1993,13081042400.0
DO,DOM,Rep. Dominicana,GDP,NY.GDP.MKTP.CD,1992,11605382504.0
DO,DOM,Rep. Dominicana,GDP,NY.GDP.MKTP.CD,1991,9824483339.94518
DO,DOM,Rep. Dominicana,GDP,NY.GDP.MKTP.CD,1990,7073675544.79021
DO,DOM,Rep. Dominicana,GDP,NY.GDP.MKTP.CD,1989,6686593059.93691
DO,DOM,Rep. Dominicana,GDP,NY.GDP.MKTP.CD,1988,5374299981.49698
DO,DOM,Rep. Dominicana,GDP,NY.GDP.MKTP.CD,1987,5827050753.25937
DO,DOM,Rep. Dominicana,GDP,NY.GDP.MKTP.CD,1986,6122128557.57243
DO,DOM,Rep. Dominicana,GDP,NY.GDP.MKTP.CD,1985,5044579979.23285
DO,DOM,Rep. Dominicana,GDP,NY.GDP.MKTP.CD,1984,11594000000.0
DO,DOM,Rep. Dominicana,GDP,NY.GDP.MKTP.CD,1983,9220600000.0
DO,DOM,Rep. Dominicana,GDP,NY.GDP.MKTP.CD,1982,8267400000.0
DO,DOM,Rep. Dominicana,GDP,NY.GDP.MKTP.CD,1981,7561300000.0
DO,DOM,Rep. Dominicana,GDP,NY.GDP.MKTP.CD,1980,6761300000.0
DO,DOM,Rep. Dominicana,GDP,NY.GDP.MKTP.CD,1979,5498800000.0
DO,DOM,Rep. Dominicana,GDP,NY.GDP.MKTP.CD,1978,4734400000.0
DO,DOM,Rep. Dominicana,GDP,NY.GDP.MKTP.CD,1977,4587100000.0
DO,DOM,Rep. Dominicana,GDP,NY.GDP.MKTP.CD,1976,3951500000.0
DO,DOM,Rep. Dominicana,GDP,NY.GDP.MKTP.CD,1975,3599200000.0
DO,DOM,Rep. Dominicana,GDP,NY.GDP.MKTP.CD,1974,2925700000.0
DO,DOM,Rep. Dominicana,GDP,NY.GDP.MKTP.CD,1973,2344800000.0
DO,DOM,Rep. Dominicana,GDP,NY.GDP.MKTP.CD,1972,1987400000.0
DO,DOM,Rep. Dominicana,GDP,NY.GDP.MKTP.CD,1971,1666500000.0
DO,DOM,Rep. Dominicana,GDP,NY.GDP.MKTP.CD,1970,1485500000.0
DO,DOM,Rep. Dominicana,GDP,NY.GDP.MKTP.CD,1969,1230500000.0
DO,DOM,Rep. Dominicana,GDP,NY.GDP.MKTP.CD,1968,1079100000.0
DO,DOM,Rep. Dominicana,GDP,NY.GDP.MKTP.CD,1967,1034800000.0
DO,DOM,Rep. Dominicana,GDP,NY.GDP.MKTP.CD,1966,983900000.0
DO,DOM,Rep. Dominicana,GDP,NY.GDP.MKTP.CD,1965,888100000.0
DO,DOM,Rep. Dominicana,GDP,NY.GDP.MKTP.CD,1964,1025599900.0
DO,DOM,Rep. Dominicana,GDP,NY.GDP.MKTP.CD,1963,940799900.0
DO,DOM,Rep. Dominicana,GDP,NY.GDP.MKTP.CD,1962,824100000.0
DO,DOM,Rep. Dominicana,GDP,NY.GDP.MKTP.CD,1961,654100200.0
DO,DOM,Rep. Dominicana,GDP,NY.GDP.MKTP.CD,1960,672399700.0
EC,ECU,Ecuador,GINI,SI.POV.GINI,2024,45.2
EC,ECU,Ecuador,GINI,SI.POV.GINI,2023,44.6
EC,ECU,Ecuador,GINI,SI.POV.GINI,2022,45.5
EC,ECU,Ecuador,GINI,SI.POV.GINI,2021,45.8
EC,ECU,Ecuador,GINI,SI.POV.GINI,2020,47.3
EC,ECU,Ecuador,GINI,SI.POV.GINI,2019,45.7
EC,ECU,Ecuador,GINI,SI.POV.GINI,2018,45.4
EC,ECU,Ecuador,GINI,SI.POV.GINI,2017,44.7
EC,ECU,Ecuador,GINI,SI.POV.GINI,2016,45.0
EC,ECU,Ecuador,GINI,SI.POV.GINI,2015,46.0
EC,ECU,Ecuador,GINI,SI.POV.GINI,2014,45.0
EC,ECU,Ecuador,GINI,SI.POV.GINI,2013,46.9
EC,ECU,Ecuador,GINI,SI.POV.GINI,2012,46.1
EC,ECU,Ecuador,GINI,SI.POV.GINI,2011,45.9
EC,ECU,Ecuador,GINI,SI.POV.GINI,2010,48.8
EC,ECU,Ecuador,GINI,SI.POV.GINI,2009,48.5
EC,ECU,Ecuador,GINI,SI.POV.GINI,2008,49.8
EC,ECU,Ecuador,GINI,SI.POV.GINI,2007,53.4
EC,ECU,Ecuador,GINI,SI.POV.GINI,2006,52.3
EC,ECU,Ecuador,GINI,SI.POV.GINI,2005,53.1
EC,ECU,Ecuador,GINI,SI.POV.GINI,2004,53.9
EC,ECU,Ecuador,GINI,SI.POV.GINI,2003,53.5
EC,ECU,Ecuador,GINI,SI.POV.GINI,2000,56.3
EC,ECU,Ecuador,GINI,SI.POV.GINI,1999,58.6
EC,ECU,Ecuador,GINI,SI.POV.GINI,1998,49.6
EC,ECU,Ecuador,GINI,SI.POV.GINI,1995,50.8
EC,ECU,Ecuador,GINI,SI.POV.GINI,1994,53.3
EC,ECU,Ecuador,GINI,SI.POV.GINI,1987,50.5
EC,ECU,Ecuador,GDP,NY.GDP.MKTP.CD,2024,124676074700.0
EC,ECU,Ecuador,GDP,NY.GDP.MKTP.CD,2023,121147057000.0
EC,ECU,Ecuador,GDP,NY.GDP.MKTP.CD,2022,116133121000.0
EC,ECU,Ecuador,GDP,NY.GDP.MKTP.CD,2021,107179074000.0
EC,ECU,Ecuador,GDP,NY.GDP.MKTP.CD,2020,95865473000.0
EC,ECU,Ecuador,GDP,NY.GDP.MKTP.CD,2019,107595830000.0
EC,ECU,Ecuador,GDP,NY.GDP.MKTP.CD,2018,107478961000.0
EC,ECU,Ecuador,GDP,NY.GDP.MKTP.CD,2017,104467486000.0
EC,ECU,Ecuador,GDP,NY.GDP.MKTP.CD,2016,97671433000.0
EC,ECU,Ecuador,GDP,NY.GDP.MKTP.CD,2015,97209558000.0
EC,ECU,Ecuador,GDP,NY.GDP.MKTP.CD,2014,102717794000.0
EC,ECU,Ecuador,GDP,NY.GDP.MKTP.CD,2013,96570334000.0
EC,ECU,Ecuador,GDP,NY.GDP.MKTP.CD,2012,87735048000.0
EC,ECU,Ecuador,GDP,NY.GDP.MKTP.CD,2011,78986648000.0
EC,ECU,Ecuador,GDP,NY.GDP.MKTP.CD,2010,68151329000.0
EC,ECU,Ecuador,GDP,NY.GDP.MKTP.CD,2009,60094978000.0
EC,ECU,Ecuador,GDP,NY.GDP.MKTP.CD,2008,61139438000.0
EC,ECU,Ecuador,GDP,NY.GDP.MKTP.CD,2007,49848725000.0
EC,ECU,Ecuador,GDP,NY.GDP.MKTP.CD,2006,45690762000.0
EC,ECU,Ecuador,GDP,NY.GDP.MKTP.CD,2005,40278849000.0
EC,ECU,Ecuador,GDP,NY.GDP.MKTP.CD,2004,35194947000.0
EC,ECU,Ecuador,GDP,NY.GDP.MKTP.CD,2003,30965208000.0
EC,ECU,Ecuador,GDP,NY.GDP.MKTP.CD,2002,27054197000.0
EC,ECU,Ecuador,GDP,NY.GDP.MKTP.CD,2001,23127055000.0
EC,ECU,Ecuador,GDP,NY.GDP.MKTP.CD,2000,17539454727.3637
EC,ECU,Ecuador,GDP,NY.GDP.MKTP.CD,1999,19645272636.3182
EC,ECU,Ecuador,GDP,NY.GDP.MKTP.CD,1998,27981896948.4742
EC,ECU,Ecuador,GDP,NY.GDP.MKTP.CD,1997,28162053026.5133
EC,ECU,Ecuador,GDP,NY.GDP.MKTP.CD,1996,25226393196.5983
EC,ECU,Ecuador,GDP,NY.GDP.MKTP.CD,1995,24432884442.2211
EC,ECU,Ecuador,GDP,NY.GDP.MKTP.CD,1994,22708673336.6683
EC,ECU,Ecuador,GDP,NY.GDP.MKTP.CD,1993,18938717358.6793
EC,ECU,Ecuador,GDP,NY.GDP.MKTP.CD,1992,18094238119.0595
EC,ECU,Ecuador,GDP,NY.GDP.MKTP.CD,1991,16988535267.6338
EC,ECU,Ecuador,GDP,NY.GDP.MKTP.CD,1990,15239272611.5809
EC,ECU,Ecuador,GDP,NY.GDP.MKTP.CD,1989,13890823704.5545
EC,ECU,Ecuador,GDP,NY.GDP.MKTP.CD,1988,13051881851.4068
EC,ECU,Ecuador,GDP,NY.GDP.MKTP.CD,1987,13945426859.4657
EC,ECU,Ecuador,GDP,NY.GDP.MKTP.CD,1986,15314138472.3282
EC,ECU,Ecuador,GDP,NY.GDP.MKTP.CD,1985,17149088413.35
EC,ECU,Ecuador,GDP,NY.GDP.MKTP.CD,1984,16912509091.855
EC,ECU,Ecuador,GDP,NY.GDP.MKTP.CD,1983,17152477036.5005
EC,ECU,Ecuador,GDP,NY.GDP.MKTP.CD,1982,19929846396.4239
EC,ECU,Ecuador,GDP,NY.GDP.MKTP.CD,1981,21810759353.7304
EC,ECU,Ecuador,GDP,NY.GDP.MKTP.CD,1980,17881508242.4481
EC,ECU,Ecuador,GDP,NY.GDP.MKTP.CD,1979,14175160902.0721
EC,ECU,Ecuador,GDP,NY.GDP.MKTP.CD,1978,11922497876.4828
EC,ECU,Ecuador,GDP,NY.GDP.MKTP.CD,1977,11026342618.1141
EC,ECU,Ecuador,GDP,NY.GDP.MKTP.CD,1976,9091921030.17345
EC,ECU,Ecuador,GDP,NY.GDP.MKTP.CD,1975,7731674472.07212
EC,ECU,Ecuador,GDP,NY.GDP.MKTP.CD,1974,6599257044.12414
EC,ECU,Ecuador,GDP,NY.GDP.MKTP.CD,1973,3891754150.23796
EC,ECU,Ecuador,GDP,NY.GDP.MKTP.CD,1972,3185986087.33583
EC,ECU,Ecuador,GDP,NY.GDP.MKTP.CD,1971,2754219271.03082
EC,ECU,Ecuador,GDP,NY.GDP.MKTP.CD,1970,2862503139.00358
EC,ECU,Ecuador,GDP,NY.GDP.MKTP.CD,1969,3112165727.38342
EC,ECU,Ecuador,GDP,NY.GDP.MKTP.CD,1968,2582179864.15493
EC,ECU,Ecuador,GDP,NY.GDP.MKTP.CD,1967,2553595172.08743
EC,ECU,Ecuador,GDP,NY.GDP.MKTP.CD,1966,2429308638.838
EC,ECU,Ecuador,GDP,NY.GDP.MKTP.CD,1965,2387047395.70254
EC,ECU,Ecuador,GDP,NY.GDP.MKTP.CD,1964,2244146102.98333
EC,ECU,Ecuador,GDP,NY.GDP.MKTP.CD,1963,1824343870.71407
EC,ECU,Ecuador,GDP,NY.GDP.MKTP.CD,1962,1518207703.48997
EC,ECU,Ecuador,GDP,NY.GDP.MKTP.CD,1961,1753850955.05808
EC,ECU,Ecuador,GDP,NY.GDP.MKTP.CD,1960,2069464937.19791
SV,SLV,El Salvador,GINI,SI.POV.GINI,2023,39.8
SV,SLV,El Salvador,GINI,SI.POV.GINI,2022,38.8
SV,SLV,El Salvador,GINI,SI.POV.GINI,2021,39.0
SV,SLV,El Salvador,GINI,SI.POV.GINI,2019,38.8
SV,SLV,El Salvador,GINI,SI.POV.GINI,2018,38.6
SV,SLV,El Salvador,GINI,SI.POV.GINI,2017,38.0
SV,SLV,El Salvador,GINI,SI.POV.GINI,2016,40.0
SV,SLV,El Salvador,GINI,SI.POV.GINI,2015,40.6
SV,SLV,El Salvador,GINI,SI.POV.GINI,2014,41.6
SV,SLV,El Salvador,GINI,SI.POV.GINI,2013,43.4
SV,SLV,El Salvador,GINI,SI.POV.GINI,2012,41.8
SV,SLV,El Salvador,GINI,SI.POV.GINI,2011,42.3
SV,SLV,El Salvador,GINI,SI.POV.GINI,2010,43.5
SV,SLV,El Salvador,GINI,SI.POV.GINI,2009,45.8
SV,SLV,El Salvador,GINI,SI.POV.GINI,2008,46.9
SV,SLV,El Salvador,GINI,SI.POV.GINI,2007,45.2
SV,SLV,El Salvador,GINI,SI.POV.GINI,2006,45.7
SV,SLV,El Salvador,GINI,SI.POV.GINI,2005,48.5
SV,SLV,El Salvador,GINI,SI.POV.GINI,2004,47.8
SV,SLV,El Salvador,GINI,SI.POV.GINI,2003,50.4
SV,SLV,El Salvador,GINI,SI.POV.GINI,2002,51.9
SV,SLV,El Salvador,GINI,SI.POV.GINI,2001,51.3
SV,SLV,El Salvador,GINI,SI.POV.GINI,2000,51.5
SV,SLV,El Salvador,GINI,SI.POV.GINI,1999,52.1
SV,SLV,El Salvador,GINI,SI.POV.GINI,1998,54.4
SV,SLV,El Salvador,GINI,SI.POV.GINI,1996,51.0
SV,SLV,El Salvador,GINI,SI.POV.GINI,1995,49.8
SV,SLV,El Salvador,GINI,SI.POV.GINI,1991,53.8
SV,SLV,El Salvador,GINI,SI.POV.GINI,1989,48.7
SV,SLV,El Salvador,GDP,NY.GDP.MKTP.CD,2024,35364960000.0
SV,SLV,El Salvador,GDP,NY.GDP.MKTP.CD,2023,33853940000.0
SV,SLV,El Salvador,GDP,NY.GDP.MKTP.CD,2022,31870120000.0
SV,SLV,El Salvador,GDP,NY.GDP.MKTP.CD,2021,29043140000.0
SV,SLV,El Salvador,GDP,NY.GDP.MKTP.CD,2020,24921190000.0
SV,SLV,El Salvador,GDP,NY.GDP.MKTP.CD,2019,26881140000.0
SV,SLV,El Salvador,GDP,NY.GDP.MKTP.CD,2018,26020850000.0
SV,SLV,El Salvador,GDP,NY.GDP.MKTP.CD,2017,24979190000.0
SV,SLV,El Salvador,GDP,NY.GDP.MKTP.CD,2016,24191430000.0
SV,SLV,El Salvador,GDP,NY.GDP.MKTP.CD,2015,23438240000.0
SV,SLV,El Salvador,GDP,NY.GDP.MKTP.CD,2014,22593470000.0
SV,SLV,El Salvador,GDP,NY.GDP.MKTP.CD,2013,21990960000.0
SV,SLV,El Salvador,GDP,NY.GDP.MKTP.CD,2012,21386150000.0
SV,SLV,El Salvador,GDP,NY.GDP.MKTP.CD,2011,20283780000.0
SV,SLV,El Salvador,GDP,NY.GDP.MKTP.CD,2010,18447920000.0
SV,SLV,El Salvador,GDP,NY.GDP.MKTP.CD,2009,17601620000.0
SV,SLV,El Salvador,GDP,NY.GDP.MKTP.CD,2008,17986890000.0
SV,SLV,El Salvador,GDP,NY.GDP.MKTP.CD,2007,17011750000.0
SV,SLV,El Salvador,GDP,NY.GDP.MKTP.CD,2006,15999890000.0
SV,SLV,El Salvador,GDP,NY.GDP.MKTP.CD,2005,14698000000.0
SV,SLV,El Salvador,GDP,NY.GDP.MKTP.CD,2004,13724810900.0
SV,SLV,El Salvador,GDP,NY.GDP.MKTP.CD,2003,13243892200.0
SV,SLV,El Salvador,GDP,NY.GDP.MKTP.CD,2002,12664190300.0
SV,SLV,El Salvador,GDP,NY.GDP.MKTP.CD,2001,12282533600.0
SV,SLV,El Salvador,GDP,NY.GDP.MKTP.CD,2000,11784927700.0
SV,SLV,El Salvador,GDP,NY.GDP.MKTP.CD,1999,11284197000.0
SV,SLV,El Salvador,GDP,NY.GDP.MKTP.CD,1998,10936669900.0
SV,SLV,El Salvador,GDP,NY.GDP.MKTP.CD,1997,10221705900.0
SV,SLV,El Salvador,GDP,NY.GDP.MKTP.CD,1996,9586327800.0
SV,SLV,El Salvador,GDP,NY.GDP.MKTP.CD,1995,8921947100.0
SV,SLV,El Salvador,GDP,NY.GDP.MKTP.CD,1994,7679384000.0
SV,SLV,El Salvador,GDP,NY.GDP.MKTP.CD,1993,6680269200.0
SV,SLV,El Salvador,GDP,NY.GDP.MKTP.CD,1992,5813399300.0
SV,SLV,El Salvador,GDP,NY.GDP.MKTP.CD,1991,5252342400.0
SV,SLV,El Salvador,GDP,NY.GDP.MKTP.CD,1990,4817542204.0
SV,SLV,El Salvador,GDP,NY.GDP.MKTP.CD,1989,4372215300.0
SV,SLV,El Salvador,GDP,NY.GDP.MKTP.CD,1988,4189880000.0
SV,SLV,El Salvador,GDP,NY.GDP.MKTP.CD,1987,3958045800.0
SV,SLV,El Salvador,GDP,NY.GDP.MKTP.CD,1986,3771663200.0
SV,SLV,El Salvador,GDP,NY.GDP.MKTP.CD,1985,3800368600.0
SV,SLV,El Salvador,GDP,NY.GDP.MKTP.CD,1984,3661683400.0
SV,SLV,El Salvador,GDP,NY.GDP.MKTP.CD,1983,3506347800.0
SV,SLV,El Salvador,GDP,NY.GDP.MKTP.CD,1982,3399189100.0
SV,SLV,El Salvador,GDP,NY.GDP.MKTP.CD,1981,3437200200.0
SV,SLV,El Salvador,GDP,NY.GDP.MKTP.CD,1980,3573959900.0
SV,SLV,El Salvador,GDP,NY.GDP.MKTP.CD,1979,3463639900.0
SV,SLV,El Salvador,GDP,NY.GDP.MKTP.CD,1978,3127960000.0
SV,SLV,El Salvador,GDP,NY.GDP.MKTP.CD,1977,2941640100.0
SV,SLV,El Salvador,GDP,NY.GDP.MKTP.CD,1976,2328280100.0
SV,SLV,El Salvador,GDP,NY.GDP.MKTP.CD,1975,1884120100.0
SV,SLV,El Salvador,GDP,NY.GDP.MKTP.CD,1974,1665880000.0
SV,SLV,El Salvador,GDP,NY.GDP.MKTP.CD,1973,1442320000.0
SV,SLV,El Salvador,GDP,NY.GDP.MKTP.CD,1972,1263720000.0
SV,SLV,El Salvador,GDP,NY.GDP.MKTP.CD,1971,1186120000.0
SV,SLV,El Salvador,GDP,NY.GDP.MKTP.CD,1970,1132920000.0
SV,SLV,El Salvador,GDP,NY.GDP.MKTP.CD,1969,1049400000.0
SV,SLV,El Salvador,GDP,NY.GDP.MKTP.CD,1968,1009760100.0
SV,SLV,El Salvador,GDP,NY.GDP.MKTP.CD,1967,976200000.0
SV,SLV,El Salvador,GDP,NY.GDP.MKTP.CD,1966,929520000.0
SV,SLV,El Salvador,GDP,NY.GDP.MKTP.CD,1965,877720000.0
GT,GTM,Guatemala,GINI,SI.POV.GINI,2023,45.2
GT,GTM,Guatemala,GINI,SI.POV.GINI,2014,48.3
GT,GTM,Guatemala,GINI,SI.POV.GINI,2006,54.5
GT,GTM,Guatemala,GINI,SI.POV.GINI,2000,54.2
GT,GTM,Guatemala,GINI,SI.POV.GINI,1998,49.4
GT,GTM,Guatemala,GINI,SI.POV.GINI,1989,58.8
GT,GTM,Guatemala,GINI,SI.POV.GINI,1986,54.1
GT,GTM,Guatemala,GDP,NY.GDP.MKTP.CD,2024,113199581158.203
GT,GTM,Guatemala,GDP,NY.GDP.MKTP.CD,2023,104368755054.601
GT,GTM,Guatemala,GDP,NY.GDP.MKTP.CD,2022,95641446500.6523
GT,GTM,Guatemala,GDP,NY.GDP.MKTP.CD,2021,86455522272.7383
GT,GTM,Guatemala,GDP,NY.GDP.MKTP.CD,2020,77719468248.3666
GT,GTM,Guatemala,GDP,NY.GDP.MKTP.CD,2019,77172331693.4093
GT,GTM,Guatemala,GDP,NY.GDP.MKTP.CD,2018,73328356007.6152
GT,GTM,Guatemala,GDP,NY.GDP.MKTP.CD,2017,71653780740.4226
GT,GTM,Guatemala,GDP,NY.GDP.MKTP.CD,2016,66053408205.8838
GT,GTM,Guatemala,GDP,NY.GDP.MKTP.CD,2015,62186066547.6566
GT,GTM,Guatemala,GDP,NY.GDP.MKTP.CD,2014,57852159007.6243
GT,GTM,Guatemala,GDP,NY.GDP.MKTP.CD,2013,52996420177.4409
GT,GTM,Guatemala,GDP,NY.GDP.MKTP.CD,2012,49593929487.1263
GT,GTM,Guatemala,GDP,NY.GDP.MKTP.CD,2011,46876006272.2387
GT,GTM,Guatemala,GDP,NY.GDP.MKTP.CD,2010,40676578423.4871
GT,GTM,Guatemala,GDP,NY.GDP.MKTP.CD,2009,37126148264.6383
GT,GTM,Guatemala,GDP,NY.GDP.MKTP.CD,2008,38503720224.3166
GT,GTM,Guatemala,GDP,NY.GDP.MKTP.CD,2007,33567850824.1039
GT,GTM,Guatemala,GDP,NY.GDP.MKTP.CD,2006,29744246827.1839
GT,GTM,Guatemala,GDP,NY.GDP.MKTP.CD,2005,26783389293.922
GT,GTM,Guatemala,GDP,NY.GDP.MKTP.CD,2004,23577298094.6571
GT,GTM,Guatemala,GDP,NY.GDP.MKTP.CD,2003,21576351798.9145
GT,GTM,Guatemala,GDP,NY.GDP.MKTP.CD,2002,20444205991.025
GT,GTM,Guatemala,GDP,NY.GDP.MKTP.CD,2001,18405220247.4412
GT,GTM,Guatemala,GDP,NY.GDP.MKTP.CD,2000,19288929030.0508
GT,GTM,Guatemala,GDP,NY.GDP.MKTP.CD,1999,18318412251.3642
GT,GTM,Guatemala,GDP,NY.GDP.MKTP.CD,1998,19395491992.9939
GT,GTM,Guatemala,GDP,NY.GDP.MKTP.CD,1997,17790026221.6139
GT,GTM,Guatemala,GDP,NY.GDP.MKTP.CD,1996,15674835615.3139
GT,GTM,Guatemala,GDP,NY.GDP.MKTP.CD,1995,14655404433.2771
GT,GTM,Guatemala,GDP,NY.GDP.MKTP.CD,1994,12983233310.7467
GT,GTM,Guatemala,GDP,NY.GDP.MKTP.CD,1993,11400017301.4587
GT,GTM,Guatemala,GDP,NY.GDP.MKTP.CD,1992,10440781587.5435
GT,GTM,Guatemala,GDP,NY.GDP.MKTP.CD,1991,9406135143.41165
GT,GTM,Guatemala,GDP,NY.GDP.MKTP.CD,1990,7650196845.21546
GT,GTM,Guatemala,GDP,NY.GDP.MKTP.CD,1989,8410724360.79545
GT,GTM,Guatemala,GDP,NY.GDP.MKTP.CD,1988,7841602824.42748
GT,GTM,Guatemala,GDP,NY.GDP.MKTP.CD,1987,7084399840.0
GT,GTM,Guatemala,GDP,NY.GDP.MKTP.CD,1986,7231963515.98174
GT,GTM,Guatemala,GDP,NY.GDP.MKTP.CD,1985,9721652086.95652
GT,GTM,Guatemala,GDP,NY.GDP.MKTP.CD,1984,9470000100.0
GT,GTM,Guatemala,GDP,NY.GDP.MKTP.CD,1983,9050000400.0
GT,GTM,Guatemala,GDP,NY.GDP.MKTP.CD,1982,8716999700.0
GT,GTM,Guatemala,GDP,NY.GDP.MKTP.CD,1981,8607500300.0
GT,GTM,Guatemala,GDP,NY.GDP.MKTP.CD,1980,7878700000.0
GT,GTM,Guatemala,GDP,NY.GDP.MKTP.CD,1979,6902600200.0
GT,GTM,Guatemala,GDP,NY.GDP.MKTP.CD,1978,6070600200.0
GT,GTM,Guatemala,GDP,NY.GDP.MKTP.CD,1977,5480500200.0
GT,GTM,Guatemala,GDP,NY.GDP.MKTP.CD,1976,4365300200.0
GT,GTM,Guatemala,GDP,NY.GDP.MKTP.CD,1975,3645900000.0
GT,GTM,Guatemala,GDP,NY.GDP.MKTP.CD,1974,3161499900.0
GT,GTM,Guatemala,GDP,NY.GDP.MKTP.CD,1973,2569200100.0
GT,GTM,Guatemala,GDP,NY.GDP.MKTP.CD,1972,2101300000.0
GT,GTM,Guatemala,GDP,NY.GDP.MKTP.CD,1971,1984800000.0
GT,GTM,Guatemala,GDP,NY.GDP.MKTP.CD,1970,1904000000.0
GT,GTM,Guatemala,GDP,NY.GDP.MKTP.CD,1969,1715399900.0
GT,GTM,Guatemala,GDP,NY.GDP.MKTP.CD,1968,1610500000.0
GT,GTM,Guatemala,GDP,NY.GDP.MKTP.CD,1967,1453500000.0
GT,GTM,Guatemala,GDP,NY.GDP.MKTP.CD,1966,1390700000.0
GT,GTM,Guatemala,GDP,NY.GDP.MKTP.CD,1965,1331399900.0
GT,GTM,Guatemala,GDP,NY.GDP.MKTP.CD,1964,1299099900.0
GT,GTM,Guatemala,GDP,NY.GDP.MKTP.CD,1963,1262800000.0
GT,GTM,Guatemala,GDP,NY.GDP.MKTP.CD,1962,1143600000.0
GT,GTM,Guatemala,GDP,NY.GDP.MKTP.CD,1961,1076699900.0
GT,GTM,Guatemala,GDP,NY.GDP.MKTP.CD,1960,1043599900.0
HN,HND,Honduras,GINI,SI.POV.GINI,2024,45.7
HN,HND,Honduras,GINI,SI.POV.GINI,2023,46.8
HN,HND,Honduras,GINI,SI.POV.GINI,2019,48.2
HN,HND,Honduras,GINI,SI.POV.GINI,2018,48.9
HN,HND,Honduras,GINI,SI.POV.GINI,2017,49.4
HN,HND,Honduras,GINI,SI.POV.GINI,2016,49.8
HN,HND,Honduras,GINI,SI.POV.GINI,2015,49.2
HN,HND,Honduras,GINI,SI.POV.GINI,2014,49.9
HN,HND,Honduras,GINI,SI.POV.GINI,2013,50.0
HN,HND,Honduras,GINI,SI.POV.GINI,2012,53.4
HN,HND,Honduras,GINI,SI.POV.GINI,2011,52.6
HN,HND,Honduras,GINI,SI.POV.GINI,2010,53.1
HN,HND,Honduras,GINI,SI.POV.GINI,2009,51.3
HN,HND,Honduras,GINI,SI.POV.GINI,2008,55.5
HN,HND,Honduras,GINI,SI.POV.GINI,2007,55.8
HN,HND,Honduras,GINI,SI.POV.GINI,2006,57.5
HN,HND,Honduras,GINI,SI.POV.GINI,2005,59.5
HN,HND,Honduras,GINI,SI.POV.GINI,2004,58.1
HN,HND,Honduras,GINI,SI.POV.GINI,2003,58.1
HN,HND,Honduras,GINI,SI.POV.GINI,2002,55.7
HN,HND,Honduras,GINI,SI.POV.GINI,2001,55.4
HN,HND,Honduras,GINI,SI.POV.GINI,1999,55.2
HN,HND,Honduras,GINI,SI.POV.GINI,1998,57.3
HN,HND,Honduras,GINI,SI.POV.GINI,1997,52.7
HN,HND,Honduras,GINI,SI.POV.GINI,1996,55.7
HN,HND,Honduras,GINI,SI.POV.GINI,1995,55.5
HN,HND,Honduras,GINI,SI.POV.GINI,1994,55.0
HN,HND,Honduras,GINI,SI.POV.GINI,1993,53.4
HN,HND,Honduras,GINI,SI.POV.GINI,1992,51.8
HN,HND,Honduras,GINI,SI.POV.GINI,1991,51.8
HN,HND,Honduras,GINI,SI.POV.GINI,1990,55.9
HN,HND,Honduras,GINI,SI.POV.GINI,1989,55.4
HN,HND,Honduras,GDP,NY.GDP.MKTP.CD,2024,37093565854.0437
HN,HND,Honduras,GDP,NY.GDP.MKTP.CD,2023,34355805527.9795
HN,HND,Honduras,GDP,NY.GDP.MKTP.CD,2022,31426041806.7985
HN,HND,Honduras,GDP,NY.GDP.MKTP.CD,2021,28144331506.6149
HN,HND,Honduras,GDP,NY.GDP.MKTP.CD,2020,23352232483.755
HN,HND,Honduras,GDP,NY.GDP.MKTP.CD,2019,24882225741.8119
HN,HND,Honduras,GDP,NY.GDP.MKTP.CD,2018,24067750760.499
HN,HND,Honduras,GDP,NY.GDP.MKTP.CD,2017,23136247990.5977
HN,HND,Honduras,GDP,NY.GDP.MKTP.CD,2016,21717604952.1835
HN,HND,Honduras,GDP,NY.GDP.MKTP.CD,2015,20979791685.416
HN,HND,Honduras,GDP,NY.GDP.MKTP.CD,2014,19756533971.8698
HN,HND,Honduras,GDP,NY.GDP.MKTP.CD,2013,18499729214.904
HN,HND,Honduras,GDP,NY.GDP.MKTP.CD,2012,18528554397.5695
HN,HND,Honduras,GDP,NY.GDP.MKTP.CD,2011,17710275685.4074
HN,HND,Honduras,GDP,NY.GDP.MKTP.CD,2010,15839344591.9842
HN,HND,Honduras,GDP,NY.GDP.MKTP.CD,2009,14587496229.1811
HN,HND,Honduras,GDP,NY.GDP.MKTP.CD,2008,13881731875.7466
HN,HND,Honduras,GDP,NY.GDP.MKTP.CD,2007,12361257680.5627
HN,HND,Honduras,GDP,NY.GDP.MKTP.CD,2006,10917477066.1429
HN,HND,Honduras,GDP,NY.GDP.MKTP.CD,2005,9757012696.56212
HN,HND,Honduras,GDP,NY.GDP.MKTP.CD,2004,8869299234.3377
HN,HND,Honduras,GDP,NY.GDP.MKTP.CD,2003,8230391346.67228
HN,HND,Honduras,GDP,NY.GDP.MKTP.CD,2002,7858255412.86038
HN,HND,Honduras,GDP,NY.GDP.MKTP.CD,2001,7651162302.3456
HN,HND,Honduras,GDP,NY.GDP.MKTP.CD,2000,7186638029.05875
HN,HND,Honduras,GDP,NY.GDP.MKTP.CD,1999,6394090592.33449
HN,HND,Honduras,GDP,NY.GDP.MKTP.CD,1998,6163707533.23486
HN,HND,Honduras,GDP,NY.GDP.MKTP.CD,1997,5569178707.22433
HN,HND,Honduras,GDP,NY.GDP.MKTP.CD,1996,4798834459.45946
HN,HND,Honduras,GDP,NY.GDP.MKTP.CD,1995,4672346193.95203
HN,HND,Honduras,GDP,NY.GDP.MKTP.CD,1994,4105686899.43868
HN,HND,Honduras,GDP,NY.GDP.MKTP.CD,1993,4190773622.25871
HN,HND,Honduras,GDP,NY.GDP.MKTP.CD,1992,4122846905.18198
HN,HND,Honduras,GDP,NY.GDP.MKTP.CD,1991,3699381195.10223
HN,HND,Honduras,GDP,NY.GDP.MKTP.CD,1990,3734460116.73152
HN,HND,Honduras,GDP,NY.GDP.MKTP.CD,1989,4375896551.72414
HN,HND,Honduras,GDP,NY.GDP.MKTP.CD,1988,4892660944.20601
HN,HND,Honduras,GDP,NY.GDP.MKTP.CD,1987,5024800000.0
HN,HND,Honduras,GDP,NY.GDP.MKTP.CD,1986,4706100000.0
HN,HND,Honduras,GDP,NY.GDP.MKTP.CD,1985,4328300000.0
HN,HND,Honduras,GDP,NY.GDP.MKTP.CD,1984,4029900000.0
HN,HND,Honduras,GDP,NY.GDP.MKTP.CD,1983,3840550000.0
HN,HND,Honduras,GDP,NY.GDP.MKTP.CD,1982,3619500000.0
HN,HND,Honduras,GDP,NY.GDP.MKTP.CD,1981,3501800000.0
HN,HND,Honduras,GDP,NY.GDP.MKTP.CD,1980,3184400000.0
HN,HND,Honduras,GDP,NY.GDP.MKTP.CD,1979,2778900000.0
HN,HND,Honduras,GDP,NY.GDP.MKTP.CD,1978,2393650000.0
HN,HND,Honduras,GDP,NY.GDP.MKTP.CD,1977,1900700000.0
HN,HND,Honduras,GDP,NY.GDP.MKTP.CD,1976,1589300000.0
HN,HND,Honduras,GDP,NY.GDP.MKTP.CD,1975,1330050000.0
HN,HND,Honduras,GDP,NY.GDP.MKTP.CD,1974,1243000000.0
HN,HND,Honduras,GDP,NY.GDP.MKTP.CD,1973,1128299435.85028
HN,HND,Honduras,GDP,NY.GDP.MKTP.CD,1972,1030645362.09587
HN,HND,Honduras,GDP,NY.GDP.MKTP.CD,1971,958450000.0
HN,HND,Honduras,GDP,NY.GDP.MKTP.CD,1970,904400000.0
HN,HND,Honduras,GDP,NY.GDP.MKTP.CD,1969,844400000.0
HN,HND,Honduras,GDP,NY.GDP.MKTP.CD,1968,815450000.0
HN,HND,Honduras,GDP,NY.GDP.MKTP.CD,1967,750950000.0
HN,HND,Honduras,GDP,NY.GDP.MKTP.CD,1966,692150000.0
HN,HND,Honduras,GDP,NY.GDP.MKTP.CD,1965,651050000.0
HN,HND,Honduras,GDP,NY.GDP.MKTP.CD,1964,591100000.0
HN,HND,Honduras,GDP,NY.GDP.MKTP.CD,1963,553500000.0
HN,HND,Honduras,GDP,NY.GDP.MKTP.CD,1962,532450000.0
HN,HND,Honduras,GDP,NY.GDP.MKTP.CD,1961,503300000.0
HN,HND,Honduras,GDP,NY.GDP.MKTP.CD,1960,475650000.0
HT,HTI,Haití,GINI,SI.POV.GINI,2012,41.1
HT,HTI,Haití,GINI,SI.POV.GINI,2001,59.0
HT,HTI,Haití,GDP,NY.GDP.MKTP.CD,2024,25224154990.7946
HT,HTI,Haití,GDP,NY.GDP.MKTP.CD,2023,19850585722.3241
HT,HTI,Haití,GDP,NY.GDP.MKTP.CD,2022,20253551920.5516
HT,HTI,Haití,GDP,NY.GDP.MKTP.CD,2021,20944387975.7051
HT,HTI,Haití,GDP,NY.GDP.MKTP.CD,2020,14508222518.3018
HT,HTI,Haití,GDP,NY.GDP.MKTP.CD,2019,15016090929.5125
HT,HTI,Haití,GDP,NY.GDP.MKTP.CD,2018,16403864617.8458
HT,HTI,Haití,GDP,NY.GDP.MKTP.CD,2017,15093357161.1498
HT,HTI,Haití,GDP,NY.GDP.MKTP.CD,2016,14069277526.2278
HT,HTI,Haití,GDP,NY.GDP.MKTP.CD,2015,14849629308.6025
HT,HTI,Haití,GDP,NY.GDP.MKTP.CD,2014,15146883497.6331
HT,HTI,Haití,GDP,NY.GDP.MKTP.CD,2013,14902488604.2421
HT,HTI,Haití,GDP,NY.GDP.MKTP.CD,2012,13708925477.1304
HT,HTI,Haití,GDP,NY.GDP.MKTP.CD,2011,13008746038.8867
HT,HTI,Haití,GDP,NY.GDP.MKTP.CD,2010,11859312725.1448
HT,HTI,Haití,GDP,NY.GDP.MKTP.CD,2009,11597002834.7786
HT,HTI,Haití,GDP,NY.GDP.MKTP.CD,2008,10432962634.8748
HT,HTI,Haití,GDP,NY.GDP.MKTP.CD,2007,9228637767.69009
HT,HTI,Haití,GDP,NY.GDP.MKTP.CD,2006,7638739122.67242
HT,HTI,Haití,GDP,NY.GDP.MKTP.CD,2005,7030149730.33692
HT,HTI,Haití,GDP,NY.GDP.MKTP.CD,2004,6087360684.2969
HT,HTI,Haití,GDP,NY.GDP.MKTP.CD,2003,5071947798.27263
HT,HTI,Haití,GDP,NY.GDP.MKTP.CD,2002,6205847213.6351
HT,HTI,Haití,GDP,NY.GDP.MKTP.CD,2001,6331970324.31022
HT,HTI,Haití,GDP,NY.GDP.MKTP.CD,2000,6813566098.8675
HT,HTI,Haití,GDP,NY.GDP.MKTP.CD,1999,4153725883.84082
HT,HTI,Haití,GDP,NY.GDP.MKTP.CD,1998,3723903723.63772
HT,HTI,Haití,GDP,NY.GDP.MKTP.CD,1997,3338949151.59927
HT,HTI,Haití,GDP,NY.GDP.MKTP.CD,1996,2907517603.76719
HT,HTI,Haití,GDP,NY.GDP.MKTP.CD,1995,2813313278.81082
HT,HTI,Haití,GDP,NY.GDP.MKTP.CD,1994,2167569046.11837
HT,HTI,Haití,GDP,NY.GDP.MKTP.CD,1993,1878253767.31305
HT,HTI,Haití,GDP,NY.GDP.MKTP.CD,1992,2257129791.61575
HT,HTI,Haití,GDP,NY.GDP.MKTP.CD,1991,3473562627.79423
HT,HTI,Haití,GDP,NY.GDP.MKTP.CD,1990,3096289800.0
HT,HTI,Haití,GDP,NY.GDP.MKTP.CD,1989,2736243800.0
HT,HTI,Haití,GDP,NY.GDP.MKTP.CD,1988,2613926800.0
HT,HTI,Haití,GDP,NY.GDP.MKTP.CD,1987,2047200000.0
HT,HTI,Haití,GDP,NY.GDP.MKTP.CD,1986,2318000000.0
HT,HTI,Haití,GDP,NY.GDP.MKTP.CD,1985,2009400000.0
HT,HTI,Haití,GDP,NY.GDP.MKTP.CD,1984,1816200000.0
HT,HTI,Haití,GDP,NY.GDP.MKTP.CD,1983,1623600000.0
HT,HTI,Haití,GDP,NY.GDP.MKTP.CD,1982,1474200000.0
HT,HTI,Haití,GDP,NY.GDP.MKTP.CD,1981,1479400000.0
HT,HTI,Haití,GDP,NY.GDP.MKTP.CD,1980,1383800000.0
HT,HTI,Haití,GDP,NY.GDP.MKTP.CD,1979,1080600000.0
HT,HTI,Haití,GDP,NY.GDP.MKTP.CD,1978,974200000.0
HT,HTI,Haití,GDP,NY.GDP.MKTP.CD,1977,947000000.0
HT,HTI,Haití,GDP,NY.GDP.MKTP.CD,1976,879000000.0
HT,HTI,Haití,GDP,NY.GDP.MKTP.CD,1975,681400000.0
HT,HTI,Haití,GDP,NY.GDP.MKTP.CD,1974,565399321.520814
HT,HTI,Haití,GDP,NY.GDP.MKTP.CD,1973,466798973.042259
HT,HTI,Haití,GDP,NY.GDP.MKTP.CD,1972,371998958.402916
HT,HTI,Haití,GDP,NY.GDP.MKTP.CD,1971,362800000.0
HT,HTI,Haití,GDP,NY.GDP.MKTP.CD,1970,331200000.0
HT,HTI,Haití,GDP,NY.GDP.MKTP.CD,1969,391820400.0
HT,HTI,Haití,GDP,NY.GDP.MKTP.CD,1968,367968800.0
HT,HTI,Haití,GDP,NY.GDP.MKTP.CD,1967,369124200.0
HT,HTI,Haití,GDP,NY.GDP.MKTP.CD,1966,368948600.0
HT,HTI,Haití,GDP,NY.GDP.MKTP.CD,1965,353251800.0
HT,HTI,Haití,GDP,NY.GDP.MKTP.CD,1964,325281200.0
HT,HTI,Haití,GDP,NY.GDP.MKTP.CD,1963,294883400.0
HT,HTI,Haití,GDP,NY.GDP.MKTP.CD,1962,281896800.0
HT,HTI,Haití,GDP,NY.GDP.MKTP.CD,1961,271066000.0
HT,HTI,Haití,GDP,NY.GDP.MKTP.CD,1960,273187200.0
JM,JAM,Jamaica,GINI,SI.POV.GINI,2021,39.9
JM,JAM,Jamaica,GINI,SI.POV.GINI,2018,35.3
JM,JAM,Jamaica,GINI,SI.POV.GINI,2004,45.5
JM,JAM,Jamaica,GINI,SI.POV.GINI,2002,48.3
JM,JAM,Jamaica,GINI,SI.POV.GINI,1999,44.1
JM,JAM,Jamaica,GINI,SI.POV.GINI,1996,40.4
JM,JAM,Jamaica,GINI,SI.POV.GINI,1993,35.7
JM,JAM,Jamaica,GINI,SI.POV.GINI,1990,41.1
JM,JAM,Jamaica,GINI,SI.POV.GINI,1988,43.2
JM,JAM,Jamaica,GDP,NY.GDP.MKTP.CD,2024,22014397089.7689
JM,JAM,Jamaica,GDP,NY.GDP.MKTP.CD,2023,21418804319.6395
JM,JAM,Jamaica,GDP,NY.GDP.MKTP.CD,2022,18813516805.214
JM,JAM,Jamaica,GDP,NY.GDP.MKTP.CD,2021,15963885376.3537
JM,JAM,Jamaica,GDP,NY.GDP.MKTP.CD,2020,15000214216.2439
JM,JAM,Jamaica,GDP,NY.GDP.MKTP.CD,2019,17026269262.5307
JM,JAM,Jamaica,GDP,NY.GDP.MKTP.CD,2018,16855447986.2221
JM,JAM,Jamaica,GDP,NY.GDP.MKTP.CD,2017,15783583236.675
JM,JAM,Jamaica,GDP,NY.GDP.MKTP.CD,2016,14898999754.1229
JM,JAM,Jamaica,GDP,NY.GDP.MKTP.CD,2015,14963589915.5912
JM,JAM,Jamaica,GDP,NY.GDP.MKTP.CD,2014,13899217679.9219
JM,JAM,Jamaica,GDP,NY.GDP.MKTP.CD,2013,14264205152.6126
JM,JAM,Jamaica,GDP,NY.GDP.MKTP.CD,2012,14807086555.5283
JM,JAM,Jamaica,GDP,NY.GDP.MKTP.CD,2011,14444661522.1463
JM,JAM,Jamaica,GDP,NY.GDP.MKTP.CD,2010,13220549908.2494
JM,JAM,Jamaica,GDP,NY.GDP.MKTP.CD,2009,12120458114.8318
JM,JAM,Jamaica,GDP,NY.GDP.MKTP.CD,2008,13709401520.0326
JM,JAM,Jamaica,GDP,NY.GDP.MKTP.CD,2007,12799600047.1845
JM,JAM,Jamaica,GDP,NY.GDP.MKTP.CD,2006,11930179089.8855
JM,JAM,Jamaica,GDP,NY.GDP.MKTP.CD,2005,11243865777.7131
JM,JAM,Jamaica,GDP,NY.GDP.MKTP.CD,2004,10174664853.9476
JM,JAM,Jamaica,GDP,NY.GDP.MKTP.CD,2003,9430234810.78586
JM,JAM,Jamaica,GDP,NY.GDP.MKTP.CD,2002,9719009494.84779
JM,JAM,Jamaica,GDP,NY.GDP.MKTP.CD,2001,9194727831.07318
JM,JAM,Jamaica,GDP,NY.GDP.MKTP.CD,2000,9005064474.93003
JM,JAM,Jamaica,GDP,NY.GDP.MKTP.CD,1999,8887057997.36228
JM,JAM,Jamaica,GDP,NY.GDP.MKTP.CD,1998,8787195622.43502
JM,JAM,Jamaica,GDP,NY.GDP.MKTP.CD,1997,8400041723.54861
JM,JAM,Jamaica,GDP,NY.GDP.MKTP.CD,1996,7393891920.80358
JM,JAM,Jamaica,GDP,NY.GDP.MKTP.CD,1995,6577520642.82297
JM,JAM,Jamaica,GDP,NY.GDP.MKTP.CD,1994,5452558947.03045
JM,JAM,Jamaica,GDP,NY.GDP.MKTP.CD,1993,5440075675.74067
JM,JAM,Jamaica,GDP,NY.GDP.MKTP.CD,1992,3535460089.80719
JM,JAM,Jamaica,GDP,NY.GDP.MKTP.CD,1991,4106207649.05547
JM,JAM,Jamaica,GDP,NY.GDP.MKTP.CD,1990,4592208086.69235
JM,JAM,Jamaica,GDP,NY.GDP.MKTP.CD,1989,4404937853.39452
JM,JAM,Jamaica,GDP,NY.GDP.MKTP.CD,1988,3828342820.3494
JM,JAM,Jamaica,GDP,NY.GDP.MKTP.CD,1987,3287007321.56699
JM,JAM,Jamaica,GDP,NY.GDP.MKTP.CD,1986,2754549581.92409
JM,JAM,Jamaica,GDP,NY.GDP.MKTP.CD,1985,2100239018.82467
JM,JAM,Jamaica,GDP,NY.GDP.MKTP.CD,1984,2373564549.4932
JM,JAM,Jamaica,GDP,NY.GDP.MKTP.CD,1983,3619262277.47712
JM,JAM,Jamaica,GDP,NY.GDP.MKTP.CD,1982,3293496311.93093
JM,JAM,Jamaica,GDP,NY.GDP.MKTP.CD,1981,2979027966.45373
JM,JAM,Jamaica,GDP,NY.GDP.MKTP.CD,1980,2679379371.51261
JM,JAM,Jamaica,GDP,NY.GDP.MKTP.CD,1979,2425064229.04184
JM,JAM,Jamaica,GDP,NY.GDP.MKTP.CD,1978,2644527821.53011
JM,JAM,Jamaica,GDP,NY.GDP.MKTP.CD,1977,3249733139.73314
JM,JAM,Jamaica,GDP,NY.GDP.MKTP.CD,1976,2966042856.04286
JM,JAM,Jamaica,GDP,NY.GDP.MKTP.CD,1975,2860442750.44275
JM,JAM,Jamaica,GDP,NY.GDP.MKTP.CD,1974,2375122375.12238
JM,JAM,Jamaica,GDP,NY.GDP.MKTP.CD,1973,1905917553.19149
JM,JAM,Jamaica,GDP,NY.GDP.MKTP.CD,1972,1875146587.4443
JM,JAM,Jamaica,GDP,NY.GDP.MKTP.CD,1971,1539861815.89381
JM,JAM,Jamaica,GDP,NY.GDP.MKTP.CD,1970,1404720441.88818
JM,JAM,Jamaica,GDP,NY.GDP.MKTP.CD,1969,1191239047.00876
JM,JAM,Jamaica,GDP,NY.GDP.MKTP.CD,1968,1083839132.92869
JM,JAM,Jamaica,GDP,NY.GDP.MKTP.CD,1967,1148014310.8255
JM,JAM,Jamaica,GDP,NY.GDP.MKTP.CD,1966,1096759561.29618
JM,JAM,Jamaica,GDP,NY.GDP.MKTP.CD,1965,972159611.136156
JM,JAM,Jamaica,GDP,NY.GDP.MKTP.CD,1964,897949000.8204
JM,JAM,Jamaica,GDP,NY.GDP.MKTP.CD,1963,826706669.317332
JM,JAM,Jamaica,GDP,NY.GDP.MKTP.CD,1962,777727688.908924
JM,JAM,Jamaica,GDP,NY.GDP.MKTP.CD,1961,748043500.7826
JM,JAM,Jamaica,GDP,NY.GDP.MKTP.CD,1960,699064380.374248
MX,MEX,México,GINI,SI.POV.GINI,2022,43.5
MX,MEX,México,GINI,SI.POV.GINI,2020,44.6
MX,MEX,México,GINI,SI.POV.GINI,2018,46.0
MX,MEX,México,GINI,SI.POV.GINI,2016,46.9
MX,MEX,México,GINI,SI.POV.GINI,2014,48.9
MX,MEX,México,GINI,SI.POV.GINI,2012,49.6
MX,MEX,México,GINI,SI.POV.GINI,2010,47.7
MX,MEX,México,GINI,SI.POV.GINI,2008,50.8
MX,MEX,México,GINI,SI.POV.GINI,2006,49.7
MX,MEX,México,GINI,SI.POV.GINI,2005,50.9
MX,MEX,México,GINI,SI.POV.GINI,2004,50.3
MX,MEX,México,GINI,SI.POV.GINI,2002,50.6
MX,MEX,México,GINI,SI.POV.GINI,2000,53.4
MX,MEX,México,GINI,SI.POV.GINI,1998,53.3
MX,MEX,México,GINI,SI.POV.GINI,1996,52.0
MX,MEX,México,GINI,SI.POV.GINI,1994,53.4
MX,MEX,México,GINI,SI.POV.GINI,1992,52.3
MX,MEX,México,GINI,SI.POV.GINI,1989,50.1
MX,MEX,México,GINI,SI.POV.GINI,1984,48.5
MX,MEX,México,GDP,NY.GDP.MKTP.CD,2024,1856365616165.94
MX,MEX,México,GDP,NY.GDP.MKTP.CD,2023,1798317581486.88
MX,MEX,México,GDP,NY.GDP.MKTP.CD,2022,1466934724293.06
MX,MEX,México,GDP,NY.GDP.MKTP.CD,2021,1316569466685.95
MX,MEX,México,GDP,NY.GDP.MKTP.CD,2020,1121064767308.42
MX,MEX,México,GDP,NY.GDP.MKTP.CD,2019,1304106203902.45
MX,MEX,México,GDP,NY.GDP.MKTP.CD,2018,1256300182879.73
MX,MEX,México,GDP,NY.GDP.MKTP.CD,2017,1190721475906.0
MX,MEX,México,GDP,NY.GDP.MKTP.CD,2016,1112233497452.7
MX,MEX,México,GDP,NY.GDP.MKTP.CD,2015,1213294467716.88
MX,MEX,México,GDP,NY.GDP.MKTP.CD,2014,1364507717614.13
MX,MEX,México,GDP,NY.GDP.MKTP.CD,2013,1327436290282.67
MX,MEX,México,GDP,NY.GDP.MKTP.CD,2012,1255110424817.79
MX,MEX,México,GDP,NY.GDP.MKTP.CD,2011,1229013703416.76
MX,MEX,México,GDP,NY.GDP.MKTP.CD,2010,1105424238731.09
MX,MEX,México,GDP,NY.GDP.MKTP.CD,2009,943437415024.633
MX,MEX,México,GDP,NY.GDP.MKTP.CD,2008,1161553459715.1
MX,MEX,México,GDP,NY.GDP.MKTP.CD,2007,1102355554971.95
MX,MEX,México,GDP,NY.GDP.MKTP.CD,2006,1020265057882.01
MX,MEX,México,GDP,NY.GDP.MKTP.CD,2005,917571853529.104
MX,MEX,México,GDP,NY.GDP.MKTP.CD,2004,819459227375.022
MX,MEX,México,GDP,NY.GDP.MKTP.CD,2003,765549967703.273
MX,MEX,México,GDP,NY.GDP.MKTP.CD,2002,810666116401.915
MX,MEX,México,GDP,NY.GDP.MKTP.CD,2001,796064590549.136
MX,MEX,México,GDP,NY.GDP.MKTP.CD,2000,742061329749.127
MX,MEX,México,GDP,NY.GDP.MKTP.CD,1999,631249359702.389
MX,MEX,México,GDP,NY.GDP.MKTP.CD,1998,557461102630.658
MX,MEX,México,GDP,NY.GDP.MKTP.CD,1997,523449530464.257
MX,MEX,México,GDP,NY.GDP.MKTP.CD,1996,432157945024.428
MX,MEX,México,GDP,NY.GDP.MKTP.CD,1995,380157469866.849
MX,MEX,México,GDP,NY.GDP.MKTP.CD,1994,553618247900.74
MX,MEX,México,GDP,NY.GDP.MKTP.CD,1993,530160763662.543
MX,MEX,México,GDP,NY.GDP.MKTP.CD,1992,363157832923.734
MX,MEX,México,GDP,NY.GDP.MKTP.CD,1991,313139656145.745
MX,MEX,México,GDP,NY.GDP.MKTP.CD,1990,261253675692.838
MX,MEX,México,GDP,NY.GDP.MKTP.CD,1989,221403098266.77
MX,MEX,México,GDP,NY.GDP.MKTP.CD,1988,181611150496.787
MX,MEX,México,GDP,NY.GDP.MKTP.CD,1987,147542558208.888
MX,MEX,México,GDP,NY.GDP.MKTP.CD,1986,134556034672.991
MX,MEX,México,GDP,NY.GDP.MKTP.CD,1985,195241069482.077
MX,MEX,México,GDP,NY.GDP.MKTP.CD,1984,184230754105.394
MX,MEX,México,GDP,NY.GDP.MKTP.CD,1983,156167000432.994
MX,MEX,México,GDP,NY.GDP.MKTP.CD,1982,184602611609.517
MX,MEX,México,GDP,NY.GDP.MKTP.CD,1981,263797827860.494
MX,MEX,México,GDP,NY.GDP.MKTP.CD,1980,205577055465.993
MX,MEX,México,GDP,NY.GDP.MKTP.CD,1979,134531900898.926
MX,MEX,México,GDP,NY.GDP.MKTP.CD,1978,102648570299.117
MX,MEX,México,GDP,NY.GDP.MKTP.CD,1977,81912018783.5024
MX,MEX,México,GDP,NY.GDP.MKTP.CD,1976,88875923765.072
MX,MEX,México,GDP,NY.GDP.MKTP.CD,1975,88000000000.0
MX,MEX,México,GDP,NY.GDP.MKTP.CD,1974,72000000000.0
MX,MEX,México,GDP,NY.GDP.MKTP.CD,1973,55280000000.0
MX,MEX,México,GDP,NY.GDP.MKTP.CD,1972,45200000000.0
MX,MEX,México,GDP,NY.GDP.MKTP.CD,1971,39200000000.0
MX,MEX,México,GDP,NY.GDP.MKTP.CD,1970,35520000000.0
MX,MEX,México,GDP,NY.GDP.MKTP.CD,1969,32480000000.0
MX,MEX,México,GDP,NY.GDP.MKTP.CD,1968,29360000000.0
MX,MEX,México,GDP,NY.GDP.MKTP.CD,1967,26560000000.0
MX,MEX,México,GDP,NY.GDP.MKTP.CD,1966,24320000000.0
MX,MEX,México,GDP,NY.GDP.MKTP.CD,1965,21840000000.0
MX,MEX,México,GDP,NY.GDP.MKTP.CD,1964,20080000000.0
MX,MEX,México,GDP,NY.GDP.MKTP.CD,1963,16960000000.0
MX,MEX,México,GDP,NY.GDP.MKTP.CD,1962,15200000000.0
MX,MEX,México,GDP,NY.GDP.MKTP.CD,1961,14160000000.0
MX,MEX,México,GDP,NY.GDP.MKTP.CD,1960,13040000000.0
NI,NIC,Nicaragua,GINI,SI.POV.GINI,2014,46.2
NI,NIC,Nicaragua,GINI,SI.POV.GINI,2009,43.9
NI,NIC,Nicaragua,GINI,SI.POV.GINI,2005,48.8
NI,NIC,Nicaragua,GINI,SI.POV.GINI,2001,52.9
NI,NIC,Nicaragua,GINI,SI.POV.GINI,1998,54.4
NI,NIC,Nicaragua,GINI,SI.POV.GINI,1993,57.1
NI,NIC,Nicaragua,GDP,NY.GDP.MKTP.CD,2024,19693982967.5926
NI,NIC,Nicaragua,GDP,NY.GDP.MKTP.CD,2023,17805842283.8725
NI,NIC,Nicaragua,GDP,NY.GDP.MKTP.CD,2022,15634572502.2294
NI,NIC,Nicaragua,GDP,NY.GDP.MKTP.CD,2021,14209020361.8508
NI,NIC,Nicaragua,GDP,NY.GDP.MKTP.CD,2020,12726422432.4868
NI,NIC,Nicaragua,GDP,NY.GDP.MKTP.CD,2019,12699023614.245
NI,NIC,Nicaragua,GDP,NY.GDP.MKTP.CD,2018,13025221974.232
NI,NIC,Nicaragua,GDP,NY.GDP.MKTP.CD,2017,13785893007.4769
NI,NIC,Nicaragua,GDP,NY.GDP.MKTP.CD,2016,13286093388.4752
NI,NIC,Nicaragua,GDP,NY.GDP.MKTP.CD,2015,12756696261.0676
NI,NIC,Nicaragua,GDP,NY.GDP.MKTP.CD,2014,11880438824.4494
NI,NIC,Nicaragua,GDP,NY.GDP.MKTP.CD,2013,10982988249.2103
NI,NIC,Nicaragua,GDP,NY.GDP.MKTP.CD,2012,10532017231.8253
NI,NIC,Nicaragua,GDP,NY.GDP.MKTP.CD,2011,9774329332.71276
NI,NIC,Nicaragua,GDP,NY.GDP.MKTP.CD,2010,8758602232.98358
NI,NIC,Nicaragua,GDP,NY.GDP.MKTP.CD,2009,8298702489.0801
NI,NIC,Nicaragua,GDP,NY.GDP.MKTP.CD,2008,8496967596.77008
NI,NIC,Nicaragua,GDP,NY.GDP.MKTP.CD,2007,7423375014.75729
NI,NIC,Nicaragua,GDP,NY.GDP.MKTP.CD,2006,6763672380.61154
NI,NIC,Nicaragua,GDP,NY.GDP.MKTP.CD,2005,6321324279.14826
NI,NIC,Nicaragua,GDP,NY.GDP.MKTP.CD,2004,5792932838.40051
NI,NIC,Nicaragua,GDP,NY.GDP.MKTP.CD,2003,5322228350.58068
NI,NIC,Nicaragua,GDP,NY.GDP.MKTP.CD,2002,5223727302.54906
NI,NIC,Nicaragua,GDP,NY.GDP.MKTP.CD,2001,5351752034.2221
NI,NIC,Nicaragua,GDP,NY.GDP.MKTP.CD,2000,5109587049.97449
NI,NIC,Nicaragua,GDP,NY.GDP.MKTP.CD,1999,4856026259.07657
NI,NIC,Nicaragua,GDP,NY.GDP.MKTP.CD,1998,4635347385.5446
NI,NIC,Nicaragua,GDP,NY.GDP.MKTP.CD,1997,4389973489.86032
NI,NIC,Nicaragua,GDP,NY.GDP.MKTP.CD,1996,4308351902.78601
NI,NIC,Nicaragua,GDP,NY.GDP.MKTP.CD,1995,4140470000.0
NI,NIC,Nicaragua,GDP,NY.GDP.MKTP.CD,1994,3863185119.04762
NI,NIC,Nicaragua,GDP,NY.GDP.MKTP.CD,1993,1756454248.36601
NI,NIC,Nicaragua,GDP,NY.GDP.MKTP.CD,1992,1792800000.0
NI,NIC,Nicaragua,GDP,NY.GDP.MKTP.CD,1991,1488804123.71134
NI,NIC,Nicaragua,GDP,NY.GDP.MKTP.CD,1990,1009455483.87097
NI,NIC,Nicaragua,GDP,NY.GDP.MKTP.CD,1989,1013184755.57026
NI,NIC,Nicaragua,GDP,NY.GDP.MKTP.CD,1988,2630900095.60219
NI,NIC,Nicaragua,GDP,NY.GDP.MKTP.CD,1987,3851200117.77355
NI,NIC,Nicaragua,GDP,NY.GDP.MKTP.CD,1986,2885799993.91571
NI,NIC,Nicaragua,GDP,NY.GDP.MKTP.CD,1985,2683699935.36479
NI,NIC,Nicaragua,GDP,NY.GDP.MKTP.CD,1984,3117599872.08764
NI,NIC,Nicaragua,GDP,NY.GDP.MKTP.CD,1983,2753100057.78802
NI,NIC,Nicaragua,GDP,NY.GDP.MKTP.CD,1982,2454499872.03789
NI,NIC,Nicaragua,GDP,NY.GDP.MKTP.CD,1981,2474700227.04662
NI,NIC,Nicaragua,GDP,NY.GDP.MKTP.CD,1980,2144300006.18028
NI,NIC,Nicaragua,GDP,NY.GDP.MKTP.CD,1979,1567599981.69806
NI,NIC,Nicaragua,GDP,NY.GDP.MKTP.CD,1978,2127699978.78077
NI,NIC,Nicaragua,GDP,NY.GDP.MKTP.CD,1977,2226999873.71856
NI,NIC,Nicaragua,GDP,NY.GDP.MKTP.CD,1976,1836899998.94579
NI,NIC,Nicaragua,GDP,NY.GDP.MKTP.CD,1975,1581599958.5989
NI,NIC,Nicaragua,GDP,NY.GDP.MKTP.CD,1974,1521400011.53463
NI,NIC,Nicaragua,GDP,NY.GDP.MKTP.CD,1973,1092900014.79168
NI,NIC,Nicaragua,GDP,NY.GDP.MKTP.CD,1972,878570045.450998
NI,NIC,Nicaragua,GDP,NY.GDP.MKTP.CD,1971,828569953.4744
NI,NIC,Nicaragua,GDP,NY.GDP.MKTP.CD,1970,778569938.824225
NI,NIC,Nicaragua,GDP,NY.GDP.MKTP.CD,1969,750000002.894903
NI,NIC,Nicaragua,GDP,NY.GDP.MKTP.CD,1968,692859984.612158
NI,NIC,Nicaragua,GDP,NY.GDP.MKTP.CD,1967,657140010.747554
NI,NIC,Nicaragua,GDP,NY.GDP.MKTP.CD,1966,607140010.475682
NI,NIC,Nicaragua,GDP,NY.GDP.MKTP.CD,1965,564290020.384288
NI,NIC,Nicaragua,GDP,NY.GDP.MKTP.CD,1964,347119918.158577
NI,NIC,Nicaragua,GDP,NY.GDP.MKTP.CD,1963,297324163.095513
NI,NIC,Nicaragua,GDP,NY.GDP.MKTP.CD,1962,269283803.686825
NI,NIC,Nicaragua,GDP,NY.GDP.MKTP.CD,1961,244144236.65331
NI,NIC,Nicaragua,GDP,NY.GDP.MKTP.CD,1960,227223322.141537
PA,PAN,Panamá,GINI,SI.POV.GINI,2024,49.7
PA,PAN,Panamá,GINI,SI.POV.GINI,2023,48.9
PA,PAN,Panamá,GINI,SI.POV.GINI,2021,50.9
PA,PAN,Panamá,GINI,SI.POV.GINI,2019,49.8
PA,PAN,Panamá,GINI,SI.POV.GINI,2018,49.2
PA,PAN,Panamá,GINI,SI.POV.GINI,2017,49.9
PA,PAN,Panamá,GINI,SI.POV.GINI,2016,50.4
PA,PAN,Panamá,GINI,SI.POV.GINI,2015,50.8
PA,PAN,Panamá,GINI,SI.POV.GINI,2014,50.5
PA,PAN,Panamá,GINI,SI.POV.GINI,2013,51.5
PA,PAN,Panamá,GINI,SI.POV.GINI,2012,51.7
PA,PAN,Panamá,GINI,SI.POV.GINI,2011,51.3
PA,PAN,Panamá,GINI,SI.POV.GINI,2010,51.6
PA,PAN,Panamá,GINI,SI.POV.GINI,2009,51.8
PA,PAN,Panamá,GINI,SI.POV.GINI,2008,52.7
PA,PAN,Panamá,GINI,SI.POV.GINI,2007,52.7
PA,PAN,Panamá,GINI,SI.POV.GINI,2006,54.6
PA,PAN,Panamá,GINI,SI.POV.GINI,2005,53.8
PA,PAN,Panamá,GINI,SI.POV.GINI,2004,54.8
PA,PAN,Panamá,GINI,SI.POV.GINI,2003,55.6
PA,PAN,Panamá,GINI,SI.POV.GINI,2002,56.1
PA,PAN,Panamá,GINI,SI.POV.GINI,2001,56.7
PA,PAN,Panamá,GINI,SI.POV.GINI,2000,56.6
PA,PAN,Panamá,GINI,SI.POV.GINI,1999,56.3
PA,PAN,Panamá,GINI,SI.POV.GINI,1998,57.3
PA,PAN,Panamá,GINI,SI.POV.GINI,1997,58.1
PA,PAN,Panamá,GINI,SI.POV.GINI,1995,57.6
PA,PAN,Panamá,GINI,SI.POV.GINI,1991,58.0
PA,PAN,Panamá,GINI,SI.POV.GINI,1989,58.5
PA,PAN,Panamá,GINI,SI.POV.GINI,1979,48.7
PA,PAN,Panamá,GDP,NY.GDP.MKTP.CD,2024,86523959131.7472
PA,PAN,Panamá,GDP,NY.GDP.MKTP.CD,2023,83812155244.3352
PA,PAN,Panamá,GDP,NY.GDP.MKTP.CD,2022,76479304470.9375
PA,PAN,Panamá,GDP,NY.GDP.MKTP.CD,2021,67396392506.2378
PA,PAN,Panamá,GDP,NY.GDP.MKTP.CD,2020,57059846521.5327
PA,PAN,Panamá,GDP,NY.GDP.MKTP.CD,2019,69778991192.5571
PA,PAN,Panamá,GDP,NY.GDP.MKTP.CD,2018,67316471181.2488
PA,PAN,Panamá,GDP,NY.GDP.MKTP.CD,2017,64327688826.3137
PA,PAN,Panamá,GDP,NY.GDP.MKTP.CD,2016,59760858717.8359
PA,PAN,Panamá,GDP,NY.GDP.MKTP.CD,2015,55767806073.1781
PA,PAN,Panamá,GDP,NY.GDP.MKTP.CD,2014,51427104881.9655
PA,PAN,Panamá,GDP,NY.GDP.MKTP.CD,2013,46949496479.4008
PA,PAN,Panamá,GDP,NY.GDP.MKTP.CD,2012,41595439720.9767
PA,PAN,Panamá,GDP,NY.GDP.MKTP.CD,2011,35687738251.8135
PA,PAN,Panamá,GDP,NY.GDP.MKTP.CD,2010,30231009532.9507
PA,PAN,Panamá,GDP,NY.GDP.MKTP.CD,2009,27791215547.3487
PA,PAN,Panamá,GDP,NY.GDP.MKTP.CD,2008,25721327955.2772
PA,PAN,Panamá,GDP,NY.GDP.MKTP.CD,2007,21717433808.2684
PA,PAN,Panamá,GDP,NY.GDP.MKTP.CD,2006,18659721513.0123
PA,PAN,Panamá,GDP,NY.GDP.MKTP.CD,2005,16623906739.3121
PA,PAN,Panamá,GDP,NY.GDP.MKTP.CD,2004,15100203361.784
PA,PAN,Panamá,GDP,NY.GDP.MKTP.CD,2003,13603456003.2851
PA,PAN,Panamá,GDP,NY.GDP.MKTP.CD,2002,12800851270.5514
PA,PAN,Panamá,GDP,NY.GDP.MKTP.CD,2001,12252906340.6841
PA,PAN,Panamá,GDP,NY.GDP.MKTP.CD,2000,11966497048.6488
PA,PAN,Panamá,GDP,NY.GDP.MKTP.CD,1999,11660704777.0881
PA,PAN,Panamá,GDP,NY.GDP.MKTP.CD,1998,11019557689.1677
PA,PAN,Panamá,GDP,NY.GDP.MKTP.CD,1997,10058854386.1392
PA,PAN,Panamá,GDP,NY.GDP.MKTP.CD,1996,9197503322.69367
PA,PAN,Panamá,GDP,NY.GDP.MKTP.CD,1995,9573813700.0
PA,PAN,Panamá,GDP,NY.GDP.MKTP.CD,1994,9365289800.0
PA,PAN,Panamá,GDP,NY.GDP.MKTP.CD,1993,8782585400.0
PA,PAN,Panamá,GDP,NY.GDP.MKTP.CD,1992,8042337700.0
PA,PAN,Panamá,GDP,NY.GDP.MKTP.CD,1991,7074675500.0
PA,PAN,Panamá,GDP,NY.GDP.MKTP.CD,1990,6433967000.0
PA,PAN,Panamá,GDP,NY.GDP.MKTP.CD,1989,5918469800.0
PA,PAN,Panamá,GDP,NY.GDP.MKTP.CD,1988,5902783400.0
PA,PAN,Panamá,GDP,NY.GDP.MKTP.CD,1987,6827665300.0
PA,PAN,Panamá,GDP,NY.GDP.MKTP.CD,1986,6797834200.0
PA,PAN,Panamá,GDP,NY.GDP.MKTP.CD,1985,6541517100.0
PA,PAN,Panamá,GDP,NY.GDP.MKTP.CD,1984,6183387100.0
PA,PAN,Panamá,GDP,NY.GDP.MKTP.CD,1983,5923755900.0
PA,PAN,Panamá,GDP,NY.GDP.MKTP.CD,1982,5769767900.0
PA,PAN,Panamá,GDP,NY.GDP.MKTP.CD,1981,5222421500.0
PA,PAN,Panamá,GDP,NY.GDP.MKTP.CD,1980,4614086400.0
PA,PAN,Panamá,GDP,NY.GDP.MKTP.CD,1979,3704551600.0
PA,PAN,Panamá,GDP,NY.GDP.MKTP.CD,1978,3244558600.0
PA,PAN,Panamá,GDP,NY.GDP.MKTP.CD,1977,2738261900.0
PA,PAN,Panamá,GDP,NY.GDP.MKTP.CD,1976,2588106000.0
PA,PAN,Panamá,GDP,NY.GDP.MKTP.CD,1975,2435304100.0
PA,PAN,Panamá,GDP,NY.GDP.MKTP.CD,1974,2188307600.0
PA,PAN,Panamá,GDP,NY.GDP.MKTP.CD,1973,1913793400.0
PA,PAN,Panamá,GDP,NY.GDP.MKTP.CD,1972,1673411700.0
PA,PAN,Panamá,GDP,NY.GDP.MKTP.CD,1971,1523917200.0
PA,PAN,Panamá,GDP,NY.GDP.MKTP.CD,1970,1351006400.0
PA,PAN,Panamá,GDP,NY.GDP.MKTP.CD,1969,1221305700.0
PA,PAN,Panamá,GDP,NY.GDP.MKTP.CD,1968,1112791100.0
PA,PAN,Panamá,GDP,NY.GDP.MKTP.CD,1967,1034376400.0
PA,PAN,Panamá,GDP,NY.GDP.MKTP.CD,1966,928833000.0
PA,PAN,Panamá,GDP,NY.GDP.MKTP.CD,1965,852485300.0
PA,PAN,Panamá,GDP,NY.GDP.MKTP.CD,1964,776137500.0
PA,PAN,Panamá,GDP,NY.GDP.MKTP.CD,1963,722784500.0
PA,PAN,Panamá,GDP,NY.GDP.MKTP.CD,1962,652120900.0
PA,PAN,Panamá,GDP,NY.GDP.MKTP.CD,1961,599026300.0
PA,PAN,Panamá,GDP,NY.GDP.MKTP.CD,1960,537147100.0
PE,PER,Perú,GINI,SI.POV.GINI,2024,40.1
PE,PER,Perú,GINI,SI.POV.GINI,2023,40.7
PE,PER,Perú,GINI,SI.POV.GINI,2022,40.3
PE,PER,Perú,GINI,SI.POV.GINI,2021,40.1
PE,PER,Perú,GINI,SI.POV.GINI,2020,43.7
PE,PER,Perú,GINI,SI.POV.GINI,2019,41.5
PE,PER,Perú,GINI,SI.POV.GINI,2018,42.4
PE,PER,Perú,GINI,SI.POV.GINI,2017,43.3
PE,PER,Perú,GINI,SI.POV.GINI,2016,43.6
PE,PER,Perú,GINI,SI.POV.GINI,2015,43.4
PE,PER,Perú,GINI,SI.POV.GINI,2014,43.1
PE,PER,Perú,GINI,SI.POV.GINI,2013,43.9
PE,PER,Perú,GINI,SI.POV.GINI,2012,44.4
PE,PER,Perú,GINI,SI.POV.GINI,2011,44.7
PE,PER,Perú,GINI,SI.POV.GINI,2010,45.5
PE,PER,Perú,GINI,SI.POV.GINI,2009,47.0
PE,PER,Perú,GINI,SI.POV.GINI,2008,47.5
PE,PER,Perú,GINI,SI.POV.GINI,2007,50.0
PE,PER,Perú,GINI,SI.POV.GINI,2006,50.3
PE,PER,Perú,GINI,SI.POV.GINI,2005,50.4
PE,PER,Perú,GINI,SI.POV.GINI,2004,49.9
PE,PER,Perú,GINI,SI.POV.GINI,2003,53.1
PE,PER,Perú,GINI,SI.POV.GINI,2002,53.6
PE,PER,Perú,GINI,SI.POV.GINI,2001,51.3
PE,PER,Perú,GINI,SI.POV.GINI,2000,49.1
PE,PER,Perú,GINI,SI.POV.GINI,1999,54.8
PE,PER,Perú,GINI,SI.POV.GINI,1998,55.1
PE,PER,Perú,GINI,SI.POV.GINI,1997,53.3
PE,PER,Perú,GINI,SI.POV.GINI,1994,44.0
PE,PER,Perú,GINI,SI.POV.GINI,1985,45.6
PE,PER,Perú,GDP,NY.GDP.MKTP.CD,2024,289221969062.941
PE,PER,Perú,GDP,NY.GDP.MKTP.CD,2023,266958720837.988
PE,PER,Perú,GDP,NY.GDP.MKTP.CD,2022,246065570308.155
PE,PER,Perú,GDP,NY.GDP.MKTP.CD,2021,226328766459.634
PE,PER,Perú,GDP,NY.GDP.MKTP.CD,2020,201409694755.934
PE,PER,Perú,GDP,NY.GDP.MKTP.CD,2019,228346006003.648
PE,PER,Perú,GDP,NY.GDP.MKTP.CD,2018,222597009739.235
PE,PER,Perú,GDP,NY.GDP.MKTP.CD,2017,211007984080.911
PE,PER,Perú,GDP,NY.GDP.MKTP.CD,2016,191898104390.379
PE,PER,Perú,GDP,NY.GDP.MKTP.CD,2015,189802976285.619
PE,PER,Perú,GDP,NY.GDP.MKTP.CD,2014,200786250582.943
PE,PER,Perú,GDP,NY.GDP.MKTP.CD,2013,201175543571.392
PE,PER,Perú,GDP,NY.GDP.MKTP.CD,2012,192650021648.583
PE,PER,Perú,GDP,NY.GDP.MKTP.CD,2011,171761737046.585
PE,PER,Perú,GDP,NY.GDP.MKTP.CD,2010,147527631520.729
PE,PER,Perú,GDP,NY.GDP.MKTP.CD,2009,120822986521.479
PE,PER,Perú,GDP,NY.GDP.MKTP.CD,2008,120550599815.441
PE,PER,Perú,GDP,NY.GDP.MKTP.CD,2007,102170981144.136
PE,PER,Perú,GDP,NY.GDP.MKTP.CD,2006,88643193061.748
PE,PER,Perú,GDP,NY.GDP.MKTP.CD,2005,76060606060.6061
PE,PER,Perú,GDP,NY.GDP.MKTP.CD,2004,66768703497.5687
PE,PER,Perú,GDP,NY.GDP.MKTP.CD,2003,58731030121.8671
PE,PER,Perú,GDP,NY.GDP.MKTP.CD,2002,54777553515.0809
PE,PER,Perú,GDP,NY.GDP.MKTP.CD,2001,52030158775.4055
PE,PER,Perú,GDP,NY.GDP.MKTP.CD,2000,51744749133.213
PE,PER,Perú,GDP,NY.GDP.MKTP.CD,1999,50187324567.883
PE,PER,Perú,GDP,NY.GDP.MKTP.CD,1998,55501467877.381
PE,PER,Perú,GDP,NY.GDP.MKTP.CD,1997,58147522522.5225
PE,PER,Perú,GDP,NY.GDP.MKTP.CD,1996,55252414130.3019
PE,PER,Perú,GDP,NY.GDP.MKTP.CD,1995,53312793687.3836
PE,PER,Perú,GDP,NY.GDP.MKTP.CD,1994,44882079766.8913
PE,PER,Perú,GDP,NY.GDP.MKTP.CD,1993,34832077220.8537
PE,PER,Perú,GDP,NY.GDP.MKTP.CD,1992,35966302303.263
PE,PER,Perú,GDP,NY.GDP.MKTP.CD,1991,34341465998.2003
PE,PER,Perú,GDP,NY.GDP.MKTP.CD,1990,26410386962.8019
PE,PER,Perú,GDP,NY.GDP.MKTP.CD,1989,22499558526.3682
PE,PER,Perú,GDP,NY.GDP.MKTP.CD,1988,15439408447.2
PE,PER,Perú,GDP,NY.GDP.MKTP.CD,1987,36889706592.6843
PE,PER,Perú,GDP,NY.GDP.MKTP.CD,1986,21859448586.485
PE,PER,Perú,GDP,NY.GDP.MKTP.CD,1985,15078736875.387
PE,PER,Perú,GDP,NY.GDP.MKTP.CD,1984,17600400384.5073
PE,PER,Perú,GDP,NY.GDP.MKTP.CD,1983,17345260564.4824
PE,PER,Perú,GDP,NY.GDP.MKTP.CD,1982,21794535621.216
PE,PER,Perú,GDP,NY.GDP.MKTP.CD,1981,21648214892.8828
PE,PER,Perú,GDP,NY.GDP.MKTP.CD,1980,18136838537.725
PE,PER,Perú,GDP,NY.GDP.MKTP.CD,1979,15954012439.1662
PE,PER,Perú,GDP,NY.GDP.MKTP.CD,1978,12491876742.9708
PE,PER,Perú,GDP,NY.GDP.MKTP.CD,1977,14544913960.5062
PE,PER,Perú,GDP,NY.GDP.MKTP.CD,1976,16131958850.6444
PE,PER,Perú,GDP,NY.GDP.MKTP.CD,1975,16931162355.4802
PE,PER,Perú,GDP,NY.GDP.MKTP.CD,1974,13858441211.4692
PE,PER,Perú,GDP,NY.GDP.MKTP.CD,1973,10994381895.1161
PE,PER,Perú,GDP,NY.GDP.MKTP.CD,1972,9189413409.28138
PE,PER,Perú,GDP,NY.GDP.MKTP.CD,1971,8289582883.67673
PE,PER,Perú,GDP,NY.GDP.MKTP.CD,1970,7432223176.93623
PE,PER,Perú,GDP,NY.GDP.MKTP.CD,1969,6420909789.83
PE,PER,Perú,GDP,NY.GDP.MKTP.CD,1968,5736083835.29034
PE,PER,Perú,GDP,NY.GDP.MKTP.CD,1967,6194340079.8786
PE,PER,Perú,GDP,NY.GDP.MKTP.CD,1966,6109048736.61853
PE,PER,Perú,GDP,NY.GDP.MKTP.CD,1965,5163008077.37371
PE,PER,Perú,GDP,NY.GDP.MKTP.CD,1964,4353664866.67985
PE,PER,Perú,GDP,NY.GDP.MKTP.CD,1963,3598272493.3109
PE,PER,Perú,GDP,NY.GDP.MKTP.CD,1962,3284322201.27831
PE,PER,Perú,GDP,NY.GDP.MKTP.CD,1961,2897852693.27494
PE,PER,Perú,GDP,NY.GDP.MKTP.CD,1960,2571986572.12719
PY,PRY,Paraguay,GINI,SI.POV.GINI,2024,44.2
PY,PRY,Paraguay,GINI,SI.POV.GINI,2023,44.2
PY,PRY,Paraguay,GINI,SI.POV.GINI,2022,44.6
PY,PRY,Paraguay,GINI,SI.POV.GINI,2021,42.9
PY,PRY,Paraguay,GINI,SI.POV.GINI,2020,43.5
PY,PRY,Paraguay,GINI,SI.POV.GINI,2019,45.7
PY,PRY,Paraguay,GINI,SI.POV.GINI,2018,46.0
PY,PRY,Paraguay,GINI,SI.POV.GINI,2017,48.5
PY,PRY,Paraguay,GINI,SI.POV.GINI,2016,47.9
PY,PRY,Paraguay,GINI,SI.POV.GINI,2015,47.6
PY,PRY,Paraguay,GINI,SI.POV.GINI,2014,50.7
PY,PRY,Paraguay,GINI,SI.POV.GINI,2013,47.9
PY,PRY,Paraguay,GINI,SI.POV.GINI,2012,47.6
PY,PRY,Paraguay,GINI,SI.POV.GINI,2011,52.3
PY,PRY,Paraguay,GINI,SI.POV.GINI,2010,51.0
PY,PRY,Paraguay,GINI,SI.POV.GINI,2009,49.1
PY,PRY,Paraguay,GINI,SI.POV.GINI,2008,50.7
PY,PRY,Paraguay,GINI,SI.POV.GINI,2007,53.0
PY,PRY,Paraguay,GINI,SI.POV.GINI,2006,53.0
PY,PRY,Paraguay,GINI,SI.POV.GINI,2005,51.4
PY,PRY,Paraguay,GINI,SI.POV.GINI,2004,52.3
PY,PRY,Paraguay,GINI,SI.POV.GINI,2003,54.9
PY,PRY,Paraguay,GINI,SI.POV.GINI,2002,57.3
PY,PRY,Paraguay,GINI,SI.POV.GINI,2001,54.6
PY,PRY,Paraguay,GINI,SI.POV.GINI,1999,54.6
PY,PRY,Paraguay,GINI,SI.POV.GINI,1997,54.9
PY,PRY,Paraguay,GINI,SI.POV.GINI,1995,58.1
PY,PRY,Paraguay,GINI,SI.POV.GINI,1990,40.8
PY,PRY,Paraguay,GDP,NY.GDP.MKTP.CD,2024,44458118397.4445
PY,PRY,Paraguay,GDP,NY.GDP.MKTP.CD,2023,43118053174.5461
PY,PRY,Paraguay,GDP,NY.GDP.MKTP.CD,2022,41952910858.0846
PY,PRY,Paraguay,GDP,NY.GDP.MKTP.CD,2021,39950899938.7474
PY,PRY,Paraguay,GDP,NY.GDP.MKTP.CD,2020,35432178068.1756
PY,PRY,Paraguay,GDP,NY.GDP.MKTP.CD,2019,37925338329.156
PY,PRY,Paraguay,GDP,NY.GDP.MKTP.CD,2018,40225448340.6341
PY,PRY,Paraguay,GDP,NY.GDP.MKTP.CD,2017,38997129473.5613
PY,PRY,Paraguay,GDP,NY.GDP.MKTP.CD,2016,36089700222.9546
PY,PRY,Paraguay,GDP,NY.GDP.MKTP.CD,2015,36211447840.1027
PY,PRY,Paraguay,GDP,NY.GDP.MKTP.CD,2014,40377929295.6522
PY,PRY,Paraguay,GDP,NY.GDP.MKTP.CD,2013,38501122141.4135
PY,PRY,Paraguay,GDP,NY.GDP.MKTP.CD,2012,33271921136.3071
PY,PRY,Paraguay,GDP,NY.GDP.MKTP.CD,2011,33756238766.4931
PY,PRY,Paraguay,GDP,NY.GDP.MKTP.CD,2010,27260886405.2341
PY,PRY,Paraguay,GDP,NY.GDP.MKTP.CD,2009,22355151162.0031
PY,PRY,Paraguay,GDP,NY.GDP.MKTP.CD,2008,24615267663.5385
PY,PRY,Paraguay,GDP,NY.GDP.MKTP.CD,2007,17856393235.4338
PY,PRY,Paraguay,GDP,NY.GDP.MKTP.CD,2006,13429430050.261
PY,PRY,Paraguay,GDP,NY.GDP.MKTP.CD,2005,10737500188.1123
PY,PRY,Paraguay,GDP,NY.GDP.MKTP.CD,2004,9624440836.29309
PY,PRY,Paraguay,GDP,NY.GDP.MKTP.CD,2003,7691367471.17992
PY,PRY,Paraguay,GDP,NY.GDP.MKTP.CD,2002,7196260656.84556
PY,PRY,Paraguay,GDP,NY.GDP.MKTP.CD,2001,8495806432.18467
PY,PRY,Paraguay,GDP,NY.GDP.MKTP.CD,2000,8855705139.55857
PY,PRY,Paraguay,GDP,NY.GDP.MKTP.CD,1999,8837070235.51892
PY,PRY,Paraguay,GDP,NY.GDP.MKTP.CD,1998,9260481572.42462
PY,PRY,Paraguay,GDP,NY.GDP.MKTP.CD,1997,9965225678.05093
PY,PRY,Paraguay,GDP,NY.GDP.MKTP.CD,1996,9788391780.52421
PY,PRY,Paraguay,GDP,NY.GDP.MKTP.CD,1995,9062131475.02318
PY,PRY,Paraguay,GDP,NY.GDP.MKTP.CD,1994,7870982004.8195
PY,PRY,Paraguay,GDP,NY.GDP.MKTP.CD,1993,7249533620.30614
PY,PRY,Paraguay,GDP,NY.GDP.MKTP.CD,1992,7157424031.06045
PY,PRY,Paraguay,GDP,NY.GDP.MKTP.CD,1991,6984367762.90371
PY,PRY,Paraguay,GDP,NY.GDP.MKTP.CD,1990,5812114523.01187
PY,PRY,Paraguay,GDP,NY.GDP.MKTP.CD,1989,4757732199.96213
PY,PRY,Paraguay,GDP,NY.GDP.MKTP.CD,1988,4255683528.33333
PY,PRY,Paraguay,GDP,NY.GDP.MKTP.CD,1987,3971044723.8024
PY,PRY,Paraguay,GDP,NY.GDP.MKTP.CD,1986,3723993942.79088
PY,PRY,Paraguay,GDP,NY.GDP.MKTP.CD,1985,3282449235.76129
PY,PRY,Paraguay,GDP,NY.GDP.MKTP.CD,1984,4502462807.13993
PY,PRY,Paraguay,GDP,NY.GDP.MKTP.CD,1983,5673248726.16438
PY,PRY,Paraguay,GDP,NY.GDP.MKTP.CD,1982,5419411764.70588
PY,PRY,Paraguay,GDP,NY.GDP.MKTP.CD,1981,5624515873.01587
PY,PRY,Paraguay,GDP,NY.GDP.MKTP.CD,1980,4448087301.5873
PY,PRY,Paraguay,GDP,NY.GDP.MKTP.CD,1979,3416777777.77778
PY,PRY,Paraguay,GDP,NY.GDP.MKTP.CD,1978,2559857142.85714
PY,PRY,Paraguay,GDP,NY.GDP.MKTP.CD,1977,2092158730.15873
PY,PRY,Paraguay,GDP,NY.GDP.MKTP.CD,1976,1698960317.46032
PY,PRY,Paraguay,GDP,NY.GDP.MKTP.CD,1975,1511420634.92063
PY,PRY,Paraguay,GDP,NY.GDP.MKTP.CD,1974,1333475396.8254
PY,PRY,Paraguay,GDP,NY.GDP.MKTP.CD,1973,995531746.031746
PY,PRY,Paraguay,GDP,NY.GDP.MKTP.CD,1972,769039682.539683
PY,PRY,Paraguay,GDP,NY.GDP.MKTP.CD,1971,664571428.571429
PY,PRY,Paraguay,GDP,NY.GDP.MKTP.CD,1970,594611111.111111
PY,PRY,Paraguay,GDP,NY.GDP.MKTP.CD,1969,556293650.793651
PY,PRY,Paraguay,GDP,NY.GDP.MKTP.CD,1968,517650793.650794
PY,PRY,Paraguay,GDP,NY.GDP.MKTP.CD,1967,492674603.174603
PY,PRY,Paraguay,GDP,NY.GDP.MKTP.CD,1966,465888888.888889
PY,PRY,Paraguay,GDP,NY.GDP.MKTP.CD,1965,443587301.587302
PY,PRY,Paraguay,GDP,NY.GDP.MKTP.CD,1964,408349206.349206
PY,PRY,Paraguay,GDP,NY.GDP.MKTP.CD,1963,383904761.904762
PY,PRY,Paraguay,GDP,NY.GDP.MKTP.CD,1962,360698412.698413
PY,PRY,Paraguay,GDP,NY.GDP.MKTP.CD,1961,322053713.15873
PY,PRY,Paraguay,GDP,NY.GDP.MKTP.CD,1960,288884368.016934
TT,TTO,Trinidad y Tobago,GINI,SI.POV.GINI,1992,40.2
TT,TTO,Trinidad y Tobago,GINI,SI.POV.GINI,1988,42.6
TT,TTO,Trinidad y Tobago,GDP,NY.GDP.MKTP.CD,2024,25633544529.4849
TT,TTO,Trinidad y Tobago,GDP,NY.GDP.MKTP.CD,2023,25036993423.3664
TT,TTO,Trinidad y Tobago,GDP,NY.GDP.MKTP.CD,2022,28341164301.126
TT,TTO,Trinidad y Tobago,GDP,NY.GDP.MKTP.CD,2021,24222963262.7213
TT,TTO,Trinidad y Tobago,GDP,NY.GDP.MKTP.CD,2020,20888515184.2239
TT,TTO,Trinidad y Tobago,GDP,NY.GDP.MKTP.CD,2019,23477745791.6977
TT,TTO,Trinidad y Tobago,GDP,NY.GDP.MKTP.CD,2018,23883058083.2171
TT,TTO,Trinidad y Tobago,GDP,NY.GDP.MKTP.CD,2017,23830750900.6899
TT,TTO,Trinidad y Tobago,GDP,NY.GDP.MKTP.CD,2016,23624322192.6274
TT,TTO,Trinidad y Tobago,GDP,NY.GDP.MKTP.CD,2015,26841141793.2143
TT,TTO,Trinidad y Tobago,GDP,NY.GDP.MKTP.CD,2014,29474180005.1333
TT,TTO,Trinidad y Tobago,GDP,NY.GDP.MKTP.CD,2013,28560537057.1548
TT,TTO,Trinidad y Tobago,GDP,NY.GDP.MKTP.CD,2012,27147349937.4689
TT,TTO,Trinidad y Tobago,GDP,NY.GDP.MKTP.CD,2011,25433007437.1605
TT,TTO,Trinidad y Tobago,GDP,NY.GDP.MKTP.CD,2010,22157920592.3669
TT,TTO,Trinidad y Tobago,GDP,NY.GDP.MKTP.CD,2009,19172165225.5015
TT,TTO,Trinidad y Tobago,GDP,NY.GDP.MKTP.CD,2008,27871587349.5413
TT,TTO,Trinidad y Tobago,GDP,NY.GDP.MKTP.CD,2007,21641620049.9352
TT,TTO,Trinidad y Tobago,GDP,NY.GDP.MKTP.CD,2006,18369361094.3886
TT,TTO,Trinidad y Tobago,GDP,NY.GDP.MKTP.CD,2005,15982389018.4041
TT,TTO,Trinidad y Tobago,GDP,NY.GDP.MKTP.CD,2004,13280291989.5755
TT,TTO,Trinidad y Tobago,GDP,NY.GDP.MKTP.CD,2003,11305459802.0683
TT,TTO,Trinidad y Tobago,GDP,NY.GDP.MKTP.CD,2002,9008298228.60273
TT,TTO,Trinidad y Tobago,GDP,NY.GDP.MKTP.CD,2001,8824849191.03571
TT,TTO,Trinidad y Tobago,GDP,NY.GDP.MKTP.CD,2000,8154342116.10311
TT,TTO,Trinidad y Tobago,GDP,NY.GDP.MKTP.CD,1999,6808982520.75759
TT,TTO,Trinidad y Tobago,GDP,NY.GDP.MKTP.CD,1998,6043686653.62189
TT,TTO,Trinidad y Tobago,GDP,NY.GDP.MKTP.CD,1997,5737771523.10148
TT,TTO,Trinidad y Tobago,GDP,NY.GDP.MKTP.CD,1996,5759570336.11287
TT,TTO,Trinidad y Tobago,GDP,NY.GDP.MKTP.CD,1995,5329217747.21258
TT,TTO,Trinidad y Tobago,GDP,NY.GDP.MKTP.CD,1994,4947181645.55221
TT,TTO,Trinidad y Tobago,GDP,NY.GDP.MKTP.CD,1993,4669491134.2478
TT,TTO,Trinidad y Tobago,GDP,NY.GDP.MKTP.CD,1992,5439552941.17647
TT,TTO,Trinidad y Tobago,GDP,NY.GDP.MKTP.CD,1991,5307905882.35294
TT,TTO,Trinidad y Tobago,GDP,NY.GDP.MKTP.CD,1990,5068000000.0
TT,TTO,Trinidad y Tobago,GDP,NY.GDP.MKTP.CD,1989,4323058823.52941
TT,TTO,Trinidad y Tobago,GDP,NY.GDP.MKTP.CD,1988,4496910569.10569
TT,TTO,Trinidad y Tobago,GDP,NY.GDP.MKTP.CD,1987,4797777777.77778
TT,TTO,Trinidad y Tobago,GDP,NY.GDP.MKTP.CD,1986,4794444444.44444
TT,TTO,Trinidad y Tobago,GDP,NY.GDP.MKTP.CD,1985,7375918367.34694
TT,TTO,Trinidad y Tobago,GDP,NY.GDP.MKTP.CD,1984,7757083333.33333
TT,TTO,Trinidad y Tobago,GDP,NY.GDP.MKTP.CD,1983,7763750000.0
TT,TTO,Trinidad y Tobago,GDP,NY.GDP.MKTP.CD,1982,8140416666.66667
TT,TTO,Trinidad y Tobago,GDP,NY.GDP.MKTP.CD,1981,6992083333.33333
TT,TTO,Trinidad y Tobago,GDP,NY.GDP.MKTP.CD,1980,6235833333.33333
TT,TTO,Trinidad y Tobago,GDP,NY.GDP.MKTP.CD,1979,4602416625.0
TT,TTO,Trinidad y Tobago,GDP,NY.GDP.MKTP.CD,1978,3562333458.33333
TT,TTO,Trinidad y Tobago,GDP,NY.GDP.MKTP.CD,1977,3138666666.66667
TT,TTO,Trinidad y Tobago,GDP,NY.GDP.MKTP.CD,1976,2500424955.23006
TT,TTO,Trinidad y Tobago,GDP,NY.GDP.MKTP.CD,1975,2442669824.56431
TT,TTO,Trinidad y Tobago,GDP,NY.GDP.MKTP.CD,1974,2042001070.5079
TT,TTO,Trinidad y Tobago,GDP,NY.GDP.MKTP.CD,1973,1308785430.53591
TT,TTO,Trinidad y Tobago,GDP,NY.GDP.MKTP.CD,1972,1083391757.89486
TT,TTO,Trinidad y Tobago,GDP,NY.GDP.MKTP.CD,1971,896765214.626133
TT,TTO,Trinidad y Tobago,GDP,NY.GDP.MKTP.CD,1970,821850000.0
TT,TTO,Trinidad y Tobago,GDP,NY.GDP.MKTP.CD,1969,779200000.0
TT,TTO,Trinidad y Tobago,GDP,NY.GDP.MKTP.CD,1968,758899950.0
TT,TTO,Trinidad y Tobago,GDP,NY.GDP.MKTP.CD,1967,761981912.42271
TT,TTO,Trinidad y Tobago,GDP,NY.GDP.MKTP.CD,1966,723739857.317023
TT,TTO,Trinidad y Tobago,GDP,NY.GDP.MKTP.CD,1965,736573158.567104
TT,TTO,Trinidad y Tobago,GDP,NY.GDP.MKTP.CD,1964,711897520.256199
TT,TTO,Trinidad y Tobago,GDP,NY.GDP.MKTP.CD,1963,678239329.401676
TT,TTO,Trinidad y Tobago,GDP,NY.GDP.MKTP.CD,1962,619322810.026308
TT,TTO,Trinidad y Tobago,GDP,NY.GDP.MKTP.CD,1961,584964620.921781
TT,TTO,Trinidad y Tobago,GDP,NY.GDP.MKTP.CD,1960,535673252.483535
UY,URY,Uruguay,GINI,SI.POV.GINI,2024,40.0
UY,URY,Uruguay,GINI,SI.POV.GINI,2023,40.9
UY,URY,Uruguay,GINI,SI.POV.GINI,2022,40.6
UY,URY,Uruguay,GINI,SI.POV.GINI,2021,40.8
UY,URY,Uruguay,GINI,SI.POV.GINI,2020,40.2
UY,URY,Uruguay,GINI,SI.POV.GINI,2019,39.7
UY,URY,Uruguay,GINI,SI.POV.GINI,2018,39.7
UY,URY,Uruguay,GINI,SI.POV.GINI,2017,39.5
UY,URY,Uruguay,GINI,SI.POV.GINI,2016,39.7
UY,URY,Uruguay,GINI,SI.POV.GINI,2015,40.1
UY,URY,Uruguay,GINI,SI.POV.GINI,2014,40.1
UY,URY,Uruguay,GINI,SI.POV.GINI,2013,40.5
UY,URY,Uruguay,GINI,SI.POV.GINI,2012,39.9
UY,URY,Uruguay,GINI,SI.POV.GINI,2011,42.2
UY,URY,Uruguay,GINI,SI.POV.GINI,2010,44.5
UY,URY,Uruguay,GINI,SI.POV.GINI,2009,45.5
UY,URY,Uruguay,GINI,SI.POV.GINI,2008,45.1
UY,URY,Uruguay,GINI,SI.POV.GINI,2007,46.4
UY,URY,Uruguay,GINI,SI.POV.GINI,2006,45.9
UY,URY,Uruguay,GINI,SI.POV.GINI,2005,44.7
UY,URY,Uruguay,GINI,SI.POV.GINI,2004,45.9
UY,URY,Uruguay,GINI,SI.POV.GINI,2003,45.0
UY,URY,Uruguay,GINI,SI.POV.GINI,2002,45.5
UY,URY,Uruguay,GINI,SI.POV.GINI,2001,45.0
UY,URY,Uruguay,GINI,SI.POV.GINI,2000,43.4
UY,URY,Uruguay,GINI,SI.POV.GINI,1998,42.5
UY,URY,Uruguay,GINI,SI.POV.GINI,1997,41.5
UY,URY,Uruguay,GINI,SI.POV.GINI,1996,40.8
UY,URY,Uruguay,GINI,SI.POV.GINI,1995,40.9
UY,URY,Uruguay,GINI,SI.POV.GINI,1992,41.5
UY,URY,Uruguay,GINI,SI.POV.GINI,1989,42.4
UY,URY,Uruguay,GINI,SI.POV.GINI,1981,43.6
UY,URY,Uruguay,GDP,NY.GDP.MKTP.CD,2024,80961511073.5797
UY,URY,Uruguay,GDP,NY.GDP.MKTP.CD,2023,77991666837.7382
UY,URY,Uruguay,GDP,NY.GDP.MKTP.CD,2022,70594110920.0358
UY,URY,Uruguay,GDP,NY.GDP.MKTP.CD,2021,60739084240.8633
UY,URY,Uruguay,GDP,NY.GDP.MKTP.CD,2020,53559359261.826
UY,URY,Uruguay,GDP,NY.GDP.MKTP.CD,2019,62222313618.8454
UY,URY,Uruguay,GDP,NY.GDP.MKTP.CD,2018,65344577415.7535
UY,URY,Uruguay,GDP,NY.GDP.MKTP.CD,2017,65005997963.4822
UY,URY,Uruguay,GDP,NY.GDP.MKTP.CD,2016,57480787465.2716
UY,URY,Uruguay,GDP,NY.GDP.MKTP.CD,2015,57680327998.6689
UY,URY,Uruguay,GDP,NY.GDP.MKTP.CD,2014,61496186973.902
UY,URY,Uruguay,GDP,NY.GDP.MKTP.CD,2013,61337621933.7857
UY,URY,Uruguay,GDP,NY.GDP.MKTP.CD,2012,54232266358.7811
UY,URY,Uruguay,GDP,NY.GDP.MKTP.CD,2011,50342406067.0777
UY,URY,Uruguay,GDP,NY.GDP.MKTP.CD,2010,41950361211.9581
UY,URY,Uruguay,GDP,NY.GDP.MKTP.CD,2009,32708319077.5179
UY,URY,Uruguay,GDP,NY.GDP.MKTP.CD,2008,31119602538.8322
UY,URY,Uruguay,GDP,NY.GDP.MKTP.CD,2007,23797773024.3992
UY,URY,Uruguay,GDP,NY.GDP.MKTP.CD,2006,19741420739.8901
UY,URY,Uruguay,GDP,NY.GDP.MKTP.CD,2005,17362857683.8545
UY,URY,Uruguay,GDP,NY.GDP.MKTP.CD,2004,13686329890.1191
UY,URY,Uruguay,GDP,NY.GDP.MKTP.CD,2003,12045638351.8507
UY,URY,Uruguay,GDP,NY.GDP.MKTP.CD,2002,13606515722.5864
UY,URY,Uruguay,GDP,NY.GDP.MKTP.CD,2001,20898761742.2386
UY,URY,Uruguay,GDP,NY.GDP.MKTP.CD,2000,22823270892.1094
UY,URY,Uruguay,GDP,NY.GDP.MKTP.CD,1999,23983945190.6202
UY,URY,Uruguay,GDP,NY.GDP.MKTP.CD,1998,25385886977.5228
UY,URY,Uruguay,GDP,NY.GDP.MKTP.CD,1997,23969739233.8966
UY,URY,Uruguay,GDP,NY.GDP.MKTP.CD,1996,20515458113.5857
UY,URY,Uruguay,GDP,NY.GDP.MKTP.CD,1995,19297663096.5506
UY,URY,Uruguay,GDP,NY.GDP.MKTP.CD,1994,17474588895.8918
UY,URY,Uruguay,GDP,NY.GDP.MKTP.CD,1993,15002136971.1745
UY,URY,Uruguay,GDP,NY.GDP.MKTP.CD,1992,12878148790.7348
UY,URY,Uruguay,GDP,NY.GDP.MKTP.CD,1991,11206176650.9075
UY,URY,Uruguay,GDP,NY.GDP.MKTP.CD,1990,9298807850.29979
UY,URY,Uruguay,GDP,NY.GDP.MKTP.CD,1989,8438951476.06644
UY,URY,Uruguay,GDP,NY.GDP.MKTP.CD,1988,8213538368.84635
UY,URY,Uruguay,GDP,NY.GDP.MKTP.CD,1987,7367494080.40014
UY,URY,Uruguay,GDP,NY.GDP.MKTP.CD,1986,5880112788.40947
UY,URY,Uruguay,GDP,NY.GDP.MKTP.CD,1985,4732017873.38369
UY,URY,Uruguay,GDP,NY.GDP.MKTP.CD,1984,4850238549.61832
UY,URY,Uruguay,GDP,NY.GDP.MKTP.CD,1983,5102276308.45313
UY,URY,Uruguay,GDP,NY.GDP.MKTP.CD,1982,9178780076.99713
UY,URY,Uruguay,GDP,NY.GDP.MKTP.CD,1981,11048301420.6301
UY,URY,Uruguay,GDP,NY.GDP.MKTP.CD,1980,10163020115.7344
UY,URY,Uruguay,GDP,NY.GDP.MKTP.CD,1979,7181182224.11227
UY,URY,Uruguay,GDP,NY.GDP.MKTP.CD,1978,4910254565.57831
UY,URY,Uruguay,GDP,NY.GDP.MKTP.CD,1977,4114670014.3472
UY,URY,Uruguay,GDP,NY.GDP.MKTP.CD,1976,3667161241.48372
UY,URY,Uruguay,GDP,NY.GDP.MKTP.CD,1975,3538278046.96236
UY,URY,Uruguay,GDP,NY.GDP.MKTP.CD,1974,4090209681.97172
UY,URY,Uruguay,GDP,NY.GDP.MKTP.CD,1973,3964296443.35254
UY,URY,Uruguay,GDP,NY.GDP.MKTP.CD,1972,2189418688.80408
UY,URY,Uruguay,GDP,NY.GDP.MKTP.CD,1971,2807258064.51613
UY,URY,Uruguay,GDP,NY.GDP.MKTP.CD,1970,2137096774.19355
UY,URY,Uruguay,GDP,NY.GDP.MKTP.CD,1969,2004435483.87097
UY,URY,Uruguay,GDP,NY.GDP.MKTP.CD,1968,1593674184.56285
UY,URY,Uruguay,GDP,NY.GDP.MKTP.CD,1967,1597713469.09611
UY,URY,Uruguay,GDP,NY.GDP.MKTP.CD,1966,1809185093.55188
UY,URY,Uruguay,GDP,NY.GDP.MKTP.CD,1965,1890767155.52622
UY,URY,Uruguay,GDP,NY.GDP.MKTP.CD,1964,1975701816.46615
UY,URY,Uruguay,GDP,NY.GDP.MKTP.CD,1963,1539681490.78174
UY,URY,Uruguay,GDP,NY.GDP.MKTP.CD,1962,1710004407.22785
UY,URY,Uruguay,GDP,NY.GDP.MKTP.CD,1961,1547388781.43133
UY,URY,Uruguay,GDP,NY.GDP.MKTP.CD,1960,1242289239.20493
VE,VEN,Venezuela,GINI,SI.POV.GINI,2006,44.7
VE,VEN,Venezuela,GINI,SI.POV.GINI,2005,49.3
VE,VEN,Venezuela,GINI,SI.POV.GINI,2004,47.3
VE,VEN,Venezuela,GINI,SI.POV.GINI,2003,47.9
VE,VEN,Venezuela,GINI,SI.POV.GINI,2002,48.9
VE,VEN,Venezuela,GINI,SI.POV.GINI,2001,47.2
VE,VEN,Venezuela,GINI,SI.POV.GINI,1999,47.7
VE,VEN,Venezuela,GINI,SI.POV.GINI,1998,48.0
VE,VEN,Venezuela,GINI,SI.POV.GINI,1995,47.2
VE,VEN,Venezuela,GINI,SI.POV.GINI,1992,42.1
VE,VEN,Venezuela,GINI,SI.POV.GINI,1989,43.8
VE,VEN,Venezuela,GINI,SI.POV.GINI,1987,53.4
VE,VEN,Venezuela,GINI,SI.POV.GINI,1981,55.6
VE,VEN,Venezuela,GDP,NY.GDP.MKTP.CD,2024,119802963257.783
VE,VEN,Venezuela,GDP,NY.GDP.MKTP.CD,2023,102376526555.948
VE,VEN,Venezuela,GDP,NY.GDP.MKTP.CD,2022,89013255584.7499
VE,VEN,Venezuela,GDP,NY.GDP.MKTP.CD,2021,56614976854.5499
VE,VEN,Venezuela,GDP,NY.GDP.MKTP.CD,2020,42838020721.1995
VE,VEN,Venezuela,GDP,NY.GDP.MKTP.CD,2019,73014084091.3
VE,VEN,Venezuela,GDP,NY.GDP.MKTP.CD,2018,102021093964.682
VE,VEN,Venezuela,GDP,NY.GDP.MKTP.CD,2017,115883275162.586
VE,VEN,Venezuela,GDP,NY.GDP.MKTP.CD,2016,112915034262.314
VE,VEN,Venezuela,GDP,NY.GDP.MKTP.CD,2015,125449241571.391
VE,VEN,Venezuela,GDP,NY.GDP.MKTP.CD,2014,214689614732.719
VE,VEN,Venezuela,GDP,NY.GDP.MKTP.CD,2013,258930655486.37
VE,VEN,Venezuela,GDP,NY.GDP.MKTP.CD,2012,372592062768.06
VE,VEN,Venezuela,GDP,NY.GDP.MKTP.CD,2011,316482190800.364
VE,VEN,Venezuela,GDP,NY.GDP.MKTP.CD,2010,393192354510.653
VE,VEN,Venezuela,GDP,NY.GDP.MKTP.CD,2009,329787628928.472
VE,VEN,Venezuela,GDP,NY.GDP.MKTP.CD,2008,315953388510.678
VE,VEN,Venezuela,GDP,NY.GDP.MKTP.CD,2007,230364012575.687
VE,VEN,Venezuela,GDP,NY.GDP.MKTP.CD,2006,183477522123.894
VE,VEN,Venezuela,GDP,NY.GDP.MKTP.CD,2005,145513489651.872
VE,VEN,Venezuela,GDP,NY.GDP.MKTP.CD,2004,112451400424.964
VE,VEN,Venezuela,GDP,NY.GDP.MKTP.CD,2003,83620628582.1082
VE,VEN,Venezuela,GDP,NY.GDP.MKTP.CD,2002,92893587733.6549
VE,VEN,Venezuela,GDP,NY.GDP.MKTP.CD,2001,122911036746.729
VE,VEN,Venezuela,GDP,NY.GDP.MKTP.CD,2000,117146466002.661
VE,VEN,Venezuela,GDP,NY.GDP.MKTP.CD,1999,97972842461.5131
VE,VEN,Venezuela,GDP,NY.GDP.MKTP.CD,1998,91336763255.0597
VE,VEN,Venezuela,GDP,NY.GDP.MKTP.CD,1997,85837678559.8324
VE,VEN,Venezuela,GDP,NY.GDP.MKTP.CD,1996,70543211119.099
VE,VEN,Venezuela,GDP,NY.GDP.MKTP.CD,1995,77389487770.0883
VE,VEN,Venezuela,GDP,NY.GDP.MKTP.CD,1994,58418666666.6667
VE,VEN,Venezuela,GDP,NY.GDP.MKTP.CD,1993,60037460783.1941
VE,VEN,Venezuela,GDP,NY.GDP.MKTP.CD,1992,60416519620.0849
VE,VEN,Venezuela,GDP,NY.GDP.MKTP.CD,1991,53453444786.6256
VE,VEN,Venezuela,GDP,NY.GDP.MKTP.CD,1990,48606952194.7752
VE,VEN,Venezuela,GDP,NY.GDP.MKTP.CD,1989,43536709104.0115
VE,VEN,Venezuela,GDP,NY.GDP.MKTP.CD,1988,60226413793.1035
VE,VEN,Venezuela,GDP,NY.GDP.MKTP.CD,1987,48029034482.7586
VE,VEN,Venezuela,GDP,NY.GDP.MKTP.CD,1986,60516123711.3402
VE,VEN,Venezuela,GDP,NY.GDP.MKTP.CD,1985,61965466666.6667
VE,VEN,Venezuela,GDP,NY.GDP.MKTP.CD,1984,59867743467.9335
VE,VEN,Venezuela,GDP,NY.GDP.MKTP.CD,1983,67556279069.7674
VE,VEN,Venezuela,GDP,NY.GDP.MKTP.CD,1982,67736744186.0465
VE,VEN,Venezuela,GDP,NY.GDP.MKTP.CD,1981,66327441860.4651
VE,VEN,Venezuela,GDP,NY.GDP.MKTP.CD,1980,59116511627.907
VE,VEN,Venezuela,GDP,NY.GDP.MKTP.CD,1979,48310930232.5581
VE,VEN,Venezuela,GDP,NY.GDP.MKTP.CD,1978,39316279069.7674
VE,VEN,Venezuela,GDP,NY.GDP.MKTP.CD,1977,36210697674.4186
VE,VEN,Venezuela,GDP,NY.GDP.MKTP.CD,1976,31419534883.7209
VE,VEN,Venezuela,GDP,NY.GDP.MKTP.CD,1975,27464651162.7907
VE,VEN,Venezuela,GDP,NY.GDP.MKTP.CD,1974,26100930232.5581
VE,VEN,Venezuela,GDP,NY.GDP.MKTP.CD,1973,17035581395.3488
VE,VEN,Venezuela,GDP,NY.GDP.MKTP.CD,1972,13977727272.7273
VE,VEN,Venezuela,GDP,NY.GDP.MKTP.CD,1971,12986590909.0909
VE,VEN,Venezuela,GDP,NY.GDP.MKTP.CD,1970,11561111111.1111
VE,VEN,Venezuela,GDP,NY.GDP.MKTP.CD,1969,10285111111.1111
VE,VEN,Venezuela,GDP,NY.GDP.MKTP.CD,1968,10034444444.4444
VE,VEN,Venezuela,GDP,NY.GDP.MKTP.CD,1967,9250000000.0
VE,VEN,Venezuela,GDP,NY.GDP.MKTP.CD,1966,8781333333.33333
VE,VEN,Venezuela,GDP,NY.GDP.MKTP.CD,1965,8427777777.77778
VE,VEN,Venezuela,GDP,NY.GDP.MKTP.CD,1964,8192413793.10345
VE,VEN,Venezuela,GDP,NY.GDP.MKTP.CD,1963,9608717288.17057
VE,VEN,Venezuela,GDP,NY.GDP.MKTP.CD,1962,8814309884.21165
VE,VEN,Venezuela,GDP,NY.GDP.MKTP.CD,1961,8067267030.61862
VE,VEN,Venezuela,GDP,NY.GDP.MKTP.CD,1960,7663938303.07171
