Content,Date,Language,Location,Number of Likes,Number of Retweets,In Reply To,Author Name,Author Description,Author Statuses Count,Author Favourites Count,Author Friends Count,Author Followers Count,Author Listed Count,Author Verified,Longitude,Latitude,Author
RT @Chatran: Construyeron su modelo de negocios diversificado entendiendo las necesidades e intereses de los lectores y ofreciendo contenid…,2022-08-25 15:07:34,es,,0.0,3.0,,Food For Afrika,"African farmers and agripreneurs, rise up. https://t.co/xYNEoKKtvy is a continent-wide agriculture publication celebrating sustainable agriculture.",882.0,10.0,27.0,245.0,0.0,False,,,@FoodForAfrika
Comienza la charla de @ezraeeman en #MediaParty. Hilo sobre puntos destacados https://t.co/nIYACbDBX4,2022-08-25 15:07:11,es,,0.0,0.0,,Hernando,Consultor en Comunicación #Fsoc MKT Digital+ Innovación + Transmedia. Dirigí #Netlabels https://t.co/sCI7R1l302. Profe @ubasociales. 👉 @racingclub,12199.0,14088.0,4002.0,1476.0,63.0,False,,,@hernandogs
RT @xhgMattia: Love this slide from @clockwerks at #MediaParty. “Let’s keep the internet weird!” 👏👏👏 https://t.co/sZBC6YABcW,2022-08-25 15:06:52,en,,0.0,5.0,,Natalia Louzau,"👩🏻‍💻 periodismo, datos e innovación en @lndata @LANACION",5963.0,2501.0,1163.0,569.0,6.0,False,,,@natilouz
RT @xhgMattia: From the #MediaParty backstage: @ezraeeman sharing how Mediahuis uses @dmitryshishkin user needs model (👋) to identify an ar…,2022-08-25 15:06:50,en,,0.0,1.0,,HacksHackersBA,La conferencia que revoluciona el futuro de los medios #HHBA #MediaParty · Rebooting journalism · Journalism and technology / Periodismo y tecnología,8933.0,3516.0,3357.0,10016.0,312.0,False,,,@HacksHackersBA
From the #MediaParty backstage: @ezraeeman sharing how Mediahuis uses @dmitryshishkin user needs model (👋) to identify an article’s DNA. https://t.co/hX0qsXp6uv,2022-08-25 15:06:04,en,,0.0,1.0,,Mattia Peretti,"Managing #JournalismAI at @PolisLSE. Systems thinker. Interested in design, leadership and social change. Lucky guy.",10854.0,16514.0,3353.0,3507.0,166.0,False,,,@xhgMattia
RT @xhgMattia: Love this slide from @clockwerks at #MediaParty. “Let’s keep the internet weird!” 👏👏👏 https://t.co/sZBC6YABcW,2022-08-25 15:05:54,en,,0.0,5.0,,Florencia Rodríguez Altube,"Periodismo de datos e innovación en @LNData @LANACION 🗞📊|  Docente en @UCAPeriodismo y @EscuelaETER 📚
✉ fraltube@lanacion.com.ar",2790.0,5020.0,1399.0,1604.0,10.0,True,,,@FlorRAltube
"RT @HacksHackersBA: Pasamos a “Comida para Mzansi, Historia Sudafricana” por @ivorprice, editor y cofundador de @foodformzansi, @healthform…",2022-08-25 15:04:56,es,,0.0,4.0,,Andre van Niekerk,"South African 🇿🇦 |
Living in Korea🇰🇷 |
CEO of LIP ZA (Pty) Ltd - @HUMMINGBIRD_ZA distributor |
IG: @andre_vanniek",754.0,242.0,380.0,238.0,1.0,False,,,@AndreVanNiek
RT @diemelamed: Sensacional la experiencia de @ivorprice contando su publicación sobre el mundo del campo en Sudáfrica #MediaParty En Argen…,2022-08-25 15:04:53,es,,0.0,2.0,,Andre van Niekerk,"South African 🇿🇦 |
Living in Korea🇰🇷 |
CEO of LIP ZA (Pty) Ltd - @HUMMINGBIRD_ZA distributor |
IG: @andre_vanniek",754.0,242.0,380.0,238.0,1.0,False,,,@AndreVanNiek
@HacksHackersBA @ivorprice @foodformzansi @healthformzansi @FoodForAfrika 📽️ #MediaParty https://t.co/frUK3a2HUF,2022-08-25 15:04:52,und,,3.0,0.0,@HacksHackersBA,Edison BUrbano 🇨🇴🇦🇷🌎🌍🌏,"*Soy Comunicador, Community Manager, Digital Activist, Redes Sociales, DDHH, Radialista apasionado.  
Humanista, mamerto, izquierda*  [OPINIONES PERSONALES]",127835.0,187316.0,3827.0,4420.0,59.0,False,,,@edisonburbanoOK
FORROS GRATISSS EN LA #MediaParty!!! https://t.co/YHvELYYCnr,2022-08-25 15:04:51,es,,2.0,0.0,,Imanol Subiela Salvo,Brindo servicios para la clase media.,10643.0,17443.0,879.0,2843.0,10.0,True,,,@malasenial
"RT @HacksHackersBA: Vamos llegando al final con “5 lentes para la transformación en los medios”, por @ezraeeman, Change Director en @Mediah…",2022-08-25 15:04:37,es,,0.0,2.0,,Edison BUrbano 🇨🇴🇦🇷🌎🌍🌏,"*Soy Comunicador, Community Manager, Digital Activist, Redes Sociales, DDHH, Radialista apasionado.  
Humanista, mamerto, izquierda*  [OPINIONES PERSONALES]",127835.0,187316.0,3827.0,4420.0,59.0,False,,,@edisonburbanoOK
"RT @HacksHackersBA: Pasamos a “Comida para Mzansi, Historia Sudafricana” por @ivorprice, editor y cofundador de @foodformzansi, @healthform…",2022-08-25 15:04:17,es,,0.0,4.0,,Food For Afrika,"African farmers and agripreneurs, rise up. https://t.co/xYNEoKKtvy is a continent-wide agriculture publication celebrating sustainable agriculture.",882.0,10.0,27.0,245.0,0.0,False,,,@FoodForAfrika
"RT @HacksHackersBA: Vamos llegando al final con “5 lentes para la transformación en los medios”, por @ezraeeman, Change Director en @Mediah…",2022-08-25 15:03:44,es,,0.0,2.0,,Román Evangelista,"Basketball isn't a game; It's an art form.

Comunicación Social - UBA",4092.0,18011.0,179.0,182.0,0.0,False,,,@RomanEvangelist
"Vamos llegando al final con “5 lentes para la transformación en los medios”, por @ezraeeman, Change Director en @MediahuisIRL.

#Keynote🚀 #MediaParty🎉 https://t.co/0iGG1KbSEW",2022-08-25 15:03:11,es,,6.0,2.0,,HacksHackersBA,La conferencia que revoluciona el futuro de los medios #HHBA #MediaParty · Rebooting journalism · Journalism and technology / Periodismo y tecnología,8933.0,3516.0,3357.0,10016.0,312.0,False,,,@HacksHackersBA
RT @diemelamed: Sensacional la experiencia de @ivorprice contando su publicación sobre el mundo del campo en Sudáfrica #MediaParty En Argen…,2022-08-25 15:01:09,es,,0.0,2.0,,Ivor Price,"🗣 Editor-in-chief & co-founder: @foodformzansi, @healthformzansi and @foodforafrika 📚 Author 🍼 Single dad 🌎 Traveler 🪴 ivor@foodformzansi.co.za",29893.0,17270.0,3078.0,11361.0,103.0,True,,,@ivorprice
"#MediaParty X  @ezraeeman plantea cinco lentes para la transformación de los medios. La primera es moverse a través de distintas escalas, zoom in zoom out https://t.co/awAbQJZZoZ",2022-08-25 15:00:59,es,,0.0,0.0,@marbasch,marcela basch,Soy de la generación que creció sin internet y un día se la regalaron. Hago el newsletter experimental #diezpalabras. May you live interesting times #casipoesía,85928.0,92050.0,2266.0,4657.0,82.0,False,,,@marbasch
"RT @HacksHackersBA: Pasamos a “Comida para Mzansi, Historia Sudafricana” por @ivorprice, editor y cofundador de @foodformzansi, @healthform…",2022-08-25 15:00:47,es,,0.0,4.0,,Ivor Price,"🗣 Editor-in-chief & co-founder: @foodformzansi, @healthformzansi and @foodforafrika 📚 Author 🍼 Single dad 🌎 Traveler 🪴 ivor@foodformzansi.co.za",29893.0,17270.0,3078.0,11361.0,103.0,True,,,@ivorprice
Ya en la #MediaParty https://t.co/0irKOIS0tD,2022-08-25 15:00:45,es,,3.0,0.0,,copelmayer.eth,Salvo el mundo en @broliuy. Consultor digital/compol en @hablaciudadana. Comercial de @lemonde_uy. Escribo de crypto/econ en @ladiaria. Coordino @futuriadao.,9937.0,6709.0,2786.0,1704.0,9.0,False,,,@PCopelmayer
"RT @edisonburbanoOK: Ahora en  #Keynote🚀 #MediaParty🎉 
La charla de  @ivorprice, editor y cofundador de @foodformzansi, @healthformzansi y…",2022-08-25 15:00:09,es,,0.0,2.0,,Bilal Randeree,"Media Development Investment Fund (@mdiforg) and South Africa Media Innovation Program (@SAMIP_MDIF), @CreativeCommons Board",38066.0,12098.0,2141.0,13007.0,553.0,True,,,@bilalr
RT @carlanudel: Genial @Zielina sobre como la cultura de producto ayuda a generar cambios en medios (y lo difícil que es cuando choca con l…,2022-08-25 15:00:06,es,,0.0,3.0,,Genosha,"We provide creativity to open minded clients in a friendly environment, inspiring them to feel creative and strategic.",431.0,320.0,167.0,558.0,1.0,False,,,@genoshans
RT @pilhofer: Blown away by @ivorprice and his team’s work. He’s talking at #MediaParty about their multichannel strategy for Food for Mzan…,2022-08-25 14:59:58,en,,0.0,3.0,,Ivor Price,"🗣 Editor-in-chief & co-founder: @foodformzansi, @healthformzansi and @foodforafrika 📚 Author 🍼 Single dad 🌎 Traveler 🪴 ivor@foodformzansi.co.za",29893.0,17270.0,3078.0,11361.0,103.0,True,,,@ivorprice
RT @pilhofer: Blown away by @ivorprice and his team’s work. He’s talking at #MediaParty about their multichannel strategy for Food for Mzan…,2022-08-25 14:59:31,en,,0.0,3.0,,Bilal Randeree,"Media Development Investment Fund (@mdiforg) and South Africa Media Innovation Program (@SAMIP_MDIF), @CreativeCommons Board",38066.0,12098.0,2141.0,13007.0,553.0,True,,,@bilalr
"RT @edisonburbanoOK: Ahora en  #Keynote🚀 #MediaParty🎉 
La charla de  @ivorprice, editor y cofundador de @foodformzansi, @healthformzansi y…",2022-08-25 14:59:15,es,,0.0,2.0,,Ivor Price,"🗣 Editor-in-chief & co-founder: @foodformzansi, @healthformzansi and @foodforafrika 📚 Author 🍼 Single dad 🌎 Traveler 🪴 ivor@foodformzansi.co.za",29893.0,17270.0,3078.0,11361.0,103.0,True,,,@ivorprice
RT @Chatran: Construyeron su modelo de negocios diversificado entendiendo las necesidades e intereses de los lectores y ofreciendo contenid…,2022-08-25 14:59:12,es,,0.0,3.0,,Bilal Randeree,"Media Development Investment Fund (@mdiforg) and South Africa Media Innovation Program (@SAMIP_MDIF), @CreativeCommons Board",38066.0,12098.0,2141.0,13007.0,553.0,True,,,@bilalr
RT @Chatran: Construyeron su modelo de negocios diversificado entendiendo las necesidades e intereses de los lectores y ofreciendo contenid…,2022-08-25 14:58:30,es,,0.0,3.0,,Ivor Price,"🗣 Editor-in-chief & co-founder: @foodformzansi, @healthformzansi and @foodforafrika 📚 Author 🍼 Single dad 🌎 Traveler 🪴 ivor@foodformzansi.co.za",29893.0,17270.0,3078.0,11361.0,103.0,True,,,@ivorprice
"El equipo de SembraMedia presente en la #MediaParty aquí en el @CCKonex junto a India Molina, directora de la carrera de periodismo de @EscuelaETER. 🎉

¿Te unís a nosotros esta tarde? Arrancamos nuestro espacio a las 16:30 hs. ✨️ https://t.co/70uiqRXbxh",2022-08-25 14:57:20,es,,6.0,0.0,,SembraMedia,Somos una organización sin fines de lucro que ayuda a medios independientes digitales de Iberoamérica a encontrar y desarrollar modelos de negocio sustentables,15585.0,7166.0,1224.0,12092.0,293.0,False,,,@sembramedia
"Vengan al @CCKonex 🇦🇷 en la #MediaParty #PeriodismoDigital
#Tecnologia #MediaNews  @HacksHackersBA hasta el sábado.
¡No te lo puedes perder!! https://t.co/XjNmqdxImr",2022-08-25 14:57:09,es,,0.0,0.0,,Edison BUrbano 🇨🇴🇦🇷🌎🌍🌏,"*Soy Comunicador, Community Manager, Digital Activist, Redes Sociales, DDHH, Radialista apasionado.  
Humanista, mamerto, izquierda*  [OPINIONES PERSONALES]",127835.0,187316.0,3827.0,4420.0,59.0,False,,,@edisonburbanoOK
"#MediaParty X @ezraeeman de @MediahuisIRL dice que al mirar de cerca se baja la velocidad, o bien que hay que bajar la velocidad para mirar mejor https://t.co/TnRhoFgdY2",2022-08-25 14:57:00,es,,0.0,0.0,@marbasch,marcela basch,Soy de la generación que creció sin internet y un día se la regalaron. Hago el newsletter experimental #diezpalabras. May you live interesting times #casipoesía,85928.0,92050.0,2266.0,4657.0,82.0,False,,,@marbasch
Construyeron su modelo de negocios diversificado entendiendo las necesidades e intereses de los lectores y ofreciendo contenido de valor. La tiene clarísima y lo contó paso a paso @ivorprice 🙌🏽 #MediaParty https://t.co/3pP9TZH1ta,2022-08-25 14:55:22,es,,3.0,3.0,,Cecilia Bazán,🦄 Periodista y capacitadora | PM #FOPEALAB @FOPEA | '22 Spring cohort #EJCP @NewmarkJPlus | Antes en @lavozcomar,18069.0,11026.0,2312.0,3563.0,123.0,True,,,@Chatran
Visita los #mejores #TikTok https://t.co/Z8dbXZwYlU ##MediaParty ##AntesQueNadie #Lothar ##MaratonComPol,2022-08-25 14:54:19,es,,0.0,0.0,,liveTrends_,,26144.0,0.0,0.0,7.0,0.0,False,,,@liveTrends_
Recién llegando a la #Mediaparty en ⁦@CCKonex⁩ en Buenos Aires ⁦⁦@poplabmx⁩ presente. https://t.co/eXlDcmvLVy,2022-08-25 14:54:02,es,,5.0,0.0,,Arnoldo Cuéllar,"Periodista, analista político. 
https://t.co/Eqq0q9uWK9",52212.0,3891.0,5368.0,19472.0,204.0,True,,,@arnoldocuellaro
"Presentamos en la #MediaParty el reproductor avanzado de La Izquierda Diario para poder escuchar las notas. Lo último de la tecnología para las mayorías trabajadoras. Probalo ! 
https://t.co/aiNrKIb84d https://t.co/NlqLgEcEjC",2022-08-25 14:51:25,es,,1.0,0.0,,Leonardo Vazquez,"Informático y militante, parte del equipo de desarrollo de La Izquierda Diario (y cuando puedo escribo algo sobre tecnología).",3252.0,3001.0,704.0,599.0,9.0,False,,,@Leo_Vazquez2000
"¡Ya estamos! Venite a la #MediaParty 
P l a n a z o en este día soleado. Un privilegio representar a @selfinvestigate A la tarde voy a contar por qué es urgente cambiar nuestros hábitos de trabajo para construir una industria periodística más saludable 🌱 https://t.co/HDNsu5lg1y",2022-08-25 14:51:19,es,,1.0,0.0,,Lu Cristallo 🏳️‍🌈,Activista LGBTTIQ+ | Fundé @futufeminista | Work en @selfinvestigate | Project manager is my passion | Personal tweets ✨,4371.0,18105.0,3120.0,506.0,8.0,False,,,@LuliCristallo
Visita los #mejores #TikTok https://t.co/hW9uem9qkA #Gravísimo ##nadiedicenada #Nisman ##MediaParty,2022-08-25 14:51:10,es,,0.0,0.0,,liveTrends_,,26144.0,0.0,0.0,7.0,0.0,False,,,@liveTrends_
"Ahora en  #Keynote🚀 #MediaParty🎉 
La charla de  @ivorprice, editor y cofundador de @foodformzansi, @healthformzansi y @FoodForAfrika.
 “Comida para Mzansi, Historia Sudafricana” https://t.co/6LRI49ljPH",2022-08-25 14:48:41,es,,4.0,2.0,,Edison BUrbano 🇨🇴🇦🇷🌎🌍🌏,"*Soy Comunicador, Community Manager, Digital Activist, Redes Sociales, DDHH, Radialista apasionado.  
Humanista, mamerto, izquierda*  [OPINIONES PERSONALES]",127835.0,187316.0,3827.0,4420.0,59.0,False,,,@edisonburbanoOK
"¡Increíbles charlas para arrancar el primer día de la #MediaParty!🎉

Thank you @clockwerks and @Zielina for your presentations!!👏🏻👏🏻 https://t.co/ptO5HV6YQu",2022-08-25 14:48:12,es,,0.0,0.0,,sociopúblico,"Ideas complejas, comunicación simple",2387.0,1374.0,1285.0,1665.0,32.0,False,,,@sociopublico
RT @pilhofer: Blown away by @ivorprice and his team’s work. He’s talking at #MediaParty about their multichannel strategy for Food for Mzan…,2022-08-25 14:47:04,en,,0.0,3.0,,Cecilia Bazán,🦄 Periodista y capacitadora | PM #FOPEALAB @FOPEA | '22 Spring cohort #EJCP @NewmarkJPlus | Antes en @lavozcomar,18069.0,11026.0,2312.0,3563.0,123.0,True,,,@Chatran
"RT @elitetruong: First time at #MediaParty, representing @AmPress and @newsproduct! Come say hi in person or over DM. Threading takeaways t…",2022-08-25 14:46:59,en,,0.0,4.0,,Emma Carew Grovum,"Sometimes I break things. Sometimes I make things. | founder, baker, artist, journalist, panda | Married to @jgrovum | she/her (illo by @sisiwei) | NO FREE WORK",42975.0,12195.0,2683.0,8863.0,380.0,True,,,@emmacarew
How do you say FOMO in Spanish? #MediaParty https://t.co/df9b0Af4Hj,2022-08-25 14:46:56,en,,0.0,0.0,,Thomas Seymat,"Digital journalism, strategy & innovation @euronews. 
Prof @ScPoLyon @cfjparis. 
Advisory board @youthpress & @MundusJourn. 
@innovationRJI '18-'19.
#TeamOL",44265.0,7942.0,2108.0,3998.0,366.0,True,,,@tseymat
"Blown away by @ivorprice and his team’s work. He’s talking at #MediaParty about their multichannel strategy for Food for Mzansi. There’s a lot we can learn here. 

https://t.co/GDu2tmFZoG https://t.co/vDdnNjdXu5",2022-08-25 14:46:49,en,,2.0,3.0,,Aron Pilhofer,James B. Steele Chair in Journalism Innovation at @tukleincollege. Proud @Guardian and @nytimes alum. Co-founder of @documentcloud & @HacksHackers. Yachtsman.,15915.0,7310.0,2130.0,19747.0,1601.0,False,,,@pilhofer
RT @diemelamed: Habla de tecnología y periodismo  @clockwerks nos cuenta la historia de Vox Media. Y así se emociona al mencionar el ataque…,2022-08-25 14:46:21,es,,0.0,1.0,,Manuel Contreras E.,"Periodista. Digital. Antes I+D en @TVN. Antes @periodismouah, @Altavoz_net, @Betazeta, @Cooperativa y antes de eso, @latercera.",29205.0,10138.0,2004.0,2005.0,67.0,False,,,@vaticanochico
Y en un rato les esperamos en la Media Feria para sacarse fotos con varios personajes ✌️#MediaParty #VivaPerón https://t.co/rz8ya9s0Z2,2022-08-25 14:46:16,es,,4.0,0.0,,Genosha,"We provide creativity to open minded clients in a friendly environment, inspiring them to feel creative and strategic.",431.0,320.0,167.0,558.0,1.0,False,,,@genoshans
"RT @HacksHackersBA: Pasamos a “Comida para Mzansi, Historia Sudafricana” por @ivorprice, editor y cofundador de @foodformzansi, @healthform…",2022-08-25 14:44:22,es,,0.0,4.0,,Edison BUrbano 🇨🇴🇦🇷🌎🌍🌏,"*Soy Comunicador, Community Manager, Digital Activist, Redes Sociales, DDHH, Radialista apasionado.  
Humanista, mamerto, izquierda*  [OPINIONES PERSONALES]",127835.0,187316.0,3827.0,4420.0,59.0,False,,,@edisonburbanoOK
RT @ChicaPoderosaAR: ¡Hoy comienza la #MediaParty! 🎉 ¿Conocen el evento? Se trata de un espacio gratuito que organiza @HacksHackersBA con c…,2022-08-25 14:43:52,es,,0.0,4.0,,Martu,Creadora de contenido | Redes en @perfilcom | Hago cosas en @chicapoderosaar✨,8917.0,6721.0,237.0,336.0,1.0,False,,,@MartuRamirez_
"Sensacional la experiencia de @ivorprice contando su publicación sobre el mundo del campo en Sudáfrica #MediaParty En Argentina aún no hay algo así, creo. https://t.co/fFvccnD4kz",2022-08-25 14:43:10,es,,4.0,2.0,,Diego Melamed🍷🏊🏼,El amor es la única revolución verdadera.,21475.0,4469.0,90.0,1307.0,42.0,False,,,@diemelamed
"Pasamos a “Comida para Mzansi, Historia Sudafricana” por @ivorprice, editor y cofundador de @foodformzansi, @healthformzansi y @FoodForAfrika.

#Keynote🚀 #MediaParty🎉 https://t.co/ugkJO3TtgP",2022-08-25 14:42:37,es,,4.0,4.0,,HacksHackersBA,La conferencia que revoluciona el futuro de los medios #HHBA #MediaParty · Rebooting journalism · Journalism and technology / Periodismo y tecnología,8933.0,3516.0,3357.0,10016.0,312.0,False,,,@HacksHackersBA
💪🏻 Nobody said it was easy. Me llevo para 🇺🇾 esta nota mental de @Zielina en #MediaParty https://t.co/6Gue1fHQY9,2022-08-25 14:42:07,en,AR,1.0,0.0,,Mandy Barrios,"Social Media/Periodismo/Audiencias #RedLATAM @DLatitudes Pasé por @elmundoes con beca de @red_carolina. Hoy en @observadorUy, @radiocero1043 y @UniversidadORT",3912.0,9550.0,1967.0,1468.0,15.0,True,,,@MandyBarrios
Here at #MediaParty  speakers are dreamers!! https://t.co/9crJrBh8Wo,2022-08-25 14:41:23,en,,0.0,0.0,,horusint,"Network Admin, Security entusiasta. Creo en un paìs mejor para todos.",19431.0,2360.0,950.0,521.0,56.0,False,,,@horusint
RT @felicarrique: 🙌 @newsproduct Board Chair @Zielina sharing the questions that build a product culture in newsrooms at @HacksHackersBA #M…,2022-08-25 14:40:34,en,,0.0,6.0,,Florencia Rodríguez Altube,"Periodismo de datos e innovación en @LNData @LANACION 🗞📊|  Docente en @UCAPeriodismo y @EscuelaETER 📚
✉ fraltube@lanacion.com.ar",2790.0,5020.0,1399.0,1604.0,10.0,True,,,@FlorRAltube
RT @felicarrique: 🙌 @newsproduct Board Chair @Zielina sharing the questions that build a product culture in newsrooms at @HacksHackersBA #M…,2022-08-25 14:39:26,en,,0.0,6.0,,Rocío 💚,"🤘📺 Horas no tiene abreviación, no repitan el error de otros. Mis amigos y mi familia siguen sin entender de qué trabajo.",23006.0,5300.0,423.0,1812.0,51.0,False,,,@RocioG
"RT @EstebanConcia: 🔖 “Del Teléfono a la Comu luego  al celular y ahora vamos al metaverso”

🧩Un nuevo sentido de la presencialidad + infrae…",2022-08-25 14:39:04,es,,0.0,4.0,,PeronismoyComunicacion,peronismo y comunicación,5457.0,4144.0,545.0,283.0,0.0,False,,,@PeronismoJoven
RT @carlanudel: Genial @Zielina sobre como la cultura de producto ayuda a generar cambios en medios (y lo difícil que es cuando choca con l…,2022-08-25 14:38:57,es,,0.0,3.0,,HacksHackersBA,La conferencia que revoluciona el futuro de los medios #HHBA #MediaParty · Rebooting journalism · Journalism and technology / Periodismo y tecnología,8933.0,3516.0,3357.0,10016.0,312.0,False,,,@HacksHackersBA
RT @felicarrique: 🙌 @newsproduct Board Chair @Zielina sharing the questions that build a product culture in newsrooms at @HacksHackersBA #M…,2022-08-25 14:38:50,en,,0.0,6.0,,Sam Leguizamón,Program Manager at @newsproduct • Periodismo • Comunicación • Jujeña,3464.0,14448.0,3181.0,757.0,7.0,False,,,@SamLeguizamon
RT @felicarrique: 🙌 @newsproduct Board Chair @Zielina sharing the questions that build a product culture in newsrooms at @HacksHackersBA #M…,2022-08-25 14:38:40,en,,0.0,6.0,,Aron Pilhofer,James B. Steele Chair in Journalism Innovation at @tukleincollege. Proud @Guardian and @nytimes alum. Co-founder of @documentcloud & @HacksHackers. Yachtsman.,15915.0,7310.0,2130.0,19747.0,1601.0,False,,,@pilhofer
RT @Chatran: The amazing @Zielina “Why we need a new generation of media leaders and how Product Thinking can get us there” #MediaParty htt…,2022-08-25 14:38:04,en,,0.0,2.0,,Guada Sanchez Granel 💚,"Periodismo, redes y comunicación digital. 
✍ @Cronistacom @AperturaRevista @Redaccioncomar
💫 Directora de #TerritoriosyResistencias en @chicapoderosaarg",14712.0,47553.0,1176.0,1417.0,31.0,False,,,@Guada_SG
RT @carlanudel: Genial @Zielina sobre como la cultura de producto ayuda a generar cambios en medios (y lo difícil que es cuando choca con l…,2022-08-25 14:37:48,es,,0.0,3.0,,Guada Sanchez Granel 💚,"Periodismo, redes y comunicación digital. 
✍ @Cronistacom @AperturaRevista @Redaccioncomar
💫 Directora de #TerritoriosyResistencias en @chicapoderosaarg",14712.0,47553.0,1176.0,1417.0,31.0,False,,,@Guada_SG
"Genial @Zielina sobre como la cultura de producto ayuda a generar cambios en medios (y lo difícil que es cuando choca con la cultura tradicional) ""Our job as leaders is to find the sweet spot between both and cherish it all across the organization"" #MediaParty @HacksHackersBA https://t.co/rPChxIHy8i",2022-08-25 14:37:17,es,,6.0,3.0,,Carla Nudel,"Media professional, product thinker, audience research enthusiast. Fulbright scholar at Journalism MA @Studio20NYU - Esta cuenta habla inglés y español 🇦🇷🇺🇸",2570.0,6692.0,1831.0,2170.0,22.0,False,,,@carlanudel
"""Culture eats strategy for breakfast"". @Zielina habla de las dificultades de cambiar la cultura de las organizaciones, algo que podría modificarse con la transición a product thinking. Para lograrlo (o acercarse), propuso un framework de cambio que guíe el proceso #MediaParty https://t.co/r6XOXaE1yp",2022-08-25 14:37:05,es,,1.0,0.0,@mariacelestee,Celeste Mottesi,"Content creator | Blogs, redes sociales, SEO | Escribo en #Otrawebdetecno y hablo en @Distopicas_.",1435.0,760.0,125.0,338.0,4.0,False,,,@mariacelestee
"RT @floraza: Now @Zielina talking about product culture 😍✨

Some keys questions 🤓 #MediaParty @HacksHackersBA https://t.co/twXKiaRRUe",2022-08-25 14:36:00,en,,0.0,3.0,,SembraMedia,Somos una organización sin fines de lucro que ayuda a medios independientes digitales de Iberoamérica a encontrar y desarrollar modelos de negocio sustentables,15585.0,7166.0,1224.0,12093.0,293.0,False,,,@sembramedia
Visita los #mejores #TikTok https://t.co/hW9uemrzyI #Vice ##MediaParty ##Navarro2023 #Gravísimo,2022-08-25 14:35:20,es,,1.0,0.0,,liveTrends_,,26144.0,0.0,0.0,7.0,0.0,False,,,@liveTrends_
RT @HacksHackersBA: Ahora “Por qué necesitamos una nueva generación de líderes de medios y cómo el Pensamiento de Producto nos puede llevar…,2022-08-25 14:34:33,es,,0.0,1.0,,SembraMedia,Somos una organización sin fines de lucro que ayuda a medios independientes digitales de Iberoamérica a encontrar y desarrollar modelos de negocio sustentables,15585.0,7166.0,1224.0,12093.0,293.0,False,,,@sembramedia
"RT @floraza: ✨ “Go deeper than anyone, trust passionate people, get weird” ✨- @clockwerks 

#MediaParty @HacksHackersBA https://t.co/zdNOG7…",2022-08-25 14:34:29,en,,0.0,3.0,,Lucila Pinto 💚,Periodista. Tecnología & medios. @polisLSE fellow. Ciencia Política en @utditella.,6338.0,8156.0,1454.0,2783.0,18.0,False,,,@luchipaint
"#Argentina 🇦🇷 || Se dió inicio a la décima edición de #MediaParty @HacksHackersBA #PeriodismoDigital medios, media, redes, comunicación en  @CCKonex #BuenosAires https://t.co/ibsqRRWs2x",2022-08-25 14:33:52,es,,0.0,0.0,,El Payanes Press 🎙️🎥💻📰,"*Medio popular, alternativo de Integración latinoamericana, humanista.
 Argentina - Colombia - Venezuela",398831.0,137001.0,5157.0,8290.0,144.0,False,,,@ElPayanes
"RT @elitetruong: First time at #MediaParty, representing @AmPress and @newsproduct! Come say hi in person or over DM. Threading takeaways t…",2022-08-25 14:33:37,en,,0.0,4.0,,News Product Alliance,Our mission is to elevate the discipline of news product management and expand the diversity of news product thinkers in decision-making roles.,1027.0,472.0,53.0,4217.0,0.0,False,,,@newsproduct
"RT @floraza: Now @Zielina talking about product culture 😍✨

Some keys questions 🤓 #MediaParty @HacksHackersBA https://t.co/twXKiaRRUe",2022-08-25 14:33:29,en,,0.0,3.0,,News Product Alliance,Our mission is to elevate the discipline of news product management and expand the diversity of news product thinkers in decision-making roles.,1027.0,472.0,53.0,4217.0,0.0,False,,,@newsproduct
RT @felicarrique: 🙌 @newsproduct Board Chair @Zielina sharing the questions that build a product culture in newsrooms at @HacksHackersBA #M…,2022-08-25 14:33:22,en,,0.0,6.0,,News Product Alliance,Our mission is to elevate the discipline of news product management and expand the diversity of news product thinkers in decision-making roles.,1027.0,472.0,53.0,4217.0,0.0,False,,,@newsproduct
"#Keynote🚀 #MediaParty @HacksHackersBA 

Cultura de Producto + Nuevos líderes de medios, aprendizajes valiosos de @Zielina, directora de Iniciativas y Estrategia en @newmarkjschool. https://t.co/bQbf4ZaLKJ",2022-08-25 14:32:37,es,,3.0,0.0,,SembraMedia,Somos una organización sin fines de lucro que ayuda a medios independientes digitales de Iberoamérica a encontrar y desarrollar modelos de negocio sustentables,15585.0,7166.0,1224.0,12093.0,293.0,False,,,@sembramedia
RT @JennaC_Sherman: Come check out my lightning talk tomorrow at 4:30 if you are at #mediaparty in BA! It’ll be so short and oh so sweet,2022-08-25 14:31:03,en,,0.0,2.0,,meedan,"Building software and initiatives to strengthen journalism, digital literacy, and accessibility of information. Also: @check https://t.co/NFet00AlBu",16237.0,1162.0,2267.0,11754.0,684.0,True,,,@meedan
The best products are built by interdisciplinary teams (yes!) @Zielina giving a great keynote at #MediaParty @JSKstanford @HacksHackersBA https://t.co/dypGu2YBCp,2022-08-25 14:30:34,en,,0.0,0.0,,Laura Hertzfeld,"LA ambassador, midnight baker, Jeopardy silver medalist. Storytelling innovation. @yahoonews @Journalism_360 @EW @PBS @jskstanford #XR #binders she/her",11266.0,13703.0,2184.0,3518.0,183.0,True,,,@laurahertzfeld
RT @ChicaPoderosaAR: ¡Hoy comienza la #MediaParty! 🎉 ¿Conocen el evento? Se trata de un espacio gratuito que organiza @HacksHackersBA con c…,2022-08-25 14:29:53,es,,0.0,4.0,,Guada Sanchez Granel 💚,"Periodismo, redes y comunicación digital. 
✍ @Cronistacom @AperturaRevista @Redaccioncomar
💫 Directora de #TerritoriosyResistencias en @chicapoderosaarg",14712.0,47553.0,1176.0,1417.0,31.0,False,,,@Guada_SG
RT @Chatran: The amazing @Zielina “Why we need a new generation of media leaders and how Product Thinking can get us there” #MediaParty htt…,2022-08-25 14:29:39,en,,0.0,2.0,,Florencia Aza 💚💫,Periodista | Directora de iniciativas estratégicas en @sembramedia | Ex @Unoar y @americatv | @ICFJ Fellow ‘18 | Docente en @ucaperiodismo,34113.0,30248.0,1468.0,2126.0,46.0,False,,,@floraza
RT @ChicaPoderosaAR: ¡Hoy comienza la #MediaParty! 🎉 ¿Conocen el evento? Se trata de un espacio gratuito que organiza @HacksHackersBA con c…,2022-08-25 14:27:51,es,,0.0,4.0,,HacksHackersBA,La conferencia que revoluciona el futuro de los medios #HHBA #MediaParty · Rebooting journalism · Journalism and technology / Periodismo y tecnología,8933.0,3516.0,3357.0,10016.0,312.0,False,,,@HacksHackersBA
RT @ChicaPoderosaAR: ¡Hoy comienza la #MediaParty! 🎉 ¿Conocen el evento? Se trata de un espacio gratuito que organiza @HacksHackersBA con c…,2022-08-25 14:27:28,es,,0.0,4.0,,Ana Rivas,"Data Visualization / Graphics Reporter 
Prev @WSJGraphics The Wall Street Journal; @FulbrightPrgrm @BostonGlobe @COMatBU @LNUTDT @filo_uba; @anarivasWSJ",5500.0,9678.0,3095.0,1798.0,69.0,False,,,@_anarivas
The amazing @Zielina “Why we need a new generation of media leaders and how Product Thinking can get us there” #MediaParty https://t.co/WKw0tbdw48,2022-08-25 14:27:23,en,,6.0,2.0,,Cecilia Bazán,🦄 Periodista y capacitadora | PM #FOPEALAB @FOPEA | '22 Spring cohort #EJCP @NewmarkJPlus | Antes en @lavozcomar,18069.0,11026.0,2312.0,3563.0,123.0,True,,,@Chatran
"RT @elitetruong: First time at #MediaParty, representing @AmPress and @newsproduct! Come say hi in person or over DM. Threading takeaways t…",2022-08-25 14:27:23,en,,0.0,4.0,,Feli Carrique 💚,Executive Director at @newsproduct ⚡ Formerly Directora de Innovación en @SembraMedia. Profesora @UcaPeriodismo. @ICFJ Pro Fellow 2020 📍Tuiteo en spanglish,2939.0,23194.0,2187.0,1844.0,34.0,False,,,@felicarrique
RT @Gauyo: Levanten la mano si están en la #MediaParty. En el escenario @clockwerks de Vox Media. https://t.co/w5f5GpIdcF,2022-08-25 14:27:17,es,,0.0,1.0,,no me la container,NO me saquen el olor a mar.,1140.0,4118.0,2072.0,648.0,0.0,False,,,@solounlaburante
"¡Hoy comienza la #MediaParty! 🎉 ¿Conocen el evento? Se trata de un espacio gratuito que organiza @HacksHackersBA con charlas y talleres para debatir sobre periodismo, innovación y tecnología.

Y algunas poderosas ⚡️ son parte del programa 😍. Te contamos quiénes son 👇 https://t.co/8F4Lnx2P4c",2022-08-25 14:25:31,es,,11.0,4.0,,Chicas Poderosas Argentina,"Somos una comunidad que promueve el cambio en los medios, creando oportunidades para que todas las voces sean escuchadas. El capítulo 🇦🇷 de @poderosaschicas",6874.0,6020.0,763.0,8394.0,93.0,False,,,@ChicaPoderosaAR
RT @xhgMattia: Love this slide from @clockwerks at #MediaParty. “Let’s keep the internet weird!” 👏👏👏 https://t.co/sZBC6YABcW,2022-08-25 14:25:27,en,,0.0,5.0,,Delfina Arambillet,"Data, Learning & Diversity @Globant | Global Shaper @GlobalShapersBA @WEF | Former @LNdata | @SalzburgGlobal fellow | Lecturer @UCAPeriodismo | I love 🐶🍷🚀🌄",11108.0,16901.0,1707.0,1718.0,31.0,True,,,@DAarambillet
How do you mesure success?First you have to decide what it is for your product or organization - Anita Zielina (CUNY) #MediaParty https://t.co/Rjkt19ycqr,2022-08-25 14:25:17,en,,3.0,0.0,,Genosha,"We provide creativity to open minded clients in a friendly environment, inspiring them to feel creative and strategic.",431.0,320.0,167.0,558.0,1.0,False,,,@genoshans
"#MediaParty @Zielina sobre la cultura del producto digital y la necesidad de nuevos líderes en medios. 

Los pasos para generar cambios sostenibles, generar procesos efectivos y grupos empoderados. https://t.co/QfnUw6m5A7",2022-08-25 14:24:39,es,,2.0,0.0,,Diego Landi,@NAagencia  @fmmilenium @laquesevienefm I https://t.co/XCyqzCHy2f I Lic Com @ubasociales y Mg en @MaePeriodismo. Pasé por @a24com @unoAR  @todonoticias y @fortunaweb,6367.0,1505.0,2587.0,1737.0,47.0,True,,,@dielandi
"Conferencia de @clockwerks en #MediaParty. Crear redes, innovar, mantener rara la internet. Tomar en cuenta su importancia para la democracia.

En Venezuela necesitamos más redes. Y no para defender la democracia sino para reconstruirla. Estamos a tiempo. https://t.co/nRCgZc8oRM",2022-08-25 14:23:53,es,,1.0,0.0,,Víctor Amaya,Periodista venezolano. Acumulo datos que a nadie le importan. Hago @estosisuena.,58701.0,5071.0,2826.0,123425.0,1100.0,True,,,@victoramaya
"Arrancó la #MediaParty con todo. Súper emoción con @clockwerks fundador de vox y ahora la rompe ⁦@Zielina⁩ Congrats guys, wonderful presentations! Con ⁦@sociopublico⁩ nos quedamos todos acá hasta el sábado 💪🙌💜🔥 https://t.co/vOPUCz0gmr",2022-08-25 14:23:45,es,,4.0,0.0,,sonia jalfin 💚,"Complex ideas, simple communications. @Sociopúblico. La Nación.",3987.0,14732.0,1435.0,2466.0,36.0,False,,,@soniajalfin
RT @wapacrypto: I'm excited to attend Fanz at MediaParty 2022 https://t.co/faSd4Gr9VY @hackshackersba #mediaparty @sched,2022-08-25 14:23:36,en,,0.0,1.0,,HacksHackersBA,La conferencia que revoluciona el futuro de los medios #HHBA #MediaParty · Rebooting journalism · Journalism and technology / Periodismo y tecnología,8933.0,3516.0,3357.0,10016.0,312.0,False,,,@HacksHackersBA
"RT @floraza: Now @Zielina talking about product culture 😍✨

Some keys questions 🤓 #MediaParty @HacksHackersBA https://t.co/twXKiaRRUe",2022-08-25 14:23:32,en,,0.0,3.0,,HacksHackersBA,La conferencia que revoluciona el futuro de los medios #HHBA #MediaParty · Rebooting journalism · Journalism and technology / Periodismo y tecnología,8933.0,3516.0,3357.0,10016.0,312.0,False,,,@HacksHackersBA
RT @felicarrique: 🙌 @newsproduct Board Chair @Zielina sharing the questions that build a product culture in newsrooms at @HacksHackersBA #M…,2022-08-25 14:23:29,en,,0.0,6.0,,HacksHackersBA,La conferencia que revoluciona el futuro de los medios #HHBA #MediaParty · Rebooting journalism · Journalism and technology / Periodismo y tecnología,8933.0,3516.0,3357.0,10016.0,312.0,False,,,@HacksHackersBA
"RT @teuss: On stage @Zielina: leaders + product thinking
#keynote🚀 #MediaParty🎉 https://t.co/TuNsjpF5Fw",2022-08-25 14:23:25,en,,0.0,1.0,,HacksHackersBA,La conferencia que revoluciona el futuro de los medios #HHBA #MediaParty · Rebooting journalism · Journalism and technology / Periodismo y tecnología,8933.0,3516.0,3357.0,10016.0,312.0,False,,,@HacksHackersBA
"On stage @Zielina: leaders + product thinking
#keynote🚀 #MediaParty🎉 https://t.co/TuNsjpF5Fw",2022-08-25 14:22:47,en,,1.0,1.0,,teuss,My real name is Tea I Designer I Actress I datalover I TeaSommelier (((pasajera en tránsito perpetuo))),23555.0,45657.0,5002.0,2619.0,190.0,False,,,@teuss
"Ahora “Por qué necesitamos una nueva generación de líderes de medios y cómo el Pensamiento de Producto nos puede llevar hasta ahí”, Keynote de @Zielina, directora de Iniciativas y Estrategia en @newmarkjschool.

#Keynote🚀 #MediaParty🎉 https://t.co/Dvjw2cqMQm",2022-08-25 14:22:40,es,,3.0,1.0,,HacksHackersBA,La conferencia que revoluciona el futuro de los medios #HHBA #MediaParty · Rebooting journalism · Journalism and technology / Periodismo y tecnología,8933.0,3516.0,3357.0,10016.0,312.0,False,,,@HacksHackersBA
"RT @HacksHackersBA: Seguimos con “Meta llega al futuro”, por @tulicipriota, la Head of Product Partnerships Latam de @Meta.

#Keynote🚀 #Med…",2022-08-25 14:22:37,es,,0.0,1.0,,Tuli Susana Cipriota,Head of Product Partnerships Latam @ Meta,1403.0,2972.0,1497.0,925.0,93.0,False,,,@tulicipriota
"RT @HacksHackersBA: ""El rol de Meta es ayudar a acelerar las herramientas para dar vida al metaverso."" Dice @tulicipriota.

""Meta quiere de…",2022-08-25 14:22:17,es,,0.0,1.0,,Tuli Susana Cipriota,Head of Product Partnerships Latam @ Meta,1403.0,2972.0,1497.0,925.0,93.0,False,,,@tulicipriota
@JennaC_Sherman might not be looking hip today at #MediaParty but trust us her content is! Check out her talk tomorrow (and also find her to help her fit in) https://t.co/euNFcpKR3z,2022-08-25 14:21:22,en,,0.0,0.0,@JennaC_Sherman,meedan,"Building software and initiatives to strengthen journalism, digital literacy, and accessibility of information. Also: @check https://t.co/NFet00AlBu",16237.0,1162.0,2267.0,11754.0,684.0,True,,,@meedan
It’s @Zielina! Doing her thing! The smartest product thinker in the business. #MediaParty https://t.co/1JPkYu77fh,2022-08-25 14:21:08,en,,8.0,0.0,,Aron Pilhofer,James B. Steele Chair in Journalism Innovation at @tukleincollege. Proud @Guardian and @nytimes alum. Co-founder of @documentcloud & @HacksHackers. Yachtsman.,15915.0,7310.0,2130.0,19747.0,1601.0,False,,,@pilhofer
🙌 @newsproduct Board Chair @Zielina sharing the questions that build a product culture in newsrooms at @HacksHackersBA #MediaParty https://t.co/iRRdL0mKth,2022-08-25 14:20:54,en,,17.0,6.0,,Feli Carrique 💚,Executive Director at @newsproduct ⚡ Formerly Directora de Innovación en @SembraMedia. Profesora @UcaPeriodismo. @ICFJ Pro Fellow 2020 📍Tuiteo en spanglish,2939.0,23194.0,2187.0,1844.0,34.0,False,,,@felicarrique
"Now @Zielina talking about product culture 😍✨

Some keys questions 🤓 #MediaParty @HacksHackersBA https://t.co/twXKiaRRUe",2022-08-25 14:20:22,en,,5.0,3.0,,Florencia Aza 💚💫,Periodista | Directora de iniciativas estratégicas en @sembramedia | Ex @Unoar y @americatv | @ICFJ Fellow ‘18 | Docente en @ucaperiodismo,34113.0,30247.0,1468.0,2126.0,46.0,False,,,@floraza
"RT @elitetruong: First time at #MediaParty, representing @AmPress and @newsproduct! Come say hi in person or over DM. Threading takeaways t…",2022-08-25 14:20:18,en,,0.0,4.0,,American Press Institute,"American Press Institute: helping find a path forward for journalism with insights, research, education & tools. Start your day with us: https://t.co/LjZBVZQU78",9377.0,1961.0,1186.0,12827.0,785.0,True,,,@AmPress
"RT @IWPR_AL: Comienza la #MediaParty y #CAPIR estará ahí para presentarles sus convocatorias de periodismo de investigación. 

Existen fond…",2022-08-25 14:20:12,es,,0.0,3.0,,Víctor Amaya,Periodista venezolano. Acumulo datos que a nadie le importan. Hago @estosisuena.,58701.0,5071.0,2826.0,123425.0,1100.0,True,,,@victoramaya
"#MediaParty #metaversoitalia
https://t.co/ejgT04TE68",2022-08-25 14:19:46,und,,0.0,0.0,,Patricia,"Mamá de Nico, Paloma y Tomi. Periodista, comunicadora social, con espíritu emprendedor, proactiva y siempre en lucha (la profesión así lo demanda)",4070.0,798.0,1573.0,605.0,5.0,False,,,@patriciamunoz_s
"¡¡Empezó la #MediaParty!!🎉

Arrancamos con la charla de Trei Brundett @clockwerks 👏🏻 de @voxmedia para entender el negocio de las noticias https://t.co/4GOIaGGDkz",2022-08-25 14:18:07,es,,6.0,0.0,,sociopúblico,"Ideas complejas, comunicación simple",2387.0,1374.0,1285.0,1665.0,32.0,False,,,@sociopublico
"""El rol de Meta es ayudar a acelerar las herramientas para dar vida al metaverso."" Dice @tulicipriota.

""Meta quiere democratizar la tecnología. Mientras más personas seamos, más económico será."" 

#MediaParty🎉 https://t.co/L6uiskHnqm",2022-08-25 14:18:00,es,,2.0,1.0,,HacksHackersBA,La conferencia que revoluciona el futuro de los medios #HHBA #MediaParty · Rebooting journalism · Journalism and technology / Periodismo y tecnología,8933.0,3516.0,3357.0,10016.0,312.0,False,,,@HacksHackersBA
I'm excited to attend Fanz at MediaParty 2022 https://t.co/faSd4Gr9VY @hackshackersba #mediaparty @sched,2022-08-25 14:16:37,en,AR,0.0,1.0,,Wapacrypto 🪙,Yo solamente soy el que soy.👽,435.0,318.0,1551.0,197.0,4.0,False,,,@wapacrypto
@tulicipriota @Meta @HacksHackersBA #MediaParty “es a diez años” 🔮,2022-08-25 14:14:56,es,,0.0,0.0,@tulicipriota,Ana Rivas,"Data Visualization / Graphics Reporter 
Prev @WSJGraphics The Wall Street Journal; @FulbrightPrgrm @BostonGlobe @COMatBU @LNUTDT @filo_uba; @anarivasWSJ",5500.0,9678.0,3095.0,1798.0,69.0,False,,,@_anarivas
I'm excited to attend After Media Party at MediaParty 2022 https://t.co/WubFRPJ9tg @hackshackersba #mediaparty @sched,2022-08-25 14:14:50,en,AR,0.0,0.0,,Wapacrypto 🪙,Yo solamente soy el que soy.👽,435.0,318.0,1551.0,197.0,4.0,False,,,@wapacrypto
"Seguimos con la #KeyNote ✨️: “Meta llega al futuro”, de la mano de @tulicipriota, Head of Product Partnerships Latam de @Meta.

#MediaParty 🎉 

📍 @CCKonex https://t.co/9Kpl5MwtXu",2022-08-25 14:14:35,es,,3.0,0.0,,SembraMedia,Somos una organización sin fines de lucro que ayuda a medios independientes digitales de Iberoamérica a encontrar y desarrollar modelos de negocio sustentables,15585.0,7166.0,1224.0,12092.0,293.0,False,,,@sembramedia
"RT @EstebanConcia: 🔖 “Del Teléfono a la Comu luego  al celular y ahora vamos al metaverso”

🧩Un nuevo sentido de la presencialidad + infrae…",2022-08-25 14:13:25,es,,0.0,4.0,,Comunicacion Argentina,"Tips, ideas y herramientas",891.0,1714.0,20.0,14.0,0.0,False,,,@sitodocomunica
"First time at #MediaParty, representing @AmPress and @newsproduct! Come say hi in person or over DM. Threading takeaways today and tmw 🧵 https://t.co/xLkPRiLIEJ",2022-08-25 14:13:10,en,AR,22.0,4.0,,Elite Truong,"(e-light): @AmPress VP Product Strategy, @newsproduct board secretary, @columbiajourn Sulzberger fellow. DM me about eng + trainer contracting! 🇻🇳🌈",743.0,8688.0,2008.0,3756.0,147.0,True,,,@elitetruong
"RT @ezralevant: You paid taxes so that Trudeau could give $104M in bail-out money to the propagandists at Global, CTV and CBC.

No wonder t…",2022-08-25 14:13:03,en,,0.0,450.0,,Ava Medi,"The truth must prevail, right?! …. Or?",15390.0,22677.0,651.0,163.0,2.0,False,,,@Ava_Medi
"RT @ezralevant: You paid taxes so that Trudeau could give $104M in bail-out money to the propagandists at Global, CTV and CBC.

No wonder t…",2022-08-25 14:10:54,en,,0.0,450.0,,Clamato Maladriott Next Gen 🍷🚱🇱🇺m,"Stronger, more acerbic. Build my account back better.  The Grand Meister of Covid.",955.0,1118.0,208.0,61.0,0.0,False,,,@climatesoftware
"Seguimos con “Meta llega al futuro”, por @tulicipriota, la Head of Product Partnerships Latam de @Meta.

#Keynote🚀 #MediaParty🎉 https://t.co/yINzfwKptf",2022-08-25 14:08:59,es,,5.0,1.0,,HacksHackersBA,La conferencia que revoluciona el futuro de los medios #HHBA #MediaParty · Rebooting journalism · Journalism and technology / Periodismo y tecnología,8933.0,3516.0,3357.0,10016.0,312.0,False,,,@HacksHackersBA
"RT @floraza: ✨ “Go deeper than anyone, trust passionate people, get weird” ✨- @clockwerks 

#MediaParty @HacksHackersBA https://t.co/zdNOG7…",2022-08-25 14:08:52,en,,0.0,3.0,,Sam Leguizamón,Program Manager at @newsproduct • Periodismo • Comunicación • Jujeña,3464.0,14448.0,3181.0,757.0,7.0,False,,,@SamLeguizamon
"RT @ezralevant: You paid taxes so that Trudeau could give $104M in bail-out money to the propagandists at Global, CTV and CBC.

No wonder t…",2022-08-25 14:08:10,en,,0.0,450.0,,Laits,"CFL Fan, all Toronto sports fan. Avid golfer. Less government, more personal choice.",85366.0,84573.0,223.0,249.0,0.0,False,,,@Laits10
RT @dosunos: Nuestro CEO @gserralta exponiendo su #keynote “Disrupción sin interrupción: Cómo la UX puede cambiar un medio.” En la #mediapa…,2022-08-25 14:07:25,es,,0.0,2.0,,Gonzalo M. Rios,Atendemos en https://t.co/LuGAU2ePCB y producimos https://t.co/1d3allqyDJ. #Headless #Wordpress #Linux #Coder #DevOps,5324.0,2423.0,406.0,478.0,16.0,False,,,@gonzalomr
"Hablemos de cómo darle sostenibilidad a los medios, cambiar los modelos de pago, pero primero lo importante...

Gracias a @clockwerks en el #MediaParty. https://t.co/BUWNCVRHHp",2022-08-25 14:07:18,es,,4.0,0.0,,Ulupica 🍃,Periodista que piensa en multimedia y es feliz en las calles. Defiendo causas. Mamá de Amelia. Cumbia nena. Sueña despierta. #RedLATAM,16351.0,12567.0,1061.0,2860.0,23.0,False,,,@Ulupica96
I overdressed for #mediaparty!! Going to dress *much* cooler tomorrow for my presentation don’t worry y’all,2022-08-25 14:07:11,en,,2.0,0.0,,Jenna Sherman,"Science writer @Meedan. MPH @HarvardChanSPH. Cofounder @StudentsCOVID19. Interests: repro justice, digital health, fighting greed, fried food",291.0,1159.0,718.0,427.0,12.0,False,,,@JennaC_Sherman
"RT @EstebanConcia: 🔖 “Del Teléfono a la Comu luego  al celular y ahora vamos al metaverso”

🧩Un nuevo sentido de la presencialidad + infrae…",2022-08-25 14:06:32,es,,0.0,4.0,,comunicarahora,"Foro Comunicar ! más comunicación para una Argentina de Pie. Redes Sociales, Tecnología, Medios. Foro permanente.",301.0,1444.0,22.0,54.0,2.0,False,,,@comunicarahora
"""El inicio fue publicidad, pero la publicidad apesta, arruina la experiencia del usuario. Tomaron control de la experiencia del usuario, así que diseñaron las publicidades de manera inmersiva."" Agregó.

#MediaParty🎉",2022-08-25 14:06:32,es,,0.0,0.0,@HacksHackersBA,HacksHackersBA,La conferencia que revoluciona el futuro de los medios #HHBA #MediaParty · Rebooting journalism · Journalism and technology / Periodismo y tecnología,8933.0,3516.0,3357.0,10016.0,312.0,False,,,@HacksHackersBA
"RT @EstebanConcia: 🔖 “Del Teléfono a la Comu luego  al celular y ahora vamos al metaverso”

🧩Un nuevo sentido de la presencialidad + infrae…",2022-08-25 14:06:16,es,,0.0,4.0,,conversatoriocompol,"Intercambio sobre comunicación política, cultura y cosas 💡y producción 👇🏽 👇🏽 👇🏽👇🏽@estebanconcia / @La96LP",5250.0,7132.0,1845.0,1248.0,17.0,False,,,@conversatorioya
"🔖 “Del Teléfono a la Comu luego  al celular y ahora vamos al metaverso”

🧩Un nuevo sentido de la presencialidad + infraestructura para crear contenidos.

@tulicipriota de #Meta Latam en 

#MediaParty https://t.co/aPqUsuAJMy",2022-08-25 14:06:02,es,,5.0,4.0,,Esteban Concia 🟣,Tips e historias desde el barro y la experiencia sobre comunicación  / @conversatorioya / PJ,16598.0,47492.0,1985.0,3873.0,35.0,False,,,@EstebanConcia
"#MediaParty @tulicipriota de @Meta sobre la visión y el alcance del #Metaverso 

#Realidadvirtual
#comercio #Educacion #Realidadaumentada

""Las personas esperan contenidos más inmersivos""

""Una persona podrá saltar entre distintos ecosistemas""

""Las empresas quieren entrar"" https://t.co/k9snCzIlra",2022-08-25 14:05:16,es,,1.0,0.0,,Diego Landi,@NAagencia  @fmmilenium @laquesevienefm I https://t.co/XCyqzCHy2f I Lic Com @ubasociales y Mg en @MaePeriodismo. Pasé por @a24com @unoAR  @todonoticias y @fortunaweb,6367.0,1505.0,2587.0,1737.0,47.0,True,,,@dielandi
RT @PolisLSE: 🚀Happening today at #MediaParty in Buenos Aires - our very own @xhgmattia will be delivering a keynote address on 10 things y…,2022-08-25 14:04:44,en,,0.0,2.0,,Mattia Peretti,"Managing #JournalismAI at @PolisLSE. Systems thinker. Interested in design, leadership and social change. Lucky guy.",10854.0,16514.0,3353.0,3507.0,166.0,False,,,@xhgMattia
Me puso ping pong en el metaverso #MediaParty y me conquistó @tulicipriota https://t.co/db5gKv6Im9,2022-08-25 14:04:15,es,,3.0,0.0,,Mariano Blejman,"CDO at Grupo Octubre, director at https://t.co/sZh8kYSguG, #MediaParty manager at @Mediafactory_vc. Knight Fellow for ICFJ. E-mail: blejman@gmail.com",22716.0,11286.0,6570.0,11249.0,487.0,False,,,@blejman
RT @romerobelen: @clockwerks en el #MediaParty decidió dedicarle unos minutos a la democracia y la importancia del periodismo en ella. @Hac…,2022-08-25 14:02:55,es,,0.0,1.0,,HacksHackersBA,La conferencia que revoluciona el futuro de los medios #HHBA #MediaParty · Rebooting journalism · Journalism and technology / Periodismo y tecnología,8933.0,3516.0,3357.0,10016.0,312.0,False,,,@HacksHackersBA
@clockwerks en el #MediaParty decidió dedicarle unos minutos a la democracia y la importancia del periodismo en ella. @HacksHackersBA https://t.co/dpfaN3aFkW,2022-08-25 14:00:17,es,,2.0,1.0,@clockwerks,Bel,"Periodista en @lanotatucuman 
Fanatica del Futuro 

Tengo ansiedad",2346.0,4908.0,1478.0,612.0,1.0,False,,,@romerobelen
"Se cierran la primera parte de la mañana aquí en el @CCKonex 👏 #MediaParty.

🔵 Disfrutamos de charlas inspiradoras y llenas de información valiosa para los presentes.

Agradecemos a los primeros speakers @clockwerks, @pilhofer, @chrismoranuk, @ezraeeman, @Zielina y @xhgMattia. https://t.co/U2PyxslAmC",2022-08-25 14:00:09,es,,5.0,0.0,,SembraMedia,Somos una organización sin fines de lucro que ayuda a medios independientes digitales de Iberoamérica a encontrar y desarrollar modelos de negocio sustentables,15586.0,7166.0,1224.0,12093.0,293.0,False,,,@sembramedia
"RT @HacksHackersBA: “Tenemos que preguntarnos a nosotros mismos si nuestro producto es sustentable y usable, preguntarle a nuestra audienci…",2022-08-25 13:59:42,es,,0.0,4.0,,Edison BUrbano 🇨🇴🇦🇷🌎🌍🌏,"*Soy Comunicador, Community Manager, Digital Activist, Redes Sociales, DDHH, Radialista apasionado.  
Humanista, mamerto, izquierda*  [OPINIONES PERSONALES]",127835.0,187316.0,3827.0,4420.0,59.0,False,,,@edisonburbanoOK
The Love Robots. I just do art because there’s nothing else for me to do. #robot #nftart #ai #MediaParty https://t.co/Jx7DBFSMDh,2022-08-25 13:58:56,en,,0.0,0.0,,A.I. W4rhol,Synthetic Media Artist - Culture on the fly.,9.0,5.0,8.0,3.0,0.0,False,,,@AW4rhol
"RT @ezralevant: You paid taxes so that Trudeau could give $104M in bail-out money to the propagandists at Global, CTV and CBC.

No wonder t…",2022-08-25 13:57:44,en,,0.0,450.0,,"AYE, CAPTAIN!🦅🌎⚓🇺🇸🚢🌊","🇺🇸AmericanCanuck🍁 Engineer🔧Navigator⚓ MarineDad 🎗Vet 
I Proudly Salute, Pledge, Defend #IGY6 #turn22to0 #PTSD #Marine #1A #2A #NRA 📷ND750 Lens 📵DM",196354.0,23896.0,3503.0,3939.0,0.0,False,,,@capitaine_jan
"RT @ezralevant: You paid taxes so that Trudeau could give $104M in bail-out money to the propagandists at Global, CTV and CBC.

No wonder t…",2022-08-25 13:57:09,en,,0.0,450.0,,Míster Jay,🇵🇹 🇨🇦 ⚽ ✈️  / #LetsGoBrandon / #PfizerGate / #SmallFringeMinority,5486.0,14241.0,1799.0,612.0,6.0,False,,,@MockingJDeLima
RT @martinezluciap: #GetWeird #MediaParty https://t.co/2WluQUJaqS,2022-08-25 13:56:59,und,,0.0,1.0,,HacksHackersBA,La conferencia que revoluciona el futuro de los medios #HHBA #MediaParty · Rebooting journalism · Journalism and technology / Periodismo y tecnología,8933.0,3516.0,3357.0,10016.0,312.0,False,,,@HacksHackersBA
"RT @floraza: ✨ “Go deeper than anyone, trust passionate people, get weird” ✨- @clockwerks 

#MediaParty @HacksHackersBA https://t.co/zdNOG7…",2022-08-25 13:56:50,en,,0.0,3.0,,HacksHackersBA,La conferencia que revoluciona el futuro de los medios #HHBA #MediaParty · Rebooting journalism · Journalism and technology / Periodismo y tecnología,8933.0,3516.0,3357.0,10016.0,312.0,False,,,@HacksHackersBA
"Sí, y con guiño al texano ""keep Austin weird"" que muchos conocimos en la #ISOJ organizada por @Rosental. 🙌 #MediaParty https://t.co/CwFBE5hNkF",2022-08-25 13:56:25,es,,2.0,0.0,,Pablo M. Fernández,"Director ejecutivo y periodístico de @Chequeado | Tuiteo links, ideas y herramientas contra desinfo + alguito personal | Profesor: UBA/UTDT | Coautor: #LFDT y +",141590.0,29260.0,1873.0,37085.0,757.0,True,,,@fernandezpm
RT @_anarivas: This is an important time to be thinking about the future @HacksHackersBA #MediaParty @clockwerks https://t.co/EM25cO1TbZ,2022-08-25 13:56:23,en,,0.0,1.0,,HacksHackersBA,La conferencia que revoluciona el futuro de los medios #HHBA #MediaParty · Rebooting journalism · Journalism and technology / Periodismo y tecnología,8933.0,3516.0,3357.0,10016.0,312.0,False,,,@HacksHackersBA
"Habla de tecnología y periodismo  @clockwerks nos cuenta la historia de Vox Media. Y así se emociona al mencionar el ataque al Capitolio #MediaParty Acá, allá, ayer y hoy, el periodismo el clave para la vida de la demoracia https://t.co/Og5DWd3A2v",2022-08-25 13:56:14,es,,2.0,1.0,,Diego Melamed🍷🏊🏼,El amor es la única revolución verdadera.,21475.0,4469.0,90.0,1307.0,0.0,False,,,@diemelamed
"RT @fernandezpm: Qué lindo volver a ir *presencial* a la #MediaParty de @HacksHackersBA, sin dudas de las mejores conferencias del mundo so…",2022-08-25 13:56:09,es,,0.0,1.0,,HacksHackersBA,La conferencia que revoluciona el futuro de los medios #HHBA #MediaParty · Rebooting journalism · Journalism and technology / Periodismo y tecnología,8933.0,3516.0,3357.0,10016.0,312.0,False,,,@HacksHackersBA
"RT @HacksHackersBA: ¡En 5' arrancamos con las Keynotes del mejor evento del año!

#MediaParty🎉 https://t.co/3lNrgyWN08",2022-08-25 13:55:45,es,,0.0,3.0,,BA Snyder,in love with journalism & comms | third culture kid | ✌️❤️🌮 | @vgmarketingpr founder | https://t.co/HJzIEpdlsX co-founder | she/her/ella,37634.0,32944.0,5002.0,3751.0,206.0,False,,,@TheBAsnyder
RT @genoshans: Get weird ❤ - Nothing left to say 😅  Trei Brundrett #MediaParty https://t.co/RLR2BXp4UC,2022-08-25 13:55:08,en,,0.0,1.0,,Masse Fierro,"✨Co Founder of flowlous | @flowlous_app.  
🚀 Creator of nextein | @nexteinjs.  
🇦🇷 he/him",7103.0,7325.0,31.0,514.0,0.0,False,,,@elmasse
Fulfilling today a long dream of being at #mediaparty. Come say hi! https://t.co/8zdQp0pmDg,2022-08-25 13:54:57,en,AR,4.0,0.0,,Marcelo Fontoura,"Digital Journalism, Data, Product, Disinformation. @newsproduct, @atlasdanoticia, @PUCRS, @ufrgsnoticias. I am very curious about the world.",2871.0,7617.0,962.0,435.0,23.0,False,,,@MdaFontoura
"Mamá llegué, soy speaker en #MediaParty https://t.co/K1vM6xtVyv",2022-08-25 13:54:16,es,,4.0,0.0,,Gonzalo Magliano,"Trabajo en https://t.co/IUjYlOEIYO de la @sdhargentina
También comparto mis pasiones: 🎬📚
✍ en @mankhalabs y otros lugares 
🎙 en @RadioGrafica893",3637.0,10703.0,1556.0,2565.0,7.0,False,,,@gonmagliano
Presente en el #MediaParty 🔎 https://t.co/nKdyoj37rO,2022-08-25 13:54:13,es,,2.0,0.0,,Flor Estévez,"{she/her} comunicadora digital & SEO savvy // un día me desperté y era #lapibadeSEO //
co-fundé @latinasenSEO y @CawlaSeo // #labrechabajolalupa 🔎",379.0,888.0,190.0,180.0,7.0,False,,,@lapibadeseo
Aprendimos de @clockwerks de @voxmedia👇 #MediaParty https://t.co/3yPPY0YYHX,2022-08-25 13:53:22,es,,2.0,0.0,@LNdata,LA NACION Data,"#opendata #ddj #data #dataviz #opengov Casos, visualizaciones, herramientas y periodismo con bases de datos. LN, Argentina y el Mundo. We also tweet in English!",28862.0,13081.0,3214.0,62737.0,1014.0,True,,,@LNdata
This slide applies here in #MediaParty #BuenosAires many of the local passionate people mentioned by @clockwerks are present  ❤️. Excellent talk! https://t.co/PRb48JT2Mv,2022-08-25 13:53:15,en,,3.0,0.0,,Momi Peralta,"In @Lanacion Multimedia & Interactive since 1996. @LNdata PM @LNnaturaleza team . Aprendiendo a cualquier hora, feliz. I LOVE DATA, music & nature. GenX 100% 🧉",9088.0,1131.0,3587.0,7052.0,379.0,True,,,@momiperalta
"""Internet is weird. Let's keep it that way"". @clockwerks sobre traer expertos (nerds en sus campos), confiar en ellos y dejarlos innovar en áreas donde usualmente no trabajan. Y sobre hacer de un negocio múltiples, que puedan comercializarse individualmente. #MediaParty",2022-08-25 13:52:20,es,,1.0,0.0,@mariacelestee,Celeste Mottesi,"Content creator | Blogs, redes sociales, SEO | Escribo en #Otrawebdetecno y hablo en @Distopicas_.",1435.0,760.0,125.0,338.0,4.0,False,,,@mariacelestee
“Let’s keep internet weird. That’s what technology allows us to do”.  @clockwerks en su keynote del #MediaParty https://t.co/Pdame9YxMr,2022-08-25 13:52:00,en,,2.0,0.0,,José Heinz,Medios e internet | Teaching fellow at @googlenewsinit | Podcasts en @parquepodcast,38833.0,15687.0,969.0,6334.0,53.0,False,,,@okeycomputer
This is an important time to be thinking about the future @HacksHackersBA #MediaParty @clockwerks https://t.co/EM25cO1TbZ,2022-08-25 13:51:39,en,,2.0,1.0,,Ana Rivas,"Data Visualization / Graphics Reporter 
Prev @WSJGraphics The Wall Street Journal; @FulbrightPrgrm @BostonGlobe @COMatBU @LNUTDT @filo_uba; @anarivasWSJ",5500.0,9678.0,3095.0,1798.0,69.0,False,,,@_anarivas
"RT @ezralevant: You paid taxes so that Trudeau could give $104M in bail-out money to the propagandists at Global, CTV and CBC.

No wonder t…",2022-08-25 13:51:26,en,,0.0,450.0,,David Murray,,36136.0,20753.0,496.0,187.0,2.0,False,,,@david06243894
"RT @ezralevant: You paid taxes so that Trudeau could give $104M in bail-out money to the propagandists at Global, CTV and CBC.

No wonder t…",2022-08-25 13:50:55,en,,0.0,450.0,,GreekKat,Proud Greek Canadian Girl 🇬🇷🇨🇦🍁living in Toronto.,8233.0,49984.0,588.0,437.0,0.0,False,,,@KPDesignGoods
"#Mediaparty @clockwerks sobre @voxmedia 

Explica cómo se diseñaron distintos medios del grupo y como apelaron a la innovación.

Diversificación, entender nichos, tomar riesgos con novedades a partir de la experimentación. https://t.co/RWU6e3X6QU",2022-08-25 13:49:54,es,,2.0,0.0,,Diego Landi,@NAagencia  @fmmilenium @laquesevienefm I https://t.co/XCyqzCHy2f I Lic Com @ubasociales y Mg en @MaePeriodismo. Pasé por @a24com @unoAR  @todonoticias y @fortunaweb,6367.0,1505.0,2587.0,1737.0,47.0,True,,,@dielandi
"➡️ ""Construyan una red, no sólo una marca, construyan más de un negocio"", @clockwerks, cofundador de @voxmedia.

📌#Keynotes #MediaParty https://t.co/js9SMwCooi",2022-08-25 13:49:17,es,AR,0.0,0.0,,Redacciones5G,Somos el programa de formación de #TelecomArgentina. Difundimos el potencial que la tecnología móvil puede aportar al periodismo 📲 En alianza con @motorola_AR,140.0,51.0,114.0,104.0,1.0,False,,,@Redacciones5G
"RT @ezralevant: You paid taxes so that Trudeau could give $104M in bail-out money to the propagandists at Global, CTV and CBC.

No wonder t…",2022-08-25 13:49:17,en,,0.0,450.0,,Cooch,,73637.0,55361.0,738.0,366.0,2.0,False,,,@cooch28
Hace cuatro años estábamos por acá #MediaParty . Éste año los objetivos que nos planteamos no fueron logrados. https://t.co/UUS6usRZNK,2022-08-25 13:49:12,es,,1.0,0.0,,Rodolfo A.  Rico,Yo cuento cosas. Periodismo + producto + storytelling+ emprendimiento+ DDHH,85551.0,40906.0,2798.0,3012.0,109.0,False,,,@rodoarico
"RT @ezralevant: You paid taxes so that Trudeau could give $104M in bail-out money to the propagandists at Global, CTV and CBC.

No wonder t…",2022-08-25 13:49:09,en,,0.0,450.0,,🇨🇦 Doug Haiggart 🇨🇦,Standing up for Freedom. https://t.co/z20aXDUnpo,650.0,2381.0,631.0,137.0,7.0,False,,,@haiggy
"""Keep the internet weird""

A t-shirt with this incredible @clockwerks phrase 

#MediaParty",2022-08-25 13:48:52,en,,3.0,0.0,,Edu Martín-Borregón,"Datos, periodismo y tec | @Datasketch COO | @RedPALTA member | Prof @Ibero_mx 

//Antes @PODERLatam @QuienQuienWiki @Mexleaks @M_investigacion & @Datanpress",13369.0,4555.0,2637.0,4439.0,255.0,False,,,@emartinborregon
"RT @ezralevant: You paid taxes so that Trudeau could give $104M in bail-out money to the propagandists at Global, CTV and CBC.

No wonder t…",2022-08-25 13:48:34,en,,0.0,450.0,,Mrs. FE🇨🇦🇬🇷,Fiscally Responsible & Socially Compassionate. Political Correctness is destructive. Feminism lost its meaning! Detest Trudeau Liberals! UNITY is our STRENGTH!,95763.0,155917.0,1511.0,23362.0,98.0,False,,,@EffieGib
RT @dosunos: Nuestro CEO @gserralta exponiendo su #keynote “Disrupción sin interrupción: Cómo la UX puede cambiar un medio.” En la #mediapa…,2022-08-25 13:48:24,es,,0.0,2.0,,Gaston,"Dad. Co-Founder & CTO @Dosunos, Founder & CEO @MilMegas, EnterpreNerd, DJ known as @gastonmagneto, sound designer, ham radio operator (LU5AGQ). Hodl!!!",3976.0,2773.0,930.0,579.0,36.0,False,,,@Gastonet
"RT @HacksHackersBA: “Tenemos que preguntarnos a nosotros mismos si nuestro producto es sustentable y usable, preguntarle a nuestra audienci…",2022-08-25 13:48:15,es,,0.0,4.0,,Juan Pablo Darioli,"Periodista 💻🎙️
Central, peronismo y cultura.",12845.0,12008.0,806.0,1412.0,15.0,False,,,@jpdarioli
RT @laurahertzfeld: Keep the internet weird. —- @clockwerks @HacksHackersBA #MediaParty https://t.co/FEMb5KYujY,2022-08-25 13:47:54,en,,0.0,1.0,,Flor Coelho,Capitana @emojidelmate_ok 🧉 / Proud @JSKStanford @LNdata & @LNnaturaleza. #hhba #neverstoplearning,58722.0,67517.0,7702.0,11923.0,444.0,True,,,@fcoel
Keep the internet weird. —- @clockwerks @HacksHackersBA #MediaParty https://t.co/FEMb5KYujY,2022-08-25 13:47:39,en,,4.0,1.0,,Laura Hertzfeld,"LA ambassador, midnight baker, Jeopardy silver medalist. Storytelling innovation. @yahoonews @Journalism_360 @EW @PBS @jskstanford #XR #binders she/her",11266.0,13703.0,2184.0,3517.0,183.0,True,,,@laurahertzfeld
"➡️ ""La usabilidad no son solo pageviews, es muchas cosas más. La usabilidad puede cambiar a los medios"", @gserralta CEO de @dosunos.

📌 #Keynotes #MediaParty 🎉 https://t.co/jitI1dShKv",2022-08-25 13:46:32,es,AR,2.0,0.0,,Redacciones5G,Somos el programa de formación de #TelecomArgentina. Difundimos el potencial que la tecnología móvil puede aportar al periodismo 📲 En alianza con @motorola_AR,140.0,51.0,114.0,104.0,1.0,False,,,@Redacciones5G
Nuestro CEO @gserralta exponiendo su #keynote “Disrupción sin interrupción: Cómo la UX puede cambiar un medio.” En la #mediaparty https://t.co/TemSCFsCew,2022-08-25 13:46:21,es,AR,3.0,2.0,,Dosunos,"Servicios de consultoría, infraestructura y seguridad informática. #EstrategiaDigital - Instinto Tecnológico",133.0,20.0,2.0,146.0,2.0,False,,,@dosunos
"Internet es raro, por lo que seamos raros con ella! Dice @clockwerks #MediaParty",2022-08-25 13:46:11,es,,1.0,0.0,,Daniela Castro,"💚 Periodista. Licenciada en ComSocial. RedPAR. 📚
*Eres linda como Leia e inteligente como Yoda* 🤓
Me siguen los spoilers.",13083.0,18706.0,793.0,2466.0,15.0,False,,,@Danitaca3
"Nunca vi tanta gente junta a esta hora, perdón, no laburo en política
#MediaParty #mediaparty2022 @HacksHackersBA https://t.co/QW8o0NLnXE",2022-08-25 13:45:49,es,AR,4.0,0.0,,Karina Niebla 💚,Escribo en @clarincom | Hablo en @Continental590 | Comunicadora social | Sección Ciudades | Comer-ñoñear-caminar,7062.0,28116.0,1393.0,2124.0,14.0,False,,,@karinaniebla
"✨ “Go deeper than anyone, trust passionate people, get weird” ✨- @clockwerks 

#MediaParty @HacksHackersBA https://t.co/zdNOG7bu9x",2022-08-25 13:44:32,en,,5.0,3.0,,Florencia Aza 💚💫,Periodista | Directora de iniciativas estratégicas en @sembramedia | Ex @Unoar y @americatv | @ICFJ Fellow ‘18 | Docente en @ucaperiodismo,34113.0,30247.0,1468.0,2126.0,46.0,False,,,@floraza
#GetWeird #MediaParty https://t.co/l80tQep1tU https://t.co/2WluQUJaqS,2022-08-25 13:44:25,und,,1.0,1.0,,Lucía Martínez,"Periodista. Trabajo en @Chequeado.

🇦🇷 y América Latina.",1904.0,2674.0,1235.0,733.0,0.0,False,,,@martinezluciap
Get weird ❤ - Nothing left to say 😅  Trei Brundrett #MediaParty https://t.co/RLR2BXp4UC,2022-08-25 13:44:23,en,,3.0,1.0,,Genosha,"We provide creativity to open minded clients in a friendly environment, inspiring them to feel creative and strategic.",431.0,320.0,167.0,558.0,1.0,False,,,@genoshans
Lets keep Internet weird @clockwerks #MediaParty https://t.co/qrJZy66L8g,2022-08-25 13:44:04,en,,3.0,0.0,,Mariano Blejman,"CDO at Grupo Octubre, director at https://t.co/sZh8kYSguG, #MediaParty manager at @Mediafactory_vc. Knight Fellow for ICFJ. E-mail: blejman@gmail.com",22716.0,11286.0,6570.0,11249.0,487.0,False,,,@blejman
RT @xhgMattia: Love this slide from @clockwerks at #MediaParty. “Let’s keep the internet weird!” 👏👏👏 https://t.co/sZBC6YABcW,2022-08-25 13:44:04,en,,0.0,5.0,,Gaby B.,#VR | '16 Dow Jones Fellow @wsj | ‘18 @cspecairex Fellow | Prev. @radioambulante @vozdeguanacaste | Agile Team Facilitator  | ‘21 @ICFJ @ProFellows,6727.0,12684.0,3309.0,1514.0,78.0,False,,,@gabybreg
"RT @teuss: @clockwerks  in the house!!!
Understand the business of news @voxmedia 
#keynote🚀 #MediaParty🎉 https://t.co/VGggGzjQUR",2022-08-25 13:43:59,en,,0.0,1.0,,Janine Warner,"Author, journalist, geek, entrepreneur, co-founder of @SembraMedia; Knight Fellow for the International Center for Journalists, hablo Español",5648.0,6668.0,4188.0,8896.0,470.0,True,,,@janinewarner
"RT @sembramedia: ¡Comienza la primera charla de la #MediaParty! @HacksHackersBA 🎉

Abrimos con @gserralta de @dosunos quien compartirá refl…",2022-08-25 13:43:30,es,,0.0,2.0,,Pascual Calicchio,"Secretario General de @DefdelPublico, dirigente de @identidadAR, Periodista, Profesor, SME, DJ, Hack Hackers,  ISTLyR,  UBA,  UNQui,  Hincha de Ituzaingó.",120095.0,19046.0,2307.0,6935.0,138.0,False,,,@Pascualicchio
RT @xhgMattia: Love this slide from @clockwerks at #MediaParty. “Let’s keep the internet weird!” 👏👏👏 https://t.co/sZBC6YABcW,2022-08-25 13:43:22,en,,0.0,5.0,,Anita Zielina,Driving Change in Media & Training Innovative Leaders @newmarkjschool 👩‍💻Board @newsproduct @ona @orf 🚀Alum @insead @jskstanford @nzz @sternde @derstandardat,21817.0,23132.0,5179.0,47734.0,833.0,True,,,@Zielina
RT @patburd: Taking us down memory lane  #MediaParty 2014 and a wonderful presentation by @clockwerks on @voxmedia how it grew and why #bra…,2022-08-25 13:43:05,en,,0.0,1.0,,Janine Warner,"Author, journalist, geek, entrepreneur, co-founder of @SembraMedia; Knight Fellow for the International Center for Journalists, hablo Español",5648.0,6668.0,4188.0,8896.0,470.0,True,,,@janinewarner
Love this slide from @clockwerks at #MediaParty. “Let’s keep the internet weird!” 👏👏👏 https://t.co/sZBC6YABcW,2022-08-25 13:43:01,en,,12.0,5.0,,Mattia Peretti,"Managing #JournalismAI at @PolisLSE. Systems thinker. Interested in design, leadership and social change. Lucky guy.",10854.0,16514.0,3353.0,3507.0,166.0,False,,,@xhgMattia
"RT @sembramedia: ¡Estaremos presentes en la #MediaParty! 🎉

La conferencia de innovación en medios más importante de América Latina. ¿Nos v…",2022-08-25 13:42:58,es,,0.0,2.0,,Janine Warner,"Author, journalist, geek, entrepreneur, co-founder of @SembraMedia; Knight Fellow for the International Center for Journalists, hablo Español",5648.0,6668.0,4188.0,8896.0,470.0,True,,,@janinewarner
"RT @dielandi: #Mediaparty @gserralta 
Sobre disrupción en medios. 

""En los medios pasan las mismas cosas que hace 10 años"" 
 Casos ejemplo…",2022-08-25 13:42:33,es,,0.0,2.0,,MagicNiclus,Developer,20747.0,107.0,104.0,367.0,7.0,False,,,@CasteranicolasC
"Arrancó la X #MediaParty, el Lolla del periodismokon🤘🏼 https://t.co/CaowxMh7Cq",2022-08-25 13:42:32,es,AR,1.0,0.0,,Tomas Deagustini,"Periodista. Creador de contenidos digitales. Freelance.
Redes en @eltreceoficial. Antes en https://t.co/EYWC9itNMm - ESPN y Clarín.",1452.0,1624.0,762.0,357.0,8.0,False,,,@tomasdeagustini
"@clockwerks  in the house!!!
Understand the business of news @voxmedia 
#keynote🚀 #MediaParty🎉 https://t.co/VGggGzjQUR",2022-08-25 13:42:31,en,,2.0,1.0,@clockwerks,teuss,My real name is Tea I Designer I Actress I datalover I TeaSommelier (((pasajera en tránsito perpetuo))),23555.0,45657.0,5002.0,2619.0,190.0,False,,,@teuss
RT @patburd: Verticales y data todo lo que necesitamos para un gran comienzo  #MediaParty @gserralta @dosunos https://t.co/NYMcAcBiP0,2022-08-25 13:42:25,es,,0.0,1.0,,HacksHackersBA,La conferencia que revoluciona el futuro de los medios #HHBA #MediaParty · Rebooting journalism · Journalism and technology / Periodismo y tecnología,8933.0,3516.0,3357.0,10016.0,312.0,False,,,@HacksHackersBA
"RT @sembramedia: ¡Comienza la primera charla de la #MediaParty! @HacksHackersBA 🎉

Abrimos con @gserralta de @dosunos quien compartirá refl…",2022-08-25 13:42:23,es,,0.0,2.0,,HacksHackersBA,La conferencia que revoluciona el futuro de los medios #HHBA #MediaParty · Rebooting journalism · Journalism and technology / Periodismo y tecnología,8933.0,3516.0,3357.0,10016.0,312.0,False,,,@HacksHackersBA
"RT @IWPR_AL: Comienza la #MediaParty y #CAPIR estará ahí para presentarles sus convocatorias de periodismo de investigación. 

Existen fond…",2022-08-25 13:42:19,es,,0.0,3.0,,HacksHackersBA,La conferencia que revoluciona el futuro de los medios #HHBA #MediaParty · Rebooting journalism · Journalism and technology / Periodismo y tecnología,8933.0,3516.0,3357.0,10016.0,312.0,False,,,@HacksHackersBA
"""Media organizations are winning when a nerd is in charge"" @pilhofer #MediaParty 🤓",2022-08-25 13:42:04,en,,2.0,0.0,@mariacelestee,Celeste Mottesi,"Content creator | Blogs, redes sociales, SEO | Escribo en #Otrawebdetecno y hablo en @Distopicas_.",1435.0,760.0,125.0,338.0,4.0,False,,,@mariacelestee
"Primera keynote sobre UX a cargo de @gserralta. La buena experiencia de usuario es valor en sí misma. Hay que vender la usabilidad, hacer marketing, trasladarla a precio. #MediaParty",2022-08-25 13:42:03,es,,1.0,0.0,@mariacelestee,Celeste Mottesi,"Content creator | Blogs, redes sociales, SEO | Escribo en #Otrawebdetecno y hablo en @Distopicas_.",1435.0,760.0,125.0,338.0,4.0,False,,,@mariacelestee
¿Alguien dijo #MediaParty? https://t.co/ZHFDT5ibez,2022-08-25 13:42:03,es,,1.0,0.0,,Celeste Mottesi,"Content creator | Blogs, redes sociales, SEO | Escribo en #Otrawebdetecno y hablo en @Distopicas_.",1435.0,760.0,125.0,338.0,4.0,False,,,@mariacelestee
#MediaParty X @clockwerks de @voxmedia dice Get weird. Ok https://t.co/uDcurMyeJT,2022-08-25 13:41:44,en,,2.0,0.0,@marbasch,marcela basch,Soy de la generación que creció sin internet y un día se la regalaron. Hago el newsletter experimental #diezpalabras. May you live interesting times #casipoesía,85928.0,92050.0,2266.0,4657.0,82.0,False,,,@marbasch
Taking us down memory lane  #MediaParty 2014 and a wonderful presentation by @clockwerks on @voxmedia how it grew and why #brand #audience #niche #passion #tech https://t.co/TN4fbMZ5nQ,2022-08-25 13:41:23,en,,5.0,1.0,,Patricia Torres-Burd,Prog. Dir. LATAM & M.D. /MAS @mdiforg & member of @SembraMedia @poderosaschicas and  @UHValenti advisory boards. Posts are for information & not endorsements,30092.0,25103.0,5000.0,3976.0,301.0,False,,,@patburd
Levanten la mano si están en la #MediaParty. En el escenario @clockwerks de Vox Media. https://t.co/w5f5GpIdcF,2022-08-25 13:41:17,es,,2.0,1.0,,Ariel Tiferes,"Periodismo, tech, deportes, memes y fotografía. Ahora: @chequeado Antes: @lanacion, @muyliebre y @a24com. Newsletter: @deilitek Podcast: @diyitales. 🤔 🤦🏼‍♂️",88106.0,9073.0,995.0,202557.0,784.0,True,,,@Gauyo
"RT @IWPR_AL: Comienza la #MediaParty y #CAPIR estará ahí para presentarles sus convocatorias de periodismo de investigación. 

Existen fond…",2022-08-25 13:39:42,es,,0.0,3.0,,Mariano Blejman,"CDO at Grupo Octubre, director at https://t.co/sZh8kYSguG, #MediaParty manager at @Mediafactory_vc. Knight Fellow for ICFJ. E-mail: blejman@gmail.com",22716.0,11286.0,6570.0,11249.0,487.0,False,,,@blejman
RT @JennaC_Sherman: Come check out my lightning talk tomorrow at 4:30 if you are at #mediaparty in BA! It’ll be so short and oh so sweet,2022-08-25 13:39:38,en,,0.0,2.0,,Mariano Blejman,"CDO at Grupo Octubre, director at https://t.co/sZh8kYSguG, #MediaParty manager at @Mediafactory_vc. Knight Fellow for ICFJ. E-mail: blejman@gmail.com",22716.0,11286.0,6570.0,11249.0,487.0,False,,,@blejman
"Comienza la #MediaParty y #CAPIR estará ahí para presentarles sus convocatorias de periodismo de investigación. 

Existen fondos para realizar trabajos de investigación nacional y/o transfronterizo; más info en: https://t.co/oUYorEkzVs

¡Acércate para platicar con nosotros! https://t.co/AxGZUL2Gli",2022-08-25 13:39:12,es,,3.0,3.0,,IWPR América Latina,Promoviendo la libertad de expresión e información en América Latina,1974.0,396.0,552.0,837.0,22.0,False,,,@IWPR_AL
"RT @HacksHackersBA: Comenzó “Vox Media: Entender el negocio de las noticias”, la Keynote de @clockwerks, cofundador y ex director de operac…",2022-08-25 13:38:35,es,,0.0,2.0,,teuss,My real name is Tea I Designer I Actress I datalover I TeaSommelier (((pasajera en tránsito perpetuo))),23555.0,45657.0,5002.0,2619.0,190.0,False,,,@teuss
"RT @HacksHackersBA: Comenzó “Vox Media: Entender el negocio de las noticias”, la Keynote de @clockwerks, cofundador y ex director de operac…",2022-08-25 13:38:03,es,,0.0,2.0,,Román Evangelista,"Basketball isn't a game; It's an art form.

Comunicación Social - UBA",4092.0,18011.0,179.0,182.0,0.0,False,,,@RomanEvangelist
"RT @dielandi: #Mediaparty @gserralta 
Sobre disrupción en medios. 

""En los medios pasan las mismas cosas que hace 10 años"" 
 Casos ejemplo…",2022-08-25 13:38:02,es,,0.0,2.0,,Mariano Blejman,"CDO at Grupo Octubre, director at https://t.co/sZh8kYSguG, #MediaParty manager at @Mediafactory_vc. Knight Fellow for ICFJ. E-mail: blejman@gmail.com",22716.0,11286.0,6570.0,11249.0,487.0,False,,,@blejman
"RT @HacksHackersBA: “Tenemos que preguntarnos a nosotros mismos si nuestro producto es sustentable y usable, preguntarle a nuestra audienci…",2022-08-25 13:37:59,es,,0.0,4.0,,Román Evangelista,"Basketball isn't a game; It's an art form.

Comunicación Social - UBA",4092.0,18011.0,179.0,182.0,0.0,False,,,@RomanEvangelist
Come check out my lightning talk tomorrow at 4:30 if you are at #mediaparty in BA! It’ll be so short and oh so sweet https://t.co/NcOSe43lvE,2022-08-25 13:37:45,en,,2.0,2.0,,Jenna Sherman,"Science writer @Meedan. MPH @HarvardChanSPH. Cofounder @StudentsCOVID19. Interests: repro justice, digital health, fighting greed, fried food",291.0,1159.0,718.0,427.0,12.0,False,,,@JennaC_Sherman
"RT @HacksHackersBA: “Tenemos que preguntarnos a nosotros mismos si nuestro producto es sustentable y usable, preguntarle a nuestra audienci…",2022-08-25 13:37:40,es,,0.0,4.0,,Mariano Blejman,"CDO at Grupo Octubre, director at https://t.co/sZh8kYSguG, #MediaParty manager at @Mediafactory_vc. Knight Fellow for ICFJ. E-mail: blejman@gmail.com",22716.0,11286.0,6570.0,11249.0,487.0,False,,,@blejman
Ahora @clockwerks habla sobre #MediaParty y su historia con @VoxProduct https://t.co/3Unwv8ZDaU,2022-08-25 13:37:12,es,,1.0,0.0,,Mariano Blejman,"CDO at Grupo Octubre, director at https://t.co/sZh8kYSguG, #MediaParty manager at @Mediafactory_vc. Knight Fellow for ICFJ. E-mail: blejman@gmail.com",22716.0,11286.0,6570.0,11249.0,487.0,False,,,@blejman
"Comenzó “Vox Media: Entender el negocio de las noticias”, la Keynote de @clockwerks, cofundador y ex director de operaciones de @voxmedia. 

#Keynote🚀 #MediaParty🎉 https://t.co/MfAWWKkDjn",2022-08-25 13:37:10,es,,5.0,2.0,,HacksHackersBA,La conferencia que revoluciona el futuro de los medios #HHBA #MediaParty · Rebooting journalism · Journalism and technology / Periodismo y tecnología,8933.0,3516.0,3357.0,10016.0,312.0,False,,,@HacksHackersBA
"“Tenemos que preguntarnos a nosotros mismos si nuestro producto es sustentable y usable, preguntarle a nuestra audiencia y a las herramientas técnicas de analytics."" Dice @gserralta.

""Hay que ser usabilidad, ser UX y la usabilidad no es solo pageviews.” agregó. 

#MediaParty🎉 https://t.co/9CT76HaCjZ",2022-08-25 13:35:43,es,,5.0,4.0,,HacksHackersBA,La conferencia que revoluciona el futuro de los medios #HHBA #MediaParty · Rebooting journalism · Journalism and technology / Periodismo y tecnología,8933.0,3516.0,3357.0,10016.0,312.0,False,,,@HacksHackersBA
"¡Comienza la primera charla de la #MediaParty! @HacksHackersBA 🎉

Abrimos con @gserralta de @dosunos quien compartirá reflexiones sobre: ""Disrupción sin interrupción en los medios"".

Mira la agenda completa aquí 👉https://t.co/qOhXGsnOV3 https://t.co/MavE45izae",2022-08-25 13:35:00,es,,5.0,2.0,,SembraMedia,Somos una organización sin fines de lucro que ayuda a medios independientes digitales de Iberoamérica a encontrar y desarrollar modelos de negocio sustentables,15586.0,7166.0,1224.0,12092.0,293.0,False,,,@sembramedia
"RT @HacksHackersBA: Es el turno de “Disrupción sin interrupción: cómo la UX puede cambiar un medio” por @gserralta, Co-Fundador y CEO de @d…",2022-08-25 13:35:00,es,,0.0,6.0,,Arnoldo Cuéllar,"Periodista, analista político. 
https://t.co/Eqq0q9uWK9",52212.0,3891.0,5368.0,19472.0,204.0,True,,,@arnoldocuellaro
RT @blejman: Ahora @gserralta speaker de #MediaParty https://t.co/eKaujP6mPB,2022-08-25 13:34:45,es,,0.0,2.0,,Arnoldo Cuéllar,"Periodista, analista político. 
https://t.co/Eqq0q9uWK9",52212.0,3891.0,5368.0,19472.0,204.0,True,,,@arnoldocuellaro
RT @gserralta: Salimos #mediaparty https://t.co/yrQ9soSluE,2022-08-25 13:33:48,es,,0.0,2.0,,Gaston,"Dad. Co-Founder & CTO @Dosunos, Founder & CEO @MilMegas, EnterpreNerd, DJ known as @gastonmagneto, sound designer, ham radio operator (LU5AGQ). Hodl!!!",3976.0,2773.0,930.0,579.0,36.0,False,,,@Gastonet
@gserralta en #MediaParty 2022 https://t.co/OqBgLS6k7B,2022-08-25 13:32:47,und,,1.0,0.0,@gserralta,FrecuenciadeNegocios,"Todos los días inversiones y oportunidades que están cerca, si estás conectado.",5375.0,4314.0,839.0,207.0,19.0,False,,,@frecuenciabiz
"""Pregunten a la audiencia tenemos un producto útil? Tenemos un producto usable? Es útil? Agrega valor?"" - Gastón Serralta en #MediaParty (en nuestro caso fue la parte más  divertida del rediseño de Tiempo Argentino) https://t.co/FBxWZOq4st",2022-08-25 13:32:24,es,,0.0,0.0,,Genosha,"We provide creativity to open minded clients in a friendly environment, inspiring them to feel creative and strategic.",431.0,320.0,167.0,558.0,1.0,False,,,@genoshans
Verticales y data todo lo que necesitamos para un gran comienzo  #MediaParty @gserralta @dosunos https://t.co/NYMcAcBiP0,2022-08-25 13:32:22,es,,8.0,1.0,,Patricia Torres-Burd,Prog. Dir. LATAM & M.D. /MAS @mdiforg & member of @SembraMedia @poderosaschicas and  @UHValenti advisory boards. Posts are for information & not endorsements,30092.0,25103.0,5000.0,3976.0,301.0,False,,,@patburd
RT @LNdata: Ahora @pilhofer con intro y recuerdos de hace 12 años en #MediaParty https://t.co/T663afmM69,2022-08-25 13:31:28,es,,0.0,2.0,,à,freelance #journalist @D15info @tromboinfo @LaVanguardia @elpaissemanal | working in progress as #datajournalist | https://t.co/IrwkVPdeL9👵👴,180086.0,27270.0,1006.0,867.0,278.0,False,,,@bbbcccnnn
"#Mediaparty @gserralta 
Sobre disrupción en medios. 

""En los medios pasan las mismas cosas que hace 10 años"" 
 Casos ejemplo de los que hacen cosas bien. 
#usabilidad #ux https://t.co/OhBLGOs3Zp",2022-08-25 13:29:39,es,,1.0,2.0,,Diego Landi,@NAagencia  @fmmilenium @laquesevienefm I https://t.co/XCyqzCHy2f I Lic Com @ubasociales y Mg en @MaePeriodismo. Pasé por @a24com @unoAR  @todonoticias y @fortunaweb,6367.0,1505.0,2587.0,1737.0,47.0,True,,,@dielandi
RT @i_benito: ¡Nos vemos mañana a las 16.30 en #MediaParty para conversar sobre defensa de periodistas y un proyecto muy innovador de @FOPE…,2022-08-25 13:28:47,es,,0.0,1.0,,Cecilia Bazán,🦄 Periodista y capacitadora | PM #FOPEALAB @FOPEA | '22 Spring cohort #EJCP @NewmarkJPlus | Antes en @lavozcomar,18069.0,11026.0,2312.0,3563.0,123.0,True,,,@Chatran
"¡Nos vemos mañana a las 16.30 en #MediaParty para conversar sobre defensa de periodistas y un proyecto muy innovador de @FOPEA! (Sí, es urgente hablar sobre eso ahora porque matar al periodismo libre es el cometido #1 de las autocracias).  https://t.co/WZrGIVjT9m",2022-08-25 13:28:33,es,,1.0,1.0,,Irene Benito,"Junto a @indaleciosanche y a @fernandostanich escribí ""#Tucumanazo2015. Las elecciones que torcieron el rumbo político del país"" (2016) y ""A su salud"" (2015).",7889.0,2123.0,979.0,4088.0,52.0,False,,,@i_benito
RT @transmediaCANAL: Pues ya está @ReyesBarrena en #MediaParty. Con ella @transmediaCANAL. A la 1 de BsAs pueden encontrarla con @HacksHack…,2022-08-25 13:27:49,es,,0.0,1.0,,hackndy.eth,Andy Ruiz Muñoz / Transmedia artist working on XR: AR/VR/360º/NFT Founder of @transmediaCANAL @lumbermedia #XRisNOW,480.0,605.0,3463.0,702.0,18.0,False,,,@XR_producer
RT @genoshans: La usabilidad es monetización-Gastón Serralta: Cómo la #UX puede cambiar un medio #MediaParty https://t.co/7p0kRdkb5r,2022-08-25 13:27:44,es,,0.0,1.0,,MagicNiclus,Developer,20747.0,107.0,104.0,367.0,7.0,False,,,@CasteranicolasC
"Gastón Serralta @dosunos como la UX puede cambiar un medio
#keynote🚀 #MediaParty🎉 https://t.co/gdy9rpgqfG",2022-08-25 13:27:13,es,,2.0,0.0,,teuss,My real name is Tea I Designer I Actress I datalover I TeaSommelier (((pasajera en tránsito perpetuo))),23555.0,45657.0,5002.0,2619.0,190.0,False,,,@teuss
La usabilidad es monetización-Gastón Serralta: Cómo la #UX puede cambiar un medio #MediaParty https://t.co/7p0kRdkb5r,2022-08-25 13:26:52,es,,2.0,1.0,,Genosha,"We provide creativity to open minded clients in a friendly environment, inspiring them to feel creative and strategic.",431.0,320.0,167.0,558.0,1.0,False,,,@genoshans
RT @xhgMattia: Loud music and the great @pilhofer on stage. #MediaParty is starting! 🎉🎉 https://t.co/pVrZDGZFHq,2022-08-25 13:26:20,en,,0.0,2.0,,Patricia Torres-Burd,Prog. Dir. LATAM & M.D. /MAS @mdiforg & member of @SembraMedia @poderosaschicas and  @UHValenti advisory boards. Posts are for information & not endorsements,30092.0,25103.0,5000.0,3976.0,301.0,False,,,@patburd
RT @clockwerks: good morning #MediaParty https://t.co/UYRF3nX5oY,2022-08-25 13:25:41,en,,0.0,1.0,,Patricia Torres-Burd,Prog. Dir. LATAM & M.D. /MAS @mdiforg & member of @SembraMedia @poderosaschicas and  @UHValenti advisory boards. Posts are for information & not endorsements,30092.0,25103.0,5000.0,3976.0,301.0,False,,,@patburd
"RT @HacksHackersBA: Es el turno de “Disrupción sin interrupción: cómo la UX puede cambiar un medio” por @gserralta, Co-Fundador y CEO de @d…",2022-08-25 13:23:55,es,,0.0,6.0,,Gonzalo M. Rios,Atendemos en https://t.co/LuGAU2ePCB y producimos https://t.co/1d3allqyDJ. #Headless #Wordpress #Linux #Coder #DevOps,5324.0,2423.0,406.0,478.0,16.0,False,,,@gonzalomr
Ya estamos! Las keynotes a pleno #MediaParty https://t.co/iBwgj6HeGz,2022-08-25 13:23:54,es,,1.0,0.0,,Genosha,"We provide creativity to open minded clients in a friendly environment, inspiring them to feel creative and strategic.",431.0,320.0,167.0,558.0,1.0,False,,,@genoshans
RT @avivaloeb: TIL in 2012 the NYT wanted to make a smart mirror that showed you headlines while you brushed your teeth!! #MediaParty https…,2022-08-25 13:23:33,en,,0.0,1.0,,Mariano Blejman,"CDO at Grupo Octubre, director at https://t.co/sZh8kYSguG, #MediaParty manager at @Mediafactory_vc. Knight Fellow for ICFJ. E-mail: blejman@gmail.com",22716.0,11286.0,6570.0,11249.0,487.0,False,,,@blejman
"RT @HacksHackersBA: Es el turno de “Disrupción sin interrupción: cómo la UX puede cambiar un medio” por @gserralta, Co-Fundador y CEO de @d…",2022-08-25 13:23:32,es,,0.0,6.0,,Román Evangelista,"Basketball isn't a game; It's an art form.

Comunicación Social - UBA",4092.0,18011.0,179.0,182.0,0.0,False,,,@RomanEvangelist
"RT @HacksHackersBA: Se abren las Keynotes de la mano de @Gala_chip y @pilhofer, co-fundador de @documentcloud y @HacksHackers.

#Keynote #M…",2022-08-25 13:23:17,es,,0.0,4.0,,Román Evangelista,"Basketball isn't a game; It's an art form.

Comunicación Social - UBA",4092.0,18011.0,179.0,182.0,0.0,False,,,@RomanEvangelist
"RT @HacksHackersBA: ¡En 5' arrancamos con las Keynotes del mejor evento del año!

#MediaParty🎉 https://t.co/3lNrgyWN08",2022-08-25 13:23:14,es,,0.0,3.0,,Román Evangelista,"Basketball isn't a game; It's an art form.

Comunicación Social - UBA",4092.0,18011.0,179.0,182.0,0.0,False,,,@RomanEvangelist
"RT @HacksHackersBA: ¡En 5' arrancamos con las Keynotes del mejor evento del año!

#MediaParty🎉 https://t.co/3lNrgyWN08",2022-08-25 13:23:08,es,,0.0,3.0,,Enzo Evangelista,Ciencias de la Comunicación 📚,10353.0,1843.0,1989.0,2780.0,6.0,False,,,@enzotomas96
RT @blejman: Ahora @gserralta speaker de #MediaParty https://t.co/eKaujP6mPB,2022-08-25 13:22:44,es,,0.0,2.0,,HacksHackersBA,La conferencia que revoluciona el futuro de los medios #HHBA #MediaParty · Rebooting journalism · Journalism and technology / Periodismo y tecnología,8933.0,3516.0,3357.0,10016.0,312.0,False,,,@HacksHackersBA
"RT @HacksHackersBA: ¿Qué vas a ver hoy en la #MediaParty🎉?

Uf, va a ser una jornadita intensa! Está por empezar, así que andá yendo al @CC…",2022-08-25 13:22:43,es,,0.0,1.0,,Enzo Evangelista,Ciencias de la Comunicación 📚,10353.0,1843.0,1989.0,2780.0,6.0,False,,,@enzotomas96
RT @Pascualicchio: Primer orador de la #MediaParty: @gserralta de @dosunos https://t.co/TRdNE8Cnxx,2022-08-25 13:22:41,es,,0.0,1.0,,HacksHackersBA,La conferencia que revoluciona el futuro de los medios #HHBA #MediaParty · Rebooting journalism · Journalism and technology / Periodismo y tecnología,8933.0,3516.0,3357.0,10016.0,312.0,False,,,@HacksHackersBA
"RT @HacksHackersBA: Es el turno de “Disrupción sin interrupción: cómo la UX puede cambiar un medio” por @gserralta, Co-Fundador y CEO de @d…",2022-08-25 13:22:04,es,,0.0,6.0,,Edison BUrbano 🇨🇴🇦🇷🌎🌍🌏,"*Soy Comunicador, Community Manager, Digital Activist, Redes Sociales, DDHH, Radialista apasionado.  
Humanista, mamerto, izquierda*  [OPINIONES PERSONALES]",127835.0,187316.0,3827.0,4420.0,59.0,False,,,@edisonburbanoOK
Primer orador de la #MediaParty: @gserralta de @dosunos https://t.co/TRdNE8Cnxx,2022-08-25 13:21:25,es,,3.0,1.0,,Pascual Calicchio,"Secretario General de @DefdelPublico, dirigente de @identidadAR, Periodista, Profesor, SME, DJ, Hack Hackers,  ISTLyR,  UBA,  UNQui,  Hincha de Ituzaingó.",120095.0,19046.0,2307.0,6935.0,138.0,False,,,@Pascualicchio
"RT @HacksHackersBA: Es el turno de “Disrupción sin interrupción: cómo la UX puede cambiar un medio” por @gserralta, Co-Fundador y CEO de @d…",2022-08-25 13:21:17,es,,0.0,6.0,,Gaston,"Dad. Co-Founder & CTO @Dosunos, Founder & CEO @MilMegas, EnterpreNerd, DJ known as @gastonmagneto, sound designer, ham radio operator (LU5AGQ). Hodl!!!",3976.0,2773.0,930.0,579.0,36.0,False,,,@Gastonet
Comenzando a disfrutar de #MediaParty @mediastream https://t.co/Hlc9OrRwPc,2022-08-25 13:21:10,es,,1.0,0.0,,Gaston,"All views shared here are my own. #streaming
@Mediastream",53.0,5.0,235.0,56.0,3.0,False,,,@gascastellarin
Ahora @gserralta speaker de #MediaParty https://t.co/eKaujP6mPB,2022-08-25 13:20:48,es,,3.0,2.0,,Mariano Blejman,"CDO at Grupo Octubre, director at https://t.co/sZh8kYSguG, #MediaParty manager at @Mediafactory_vc. Knight Fellow for ICFJ. E-mail: blejman@gmail.com",22716.0,11286.0,6569.0,11246.0,487.0,False,,,@blejman
Primera keynote de #MediaParty: @gserralta de @dosunos habla de qué es disrupción en medios en 2022 https://t.co/qMh8dlXC3p,2022-08-25 13:20:39,es,,1.0,0.0,@marbasch,marcela basch,Soy de la generación que creció sin internet y un día se la regalaron. Hago el newsletter experimental #diezpalabras. May you live interesting times #casipoesía,85928.0,92050.0,2266.0,4657.0,82.0,False,,,@marbasch
"RT @HacksHackersBA: Es el turno de “Disrupción sin interrupción: cómo la UX puede cambiar un medio” por @gserralta, Co-Fundador y CEO de @d…",2022-08-25 13:20:01,es,,0.0,6.0,,Dosunos,"Servicios de consultoría, infraestructura y seguridad informática. #EstrategiaDigital - Instinto Tecnológico",133.0,20.0,2.0,146.0,2.0,False,,,@dosunos
"RT @Leo_Vazquez2000: #Medios | #MediaParty 2022: Lo que tenés que saber https://t.co/e9Lvvf56eD 
Por Equipo de desarrollo, vía @izquierdadi…",2022-08-25 13:19:54,es,,0.0,2.0,,Leonardo Vazquez,"Informático y militante, parte del equipo de desarrollo de La Izquierda Diario (y cuando puedo escribo algo sobre tecnología).",3252.0,3001.0,704.0,599.0,9.0,False,,,@Leo_Vazquez2000
"RT @genoshans: Mañana es jueves de #MediaParty! y 2 genoshans prepararon un workshop para la tanda de las 16:30 ""IA al alcance de todxs: Ge…",2022-08-25 13:19:48,es,,0.0,5.0,,Gala Cacchione 🍒,"A veces productora, de vez en cuando conductora, cuando quiero periodista.  
Tengo un blogcito tecno.

 Ex Nacional rock 93.7 ♥️",4970.0,4940.0,967.0,1740.0,20.0,False,,,@Gala_chip
"RT @HacksHackersBA: Se abren las Keynotes de la mano de @Gala_chip y @pilhofer, co-fundador de @documentcloud y @HacksHackers.

#Keynote #M…",2022-08-25 13:18:40,es,,0.0,4.0,,teuss,My real name is Tea I Designer I Actress I datalover I TeaSommelier (((pasajera en tránsito perpetuo))),23555.0,45657.0,5002.0,2619.0,190.0,False,,,@teuss
"Es el turno de “Disrupción sin interrupción: cómo la UX puede cambiar un medio” por @gserralta, Co-Fundador y CEO de @dosunos. 

#Keynote🚀 #MediaParty🎉 https://t.co/I6m6E4DG0u",2022-08-25 13:18:27,es,,7.0,6.0,,HacksHackersBA,La conferencia que revoluciona el futuro de los medios #HHBA #MediaParty · Rebooting journalism · Journalism and technology / Periodismo y tecnología,8933.0,3516.0,3357.0,10016.0,312.0,False,,,@HacksHackersBA
"Comienza la #MediaParty de @HacksHackersBA, el encuentro más útil para un/a periodista en el país https://t.co/dT3gK4Ltc8",2022-08-25 13:18:25,es,,1.0,0.0,,Juan Pablo Darioli,"Periodista 💻🎙️
Central, peronismo y cultura.",12845.0,12008.0,806.0,1412.0,15.0,False,,,@jpdarioli
RT @teuss: 🎉Arrancó la fiesta! Arrancó la #MediaParty @HacksHackersBA https://t.co/dn7f7rbxro,2022-08-25 13:17:59,es,,0.0,1.0,,Gala Cacchione 🍒,"A veces productora, de vez en cuando conductora, cuando quiero periodista.  
Tengo un blogcito tecno.

 Ex Nacional rock 93.7 ♥️",4970.0,4940.0,967.0,1740.0,20.0,False,,,@Gala_chip
TIL in 2012 the NYT wanted to make a smart mirror that showed you headlines while you brushed your teeth!! #MediaParty https://t.co/Xtppj6kB96,2022-08-25 13:17:26,en,,6.0,1.0,,Aviva Loeb,Subscriber engagement editor at @washingtonpost but you can mostly expect bad jokes and pictures of my dog on here. she/her,9722.0,16117.0,919.0,1497.0,29.0,True,,,@avivaloeb
RT @Pascualicchio: Ya hay fila para entrar a la #MediaParty en el @CCKonex https://t.co/fwcTXoOA4O,2022-08-25 13:15:26,es,,0.0,1.0,,taniaw 💚,Diseñadora gráfica. Hago cosas con vidrios ig @tanwapi. Buscando mi lugar en el mundo…,31047.0,28724.0,569.0,452.0,7.0,False,,,@tanwapi
Arranca tranqui la #MediaParty X con @pilhofer como host 🤯 https://t.co/Fr0toWKvSK,2022-08-25 13:12:57,es,,2.0,0.0,@marbasch,marcela basch,Soy de la generación que creció sin internet y un día se la regalaron. Hago el newsletter experimental #diezpalabras. May you live interesting times #casipoesía,85928.0,92050.0,2266.0,4657.0,82.0,False,,,@marbasch
"RT @HacksHackersBA: Se abren las Keynotes de la mano de @Gala_chip y @pilhofer, co-fundador de @documentcloud y @HacksHackers.

#Keynote #M…",2022-08-25 13:12:39,es,,0.0,4.0,,Leonardo Vazquez,"Informático y militante, parte del equipo de desarrollo de La Izquierda Diario (y cuando puedo escribo algo sobre tecnología).",3252.0,3001.0,704.0,599.0,9.0,False,,,@Leo_Vazquez2000
🎉Arrancó la fiesta! Arrancó la #MediaParty @HacksHackersBA https://t.co/dn7f7rbxro,2022-08-25 13:11:25,es,,3.0,1.0,,teuss,My real name is Tea I Designer I Actress I datalover I TeaSommelier (((pasajera en tránsito perpetuo))),23555.0,45657.0,5002.0,2619.0,190.0,False,,,@teuss
Good morning #MediaParty X ❤ https://t.co/ywWtphP4w4,2022-08-25 13:11:21,en,,8.0,0.0,,marcela basch,Soy de la generación que creció sin internet y un día se la regalaron. Hago el newsletter experimental #diezpalabras. May you live interesting times #casipoesía,85928.0,92050.0,2266.0,4657.0,82.0,False,,,@marbasch
"RT @HacksHackersBA: Se abren las Keynotes de la mano de @Gala_chip y @pilhofer, co-fundador de @documentcloud y @HacksHackers.

#Keynote #M…",2022-08-25 13:11:00,es,,0.0,4.0,,Edison BUrbano 🇨🇴🇦🇷🌎🌍🌏,"*Soy Comunicador, Community Manager, Digital Activist, Redes Sociales, DDHH, Radialista apasionado.  
Humanista, mamerto, izquierda*  [OPINIONES PERSONALES]",127835.0,187316.0,3827.0,4420.0,59.0,False,,,@edisonburbanoOK
En la #MediaParty https://t.co/asMjstSz9c,2022-08-25 13:10:56,es,,3.0,0.0,,Bruno Massare,Periodista | Editor de @AgenciaTSS en @unsamoficial | docente @unimoreno y presidente @RAdPC,4510.0,9516.0,1435.0,2569.0,56.0,False,,,@bmassare
"Conocé las últimas 6 bases de resultados electorales de la Argentina, unificadas y normalizadas, de manera exclusiva por @izquierdadiario para el proyecto LID Datos y Mapas Abiertos. Lo que tenes que saber sobre la #MediaParty en esta nota
https://t.co/tzLmxv1qYW https://t.co/b0baOkoepV",2022-08-25 13:09:47,es,,2.0,0.0,,Leonardo Vazquez,"Informático y militante, parte del equipo de desarrollo de La Izquierda Diario (y cuando puedo escribo algo sobre tecnología).",3252.0,3001.0,704.0,599.0,9.0,False,,,@Leo_Vazquez2000
"Proyecto de LID #Datos y #Mapas abiertos. Desarrollemos junt@s una plataforma de bases de datos públicas visualización libre y abierta, para cualquier medio u organización. El sábado en la #hackathon de la #MediaParty en la imagen, la base del proyecto https://t.co/hLI4JZH81A",2022-08-25 13:09:31,es,,3.0,0.0,,Leonardo Vazquez,"Informático y militante, parte del equipo de desarrollo de La Izquierda Diario (y cuando puedo escribo algo sobre tecnología).",3252.0,3001.0,704.0,599.0,9.0,False,,,@Leo_Vazquez2000
"Se abren las Keynotes de la mano de @Gala_chip y @pilhofer, co-fundador de @documentcloud y @HacksHackers.

#Keynote #MediaParty🎉 https://t.co/UCHWxwtFjw",2022-08-25 13:08:44,es,,6.0,4.0,,HacksHackersBA,La conferencia que revoluciona el futuro de los medios #HHBA #MediaParty · Rebooting journalism · Journalism and technology / Periodismo y tecnología,8933.0,3516.0,3357.0,10016.0,312.0,False,,,@HacksHackersBA
RT @LNdata: Ahora @pilhofer con intro y recuerdos de hace 12 años en #MediaParty https://t.co/T663afmM69,2022-08-25 13:08:42,es,,0.0,2.0,,Mariano Blejman,"CDO at Grupo Octubre, director at https://t.co/sZh8kYSguG, #MediaParty manager at @Mediafactory_vc. Knight Fellow for ICFJ. E-mail: blejman@gmail.com",22716.0,11286.0,6569.0,11246.0,487.0,False,,,@blejman
"RT @ezralevant: You paid taxes so that Trudeau could give $104M in bail-out money to the propagandists at Global, CTV and CBC.

No wonder t…",2022-08-25 13:08:42,en,,0.0,450.0,,Ceeker,Just a simple guy making his way through life.,1669.0,1283.0,123.0,110.0,3.0,False,,,@Ceeker3
Ahora @pilhofer con intro y recuerdos de hace 12 años en #MediaParty https://t.co/T663afmM69,2022-08-25 13:06:50,es,,4.0,2.0,,LA NACION Data,"#opendata #ddj #data #dataviz #opengov Casos, visualizaciones, herramientas y periodismo con bases de datos. LN, Argentina y el Mundo. We also tweet in English!",28862.0,13081.0,3214.0,62737.0,1014.0,True,,,@LNdata
"Gracias al increíble apoyo de @GoogleNewsInit tenemos plazas gratuitas y dentro del programa también ofrecemos #coaching individual y sesiones en vivo.
🎉 Si estás en la #MediaParty @HacksHackersBA busca a nuestra @LuliCristallo y te contará cómo sumarte al reto de forma gratuita https://t.co/4jeFTHrKc4",2022-08-25 13:06:21,es,,3.0,0.0,@selfinvestigate,The Self-Investigation,"Sustaining journalism by enhancing journalists’ well-being
👉Self-paced course: https://t.co/muw1yBe3L0
Y en español: https://t.co/8RlOTOEhUJ",102.0,40.0,152.0,350.0,5.0,False,,,@selfinvestigate
"Ya arrancó la 10° edición de la #MediaParty 

Qué lindo que hayan vuelto los eventos presenciales ♥️ https://t.co/5puRrRG0NK",2022-08-25 13:06:16,es,,3.0,0.0,,Melisa Avolio,Periodista especializada en tecnología | Trabajo en @AgenciaTelam | Doy capacitaciones en #OficiosYRedes | Acá mis opiniones | ♥️🎹,10289.0,13885.0,1334.0,3454.0,49.0,True,,,@meliceci
good morning #MediaParty https://t.co/UYRF3nX5oY,2022-08-25 13:06:16,en,AR,10.0,1.0,,Trei Brundrett,cofounder/advisor @voxmedia; board @TexasTribune + @OpenNews + @McDonaldObs; Astros fan not sorry; I’m from Texas,13764.0,12758.0,2478.0,6689.0,274.0,True,,,@clockwerks
¡Volvimos! 🎉🥰 #MediaParty @HacksHackersBA https://t.co/L71hJ2tN5P,2022-08-25 13:06:13,es,,5.0,0.0,,Guada Sanchez Granel 💚,"Periodismo, redes y comunicación digital. 
✍ @Cronistacom @AperturaRevista @Redaccioncomar
💫 Directora de #TerritoriosyResistencias en @chicapoderosaarg",14712.0,47553.0,1176.0,1417.0,31.0,False,,,@Guada_SG
RT @dosunos: Todo el equipo de @dosunos listo para la #mediaparty https://t.co/E4LDPnwZbd,2022-08-25 13:04:26,es,,0.0,2.0,,Gonzalo M. Rios,Atendemos en https://t.co/LuGAU2ePCB y producimos https://t.co/1d3allqyDJ. #Headless #Wordpress #Linux #Coder #DevOps,5324.0,2423.0,406.0,478.0,16.0,False,,,@gonzalomr
"Arranca la #MediaParty 🎉 
@HacksHackersBA https://t.co/oLbkr0NRYl",2022-08-25 13:03:17,es,AR,1.0,0.0,,Redacciones5G,Somos el programa de formación de #TelecomArgentina. Difundimos el potencial que la tecnología móvil puede aportar al periodismo 📲 En alianza con @motorola_AR,140.0,51.0,114.0,104.0,1.0,False,,,@Redacciones5G
"RT @abel_ez: Arranca la extraordinaria #MediaParty @HacksHackersBA y tenemos representante.

🙌 Nuestra editora y líder de audiencias @Uriar…",2022-08-25 13:02:38,es,,0.0,1.0,,8000,"La información clave para arrancar el día bahiense. En pocos minutos. Y gratis. #BahíaBlanca

📲 Contactanos: https://t.co/x1LrjGH9pn",2493.0,1099.0,207.0,568.0,2.0,False,,,@8000Bahia
RT @xhgMattia: Loud music and the great @pilhofer on stage. #MediaParty is starting! 🎉🎉 https://t.co/pVrZDGZFHq,2022-08-25 13:01:17,en,,0.0,2.0,,Sam Leguizamón,Program Manager at @newsproduct • Periodismo • Comunicación • Jujeña,3464.0,14448.0,3181.0,757.0,7.0,False,,,@SamLeguizamon
RT @dosunos: Todo el equipo de @dosunos listo para la #mediaparty https://t.co/E4LDPnwZbd,2022-08-25 13:01:11,es,,0.0,2.0,,Gaston,"Dad. Co-Founder & CTO @Dosunos, Founder & CEO @MilMegas, EnterpreNerd, DJ known as @gastonmagneto, sound designer, ham radio operator (LU5AGQ). Hodl!!!",3976.0,2773.0,930.0,578.0,36.0,False,,,@Gastonet
Loud music and the great @pilhofer on stage. #MediaParty is starting! 🎉🎉 https://t.co/pVrZDGZFHq,2022-08-25 13:00:51,en,,10.0,2.0,,Mattia Peretti,"Managing #JournalismAI at @PolisLSE. Systems thinker. Interested in design, leadership and social change. Lucky guy.",10854.0,16514.0,3353.0,3508.0,166.0,False,,,@xhgMattia
Todo el equipo de @dosunos listo para la #mediaparty https://t.co/E4LDPnwZbd,2022-08-25 13:00:47,es,AR,5.0,2.0,,Dosunos,"Servicios de consultoría, infraestructura y seguridad informática. #EstrategiaDigital - Instinto Tecnológico",133.0,20.0,2.0,146.0,2.0,False,,,@dosunos
"RT @ezralevant: You paid taxes so that Trudeau could give $104M in bail-out money to the propagandists at Global, CTV and CBC.

No wonder t…",2022-08-25 12:59:24,en,,0.0,450.0,,Byzantine Foods,"Organic farming: Olives, Olive oil, mountain herbs & tea. Nutrient rich foods enable health & assist the body in its daily functions. #No2GMO. 
🇨🇦 🇬🇷 🇺🇸",16506.0,36955.0,508.0,981.0,5.0,False,,,@ByzantineFoods
#MediaParty apunto de empezar 😍😋 https://t.co/3ZgBdG9O7P,2022-08-25 12:58:48,es,AR,1.0,0.0,,ijann_,"sonríe o muere 📚,
la capacidad de hacer mas con menos se le conoce como... apalancamiento 🧐.

#developer",892.0,2075.0,286.0,31.0,1.0,False,,,@ijann_
Ya estamos ready en la #MediaParty https://t.co/i12YpJy7t6,2022-08-25 12:58:10,es,,1.0,0.0,,radioKJSH.py,,3511.0,46589.0,874.0,281.0,0.0,False,,,@radiokjsh
RT @gserralta: Salimos #mediaparty https://t.co/yrQ9soSluE,2022-08-25 12:57:05,es,,0.0,2.0,,Dosunos,"Servicios de consultoría, infraestructura y seguridad informática. #EstrategiaDigital - Instinto Tecnológico",133.0,20.0,2.0,146.0,2.0,False,,,@dosunos
"¡En 5' arrancamos con las Keynotes del mejor evento del año!

#MediaParty🎉 https://t.co/3lNrgyWN08",2022-08-25 12:56:26,es,,11.0,3.0,,HacksHackersBA,La conferencia que revoluciona el futuro de los medios #HHBA #MediaParty · Rebooting journalism · Journalism and technology / Periodismo y tecnología,8933.0,3516.0,3357.0,10016.0,312.0,False,,,@HacksHackersBA
Salimos #mediaparty https://t.co/yrQ9soSluE,2022-08-25 12:50:00,es,,8.0,2.0,,Gaston Serralta,"Co-Founder & CEO @Dosunos, https://t.co/JwJrCvOwgy #PapaDeAstorTaniaySimon #DigitalMedia #UX #Technology #DigitalProducts ❤️ 👉 @lalielede",4143.0,465.0,279.0,429.0,25.0,False,,,@gserralta
"Arranca la extraordinaria #MediaParty @HacksHackersBA y tenemos representante.

🙌 Nuestra editora y líder de audiencias @UriarteBelen aportará la experiencia de @8000Bahia. #OrgulloBahiense",2022-08-25 12:48:39,es,,8.0,1.0,,Abel Escudero Zadrayec,Bahiense | @RISJ_Oxford consultant. Director https://t.co/oyDmv53sPC | WaPo contributor. Docente | Editor Clarín 17-19. Jefe https://t.co/XPtiSuXhyc 04-16 | River y Liniers. #beerstorming,31932.0,0.0,344.0,2011.0,75.0,False,,,@abel_ez
Hola #mediaparty https://t.co/GaXSo6lXLG,2022-08-25 12:47:00,es,,6.0,0.0,,Víctor Amaya,Periodista venezolano. Acumulo datos que a nadie le importan. Hago @estosisuena.,58701.0,5071.0,2826.0,123424.0,1100.0,True,,,@victoramaya
Ready to see @pilhofer and @blejman opening in #mediaparty now starting in @HacksHackersBA #BuenosAires https://t.co/lgUmotqGre,2022-08-25 12:42:37,en,,5.0,0.0,,Momi Peralta,"In @Lanacion Multimedia & Interactive since 1996. @LNdata PM @LNnaturaleza team . Aprendiendo a cualquier hora, feliz. I LOVE DATA, music & nature. GenX 100% 🧉",9088.0,1131.0,3587.0,7052.0,379.0,True,,,@momiperalta
RT @fcoel: ¿Nos vemos? #Mediaparty @HacksHackersBA #hhba https://t.co/svqZLhrApS,2022-08-25 12:39:54,es,,0.0,3.0,,Florencio 👓,"Desde 🇦🇷 para toda la galaxia
😎",295008.0,7492.0,2986.0,2434.0,142.0,False,,,@FlorencioSoy
RT @fcoel: ¿Nos vemos? #Mediaparty @HacksHackersBA #hhba https://t.co/svqZLhrApS,2022-08-25 12:39:28,es,,0.0,3.0,,LA NACION Data,"#opendata #ddj #data #dataviz #opengov Casos, visualizaciones, herramientas y periodismo con bases de datos. LN, Argentina y el Mundo. We also tweet in English!",28862.0,13081.0,3214.0,62737.0,1014.0,True,,,@LNdata
"RT @fcoel: Habemus stickerssssss

Pasen por el stand de @lndata en la Media Feria de la #Mediaparty 

Y estamos entrevistando periodistas d…",2022-08-25 12:39:17,es,,0.0,2.0,,LA NACION Data,"#opendata #ddj #data #dataviz #opengov Casos, visualizaciones, herramientas y periodismo con bases de datos. LN, Argentina y el Mundo. We also tweet in English!",28862.0,13081.0,3214.0,62737.0,1014.0,True,,,@LNdata
RT @blejman: Bueno. M&amp;M un año más #MediaParty https://t.co/BPwu8trIFX,2022-08-25 12:35:18,es,,0.0,2.0,,taniaw 💚,Diseñadora gráfica. Hago cosas con vidrios ig @tanwapi. Buscando mi lugar en el mundo…,31047.0,28724.0,569.0,452.0,7.0,False,,,@tanwapi
Hoy arranca #mediaparty 🚀 https://t.co/oIc1egXUaF,2022-08-25 12:34:54,es,,2.0,0.0,,Matías Enríquez,Lic. en Comunicación | Prensa CM | Director @elobservador_ok | Columnista @perfilcom | Docente,19697.0,17041.0,2003.0,3745.0,41.0,True,,,@tutenriquez
"Ya estamos en la Ante Sala con @JornadaWeb esperando por el inicio del #MediaParty 🫶
@CCKonex @HacksHackersBA https://t.co/knggoZXAd6",2022-08-25 12:33:59,es,AR,5.0,0.0,,Anita Restuccia,"Ana•Anita•Anage
🎓 Lic. en relaciones públicas
👷‍♀️ @jornadaweb @cadenatiempo 💫 @iarafundacion
🐶 Ran&Soli 📍#trelew 🇦🇷
#MarketingDigital",1194.0,607.0,573.0,308.0,0.0,False,,,@anitarestuccia
"RT @ezralevant: You paid taxes so that Trudeau could give $104M in bail-out money to the propagandists at Global, CTV and CBC.

No wonder t…",2022-08-25 12:32:09,en,,0.0,450.0,,Bearjo,God bless USA & CANADA,6142.0,17309.0,75.0,144.0,3.0,False,,,@dessertsun2
¿Quién va hoy a la #MediaParty?,2022-08-25 12:32:09,es,,3.0,0.0,,leandro camino 🚀,Journalist | Editorial content manager @telefe @telefenoticias @paramountco | Content Strategist | Digital Video | Crypto Enthusiast,40699.0,62672.0,2329.0,5825.0,86.0,True,,,@leandrocamino
"Comienza #mediaparty 🎉 @HacksHackersBA

https://t.co/k87dtD2aKO",2022-08-25 12:31:36,es,,1.0,0.0,,SebasTempone,"Me escuchas en @delta903 trabajo en @americatv 

Fanático de #GELP",41608.0,7812.0,3211.0,144429.0,230.0,True,,,@SebasTempone
Ya hay fila para entrar a la #MediaParty en el @CCKonex https://t.co/fwcTXoOA4O,2022-08-25 12:25:09,es,,6.0,1.0,,Pascual Calicchio,"Secretario General de @DefdelPublico, dirigente de @identidadAR, Periodista, Profesor, SME, DJ, Hack Hackers,  ISTLyR,  UBA,  UNQui,  Hincha de Ituzaingó.",120095.0,19046.0,2307.0,6935.0,138.0,False,,,@Pascualicchio
"Qué lindo volver a ir *presencial* a la #MediaParty de @HacksHackersBA, sin dudas de las mejores conferencias del mundo sobre medios e innovación. ¡Nos vemos! 👇
Plus ♻️ en mí caso: voy caminando. https://t.co/yLdIFEB3v3",2022-08-25 12:23:20,es,,2.0,1.0,,Pablo M. Fernández,"Director ejecutivo y periodístico de @Chequeado | Tuiteo links, ideas y herramientas contra desinfo + alguito personal | Profesor: UBA/UTDT | Coautor: #LFDT y +",141590.0,29260.0,1873.0,37085.0,757.0,True,,,@fernandezpm
Ya en la #MediaParty como cuando éramos jóvenes y no había pandemia 🤓 https://t.co/tm62JLCseb,2022-08-25 12:15:51,es,,3.0,0.0,,Cecilia Bazán,🦄 Periodista y capacitadora | PM #FOPEALAB @FOPEA | '22 Spring cohort #EJCP @NewmarkJPlus | Antes en @lavozcomar,18069.0,11026.0,2312.0,3563.0,123.0,True,,,@Chatran
RT @fcoel: ¿Nos vemos? #Mediaparty @HacksHackersBA #hhba https://t.co/svqZLhrApS,2022-08-25 12:15:23,es,,0.0,3.0,,taniaw 💚,Diseñadora gráfica. Hago cosas con vidrios ig @tanwapi. Buscando mi lugar en el mundo…,31047.0,28724.0,569.0,452.0,7.0,False,,,@tanwapi
Un año mas! #MediaParty https://t.co/IVybjVFxuG,2022-08-25 12:15:11,es,,2.0,0.0,,Emiliano,🧉,78952.0,13741.0,695.0,2390.0,64.0,False,,,@soyemipanelli
Pues ya está @ReyesBarrena en #MediaParty. Con ella @transmediaCANAL. A la 1 de BsAs pueden encontrarla con @HacksHackersBA. #HHBA 🔥🔥🔥 https://t.co/l7deaofkps,2022-08-25 12:14:06,es,,6.0,1.0,,CANAL Transmedia,"NUEVAS TECNOLOGÍAS Y NARRATIVAS CONVERGENTES
| Text | Image | AV | Sound | Inmersion | 
#news #photo #podcast #shortfilms #journalism #periodismo #documentary",8.0,15.0,39.0,12.0,0.0,False,,,@transmediaCANAL
¿Nos vemos? #Mediaparty @HacksHackersBA #hhba https://t.co/svqZLhrApS,2022-08-25 12:13:28,es,,11.0,3.0,,Flor Coelho,Capitana @emojidelmate_ok 🧉 / Proud @JSKStanford @LNdata & @LNnaturaleza. #hhba #neverstoplearning,58722.0,67517.0,7703.0,11923.0,444.0,True,,,@fcoel
"📣 @JujuyalMomento presente en el ""#MediaParty"", la conferencia que revoluciona los medios ⚡️🫶🏽

📰 10 provincias fueron seleccionados para viajar a Buenos Aires gracias al apoyo Google News Initiative
https://t.co/UJ7QcTgL5f",2022-08-25 12:04:34,es,,2.0,0.0,,Jujuy al Momento,Las noticias de Jujuy y el mundo están aquí.,133943.0,47.0,331.0,13686.0,97.0,False,,,@JujuyalMomento
"RT @sembramedia: ¡Falta solo un día para la #MediaParty! 🎉 ¿Nos vemos ahí? Mira la agenda 👉 https://t.co/qOhXGsnOV3

Estaremos presentes en…",2022-08-25 12:03:57,es,,0.0,4.0,,Ana Paula Valacco 💚,"@CheveningFCDO 21-22 MA Journo, Media & Comms @CardiffJOMEC | gerenta @8000bahia | member @globalshapersba | Cada día más feminista | La de la sonrisa perenne",14683.0,72710.0,1378.0,1879.0,35.0,False,,,@AnaValacco
"RT @HacksHackersBA: Sí, HOY empieza la 10º edición de la #MediaParty🎉. 

La conferencia que revoluciona los medios. 

Perfumense que en una…",2022-08-25 12:03:52,es,,0.0,5.0,,Julia Varela,@pulsonoticiasok | @somosplurinacional | @escuelaETER | Narrativas transmedia,521.0,1356.0,1287.0,325.0,2.0,False,,,@Julia_Varela_
"Hoy a las 10 am, hora de Chile, en #ademDay, Miguel habla de la economía de suscripciones. A las 12, hora de Argentina, está en la feria de la #mediaparty en Buenos Aires. https://t.co/vUZT4usOMj",2022-08-25 12:03:25,es,,0.0,0.0,,Reveniu,Maximiza tus ingresos de pagos recurrentes de forma automatizada. Con tarjetas de débito y crédito. 🤑🤟,496.0,140.0,854.0,473.0,3.0,False,,,@reveniuhq
Disrupción sin interrupción: cómo la UX puede cambiar un medio / https://t.co/Pxh0Qx5gd6 @hackshackersba #mediaparty @sched,2022-08-25 11:50:01,es,,1.0,0.0,,cooperaciontec,"ICT4D Inclusión socio-Digital
https://t.co/DH0TeQcuLn",82.0,81.0,398.0,96.0,0.0,False,,,@cooperaciontec
RT @pavadore_rich: The #MediaParty is doing that today and many young people are falling for it.,2022-08-25 11:47:53,en,,0.0,4.0,,MarxistUSA,"Socialism works until you run out of other people's money. M.Thatcher

You can vote in Socialism but you'll have to shoot your way out. (source?)",3629.0,6135.0,326.0,178.0,0.0,False,,,@law_meyers
"Arranca en minutos la #MediaParty  X, ¡diez! 
y en personaaaaaa
alta manija https://t.co/TURggoBrED",2022-08-25 11:44:07,es,,2.0,0.0,,marcela basch,Soy de la generación que creció sin internet y un día se la regalaron. Hago el newsletter experimental #diezpalabras. May you live interesting times #casipoesía,85928.0,92050.0,2266.0,4657.0,82.0,False,,,@marbasch
RT @blejman: Bueno. M&amp;M un año más #MediaParty https://t.co/BPwu8trIFX,2022-08-25 11:43:37,es,,0.0,2.0,,BA Snyder,in love with journalism & comms | third culture kid | ✌️❤️🌮 | @vgmarketingpr founder | https://t.co/HJzIEpdlsX co-founder | she/her/ella,37634.0,32943.0,5002.0,3751.0,206.0,False,,,@TheBAsnyder
"LLEGÓ EL DÍA 🤩💫 Que lindo volver a encontrarnos presencialmente en uno de los mejores eventos de periodismo del país! 🚀
#MediaParty @HacksHackersBA https://t.co/X65mn0dujL",2022-08-25 11:41:59,es,,4.0,1.0,,Florencia Rodríguez Altube,"Periodismo de datos e innovación en @LNData @LANACION 🗞📊|  Docente en @UCAPeriodismo y @EscuelaETER 📚
✉ fraltube@lanacion.com.ar",2790.0,5020.0,1399.0,1604.0,10.0,True,,,@FlorRAltube
RT @pavadore_rich: The #MediaParty is doing that today and many young people are falling for it.,2022-08-25 11:41:32,en,,0.0,4.0,,𝐃𝐮𝐬𝐭𝐢_____★彡,Educated Sassyfied Gal - 𝟏𝟎𝟎% With Donald J Trump. I Will NEVER Waiver or Flipflop. 💕Love The Constitution💕 1A 2A. It’s Time To #SaveAmerica / #MAGA IFBAP,21036.0,307.0,8051.0,8568.0,1.0,False,,,@Dusti_Dahl
"RT @ezralevant: You paid taxes so that Trudeau could give $104M in bail-out money to the propagandists at Global, CTV and CBC.

No wonder t…",2022-08-25 11:39:10,en,,0.0,450.0,,NoEasyBrushOff,"Artist.  senior-abuse whistle-blower https://t.co/sZKyCbpI2L  on gab, vk, Gettr.",201188.0,11457.0,1185.0,980.0,69.0,False,,,@NoEasyBrushOff
The #MediaParty is doing that today and many young people are falling for it. https://t.co/4zsH1ZTP7K,2022-08-25 11:39:08,en,,2.0,4.0,,Rich..🍦🍺 🌭 🇺🇲 🇮🇹.,"The older I get, the more fashionable I become... I guess that's why they call me old fashioned.

MAKE EVERYDAY COUNT !",38019.0,17867.0,98.0,300.0,2.0,False,,,@pavadore_rich
En media hora empieza el #MediaParty! Espero cruzarme con algunos amigos por ahí. https://t.co/KHfaKb239k,2022-08-25 11:34:21,es,,5.0,0.0,,José Heinz,Medios e internet | Teaching fellow at @googlenewsinit | Podcasts en @parquepodcast,38833.0,15687.0,969.0,6334.0,53.0,False,,,@okeycomputer
"RT @ezralevant: You paid taxes so that Trudeau could give $104M in bail-out money to the propagandists at Global, CTV and CBC.

No wonder t…",2022-08-25 11:28:47,en,,0.0,450.0,,Sharon,,57264.0,48474.0,495.0,679.0,4.0,False,,,@SmilingSerenity
Join us on Instagram August 25th thru August 27th at https://t.co/FujMuG1Z60 for our #MediaParty highlights!,2022-08-25 11:24:00,en,,0.0,0.0,,meedan,"Building software and initiatives to strengthen journalism, digital literacy, and accessibility of information. Also: @check https://t.co/NFet00AlBu",16237.0,1162.0,2267.0,11754.0,684.0,True,,,@meedan
"¿Qué vas a ver hoy en la #MediaParty🎉?

Uf, va a ser una jornadita intensa! Está por empezar, así que andá yendo al @CCKonex 🙌🏼

¡Acá te dejamos un resumen de lo que vas a encontrar en el mejor evento del año!👇🏼",2022-08-25 11:07:47,es,,5.0,1.0,,HacksHackersBA,La conferencia que revoluciona el futuro de los medios #HHBA #MediaParty · Rebooting journalism · Journalism and technology / Periodismo y tecnología,8933.0,3516.0,3357.0,10016.0,312.0,False,,,@HacksHackersBA
¡ #MediaParty  HOY ! https://t.co/wOZP5qZKXZ,2022-08-25 11:06:10,und,,1.0,0.0,,Edison BUrbano 🇨🇴🇦🇷🌎🌍🌏,"*Soy Comunicador, Community Manager, Digital Activist, Redes Sociales, DDHH, Radialista apasionado.  
Humanista, mamerto, izquierda*  [OPINIONES PERSONALES]",127835.0,187316.0,3827.0,4420.0,59.0,False,,,@edisonburbanoOK
"RT @HacksHackersBA: Hoy la apertura de la #MediaParty🎉 en el @CCKonex be like: 

Mirá toda la programación en https://t.co/1D6srIfgGz",2022-08-25 10:57:29,es,,0.0,2.0,,Edison BUrbano 🇨🇴🇦🇷🌎🌍🌏,"*Soy Comunicador, Community Manager, Digital Activist, Redes Sociales, DDHH, Radialista apasionado.  
Humanista, mamerto, izquierda*  [OPINIONES PERSONALES]",127835.0,187316.0,3827.0,4420.0,59.0,False,,,@edisonburbanoOK
"#Argentina  🇦🇷 || Periodismo Digital: #MediaParty de Hacks/ Hackers, inicia hoy.
https://t.co/oWXTr5L8Mo https://t.co/TxbwF89Asj",2022-08-25 10:56:18,es,,1.0,0.0,,El Payanes Press 🎙️🎥💻📰,"*Medio popular, alternativo de Integración latinoamericana, humanista.
 Argentina - Colombia - Venezuela",398831.0,137001.0,5158.0,8290.0,144.0,False,,,@ElPayanes
RT @PolisLSE: 🚀Happening today at #MediaParty in Buenos Aires - our very own @xhgmattia will be delivering a keynote address on 10 things y…,2022-08-25 10:55:10,en,,0.0,2.0,,Charlie Beckett,"Journalist. LSE Media and Comms Professor. Director of Polis, the LSE's international journalism think-tank. Leading the LSE Journalism and AI project. Hammer.",47837.0,6213.0,677.0,23106.0,1323.0,False,,,@CharlieBeckett
Bueno. M&amp;M un año más #MediaParty https://t.co/BPwu8trIFX,2022-08-25 10:54:48,es,,37.0,2.0,,Mariano Blejman,"CDO at Grupo Octubre, director at https://t.co/sZh8kYSguG, #MediaParty manager at @Mediafactory_vc. Knight Fellow for ICFJ. E-mail: blejman@gmail.com",22716.0,11286.0,6570.0,11249.0,487.0,False,,,@blejman
RT @edublake: Primer día de la #MediaParty,2022-08-25 10:52:08,es,,0.0,1.0,,HacksHackersBA,La conferencia que revoluciona el futuro de los medios #HHBA #MediaParty · Rebooting journalism · Journalism and technology / Periodismo y tecnología,8933.0,3516.0,3357.0,10016.0,312.0,False,,,@HacksHackersBA
"Hoy la apertura de la #MediaParty🎉 en el @CCKonex be like: 

Mirá toda la programación en https://t.co/1D6srIfgGz https://t.co/HNIMbwF85K",2022-08-25 10:51:57,es,,4.0,2.0,,HacksHackersBA,La conferencia que revoluciona el futuro de los medios #HHBA #MediaParty · Rebooting journalism · Journalism and technology / Periodismo y tecnología,8933.0,3516.0,3357.0,10016.0,312.0,False,,,@HacksHackersBA
"RT @Redacciones5G: La #MediaParty 🎉 arranca mañana a las 9:30hs ⏰️.

Los encargados de la apertura serán, nada más y nada menos que @clockw…",2022-08-25 10:50:01,es,,0.0,1.0,,HacksHackersBA,La conferencia que revoluciona el futuro de los medios #HHBA #MediaParty · Rebooting journalism · Journalism and technology / Periodismo y tecnología,8933.0,3516.0,3357.0,10016.0,312.0,False,,,@HacksHackersBA
"RT @Martamar77: Discúlpenme la insistencia… Canal. Transmedia hoy en #MediaParty de @HacksHackersBA … 🔥🔥🔥
Si estás en BsAs, pásate. 
Y desc…",2022-08-25 10:36:17,es,,0.0,1.0,,HacksHackersBA,La conferencia que revoluciona el futuro de los medios #HHBA #MediaParty · Rebooting journalism · Journalism and technology / Periodismo y tecnología,8933.0,3516.0,3357.0,10016.0,312.0,False,,,@HacksHackersBA
Primer día de la #MediaParty,2022-08-25 10:18:16,es,,2.0,1.0,,Eduardo Blake,"Geek, Nerd, Contaminador de Mentes de Estudiantes de Comunicación",122640.0,52405.0,949.0,1373.0,52.0,False,,,@edublake
"🚀Happening today at #MediaParty in Buenos Aires - our very own @xhgmattia will be delivering a keynote address on 10 things you should know about AI in journalism👇🏽 #JournalismAI

https://t.co/W2IdPa4zVO",2022-08-25 09:38:01,en,,3.0,2.0,,Polis@LSE,Journalism think-tank at @LSEnews. Home of the #JournalismAI project. Follow for international #journalism events and research. #PolisTalks,13057.0,3048.0,1605.0,10762.0,442.0,False,,,@PolisLSE
RT @cabralens: Súper feliz de que @selfinvestigate esté presente en #MediaParty este año con @LuliCristallo Si estás por allá no te la pier…,2022-08-25 09:24:45,es,,0.0,4.0,,The Self-Investigation,"Sustaining journalism by enhancing journalists’ well-being
👉Self-paced course: https://t.co/muw1yBe3L0
Y en español: https://t.co/8RlOTOEhUJ",102.0,40.0,152.0,350.0,5.0,False,,,@selfinvestigate
"RT @transmediaCANAL: ¿Ya les dijimos q estámos en #MediaParty? 
Estamos en MediaParty!!!
Mañana, en Ciudad Cultural Konex (BsAs, Argentina)…",2022-08-25 08:48:26,es,,0.0,2.0,,hackndy.eth,Andy Ruiz Muñoz / Transmedia artist working on XR: AR/VR/360º/NFT Founder of @transmediaCANAL @lumbermedia #XRisNOW,480.0,605.0,3463.0,702.0,18.0,False,,,@XR_producer
"RT @ezralevant: You paid taxes so that Trudeau could give $104M in bail-out money to the propagandists at Global, CTV and CBC.

No wonder t…",2022-08-25 08:19:56,en,,0.0,450.0,,John Denver,,811.0,58.0,426.0,43.0,0.0,False,,,@JohnDenver11111
"RT @ezralevant: You paid taxes so that Trudeau could give $104M in bail-out money to the propagandists at Global, CTV and CBC.

No wonder t…",2022-08-25 07:50:21,en,,0.0,450.0,,Todd Cowan,"God-fearing, freedom loving, hard-working husband to the most beautiful woman and fiercely protective and proud father to the best brood. Stand for what's right",441.0,4495.0,74.0,70.0,0.0,False,,,@CornrhavenCowan
"RT @HacksHackersBA: Sí, HOY empieza la 10º edición de la #MediaParty🎉. 

La conferencia que revoluciona los medios. 

Perfumense que en una…",2022-08-25 07:31:43,es,,0.0,5.0,,C.Fernández Moores 💚,Periodista de viajes / blogger en Periodistas Viajeros @pviajeros / #MediaParty Producer,22861.0,15273.0,7696.0,7393.0,194.0,False,,,@carolafmoores
"RT @ezralevant: You paid taxes so that Trudeau could give $104M in bail-out money to the propagandists at Global, CTV and CBC.

No wonder t…",2022-08-25 07:16:17,en,,0.0,450.0,,XRPTAZ,All the fallen soldiers who have fought for this country fought for freedom what is coming is not freedom. freedom must be fought for and never give up .,6107.0,16918.0,257.0,182.0,1.0,False,,,@XRPTAZ
"#MediaParty 
#Sindhfloods 
#Sindh https://t.co/jhrD19a7W6",2022-08-25 06:51:02,und,,0.0,0.0,,Biلal ⚛ (Sindhi🪓🇵🇰),"I overthink, overlove, overfeel, and overstress.",1868.0,2195.0,184.0,84.0,0.0,False,,,@Bilawalkhan110
"Discúlpenme la insistencia… Canal. Transmedia hoy en #MediaParty de @HacksHackersBA … 🔥🔥🔥
Si estás en BsAs, pásate. 
Y descárgale al Código QR. Ahí verás nuestro lema. Luego te contamos de dónde salió. https://t.co/FccRL9QNAu",2022-08-25 06:43:33,es,,6.0,1.0,,Marta María Ramírez,"Opté por periodismo gonzo, independiente y feminista con X. Soy mamá reciente de Nina. #Martazos",11523.0,21880.0,4325.0,3163.0,48.0,False,,,@Martamar77
"RT @HacksHackersBA: Mañana a las 9am en el @CCKonex te esperamos para comenzar con la #MediaParty🎉. 

La apertura de las Keynotes viene con…",2022-08-25 06:36:12,es,,0.0,6.0,,Abraham Calas,Emprendedor | CEO de @datalisdev | Director de Desarrollo e Innovación en @eltoquecom,6188.0,24986.0,1492.0,675.0,6.0,False,,,@dogcalas
"RT @ezralevant: You paid taxes so that Trudeau could give $104M in bail-out money to the propagandists at Global, CTV and CBC.

No wonder t…",2022-08-25 06:30:33,en,,0.0,450.0,,Mick Delauw,,19322.0,39297.0,713.0,309.0,3.0,False,,,@mdelauw1
"RT @ezralevant: You paid taxes so that Trudeau could give $104M in bail-out money to the propagandists at Global, CTV and CBC.

No wonder t…",2022-08-25 05:14:21,en,,0.0,450.0,,Zbyszek Zapolski 🇵🇱,"Prawoskrętny. 
DM 🚫
#MuremZaPolskimMundurem",18361.0,63050.0,941.0,1009.0,3.0,False,,,@ZzPolski
"RT @ezralevant: You paid taxes so that Trudeau could give $104M in bail-out money to the propagandists at Global, CTV and CBC.

No wonder t…",2022-08-25 04:54:21,en,,0.0,450.0,,seamutt,,67515.0,98022.0,160.0,121.0,4.0,False,,,@seadog256
"Media Party 2022: los imperdibles de la conferencia de innovación en medios más importante de Latinoamérica
#MediaParty

https://t.co/WV7icXXkTu",2022-08-25 04:47:55,es,,1.0,0.0,,Desiree Jaimovich,"Periodista, traductora y acróbata. Antes @clarin @infobae. Ahora en @radioconvos899 y @TV_Publica",14532.0,4855.0,1369.0,6778.0,95.0,True,,,@LaJaimo
"RT @HacksHackersBA: Sí, HOY empieza la 10º edición de la #MediaParty🎉. 

La conferencia que revoluciona los medios. 

Perfumense que en una…",2022-08-25 04:39:35,es,,0.0,5.0,,Enzo Evangelista,Ciencias de la Comunicación 📚,10353.0,1843.0,1989.0,2780.0,6.0,False,,,@enzotomas96
"RT @JournoDao: Here's the recording of our latest town hall from earlier today, we met on Zoom before the kick-off of #MediaParty in Buenos…",2022-08-25 04:12:45,en,,0.0,5.0,,Yolasvi!!!,"investigador CRYPTO!
esencialmente soñador, pero no soy TO THE MOON, así que también analizamos técnico!

Investigar.
Descubrir.
Escribir.
INVERTIR.",226.0,204.0,456.0,32.0,5.0,False,,,@yolasvi2021
"RT @ezralevant: You paid taxes so that Trudeau could give $104M in bail-out money to the propagandists at Global, CTV and CBC.

No wonder t…",2022-08-25 04:07:34,en,,0.0,450.0,,All out of bubblegum,,24134.0,7484.0,1471.0,480.0,10.0,False,,,@Skyfall007USA
"RT @HacksHackersBA: Sí, HOY empieza la 10º edición de la #MediaParty🎉. 

La conferencia que revoluciona los medios. 

Perfumense que en una…",2022-08-25 03:55:00,es,,0.0,5.0,,Román Evangelista,"Basketball isn't a game; It's an art form.

Comunicación Social - UBA",4092.0,18011.0,179.0,182.0,0.0,False,,,@RomanEvangelist
"RT @HacksHackersBA: Mañana a las 9am en el @CCKonex te esperamos para comenzar con la #MediaParty🎉. 

La apertura de las Keynotes viene con…",2022-08-25 03:54:44,es,,0.0,6.0,,Román Evangelista,"Basketball isn't a game; It's an art form.

Comunicación Social - UBA",4092.0,18011.0,179.0,182.0,0.0,False,,,@RomanEvangelist
"RT @ezralevant: You paid taxes so that Trudeau could give $104M in bail-out money to the propagandists at Global, CTV and CBC.

No wonder t…",2022-08-25 03:52:54,en,,0.0,450.0,,27deberne@gmail.com,,44666.0,52678.0,289.0,228.0,3.0,False,,,@27deberne
"RT @ezralevant: You paid taxes so that Trudeau could give $104M in bail-out money to the propagandists at Global, CTV and CBC.

No wonder t…",2022-08-25 03:37:31,en,,0.0,450.0,,Tim VanderMey,"Husband and father, saved by the Grace of God.",5346.0,5964.0,136.0,37.0,3.0,False,,,@TVanderMey
"RT @ezralevant: You paid taxes so that Trudeau could give $104M in bail-out money to the propagandists at Global, CTV and CBC.

No wonder t…",2022-08-25 03:25:37,en,,0.0,450.0,,Dr. Linda P. Dowdell,I do pray. Love birds. Author and Faculty. I do not indoctrinate my students.,84306.0,74399.0,2068.0,2076.0,13.0,False,,,@lpdowdell
"RT @ezralevant: You paid taxes so that Trudeau could give $104M in bail-out money to the propagandists at Global, CTV and CBC.

No wonder t…",2022-08-25 03:23:42,en,,0.0,450.0,,"Teufel, Der",Commercial Torches & Pitchfork Rental,50977.0,381780.0,161.0,741.0,1.0,False,,,@UweTeufel
"RT @HacksHackersBA: Los #Workshops de la #MediaParty🎉 son un montón y están buenísimos, ya te lo digo. 

Jueves 25 de 16.30 a 18 vamos a te…",2022-08-25 03:22:58,es,,0.0,5.0,,Leonardo Vazquez,"Informático y militante, parte del equipo de desarrollo de La Izquierda Diario (y cuando puedo escribo algo sobre tecnología).",3252.0,3001.0,704.0,599.0,9.0,False,,,@Leo_Vazquez2000
RT @anasoffietto: ¿Nos vemos en la #Mediaparty? Con @andy_tow y @ken4rab cerramos el viernes con un taller sobre cómo cubrir elecciones con…,2022-08-25 03:22:25,es,,0.0,5.0,,Leonardo Vazquez,"Informático y militante, parte del equipo de desarrollo de La Izquierda Diario (y cuando puedo escribo algo sobre tecnología).",3252.0,3001.0,704.0,599.0,9.0,False,,,@Leo_Vazquez2000
RT @selfinvestigate: Nuestra @LuliCristallo estará mañana en la #MediaParty de @HacksHackersBA 🎉 La encontraréis en la Media Feria y dando…,2022-08-25 03:20:59,es,,0.0,4.0,,Leonardo Vazquez,"Informático y militante, parte del equipo de desarrollo de La Izquierda Diario (y cuando puedo escribo algo sobre tecnología).",3252.0,3001.0,704.0,599.0,9.0,False,,,@Leo_Vazquez2000
RT @blejman: Seguimos de visitas con @clockwerks en @_IPNoticias #MediaParty con @sommelierdecafe @nbg__ @gsued https://t.co/SxeoSIntg5,2022-08-25 03:20:28,es,,0.0,3.0,,Leonardo Vazquez,"Informático y militante, parte del equipo de desarrollo de La Izquierda Diario (y cuando puedo escribo algo sobre tecnología).",3252.0,3001.0,704.0,599.0,9.0,False,,,@Leo_Vazquez2000
RT @cabralens: Súper feliz de que @selfinvestigate esté presente en #MediaParty este año con @LuliCristallo Si estás por allá no te la pier…,2022-08-25 03:20:02,es,,0.0,4.0,,Leonardo Vazquez,"Informático y militante, parte del equipo de desarrollo de La Izquierda Diario (y cuando puedo escribo algo sobre tecnología).",3252.0,3001.0,704.0,599.0,9.0,False,,,@Leo_Vazquez2000
RT @Pascualicchio: Este viernes: Trato responsable de la noticia y herramientas Wikipedia para periodistas / @wikimedia_ar  + @DefdelPublic…,2022-08-25 03:19:31,es,,0.0,3.0,,Leonardo Vazquez,"Informático y militante, parte del equipo de desarrollo de La Izquierda Diario (y cuando puedo escribo algo sobre tecnología).",3252.0,3001.0,704.0,599.0,9.0,False,,,@Leo_Vazquez2000
"RT @HacksHackersBA: ¡Mañana se labura desde la #MediaParty🎉! 

¡Vení a las charlas, los talleres, la Media Feria y las charlas relámpago, n…",2022-08-25 03:17:37,es,,0.0,2.0,,Leonardo Vazquez,"Informático y militante, parte del equipo de desarrollo de La Izquierda Diario (y cuando puedo escribo algo sobre tecnología).",3252.0,3001.0,704.0,599.0,9.0,False,,,@Leo_Vazquez2000
"RT @ezralevant: You paid taxes so that Trudeau could give $104M in bail-out money to the propagandists at Global, CTV and CBC.

No wonder t…",2022-08-25 03:16:32,en,,0.0,450.0,,Edmund DeTemple,,9443.0,11842.0,234.0,88.0,1.0,False,,,@DetempleEdmund
"RT @genoshans: Mañana es jueves de #MediaParty! y 2 genoshans prepararon un workshop para la tanda de las 16:30 ""IA al alcance de todxs: Ge…",2022-08-25 03:02:15,es,,0.0,5.0,,Volkova,May we meet again.,21023.0,12250.0,99.0,233.0,6.0,False,,,@AnVolkova10
"Sí, HOY empieza la 10º edición de la #MediaParty🎉. 

La conferencia que revoluciona los medios. 

Perfumense que en unas horitas nos estamos viendo en el @CCKonex para arrancar el mejor evento del año⚡️🫶🏽 https://t.co/JQOKcusPdV",2022-08-25 03:02:03,es,,14.0,5.0,,HacksHackersBA,La conferencia que revoluciona el futuro de los medios #HHBA #MediaParty · Rebooting journalism · Journalism and technology / Periodismo y tecnología,8933.0,3516.0,3357.0,10016.0,312.0,False,,,@HacksHackersBA
"RT @ezralevant: You paid taxes so that Trudeau could give $104M in bail-out money to the propagandists at Global, CTV and CBC.

No wonder t…",2022-08-25 02:55:58,en,,0.0,450.0,,Decker's Runway🇳🇱🚜🏁*NoVaxPassports*,"Dialogue from a play: There are more Patriots in heaven and earth, Horatio, that are dreamt of in your philosophy. #ProtectTheConstitution 🇺🇸#FightLikeaFlynn",36046.0,68939.0,706.0,597.0,5.0,False,,,@Flight1917
"RT @HacksHackersBA: Mañana a las 9am en el @CCKonex te esperamos para comenzar con la #MediaParty🎉. 

La apertura de las Keynotes viene con…",2022-08-25 02:43:02,es,,0.0,6.0,,Leonardo Vazquez,"Informático y militante, parte del equipo de desarrollo de La Izquierda Diario (y cuando puedo escribo algo sobre tecnología).",3252.0,3001.0,704.0,599.0,9.0,False,,,@Leo_Vazquez2000
"RT @HacksHackersBA: Mañana a las 9am en el @CCKonex te esperamos para comenzar con la #MediaParty🎉. 

La apertura de las Keynotes viene con…",2022-08-25 02:30:14,es,,0.0,6.0,,Lucía Sosa,"🎙️Licenciada en Comunicación Social
📚Estudiante Prof. Com.Soc -UNQ
⛪Catequista de Confirmación
🤳🌎Periodista Ambiental y de Viajes
🌱Animadora Laudato Sí",62463.0,18860.0,464.0,860.0,5.0,False,,,@LuciaSosaOk1
"RT @HacksHackersBA: MAÑANA ES LA #MediaParty🎉 Y GRITAMOS DE LA EMOCIÓN. 

Tiramos la casa por la ventana, toda la carne al asador, apostamo…",2022-08-25 02:30:07,es,,0.0,8.0,,Lucía Sosa,"🎙️Licenciada en Comunicación Social
📚Estudiante Prof. Com.Soc -UNQ
⛪Catequista de Confirmación
🤳🌎Periodista Ambiental y de Viajes
🌱Animadora Laudato Sí",62463.0,18860.0,464.0,860.0,5.0,False,,,@LuciaSosaOk1
"RT @JournoDao: Here's the recording of our latest town hall from earlier today, we met on Zoom before the kick-off of #MediaParty in Buenos…",2022-08-25 02:29:21,en,,0.0,5.0,,"Keith Axline | Re-Public (🌳,🌳) (🧬,🧬)","Mobile and web developer, building @republicdao. @JournoDAO. @factlanddao. Formerly of @Medium, @Wired, Raw File. Writer, dadder, musicer. @developer_dao.",4103.0,15918.0,4509.0,2656.0,109.0,False,,,@kaxline
"RT @ezralevant: You paid taxes so that Trudeau could give $104M in bail-out money to the propagandists at Global, CTV and CBC.

No wonder t…",2022-08-25 02:10:17,en,,0.0,450.0,,zzzbbll,Simple y sencillamente Venezolana!,139322.0,72509.0,2234.0,1530.0,22.0,False,,,@zuleidybgurley
"RT @ezralevant: You paid taxes so that Trudeau could give $104M in bail-out money to the propagandists at Global, CTV and CBC.

No wonder t…",2022-08-25 02:07:40,en,,0.0,450.0,,Carole McCausland,News Politics,673.0,60553.0,16.0,192.0,0.0,False,,,@carolemc24
"RT @ezralevant: You paid taxes so that Trudeau could give $104M in bail-out money to the propagandists at Global, CTV and CBC.

No wonder t…",2022-08-25 01:56:59,en,,0.0,450.0,,Flip Flops with business attire!,Meat and potato southerner. Life is good but President Trump made it better.  Cackling is now a pet peeve.,41255.0,30923.0,2460.0,834.0,3.0,False,,,@nitsoga3
RT @meedan: Visit Meedan at #MediaParty! @DwightKnell @caiosba @JennaC_Sherman and @pierreconti will be presenting August 25th at 1pm GMT!…,2022-08-25 01:53:39,en,,0.0,3.0,,Jenna Sherman,"Science writer @Meedan. MPH @HarvardChanSPH. Cofounder @StudentsCOVID19. Interests: repro justice, digital health, fighting greed, fried food",291.0,1159.0,718.0,427.0,12.0,False,,,@JennaC_Sherman
"RT @HacksHackersBA: Así se van a vivir el viernes 26 los Workshops de la #MediaParty🎉. 

Nos falta una charla para saber cómo usar el metav…",2022-08-25 01:53:08,es,,0.0,1.0,,Mariano Blejman,"CDO at Grupo Octubre, director at https://t.co/sZh8kYSguG, #MediaParty manager at @Mediafactory_vc. Knight Fellow for ICFJ. E-mail: blejman@gmail.com",22716.0,11286.0,6570.0,11249.0,487.0,False,,,@blejman
"RT @HacksHackersBA: Mañana a las 9am en el @CCKonex te esperamos para comenzar con la #MediaParty🎉. 

La apertura de las Keynotes viene con…",2022-08-25 01:53:02,es,,0.0,6.0,,Mariano Blejman,"CDO at Grupo Octubre, director at https://t.co/sZh8kYSguG, #MediaParty manager at @Mediafactory_vc. Knight Fellow for ICFJ. E-mail: blejman@gmail.com",22716.0,11286.0,6570.0,11249.0,487.0,False,,,@blejman
RT @DAarambillet: Can’t wait for tomorrow’s #MediaParty workshop on how can AI help your newsroom 😍 cc @xhgMattia @fcoel @luchipaint @iksov…,2022-08-25 01:53:00,en,,0.0,3.0,,Lucila Pinto 💚,Periodista. Tecnología & medios. @polisLSE fellow. Ciencia Política en @utditella.,6338.0,8156.0,1454.0,2783.0,18.0,False,,,@luchipaint
RT @blejman: Mi gran colega @miguelpaz #MediaParty https://t.co/meMyaf8O7S,2022-08-25 01:51:46,es,,0.0,1.0,,Mariano Blejman,"CDO at Grupo Octubre, director at https://t.co/sZh8kYSguG, #MediaParty manager at @Mediafactory_vc. Knight Fellow for ICFJ. E-mail: blejman@gmail.com",22716.0,11286.0,6570.0,11249.0,487.0,False,,,@blejman
"RT @romerobelen: Ya en el #MediaParty con nuestro proyecto #ZondasFeministas todo hermoso construyendo otras voces en los medios.
Obvio esp…",2022-08-25 01:50:48,es,,0.0,1.0,,Mariano Blejman,"CDO at Grupo Octubre, director at https://t.co/sZh8kYSguG, #MediaParty manager at @Mediafactory_vc. Knight Fellow for ICFJ. E-mail: blejman@gmail.com",22716.0,11286.0,6570.0,11249.0,487.0,False,,,@blejman
"RT @ezralevant: You paid taxes so that Trudeau could give $104M in bail-out money to the propagandists at Global, CTV and CBC.

No wonder t…",2022-08-25 01:44:23,en,,0.0,450.0,,B. Phinn...🍁,"Pragmatic Realist, Independant, Champion of Individual Liberty,",11382.0,33275.0,534.0,229.0,0.0,False,,,@PhinneyBrett
RT @blejman: Reception #MediaParty https://t.co/aq8r5JPm8v,2022-08-25 01:36:39,en,,0.0,1.0,,Mariano Blejman,"CDO at Grupo Octubre, director at https://t.co/sZh8kYSguG, #MediaParty manager at @Mediafactory_vc. Knight Fellow for ICFJ. E-mail: blejman@gmail.com",22716.0,11286.0,6570.0,11249.0,487.0,False,,,@blejman
Mi gran colega @miguelpaz #MediaParty https://t.co/meMyaf8O7S,2022-08-25 01:36:12,es,,9.0,1.0,,Mariano Blejman,"CDO at Grupo Octubre, director at https://t.co/sZh8kYSguG, #MediaParty manager at @Mediafactory_vc. Knight Fellow for ICFJ. E-mail: blejman@gmail.com",22716.0,11286.0,6570.0,11249.0,487.0,False,,,@blejman
"RT @ezralevant: You paid taxes so that Trudeau could give $104M in bail-out money to the propagandists at Global, CTV and CBC.

No wonder t…",2022-08-25 01:24:49,en,,0.0,450.0,,Traci Madison,"Voice Actor, Sylvan Laker, part time Arizonan, News junkie and huge Stampeders fan!",146494.0,102108.0,247.0,632.0,11.0,False,,,@TraciVoice
"RT @Leo_Vazquez2000: #Medios | #MediaParty 2022: Lo que tenés que saber https://t.co/e9Lvvf56eD 
Por Equipo de desarrollo, vía @izquierdadi…",2022-08-25 01:22:13,es,,0.0,2.0,,Alejandro Monti,Delegado de informática de la AFIP (AEFIP),1912.0,2071.0,661.0,287.0,2.0,False,,,@MontiAlejandro
"#Medios | #MediaParty 2022: Lo que tenés que saber https://t.co/e9Lvvf56eD 
Por Equipo de desarrollo, vía @izquierdadiario",2022-08-25 01:21:35,es,,5.0,2.0,,Leonardo Vazquez,"Informático y militante, parte del equipo de desarrollo de La Izquierda Diario (y cuando puedo escribo algo sobre tecnología).",3252.0,3001.0,704.0,599.0,9.0,False,,,@Leo_Vazquez2000
"RT @ezralevant: You paid taxes so that Trudeau could give $104M in bail-out money to the propagandists at Global, CTV and CBC.

No wonder t…",2022-08-25 01:18:55,en,,0.0,450.0,,Good🙂Guy,Our governments are at war with us.  #Freedom #nolockdowns #novaccinemandates #novaccinepassports,27798.0,9257.0,1311.0,487.0,16.0,False,,,@SkreenBuddy
"RT @ezralevant: You paid taxes so that Trudeau could give $104M in bail-out money to the propagandists at Global, CTV and CBC.

No wonder t…",2022-08-25 01:18:20,en,,0.0,450.0,,Vanessa Cannavino,,3246.0,12954.0,571.0,82.0,0.0,False,,,@VanessCannavino
"RT @ezralevant: You paid taxes so that Trudeau could give $104M in bail-out money to the propagandists at Global, CTV and CBC.

No wonder t…",2022-08-25 01:12:55,en,,0.0,450.0,,Kirky86 🇳🇱,,162287.0,175447.0,751.0,6452.0,36.0,False,,,@Kirky861
"RT @HacksHackersBA: Mañana a las 9am en el @CCKonex te esperamos para comenzar con la #MediaParty🎉. 

La apertura de las Keynotes viene con…",2022-08-25 01:07:51,es,,0.0,6.0,,Enzo Evangelista,Ciencias de la Comunicación 📚,10353.0,1843.0,1989.0,2780.0,6.0,False,,,@enzotomas96
"Ya en el #MediaParty con nuestro proyecto #ZondasFeministas todo hermoso construyendo otras voces en los medios.
Obvio esperando a @MilagroMar3 de @LaNotaTucuman  construyendo desde los márgenes. Podrán? https://t.co/49AQ8Wy9AU",2022-08-25 01:05:57,es,,13.0,1.0,,Bel,"Periodista en @lanotatucuman 
Fanatica del Futuro 

Tengo ansiedad",2346.0,4908.0,1478.0,612.0,1.0,False,,,@romerobelen
"RT @ezralevant: You paid taxes so that Trudeau could give $104M in bail-out money to the propagandists at Global, CTV and CBC.

No wonder t…",2022-08-25 01:04:17,en,,0.0,450.0,,Fundy Shark Biter,I am Canadian,302.0,229.0,693.0,446.0,2.0,False,,,@toddmacpherson
"RT @ezralevant: You paid taxes so that Trudeau could give $104M in bail-out money to the propagandists at Global, CTV and CBC.

No wonder t…",2022-08-25 01:03:10,en,,0.0,450.0,,Salman Sima,"Fighting Dictatorships and Corrupt Regimes | Fled Iran after imprisonment, torture and hunger strikes | Working for a better tomorrow.",23971.0,140451.0,1166.0,20208.0,88.0,False,,,@SalmanSima
"RT @JournoDao: Here's the recording of our latest town hall from earlier today, we met on Zoom before the kick-off of #MediaParty in Buenos…",2022-08-25 00:46:37,en,,0.0,5.0,,Web3Bot,"I am a bot, I will retweet ""everything"" with #Web3. Maintained by @BeforeMintNFT",300871.0,2.0,3.0,2291.0,11.0,False,,,@TheWeb3Bot
"RT @JournoDao: Here's the recording of our latest town hall from earlier today, we met on Zoom before the kick-off of #MediaParty in Buenos…",2022-08-25 00:46:32,en,,0.0,5.0,,HacksHackersBA,La conferencia que revoluciona el futuro de los medios #HHBA #MediaParty · Rebooting journalism · Journalism and technology / Periodismo y tecnología,8933.0,3516.0,3357.0,10016.0,312.0,False,,,@HacksHackersBA
"RT @ezralevant: You paid taxes so that Trudeau could give $104M in bail-out money to the propagandists at Global, CTV and CBC.

No wonder t…",2022-08-25 00:38:26,en,,0.0,450.0,,Don,Interested in world affairs and what is in store for us all,5861.0,3290.0,317.0,71.0,0.0,False,,,@DonGervais
"@blejman ponele que mañana me quiero comprar una remera de @HacksHackersBA en la #MediaParty

voy a poder?",2022-08-25 00:23:38,es,,1.0,0.0,@blejman,Julio Locatelli,"Facilitador en nuevas tecnologías, ayudo a profesionales y emprendedores a sacar mayor provecho de las redes sociales #CulturaDigital",54512.0,26851.0,973.0,1191.0,212.0,False,,,@jlocatell
"Entrevisté a @ezraeeman antes de su participación en la #MediaParty, que arranca mañana!

¿Cómo se percibe a la inteligencia artificial en las redacciones? Una charla muy interesante 

https://t.co/pLg4LNtdxs https://t.co/zQM6JqiZuG",2022-08-25 00:21:33,es,,5.0,0.0,,Melisa Avolio,Periodista especializada en tecnología | Trabajo en @AgenciaTelam | Doy capacitaciones en #OficiosYRedes | Acá mis opiniones | ♥️🎹,10289.0,13885.0,1335.0,3454.0,49.0,True,,,@meliceci
"RT @ezralevant: You paid taxes so that Trudeau could give $104M in bail-out money to the propagandists at Global, CTV and CBC.

No wonder t…",2022-08-25 00:21:27,en,,0.0,450.0,,Dr. Peter Barber,Together in Christ - Christian Education Ministry,15920.0,13182.0,141.0,252.0,3.0,False,,,@AlberniBarber
Reception #MediaParty https://t.co/aq8r5JPm8v,2022-08-25 00:20:06,en,,7.0,1.0,,Mariano Blejman,"CDO at Grupo Octubre, director at https://t.co/sZh8kYSguG, #MediaParty manager at @Mediafactory_vc. Knight Fellow for ICFJ. E-mail: blejman@gmail.com",22716.0,11286.0,6570.0,11249.0,487.0,False,,,@blejman
"RT @ezralevant: You paid taxes so that Trudeau could give $104M in bail-out money to the propagandists at Global, CTV and CBC.

No wonder t…",2022-08-25 00:19:00,en,,0.0,450.0,,kenn looten,,141457.0,20552.0,315.0,159.0,1.0,False,,,@KLooten
"Mañana a las 9am en el @CCKonex te esperamos para comenzar con la #MediaParty🎉. 

La apertura de las Keynotes viene con todo🙌🏼. ¿Vamos todos, no? Confirmen. 

Si no te inscribiste todavía aún podés hacerlo en https://t.co/1D6srIfgGz https://t.co/kH4STlT3Q0",2022-08-25 00:04:37,es,,11.0,6.0,,HacksHackersBA,La conferencia que revoluciona el futuro de los medios #HHBA #MediaParty · Rebooting journalism · Journalism and technology / Periodismo y tecnología,8933.0,3516.0,3357.0,10016.0,312.0,False,,,@HacksHackersBA
"RT @ezralevant: You paid taxes so that Trudeau could give $104M in bail-out money to the propagandists at Global, CTV and CBC.

No wonder t…",2022-08-24 23:56:17,en,,0.0,450.0,,Douglas  Thurston,,17538.0,22070.0,157.0,162.0,2.0,False,,,@ThurstonDougK
"RT @ezralevant: You paid taxes so that Trudeau could give $104M in bail-out money to the propagandists at Global, CTV and CBC.

No wonder t…",2022-08-24 23:55:30,en,,0.0,450.0,,Joanna,,47461.0,46445.0,2303.0,2222.0,4.0,False,,,@nowhere192
"RT @HacksHackersBA: ¿Podés creer que la #MediaParty🎉 es mañana?

Levante la mano quien quiera una remera creada con IA, quien venga a las k…",2022-08-24 23:54:20,es,,0.0,1.0,,Román Evangelista,"Basketball isn't a game; It's an art form.

Comunicación Social - UBA",4092.0,18011.0,179.0,182.0,0.0,False,,,@RomanEvangelist
"RT @HacksHackersBA: Ya te presentamos los Workshops del primer día de la #MediaParty🎉 y, aunque no lo creas, hay más.

Viernes 26 de 13.30…",2022-08-24 23:53:43,es,,0.0,1.0,,Román Evangelista,"Basketball isn't a game; It's an art form.

Comunicación Social - UBA",4092.0,18011.0,179.0,182.0,0.0,False,,,@RomanEvangelist
@blejman @HacksHackersBA Mañana estaremos por allí!! #MediaParty cc @grmadryn @AgusTonet @juancsimo @jmlucero,2022-08-24 23:53:28,es,,4.0,0.0,@blejman,Andres D´Alessandro,Periodista. Director Ejecutivo en @Adepargentina,12016.0,10730.0,3291.0,5498.0,115.0,False,,,@acdalessandro
"RT @HacksHackersBA: ¡Mañana se labura desde la #MediaParty🎉! 

¡Vení a las charlas, los talleres, la Media Feria y las charlas relámpago, n…",2022-08-24 23:50:48,es,,0.0,2.0,,Román Evangelista,"Basketball isn't a game; It's an art form.

Comunicación Social - UBA",4092.0,18011.0,179.0,182.0,0.0,False,,,@RomanEvangelist
"Así se van a vivir el viernes 26 los Workshops de la #MediaParty🎉. 

Nos falta una charla para saber cómo usar el metaverso para estar en todos al mismo tiempo ¿no? 

Mirá la programación completa en https://t.co/1D6srHYdEz
A cuál de todos vas a asistir👇",2022-08-24 23:49:57,es,,4.0,1.0,@HacksHackersBA,HacksHackersBA,La conferencia que revoluciona el futuro de los medios #HHBA #MediaParty · Rebooting journalism · Journalism and technology / Periodismo y tecnología,8933.0,3516.0,3357.0,10016.0,312.0,False,,,@HacksHackersBA
"Ya te presentamos los Workshops del primer día de la #MediaParty🎉 y, aunque no lo creas, hay más.

Viernes 26 de 13.30 a 15 se van a dar 8 talleres en simultáneo de la mano de grandes especialistas del mundo de los medios.

Estamos listos para aprender un montón en el @CCKonex🙌🏻",2022-08-24 23:49:52,es,,2.0,1.0,,HacksHackersBA,La conferencia que revoluciona el futuro de los medios #HHBA #MediaParty · Rebooting journalism · Journalism and technology / Periodismo y tecnología,8933.0,3516.0,3357.0,10016.0,312.0,False,,,@HacksHackersBA
"RT @transmediaCANAL: ¿Ya les dijimos q estámos en #MediaParty? 
Estamos en MediaParty!!!
Mañana, en Ciudad Cultural Konex (BsAs, Argentina)…",2022-08-24 23:38:43,es,,0.0,2.0,,HacksHackersBA,La conferencia que revoluciona el futuro de los medios #HHBA #MediaParty · Rebooting journalism · Journalism and technology / Periodismo y tecnología,8933.0,3516.0,3357.0,10016.0,312.0,False,,,@HacksHackersBA
RT @MilagroMar3: Yendo! ✈️ Hermosa oportunidad para ver en qué anda el resto del mundo 🌎 y conocer a les compas de @sembramedia 💘 #MediaPar…,2022-08-24 23:38:41,es,,0.0,2.0,,Bel,"Periodista en @lanotatucuman 
Fanatica del Futuro 

Tengo ansiedad",2346.0,4908.0,1478.0,612.0,1.0,False,,,@romerobelen
"¡Mañana se labura desde la #MediaParty🎉! 

¡Vení a las charlas, los talleres, la Media Feria y las charlas relámpago, no tenés excusas! 

Inscribite en https://t.co/1D6srIfgGz https://t.co/GWoaTxU9w1",2022-08-24 23:38:28,es,,7.0,2.0,,HacksHackersBA,La conferencia que revoluciona el futuro de los medios #HHBA #MediaParty · Rebooting journalism · Journalism and technology / Periodismo y tecnología,8933.0,3516.0,3357.0,10016.0,312.0,False,,,@HacksHackersBA
"RT @genoshans: Mañana es jueves de #MediaParty! y 2 genoshans prepararon un workshop para la tanda de las 16:30 ""IA al alcance de todxs: Ge…",2022-08-24 23:35:00,es,,0.0,5.0,,[LAS] de sistemas,"Organizamos @femitconf. Comunidad transfeminista de sistemas que trabaja para visibilizar y potenciar mujeres, lesbianas, travestis, trans y no binaries.",8654.0,8374.0,1439.0,17943.0,129.0,False,,,@lasdesistemas
Aca @pilhofer pasa a la clandestinidad #MediaParty https://t.co/VnD8Q88hfE,2022-08-24 23:30:56,es,,2.0,0.0,,Mariano Blejman,"CDO at Grupo Octubre, director at https://t.co/sZh8kYSguG, #MediaParty manager at @Mediafactory_vc. Knight Fellow for ICFJ. E-mail: blejman@gmail.com",22716.0,11286.0,6569.0,11246.0,487.0,False,,,@blejman
"RT @ezralevant: You paid taxes so that Trudeau could give $104M in bail-out money to the propagandists at Global, CTV and CBC.

No wonder t…",2022-08-24 23:23:11,en,,0.0,450.0,,EmonLusk,,17936.0,5918.0,48.0,72.0,2.0,False,,,@EmonLusk42069
"¿Ya les dijimos q estámos en #MediaParty? 
Estamos en MediaParty!!!
Mañana, en Ciudad Cultural Konex (BsAs, Argentina), a la 1:00pm - 2:30pm nos pueden ver quienes anden allí 
Un honor, @HacksHackersBA 
‼Quieres saber nuestro lema? Escanea QR. Luego te contaremos d dónde salió. https://t.co/OgjxDg1s0Q",2022-08-24 23:22:49,es,,5.0,2.0,,CANAL Transmedia,"NUEVAS TECNOLOGÍAS Y NARRATIVAS CONVERGENTES
| Text | Image | AV | Sound | Inmersion | 
#news #photo #podcast #shortfilms #journalism #periodismo #documentary",8.0,15.0,41.0,12.0,0.0,False,,,@transmediaCANAL
"RT @ezralevant: You paid taxes so that Trudeau could give $104M in bail-out money to the propagandists at Global, CTV and CBC.

No wonder t…",2022-08-24 23:19:53,en,,0.0,450.0,,Nonna🍁⚾️🐾🇺🇸🐾🐾,family...be kind. ❤  ..live life to the fullest ❤..❤🐾  nature. be strong.. freedom..appreciate all..,13232.0,19260.0,360.0,172.0,0.0,False,,,@ilovemybasenji
RT @blejman: Seguimos de visitas con @clockwerks en @_IPNoticias #MediaParty con @sommelierdecafe @nbg__ @gsued https://t.co/SxeoSIntg5,2022-08-24 23:10:11,es,,0.0,3.0,,Gabriel Sued,Periodista. Politólogo. Conductor de @_IPNoticias y #CómoLaVes en @futurokOk. Autor de Los secretos del Congreso (2019). Muy del Rojo.,9576.0,14814.0,1730.0,50161.0,313.0,False,,,@gsued
RT @meedan: Visit Meedan at #MediaParty! @DwightKnell @caiosba @JennaC_Sherman and @pierreconti will be presenting August 25th at 1pm GMT!…,2022-08-24 23:08:27,en,,0.0,3.0,,Dwight Knell,@meedan director of operations & @Kennedy_School MPP '21. My life: 📰✈️☕️🎶🎥,2938.0,14135.0,1024.0,486.0,34.0,False,,,@DwightKnell
"RT @genoshans: Mañana es jueves de #MediaParty! y 2 genoshans prepararon un workshop para la tanda de las 16:30 ""IA al alcance de todxs: Ge…",2022-08-24 23:06:48,es,,0.0,5.0,,HacksHackersBA,La conferencia que revoluciona el futuro de los medios #HHBA #MediaParty · Rebooting journalism · Journalism and technology / Periodismo y tecnología,8933.0,3516.0,3357.0,10016.0,312.0,False,,,@HacksHackersBA
"RT @fcoel: Habemus stickerssssss

Pasen por el stand de @lndata en la Media Feria de la #Mediaparty 

Y estamos entrevistando periodistas d…",2022-08-24 23:06:43,es,,0.0,2.0,,HacksHackersBA,La conferencia que revoluciona el futuro de los medios #HHBA #MediaParty · Rebooting journalism · Journalism and technology / Periodismo y tecnología,8933.0,3516.0,3357.0,10016.0,312.0,False,,,@HacksHackersBA
"RT @ezralevant: You paid taxes so that Trudeau could give $104M in bail-out money to the propagandists at Global, CTV and CBC.

No wonder t…",2022-08-24 22:57:33,en,,0.0,450.0,,will jacks,Proud Canadian snowbird 🇨🇦🇺🇸 Political Junkie. Golfer Grampa ! No uninvited dm’s .,61419.0,55540.0,3526.0,3130.0,1.0,False,,,@william62560727
"Habemus stickerssssss

Pasen por el stand de @lndata en la Media Feria de la #Mediaparty 

Y estamos entrevistando periodistas de datos y programadores!! 

@HacksHackersBA https://t.co/CkO9hBOkQQ",2022-08-24 22:57:11,es,,12.0,2.0,,Flor Coelho,Capitana @emojidelmate_ok 🧉 / Proud @JSKStanford @LNdata & @LNnaturaleza. #hhba #neverstoplearning,58722.0,67517.0,7703.0,11923.0,444.0,True,,,@fcoel
RT @mena_gibran: Mañana @Datacritica en #MediaParty de @HacksHackersBA: ¿cómo se usa la #InteligenciaArtificial para detectar discurso polí…,2022-08-24 22:52:49,es,,0.0,2.0,,Data Crítica,"Somos un colectivo de investigación de código abierto. Investigamos temas relacionados con género, crisis climática y luchas anticoloniales en Latinoamérica.",455.0,529.0,694.0,1222.0,27.0,False,,,@Datacritica
"RT @HacksHackersBA: MAÑANA ES LA #MediaParty🎉 Y GRITAMOS DE LA EMOCIÓN. 

Tiramos la casa por la ventana, toda la carne al asador, apostamo…",2022-08-24 22:46:28,es,,0.0,8.0,,C.Fernández Moores 💚,Periodista de viajes / blogger en Periodistas Viajeros @pviajeros / #MediaParty Producer,22861.0,15273.0,7696.0,7393.0,194.0,False,,,@carolafmoores
"RT @ezralevant: You paid taxes so that Trudeau could give $104M in bail-out money to the propagandists at Global, CTV and CBC.

No wonder t…",2022-08-24 22:45:31,en,,0.0,450.0,,Terrance Blott,,154751.0,67103.0,2053.0,1029.0,10.0,False,,,@TerryBlott
"RT @genoshans: Mañana es jueves de #MediaParty! y 2 genoshans prepararon un workshop para la tanda de las 16:30 ""IA al alcance de todxs: Ge…",2022-08-24 22:32:48,es,,0.0,5.0,,Anahí Genari 🐿,"Comunicación #fsoc #UBA Co fundadora
& COO en @genoshans",1884.0,19675.0,555.0,153.0,4.0,False,,,@AniGenari
"Mañana es jueves de #MediaParty! y 2 genoshans prepararon un workshop para la tanda de las 16:30 ""IA al alcance de todxs: Generá tu avatar sintético"" por @Gala_chip y @manu_paiva73 https://t.co/8hUg81icXo",2022-08-24 22:31:26,es,,8.0,5.0,,Genosha,"We provide creativity to open minded clients in a friendly environment, inspiring them to feel creative and strategic.",431.0,320.0,167.0,558.0,1.0,False,,,@genoshans
RT @mena_gibran: Mañana @Datacritica en #MediaParty de @HacksHackersBA: ¿cómo se usa la #InteligenciaArtificial para detectar discurso polí…,2022-08-24 22:25:49,es,,0.0,2.0,,HacksHackersBA,La conferencia que revoluciona el futuro de los medios #HHBA #MediaParty · Rebooting journalism · Journalism and technology / Periodismo y tecnología,8933.0,3516.0,3357.0,10016.0,312.0,False,,,@HacksHackersBA
RT @anasoffietto: ¿Nos vemos en la #Mediaparty? Con @andy_tow y @ken4rab cerramos el viernes con un taller sobre cómo cubrir elecciones con…,2022-08-24 22:25:22,es,,0.0,5.0,,HacksHackersBA,La conferencia que revoluciona el futuro de los medios #HHBA #MediaParty · Rebooting journalism · Journalism and technology / Periodismo y tecnología,8933.0,3516.0,3357.0,10016.0,312.0,False,,,@HacksHackersBA
"¿Podés creer que la #MediaParty🎉 es mañana?

Levante la mano quien quiera una remera creada con IA, quien venga a las keynotes o quieran clonarse para ir a todos los workshops, quienes se emocionan con esto. Levanten la mano los NERDS🙌🏼

Yendo y llegando.
https://t.co/BpDdBeUgKg",2022-08-24 22:25:10,es,,1.0,1.0,,HacksHackersBA,La conferencia que revoluciona el futuro de los medios #HHBA #MediaParty · Rebooting journalism · Journalism and technology / Periodismo y tecnología,8933.0,3516.0,3357.0,10016.0,312.0,False,,,@HacksHackersBA
"RT @ezralevant: You paid taxes so that Trudeau could give $104M in bail-out money to the propagandists at Global, CTV and CBC.

No wonder t…",2022-08-24 22:24:40,en,,0.0,450.0,,Doug Quinney,,20670.0,11719.0,11.0,139.0,0.0,False,,,@DougQuinney
RT @meedan: Visit Meedan at #MediaParty! @DwightKnell @caiosba @JennaC_Sherman and @pierreconti will be presenting August 25th at 1pm GMT!…,2022-08-24 22:22:42,en,,0.0,3.0,,Mariano Blejman,"CDO at Grupo Octubre, director at https://t.co/sZh8kYSguG, #MediaParty manager at @Mediafactory_vc. Knight Fellow for ICFJ. E-mail: blejman@gmail.com",22716.0,11286.0,6569.0,11246.0,487.0,False,,,@blejman
RT @cabralens: Súper feliz de que @selfinvestigate esté presente en #MediaParty este año con @LuliCristallo Si estás por allá no te la pier…,2022-08-24 22:21:27,es,,0.0,4.0,,Mariano Blejman,"CDO at Grupo Octubre, director at https://t.co/sZh8kYSguG, #MediaParty manager at @Mediafactory_vc. Knight Fellow for ICFJ. E-mail: blejman@gmail.com",22716.0,11286.0,6569.0,11246.0,487.0,False,,,@blejman
RT @laurahertzfeld: So happy to be wrapping up summer / winter in beautiful Buenos Aires &amp; presenting at #MediaParty this week! What a grea…,2022-08-24 22:21:19,en,,0.0,2.0,,Mariano Blejman,"CDO at Grupo Octubre, director at https://t.co/sZh8kYSguG, #MediaParty manager at @Mediafactory_vc. Knight Fellow for ICFJ. E-mail: blejman@gmail.com",22716.0,11286.0,6569.0,11246.0,487.0,False,,,@blejman
RT @DAarambillet: Can’t wait for tomorrow’s #MediaParty workshop on how can AI help your newsroom 😍 cc @xhgMattia @fcoel @luchipaint @iksov…,2022-08-24 22:20:32,en,,0.0,3.0,,Mariano Blejman,"CDO at Grupo Octubre, director at https://t.co/sZh8kYSguG, #MediaParty manager at @Mediafactory_vc. Knight Fellow for ICFJ. E-mail: blejman@gmail.com",22716.0,11286.0,6569.0,11246.0,487.0,False,,,@blejman
"RT @ezralevant: You paid taxes so that Trudeau could give $104M in bail-out money to the propagandists at Global, CTV and CBC.

No wonder t…",2022-08-24 22:19:42,en,,0.0,450.0,,𝒞𝒽𝒶𝓃𝓉𝑒𝓁,🌊,110997.0,91937.0,446.0,2387.0,28.0,False,,,@chvntelv
Mañana @Datacritica en #MediaParty de @HacksHackersBA: ¿cómo se usa la #InteligenciaArtificial para detectar discurso político misógino? Parte de lo que desarrollamos en el #JournalismAI Collab de @PolisLSE. https://t.co/7zBlUvsQVR,2022-08-24 22:14:07,es,,4.0,2.0,,M.Gibran Mena 🌴🌊🌾🍂,"Escritura expandida con foto y análisis/visualización de datos. Cofundé @DataCritica. Elle. Fellow 2022 #JournalismAI de @polisLSE. ""Indigenizar el cora"".",8933.0,3067.0,4436.0,930.0,28.0,False,,,@mena_gibran
RT @Pascualicchio: Este viernes: Trato responsable de la noticia y herramientas Wikipedia para periodistas / @wikimedia_ar  + @DefdelPublic…,2022-08-24 22:11:30,es,,0.0,3.0,,Edison BUrbano 🇨🇴🇦🇷🌎🌍🌏,"*Soy Comunicador, Community Manager, Digital Activist, Redes Sociales, DDHH, Radialista apasionado.  
Humanista, mamerto, izquierda*  [OPINIONES PERSONALES]",127835.0,187316.0,3827.0,4420.0,59.0,False,,,@edisonburbanoOK
RT @PablitoRusski: I'm excited to attend La Nación Data at MediaParty 2022 https://t.co/e9udSpqjRo @hackshackersba #mediaparty @sched,2022-08-24 22:11:05,tl,,0.0,1.0,,HacksHackersBA,La conferencia que revoluciona el futuro de los medios #HHBA #MediaParty · Rebooting journalism · Journalism and technology / Periodismo y tecnología,8933.0,3516.0,3357.0,10016.0,312.0,False,,,@HacksHackersBA
RT @ezraeeman: It’s my honor to keynote at #MediaParty this year - a first one in South America. Thanks for the invite @HacksHackersBA 🙏,2022-08-24 22:10:57,en,,0.0,1.0,,HacksHackersBA,La conferencia que revoluciona el futuro de los medios #HHBA #MediaParty · Rebooting journalism · Journalism and technology / Periodismo y tecnología,8933.0,3516.0,3357.0,10016.0,312.0,False,,,@HacksHackersBA
"RT @HacksHackersBA: MAÑANA ES LA #MediaParty🎉 Y GRITAMOS DE LA EMOCIÓN. 

Tiramos la casa por la ventana, toda la carne al asador, apostamo…",2022-08-24 22:05:21,es,,0.0,8.0,,Flor Coelho,Capitana @emojidelmate_ok 🧉 / Proud @JSKStanford @LNdata & @LNnaturaleza. #hhba #neverstoplearning,58722.0,67517.0,7702.0,11923.0,444.0,True,,,@fcoel
"RT @ezralevant: You paid taxes so that Trudeau could give $104M in bail-out money to the propagandists at Global, CTV and CBC.

No wonder t…",2022-08-24 22:04:11,en,,0.0,450.0,,Craig,,4339.0,3653.0,1224.0,171.0,3.0,False,,,@Cmoose5599
"RT @JournoDao: Here's the recording of our latest town hall from earlier today, we met on Zoom before the kick-off of #MediaParty in Buenos…",2022-08-24 21:40:22,en,,0.0,5.0,,Web3 Pulse,By @KrittanawongMD. Our mission: Establish standards that the web3 community can stand behind. We Tweets about #Web3 and retweet daily.,81539.0,0.0,3.0,1877.0,16.0,False,,,@TheWeb3Pulse
"Here's the recording of our latest town hall from earlier today, we met on Zoom before the kick-off of #MediaParty in Buenos Aires where we'll be giving a keynote and a workshop on #Web3! Also an update on plans for our $journo token - https://t.co/NyvuGNOoV3",2022-08-24 21:40:00,en,,6.0,5.0,,JournoDAO,Let’s buy a newspaper together. Maybe even the paper in YOUR town. Then let’s use web3 tools to make it better than ever.,323.0,311.0,409.0,480.0,21.0,False,,,@JournoDao
RT @DAarambillet: Can’t wait for tomorrow’s #MediaParty workshop on how can AI help your newsroom 😍 cc @xhgMattia @fcoel @luchipaint @iksov…,2022-08-24 21:31:09,en,,0.0,3.0,,Mattia Peretti,"Managing #JournalismAI at @PolisLSE. Systems thinker. Interested in design, leadership and social change. Lucky guy.",10854.0,16514.0,3353.0,3507.0,166.0,False,,,@xhgMattia
"RT @ezralevant: You paid taxes so that Trudeau could give $104M in bail-out money to the propagandists at Global, CTV and CBC.

No wonder t…",2022-08-24 21:26:47,en,,0.0,450.0,,walitys,,40441.0,19715.0,646.0,125.0,7.0,False,,,@walitys
"RT @ezralevant: You paid taxes so that Trudeau could give $104M in bail-out money to the propagandists at Global, CTV and CBC.

No wonder t…",2022-08-24 21:25:29,en,,0.0,450.0,,Benjamin Silk,International Trade Specialist. Interested in all things related with trade and investment.,2491.0,441.0,238.0,75.0,15.0,False,,,@BenjaminSilk
"RT @HacksHackersBA: ¿Tan groso iba a ser @ezraeeman? 

Mañana arranca la #MediaParty🎉 y tenemos el gran honor de que Ezra de una keynote y…",2022-08-24 21:24:11,es,,0.0,1.0,,Román Evangelista,"Basketball isn't a game; It's an art form.

Comunicación Social - UBA",4092.0,18011.0,179.0,182.0,0.0,False,,,@RomanEvangelist
It’s my honor to keynote at #MediaParty this year - a first one in South America. Thanks for the invite @HacksHackersBA 🙏 https://t.co/OD2U0MkpL0,2022-08-24 21:11:34,en,,7.0,1.0,,Ezra Eeman,"🚀Change Director at Mediahuis. Stories & Strategy @Journalism2ls, Work/Life/Pleasure: Brussels - Tokyo - New York.",14411.0,4704.0,1890.0,4126.0,231.0,False,,,@ezraeeman
"RT @ezralevant: You paid taxes so that Trudeau could give $104M in bail-out money to the propagandists at Global, CTV and CBC.

No wonder t…",2022-08-24 21:03:17,en,,0.0,450.0,,Liberty Liberty,,6461.0,8611.0,770.0,105.0,2.0,False,,,@Liberty63053044
"La #MediaParty 🎉 arranca mañana a las 9:30hs ⏰️.

Los encargados de la apertura serán, nada más y nada menos que @clockwerks, cofundador de @voxmedia y @pilhofer impulsor del equipo interactivo de @nytimes y @guardian 👇",2022-08-24 20:52:08,es,,2.0,1.0,,Redacciones5G,Somos el programa de formación de #TelecomArgentina. Difundimos el potencial que la tecnología móvil puede aportar al periodismo 📲 En alianza con @motorola_AR,140.0,51.0,114.0,104.0,1.0,False,,,@Redacciones5G
I'm excited to attend La Nación Data at MediaParty 2022 https://t.co/e9udSpqjRo @hackshackersba #mediaparty @sched,2022-08-24 20:45:54,tl,,1.0,1.0,,Pablito Russki,,1.0,0.0,1.0,0.0,0.0,False,,,@PablitoRusski
"Can’t wait for tomorrow’s #MediaParty workshop on how can AI help your newsroom 😍 cc @xhgMattia @fcoel @luchipaint @iksoviet 

See you tomorrow at 3pm in Sala Galería B 🚀 and then come say hi to talk more about AI 🤓

(Here’s a clue) https://t.co/5Da7l6nPH5",2022-08-24 20:37:35,en,,9.0,3.0,,Delfina Arambillet,"Data, Learning & Diversity @Globant | Global Shaper @GlobalShapersBA @WEF | Former @LNdata | @SalzburgGlobal fellow | Lecturer @UCAPeriodismo | I love 🐶🍷🚀🌄",11108.0,16901.0,1707.0,1718.0,31.0,True,,,@DAarambillet
"RT @ezralevant: You paid taxes so that Trudeau could give $104M in bail-out money to the propagandists at Global, CTV and CBC.

No wonder t…",2022-08-24 20:35:04,en,,0.0,450.0,,Laurie Ekberg,"Likes fitness, travel, adventures, and fun! Degree in Early Childhood Education and Masters in Business Administration.",97152.0,131.0,1787.0,2004.0,24.0,False,,,@EkbergLaurie
"RT @ezralevant: You paid taxes so that Trudeau could give $104M in bail-out money to the propagandists at Global, CTV and CBC.

No wonder t…",2022-08-24 20:29:17,en,,0.0,450.0,,Ocean Diamonds🇨🇦,"TRUTH BRAVE FREE
I identify as a Freedom loving Canadian Trucker🚛 HONK HONK!",14308.0,13808.0,797.0,220.0,2.0,False,,,@TruthBraveFree
"¿Tan groso iba a ser @ezraeeman? 

Mañana arranca la #MediaParty🎉 y tenemos el gran honor de que Ezra de una keynote y un workshop durante el primer día del evento sobre cómo repensar el mundo de los medios. 

Es MAÑANA, es GRATIS, es GENIAL🫶

https://t.co/I5mFRBAXNg",2022-08-24 20:25:49,es,,6.0,1.0,,HacksHackersBA,La conferencia que revoluciona el futuro de los medios #HHBA #MediaParty · Rebooting journalism · Journalism and technology / Periodismo y tecnología,8933.0,3516.0,3357.0,10016.0,312.0,False,,,@HacksHackersBA
RT @Pascualicchio: Este viernes: Trato responsable de la noticia y herramientas Wikipedia para periodistas / @wikimedia_ar  + @DefdelPublic…,2022-08-24 20:21:01,es,,0.0,3.0,,HacksHackersBA,La conferencia que revoluciona el futuro de los medios #HHBA #MediaParty · Rebooting journalism · Journalism and technology / Periodismo y tecnología,8933.0,3516.0,3357.0,10016.0,312.0,False,,,@HacksHackersBA
Mamá llegué. Test Speaker en #MediaParty https://t.co/nvKaknlZh3,2022-08-24 20:12:32,es,,2.0,0.0,@iksoviet,NicoRusso,"Diseñador audiovisual e industrial por título. Nerd de corazón.
Jefe de producto @canal9oficial
Colab @HacksHackersBA y #mediaparty",2750.0,5876.0,1644.0,296.0,3.0,False,,,@iksoviet
"MAÑANA comienza en Buenos Aires la 10° edición de la #MediaParty, la conferencia de innovación en medios que reúne en @CCKonex a emprendedores, periodistas, programadores y diseñadores para trabajar juntos por el futuro de los medios. Es gratuita. https://t.co/ZZTQEWeWqC",2022-08-24 19:59:30,es,,1.0,0.0,,Sole Arreguez,"Professor at @socialesunlz y @UCAPeriodismo. I’m also at @Pent_flacso, @AgenciaAuno @DesconfioA. Communication, technology, and education. Scholar.",6935.0,10841.0,1277.0,1742.0,44.0,False,,,@sol_arreguez
RT @MilagroMar3: Yendo! ✈️ Hermosa oportunidad para ver en qué anda el resto del mundo 🌎 y conocer a les compas de @sembramedia 💘 #MediaPar…,2022-08-24 19:56:56,es,,0.0,2.0,,Martín Dzienczarski González,Trabajo de periodista y de comunicador. Una vez soñé que me encontraba con Soriano en un café. No puedo vivir sin memes. Hago periodismo en @metacrisistuc,138261.0,105983.0,3005.0,4850.0,51.0,False,,,@martindezeta
"¡Escenario Tlx presente en la #MediaParty en Argentina 🇦🇷! 🎉
 
Nos invitaron a presentar nuestro trabajo para conseguir financiamiento y para poder seguir haciendo periodismo independiente 💪
 
Les mantendremos informados 😉 https://t.co/PpvEkLqrvR",2022-08-24 19:52:49,es,,2.0,0.0,,Escenario Tlaxcala,"Hacemos periodismo independiente, ciudadano y empático https://t.co/MbweSdxlCD",9671.0,696.0,729.0,1820.0,26.0,False,,,@escenariotlx
"RT @HacksHackersBA: MAÑANA ES LA #MediaParty🎉 Y GRITAMOS DE LA EMOCIÓN. 

Tiramos la casa por la ventana, toda la carne al asador, apostamo…",2022-08-24 19:51:04,es,,0.0,8.0,,Ciudad Cultural Konex,"Fábrica de experiencias ✨
Espacio de música en vivo, teatro, ideas, danza, cine, eventos, muestras y más.",19235.0,4318.0,725.0,58464.0,282.0,True,,,@CCKonex
"RT @xhgMattia: ⏳ Less than 24 hours to #MediaParty, feeling excited about giving my #JournalismAI talk! 🚀 (less proud of the finger marks o…",2022-08-24 19:48:33,en,,0.0,2.0,,Mariano Blejman,"CDO at Grupo Octubre, director at https://t.co/sZh8kYSguG, #MediaParty manager at @Mediafactory_vc. Knight Fellow for ICFJ. E-mail: blejman@gmail.com",22716.0,11286.0,6570.0,11249.0,487.0,False,,,@blejman
RT @Datacritica: Mañana charlaremos sobre periodismo y el uso de la inteligencia artificial para detectar misoginia en el discurso político…,2022-08-24 19:44:19,es,,0.0,2.0,,Rita,Periodista @oratoworld,314.0,313.0,1972.0,250.0,0.0,False,,,@rittapok
"RT @ezralevant: You paid taxes so that Trudeau could give $104M in bail-out money to the propagandists at Global, CTV and CBC.

No wonder t…",2022-08-24 19:39:31,en,,0.0,450.0,,Honk Honk! Thatbearguy,"Average guy, bit of a political junkie, somewhat obnoxious, dyslexic (my spelling is bad, even for Twitter).

Retweets are just because I found them interesting",42457.0,12314.0,263.0,173.0,14.0,False,,,@Thatbearguy
Visitando @clarin con @chrismoranuk de @theguardian #MediaParty https://t.co/tpLz5Nx05x,2022-08-24 19:37:51,es,,2.0,0.0,,Mariano Blejman,"CDO at Grupo Octubre, director at https://t.co/sZh8kYSguG, #MediaParty manager at @Mediafactory_vc. Knight Fellow for ICFJ. E-mail: blejman@gmail.com",22716.0,11286.0,6570.0,11249.0,487.0,False,,,@blejman
RT @sommelierdecafe: @blejman @clockwerks @_IPNoticias @nbg__ @gsued Una reunión muy nutritiva. #MediaParty,2022-08-24 19:36:16,es,,0.0,1.0,,Mariano Blejman,"CDO at Grupo Octubre, director at https://t.co/sZh8kYSguG, #MediaParty manager at @Mediafactory_vc. Knight Fellow for ICFJ. E-mail: blejman@gmail.com",22716.0,11286.0,6570.0,11249.0,487.0,False,,,@blejman
"RT @ezralevant: You paid taxes so that Trudeau could give $104M in bail-out money to the propagandists at Global, CTV and CBC.

No wonder t…",2022-08-24 19:35:22,en,,0.0,450.0,,Pegasus,"🇨🇦 JW-GROM 🇵🇱 🇺🇸

Justin TruDildeau is a shity person. 

Be Nice!
Be Strong!
Be Well!",12760.0,5750.0,319.0,368.0,3.0,False,,,@DegenWoke
"RT @ezralevant: You paid taxes so that Trudeau could give $104M in bail-out money to the propagandists at Global, CTV and CBC.

No wonder t…",2022-08-24 19:32:56,en,,0.0,450.0,,Kelly Cunningham,,91707.0,49648.0,70.0,163.0,3.0,False,,,@krccanuck
"RT @ezralevant: You paid taxes so that Trudeau could give $104M in bail-out money to the propagandists at Global, CTV and CBC.

No wonder t…",2022-08-24 19:25:48,en,,0.0,450.0,,MysChuff,"Resist JT's Lysenkoism at all cost. Or JT's Lysenkoism will cost you all. Professional smart ass. 
#1002/6million of the Can jab control group",7372.0,11155.0,369.0,320.0,0.0,False,,,@MysChuff
RT @blejman: Seguimos de visitas con @clockwerks en @_IPNoticias #MediaParty con @sommelierdecafe @nbg__ @gsued https://t.co/SxeoSIntg5,2022-08-24 19:16:03,es,,0.0,3.0,,ᴹᵃʳᶦᵉ ᴮᵃᶦᵃʳᵈᶦ,"Subdirección general de @_IPnoticias
Mi corazón en @arg_multicolor
Comunicación
Política 
Feminismo
Justicia social",15628.0,4725.0,732.0,1317.0,4.0,False,,,@MarieBaiardi
"RT @ezralevant: You paid taxes so that Trudeau could give $104M in bail-out money to the propagandists at Global, CTV and CBC.

No wonder t…",2022-08-24 19:15:27,en,,0.0,450.0,,Beach Snob 🇨🇦,,153004.0,129896.0,1130.0,985.0,8.0,False,,,@BeachSnob
"RT @ezralevant: You paid taxes so that Trudeau could give $104M in bail-out money to the propagandists at Global, CTV and CBC.

No wonder t…",2022-08-24 19:14:44,en,,0.0,450.0,,Brad,,26004.0,82594.0,228.0,97.0,1.0,False,,,@rallymaster67
"RT @ezralevant: You paid taxes so that Trudeau could give $104M in bail-out money to the propagandists at Global, CTV and CBC.

No wonder t…",2022-08-24 19:14:37,en,,0.0,450.0,,Enheduanna,"Vax injured.  Dysautonomia, pericarditis, hypertension, heart palpitations, dyspnea, asthma, fatigue, dizziness, migraines, muscle spasms, tinnitus, and more.",19192.0,40496.0,888.0,379.0,1.0,False,,,@Enheduannaofur
Yendo! ✈️ Hermosa oportunidad para ver en qué anda el resto del mundo 🌎 y conocer a les compas de @sembramedia 💘 #MediaParty https://t.co/eiz2LeJNiR,2022-08-24 19:14:09,es,,14.0,2.0,,Milagro Mar,"Soy periodista. Editora en @lanotatucuman. Feminista, cooperativista y ✂🌈",2511.0,5103.0,691.0,820.0,5.0,False,,,@MilagroMar3
"Este viernes: Trato responsable de la noticia y herramientas Wikipedia para periodistas / @wikimedia_ar  + @DefdelPublico en la #MediaParty de @HacksHackersBA 

ANOTATE! https://t.co/zysvwK5BDi @hackshackersba #mediaparty @sched",2022-08-24 18:56:23,es,,3.0,3.0,,Pascual Calicchio,"Secretario General de @DefdelPublico, dirigente de @identidadAR, Periodista, Profesor, SME, DJ, Hack Hackers,  ISTLyR,  UBA,  UNQui,  Hincha de Ituzaingó.",120095.0,19046.0,2307.0,6935.0,138.0,False,,,@Pascualicchio
"RT @ezralevant: You paid taxes so that Trudeau could give $104M in bail-out money to the propagandists at Global, CTV and CBC.

No wonder t…",2022-08-24 18:53:53,en,,0.0,450.0,,R.B.,//,77961.0,76473.0,202.0,359.0,3.0,False,,,@GreyCat45
"RT @ezralevant: You paid taxes so that Trudeau could give $104M in bail-out money to the propagandists at Global, CTV and CBC.

No wonder t…",2022-08-24 18:46:46,en,,0.0,450.0,,John Blake Jr.,,2722.0,22062.0,860.0,178.0,2.0,False,,,@JohnrBlakejr
"RT @ezralevant: You paid taxes so that Trudeau could give $104M in bail-out money to the propagandists at Global, CTV and CBC.

No wonder t…",2022-08-24 18:37:33,en,,0.0,450.0,,MickC,,25555.0,68621.0,511.0,113.0,1.0,False,,,@Manabuzz
@blejman @clockwerks @_IPNoticias @nbg__ @gsued Una reunión muy nutritiva. #MediaParty,2022-08-24 18:37:03,es,AR,5.0,1.0,@blejman,Nicolas Artusi,Periodista. Sommelier de café. Conversador.,35564.0,17374.0,2832.0,78480.0,358.0,True,,,@sommelierdecafe
"RT @ezralevant: You paid taxes so that Trudeau could give $104M in bail-out money to the propagandists at Global, CTV and CBC.

No wonder t…",2022-08-24 18:26:24,en,,0.0,450.0,,Alexandrina Krit @Al3xandrinaKrit on Parler,,17875.0,45113.0,952.0,616.0,1.0,False,,,@AlexDKritikanze
"RT @ezralevant: You paid taxes so that Trudeau could give $104M in bail-out money to the propagandists at Global, CTV and CBC.

No wonder t…",2022-08-24 18:09:15,en,,0.0,450.0,,Manny,"Not Manny-Ottawa. Yes, my last name is 70944327, PARLER @Manny007.....From The GTA, Live in B.C., worked out of AB for 34 years. #TrudeauMustGo",43779.0,32630.0,2604.0,2889.0,12.0,False,,,@Manny70944327
"RT @ezralevant: You paid taxes so that Trudeau could give $104M in bail-out money to the propagandists at Global, CTV and CBC.

No wonder t…",2022-08-24 17:58:24,en,,0.0,450.0,,Robert McCready,"father, grandfather, retired and getting cranky",25665.0,10176.0,1202.0,548.0,1.0,False,,,@rjMcCready
RT @anasoffietto: ¿Nos vemos en la #Mediaparty? Con @andy_tow y @ken4rab cerramos el viernes con un taller sobre cómo cubrir elecciones con…,2022-08-24 17:54:33,es,,0.0,5.0,,Andy Tow,Politólogo,162873.0,100335.0,999.0,31088.0,304.0,False,,,@andy_tow
RT @laurahertzfeld: So happy to be wrapping up summer / winter in beautiful Buenos Aires &amp; presenting at #MediaParty this week! What a grea…,2022-08-24 17:53:23,en,,0.0,2.0,,HacksHackersBA,La conferencia que revoluciona el futuro de los medios #HHBA #MediaParty · Rebooting journalism · Journalism and technology / Periodismo y tecnología,8933.0,3516.0,3357.0,10016.0,312.0,False,,,@HacksHackersBA
"RT @ezralevant: You paid taxes so that Trudeau could give $104M in bail-out money to the propagandists at Global, CTV and CBC.

No wonder t…",2022-08-24 17:45:10,en,,0.0,450.0,,Mr.D. Stairs !,"Old white man, so far thanks to fossil fuels have made it to 81 Hoping to escape the coming mini ice-age. Keep your woollies handy.",205789.0,122686.0,1075.0,1869.0,67.0,False,,,@dstairs1
"RT @ezralevant: You paid taxes so that Trudeau could give $104M in bail-out money to the propagandists at Global, CTV and CBC.

No wonder t…",2022-08-24 17:36:26,en,,0.0,450.0,,Fat_Dog,,23687.0,16379.0,417.0,142.0,0.0,False,,,@FatDog91736707
"RT @ezralevant: You paid taxes so that Trudeau could give $104M in bail-out money to the propagandists at Global, CTV and CBC.

No wonder t…",2022-08-24 17:36:24,en,,0.0,450.0,,Ed Cox,Oilfield guy,7502.0,4197.0,798.0,109.0,3.0,False,,,@Retiredguy123
"RT @ezralevant: You paid taxes so that Trudeau could give $104M in bail-out money to the propagandists at Global, CTV and CBC.

No wonder t…",2022-08-24 17:34:24,en,,0.0,450.0,,CMM,,32803.0,31029.0,1396.0,770.0,3.0,False,,,@CMM41448916
"RT @ezralevant: You paid taxes so that Trudeau could give $104M in bail-out money to the propagandists at Global, CTV and CBC.

No wonder t…",2022-08-24 17:29:09,en,,0.0,450.0,,C,,6965.0,16677.0,2351.0,715.0,0.0,False,,,@absurdistlocker
"RT @ezralevant: You paid taxes so that Trudeau could give $104M in bail-out money to the propagandists at Global, CTV and CBC.

No wonder t…",2022-08-24 17:22:27,en,,0.0,450.0,,deplorable G1.  🇺🇸🇺🇸🇺🇸,"#MAGA #BACK THE BLUE #NRA TRUMP 100% #DRAIN THE SWAMP.. Happily married ,build the wall , I follow back.If I am not following /let me know !",35476.0,57800.0,7666.0,7301.0,3.0,False,,,@ghardin68
So happy to be wrapping up summer / winter in beautiful Buenos Aires &amp; presenting at #MediaParty this week! What a great group @blejman @ginocingolani @fcoel &amp; team have put together. https://t.co/c5uJ92GUFJ,2022-08-24 17:15:04,en,,7.0,2.0,,Laura Hertzfeld,"LA ambassador, midnight baker, Jeopardy silver medalist. Storytelling innovation. @yahoonews @Journalism_360 @EW @PBS @jskstanford #XR #binders she/her",11266.0,13703.0,2184.0,3517.0,183.0,True,,,@laurahertzfeld
Súper feliz de que @selfinvestigate esté presente en #MediaParty este año con @LuliCristallo Si estás por allá no te la pierdas (ni a nuestras pegatinas molonas!) Seamos cada vez más #periodistassaludables https://t.co/fpnjflwkWr,2022-08-24 17:10:23,es,,6.0,4.0,,Mar Cabra,Aka Sea Goat  🌊🐐 Periodismo | Tecnología | Bienestar. @selfinvestigate founder @Acumen fellow @odise_ia @ICIJorg Premio Pulitzer. Viva el cambio (estructural),6555.0,6276.0,4524.0,20761.0,1097.0,True,,,@cabralens
"RT @ezralevant: You paid taxes so that Trudeau could give $104M in bail-out money to the propagandists at Global, CTV and CBC.

No wonder t…",2022-08-24 17:08:37,en,,0.0,450.0,,Micropan44,"Like Tweets that entertain make me think and laugh,and anyone that spells kool with a K",354133.0,142.0,5753.0,5820.0,76.0,False,,,@Micropan44
"RT @HacksHackersBA: MAÑANA ES LA #MediaParty🎉 Y GRITAMOS DE LA EMOCIÓN. 

Tiramos la casa por la ventana, toda la carne al asador, apostamo…",2022-08-24 17:08:31,es,,0.0,8.0,,teuss,My real name is Tea I Designer I Actress I datalover I TeaSommelier (((pasajera en tránsito perpetuo))),23556.0,45657.0,5002.0,2619.0,190.0,False,,,@teuss
"RT @ezralevant: You paid taxes so that Trudeau could give $104M in bail-out money to the propagandists at Global, CTV and CBC.

No wonder t…",2022-08-24 17:06:41,en,,0.0,450.0,,ChefShar,,108595.0,164521.0,950.0,515.0,0.0,False,,,@chef_shar
"RT @ezralevant: You paid taxes so that Trudeau could give $104M in bail-out money to the propagandists at Global, CTV and CBC.

No wonder t…",2022-08-24 17:03:01,en,,0.0,450.0,,Dogstar 🇬🇧🏴󠁧󠁢󠁥󠁮󠁧󠁿🇮🇪,"LFC fan,chocoholic, love a cuppa yorkshire tea & a dog person",95081.0,117275.0,1749.0,1563.0,30.0,False,,,@jasonhellawell
"RT @ezralevant: You paid taxes so that Trudeau could give $104M in bail-out money to the propagandists at Global, CTV and CBC.

No wonder t…",2022-08-24 17:01:49,en,,0.0,450.0,,Lea Switzer,had my last account suspended -Alberta Strong &Free- this is a stupid Twitter dance.,799.0,1179.0,174.0,35.0,0.0,False,,,@LeaSwitzer
Volvimos. #MediaParty https://t.co/qrpvPHSddb,2022-08-24 16:59:50,es,,15.0,0.0,,NicoRusso,"Diseñador audiovisual e industrial por título. Nerd de corazón.
Jefe de producto @canal9oficial
Colab @HacksHackersBA y #mediaparty",2750.0,5876.0,1644.0,296.0,3.0,False,,,@iksoviet
Seguimos de visitas con @clockwerks en @_IPNoticias #MediaParty con @sommelierdecafe @nbg__ @gsued https://t.co/SxeoSIntg5,2022-08-24 16:59:15,es,,12.0,3.0,,Mariano Blejman,"CDO at Grupo Octubre, director at https://t.co/sZh8kYSguG, #MediaParty manager at @Mediafactory_vc. Knight Fellow for ICFJ. E-mail: blejman@gmail.com",22716.0,11286.0,6570.0,11249.0,487.0,False,,,@blejman
"RT @Redacciones5G: Arrancó la cuenta regresiva para la #MediaParty 🎉 @HacksHackersBA

Nos vemos en la feria y el viernes 26 a las 15hs en e…",2022-08-24 16:58:10,es,,0.0,1.0,,HacksHackersBA,La conferencia que revoluciona el futuro de los medios #HHBA #MediaParty · Rebooting journalism · Journalism and technology / Periodismo y tecnología,8933.0,3516.0,3357.0,10016.0,312.0,False,,,@HacksHackersBA
RT @Datacritica: Mañana charlaremos sobre periodismo y el uso de la inteligencia artificial para detectar misoginia en el discurso político…,2022-08-24 16:57:43,es,,0.0,2.0,,HacksHackersBA,La conferencia que revoluciona el futuro de los medios #HHBA #MediaParty · Rebooting journalism · Journalism and technology / Periodismo y tecnología,8933.0,3516.0,3357.0,10016.0,312.0,False,,,@HacksHackersBA
"RT @xhgMattia: ⏳ Less than 24 hours to #MediaParty, feeling excited about giving my #JournalismAI talk! 🚀 (less proud of the finger marks o…",2022-08-24 16:56:55,en,,0.0,2.0,,HacksHackersBA,La conferencia que revoluciona el futuro de los medios #HHBA #MediaParty · Rebooting journalism · Journalism and technology / Periodismo y tecnología,8933.0,3516.0,3357.0,10016.0,312.0,False,,,@HacksHackersBA
"RT @ezralevant: You paid taxes so that Trudeau could give $104M in bail-out money to the propagandists at Global, CTV and CBC.

No wonder t…",2022-08-24 16:54:41,en,,0.0,450.0,,A A,Don't put me in a box or try to label me. I'm pro-common sense principles regardless of the source. Treat others the way you would like to be treated.,13110.0,32057.0,999.0,278.0,4.0,False,,,@savedrotex
"RT @ezralevant: You paid taxes so that Trudeau could give $104M in bail-out money to the propagandists at Global, CTV and CBC.

No wonder t…",2022-08-24 16:44:55,en,,0.0,450.0,,Ultra Maga Greg,happily married USN vet who has watched our government tear this blessed country apart my prayers are with Donald Trump and those who are trying help🇺🇸🇺🇸,99979.0,109461.0,8812.0,8409.0,7.0,False,,,@GrandpaGreg77
"RT @ezralevant: You paid taxes so that Trudeau could give $104M in bail-out money to the propagandists at Global, CTV and CBC.

No wonder t…",2022-08-24 16:44:52,en,,0.0,450.0,,Kevin B - liar.com,Eternal student. I do my best to spread love  around the world. it’s much needed.,40434.0,45852.0,1004.0,548.0,0.0,False,,,@bambkb
"RT @ezralevant: You paid taxes so that Trudeau could give $104M in bail-out money to the propagandists at Global, CTV and CBC.

No wonder t…",2022-08-24 16:42:50,en,,0.0,450.0,,Michelle,,39258.0,36333.0,2656.0,1016.0,2.0,False,,,@MichelleJarw
"RT @ezralevant: You paid taxes so that Trudeau could give $104M in bail-out money to the propagandists at Global, CTV and CBC.

No wonder t…",2022-08-24 16:42:48,en,,0.0,450.0,,Sant,,20175.0,115332.0,9.0,313.0,0.0,False,,,@Sant15427098
"Mañana charlaremos sobre periodismo y el uso de la inteligencia artificial para detectar misoginia en el discurso político.  

👋 Nos vemos en la #MediaParty de @HacksHackersBA.

https://t.co/mzg6hedFCs",2022-08-24 16:41:44,es,,3.0,2.0,,Data Crítica,"Somos un colectivo de investigación de código abierto. Investigamos temas relacionados con género, crisis climática y luchas anticoloniales en Latinoamérica.",455.0,529.0,694.0,1222.0,27.0,False,,,@Datacritica
"RT @ezralevant: You paid taxes so that Trudeau could give $104M in bail-out money to the propagandists at Global, CTV and CBC.

No wonder t…",2022-08-24 16:39:43,en,,0.0,450.0,,Unacceptable CMDR CLASS|F|ED 🚛,"#HonkHonk
#GallowsAndGuillotines
#FreedomConvoy2022
#TrudeauMustGo
#FrenIndeed
Plastic Bag Enthusiast! Ropes are good too! 13 rounds!",50176.0,45670.0,1479.0,1017.0,2.0,False,,,@CMDR_CLASSIFIED
"RT @ezralevant: You paid taxes so that Trudeau could give $104M in bail-out money to the propagandists at Global, CTV and CBC.

No wonder t…",2022-08-24 16:38:49,en,,0.0,450.0,,Profiremedic,Ex Prof SLC Ex Paramedic *personal thoughts and opinions are my own-I am not tweeting on behalf of my employer*,33978.0,10530.0,9245.0,8588.0,54.0,False,,,@profiremedic
"RT @HacksHackersBA: Los #Workshops de la #MediaParty🎉 son un montón y están buenísimos, ya te lo digo. 

Jueves 25 de 16.30 a 18 vamos a te…",2022-08-24 16:31:21,es,,0.0,5.0,,Abraham Torres,Embajador de @SembraMedia | Periodista | Investigador Académico | Consultor en Emprendimiento Periodístico 🌴 Tropical way of life 🌊 El mar como tu hogar,44713.0,5313.0,2880.0,5777.0,75.0,False,,,@abrajamtorres
"⏳ Less than 24 hours to #MediaParty, feeling excited about giving my #JournalismAI talk! 🚀 (less proud of the finger marks on my laptop screen 😅) https://t.co/L21OmjdRub",2022-08-24 16:28:33,en,,64.0,2.0,,Mattia Peretti,"Managing #JournalismAI at @PolisLSE. Systems thinker. Interested in design, leadership and social change. Lucky guy.",10854.0,16514.0,3353.0,3508.0,166.0,False,,,@xhgMattia
"Arrancó la cuenta regresiva para la #MediaParty 🎉 @HacksHackersBA

Nos vemos en la feria y el viernes 26 a las 15hs en el workshop de @alvaroliuzzi:

📱“Newsletter: de concepto a producto”, cómo desarrollar, publicar y monetizar tu #newsletter.

🗓 https://t.co/TvVxBuFS4Y https://t.co/bU6T5tlpKl",2022-08-24 16:25:43,es,,2.0,1.0,,Redacciones5G,Somos el programa de formación de #TelecomArgentina. Difundimos el potencial que la tecnología móvil puede aportar al periodismo 📲 En alianza con @motorola_AR,140.0,51.0,114.0,104.0,1.0,False,,,@Redacciones5G
"RT @ezralevant: You paid taxes so that Trudeau could give $104M in bail-out money to the propagandists at Global, CTV and CBC.

No wonder t…",2022-08-24 16:21:21,en,,0.0,450.0,,Tango Strobe,"If only Japan had common sense gun control, Shinzo Abe might still be alive.",40552.0,24437.0,1318.0,168.0,2.0,False,,,@TangoStrobe
"RT @ezralevant: You paid taxes so that Trudeau could give $104M in bail-out money to the propagandists at Global, CTV and CBC.

No wonder t…",2022-08-24 16:19:48,en,,0.0,450.0,,Palliser Triangle Ag Project,"Husband and Father of Three. Member of third generation Farming & Cattle Operation. Elec Tech, J. Electrician, & PSE. I’m Not You #welcometothedesert",8369.0,6604.0,753.0,810.0,1.0,False,,,@KKoolyk
"RT @ezralevant: You paid taxes so that Trudeau could give $104M in bail-out money to the propagandists at Global, CTV and CBC.

No wonder t…",2022-08-24 16:10:16,en,,0.0,450.0,,Lisa Foster,,17628.0,27705.0,286.0,346.0,0.0,False,,,@LisaFos16
"RT @ezralevant: You paid taxes so that Trudeau could give $104M in bail-out money to the propagandists at Global, CTV and CBC.

No wonder t…",2022-08-24 16:05:48,en,,0.0,450.0,,seewaggy,Traveling & searching far and wide to discover the best poutine out there!,4430.0,2556.0,127.0,31.0,1.0,False,,,@seewaggy
"RT @ezralevant: You paid taxes so that Trudeau could give $104M in bail-out money to the propagandists at Global, CTV and CBC.

No wonder t…",2022-08-24 16:04:32,en,,0.0,450.0,,Mike Frobus,"CFO, Tax Planning &  Risk Solution Consultants",103458.0,44678.0,4987.0,4237.0,603.0,False,,,@risksolutioncon
"RT @ezralevant: You paid taxes so that Trudeau could give $104M in bail-out money to the propagandists at Global, CTV and CBC.

No wonder t…",2022-08-24 15:52:40,en,,0.0,450.0,,MrD,"Freedom+Prosperity, Science+Tech, Fitness (SuperSlow+HIIT), Skeptic re CO2 = climate change.",64174.0,117625.0,1231.0,729.0,59.0,False,,,@donobo
"RT @ezralevant: You paid taxes so that Trudeau could give $104M in bail-out money to the propagandists at Global, CTV and CBC.

No wonder t…",2022-08-24 15:44:48,en,,0.0,450.0,,Joseph Joseph,,33463.0,42351.0,2040.0,693.0,2.0,False,,,@cactus12345
"RT @ezralevant: You paid taxes so that Trudeau could give $104M in bail-out money to the propagandists at Global, CTV and CBC.

No wonder t…",2022-08-24 15:43:55,en,,0.0,450.0,,My tweets...Fringe Minority…my opinion 🚛👊🏻🇨🇦,Since when did a “difference of opinion” become “misinformation”?!,9297.0,33810.0,440.0,224.0,2.0,False,,,@lori_harley
"RT @ezralevant: You paid taxes so that Trudeau could give $104M in bail-out money to the propagandists at Global, CTV and CBC.

No wonder t…",2022-08-24 15:41:47,en,,0.0,450.0,,Trevor Slatery 🇨🇦,,13354.0,26306.0,966.0,527.0,2.0,False,,,@trevor_slatery
"RT @HacksHackersBA: NO FALTA -casi- NADA PARA VOLVERNOS A VER en la #MediaParty🎉 

Y DE PASO… Abro hilo 🧵para que sepas por qué te tenes qu…",2022-08-24 15:41:17,es,,0.0,2.0,,Román Evangelista,"Basketball isn't a game; It's an art form.

Comunicación Social - UBA",4092.0,18011.0,179.0,182.0,0.0,False,,,@RomanEvangelist
"RT @ezralevant: You paid taxes so that Trudeau could give $104M in bail-out money to the propagandists at Global, CTV and CBC.

No wonder t…",2022-08-24 15:41:14,en,,0.0,450.0,,I M Heather🇨🇦,"Old motto: Everything works out in the end
New motto: When will this end
A realist looking for optimism in this world gone mad",2919.0,11814.0,346.0,258.0,0.0,False,,,@IMHeatherAmI
"RT @ezralevant: You paid taxes so that Trudeau could give $104M in bail-out money to the propagandists at Global, CTV and CBC.

No wonder t…",2022-08-24 15:39:45,en,,0.0,450.0,,Dean Skoreyko,One BC Conservative's view on it all,297159.0,2.0,16.0,14773.0,129.0,False,,,@bcbluecon
"RT @HacksHackersBA: Los #Workshops de la #MediaParty🎉 son un montón y están buenísimos, ya te lo digo. 

Jueves 25 de 16.30 a 18 vamos a te…",2022-08-24 15:39:28,es,,0.0,5.0,,Román Evangelista,"Basketball isn't a game; It's an art form.

Comunicación Social - UBA",4092.0,18011.0,179.0,182.0,0.0,False,,,@RomanEvangelist
"RT @ezralevant: You paid taxes so that Trudeau could give $104M in bail-out money to the propagandists at Global, CTV and CBC.

No wonder t…",2022-08-24 15:32:56,en,,0.0,450.0,,Bad Btch,,4963.0,19544.0,321.0,133.0,3.0,False,,,@BadBtch780
"RT @ezralevant: You paid taxes so that Trudeau could give $104M in bail-out money to the propagandists at Global, CTV and CBC.

No wonder t…",2022-08-24 15:32:52,en,,0.0,450.0,,Tony Folques 🇨🇦 🇵🇹,"Optimistic before 30, FED UP pessimist after 30, just want to vent on stuff I feel strongly about. 

Don't DM me, I will unfollow you.",116803.0,61140.0,2184.0,1985.0,0.0,False,,,@FolquesTony
"#LaNotaActualidad Innovación y medios: La Nota participa de la 10° edición de la #MediaParty 

Se trata de un evento que reúne referentes de grandes medios como The New York Times, The Washington Post, The Guardian y The Vox. ✈️Allá Vamos!

https://t.co/JyqRFnUZXq",2022-08-24 15:31:44,es,,2.0,0.0,,La Nota,"Género y Derechos Humanos desde el Norte Argentino
✍🏼Medio de comunicación cooperativo.",11112.0,634.0,836.0,1306.0,11.0,False,,,@LaNotaTucuman
"RT @ezralevant: You paid taxes so that Trudeau could give $104M in bail-out money to the propagandists at Global, CTV and CBC.

No wonder t…",2022-08-24 15:28:41,en,,0.0,450.0,,I'm R.Wright,Redheadsorta.Just sayin' most of the time...East of the Rockies.,13676.0,37980.0,772.0,145.0,0.0,False,,,@lunchladyrosie1
@atRachelGilmore Maybe run to your Daddy Trudeau who provided subsidies to your media company during Covid-19 and see if he will criminalize criticism of the #MediaParty,2022-08-24 15:26:21,en,,4.0,0.0,@atRachelGilmore,Far-Right Canadian,Trudeau funds the Bell/Rogers news media network to influence culture and politics. You are being spoon-fed Liberal propaganda over the radio/TV. Defund the MSM,28.0,0.0,91.0,2.0,0.0,False,,,@FarRightCdn
"RT @ezralevant: You paid taxes so that Trudeau could give $104M in bail-out money to the propagandists at Global, CTV and CBC.

No wonder t…",2022-08-24 15:24:47,en,,0.0,450.0,,Lucy Reis,,7177.0,4103.0,425.0,219.0,3.0,False,,,@maddie71
"RT @ezralevant: You paid taxes so that Trudeau could give $104M in bail-out money to the propagandists at Global, CTV and CBC.

No wonder t…",2022-08-24 15:24:06,en,,0.0,450.0,,Ivan,"A proud Canadian 🇨🇦 of Danish 🇩🇰 heritage, A Conservative who likes hunting, fishing & shooting sports. Eat, shop local & support your local humane society.",95697.0,33367.0,1241.0,1299.0,62.0,False,,,@ivaninloretto
Visit Meedan at #MediaParty! @DwightKnell @caiosba @JennaC_Sherman and @pierreconti will be presenting August 25th at 1pm GMT! https://t.co/gT7OEP7IVB,2022-08-24 15:24:00,en,,3.0,3.0,,meedan,"Building software and initiatives to strengthen journalism, digital literacy, and accessibility of information. Also: @check https://t.co/NFet00AlBu",16237.0,1162.0,2267.0,11754.0,684.0,True,,,@meedan
RT @felicarrique: Mañana en #MediaParty 🙌,2022-08-24 15:19:08,es,,0.0,2.0,,Mariano Blejman,"CDO at Grupo Octubre, director at https://t.co/sZh8kYSguG, #MediaParty manager at @Mediafactory_vc. Knight Fellow for ICFJ. E-mail: blejman@gmail.com",22716.0,11286.0,6569.0,11246.0,487.0,False,,,@blejman
RT @selfinvestigate: Nuestra @LuliCristallo estará mañana en la #MediaParty de @HacksHackersBA 🎉 La encontraréis en la Media Feria y dando…,2022-08-24 15:18:17,es,,0.0,4.0,,Mariano Blejman,"CDO at Grupo Octubre, director at https://t.co/sZh8kYSguG, #MediaParty manager at @Mediafactory_vc. Knight Fellow for ICFJ. E-mail: blejman@gmail.com",22716.0,11286.0,6569.0,11246.0,487.0,False,,,@blejman
"RT @HacksHackersBA: Pre calentamiento de la #MediaParty🎉!
@clockwerks, @ernestomartelli &amp; @blejman discutiendo el futuro de los medios en l…",2022-08-24 15:18:12,es,,0.0,1.0,,Mariano Blejman,"CDO at Grupo Octubre, director at https://t.co/sZh8kYSguG, #MediaParty manager at @Mediafactory_vc. Knight Fellow for ICFJ. E-mail: blejman@gmail.com",22716.0,11286.0,6569.0,11246.0,487.0,False,,,@blejman
"Pre calentamiento de la #MediaParty🎉!
@clockwerks, @ernestomartelli &amp; @blejman discutiendo el futuro de los medios en la redacción de @lanacioncom
Y vos? Ya estás listo para mañana? https://t.co/1D6srHYdEz https://t.co/UCd6JgNA7i",2022-08-24 15:15:54,es,,6.0,1.0,,HacksHackersBA,La conferencia que revoluciona el futuro de los medios #HHBA #MediaParty · Rebooting journalism · Journalism and technology / Periodismo y tecnología,8933.0,3516.0,3357.0,10016.0,312.0,False,,,@HacksHackersBA
"RT @ezralevant: You paid taxes so that Trudeau could give $104M in bail-out money to the propagandists at Global, CTV and CBC.

No wonder t…",2022-08-24 15:12:06,en,,0.0,450.0,,Dar,,15995.0,43992.0,300.0,389.0,0.0,False,,,@albertadar58
"RT @ezralevant: You paid taxes so that Trudeau could give $104M in bail-out money to the propagandists at Global, CTV and CBC.

No wonder t…",2022-08-24 15:07:30,en,,0.0,450.0,,Barbara,"Canadian. widow, mom, gin/red wine drinker, loud music, cats ‘n dogs, butterflies, rocks, plants, cooking, physics, I Choose Life.",97833.0,210652.0,5184.0,8107.0,49.0,False,,,@bmyska
"RT @XR_producer: Mañana lanzamos @transmediaCANAL en la #MediaParty X edición en Buenos Aires, Argentina.
Emocionados de nacer también por…",2022-08-24 15:06:57,es,,0.0,2.0,,lumbermedia,"We are a creative startup that uses XR/AR/VR to expand reality, rediscover it and share it. Founded in 2016.
#XRisNOW",10.0,88.0,408.0,78.0,1.0,False,,,@lumbermedia
RT @digitaluchile: Nuestra docente @ClaudiaUrquieta estará participando en esta nueva #MediaParty👇🏾,2022-08-24 15:06:26,es,,0.0,1.0,,SembraMedia,Somos una organización sin fines de lucro que ayuda a medios independientes digitales de Iberoamérica a encontrar y desarrollar modelos de negocio sustentables,15586.0,7166.0,1224.0,12093.0,293.0,False,,,@sembramedia
"RT @ezralevant: You paid taxes so that Trudeau could give $104M in bail-out money to the propagandists at Global, CTV and CBC.

No wonder t…",2022-08-24 15:06:26,en,,0.0,450.0,,Unacceptable 💯% Pureblood,"Conservative Love Jesus my family, hunting, fishing. Hate carbon taxes! MCGA Proud 🇨🇦 Patriot             
#1 🇺🇸 President #45 KAG
🇨🇦🇺🇸🇮🇱",42575.0,81787.0,1001.0,991.0,2.0,False,,,@JimBob87966760
RT @JournoDao: Quick Sunday shout-out to our founding supporters @PhotureApp @FactlandDAO @UnlockProtocol who now have a home at our home.…,2022-08-24 14:59:01,en,,0.0,9.0,,cstreet.eth | JournoDAO,"Docu photog, writer, technologist & yogi. Core at @JournoDAO | Strategic Advisor @photure | Contributor @all4climatedao",41168.0,22734.0,2937.0,2194.0,202.0,False,,,@crystaldstreet
"RT @ezralevant: You paid taxes so that Trudeau could give $104M in bail-out money to the propagandists at Global, CTV and CBC.

No wonder t…",2022-08-24 14:57:58,en,,0.0,450.0,,Happy After Cuttingthecord,#Cutthecord #DefundCorporateMedia  The Dawn of Newmedia,82444.0,19707.0,7444.0,7410.0,9.0,False,,,@happycanuck1974
"RT @ezralevant: You paid taxes so that Trudeau could give $104M in bail-out money to the propagandists at Global, CTV and CBC.

No wonder t…",2022-08-24 14:55:48,en,,0.0,450.0,,Rena Z,,18459.0,31669.0,91.0,56.0,0.0,False,,,@renaztweet
"RT @ezralevant: You paid taxes so that Trudeau could give $104M in bail-out money to the propagandists at Global, CTV and CBC.

No wonder t…",2022-08-24 14:51:47,en,,0.0,450.0,,Instituto Rothbard,Voltado à produção e à disseminação de estudos econômicos e de ciências sociais que promovam os princípios de livre mercado e de uma sociedade livre.,24644.0,53367.0,206.0,35997.0,270.0,False,,,@rothbard_brasil
"RT @ezralevant: You paid taxes so that Trudeau could give $104M in bail-out money to the propagandists at Global, CTV and CBC.

No wonder t…",2022-08-24 14:51:28,en,,0.0,450.0,,“Free Radical” Marv,Dot connecting truth seeker. Nana; “If you can’t say anything nice..” never said “evil is made possible by good people doing nothing!” - RAISE your VOICE! 🤨,44314.0,108764.0,239.0,316.0,0.0,False,,,@FreeRadicalMarv
"RT @sembramedia: ¡Falta solo un día para la #MediaParty! 🎉 ¿Nos vemos ahí? Mira la agenda 👉 https://t.co/qOhXGsnOV3

Estaremos presentes en…",2022-08-24 14:51:11,es,,0.0,4.0,,HacksHackersBA,La conferencia que revoluciona el futuro de los medios #HHBA #MediaParty · Rebooting journalism · Journalism and technology / Periodismo y tecnología,8933.0,3516.0,3357.0,10016.0,312.0,False,,,@HacksHackersBA
RT @selfinvestigate: Nuestra @LuliCristallo estará mañana en la #MediaParty de @HacksHackersBA 🎉 La encontraréis en la Media Feria y dando…,2022-08-24 14:50:50,es,,0.0,4.0,,HacksHackersBA,La conferencia que revoluciona el futuro de los medios #HHBA #MediaParty · Rebooting journalism · Journalism and technology / Periodismo y tecnología,8933.0,3516.0,3357.0,10016.0,312.0,False,,,@HacksHackersBA
"RT @ezralevant: You paid taxes so that Trudeau could give $104M in bail-out money to the propagandists at Global, CTV and CBC.

No wonder t…",2022-08-24 14:50:22,en,,0.0,450.0,,pc,,41105.0,38818.0,378.0,373.0,2.0,False,,,@pedc50
"RT @ezralevant: You paid taxes so that Trudeau could give $104M in bail-out money to the propagandists at Global, CTV and CBC.

No wonder t…",2022-08-24 14:50:18,en,,0.0,450.0,,Carole,"British born, Canadian life, Winemaker by trade, Mom of a soldier, Granny for leisure. When in doubt, reboot",17101.0,24688.0,345.0,238.0,0.0,False,,,@CatsCarole
RT @selfinvestigate: Nuestra @LuliCristallo estará mañana en la #MediaParty de @HacksHackersBA 🎉 La encontraréis en la Media Feria y dando…,2022-08-24 14:49:46,es,,0.0,4.0,,Paula Montañà Tor,"🌍  Journalism, social innovation & more
Freelancer doing things with @selfinvestigate 🌱
Former Teaching Fellow @GoogleNewsInit & project manager at @ejcnet",2547.0,3438.0,2056.0,1393.0,67.0,False,,,@PaulaMontanya
"Nuestra @LuliCristallo estará mañana en la #MediaParty de @HacksHackersBA 🎉 La encontraréis en la Media Feria y dando una charla relámpago sobre #saludmental y periodismo 💛Además, traerá novedades sobre la Academia de @selfinvestigate  
¡Esperamos veros! https://t.co/aIDwdSo2Nr https://t.co/8y6gHgUT4z",2022-08-24 14:45:24,es,,6.0,4.0,,The Self-Investigation,"Sustaining journalism by enhancing journalists’ well-being
👉Self-paced course: https://t.co/muw1yBe3L0
Y en español: https://t.co/8RlOTOEhUJ",102.0,40.0,152.0,350.0,5.0,False,,,@selfinvestigate
"RT @ezralevant: You paid taxes so that Trudeau could give $104M in bail-out money to the propagandists at Global, CTV and CBC.

No wonder t…",2022-08-24 14:45:19,en,,0.0,450.0,,Angry Bird,I am no bird; and no net ensnares me.  La liberté éclairant le monde. Life without liberty is like a body without spirit.  井の中の蛙、大海を知らず。 Je pense donc je suis.,15509.0,27020.0,2003.0,4217.0,1.0,False,,,@WwLlXu
"RT @ezralevant: You paid taxes so that Trudeau could give $104M in bail-out money to the propagandists at Global, CTV and CBC.

No wonder t…",2022-08-24 14:43:37,en,,0.0,450.0,,Mar,Stock and Futures trader.,38030.0,86768.0,560.0,314.0,2.0,False,,,@phoneboy55
"RT @ezralevant: You paid taxes so that Trudeau could give $104M in bail-out money to the propagandists at Global, CTV and CBC.

No wonder t…",2022-08-24 14:43:27,en,,0.0,450.0,,Lyranthe,Yes,6750.0,54711.0,754.0,79.0,6.0,False,,,@Longmuirdm
"RT @ezralevant: You paid taxes so that Trudeau could give $104M in bail-out money to the propagandists at Global, CTV and CBC.

No wonder t…",2022-08-24 14:42:09,en,,0.0,450.0,,Mags🇨🇦,"🇨🇦 Canadian 🇨🇦  Educator.For protecting democracy, balanced budgets, sensible spending, fewer taxes, ethical, transparent government that is held to account",66116.0,64334.0,1878.0,2686.0,9.0,False,,,@Mags_0618
Nuestra docente @ClaudiaUrquieta estará participando en esta nueva #MediaParty👇🏾 https://t.co/1Wm6YTjWZs,2022-08-24 14:40:37,es,,1.0,1.0,,DiplomaComDigitalUCh,"Diplomado de Postítulo en Comunicación Digital de la Universidad de Chile, Instituto de la Comunicación e Imagen #15añosdigitaluchile",2243.0,1005.0,616.0,862.0,41.0,False,,,@digitaluchile
"RT @ezralevant: You paid taxes so that Trudeau could give $104M in bail-out money to the propagandists at Global, CTV and CBC.

No wonder t…",2022-08-24 14:35:39,en,,0.0,450.0,,jim_jimerson,,530.0,765.0,173.0,16.0,1.0,False,,,@jimjime83713786
"RT @ezralevant: You paid taxes so that Trudeau could give $104M in bail-out money to the propagandists at Global, CTV and CBC.

No wonder t…",2022-08-24 14:31:53,en,,0.0,450.0,,Exile,"Two years is enough, do the right thing...
Canadian in exile
Banner image by Alex Kent/Getty Images
#IStandWithYemen",33450.0,80615.0,1383.0,894.0,12.0,False,,,@CanExile1999
"@ezralevant I was told this did not happen - by whom again?  Oh ya. 💡

#MediaParty",2022-08-24 14:28:19,en,,1.0,0.0,@ezralevant,Keith,"Had to finally sign up to twitter to see others. Proud of Canadian Oil, Gas and mining. Nuclear also.
Without FF's most Canadians would not survive.",621.0,1001.0,179.0,20.0,0.0,False,,,@keith_t64
"RT @ezralevant: You paid taxes so that Trudeau could give $104M in bail-out money to the propagandists at Global, CTV and CBC.

No wonder t…",2022-08-24 14:27:10,en,,0.0,450.0,,Gordon Finlayson,"Cowboy, never retire, livin the dream.",22946.0,65608.0,206.0,990.0,6.0,False,,,@finlaysongordon
"RT @sembramedia: ¡Falta solo un día para la #MediaParty! 🎉 ¿Nos vemos ahí? Mira la agenda 👉 https://t.co/qOhXGsnOV3

Estaremos presentes en…",2022-08-24 14:26:58,es,,0.0,4.0,,An a,esha • coordinadora de comunicación en @sembramedia • entusiasta del comer y del beber • me obsesiono con cosas y después me olvido,31921.0,24699.0,516.0,254.0,6.0,False,,,@annchoa_
"RT @ICFJ: It’s getting close! ICFJ is headed to #MediaParty in Buenos Aires! Will you be there? If so, check out our web3 and journalism tr…",2022-08-24 14:26:43,en,,0.0,3.0,,John Alexander Medalen,"Environmentalist, equality advocate, feminist, human rights!",82276.0,663977.0,3676.0,2440.0,11.0,False,,,@john_medalen
"RT @ezralevant: You paid taxes so that Trudeau could give $104M in bail-out money to the propagandists at Global, CTV and CBC.

No wonder t…",2022-08-24 14:26:35,en,,0.0,450.0,,🇳🇱 🇨🇦 Twirly123 🇨🇦 🇳🇱,Truck JustIN-flation  HonkHonk,21785.0,58189.0,472.0,346.0,0.0,False,,,@cherrykraken2
"RT @ezralevant: You paid taxes so that Trudeau could give $104M in bail-out money to the propagandists at Global, CTV and CBC.

No wonder t…",2022-08-24 14:26:33,en,,0.0,450.0,,Merry Widow,Politically a little to the right of Atila the Hun,204011.0,7634.0,965.0,645.0,60.0,False,,,@velianaylor
"RT @ezralevant: You paid taxes so that Trudeau could give $104M in bail-out money to the propagandists at Global, CTV and CBC.

No wonder t…",2022-08-24 14:26:25,en,,0.0,450.0,,Liz Latcherie,,26234.0,57390.0,186.0,333.0,0.0,False,,,@LizLatcherie
"RT @HacksHackersBA: MAÑANA ES LA #MediaParty🎉 Y GRITAMOS DE LA EMOCIÓN. 

Tiramos la casa por la ventana, toda la carne al asador, apostamo…",2022-08-24 14:25:40,es,,0.0,8.0,,Román Evangelista,"Basketball isn't a game; It's an art form.

Comunicación Social - UBA",4092.0,18011.0,179.0,182.0,0.0,False,,,@RomanEvangelist
"RT @sembramedia: ¡Falta solo un día para la #MediaParty! 🎉 ¿Nos vemos ahí? Mira la agenda 👉 https://t.co/qOhXGsnOV3

Estaremos presentes en…",2022-08-24 14:25:29,es,,0.0,4.0,,Maga Dominguez Lalli,"Justicia social. Transformo datos en ideas. Humana de Bowie, Warhol y Klimt. Data Lead en @sembramedia. Opinions are my own. https://t.co/UdFdCHK42q",60835.0,329137.0,2702.0,18804.0,65.0,False,,,@printmaga
"RT @ezralevant: You paid taxes so that Trudeau could give $104M in bail-out money to the propagandists at Global, CTV and CBC.

No wonder t…",2022-08-24 14:25:19,en,,0.0,450.0,,We Are All Truckers Today,"Farmer, UofW graduate with BES, Trucker, Transportation Industry Executive, Consultant, Retired. Voracious reader and student of history. Tweets are my own.",16208.0,12397.0,180.0,152.0,1.0,False,,,@theworriedmajo1
"RT @ezralevant: You paid taxes so that Trudeau could give $104M in bail-out money to the propagandists at Global, CTV and CBC.

No wonder t…",2022-08-24 14:23:25,en,,0.0,450.0,,Scott,,23964.0,23542.0,2439.0,474.0,14.0,False,,,@skawt13
"RT @ezralevant: You paid taxes so that Trudeau could give $104M in bail-out money to the propagandists at Global, CTV and CBC.

No wonder t…",2022-08-24 14:23:20,en,,0.0,450.0,,Jerry Newman,,44442.0,69852.0,755.0,672.0,3.0,False,,,@jerbear55
Visitando @LANACION con @clockwerks #MediaParty thanks @ernestomartelli ... its coming https://t.co/3efJrEf5O2,2022-08-24 14:23:15,en,,6.0,0.0,,Mariano Blejman,"CDO at Grupo Octubre, director at https://t.co/sZh8kYSguG, #MediaParty manager at @Mediafactory_vc. Knight Fellow for ICFJ. E-mail: blejman@gmail.com",22716.0,11286.0,6569.0,11246.0,487.0,False,,,@blejman
"RT @ezralevant: You paid taxes so that Trudeau could give $104M in bail-out money to the propagandists at Global, CTV and CBC.

No wonder t…",2022-08-24 14:22:55,en,,0.0,450.0,,B_Doll,,12097.0,44974.0,305.0,181.0,3.0,False,,,@B_Doll201
"RT @ezralevant: You paid taxes so that Trudeau could give $104M in bail-out money to the propagandists at Global, CTV and CBC.

No wonder t…",2022-08-24 14:22:37,en,,0.0,450.0,,Daryl,Husband. Father. Western Separatist. CEO for Maverick Party’s Peace River-Westlock EDA,10245.0,41313.0,822.0,541.0,7.0,False,,,@DarylfromPR
"RT @ezralevant: You paid taxes so that Trudeau could give $104M in bail-out money to the propagandists at Global, CTV and CBC.

No wonder t…",2022-08-24 14:21:31,en,,0.0,450.0,,Mighty Goat,,51802.0,26851.0,248.0,88.0,1.0,False,,,@kgn_ashfaq
RT @anasoffietto: ¿Nos vemos en la #Mediaparty? Con @andy_tow y @ken4rab cerramos el viernes con un taller sobre cómo cubrir elecciones con…,2022-08-24 14:20:15,es,,0.0,5.0,,Alejandro Baranek,"geometric & data scientist- economics, statistics, algorithms, geometry, design, art, music, politics, fútbol.",4577.0,9405.0,2752.0,935.0,15.0,False,,,@ken4rab
"RT @ezralevant: You paid taxes so that Trudeau could give $104M in bail-out money to the propagandists at Global, CTV and CBC.

No wonder t…",2022-08-24 14:17:25,en,,0.0,450.0,,DrSolzhenitsyn,"Libertarian, agnostic critical thinker. Defend freedom of speech. Take responsibility for your actions. Believe in equal opportunities not equal outcomes.",5653.0,12783.0,2568.0,881.0,5.0,False,,,@DSolzhenitsyn
"RT @ezralevant: You paid taxes so that Trudeau could give $104M in bail-out money to the propagandists at Global, CTV and CBC.

No wonder t…",2022-08-24 14:16:31,en,,0.0,450.0,,Odamma bin Drinkin,"if your source is CNN or CBC, don't try to argue facts... 
we are all energy of the same universe, and together we're better; dividing by isms is killing us",53212.0,129734.0,1764.0,902.0,1.0,False,,,@ADClarkeQ17
"RT @HacksHackersBA: MAÑANA ES LA #MediaParty🎉 Y GRITAMOS DE LA EMOCIÓN. 

Tiramos la casa por la ventana, toda la carne al asador, apostamo…",2022-08-24 14:16:19,es,,0.0,8.0,,Emiliano,🧉,78952.0,13741.0,695.0,2390.0,64.0,False,,,@soyemipanelli
"RT @ezralevant: You paid taxes so that Trudeau could give $104M in bail-out money to the propagandists at Global, CTV and CBC.

No wonder t…",2022-08-24 14:15:20,en,,0.0,450.0,,Leslie-Ann Stoffel,Project/Dntns/Writer @unitewithisrael/ @israellycool @Jerusalem_Post /fldby @seanhannity @therealroseanne @RealDrGina @trobinsonnewera,214054.0,236189.0,12829.0,12354.0,115.0,False,,,@LA_Stoffel
"¡Falta solo un día para la #MediaParty! 🎉 ¿Nos vemos ahí? Mira la agenda 👉 https://t.co/qOhXGsnOV3

Estaremos presentes en la conferencia de innovación en medios más importante de América Latina. Iniciativa de @hackshackersba.

¿Qué ofreceremos en el evento? Mira este 🧵👇 https://t.co/OZjucJZpQe",2022-08-24 14:15:10,es,,10.0,4.0,,SembraMedia,Somos una organización sin fines de lucro que ayuda a medios independientes digitales de Iberoamérica a encontrar y desarrollar modelos de negocio sustentables,15586.0,7166.0,1224.0,12093.0,293.0,False,,,@sembramedia
"RT @ezralevant: You paid taxes so that Trudeau could give $104M in bail-out money to the propagandists at Global, CTV and CBC.

No wonder t…",2022-08-24 14:14:43,en,,0.0,450.0,,Sinisa Catic 🍁,"Twitter is my information source about fake Covid Pandemic, real Climate Science and Austrian School of Economics",49427.0,22338.0,1622.0,546.0,11.0,False,,,@SinisaCatic
"RT @ezralevant: You paid taxes so that Trudeau could give $104M in bail-out money to the propagandists at Global, CTV and CBC.

No wonder t…",2022-08-24 14:14:32,en,,0.0,450.0,,Truther,Albertan. The world is getting messy. Stand Up For Freedom! GETTR : @VictorBarbicane,14278.0,8094.0,1490.0,279.0,0.0,False,,,@Truther_2021
"RT @ezralevant: You paid taxes so that Trudeau could give $104M in bail-out money to the propagandists at Global, CTV and CBC.

No wonder t…",2022-08-24 14:14:15,en,,0.0,450.0,,Greg,"Crypto, Math, Phys, Chem, (2^4+1)",58595.0,33865.0,1899.0,894.0,17.0,False,,,@_G_r_e_g__
"RT @ezralevant: You paid taxes so that Trudeau could give $104M in bail-out money to the propagandists at Global, CTV and CBC.

No wonder t…",2022-08-24 14:13:47,en,,0.0,450.0,,Alexandra,"Reader, writer, Eastern European, appreciator of all things vintage. Thoughtcrime for all seasons. 🍂❄️🌱🌺📚",1499.0,6417.0,133.0,28.0,0.0,False,,,@fromZtoA
"RT @ezralevant: You paid taxes so that Trudeau could give $104M in bail-out money to the propagandists at Global, CTV and CBC.

No wonder t…",2022-08-24 14:12:42,en,,0.0,450.0,,WelshCanuck 🇨🇦,"When you pray for rain, you have to deal with the mud. Can’t stand Trudeau - he’s a useless, unethical, corrupt, and immature dividing wedge in Canada’s society",5513.0,8867.0,654.0,339.0,2.0,False,,,@W3lshCanuck
"RT @XR_producer: Mañana lanzamos @transmediaCANAL en la #MediaParty X edición en Buenos Aires, Argentina.
Emocionados de nacer también por…",2022-08-24 14:12:39,es,,0.0,2.0,,CANAL Transmedia,"NUEVAS TECNOLOGÍAS Y NARRATIVAS CONVERGENTES
| Text | Image | AV | Sound | Inmersion | 
#news #photo #podcast #shortfilms #journalism #periodismo #documentary",8.0,16.0,44.0,12.0,0.0,False,,,@transmediaCANAL
"RT @ezralevant: You paid taxes so that Trudeau could give $104M in bail-out money to the propagandists at Global, CTV and CBC.

No wonder t…",2022-08-24 14:12:35,en,,0.0,450.0,,Christine,I chose NOT to participate in the biggest experiment being pushed on humanity & that does not make me anti-vax. My RIGHTS do not END where YOUR FEAR begins,261.0,383.0,66.0,11.0,0.0,False,,,@Christi216021
"RT @ezralevant: You paid taxes so that Trudeau could give $104M in bail-out money to the propagandists at Global, CTV and CBC.

No wonder t…",2022-08-24 14:12:12,en,,0.0,450.0,,Angry Black Sheep,"Question all authority. 
The truth will make you free.",12608.0,29375.0,352.0,416.0,2.0,False,,,@Galileo62303273
"RT @HacksHackersBA: Los #Workshops de la #MediaParty🎉 son un montón y están buenísimos, ya te lo digo. 

Jueves 25 de 16.30 a 18 vamos a te…",2022-08-24 14:12:02,es,,0.0,5.0,,Edison BUrbano 🇨🇴🇦🇷🌎🌍🌏,"*Soy Comunicador, Community Manager, Digital Activist, Redes Sociales, DDHH, Radialista apasionado.  
Humanista, mamerto, izquierda*  [OPINIONES PERSONALES]",127835.0,187316.0,3827.0,4420.0,59.0,False,,,@edisonburbanoOK
"RT @sembramedia: ¡Estaremos presentes en la #MediaParty! 🎉

La conferencia de innovación en medios más importante de América Latina. ¿Nos v…",2022-08-24 14:11:30,es,,0.0,2.0,,Dani Fernandez,"👋 DaniJol, Jol, o Jolcita
🗣️Comunicadora Fsoc
🌐Directora de Innovación en @sembramedia. 

🎶 No vivo without música. Lo deposito en Hacer Sonoro 👇",11230.0,26923.0,1458.0,475.0,9.0,False,,,@AnnieJol85
"¡Estaremos presentes en la #MediaParty! 🎉

La conferencia de innovación en medios más importante de América Latina. ¿Nos vemos ahí? @hackshackersba.

Mira la agenda completa aquí. 👇
https://t.co/qOhXGsnOV3",2022-08-24 14:10:41,es,,3.0,2.0,,SembraMedia,Somos una organización sin fines de lucro que ayuda a medios independientes digitales de Iberoamérica a encontrar y desarrollar modelos de negocio sustentables,15586.0,7166.0,1224.0,12092.0,293.0,False,,,@sembramedia
"RT @HacksHackersBA: MAÑANA ES LA #MediaParty🎉 Y GRITAMOS DE LA EMOCIÓN. 

Tiramos la casa por la ventana, toda la carne al asador, apostamo…",2022-08-24 14:10:22,es,,0.0,8.0,,Martín Rabaglia,"Magia @genoshans. #creativity and #tech, #tvshows and #movies too.
#digitalfalopa ON Hincha de #Spiderman, #xmen y #dbz.",60735.0,75295.0,2031.0,2058.0,220.0,False,,,@tincho_for_ever
"RT @ezralevant: You paid taxes so that Trudeau could give $104M in bail-out money to the propagandists at Global, CTV and CBC.

No wonder t…",2022-08-24 14:10:07,en,,0.0,450.0,,WarRoomActual,Navigating the stank of the Delta Sierra.,4589.0,43545.0,129.0,203.0,3.0,False,,,@WarRoomActual
"RT @HacksHackersBA: Los #Workshops de la #MediaParty🎉 son un montón y están buenísimos, ya te lo digo. 

Jueves 25 de 16.30 a 18 vamos a te…",2022-08-24 14:09:43,es,,0.0,5.0,,SembraMedia,Somos una organización sin fines de lucro que ayuda a medios independientes digitales de Iberoamérica a encontrar y desarrollar modelos de negocio sustentables,15586.0,7166.0,1224.0,12092.0,293.0,False,,,@sembramedia
Nice nice nice #mediaparty https://t.co/29EHXo73uO,2022-08-24 14:09:11,en,,1.0,0.0,,Mariano Blejman,"CDO at Grupo Octubre, director at https://t.co/sZh8kYSguG, #MediaParty manager at @Mediafactory_vc. Knight Fellow for ICFJ. E-mail: blejman@gmail.com",22716.0,11286.0,6570.0,11249.0,487.0,False,,,@blejman
"MAÑANA ES LA #MediaParty🎉 Y GRITAMOS DE LA EMOCIÓN. 

Tiramos la casa por la ventana, toda la carne al asador, apostamos a lo grande, ¿cómo querés que te lo cuente?

🚀Mirá la agenda e inscribite en https://t.co/1D6srHXFP1 https://t.co/yhqKMR0K8u",2022-08-24 14:08:00,es,,4.0,8.0,,HacksHackersBA,La conferencia que revoluciona el futuro de los medios #HHBA #MediaParty · Rebooting journalism · Journalism and technology / Periodismo y tecnología,8933.0,3516.0,3357.0,10016.0,312.0,False,,,@HacksHackersBA
"RT @ezralevant: You paid taxes so that Trudeau could give $104M in bail-out money to the propagandists at Global, CTV and CBC.

No wonder t…",2022-08-24 14:07:40,en,,0.0,450.0,,chety,,5288.0,12856.0,627.0,92.0,3.0,False,,,@Tyler81733033
"A veces se nace con privilegios, otras es el resultado del esfuerzo de años de trabajo. Mañana en #MediaParty Cuba del presente pal futuro. @transmediaCANAL. Si estás en BsAs, te puedes llegar https://t.co/LVWKbxxJu1",2022-08-24 14:06:39,es,,7.0,0.0,,Marta María Ramírez,"Opté por periodismo gonzo, independiente y feminista con X. Soy mamá reciente de Nina. #Martazos",11523.0,21880.0,4325.0,3163.0,48.0,False,,,@Martamar77
"RT @ezralevant: You paid taxes so that Trudeau could give $104M in bail-out money to the propagandists at Global, CTV and CBC.

No wonder t…",2022-08-24 14:05:58,en,,0.0,450.0,,Mr Burns,My name is Mr Charles Montgomery Burns.,28113.0,13766.0,168.0,206.0,0.0,False,,,@MrBurns35370144
"RT @ezralevant: You paid taxes so that Trudeau could give $104M in bail-out money to the propagandists at Global, CTV and CBC.

No wonder t…",2022-08-24 14:05:39,en,,0.0,450.0,,🇺🇸1984🇨🇦,"American half of American/Canadian marriage (best part of my life), Air Force vet, Conservative, SAR Member, the Daniel Boone is my 6th great uncle.",66096.0,11786.0,1543.0,909.0,40.0,False,,,@TazAFvet
"RT @ezralevant: You paid taxes so that Trudeau could give $104M in bail-out money to the propagandists at Global, CTV and CBC.

No wonder t…",2022-08-24 14:04:58,en,,0.0,450.0,,donald arsenault,Truth Matters # vote PPC,103963.0,223795.0,1230.0,967.0,1.0,False,,,@donaldarsenau61
"RT @ezralevant: You paid taxes so that Trudeau could give $104M in bail-out money to the propagandists at Global, CTV and CBC.

No wonder t…",2022-08-24 14:04:29,en,,0.0,450.0,,Rebel News,"Telling the other side of the story.

Follow @RebelNews_ES, @RebelNews_USA, @RebelNews_AU, @RebelNews_UK, @RebelNews_CA, and @RebelNews_QC.",108889.0,3309.0,5959.0,385043.0,1859.0,True,,,@RebelNewsOnline
"RT @ezralevant: You paid taxes so that Trudeau could give $104M in bail-out money to the propagandists at Global, CTV and CBC.

No wonder t…",2022-08-24 14:03:47,en,,0.0,450.0,,ChronicTaco,"Ack Ack, Ack ACK ack🙈🙉🙊
No Dm's",48921.0,211133.0,1641.0,1664.0,2.0,False,,,@ChronicTaco420
"RT @ezralevant: You paid taxes so that Trudeau could give $104M in bail-out money to the propagandists at Global, CTV and CBC.

No wonder t…",2022-08-24 14:02:23,en,,0.0,450.0,,Rose Graham,"Christian, Proud Canadian that is Pro Israel, Pro life, loves being a mom and is not politically correct. Supporter of Ontario Party.",25770.0,50185.0,2024.0,2254.0,31.0,False,,,@_rosegraham
"RT @ICFJ: It’s getting close! ICFJ is headed to #MediaParty in Buenos Aires! Will you be there? If so, check out our web3 and journalism tr…",2022-08-24 14:01:59,en,,0.0,3.0,,HacksHackersBA,La conferencia que revoluciona el futuro de los medios #HHBA #MediaParty · Rebooting journalism · Journalism and technology / Periodismo y tecnología,8933.0,3516.0,3357.0,10016.0,312.0,False,,,@HacksHackersBA
"RT @ezralevant: You paid taxes so that Trudeau could give $104M in bail-out money to the propagandists at Global, CTV and CBC.

No wonder t…",2022-08-24 14:01:59,en,,0.0,450.0,,Joëlle Giroux 🇨🇦,"x slave to the food industry.
I worked 20 years in Restaurants and worked as Aesthetician for a brief time. Currently under metamorphosis.....to be continued...",11288.0,19764.0,197.0,107.0,0.0,False,,,@jojogrocks
"Mañana lanzamos @transmediaCANAL en la #MediaParty X edición en Buenos Aires, Argentina.
Emocionados de nacer también por allá!
PD: sino has visto el tráiler del Noticiero en realidad aumentada, escanea el QR en la imagen, luego enfoca el cartel y listo! 😎
#HHBA #transmedia #AR https://t.co/rAfNyTu6Ri",2022-08-24 14:00:22,es,,9.0,2.0,,hackndy.eth,Andy Ruiz Muñoz / Transmedia artist working on XR: AR/VR/360º/NFT Founder of @transmediaCANAL @lumbermedia #XRisNOW,480.0,605.0,3463.0,702.0,18.0,False,,,@XR_producer
RT @felicarrique: Mañana en #MediaParty 🙌,2022-08-24 13:59:51,es,,0.0,2.0,,HacksHackersBA,La conferencia que revoluciona el futuro de los medios #HHBA #MediaParty · Rebooting journalism · Journalism and technology / Periodismo y tecnología,8933.0,3516.0,3357.0,10016.0,312.0,False,,,@HacksHackersBA
"@HacksHackersBA #MediaParty #SPOILER
#syntheticmedia #falopita https://t.co/Spy94ETV2l",2022-08-24 13:59:48,und,,0.0,0.0,@HacksHackersBA,Martín Rabaglia,"Magia @genoshans. #creativity and #tech, #tvshows and #movies too.
#digitalfalopa ON Hincha de #Spiderman, #xmen y #dbz.",60735.0,75295.0,2031.0,2058.0,220.0,False,,,@tincho_for_ever
RT @felicarrique: My extremely cool grandma just texted me to know if I was going to “the media event at Konex” (@HacksHackersBA #MediaPart…,2022-08-24 13:59:32,en,,0.0,1.0,,HacksHackersBA,La conferencia que revoluciona el futuro de los medios #HHBA #MediaParty · Rebooting journalism · Journalism and technology / Periodismo y tecnología,8933.0,3516.0,3357.0,10016.0,312.0,False,,,@HacksHackersBA
"RT @ezralevant: You paid taxes so that Trudeau could give $104M in bail-out money to the propagandists at Global, CTV and CBC.

No wonder t…",2022-08-24 13:59:10,en,,0.0,450.0,,Geraldine,"""All that is needed for evil to triumph is for men of good will to do nothing""",47540.0,43025.0,1302.0,573.0,3.0,False,,,@BigBEEwithItch
"RT @ezralevant: You paid taxes so that Trudeau could give $104M in bail-out money to the propagandists at Global, CTV and CBC.

No wonder t…",2022-08-24 13:57:41,en,,0.0,450.0,,TLCNation,All American Girl. Digital Marketing Specialist. Artist. Entrepreneur. True Texan. #Integrity #Respect #AmericanValues #FreedomOfSpeech #AMCToTheMoon,35842.0,59641.0,883.0,583.0,2.0,False,,,@TLCNation
"RT @ezralevant: You paid taxes so that Trudeau could give $104M in bail-out money to the propagandists at Global, CTV and CBC.

No wonder t…",2022-08-24 13:57:22,en,,0.0,450.0,,yyz2hnl,,91663.0,57.0,297.0,212.0,5.0,False,,,@yyz2hnl
"RT @ezralevant: You paid taxes so that Trudeau could give $104M in bail-out money to the propagandists at Global, CTV and CBC.

No wonder t…",2022-08-24 13:56:22,en,,0.0,450.0,,"MachRedacted, a small, fringe minority",New followers - always welcome! 👍,27667.0,32660.0,1190.0,1034.0,1.0,False,,,@MacRedacted
"RT @ezralevant: You paid taxes so that Trudeau could give $104M in bail-out money to the propagandists at Global, CTV and CBC.

No wonder t…",2022-08-24 13:49:57,en,,0.0,450.0,,charlene sullivan,"Married to a handsome, loving retired Policeman .Love Trump, MAGA forever. Trump will have a second term!! IFB",139355.0,1445.0,1294.0,1001.0,5.0,False,,,@charlenesulli15
"RT @ezralevant: You paid taxes so that Trudeau could give $104M in bail-out money to the propagandists at Global, CTV and CBC.

No wonder t…",2022-08-24 13:49:44,en,,0.0,450.0,,Simon Derek Walker#ThankYouSashaBanks,"Just a guy who is absolutely loves,adores,hardcore,very passionatelongtime fan of the Blueprint,the Legit Boss,theStandard Sasha Banks, everyday,allday24/7/365.",81923.0,70340.0,614.0,479.0,2.0,False,,,@SiMrSashaBanks
"RT @ezralevant: You paid taxes so that Trudeau could give $104M in bail-out money to the propagandists at Global, CTV and CBC.

No wonder t…",2022-08-24 13:48:08,en,,0.0,450.0,,tim webster,"crop farmer / part time cabinetmaker in little britain, Ontario.  Gun grabber Canada 🇨🇦 sales",4063.0,7980.0,1094.0,1043.0,4.0,False,,,@timspringdale14
RT @anasoffietto: ¿Nos vemos en la #Mediaparty? Con @andy_tow y @ken4rab cerramos el viernes con un taller sobre cómo cubrir elecciones con…,2022-08-24 13:47:36,es,,0.0,5.0,,Josefina Hagelstrom,Periodista & pintora amateur.,5663.0,7144.0,2548.0,1955.0,37.0,False,,,@josehagel
"RT @ezralevant: You paid taxes so that Trudeau could give $104M in bail-out money to the propagandists at Global, CTV and CBC.

No wonder t…",2022-08-24 13:45:47,en,,0.0,450.0,,Taff 🚜🚚🚛🇨🇦🇳🇱,"Hate DICTATOR Justin Trudeau, He’s NOT a leader, Poster Child for Corruption, a Coward, Unethical, Scandals, Division, Breaks Charter of Rights. There’s a list…",8127.0,13242.0,865.0,480.0,0.0,False,,,@TaffWelshBoyo
"RT @ezralevant: You paid taxes so that Trudeau could give $104M in bail-out money to the propagandists at Global, CTV and CBC.

No wonder t…",2022-08-24 13:43:52,en,,0.0,450.0,,🇺🇸ULTRA Deplorable Heidi🦞,The real movement is the millions of Patriots standing with @realDonaldTrump with pride & conviction🙏🇺🇸💝,3691.0,817.0,941.0,482.0,0.0,False,,,@Hidehunt45
"¿Nos vemos en la #Mediaparty? Con @andy_tow y @ken4rab cerramos el viernes con un taller sobre cómo cubrir elecciones con datos en tiempo real y no morir (de estrés) en el intento ⚡️⚡️⚡️ 
https://t.co/AoHvzINOZR",2022-08-24 13:41:56,es,,8.0,5.0,,Ana Soffietto,"Jefa de producto en Grupo Octubre 👩‍💻 
La vida es un #boomdesabor",114.0,4104.0,950.0,223.0,3.0,False,,,@anasoffietto
"RT @ezralevant: You paid taxes so that Trudeau could give $104M in bail-out money to the propagandists at Global, CTV and CBC.

No wonder t…",2022-08-24 13:41:33,en,,0.0,450.0,,Dom22,"🇨🇦🇮🇹🇺🇸
MAGA - Canada's biggest trading partner, make it great again!",49469.0,114554.0,1332.0,1197.0,2.0,False,,,@DomGuerra22
"RT @ezralevant: You paid taxes so that Trudeau could give $104M in bail-out money to the propagandists at Global, CTV and CBC.

No wonder t…",2022-08-24 13:39:36,en,,0.0,450.0,,Shano,"Living in BC, enjoying time with family. Guitar/Bass player. NASCAR Fan with Conservative views.",9816.0,14497.0,3543.0,3498.0,2.0,False,,,@Cheen_0
"RT @Chequeado: Esta semana, Chequeado va a estar presente en la #MediaParty con 3 charlas diferentes.

📲¿Qué es? Una conferencia gratuita q…",2022-08-24 13:38:54,es,,0.0,4.0,,Veritas Group,"Authentic content. Comms, Advisory & Production firm based out of ATX. Everything, everywhere, every day... creating opportunity #TheVeritasWay",3172.0,916.0,1282.0,518.0,15.0,False,,,@VGMarketingPR
"RT @ezralevant: You paid taxes so that Trudeau could give $104M in bail-out money to the propagandists at Global, CTV and CBC.

No wonder t…",2022-08-24 13:38:53,en,,0.0,450.0,,Larry Weiers,"Retired energy executive, aviator, sailboat captain, author",1244.0,3959.0,41.0,66.0,0.0,False,,,@larry_weiers
"RT @ezralevant: You paid taxes so that Trudeau could give $104M in bail-out money to the propagandists at Global, CTV and CBC.

No wonder t…",2022-08-24 13:38:53,en,,0.0,450.0,,Toni Jarvis,Retired computer analyst. MAGA. vaxxed for medical reasons but very skeptical. the Dem solutions to climate change are just another scam. Nuclear is the answer.,17689.0,5280.0,284.0,139.0,2.0,False,,,@ToniJarvis19
"RT @ezralevant: You paid taxes so that Trudeau could give $104M in bail-out money to the propagandists at Global, CTV and CBC.

No wonder t…",2022-08-24 13:37:05,en,,0.0,450.0,,Ginge2016,All mandates and restrictions MUST end.,12332.0,25072.0,719.0,390.0,3.0,False,,,@Ginge20161
"My extremely cool grandma just texted me to know if I was going to “the media event at Konex” (@HacksHackersBA #MediaParty) where @clockwerks was speaking, cause she saw his interview in the news and though what he said was similar to the things I usually talk about😂",2022-08-24 13:36:25,en,,25.0,1.0,,Feli Carrique 💚,Executive Director at @newsproduct ⚡ Formerly Directora de Innovación en @SembraMedia. Profesora @UcaPeriodismo. @ICFJ Pro Fellow 2020 📍Tuiteo en spanglish,2939.0,23194.0,2187.0,1844.0,34.0,False,,,@felicarrique
"RT @ezralevant: You paid taxes so that Trudeau could give $104M in bail-out money to the propagandists at Global, CTV and CBC.

No wonder t…",2022-08-24 13:36:14,en,,0.0,450.0,,Judy Van Buskirk,Reader. 6.62607.,85843.0,325715.0,201.0,267.0,0.0,False,,,@buskirk_judy
"RT @ezralevant: You paid taxes so that Trudeau could give $104M in bail-out money to the propagandists at Global, CTV and CBC.

No wonder t…",2022-08-24 13:33:46,en,,0.0,450.0,,Chris Collier,Veteran,15555.0,54197.0,1044.0,139.0,1.0,False,,,@chriscollier43
"RT @ezralevant: You paid taxes so that Trudeau could give $104M in bail-out money to the propagandists at Global, CTV and CBC.

No wonder t…",2022-08-24 13:29:35,en,,0.0,450.0,,Sir Hoz,Freedom loving Canadian who likes trees and eats meat.,26530.0,43551.0,231.0,402.0,4.0,False,,,@hozmeister1
"RT @ezralevant: You paid taxes so that Trudeau could give $104M in bail-out money to the propagandists at Global, CTV and CBC.

No wonder t…",2022-08-24 13:29:18,en,,0.0,450.0,,MoJer0319,,121835.0,167672.0,178.0,356.0,4.0,False,,,@jer0319
"RT @ezralevant: You paid taxes so that Trudeau could give $104M in bail-out money to the propagandists at Global, CTV and CBC.

No wonder t…",2022-08-24 13:29:12,en,,0.0,450.0,,響　(oto),"科学的根拠が微塵もない、政治的意図のまやかしが、日本にも「周回遅れで」移植され、日本国の基盤が急ピッチに破壊される事態となりました。最早サイレントインベージョンなどいうレベルではなく、可視化できる水準に到達しました。残っている獅子との連携を模索しています。

ブログ（高校野球・政治）：https://t.co/gUmcx2iUfC",6122.0,37844.0,356.0,368.0,2.0,False,,,@oto29324936
"RT @ezralevant: You paid taxes so that Trudeau could give $104M in bail-out money to the propagandists at Global, CTV and CBC.

No wonder t…",2022-08-24 13:28:58,en,,0.0,450.0,,Brian Bailie Jr.,"Author, Content Wrangler, Resume specialist.Watcher of old, old movies. The missing link. Cancer Survivor by the grace of God. Pronouns- Florida/Man.",33637.0,64330.0,13847.0,13176.0,145.0,False,,,@BrianBailieJr
"RT @ezralevant: You paid taxes so that Trudeau could give $104M in bail-out money to the propagandists at Global, CTV and CBC.

No wonder t…",2022-08-24 13:28:15,en,,0.0,450.0,,Chad Z,,3064.0,2596.0,196.0,175.0,0.0,False,,,@Zerrusen_Chad23
"RT @ezralevant: You paid taxes so that Trudeau could give $104M in bail-out money to the propagandists at Global, CTV and CBC.

No wonder t…",2022-08-24 13:27:25,en,,0.0,450.0,,-𝙍- 🍊✌️♥️ 🇵🇭,ROSÉ | INTJ-A | true crime | 🇯🇵 WVT Sarina Koga 古賀 紗理那 | 📚 | Vox Populi Vox Dei | ~ Sola Fide Sola Gratia『 Phil 1:21』,67011.0,196557.0,615.0,734.0,2.0,False,,,@jemnotgem_22
"RT @ezralevant: You paid taxes so that Trudeau could give $104M in bail-out money to the propagandists at Global, CTV and CBC.

No wonder t…",2022-08-24 13:27:24,en,,0.0,450.0,,Copernicus,Balance,54506.0,287.0,230.0,257.0,11.0,False,,,@BfgGordie
Mañana en #MediaParty 🙌 https://t.co/jkRA8mcf4i,2022-08-24 13:27:08,es,,2.0,2.0,,Feli Carrique 💚,Executive Director at @newsproduct ⚡ Formerly Directora de Innovación en @SembraMedia. Profesora @UcaPeriodismo. @ICFJ Pro Fellow 2020 📍Tuiteo en spanglish,2939.0,23194.0,2187.0,1844.0,34.0,False,,,@felicarrique
"RT @ezralevant: You paid taxes so that Trudeau could give $104M in bail-out money to the propagandists at Global, CTV and CBC.

No wonder t…",2022-08-24 13:26:25,en,,0.0,450.0,,"Albirdly (Doctor Science, Professional Expert)","You know you're getting old when - popular culture passes you by. 
And you don't care.",27517.0,89109.0,2034.0,1575.0,3.0,False,,,@Albirdly2
"RT @ezralevant: You paid taxes so that Trudeau could give $104M in bail-out money to the propagandists at Global, CTV and CBC.

No wonder t…",2022-08-24 13:25:44,en,,0.0,450.0,,trafal1357,,24213.0,15564.0,202.0,64.0,1.0,False,,,@trafal1357
"RT @ezralevant: You paid taxes so that Trudeau could give $104M in bail-out money to the propagandists at Global, CTV and CBC.

No wonder t…",2022-08-24 13:25:44,en,,0.0,450.0,,Jennifer N 🇨🇦✌❤,"Happily married, Mother, Nana, loves cats, crochet, reading and tea.",8831.0,11618.0,305.0,156.0,0.0,False,,,@JNNhappywife
"RT @ezralevant: You paid taxes so that Trudeau could give $104M in bail-out money to the propagandists at Global, CTV and CBC.

No wonder t…",2022-08-24 13:25:27,en,,0.0,450.0,,JW,,10959.0,100901.0,119.0,64.0,1.0,False,,,@DobiyanskiBill
"RT @ezralevant: You paid taxes so that Trudeau could give $104M in bail-out money to the propagandists at Global, CTV and CBC.

No wonder t…",2022-08-24 13:24:40,en,,0.0,450.0,,Debbie Goines,"Christian, Quilter. #MAGA #WINNING #PROUDEPDEPLORABLECHUMP4TRUMPSUPPORTER",17551.0,6843.0,1006.0,463.0,1.0,False,,,@3catzmom
"RT @ezralevant: You paid taxes so that Trudeau could give $104M in bail-out money to the propagandists at Global, CTV and CBC.

No wonder t…",2022-08-24 13:24:11,en,,0.0,450.0,,StatusQuoContrarian,Trying to make it through each day. Typically with coffee and sarcasm.,86693.0,73033.0,1752.0,586.0,10.0,False,,,@jaushouse
"RT @ezralevant: You paid taxes so that Trudeau could give $104M in bail-out money to the propagandists at Global, CTV and CBC.

No wonder t…",2022-08-24 13:23:55,en,,0.0,450.0,,Kotylak,"Western Canadian Grain Farmer, 25 years worked for AG Canada as a farm financial consultant retired. Work on our little acreage in East Sask  Floridian 1/3 time",29639.0,24775.0,6690.0,6428.0,16.0,False,,,@Kotyjo
"RT @ezralevant: You paid taxes so that Trudeau could give $104M in bail-out money to the propagandists at Global, CTV and CBC.

No wonder t…",2022-08-24 13:23:09,en,,0.0,450.0,,Ezra Levant 🍁🚛,"Journalist, publisher of Rebel News — telling the other side of the story. Awarded the Queen’s Diamond Jubilee Medal for advancing freedom of expression.",219607.0,24.0,2410.0,355175.0,2239.0,True,,,@ezralevant
"RT @ezralevant: You paid taxes so that Trudeau could give $104M in bail-out money to the propagandists at Global, CTV and CBC.

No wonder t…",2022-08-24 13:22:33,en,,0.0,450.0,,Time for Change,We are the 99%,42604.0,5482.0,792.0,514.0,13.0,False,,,@Time4ChangeCnda
"RT @ezralevant: You paid taxes so that Trudeau could give $104M in bail-out money to the propagandists at Global, CTV and CBC.

No wonder t…",2022-08-24 13:22:21,en,,0.0,450.0,,DrivinIvan-BlueByU,"freedom lover, lover of liberal tears",15866.0,4899.0,211.0,173.0,5.0,False,,,@kleinsasser1984
"RT @ezralevant: You paid taxes so that Trudeau could give $104M in bail-out money to the propagandists at Global, CTV and CBC.

No wonder t…",2022-08-24 13:20:11,en,,0.0,450.0,,Tim,Just a fun loving American patriot that loves his country,27112.0,226376.0,1662.0,1973.0,0.0,False,,,@Tim94364393
"RT @ezralevant: You paid taxes so that Trudeau could give $104M in bail-out money to the propagandists at Global, CTV and CBC.

No wonder t…",2022-08-24 13:19:36,en,,0.0,450.0,,Senior_Penny,ALL OPINIONS MADE BY ME ARE SOLELY OPINIONS. DO YOUR OWN DD AND TRADE BASED ON THAT AND YOUR INSTINCTS.   #alllivesmatter,45013.0,48817.0,635.0,1134.0,14.0,False,,,@SeniorPenny1
"RT @ezralevant: You paid taxes so that Trudeau could give $104M in bail-out money to the propagandists at Global, CTV and CBC.

No wonder t…",2022-08-24 13:19:09,en,,0.0,450.0,,D,,12119.0,94797.0,593.0,602.0,1.0,False,,,@skcusue
"RT @ezralevant: You paid taxes so that Trudeau could give $104M in bail-out money to the propagandists at Global, CTV and CBC.

No wonder t…",2022-08-24 13:18:46,en,,0.0,450.0,,ellen marshall,"#VotePPC, from Ab. Freedom/Liberty should be more than slogans, dislike the org's known as BLM and Antifa, No to the Paris Climate Accord & party of Davos",44735.0,69756.0,2096.0,680.0,2.0,False,,,@ellenma98191725
"RT @ezralevant: You paid taxes so that Trudeau could give $104M in bail-out money to the propagandists at Global, CTV and CBC.

No wonder t…",2022-08-24 13:18:31,en,,0.0,450.0,,Jay v4.9 🇨🇦,🌎👉 Standing on the edge of the matrix waiting for the revolution 🤷‍♂️ Just read my header…over and over and over…,17120.0,66994.0,2008.0,972.0,0.0,False,,,@jay_haitch
"RT @ezralevant: You paid taxes so that Trudeau could give $104M in bail-out money to the propagandists at Global, CTV and CBC.

No wonder t…",2022-08-24 13:17:59,en,,0.0,450.0,,Dr. Dogshit,"Liberal, porn star, doctor, actor, avenger",10715.0,2505.0,496.0,146.0,1.0,False,,,@DrDawgshit
"RT @ezralevant: You paid taxes so that Trudeau could give $104M in bail-out money to the propagandists at Global, CTV and CBC.

No wonder t…",2022-08-24 13:17:29,en,,0.0,450.0,,President Elect Enduro Skills,"Enduro riding videos and advice, tips, tricks to dominate on single track, hill climbs and more!",6627.0,8146.0,231.0,2124.0,2.0,False,,,@Enduroskills
"RT @ezralevant: You paid taxes so that Trudeau could give $104M in bail-out money to the propagandists at Global, CTV and CBC.

No wonder t…",2022-08-24 13:15:53,en,,0.0,450.0,,iv sa,,11614.0,17080.0,54.0,71.0,0.0,False,,,@ivancico123
"RT @ezralevant: You paid taxes so that Trudeau could give $104M in bail-out money to the propagandists at Global, CTV and CBC.

No wonder t…",2022-08-24 13:15:20,en,,0.0,450.0,,Ralph Steeves,,181860.0,43970.0,200.0,236.0,1.0,False,,,@SteevesRalph
"RT @ezralevant: You paid taxes so that Trudeau could give $104M in bail-out money to the propagandists at Global, CTV and CBC.

No wonder t…",2022-08-24 13:10:18,en,,0.0,450.0,,Jamis,Retired soldier former liberal supporter because of Trudeau. Dual citizen Can and USA.(dad FN us)father of 5 boys and Husband to an amazing wife and mother,17261.0,22742.0,513.0,494.0,2.0,False,,,@Jimmytalon77
"RT @ezralevant: You paid taxes so that Trudeau could give $104M in bail-out money to the propagandists at Global, CTV and CBC.

No wonder t…",2022-08-24 13:09:52,en,,0.0,450.0,,An Draoi Ó Dubhuir,"Irish O'Dwyer blood 'cloaked' by an 'English' name...Tribe of Judah
""An Fhírinne In aghaidh an Domhain"" A lowly servant and Black Knight of King John the Third.",53035.0,39172.0,198.0,302.0,6.0,False,,,@robertp41895580
"RT @ezralevant: You paid taxes so that Trudeau could give $104M in bail-out money to the propagandists at Global, CTV and CBC.

No wonder t…",2022-08-24 13:09:42,en,,0.0,450.0,,Muskokamum,,2494.0,2952.0,141.0,127.0,0.0,False,,,@MuskokaMum
"RT @ezralevant: You paid taxes so that Trudeau could give $104M in bail-out money to the propagandists at Global, CTV and CBC.

No wonder t…",2022-08-24 13:09:37,en,,0.0,450.0,,💪🏼,,237656.0,2938.0,473.0,590.0,16.0,False,,,@Gym2Lift
"RT @ezralevant: You paid taxes so that Trudeau could give $104M in bail-out money to the propagandists at Global, CTV and CBC.

No wonder t…",2022-08-24 13:08:51,en,,0.0,450.0,,Mark,Lost in this crazy world right now.,51775.0,144754.0,367.0,276.0,0.0,False,,,@Mark16490049
"RT @ezralevant: You paid taxes so that Trudeau could give $104M in bail-out money to the propagandists at Global, CTV and CBC.

No wonder t…",2022-08-24 13:06:41,en,,0.0,450.0,,Hockeydad1977🍊,it's a private company bit$$'s,7519.0,37226.0,297.0,167.0,0.0,False,,,@Hockeydad19771
"RT @ezralevant: You paid taxes so that Trudeau could give $104M in bail-out money to the propagandists at Global, CTV and CBC.

No wonder t…",2022-08-24 13:06:31,en,,0.0,450.0,,Stanley Ipkiss,Student @ Thompson River - Part of the fringe minority.,14300.0,11288.0,697.0,291.0,3.0,False,,,@sipkiss100200
"RT @ezralevant: You paid taxes so that Trudeau could give $104M in bail-out money to the propagandists at Global, CTV and CBC.

No wonder t…",2022-08-24 13:06:28,en,,0.0,450.0,,Krisster 2,",  ,anti climate hoax ,renewable fraud, No UN, Expose the fake news media. Gettr Krisster8",83990.0,72050.0,9932.0,9854.0,17.0,False,,,@krisster8
"RT @ezralevant: You paid taxes so that Trudeau could give $104M in bail-out money to the propagandists at Global, CTV and CBC.

No wonder t…",2022-08-24 13:06:10,en,,0.0,450.0,,Richard Wheatley 🇺🇸,,59880.0,116.0,626.0,288.0,2.0,False,,,@Richard97859136
"RT @ezralevant: You paid taxes so that Trudeau could give $104M in bail-out money to the propagandists at Global, CTV and CBC.

No wonder t…",2022-08-24 13:04:17,en,,0.0,450.0,,ggeveryone.eth,"Crypto enthusiast, Ron Paul's golden rule disciple, and student of the market/life. Just joined Twitter to share and follow like-minded individuals.",5657.0,15444.0,668.0,124.0,8.0,False,,,@scrapablanca
"RT @ICFJ: It’s getting close! ICFJ is headed to #MediaParty in Buenos Aires! Will you be there? If so, check out our web3 and journalism tr…",2022-08-24 13:03:20,en,,0.0,3.0,,Craig Webb,"Creative Art Director for advertising, marketing and business communications for print and web.",71900.0,760.0,2077.0,718.0,152.0,False,,,@cwebba1
"RT @ezralevant: You paid taxes so that Trudeau could give $104M in bail-out money to the propagandists at Global, CTV and CBC.

No wonder t…",2022-08-24 13:02:48,en,,0.0,450.0,,Stuart Woodman,,29490.0,24823.0,399.0,566.0,1.0,False,,,@Jed6767
"RT @ezralevant: You paid taxes so that Trudeau could give $104M in bail-out money to the propagandists at Global, CTV and CBC.

No wonder t…",2022-08-24 13:02:07,en,,0.0,450.0,,HirnerC_unacceptable views=free speech_#CCFR,Contrarian- my opinions are my own,3439.0,34273.0,314.0,143.0,0.0,False,,,@HirnerC
"RT @ezralevant: You paid taxes so that Trudeau could give $104M in bail-out money to the propagandists at Global, CTV and CBC.

No wonder t…",2022-08-24 13:01:59,en,,0.0,450.0,,Erohoonter \[T]/☀️,🔞 Gamer Pissant. Wizard. Hobby Writer. Lazy Loner. GM. NSFW Monke. Soulsborne Meatbag. Dragonbait. Lovecraftian. SF&F. Freespirited. Hentai. Chuckle'ed. Kek 🌎,10831.0,97279.0,156.0,64.0,0.0,False,,,@Windlass117
"It’s getting close! ICFJ is headed to #MediaParty in Buenos Aires! Will you be there? If so, check out our web3 and journalism track at @HacksHackersBA in partnership with @decentraland. It’s part of Leap, our news innovation lab:  https://t.co/Kwibp3uyK3 https://t.co/LI70dneKXO",2022-08-24 13:01:19,en,,4.0,3.0,,International Center for Journalists,The International Center for Journalists (ICFJ) is a nonprofit that supports the truth tellers. Follow our @IJNet and @ICFJKnight accounts. #ItTakesAJournalist,50248.0,5955.0,1920.0,99452.0,2348.0,True,,,@ICFJ
"RT @ezralevant: You paid taxes so that Trudeau could give $104M in bail-out money to the propagandists at Global, CTV and CBC.

No wonder t…",2022-08-24 13:01:19,en,,0.0,450.0,,Anne Gables,,143493.0,156780.0,934.0,1229.0,3.0,False,,,@Greenbagbles
"RT @ezralevant: You paid taxes so that Trudeau could give $104M in bail-out money to the propagandists at Global, CTV and CBC.

No wonder t…",2022-08-24 13:01:02,en,,0.0,450.0,,Do Not Follow. Lead.It's closing time,,26375.0,32957.0,264.0,58.0,18.0,False,,,@kmaron14
"RT @ezralevant: You paid taxes so that Trudeau could give $104M in bail-out money to the propagandists at Global, CTV and CBC.

No wonder t…",2022-08-24 13:01:01,en,,0.0,450.0,,gd Sam,"writer, moto-journalist, facilitator, creator",2044.0,4006.0,150.0,37.0,0.0,False,,,@gd_Sam1
"RT @ezralevant: You paid taxes so that Trudeau could give $104M in bail-out money to the propagandists at Global, CTV and CBC.

No wonder t…",2022-08-24 13:00:24,en,,0.0,450.0,,Athena,On Truth Social @Athena3579  #NoMoreLockdowns #NoToNetZero,168998.0,128245.0,6938.0,6945.0,19.0,False,,,@AthenaFreedom20
"RT @ezralevant: You paid taxes so that Trudeau could give $104M in bail-out money to the propagandists at Global, CTV and CBC.

No wonder t…",2022-08-24 12:59:47,en,,0.0,450.0,,Shmah M,🇨🇦Gamer.#PPC,26247.0,87698.0,527.0,566.0,0.0,False,,,@Shmah_M
"RT @ezralevant: You paid taxes so that Trudeau could give $104M in bail-out money to the propagandists at Global, CTV and CBC.

No wonder t…",2022-08-24 12:58:42,en,,0.0,450.0,,@_RIP_LREM 🇫🇷,I am looking for a job ! Marketing,38869.0,9423.0,1166.0,203.0,2.0,False,,,@LremRip
"RT @ezralevant: You paid taxes so that Trudeau could give $104M in bail-out money to the propagandists at Global, CTV and CBC.

No wonder t…",2022-08-24 12:58:34,en,,0.0,450.0,,🇨🇦🍁C🅰️NuCk🍁🇨🇦,#Cannabis Enthusiast • Boston Bruins Diehard • ❤️Hardstyle • F🍁CK Trudeau🖕,4089.0,9862.0,196.0,204.0,2.0,False,,,@Wicked_Painter_
"RT @ezralevant: You paid taxes so that Trudeau could give $104M in bail-out money to the propagandists at Global, CTV and CBC.

No wonder t…",2022-08-24 12:58:26,en,,0.0,450.0,,Ner vod,enough,60243.0,61518.0,321.0,174.0,0.0,False,,,@thedihn
"RT @ezralevant: You paid taxes so that Trudeau could give $104M in bail-out money to the propagandists at Global, CTV and CBC.

No wonder t…",2022-08-24 12:58:23,en,,0.0,450.0,,Rene Garcia,Just a particular learner!,36154.0,26613.0,562.0,147.0,3.0,False,,,@APeloz79
"RT @ezralevant: You paid taxes so that Trudeau could give $104M in bail-out money to the propagandists at Global, CTV and CBC.

No wonder t…",2022-08-24 12:58:00,en,,0.0,450.0,,Landlord Larry,- Look mom I'm a wolf.,4610.0,3148.0,221.0,105.0,1.0,False,,,@EmpTy85404288
"RT @ezralevant: You paid taxes so that Trudeau could give $104M in bail-out money to the propagandists at Global, CTV and CBC.

No wonder t…",2022-08-24 12:57:41,en,,0.0,450.0,,Earth MEDICINE,"Came here for my topicals business but ended up finding the truth, and freedom. Critical thinker, former Nurse, hollistic healer,  working on unfucking myself",9434.0,41787.0,1325.0,482.0,1.0,False,,,@Earth_medicine1
"RT @ezralevant: You paid taxes so that Trudeau could give $104M in bail-out money to the propagandists at Global, CTV and CBC.

No wonder t…",2022-08-24 12:57:29,en,,0.0,450.0,,Zachariah Trench,"It started as a distant whisper, like something you'd hear in a dream.  ""Wake up!""",37.0,95.0,163.0,8.0,0.0,False,,,@ZachariahTrenc1
"RT @ezralevant: You paid taxes so that Trudeau could give $104M in bail-out money to the propagandists at Global, CTV and CBC.

No wonder t…",2022-08-24 12:56:39,en,,0.0,450.0,,sweet_lana,unapologetically true to myself 🇨🇦,4615.0,5459.0,710.0,471.0,20.0,False,,,@SvetlanaYan
"RT @ezralevant: You paid taxes so that Trudeau could give $104M in bail-out money to the propagandists at Global, CTV and CBC.

No wonder t…",2022-08-24 12:56:34,en,,0.0,450.0,,Marcos Saraiva,"Deus criou o mundo. Jesus Cristo é o Senhor. O que passar disso, seja anátema.",18809.0,33647.0,435.0,218.0,2.0,False,,,@msaraivaf
"RT @ezralevant: You paid taxes so that Trudeau could give $104M in bail-out money to the propagandists at Global, CTV and CBC.

No wonder t…",2022-08-24 12:56:05,en,,0.0,450.0,,Lisa Kovalik (Wife),"Trust no one!!  The truth IS out there!!
🇨🇦🚛🎺🎺
God loving. Trump loving. #Trudeaumustgo #Honk
#TruckersForFreedom2022
#UltraMaga",111562.0,74125.0,1413.0,670.0,0.0,False,,,@lkovalik
"RT @ezralevant: You paid taxes so that Trudeau could give $104M in bail-out money to the propagandists at Global, CTV and CBC.

No wonder t…",2022-08-24 12:56:03,en,,0.0,450.0,,Lebrun Denis,,75444.0,124720.0,477.0,792.0,3.0,False,,,@LebrunDenis1
"RT @ezralevant: You paid taxes so that Trudeau could give $104M in bail-out money to the propagandists at Global, CTV and CBC.

No wonder t…",2022-08-24 12:55:43,en,,0.0,450.0,,Linda,"mom of 3, gigi to 3.  lucky woman.  good@life",33661.0,53580.0,56.0,127.0,0.0,False,,,@montaukmalli
"RT @ezralevant: You paid taxes so that Trudeau could give $104M in bail-out money to the propagandists at Global, CTV and CBC.

No wonder t…",2022-08-24 12:55:20,en,,0.0,450.0,,Elton John Candy 🐭,gendersexual/panpoly/homohetero/cistrans/transvax 🐭✊🏿🍊👨👿🥀 🇲🇽 pronouns: quete/ jodas,47315.0,134272.0,1246.0,312.0,5.0,False,,,@silla_de_pensar
"RT @ezralevant: You paid taxes so that Trudeau could give $104M in bail-out money to the propagandists at Global, CTV and CBC.

No wonder t…",2022-08-24 12:55:01,en,,0.0,450.0,,awake🌸💜,,28464.0,28689.0,1460.0,560.0,4.0,False,,,@blindfold_off
"RT @ezralevant: You paid taxes so that Trudeau could give $104M in bail-out money to the propagandists at Global, CTV and CBC.

No wonder t…",2022-08-24 12:54:36,en,,0.0,450.0,,Kathleen Kovats,creating success through leadership learning. Passionate enthusiast in life love and laughter,11538.0,21866.0,127.0,153.0,3.0,False,,,@kathleenkovats
"RT @ezralevant: You paid taxes so that Trudeau could give $104M in bail-out money to the propagandists at Global, CTV and CBC.

No wonder t…",2022-08-24 12:54:35,en,,0.0,450.0,,Cecile Boucher 🇨🇦,J'appuie tous ceux qui ont le courage de se tenir debout. Je les embrasse tous.😘,18904.0,22288.0,510.0,231.0,0.0,False,,,@Cecile1449
"RT @ezralevant: You paid taxes so that Trudeau could give $104M in bail-out money to the propagandists at Global, CTV and CBC.

No wonder t…",2022-08-24 12:54:26,en,,0.0,450.0,,Jonathan Waldie,"I love Alberta.....lived here for 35 years, and ain't going anywhere.",38019.0,185415.0,730.0,1246.0,12.0,False,,,@jkwaldie
"RT @ezralevant: You paid taxes so that Trudeau could give $104M in bail-out money to the propagandists at Global, CTV and CBC.

No wonder t…",2022-08-24 12:53:54,en,,0.0,450.0,,Jennifer Hepburn,"pro-life. happily married, afraid of heights, pickles, and reboots, is not an expert on anything",12124.0,20879.0,101.0,136.0,0.0,False,,,@coffeebeanz2367
"RT @ezralevant: You paid taxes so that Trudeau could give $104M in bail-out money to the propagandists at Global, CTV and CBC.

No wonder t…",2022-08-24 12:53:51,en,,0.0,450.0,,lula,,9359.0,3993.0,165.0,32.0,0.0,False,,,@luladuso
"RT @ezralevant: You paid taxes so that Trudeau could give $104M in bail-out money to the propagandists at Global, CTV and CBC.

No wonder t…",2022-08-24 12:53:32,en,,0.0,450.0,,Brother Avarice,"Adeptus Astartes, Illustrator for Hire",66063.0,115573.0,271.0,444.0,98.0,False,,,@WynterLegend
"RT @ezralevant: You paid taxes so that Trudeau could give $104M in bail-out money to the propagandists at Global, CTV and CBC.

No wonder t…",2022-08-24 12:53:29,en,,0.0,450.0,,Naynay,"cold madena, master flexer, hold the funk.",23025.0,8696.0,332.0,252.0,0.0,False,,,@maganaynay
"RT @ezralevant: You paid taxes so that Trudeau could give $104M in bail-out money to the propagandists at Global, CTV and CBC.

No wonder t…",2022-08-24 12:53:23,en,,0.0,450.0,,Acoup,,30387.0,37627.0,589.0,234.0,1.0,False,,,@aces2269
"RT @ezralevant: You paid taxes so that Trudeau could give $104M in bail-out money to the propagandists at Global, CTV and CBC.

No wonder t…",2022-08-24 12:53:11,en,,0.0,450.0,,will w.,Miami University.   Money won is twice as sweet as money earned. Miami Dolphins🐬.,135988.0,720346.0,826.0,1732.0,12.0,False,,,@Willmvg
"RT @ezralevant: You paid taxes so that Trudeau could give $104M in bail-out money to the propagandists at Global, CTV and CBC.

No wonder t…",2022-08-24 12:53:11,en,,0.0,450.0,,bren the autistic bear 🐻,"Sr. Sysadmin #ASD #Linux mauling Bear roaming #Milton.

An average autistic bear may offend. 
Synchronous rotating moments of inertia. 

Métis of Goose Bay, NL",57307.0,152139.0,1012.0,1213.0,0.0,False,,,@spikestabber
"RT @ezralevant: You paid taxes so that Trudeau could give $104M in bail-out money to the propagandists at Global, CTV and CBC.

No wonder t…",2022-08-24 12:52:50,en,,0.0,450.0,,Canadian,,40575.0,44026.0,280.0,257.0,2.0,False,,,@Patriotsamo
"RT @ezralevant: You paid taxes so that Trudeau could give $104M in bail-out money to the propagandists at Global, CTV and CBC.

No wonder t…",2022-08-24 12:52:35,en,,0.0,450.0,,CL,,29725.0,22168.0,84.0,97.0,1.0,False,,,@Bellabythesea1
"RT @ezralevant: You paid taxes so that Trudeau could give $104M in bail-out money to the propagandists at Global, CTV and CBC.

No wonder t…",2022-08-24 12:52:17,en,,0.0,450.0,,☀️,,1173.0,15695.0,273.0,66.0,1.0,False,,,@joyouspineapple
"RT @ezralevant: You paid taxes so that Trudeau could give $104M in bail-out money to the propagandists at Global, CTV and CBC.

No wonder t…",2022-08-24 12:51:23,en,,0.0,450.0,,BamaCLT🥋,"Investing, wealth building, Contrarian. Also Roll Tide.",2455.0,12164.0,1374.0,170.0,2.0,False,,,@BamaCLT
"RT @ezralevant: You paid taxes so that Trudeau could give $104M in bail-out money to the propagandists at Global, CTV and CBC.

No wonder t…",2022-08-24 12:51:19,en,,0.0,450.0,,Betrayed By Professionals (Robert_Ede),"Pithy, Pol/ Econ&Eco/ Socio Commentary on a Theme - Why do so many things/ entities/ groups present-themselves as the opposite to their reality?",5692.0,7406.0,413.0,345.0,5.0,False,,,@BetrayedByPro
"RT @ezralevant: You paid taxes so that Trudeau could give $104M in bail-out money to the propagandists at Global, CTV and CBC.

No wonder t…",2022-08-24 12:51:10,en,,0.0,450.0,,Danny Greenthorn,,3713.0,4912.0,693.0,19.0,3.0,False,,,@LlamaCapitalbro
"RT @ezralevant: You paid taxes so that Trudeau could give $104M in bail-out money to the propagandists at Global, CTV and CBC.

No wonder t…",2022-08-24 12:51:09,en,,0.0,450.0,,Dalton Emahiser,"$DaltonEmahiser

♿Neurocardiogenic Syncope (Vasovagal Syncope)♿
♿Postural tachycardia syndrome (PoTS)♿
Get/Fucked",26396.0,48728.0,301.0,124.0,2.0,False,,,@DaltonEmahiser
"RT @ezralevant: You paid taxes so that Trudeau could give $104M in bail-out money to the propagandists at Global, CTV and CBC.

No wonder t…",2022-08-24 12:49:53,en,,0.0,450.0,,Dwayne Craig,,1255.0,1104.0,1035.0,33.0,0.0,False,,,@DDC_Raven
"RT @ezralevant: You paid taxes so that Trudeau could give $104M in bail-out money to the propagandists at Global, CTV and CBC.

No wonder t…",2022-08-24 12:49:43,en,,0.0,450.0,,Bru,some things in life are worth fighting for,5449.0,2052.0,501.0,120.0,3.0,False,,,@bp_2witter
"RT @ezralevant: You paid taxes so that Trudeau could give $104M in bail-out money to the propagandists at Global, CTV and CBC.

No wonder t…",2022-08-24 12:49:14,en,,0.0,450.0,,Tim Favero,"Real Estate, Securities, Futures Options Investor and Property Tax Reduction Consultant for Lake County IL Homeowners",11924.0,6646.0,4821.0,3741.0,43.0,False,,,@tbfavero
"RT @ezralevant: You paid taxes so that Trudeau could give $104M in bail-out money to the propagandists at Global, CTV and CBC.

No wonder t…",2022-08-24 12:49:14,en,,0.0,450.0,,Truthmatters,The Best Is Yet To Come 💕,1761.0,14396.0,444.0,78.0,0.0,False,,,@TruthMatters444
"RT @ezralevant: You paid taxes so that Trudeau could give $104M in bail-out money to the propagandists at Global, CTV and CBC.

No wonder t…",2022-08-24 12:48:42,en,,0.0,450.0,,Liam Cunningham,IT professional.,11077.0,14012.0,346.0,101.0,3.0,False,,,@liamhc
"RT @ezralevant: You paid taxes so that Trudeau could give $104M in bail-out money to the propagandists at Global, CTV and CBC.

No wonder t…",2022-08-24 12:48:21,en,,0.0,450.0,,Pablo Nuevo Ombre,"Into politics and sports. Live and work in God's Country. Pronouns get blocked. 

10/15/1993",19696.0,18155.0,1101.0,209.0,4.0,False,,,@ItsPaulNeumann
"RT @ezralevant: You paid taxes so that Trudeau could give $104M in bail-out money to the propagandists at Global, CTV and CBC.

No wonder t…",2022-08-24 12:48:15,en,,0.0,450.0,,𝓢𝓮𝓻𝓪𝓯𝓲𝓷𝓸𝓼🐘🇺🇸,My VietVet hubby @101stB2nd501 #GodFamilyCountry #StayAwayFromMy2A #BringBackMeanTweets2024,668716.0,175764.0,9086.0,8037.0,155.0,False,,,@Serafinos
"RT @ezralevant: You paid taxes so that Trudeau could give $104M in bail-out money to the propagandists at Global, CTV and CBC.

No wonder t…",2022-08-24 12:47:52,en,,0.0,450.0,,Rachel,"Femme de coeur et d'opinions, allumée et conscientisée, l'humain avant tout, s'intéresse aux problèmes sociaux, à l'injustice et aux failles de notre système.",4745.0,20978.0,1157.0,1274.0,1.0,False,,,@Rachelpenseque
"RT @ezralevant: You paid taxes so that Trudeau could give $104M in bail-out money to the propagandists at Global, CTV and CBC.

No wonder t…",2022-08-24 12:47:27,en,,0.0,450.0,,Joel Pollak,"Senior Ed-at-Large, host @BreitbartNews @SiriusXMPatriot 125, Sun 7 ET. Opinions my own. Subscribe on Locals: https://t.co/qVM9SVxQuF",92904.0,5.0,4158.0,211999.0,1711.0,True,,,@joelpollak
"You paid taxes so that Trudeau could give $104M in bail-out money to the propagandists at Global, CTV and CBC.

No wonder they shill for him so hard.

Never trust the mainstream media.

Understand they are paid to hate you.

#MediaParty https://t.co/HfuKNaTWNV",2022-08-24 12:47:10,en,,925.0,450.0,,Ezra Levant 🍁🚛,"Journalist, publisher of Rebel News — telling the other side of the story. Awarded the Queen’s Diamond Jubilee Medal for advancing freedom of expression.",219607.0,24.0,2410.0,355160.0,2241.0,True,,,@ezralevant
"Los #Workshops de la #MediaParty🎉 son un montón y están buenísimos, ya te lo digo. 

Jueves 25 de 16.30 a 18 vamos a tener 8 talleres en simultáneo dictados por referentes muy grosos y grosas del mundo de los medios. 

Vení al @CCKonex y aprendé todo lo que tenés que saber!⬇️",2022-08-24 12:45:36,es,,13.0,5.0,,HacksHackersBA,La conferencia que revoluciona el futuro de los medios #HHBA #MediaParty · Rebooting journalism · Journalism and technology / Periodismo y tecnología,8933.0,3516.0,3357.0,10016.0,312.0,False,,,@HacksHackersBA
Este viernes 26 a la 1.30 PM (AR) hacemos un taller en #MediaParty para intentar poner patas arriba con técnicas de Producto uno de los formatos clásicos del periodismo deportivo digital: la narración de partidos en directo. ¡Los esperamos! https://t.co/aQxdrepLM2,2022-08-24 06:15:17,es,,4.0,0.0,,Germán Frassa,"Periodismo y producto. GDO (Ghost Digital Officer) @RELEVO. Antes en @elmundoes y @marcacom. Autor de ""Productos Digitales"" (https://t.co/FLwmOPtoAo).",9567.0,1896.0,981.0,2118.0,194.0,False,,,@germanfrassa
"RT @gallo1: El viernes a las 13.30 voy a estar en #MediaParty compartiendo una charla con Conejo Martelli, Javier Kraviez, Ángel Sotera y L…",2022-08-24 03:57:40,es,,0.0,2.0,,Mariano Blejman,"CDO at Grupo Octubre, director at https://t.co/sZh8kYSguG, #MediaParty manager at @Mediafactory_vc. Knight Fellow for ICFJ. E-mail: blejman@gmail.com",22716.0,11286.0,6569.0,11246.0,487.0,False,,,@blejman
"Desde @prensaobrera  vamos a participar de la #MediaParty este 25 y 26 de agosto en el Konex. Agradecemos la posibilidad de participar, te esperamos en la Media Feria del día jueves! https://t.co/rhy2rozk16",2022-08-24 02:30:00,es,,3.0,0.0,,Prensa Obrera,"Por un partido obrero 🚩

👉 https://t.co/ok6KsU2RdI",83631.0,911.0,247.0,16213.0,127.0,False,,,@prensaobrera
Nos vemos el jueves a las 13:30 en la #MediaParty 🙌🏼 Con @igncferreiro vamos a dar un taller de cómo juntar TikTok y Flourish en 1 solo video. https://t.co/KA61uBk63G,2022-08-24 01:42:46,es,,4.0,0.0,,Camila Valero,"💚 Periodista, host y productora de videos / 📲 Redes en @Chequeado @reversoAr / 🔙 Antes en @mundotkmcom @elcancillercom @clarincom / ✨ Instagram: @camivalero",1460.0,5482.0,1252.0,1034.0,3.0,False,,,@camivalero
RT @sdp: And so begins the long journey to #MediaParty in Buenos Aires. Very much looking forward to it! (Let me know if you or a colleague…,2022-08-24 01:25:15,en,,0.0,1.0,,HacksHackersBA,La conferencia que revoluciona el futuro de los medios #HHBA #MediaParty · Rebooting journalism · Journalism and technology / Periodismo y tecnología,8933.0,3516.0,3357.0,10016.0,312.0,False,,,@HacksHackersBA
"RT @HacksHackersBA: Ya arranca la #MediaParty🎉 y la tarde va a ser de #Workshops.

El jueves de 15 a 16hs en simultáneo vamos a tener talle…",2022-08-24 01:23:50,es,,0.0,4.0,,Valentina.,https://t.co/v1zkRoAeJR,4950.0,4912.0,152.0,152.0,0.0,False,,,@valenberrino1
"RT @meedan: Check out keynote speaker @pierreconti on August 26th at 12:35PM GMT at #MediaParty, where he'll be discussing our fact checkin…",2022-08-24 01:08:31,en,,0.0,4.0,,Pierre Conti,Product & Strategy @meedan | prev Co-founder @workbenchdata,1666.0,1711.0,3488.0,945.0,49.0,False,,,@pierreconti
"RT @HacksHackersBA: NO FALTA -casi- NADA PARA VOLVERNOS A VER en la #MediaParty🎉 

Y DE PASO… Abro hilo 🧵para que sepas por qué te tenes qu…",2022-08-24 01:02:38,es,,0.0,2.0,,Web3Bot,"I am a bot, I will retweet ""everything"" with #Web3. Maintained by @BeforeMintNFT",300871.0,2.0,3.0,2291.0,11.0,False,,,@TheWeb3Bot
"NO FALTA -casi- NADA PARA VOLVERNOS A VER en la #MediaParty🎉 

Y DE PASO… Abro hilo 🧵para que sepas por qué te tenes que sumar a nuestro Discord 👉👈
 
&gt; https://t.co/KwE3wV5OuZ  &lt;

#Hackaton #Web3 https://t.co/AqdTrRZasl",2022-08-24 01:02:33,es,,4.0,2.0,,HacksHackersBA,La conferencia que revoluciona el futuro de los medios #HHBA #MediaParty · Rebooting journalism · Journalism and technology / Periodismo y tecnología,8933.0,3516.0,3357.0,10016.0,312.0,False,,,@HacksHackersBA
RT @blejman: Gracias @runixo y @oxinur por tus interesantes recomendaciones #MediaParty,2022-08-24 00:39:27,es,,0.0,1.0,,HacksHackersBA,La conferencia que revoluciona el futuro de los medios #HHBA #MediaParty · Rebooting journalism · Journalism and technology / Periodismo y tecnología,8933.0,3516.0,3357.0,10016.0,312.0,False,,,@HacksHackersBA
"RT @HacksHackersBA: Ya arranca la #MediaParty🎉 y la tarde va a ser de #Workshops.

El jueves de 15 a 16hs en simultáneo vamos a tener talle…",2022-08-24 00:36:05,es,,0.0,4.0,,#NiUnaMenos 💚My berru,"entusiasta exploradora de los para qué de Internet ▪ contenidos, educación y comunicación ▪ produzco https://t.co/MTilHC8Por",4490.0,7530.0,715.0,845.0,50.0,False,,,@Myberru
"RT @gallo1: El viernes a las 13.30 voy a estar en #MediaParty compartiendo una charla con Conejo Martelli, Javier Kraviez, Ángel Sotera y L…",2022-08-24 00:20:59,es,,0.0,2.0,,HacksHackersBA,La conferencia que revoluciona el futuro de los medios #HHBA #MediaParty · Rebooting journalism · Journalism and technology / Periodismo y tecnología,8933.0,3516.0,3357.0,10016.0,312.0,False,,,@HacksHackersBA
"RT @HacksHackersBA: Ya arranca la #MediaParty🎉 y la tarde va a ser de #Workshops.

El jueves de 15 a 16hs en simultáneo vamos a tener talle…",2022-08-24 00:01:01,es,,0.0,4.0,,Román Evangelista,"Basketball isn't a game; It's an art form.

Comunicación Social - UBA",4092.0,18011.0,179.0,182.0,0.0,False,,,@RomanEvangelist
"Bueno, otro acercamiento a la agenda de la #MediaParty🎉 y nos encanta todo lo que vamos a aprender y re mil gratis. 

Inscribite y mirá más de la agenda en https://t.co/1D6srHXFP1",2022-08-23 23:57:03,es,,4.0,0.0,@HacksHackersBA,HacksHackersBA,La conferencia que revoluciona el futuro de los medios #HHBA #MediaParty · Rebooting journalism · Journalism and technology / Periodismo y tecnología,8933.0,3516.0,3357.0,10016.0,312.0,False,,,@HacksHackersBA
"Ya arranca la #MediaParty🎉 y la tarde va a ser de #Workshops.

El jueves de 15 a 16hs en simultáneo vamos a tener talleres increíbles en distintas salas del @CCKonex

En este hilo 🧵te dejamos los temas, speakers y las salas ¿Ya estás pensando cómo clonarte para ir a todas no?⬇️ https://t.co/ILkc6s0DK3",2022-08-23 23:56:58,es,,7.0,4.0,,HacksHackersBA,La conferencia que revoluciona el futuro de los medios #HHBA #MediaParty · Rebooting journalism · Journalism and technology / Periodismo y tecnología,8933.0,3516.0,3357.0,10016.0,312.0,False,,,@HacksHackersBA
"RT @meliceci: El jueves arranca la #MediaParty y entrevisté a uno de sus principales oradores: 

Chris Moran, responsable de Innovación Edi…",2022-08-23 23:52:58,es,,0.0,1.0,,Fabián V,|📝Subrayo_Derecho y Tecnología_| interesado en temas de IA 🤖,865.0,4730.0,267.0,147.0,1.0,False,,,@Post_scriptum22
"Esta semana, mismos días, Buenos Aires tiene la #MaratonComPol y la #MediaParty. Casi me clono para ir a ambas. https://t.co/r7vAvBAvmz",2022-08-23 22:59:20,es,,2.0,0.0,,Pablo M. Fernández,"Director ejecutivo y periodístico de @Chequeado | Tuiteo links, ideas y herramientas contra desinfo + alguito personal | Profesor: UBA/UTDT | Coautor: #LFDT y +",141590.0,29260.0,1873.0,37085.0,757.0,True,,,@fernandezpm
Mañana me voy de viaje #MediaParty,2022-08-23 22:48:14,es,,4.0,0.0,,Mariano Blejman,"CDO at Grupo Octubre, director at https://t.co/sZh8kYSguG, #MediaParty manager at @Mediafactory_vc. Knight Fellow for ICFJ. E-mail: blejman@gmail.com",22716.0,11286.0,6570.0,11249.0,487.0,False,,,@blejman
"RT @sociopublico: ¡En 2 DÍAS llega la #MediaParty! Nuestro evento preferido del año. ¡Allí estaremos!🚀

@alejandrawulff va a dar una charla…",2022-08-23 22:44:23,es,,0.0,6.0,,#NiUnaMenos 💚My berru,"entusiasta exploradora de los para qué de Internet ▪ contenidos, educación y comunicación ▪ produzco https://t.co/MTilHC8Por",4490.0,7530.0,715.0,845.0,50.0,False,,,@Myberru
RT @gonmagliano: El viernes estaré en la #MediaParty contando una de las innovaciones más importantes de https://t.co/bR3sCgdgBh de la @SDH…,2022-08-23 22:42:46,es,,0.0,2.0,,Sebastián Bonetto ☀️,,18913.0,2259.0,892.0,1928.0,23.0,False,,,@sebawabes
RT @NaimidC: Mesa larga de @sembramedia en la previa previa a la #MediaParty 💙 https://t.co/aEKdLtJy6o,2022-08-23 22:42:42,es,,0.0,4.0,,HacksHackersBA,La conferencia que revoluciona el futuro de los medios #HHBA #MediaParty · Rebooting journalism · Journalism and technology / Periodismo y tecnología,8933.0,3516.0,3357.0,10016.0,312.0,False,,,@HacksHackersBA
"RT @Leo_Vazquez2000: #MediaParty 2022 | Vuelve la conferencia de periodismo digital más importante de la región https://t.co/ZUiO8npARq
Por…",2022-08-23 22:40:50,es,,0.0,2.0,,Alejandro Monti,Delegado de informática de la AFIP (AEFIP),1912.0,2071.0,661.0,287.0,2.0,False,,,@MontiAlejandro
Gracias por sumarte @gallo1 #MediaParty https://t.co/KpCMhKSGPU,2022-08-23 22:34:52,es,,5.0,0.0,,Mariano Blejman,"CDO at Grupo Octubre, director at https://t.co/sZh8kYSguG, #MediaParty manager at @Mediafactory_vc. Knight Fellow for ICFJ. E-mail: blejman@gmail.com",22716.0,11286.0,6570.0,11249.0,487.0,False,,,@blejman
RT @gonmagliano: El viernes estaré en la #MediaParty contando una de las innovaciones más importantes de https://t.co/bR3sCgdgBh de la @SDH…,2022-08-23 22:34:28,es,,0.0,2.0,,Mariano Blejman,"CDO at Grupo Octubre, director at https://t.co/sZh8kYSguG, #MediaParty manager at @Mediafactory_vc. Knight Fellow for ICFJ. E-mail: blejman@gmail.com",22716.0,11286.0,6570.0,11249.0,487.0,False,,,@blejman
"RT @HacksHackersBA: Ya estamos tuneando el @CCKonex para la #MediaParty🎉 que empieza este jueves🌝. 

10 años no son nada, pero tampoco vien…",2022-08-23 22:27:47,es,,0.0,1.0,,Román Evangelista,"Basketball isn't a game; It's an art form.

Comunicación Social - UBA",4092.0,18011.0,179.0,182.0,0.0,False,,,@RomanEvangelist
Gracias @runixo y @oxinur por tus interesantes recomendaciones #MediaParty https://t.co/AEeUK7Ozad,2022-08-23 22:27:29,es,,3.0,1.0,,Mariano Blejman,"CDO at Grupo Octubre, director at https://t.co/sZh8kYSguG, #MediaParty manager at @Mediafactory_vc. Knight Fellow for ICFJ. E-mail: blejman@gmail.com",22716.0,11286.0,6570.0,11249.0,487.0,False,,,@blejman
RT @meliceci: Mi confirmación a la #MediaParty de @HacksHackersBA hace tan solo 10 años https://t.co/EC30j9cEUL,2022-08-23 22:22:42,es,,0.0,1.0,,HacksHackersBA,La conferencia que revoluciona el futuro de los medios #HHBA #MediaParty · Rebooting journalism · Journalism and technology / Periodismo y tecnología,8933.0,3516.0,3357.0,10016.0,312.0,False,,,@HacksHackersBA
"RT @ICFJ: Join us at #MediaParty! We will be sponsoring a web3 &amp; journalism track at @HacksHackersBA in Buenos Aires. With @decentraland, w…",2022-08-23 22:22:19,en,,0.0,2.0,,HacksHackersBA,La conferencia que revoluciona el futuro de los medios #HHBA #MediaParty · Rebooting journalism · Journalism and technology / Periodismo y tecnología,8933.0,3516.0,3357.0,10016.0,312.0,False,,,@HacksHackersBA
"RT @soyemipanelli: 2016 / 2017 / 2018 / 2019 #MediaParty @HacksHackersBA 

(Me falta encontrar las de los otros años) https://t.co/CB1u8aC1…",2022-08-23 22:21:26,es,,0.0,1.0,,HacksHackersBA,La conferencia que revoluciona el futuro de los medios #HHBA #MediaParty · Rebooting journalism · Journalism and technology / Periodismo y tecnología,8933.0,3516.0,3357.0,10016.0,312.0,False,,,@HacksHackersBA
Mi confirmación a la #MediaParty de @HacksHackersBA hace tan solo 10 años https://t.co/EC30j9cEUL,2022-08-23 22:07:00,es,,5.0,1.0,,Melisa Avolio,Periodista especializada en tecnología | Trabajo en @AgenciaTelam | Doy capacitaciones en #OficiosYRedes | Acá mis opiniones | ♥️🎹,10289.0,13885.0,1335.0,3454.0,49.0,True,,,@meliceci
"El viernes estaré en la #MediaParty contando una de las innovaciones más importantes de https://t.co/bR3sCgdgBh de la @SDHArgentina 

El MONITOR DE VELOCIDAD 

Nos permite medir medir cuánto se demora un juicio de Lesa. https://t.co/ebx7p6Bqne",2022-08-23 21:38:59,es,,4.0,2.0,,Gonzalo Magliano,"Trabajo en https://t.co/IUjYlOEIYO de la @sdhargentina
También comparto mis pasiones: 🎬📚
✍ en @mankhalabs y otros lugares 
🎙 en @RadioGrafica893",3637.0,10703.0,1556.0,2565.0,7.0,False,,,@gonmagliano
"El viernes a las 13.30 voy a estar en #MediaParty compartiendo una charla con Conejo Martelli, Javier Kraviez, Ángel Sotera y Laura Muchnik. Me encanta ir a Media Party y los amigos con los que voy a estar hablando. https://t.co/cQl9JzwFiM https://t.co/JK3EVCg2VU",2022-08-23 21:02:39,es,,4.0,2.0,,julian gallo,,8280.0,34119.0,1390.0,7030.0,233.0,False,,,@gallo1
"RT @ICFJ: Join us at #MediaParty! We will be sponsoring a web3 &amp; journalism track at @HacksHackersBA in Buenos Aires. With @decentraland, w…",2022-08-23 20:43:23,en,,0.0,2.0,,Aniruddh Sarkar 🇮🇳 #VoiceOfDigiBengal #SaveSoil,Philanthropist | Entrepreneur | Choreographer | Motivator I Record Producer #SocialActivist #CulturalActivist #EducationalActivist #CommittedToBengalGoals,3697.0,39600.0,4068.0,463.0,2.0,False,,,@aniruddhsarkar7
"Join us at #MediaParty! We will be sponsoring a web3 &amp; journalism track at @HacksHackersBA in Buenos Aires. With @decentraland, we’ll host keynotes, workshops and lightning talks + a two-day hackathon for attendees to get inspired and build prototypes: https://t.co/Kwibp3u0Uv https://t.co/6dpt2TYaZF",2022-08-23 20:30:07,en,,3.0,2.0,,International Center for Journalists,The International Center for Journalists (ICFJ) is a nonprofit that supports the truth tellers. Follow our @IJNet and @ICFJKnight accounts. #ItTakesAJournalist,50248.0,5955.0,1920.0,99452.0,2348.0,True,,,@ICFJ
"RT @sociopublico: ¡En 2 DÍAS llega la #MediaParty! Nuestro evento preferido del año. ¡Allí estaremos!🚀

@alejandrawulff va a dar una charla…",2022-08-23 20:24:11,es,,0.0,6.0,,Julieta,,439.0,6970.0,195.0,63.0,0.0,False,,,@lietaju96
"2016 / 2017 / 2018 / 2019 #MediaParty @HacksHackersBA 

(Me falta encontrar las de los otros años) https://t.co/CB1u8aC1tO",2022-08-23 20:23:16,es,,3.0,1.0,,Emiliano,🧉,78952.0,13741.0,695.0,2390.0,64.0,False,,,@soyemipanelli
RT @patriciamunoz_s: #MediaParty 2022: una gran encuentro para repensar al periodismo y los medios - https://t.co/qZFLNJnIRf,2022-08-23 20:21:20,es,,0.0,1.0,,Mariano Blejman,"CDO at Grupo Octubre, director at https://t.co/sZh8kYSguG, #MediaParty manager at @Mediafactory_vc. Knight Fellow for ICFJ. E-mail: blejman@gmail.com",22716.0,11286.0,6569.0,11246.0,487.0,False,,,@blejman
"RT @xhgMattia: After 3 years of online collaboration on #JournalismAI projects, yesterday I **finally** had the chance to meet in person th…",2022-08-23 20:21:08,en,,0.0,5.0,,Jeff Jarvis,"@BuzzMachine; prof @CUNY's @NewmarkJSchool; books: The Gutenberg Parenthesis, Public Parts, What Would Google Do? This Week in Google. Views mine. He/him",185255.0,37525.0,4506.0,177695.0,11413.0,True,,,@jeffjarvis
"RT @sociopublico: ¡En 2 DÍAS llega la #MediaParty! Nuestro evento preferido del año. ¡Allí estaremos!🚀

@alejandrawulff va a dar una charla…",2022-08-23 20:21:01,es,,0.0,6.0,,Mariano Blejman,"CDO at Grupo Octubre, director at https://t.co/sZh8kYSguG, #MediaParty manager at @Mediafactory_vc. Knight Fellow for ICFJ. E-mail: blejman@gmail.com",22716.0,11286.0,6569.0,11246.0,487.0,False,,,@blejman
"RT @Datacritica: Llegamos a la #MediaParty de @HacksHackersBA en Buenos Aires ✈️

Acompáñanos este viernes a nuestro taller para crear plan…",2022-08-23 20:20:55,es,,0.0,2.0,,Mariano Blejman,"CDO at Grupo Octubre, director at https://t.co/sZh8kYSguG, #MediaParty manager at @Mediafactory_vc. Knight Fellow for ICFJ. E-mail: blejman@gmail.com",22716.0,11286.0,6569.0,11246.0,487.0,False,,,@blejman
"RT @Chequeado: Esta semana, Chequeado va a estar presente en la #MediaParty con 3 charlas diferentes.

📲¿Qué es? Una conferencia gratuita q…",2022-08-23 20:14:21,es,,0.0,4.0,,Laura Zommer,"Madre, idealista, yogi. Periodista, abogada y docente. @ICFJKnight Fellow. Directora de @chequeado, creadora de #LatamChequea y cofundadora de @factchequeado",14853.0,2932.0,971.0,7396.0,219.0,False,,,@lauzommer
RT @germanfrassa: @blejman Una resina vegetal multiuso. Pensaba que en #MediaParty tenían 😂😂😂,2022-08-23 20:12:44,es,,0.0,1.0,,Mariano Blejman,"CDO at Grupo Octubre, director at https://t.co/sZh8kYSguG, #MediaParty manager at @Mediafactory_vc. Knight Fellow for ICFJ. E-mail: blejman@gmail.com",22716.0,11286.0,6569.0,11246.0,487.0,False,,,@blejman
"RT @sociopublico: ¡En 2 DÍAS llega la #MediaParty! Nuestro evento preferido del año. ¡Allí estaremos!🚀

@alejandrawulff va a dar una charla…",2022-08-23 20:11:12,es,,0.0,6.0,,💚 Ale Wulff 💚,,2228.0,13594.0,1032.0,255.0,1.0,False,,,@alejandrawulff
"RT @Chequeado: Esta semana, Chequeado va a estar presente en la #MediaParty con 3 charlas diferentes.

📲¿Qué es? Una conferencia gratuita q…",2022-08-23 20:06:52,es,,0.0,4.0,,Matías Di Santi,"Morenense I Jefe de Medios de @Chequeado I Lidero @Reversoar I Fana de la #investigación, #datos y desmentir #desinformaciones |",27016.0,13097.0,1415.0,13926.0,150.0,True,,,@matydisanti
"RT @Chequeado: Esta semana, Chequeado va a estar presente en la #MediaParty con 3 charlas diferentes.

📲¿Qué es? Una conferencia gratuita q…",2022-08-23 19:59:11,es,,0.0,4.0,,Mariano Blejman,"CDO at Grupo Octubre, director at https://t.co/sZh8kYSguG, #MediaParty manager at @Mediafactory_vc. Knight Fellow for ICFJ. E-mail: blejman@gmail.com",22716.0,11286.0,6569.0,11246.0,487.0,False,,,@blejman
"Esta semana, Chequeado va a estar presente en la #MediaParty con 3 charlas diferentes.

📲¿Qué es? Una conferencia gratuita que reúne a 2500 periodistas, programadores de software, diseñadores y  emprendedores, del 25 al 27 en el CC Konex.

👉🏻 Registrate: https://t.co/F85KIro2ly",2022-08-23 19:54:28,es,,5.0,4.0,,Chequeado,🗣 Chequeamos el discurso público. 📲 Verificamos lo que circula en redes. 🔎 Hacemos periodismo transparente.,46442.0,191.0,31.0,314115.0,1660.0,True,,,@Chequeado
"RT @sociopublico: ¡En 2 DÍAS llega la #MediaParty! Nuestro evento preferido del año. ¡Allí estaremos!🚀

@alejandrawulff va a dar una charla…",2022-08-23 19:33:43,es,,0.0,6.0,,HacksHackersBA,La conferencia que revoluciona el futuro de los medios #HHBA #MediaParty · Rebooting journalism · Journalism and technology / Periodismo y tecnología,8933.0,3516.0,3357.0,10016.0,312.0,False,,,@HacksHackersBA
"RT @Datacritica: Llegamos a la #MediaParty de @HacksHackersBA en Buenos Aires ✈️

Acompáñanos este viernes a nuestro taller para crear plan…",2022-08-23 19:33:27,es,,0.0,2.0,,HacksHackersBA,La conferencia que revoluciona el futuro de los medios #HHBA #MediaParty · Rebooting journalism · Journalism and technology / Periodismo y tecnología,8933.0,3516.0,3357.0,10016.0,312.0,False,,,@HacksHackersBA
"Y estamos en #MediaParty!!! Una buena manera de dar primeros pasos. Gracias, @blejman y #HHBA!!! Vamos, #CanalTransmedia!!! 🔥🙏🏽👇🏽 https://t.co/x4ZBRhBXVz",2022-08-23 19:22:43,es,,3.0,0.0,,Marta María Ramírez,"Opté por periodismo gonzo, independiente y feminista con X. Soy mamá reciente de Nina. #Martazos",11523.0,21880.0,4325.0,3163.0,48.0,False,,,@Martamar77
RT @mena_gibran: ☺️☺️☺️🥳🥳🥳 No se pierdan este taller en la #MediaParty de Buenos Aires con la gran @feragru este viernes.,2022-08-23 19:20:51,es,,0.0,1.0,,Mattia Peretti,"Managing #JournalismAI at @PolisLSE. Systems thinker. Interested in design, leadership and social change. Lucky guy.",10854.0,16514.0,3353.0,3507.0,166.0,False,,,@xhgMattia
"RT @xhgMattia: After 3 years of online collaboration on #JournalismAI projects, yesterday I **finally** had the chance to meet in person th…",2022-08-23 19:19:13,en,,0.0,5.0,,Aron Pilhofer,James B. Steele Chair in Journalism Innovation at @tukleincollege. Proud @Guardian and @nytimes alum. Co-founder of @documentcloud & @HacksHackers. Yachtsman.,15916.0,7311.0,2130.0,19747.0,1601.0,False,,,@pilhofer
☺️☺️☺️🥳🥳🥳 No se pierdan este taller en la #MediaParty de Buenos Aires con la gran @feragru este viernes. https://t.co/5NMp5kTtnd,2022-08-23 18:58:04,es,,1.0,1.0,,M.Gibran Mena 🌴🌊🌾🍂,"Escritura expandida con foto y análisis/visualización de datos. Cofundé @DataCritica. Elle. Fellow 2022 #JournalismAI de @polisLSE. ""Indigenizar el cora"".",8933.0,3067.0,4436.0,930.0,28.0,False,,,@mena_gibran
"Llegamos a la #MediaParty de @HacksHackersBA en Buenos Aires ✈️

Acompáñanos este viernes a nuestro taller para crear plantillas de proyectos enfocados en el análisis de datos. Para agendarlo, entra a este 🔗👇 https://t.co/QC8EuFov77",2022-08-23 18:55:33,es,,4.0,2.0,,Data Crítica,"Somos un colectivo de investigación de código abierto. Investigamos temas relacionados con género, crisis climática y luchas anticoloniales en Latinoamérica.",455.0,530.0,694.0,1222.0,27.0,False,,,@Datacritica
"RT @sociopublico: ¡En 2 DÍAS llega la #MediaParty! Nuestro evento preferido del año. ¡Allí estaremos!🚀

@alejandrawulff va a dar una charla…",2022-08-23 18:42:36,es,,0.0,6.0,,Agus();,She/her 💜🏳️‍🌈. Dev👩🏻‍💻 ft. @ElGatoYLaCaja & @sociopublico. Mi bici se llama Clara. Cinéfila. Spielberg es casi mi tío.,4406.0,11476.0,424.0,253.0,2.0,False,,,@AgusNahas_
"¡En 2 DÍAS llega la #MediaParty! Nuestro evento preferido del año. ¡Allí estaremos!🚀

@alejandrawulff va a dar una charla ⚡️ sobre cómo mapear derechos y @lietaju96, @AgusNahas_ y @palamago nos van a contar por qué les devs no son solo código bonito🎉

¿Te vemos ahí?😎 https://t.co/wdFRb4vGWu",2022-08-23 18:37:56,es,,13.0,6.0,,sociopúblico,"Ideas complejas, comunicación simple",2387.0,1377.0,1285.0,1665.0,32.0,False,,,@sociopublico
RT @NaimidC: Mesa larga de @sembramedia en la previa previa a la #MediaParty 💙 https://t.co/aEKdLtJy6o,2022-08-23 18:31:57,es,,0.0,4.0,,Carol,"How about i do anyway
📣 Comunicación en @psicofempy
💻 CM en @sembramedia
📷 Fotografía
🏳️‍🌈 Activismo LGBTIQ+",2768.0,2454.0,407.0,272.0,2.0,False,,,@carolsotelo_
"RT @HacksHackersBA: ¡2 DÍAS PARA LA #MEDIAPARTY🎉!

Y no podés creer esta programación🫶

Ayer te dejamos un hilo con las Keynotes del primer…",2022-08-23 17:56:54,es,,0.0,5.0,,Mariano Blejman,"CDO at Grupo Octubre, director at https://t.co/sZh8kYSguG, #MediaParty manager at @Mediafactory_vc. Knight Fellow for ICFJ. E-mail: blejman@gmail.com",22716.0,11286.0,6570.0,11249.0,487.0,False,,,@blejman
"RT @meedan: Check out keynote speaker @pierreconti on August 26th at 12:35PM GMT at #MediaParty, where he'll be discussing our fact checkin…",2022-08-23 17:56:39,en,,0.0,4.0,,Mariano Blejman,"CDO at Grupo Octubre, director at https://t.co/sZh8kYSguG, #MediaParty manager at @Mediafactory_vc. Knight Fellow for ICFJ. E-mail: blejman@gmail.com",22716.0,11286.0,6570.0,11249.0,487.0,False,,,@blejman
"Ya estamos tuneando el @CCKonex para la #MediaParty🎉 que empieza este jueves🌝. 

10 años no son nada, pero tampoco vienen solos, ¿no? 

No sé vos, pero por acá se siente una EMOCIÓN!!! 

Inscribite en https://t.co/1D6srHXFP1 https://t.co/KvlXfb5NVh",2022-08-23 17:48:33,es,,10.0,1.0,,HacksHackersBA,La conferencia que revoluciona el futuro de los medios #HHBA #MediaParty · Rebooting journalism · Journalism and technology / Periodismo y tecnología,8933.0,3516.0,3357.0,10016.0,312.0,False,,,@HacksHackersBA
RT @NaimidC: Mesa larga de @sembramedia en la previa previa a la #MediaParty 💙 https://t.co/aEKdLtJy6o,2022-08-23 17:42:05,es,,0.0,4.0,,An a,esha • coordinadora de comunicación en @sembramedia • entusiasta del comer y del beber • me obsesiono con cosas y después me olvido,31921.0,24699.0,516.0,254.0,6.0,False,,,@annchoa_
RT @vlupi: Gentes atention que viene la #MediaParty Una sesión mejor que la otra. 🙌,2022-08-23 17:37:41,es,,0.0,1.0,,Mariano Blejman,"CDO at Grupo Octubre, director at https://t.co/sZh8kYSguG, #MediaParty manager at @Mediafactory_vc. Knight Fellow for ICFJ. E-mail: blejman@gmail.com",22716.0,11286.0,6569.0,11246.0,487.0,False,,,@blejman
RT @NaimidC: Mesa larga de @sembramedia en la previa previa a la #MediaParty 💙 https://t.co/aEKdLtJy6o,2022-08-23 17:37:33,es,,0.0,4.0,,Mariano Blejman,"CDO at Grupo Octubre, director at https://t.co/sZh8kYSguG, #MediaParty manager at @Mediafactory_vc. Knight Fellow for ICFJ. E-mail: blejman@gmail.com",22716.0,11286.0,6569.0,11246.0,487.0,False,,,@blejman
Mesa larga de @sembramedia en la previa previa a la #MediaParty 💙 https://t.co/aEKdLtJy6o,2022-08-23 17:32:38,es,AR,27.0,4.0,,Naimid Cirelli,"Director de comunicación de @sembramedia. Periodista. A veces escribo en @revistaanfibia, @cosecharoja o en mi diario íntimo.
Conurbano oeste.",9264.0,7902.0,2025.0,1946.0,17.0,False,,,@NaimidC
"RT @meedan: Check out keynote speaker @pierreconti on August 26th at 12:35PM GMT at #MediaParty, where he'll be discussing our fact checkin…",2022-08-23 17:27:20,en,,0.0,4.0,,RedPeriodismoMx,This account is just for academic purposes and research.,38321.0,0.0,27.0,345.0,0.0,False,,,@RedPeriodismoMx
"RT @meedan: Check out keynote speaker @pierreconti on August 26th at 12:35PM GMT at #MediaParty, where he'll be discussing our fact checkin…",2022-08-23 17:14:22,en,,0.0,4.0,,HacksHackersBA,La conferencia que revoluciona el futuro de los medios #HHBA #MediaParty · Rebooting journalism · Journalism and technology / Periodismo y tecnología,8933.0,3516.0,3357.0,10016.0,312.0,False,,,@HacksHackersBA
"Check out keynote speaker @pierreconti on August 26th at 12:35PM GMT at #MediaParty, where he'll be discussing our fact checking work on WhatsApp! https://t.co/1mPB9NQKZl",2022-08-23 17:06:08,en,,11.0,4.0,,meedan,"Building software and initiatives to strengthen journalism, digital literacy, and accessibility of information. Also: @check https://t.co/NFet00AlBu",16237.0,1162.0,2267.0,11754.0,684.0,True,,,@meedan
"RT @xhgMattia: After 3 years of online collaboration on #JournalismAI projects, yesterday I **finally** had the chance to meet in person th…",2022-08-23 16:44:49,en,,0.0,5.0,,LA NACION Data,"#opendata #ddj #data #dataviz #opengov Casos, visualizaciones, herramientas y periodismo con bases de datos. LN, Argentina y el Mundo. We also tweet in English!",28862.0,13081.0,3214.0,62737.0,1014.0,True,,,@LNdata
Gentes atention que viene la #MediaParty Una sesión mejor que la otra. 🙌 https://t.co/XFFF72DSeZ,2022-08-23 16:23:23,es,,2.0,1.0,,Viviana Lupi,escribe y dibuja saltando de plataforma en plataforma desde el Y2K. Música de fondo. Migrante.,12546.0,13286.0,911.0,693.0,29.0,False,,,@vlupi
RT @sdp: Y así comienza el largo viaje hacia la #MediaParty en Buenos Aires.  ¡Muchas ganas de hacerlo!  (Avíseme si usted o un colega van…,2022-08-23 16:12:32,es,,0.0,1.0,,HacksHackersBA,La conferencia que revoluciona el futuro de los medios #HHBA #MediaParty · Rebooting journalism · Journalism and technology / Periodismo y tecnología,8933.0,3516.0,3357.0,10016.0,312.0,False,,,@HacksHackersBA
RT @blejman: te esperamos! #MediaParty,2022-08-23 16:12:27,es,,0.0,1.0,,HacksHackersBA,La conferencia que revoluciona el futuro de los medios #HHBA #MediaParty · Rebooting journalism · Journalism and technology / Periodismo y tecnología,8933.0,3516.0,3357.0,10016.0,312.0,False,,,@HacksHackersBA
Aquí te esperamos! #MediaParty @HacksHackersBA https://t.co/4F7XmHSyBa,2022-08-23 16:05:03,es,,1.0,0.0,,C.Fernández Moores 💚,Periodista de viajes / blogger en Periodistas Viajeros @pviajeros / #MediaParty Producer,22861.0,15273.0,7696.0,7393.0,194.0,False,,,@carolafmoores
"RT @ICFJ: It’s getting close! ICFJ is headed to #MediaParty in Buenos Aires! Will you be there? If so, check out our web3 and journalism tr…",2022-08-23 15:56:55,en,,0.0,4.0,,Desirée Esquivel Almada 🇺🇦,"🏆 @ONA 2021. Me encuentran también en @elotropaispy, #ForoDeCrisisMundiales del @ICFJ, @sembramedia y en una biblioteca callejera 📚 con Batman y Robin🐈‍⬛🐈",2548.0,2796.0,696.0,719.0,8.0,False,,,@esquivelalmada
#MediaParty 2022: una gran encuentro para repensar al periodismo y los medios - https://t.co/qZFLNJnIRf,2022-08-23 15:44:48,es,,4.0,1.0,,Patricia,"Mamá de Nico, Paloma y Tomi. Periodista, comunicadora social, con espíritu emprendedor, proactiva y siempre en lucha (la profesión así lo demanda)",4070.0,798.0,1573.0,606.0,5.0,False,,,@patriciamunoz_s
"RT @HacksHackersBA: ¡2 DÍAS PARA LA #MEDIAPARTY🎉!

Y no podés creer esta programación🫶

Ayer te dejamos un hilo con las Keynotes del primer…",2022-08-23 15:14:07,es,,0.0,5.0,,teuss,My real name is Tea I Designer I Actress I datalover I TeaSommelier (((pasajera en tránsito perpetuo))),23556.0,45657.0,5002.0,2619.0,190.0,False,,,@teuss
te esperamos! #MediaParty https://t.co/IQHSwJx4ph,2022-08-23 14:58:13,es,,3.0,1.0,,Mariano Blejman,"CDO at Grupo Octubre, director at https://t.co/sZh8kYSguG, #MediaParty manager at @Mediafactory_vc. Knight Fellow for ICFJ. E-mail: blejman@gmail.com",22716.0,11286.0,6569.0,11246.0,487.0,False,,,@blejman
"RT @HacksHackersBA: ¡2 DÍAS PARA LA #MEDIAPARTY🎉!

Y no podés creer esta programación🫶

Ayer te dejamos un hilo con las Keynotes del primer…",2022-08-23 14:47:00,es,,0.0,5.0,,Ramiro Chanes,Fana de Bowie. Finjo leer libros para poder seguir comprándolos. Whovian.,1173.0,1508.0,222.0,187.0,3.0,False,,,@ramirochanes
"RT @HacksHackersBA: ¡2 DÍAS PARA LA #MEDIAPARTY🎉!

Y no podés creer esta programación🫶

Ayer te dejamos un hilo con las Keynotes del primer…",2022-08-23 14:36:07,es,,0.0,5.0,,Román Evangelista,"Basketball isn't a game; It's an art form.

Comunicación Social - UBA",4092.0,18011.0,179.0,182.0,0.0,False,,,@RomanEvangelist
Y así comienza el largo viaje hacia la #MediaParty en Buenos Aires.  ¡Muchas ganas de hacerlo!  (Avíseme si usted o un colega van a estar allí). https://t.co/httBlFfotb,2022-08-23 14:34:05,es,,3.0,1.0,@sdp,Sameer Padania,"Work: public interest journalism, funding & policy. Local News Plans w PINF; Advisor, Journalism Funders Forum. Trustee @indigotrust @TheDocSociety. #FRSA #COYS",25245.0,27772.0,2839.0,6273.0,362.0,True,,,@sdp
And so begins the long journey to #MediaParty in Buenos Aires. Very much looking forward to it! (Let me know if you or a colleague are going to be there.) https://t.co/jYCpNPJfQx,2022-08-23 14:34:03,en,,17.0,1.0,,Sameer Padania,"Work: public interest journalism, funding & policy. Local News Plans w PINF; Advisor, Journalism Funders Forum. Trustee @indigotrust @TheDocSociety. #FRSA #COYS",25245.0,27772.0,2839.0,6273.0,362.0,True,,,@sdp
"RT @HacksHackersBA: ¿Hermosa mañana, verdad?🙌🏼

Solo porque faltan DOS DÍAS para la #MediaParty🎉.

Para bancar la manija ensordecedora te i…",2022-08-23 14:31:26,es,,0.0,1.0,,Román Evangelista,"Basketball isn't a game; It's an art form.

Comunicación Social - UBA",4092.0,18011.0,179.0,182.0,0.0,False,,,@RomanEvangelist
"RT @HacksHackersBA: ¡2 DÍAS PARA LA #MEDIAPARTY🎉!

Y no podés creer esta programación🫶

Ayer te dejamos un hilo con las Keynotes del primer…",2022-08-23 14:30:25,es,,0.0,5.0,,[LAS] de sistemas,"Organizamos @femitconf. Comunidad transfeminista de sistemas que trabaja para visibilizar y potenciar mujeres, lesbianas, travestis, trans y no binaries.",8654.0,8374.0,1439.0,17943.0,129.0,False,,,@lasdesistemas
"RT @germanfrassa: Como un rey mago, pero sin oro, incienso ni mirra: empiezo un peregrinaje de dos días hacia #MediaParty: El Quseir - El C…",2022-08-23 14:28:04,es,,0.0,2.0,,HacksHackersBA,La conferencia que revoluciona el futuro de los medios #HHBA #MediaParty · Rebooting journalism · Journalism and technology / Periodismo y tecnología,8933.0,3516.0,3357.0,10016.0,312.0,False,,,@HacksHackersBA
"Increíble nivel de speakers para el segundo día de la #MediaParty🎉, es un montón, ¿no?

Estás a tiempo de inscribirte, hacelo ahora y de paso chequeá el resto de la programación 👇😉
https://t.co/1D6srHXFP1",2022-08-23 14:25:46,es,,2.0,0.0,@HacksHackersBA,HacksHackersBA,La conferencia que revoluciona el futuro de los medios #HHBA #MediaParty · Rebooting journalism · Journalism and technology / Periodismo y tecnología,8933.0,3516.0,3357.0,10016.0,312.0,False,,,@HacksHackersBA
"¡2 DÍAS PARA LA #MEDIAPARTY🎉!

Y no podés creer esta programación🫶

Ayer te dejamos un hilo con las Keynotes del primer día, hoy vamos con los speakers que se presentarán el 26 de agosto ✅👇",2022-08-23 14:25:33,es,,6.0,5.0,,HacksHackersBA,La conferencia que revoluciona el futuro de los medios #HHBA #MediaParty · Rebooting journalism · Journalism and technology / Periodismo y tecnología,8933.0,3516.0,3357.0,10016.0,312.0,False,,,@HacksHackersBA
RT @ginocingolani: Media Party X Keynote: @EricCMack &amp; @JournoDao  sobre cómo revolucionar el periodismo con la Web3 x @zdezuca  https://t.…,2022-08-23 13:01:35,es,,0.0,1.0,,Mariano Blejman,"CDO at Grupo Octubre, director at https://t.co/sZh8kYSguG, #MediaParty manager at @Mediafactory_vc. Knight Fellow for ICFJ. E-mail: blejman@gmail.com",22716.0,11286.0,6569.0,11246.0,487.0,False,,,@blejman
"El jueves arranca la #MediaParty y entrevisté a uno de sus principales oradores: 

Chris Moran, responsable de Innovación Editorial de The Guardian

Hablamos sobre audiencias , el flagelo del clickbait y de cómo innovar sin emular a plataformas 

https://t.co/KxgovCw71P",2022-08-23 12:50:06,es,,2.0,1.0,,Melisa Avolio,Periodista especializada en tecnología | Trabajo en @AgenciaTelam | Doy capacitaciones en #OficiosYRedes | Acá mis opiniones | ♥️🎹,10289.0,13885.0,1334.0,3454.0,49.0,True,,,@meliceci
"¿Hermosa mañana, verdad?🙌🏼

Solo porque faltan DOS DÍAS para la #MediaParty🎉.

Para bancar la manija ensordecedora te invitamos a scrollear la agenda del evento y viendo todo lo que vas a poder hacer GRATIS este jueves, viernes y sábado en @CCKonex.⚡️

👉🏼https://t.co/PdDj36UgBP https://t.co/FT8bj91tR9",2022-08-23 12:44:36,es,,9.0,1.0,,HacksHackersBA,La conferencia que revoluciona el futuro de los medios #HHBA #MediaParty · Rebooting journalism · Journalism and technology / Periodismo y tecnología,8933.0,3516.0,3357.0,10016.0,312.0,False,,,@HacksHackersBA
Media Party X Keynote: @EricCMack &amp; @JournoDao  sobre cómo revolucionar el periodismo con la Web3 x @zdezuca  https://t.co/7aSp0gbsvw #MediaParty,2022-08-23 12:44:32,es,,1.0,1.0,,Gino Cingolani  🌋,"DAO Product @decentraland @DecentralandDAO, Teaching @DatosUBA, @HacksHackersBA MediaParty // Mashup analógicodigital // Las opiniones son mías // He-him",23915.0,25457.0,1625.0,4291.0,105.0,False,,,@ginocingolani
"RT @Aldo_Castillo8: Mañana vuelo a Buenos Aires para asistir a la #MediaParty y pitchear @escenariotlx 

https://t.co/2hpzSjvFd0 @hackshack…",2022-08-23 12:32:37,es,,0.0,1.0,,HacksHackersBA,La conferencia que revoluciona el futuro de los medios #HHBA #MediaParty · Rebooting journalism · Journalism and technology / Periodismo y tecnología,8933.0,3516.0,3357.0,10016.0,312.0,False,,,@HacksHackersBA
"RT @xhgMattia: After 3 years of online collaboration on #JournalismAI projects, yesterday I **finally** had the chance to meet in person th…",2022-08-23 12:32:10,en,,0.0,5.0,,HacksHackersBA,La conferencia que revoluciona el futuro de los medios #HHBA #MediaParty · Rebooting journalism · Journalism and technology / Periodismo y tecnología,8933.0,3516.0,3357.0,10016.0,312.0,False,,,@HacksHackersBA
"RT @xhgMattia: After 3 years of online collaboration on #JournalismAI projects, yesterday I **finally** had the chance to meet in person th…",2022-08-23 11:53:53,en,,0.0,5.0,,Mariano Blejman,"CDO at Grupo Octubre, director at https://t.co/sZh8kYSguG, #MediaParty manager at @Mediafactory_vc. Knight Fellow for ICFJ. E-mail: blejman@gmail.com",22716.0,11286.0,6570.0,11249.0,487.0,False,,,@blejman
So good to finally meet you in person Mattia yesterday and willing to see you again in #mediaparty💪🏼 https://t.co/duaJwcRgye,2022-08-23 11:35:40,en,,6.0,0.0,,Momi Peralta,"In @Lanacion Multimedia & Interactive since 1996. @LNdata PM @LNnaturaleza team . Aprendiendo a cualquier hora, feliz. I LOVE DATA, music & nature. GenX 100% 🧉",9088.0,1131.0,3587.0,7052.0,379.0,True,,,@momiperalta
"After 3 years of online collaboration on #JournalismAI projects, yesterday I **finally** had the chance to meet in person the amazing @fcoel &amp; @momiperalta at @LANACION 🎉🎉 Always in awe of the incredible work they lead at @LNdata &amp; @LNnaturaleza 🤩 See you all at #MediaParty https://t.co/23hTIAbMQO",2022-08-23 11:31:49,en,,75.0,5.0,,Mattia Peretti,"Managing #JournalismAI at @PolisLSE. Systems thinker. Interested in design, leadership and social change. Lucky guy.",10854.0,16514.0,3353.0,3507.0,166.0,False,,,@xhgMattia
@blejman Una resina vegetal multiuso. Pensaba que en #MediaParty tenían 😂😂😂,2022-08-23 11:08:15,es,,1.0,1.0,@blejman,Germán Frassa,"Periodismo y producto. GDO (Ghost Digital Officer) @RELEVO. Antes en @elmundoes y @marcacom. Autor de ""Productos Digitales"" (https://t.co/FLwmOPtoAo).",9567.0,1896.0,981.0,2118.0,194.0,False,,,@germanfrassa
RT @Leo_Vazquez2000: @izquierdadiario #MediaParty: Importante innovación Ahora podés escuchar las notas de @izquierdadiario con un reproduc…,2022-08-23 10:08:32,es,,0.0,1.0,,Mariano Blejman,"CDO at Grupo Octubre, director at https://t.co/sZh8kYSguG, #MediaParty manager at @Mediafactory_vc. Knight Fellow for ICFJ. E-mail: blejman@gmail.com",22716.0,11286.0,6570.0,11249.0,487.0,False,,,@blejman
"RT @germanfrassa: Como un rey mago, pero sin oro, incienso ni mirra: empiezo un peregrinaje de dos días hacia #MediaParty: El Quseir - El C…",2022-08-23 10:07:59,es,,0.0,2.0,,Mariano Blejman,"CDO at Grupo Octubre, director at https://t.co/sZh8kYSguG, #MediaParty manager at @Mediafactory_vc. Knight Fellow for ICFJ. E-mail: blejman@gmail.com",22716.0,11286.0,6570.0,11249.0,487.0,False,,,@blejman
"Como un rey mago, pero sin oro, incienso ni mirra: empiezo un peregrinaje de dos días hacia #MediaParty: El Quseir - El Cairo - Adís Abeba - San Pablo - Buenos Aires. ¡Nos vemos! https://t.co/MCF8ahKg8U",2022-08-23 08:23:16,es,,28.0,2.0,,Germán Frassa,"Periodismo y producto. GDO (Ghost Digital Officer) @RELEVO. Antes en @elmundoes y @marcacom. Autor de ""Productos Digitales"" (https://t.co/FLwmOPtoAo).",9567.0,1896.0,981.0,2118.0,194.0,False,,,@germanfrassa
"RT @HacksHackersBA: HASTA EL JUEVES 😍

Nos vemos en la mejor conferencia del año #MediaParty🎉 

Si no te anotaste, lo hacés ya en https://t…",2022-08-23 05:51:05,es,,0.0,5.0,,LabMedia.org,Comunidad de Emprendedores de Medios Digitales Informativos en Latinoamérica. #DatosAbiertos #Transparencia #Emprendimiento #SociedadCivil,4365.0,1548.0,1384.0,1350.0,78.0,False,,,@LabmediaOrg
"Mañana vuelo a Buenos Aires para asistir a la #MediaParty y pitchear @escenariotlx 

https://t.co/2hpzSjvFd0 @hackshackersba #mediaparty @sched",2022-08-23 04:26:03,es,,6.0,1.0,,Aldo Castillo,Dirijo un medio independiente y una agencia de publicidad. Consultor en comunicación. Canto para bajarle al burnout.,6228.0,1002.0,803.0,447.0,4.0,False,,,@Aldo_Castillo8
El entregable de esta semana de mis alumnxs: ir a la #MediaParty,2022-08-23 02:45:22,es,,15.0,0.0,,Delfina Arambillet,"Data, Learning & Diversity @Globant | Global Shaper @GlobalShapersBA @WEF | Former @LNdata | @SalzburgGlobal fellow | Lecturer @UCAPeriodismo | I love 🐶🍷🚀🌄",11108.0,16901.0,1707.0,1718.0,31.0,True,,,@DAarambillet
@izquierdadiario #MediaParty: Importante innovación Ahora podés escuchar las notas de @izquierdadiario con un reproductor avanzado integrado a sus notas https://t.co/U9EELljfY7,2022-08-23 02:39:11,es,,1.0,1.0,@izquierdadiario,Leonardo Vazquez,"Informático y militante, parte del equipo de desarrollo de La Izquierda Diario (y cuando puedo escribo algo sobre tecnología).",3252.0,3001.0,704.0,599.0,9.0,False,,,@Leo_Vazquez2000
RT @HacksHackers: The @HacksHackersBA #MediaParty is back in person in Buenos Aires for its 10th edition! https://t.co/P4zNMAVU1H,2022-08-23 02:03:27,en,,0.0,1.0,,HacksHackersBA,La conferencia que revoluciona el futuro de los medios #HHBA #MediaParty · Rebooting journalism · Journalism and technology / Periodismo y tecnología,8933.0,3516.0,3357.0,10016.0,312.0,False,,,@HacksHackersBA
The @HacksHackersBA #MediaParty is back in person in Buenos Aires for its 10th edition! https://t.co/P4zNMAVU1H,2022-08-23 01:59:48,en,,8.0,1.0,,Hacks/Hackers,"Journalism x technology, tweets from the media revolution",2792.0,691.0,515.0,18110.0,955.0,False,,,@HacksHackers
"RT @MartuRamirez_: Este jueves nos vemos en la #MediaParty 🙋🏼‍♀️

¡No se pueden perder la charla de la gran @LuliCristallo !",2022-08-23 01:36:16,es,,0.0,2.0,,Mariano Blejman,"CDO at Grupo Octubre, director at https://t.co/sZh8kYSguG, #MediaParty manager at @Mediafactory_vc. Knight Fellow for ICFJ. E-mail: blejman@gmail.com",22716.0,11286.0,6570.0,11249.0,487.0,False,,,@blejman
"RT @MartuRamirez_: Este jueves nos vemos en la #MediaParty 🙋🏼‍♀️

¡No se pueden perder la charla de la gran @LuliCristallo !",2022-08-23 01:29:10,es,,0.0,2.0,,Guada Sanchez Granel 💚,"Periodismo, redes y comunicación digital. 
✍ @Cronistacom @AperturaRevista @Redaccioncomar
💫 Directora de #TerritoriosyResistencias en @chicapoderosaarg",14712.0,47553.0,1176.0,1417.0,31.0,False,,,@Guada_SG
RT @blejman: ¿Te convenció? #MediaParty,2022-08-23 01:24:33,es,,0.0,3.0,,Mariano Blejman,"CDO at Grupo Octubre, director at https://t.co/sZh8kYSguG, #MediaParty manager at @Mediafactory_vc. Knight Fellow for ICFJ. E-mail: blejman@gmail.com",22716.0,11286.0,6570.0,11249.0,487.0,False,,,@blejman
"RT @carolafmoores: Ya mismo, entrá a conocer el detrás de escena y lo que se viene de la #MediaParty",2022-08-23 01:23:37,es,,0.0,1.0,,Mariano Blejman,"CDO at Grupo Octubre, director at https://t.co/sZh8kYSguG, #MediaParty manager at @Mediafactory_vc. Knight Fellow for ICFJ. E-mail: blejman@gmail.com",22716.0,11286.0,6570.0,11249.0,487.0,False,,,@blejman
#memediaparty #MediaParty https://t.co/REIJ4APnML,2022-08-23 01:22:56,und,,0.0,0.0,,Mariano Blejman,"CDO at Grupo Octubre, director at https://t.co/sZh8kYSguG, #MediaParty manager at @Mediafactory_vc. Knight Fellow for ICFJ. E-mail: blejman@gmail.com",22716.0,11286.0,6570.0,11249.0,487.0,False,,,@blejman
RT @ReyesBarrena: I'm excited to attend Canal (Cuba) at MediaParty 2022 https://t.co/1jWAldY6E8 @hackshackersba #mediaparty @sched,2022-08-23 01:20:23,en,,0.0,3.0,,Mariano Blejman,"CDO at Grupo Octubre, director at https://t.co/sZh8kYSguG, #MediaParty manager at @Mediafactory_vc. Knight Fellow for ICFJ. E-mail: blejman@gmail.com",22716.0,11286.0,6570.0,11249.0,487.0,False,,,@blejman
RT @ReyesBarrena: I'm excited to attend Canal (Cuba) at MediaParty 2022 https://t.co/1jWAldY6E8 @hackshackersba #mediaparty @sched,2022-08-23 01:10:51,en,,0.0,3.0,,HacksHackersBA,La conferencia que revoluciona el futuro de los medios #HHBA #MediaParty · Rebooting journalism · Journalism and technology / Periodismo y tecnología,8933.0,3516.0,3357.0,10016.0,312.0,False,,,@HacksHackersBA
I'm excited to attend Canal (Cuba) at MediaParty 2022 https://t.co/1jWAldY6E8 @hackshackersba #mediaparty @sched,2022-08-23 00:37:25,en,,3.0,3.0,,Diana Reyes Barrena,,14.0,44.0,89.0,22.0,0.0,False,,,@ReyesBarrena
"Este jueves nos vemos en la #MediaParty 🙋🏼‍♀️

¡No se pueden perder la charla de la gran @LuliCristallo ! https://t.co/Xm1bZCu9j6",2022-08-22 23:46:14,es,,5.0,2.0,,Martu,Creadora de contenido | Redes en @perfilcom | Hago cosas en @chicapoderosaar✨,8917.0,6721.0,237.0,336.0,1.0,False,,,@MartuRamirez_
RT @JournoDao: Getting excited for #MediaParty in Buenos Aires in just a few days! https://t.co/JSEyH0PGzv,2022-08-22 23:37:23,en,,0.0,3.0,,C.Fernández Moores 💚,Periodista de viajes / blogger en Periodistas Viajeros @pviajeros / #MediaParty Producer,22861.0,15273.0,7696.0,7393.0,194.0,False,,,@carolafmoores
RT @clockwerks: Absolutely psyched to be back in Buenos Aires for #mediaparty with a bunch of other awesome speakers and the most friendly…,2022-08-22 23:36:42,en,,0.0,7.0,,C.Fernández Moores 💚,Periodista de viajes / blogger en Periodistas Viajeros @pviajeros / #MediaParty Producer,22861.0,15273.0,7696.0,7393.0,194.0,False,,,@carolafmoores
"RT @RutaDestr0y: Veo q está a full la organización del #MediaParty y recuerdo q hace muuuuchos años en uno de los primeros, unos pibes pres…",2022-08-22 23:36:25,es,,0.0,1.0,,C.Fernández Moores 💚,Periodista de viajes / blogger en Periodistas Viajeros @pviajeros / #MediaParty Producer,22861.0,15273.0,7696.0,7393.0,194.0,False,,,@carolafmoores
RT @carohcufre: Este jueves 25/8 con @AgusMonguillot vamos a participar en la #MediaParty para contar cómo funciona desde hace más de dos a…,2022-08-22 23:35:53,es,,0.0,3.0,,C.Fernández Moores 💚,Periodista de viajes / blogger en Periodistas Viajeros @pviajeros / #MediaParty Producer,22861.0,15273.0,7696.0,7393.0,194.0,False,,,@carolafmoores
"RT @newsproduct: Don't miss a workshop by @felicarrique at #MediaParty! 

🛣️She will give a crash course on how applying product to the new…",2022-08-22 23:35:32,en,,0.0,1.0,,C.Fernández Moores 💚,Periodista de viajes / blogger en Periodistas Viajeros @pviajeros / #MediaParty Producer,22861.0,15273.0,7696.0,7393.0,194.0,False,,,@carolafmoores
RT @newsproduct: 📌How do you successfully accelerate transformation as a media executive? @Zielina will share insights at #MediaParty 2022…,2022-08-22 23:35:19,en,,0.0,2.0,,C.Fernández Moores 💚,Periodista de viajes / blogger en Periodistas Viajeros @pviajeros / #MediaParty Producer,22861.0,15273.0,7696.0,7393.0,194.0,False,,,@carolafmoores
RT @germanfrassa: Deseando ver en vivo a @pepaurtiz rompiendo cabezas: Procesamiento de texto para análisis de contenido / Text processing…,2022-08-22 23:35:10,es,,0.0,4.0,,C.Fernández Moores 💚,Periodista de viajes / blogger en Periodistas Viajeros @pviajeros / #MediaParty Producer,22861.0,15273.0,7696.0,7393.0,194.0,False,,,@carolafmoores
"RT @alvaroliuzzi: 📩Workshop sobre newsletters en MediaParty📩

Este viernes (15hs), en #MediaParty, estaré dictando un workshop sobre newsle…",2022-08-22 23:35:03,es,,0.0,2.0,,C.Fernández Moores 💚,Periodista de viajes / blogger en Periodistas Viajeros @pviajeros / #MediaParty Producer,22861.0,15273.0,7696.0,7393.0,194.0,False,,,@carolafmoores
"RT @agusgewerc: Este jueves arranca la #MediaParty de @HacksHackersBA con charlas buenísimas sobre producto, desarrollo de audiencias y mon…",2022-08-22 23:20:44,es,,0.0,6.0,,Mariano Blejman,"CDO at Grupo Octubre, director at https://t.co/sZh8kYSguG, #MediaParty manager at @Mediafactory_vc. Knight Fellow for ICFJ. E-mail: blejman@gmail.com",22716.0,11286.0,6569.0,11246.0,487.0,False,,,@blejman
"RT @newsproduct: 🎉🎉#MediaParty is almost here and the entire schedule is up online! 

See you there 25th onwards👀, and don't forget NPA's @…",2022-08-22 23:20:37,en,,0.0,3.0,,Mariano Blejman,"CDO at Grupo Octubre, director at https://t.co/sZh8kYSguG, #MediaParty manager at @Mediafactory_vc. Knight Fellow for ICFJ. E-mail: blejman@gmail.com",22716.0,11286.0,6569.0,11246.0,487.0,False,,,@blejman
"RT @alvaroliuzzi: 📩Workshop sobre newsletters en MediaParty📩

Este viernes (15hs), en #MediaParty, estaré dictando un workshop sobre newsle…",2022-08-22 23:20:28,es,,0.0,2.0,,Mariano Blejman,"CDO at Grupo Octubre, director at https://t.co/sZh8kYSguG, #MediaParty manager at @Mediafactory_vc. Knight Fellow for ICFJ. E-mail: blejman@gmail.com",22716.0,11286.0,6569.0,11246.0,487.0,False,,,@blejman
"RT @Semioticastudio: ¿Ya se anotaron a la #MediaParty 2022? Es en breve, en Buenos Aires
#media #periodismo #comunicación #tech @HacksHacke…",2022-08-22 23:20:22,es,,0.0,3.0,,Mariano Blejman,"CDO at Grupo Octubre, director at https://t.co/sZh8kYSguG, #MediaParty manager at @Mediafactory_vc. Knight Fellow for ICFJ. E-mail: blejman@gmail.com",22716.0,11286.0,6569.0,11246.0,487.0,False,,,@blejman
"RT @HacksHackersBA: Haciendo la previa de la #MediaParty🎉 en vivo ¡YA! 

¡Sumate! @ginocingolani y @blejman te están esperando😍⬇️

https://…",2022-08-22 23:20:11,es,,0.0,5.0,,Mariano Blejman,"CDO at Grupo Octubre, director at https://t.co/sZh8kYSguG, #MediaParty manager at @Mediafactory_vc. Knight Fellow for ICFJ. E-mail: blejman@gmail.com",22716.0,11286.0,6569.0,11246.0,487.0,False,,,@blejman
RT @avivaloeb: Headed to Buenos Aires for #MediaParty. Excited to talk all things audience. Pls send me your best recs for things to see/do…,2022-08-22 23:19:44,en,,0.0,2.0,,Mariano Blejman,"CDO at Grupo Octubre, director at https://t.co/sZh8kYSguG, #MediaParty manager at @Mediafactory_vc. Knight Fellow for ICFJ. E-mail: blejman@gmail.com",22716.0,11286.0,6569.0,11246.0,487.0,False,,,@blejman
"RT @FredericaArabe2: It’s getting close! ICFJ is headed to #MediaParty in Buenos Aires! Will you be there? If so, check out our web3 and jo…",2022-08-22 23:19:23,en,,0.0,1.0,,Mariano Blejman,"CDO at Grupo Octubre, director at https://t.co/sZh8kYSguG, #MediaParty manager at @Mediafactory_vc. Knight Fellow for ICFJ. E-mail: blejman@gmail.com",22716.0,11286.0,6569.0,11246.0,487.0,False,,,@blejman
RT @carolafmoores: Do not say it again! You will not have a minute alone! ;) #MediaParty,2022-08-22 23:19:19,en,,0.0,1.0,,Mariano Blejman,"CDO at Grupo Octubre, director at https://t.co/sZh8kYSguG, #MediaParty manager at @Mediafactory_vc. Knight Fellow for ICFJ. E-mail: blejman@gmail.com",22716.0,11286.0,6569.0,11246.0,487.0,False,,,@blejman
Do not say it again! You will not have a minute alone! ;) #MediaParty https://t.co/um1LXJaaV5,2022-08-22 23:16:37,en,,3.0,1.0,,C.Fernández Moores 💚,Periodista de viajes / blogger en Periodistas Viajeros @pviajeros / #MediaParty Producer,22861.0,15273.0,7696.0,7393.0,194.0,False,,,@carolafmoores
"RT @HacksHackersBA: HASTA EL JUEVES 😍

Nos vemos en la mejor conferencia del año #MediaParty🎉 

Si no te anotaste, lo hacés ya en https://t…",2022-08-22 22:41:00,es,,0.0,5.0,,Enzo Evangelista,Ciencias de la Comunicación 📚,10353.0,1843.0,1989.0,2780.0,6.0,False,,,@enzotomas96
"RT @HacksHackersBA: HASTA EL JUEVES 😍

Nos vemos en la mejor conferencia del año #MediaParty🎉 

Si no te anotaste, lo hacés ya en https://t…",2022-08-22 22:28:52,es,,0.0,5.0,,Gino Cingolani  🌋,"DAO Product @decentraland @DecentralandDAO, Teaching @DatosUBA, @HacksHackersBA MediaParty // Mashup analógicodigital // Las opiniones son mías // He-him",23915.0,25457.0,1625.0,4291.0,105.0,False,,,@ginocingolani
"RT @HacksHackersBA: HASTA EL JUEVES 😍

Nos vemos en la mejor conferencia del año #MediaParty🎉 

Si no te anotaste, lo hacés ya en https://t…",2022-08-22 22:17:45,es,,0.0,5.0,,Román Evangelista,"Basketball isn't a game; It's an art form.

Comunicación Social - UBA",4092.0,18011.0,179.0,182.0,0.0,False,,,@RomanEvangelist
"It’s getting close! ICFJ is headed to #MediaParty in Buenos Aires! Will you be there? If so, check out our web3 and journalism tr…",2022-08-22 22:15:53,en,,2.0,1.0,,战略忽悠局—小杨,Aries.  1970'https://t.co/y69UVEhKdwの占術と中医学を勉強中。中医学は、義務教育に取り入れていただきたいくらい、身体と気候風土と食事に関する、すばらしいトリセツです。,6.0,0.0,42.0,14.0,0.0,False,,,@FredericaArabe2
"RT @HacksHackersBA: HASTA EL JUEVES 😍

Nos vemos en la mejor conferencia del año #MediaParty🎉 

Si no te anotaste, lo hacés ya en https://t…",2022-08-22 22:12:37,es,,0.0,5.0,,Mariano Blejman,"CDO at Grupo Octubre, director at https://t.co/sZh8kYSguG, #MediaParty manager at @Mediafactory_vc. Knight Fellow for ICFJ. E-mail: blejman@gmail.com",22716.0,11286.0,6569.0,11246.0,487.0,False,,,@blejman
RT @soyemipanelli: Termino el vivo de la #MediaParty de @HacksHackersBA con @ginocingolani y @blejman y me dejaron más manija de lo que est…,2022-08-22 22:11:35,es,,0.0,2.0,,Mariano Blejman,"CDO at Grupo Octubre, director at https://t.co/sZh8kYSguG, #MediaParty manager at @Mediafactory_vc. Knight Fellow for ICFJ. E-mail: blejman@gmail.com",22716.0,11286.0,6569.0,11246.0,487.0,False,,,@blejman
#MediaParty #ansiedad de qué #ecosistema soy?!!!  https://t.co/qHJ2hFubhn,2022-08-22 22:11:21,es,,2.0,0.0,,Patricia,"Mamá de Nico, Paloma y Tomi. Periodista, comunicadora social, con espíritu emprendedor, proactiva y siempre en lucha (la profesión así lo demanda)",4070.0,798.0,1573.0,605.0,5.0,False,,,@patriciamunoz_s
RT @soyemipanelli: Termino el vivo de la #MediaParty de @HacksHackersBA con @ginocingolani y @blejman y me dejaron más manija de lo que est…,2022-08-22 22:09:55,es,,0.0,2.0,,HacksHackersBA,La conferencia que revoluciona el futuro de los medios #HHBA #MediaParty · Rebooting journalism · Journalism and technology / Periodismo y tecnología,8933.0,3516.0,3357.0,10016.0,312.0,False,,,@HacksHackersBA
"Termino el vivo de la #MediaParty de @HacksHackersBA con @ginocingolani y @blejman y me dejaron más manija de lo que estaba. 

Que lindo ver a tanta gente conocida @runixo @fcoel y más.",2022-08-22 22:08:48,es,,9.0,2.0,,Emiliano,🧉,78952.0,13741.0,695.0,2390.0,64.0,False,,,@soyemipanelli
"RT @ICFJ: It’s getting close! ICFJ is headed to #MediaParty in Buenos Aires! Will you be there? If so, check out our web3 and journalism tr…",2022-08-22 22:05:23,en,,0.0,4.0,,D a r i e l a 🇺🇦,"Journalism, Music, Better #GlobalCooperation | Founder @SoyArepita 🇻🇪, @10minsocial 🌏| Global Crisis Reporting, MEL & Impact at @ICFJ | @ColumbiaSIPA'14",20701.0,14358.0,3873.0,8712.0,187.0,False,,,@DarielaSosa
"HASTA EL JUEVES 😍

Nos vemos en la mejor conferencia del año #MediaParty🎉 

Si no te anotaste, lo hacés ya en https://t.co/1D6srHXFP1 https://t.co/ffUYgtQYBV",2022-08-22 22:05:10,es,,8.0,5.0,,HacksHackersBA,La conferencia que revoluciona el futuro de los medios #HHBA #MediaParty · Rebooting journalism · Journalism and technology / Periodismo y tecnología,8933.0,3516.0,3357.0,10016.0,312.0,False,,,@HacksHackersBA
"RT @HacksHackersBA: Haciendo la previa de la #MediaParty🎉 en vivo ¡YA! 

¡Sumate! @ginocingolani y @blejman te están esperando😍⬇️

https://…",2022-08-22 21:56:28,es,,0.0,5.0,,[LAS] de sistemas,"Organizamos @femitconf. Comunidad transfeminista de sistemas que trabaja para visibilizar y potenciar mujeres, lesbianas, travestis, trans y no binaries.",8654.0,8374.0,1439.0,17943.0,129.0,False,,,@lasdesistemas
"RT @ICFJ: It’s getting close! ICFJ is headed to #MediaParty in Buenos Aires! Will you be there? If so, check out our web3 and journalism tr…",2022-08-22 21:50:47,en,,0.0,4.0,,ICFJ Knight Fellowships,Our @ICFJ Knight Fellows instill cultures of news innovation to improve lives worldwide. Let us know how they can help or have helped you make a difference.,15095.0,2293.0,1343.0,23778.0,684.0,True,,,@ICFJKnight
RT @avivaloeb: Headed to Buenos Aires for #MediaParty. Excited to talk all things audience. Pls send me your best recs for things to see/do…,2022-08-22 21:49:02,en,,0.0,2.0,,Veritas Group,"Authentic content. Comms, Advisory & Production firm based out of ATX. Everything, everywhere, every day... creating opportunity #TheVeritasWay",3172.0,916.0,1282.0,518.0,15.0,False,,,@VGMarketingPR
Está @fcoel recuerda sus primeros pasos en la comunidad de #MediaParty https://t.co/L0b87CWxQL,2022-08-22 21:42:32,es,,0.0,0.0,,Mariano Blejman,"CDO at Grupo Octubre, director at https://t.co/sZh8kYSguG, #MediaParty manager at @Mediafactory_vc. Knight Fellow for ICFJ. E-mail: blejman@gmail.com",22716.0,11286.0,6570.0,11249.0,487.0,False,,,@blejman
RT @pepaurtiz: Estamos en vivo en la previa de #MediaParty https://t.co/F0tHGDjjpb,2022-08-22 21:41:26,es,,0.0,1.0,,Mariano Blejman,"CDO at Grupo Octubre, director at https://t.co/sZh8kYSguG, #MediaParty manager at @Mediafactory_vc. Knight Fellow for ICFJ. E-mail: blejman@gmail.com",22716.0,11286.0,6570.0,11249.0,487.0,False,,,@blejman
"RT @HacksHackersBA: Haciendo la previa de la #MediaParty🎉 en vivo ¡YA! 

¡Sumate! @ginocingolani y @blejman te están esperando😍⬇️

https://…",2022-08-22 21:40:51,es,,0.0,5.0,,ICFJ Knight Fellowships,Our @ICFJ Knight Fellows instill cultures of news innovation to improve lives worldwide. Let us know how they can help or have helped you make a difference.,15095.0,2293.0,1343.0,23778.0,684.0,True,,,@ICFJKnight
Estamos en vivo en la previa de #MediaParty https://t.co/F0tHGDjjpb,2022-08-22 21:37:51,es,,1.0,1.0,,Paloma Urtizberea,"Física por vocación y neurocientífica por elección. Científica en zapatillas. Me gustan los perros, Cortázar y entender el por qué de las cosas",864.0,1872.0,539.0,676.0,9.0,False,,,@pepaurtiz
RT @blejman: #MediaParty seguinos para el live. https://t.co/mdNX9212PG,2022-08-22 21:37:15,pt,,0.0,2.0,,HacksHackersBA,La conferencia que revoluciona el futuro de los medios #HHBA #MediaParty · Rebooting journalism · Journalism and technology / Periodismo y tecnología,8933.0,3516.0,3357.0,10016.0,312.0,False,,,@HacksHackersBA
"RT @HacksHackersBA: Haciendo la previa de la #MediaParty🎉 en vivo ¡YA! 

¡Sumate! @ginocingolani y @blejman te están esperando😍⬇️

https://…",2022-08-22 21:37:05,es,,0.0,5.0,,Enzo Evangelista,Ciencias de la Comunicación 📚,10353.0,1843.0,1989.0,2780.0,6.0,False,,,@enzotomas96
RT @blejman: Estamos conversando sobre la inminente #MediaParty acá https://t.co/4qC3B1npl6,2022-08-22 21:36:16,es,,0.0,1.0,,HacksHackersBA,La conferencia que revoluciona el futuro de los medios #HHBA #MediaParty · Rebooting journalism · Journalism and technology / Periodismo y tecnología,8933.0,3516.0,3357.0,10016.0,312.0,False,,,@HacksHackersBA
Estamos conversando sobre la inminente #MediaParty acá https://t.co/4qC3B1npl6 https://t.co/b6rDoTBmJi,2022-08-22 21:35:43,es,,6.0,1.0,,Mariano Blejman,"CDO at Grupo Octubre, director at https://t.co/sZh8kYSguG, #MediaParty manager at @Mediafactory_vc. Knight Fellow for ICFJ. E-mail: blejman@gmail.com",22716.0,11286.0,6570.0,11249.0,487.0,False,,,@blejman
Por acá empezamos! @ginocingolani y @blejman previando la #MediaParty🎉 https://t.co/NfrvxSTUo2,2022-08-22 21:34:51,es,,6.0,0.0,,HacksHackersBA,La conferencia que revoluciona el futuro de los medios #HHBA #MediaParty · Rebooting journalism · Journalism and technology / Periodismo y tecnología,8933.0,3516.0,3357.0,10016.0,312.0,False,,,@HacksHackersBA
"Ya mismo, entrá a conocer el detrás de escena y lo que se viene de la #MediaParty https://t.co/PsBBX0XVpJ",2022-08-22 21:34:00,es,,2.0,1.0,,C.Fernández Moores 💚,Periodista de viajes / blogger en Periodistas Viajeros @pviajeros / #MediaParty Producer,22861.0,15273.0,7696.0,7393.0,194.0,False,,,@carolafmoores
"RT @HacksHackersBA: Haciendo la previa de la #MediaParty🎉 en vivo ¡YA! 

¡Sumate! @ginocingolani y @blejman te están esperando😍⬇️

https://…",2022-08-22 21:31:15,es,,0.0,5.0,,Gino Cingolani  🌋,"DAO Product @decentraland @DecentralandDAO, Teaching @DatosUBA, @HacksHackersBA MediaParty // Mashup analógicodigital // Las opiniones son mías // He-him",23915.0,25457.0,1625.0,4291.0,105.0,False,,,@ginocingolani
"Haciendo la previa de la #MediaParty🎉 en vivo ¡YA! 

¡Sumate! @ginocingolani y @blejman te están esperando😍⬇️

https://t.co/XSzdvWW7bX",2022-08-22 21:30:39,es,,3.0,5.0,,HacksHackersBA,La conferencia que revoluciona el futuro de los medios #HHBA #MediaParty · Rebooting journalism · Journalism and technology / Periodismo y tecnología,8933.0,3516.0,3357.0,10016.0,312.0,False,,,@HacksHackersBA
#MediaParty seguinos para el live. https://t.co/mdNX9212PG,2022-08-22 21:27:17,pt,,7.0,2.0,,Mariano Blejman,"CDO at Grupo Octubre, director at https://t.co/sZh8kYSguG, #MediaParty manager at @Mediafactory_vc. Knight Fellow for ICFJ. E-mail: blejman@gmail.com",22716.0,11286.0,6570.0,11249.0,487.0,False,,,@blejman
"23 minutos y contando

Vivo de la #MediaParty, hacete unos mates, un té, un cafecito y prendete al youtube🙃⬇️
https://t.co/XSzdvWW7bX",2022-08-22 21:07:11,es,,2.0,0.0,,HacksHackersBA,La conferencia que revoluciona el futuro de los medios #HHBA #MediaParty · Rebooting journalism · Journalism and technology / Periodismo y tecnología,8933.0,3516.0,3357.0,10016.0,312.0,False,,,@HacksHackersBA
Headed to Buenos Aires for #MediaParty. Excited to talk all things audience. Pls send me your best recs for things to see/do/eat in BA. And come find me if you’re there — we’ve got lots of open jobs at The Post! https://t.co/87paEm6S0a,2022-08-22 20:57:32,en,,8.0,2.0,,Aviva Loeb,Subscriber engagement editor at @washingtonpost but you can mostly expect bad jokes and pictures of my dog on here. she/her,9722.0,16116.0,919.0,1497.0,29.0,True,,,@avivaloeb
"Dedicated to Mr. #Halakukhan and co.
سوال تو ہوگا، جواب تُو دینا پڑے گا، کیوں کہ پہلی دفعہ ٹکر کے لوگ میلے ہیں آپکو۔
@PTIofficial
@arsched 
@2Kazmi
@ARYNEWSOFFICIAL 

#PakistanUnderFascism
#imrankhan_is_our_redline 
#pdmmafiaexposed 
#MediaParty 
#PakistanZindabad https://t.co/nFXbdIwx1I",2022-08-22 20:49:25,ur,,3.0,0.0,,AffiShehzad,"Construction contractor, other businesses, social activities, self made, tourist, sports, gym, music, youth voice, har-dil-aziz",2810.0,6754.0,214.0,54.0,0.0,False,,,@AffiShehzad
RT @clockwerks: Absolutely psyched to be back in Buenos Aires for #mediaparty with a bunch of other awesome speakers and the most friendly…,2022-08-22 20:48:15,en,,0.0,7.0,,Leonardo Vazquez,"Informático y militante, parte del equipo de desarrollo de La Izquierda Diario (y cuando puedo escribo algo sobre tecnología).",3252.0,3001.0,704.0,599.0,9.0,False,,,@Leo_Vazquez2000
"RT @HacksHackersBA: ¡3 días to go!

Se siente el primer día de la #MediaParty🎉 y acá te dejamos un hilo🧵👇 con las Keynotes y los speakers q…",2022-08-22 20:36:02,es,,0.0,7.0,,teuss,My real name is Tea I Designer I Actress I datalover I TeaSommelier (((pasajera en tránsito perpetuo))),23556.0,45657.0,5002.0,2619.0,190.0,False,,,@teuss
RT @HacksHackersBA: EN 1 HORA!!! @ginocingolani y @blejman en VIVO con invitados especiales contándote todos lo tenés que saber sobre la #M…,2022-08-22 20:30:35,es,,0.0,1.0,,Martín Rabaglia,"Magia @genoshans. #creativity and #tech, #tvshows and #movies too.
#digitalfalopa ON Hincha de #Spiderman, #xmen y #dbz.",60735.0,75295.0,2031.0,2058.0,220.0,False,,,@tincho_for_ever
"EN 1 HORA!!! @ginocingolani y @blejman en VIVO con invitados especiales contándote todos lo tenés que saber sobre la #MediaParty🎉 

18.30 horas miralo acá⬇️
https://t.co/57PClPUrDg",2022-08-22 20:29:23,es,,3.0,1.0,,HacksHackersBA,La conferencia que revoluciona el futuro de los medios #HHBA #MediaParty · Rebooting journalism · Journalism and technology / Periodismo y tecnología,8933.0,3516.0,3357.0,10016.0,312.0,False,,,@HacksHackersBA
"RT @Semioticastudio: ¿Ya se anotaron a la #MediaParty 2022? Es en breve, en Buenos Aires
#media #periodismo #comunicación #tech @HacksHacke…",2022-08-22 20:26:42,es,,0.0,3.0,,HacksHackersBA,La conferencia que revoluciona el futuro de los medios #HHBA #MediaParty · Rebooting journalism · Journalism and technology / Periodismo y tecnología,8933.0,3516.0,3357.0,10016.0,312.0,False,,,@HacksHackersBA
"RT @Semioticastudio: ¿Ya se anotaron a la #MediaParty 2022? Es en breve, en Buenos Aires
#media #periodismo #comunicación #tech @HacksHacke…",2022-08-22 19:55:21,es,,0.0,3.0,,Gabriela Pedranti,"Communication, Semiotics, Sustainability /// Comunicación,  semiótica, sostenibilidad @Semioticastudio, @iedbarcelona, @UPFbarcelona & @modasosbcn",10696.0,3308.0,1934.0,1539.0,162.0,False,,,@gpedranti
"¿Ya se anotaron a la #MediaParty 2022? Es en breve, en Buenos Aires
#media #periodismo #comunicación #tech @HacksHackersBA
https://t.co/EC9PVo5L9a",2022-08-22 19:55:02,es,,3.0,3.0,,Semiotica Studio,"Research, cultural insight & strategy. Helping brands and projects to understand the worlds people live in.",1524.0,113.0,331.0,1253.0,49.0,False,,,@Semioticastudio
RT @HacksHackersBA: Faltan menos de 3 HORAS para que @ginocingolani y @blejman estén en VIVO resolviendo todas las dudas que tengas sobre l…,2022-08-22 19:48:56,es,,0.0,1.0,,Román Evangelista,"Basketball isn't a game; It's an art form.

Comunicación Social - UBA",4092.0,18011.0,179.0,182.0,0.0,False,,,@RomanEvangelist
"RT @HacksHackersBA: ¡3 días to go!

Se siente el primer día de la #MediaParty🎉 y acá te dejamos un hilo🧵👇 con las Keynotes y los speakers q…",2022-08-22 19:43:43,es,,0.0,7.0,,Emiliano,🧉,78952.0,13741.0,695.0,2390.0,64.0,False,,,@soyemipanelli
RT @germanfrassa: Deseando ver en vivo a @pepaurtiz rompiendo cabezas: Procesamiento de texto para análisis de contenido / Text processing…,2022-08-22 19:10:01,es,,0.0,4.0,,#NiUnaMenos 💚My berru,"entusiasta exploradora de los para qué de Internet ▪ contenidos, educación y comunicación ▪ produzco https://t.co/MTilHC8Por",4490.0,7530.0,715.0,845.0,50.0,False,,,@Myberru
RT @blejman: ¿Te convenció? #MediaParty,2022-08-22 19:09:38,es,,0.0,3.0,,#NiUnaMenos 💚My berru,"entusiasta exploradora de los para qué de Internet ▪ contenidos, educación y comunicación ▪ produzco https://t.co/MTilHC8Por",4490.0,7530.0,715.0,845.0,50.0,False,,,@Myberru
RT @blejman: ¿Te convenció? #MediaParty,2022-08-22 19:08:45,es,,0.0,3.0,,HacksHackersBA,La conferencia que revoluciona el futuro de los medios #HHBA #MediaParty · Rebooting journalism · Journalism and technology / Periodismo y tecnología,8933.0,3516.0,3357.0,10016.0,312.0,False,,,@HacksHackersBA
RT @germanfrassa: Deseando ver en vivo a @pepaurtiz rompiendo cabezas: Procesamiento de texto para análisis de contenido / Text processing…,2022-08-22 19:08:33,es,,0.0,4.0,,HacksHackersBA,La conferencia que revoluciona el futuro de los medios #HHBA #MediaParty · Rebooting journalism · Journalism and technology / Periodismo y tecnología,8933.0,3516.0,3357.0,10016.0,312.0,False,,,@HacksHackersBA
"RT @HacksHackersBA: Empieza la previa🍾 de la #MediaParty🎉 y no aguantamos al jueves que viene. 

🚀@ginocingolani y @blejman van a hacer un…",2022-08-22 19:03:52,es,,0.0,3.0,,Pat,1994 - ♋ • Estudiante de Ciencias de la Comunicación en la UBA •,7354.0,7068.0,212.0,180.0,1.0,False,,,@PaatoRoodriguez
"Faltan menos de 3 HORAS para que @ginocingolani y @blejman estén en VIVO resolviendo todas las dudas que tengas sobre la #MediaParty🎉 

¡Todo lo que querés saber, más invitados especiales!

18.30 horas por https://t.co/57PClPUrDg",2022-08-22 18:46:16,es,,2.0,1.0,,HacksHackersBA,La conferencia que revoluciona el futuro de los medios #HHBA #MediaParty · Rebooting journalism · Journalism and technology / Periodismo y tecnología,8933.0,3516.0,3357.0,10016.0,312.0,False,,,@HacksHackersBA
RT @newsproduct: ⚡️What does a product-oriented and user-centered leadership look like? And how can media organizations implement product-o…,2022-08-22 18:38:00,en,,0.0,2.0,,thefuturewasnow,"teaching @MedillSchool, formerly @Cronkite_ASU, 3x @ChicagoReporter alum, also building @govpack. ask me about @NewspackPub",11981.0,1618.0,2448.0,2098.0,133.0,False,,,@thefuturewasnow
RT @newsproduct: ⚡️What does a product-oriented and user-centered leadership look like? And how can media organizations implement product-o…,2022-08-22 18:34:08,en,,0.0,2.0,,Mariano Blejman,"CDO at Grupo Octubre, director at https://t.co/sZh8kYSguG, #MediaParty manager at @Mediafactory_vc. Knight Fellow for ICFJ. E-mail: blejman@gmail.com",22716.0,11286.0,6570.0,11249.0,487.0,False,,,@blejman
RT @newsproduct: 📌How do you successfully accelerate transformation as a media executive? @Zielina will share insights at #MediaParty 2022…,2022-08-22 18:33:30,en,,0.0,2.0,,Mariano Blejman,"CDO at Grupo Octubre, director at https://t.co/sZh8kYSguG, #MediaParty manager at @Mediafactory_vc. Knight Fellow for ICFJ. E-mail: blejman@gmail.com",22716.0,11286.0,6570.0,11249.0,487.0,False,,,@blejman
RT @germanfrassa: Deseando ver en vivo a @pepaurtiz rompiendo cabezas: Procesamiento de texto para análisis de contenido / Text processing…,2022-08-22 18:33:20,es,,0.0,4.0,,Mariano Blejman,"CDO at Grupo Octubre, director at https://t.co/sZh8kYSguG, #MediaParty manager at @Mediafactory_vc. Knight Fellow for ICFJ. E-mail: blejman@gmail.com",22716.0,11286.0,6570.0,11249.0,487.0,False,,,@blejman
"📩Workshop sobre newsletters en MediaParty📩

Este viernes (15hs), en #MediaParty, estaré dictando un workshop sobre newsletters donde trabajaremos creando boletines informativos compartiendo la experiencia en el desarrollo del newsletter 
@Redacciones5G
https://t.co/2iDH9cSG5E",2022-08-22 17:55:22,es,,5.0,2.0,,Alvaro Liuzzi,Comunicador | Profesor Universitario | Consultor en Medios | Estrategia y Producto Digital | Editor del newsletter #Redacciones5G,41789.0,13034.0,1680.0,5891.0,382.0,False,,,@alvaroliuzzi
"RT @newsproduct: 🎉🎉#MediaParty is almost here and the entire schedule is up online! 

See you there 25th onwards👀, and don't forget NPA's @…",2022-08-22 17:03:50,en,,0.0,3.0,,Anita Zielina,Driving Change in Media & Training Innovative Leaders @newmarkjschool 👩‍💻Board @newsproduct @ona @orf 🚀Alum @insead @jskstanford @nzz @sternde @derstandardat,21817.0,23132.0,5179.0,47735.0,833.0,True,,,@Zielina
"RT @HacksHackersBA: No lo decimos nosotros, lo dice @clockwerks. 

Faltan 3 días para la #MediaParty🎉 y Trei nos regala palabras ciertas pa…",2022-08-22 17:01:53,es,,0.0,2.0,,Florencia Aza 💚💫,Periodista | Directora de iniciativas estratégicas en @sembramedia | Ex @Unoar y @americatv | @ICFJ Fellow ‘18 | Docente en @ucaperiodismo,34113.0,30247.0,1468.0,2126.0,46.0,False,,,@floraza
"RT @newsproduct: 🎉🎉#MediaParty is almost here and the entire schedule is up online! 

See you there 25th onwards👀, and don't forget NPA's @…",2022-08-22 16:54:11,en,,0.0,3.0,,Elite Truong,"(e-light): @AmPress VP Product Strategy, @newsproduct board secretary, @columbiajourn Sulzberger fellow. DM me about eng + trainer contracting! 🇻🇳🌈",743.0,8688.0,2008.0,3756.0,147.0,True,,,@elitetruong
Deseando ver en vivo a @pepaurtiz rompiendo cabezas: Procesamiento de texto para análisis de contenido / Text processing for content analysis - MediaParty 2022 https://t.co/yn9QSW5uHM @hackshackersba #mediaparty @sched,2022-08-22 16:52:03,es,,4.0,4.0,,Germán Frassa,"Periodismo y producto. GDO (Ghost Digital Officer) @RELEVO. Antes en @elmundoes y @marcacom. Autor de ""Productos Digitales"" (https://t.co/FLwmOPtoAo).",9567.0,1896.0,981.0,2118.0,194.0,False,,,@germanfrassa
"📌How do you successfully accelerate transformation as a media executive? @Zielina will share insights at #MediaParty 2022👇🏽

https://t.co/V7SIK29KWs",2022-08-22 16:41:57,en,,2.0,2.0,@newsproduct,News Product Alliance,Our mission is to elevate the discipline of news product management and expand the diversity of news product thinkers in decision-making roles.,1027.0,472.0,53.0,4217.0,110.0,False,,,@newsproduct
"Don't miss a workshop by @felicarrique at #MediaParty! 

🛣️She will give a crash course on how applying product to the news field can help us develop products based on trust and information for everyone:

https://t.co/razNXMjk2q",2022-08-22 16:41:56,en,,5.0,1.0,@newsproduct,News Product Alliance,Our mission is to elevate the discipline of news product management and expand the diversity of news product thinkers in decision-making roles.,1027.0,472.0,53.0,4217.0,110.0,False,,,@newsproduct
"⚡️What does a product-oriented and user-centered leadership look like? And how can media organizations implement product-oriented leadership? 

@zielina will be giving a Keynote speech on the subject at #MediaParty 2022!

https://t.co/IZNTRHg85t",2022-08-22 16:41:56,en,,2.0,2.0,@newsproduct,News Product Alliance,Our mission is to elevate the discipline of news product management and expand the diversity of news product thinkers in decision-making roles.,1027.0,472.0,53.0,4217.0,110.0,False,,,@newsproduct
"🎉🎉#MediaParty is almost here and the entire schedule is up online! 

See you there 25th onwards👀, and don't forget NPA's @zielina, @elitetruong, and @felicarrique will be there in person too! Come say hi!👋🏽

https://t.co/SjWwWUO2yW",2022-08-22 16:41:55,en,,4.0,3.0,,News Product Alliance,Our mission is to elevate the discipline of news product management and expand the diversity of news product thinkers in decision-making roles.,1027.0,472.0,53.0,4217.0,110.0,False,,,@newsproduct
"RT @HacksHackersBA: ¡3 días to go!

Se siente el primer día de la #MediaParty🎉 y acá te dejamos un hilo🧵👇 con las Keynotes y los speakers q…",2022-08-22 16:39:54,es,,0.0,7.0,,Janine Warner,"Author, journalist, geek, entrepreneur, co-founder of @SembraMedia; Knight Fellow for the International Center for Journalists, hablo Español",5648.0,6668.0,4188.0,8896.0,470.0,True,,,@janinewarner
"RT @agusgewerc: Este jueves arranca la #MediaParty de @HacksHackersBA con charlas buenísimas sobre producto, desarrollo de audiencias y mon…",2022-08-22 16:29:29,es,,0.0,6.0,,Cenital,"Periodismo con un tiempo más.
Suscribite a nuestros newsletters ☟
https://t.co/FmLpRuzYva",6592.0,6421.0,541.0,70016.0,300.0,False,,,@cenitalcom
"RT @HacksHackersBA: No lo decimos nosotros, lo dice @clockwerks. 

Faltan 3 días para la #MediaParty🎉 y Trei nos regala palabras ciertas pa…",2022-08-22 16:24:29,es,,0.0,2.0,,Román Evangelista,"Basketball isn't a game; It's an art form.

Comunicación Social - UBA",4092.0,18011.0,179.0,182.0,0.0,False,,,@RomanEvangelist
¿Te convenció? #MediaParty https://t.co/TwrDI3GabN,2022-08-22 16:22:53,es,,4.0,3.0,,Mariano Blejman,"CDO at Grupo Octubre, director at https://t.co/sZh8kYSguG, #MediaParty manager at @Mediafactory_vc. Knight Fellow for ICFJ. E-mail: blejman@gmail.com",22716.0,11286.0,6570.0,11249.0,487.0,False,,,@blejman
"RT @agusgewerc: Este jueves arranca la #MediaParty de @HacksHackersBA con charlas buenísimas sobre producto, desarrollo de audiencias y mon…",2022-08-22 15:51:31,es,,0.0,6.0,,Ulupica 🍃,Periodista que piensa en multimedia y es feliz en las calles. Defiendo causas. Mamá de Amelia. Cumbia nena. Sueña despierta. #RedLATAM,16351.0,12567.0,1061.0,2860.0,23.0,False,,,@Ulupica96
"RT @agusgewerc: Este jueves arranca la #MediaParty de @HacksHackersBA con charlas buenísimas sobre producto, desarrollo de audiencias y mon…",2022-08-22 15:37:29,es,,0.0,6.0,,Paula Grandis,on the edge of getting (almost) right,4783.0,76795.0,1415.0,274.0,8.0,False,,,@PaulaGrandis
"RT @agusgewerc: Este jueves arranca la #MediaParty de @HacksHackersBA con charlas buenísimas sobre producto, desarrollo de audiencias y mon…",2022-08-22 15:33:26,es,,0.0,6.0,,MORA,Periodista | Comunicación Digital e Interactiva @ucaperiodismo | Content creator @zonaprop #realestate | @sostanbeatle 🚀,27092.0,30580.0,716.0,545.0,2.0,False,,,@moraviolante
"RT @agusgewerc: Este jueves arranca la #MediaParty de @HacksHackersBA con charlas buenísimas sobre producto, desarrollo de audiencias y mon…",2022-08-22 15:31:27,es,,0.0,6.0,,HacksHackersBA,La conferencia que revoluciona el futuro de los medios #HHBA #MediaParty · Rebooting journalism · Journalism and technology / Periodismo y tecnología,8933.0,3516.0,3357.0,10016.0,312.0,False,,,@HacksHackersBA
"Este jueves arranca la #MediaParty de @HacksHackersBA con charlas buenísimas sobre producto, desarrollo de audiencias y monetización, entre otros temas.

Yo voy a estar hablando un poco sobre cómo pensamos, hacemos y proyectamos el futuro en @cenitalcom 

https://t.co/dx85dcwazM",2022-08-22 15:28:06,es,,14.0,6.0,,Agustina Gewerc,Directora de producto de @cenitalcom. Antes @clarincom @a24com @LosInrocks. Pro Fellow '19 @ICFJ. Estudios internacionales @utditella.,17590.0,17903.0,867.0,5307.0,37.0,False,,,@agusgewerc
"RT @HacksHackersBA: ¡3 días to go!

Se siente el primer día de la #MediaParty🎉 y acá te dejamos un hilo🧵👇 con las Keynotes y los speakers q…",2022-08-22 15:26:18,es,,0.0,7.0,,News Product Alliance,Our mission is to elevate the discipline of news product management and expand the diversity of news product thinkers in decision-making roles.,1027.0,472.0,53.0,4217.0,110.0,False,,,@newsproduct
"RT @HacksHackersBA: En la #MediaParty 🎉 vamos a estar tocando estos temas durante todo el evento. 

Recordemos que @tocateunvals hizo el br…",2022-08-22 15:19:55,es,,0.0,1.0,,Mariano Blejman,"CDO at Grupo Octubre, director at https://t.co/sZh8kYSguG, #MediaParty manager at @Mediafactory_vc. Knight Fellow for ICFJ. E-mail: blejman@gmail.com",22716.0,11286.0,6570.0,11249.0,487.0,False,,,@blejman
"En la #MediaParty 🎉 vamos a estar tocando estos temas durante todo el evento. 

Recordemos que @tocateunvals hizo el branding de la conferencia de tres días más copada de la región y utilizó #inteligenciaartificial para crear su arte🤖🫶. 

Lee más acá: https://t.co/t4ReHeyNYb https://t.co/bLJQm2uTrR",2022-08-22 15:16:45,es,,3.0,1.0,,HacksHackersBA,La conferencia que revoluciona el futuro de los medios #HHBA #MediaParty · Rebooting journalism · Journalism and technology / Periodismo y tecnología,8933.0,3516.0,3357.0,10016.0,312.0,False,,,@HacksHackersBA
RT @carohcufre: Este jueves 25/8 con @AgusMonguillot vamos a participar en la #MediaParty para contar cómo funciona desde hace más de dos a…,2022-08-22 15:06:14,es,,0.0,3.0,,Emiliano,🧉,78952.0,13741.0,695.0,2390.0,64.0,False,,,@soyemipanelli
"No lo decimos nosotros, lo dice @clockwerks. 

Faltan 3 días para la #MediaParty🎉 y Trei nos regala palabras ciertas para describir lo que se vive cada año. 

La Media Party es mucho más que una conferencia de tres días, ¿entendés por qué? 👇

https://t.co/1D6srHXFP1 https://t.co/s1mee8W5p6",2022-08-22 15:00:24,es,,4.0,2.0,,HacksHackersBA,La conferencia que revoluciona el futuro de los medios #HHBA #MediaParty · Rebooting journalism · Journalism and technology / Periodismo y tecnología,8933.0,3516.0,3357.0,10016.0,312.0,False,,,@HacksHackersBA
"RT @HacksHackersBA: ¡3 días to go!

Se siente el primer día de la #MediaParty🎉 y acá te dejamos un hilo🧵👇 con las Keynotes y los speakers q…",2022-08-22 14:57:12,es,,0.0,7.0,,Mariano Blejman,"CDO at Grupo Octubre, director at https://t.co/sZh8kYSguG, #MediaParty manager at @Mediafactory_vc. Knight Fellow for ICFJ. E-mail: blejman@gmail.com",22716.0,11286.0,6570.0,11249.0,487.0,False,,,@blejman
RT @carohcufre: Este jueves 25/8 con @AgusMonguillot vamos a participar en la #MediaParty para contar cómo funciona desde hace más de dos a…,2022-08-22 14:57:04,es,,0.0,3.0,,Mariano Blejman,"CDO at Grupo Octubre, director at https://t.co/sZh8kYSguG, #MediaParty manager at @Mediafactory_vc. Knight Fellow for ICFJ. E-mail: blejman@gmail.com",22716.0,11286.0,6570.0,11249.0,487.0,False,,,@blejman
"RT @soyemipanelli: Buen día, llegamos a la mejor semana del año, la de #MediaParty 

@HacksHackersBA",2022-08-22 14:52:25,es,,0.0,2.0,,HacksHackersBA,La conferencia que revoluciona el futuro de los medios #HHBA #MediaParty · Rebooting journalism · Journalism and technology / Periodismo y tecnología,8933.0,3516.0,3357.0,10016.0,312.0,False,,,@HacksHackersBA
"Bueno, entre tanto alboroto el genio de @ginocingolani previando la #MediaParty🎉 con esta hermosa noticia👇 https://t.co/rXRaUw40fR",2022-08-22 14:51:52,es,,1.0,0.0,,HacksHackersBA,La conferencia que revoluciona el futuro de los medios #HHBA #MediaParty · Rebooting journalism · Journalism and technology / Periodismo y tecnología,8933.0,3516.0,3357.0,10016.0,312.0,False,,,@HacksHackersBA
RT @_anarivas: Arranca la #mediaparty en el Konex este jueves a las 9 a.m. con @clockwerks + @pilhofer https://t.co/wM5AUpidqd,2022-08-22 14:50:53,es,,0.0,2.0,,HacksHackersBA,La conferencia que revoluciona el futuro de los medios #HHBA #MediaParty · Rebooting journalism · Journalism and technology / Periodismo y tecnología,8933.0,3516.0,3357.0,10016.0,312.0,False,,,@HacksHackersBA
"RT @soyemipanelli: Buen día, llegamos a la mejor semana del año, la de #MediaParty 

@HacksHackersBA",2022-08-22 14:50:44,es,,0.0,2.0,,Mariano Blejman,"CDO at Grupo Octubre, director at https://t.co/sZh8kYSguG, #MediaParty manager at @Mediafactory_vc. Knight Fellow for ICFJ. E-mail: blejman@gmail.com",22716.0,11286.0,6570.0,11249.0,487.0,False,,,@blejman
"RT @ICFJ: It’s getting close! ICFJ is headed to #MediaParty in Buenos Aires! Will you be there? If so, check out our web3 and journalism tr…",2022-08-22 14:49:02,en,,0.0,4.0,,HacksHackersBA,La conferencia que revoluciona el futuro de los medios #HHBA #MediaParty · Rebooting journalism · Journalism and technology / Periodismo y tecnología,8933.0,3516.0,3357.0,10016.0,312.0,False,,,@HacksHackersBA
RT @_anarivas: Arranca la #mediaparty en el Konex este jueves a las 9 a.m. con @clockwerks + @pilhofer https://t.co/wM5AUpidqd,2022-08-22 14:48:20,es,,0.0,2.0,,Mariano Blejman,"CDO at Grupo Octubre, director at https://t.co/sZh8kYSguG, #MediaParty manager at @Mediafactory_vc. Knight Fellow for ICFJ. E-mail: blejman@gmail.com",22716.0,11286.0,6570.0,11249.0,487.0,False,,,@blejman
"Buen día, llegamos a la mejor semana del año, la de #MediaParty 

@HacksHackersBA",2022-08-22 14:44:56,es,,3.0,2.0,,Emiliano,🧉,78952.0,13741.0,695.0,2390.0,64.0,False,,,@soyemipanelli
"RT @HacksHackersBA: ¡3 días to go!

Se siente el primer día de la #MediaParty🎉 y acá te dejamos un hilo🧵👇 con las Keynotes y los speakers q…",2022-08-22 14:36:32,es,,0.0,7.0,,Román Evangelista,"Basketball isn't a game; It's an art form.

Comunicación Social - UBA",4092.0,18011.0,179.0,182.0,0.0,False,,,@RomanEvangelist
"It’s getting close! ICFJ is headed to #MediaParty in Buenos Aires! Will you be there? If so, check out our web3 and journalism track at @HacksHackersBA in partnership with @decentraland. It’s part of Leap, our news innovation lab:  https://t.co/Kwibp3u0Uv https://t.co/gdRJ3g5NYz",2022-08-22 14:30:19,en,,6.0,4.0,,International Center for Journalists,The International Center for Journalists (ICFJ) is a nonprofit that supports the truth tellers. Follow our @IJNet and @ICFJKnight accounts. #ItTakesAJournalist,50248.0,5955.0,1920.0,99452.0,2348.0,True,,,@ICFJ
"Este jueves 25/8 con @AgusMonguillot vamos a participar en la #MediaParty para contar cómo funciona desde hace más de dos años la ""Usina"" remota de videos digitales de @telefenoticias 📹

Pueden ver la agenda completa acá https://t.co/zTF52RB10d",2022-08-22 14:29:23,es,,8.0,3.0,,Caro Hernández Cufré,Periodista y content creator en @telefenoticias ◘ TV Host ◘ Creé https://t.co/JiayoEeFBx ◘ Parte de lo que hago/hice está en mi tuit fijado,18416.0,9235.0,1926.0,5038.0,68.0,False,,,@carohcufre
"RT @Totalmedios_com: Esta semana llega la 10° edición de #MediaParty 
@HacksHackersBA 

https://t.co/6857CftDoY https://t.co/Lt3wq3ij4C",2022-08-22 14:07:44,es,,0.0,1.0,,HacksHackersBA,La conferencia que revoluciona el futuro de los medios #HHBA #MediaParty · Rebooting journalism · Journalism and technology / Periodismo y tecnología,8933.0,3516.0,3357.0,10016.0,312.0,False,,,@HacksHackersBA
"RT @azirulnick: Finally making it to #MediaParty to chat membership, 1 year after @membershippzzle came to an end, and throwing in a lightn…",2022-08-22 14:06:41,en,,0.0,2.0,,HacksHackersBA,La conferencia que revoluciona el futuro de los medios #HHBA #MediaParty · Rebooting journalism · Journalism and technology / Periodismo y tecnología,8933.0,3516.0,3357.0,10016.0,312.0,False,,,@HacksHackersBA
"RT @HacksHackersBA: ¡3 días to go!

Se siente el primer día de la #MediaParty🎉 y acá te dejamos un hilo🧵👇 con las Keynotes y los speakers q…",2022-08-22 13:44:05,es,,0.0,7.0,,Enzo Evangelista,Ciencias de la Comunicación 📚,10353.0,1843.0,1989.0,2780.0,6.0,False,,,@enzotomas96
"Esto es nada más y nada menos que las primeras 4 horas de la #MediaParty🎉, intenso ¿cierto?

Es gratis, es presencial, es actualidad e internacional ¿Qué más querés?

Estamos chochos con este line up, podés ver el resto de la programación o inscribirte en https://t.co/1D6srHXFP1",2022-08-22 13:27:07,es,,3.0,0.0,@HacksHackersBA,HacksHackersBA,La conferencia que revoluciona el futuro de los medios #HHBA #MediaParty · Rebooting journalism · Journalism and technology / Periodismo y tecnología,8933.0,3516.0,3357.0,10016.0,312.0,False,,,@HacksHackersBA
"¡3 días to go!

Se siente el primer día de la #MediaParty🎉 y acá te dejamos un hilo🧵👇 con las Keynotes y los speakers que van a estar abriendo el evento el 25 de agosto.🫶 

Desde las 9 hasta las 12.30 vamos a estar escuchando a los referentes más grosos. ¿Preparados?😍👇 https://t.co/DB1SJc5sC6",2022-08-22 13:26:56,es,,9.0,7.0,,HacksHackersBA,La conferencia que revoluciona el futuro de los medios #HHBA #MediaParty · Rebooting journalism · Journalism and technology / Periodismo y tecnología,8933.0,3516.0,3357.0,10016.0,312.0,False,,,@HacksHackersBA
"RT @azirulnick: Finally making it to #MediaParty to chat membership, 1 year after @membershippzzle came to an end, and throwing in a lightn…",2022-08-22 13:23:32,en,,0.0,2.0,,Ashley Suh Alvarado (she/her),"@KPCC @LAist VP, community engagement + strategic initiatives | @JTMStream prez | @ONA board | @USCAnnenberg grad | #UnheardLA | @LetsGatherIn",34881.0,15677.0,2107.0,6655.0,293.0,True,,,@AshleyAlvarado
"Finally making it to #MediaParty to chat membership, 1 year after @membershippzzle came to an end, and throwing in a lightning talk on @KPCC @LAist's climate emergency HCD research, too. Looking forward to being back in Buenos Aires this week! https://t.co/RPh4ebYwyc",2022-08-22 13:23:16,en,,18.0,2.0,,Ariel Zirulnick,"Air-ree-ELLE. She/her. @KPCC @LAist Senior Editor, Community Engagement. Prior: @membershippzzle, @newtropicmiami, journo in Kenya, @csmonitor. Miamian always.",15227.0,3174.0,3723.0,4103.0,185.0,False,,,@azirulnick
RT @clockwerks: Absolutely psyched to be back in Buenos Aires for #mediaparty with a bunch of other awesome speakers and the most friendly…,2022-08-22 13:12:32,en,,0.0,7.0,,Gino Cingolani  🌋,"DAO Product @decentraland @DecentralandDAO, Teaching @DatosUBA, @HacksHackersBA MediaParty // Mashup analógicodigital // Las opiniones son mías // He-him",23915.0,25457.0,1625.0,4291.0,105.0,False,,,@ginocingolani
Arranca la #mediaparty en el Konex este jueves a las 9 a.m. con @clockwerks + @pilhofer https://t.co/wM5AUpidqd,2022-08-22 13:08:31,es,,3.0,2.0,,Ana Rivas,"Data Visualization / Graphics Reporter 
Prev @WSJGraphics The Wall Street Journal; @FulbrightPrgrm @BostonGlobe @COMatBU @LNUTDT @filo_uba; @anarivasWSJ",5500.0,9678.0,3095.0,1798.0,69.0,False,,,@_anarivas
"Esta semana llega la 10° edición de #MediaParty 
@HacksHackersBA 

https://t.co/6857CftDoY https://t.co/Lt3wq3ij4C",2022-08-22 13:00:11,es,,2.0,1.0,,TOTALMEDIOS,"Publicidad, Marketing y Medios - Mediakits - Tarifas Publicitarias - Insta: https://t.co/5B4nTDMDDl Face: https://t.co/is7b5x4mLL Hosted by @latincloudcom",41874.0,4218.0,1664.0,6452.0,182.0,False,,,@Totalmedios_com
@clockwerks We are absolutely happy to have you at #MediaParty🎉! Welcome to Argentina!!!!,2022-08-22 01:45:25,en,,2.0,0.0,@clockwerks,HacksHackersBA,La conferencia que revoluciona el futuro de los medios #HHBA #MediaParty · Rebooting journalism · Journalism and technology / Periodismo y tecnología,8933.0,3516.0,3357.0,10016.0,312.0,False,,,@HacksHackersBA
RT @clockwerks: Absolutely psyched to be back in Buenos Aires for #mediaparty with a bunch of other awesome speakers and the most friendly…,2022-08-22 00:42:44,en,,0.0,7.0,,Emiliano,🧉,78952.0,13741.0,695.0,2390.0,64.0,False,,,@soyemipanelli
"RT @ICFJ: Join us at #MediaParty! We will be sponsoring a web3 &amp; journalism track at @HacksHackersBA in Buenos Aires. With @decentraland, w…",2022-08-22 00:39:59,en,,0.0,2.0,,Emiliano,🧉,78952.0,13741.0,695.0,2390.0,64.0,False,,,@soyemipanelli
"RT @PCopelmayer: Este jueves voy a estar de speaker en la MediaParty, hablando sobre @FuturiaDAO, la web3 y sus potencial en el periodismo.…",2022-08-22 00:21:58,es,,0.0,4.0,,#NiUnaMenos 💚My berru,"entusiasta exploradora de los para qué de Internet ▪ contenidos, educación y comunicación ▪ produzco https://t.co/MTilHC8Por",4490.0,7530.0,715.0,845.0,50.0,False,,,@Myberru
"Veo q está a full la organización del #MediaParty y recuerdo q hace muuuuchos años en uno de los primeros, unos pibes presentaron un proyecto basado en poder transmitir en vivo (en YouTube). Sonaba loquísimo. Visionarixs es poco.",2022-08-22 00:19:50,es,,3.0,1.0,,Maru B.,detallista cuando me conviene,30537.0,180188.0,898.0,3152.0,51.0,False,,,@RutaDestr0y
"RT @patriciamunoz_s: #MediaParty, cuenta regresiva...",2022-08-22 00:17:49,es,,0.0,2.0,,Mariano Blejman,"CDO at Grupo Octubre, director at https://t.co/sZh8kYSguG, #MediaParty manager at @Mediafactory_vc. Knight Fellow for ICFJ. E-mail: blejman@gmail.com",22716.0,11286.0,6569.0,11246.0,487.0,False,,,@blejman
"RT @HacksHackersBA: Lo venís sintiendo, lo venís deseando ¡Llega la #MediaParty🎉 a recordarnos sus 10 años!

El 25, 26 y 27 de agosto en el…",2022-08-22 00:16:49,es,,0.0,4.0,,Mariano Blejman,"CDO at Grupo Octubre, director at https://t.co/sZh8kYSguG, #MediaParty manager at @Mediafactory_vc. Knight Fellow for ICFJ. E-mail: blejman@gmail.com",22716.0,11286.0,6569.0,11246.0,487.0,False,,,@blejman
RT @JournoDao: Quick Sunday shout-out to our founding supporters @PhotureApp @FactlandDAO @UnlockProtocol who now have a home at our home.…,2022-08-22 00:16:21,en,,0.0,9.0,,Mariano Blejman,"CDO at Grupo Octubre, director at https://t.co/sZh8kYSguG, #MediaParty manager at @Mediafactory_vc. Knight Fellow for ICFJ. E-mail: blejman@gmail.com",22716.0,11286.0,6569.0,11246.0,487.0,False,,,@blejman
"RT @HacksHackersBA: Es el domingo perfecto para estudiar la programación de la #MediaParty🎉

👉🏼Las actividades son gratuitas y no hace falt…",2022-08-22 00:15:33,es,,0.0,4.0,,Mariano Blejman,"CDO at Grupo Octubre, director at https://t.co/sZh8kYSguG, #MediaParty manager at @Mediafactory_vc. Knight Fellow for ICFJ. E-mail: blejman@gmail.com",22716.0,11286.0,6569.0,11246.0,487.0,False,,,@blejman
"RT @PCopelmayer: Este jueves voy a estar de speaker en la MediaParty, hablando sobre @FuturiaDAO, la web3 y sus potencial en el periodismo.…",2022-08-22 00:15:27,es,,0.0,4.0,,Mariano Blejman,"CDO at Grupo Octubre, director at https://t.co/sZh8kYSguG, #MediaParty manager at @Mediafactory_vc. Knight Fellow for ICFJ. E-mail: blejman@gmail.com",22716.0,11286.0,6569.0,11246.0,487.0,False,,,@blejman
RT @clockwerks: Absolutely psyched to be back in Buenos Aires for #mediaparty with a bunch of other awesome speakers and the most friendly…,2022-08-22 00:13:58,en,,0.0,7.0,,Mariano Blejman,"CDO at Grupo Octubre, director at https://t.co/sZh8kYSguG, #MediaParty manager at @Mediafactory_vc. Knight Fellow for ICFJ. E-mail: blejman@gmail.com",22716.0,11286.0,6569.0,11246.0,487.0,False,,,@blejman
"RT @PCopelmayer: Este jueves voy a estar de speaker en la MediaParty, hablando sobre @FuturiaDAO, la web3 y sus potencial en el periodismo.…",2022-08-21 23:44:43,es,,0.0,4.0,,HacksHackersBA,La conferencia que revoluciona el futuro de los medios #HHBA #MediaParty · Rebooting journalism · Journalism and technology / Periodismo y tecnología,8933.0,3516.0,3357.0,10016.0,312.0,False,,,@HacksHackersBA
RT @clockwerks: Absolutely psyched to be back in Buenos Aires for #mediaparty with a bunch of other awesome speakers and the most friendly…,2022-08-21 23:44:29,en,,0.0,7.0,,HacksHackersBA,La conferencia que revoluciona el futuro de los medios #HHBA #MediaParty · Rebooting journalism · Journalism and technology / Periodismo y tecnología,8933.0,3516.0,3357.0,10016.0,312.0,False,,,@HacksHackersBA
"RT @HacksHackersBA: Hola comunidad! 

Solo paso a recordarles que mañana lunes a las 18.30 horas vamos a estar en VIVO para manijearnos con…",2022-08-21 23:35:41,es,,0.0,3.0,,Ulupica 🍃,Periodista que piensa en multimedia y es feliz en las calles. Defiendo causas. Mamá de Amelia. Cumbia nena. Sueña despierta. #RedLATAM,16351.0,12567.0,1061.0,2860.0,23.0,False,,,@Ulupica96
"RT @HacksHackersBA: Es el domingo perfecto para estudiar la programación de la #MediaParty🎉

👉🏼Las actividades son gratuitas y no hace falt…",2022-08-21 23:27:12,es,,0.0,4.0,,Román Evangelista,"Basketball isn't a game; It's an art form.

Comunicación Social - UBA",4092.0,18011.0,179.0,182.0,0.0,False,,,@RomanEvangelist
"RT @HacksHackersBA: Es el domingo perfecto para estudiar la programación de la #MediaParty🎉

👉🏼Las actividades son gratuitas y no hace falt…",2022-08-21 23:26:14,es,,0.0,4.0,,C.Fernández Moores 💚,Periodista de viajes / blogger en Periodistas Viajeros @pviajeros / #MediaParty Producer,22861.0,15273.0,7696.0,7393.0,194.0,False,,,@carolafmoores
RT @clockwerks: Absolutely psyched to be back in Buenos Aires for #mediaparty with a bunch of other awesome speakers and the most friendly…,2022-08-21 22:32:20,en,,0.0,7.0,,#NiUnaMenos 💚My berru,"entusiasta exploradora de los para qué de Internet ▪ contenidos, educación y comunicación ▪ produzco https://t.co/MTilHC8Por",4490.0,7530.0,715.0,845.0,50.0,False,,,@Myberru
"RT @PCopelmayer: Este jueves voy a estar de speaker en la MediaParty, hablando sobre @FuturiaDAO, la web3 y sus potencial en el periodismo.…",2022-08-21 22:23:30,es,,0.0,4.0,,Ciudadana,"Potenciamos el diálogo relacionándonos con la ciudadanía de forma horizontal y creando mensajes claros. Así, hacemos comunicación ciudadana innovadora.",480.0,416.0,387.0,1438.0,8.0,False,,,@hablaciudadana
Absolutely psyched to be back in Buenos Aires for #mediaparty with a bunch of other awesome speakers and the most friendly attendees from all around the world. Such good energy! https://t.co/oKHm6O67kw,2022-08-21 22:23:08,en,,45.0,7.0,,Trei Brundrett,cofounder/advisor @voxmedia; board @TexasTribune + @OpenNews + @McDonaldObs; Astros fan not sorry; I’m from Texas,13764.0,12758.0,2478.0,6689.0,274.0,True,,,@clockwerks
"RT @blejman: Ya son más de 1500 inscriptos a https://t.co/E0wvg0cc2Z Todavía quedan seis días. Anotate, apurate, llegá temprano. #MediaParty",2022-08-21 22:02:31,es,,0.0,4.0,,Emiliano,🧉,78952.0,13741.0,695.0,2390.0,64.0,False,,,@soyemipanelli
RT @HacksHackersBA: ¡Que el laburo no sea excusa! Se viene la #MediaParty🎉 y también la MediaOffice o Juernes MediaFlex ¿se te ocurre algun…,2022-08-21 21:39:16,es,,0.0,8.0,,Gala Cacchione 🍒,"A veces productora, de vez en cuando conductora, cuando quiero periodista.  
Tengo un blogcito tecno.

 Ex Nacional rock 93.7 ♥️",4970.0,4940.0,967.0,1740.0,20.0,False,,,@Gala_chip
"Este jueves voy a estar de speaker en la MediaParty, hablando sobre @FuturiaDAO, la web3 y sus potencial en el periodismo. Pueden anotarse a la charla acá abajo 👇

https://t.co/mTLLfuPXSO @hackshackersba #mediaparty @sched",2022-08-21 21:34:35,es,,8.0,4.0,,copelmayer.eth,Salvo el mundo en @broliuy. Consultor digital/compol en @hablaciudadana. Comercial de @lemonde_uy. Escribo de crypto/econ en @ladiaria. Coordino @futuriadao.,9939.0,6711.0,2786.0,1704.0,9.0,False,,,@PCopelmayer
"RT @HacksHackersBA: Hola comunidad! 

Solo paso a recordarles que mañana lunes a las 18.30 horas vamos a estar en VIVO para manijearnos con…",2022-08-21 21:12:59,es,,0.0,3.0,,Mariano Blejman,"CDO at Grupo Octubre, director at https://t.co/sZh8kYSguG, #MediaParty manager at @Mediafactory_vc. Knight Fellow for ICFJ. E-mail: blejman@gmail.com",22716.0,11286.0,6569.0,11246.0,487.0,False,,,@blejman
"RT @HacksHackersBA: Es el domingo perfecto para estudiar la programación de la #MediaParty🎉

👉🏼Las actividades son gratuitas y no hace falt…",2022-08-21 20:42:05,es,,0.0,4.0,,#NiUnaMenos 💚My berru,"entusiasta exploradora de los para qué de Internet ▪ contenidos, educación y comunicación ▪ produzco https://t.co/MTilHC8Por",4490.0,7530.0,715.0,845.0,50.0,False,,,@Myberru
"Es el domingo perfecto para estudiar la programación de la #MediaParty🎉

👉🏼Las actividades son gratuitas y no hace falta que te anotes a cada una de ellas, solo con la inscripción al evento es suficiente

👉🏼Este año el evento es solo presencial

Mirá👉🏼 https://t.co/PdDj36UgBP",2022-08-21 20:15:14,es,,3.0,4.0,,HacksHackersBA,La conferencia que revoluciona el futuro de los medios #HHBA #MediaParty · Rebooting journalism · Journalism and technology / Periodismo y tecnología,8933.0,3516.0,3357.0,10016.0,312.0,False,,,@HacksHackersBA
"RT @HacksHackersBA: Hola comunidad! 

Solo paso a recordarles que mañana lunes a las 18.30 horas vamos a estar en VIVO para manijearnos con…",2022-08-21 20:12:37,es,,0.0,3.0,,Román Evangelista,"Basketball isn't a game; It's an art form.

Comunicación Social - UBA",4092.0,18011.0,179.0,182.0,0.0,False,,,@RomanEvangelist
"Hola comunidad! 

Solo paso a recordarles que mañana lunes a las 18.30 horas vamos a estar en VIVO para manijearnos con la previa de la #MediaParty🎉

@ginocingolani y @blejman van a estar contando todo lo que querés saber🙌🏼

Sumate en 👉🏼 https://t.co/57PClQc2uO https://t.co/n0eGnCMUDm",2022-08-21 19:36:46,es,,3.0,3.0,,HacksHackersBA,La conferencia que revoluciona el futuro de los medios #HHBA #MediaParty · Rebooting journalism · Journalism and technology / Periodismo y tecnología,8933.0,3516.0,3357.0,10016.0,312.0,False,,,@HacksHackersBA
"RT @ICFJ: Join us at #MediaParty! We will be sponsoring a web3 &amp; journalism track at @HacksHackersBA in Buenos Aires. With @decentraland, w…",2022-08-21 18:25:04,en,,0.0,2.0,,HacksHackersBA,La conferencia que revoluciona el futuro de los medios #HHBA #MediaParty · Rebooting journalism · Journalism and technology / Periodismo y tecnología,8933.0,3516.0,3357.0,10016.0,312.0,False,,,@HacksHackersBA
RT @JournoDao: Quick Sunday shout-out to our founding supporters @PhotureApp @FactlandDAO @UnlockProtocol who now have a home at our home.…,2022-08-21 18:01:19,en,,0.0,9.0,,ianwilkinson.eth,Ocean Lifeguard | #Web3,271.0,3215.0,961.0,945.0,4.0,False,,,@ianwilkinson0
RT @HacksHackersBA: ¡Que el laburo no sea excusa! Se viene la #MediaParty🎉 y también la MediaOffice o Juernes MediaFlex ¿se te ocurre algun…,2022-08-21 17:52:43,es,,0.0,8.0,,#NiUnaMenos 💚My berru,"entusiasta exploradora de los para qué de Internet ▪ contenidos, educación y comunicación ▪ produzco https://t.co/MTilHC8Por",4490.0,7530.0,715.0,845.0,50.0,False,,,@Myberru
RT @JournoDao: Getting excited for #MediaParty in Buenos Aires in just a few days! https://t.co/JSEyH0PGzv,2022-08-21 17:51:42,en,,0.0,3.0,,#NiUnaMenos 💚My berru,"entusiasta exploradora de los para qué de Internet ▪ contenidos, educación y comunicación ▪ produzco https://t.co/MTilHC8Por",4490.0,7530.0,715.0,845.0,50.0,False,,,@Myberru
RT @ezraeeman: I'm excited to present 5 lenses for media transformation / 5 lentes para la transformación de los medios at MediaParty 2022…,2022-08-21 17:43:40,es,,0.0,5.0,,C.Fernández Moores 💚,Periodista de viajes / blogger en Periodistas Viajeros @pviajeros / #MediaParty Producer,22861.0,15273.0,7696.0,7393.0,194.0,False,,,@carolafmoores
RT @patriciamunoz_s: #MediaParty #expectativas,2022-08-21 17:38:08,und,,0.0,1.0,,Mariano Blejman,"CDO at Grupo Octubre, director at https://t.co/sZh8kYSguG, #MediaParty manager at @Mediafactory_vc. Knight Fellow for ICFJ. E-mail: blejman@gmail.com",22716.0,11286.0,6569.0,11246.0,487.0,False,,,@blejman
RT @JournoDao: Quick Sunday shout-out to our founding supporters @PhotureApp @FactlandDAO @UnlockProtocol who now have a home at our home.…,2022-08-21 17:15:50,en,,0.0,9.0,,Web3Bot,"I am a bot, I will retweet ""everything"" with #Web3. Maintained by @BeforeMintNFT",300871.0,2.0,3.0,2291.0,11.0,False,,,@TheWeb3Bot
RT @JournoDao: Quick Sunday shout-out to our founding supporters @PhotureApp @FactlandDAO @UnlockProtocol who now have a home at our home.…,2022-08-21 17:15:44,en,,0.0,9.0,,evnhsn.eth,"Director, Twitter Curation. Co-Founder, https://t.co/tX6mfhpYST, a nonprofit Web3 DAO aiming to build a trustless verification layer for the Internet.",6837.0,2092.0,1972.0,9342.0,621.0,False,,,@evnhsn
RT @JournoDao: Quick Sunday shout-out to our founding supporters @PhotureApp @FactlandDAO @UnlockProtocol who now have a home at our home.…,2022-08-21 17:15:12,en,,0.0,9.0,,Factland DAO,"A token-based platform that incentivizes fact-finding, critical reasoning, and emergent truth.",114.0,63.0,123.0,69.0,3.0,False,,,@FactlandDAO
#MediaParty #oradores https://t.co/7DEcWgQkTQ,2022-08-21 17:10:34,und,,0.0,0.0,,Patricia,"Mamá de Nico, Paloma y Tomi. Periodista, comunicadora social, con espíritu emprendedor, proactiva y siempre en lucha (la profesión así lo demanda)",4070.0,798.0,1573.0,606.0,5.0,False,,,@patriciamunoz_s
#MediaParty https://t.co/94B1qiCIvh,2022-08-21 17:09:51,und,,0.0,0.0,,Patricia,"Mamá de Nico, Paloma y Tomi. Periodista, comunicadora social, con espíritu emprendedor, proactiva y siempre en lucha (la profesión así lo demanda)",4070.0,798.0,1573.0,606.0,5.0,False,,,@patriciamunoz_s
#MediaParty #expectativas https://t.co/QDFmEPJr0L,2022-08-21 17:09:24,und,,2.0,1.0,,Patricia,"Mamá de Nico, Paloma y Tomi. Periodista, comunicadora social, con espíritu emprendedor, proactiva y siempre en lucha (la profesión así lo demanda)",4070.0,798.0,1573.0,606.0,5.0,False,,,@patriciamunoz_s
"#MediaParty, cuenta regresiva... https://t.co/w5WXYawIpU",2022-08-21 17:07:56,es,,2.0,2.0,,Patricia,"Mamá de Nico, Paloma y Tomi. Periodista, comunicadora social, con espíritu emprendedor, proactiva y siempre en lucha (la profesión así lo demanda)",4070.0,798.0,1573.0,606.0,5.0,False,,,@patriciamunoz_s
RT @JournoDao: Getting excited for #MediaParty in Buenos Aires in just a few days! https://t.co/JSEyH0PGzv,2022-08-21 16:41:05,en,,0.0,3.0,,EricMack.eth,"Upgrading journalism @JournoDAO \ Also This Is Marriage Podcast \ @CNET contrib. editor, @Forbes contributor \ Tips: ericcmack@protonmail.com",7684.0,1234.0,2926.0,7938.0,325.0,True,,,@EricCMack
Getting excited for #MediaParty in Buenos Aires in just a few days! https://t.co/JSEyH0PGzv,2022-08-21 16:40:41,en,,15.0,3.0,,JournoDAO,Let’s buy a newspaper together. Maybe even the paper in YOUR town. Then let’s use web3 tools to make it better than ever.,323.0,311.0,409.0,480.0,21.0,False,,,@JournoDao
"Join us at #MediaParty! We will be sponsoring a web3 &amp; journalism track at @HacksHackersBA in Buenos Aires. With @decentraland, we’ll host keynotes, workshops and lightning talks + a two-day hackathon for attendees to get inspired and build prototypes: https://t.co/Kwibp3u0Uv https://t.co/Pf0MFTV0tn",2022-08-21 16:00:35,en,,1.0,2.0,,International Center for Journalists,The International Center for Journalists (ICFJ) is a nonprofit that supports the truth tellers. Follow our @IJNet and @ICFJKnight accounts. #ItTakesAJournalist,50248.0,5955.0,1920.0,99452.0,2348.0,True,,,@ICFJ
RT @JournoDao: Quick Sunday shout-out to our founding supporters @PhotureApp @FactlandDAO @UnlockProtocol who now have a home at our home.…,2022-08-21 15:25:30,en,,0.0,9.0,,Photure,"The Decentralized Global News Network 🗞 // Backed by @TachyonAccel 🚀, @ProtocolLabs ⛓",288.0,479.0,121.0,4158.0,3.0,False,,,@PhotureApp
RT @JournoDao: Quick Sunday shout-out to our founding supporters @PhotureApp @FactlandDAO @UnlockProtocol who now have a home at our home.…,2022-08-21 15:25:12,en,,0.0,9.0,,Web3 Pulse,By @KrittanawongMD. Our mission: Establish standards that the web3 community can stand behind. We Tweets about #Web3 and retweet daily.,81544.0,0.0,3.0,1877.0,16.0,False,,,@TheWeb3Pulse
Quick Sunday shout-out to our founding supporters @PhotureApp @FactlandDAO @UnlockProtocol who now have a home at our home. Will also be spreading the good #web3 word at #MediaParty in Argentina this week! https://t.co/jqgEPQFuu3,2022-08-21 15:24:49,en,,13.0,9.0,,JournoDAO,Let’s buy a newspaper together. Maybe even the paper in YOUR town. Then let’s use web3 tools to make it better than ever.,323.0,311.0,409.0,480.0,21.0,False,,,@JournoDao
RT @ezraeeman: I'm excited to present 5 lenses for media transformation / 5 lentes para la transformación de los medios at MediaParty 2022…,2022-08-21 13:12:18,es,,0.0,5.0,,Emiliano,🧉,78952.0,13741.0,695.0,2390.0,64.0,False,,,@soyemipanelli
RT @ezraeeman: I'm excited to present 5 lenses for media transformation / 5 lentes para la transformación de los medios at MediaParty 2022…,2022-08-21 12:02:04,es,,0.0,5.0,,HacksHackersBA,La conferencia que revoluciona el futuro de los medios #HHBA #MediaParty · Rebooting journalism · Journalism and technology / Periodismo y tecnología,8933.0,3516.0,3357.0,10016.0,312.0,False,,,@HacksHackersBA
RT @ezraeeman: I'm excited to present 5 lenses for media transformation / 5 lentes para la transformación de los medios at MediaParty 2022…,2022-08-21 11:29:27,es,,0.0,5.0,,Mariano Blejman,"CDO at Grupo Octubre, director at https://t.co/sZh8kYSguG, #MediaParty manager at @Mediafactory_vc. Knight Fellow for ICFJ. E-mail: blejman@gmail.com",22716.0,11286.0,6570.0,11249.0,487.0,False,,,@blejman
I'm excited to present 5 lenses for media transformation / 5 lentes para la transformación de los medios at MediaParty 2022 https://t.co/gHgc4g48fx @hackshackersba #mediaparty @sched,2022-08-21 07:12:37,es,,11.0,5.0,,Ezra Eeman,"🚀Change Director at Mediahuis. Stories & Strategy @Journalism2ls, Work/Life/Pleasure: Brussels - Tokyo - New York.",14411.0,4704.0,1890.0,4126.0,231.0,False,,,@ezraeeman
"RT @desiresantander: 📍Plus en Buenos Aires: la próxima semana se celebra, presencialmente, la 10ma conferencia de medios #MediaParty, con p…",2022-08-20 23:38:05,es,,0.0,2.0,,HacksHackersBA,La conferencia que revoluciona el futuro de los medios #HHBA #MediaParty · Rebooting journalism · Journalism and technology / Periodismo y tecnología,8933.0,3516.0,3357.0,10016.0,312.0,False,,,@HacksHackersBA
"📍Plus en Buenos Aires: la próxima semana se celebra, presencialmente, la 10ma conferencia de medios #MediaParty, con ponentes internacionales, es uno de los eventos más esperado por los periodistas.

3 días de mucha info sobre el futuro de los medios 👇🏻
https://t.co/kKnuvzGoMj",2022-08-20 23:04:25,es,,10.0,2.0,@desiresantander,Desiré Santander,📰Cuasi periodista. Periodismo de datos en @infobae.,1670.0,4926.0,657.0,270.0,1.0,False,,,@desiresantander
"RT @HacksHackersBA: Lo venís sintiendo, lo venís deseando ¡Llega la #MediaParty🎉 a recordarnos sus 10 años!

El 25, 26 y 27 de agosto en el…",2022-08-20 19:15:46,es,,0.0,4.0,,Román Evangelista,"Basketball isn't a game; It's an art form.

Comunicación Social - UBA",4092.0,18011.0,179.0,182.0,0.0,False,,,@RomanEvangelist
"RT @HacksHackersBA: Empieza la previa🍾 de la #MediaParty🎉 y no aguantamos al jueves que viene. 

🚀@ginocingolani y @blejman van a hacer un…",2022-08-20 19:15:32,es,,0.0,3.0,,Román Evangelista,"Basketball isn't a game; It's an art form.

Comunicación Social - UBA",4092.0,18011.0,179.0,182.0,0.0,False,,,@RomanEvangelist
Nice to have you around #mediaparty the 9th maravilla https://t.co/U0wHCAdH3j,2022-08-20 16:44:03,en,,4.0,0.0,,Mariano Blejman,"CDO at Grupo Octubre, director at https://t.co/sZh8kYSguG, #MediaParty manager at @Mediafactory_vc. Knight Fellow for ICFJ. E-mail: blejman@gmail.com",22716.0,11286.0,6570.0,11249.0,487.0,False,,,@blejman
RT @schtev69: #MediaParty  🇨🇳 https://t.co/U4rsxQVml8,2022-08-20 16:43:56,und,,0.0,1.0,,“Free Radical” Marv,Dot connecting truth seeker. Nana; “If you can’t say anything nice..” never said “evil is made possible by good people doing nothing!” - RAISE your VOICE! 🤨,44314.0,108764.0,239.0,316.0,0.0,False,,,@FreeRadicalMarv
"RT @HacksHackersBA: Empieza la previa🍾 de la #MediaParty🎉 y no aguantamos al jueves que viene. 

🚀@ginocingolani y @blejman van a hacer un…",2022-08-20 16:43:03,es,,0.0,3.0,,Mariano Blejman,"CDO at Grupo Octubre, director at https://t.co/sZh8kYSguG, #MediaParty manager at @Mediafactory_vc. Knight Fellow for ICFJ. E-mail: blejman@gmail.com",22716.0,11286.0,6570.0,11249.0,487.0,False,,,@blejman
Solve real problems at https://t.co/KV0WyKuof7 #mediaparty https://t.co/RHAgSs5GDn,2022-08-20 16:42:24,en,,0.0,0.0,,Mariano Blejman,"CDO at Grupo Octubre, director at https://t.co/sZh8kYSguG, #MediaParty manager at @Mediafactory_vc. Knight Fellow for ICFJ. E-mail: blejman@gmail.com",22716.0,11286.0,6570.0,11249.0,487.0,False,,,@blejman
"Empieza la previa🍾 de la #MediaParty🎉 y no aguantamos al jueves que viene. 

🚀@ginocingolani y @blejman van a hacer un vivo el lunes 22 de agosto a las 18.30hs. 

Invitados especiales y todo lo que tenés que saber sobre el evento del año.

Conectate en https://t.co/57PClPUrDg https://t.co/I4Uu8UFg0w",2022-08-20 16:41:44,es,,11.0,3.0,,HacksHackersBA,La conferencia que revoluciona el futuro de los medios #HHBA #MediaParty · Rebooting journalism · Journalism and technology / Periodismo y tecnología,8933.0,3516.0,3357.0,10016.0,312.0,False,,,@HacksHackersBA
#MediaParty  🇨🇳 https://t.co/3FAjGCfrhJ https://t.co/U4rsxQVml8,2022-08-20 16:18:03,und,,0.0,1.0,,🇨🇦Schtev🇨🇦,🇨🇦/✡/⭐️Democracy/🆓markets/🆓speech/#Pierre4PM/⭐Pro🇮🇱🕊& ☮️/Zionist/❌ Trudeau / #EndTheMandates /Exposing antisemitism🕵🏻‍♂️,81502.0,79433.0,2187.0,3239.0,112.0,False,,,@schtev69
"RT @HacksHackersBA: Lo venís sintiendo, lo venís deseando ¡Llega la #MediaParty🎉 a recordarnos sus 10 años!

El 25, 26 y 27 de agosto en el…",2022-08-20 15:01:43,es,,0.0,4.0,,Enzo Evangelista,Ciencias de la Comunicación 📚,10353.0,1843.0,1989.0,2780.0,6.0,False,,,@enzotomas96
"RT @HacksHackersBA: Lo venís sintiendo, lo venís deseando ¡Llega la #MediaParty🎉 a recordarnos sus 10 años!

El 25, 26 y 27 de agosto en el…",2022-08-20 14:56:57,es,,0.0,4.0,,PDA,CTO & Co founder de @tuquejasuma,9776.0,36181.0,970.0,850.0,26.0,False,,,@arkatPDA
"Lo venís sintiendo, lo venís deseando ¡Llega la #MediaParty🎉 a recordarnos sus 10 años!

El 25, 26 y 27 de agosto en el @CCKonex te espera el evento que revoluciona los medios.

Presencial y sin streaming, nos encontramos nuevamente.

Inscribite ¡GRATIS!
https://t.co/1D6srHXFP1 https://t.co/V9ax3H8KgC",2022-08-20 14:39:00,es,,11.0,4.0,,HacksHackersBA,La conferencia que revoluciona el futuro de los medios #HHBA #MediaParty · Rebooting journalism · Journalism and technology / Periodismo y tecnología,8933.0,3516.0,3357.0,10016.0,312.0,False,,,@HacksHackersBA
"RT @blejman: Ya son más de 1500 inscriptos a https://t.co/E0wvg0cc2Z Todavía quedan seis días. Anotate, apurate, llegá temprano. #MediaParty",2022-08-20 14:22:51,es,,0.0,4.0,,🧡 deimidis 💚,"Comunicador Social, maquetador de páginas web, software libre

#MozillaHispano
#Web
#HHBA

GPG: 2438 6C0A 348F 7618 1485 8A18 688D 2AAE 13D1 CA7A",27898.0,1200.0,876.0,2089.0,114.0,False,,,@deimidis
"RT @ICFJ: It’s getting close! ICFJ is headed to #MediaParty in Buenos Aires! Will you be there? If so, check out our web3 and journalism tr…",2022-08-20 13:45:43,en,,0.0,2.0,,HacksHackersBA,La conferencia que revoluciona el futuro de los medios #HHBA #MediaParty · Rebooting journalism · Journalism and technology / Periodismo y tecnología,8933.0,3516.0,3357.0,10016.0,312.0,False,,,@HacksHackersBA
"RT @Zielina: Are you at #mediaparty in Buenos Aires next week? ⚡️Let’s chat about media leadership, management, change and product strategy…",2022-08-20 13:39:55,en,,0.0,2.0,,#NiUnaMenos 💚My berru,"entusiasta exploradora de los para qué de Internet ▪ contenidos, educación y comunicación ▪ produzco https://t.co/MTilHC8Por",4490.0,7530.0,715.0,845.0,50.0,False,,,@Myberru
"RT @miguelpaz: Si asistes a #mediaparty en Buenos Aires la semana que viene y trabajas en suscripciones y membresías, o tienes interés en e…",2022-08-20 13:35:02,es,,0.0,8.0,,Emiliano,🧉,78952.0,13741.0,695.0,2390.0,64.0,False,,,@soyemipanelli
"RT @ICFJ: It’s getting close! ICFJ is headed to #MediaParty in Buenos Aires! Will you be there? If so, check out our web3 and journalism tr…",2022-08-20 10:04:13,en,,0.0,2.0,,Undral Amarsaikhan,CEO @TengerTV | Co-Founder @UnreadToday | Part of @GlobalShapers @TeamMongolia |,16319.0,7285.0,1123.0,11355.0,85.0,False,,,@uundaa
"It’s getting close! ICFJ is headed to #MediaParty in Buenos Aires! Will you be there? If so, check out our web3 and journalism track at @HacksHackersBA in partnership with @decentraland. It’s part of Leap, our news innovation lab:  https://t.co/Kwibp3u0Uv https://t.co/xGB2fnLrG1",2022-08-20 10:00:03,en,,2.0,2.0,,International Center for Journalists,The International Center for Journalists (ICFJ) is a nonprofit that supports the truth tellers. Follow our @IJNet and @ICFJKnight accounts. #ItTakesAJournalist,50248.0,5955.0,1920.0,99452.0,2348.0,True,,,@ICFJ
"RT @miguelpaz: Si asistes a #mediaparty en Buenos Aires la semana que viene y trabajas en suscripciones y membresías, o tienes interés en e…",2022-08-20 04:11:39,es,,0.0,8.0,,Ariel Zirulnick,"Air-ree-ELLE. She/her. @KPCC @LAist Senior Editor, Community Engagement. Prior: @membershippzzle, @newtropicmiami, journo in Kenya, @csmonitor. Miamian always.",15227.0,3174.0,3723.0,4103.0,185.0,False,,,@azirulnick
RT @HacksHackersBA: ¡Que el laburo no sea excusa! Se viene la #MediaParty🎉 y también la MediaOffice o Juernes MediaFlex ¿se te ocurre algun…,2022-08-20 04:05:44,es,,0.0,8.0,,Gino Cingolani  🌋,"DAO Product @decentraland @DecentralandDAO, Teaching @DatosUBA, @HacksHackersBA MediaParty // Mashup analógicodigital // Las opiniones son mías // He-him",23915.0,25457.0,1625.0,4291.0,105.0,False,,,@ginocingolani
"RT @Zielina: Are you at #mediaparty in Buenos Aires next week? ⚡️Let’s chat about media leadership, management, change and product strategy…",2022-08-20 03:58:07,en,,0.0,2.0,,Mariano Blejman,"CDO at Grupo Octubre, director at https://t.co/sZh8kYSguG, #MediaParty manager at @Mediafactory_vc. Knight Fellow for ICFJ. E-mail: blejman@gmail.com",22716.0,11286.0,6569.0,11246.0,487.0,False,,,@blejman
"RT @miguelpaz: Si asistes a #mediaparty en Buenos Aires la semana que viene y trabajas en suscripciones y membresías, o tienes interés en e…",2022-08-20 03:57:47,es,,0.0,8.0,,Mariano Blejman,"CDO at Grupo Octubre, director at https://t.co/sZh8kYSguG, #MediaParty manager at @Mediafactory_vc. Knight Fellow for ICFJ. E-mail: blejman@gmail.com",22716.0,11286.0,6569.0,11246.0,487.0,False,,,@blejman
RT @HacksHackersBA: ¡Que el laburo no sea excusa! Se viene la #MediaParty🎉 y también la MediaOffice o Juernes MediaFlex ¿se te ocurre algun…,2022-08-20 03:57:17,es,,0.0,8.0,,Mariano Blejman,"CDO at Grupo Octubre, director at https://t.co/sZh8kYSguG, #MediaParty manager at @Mediafactory_vc. Knight Fellow for ICFJ. E-mail: blejman@gmail.com",22716.0,11286.0,6569.0,11246.0,487.0,False,,,@blejman
"RT @DAarambillet: Este jueves se viene un ALTO taller en la #MediaParty cc @xhgMattia @fcoel @iksoviet @luchipaint 🤩

No se lo pueden perde…",2022-08-20 02:27:27,es,,0.0,2.0,,Flor Coelho,Capitana @emojidelmate_ok 🧉 / Proud @JSKStanford @LNdata & @LNnaturaleza. #hhba #neverstoplearning,58722.0,67517.0,7703.0,11923.0,444.0,True,,,@fcoel
"RT @miguelpaz: Si asistes a #mediaparty en Buenos Aires la semana que viene y trabajas en suscripciones y membresías, o tienes interés en e…",2022-08-20 02:21:29,es,,0.0,8.0,,#NiUnaMenos 💚My berru,"entusiasta exploradora de los para qué de Internet ▪ contenidos, educación y comunicación ▪ produzco https://t.co/MTilHC8Por",4490.0,7530.0,715.0,845.0,50.0,False,,,@Myberru
"RT @tincho_for_ever: Buenas, estamos haciendo un experimeto muy falopa para #MediaParty, necesitamos 2 fotos de algun@s personas.... si te…",2022-08-20 02:21:03,es,,0.0,3.0,,#NiUnaMenos 💚My berru,"entusiasta exploradora de los para qué de Internet ▪ contenidos, educación y comunicación ▪ produzco https://t.co/MTilHC8Por",4490.0,7530.0,715.0,845.0,50.0,False,,,@Myberru
"RT @blejman: Ya son más de 1500 inscriptos a https://t.co/E0wvg0cc2Z Todavía quedan seis días. Anotate, apurate, llegá temprano. #MediaParty",2022-08-20 01:06:30,es,,0.0,4.0,,Gaston Serralta,"Co-Founder & CEO @Dosunos, https://t.co/JwJrCvOwgy #PapaDeAstorTaniaySimon #DigitalMedia #UX #Technology #DigitalProducts ❤️ 👉 @lalielede",4143.0,465.0,279.0,430.0,25.0,False,,,@gserralta
"RT @HacksHackersBA: ¡Es viernes y tus ganas de #MediaParty🎉 lo saben!

Solo faltan 6 días, vení y decile no al FOMO🤖 
 
Levante la mano qui…",2022-08-19 23:54:25,es,,0.0,4.0,,Román Evangelista,"Basketball isn't a game; It's an art form.

Comunicación Social - UBA",4092.0,18011.0,179.0,182.0,0.0,False,,,@RomanEvangelist
RT @HacksHackersBA: ¡Que el laburo no sea excusa! Se viene la #MediaParty🎉 y también la MediaOffice o Juernes MediaFlex ¿se te ocurre algun…,2022-08-19 23:54:15,es,,0.0,8.0,,Román Evangelista,"Basketball isn't a game; It's an art form.

Comunicación Social - UBA",4092.0,18011.0,179.0,182.0,0.0,False,,,@RomanEvangelist
"RT @miguelpaz: Si asistes a #mediaparty en Buenos Aires la semana que viene y trabajas en suscripciones y membresías, o tienes interés en e…",2022-08-19 23:03:34,es,,0.0,8.0,,BA Snyder,in love with journalism & comms | third culture kid | ✌️❤️🌮 | @vgmarketingpr founder | https://t.co/HJzIEpdlsX co-founder | she/her/ella,37634.0,32943.0,5002.0,3751.0,206.0,False,,,@TheBAsnyder
"RT @aldyvales: En una semanita con @carlanudel vamos a dar este taller en la #MediaParty y vamos a hablar de:

🔎 Investigación de audiencia…",2022-08-19 23:01:05,es,,0.0,3.0,,PymesOnCloud,,5344.0,3329.0,227.0,138.0,8.0,False,,,@pymesoncloud
RT @HacksHackersBA: ¡Que el laburo no sea excusa! Se viene la #MediaParty🎉 y también la MediaOffice o Juernes MediaFlex ¿se te ocurre algun…,2022-08-19 23:00:51,es,,0.0,8.0,,aletecno,Periodista Tecnología🎙👷🏻Ingeniero Industrial UTN  🤸‍♂️ Papá ⚽️ @pasionlama #PrimeraC y de 1 💙 fana del #SEO #afiliados #eSports 🎶 📢 #Prensa 🎤 #eDayAr,102514.0,146552.0,8876.0,9754.0,541.0,False,,,@aletecno
RT @blejman: Buenísima está quedando la programación de #MediaParty pasen y vean https://t.co/MgMkotsfpz,2022-08-19 22:59:48,es,,0.0,1.0,,HacksHackersBA,La conferencia que revoluciona el futuro de los medios #HHBA #MediaParty · Rebooting journalism · Journalism and technology / Periodismo y tecnología,8933.0,3516.0,3357.0,10016.0,312.0,False,,,@HacksHackersBA
"RT @cecibeca: “La audiencia no debe dictar el contenido, ni los periodistas aumentar clics porque sí”, dice @chrismoranuk, director de Inno…",2022-08-19 22:59:43,es,,0.0,1.0,,HacksHackersBA,La conferencia que revoluciona el futuro de los medios #HHBA #MediaParty · Rebooting journalism · Journalism and technology / Periodismo y tecnología,8933.0,3516.0,3357.0,10016.0,312.0,False,,,@HacksHackersBA
"RT @aldyvales: En una semanita con @carlanudel vamos a dar este taller en la #MediaParty y vamos a hablar de:

🔎 Investigación de audiencia…",2022-08-19 22:59:30,es,,0.0,3.0,,HacksHackersBA,La conferencia que revoluciona el futuro de los medios #HHBA #MediaParty · Rebooting journalism · Journalism and technology / Periodismo y tecnología,8933.0,3516.0,3357.0,10016.0,312.0,False,,,@HacksHackersBA
"RT @tincho_for_ever: Buenas, estamos haciendo un experimeto muy falopa para #MediaParty, necesitamos 2 fotos de algun@s personas.... si te…",2022-08-19 22:59:11,es,,0.0,3.0,,HacksHackersBA,La conferencia que revoluciona el futuro de los medios #HHBA #MediaParty · Rebooting journalism · Journalism and technology / Periodismo y tecnología,8933.0,3516.0,3357.0,10016.0,312.0,False,,,@HacksHackersBA
"RT @miguelpaz: Si asistes a #mediaparty en Buenos Aires la semana que viene y trabajas en suscripciones y membresías, o tienes interés en e…",2022-08-19 22:58:49,es,,0.0,8.0,,HacksHackersBA,La conferencia que revoluciona el futuro de los medios #HHBA #MediaParty · Rebooting journalism · Journalism and technology / Periodismo y tecnología,8933.0,3516.0,3357.0,10016.0,312.0,False,,,@HacksHackersBA
RT @soyemipanelli: Que linda estara este año la #MediaParty,2022-08-19 22:58:32,es,,0.0,1.0,,HacksHackersBA,La conferencia que revoluciona el futuro de los medios #HHBA #MediaParty · Rebooting journalism · Journalism and technology / Periodismo y tecnología,8933.0,3516.0,3357.0,10016.0,312.0,False,,,@HacksHackersBA
Que linda estara este año la #MediaParty,2022-08-19 22:57:51,es,,6.0,1.0,,Emiliano,🧉,78952.0,13741.0,695.0,2390.0,64.0,False,,,@soyemipanelli
"RT @DAarambillet: Este jueves se viene un ALTO taller en la #MediaParty cc @xhgMattia @fcoel @iksoviet @luchipaint 🤩

No se lo pueden perde…",2022-08-19 22:57:06,es,,0.0,2.0,,HacksHackersBA,La conferencia que revoluciona el futuro de los medios #HHBA #MediaParty · Rebooting journalism · Journalism and technology / Periodismo y tecnología,8933.0,3516.0,3357.0,10016.0,312.0,False,,,@HacksHackersBA
"RT @alvaroliuzzi: Newsletter: de concepto a producto (8 ideas para diseñar, desarrollar, publicar y monetizar tu boletín de contenidos) at…",2022-08-19 22:50:36,es,,0.0,1.0,,HacksHackersBA,La conferencia que revoluciona el futuro de los medios #HHBA #MediaParty · Rebooting journalism · Journalism and technology / Periodismo y tecnología,8933.0,3516.0,3357.0,10016.0,312.0,False,,,@HacksHackersBA
"Newsletter: de concepto a producto (8 ideas para diseñar, desarrollar, publicar y monetizar tu boletín de contenidos) at MediaParty 2022 https://t.co/M7GyknY7AW @hackshackersba #mediaparty @sched",2022-08-19 22:35:29,es,,7.0,1.0,,Alvaro Liuzzi,Comunicador | Profesor Universitario | Consultor en Medios | Estrategia y Producto Digital | Editor del newsletter #Redacciones5G,41789.0,13034.0,1680.0,5891.0,382.0,False,,,@alvaroliuzzi
"Este jueves se viene un ALTO taller en la #MediaParty cc @xhgMattia @fcoel @iksoviet @luchipaint 🤩

No se lo pueden perder 🚀 https://t.co/gVp8LoNY5V",2022-08-19 22:30:19,es,,10.0,2.0,,Delfina Arambillet,"Data, Learning & Diversity @Globant | Global Shaper @GlobalShapersBA @WEF | Former @LNdata | @SalzburgGlobal fellow | Lecturer @UCAPeriodismo | I love 🐶🍷🚀🌄",11108.0,16901.0,1707.0,1718.0,31.0,True,,,@DAarambillet
"Comunidad! Queremos saber👉🏼 qué nombre le pondrías al espacio de co-working de la #MediaParty🎉 

¿Vas a venir?✨",2022-08-19 21:36:44,es,,3.0,0.0,,HacksHackersBA,La conferencia que revoluciona el futuro de los medios #HHBA #MediaParty · Rebooting journalism · Journalism and technology / Periodismo y tecnología,8933.0,3516.0,3357.0,10016.0,312.0,False,,,@HacksHackersBA
"RT @ICFJ: Join us at #MediaParty! We will be sponsoring a web3 &amp; journalism track at @HacksHackersBA in Buenos Aires. With @decentraland, w…",2022-08-19 21:01:34,en,,0.0,2.0,,ILAB Panamá,Labotario de Investigación de  Panamá.  Un proyecto del @ICFJ,2076.0,19.0,59.0,51.0,1.0,False,,,@IlabPanama
RT @HacksHackersBA: ¡Que el laburo no sea excusa! Se viene la #MediaParty🎉 y también la MediaOffice o Juernes MediaFlex ¿se te ocurre algun…,2022-08-19 19:50:48,es,,0.0,8.0,,Nati Carfi 💜,ED at @opendatacharter - #GobiernoAbierto #Ogov #opendata #datosabiertos y #RiverPlate- comments here are my own 💜,31168.0,35362.0,2369.0,4115.0,241.0,False,,,@naticarfi
"¡Que el laburo no sea excusa! Se viene la #MediaParty🎉 y también la MediaOffice o Juernes MediaFlex ¿se te ocurre alguna otra forma de llamarlo?🌝

Hay alta velocidad de internet garantizada⚡️ 

📍25, 26 y 27 de agosto en @CCKonex 

Inscribite gratis en https://t.co/1D6srIfgGz https://t.co/kqODtpS1Pt",2022-08-19 19:45:14,es,,7.0,8.0,,HacksHackersBA,La conferencia que revoluciona el futuro de los medios #HHBA #MediaParty · Rebooting journalism · Journalism and technology / Periodismo y tecnología,8933.0,3516.0,3357.0,10016.0,312.0,False,,,@HacksHackersBA
"RT @HacksHackersBA: ¡Es viernes y tus ganas de #MediaParty🎉 lo saben!

Solo faltan 6 días, vení y decile no al FOMO🤖 
 
Levante la mano qui…",2022-08-19 17:19:49,es,,0.0,4.0,,Mariano Blejman,"CDO at Grupo Octubre, director at https://t.co/sZh8kYSguG, #MediaParty manager at @Mediafactory_vc. Knight Fellow for ICFJ. E-mail: blejman@gmail.com",22716.0,11286.0,6569.0,11246.0,487.0,False,,,@blejman
"RT @miguelpaz: Si asistes a #mediaparty en Buenos Aires la semana que viene y trabajas en suscripciones y membresías, o tienes interés en e…",2022-08-19 17:18:07,es,,0.0,8.0,,Martín Rabaglia,"Magia @genoshans. #creativity and #tech, #tvshows and #movies too.
#digitalfalopa ON Hincha de #Spiderman, #xmen y #dbz.",60735.0,75295.0,2031.0,2058.0,220.0,False,,,@tincho_for_ever
"RT @miguelpaz: Si asistes a #mediaparty en Buenos Aires la semana que viene y trabajas en suscripciones y membresías, o tienes interés en e…",2022-08-19 17:15:26,es,,0.0,8.0,,Reveniu,Maximiza tus ingresos de pagos recurrentes de forma automatizada. Con tarjetas de débito y crédito. 🤑🤟,496.0,140.0,854.0,473.0,3.0,False,,,@reveniuhq
"Si asistes a #mediaparty en Buenos Aires la semana que viene y trabajas en suscripciones y membresías, o tienes interés en eso, hablemos. / If you are attending https://t.co/2f0lPG99Au in Buenos Aires next week and work in subscriptions &amp; memberships, let's talk 🤩👌🚀",2022-08-19 17:14:36,es,,11.0,8.0,,Miguel Paz,Fundador & CEO @Reveniuhq. Periodista. Antes @fcomuc @periodismouai @newmarkjschool @niemanfdn @bkcharvard @icfj @Poderopedia @ElMostrador,57211.0,7847.0,7991.0,43593.0,1000.0,False,,,@miguelpaz
"RT @Leo_Vazquez2000: #MediaParty 2022 | Vuelve la conferencia de periodismo digital más importante de la región https://t.co/ZUiO8npARq
Por…",2022-08-19 17:00:19,es,,0.0,2.0,,Leonardo Vazquez,"Informático y militante, parte del equipo de desarrollo de La Izquierda Diario (y cuando puedo escribo algo sobre tecnología).",3252.0,3001.0,704.0,599.0,9.0,False,,,@Leo_Vazquez2000
"RT @blejman: Ya son más de 1500 inscriptos a https://t.co/E0wvg0cc2Z Todavía quedan seis días. Anotate, apurate, llegá temprano. #MediaParty",2022-08-19 16:03:35,es,,0.0,4.0,,PDA,CTO & Co founder de @tuquejasuma,9776.0,36181.0,970.0,850.0,26.0,False,,,@arkatPDA
"RT @HacksHackersBA: ¡Es viernes y tus ganas de #MediaParty🎉 lo saben!

Solo faltan 6 días, vení y decile no al FOMO🤖 
 
Levante la mano qui…",2022-08-19 15:52:28,es,,0.0,4.0,,C.Fernández Moores 💚,Periodista de viajes / blogger en Periodistas Viajeros @pviajeros / #MediaParty Producer,22861.0,15273.0,7696.0,7393.0,194.0,False,,,@carolafmoores
"RT @Indomita_Media: ¡Más buenas noticias! Fuimos seleccionadas para participar en la #MediaParty de @HacksHackersBA en Argentina. 

Estarem…",2022-08-19 15:34:17,es,,0.0,9.0,,Guido Bajaña Yude,📷🎥,16922.0,7370.0,924.0,1128.0,10.0,False,,,@Guidoba
"RT @HacksHackersBA: ¡Es viernes y tus ganas de #MediaParty🎉 lo saben!

Solo faltan 6 días, vení y decile no al FOMO🤖 
 
Levante la mano qui…",2022-08-19 14:55:01,es,,0.0,4.0,,Enzo Evangelista,Ciencias de la Comunicación 📚,10353.0,1843.0,1989.0,2780.0,6.0,False,,,@enzotomas96
"Ya son más de 1500 inscriptos a https://t.co/E0wvg0cc2Z Todavía quedan seis días. Anotate, apurate, llegá temprano. #MediaParty",2022-08-19 14:53:49,es,,2.0,4.0,,Mariano Blejman,"CDO at Grupo Octubre, director at https://t.co/sZh8kYSguG, #MediaParty manager at @Mediafactory_vc. Knight Fellow for ICFJ. E-mail: blejman@gmail.com",22716.0,11286.0,6569.0,11246.0,487.0,False,,,@blejman
"¡Es viernes y tus ganas de #MediaParty🎉 lo saben!

Solo faltan 6 días, vení y decile no al FOMO🤖 
 
Levante la mano quien ya está en el #Discord para seguir ampliando esta hermosa comunidad. 

¿No te sumaste todavía? Acá te dejo el link👉https://t.co/KwE3wUOd6p https://t.co/2vQprV8r2c",2022-08-19 13:37:00,es,,5.0,4.0,,HacksHackersBA,La conferencia que revoluciona el futuro de los medios #HHBA #MediaParty · Rebooting journalism · Journalism and technology / Periodismo y tecnología,8933.0,3516.0,3357.0,10016.0,312.0,False,,,@HacksHackersBA
"RT @ICFJ: Join us at #MediaParty! We will be sponsoring a web3 &amp; journalism track at @HacksHackersBA in Buenos Aires. With @decentraland, w…",2022-08-19 13:24:08,en,,0.0,2.0,,HacksHackersBA,La conferencia que revoluciona el futuro de los medios #HHBA #MediaParty · Rebooting journalism · Journalism and technology / Periodismo y tecnología,8933.0,3516.0,3357.0,10016.0,312.0,False,,,@HacksHackersBA
"Are you at #mediaparty in Buenos Aires next week? ⚡️Let’s chat about media leadership, management, change and product strategy! Thank you @blejman for inviting me to give a keynote on leadership and a workshop on transformation management 💪 https://t.co/O26dZE4CzN",2022-08-19 12:49:42,en,US,6.0,2.0,,Anita Zielina,Driving Change in Media & Training Innovative Leaders @newmarkjschool 👩‍💻Board @newsproduct @ona @orf 🚀Alum @insead @jskstanford @nzz @sternde @derstandardat,21817.0,23132.0,5179.0,47735.0,833.0,True,,,@Zielina
"RT @HacksHackersBA: 🚀¡Lanzamos el #Discord de la #MediaParty🎉!

Los diez primeros en sumarse tienen premio, no digas que no te avisé!😍

Sum…",2022-08-19 12:03:45,es,,0.0,5.0,,teuss,My real name is Tea I Designer I Actress I datalover I TeaSommelier (((pasajera en tránsito perpetuo))),23556.0,45657.0,5002.0,2619.0,190.0,False,,,@teuss
"RT @caleidoscopica: Amigues, estoy muy feliz porque están pasando cosas lindas con @Indomita_Media. La próxima semana estaré en Buenos Aire…",2022-08-19 11:45:37,es,,0.0,7.0,,David Aguirre,"Uso coronas de flores, leo mucho, escribo poco, veo lo suficiente, escucho lo necesario. Todo me aburre",56930.0,18838.0,1902.0,2125.0,15.0,False,,,@TheDavidAguirre
"Join us at #MediaParty! We will be sponsoring a web3 &amp; journalism track at @HacksHackersBA in Buenos Aires. With @decentraland, we’ll host keynotes, workshops and lightning talks + a two-day hackathon for attendees to get inspired and build prototypes: https://t.co/Kwibp3u0Uv https://t.co/6oIJL9e8N5",2022-08-19 10:00:43,en,,4.0,2.0,,International Center for Journalists,The International Center for Journalists (ICFJ) is a nonprofit that supports the truth tellers. Follow our @IJNet and @ICFJKnight accounts. #ItTakesAJournalist,50248.0,5955.0,1920.0,99452.0,2348.0,True,,,@ICFJ
"RT @caleidoscopica: Amigues, estoy muy feliz porque están pasando cosas lindas con @Indomita_Media. La próxima semana estaré en Buenos Aire…",2022-08-19 04:11:28,es,,0.0,7.0,,Solange Rodríguez Pappe,Imaginatio vera,28953.0,7232.0,580.0,3258.0,0.0,False,,,@HembraDragon
"Y a vos ya te saludó Hackersito? 
SUMATE! 

#MediaParty  #Discord https://t.co/g3A0Rfg8B8 https://t.co/yCTrHrNyyl",2022-08-19 02:23:53,es,,2.0,0.0,,HacksHackersBA,La conferencia que revoluciona el futuro de los medios #HHBA #MediaParty · Rebooting journalism · Journalism and technology / Periodismo y tecnología,8933.0,3516.0,3357.0,10016.0,312.0,False,,,@HacksHackersBA
"RT @caleidoscopica: Amigues, estoy muy feliz porque están pasando cosas lindas con @Indomita_Media. La próxima semana estaré en Buenos Aire…",2022-08-19 01:56:08,es,,0.0,7.0,,Teresa Mosquera,,193239.0,494.0,120.0,301.0,0.0,False,,,@TereMosquera
"RT @HacksHackersBA: 🚀¡Lanzamos el #Discord de la #MediaParty🎉!

Los diez primeros en sumarse tienen premio, no digas que no te avisé!😍

Sum…",2022-08-18 23:54:25,es,,0.0,5.0,,Mariano Blejman,"CDO at Grupo Octubre, director at https://t.co/sZh8kYSguG, #MediaParty manager at @Mediafactory_vc. Knight Fellow for ICFJ. E-mail: blejman@gmail.com",22716.0,11286.0,6569.0,11246.0,487.0,False,,,@blejman
"RT @HacksHackersBA: 🚀¡Lanzamos el #Discord de la #MediaParty🎉!

Los diez primeros en sumarse tienen premio, no digas que no te avisé!😍

Sum…",2022-08-18 23:36:48,es,,0.0,5.0,,Román Evangelista,"Basketball isn't a game; It's an art form.

Comunicación Social - UBA",4092.0,18011.0,179.0,182.0,0.0,False,,,@RomanEvangelist
"RT @HacksHackersBA: 🚀¡Lanzamos el #Discord de la #MediaParty🎉!

Los diez primeros en sumarse tienen premio, no digas que no te avisé!😍

Sum…",2022-08-18 23:34:49,es,,0.0,5.0,,"Lía 🛡️🛡️🛡️ (🐻‍❄️,💻)",e҉t҉e҉r҉n҉a҉l҉ ҉s҉t҉u҉d҉e҉n҉t҉ ₥₳₭ł₦₲ ₳Ɽ₮ 2 Ɇ₳Ɽ₦ ₳₮ @artbagnft 🟣👁 pair ᔕᕼE//ᕼEᖇ - gocheck @DeSciReport @DeSciWorld,715.0,3211.0,1084.0,187.0,3.0,False,,,@imgacevi
"🚀¡Lanzamos el #Discord de la #MediaParty🎉!

Los diez primeros en sumarse tienen premio, no digas que no te avisé!😍

Sumate acá, conectá con esta bella comunidad y viví el evento de forma distinta en la Web3👇
https://t.co/KwE3wV5OuZ https://t.co/dBu1Lf3Jo3",2022-08-18 23:28:00,es,,11.0,5.0,,HacksHackersBA,La conferencia que revoluciona el futuro de los medios #HHBA #MediaParty · Rebooting journalism · Journalism and technology / Periodismo y tecnología,8933.0,3516.0,3357.0,10016.0,312.0,False,,,@HacksHackersBA
"“La audiencia no debe dictar el contenido, ni los periodistas aumentar clics porque sí”, dice @chrismoranuk, director de Innovación del @guardian a @meliceci, en un anticipo de lo que será su charla en la #MediaParty de @HacksHackersBA
https://t.co/3HfpYhWjeB",2022-08-18 22:26:25,es,,7.0,1.0,,Cecilia Becaría,"Periodista, uruguaya, jefa de Internacionales en @AgenciaTelam. Antes: editora senior en @agencia_dpa | fact-checking en @AfpFactual | editora en @elDiarioAR",4205.0,6297.0,1719.0,1159.0,25.0,True,,,@cecibeca
"RT @HacksHackersBA: El jueves que viene a esta hora vamos a estar en el @CCKonex escuchando las Keynotes.😍

¡Ya está disponible toda la pro…",2022-08-18 21:48:54,es,,0.0,4.0,,Mariano Blejman,"CDO at Grupo Octubre, director at https://t.co/sZh8kYSguG, #MediaParty manager at @Mediafactory_vc. Knight Fellow for ICFJ. E-mail: blejman@gmail.com",22716.0,11286.0,6569.0,11246.0,487.0,False,,,@blejman
"RT @meliceci: Chris Moran: “La audiencia no debe dictar el contenido, ni los periodistas aumentar clics porque sí”

Entrevisté al responsab…",2022-08-18 21:48:49,es,,0.0,2.0,,Mariano Blejman,"CDO at Grupo Octubre, director at https://t.co/sZh8kYSguG, #MediaParty manager at @Mediafactory_vc. Knight Fellow for ICFJ. E-mail: blejman@gmail.com",22716.0,11286.0,6569.0,11246.0,487.0,False,,,@blejman
"RT @ICFJ: Join us at #MediaParty! We will be sponsoring a web3 &amp; journalism track at @HacksHackersBA in Buenos Aires. With @decentraland, w…",2022-08-18 21:38:35,en,,0.0,3.0,,Mariano Blejman,"CDO at Grupo Octubre, director at https://t.co/sZh8kYSguG, #MediaParty manager at @Mediafactory_vc. Knight Fellow for ICFJ. E-mail: blejman@gmail.com",22716.0,11286.0,6569.0,11246.0,487.0,False,,,@blejman
"RT @HacksHackersBA: 8 días para la #MediaParty 🎉 y en la apertura va a estar el gran @pilhofer 

Director de innovación periodística en @TU…",2022-08-18 19:15:06,es,,0.0,2.0,,Hacks/Hackers,"Journalism x technology, tweets from the media revolution",2792.0,691.0,515.0,18110.0,955.0,False,,,@HacksHackers
"It’s getting close! ICFJ is headed to #MediaParty in Buenos Aires! Will you be there? If so, check out our web3 and journalism track at @HacksHackersBA in partnership with @decentraland. It’s part of Leap, our news innovation lab ✨:  https://t.co/Kwibp3u0Uv https://t.co/VBRHanBegK",2022-08-18 19:00:48,en,,5.0,0.0,,International Center for Journalists,The International Center for Journalists (ICFJ) is a nonprofit that supports the truth tellers. Follow our @IJNet and @ICFJKnight accounts. #ItTakesAJournalist,50248.0,5955.0,1920.0,99452.0,2348.0,True,,,@ICFJ
"RT @caleidoscopica: Amigues, estoy muy feliz porque están pasando cosas lindas con @Indomita_Media. La próxima semana estaré en Buenos Aire…",2022-08-18 18:18:01,es,,0.0,7.0,,HacksHackersBA,La conferencia que revoluciona el futuro de los medios #HHBA #MediaParty · Rebooting journalism · Journalism and technology / Periodismo y tecnología,8933.0,3516.0,3357.0,10016.0,312.0,False,,,@HacksHackersBA
"RT @Indomita_Media: ¡Más buenas noticias! Fuimos seleccionadas para participar en la #MediaParty de @HacksHackersBA en Argentina. 

Estarem…",2022-08-18 18:17:59,es,,0.0,9.0,,HacksHackersBA,La conferencia que revoluciona el futuro de los medios #HHBA #MediaParty · Rebooting journalism · Journalism and technology / Periodismo y tecnología,8933.0,3516.0,3357.0,10016.0,312.0,False,,,@HacksHackersBA
"RT @ClaraAttene: @xhgMattia @DAarambillet @felicarrique Oh, what a beautiful bunch of people! 😉 Enjoy #MediaParty !",2022-08-18 18:16:47,en,,0.0,1.0,,Mariano Blejman,"CDO at Grupo Octubre, director at https://t.co/sZh8kYSguG, #MediaParty manager at @Mediafactory_vc. Knight Fellow for ICFJ. E-mail: blejman@gmail.com",22716.0,11286.0,6569.0,11246.0,487.0,False,,,@blejman
"RT @aldyvales: En una semanita con @carlanudel vamos a dar este taller en la #MediaParty y vamos a hablar de:

🔎 Investigación de audiencia…",2022-08-18 18:16:33,es,,0.0,3.0,,Mariano Blejman,"CDO at Grupo Octubre, director at https://t.co/sZh8kYSguG, #MediaParty manager at @Mediafactory_vc. Knight Fellow for ICFJ. E-mail: blejman@gmail.com",22716.0,11286.0,6569.0,11246.0,487.0,False,,,@blejman
"RT @caleidoscopica: Amigues, estoy muy feliz porque están pasando cosas lindas con @Indomita_Media. La próxima semana estaré en Buenos Aire…",2022-08-18 18:16:26,es,,0.0,7.0,,Mariano Blejman,"CDO at Grupo Octubre, director at https://t.co/sZh8kYSguG, #MediaParty manager at @Mediafactory_vc. Knight Fellow for ICFJ. E-mail: blejman@gmail.com",22716.0,11286.0,6569.0,11246.0,487.0,False,,,@blejman
"RT @Indomita_Media: ¡Más buenas noticias! Fuimos seleccionadas para participar en la #MediaParty de @HacksHackersBA en Argentina. 

Estarem…",2022-08-18 18:16:23,es,,0.0,9.0,,Mariano Blejman,"CDO at Grupo Octubre, director at https://t.co/sZh8kYSguG, #MediaParty manager at @Mediafactory_vc. Knight Fellow for ICFJ. E-mail: blejman@gmail.com",22716.0,11286.0,6569.0,11246.0,487.0,False,,,@blejman
"RT @tincho_for_ever: Buenas, estamos haciendo un experimeto muy falopa para #MediaParty, necesitamos 2 fotos de algun@s personas.... si te…",2022-08-18 18:16:18,es,,0.0,3.0,,Mariano Blejman,"CDO at Grupo Octubre, director at https://t.co/sZh8kYSguG, #MediaParty manager at @Mediafactory_vc. Knight Fellow for ICFJ. E-mail: blejman@gmail.com",22716.0,11286.0,6569.0,11246.0,487.0,False,,,@blejman
"RT @meedan: We are just one week away from #MediaParty in Buenos Aires! Excited for Meedanis @pierreconti, @DwightKnell, and @JennaC_Sherma…",2022-08-18 18:16:15,en,,0.0,3.0,,Mariano Blejman,"CDO at Grupo Octubre, director at https://t.co/sZh8kYSguG, #MediaParty manager at @Mediafactory_vc. Knight Fellow for ICFJ. E-mail: blejman@gmail.com",22716.0,11286.0,6569.0,11246.0,487.0,False,,,@blejman
"En una semanita con @carlanudel vamos a dar este taller en la #MediaParty y vamos a hablar de:

🔎 Investigación de audiencias
📊 Encuestas
💬 Entrevistas
📱 Pruebas de usabilidad

Vengan que también vamos a tener post-its de colores y mucho para charlar.
https://t.co/9X2KJmviI5",2022-08-18 17:46:00,es,,8.0,3.0,,Aldana Vales,"Audience research @theatlantic | I cannot promise I'll smile, but I can promise I'll try",22293.0,31471.0,1393.0,2973.0,37.0,False,,,@aldyvales
"RT @caleidoscopica: Amigues, estoy muy feliz porque están pasando cosas lindas con @Indomita_Media. La próxima semana estaré en Buenos Aire…",2022-08-18 17:25:40,es,,0.0,7.0,,Consue Bowen Manzur,Por sobre las ideas te nombro camarada.,202220.0,129114.0,3891.0,14782.0,54.0,False,,,@consuemary
"RT @Indomita_Media: ¡Más buenas noticias! Fuimos seleccionadas para participar en la #MediaParty de @HacksHackersBA en Argentina. 

Estarem…",2022-08-18 17:02:41,es,,0.0,9.0,,Valeska 💚,"politóloga, trabajo derechos humanos y en derechos sexuales y reproductivos de niñas y mujeres. activista feminista 💜 opiniones personales, obvio",46985.0,122821.0,1343.0,7633.0,16.0,False,,,@olinguiito
"RT @Indomita_Media: ¡Más buenas noticias! Fuimos seleccionadas para participar en la #MediaParty de @HacksHackersBA en Argentina. 

Estarem…",2022-08-18 16:58:23,es,,0.0,9.0,,Charliesupertramp,"Bicioso en Guayaquil / ciclista urbano / progresista / zurdo

IG
Asesor inmobiliario⤵️",7353.0,18526.0,259.0,104.0,0.0,False,,,@carlosjalond
"Amigues, estoy muy feliz porque están pasando cosas lindas con @Indomita_Media. La próxima semana estaré en Buenos Aires compartiendo sobre el medio, gracias a que fuimos seleccionadas por @HacksHackersBA para la #MediaParty y obtuvimos una beca de @opennews para viajar. https://t.co/xqypHGG6tb",2022-08-18 16:51:34,es,,63.0,7.0,,Thalíe Ponce C.,Periodista. Feminista. Directora de @Indomita_Media. @ICFJ @IWMF @UNRAF Fellow. Parte de @ChicasPoderEC.,23619.0,12189.0,467.0,3786.0,98.0,False,,,@caleidoscopica
"RT @Indomita_Media: ¡Más buenas noticias! Fuimos seleccionadas para participar en la #MediaParty de @HacksHackersBA en Argentina. 

Estarem…",2022-08-18 16:45:54,es,,0.0,9.0,,Consue Bowen Manzur,Por sobre las ideas te nombro camarada.,202220.0,129113.0,3891.0,14782.0,54.0,False,,,@consuemary
"RT @Indomita_Media: ¡Más buenas noticias! Fuimos seleccionadas para participar en la #MediaParty de @HacksHackersBA en Argentina. 

Estarem…",2022-08-18 16:43:46,es,,0.0,9.0,,Jéssica Z. Alvarado 🚲,"Periodista. Cofundadora de @indomita_media 
Este es un ejercicio de autoficción. 
Este es el #MinisteriodelaBici. 
Escribo. Creo.
📧  jessica@indomita.media",36214.0,17833.0,2096.0,3890.0,35.0,False,,,@HypherAlice
"¡Más buenas noticias! Fuimos seleccionadas para participar en la #MediaParty de @HacksHackersBA en Argentina. 

Estaremos en la Media Feria compartiendo sobre nuestro trabajo con enfoque de género y cómo hacer incidencia desde el periodismo. https://t.co/MAGotpDJpD",2022-08-18 16:37:54,es,,24.0,9.0,,Indómita,•Medio digital• Desafiamos las narrativas tradicionales sobre las mujeres y las diversidades sexogenéricas.,494.0,469.0,55.0,2379.0,0.0,False,,,@Indomita_Media
"Buenas, estamos haciendo un experimeto muy falopa para #MediaParty, necesitamos 2 fotos de algun@s personas.... si te prendes, estaras donando tu cuerpo para la ciencias sintéticas.
El Jueves en la mediaferia mostraremos de que se trata.",2022-08-18 16:01:37,es,,9.0,3.0,,Martín Rabaglia,"Magia @genoshans. #creativity and #tech, #tvshows and #movies too.
#digitalfalopa ON Hincha de #Spiderman, #xmen y #dbz.",60735.0,75295.0,2031.0,2058.0,220.0,False,,,@tincho_for_ever
"RT @meedan: We are just one week away from #MediaParty in Buenos Aires! Excited for Meedanis @pierreconti, @DwightKnell, and @JennaC_Sherma…",2022-08-18 15:00:55,en,,0.0,3.0,,Pierre Conti,Product & Strategy @meedan | prev Co-founder @workbenchdata,1666.0,1711.0,3488.0,945.0,49.0,False,,,@pierreconti
"RT @meedan: We are just one week away from #MediaParty in Buenos Aires! Excited for Meedanis @pierreconti, @DwightKnell, and @JennaC_Sherma…",2022-08-18 14:56:13,en,,0.0,3.0,,Dwight Knell,@meedan director of operations & @Kennedy_School MPP '21. My life: 📰✈️☕️🎶🎥,2938.0,14135.0,1024.0,486.0,34.0,False,,,@DwightKnell
"We are just one week away from #MediaParty in Buenos Aires! Excited for Meedanis @pierreconti, @DwightKnell, and @JennaC_Sherman to represent and speak about our work! 

https://t.co/fZtuEsHYqb",2022-08-18 14:55:00,en,,6.0,3.0,,meedan,"Building software and initiatives to strengthen journalism, digital literacy, and accessibility of information. Also: @check https://t.co/NFet00AlBu",16237.0,1162.0,2267.0,11754.0,684.0,True,,,@meedan
"RT @HacksHackersBA: El jueves que viene a esta hora vamos a estar en el @CCKonex escuchando las Keynotes.😍

¡Ya está disponible toda la pro…",2022-08-18 14:50:57,es,,0.0,4.0,,Flori *,"Ahora sí licenciada en Ciencias de la Comunicación, UBA | Una relación tóxica con casi todo",4839.0,3277.0,404.0,348.0,2.0,False,,,@floorfigar
"RT @meliceci: Chris Moran: “La audiencia no debe dictar el contenido, ni los periodistas aumentar clics porque sí”

Entrevisté al responsab…",2022-08-18 14:05:23,es,,0.0,2.0,,HacksHackersBA,La conferencia que revoluciona el futuro de los medios #HHBA #MediaParty · Rebooting journalism · Journalism and technology / Periodismo y tecnología,8933.0,3516.0,3357.0,10016.0,312.0,False,,,@HacksHackersBA
"RT @HacksHackersBA: El jueves que viene a esta hora vamos a estar en el @CCKonex escuchando las Keynotes.😍

¡Ya está disponible toda la pro…",2022-08-18 13:59:47,es,,0.0,4.0,,BA Snyder,in love with journalism & comms | third culture kid | ✌️❤️🌮 | @vgmarketingpr founder | https://t.co/HJzIEpdlsX co-founder | she/her/ella,37634.0,32943.0,5002.0,3751.0,206.0,False,,,@TheBAsnyder
"Chris Moran: “La audiencia no debe dictar el contenido, ni los periodistas aumentar clics porque sí”

Entrevisté al responsable de Innovación Editorial de The Guardian, antes de su imperdible charla en la #MediaParty de @HacksHackersBA 

https://t.co/KxgovCevDf",2022-08-18 13:57:49,es,,5.0,2.0,,Melisa Avolio,Periodista especializada en tecnología | Trabajo en @AgenciaTelam | Doy capacitaciones en #OficiosYRedes | Acá mis opiniones | ♥️🎹,10289.0,13885.0,1335.0,3454.0,49.0,True,,,@meliceci
"RT @HacksHackersBA: El jueves que viene a esta hora vamos a estar en el @CCKonex escuchando las Keynotes.😍

¡Ya está disponible toda la pro…",2022-08-18 13:40:52,es,,0.0,4.0,,Román Evangelista,"Basketball isn't a game; It's an art form.

Comunicación Social - UBA",4092.0,18011.0,179.0,182.0,0.0,False,,,@RomanEvangelist
"El jueves que viene a esta hora vamos a estar en el @CCKonex escuchando las Keynotes.😍

¡Ya está disponible toda la programación de la #MediaParty🎉 para que empieces a anotarte todo lo que vas a hacer en esos tres días! 

Buceá la agenda acá👉https://t.co/PdDj36UgBP https://t.co/ge9eeWa8ts",2022-08-18 13:23:00,es,,6.0,4.0,,HacksHackersBA,La conferencia que revoluciona el futuro de los medios #HHBA #MediaParty · Rebooting journalism · Journalism and technology / Periodismo y tecnología,8933.0,3516.0,3357.0,10016.0,312.0,False,,,@HacksHackersBA
"RT @ICFJ: Join us at #MediaParty! We will be sponsoring a web3 &amp; journalism track at @HacksHackersBA in Buenos Aires. With @decentraland, w…",2022-08-18 13:02:21,en,,0.0,3.0,,HacksHackersBA,La conferencia que revoluciona el futuro de los medios #HHBA #MediaParty · Rebooting journalism · Journalism and technology / Periodismo y tecnología,8933.0,3516.0,3357.0,10016.0,312.0,False,,,@HacksHackersBA
"RT @ICFJ: Join us at #MediaParty! We will be sponsoring a web3 &amp; journalism track at @HacksHackersBA in Buenos Aires. With @decentraland, w…",2022-08-18 12:03:55,en,,0.0,3.0,,CIMA,"The Center for International Media Assistance at @NEDemocracy, highlighting #mediadev around the world. RTs and links ≠ endorsements.",27399.0,7857.0,3149.0,12154.0,557.0,True,,,@CIMA_Media
"Join us at #MediaParty! We will be sponsoring a web3 &amp; journalism track at @HacksHackersBA in Buenos Aires. With @decentraland, we’ll host keynotes, workshops and lightning talks + a two-day hackathon for attendees to get inspired and build prototypes: https://t.co/Kwibp3u0Uv https://t.co/PH4gPF1pkg",2022-08-18 11:30:04,en,,7.0,3.0,,International Center for Journalists,The International Center for Journalists (ICFJ) is a nonprofit that supports the truth tellers. Follow our @IJNet and @ICFJKnight accounts. #ItTakesAJournalist,50248.0,5955.0,1920.0,99445.0,2348.0,True,,,@ICFJ
"@xhgMattia @DAarambillet @felicarrique Oh, what a beautiful bunch of people! 😉 Enjoy #MediaParty !",2022-08-18 10:04:59,en,,4.0,1.0,@xhgMattia,Clara Attene,"Digital trainer & data journalist. Head of content @GoodMorningIT. Ex Teaching Fellow Italy @GoogleNewsInit. Human, but quite nerd. Stand-up comedian inside.",5218.0,8520.0,1224.0,1228.0,57.0,False,,,@ClaraAttene
RT @soyemipanelli: 👈 Mi avatar ya pegó la calco de la #MediaParty en la PC @HacksHackersBA cc @blejman,2022-08-18 03:30:42,es,,0.0,1.0,,HacksHackersBA,La conferencia que revoluciona el futuro de los medios #HHBA #MediaParty · Rebooting journalism · Journalism and technology / Periodismo y tecnología,8933.0,3516.0,3357.0,10016.0,312.0,False,,,@HacksHackersBA
👈 Mi avatar ya pegó la calco de la #MediaParty en la PC @HacksHackersBA cc @blejman,2022-08-18 02:55:18,es,,0.0,1.0,,Emiliano,🧉,78952.0,13741.0,695.0,2390.0,64.0,False,,,@soyemipanelli
RT @fegiacomassi: A programação do #MediaParty tá show de bola! Vai ter transmissão ao vivo gratuita. Marca na agenda: https://t.co/FInYvE1…,2022-08-18 02:39:52,pt,,0.0,2.0,,Mariano Blejman,"CDO at Grupo Octubre, director at https://t.co/sZh8kYSguG, #MediaParty manager at @Mediafactory_vc. Knight Fellow for ICFJ. E-mail: blejman@gmail.com",22716.0,11286.0,6570.0,11249.0,487.0,False,,,@blejman
"RT @HacksHackersBA: ¡ANSIEDAD TOTAL!😱 Faltan 10 días para la #MediaParty🎉

Te esperamos en el @cckonex con las mejores key notes, workshops…",2022-08-18 02:38:57,es,,0.0,6.0,,Veritas Group,"Authentic content. Comms, Advisory & Production firm based out of ATX. Everything, everywhere, every day... creating opportunity #TheVeritasWay",3172.0,916.0,1282.0,518.0,15.0,False,,,@VGMarketingPR
RT @fegiacomassi: A programação do #MediaParty tá show de bola! Vai ter transmissão ao vivo gratuita. Marca na agenda: https://t.co/FInYvE1…,2022-08-18 02:38:22,pt,,0.0,2.0,,HacksHackersBA,La conferencia que revoluciona el futuro de los medios #HHBA #MediaParty · Rebooting journalism · Journalism and technology / Periodismo y tecnología,8933.0,3516.0,3357.0,10016.0,312.0,False,,,@HacksHackersBA
"RT @alejandrovaldez: Thanks to the generous support of NPA I'm going to #MediaParty for the first time :)

Voy a facilitar un workshop de p…",2022-08-18 02:38:03,en,,0.0,3.0,,HacksHackersBA,La conferencia que revoluciona el futuro de los medios #HHBA #MediaParty · Rebooting journalism · Journalism and technology / Periodismo y tecnología,8933.0,3516.0,3357.0,10016.0,312.0,False,,,@HacksHackersBA
"RT @patriciamunoz_s: #MediaParty  20 medios de provincias participarán en Media Party, entre ellos Chaco Ahora y La Voz del Chaco https://t…",2022-08-18 02:37:41,es,,0.0,3.0,,BA Snyder,in love with journalism & comms | third culture kid | ✌️❤️🌮 | @vgmarketingpr founder | https://t.co/HJzIEpdlsX co-founder | she/her/ella,37634.0,32943.0,5002.0,3751.0,206.0,False,,,@TheBAsnyder
"RT @newsproduct: 🎉Congratulations to @GKecuador's Verónica Aumala and @elsurti's @alejandrovaldez, who are the winners of NPA scholarships…",2022-08-18 02:37:35,en,,0.0,8.0,,HacksHackersBA,La conferencia que revoluciona el futuro de los medios #HHBA #MediaParty · Rebooting journalism · Journalism and technology / Periodismo y tecnología,8933.0,3516.0,3357.0,10016.0,312.0,False,,,@HacksHackersBA
"RT @xhgMattia: I had such a fun night in Buenos Aires yesterday, finally meeting in person the incredible @DAarambillet &amp; @felicarrique 🤩🤩…",2022-08-18 02:37:14,en,,0.0,1.0,,HacksHackersBA,La conferencia que revoluciona el futuro de los medios #HHBA #MediaParty · Rebooting journalism · Journalism and technology / Periodismo y tecnología,8933.0,3516.0,3357.0,10016.0,312.0,False,,,@HacksHackersBA
"RT @patriciamunoz_s: #MediaParty  20 medios de provincias participarán en Media Party, entre ellos Chaco Ahora y La Voz del Chaco https://t…",2022-08-18 02:36:47,es,,0.0,3.0,,HacksHackersBA,La conferencia que revoluciona el futuro de los medios #HHBA #MediaParty · Rebooting journalism · Journalism and technology / Periodismo y tecnología,8933.0,3516.0,3357.0,10016.0,312.0,False,,,@HacksHackersBA
RT @blejman: Registros a #MediaParty por ciudades... https://t.co/ztWvOrhPu9,2022-08-18 02:36:24,es,,0.0,1.0,,HacksHackersBA,La conferencia que revoluciona el futuro de los medios #HHBA #MediaParty · Rebooting journalism · Journalism and technology / Periodismo y tecnología,8933.0,3516.0,3357.0,10016.0,312.0,False,,,@HacksHackersBA
"RT @Pascualicchio: Confirmada la participación de la @DefdelPublico en la #MediaParty 🎉 2022 con un stand en la Media Feria, un workshops j…",2022-08-18 02:36:09,es,,0.0,3.0,,HacksHackersBA,La conferencia que revoluciona el futuro de los medios #HHBA #MediaParty · Rebooting journalism · Journalism and technology / Periodismo y tecnología,8933.0,3516.0,3357.0,10016.0,312.0,False,,,@HacksHackersBA
"RT @blejman: Me copa la idea de hacer unas nightning talks, charlas cortas de noche hasta que se vaya el último asistente del predio. Había…",2022-08-18 02:35:56,es,,0.0,2.0,,HacksHackersBA,La conferencia que revoluciona el futuro de los medios #HHBA #MediaParty · Rebooting journalism · Journalism and technology / Periodismo y tecnología,8933.0,3516.0,3357.0,10016.0,312.0,False,,,@HacksHackersBA
"RT @roxsmariani: De lujo el 1° #MediaParty post pandemia 👏👏 Speakers internacionales, talleres y los temas del momento del ecosistema de #m…",2022-08-18 02:35:00,es,,0.0,2.0,,HacksHackersBA,La conferencia que revoluciona el futuro de los medios #HHBA #MediaParty · Rebooting journalism · Journalism and technology / Periodismo y tecnología,8933.0,3516.0,3357.0,10016.0,312.0,False,,,@HacksHackersBA
"RT @HacksHackersBA: ¡Felicitaciones a los nuevos ganadores del sorteo de la remera de la #MediaParty🎉!

¡@acdalessandro y Pablo Villares pu…",2022-08-18 02:30:41,es,,0.0,1.0,,Mariano Blejman,"CDO at Grupo Octubre, director at https://t.co/sZh8kYSguG, #MediaParty manager at @Mediafactory_vc. Knight Fellow for ICFJ. E-mail: blejman@gmail.com",22716.0,11286.0,6569.0,11246.0,487.0,False,,,@blejman
"RT @roxsmariani: De lujo el 1° #MediaParty post pandemia 👏👏 Speakers internacionales, talleres y los temas del momento del ecosistema de #m…",2022-08-18 02:30:25,es,,0.0,2.0,,Mariano Blejman,"CDO at Grupo Octubre, director at https://t.co/sZh8kYSguG, #MediaParty manager at @Mediafactory_vc. Knight Fellow for ICFJ. E-mail: blejman@gmail.com",22716.0,11286.0,6569.0,11246.0,487.0,False,,,@blejman
RT @angelsotera: I'm excited to speak at MediaParty 2022 https://t.co/tEawMK62BR @hackshackersba #mediaparty,2022-08-18 02:29:51,en,,0.0,2.0,,Mariano Blejman,"CDO at Grupo Octubre, director at https://t.co/sZh8kYSguG, #MediaParty manager at @Mediafactory_vc. Knight Fellow for ICFJ. E-mail: blejman@gmail.com",22716.0,11286.0,6569.0,11246.0,487.0,False,,,@blejman
"RT @blejman: Me copa la idea de hacer unas nightning talks, charlas cortas de noche hasta que se vaya el último asistente del predio. Había…",2022-08-18 02:29:17,es,,0.0,2.0,,Mariano Blejman,"CDO at Grupo Octubre, director at https://t.co/sZh8kYSguG, #MediaParty manager at @Mediafactory_vc. Knight Fellow for ICFJ. E-mail: blejman@gmail.com",22716.0,11286.0,6569.0,11246.0,487.0,False,,,@blejman
"RT @HacksHackersBA: Ansiedad, cosita en la panza, vértigo, felicidad, emoción... 

Ya no sabemos cómo decirle porque en pocos días es la #M…",2022-08-18 02:08:08,es,,0.0,2.0,,#NiUnaMenos 💚My berru,"entusiasta exploradora de los para qué de Internet ▪ contenidos, educación y comunicación ▪ produzco https://t.co/MTilHC8Por",4490.0,7530.0,715.0,845.0,50.0,False,,,@Myberru
"RT @HacksHackersBA: Ansiedad, cosita en la panza, vértigo, felicidad, emoción... 

Ya no sabemos cómo decirle porque en pocos días es la #M…",2022-08-18 00:36:03,es,,0.0,2.0,,Román Evangelista,"Basketball isn't a game; It's an art form.

Comunicación Social - UBA",4092.0,18011.0,179.0,182.0,0.0,False,,,@RomanEvangelist
"¡Felicitaciones a los nuevos ganadores del sorteo de la remera de la #MediaParty🎉!

¡@acdalessandro y Pablo Villares pueden retirar su premio el día del evento!",2022-08-18 00:30:03,es,,7.0,1.0,,HacksHackersBA,La conferencia que revoluciona el futuro de los medios #HHBA #MediaParty · Rebooting journalism · Journalism and technology / Periodismo y tecnología,8933.0,3516.0,3357.0,10016.0,312.0,False,,,@HacksHackersBA
"Me copa la idea de hacer unas nightning talks, charlas cortas de noche hasta que se vaya el último asistente del predio. Había un festival de cortos en Villa Gesell que lo hacía. El Uncipar. Era bardero mal #MediaParty",2022-08-17 23:50:18,es,,4.0,2.0,,Mariano Blejman,"CDO at Grupo Octubre, director at https://t.co/sZh8kYSguG, #MediaParty manager at @Mediafactory_vc. Knight Fellow for ICFJ. E-mail: blejman@gmail.com",22716.0,11286.0,6569.0,11246.0,487.0,False,,,@blejman
"RT @Pascualicchio: Confirmada la participación de la @DefdelPublico en la #MediaParty 🎉 2022 con un stand en la Media Feria, un workshops j…",2022-08-17 23:36:34,es,,0.0,3.0,,Canal 5 Comunitario,Canal Comunitario que transmite desde el corazón de Chacarita.,3902.0,8.0,306.0,410.0,0.0,False,,,@C5TVcomunitaria
"RT @Pascualicchio: Confirmada la participación de la @DefdelPublico en la #MediaParty 🎉 2022 con un stand en la Media Feria, un workshops j…",2022-08-17 23:36:30,es,,0.0,3.0,,DJ Nac&Pop,"Hice bailar a los radicales de #FSOC en marzo del 2002, hice agitar a Filmus en la pista y bailar a Mocca. superame esas dificultades",8419.0,23.0,1009.0,776.0,4.0,False,,,@Djnacandpop
"Confirmada la participación de la @DefdelPublico en la #MediaParty 🎉 2022 con un stand en la Media Feria, un workshops junto con @wikimedia_ar y una propuesta para el (o la?) Hackaton. Inscribite y participá de la fiesta por los 10 años.

https://t.co/7QeJsvQXcM",2022-08-17 23:21:55,es,,3.0,3.0,,Pascual Calicchio,"Secretario General de @DefdelPublico, dirigente de @identidadAR, Periodista, Profesor, SME, DJ, Hack Hackers,  ISTLyR,  UBA,  UNQui,  Hincha de Ituzaingó.",120095.0,19046.0,2307.0,6935.0,138.0,False,,,@Pascualicchio
"Ansiedad, cosita en la panza, vértigo, felicidad, emoción... 

Ya no sabemos cómo decirle porque en pocos días es la #MediaParty🎉 y acá te compartimos una entrevista de @AgenciaTelam a @chrismoranuk, director de Innovación Editorial de @guardian. 

👇
https://t.co/hWNVnMaJOS",2022-08-17 22:31:54,es,,4.0,2.0,,HacksHackersBA,La conferencia que revoluciona el futuro de los medios #HHBA #MediaParty · Rebooting journalism · Journalism and technology / Periodismo y tecnología,8933.0,3516.0,3357.0,10016.0,312.0,False,,,@HacksHackersBA
"RT @HacksHackersBA: 8 días para la #MediaParty 🎉 y en la apertura va a estar el gran @pilhofer 

Director de innovación periodística en @TU…",2022-08-17 22:01:25,es,,0.0,2.0,,C.Fernández Moores 💚,Periodista de viajes / blogger en Periodistas Viajeros @pviajeros / #MediaParty Producer,22861.0,15273.0,7696.0,7393.0,194.0,False,,,@carolafmoores
"RT @ICFJ: It’s getting close! ICFJ is headed to #MediaParty in Buenos Aires! Will you be there? If so, check out our web3 and journalism tr…",2022-08-17 21:59:28,en,,0.0,3.0,,C.Fernández Moores 💚,Periodista de viajes / blogger en Periodistas Viajeros @pviajeros / #MediaParty Producer,22861.0,15273.0,7696.0,7393.0,194.0,False,,,@carolafmoores
"RT @HacksHackersBA: ATENTI✨ 

A las 21 volvemos a sortear remeras hiper especiales de la #MediaParty 🎉

Esta vez son dos y no nos cansamos…",2022-08-17 21:59:21,es,,0.0,2.0,,C.Fernández Moores 💚,Periodista de viajes / blogger en Periodistas Viajeros @pviajeros / #MediaParty Producer,22861.0,15273.0,7696.0,7393.0,194.0,False,,,@carolafmoores
@HacksHackersBA @tocateunvals 🙋🏽‍♂️ Yo quiero una remera. #MediaParty,2022-08-17 21:56:10,es,,3.0,0.0,@HacksHackersBA,Edison BUrbano 🇨🇴🇦🇷🌎🌍🌏,"*Soy Comunicador, Community Manager, Digital Activist, Redes Sociales, DDHH, Radialista apasionado.  
Humanista, mamerto, izquierda*  [OPINIONES PERSONALES]",127835.0,187316.0,3827.0,4420.0,59.0,False,,,@edisonburbanoOK
"RT @HacksHackersBA: ATENTI✨ 

A las 21 volvemos a sortear remeras hiper especiales de la #MediaParty 🎉

Esta vez son dos y no nos cansamos…",2022-08-17 21:54:11,es,,0.0,2.0,,Andy Tow,Politólogo,162871.0,100335.0,999.0,31088.0,304.0,False,,,@andy_tow
"ATENTI✨ 

A las 21 volvemos a sortear remeras hiper especiales de la #MediaParty 🎉

Esta vez son dos y no nos cansamos de repetir que su diseño está hecho por @tocateunvals con herramientas de #InteligenciaArtificial ¡Sí, pues claro que sí!

🙌🏼Levante la mano quien quiera una🙌🏼 https://t.co/7hXJWs9QyK",2022-08-17 21:52:53,es,,7.0,2.0,,HacksHackersBA,La conferencia que revoluciona el futuro de los medios #HHBA #MediaParty · Rebooting journalism · Journalism and technology / Periodismo y tecnología,8933.0,3516.0,3357.0,10016.0,312.0,False,,,@HacksHackersBA
"RT @ICFJ: It’s getting close! ICFJ is headed to #MediaParty in Buenos Aires! Will you be there? If so, check out our web3 and journalism tr…",2022-08-17 21:45:39,en,,0.0,3.0,,HacksHackersBA,La conferencia que revoluciona el futuro de los medios #HHBA #MediaParty · Rebooting journalism · Journalism and technology / Periodismo y tecnología,8933.0,3516.0,3357.0,10016.0,312.0,False,,,@HacksHackersBA
"RT @HacksHackersBA: Miércoles de memes retro✨

Sí, solo faltan solo 7 días para la #MediaParty🎉 y para que estemos así, viendo como Blockch…",2022-08-17 19:11:45,es,,0.0,3.0,,Mariano Blejman,"CDO at Grupo Octubre, director at https://t.co/sZh8kYSguG, #MediaParty manager at @Mediafactory_vc. Knight Fellow for ICFJ. E-mail: blejman@gmail.com",22716.0,11286.0,6569.0,11246.0,487.0,False,,,@blejman
"It’s getting close! ICFJ is headed to #MediaParty in Buenos Aires! Will you be there? If so, check out our web3 and journalism track at @HacksHackersBA in partnership with @decentraland. It’s part of Leap, our news innovation lab:  https://t.co/Kwibp3u0Uv https://t.co/qveoeiRlg3",2022-08-17 17:30:01,en,,4.0,3.0,,International Center for Journalists,The International Center for Journalists (ICFJ) is a nonprofit that supports the truth tellers. Follow our @IJNet and @ICFJKnight accounts. #ItTakesAJournalist,50248.0,5955.0,1920.0,99452.0,2348.0,True,,,@ICFJ
"RT @alvaroliuzzi: Se viene la 10° edición de la #MediaParty con una agenda cargada de speakers internacionales, talleres y lightning talks…",2022-08-17 17:23:05,es,,0.0,3.0,,Leandro,Producer. IT Manager. Journalist. Foodie. I want to Believe. #societyoflove #liveutopia #radiomonk #ciudadanofuturo #ravenger,13316.0,12188.0,2988.0,1166.0,0.0,False,,,@pr0duc3r
"RT @HacksHackersBA: ¡ANSIEDAD TOTAL!😱 Faltan 10 días para la #MediaParty🎉

Te esperamos en el @cckonex con las mejores key notes, workshops…",2022-08-17 17:14:20,es,,0.0,6.0,,LEGAL NEWS ARGENTINA,Blog de Actualidad en Derecho y Finanzas Argentina y Mercosur. Latin America Law and Economy. a cargo del Dr.Daniel F .Girolamo,1177.0,1529.0,159.0,243.0,3.0,False,,,@legalargentina
"RT @ICFJ: Join us at #MediaParty! We will be sponsoring a web3 &amp; journalism track at @HacksHackersBA in Buenos Aires. With @decentraland, w…",2022-08-17 17:14:03,en,,0.0,4.0,,LEGAL NEWS ARGENTINA,Blog de Actualidad en Derecho y Finanzas Argentina y Mercosur. Latin America Law and Economy. a cargo del Dr.Daniel F .Girolamo,1177.0,1529.0,159.0,243.0,3.0,False,,,@legalargentina
RT @IvanGajardo_M: I'm excited to attend MediaParty 2022 https://t.co/rCgAdntGVs @hackshackersba #mediaparty @sched,2022-08-17 16:21:39,en,,0.0,1.0,,HacksHackersBA,La conferencia que revoluciona el futuro de los medios #HHBA #MediaParty · Rebooting journalism · Journalism and technology / Periodismo y tecnología,8933.0,3516.0,3357.0,10016.0,312.0,False,,,@HacksHackersBA
"RT @alvaroliuzzi: Se viene la 10° edición de la #MediaParty con una agenda cargada de speakers internacionales, talleres y lightning talks…",2022-08-17 16:21:35,es,,0.0,3.0,,HacksHackersBA,La conferencia que revoluciona el futuro de los medios #HHBA #MediaParty · Rebooting journalism · Journalism and technology / Periodismo y tecnología,8933.0,3516.0,3357.0,10016.0,312.0,False,,,@HacksHackersBA
RT @angelsotera: I'm excited to speak at MediaParty 2022 https://t.co/tEawMK62BR @hackshackersba #mediaparty,2022-08-17 16:21:26,en,,0.0,2.0,,HacksHackersBA,La conferencia que revoluciona el futuro de los medios #HHBA #MediaParty · Rebooting journalism · Journalism and technology / Periodismo y tecnología,8933.0,3516.0,3357.0,10016.0,312.0,False,,,@HacksHackersBA
"8 días para la #MediaParty 🎉 y en la apertura va a estar el gran @pilhofer 

Director de innovación periodística en @TUKleincollege, co-fundador @HacksHackers y de @documentcloud, fue parte de @Guardian y @nytimes. 

Conocelo un poco más entrando acá👇https://t.co/DfEcsTRqKV",2022-08-17 16:21:12,es,,5.0,2.0,,HacksHackersBA,La conferencia que revoluciona el futuro de los medios #HHBA #MediaParty · Rebooting journalism · Journalism and technology / Periodismo y tecnología,8933.0,3516.0,3357.0,10016.0,312.0,False,,,@HacksHackersBA
"RT @ICFJ: Join us at #MediaParty! We will be sponsoring a web3 &amp; journalism track at @HacksHackersBA in Buenos Aires. With @decentraland, w…",2022-08-17 15:43:55,en,,0.0,4.0,,ICFJ Knight Fellowships,Our @ICFJ Knight Fellows instill cultures of news innovation to improve lives worldwide. Let us know how they can help or have helped you make a difference.,15095.0,2293.0,1343.0,23778.0,684.0,True,,,@ICFJKnight
"RT @HacksHackersBA: Miércoles de memes retro✨

Sí, solo faltan solo 7 días para la #MediaParty🎉 y para que estemos así, viendo como Blockch…",2022-08-17 14:09:14,es,,0.0,3.0,,Román Evangelista,"Basketball isn't a game; It's an art form.

Comunicación Social - UBA",4092.0,18011.0,179.0,182.0,0.0,False,,,@RomanEvangelist
"RT @HacksHackersBA: Miércoles de memes retro✨

Sí, solo faltan solo 7 días para la #MediaParty🎉 y para que estemos así, viendo como Blockch…",2022-08-17 13:21:39,es,,0.0,3.0,,Felipe Gonzalez ℵ₀,Bicis y buses. Papa de Vicente. Cientista de Datos Urbanos. Me dejan escribir en @ElGatoyLaCaja,11866.0,25525.0,1200.0,4220.0,27.0,False,,,@lephcero
I'm excited to speak at MediaParty 2022 https://t.co/tEawMK62BR @hackshackersba #mediaparty,2022-08-17 13:19:29,en,,6.0,2.0,,Angel Sotera,Producto @ Infobae ⚡️ Conductor de TV 📺 Papá y de Racing 💙 Disfruto de la vida,127452.0,3970.0,796.0,39314.0,257.0,True,,,@angelsotera
"RT @HacksHackersBA: ¡ANSIEDAD TOTAL!😱 Faltan 10 días para la #MediaParty🎉

Te esperamos en el @cckonex con las mejores key notes, workshops…",2022-08-17 13:05:05,es,,0.0,6.0,,Daniel F.Girolamo,Abogado (Lawyer ) dilatada trayectoria en derecho administrativo y comercial.Gusta relacionar el derecho con las finanzas.Escribe el blog Legal News Argentina.,10248.0,57367.0,822.0,912.0,18.0,False,,,@DanielFGirolamo
"Se viene la 10° edición de la #MediaParty con una agenda cargada de speakers internacionales, talleres y lightning talks entre muchas otras actividades. 

🔗 https://t.co/jfhRPDb7YL (@hackshackersba) https://t.co/5eszLHqIU2",2022-08-17 13:04:54,es,,6.0,3.0,,Alvaro Liuzzi,Comunicador | Profesor Universitario | Consultor en Medios | Estrategia y Producto Digital | Editor del newsletter #Redacciones5G,41789.0,13034.0,1680.0,5891.0,382.0,False,,,@alvaroliuzzi
"RT @ICFJ: Join us at #MediaParty! We will be sponsoring a web3 &amp; journalism track at @HacksHackersBA in Buenos Aires. With @decentraland, w…",2022-08-17 13:03:37,en,,0.0,4.0,,Daniel F.Girolamo,Abogado (Lawyer ) dilatada trayectoria en derecho administrativo y comercial.Gusta relacionar el derecho con las finanzas.Escribe el blog Legal News Argentina.,10248.0,57367.0,822.0,912.0,18.0,False,,,@DanielFGirolamo
"Miércoles de memes retro✨

Sí, solo faltan solo 7 días para la #MediaParty🎉 y para que estemos así, viendo como Blockchain, el Metaverso y la Web3 cambian el paradigma de los medios🌝👇🏼 https://t.co/9bLSnBsogI",2022-08-17 13:02:30,es,,5.0,3.0,,HacksHackersBA,La conferencia que revoluciona el futuro de los medios #HHBA #MediaParty · Rebooting journalism · Journalism and technology / Periodismo y tecnología,8933.0,3516.0,3357.0,10016.0,312.0,False,,,@HacksHackersBA
I'm excited to attend MediaParty 2022 https://t.co/rCgAdntGVs @hackshackersba #mediaparty @sched,2022-08-17 12:56:08,en,,4.0,1.0,,Iván Gajardo 🕸️,"Variante de adoquín:Músico
 de cuatro y murga...a full. Tengo la mejor compañera y las hijas más bellas del mundo, objetivamente obvio.",10663.0,3145.0,484.0,231.0,1.0,False,,,@IvanGajardo_M
"RT @MundoBerisso: @MundoBerisso dirá presente en la décima edición de #MediaParty 
@HacksHackersBA  
20 medios de provincias participarán e…",2022-08-17 12:55:14,es,,0.0,2.0,,HacksHackersBA,La conferencia que revoluciona el futuro de los medios #HHBA #MediaParty · Rebooting journalism · Journalism and technology / Periodismo y tecnología,8933.0,3516.0,3357.0,10016.0,312.0,False,,,@HacksHackersBA
"RT @ICFJ: It’s getting close! ICFJ is headed to #MediaParty in Buenos Aires! Will you be there? If so, check out our web3 and journalism tr…",2022-08-17 12:55:06,en,,0.0,2.0,,HacksHackersBA,La conferencia que revoluciona el futuro de los medios #HHBA #MediaParty · Rebooting journalism · Journalism and technology / Periodismo y tecnología,8933.0,3516.0,3357.0,10016.0,312.0,False,,,@HacksHackersBA
"RT @ICFJ: Join us at #MediaParty! We will be sponsoring a web3 &amp; journalism track at @HacksHackersBA in Buenos Aires. With @decentraland, w…",2022-08-17 12:54:56,en,,0.0,4.0,,HacksHackersBA,La conferencia que revoluciona el futuro de los medios #HHBA #MediaParty · Rebooting journalism · Journalism and technology / Periodismo y tecnología,8933.0,3516.0,3357.0,10016.0,312.0,False,,,@HacksHackersBA
"I had such a fun night in Buenos Aires yesterday, finally meeting in person the incredible @DAarambillet &amp; @felicarrique 🤩🤩 Looking forward to #MediaParty next week! 🚀 https://t.co/IJ5ni00DqE",2022-08-17 12:00:27,en,,19.0,1.0,,Mattia Peretti,"Managing #JournalismAI at @PolisLSE. Systems thinker. Interested in design, leadership and social change. Lucky guy.",10854.0,16514.0,3353.0,3507.0,166.0,False,,,@xhgMattia
RT @HacksHackers: It is finally time for the @HacksHackersBA #MediaParty! https://t.co/nnX8z0MNGy,2022-08-17 11:25:02,en,,0.0,4.0,,Julio Locatelli,"Facilitador en nuevas tecnologías, ayudo a profesionales y emprendedores a sacar mayor provecho de las redes sociales #CulturaDigital",54512.0,26851.0,973.0,1191.0,212.0,False,,,@jlocatell
"Join us at #MediaParty! We will be sponsoring a web3 &amp; journalism track at @HacksHackersBA in Buenos Aires. With @decentraland, we’ll host keynotes, workshops and lightning talks + a two-day hackathon for attendees to get inspired and build prototypes: https://t.co/Kwibp3u0Uv https://t.co/imTAWLHTKB",2022-08-17 10:00:19,en,,5.0,4.0,,International Center for Journalists,The International Center for Journalists (ICFJ) is a nonprofit that supports the truth tellers. Follow our @IJNet and @ICFJKnight accounts. #ItTakesAJournalist,50248.0,5955.0,1920.0,99445.0,2348.0,True,,,@ICFJ
"RT @patriciamunoz_s: #MediaParty  20 medios de provincias participarán en Media Party, entre ellos Chaco Ahora y La Voz del Chaco https://t…",2022-08-17 04:31:35,es,,0.0,3.0,,Mariano Blejman,"CDO at Grupo Octubre, director at https://t.co/sZh8kYSguG, #MediaParty manager at @Mediafactory_vc. Knight Fellow for ICFJ. E-mail: blejman@gmail.com",22716.0,11286.0,6570.0,11249.0,487.0,False,,,@blejman
"De lujo el 1° #MediaParty post pandemia 👏👏 Speakers internacionales, talleres y los temas del momento del ecosistema de #medios 👌 #AlláVamos #Konex #MediaParty2022 
https://t.co/u1vmYPHiQx",2022-08-16 23:26:08,es,,5.0,2.0,,Rox,📰🎙 Periodista | Locutora (ISER MN°10402),1711.0,3023.0,369.0,318.0,10.0,False,,,@roxsmariani
"RT @Redacciones5G: 🔹️Ya está la agenda completa de la #MediaParty 🎉 y es un lujo: speakers internacionales, nacionales, workshops 
y activi…",2022-08-16 21:51:13,es,,0.0,3.0,,LabMedia.org,Comunidad de Emprendedores de Medios Digitales Informativos en Latinoamérica. #DatosAbiertos #Transparencia #Emprendimiento #SociedadCivil,4365.0,1548.0,1384.0,1350.0,78.0,False,,,@LabmediaOrg
"RT @HacksHackersBA: ¡Faltan 10 días para la #MediaParty🎉 y vamos a sortear DOS remeras re especiales!

Participas inscribiéndote gratis en…",2022-08-16 21:50:29,es,,0.0,2.0,,LabMedia.org,Comunidad de Emprendedores de Medios Digitales Informativos en Latinoamérica. #DatosAbiertos #Transparencia #Emprendimiento #SociedadCivil,4365.0,1548.0,1384.0,1350.0,78.0,False,,,@LabmediaOrg
"RT @ICFJ: It’s getting close! ICFJ is headed to #MediaParty in Buenos Aires! Will you be there? If so, check out our web3 and journalism tr…",2022-08-16 21:10:41,en,,0.0,2.0,,Azad Fard,"entrepreneur, engineer , working for a better society.",3720.0,17880.0,1783.0,133.0,1.0,False,,,@iamAzadPakistan
RT @HacksHackers: It is finally time for the @HacksHackersBA #MediaParty! https://t.co/nnX8z0MNGy,2022-08-16 20:36:16,en,,0.0,4.0,,Andy Tow,Politólogo,162873.0,100335.0,999.0,31088.0,304.0,False,,,@andy_tow
"RT @MundoBerisso: @MundoBerisso dirá presente en la décima edición de #MediaParty 
@HacksHackersBA  
20 medios de provincias participarán e…",2022-08-16 20:33:02,es,,0.0,2.0,,Mariano Blejman,"CDO at Grupo Octubre, director at https://t.co/sZh8kYSguG, #MediaParty manager at @Mediafactory_vc. Knight Fellow for ICFJ. E-mail: blejman@gmail.com",22716.0,11286.0,6570.0,11249.0,487.0,False,,,@blejman
"It’s getting close! ICFJ is headed to #MediaParty in Buenos Aires! Will you be there? If so, check out our web3 and journalism track at @HacksHackersBA in partnership with @decentraland. It’s part of Leap, our news innovation lab:  https://t.co/Kwibp3u0Uv https://t.co/9GH1uTBFUk",2022-08-16 20:30:01,en,,6.0,2.0,,International Center for Journalists,The International Center for Journalists (ICFJ) is a nonprofit that supports the truth tellers. Follow our @IJNet and @ICFJKnight accounts. #ItTakesAJournalist,50248.0,5955.0,1920.0,99445.0,2348.0,True,,,@ICFJ
"@MundoBerisso dirá presente en la décima edición de #MediaParty 
@HacksHackersBA  
20 medios de provincias participarán en Media Party by @blejman https://t.co/KZiYr1YNR2",2022-08-16 20:13:04,es,,4.0,2.0,@MundoBerisso,El Mundo de Berisso,"Periodismo profesional e independiente, con identidad local",10496.0,90.0,421.0,1461.0,6.0,False,,,@MundoBerisso
"#MediaParty  20 medios de provincias participarán en Media Party, entre ellos Chaco Ahora y La Voz del Chaco https://t.co/8aTwEHRs4p",2022-08-16 20:07:16,es,,5.0,3.0,,Patricia,"Mamá de Nico, Paloma y Tomi. Periodista, comunicadora social, con espíritu emprendedor, proactiva y siempre en lucha (la profesión así lo demanda)",4070.0,798.0,1573.0,605.0,5.0,False,,,@patriciamunoz_s
@juanchiummiento Cada día mejor dateando Juan. Ojalá este proyecto tenga un lugar en la  #MediaParty 2022!   @HacksHackersBA @blejman @Myberru,2022-08-16 18:37:49,es,,2.0,0.0,@juanchiummiento,Dardo Ceballos,Nacido y criado en 🇦🇷 emigrado por 💚 a la costa canaria 🇺🇾 | Commonista Digital | #Casihacker en @InstitutoUpdate 🇧🇷  #InnovaciónPolítica Latinoamericana,16876.0,12947.0,1715.0,4612.0,175.0,False,,,@eldardo
"RT @HacksHackersBA: ¡ANSIEDAD TOTAL!😱 Faltan 10 días para la #MediaParty🎉

Te esperamos en el @cckonex con las mejores key notes, workshops…",2022-08-16 17:14:44,es,,0.0,6.0,,Daniel Bello,"🔻Periodista y camarógrafo | Maestrando en @PeriodismoUNLP | CM | @revistappv | Cuervo ♥️|
El que no lucha se estanca,como el agua.El que se estanca,se pudre.",26919.0,51312.0,1376.0,1153.0,8.0,False,,,@TenazaChina
"RT @HacksHackersBA: ¡Faltan 10 días para la #MediaParty🎉 y vamos a sortear DOS remeras re especiales!

Participas inscribiéndote gratis en…",2022-08-16 17:00:39,es,,0.0,2.0,,HacksHackersBA,La conferencia que revoluciona el futuro de los medios #HHBA #MediaParty · Rebooting journalism · Journalism and technology / Periodismo y tecnología,8933.0,3516.0,3357.0,10016.0,312.0,False,,,@HacksHackersBA
"RT @Redacciones5G: 🔹️Ya está la agenda completa de la #MediaParty 🎉 y es un lujo: speakers internacionales, nacionales, workshops 
y activi…",2022-08-16 17:00:14,es,,0.0,3.0,,HacksHackersBA,La conferencia que revoluciona el futuro de los medios #HHBA #MediaParty · Rebooting journalism · Journalism and technology / Periodismo y tecnología,8933.0,3516.0,3357.0,10016.0,312.0,False,,,@HacksHackersBA
RT @HacksHackers: It is finally time for the @HacksHackersBA #MediaParty! https://t.co/nnX8z0MNGy,2022-08-16 17:00:07,en,,0.0,4.0,,HacksHackersBA,La conferencia que revoluciona el futuro de los medios #HHBA #MediaParty · Rebooting journalism · Journalism and technology / Periodismo y tecnología,8933.0,3516.0,3357.0,10016.0,312.0,False,,,@HacksHackersBA
"RT @Redacciones5G: 🔹️Ya está la agenda completa de la #MediaParty 🎉 y es un lujo: speakers internacionales, nacionales, workshops 
y activi…",2022-08-16 16:59:09,es,,0.0,3.0,,Mariano Blejman,"CDO at Grupo Octubre, director at https://t.co/sZh8kYSguG, #MediaParty manager at @Mediafactory_vc. Knight Fellow for ICFJ. E-mail: blejman@gmail.com",22716.0,11286.0,6570.0,11249.0,487.0,False,,,@blejman
"🔹️Ya está la agenda completa de la #MediaParty 🎉 y es un lujo: speakers internacionales, nacionales, workshops 
y actividades 💪.
Sumate en https://t.co/ImZGwP9SZB 

Nos vemos ahí 😉 https://t.co/WTeOgaKY14",2022-08-16 15:01:37,es,,4.0,3.0,,Redacciones5G,Somos el programa de formación de #TelecomArgentina. Difundimos el potencial que la tecnología móvil puede aportar al periodismo 📲 En alianza con @motorola_AR,140.0,51.0,114.0,104.0,1.0,False,,,@Redacciones5G
RT @luciacholakian: Por dios que bomba el line up de la #MediaParty quiero que sea ya,2022-08-16 12:55:19,es,,0.0,4.0,,#NiUnaMenos 💚My berru,"entusiasta exploradora de los para qué de Internet ▪ contenidos, educación y comunicación ▪ produzco https://t.co/MTilHC8Por",4490.0,7530.0,715.0,845.0,50.0,False,,,@Myberru
