screen_name	date	fav	retweet	text	url	hashtags
alferdez	Tue Nov 23 16:44:29 +0000 2021	303	39	Vamos a hacer lo necesario para que la planta vuelva a funcionar a pleno.	https://twitter.com/alferdez/status/1463186703334580228	[]
alferdez	Tue Nov 23 16:44:28 +0000 2021	706	158	"Gualeguay sufrió un terrible impacto el viernes tras un incendio en el frigorífico de la empresa Soychú, el más importante de la localidad.

Nos reunimos con las autoridades de la compañía para coordinar asistencia financiera y garantizar la fuente de trabajo. https://t.co/fJmEAl5uvX"	https://twitter.com/alferdez/status/1463186700151111693	[]
alferdez	Tue Nov 23 15:42:50 +0000 2021	4119	725	"Quiero expresar nuestro repudio al episodio ocurrido frente a la sede del diario Clarín. La violencia siempre altera la convivencia democrática. 

Esperamos que los hechos se esclarezcan y los autores sean identificados a partir de la investigación que está en curso."	https://twitter.com/alferdez/status/1463171187383676937	[]
alferdez	Tue Nov 23 00:54:28 +0000 2021	948	184	"Es una enorme alegría ver a millones de turistas disfrutar las maravillas de la Argentina.

Estos datos alentadores y el retorno del turismo receptivo auguran una temporada de verano histórica. El turismo está en marcha y es motor de la recuperación. https://t.co/YfdDbA1de8"	https://twitter.com/alferdez/status/1462947624965709828	[]
alferdez	Tue Nov 23 00:54:25 +0000 2021	977	183	"El ministro @MatiasLammens me informó que se registró ocupación casi plena en la gran mayoría de los destinos.

Este crecimiento representa más trabajo para los hoteles, restaurantes, micros, aerolíneas, balnearios, guías y para cientos de miles de compatriotas. https://t.co/rDGkwJqldE"	https://twitter.com/alferdez/status/1462947610587660297	[]
alferdez	Tue Nov 23 00:54:21 +0000 2021	5340	946	"De la mano del programa #PreViaje, volvimos a vivir un #FindeLargo récord para el turismo con 3.9 millones de argentinas y argentinos recorriendo nuestro país.

Esto es un 25% más que en los dos años anteriores a la pandemia, un claro signo de la reactivación económica. https://t.co/PgCjrW5vBk"	https://twitter.com/alferdez/status/1462947595647524874	[{'text': 'PreViaje', 'indices': [24, 33]}, {'text': 'FindeLargo', 'indices': [55, 66]}]
alferdez	Tue Nov 23 00:26:09 +0000 2021	2053	310	"Roberto Di Sandro inició su carrera como cronista acreditado en Casa Rosada en 1947. Hoy, 74 años y 28 gobiernos después, cumple 90 años de edad. 

Quiero saludarlo con mucho cariño y admiración por su trayectoria al servicio de dar a conocer los acontecimientos de nuestro país. https://t.co/MDJKC5oqeC"	https://twitter.com/alferdez/status/1462940497593339904	[]
alferdez	Sat Nov 20 15:34:05 +0000 2021	3330	731	"La Vuelta de Obligado fue central para independizarnos. Conmemoramos la valentía y la inteligencia de quienes lucharon en defensa de nuestra tierra.

Este #DíaDeLaSoberanía, recordemos a esos hombres y mujeres y tengamos presente las luchas que debemos dar hoy por nuestra patria. https://t.co/S8KddKitg4"	https://twitter.com/alferdez/status/1462081823224127490	[{'text': 'DíaDeLaSoberanía', 'indices': [155, 172]}]
alferdez	Fri Nov 19 21:39:16 +0000 2021	318	89	"Es con un Estado garante y promotor de sus derechos y con la activa participación de la comunidad que podremos protegerlos y promover nuevas políticas y prácticas. Hace falta una profunda transformación social.

Valoro este encuentro al servicio de una causa noble y urgente."	https://twitter.com/alferdez/status/1461811337089241090	[]
alferdez	Fri Nov 19 21:39:15 +0000 2021	373	101	"Está basado en testimonios de sobrevivientes de abuso sexual en las infancias, un delito social e institucionalmente silenciado por mucho tiempo.

Las niñas y niños de nuestro país nos necesitan. https://t.co/IvORaQilAd"	https://twitter.com/alferdez/status/1461811334136352779	[]
alferdez	Fri Nov 19 21:39:05 +0000 2021	1245	281	En el Día Mundial de Prevención y Lucha contra el Abuso Sexual en las Infancias, recibí a referentes de la Asociación @adultxs por los Derechos de la Infancia y a escritores del libro “Somos Sobrevivientes”. Este libro le pone voz a una problemática que debemos visibilizar. https://t.co/JSXctgYmmy	https://twitter.com/alferdez/status/1461811292096897032	[]
alferdez	Fri Nov 19 20:25:05 +0000 2021	348	103	"Somos soberanos en cada alimento o vacuna que producimos. Lo somos al proteger nuestros recursos naturales, al reivindicar nuestra cultura. Y, sobre todo, en cada decisión que tomamos por el bien de nuestro pueblo.

La patria nos vincula y fortalece. Es nuestro deber defenderla. https://t.co/Lpwteaulz1"	https://twitter.com/alferdez/status/1461792668250427394	[]
alferdez	Fri Nov 19 20:25:02 +0000 2021	374	108	"Por la memoria de cada uno de ellos, debemos seguir trabajando por vía diplomática para recuperar nuestras tierras. Las Islas Malvinas fueron, son y serán argentinas.
 
Pero hoy además tenemos la oportunidad de entender qué significa ser soberanos en este tiempo. https://t.co/ng1xbkO4q4"	https://twitter.com/alferdez/status/1461792653507538944	[]
alferdez	Fri Nov 19 20:24:58 +0000 2021	1268	339	"Lanzamos la Mesa de Trabajo Interministerial “Agenda Malvinas 40 años” en vísperas del #DíaDeLaSoberaníaNacional.

Hablamos de Malvinas al hablar de soberanía porque sobre ellas nos corresponden derechos soberanos. No olvidemos que cientos de compatriotas dejaron su vida allí. https://t.co/NRKGvupJ4r"	https://twitter.com/alferdez/status/1461792637598507014	[{'text': 'DíaDeLaSoberaníaNacional', 'indices': [87, 112]}]
alferdez	Thu Nov 18 23:55:05 +0000 2021	5646	995	No es posible que policías que deben estar al servicio de la seguridad de las y los argentinos, terminen con la vida de la gente que debían proteger.	https://twitter.com/alferdez/status/1461483129634312196	[]
alferdez	Thu Nov 18 23:55:05 +0000 2021	10997	1748	"Quiero expresar toda mi solidaridad con la familia de Lucas González. Mi compromiso con su madre Cintia y su padre Mario en este momento tan doloroso. 

Pondremos todos los recursos del Estado a disposición para poder llegar a la verdad y justicia."	https://twitter.com/alferdez/status/1461483127906263043	[]
alferdez	Wed Nov 17 20:21:20 +0000 2021	20601	3390	El triunfo no es vencer, sino nunca darse por vencido. https://t.co/7GIFojUFke	https://twitter.com/alferdez/status/1461066947819282441	[]
alferdez	Tue Nov 16 20:39:47 +0000 2021	1584	409	Con @minsaurralde, jefe de Gabinete de la Provincia de Buenos Aires, coordinamos los lineamientos a futuro por un fortalecimiento del vínculo de la provincia con el Gobierno nacional. Definimos los avances en materia educativa y de seguridad, como así también presupuestaria. https://t.co/3Qf6bGl77y	https://twitter.com/alferdez/status/1460709204700848132	[]
alferdez	Tue Nov 16 20:13:07 +0000 2021	1877	371	Junto a @JuanManzurOK recibimos a @jmcapitanich, gobernador de Chaco. Dialogamos sobre el triunfo electoral en su provincia y sobre las obras de infraestructura, tanto aquellas en marcha como las que se proyectan a futuro, que van a garantizarle al pueblo chaqueño una vida mejor. https://t.co/g1JaEKLKYG	https://twitter.com/alferdez/status/1460702492115849221	[]
alferdez	Mon Nov 15 20:10:07 +0000 2021	826	201	"30° #CumbreIberoamericana |
Afirmé la urgencia de proveer liquidez al sistema financiero multilateral de desarrollo para enfrentar la pandemia, el drama ecológico y la exclusión social.

Estos puentes de unidad fomentan la reconstrucción justa y resiliente que la región necesita. https://t.co/zrUJHZEBqX"	https://twitter.com/alferdez/status/1460339350932271104	[{'text': 'CumbreIberoamericana', 'indices': [4, 25]}]
alferdez	Mon Nov 15 19:39:59 +0000 2021	3448	524	Estuve reunido con @JuanManzurOK coordinando decisiones que debemos tomar. Nos esperan grandes desafíos por delante. Debemos lograr que la recuperación económica llegue a cada familia argentina. https://t.co/eDeQitgZBz	https://twitter.com/alferdez/status/1460331766162546689	[]
alferdez	Mon Nov 15 18:14:30 +0000 2021	11318	2523	"Un día como hoy, hace 4 años, desaparecía del radar el submarino ARA San Juan y nuestro país perdía a 44 patriotas. Quiero rendir mi más sentido homenaje a cada uno de ellos y acompañar el pedido de justicia de sus familias.

#44Presentes en nuestra memoria."	https://twitter.com/alferdez/status/1460310252834881536	[{'text': '44Presentes', 'indices': [226, 238]}]
alferdez	Mon Nov 15 03:29:09 +0000 2021	1373	238	"Hoy queremos mirar hacia adelante para avanzar y poder crecer como sociedad. Creo profundamente en la Argentina.

Vamos a hacer honor a aquello que dio vida a nuestro frente electoral. Vamos a gobernar para todas y todos. Estoy seguro de que lo vamos a conseguir. https://t.co/I8jPsdHxnc"	https://twitter.com/alferdez/status/1460087449112268804	[]
alferdez	Mon Nov 15 03:29:06 +0000 2021	1380	237	Un futuro con eje en la recuperación económica, el fortalecimiento de los ingresos, la reducción de la inflación y la creación de empleo. Todo ello, en el marco de un diálogo constructivo que le dé potencia y mejor calidad a nuestra vida en democracia. https://t.co/bDZg4tWRUL	https://twitter.com/alferdez/status/1460087437061988354	[]
alferdez	Mon Nov 15 03:29:03 +0000 2021	888	205	"Tenemos derecho a la esperanza. Hablé y escuché a cientos de personas que necesitan más certidumbres. Saber que cada día estaremos un poco mejor. 

Argentina, aún en el marco de estas dificultades, viene avanzando y lo seguirá haciendo. Se abre una nueva etapa para el país. https://t.co/1PD6y4Rt1Z"	https://twitter.com/alferdez/status/1460087424969760776	[]
alferdez	Mon Nov 15 03:29:01 +0000 2021	7000	1080	"Quiero felicitar al pueblo argentino por su participación pacífica en el marco de la democracia. Cada vez que el pueblo habla, la democracia nos hace más fuertes.

Hoy empieza la segunda parte de nuestro Gobierno y sé bien que los argentinos y argentinas necesitamos un horizonte. https://t.co/Wnvg3tJvM1"	https://twitter.com/alferdez/status/1460087414647668736	[]
alferdez	Sun Nov 14 13:49:19 +0000 2021	8238	1034	"Cada día que la Argentina vota, es un día valioso e importante.

Deseo que todas las argentinas y argentinos se expresen en esta jornada de la democracia para que todos y todas construyamos el país que nos merecemos. https://t.co/4etP6wxsEN"	https://twitter.com/alferdez/status/1459881129620783104	[]
alferdez	Sun Nov 14 02:40:18 +0000 2021	1203	172	"También me visitaron @Kicillofok y @vtolosapaz y @DrDanielGollan, candidatos por la provincia de Buenos Aires.

Unidos para seguir gobernando, sabemos a quienes representamos y queremos proteger. https://t.co/m7gT5WT087"	https://twitter.com/alferdez/status/1459712767649267719	[]
alferdez	Sun Nov 14 02:40:15 +0000 2021	2259	353	"Este sábado recibí en Olivos a @SergioMassa, @wadodecorrido, @marianorecalde y a @SantoroLeandro, @MontenegroViki y @AlejandroAmorOK, candidatos del @frentedetodos por CABA.

Dialogamos sobre los desafíos de cara al domingo y a la construcción de una Argentina que siga avanzando. https://t.co/Ecv1acy0Th"	https://twitter.com/alferdez/status/1459712756526063618	[]
alferdez	Sat Nov 13 01:46:10 +0000 2021	1865	400	"Tuve el honor de felicitar a la Dra. Veronica Gómez. A propuesta de @CancilleriaARG, fue electa jueza de la Corte Interamericana de Derechos Humanos.

Es un orgullo que una persona con más de 25 años de trayectoria represente al país en uno de los 3 tribunales regionales de DDHH. https://t.co/cuRnA6Svds"	https://twitter.com/alferdez/status/1459336757250453510	[]
alferdez	Fri Nov 12 00:42:44 +0000 2021	1073	293	"Porque lo único que nos preocupa es ver en sus caras las sonrisas por estar viviendo mejor.
Con esa convicción y en unidad, #ArgentinaAvanza.
#VotáParaAdelante https://t.co/isckRLlsZ2"	https://twitter.com/alferdez/status/1458958403758297093	[{'text': 'ArgentinaAvanza', 'indices': [124, 140]}, {'text': 'VotáParaAdelante', 'indices': [142, 159]}]
alferdez	Fri Nov 12 00:42:41 +0000 2021	1195	313	"Por eso, mejoramos los ingresos, frenamos los precios de los alimentos y los medicamentos y estamos negociando una deuda para sacar de la postergación a nuestro pueblo.

Estos dos años vamos a dejar todo para seguir mirando a los ojos a cada argentina y cada argentino. https://t.co/OI8yjvIk8m"	https://twitter.com/alferdez/status/1458958392198795291	[]
alferdez	Fri Nov 12 00:42:38 +0000 2021	854	262	"Un país que está entre los que más vacunaron, donde el sistema de salud se restableció después de 4 años de olvido y en el que se amplían derechos.

En menos de dos años, pandemia de por medio, hicimos mucho, pero ese crecimiento todavía no les estaba llegando a todas y todos. https://t.co/GqHwzfofsC"	https://twitter.com/alferdez/status/1458958380425383948	[]
alferdez	Fri Nov 12 00:42:35 +0000 2021	8254	1838	"Este domingo les pido que nos acompañen. Depende de cada una y cada uno seguir construyendo la Argentina que merecemos.

Una Argentina que crece más de un 9%, que creó más de 200 mil empleos, en la que los salarios le están ganando a la inflación y donde las empresas invierten. https://t.co/8myxXaKfgu"	https://twitter.com/alferdez/status/1458958369134317571	[]
alferdez	Thu Nov 11 19:07:03 +0000 2021	15339	4838	Es muy doloroso escuchar al expresidente Macri tratando de justificar lo que hizo endeudando a la Argentina. La dejó de rodillas y nosotros la estamos poniendo de pie. Sigamos hacia adelante para no volver atrás. 🇦🇷❤️ https://t.co/rEJJO1egSi	https://twitter.com/alferdez/status/1458873926977822725	[]
alferdez	Thu Nov 11 15:05:35 +0000 2021	1967	587	"Somos un pueblo maravilloso que invierte, sale adelante con trabajo y convoca cada día a construir la patria justa y solidaria que soñamos.

Que no nos hagan creer lo contrario. 
Abracemos esa Argentina por la que tanto trabajamos. https://t.co/5jSLNQfIGX"	https://twitter.com/alferdez/status/1458813161268776966	[]
alferdez	Thu Nov 11 01:26:00 +0000 2021	692	166	"También recorrí una fábrica de productos eléctricos que está en plena expansión y donde 180 personas encuentran su sustento diario.

En Lomas de Zamora y en todo el país, estamos para garantizar que se sigan generando puestos de trabajo y que todas las personas tengan empleo. https://t.co/xdBfXWnbMC"	https://twitter.com/alferdez/status/1458606907317309440	[]
alferdez	Thu Nov 11 01:25:58 +0000 2021	2133	446	"Conversé con más de 200 jóvenes de Lomas sobre ese mundo más justo que queremos construir. Porque la política es eso, indignarnos con las injusticias y trabajar para reducirlas.

Me emociona profundamente ver que la juventud argentina abraza la política por un futuro mejor. https://t.co/e3n9Tu9gD1"	https://twitter.com/alferdez/status/1458606896642883584	[]
alferdez	Wed Nov 10 18:40:10 +0000 2021	1701	540	"Conversé con mujeres industriales y beneficiarias del programa #MiPieza en Moreno.

En encuentros como este uno percibe cómo la política puede mejorar la vida de las personas. No es todo lo mismo. https://t.co/Zkurr0W91j"	https://twitter.com/alferdez/status/1458504774266064896	[{'text': 'MiPieza', 'indices': [63, 71]}]
alferdez	Wed Nov 10 00:00:02 +0000 2021	619	185	"Queremos que todas y todos trabajen, no que los empresarios puedan despedir. Frenar el aumento de precios, en lugar de apoyarlo. Que haya dinero en el país, no en el bolsillo de los acreedores.

Para construir esa Argentina necesitamos de cada voto. No queremos volver atrás. https://t.co/omjkEscsPj"	https://twitter.com/alferdez/status/1458222882648064002	[]
alferdez	Tue Nov 09 23:59:59 +0000 2021	527	122	"A través de él, damos asistencia económica a mujeres de barrios populares para refacciones o ampliaciones de viviendas. Dialogué además con mujeres de la red de víctimas de violencia de género de la zona.

Nosotros sabemos las preocupaciones e intereses que representamos. https://t.co/sfVK373Cbc"	https://twitter.com/alferdez/status/1458222869201051650	[]
alferdez	Tue Nov 09 23:59:56 +0000 2021	1545	409	"Recorrí un parque industrial en Moreno al que se sumaron 50 firmas, mayormente conducidas por mujeres. Allí se instaló una planta asfáltica que permite pavimentar todos los barrios del distrito.

También, en el comedor La Chicharra, hablé con beneficiarias del programa #MiPieza. https://t.co/HPAvrGttGO"	https://twitter.com/alferdez/status/1458222859084464131	[{'text': 'MiPieza', 'indices': [270, 278]}]
alferdez	Tue Nov 09 18:35:34 +0000 2021	4243	1164	"Se cumple un año de cuando, después de exilio y persecución, @evoespueblo regresó a Bolivia. 

Aquí lo cuidamos sabiendo que así cuidábamos la democracia que en Bolivia se había perdido. 

Un momento que marcó la vida de la democracia en Bolivia y en América Latina. No olvidar. https://t.co/DXyvOiYVtU"	https://twitter.com/alferdez/status/1458141227908571139	[]
alferdez	Tue Nov 09 13:17:57 +0000 2021	1662	499	"Ayer fui testigo de esa Argentina por la que trabajamos.

La vi en la fábrica textil @tocki_co que no para de crecer. Y en la juventud de San Martín cuya voluntad de transformación nos impulsa.

#ArgentinaAvanza https://t.co/63ME5cB9Jn"	https://twitter.com/alferdez/status/1458061296029609991	[{'text': 'ArgentinaAvanza', 'indices': [195, 211]}]
alferdez	Tue Nov 09 00:49:21 +0000 2021	1471	376	"Participé del cierre del encuentro de #Argentina2030: los desafíos de la Ciencia y la Tecnología.

Debemos seguir dotando de recursos a la educación, la ciencia y la tecnología en cada rincón del país. En el conocimiento está la fortaleza y la soberanía de una nación. https://t.co/q9xBkE51ym"	https://twitter.com/alferdez/status/1457872907258920964	[{'text': 'Argentina2030', 'indices': [38, 52]}]
alferdez	Tue Nov 09 00:01:59 +0000 2021	667	152	"Además, junto a @vtolosapaz, me encontré con más de 300 jóvenes.

Fue muy valioso escuchar sus preocupaciones y experiencias. Confío en nuestra juventud y en su voluntad de transformación para que nuestro país no retroceda. Tienen mi compromiso con dar respuesta a sus reclamos. https://t.co/6g240ps5ZM"	https://twitter.com/alferdez/status/1457860984807182336	[]
alferdez	Tue Nov 09 00:01:55 +0000 2021	740	169	"Hoy cuentan con 64 máquinas y esperan incorporar 10 más, lo que les permitió aumentar su producción y generar más empleo.

Esa es la Argentina por la que trabajamos y se refleja en los números. Somos la segunda economía que más ha crecido en el mundo. https://t.co/Srx3lFYEot"	https://twitter.com/alferdez/status/1457860971100131337	[]
alferdez	Tue Nov 09 00:01:53 +0000 2021	1936	454	"En San Martín visité la fábrica textil @tocki_co. En 2019 tenían 32 máquinas cuando hablé con Mauricio, su dueño en aquel entonces.

Me dijo: “Ustedes ganen las elecciones, nosotros nos ocupamos de salir adelante”. Le prometí poner en marcha la economía. https://t.co/yxaLvstIxR"	https://twitter.com/alferdez/status/1457860959108677635	[]
alferdez	Mon Nov 08 18:23:55 +0000 2021	3060	965	"Recibí al grupo francés Eramet, quien me anunció que invertirá US$ 400 millones en el país.

Retomará la construcción de una planta de litio en Salta, lo que generará más de 2 mil puestos de trabajo. El fruto de un diálogo continuo con la empresa y de una Argentina que avanza. https://t.co/LpmhM3yQ5H"	https://twitter.com/alferdez/status/1457775907507040265	[]
alferdez	Mon Nov 08 02:43:34 +0000 2021	438	101	"Logros como la inauguración de universidades u obras de infraestructura no se consiguen de un día para el otro. Tal como en la maratón que presencié, es un camino largo que requiere de trabajo incansable y de absoluto compromiso.

#ArgentinaAvanza con esa firmeza y determinación."	https://twitter.com/alferdez/status/1457539260853088257	[{'text': 'ArgentinaAvanza', 'indices': [231, 247]}]
alferdez	Mon Nov 08 02:43:33 +0000 2021	422	91	Nos contó, conmovida, como hoy gracias a la @UNPAZ_Oficial, para la juventud de José C. Paz ya no es tan difícil. Pueden estudiar en el lugar donde nacieron.	https://twitter.com/alferdez/status/1457539259146010624	[]
alferdez	Mon Nov 08 02:43:33 +0000 2021	166	46	"Paramos a tomar un café y nos encontramos con Alexa y su familia.

Ella es la primera generación con un título universitario. Título que le requirió de un enorme esfuerzo; tenía 4 horas de viaje por día para poder estudiar en la Facultad de Medicina de la UBA."	https://twitter.com/alferdez/status/1457539257413746698	[]
alferdez	Mon Nov 08 02:43:33 +0000 2021	145	49	Con la misma convicción, el intendente @ishiiargentina nos mostró las obras que se están desarrollando por una mejor calidad de vida. También vimos proyectos a futuro como la concreción del Polo Industrial y la Zona Franca que beneficiará a habitantes de José C. Paz y de Moreno.	https://twitter.com/alferdez/status/1457539255819857921	[]
alferdez	Mon Nov 08 02:42:30 +0000 2021	1543	360	"Compartí la tradicional maratón de José C. Paz con familias de la localidad. 

Junto a @vtolosapaz recibimos el afecto de cada una de ellas, una inyección de fuerza que nos impulsa a seguir poniendo a la Argentina en marcha. https://t.co/s6EHe6SeBN"	https://twitter.com/alferdez/status/1457538992417787908	[]
alferdez	Sun Nov 07 15:27:59 +0000 2021	2656	560	"Ayer en Quilmes visité a Agustina, una de mis alumnas de la Facultad de Derecho de la UBA, y me encontré con Natalia, su mamá.

Me guardo cada una de sus palabras en el corazón. https://t.co/OuYHCTuclH"	https://twitter.com/alferdez/status/1457369245457731587	[]
alferdez	Sun Nov 07 13:59:50 +0000 2021	9605	2914	"#ArgentinaAvanza y está en marcha.

Votá, no volvamos para atrás.
El presente y el futuro es con todas y todos. https://t.co/CYFiBCOb6c"	https://twitter.com/alferdez/status/1457347063839133696	[{'text': 'ArgentinaAvanza', 'indices': [0, 16]}]
alferdez	Sun Nov 07 11:44:33 +0000 2021	2409	644	Acá está el Estado construyendo futuro por un país que no deje a nadie afuera. https://t.co/CxGuR11tLu	https://twitter.com/alferdez/status/1457313015100022786	[]
alferdez	Sat Nov 06 22:48:45 +0000 2021	402	104	"También, junto a @MalenaMassa recorrí las obras de ampliación de la capacidad de potabilización de la Planta Gral. Belgrano. Incrementará su capacidad en 1.000.000 m3/día, garantizando mejores condiciones de vida para las familias argentinas.

Crece Quilmes. Crece nuestra patria. https://t.co/JCm4DILoW9"	https://twitter.com/alferdez/status/1457117781263069186	[]
alferdez	Sat Nov 06 22:48:42 +0000 2021	486	112	"Más tarde, visité Cattorini Hermanos, la fábrica de botellas de vidrio más grande del país.

Está en el distrito hace 70 años y emplea a 800 personas, a quienes pude escuchar y dar respuesta. #Sí a un Estado presente que acompañe a quien invierte, produce y genera trabajo formal. https://t.co/c6wujkmfj1"	https://twitter.com/alferdez/status/1457117769959366664	[{'text': 'Sí', 'indices': [192, 195]}]
alferdez	Sat Nov 06 22:48:39 +0000 2021	1559	392	"Junto a la intendenta @mayrasmendoza, estuve en Quilmes con vecinas y vecinos de Villa la Florida, entre ellos, Agustina, una de mis alumnas de la Facultad de Derecho de la UBA.

El futuro de la Argentina se construye puerta a puerta, #VotoAVoto, escuchando al pueblo. https://t.co/U15YLplp7Y"	https://twitter.com/alferdez/status/1457117756982169601	[{'text': 'VotoAVoto', 'indices': [235, 245]}]
alferdez	Sat Nov 06 17:01:39 +0000 2021	8725	1251	"La bandera LGBTI+ flamea en todo el país con grandes motivos de celebración.

Después de tanto, vuelve a las calles un colectivo que tiene nuestro compromiso con seguir trabajando por una sociedad más justa, libre e igualitaria.

#30Marchas #Orgullo2021 🏳️‍🌈🏳️‍⚧️ https://t.co/GACfoaL3TJ"	https://twitter.com/alferdez/status/1457030431421915144	[{'text': '30Marchas', 'indices': [230, 240]}, {'text': 'Orgullo2021', 'indices': [241, 253]}]
alferdez	Fri Nov 05 11:27:36 +0000 2021	987	228	"Este ejemplar maravilloso de @alfreserramanci describe el momento que permitió que hoy @evoespueblo esté acá y que Bolivia viva en democracia.

Quienes lo cuidamos y le dimos asilo fuimos instrumentos de la voluntad de las bolivianas y bolivianos. A Evo lo salvó su pueblo. https://t.co/GI6zZJCmq1"	https://twitter.com/alferdez/status/1456583976160833538	[]
alferdez	Fri Nov 05 11:27:33 +0000 2021	4016	815	"El libro “Evo: Operación Rescate”, del que tuve el honor de escribir el prólogo, relata el instante en el que la vida de quien cambió la historia de Bolivia estaba en juego.

En un momento así, solo se puede estar de un lado, del lado de la justicia. https://t.co/5Lmt7DWYWk"	https://twitter.com/alferdez/status/1456583961820516358	[]
alferdez	Thu Nov 04 14:31:00 +0000 2021	19441	2128	"Todo mi cariño.
Te deseo una pronta recuperación.
Nos vemos muy pronto.
Besos. 
#FuerzaCristina https://t.co/I6kiMB8k7Z"	https://twitter.com/alferdez/status/1456267742235926535	[{'text': 'FuerzaCristina', 'indices': [80, 95]}]
alferdez	Tue Nov 02 21:35:02 +0000 2021	1778	487	Cumbre de Líderes de la @COP26 en Glasgow. https://t.co/aHFZNQpZMT	https://twitter.com/alferdez/status/1455649678062669834	[]
alferdez	Tue Nov 02 18:46:15 +0000 2021	1014	277	"Felicito a Haydeé Viola y @PeinettiAna a quienes @FilmusDaniel entregó el Premio @lorealargentina-@UNESCO CONICET ""#PorLasMujeresEnLaCiencia"". 

Ambas pusieron su saber al servicio de la respuesta al covid-19. Ana es científica repatriada a través de nuestro Programa Raíces. https://t.co/e7oAQybL2o"	https://twitter.com/alferdez/status/1455607202442584068	[{'text': 'PorLasMujeresEnLaCiencia', 'indices': [115, 140]}]
alferdez	Tue Nov 02 13:26:41 +0000 2021	506	130	"Nuestro país ha adoptado la lucha contra el cambio climático como política de Estado.

Que esta #COP26 no quede solo en palabras. Es tiempo de actuar juntos por el presente y el futuro de nuestro planeta."	https://twitter.com/alferdez/status/1455526779871846401	[{'text': 'COP26', 'indices': [96, 102]}]
alferdez	Tue Nov 02 13:26:41 +0000 2021	550	146	Debemos crear mecanismos de pago por servicios ecosistémicos, canje de deuda por clima y aplicar la emisión de los DEGs del FMI a un pacto de solidaridad ambiental que incluya a los países en desarrollo y que sirva para extender los plazos de las deudas y para reducir las tasas.	https://twitter.com/alferdez/status/1455526778403901441	[]
alferdez	Tue Nov 02 13:26:40 +0000 2021	1680	438	"La pandemia desnudó una crisis climática, económica y social.

A través de su ecosistema, países como Argentina sostienen los medios de vida de todo el planeta. Es imperioso que los aportes se inscriban en el marco de responsabilidades comunes, pero diferenciadas.

#COP26 https://t.co/Iq2yDg7zo8"	https://twitter.com/alferdez/status/1455526775233019904	[{'text': 'COP26', 'indices': [266, 272]}]
alferdez	Mon Nov 01 21:08:40 +0000 2021	1230	271	"En la COP26 me reuní con los directivos de la empresa, Andrew Forrest, @JulieShuttlewth, @AP9_, Todd Clewett y Sebastián Delgui.
 
Esto coloca a la vanguardia de la transición ecológica a nuestro país, que pronto podrá ser proveedor mundial de uno de los combustibles del futuro."	https://twitter.com/alferdez/status/1455280654824861700	[]
alferdez	Mon Nov 01 21:08:39 +0000 2021	8915	2307	"La empresa australiana de energía @FortescueFuture nos anunció que invertirá US$ 8.400 millones en Argentina para producir hidrógeno verde.
 
Será la inversión internacional más grande del siglo en el país y generará más de 15 mil empleos directos y entre 40 y 50 mil indirectos. https://t.co/O1izVa0eg9"	https://twitter.com/alferdez/status/1455280652056608771	[]
alferdez	Mon Nov 01 11:50:35 +0000 2021	2473	511	Segundo día de la Cumbre de Líderes del G20. https://t.co/R3yNRnitA7	https://twitter.com/alferdez/status/1455140209247543302	[]
alferdez	Sun Oct 31 23:24:02 +0000 2021	1960	592	"En la tercera plenaria del #G20, sostuve que las brechas de bienestar corren el riesgo de volverse una fractura catastrófica. Desafío que solo superaremos con un nuevo paradigma financiero internacional.

Es tiempo de construir puentes de fraternidad y dejar atrás el egoísmo. https://t.co/hgovzkaOsy"	https://twitter.com/alferdez/status/1454952334748962818	[{'text': 'G20', 'indices': [27, 31]}]
alferdez	Sun Oct 31 21:04:58 +0000 2021	559	129	"Indiqué la importancia de que la OMS apruebe la vacuna Sputnik V y @DrTedros señaló que están avanzando hacia ello.

Compartimos que es necesario hacer un esfuerzo conjunto para disminuir la inequidad en el acceso y distribución de las vacunas contra el covid-19."	https://twitter.com/alferdez/status/1454917336561979392	[]
alferdez	Sun Oct 31 21:04:58 +0000 2021	570	163	"Asimismo, me reuní con @DrTedros, director general de la OMS quien felicitó a nuestro país por el manejo de la pandemia, el alcance del plan de vacunación y por obtener vacunas de diversos laboratorios.

Destacó la baja en los casos y en los fallecimientos que registra Argentina. https://t.co/8VPj5x0pAA"	https://twitter.com/alferdez/status/1454917333676290048	[]
alferdez	Sun Oct 31 21:04:56 +0000 2021	236	60	"También en materia de DDHH, igualdad de género y cambio climático. 

Acordamos en la importancia de impulsar juntos el desarrollo minero sustentable, siendo Canadá el 1° inversor, y en profundizar las inversiones y el comercio en el rubro agroalimentario y energético."	https://twitter.com/alferdez/status/1454917326122348544	[]
alferdez	Sun Oct 31 21:04:55 +0000 2021	2213	427	"Con @JustinTrudeau celebramos la excelente relación entre Argentina y Canadá.

Le agradecí la donación de más de 500 mil vacunas y su apoyo en la Declaración sobre la Cuestión Malvinas en la OEA. Repasamos los avances en desarrollo sostenible y empleo y seguridad social. https://t.co/WKITnXCQnr"	https://twitter.com/alferdez/status/1454917323387588615	[]
alferdez	Sun Oct 31 16:49:00 +0000 2021	512	110	"Los efectos de esta transición pueden ser negativos para naciones en desarrollo si no se tiene en cuenta esta condición desigual.

Debemos avanzar en acuerdos sostenibles en materia de deuda externa e identificar los avances en tecnologías limpias como bienes públicos globales."	https://twitter.com/alferdez/status/1454852918956462082	[]
alferdez	Sun Oct 31 16:48:59 +0000 2021	571	149	"Los países que produjeron la mayor huella ambiental dominan las tecnologías para reducir el impacto sobre el medio ambiente. Por lo tanto, para ellos la transición tendrá un efecto ambiental y económico positivo.

Los países de renta media enfrentamos un desafío mayor."	https://twitter.com/alferdez/status/1454852917006045188	[]
alferdez	Sun Oct 31 16:48:59 +0000 2021	2148	500	"Durante la segunda sesión plenaria del #G20 sobre cambio climático y medio ambiente, remarqué la importancia de canjear deuda externa por acción climática y de menores tasas y plazos de pago más extensos.

La justicia ambiental requiere justicia financiera global. https://t.co/qpX7wC1wLO"	https://twitter.com/alferdez/status/1454852914455908352	[{'text': 'G20', 'indices': [39, 43]}]
alferdez	Sun Oct 31 12:08:18 +0000 2021	322	88	"Coincidimos en la importancia de que el G20 y la @ONU_es generen mayores compromisos sobre este tema.

Le comenté la Estrategia Nacional de Inclusión Financiera 2020-2023 que lanzamos para reducir brechas de género y por un acceso igualitario a productos y servicios financieros."	https://twitter.com/alferdez/status/1454782278454841352	[]
alferdez	Sun Oct 31 12:08:17 +0000 2021	1166	245	"Me reuní con la asesora del secretario general de @ONU_es sobre inclusión financiera para el desarrollo @UNSGSA, la reina Máxima de los Países Bajos.

Analizamos mecanismos para fortalecer la inclusión financiera en países en desarrollo, sobre todo en el escenario pospandemia. https://t.co/YZmSA8HFB0"	https://twitter.com/alferdez/status/1454782275845984260	[]
alferdez	Sun Oct 31 11:50:33 +0000 2021	2223	472	Primer día de la Cumbre de Líderes del G20. https://t.co/4JNqMwxlJG	https://twitter.com/alferdez/status/1454777810623635457	[]
alferdez	Sat Oct 30 20:23:43 +0000 2021	1006	241	"Junto a @sanchezcastejon nos preocupan los desafíos que deja la pandemia. Reconocí la acción solidaria de su gobierno al donar 2.202.800 de vacunas al país a través de COVAX.

España es el 2° inversor externo de la Argentina. Acordamos reforzar esa relación económico-comercial. https://t.co/ZxyYfd02IU"	https://twitter.com/alferdez/status/1454544564828573703	[]
alferdez	Sat Oct 30 19:10:50 +0000 2021	397	106	"Compartimos el interés en ampliar la agenda comercial y de inversiones y los vínculos entre empresas argentinas y francesas del sector de energías renovables, infraestructura y automotriz e impulsar la cooperación científico-tecnológica.

Un buen encuentro con un buen amigo."	https://twitter.com/alferdez/status/1454526224361947138	[]
alferdez	Sat Oct 30 19:10:49 +0000 2021	1358	308	"Con @emmanuelmacron, presidente de Francia, reafirmamos las visiones compartidas en torno a la acción climática, la preservación de la biodiversidad, la defensa de los DDHH y la igualdad de género.

Agradecí el apoyo de su país a la negociación con el Club de París y el FMI. https://t.co/HdkgpgW6wC"	https://twitter.com/alferdez/status/1454526221694365699	[]
alferdez	Sat Oct 30 18:49:37 +0000 2021	2372	571	Buen encuentro con la directora gerente del FMI, @KGeorgieva, para avanzar en negociaciones que nos permitan salir del lugar social y económicamente insostenible en donde el gobierno que me precedió dejó a nuestra amada Argentina. Negociar con firmeza es recuperar soberanía. https://t.co/1ejZUHyQLy	https://twitter.com/alferdez/status/1454520884572553219	[]
alferdez	Sat Oct 30 18:12:20 +0000 2021	614	135	"Su país es nuestro principal socio comercial en la UE. En 2020 el comercio bilateral superó los 2.700 millones de dólares, lo que indica una gran complementariedad y auspiciosas perspectivas a futuro.

Celebro este panorama y haber podido despedir a una líder invaluable."	https://twitter.com/alferdez/status/1454511502019358723	[]
alferdez	Sat Oct 30 18:12:19 +0000 2021	2573	490	"Me honra haber compartido un encuentro bilateral con la canciller federal de Alemania, Angela Merkel.

Le reiteré mi agradecimiento por el apoyo de Alemania para que Argentina logre un acuerdo sustentable con el Club de París y con el FMI. https://t.co/3CoN0GE6pm"	https://twitter.com/alferdez/status/1454511498873634818	[]
alferdez	Sat Oct 30 17:49:32 +0000 2021	483	155	"Quienes renegamos de un mundo donde la riqueza se concentra y la pobreza hunde a millones debemos convocar a igualar nuestras sociedades.

Llamo a que el G20 se involucre en la tarea de que la ética social le dé contenido a la economía."	https://twitter.com/alferdez/status/1454505765260050437	[]
alferdez	Sat Oct 30 17:49:32 +0000 2021	391	106	"El capitalismo de la producción y del trabajo se encuentra sometido a esta lógica especulativa.

Situación de desigualdad que se profundizó con la pandemia. Casi el 80% de las vacunas se aplicaron en países de altos ingresos. La vacuna contra el covid-19 debe ser un bien global."	https://twitter.com/alferdez/status/1454505763603292165	[]
alferdez	Sat Oct 30 17:49:31 +0000 2021	1169	332	"En la 1° jornada del #G20 sobre Economía y Salud Global, alcé la voz por nuevas reglas para el sistema financiero internacional.

La deuda con el FMI que heredamos es un claro ejemplo de cómo el sistema actual prioriza a la especulación por sobre el desarrollo de los pueblos. https://t.co/tSpj7b997d"	https://twitter.com/alferdez/status/1454505760851836932	[{'text': 'G20', 'indices': [21, 25]}]
alferdez	Sat Oct 30 13:55:56 +0000 2021	11409	2031	"No sé cuántas personas tienen la posibilidad de hacer feliz a todo un pueblo.

Único y eterno. Gracias, Diego.

#FelizCumpleDiego #DiegoEterno https://t.co/6higq2J74t"	https://twitter.com/alferdez/status/1454446978981670918	[{'text': 'FelizCumpleDiego', 'indices': [112, 129]}, {'text': 'DiegoEterno', 'indices': [130, 142]}]
alferdez	Thu Oct 28 01:32:16 +0000 2021	996	170	Tengo la tristeza de no tenerlo a Néstor, pero la certeza absoluta de que mi destino es hacer la Argentina libre, justa y soberana que él se propuso. https://t.co/CyIPBiq1bL	https://twitter.com/alferdez/status/1453535053812731908	[]
alferdez	Thu Oct 28 01:32:14 +0000 2021	973	181	Él es la luz que nos lleva a premiar a quienes invierten, producen, dan trabajo y no a quienes especulan. A cuidar los precios y el bolsillo del pueblo en lugar de dejarlo en manos del mercado. A priorizar a las argentinas y argentinos en lugar de arrodillarnos ante el FMI. https://t.co/s9vPDU0tDo	https://twitter.com/alferdez/status/1453535042332942338	[]
alferdez	Thu Oct 28 01:32:12 +0000 2021	4494	730	"En el homenaje a Néstor, vi las mismas caras que veíamos juntos en 2003. Caras que reclaman más empleo, trabajo y producción.
 
A su lado aprendí que lo más importante es sacar de la postergación a la Argentina. Ese es el rumbo que nos ha marcado, uno que integra a todas y todos. https://t.co/145zH4ToGi"	https://twitter.com/alferdez/status/1453535033520709632	[]
alferdez	Wed Oct 27 23:37:47 +0000 2021	887	258	"El jueves visité el Instituto Modelo San José de Temperley y pude conversar con estudiantes. Con interés de seguir dialogando sobre la situación educativa, hoy recibí a Malena y Damián, dos de sus docentes.

#Sí a escuchar y dar respuesta por la educación de nuestra juventud. https://t.co/imKFohwWoW"	https://twitter.com/alferdez/status/1453506241968345094	[{'text': 'Sí', 'indices': [208, 211]}]
alferdez	Wed Oct 27 20:48:58 +0000 2021	12167	1143	Vamos a homenajear a Néstor. https://t.co/sd7mk0uahB	https://twitter.com/alferdez/status/1453463757544431617	[]
alferdez	Wed Oct 27 19:28:08 +0000 2021	3266	582	"Entregamos el Collar de la Orden del Libertador San Martín, la condecoración más importante del Estado, a Pepe Mujica.

Reconocemos a un emblema político por su compromiso con el pueblo, su conducta y su capacidad para unirnos a los argentinos y uruguayos y a toda Latinoamérica. https://t.co/PhlgvkkptH"	https://twitter.com/alferdez/status/1453443413601292294	[]
alferdez	Wed Oct 27 13:51:11 +0000 2021	6197	1385	"Hace 11 años partía la persona que le dio al pueblo argentino una vida mejor y a mí, una amistad sin igual.

Su recuerdo nos guía y nos convoca.
Hoy y siempre, #TodosConNéstor.

#NéstorVive https://t.co/9UhXSoaS0h"	https://twitter.com/alferdez/status/1453358619999756293	[{'text': 'TodosConNéstor', 'indices': [160, 175]}, {'text': 'NéstorVive', 'indices': [178, 189]}]
alferdez	Tue Oct 26 20:53:28 +0000 2021	595	163	"A su vez, la PyME Microenvases puso en marcha una máquina, financiada a través del @bice_arg, que propiciará mayor producción y empleo.

Trabajamos por esta industria argentina independiente y pujante en la que las empresas se desarrollan con inversiones, trabajo y exportaciones. https://t.co/hdvMCU1A9s"	https://twitter.com/alferdez/status/1453102500760883205	[]
alferdez	Tue Oct 26 20:53:25 +0000 2021	2330	566	"En Avellaneda, fui testigo de la reactivación económica al visitar dos empresas que invierten para expandir su producción.

Con US $11 millones, la cooperativa DURAX-Cristalux construye un horno de 90 toneladas de extracción diaria. La posicionará como líder argentina en vajilla. https://t.co/lYe1foC69k"	https://twitter.com/alferdez/status/1453102489046241280	[]
alferdez	Sat Oct 23 01:03:39 +0000 2021	4482	575	"Tras 16 años al poder y 107 cumbres de la UE, la canciller alemana Angela Merkel fue ovacionada por las y los líderes europeos.

Así expresaron su reconocimiento a una trayectoria singular. Me sumo al merecido homenaje a una mujer que ha dejado huella. https://t.co/V8bfWfq6M3"	https://twitter.com/alferdez/status/1451715912667578373	[]
alferdez	Fri Oct 22 15:36:45 +0000 2021	5270	706	"Quiero desearle un feliz cumpleaños a Estela de Carlotto, emblema de los derechos humanos en la patria y en el mundo.

Su espíritu nos guía y nos fortalece. La saludo con todo el cariño y con todo el honor. https://t.co/hLdH7YfcdM"	https://twitter.com/alferdez/status/1451573244637614080	[]
alferdez	Fri Oct 22 15:13:17 +0000 2021	2698	626	"Hoy es el Día Nacional del Derecho a la Identidad en homenaje a @abuelasdifusion.

44 años de lucha incansable en manos de mujeres que han marcado nuestra historia. El pueblo las acompaña.

#Abuelas44años https://t.co/Q5m71MxqDU"	https://twitter.com/alferdez/status/1451567342136270864	[{'text': 'Abuelas44años', 'indices': [190, 204]}]
alferdez	Thu Oct 21 01:05:03 +0000 2021	638	160	"También, dialogamos acerca del programa de Compre Social y de los créditos no bancarios para PyMEs y cooperativas.

#Sí a políticas por trabajo formal para nuestro pueblo."	https://twitter.com/alferdez/status/1450991485902475264	[{'text': 'Sí', 'indices': [116, 119]}]
alferdez	Thu Oct 21 01:05:02 +0000 2021	2608	628	"Ayer publicamos un decreto que convierte planes sociales en empleo. 

Hoy analizamos un proyecto de ley para formalizar a trabajadoras y trabajadores de la economía popular con la creación de un monotributo productivo. https://t.co/I1Wt2PoUl5"	https://twitter.com/alferdez/status/1450991481800462338	[]
alferdez	Wed Oct 20 14:57:45 +0000 2021	1134	314	"Participé de la Cumbre de Finanzas en Común 2021.

Los países de renta media atravesamos una triple crisis de pandemia, cambio climático y deuda. La respuesta debe ser multilateral, inclusiva y sostenible con una nueva arquitectura financiera internacional. El tiempo es ahora. https://t.co/OQWRlHkkTI"	https://twitter.com/alferdez/status/1450838655870717969	[]
alferdez	Wed Oct 20 00:53:40 +0000 2021	410	88	"También me reuní con representantes del turismo. Una industria muy dañada que, en su mayoría, emplea a mujeres. 

Con políticas como el ATP y el PreViaje, hemos hecho un esfuerzo enorme para preservarla y garantizar sus trabajos. Recibimos con emoción que hoy se ponga de pie. https://t.co/smARhoEz1I"	https://twitter.com/alferdez/status/1450626237014036482	[]
alferdez	Wed Oct 20 00:53:38 +0000 2021	1252	243	"En mi primera vez en Puerto Madryn, quedé impactado por su belleza y por la inmensidad y potencia industrial de Aluar, empresa argentina de aluminio.

Me reuní con sus directivos quienes anunciaron más inversiones en el país y una ampliación de la planta que generará 600 empleos. https://t.co/jIaEqhy3or"	https://twitter.com/alferdez/status/1450626225710370816	[]
alferdez	Tue Oct 19 23:53:17 +0000 2021	1361	284	"Me alegra haber compartido un acto del @FrenteDeTodos junto a las y los chubutenses.

En este tiempo que viene, tenemos el deber de cambiar la realidad desigual que vivimos por una que abrace a todas y todos. Ratifiqué mi compromiso con seguir trabajando hacia ello. https://t.co/ehBdgB8LNI"	https://twitter.com/alferdez/status/1450611040497012740	[]
alferdez	Tue Oct 19 23:19:41 +0000 2021	303	92	"En los dos años que vienen, vamos a poner toda la garra para hacer lo que la pandemia nos impidió.

Es la fortaleza, el acompañamiento y la unidad del pueblo lo que nos hizo llegar donde llegamos y lo que hoy necesitamos para lograrlo. https://t.co/zlUcEYxkeK"	https://twitter.com/alferdez/status/1450602581877788672	[]
alferdez	Tue Oct 19 23:19:37 +0000 2021	927	265	"Llegamos a Chubut con más de $12.176 millones para invertir en el marco del programa Capitales Alternas.
 
Escuché a las vecinas y vecinos de Comodoro Rivadavia y, tal como hicimos hoy, seguiremos dando respuesta por más desarrollo y mejor calidad de vida en cada rincón del país. https://t.co/Gojh21Uh0v"	https://twitter.com/alferdez/status/1450602568489619462	[]
alferdez	Tue Oct 19 01:05:33 +0000 2021	1510	451	"Por el otro, están quienes dicen que no.

No quieren sentarse a dialogar. No quieren encontrar soluciones. En su lugar, ponen palos en la rueda que nos impiden avanzar.

Pero persistiremos y los convocaremos una vez más. La Argentina se merece que digan que sí."	https://twitter.com/alferdez/status/1450266836407238659	[]
alferdez	Tue Oct 19 01:05:32 +0000 2021	2830	947	"Hay dos caminos:

Por un lado, estamos quienes le decimos #Sí a un diálogo sincero y profundo para abordar los grandes retos de la Argentina.

Quienes estamos absolutamente comprometidos con encontrar acuerdos por un país mejor para nuestro pueblo.

🔗 https://t.co/2xSMTRLc97 https://t.co/hR5ywJnUf6"	https://twitter.com/alferdez/status/1450266833882288129	[{'text': 'Sí', 'indices': [58, 61]}]
alferdez	Tue Oct 19 00:22:01 +0000 2021	5746	964	"Quiero agradecer y felicitar a la CGT y a los movimientos sociales que expresaron en una multitudinaria marcha la fuerza y la unidad que nuestra Patria demanda. 

Unidos levantemos las banderas de una Argentina con más producción, más desarrollo y más trabajo. 

#DíaDeLaLealtad https://t.co/BaOJxQQYSu"	https://twitter.com/alferdez/status/1450255883909222403	[{'text': 'DíaDeLaLealtad', 'indices': [263, 278]}]
alferdez	Mon Oct 18 22:53:42 +0000 2021	2429	463	"Anunciamos un aumento salarial del 10% para investigadoras e investigadores del CONICET.

Desde noviembre, el salario real de 15 mil personas será 18% mayor al de 2019. Es nuestro deber que su remuneración esté a la altura de su excelencia y del enorme esfuerzo que han hecho. https://t.co/z9J0TQV7IV"	https://twitter.com/alferdez/status/1450233657700978695	[]
alferdez	Mon Oct 18 19:03:25 +0000 2021	1747	517	"A partir de noviembre, el monto de la Tarjeta Alimentar pasa a depositarse en la cuenta de la AUH.

Así, las familias van a poder organizar mejor sus compras y se amplían las posibilidades de consumo. Podrán utilizar el dinero extrayéndolo del cajero o comprando con débito. https://t.co/XMKJ0ky86x"	https://twitter.com/alferdez/status/1450175704704946176	[]
alferdez	Mon Oct 18 18:54:12 +0000 2021	556	148	"Eso pasa cuando el Estado se desentiende de su tierra pensando que los mercados resuelven todo.

Hoy en la provincia se recupera el empleo y se reduce la pobreza con políticas activas que facilitan el desarrollo. #Sí a una Argentina pujante que crezca en todas sus latitudes. https://t.co/4FUpiMU6O5"	https://twitter.com/alferdez/status/1450173386802356225	[{'text': 'Sí', 'indices': [213, 216]}]
alferdez	Mon Oct 18 18:54:10 +0000 2021	1687	458	"Anunciamos la extensión por 15 años del régimen de promoción industrial de Tierra del Fuego.
Entre 2016 y 2019 la producción de electrónicos y electrodomésticos se redujo a la mitad. Una industria que empleaba a más de 15 mil fueguinas y fueguinos pasó a emplear a menos de 8 mil. https://t.co/nVhmTxMviz"	https://twitter.com/alferdez/status/1450173377956638721	[]
alferdez	Sun Oct 17 16:20:44 +0000 2021	2120	401	"Hoy, #17DeOctubre, me reuní con @JuanManzurOK para conocer en detalle su mirada sobre las reuniones que mantuvo en Nueva York con inversores internacionales.
Seguimos trabajando para que Argentina recupere su economía a través del trabajo y la producción. https://t.co/QyT8TXDQG7"	https://twitter.com/alferdez/status/1449772374572863491	[{'text': '17DeOctubre', 'indices': [5, 17]}]
alferdez	Sun Oct 17 15:34:03 +0000 2021	3058	474	Hoy sucede en España que los “libertarios” discriminan y censuran. Pero quiero decir que repudio todo intento de discriminación y censura en cualquier lugar donde ocurra.	https://twitter.com/alferdez/status/1449760625651904515	[]
alferdez	Sun Oct 17 15:34:02 +0000 2021	2610	388	Entre los censurados, está uno de los libros de @bbimbi, “El fin del armario”. Bruno es un periodista maravilloso a quien conocí durante el debate del matrimonio igualitario. He tenido el gusto de leer precisamente ese libro, que me han servido de mucho para abrir mi mente.	https://twitter.com/alferdez/status/1449760623814795272	[]
alferdez	Sun Oct 17 15:34:01 +0000 2021	8823	2073	La justicia española, a instancias de abogados de extrema derecha vinculados a VOX,eliminó de las bibliotecas de las escuelas de una ciudad de la Comunidad Valenciana libros que atienden y promueven el respeto a la diversidad, afectando de ese modo derechos de la población LGBT. https://t.co/GmBYmdoNSM	https://twitter.com/alferdez/status/1449760620622991365	[]
alferdez	Sun Oct 17 12:42:55 +0000 2021	5953	1451	"Hace 76 años, argentinas y argentinos salieron a las calles en reclamo de la libertad de un coronel que defendió a quienes trabajaban. Ese día marcó un camino de lealtad inquebrantable con el pueblo.

Compañeras y compañeros, celebremos en unidad esta fiesta de la democracia ✌️ https://t.co/BhwWTDbQbl"	https://twitter.com/alferdez/status/1449717561269096462	[]
alferdez	Sat Oct 16 00:27:19 +0000 2021	632	157	"Cuando dicen que no hace falta abrir universidades o cuando cierran el Ministerio de Ciencia y Tecnología. nosotros le decimos #Sí a la educación pública y al desarrollo del conocimiento.

Estamos construyendo una sociedad mejor."	https://twitter.com/alferdez/status/1449170054755487746	[{'text': 'Sí', 'indices': [127, 130]}]
alferdez	Sat Oct 16 00:27:19 +0000 2021	1750	453	"Firmamos un convenio para construir un polo científico, tecnológico y de innovación productiva en La Matanza, con una inversión de US$ 15 millones financiados por @el_BID.

El futuro está en las sociedades que desarrollan el conocimiento, la educación, la ciencia y la tecnología. https://t.co/c2tY0cFiZn"	https://twitter.com/alferdez/status/1449170051957886979	[]
alferdez	Fri Oct 15 23:09:56 +0000 2021	271	69	Vamos a seguir discutiendo hasta que estemos seguros de que tendremos los recursos necesarios para poner de pie la economía argentina y garantizar el trabajo en nuestro pueblo.	https://twitter.com/alferdez/status/1449150580622983172	[]
alferdez	Fri Oct 15 23:09:56 +0000 2021	270	73	Nuestra decisión de encontrar un rápido acuerdo con el FMI es absoluta. Pero un rápido acuerdo no puede conducirnos a un mal acuerdo.	https://twitter.com/alferdez/status/1449150578882342916	[]
alferdez	Fri Oct 15 23:09:56 +0000 2021	167	56	"Asimismo, es imperioso resolver el problema de la deuda que heredamos.
 
Ya ahorramos más de US$ 37 mil millones en el acuerdo con acreedores privados. 
Ahora queremos lograr un acuerdo con el FMI. Queremos que sea sostenible y que no postergue el desarrollo argentino."	https://twitter.com/alferdez/status/1449150577418534916	[]
alferdez	Fri Oct 15 23:09:55 +0000 2021	153	56	"En unidad podremos terminar con la desocupación, cambiando planes por empleo.

La asistencia del Estado es solo un paliativo. El remedio para el desarrollo sostenible de nuestra sociedad es la inversión privada que asocia al capital y al trabajo. Eso impulsamos. https://t.co/rcoA7gGMmW"	https://twitter.com/alferdez/status/1449150575262588931	[]
alferdez	Fri Oct 15 23:09:53 +0000 2021	795	196	"En el cierre del 57° Coloquio de @IdeaArg, llamé a profundizar nuestros acuerdos y minimizar nuestras diferencias. Cuando asumí la presidencia, convoqué a todas y todos a tirar para el mismo lado, pero la pandemia nos enfrentó y eso nos inmoviliza.

Debemos recomponer la unidad. https://t.co/0GGtSIPHkR"	https://twitter.com/alferdez/status/1449150567750651907	[]
alferdez	Thu Oct 14 23:52:30 +0000 2021	824	186	Esperamos sea una herramienta que se construya y se consolide más allá de esta gestión para aportar una comunicación pública democrática y una conversación global acorde a los nuevos tiempos.	https://twitter.com/alferdez/status/1448798901104832540	[]
alferdez	Thu Oct 14 23:52:29 +0000 2021	835	196	El tiempo que nace después de la pandemia nos obliga a redefinir la agenda de la comunicación diaria, fundamental para traer certidumbre en una época de cambios y desafíos.	https://twitter.com/alferdez/status/1448798899473248257	[]
alferdez	Thu Oct 14 23:52:29 +0000 2021	1071	310	Estará disponible para chequear toda la información que necesiten para juntos combatir los rumores y las noticias falsas que tanto daño hacen a una comunicación democrática.	https://twitter.com/alferdez/status/1448798897749389324	[]
alferdez	Thu Oct 14 23:52:28 +0000 2021	653	165	La Portavoz va a comunicar información, datos, anuncios, pero también las ideas y el rumbo del Gobierno en su conjunto.	https://twitter.com/alferdez/status/1448798894729486337	[]
alferdez	Thu Oct 14 23:52:28 +0000 2021	666	151	Que esa función sea ejercida por una mujer resalta dos cuestiones fundamentales de nuestro Gobierno: queremos una comunicación clara, precisa y transparente y sostenemos la vocación de avanzar en la igualdad de género y de oportunidades.	https://twitter.com/alferdez/status/1448798892682670082	[]
alferdez	Thu Oct 14 23:52:27 +0000 2021	5404	1260	"Hoy designé a @gabicerru a cargo de la Unidad de Comunicación de Gestión Presidencial.

A partir de hoy, será ella la Portavoz de la Presidencia. Una nueva figura que he tomado de algunas democracias europeas. https://t.co/66pMSHd5jP"	https://twitter.com/alferdez/status/1448798889159454739	[]
alferdez	Thu Oct 14 19:52:05 +0000 2021	276	80	Esta iniciativa consensuada en @consejo_ar muestra que el camino es estar todas y todos sentados en la misma mesa y así, ponernos de acuerdo para abrir las puertas del desarrollo en cada región del país. https://t.co/NBtD1kVWsx	https://twitter.com/alferdez/status/1448738398034817025	[]
alferdez	Thu Oct 14 19:52:01 +0000 2021	1010	271	"Hoy lanzamos el Proyecto de Desarrollo Sostenible de la Cadena Vitivinícola. Coincide con la selección de 8 bodegas argentinas entre las 100 mejores del mundo y una de ellas, @FamiliaZuccardi, obtuvo el primer lugar.

Seguimos trabajando por una industria con un potencial enorme. https://t.co/tVkBtGXzc2"	https://twitter.com/alferdez/status/1448738383019208720	[]
alferdez	Thu Oct 14 18:15:52 +0000 2021	2228	589	"Lanzamos la Aplicación Más Cultura, con la que jóvenes accederán al cine, al teatro, a instrumentos, a libros y más actividades.

Estamos reactivando industrias culturales que fueron muy castigadas en la pandemia. Garanticemos mayor igualdad de oportunidades para todas y todos. https://t.co/rJB2lYjLDH"	https://twitter.com/alferdez/status/1448714187065249802	[]
alferdez	Wed Oct 13 20:55:45 +0000 2021	835	255	"Con @sergiodigra, presidente ejecutivo de @AgendaCAF (Banco de Desarrollo de A. Latina) mantuvimos una reunión en la que acordamos financiamiento por US$ 2670 millones para la Argentina.
 
Potenciará el desarrollo integral del país y mejorará la calidad de vida de nuestro pueblo. https://t.co/OlzLpDZXIq"	https://twitter.com/alferdez/status/1448392034402906118	[]
alferdez	Wed Oct 13 15:12:35 +0000 2021	808	197	"Sería bueno que, dejando de lado las diferencias, un tema trascendente para el país, como lo es la deuda, nos una en un objetivo común. Desde los empresarios y los sindicatos, de las fuerzas políticas a los medios de comunicación. 

Hoy más que nunca, digámosle sí a la Argentina."	https://twitter.com/alferdez/status/1448305674253791238	[]
alferdez	Wed Oct 13 15:12:34 +0000 2021	617	165	"Y agrega el propio De Narváez: “Un diario habla de patear, pero uno no patea en estas negociaciones; el presidente dijo que quiere hacer un acuerdo que sea beneficioso para los argentinos y que sea cumplible""."	https://twitter.com/alferdez/status/1448305668381810689	[]
alferdez	Wed Oct 13 15:12:33 +0000 2021	367	120	Bien dijo hoy el empresario Francisco De Narváez a quien cito: “El presidente no nos anunció que el acuerdo con el FMI está postergado, nos dijo que está en proceso de realizarse...”	https://twitter.com/alferdez/status/1448305664267206658	[]
alferdez	Wed Oct 13 15:12:31 +0000 2021	662	310	Hoy nos encontramos con la tapa del diario Clarín que dice que, en esa reunión, anuncié que el acuerdo con el FMI se sellaría el año próximo. No fue así. Queremos lograr ese acuerdo tan pronto como se den las condiciones. https://t.co/lddO7HfMNR	https://twitter.com/alferdez/status/1448305657212399616	[]
alferdez	Wed Oct 13 15:12:24 +0000 2021	321	99	Los empresarios nos expusieron su acompañamiento, a la vez que nos manifestaron satisfacción por escuchar de nuestra parte la estrategia de la negociación, compartida por todo el espacio del frente que integramos.	https://twitter.com/alferdez/status/1448305626124193796	[]
alferdez	Wed Oct 13 15:12:23 +0000 2021	305	97	Les dije que era fundamental lograr el mejor acuerdo posible y que nuestro objetivo es que sea beneficioso para todos los argentinos y las argentinas.	https://twitter.com/alferdez/status/1448305624299700231	[]
alferdez	Wed Oct 13 15:12:22 +0000 2021	2591	590	Ayer tuvimos una excelente reunión con empresarios argentinos en la que, entre otros temas, informé cómo avanza la negociación con el FMI por la deuda que heredamos del gobierno anterior. https://t.co/j4tHM6fZkl	https://twitter.com/alferdez/status/1448305620948439042	[]
alferdez	Tue Oct 12 21:05:58 +0000 2021	447	96	"Un mundo con diversidad cultural y sin violencia parte del reconocimiento del otro. 

En este #DíadelRespetoalaDiversidadCultural sigamos trabajando para que cada persona y cada comunidad sea reconocida y valorada."	https://twitter.com/alferdez/status/1448032219663007745	[{'text': 'DíadelRespetoalaDiversidadCultural', 'indices': [94, 129]}]
alferdez	Tue Oct 12 21:05:58 +0000 2021	476	93	Celebramos esta América diversa y plural que nos cobija. Trabajamos para que las culturas puedan comprenderse y cooperar en condiciones de igualdad.	https://twitter.com/alferdez/status/1448032217746186242	[]
alferdez	Tue Oct 12 21:05:57 +0000 2021	2436	472	El 12 de octubre es una oportunidad para reflexionar sobre nuestra historia. Sobre el encuentro entre culturas y sobre la conquista. Un día para la memoria de pueblos originarios que fueron víctimas de la violencia y durante siglos fueron discriminados. https://t.co/cPIraeoFyW	https://twitter.com/alferdez/status/1448032215229632514	[]
alferdez	Tue Oct 12 19:25:34 +0000 2021	4606	879	"Visité la planta de Toyota donde presentamos el proyecto de Ley de Promoción de la Movilidad Sustentable. Generará inversiones por US$ 8300 millones y 21 mil puestos de trabajo.

Una propuesta por un país fabricante de vehículos eléctricos. Un inmenso aporte a la lucha ambiental. https://t.co/zkGUn3ge2c"	https://twitter.com/alferdez/status/1448006953066586112	[]
alferdez	Tue Oct 12 14:48:20 +0000 2021	1581	332	"En mi participación en la Reunión Extraordinaria de Líderes del G20 sobre Afganistán, llamé a los actores políticos de la región a respetar los DDHH y a proteger a personas en riesgo inminente.

Los actos terroristas son una amenaza a la paz internacional y a la dignidad humana. https://t.co/uLOWkhBtTj"	https://twitter.com/alferdez/status/1447937184359751688	[]
alferdez	Mon Oct 11 20:08:04 +0000 2021	1981	436	"Visité la ciudad tucumana de Simoca donde inauguramos la fábrica de dulces, Dulky.

Generará más de 100 puestos de trabajo directos e indirectos con materia prima cultivada y producida en la región. Un impulso por el desarrollo de tucumanas y tucumanos en el lugar donde nacieron. https://t.co/w6A0GbkbIo"	https://twitter.com/alferdez/status/1447655258574901249	[]
alferdez	Mon Oct 11 17:08:24 +0000 2021	1699	401	"En Tucumán, participé de la inauguración de la Planta de Chacinados y Salazones La Cocha.

Hoy generamos fuentes de trabajo y agregamos valor a la producción porcina de las vecinas y vecinos del municipio. Ese es el modelo de desarrollo federal por el que trabajamos. https://t.co/DJOutquSQa"	https://twitter.com/alferdez/status/1447610046238453761	[]
alferdez	Sun Oct 10 21:32:00 +0000 2021	1247	241	"Con el ministro @MatiasLammens creemos que, a partir de los datos alentadores de este fin de semana largo, el retorno del turismo receptivo y el impulso de #PreViaje, vamos a disfrutar una temporada de verano histórica.

El turismo ya está en marcha."	https://twitter.com/alferdez/status/1447313991630405633	[{'text': 'PreViaje', 'indices': [156, 165]}]
alferdez	Sun Oct 10 21:31:59 +0000 2021	1288	245	"Hicimos un esfuerzo enorme para que el turismo, uno de los sectores más afectados por la pandemia, siga de pie. 

Llevamos adelante #PreViaje, una inversión histórica del Estado Nacional, que ya fue utilizada por un millón de argentinas y argentinos en esta segunda edición."	https://twitter.com/alferdez/status/1447313989772328960	[{'text': 'PreViaje', 'indices': [132, 141]}]
alferdez	Sun Oct 10 21:31:59 +0000 2021	850	202	"El turismo es un gran generador de empleo e impulsor de las economías regionales. Por eso, será uno de los motores de la reactivación.

Detrás de cada turista hay un camarero, una cocinera, un transportista, una gerente, un proveedor y miles de personas cuya economía se moviliza."	https://twitter.com/alferdez/status/1447313988027445251	[]
alferdez	Sun Oct 10 21:31:58 +0000 2021	8630	1529	Nos pone muy felices el movimiento turístico en todo el país, que mostró cifras superiores a la prepandemia y plena ocupación en los principales destinos. https://t.co/9r0diyqM0O	https://twitter.com/alferdez/status/1447313985720647683	[]
alferdez	Fri Oct 08 19:14:24 +0000 2021	452	121	"Desde aquí se dará respuesta inmediata en materia de agua, saneamiento, higiene, refugio y seguridad alimentaria y tendrá capacidad de ayudar hasta a 10 mil personas afectadas.

Un valioso paso para nuestro país en materia de solidaridad y cooperación multilateral. https://t.co/mo92SsQQbE"	https://twitter.com/alferdez/status/1446554588358881284	[]
alferdez	Fri Oct 08 19:14:21 +0000 2021	1106	275	"Participé de la presentación y firma de un convenio entre @aa2000oficial y @CruzRojaArg para crear un Centro Logístico Humanitario (HUB) Cono Sur en Ezeiza.

Va a ampliar y agilizar la asistencia humanitaria ante crisis y desastres en Argentina y en los países limítrofes. https://t.co/GAeSIgyx3A"	https://twitter.com/alferdez/status/1446554576295968768	[]
alferdez	Thu Oct 07 23:27:43 +0000 2021	2705	416	"Con profundo pesar supe del fallecimiento de Jorge Coscia, compañero a quien le guardo enorme respeto como político, como cineasta y como militante comprometido con su patria.
Acompaño en el dolor a sus seres queridos. https://t.co/DvV2MOHxJA"	https://twitter.com/alferdez/status/1446255950323671042	[]
alferdez	Thu Oct 07 20:02:26 +0000 2021	657	183	"Tenemos en claro cuáles son los problemas y las urgencias. Este complemento se trata de una medida progresiva, que se pagará mes a mes y que irá siendo superada hasta que los ingresos de los trabajadores y las trabajadoras recuperen su poder adquisitivo.

Gobernar es escuchar."	https://twitter.com/alferdez/status/1446204291178455041	[]
alferdez	Thu Oct 07 20:02:26 +0000 2021	614	168	Con esta decisión, a partir de octubre, vamos a beneficiar a más de 2 millones de trabajadoras y trabajadores argentinos y más de 3 millones de niños, niñas y adolescentes.	https://twitter.com/alferdez/status/1446204288313737217	[]
alferdez	Thu Oct 07 20:02:25 +0000 2021	296	101	Esta medida tiene que ver con el compromiso que tomamos con las y los argentinos de reconstruir y recuperar el poder adquisitivo de sus salarios.	https://twitter.com/alferdez/status/1446204284643725314	[]
alferdez	Thu Oct 07 20:02:24 +0000 2021	2703	797	Sabemos que las familias de las trabajadoras y trabajadores registrados de Argentina deben mejorar sus ingresos. Por eso, hemos decretado un complemento mensual para el salario familiar a partir de octubre. https://t.co/AnPEpGbWOb	https://twitter.com/alferdez/status/1446204281007316996	[]
alferdez	Thu Oct 07 02:26:29 +0000 2021	2992	934	"Hoy recorrí la planta Stellantis, en ella se fabrican vehículos Peugeot y Citroën. Luego de dos años y medio de trabajar un solo turno pasaron a dos e incorporaron 663 trabajadoras y trabajadores en 2021.

Cuando crecen la producción y las exportaciones, crece el trabajo. https://t.co/6RBvx14gc7"	https://twitter.com/alferdez/status/1445938551808462848	[]
alferdez	Wed Oct 06 20:42:04 +0000 2021	1385	379	"Presentamos el proyecto de Ley de Comités Mixtos de Seguridad, Salud, Medio Ambiente y Prevención de Riesgos en el Trabajo.

A través de un órgano paritario, buscamos consolidar un ambiente laboral seguro y saludable, libre de violencia, acoso y discriminación. https://t.co/C4reBUnCRs"	https://twitter.com/alferdez/status/1445851875950084096	[]
alferdez	Wed Oct 06 13:05:09 +0000 2021	25787	7751	Leo la tapa del diario de hoy de la principal empresa de medios y telecomunicaciones del país diciendo que “el Gobierno pierde su único voto en la Corte”. Estoy impactado. Si el Gobierno perdió su “único voto”, ¿de quienes son los cuatro votos restantes? https://t.co/sJtW6stSI5	https://twitter.com/alferdez/status/1445736890036932609	[]
alferdez	Tue Oct 05 23:53:13 +0000 2021	405	114	"Puentes hacia la escucha y el diálogo.

Hacia un país que invierte, produce y convoca al trabajo y no uno que especula.

Hacia la justicia social con un Estado que apuesta por actividades motorizadoras de la economía como la construcción y por convertir planes sociales en empleo. https://t.co/6RVwMRMN3S"	https://twitter.com/alferdez/status/1445537593760780294	[]
alferdez	Tue Oct 05 23:53:07 +0000 2021	1027	267	"La Convención Anual 2021 de la @CamarcoArg de la que participé hoy nos encuentra en un tiempo auspicioso. La construcción lleva 12 meses consecutivos de crecimiento.

Esta es nuestra oportunidad de dejar atrás la confrontación y construir puentes por el futuro de la Argentina. https://t.co/YBBFICrWGl"	https://twitter.com/alferdez/status/1445537568469049349	[]
alferdez	Mon Oct 04 22:57:25 +0000 2021	3970	858	"Recibí a directivos del Grupo DIA quienes confirmaron una inversión de US$ 115 millones en el país para renovar todos sus locales y abrir 263 nuevos. Se crearán 3 mil puestos de trabajo.

Una empresa de 25 años de trayectoria apuesta a largo plazo por el desarrollo argentino. https://t.co/CjBRixnPKp"	https://twitter.com/alferdez/status/1445161161356414976	[]
alferdez	Sun Oct 03 23:21:13 +0000 2021	5790	859	"Ya está disponible en Youtube mi encuentro con L-Gante. 

Pude conocer a un joven talentoso a quien quise escuchar en una conversación que me sirvió mucho.

👉 https://t.co/QCPmJsOwsX"	https://twitter.com/alferdez/status/1444804763095375874	[]
alferdez	Sun Oct 03 20:51:35 +0000 2021	6482	844	#LGanteConAlberto https://t.co/hBZmhCzeWS	https://twitter.com/alferdez/status/1444767105363202057	[{'text': 'LGanteConAlberto', 'indices': [0, 17]}]
alferdez	Sun Oct 03 19:53:33 +0000 2021	18534	1620	https://t.co/w0Qh5dn0Jx	https://twitter.com/alferdez/status/1444752503854272512	[]
alferdez	Sun Oct 03 00:58:06 +0000 2021	3293	440	"Un día como hoy, en 1942, se creó el Sindicato Único de Encargados y Ayudantes de Casas de Renta, hoy SUTERH, y así nació el Día de las Trabajadoras y Trabajadores de Edificio.

Los saludo con gratitud por su compromiso con cada vecina y vecino de nuestro país. https://t.co/cd5ENNTOxi"	https://twitter.com/alferdez/status/1444466758706925569	[]
alferdez	Sat Oct 02 00:31:13 +0000 2021	2688	609	"Esta tarde me vine a Luján a escuchar a los Misioneros de Francisco, en la víspera de la peregrinación a la Virgen. 
Gracias Soledad por todo lo que hacen, son un ejemplo de solidaridad.
Mi compromiso es con ustedes, para cuidar la salud y el trabajo. https://t.co/xdDAkkFWRA"	https://twitter.com/alferdez/status/1444097604237905923	[]
alferdez	Fri Oct 01 22:44:01 +0000 2021	8194	1709	"ANMAT autorizó el uso de la vacuna #Sinopharm en menores de 3 a 11 años. Tenemos en stock casi 10 millones de dosis de esta vacuna para empezar a inmunizar a las niñas y niños de nuestro país.

Un motivo más de celebración después de tanto esfuerzo colectivo. https://t.co/URej8uAaBn"	https://twitter.com/alferdez/status/1444070627678240771	[{'text': 'Sinopharm', 'indices': [35, 45]}]
alferdez	Fri Oct 01 18:44:47 +0000 2021	2486	617	"Tras reunirme con científicas y científicos, anunciamos una inversión de 12 mil millones de pesos para 72 obras de edificios del CONICET en 21 provincias.

Concebimos al desarrollo de la ciencia y la tecnología como una política de Estado que debe llegar a cada rincón del país. https://t.co/gKaK030bHh"	https://twitter.com/alferdez/status/1444010421535576072	[]
alferdez	Thu Sep 30 23:23:44 +0000 2021	742	153	https://t.co/odUS1Sfzi7	https://twitter.com/alferdez/status/1443718233031331847	[]
alferdez	Thu Sep 30 23:23:41 +0000 2021	3124	742	"Presentamos el proyecto de ley de “Fomento al Desarrollo Agrobioindustrial”, resultado del diálogo entre todos los sectores por el desarrollo integral del país.

Es tiempo de decirle que sí a las inversiones, a más y mejor producción, a más exportaciones y al trabajo de calidad. https://t.co/dC9Z8RiW4P"	https://twitter.com/alferdez/status/1443718219605413888	[]
alferdez	Thu Sep 30 18:03:05 +0000 2021	5023	1039	"Recién terminamos en Ensenada un nuevo encuentro con un grupo de vecinos. Los pude escuchar y hablar con toda franqueza.
Gracias por tanto afecto.
#ConAlberto https://t.co/Yyqepkr8FZ"	https://twitter.com/alferdez/status/1443637540788097035	[{'text': 'ConAlberto', 'indices': [147, 158]}]
alferdez	Wed Sep 29 22:47:17 +0000 2021	3149	675	"Saludé a las madres que hoy recibieron las primeras jubilaciones por Reconocimiento de Aportes por #TareasDeCuidado. Pude escucharlas y agradecerles por su labor.

La distribución de estas tareas ha sido históricamente desigual. Hemos visibilizado y reparado una injusticia. https://t.co/qAobxouGwr"	https://twitter.com/alferdez/status/1443346671849639938	[{'text': 'TareasDeCuidado', 'indices': [99, 115]}]
alferdez	Wed Sep 29 00:33:29 +0000 2021	620	108	En esta oportunidad no pude estar físicamente presente como siempre lo he hecho en las conmemoraciones emblemáticas, pero aprovecho la ocasión para ratificar nuestra voluntad de seguir trabajando juntos por la unidad latinoamericana y el bienestar de nuestros pueblos. https://t.co/sNZnuygkLh	https://twitter.com/alferdez/status/1443011012639313922	[]
alferdez	Wed Sep 29 00:33:28 +0000 2021	1818	312	Saludo al Gobierno de México en el Bicentenario de la Consumación de su Independencia y hago llegar mi afecto al entrañable pueblo mexicano a través de su Presidente Andrés Manuel López Obrador, amigo de la Argentina que tanto nos ha apoyado. https://t.co/6JZP8bxL8H	https://twitter.com/alferdez/status/1443011004976218116	[]
alferdez	Tue Sep 28 22:18:45 +0000 2021	2587	510	"Trabajamos junto a @wadodecorrido en un cronograma de apertura de fronteras de manera segura y coordinada con las provincias. Los indicadores sanitarios, producto del nivel de vacunación, nos permiten retomar políticas de crecimiento, con más empleo y producción. 
#SalirAdelante https://t.co/VDZR7DaMM5"	https://twitter.com/alferdez/status/1442977105520721934	[{'text': 'SalirAdelante', 'indices': [265, 279]}]
alferdez	Tue Sep 28 20:29:38 +0000 2021	1262	357	"Hoy analice con @HugoYasky , @RobiBaradel y @soniaalesso1 la situación de los docentes nacionales jubilados y la posibilidad de recomponer sus ingresos. También observamos el financiamiento de la educación en el presupuesto nacional. 
Para nosotros, la educación es prioridad. https://t.co/k8ZrypPc0V"	https://twitter.com/alferdez/status/1442949642883256324	[]
alferdez	Mon Sep 27 18:30:20 +0000 2021	1093	216	No solo damos respuesta a un sector duramente golpeado por la pandemia. También, visibilizamos años de esfuerzo y reparamos una deuda histórica con ellas.	https://twitter.com/alferdez/status/1442557234001625090	[]
alferdez	Mon Sep 27 18:30:20 +0000 2021	3555	855	"Anunciamos el programa #Registradas para reducir la informalidad y garantizar el empleo registrado de las trabajadoras de casas particulares.

Pagaremos parte de su salario por 6 meses y la parte empleadora debe registrar y pagar aportes, contribuciones, ART y el sueldo restante. https://t.co/JWdxxirKpM"	https://twitter.com/alferdez/status/1442557231812149254	[{'text': 'Registradas', 'indices': [23, 35]}]
alferdez	Sun Sep 26 00:25:43 +0000 2021	829	198	"Por eso, le pido a cada compañera y compañero que salga a las calles a defender un modelo de país que está para quienes más lo necesitan.

La Argentina se va a levantar de la mano de quienes trabajamos incansablemente por una patria justa, libre y soberana. https://t.co/pNeeFKBY4e"	https://twitter.com/alferdez/status/1441921891581587459	[]
alferdez	Sun Sep 26 00:25:38 +0000 2021	785	162	"Como militantes de este espacio no tenemos ningún desmayo en debatir formas o caminos porque en lo importante estamos de acuerdo. 

Todas y todos representamos los mismos intereses y cuidamos nuestra unidad para hacerle frente a este tiempo. https://t.co/6xVTpuP0Vg"	https://twitter.com/alferdez/status/1441921871302254593	[]
alferdez	Sun Sep 26 00:25:32 +0000 2021	2529	488	Hoy estuve Junto a @JuanManzurOK, @jorgeferraresi y @magdysierra, en el festival #OrgulloDockSud y en el plenario del @FrenteDeTodos Avellaneda. https://t.co/t0kClpN77W	https://twitter.com/alferdez/status/1441921845779910657	[{'text': 'OrgulloDockSud', 'indices': [81, 96]}]
alferdez	Fri Sep 24 23:24:05 +0000 2021	1372	247	"En un mundo cada día más competitivo, nuestro país tiene a jóvenes como Maxi que, con esfuerzo y vocación solidaria, hacen aportes invaluables para sus comunidades.

Mi absoluto compromiso con garantizarles más y mejores oportunidades para su desarrollo."	https://twitter.com/alferdez/status/1441543995948101634	[]
alferdez	Fri Sep 24 23:24:05 +0000 2021	1881	326	"Está desarrollando una aplicación que traduce del español al wichí y viceversa, sin necesidad de estar conectado a internet.

Me contó que quiere seguir formándose en tecnología, valoro su gran iniciativa. https://t.co/zXOInyZfZJ"	https://twitter.com/alferdez/status/1441543992752082944	[]
alferdez	Fri Sep 24 23:24:00 +0000 2021	7076	1165	"Con inmenso orgullo, recibí a Maximiliano Sánchez.

Es un joven de la comunidad wichí que fue nominado como uno de los mejores 50 alumnos del mundo por la Fundación Varkey en colaboración con UNESCO. https://t.co/6QxQfLsPGl"	https://twitter.com/alferdez/status/1441543974431432704	[]
alferdez	Thu Sep 23 22:02:11 +0000 2021	504	159	👇🏼 https://t.co/aIKy5buxZB	https://twitter.com/alferdez/status/1441160994240204800	[]
alferdez	Thu Sep 23 22:02:10 +0000 2021	3439	760	"Es oficial la suba del piso del Impuesto a las Ganancias. Quedan exentos de pagarlo quienes reciben un salario de hasta $175 mil.

Junto al ministro de Trabajo, Claudio Moroni, conversamos sobre la medida que le dará una mejor calidad de vida a las trabajadoras y trabajadores. https://t.co/b9awLFrZqb"	https://twitter.com/alferdez/status/1441160990997958675	[]
alferdez	Thu Sep 23 17:48:53 +0000 2021	410	106	"El sector agrícola es clave para alcanzar la seguridad alimentaria mundial, respetando los pilares del desarrollo sostenible: social, económico y ambiental.

Por eso, se deben eliminar políticas distorsivas y proteccionistas perjudiciales para productores en países en desarrollo."	https://twitter.com/alferdez/status/1441097250214531078	[]
alferdez	Thu Sep 23 17:48:14 +0000 2021	1184	293	"Felicito a @antonioguterres, secretario general de la ONU, por elegir los Sistemas Alimentarios como tema de la Cumbre de la que participé hoy.
 
El mundo cuenta con Argentina para seguir contribuyendo con alimentos sanos, inocuos y nutritivos, producidos de forma sostenible. https://t.co/d8fB0t3nv8"	https://twitter.com/alferdez/status/1441097085554597900	[]
alferdez	Thu Sep 23 12:59:25 +0000 2021	5359	1312	"“Aquí está, hermanas mías, resumida en letra apretada de pocos artículos, una larga historia de luchas, tropiezos y esperanzas”, dijo Evita tras la promulgación de la ley de sufragio femenino.

74 años del saldo de una deuda con las mujeres argentinas, fruto de su inmensa lucha. https://t.co/OX9gYCrkvR"	https://twitter.com/alferdez/status/1441024403312189441	[]
alferdez	Wed Sep 22 22:57:52 +0000 2021	3518	810	"Escuchamos su mensaje y redoblamos nuestros esfuerzos para poner de pie la producción, el trabajo, la educación y la salud pública.

Más convencidos que nunca, cambiemos planes por trabajo y pongamos todas nuestras fuerzas para hacer la Argentina que nos merecemos. https://t.co/CmXvkBKRwI"	https://twitter.com/alferdez/status/1440812622530547713	[]
alferdez	Wed Sep 22 18:26:29 +0000 2021	760	184	"Intendentes como @ishiiargentina tuvieron en Néstor, en Cristina y en mí socios decididos a hacer llegar la educación a cada rincón del país.

Esta facultad formará médicas, médicos, enfermeras y enfermeros que seguirán poniendo en valor la salud pública nacional. https://t.co/1b3LfaCHjx"	https://twitter.com/alferdez/status/1440744327177588745	[]
alferdez	Wed Sep 22 18:26:26 +0000 2021	2319	553	"Inauguramos la Facultad de Ciencias Médicas de la @UNPAZ_Oficial.
 
En el 2019 quienes perdieron las elecciones primarias cerraron los ministerios de Salud, Trabajo y Ciencia y Técnica al día siguiente. Nosotros, tras la derrota, venimos a mantener en pie la educación pública. https://t.co/X91LlgCabG"	https://twitter.com/alferdez/status/1440744314330509320	[]
alferdez	Tue Sep 21 22:25:46 +0000 2021	282	93	🔗 https://t.co/yxPk8NJ4gi	https://twitter.com/alferdez/status/1440442155772694535	[]
alferdez	Tue Sep 21 22:25:46 +0000 2021	456	122	"Tenemos el desafío de conjugar el cambio tecnológico y la degradación ambiental con una mirada de desarrollo humano integral y justicia social planetaria.

De la triple pandemia solo saldremos con solidaridad. La historia no nos juzgará por nuestras palabras, es tiempo de actuar."	https://twitter.com/alferdez/status/1440442153352581121	[]
alferdez	Tue Sep 21 22:25:45 +0000 2021	363	109	"Integran parte del territorio nacional y están ocupados ilegalmente por el Reino Unido hace más de 188 años.

Llamamos a retomar el diálogo bilateral por la cuestión."	https://twitter.com/alferdez/status/1440442150836080640	[]
alferdez	Tue Sep 21 22:25:45 +0000 2021	347	113	Asimismo, quiero reafirmar nuestros derechos de soberanía legítimos e imprescriptibles sobre las Islas Malvinas, Georgias del Sur, Sandwich del Sur y los espacios marítimos circundantes.	https://twitter.com/alferdez/status/1440442148726337536	[]
alferdez	Tue Sep 21 22:25:44 +0000 2021	249	77	"También enfrentamos una crisis de DDHH. La pandemia agudizó la violencia contra las mujeres y diversidades, migrantes, afrodescendientes, adultos mayores, personas con discapacidad y pueblos originarios.
 
Debemos construir sociedades más justas, inclusivas e igualitarias."	https://twitter.com/alferdez/status/1440442146780184577	[]
alferdez	Tue Sep 21 22:25:43 +0000 2021	258	76	"La reconstrucción económica y social debe ir de la mano del cuidado del planeta.
 
Estamos trabajando en la transición hacia energías renovables, en reducir las emisiones de metano y en erradicar la deforestación ilegal. Nuestro compromiso con el Acuerdo de París es pleno."	https://twitter.com/alferdez/status/1440442144263532552	[]
alferdez	Tue Sep 21 22:25:43 +0000 2021	398	150	"Argentina fue sometida a un endeudamiento irresponsable de US $57 mil millones con el FMI. Equivale a todo lo que el fondo destinó a 85 países en pandemia. Un deudicidio.
 
Apoyo la creación de un marco multilateral para la reestructuración de la deuda de países de renta media."	https://twitter.com/alferdez/status/1440442140895576070	[]
alferdez	Tue Sep 21 22:25:42 +0000 2021	268	87	"América Latina y el Caribe destinan un 57% de sus exportaciones al pago de la deuda externa.
 
Debemos atender el riesgo latente de debacle generalizada de deudas externas en países en desarrollo. Para ello, es central reconfigurar la arquitectura financiera internacional."	https://twitter.com/alferdez/status/1440442138529910793	[]
alferdez	Tue Sep 21 22:25:41 +0000 2021	2051	474	"La 76° Asamblea General de la @ONU_es de la que participé hoy nos encuentra atravesando un cambio de era.
 
Enfrentamos una triple pandemia, de inequidad global, de cambio climático y de covid-19 que sumerge a nuestros pueblos en la desprotección y en el atraso. https://t.co/U9T0eEKjhA"	https://twitter.com/alferdez/status/1440442134964760581	[]
alferdez	Tue Sep 21 19:18:58 +0000 2021	1938	382	"En el #DíaDeLaSanidad quiero saludar con orgullo a nuestro personal sanitario.

Gracias a su enorme esfuerzo cuidando y vacunando a cada una y cada uno, hoy damos un paso más para dejar atrás la pandemia. Hagámoslo con solidaridad y con la certeza de que lo logramos en unidad. https://t.co/1AQLlqzdy0"	https://twitter.com/alferdez/status/1440395144470011904	[{'text': 'DíaDeLaSanidad', 'indices': [6, 21]}]
alferdez	Mon Sep 20 23:23:21 +0000 2021	1615	231	Tenemos un país por reconstruir con producción y con trabajo y todas y todos hacen falta.	https://twitter.com/alferdez/status/1440094259206569989	[]
alferdez	Mon Sep 20 23:23:21 +0000 2021	1652	254	"No me verán atrapado en disputas internas. Mi preocupación es sacar de la postergación a quienes nos necesitan.

Valoro el esfuerzo que hicieron las y los ministros salientes en los dos peores años de nuestra historia y agradezco a quienes hoy asumen responsabilidades."	https://twitter.com/alferdez/status/1440094257218424837	[]
alferdez	Mon Sep 20 23:23:20 +0000 2021	5103	965	"Cuando en las elecciones los resultados son adversos, algunos se enojan con los votantes y otros nos enojamos con nosotros mismos.

Somos un movimiento que escucha al pueblo y que, lejos de estar silenciado, debate de cara a él con un solo sentido, encaminarnos a un tiempo mejor. https://t.co/qNWND3wJ5c"	https://twitter.com/alferdez/status/1440094254177603586	[]
alferdez	Sun Sep 19 20:34:53 +0000 2021	4438	935	"Convoquemos a cada argentino y argentina para que en este tiempo que se viene, el pesar que nos dejó la pandemia se convierta en la fuerza necesaria para recuperar la producción y el trabajo.
En Chubut, estos son nuestros candidatos para reconstruir Argentina.
#LaVidaQueQueremos https://t.co/TN0OBg4tSm"	https://twitter.com/alferdez/status/1439689473449762819	[{'text': 'LaVidaQueQueremos', 'indices': [261, 279]}]
alferdez	Sat Sep 18 23:06:55 +0000 2021	2709	553	"Nos hemos comprometido a acelerar la gestión del nuevo esquema de anuncios sociales y económicos para dar respuesta a quienes más nos necesitan. 

En unidad corregiremos rápido todo lo que haya que corregir en cada rincón de la Argentina."	https://twitter.com/alferdez/status/1439365345370943491	[]
alferdez	Sat Sep 18 23:06:54 +0000 2021	4559	890	"Me reuní con nuestros gobernadores de todo el país en La Rioja.

El federalismo es una política central de mi Gobierno. Por eso, los candidatos que designé son también los candidatos de quienes gobiernan las provincias. https://t.co/gyMN0jXtNU"	https://twitter.com/alferdez/status/1439365341885444098	[]
alferdez	Fri Sep 17 16:14:54 +0000 2021	1010	148	Es imprescindible que la transición climática y energética sea justa y no agigante las brechas de bienestar en nuestro planeta.	https://twitter.com/alferdez/status/1438899273618403337	[]
alferdez	Fri Sep 17 16:14:54 +0000 2021	1029	155	"Nuestro país aumentó su ambición climática y comprometió la neutralidad de carbono hacia 2050 en medio de un endeudamiento insostenible con el FMI.

Para cumplir con estos objetivos y enfrentar la crisis es central que se eliminen las sobretasas y se extiendan los plazos de pago."	https://twitter.com/alferdez/status/1438899271659626497	[]
alferdez	Fri Sep 17 16:14:53 +0000 2021	4369	567	"Mi agradecimiento al presidente de los Estados Unidos, @JoeBiden por invitarme al Foro de las Principales Economías sobre Energía y Clima.

Una triple crisis de pandemia, cambio climático y deuda nos golpea a los países de renta media. Es tiempo de globalizar la solidaridad. https://t.co/mCh2eOxo7O"	https://twitter.com/alferdez/status/1438899268698390532	[]
alferdez	Thu Sep 16 18:14:32 +0000 2021	10394	1725	"Se cumplen 211 años del inicio de las luchas por la independencia de México.

Le envío mi afectuoso saludo a mi amigo, el presidente @lopezobrador_ y al pueblo mexicano en esta celebración. #VivaMéxico https://t.co/6M4XxXY8yL"	https://twitter.com/alferdez/status/1438566992609521664	[{'text': 'VivaMéxico', 'indices': [190, 201]}]
alferdez	Thu Sep 16 15:16:39 +0000 2021	6090	918	Mientras lo haga seguiré garantizando la unidad del Frente de Todos a partir del respeto que nos debemos. Es tiempo de que nuestra única obsesión sea promover la prosperidad de los hombres y mujeres de nuestra Patria.	https://twitter.com/alferdez/status/1438522226018381827	[]
alferdez	Thu Sep 16 15:16:39 +0000 2021	6258	1039	He oído a mi pueblo. La altisonancia y la prepotencia no anidan en mi. La gestión de gobierno seguirá desarrollándose del modo que yo estime conveniente. Para eso fui elegido. Lo haré llamando siempre al encuentro entre los argentinos.	https://twitter.com/alferdez/status/1438522223355207680	[]
alferdez	Thu Sep 16 15:16:38 +0000 2021	3416	677	Hay dos modelos de país en pugna que se debaten en estas elecciones: el que descree del trabajo y la producción y sólo promueve la especulación financiera y el que cree que con una producción pujante recuperaremos la dignidad del trabajo para todos y todas.	https://twitter.com/alferdez/status/1438522221077532680	[]
alferdez	Thu Sep 16 15:16:38 +0000 2021	2880	507	Aun así, prefiero que toda esa fuerza que implica una movilización de esa magnitud se canalice para construir la épica militante que ayude a argentinos y argentinas a desentrañar el dilema que se nos plantea en noviembre.	https://twitter.com/alferdez/status/1438522218825142281	[]
alferdez	Thu Sep 16 15:16:37 +0000 2021	2223	385	Valoro el gesto de las organizaciones sociales y de todos los que me manifestaron su afecto impulsando una movilización en mi apoyo.	https://twitter.com/alferdez/status/1438522216937889792	[]
alferdez	Thu Sep 16 15:16:36 +0000 2021	2356	384	Agradezco el apoyo de gobernadores, de intendentes, de dirigentes del movimiento obrero y de la ciudadanía en estas horas.	https://twitter.com/alferdez/status/1438522214249160714	[]
alferdez	Thu Sep 16 15:16:36 +0000 2021	2416	425	Nuestro mayor desafío es continuar el proceso de reactivación ya iniciado, promover el empleo y garantizar la educación y la salud de nuestro pueblo. En cada acción que llevemos adelante, en cada decisión, ese debe ser nuestro norte.	https://twitter.com/alferdez/status/1438522211741044738	[]
alferdez	Thu Sep 16 15:16:35 +0000 2021	2628	459	Nosotros tenemos que dar respuestas honrando el compromiso asumido en diciembre de 2019, de cara a la sociedad. No es este el tiempo de plantear disputas que nos desvíen de ese camino.	https://twitter.com/alferdez/status/1438522208825995265	[]
alferdez	Thu Sep 16 15:16:35 +0000 2021	14417	2388	La coalición de gobierno debe escuchar el mensaje de las urnas y actuar con toda reesponsabilidad. Debemos hacerlo, y lo haremos, para asegurar que se satisfagan las necesidades de nuestro pueblo.	https://twitter.com/alferdez/status/1438522206888214536	[]
alferdez	Wed Sep 15 19:22:15 +0000 2021	1091	188	"La ley prevé 20 años de estabilidad fiscal para quienes invierten y garantiza la sustentabilidad ambiental.

El Estado, las provincias, los empresarios y trabajadores nos unimos en este proyecto, más allá de toda diferencia. Solo así seguiremos poniendo a la Argentina de pie. https://t.co/cn4fM48oI8"	https://twitter.com/alferdez/status/1438221644363882498	[]
alferdez	Wed Sep 15 19:22:12 +0000 2021	2926	554	"El proyecto de Ley de Promoción de Inversiones Hidrocarburíferas que presentamos mejorará la capacidad productiva de petróleo y gas que el país necesita y permitirá exportar los excedentes.

Es tiempo de aprovechar el potencial energético que tenemos y así, ser más soberanos. https://t.co/qpUkfJs905"	https://twitter.com/alferdez/status/1438221633676775429	[]
alferdez	Tue Sep 14 21:47:30 +0000 2021	14430	1894	"El Equipo Argentino de Antropología Forense y la Cruz Roja identificaron los restos de cuatro excombatientes nuestros caídos en Malvinas. 
Mi abrazo emocionado, 39 años después, a sus familiares. 

Gloria a quienes murieron por la Patria."	https://twitter.com/alferdez/status/1437895809538854921	[]
alferdez	Tue Sep 14 20:27:49 +0000 2021	651	154	"Esta obra, como las 2530 en marcha, se hizo en pandemia y motorizó el trabajo y la industria.

No hemos esperado para corregir los errores y hacer lo que aún no hemos hecho. Tenemos la oportunidad de darle una vida mejor al pueblo argentino y seguimos trabajando para que así sea. https://t.co/NEeteNMmPF"	https://twitter.com/alferdez/status/1437875755611041804	[]
alferdez	Tue Sep 14 20:27:47 +0000 2021	2234	445	"Dimos inicio a 25 obras públicas e inauguramos las mejoras de la av. República Argentina en Almirante Brown.

Una señora me dijo que nunca pensó que la calle de su casa estaría asfaltada, iluminada y que llegarían los colectivos. Hoy brindamos mejores condiciones de vida. https://t.co/0yGQQJAd7S"	https://twitter.com/alferdez/status/1437875748564504579	[]
alferdez	Tue Sep 14 20:11:00 +0000 2021	3360	692	"En mi visita a la fábrica de envases Ball, recibí la noticia de que la empresa invertirá US$ 60 millones en el país y generará más trabajo.

Argentina merece que los empresarios radiquen su capital y que el empleo crezca. Así se retroalimenta la economía y la sociedad vive mejor. https://t.co/a1X7qQ32QR"	https://twitter.com/alferdez/status/1437871525185703943	[]
alferdez	Tue Sep 14 12:30:40 +0000 2021	1035	269	"El 13% del PBI está representado por compras estatales. Esta ley hará que en ellas se priorice el capital argentino con atención a las PyMES, empleadoras del 80% del trabajo formal.
Escuchamos a quienes producen e invierten y a quienes trabajan. Esta es la respuesta a su demanda. https://t.co/nmkSpL2g1j"	https://twitter.com/alferdez/status/1437755679947857923	[]
alferdez	Tue Sep 14 12:27:07 +0000 2021	4658	931	"Ayer presentamos el proyecto de Ley de Compre Argentino, Desarrollo de Proveedores y Compras para la Innovación.

La iniciativa refleja el sentido del Gobierno de crear trabajo y de que la industria nacional vuelva a ocupar un lugar preponderante en nuestra economía. https://t.co/dTmDBPSr7k"	https://twitter.com/alferdez/status/1437754783352426496	[]
alferdez	Mon Sep 13 03:54:46 +0000 2021	4180	474	"A quienes nos han acompañado, les agradecemos por la pujanza. Necesitamos de todo su apoyo y militancia para seguir construyendo la vida que queremos.

Solo queremos la felicidad de nuestro pueblo y no bajaremos los brazos hasta volver a poner el país de pie."	https://twitter.com/alferdez/status/1437263459624833027	[]
alferdez	Mon Sep 13 03:54:45 +0000 2021	4138	559	"Estamos ante dos modelos de país, uno incluye a todas y todos y otro posterga a millones. Hay una Argentina por construir con justicia social, producción, educación y salud pública.
 
Redoblaremos el esfuerzo que venimos haciendo para, en noviembre, dar vuelta esta historia."	https://twitter.com/alferdez/status/1437263457347309570	[]
alferdez	Mon Sep 13 03:54:45 +0000 2021	15685	1773	"Nada es más importante que escuchar al pueblo; hoy nos ha expresado que cometimos errores y vamos a atender a esa demanda. 

A partir de mañana trabajaremos, con el compromiso y la fuerza de siempre, para satisfacer las necesidades que no hemos satisfecho. https://t.co/tmfvsAcFWI"	https://twitter.com/alferdez/status/1437263454503571456	[]
alferdez	Sun Sep 12 15:19:34 +0000 2021	12202	1295	"He cumplido con mi deber de votar. Es una jornada de celebración porque cada vez que en la Argentina se vota hacemos un poco más fuerte la democracia.

Aspiro a que tengamos un día de tranquilidad donde todos podamos ejercer nuestro derecho al voto. https://t.co/cRJ6FY0u7b"	https://twitter.com/alferdez/status/1437073408907481098	[]
alferdez	Sat Sep 11 14:59:03 +0000 2021	15390	3701	"“No se detienen los procesos sociales ni con el crimen ni con la fuerza. La historia es nuestra y la hacen los pueblos.”

Últimas palabras de Salvador Allende, 48 años atrás, cuando un golpe de Estado atentó contra la democracia y terminó con su vida. El pueblo chileno recuerda. https://t.co/qFUYLfmWtB"	https://twitter.com/alferdez/status/1436705857304203273	[]
alferdez	Sat Sep 11 13:12:13 +0000 2021	2901	629	"En este tiempo, quienes tienen la vocación de enseñar son un ejemplo de superación. Han sido capaces, ante toda adversidad, de seguir sembrando conocimiento.

#GraciasMaestrasyMaestros por dejar una huella imborrable en cada chica y cada chico que pasa por las aulas. ¡Feliz día! https://t.co/QRmDphnWrv"	https://twitter.com/alferdez/status/1436678972797038592	[{'text': 'GraciasMaestrasyMaestros', 'indices': [159, 184]}]
alferdez	Sat Sep 11 00:37:53 +0000 2021	3832	749	"Hoy recibí a @Winnie_Fallonn
Le expresé mi solidaridad ante el imperdonable ataque que sufrió.
La sociedad argentina debe respetar la diversidad. 
La discriminación denigra y quienes discriminan merecen el repudio social y el castigo que la ley ha previsto para ellos. https://t.co/waHiMxrhLb"	https://twitter.com/alferdez/status/1436489135309656077	[]
alferdez	Sat Sep 11 00:20:01 +0000 2021	810	136	"Recibí con mucho pesar la noticia del fallecimiento del Pastor Rubén Proietti.
Quiero enviarle mi pésame a su familia, a quienes lo han querido, a las iglesias afiliadas a la Alianza Cristiana de Iglesias Evangélicas de la República Argentina (ACIERA) y a sus fieles. https://t.co/9nfwSyWx0M"	https://twitter.com/alferdez/status/1436484638969630729	[]
alferdez	Fri Sep 10 17:34:02 +0000 2021	4989	1088	"Toda mi solidaridad con Winfried Fallon Noriega ante la imperdonable agresión que ha sufrido. 
El respeto a la diversidad debe ser exigida en nuestra sociedad.
He encomendado al @MinGenerosAR que actúe ante la Justicia y exija la identificación y castigo de los autores. https://t.co/sDyYJKvtYR"	https://twitter.com/alferdez/status/1436382470014898194	[]
alferdez	Thu Sep 09 23:33:21 +0000 2021	1004	271	"Nos proponen un país de precarización laboral donde las universidades sobran y cada uno se salva como puede.
 
Tenemos la oportunidad de construir un tiempo más solidario. Cuando el día 100 llegue y recuperemos la alegría, estemos juntos por #LaVidaQueQueremos 🇦🇷☀ https://t.co/ZMSjlk3vbf"	https://twitter.com/alferdez/status/1436110508965470214	[{'text': 'LaVidaQueQueremos', 'indices': [242, 260]}]
alferdez	Thu Sep 09 23:33:18 +0000 2021	3499	767	"Entre que asumimos y llegó la pandemia, pasaron solo 99 días. 99 días de orden sanitario hasta que debimos ponerle el pecho a una nueva realidad causante de profundo dolor.

Hoy, gracias a un enorme esfuerzo, el día 100 está cerca, pero cuando llegue, ¿qué país vamos a construir? https://t.co/8tUCkcIjgK"	https://twitter.com/alferdez/status/1436110493895335947	[]
alferdez	Thu Sep 09 00:00:14 +0000 2021	1417	308	"Llevo con orgullo las ojeras que tengo porque las tengo por cuidar a las argentinas y argentinos sin descanso.

Hay dos modelos de país, uno que piensa en su pueblo y otro que lo olvida. Votemos por #LaProvinciaQueQueremos y el país que merecemos. https://t.co/Ph5q4Jrhe7"	https://twitter.com/alferdez/status/1435754884129857542	[{'text': 'LaProvinciaQueQueremos', 'indices': [199, 222]}]
alferdez	Wed Sep 08 23:59:45 +0000 2021	5340	1170	"El domingo hay una votación muy importante y además se cumple la mitad de mi mandato. 

Pusimos todo nuestro empeño en reconstruir el país que nos dejaron hasta que en el día 99 llegó la pandemia. Aun así pudimos recuperar la salud, decenas de miles de empleos y miles de PyMEs. https://t.co/e5ac89Ei6R"	https://twitter.com/alferdez/status/1435754766005571585	[]
alferdez	Wed Sep 08 23:59:01 +0000 2021	1790	377	En el 201 aniversario del desembarco del Gral. San Martin en la Bahia de Paracas, celebramos una vez más el “Día de la Amistad Argentino-Peruana” y hago llegar mi fraternal saludo al pueblo peruano y al presidente @PedroCastilloTe	https://twitter.com/alferdez/status/1435754579770159108	[]
alferdez	Wed Sep 08 15:45:12 +0000 2021	1762	445	"Fuimos anfitriones del Diálogo de alto nivel sobre acción climática en las Américas.

La crisis planetaria solo se dentendrá si construimos un nuevo paradigma de desarrollo basado en la justicia social ambiental. Escuchemos el clamor de nuestra tierra y nuestro pueblo. Es ahora. https://t.co/PgZkqSRiKd"	https://twitter.com/alferdez/status/1435630308683128834	[]
alferdez	Tue Sep 07 19:56:32 +0000 2021	666	199	"Hoy esta fábrica, empleadora de muchas mujeres, piensa producir para empresas de escala global como @PenaltyArg.
 
Estamos saliendo de la Argentina de planes que nos dejaron hacia un país con empresarios que invierten y con trabajadores que se desarrollan donde nacieron. https://t.co/migfOG9VRZ"	https://twitter.com/alferdez/status/1435331169437077505	[]
alferdez	Tue Sep 07 19:56:29 +0000 2021	2725	715	"En Chivilcoy visité @bicontinentar, una empresa de zapatillas que cerró en 2018 por la apertura indiscriminada de las importaciones de la gestión anterior.
 
Este año reabrió con capacidad para producir 10 millones de pares al año e incorporó a 100 trabajadoras y trabajadores. https://t.co/NgrWcJO6wm"	https://twitter.com/alferdez/status/1435331155537059840	[]
alferdez	Mon Sep 06 20:39:19 +0000 2021	3334	451	"¡Feliz comienzo de #RoshHashaná a toda la comunidad judía!

Reciben el año 5782. Mis mejores deseos de paz y esperanza para este pueblo al que acompaño con afecto en su celebración.

#ShanaTova"	https://twitter.com/alferdez/status/1434979549339688963	[{'text': 'RoshHashaná', 'indices': [19, 31]}, {'text': 'ShanaTova', 'indices': [183, 193]}]
alferdez	Mon Sep 06 11:25:34 +0000 2021	4506	1113	"Los precios de la carne bajaron desde el momento en que restringimos las exportaciones.
No es justo que el precio internacional de la carne vacuna sea el mismo precio que deban pagar nuestros compatriotas.
Cuidar la mesa de los argentinos. Ese es nuestro compromiso.

#NoEsLoMismo https://t.co/i3z2zG8mQr"	https://twitter.com/alferdez/status/1434840191466971138	[{'text': 'NoEsLoMismo', 'indices': [268, 280]}]
alferdez	Sat Sep 04 19:07:12 +0000 2021	936	243	"Como sucedió con su emprendimiento, queremos que suceda con todas las argentinas y argentinos. 

Estamos muy cerca de lograrlo, vamos a poner de pie a la Argentina y vamos a darle trabajo a todas y todos. 
Necesito de la ayuda de ustedes para recuperar la patria que queremos. https://t.co/Fln1UTLLJ7"	https://twitter.com/alferdez/status/1434231592109723651	[]
alferdez	Sat Sep 04 19:04:22 +0000 2021	3064	621	"Hoy estuve en Hurlingham visitando el emprendimiento de Laura.

Gracias al programa Banco de Herramientas consiguió aumentar su producción y llegar a vender en góndolas de cadenas de supermercados su propia marca de mermeladas. https://t.co/31OLUCdudl"	https://twitter.com/alferdez/status/1434230878553710601	[]
alferdez	Fri Sep 03 18:26:36 +0000 2021	818	237	"Ese empresariado necesita la Argentina y ahí estamos para ayudarlo.

El país no se construye cerrando universidades, dejando vencer vacunas o fugando dólares. Nosotros defendemos la clase media y apostamos a la producción y al trabajo. Lo hicimos siempre y lo seguiremos haciendo. https://t.co/TjHkbSE7Oo"	https://twitter.com/alferdez/status/1433858985170542610	[]
alferdez	Fri Sep 03 18:26:34 +0000 2021	2278	616	"Recorrí el laboratorio Bina Pharma en Berazategui. Su presidente es un farmacéutico y docente que un día, con el apoyo del municipio, se lanzó a producir sueros de la más alta calidad y empleó a sus vecinos.

Hoy piensa reinvertir sus ganancias para crecer y dar más trabajo. https://t.co/JezZKlsEos"	https://twitter.com/alferdez/status/1433858977633349632	[]
alferdez	Fri Sep 03 02:33:18 +0000 2021	1726	481	"Estoy feliz de celebrar en Chaco el #DíaDeLaIndustria. Su radicación en distintos lugares del país es central para nuestro desarrollo.

Argentina se motoriza con una industria que supera los niveles de 2019 y que no para de crecer. Ese es el futuro con el que siempre soñamos. https://t.co/oCO9I6os3T"	https://twitter.com/alferdez/status/1433619078137122816	[{'text': 'DíaDeLaIndustria', 'indices': [36, 53]}]
alferdez	Wed Sep 01 23:26:22 +0000 2021	1060	321	"En 2020 anunciamos un acuerdo entre la empresa agrícola @Syngenta_ar y la compañía china Sinograin para la venta de 1.2 millones de toneladas de soja.

Hoy @toniaracre, director general de Syngenta, nos informó que el programa de exportaciones avanza con fuerza. Argentina crece. https://t.co/NjLeK8my0u"	https://twitter.com/alferdez/status/1433209649013137408	[]
alferdez	Wed Sep 01 22:54:34 +0000 2021	805	232	"Por eso, la conectividad debe ser un servicio público e impulsar un desarrollo científico y tecnológico armónico y federal.

Las sociedades son ricas por su conocimiento. Eso nos llevó a recuperar el Ministerio de @ciencia_ar y nos lleva a seguir trabajando para ponerlo en valor. https://t.co/rFp5kyeRce"	https://twitter.com/alferdez/status/1433201643550650368	[]
alferdez	Wed Sep 01 22:54:30 +0000 2021	3539	826	"Me reuní con miembros de la comunidad científica. Iluminaron la pandemia en un momento muy oscuro para el mundo.

Crearon insumos, aplicaciones, barbijos, suero equino, tests y lo necesario para dar respuesta al virus. Mi compromiso es total; son esenciales para nuestro futuro. https://t.co/phHTntuRwa"	https://twitter.com/alferdez/status/1433201629222801410	[]
alferdez	Tue Aug 31 18:15:15 +0000 2021	1284	399	"Hicimos todo esto porque está arraigado en nuestros genes desde siempre; no tenemos que disfrazarnos para este momento.

Ya cruzamos la puerta de salida. Ahora nos toca elegir qué camino queremos seguir para que tanto esfuerzo valga la pena. Construyamos #LaArgentinaQueQueremos. https://t.co/Uyns8vLaux"	https://twitter.com/alferdez/status/1432768964124463109	[{'text': 'LaArgentinaQueQueremos', 'indices': [255, 278]}]
alferdez	Tue Aug 31 18:15:12 +0000 2021	5838	1295	"A dos semanas de las elecciones, estamos convencidos de lo que hicimos y de lo que nos queda por hacer.
 
No fue casualidad cuidar a nuestra gente ni preservar el trabajo, la producción y la educación pública. Tampoco lo fue ampliar derechos ni garantizar un Estado presente. https://t.co/RmJcyYkRnM"	https://twitter.com/alferdez/status/1432768953026326530	[]
alferdez	Tue Aug 31 15:40:16 +0000 2021	1527	514	"Estamos en vivo desde @TecnopolisArg en el encuentro del @FrenteDeTodos.
Por #LaArgentinaQueQueremos 🇦🇷❤ https://t.co/oyjNEHRjz2"	https://twitter.com/alferdez/status/1432729960603602946	[{'text': 'LaArgentinaQueQueremos', 'indices': [77, 100]}]
alferdez	Tue Aug 31 12:08:23 +0000 2021	729	167	"En la Argentina de hoy todos deben tener un trabajo. El trabajo dignifica y junto al salario son las poleas de transmisión que garantizan la escala social ascendente. 

Una Argentina con mas inversión, mas trabajo y más producción. Allí está la vida que queremos."	https://twitter.com/alferdez/status/1432676639637450758	[]
alferdez	Tue Aug 31 12:08:22 +0000 2021	1596	359	"Ayer por la tarde me reuní con los miembros de la conducción de la CGT. 

Escuché con atención sus preocupaciones y recibí con gratitud su apoyo al proyecto político que nos une. https://t.co/VFkRbtA62r"	https://twitter.com/alferdez/status/1432676637351501830	[]
alferdez	Mon Aug 30 16:36:10 +0000 2021	3249	343	"Mis felicitaciones a @gustavovaldesok por obtener la reelección en la hermosa provincia de Corrientes.

Seguiremos trabajando unidos en la diversidad por el bien del querido pueblo correntino."	https://twitter.com/alferdez/status/1432381644070178821	[]
alferdez	Sun Aug 29 16:52:45 +0000 2021	5392	827	"Ser abogado es tener un compromiso inquebrantable con el Estado de Derecho, respetar el disenso y la libertad y preservar las instituciones de la democracia. 

Esa huella dejó en mí Esteban Righi y espero dejarla en el espíritu de mis alumnos. 
¡Feliz día, abogadas y abogados! https://t.co/KzQ2xscoH5"	https://twitter.com/alferdez/status/1432023429390213126	[]
alferdez	Fri Aug 27 23:46:31 +0000 2021	1064	295	"Tenemos la oportunidad de elegir qué camino queremos seguir. Uno en el que, en lugar de brindar soluciones, endeudan a la Argentina o aquel en el que el Estado repara desigualdades y ayuda a los que producen y dan trabajo.

El país que queremos está en nuestras manos."	https://twitter.com/alferdez/status/1431402779604566021	[]
alferdez	Fri Aug 27 23:46:11 +0000 2021	2771	726	"En La Pampa vi chicas y chicos jóvenes salidos de escuelas técnicas de su provincia que hoy trabajan y se desarrollan en una empresa de avanzada tecnología.

También escuché a los dueños de esa fábrica decir que quieren producir, exportar y seguir invirtiendo en nuestro país. https://t.co/GDm4XXc9a7"	https://twitter.com/alferdez/status/1431402694762184708	[]
alferdez	Fri Aug 27 09:29:14 +0000 2021	1294	329	Deseamos la pronta recuperación del diputado agredido y exhortamos al @CorrientesGob a que garantice la paz y la seguridad en la jornada electoral del próximo domingo.	https://twitter.com/alferdez/status/1431187039177908227	[]
alferdez	Fri Aug 27 09:29:14 +0000 2021	5769	1709	"Miguel Arias, diputado del @FrenteDeTodos en la provincia de Corrientes, fue baleado en un acto de campaña. 
En un Estado de Derecho la violencia política resulta inadmisible. 
El gobierno provincial rápidamente debe esclarecer el hecho y castigar a los responsables. https://t.co/XrWCM9mxaY"	https://twitter.com/alferdez/status/1431187037021999104	[]
alferdez	Thu Aug 26 21:11:48 +0000 2021	511	275	En caso de contar con información sobre el paradero de Guadalupe, podés llamar al 📞134 del @MinSeg o ingresar acá 👉 https://t.co/ZxHo5jCTpx	https://twitter.com/alferdez/status/1431001457554231301	[]
alferdez	Thu Aug 26 20:59:47 +0000 2021	3490	879	"Hoy recibí a la mamá y a la abuela de Guadalupe Lucero.

Guadalupe tiene 5 años y fue vista por última vez el 14-6 en el Barrio 544 Viviendas, San Luis. Estamos haciendo todo a nuestro alcance para encontrarla.

Su familia tiene mi absoluto acompañamiento y apoyo en la búsqueda. https://t.co/r3zP3FfzTJ"	https://twitter.com/alferdez/status/1430998429883408384	[]
alferdez	Thu Aug 26 03:12:13 +0000 2021	524	133	"La empresa Confecat que visité hoy es una muestra de esa Argentina que queremos. Una Argentina que produce y que da trabajo en cada rincón del país.

La salida está cerca. No crucemos esa puerta dudando de lo que somos. Estemos orgullosos de haber sido capaces de levantarnos. https://t.co/7QUbv4hxX0"	https://twitter.com/alferdez/status/1430729771084812292	[]
alferdez	Thu Aug 26 03:12:10 +0000 2021	531	135	"Asumí la presidencia con la convicción de trabajar junto a cada gobernador y gobernadora para poner a la Argentina de pie.

Llegó la pandemia y entendí que era imperiosa esa unidad. El pueblo argentino necesitaba a todas las provincias trabajando en conjunto y eso hicimos. https://t.co/1BnwLxGLVF"	https://twitter.com/alferdez/status/1430729758107742213	[]
alferdez	Thu Aug 26 03:12:06 +0000 2021	1838	375	"Catamarca es una provincia a la que quiero mucho. Me enorgullece acompañar hoy a las y los catamarqueños en los 200 años de su autonomía.

De aquí salieron personas trascendentales como Fray Mamerto Esquiú y Carlos Malbrán. En los próximos días tendrán su lugar en Casa Rosada. https://t.co/t187ZL3yis"	https://twitter.com/alferdez/status/1430729742672699399	[]
alferdez	Wed Aug 25 19:02:18 +0000 2021	2694	385	"Hoy el pueblo uruguayo celebra 196 años de la #DeclaratoriaDeLaIndependencia 🇺🇾

Conservar en la memoria las raíces soberanas y el espíritu revolucionario de nuestras naciones contribuye a la fortaleza y la unidad de Latinoamérica. Les envío mi cálido saludo en este aniversario. https://t.co/QDetM07pZl"	https://twitter.com/alferdez/status/1430606477081911302	[{'text': 'DeclaratoriaDeLaIndependencia', 'indices': [46, 76]}]
alferdez	Tue Aug 24 00:22:54 +0000 2021	14721	2006	Con profundo pesar he leído las expresiones antisemitas vertidas por @fargosi. Mi solidaridad con @myriambregman, una dirigente política luchadora, merecedora de todo respeto. https://t.co/Sz6bZrTrul	https://twitter.com/alferdez/status/1429962385629061122	[]
alferdez	Mon Aug 23 21:15:55 +0000 2021	746	227	"Fueron 2 años muy difíciles, pero estuvimos para quienes más nos necesitaban. Hoy crece la industria, la construcción, la inversión y el empleo.

Que no nos desvíen del camino para volver a un pasado que nos costó muchísimo. En unidad podremos salir a la vida que queremos. https://t.co/4EhASJXC5I"	https://twitter.com/alferdez/status/1429915328084074503	[]
alferdez	Mon Aug 23 21:15:53 +0000 2021	796	218	"También visité la fábrica textil Vesuvio que produce para Lacoste. Se mantuvo en pie y hoy sigue invirtiendo gracias a un Estado presente.

Tienen 3 empresas en el mundo, una en París, una en Japón y otra aquí, en San Juan. Todo indica que estamos en el camino correcto. https://t.co/7lBMghP7YK"	https://twitter.com/alferdez/status/1429915318391132160	[]
alferdez	Mon Aug 23 21:15:47 +0000 2021	2259	645	"7 meses después del temblor que dañó miles de viviendas en San Juan, volví a abrazarme con las familias a quienes les prometí que garantizaría su derecho a vivir dignamente.
 
Junto al gobernador @sergiounac no nos paralizamos. Pronto más de 800 casas estarán terminadas. https://t.co/bPFPUevlsJ https://t.co/aaissIkAfm"	https://twitter.com/alferdez/status/1429915293418233857	[]
alferdez	Sun Aug 22 17:06:11 +0000 2021	7892	1656	"Con el presidente de España, @sanchezcastejon, nos hemos acompañado en la respuesta a la pandemia.

Esa hermandad se ve reflejada en las 400 mil dosis de AstraZeneca que nos brindaron para seguir avanzando con la vacunación. Le agradezco al Gobierno español y a mi querido amigo. https://t.co/3HIPo08Rc7"	https://twitter.com/alferdez/status/1429490091194527752	[]
alferdez	Wed Aug 18 18:46:03 +0000 2021	752	240	"Es una vida en la que la salud y la educación pública tengan un valor central.

Es inmensa la cantidad de medidas que tomamos, pero aún nos quedan derechos por garantizar. Con toda la fuerza y la esperanza que acumulamos, hagamos el país que nos merecemos.
#LaProvinciaQueQueremos https://t.co/vwal8n3GT9"	https://twitter.com/alferdez/status/1428065671846432775	[{'text': 'LaProvinciaQueQueremos', 'indices': [257, 280]}]
alferdez	Wed Aug 18 18:45:59 +0000 2021	965	260	"Hay otra vida. No es esta ni la que nos precedió en la que unos pícaros disfrutaron mucho y millones sufrieron.

Es una vida democrática a pleno donde nadie persiga, donde todos se expresen. Es un país que produzca y crezca porque así crecen los argentinos y las argentinas. https://t.co/ycUDK1OfYP"	https://twitter.com/alferdez/status/1428065657518764032	[]
alferdez	Wed Aug 18 18:45:56 +0000 2021	3385	810	"Estoy convencido de que la política se construye colectivamente. Hoy soy el presidente, pero también soy un engranaje más de un proyecto dispuesto a conducir a la sociedad hacia un mejor destino.

La pandemia fue un gran obstáculo, pero no nos impidió seguir avanzando hacia ello. https://t.co/uhIMKS9vEO"	https://twitter.com/alferdez/status/1428065646387122186	[]
alferdez	Wed Aug 18 01:20:53 +0000 2021	3407	862	"Somos un espacio político con matices, pero con el común denominador de que todo lo hacemos por el pueblo. 

Para nosotros la política no es un acto de marketing a fin de atraer votos. Es el compromiso de representar con orgullo los intereses de quienes buscan un futuro mejor. https://t.co/GcSJfjeLN5"	https://twitter.com/alferdez/status/1427802647801647105	[]
alferdez	Tue Aug 17 20:57:07 +0000 2021	6146	1303	"Me enorgullece haber entregado la vivienda 20 mil. La pandemia no detuvo nuestro compromiso con las familias que necesitaban un techo.

Las puertas y ventanas de estas casas se hicieron en el Servicio Penitenciario Federal. Hoy no solo damos alegría, también trabajo y dignidad. https://t.co/EFJQXj0HRG"	https://twitter.com/alferdez/status/1427736268973256713	[]
alferdez	Tue Aug 17 17:17:43 +0000 2021	3001	664	"A 171 años de su fallecimiento, recordamos al Gral. San Martín con amor, respeto y admiración por su lucha en pos de la independencia y la unidad latinoamericana.

Su espíritu vive en quienes han hecho frente a la pandemia. Como dijo nuestro héroe, “unidos somos invencibles”. https://t.co/qqd9qFyUTt"	https://twitter.com/alferdez/status/1427681055985782785	[]
alferdez	Sun Aug 15 02:25:48 +0000 2021	4153	1344	"Celebro el Acuerdo de Entendimiento entre venezolanos. 
El diálogo y el respeto en la diversidad es el camino que tiene ese pueblo para construir su futuro. 
Gracias a Mexico y gracias  a Noruega por favorecer este Acuerdo. #LoLogramosEnMexico https://t.co/h3HpqiYqoV"	https://twitter.com/alferdez/status/1426731822566756352	[{'text': 'LoLogramosEnMexico', 'indices': [224, 243]}]
alferdez	Sat Aug 14 20:19:37 +0000 2021	2832	689	"El turismo fue la actividad más dañada por la pandemia. Por eso, estoy muy contento de lanzar la segunda edición del programa #PreViaje.
 
Quiero que cada persona que trabaja en el sector sepa que estoy para ayudarla. Vamos a volver a salir y a disfrutar de nuestra tierra. https://t.co/qthBNF1Ur1"	https://twitter.com/alferdez/status/1426639668754399232	[{'text': 'PreViaje', 'indices': [126, 135]}]
alferdez	Thu Aug 12 19:17:23 +0000 2021	4324	694	"Mi historia con la UBA data de cuando, siendo muy joven, ingresé a la carrera de derecho. Desde ese día quedé ligado a ella para siempre, como graduado, como docente y como su ferviente defensor.

Celebro con orgullo y compromiso sus 200 años. 200 años de igualdad.

#UBA200 https://t.co/hWZV1gMrWS"	https://twitter.com/alferdez/status/1425899233345998860	[{'text': 'UBA200', 'indices': [267, 274]}]
alferdez	Thu Aug 12 18:45:09 +0000 2021	512	129	"Este plan también contempla al productor y al crecimiento de las capacidades exportadoras de las economías regionales. La recuperación de la industria y del empleo empieza a sentirse.

Viene un tiempo mejor que necesita de cada argentina y argentino tirando para el mismo lado. https://t.co/BXbh7fALM7"	https://twitter.com/alferdez/status/1425891118739304451	[]
alferdez	Thu Aug 12 18:45:06 +0000 2021	2710	606	"Quienes realizan actividades temporales y estacionales viven grandes desigualdades. Presentamos un plan que promueve el trabajo registrado y amplía la protección social de 250 mil trabajadores rurales.

Nuestro objetivo es garantizar que las personas vivan dignamente con trabajo. https://t.co/ReBN0hqamR"	https://twitter.com/alferdez/status/1425891106928091141	[]
alferdez	Wed Aug 11 19:16:48 +0000 2021	1353	388	"Con el plan AccesAR fortalecemos de manera integral políticas de inclusión en los municipios.

En la gestión anterior el 60% de las solicitudes de pensión para personas con discapacidad se paralizaron. Hoy devolvemos un derecho arrebatado. Hoy somos una sociedad mejor. https://t.co/ZrpntfrWQS"	https://twitter.com/alferdez/status/1425536695878012930	[]
alferdez	Wed Aug 11 17:23:11 +0000 2021	12693	1211	"Hoy volví a dar clases en la Facultad de Derecho de la UBA.

Ha sido muy grato reencontrarme con la docencia y compartir la mañana con mis alumnas y alumnos de Teoría General del Delito y Sistema de la Pena. Me enorgullece su compromiso con el estudio, aun en la virtualidad. https://t.co/fg2VUYmmVl"	https://twitter.com/alferdez/status/1425508104242925569	[]
alferdez	Wed Aug 11 16:08:01 +0000 2021	5939	1694	"En las PASO de 2019 triunfó el arte de la sinfonía. Fue la unión de personas que tocaban instrumentos distintos lo que conformó una melodía que le devolvió la esperanza a los argentinos.

Dos años después, así de unidas y unidos, seguimos reconstruyendo el país que nos debemos ☀️ https://t.co/SYI9bCrR8A"	https://twitter.com/alferdez/status/1425489189773189120	[]
alferdez	Wed Aug 11 11:50:01 +0000 2021	471	101	Y me toca despedir a dos colaboradores muy importantes que han trabajado incansablemente. Con @LicDanielArroyo y @RossiAgustinOk solo tengo gratitud.	https://twitter.com/alferdez/status/1425424258898055172	[]
alferdez	Wed Aug 11 11:50:00 +0000 2021	1691	317	"Ayer tomé juramento a los nuevos ministros de Defensa, @JorgeTaiana y de Desarrollo Social, @JuanZabaletaOK.

Recibo a dos compañeros a quienes les sobran los méritos personales para asumir la responsabilidad que hoy asumen. Es una alegría y un honor contar con ellos. https://t.co/tSEBlqniqk"	https://twitter.com/alferdez/status/1425424256071086084	[]
alferdez	Tue Aug 10 18:28:05 +0000 2021	3352	851	"Inauguramos 100 obras de las 1.819 que estamos haciendo en todo el país.

Nosotros no necesitamos hablar de la gente. Estamos con ellos y trabajamos por ellos desde siempre. Para que hoy, con estas obras, tengan garantizado su derecho a vivir en un país más justo y más federal. https://t.co/exMgGi1eQb"	https://twitter.com/alferdez/status/1425162049836003332	[]
alferdez	Mon Aug 09 22:28:12 +0000 2021	4536	933	"El mundo actual nos invita a que reconozcamos nuestras raíces y abracemos la pluralidad de voces de nuestro pueblo. Solo así seremos una nación que ponga en valor la riqueza de su cultura.

En el Día Internacional de los Pueblos Indígenas reafirmo mi compromiso hacia ese camino. https://t.co/heEeuj9MIJ"	https://twitter.com/alferdez/status/1424860089006108674	[]
alferdez	Mon Aug 09 18:43:06 +0000 2021	907	239	"Han protagonizado un proceso de cambio impresionante en el país. Fueron años difíciles, pero les pido que junten esas ansias de libertad para que cambiemos lo injusto e ingrato.
 
En ellas y ellos anida ese gen que quiere el mundo que yo busco, un mundo más libre e igualitario. https://t.co/ib7RuWSI7g"	https://twitter.com/alferdez/status/1424803439406616577	[]
alferdez	Mon Aug 09 18:43:03 +0000 2021	5770	1219	"La juventud argentina tiene un enorme potencial en el sector del software.
 
Lanzamos la segunda etapa de #ArgentinaPrograma que formará a 60 mil jóvenes en programación por un acceso igualitario al mundo laboral. Podrán acceder a una computadora y a conexión gratuita a internet. https://t.co/c4CEhTGBnu"	https://twitter.com/alferdez/status/1424803427725553668	[{'text': 'ArgentinaPrograma', 'indices': [106, 124]}]
alferdez	Mon Aug 09 17:00:28 +0000 2021	8915	1776	"Hoy Micaela García hubiera cumplido 26 años. La ley que lleva su nombre promueve la capacitación en género de los tres poderes del Estado.

Su lucha nos convoca a seguir construyendo una #ArgentinaSinViolencias. Como sociedad debemos unir fuerzas para que no falte ninguna más. https://t.co/ztXOeujIGY"	https://twitter.com/alferdez/status/1424777611817926657	[{'text': 'ArgentinaSinViolencias', 'indices': [187, 210]}]
alferdez	Fri Aug 06 21:56:00 +0000 2021	450	107	La pandemia nos ha demostrado que los líderes del mundo debemos avanzar en un camino de solidaridad y cooperación. Este encuentro ha sido un gran paso hacia ello.	https://twitter.com/alferdez/status/1423764823628726274	[]
alferdez	Fri Aug 06 21:56:00 +0000 2021	1063	227	"Tuve una fructífera reunión con @jakejsullivan, asesor de Seguridad Nacional de Estados Unidos.
 
El cuidado del medio ambiente y el cambio climático, la revisión de las instituciones financieras y la respuesta al covid-19 son cuestiones que nos preocupan a ambas naciones. https://t.co/LGST1hnKJI"	https://twitter.com/alferdez/status/1423764821565128706	[]
alferdez	Fri Aug 06 20:27:17 +0000 2021	7048	969	"Con profundo agradecimiento por la donación de 3,5 millones de vacunas, le envié una carta a @JoeBiden, presidente de Estados Unidos. Le ha llevado alivio y protección a muchas familias.

Me alegra que coincidamos en una agenda global de justicia social y de desarrollo humano. https://t.co/bfhJeQCgDW"	https://twitter.com/alferdez/status/1423742494202908678	[]
alferdez	Fri Aug 06 15:53:34 +0000 2021	3415	717	"Es un día muy importante para el querido pueblo boliviano. Se cumplen 196 años de la declaración de su independencia y hoy lo celebra en democracia. 

Las y los abrazo y auguro el trabajo conjunto por la solidez institucional de la región.

#BoliviaEstadoPlurinacional 🇧🇴 https://t.co/5kMag8wMLt"	https://twitter.com/alferdez/status/1423673612049997832	[{'text': 'BoliviaEstadoPlurinacional', 'indices': [241, 268]}]
alferdez	Fri Aug 06 12:32:56 +0000 2021	16027	1292	"Quiero felicitar a Las Leonas que representaron a la selección argentina de hockey de manera brillante llegando a la final de los JJOO y logrando una medalla de plata.

#GraciasLeonas  🏑🇦🇷 🥈
#Tokyo2020 https://t.co/fB8ScPS7O0"	https://twitter.com/alferdez/status/1423623119797882885	[{'text': 'GraciasLeonas', 'indices': [169, 183]}, {'text': 'Tokyo2020', 'indices': [191, 201]}]
alferdez	Tue Aug 03 13:16:41 +0000 2021	1285	455	"La vacuna es vida.
Es libertad 💪
Es orgullo 🇦🇷

Y es la esperanza de estar más cerca de #LaVidaQueQueremos ☀ https://t.co/r3MZ06Jrqs"	https://twitter.com/alferdez/status/1422546968757293056	[{'text': 'LaVidaQueQueremos', 'indices': [88, 106]}]
alferdez	Tue Aug 03 13:08:28 +0000 2021	953	321	"La vida de Dora cambió mucho con la aparición del virus, pero a pesar del dolor, no perdió la esperanza de recuperar la alegría.

Hoy aplica las vacunas que fueron producidas en nuestro país con la certeza de que en cada inmunización vamos superando este momento difícil. https://t.co/pDz2e7L5oc"	https://twitter.com/alferdez/status/1422544899858182145	[]
alferdez	Tue Aug 03 13:01:38 +0000 2021	3072	858	"Mientras viaja hacia el centro de vacunación, Ada recuerda los momentos que marcaron su vida. Hoy se suma uno más 💉❤️ 

La vacuna es la puerta de salida de esta pandemia y falta menos para que todos y todas la crucemos. https://t.co/ULNSkmT4ir"	https://twitter.com/alferdez/status/1422543179220463618	[]
alferdez	Mon Aug 02 18:42:03 +0000 2021	4006	997	"Ampliamos el programa #Ahora12 con más rubros y plazos de hasta 30 meses.
El país se recupera si se invierte, si produce, si hay trabajo y si quien trabaja, aumenta su consumo. Esa es la idea que desde siempre nos moviliza, un círculo virtuoso que mejore la vida de todas y todos. https://t.co/QFDlI9udbq"	https://twitter.com/alferdez/status/1422266463461728258	[{'text': 'Ahora12', 'indices': [22, 30]}]
alferdez	Sat Jul 31 21:14:15 +0000 2021	4352	984	"Debe enorgullecernos que podamos avanzar en la vacunación de cada argentina y argentino. Debemos inmunizar a todo nuestro pueblo.
Entre Ríos hoy nos muestra lo que representa la salud pública. 
Sigamos adelante! https://t.co/d2fQjlWwB6"	https://twitter.com/alferdez/status/1421579989540081664	[]
alferdez	Fri Jul 30 20:00:40 +0000 2021	2989	668	"Presentamos la plataforma para el Mercado de Industrias Culturales Argentinas que le permitirá a artistas llevar adelante sus proyectos en el entorno digital.

Argentina tiene un capital cultural enorme. Debemos darle el lugar que merece y así, nutrir el alma de nuestro pueblo. https://t.co/umV2SpQBv8"	https://twitter.com/alferdez/status/1421199080806625285	[]
alferdez	Thu Jul 29 01:43:45 +0000 2021	1113	192	"Además, mantuve reuniones con los presidentes de Ecuador y Colombia, @LassoGuillermo e @IvanDuque y con el canciller de México, @m_ebrard.
 
Celebro que esta visita haya sido una oportunidad para fortalecer los lazos que unen a nuestros pueblos. https://t.co/46GJj7XjSA"	https://twitter.com/alferdez/status/1420560645628497924	[]
alferdez	Thu Jul 29 01:43:43 +0000 2021	8371	1340	"En el Bicentenario de la Declaración de la Independencia del Perú, tuve el honor de presenciar la toma de juramento de su presidente, @PedroCastilloTe.
 
Le deseo el mayor de los éxitos en el inmenso compromiso que hoy asume con las peruanas y peruanos. https://t.co/KEpqkLqEAv"	https://twitter.com/alferdez/status/1420560637499949056	[]
alferdez	Mon Jul 26 19:21:31 +0000 2021	3171	733	"Entregamos viviendas y créditos para la construcción en Merlo.

Hay distintas formas de encarar el futuro post-pandemia. Algunos dejan a millones de argentinos en manos del mercado y nosotros, hijos de Perón y Evita, queremos un Estado presente que siga igualando oportunidades. https://t.co/rLn2dhBrFL"	https://twitter.com/alferdez/status/1419739676785659910	[]
alferdez	Mon Jul 26 14:52:02 +0000 2021	7915	1854	"A 69 años de su fallecimiento, Eva Perón vive en el pueblo, aquel cuyos derechos llevó siempre como bandera.

#EvitaEterna en nuestros corazones. https://t.co/dnSohv5Whv"	https://twitter.com/alferdez/status/1419671859935776777	[{'text': 'EvitaEterna', 'indices': [110, 122]}]
alferdez	Sun Jul 25 01:17:40 +0000 2021	3294	644	"No es verdad que todos los políticos son iguales. Para nosotros cuidar a los argentinos es un imperativo ético, no un discurso electoral.

Aquí todos y todas hacen falta para que hagamos un país que merezca ser vivido. La salida está cerca y en unidad volveremos a ser felices ☀️"	https://twitter.com/alferdez/status/1419104528973111296	[]
alferdez	Sun Jul 25 01:17:39 +0000 2021	6921	1333	"Con nuestras mejores mujeres y nuestros mejores hombres, venimos a proponerles que nos sigan acompañando como lo hicieron en 2019.

La pandemia nos consumió mucho esfuerzo, pero en este tiempo no dejamos de hacer lo que teníamos que hacer para poner a la Argentina de pie. https://t.co/EME6no7mkr"	https://twitter.com/alferdez/status/1419104526360055808	[]
alferdez	Sat Jul 24 23:53:22 +0000 2021	3751	874	"#LaVidaQueQueremos está muy cerca. Estamos saliendo adelante con esfuerzo y, sobre todo, con unidad.  

Vamos a recuperar la alegría y seguiremos trabajando para lograrlo ☀️🇦🇷 https://t.co/2w7UVoGogU"	https://twitter.com/alferdez/status/1419083315454357504	[{'text': 'LaVidaQueQueremos', 'indices': [0, 18]}]
alferdez	Sat Jul 24 20:51:17 +0000 2021	2436	654	"EN VIVO | ELECCIONES PASO Presentación de candidatos del @FrenteDeTodos

https://t.co/Bi04rxXrts"	https://twitter.com/alferdez/status/1419037495287816196	[]
alferdez	Fri Jul 23 20:19:32 +0000 2021	1364	315	Gracias querido @martinrgill por tu compromiso. Con vos, @CaserioCarlos y @gabiestevezok vamos a seguir trabajando por Cordoba. Dimos vuelta la pagina de los desencuentros y vamos a seguir trabajando por integrar esta Argentina. Más unidos que nunca para seguir adelante. https://t.co/68NRNWhafP	https://twitter.com/alferdez/status/1418667113749925891	[]
alferdez	Fri Jul 23 18:13:45 +0000 2021	12540	1398	"Quiero mandarle mi cálido abrazo a nuestra delegación. Un país entero los y las alienta a kilómetros de distancia.

Valoro el enorme esfuerzo que han hecho para poder estar hoy representando a la Argentina. Me enorgullece verlos levantar nuestra bandera 🇦🇷❤

#JJOO2020 #Tokio2020 https://t.co/teQcmWRRXl"	https://twitter.com/alferdez/status/1418635460721659913	[{'text': 'JJOO2020', 'indices': [259, 268]}, {'text': 'Tokio2020', 'indices': [269, 279]}]
alferdez	Thu Jul 22 22:25:32 +0000 2021	7254	1675	"Más del 50% de los argentinos y argentinas están vacunados con, al menos, una dosis y ya tenemos 40 millones de dosis de vacunas en el país.

En cada una de estas fotos vemos la alegría de estar más cerca de la vida que queremos. Seguimos vacunando💪

#40MillonesDeVacunas https://t.co/M4tql31dg1"	https://twitter.com/alferdez/status/1418336435254476802	[{'text': '40MillonesDeVacunas', 'indices': [251, 271]}]
alferdez	Thu Jul 22 19:25:53 +0000 2021	2430	616	"Ampliamos las #BecasManuelBelgrano. Se destinarán a 24 mil estudiantes universitarios de carreras estratégicas para nuestro desarrollo.

Podemos ser un país a la cabeza del mundo si garantizamos el acceso a la educación. Es ahí donde se encuentra el futuro de las sociedades. https://t.co/F7MUbPaY8B"	https://twitter.com/alferdez/status/1418291224117657601	[{'text': 'BecasManuelBelgrano', 'indices': [14, 34]}]
alferdez	Wed Jul 21 23:48:12 +0000 2021	2076	334	"Hay identidades que existieron siempre, pero que se ocultaron. Debemos respetarlas porque cuando las negamos, le quitamos a muchas personas la posibilidad de ser felices.

Espero que este avance termine el día en el que en el DNI a nadie le pregunten con qué género se percibe. https://t.co/Ne13xQSOrW"	https://twitter.com/alferdez/status/1417994850742452226	[]
alferdez	Wed Jul 21 23:48:10 +0000 2021	9307	1311	"Pusimos en marcha el DNI para personas no binarias.
Somos el primer país de Latinoamérica que impulsa esta iniciativa en pos de garantizar la identidad de género de las personas que no se autoperciben ni femeninas ni masculinas.
 
Vamos haciendo posible lo que parecía imposible. https://t.co/yA6boCYPlh"	https://twitter.com/alferdez/status/1417994841921888258	[]
alferdez	Wed Jul 21 15:20:11 +0000 2021	2570	387	"La Fiesta del Sacrificio, ""Id Al-Adha Ha Al-Mubarak"", es una celebración muy especial para la comunidad islámica.

Quiero enviarles mis mejores deseos en esta festividad. ¡Eid Mubarak!

 #EidAlAdha"	https://twitter.com/alferdez/status/1417867007425454082	[{'text': 'EidAlAdha', 'indices': [187, 197]}]
alferdez	Wed Jul 21 00:12:48 +0000 2021	3884	518	"Lita Boitano es una luz que nos invita a no bajar los brazos en la lucha por las causas justas y en la defensa de los derechos humanos.

En su cumpleaños quiero mandarle mi abrazo y agradecerle por, cada día, inspirarnos a ser mejores.
¡Felices 90, querida Lita! 🤍 https://t.co/IXrsAN71pS"	https://twitter.com/alferdez/status/1417638655955451907	[]
alferdez	Tue Jul 20 20:22:47 +0000 2021	781	184	"También anunciamos la urbanización del barrio La Rubita, financiada con el aporte de las grandes fortunas, la construcción de centros de primera infancia y de un Centro Territorial Integral de Políticas de Género.

Estamos cerca de salir de esta pandemia y debemos hacerlo unidos."	https://twitter.com/alferdez/status/1417580768776409096	[]
alferdez	Tue Jul 20 20:22:46 +0000 2021	3086	623	"Siempre sufrí el olvido del Norte Grande y que alguien deba irse a otra ciudad para encontrar su futuro. Por eso, me propuse volver a federalizar la Argentina.
 
Hoy en Chaco inauguramos 40 km de la ruta provincial 7 que permitirán un mayor desarrollo de la provincia. https://t.co/FqW3Vd4Tv6"	https://twitter.com/alferdez/status/1417580766188482564	[]
alferdez	Tue Jul 20 02:04:14 +0000 2021	14755	3026	"Quiero reiterar mis felicitaciones a @PedroCastilloTe, quien fue elegido democráticamente y proclamado presidente de nuestros hermanos del Perú.

Juntos trabajaremos por una Latinoamérica unida. https://t.co/nkf6BEmRUP"	https://twitter.com/alferdez/status/1417304312221470724	[]
alferdez	Sun Jul 18 13:38:50 +0000 2021	6402	1211	"A 27 años del atentado a la AMIA, los familiares de las 85 víctimas continúan firmes en su reclamo de verdad y de justicia.
 
En memoria de cada uno de ellos y en honor a quienes perdieron a sus seres queridos, debemos unirnos contra la impunidad.

#AMIA27años https://t.co/M8ao2soMFe"	https://twitter.com/alferdez/status/1416754337800499209	[{'text': 'AMIA27años', 'indices': [249, 260]}]
alferdez	Sun Jul 18 13:13:42 +0000 2021	12	3	@Bernardod @rosariocollico @alc2061 Algunos maltrataron la universidad pública, elogiaron la educación privada y lamentaron que alumnos “cayeran” en la escuela pública. Otros creemos en la educación pública, abrimos escuelas y universidades e invertimos en la investigación científica.  Otras prioridades. Otro país.	https://twitter.com/alferdez/status/1416748011313668096	[]
alferdez	Fri Jul 16 21:28:06 +0000 2021	9791	1549	"Quiero agradecerle al presidente Joe Biden, @POTUS, y a @USAGov por poner en valor la palabra solidaridad cuando la humanidad más lo necesita.

Nos ha donado 3,5 millones de vacunas de Moderna que están llegando al país. De este modo transitamos el camino de un trabajo común. https://t.co/LypDvCxKV9"	https://twitter.com/alferdez/status/1416147656062214171	[]
alferdez	Thu Jul 15 23:00:06 +0000 2021	9801	2202	"Recibí la noticia de que el Instituto Gamaleya aprobó el primer lote de dosis del componente I de la vacuna Sputnik V producidas en la Argentina.

Este logro nacional es un orgullo inmenso 🇦🇷💉
Mis felicitaciones a @mfigueiras y a los científicos y científicas de @richmond_lab. https://t.co/3dC0R63WV8"	https://twitter.com/alferdez/status/1415808421165666314	[]
alferdez	Thu Jul 15 14:07:20 +0000 2021	7022	1520	"Argentina fue pionera en legalizar el #MatrimonioIgualitario en América Latina.

Desde ese 15 de julio, fuimos una mejor sociedad gracias a toda la comunidad LGBTI+, a personas como @VilmaIbarraL que hicieron el proyecto realidad y a @CFKArgentina, responsable de su promulgación. https://t.co/APXeXUGVWb"	https://twitter.com/alferdez/status/1415674346807300101	[{'text': 'MatrimonioIgualitario', 'indices': [38, 60]}]
alferdez	Wed Jul 14 18:36:33 +0000 2021	4593	569	"En el #DíaNacionaldeFrancia 🇫🇷 saludo a mi amigo y presidente, @emmanuelmacron, y a su pueblo.

La toma de la Bastilla, además de ser el símbolo de la Revolución Francesa, es la llama que encendió las ideas de libertad, igualdad y fraternidad en el mundo y en nuestra patria. https://t.co/dNnIk512ac"	https://twitter.com/alferdez/status/1415379706418024450	[{'text': 'DíaNacionaldeFrancia', 'indices': [6, 27]}]
alferdez	Wed Jul 14 01:54:00 +0000 2021	1642	359	"Siempre elegimos cuidar a los adultos mayores. Les pedimos que se quedaran en casa, montamos hospitales para atenderlos, vacunamos a más del 90%. Y los seguimos cuidando de la inflación y de las tarifas.

Hoy puedo mirarlos a los ojos y decirles que estoy cumpliendo mis promesas."	https://twitter.com/alferdez/status/1415127408882196480	[]
alferdez	Wed Jul 14 01:54:00 +0000 2021	1620	332	"A su vez, se reconocerá un año de aportes por cada hijo o hija para las mujeres que no cumplan con 30 años de aportes.

Las personas que han realizado tareas de cuidado tendrán la distinción que merecen."	https://twitter.com/alferdez/status/1415127407237943298	[]
alferdez	Wed Jul 14 01:53:59 +0000 2021	6531	1449	"Anunciamos un bono de $5000 para más de 6 millones de jubilados y jubiladas.
 
Una sociedad ética recompensa al adulto mayor por lo que ha hecho por su país y, tal como prometí en campaña, trabajaré hasta el último día para garantizar que así sea. https://t.co/6TISthOEJF"	https://twitter.com/alferdez/status/1415127404561973257	[]
alferdez	Mon Jul 12 17:38:21 +0000 2021	2865	559	"Lamento el fallecimiento de Jorge Landau, apoderado histórico y estimado del @p_justicialista. Con profundo pesar quiero expresar mi acompañamiento en su dolor a su familia y allegados.

Gracias por su trabajo, su honestidad y su compromiso con el peronismo. https://t.co/VxAgIVSgnC"	https://twitter.com/alferdez/status/1414640286316302337	[]
alferdez	Mon Jul 12 15:22:33 +0000 2021	11020	1834	"Juana Azurduy fue una mujer enorme que defendió el Alto Perú con valentía. Su lucha fue clave para la independencia.

El lazo que une al pueblo argentino y al boliviano data de aquel tiempo. Conmemoramos el nacimiento de una gran heroína que nos invita a proteger esta hermandad. https://t.co/L5IukX16yA"	https://twitter.com/alferdez/status/1414606111903203334	[]
alferdez	Sun Jul 11 02:01:54 +0000 2021	94340	13952	"Quiero felicitar y abrazar a nuestro inmenso plantel por llevar al país a lo más alto. El pueblo argentino siempre recordará que, en tiempos de dolor, sembraron la ilusión y nos dieron una enorme alegría.

¡VAMOS ARGENTINA! Orgullo 🇦🇷💪 https://t.co/Ms9wdv9FAU"	https://twitter.com/alferdez/status/1414042232139747334	[]
alferdez	Fri Jul 09 12:57:53 +0000 2021	6697	1696	"Este Día de la Independencia celebramos el esfuerzo de cada uno y cada una que, con trabajo, mantiene vivo el legado de los héroes de la patria.
 
Estamos cerca del mañana que queremos. Un mañana en el que recuperemos la alegría y sigamos reconstruyendo nuestra querida Argentina. https://t.co/EsK8ndO8Ni"	https://twitter.com/alferdez/status/1413482538291453958	[]
alferdez	Thu Jul 08 19:00:56 +0000 2021	625	162	"El consenso es el camino más racional para preservar nuestros intereses comunes y honrar los contratos fundacionales del Tratado de Asunción.

Así fortaleceremos las cadenas regionales de valor y la competitividad y consolidaremos un Mercosur que avance de la mano de sus pueblos."	https://twitter.com/alferdez/status/1413211517055606784	[]
alferdez	Thu Jul 08 19:00:55 +0000 2021	2515	473	"Participé en la Cumbre de Jefes de Estado del Mercosur en la que realizamos el traspaso de la presidencia pro témpore a Brasil.
 
Argentina tiene el compromiso inalterable, como miembro de este hogar regional, de siempre respetar y promover el consenso. https://t.co/qK7qJU8YHB"	https://twitter.com/alferdez/status/1413211514660589573	[]
alferdez	Wed Jul 07 19:11:13 +0000 2021	775	151	"Decidimos hacer lo necesario para que se termine cualquier tipo de discriminación en nuestro país. Así, pronto no habrá que dictar leyes como esta.
 
La mejor Argentina es la que amplía derechos. Me gratifica saber que desde hoy la comunidad trans tendrá un futuro mejor."	https://twitter.com/alferdez/status/1412851718040195082	[]
alferdez	Wed Jul 07 19:11:05 +0000 2021	3278	689	"Promulgamos la Ley de Promoción del Acceso al Empleo Formal para personas Travestis, Transexuales y Transgénero.
 
Un día @VilmaIbarraL me dijo: “Las minorías solo tienen derechos si se los dan las mayorías”. Con esa certeza me propuse trabajar todos los días para garantizarlos. https://t.co/O0cnmmxHMJ"	https://twitter.com/alferdez/status/1412851683588194308	[]
alferdez	Wed Jul 07 18:35:22 +0000 2021	4197	473	Lamento la partida de Carlos Reutemann. Mis condolencias a los seres queridos de quien fuera senador nacional y un gran gobernador de Santa Fe.	https://twitter.com/alferdez/status/1412842697002528772	[]
alferdez	Wed Jul 07 16:29:52 +0000 2021	10044	1581	"Desde Argentina condenamos y lamentamos profundamente el asesinato de Jovenel Moïse, presidente de Haití.

Acompañamos al pueblo haitiano y llamamos a la unidad para restablecer el Estado de derecho y la democracia ante este crimen atroz."	https://twitter.com/alferdez/status/1412811111271895040	[]
alferdez	Thu Jul 01 20:03:24 +0000 2021	8490	1555	"“No defendemos ni defenderemos jamás otra causa que no sea la causa del pueblo”, afirmó Perón en su último discurso.

Hace 47 años nos dejó un líder que mantuvo siempre una lealtad inquebrantable hacia su pueblo, hasta entonces olvidado.
Su legado nos guía en cada paso que damos. https://t.co/kAqqRTX7xF"	https://twitter.com/alferdez/status/1410690521698390024	[]
alferdez	Wed Jun 30 19:11:54 +0000 2021	698	157	"Nos comprometimos a reafirmar políticas locales como la Ley IVE, el Plan de los mil días y la Ley de ESI, y a fortalecer la agenda internacional de derechos sexuales y reproductivos.

El foro es un valioso punto de partida para garantizar, en conjunto, más equidad y más derechos."	https://twitter.com/alferdez/status/1410315174112808961	[]
alferdez	Wed Jun 30 19:11:53 +0000 2021	2486	544	"Al día de hoy, todavía existen sólidos núcleos de exclusión y desigualdad que afectan a mujeres y diversidades y que exceden las fronteras geográficas.
 
Esto exige una respuesta colectiva. Por eso, desde Argentina nos involucramos activamente en el #ForoGeneraciónIgualdad. https://t.co/fO6BoVsIkF"	https://twitter.com/alferdez/status/1410315171130753029	[{'text': 'ForoGeneraciónIgualdad', 'indices': [250, 273]}]
alferdez	Mon Jun 28 15:16:47 +0000 2021	15143	2528	"El mundo cambió gracias a quienes, con #orgullo, alzaron la voz por su identidad y por vencer al odio con amor.

Tenemos la oportunidad de ser una sociedad mejor y el deber de seguir ampliando derechos para lograrlo. Este #DíaInternacionaldelOrgulloLGBTI+ asumamos ese compromiso. https://t.co/bq1Fc4S8y9"	https://twitter.com/alferdez/status/1409531228739543044	[{'text': 'orgullo', 'indices': [39, 47]}, {'text': 'DíaInternacionaldelOrgulloLGBTI', 'indices': [222, 254]}]
alferdez	Sun Jun 27 22:27:20 +0000 2021	8919	1570	"Hoy participé de la ceremonia en memoria de las personas fallecidas por covid-19 en el país. A cada una de ellas la llevaremos siempre en el corazón.

Nuestro homenaje será reconstruir una Argentina unida y solidaria en la que miremos el futuro con memoria y esperanza. https://t.co/ZFj5A8zGVc"	https://twitter.com/alferdez/status/1409277192236851206	[]
alferdez	Fri Jun 25 22:36:02 +0000 2021	988	221	"Poco a poco estamos volviendo a poner las cosas en orden en cada rincón de nuestro país para que podamos superar este momento singular.
 
Con las convicciones y la firmeza de siempre, seguimos dando trabajo para construir la Argentina que nos merecemos. https://t.co/7iYZ0Y0f7s"	https://twitter.com/alferdez/status/1408554606981005313	[]
alferdez	Fri Jun 25 22:36:00 +0000 2021	1252	267	"También inauguramos dos tramos de la Autopista RN 19 San Francisco-Córdoba. Estos 92 kilómetros permiten integrar Córdoba y Santa Fe y fortalecerán el desarrollo productivo y turístico.
 
Para nosotros la obra pública es muy importante porque motoriza la economía y da empleo. https://t.co/GWGSXqxzzQ"	https://twitter.com/alferdez/status/1408554597023686659	[]
alferdez	Fri Jun 25 22:35:58 +0000 2021	4768	942	"Tuve el agrado de visitar Córdoba, provincia querida y pujante de la Argentina.
 
En mi recorrida por la Fábrica Argentina de Aviones, entregamos un avión Pampa III Bloque II a la @FuerzaAerea_Arg. La industria para la defensa recupera un lugar central en la estrategia argentina. https://t.co/x8S5t1t5xX"	https://twitter.com/alferdez/status/1408554589658439680	[]
alferdez	Fri Jun 25 01:06:03 +0000 2021	2800	450	"En el 110° aniversario de su nacimiento, debemos recordar a Ernesto Sabato como una figura invaluable de nuestra patria.

Nos ha dejado grandes obras y el informe “Nunca Más” entregado por la CONADEP, presidida por él en aquel entonces, que nos invita a mantener viva la memoria. https://t.co/gskxpkdm2O"	https://twitter.com/alferdez/status/1408229969701003269	[]
alferdez	Thu Jun 24 22:56:19 +0000 2021	2795	423	"Es el resultado de la lucha de un colectivo históricamente vulnerado. Era hora de que el Estado escuchara y atendiera su reclamo.

Hoy somos un país más justo e igualitario que reconoce y celebra su diversidad."	https://twitter.com/alferdez/status/1408197321930780678	[]
alferdez	Thu Jun 24 22:56:18 +0000 2021	14973	2324	"Celebro la sanción de la Ley de Promoción del Acceso al Empleo Formal para personas Travestis, Transexuales y Transgénero 🏳️‍⚧️

Este logro es la continuación de los avances que hemos hecho con el decreto 721/2020 del Cupo Laboral Travesti Trans en el Sector Público Nacional. https://t.co/YAo4fkEZ3g"	https://twitter.com/alferdez/status/1408197320181747715	[]
alferdez	Thu Jun 24 17:26:18 +0000 2021	3322	869	"Lanzamos el plan Casa Propia-Casa Activa para brindarle a nuestros adultos mayores un lugar donde vivir y donde generar una comunidad en la que puedan ser felices.

Entre tanto dolor, damos un paso ético de la política. Hay futuro con un Estado presente en cada etapa de la vida. https://t.co/0Vv7gYViJn"	https://twitter.com/alferdez/status/1408114271716888580	[]
alferdez	Tue Jun 22 21:07:33 +0000 2021	6462	896	"Lamento profundamente la partida de Horacio González, ex director de la Biblioteca Nacional. Fue un intelectual comprometido con la realidad de su patria y con las causas justas. Valoro el inmenso aporte que nos ha dejado.

Mi abrazo para Liliana Herrero y quienes lo han querido. https://t.co/N4dAuKIBNY"	https://twitter.com/alferdez/status/1407445176700768260	[]
alferdez	Sun Jun 20 16:21:38 +0000 2021	4837	1072	"Hace 201 años fallecía Manuel Belgrano, héroe de nuestra patria y creador de la bandera, el símbolo del esfuerzo colectivo para la construcción de la Argentina.

Cada 20 de junio, aún más en pandemia, honremos su cometido de trabajar por una nación libre, solidaria e igualitaria. https://t.co/cWw8jNDGAG"	https://twitter.com/alferdez/status/1406648446166122498	[]
alferdez	Fri Jun 18 19:01:56 +0000 2021	4209	1045	"Presentamos el proyecto de Ley de Promoción de la Formación y del Desarrollo de la Enfermería para mejorar la salud y reconocer a quienes nos cuidan.

Es un paso importante por quienes están al frente de batalla poniéndole el pecho al virus. A ellos y ellas, gracias de corazón. https://t.co/Q5fwx7pTab"	https://twitter.com/alferdez/status/1405964012504895498	[]
alferdez	Thu Jun 17 19:08:05 +0000 2021	1318	265	"Reivindicamos la figura de un patriota de una entereza incorruptible cuyas enseñanzas, en este tiempo, nos invitan a recuperar la solidaridad, a defender nuestra tierra y a trabajar en unidad.

En memoria de nuestro héroe gaucho, seguiremos construyendo el país que nos debemos. https://t.co/g35th6co1T"	https://twitter.com/alferdez/status/1405603170378788867	[]
alferdez	Thu Jun 17 19:08:02 +0000 2021	4270	741	"Hace 200 años fallecía el General Martín Miguel de Güemes, uno de nuestros grandes próceres. Este homenaje pone en valor lo que representó para toda la Argentina.

Antes de morir le pidió a su pueblo que siguiera luchando por la independencia, tal como lo habían hecho junto a él. https://t.co/Daxy3KSrl9"	https://twitter.com/alferdez/status/1405603159125397504	[]
alferdez	Wed Jun 16 22:03:24 +0000 2021	11388	2648	"El 16 de junio de 1955 las fuerzas armadas bombardearon Plaza de Mayo y dejaron más de 300 muertos. Fue la antesala del golpe de Estado que derrocó a Perón y uno de los hechos más violentos y trágicos de nuestra historia.

Convoco a toda la sociedad a mantener viva la memoria. https://t.co/cnHvfhdIdM"	https://twitter.com/alferdez/status/1405284901838987264	[]
alferdez	Mon Jun 14 23:52:57 +0000 2021	11059	2199	"Argentina ya cuenta con más de 20 millones de dosis de vacunas, tras la llegada de 934.200 dosis de AstraZeneca producidas en conjunto con México.

La vacunación es la puerta de entrada a la vida. Así superaremos la pandemia y volveremos a crecer creando trabajo en todo el país. https://t.co/p1KyTIFDbF"	https://twitter.com/alferdez/status/1404587695217729538	[]
alferdez	Sun Jun 13 21:27:46 +0000 2021	12852	1146	"Con enorme pesar he sabido del fallecimiento de Nicolas Avelluto. Duele mucho la muerte de un joven. 
Quiero transmitirle mi profundo dolor a sus padres, hermanos y a todos los que lo han querido. https://t.co/bO8ib9jR88"	https://twitter.com/alferdez/status/1404188772502315014	[]
alferdez	Sun Jun 13 02:15:22 +0000 2021	3071	432	Feliz cumpleaños querido @marcoporchile !!! De corazón espero que este año se imponga la justicia. Te he acompañado durante mucho tiempo en este proceso y espero que esta vuelta al sol te traiga la tan anhelada tranquilidad que tú y tu familia merecen. https://t.co/cFedTeE0mN	https://twitter.com/alferdez/status/1403898759428325379	[]
alferdez	Fri Jun 11 19:49:13 +0000 2021	1154	246	"La pandemia evidencia la necesidad de un Estado presente que garantice la salud.

Cuando nos olvidamos de las diferencias y entendemos dónde está lo importante, alcanzamos logros como el que hoy celebran la UBA, el INVAP y la CNEA, tres instituciones que nos llenan de orgullo."	https://twitter.com/alferdez/status/1403439194756861956	[]
alferdez	Fri Jun 11 19:49:12 +0000 2021	3718	910	"Recorrí las obras del Centro Argentino de Protonterapia. Será la primera institución de tratamiento del cáncer con protones de América Latina y del hemisferio sur.

Va a dar solución a personas que viven con la enfermedad y también permitirá investigaciones. https://t.co/bWBOe7bqbX"	https://twitter.com/alferdez/status/1403439192089272322	[]
alferdez	Thu Jun 10 22:32:08 +0000 2021	4553	881	"Este Día de la Afirmación de los Derechos Argentinos sobre las Malvinas, Islas y Sector Antártico recuperamos, una vez más, la memoria colectiva para preservar nuestros derechos sobre un territorio que nos ha sido usurpado.  

Las Malvinas fueron, son y serán argentinas. https://t.co/LfrKpfx3Wc"	https://twitter.com/alferdez/status/1403117806737055744	[]
alferdez	Thu Jun 10 17:36:48 +0000 2021	23451	5048	"Hoy me comuniqué con @PedroCastilloTe, presidente electo de Perú. Le expresé mi deseo de que unamos esfuerzos en favor de América Latina. Somos naciones profundamente hermanadas.

Celebro que el querido pueblo peruano enfrente el futuro en democracia y con solidez institucional. https://t.co/vKaKpdBdik"	https://twitter.com/alferdez/status/1403043481942216704	[]
alferdez	Thu Jun 10 11:58:56 +0000 2021	4203	439	"“Quería que fuera una frase (Zamba) que hable de nosotros. Y de esta tierra que amamos (Latinoamerica)
Y es mezcla de todos”
Litto Nebbia sintetiza mejor que yo el sentido real de mis palabras."	https://twitter.com/alferdez/status/1402958455711973380	[]
alferdez	Wed Jun 09 19:56:29 +0000 2021	1089	228	"España invertirá 4.500 millones de euros en la región y, en particular, en Argentina. Valoro enormemente que contemos con este apoyo.

Tengo la satisfacción de encontrar en el presidente de España un compromiso muy fuerte con que unidos podamos construir un mundo más igualitario. https://t.co/P77D9pUIuF"	https://twitter.com/alferdez/status/1402716246538326026	[]
alferdez	Wed Jun 09 19:56:25 +0000 2021	806	167	"La pandemia fue un llamado de atención. Se llevó muchas vidas y destruyó economías. No podemos conformarnos con este presente.
 
Por eso, juntos pedimos la socialización global de la vacuna y, desde la UE y el Mercosur, avanzaremos en un acuerdo sobre el tema climático. https://t.co/6rfMrIxB08"	https://twitter.com/alferdez/status/1402716232831361037	[]
alferdez	Wed Jun 09 19:56:21 +0000 2021	460	118	"Nos reunimos con empresarios de ambos países.
 
Con el presidente @sanchezcastejon siempre hablamos de pensar en el día después de la pandemia y trabajar por una vida mejor para nuestros pueblos y para que las empresas españolas y argentinas sigan invirtiendo y generando empleo. https://t.co/9qVZy7Q2Wc"	https://twitter.com/alferdez/status/1402716215630614528	[]
alferdez	Wed Jun 09 19:56:18 +0000 2021	2840	473	"Tuve el agrado de recibir al presidente de España, @sanchezcastejon. Es una enorme alegría contar con la visita de un amigo con quien tenemos la vocación de cambiar el mundo en el mismo sentido. 
 
Quiero agradecerle; tal como hoy, España siempre estuvo a nuestro lado. https://t.co/LsHmkEJfuQ"	https://twitter.com/alferdez/status/1402716203785859084	[]
alferdez	Wed Jun 09 19:47:21 +0000 2021	13691	1699	A nadie quise ofender, de todas formas, quien se haya sentido ofendido o invisibilizado, desde ya mis disculpas.	https://twitter.com/alferdez/status/1402713952035934210	[]
alferdez	Wed Jun 09 19:47:21 +0000 2021	15591	2218	Se afirmó más de una vez que “los argentinos descendemos de los barcos”. En la primera mitad del siglo XX recibimos a más de 5 millones de inmigrantes que convivieron con nuestros pueblos originarios. Es un orgullo nuestra diversidad.	https://twitter.com/alferdez/status/1402713950584725505	[]
alferdez	Tue Jun 08 23:49:14 +0000 2021	8974	1722	"La Universidad de Buenos Aires continúa siendo la institución de habla hispana de mayor excelencia académica y es, sobre todo, la más igualitaria.

Como graduado, como docente y como argentino, lo celebro con inmenso orgullo.

#OrgulloUBA https://t.co/khz8nqaUOH"	https://twitter.com/alferdez/status/1402412434959261696	[{'text': 'OrgulloUBA', 'indices': [227, 238]}]
alferdez	Tue Jun 08 19:40:54 +0000 2021	3391	755	"Anunciamos la inversión de $77.200 millones en obras de urbanización y créditos para viviendas.

La pandemia no postergó nuestra obligación de brindar un techo para crecer donde se ha nacido. Esto solo es posible con un Estado presente y con el sentido solidario de la sociedad. https://t.co/IzIEnQt0oy"	https://twitter.com/alferdez/status/1402349937329836035	[]
alferdez	Mon Jun 07 20:10:47 +0000 2021	7672	1398	"Dijo Kapuscinski que “para ser periodista hay que ser buena persona. Hay que ser una persona honesta, lejos de la equidistancia y con la suficiente memoria histórica para saber de donde viene el origen de cada problema”. 
Feliz Día del Periodista!!! https://t.co/PVtBmbNvvW"	https://twitter.com/alferdez/status/1401995069956231170	[]
alferdez	Sat Jun 05 20:11:39 +0000 2021	11631	1063	"Mis felicitaciones a @ColonOficial y a su hinchada por haber logrado el Campeonato de la Liga Profesional del Fútbol 2021.
El trabajo de un equipo que mostró un fútbol bien jugado, permitió a este querido club de Santa Fe obtener un merecido logro.
Reciban mi abrazo fraternal! https://t.co/ux3WTexpfS"	https://twitter.com/alferdez/status/1401270515466178562	[]
alferdez	Sat Jun 05 01:25:28 +0000 2021	8419	1509	"Agradezco y felicito a @Kicillofok y a su Gobierno por el acuerdo logrado con el laboratorio Bharat Biotech de India. 
Ese esfuerzo ayudará a bonaerenses y a argentinos y argentinas de todo el país.
Trabajando unidos los que gobernamos, hacemos mejor la vida de nuestro pueblo. https://t.co/ge0l87qBgB"	https://twitter.com/alferdez/status/1400987100279889925	[]
alferdez	Fri Jun 04 19:42:43 +0000 2021	3536	727	"Con la tranquilidad de alcanzar este logro, le agradezco al Gobierno de Rusia, al Fondo Soberano de Rusia y al Instituto Gamaleya por ayudarnos a inmunizar a nuestra gente.
 
Los amigos se conocen en los momentos difíciles y Rusia nos estrechó la mano cuando más la necesitábamos."	https://twitter.com/alferdez/status/1400900845751963651	[]
alferdez	Fri Jun 04 19:42:43 +0000 2021	14135	3093	"Junto al presidente de la Federación Rusa, anuncié el inicio de la producción de la vacuna Sputnik V en nuestro país. 

Fuimos los primeros de la región en aprobar esta vacuna que ha preservado la vida de millones de argentinos. Es un orgullo que podamos empezar su fabricación. https://t.co/igeWCH8vak"	https://twitter.com/alferdez/status/1400900843218653187	[]
alferdez	Fri Jun 04 00:57:22 +0000 2021	1095	239	"Recuperamos una compañía emblemática de 720 trabajadores. Me conmueve la alegría de ellos ante la noticia de que su fuente de trabajo se mantiene en pie y deseo que vuelva a tener los 1300 que alguna vez tuvo.

Cuando construimos juntos en la diversidad, nuestra patria crece."	https://twitter.com/alferdez/status/1400617640754827269	[]
alferdez	Fri Jun 04 00:57:12 +0000 2021	2648	723	"Anunciamos la capitalización de IMPSA, una empresa de enorme desarrollo tecnológico que nos pidió ayuda tras verse sumida en una profunda crisis.

Hoy se levanta con el esfuerzo de los acreedores que cedieron, del Gobierno de Mendoza, del Gobierno nacional y de toda la Argentina. https://t.co/WqFmmJk1h3"	https://twitter.com/alferdez/status/1400617599675899904	[]
alferdez	Thu Jun 03 19:14:59 +0000 2021	5345	1171	"El 3 de junio de 2015 el colectivo de mujeres y diversidades salió a las calles e hizo historia en el reclamo contra la violencia de género.

Por quienes ya no están y por quienes alzaron la voz, es nuestro deber seguir dando respuesta con un Estado presente.

#NiUnaMenos https://t.co/m3STBoq21n"	https://twitter.com/alferdez/status/1400531476282814470	[{'text': 'NiUnaMenos', 'indices': [261, 272]}]
alferdez	Tue Jun 01 17:33:01 +0000 2021	1406	285	En la Argentina todos deben vivir dignamente, tener acceso a la salud, a la educación y a la casa propia. Nosotros creemos que la Argentina es una sola y debe ampararnos a todos y a todas.	https://twitter.com/alferdez/status/1399781042412785668	[]
alferdez	Tue Jun 01 17:33:01 +0000 2021	1348	253	En campaña anuncié que iba a crear un Ministerio de la Vivienda para que haya alguien que solo piense en darle una casa a los argentinos y argentinas que lo necesitan.	https://twitter.com/alferdez/status/1399781040755982336	[]
alferdez	Tue Jun 01 17:33:00 +0000 2021	6244	1211	"Es una enorme alegría entregar la casa propia número 10 mil en San Martín. Pienso todo el día en quienes no tienen viviendas.

Tener una vivienda es un derecho esencial del ser humano. Por eso, de aquí a fin de año, vamos a estar construyendo más de 100 mil casas propias. https://t.co/YMgbhPXyvU"	https://twitter.com/alferdez/status/1399781037991923714	[]
alferdez	Wed May 26 18:28:15 +0000 2021	1073	201	"Hablamos también de las cuestiones ambientales y del cambio climático, tras compartir la Cumbre de Líderes sobre el Clima impulsada por el presidente de los Estados Unidos, Joe Biden.

Fue un fructífero encuentro."	https://twitter.com/alferdez/status/1397620613104209920	[]
alferdez	Wed May 26 18:28:14 +0000 2021	1109	216	Le agradecí el apoyo que Alemania nos brinda en nuestro trabajo por avanzar en el proceso de reestructuración de la deuda con el Fondo y con el Club de París.	https://twitter.com/alferdez/status/1397620610902155264	[]
alferdez	Wed May 26 18:28:14 +0000 2021	4670	828	"Me reuní de forma virtual con la canciller Angela Merkel.

Conversamos sobre la situación de nuestros países y regiones en el contexto de la pandemia de covid-19 y sobre el estado de las negociaciones de nuestro país con el FMI y con el Club de París. https://t.co/SZWGhjkXCJ"	https://twitter.com/alferdez/status/1397620608159080463	[]
alferdez	Wed May 26 12:32:22 +0000 2021	18869	3933	"Estas imágenes reflejan cómo dos pueblos de América Latina, el más norteño y el más sureño se han hermanado para producir la vacuna AstraZeneca y así, inmunizar a la región.

Recibo con alegría y orgullo que tengamos nuestras vacunas para seguir cuidando a nuestra gente. https://t.co/fDK2ulbld8"	https://twitter.com/alferdez/status/1397531054316130305	[]
alferdez	Tue May 25 22:03:19 +0000 2021	8703	1514	"Un día como hoy, Néstor asumía la presidencia con la premisa de tener una Argentina con todos y para todos. Vino a proponernos un sueño que, durante esos años, pudimos empezar a hacer realidad.

Fue un líder excepcional; su recuerdo nos convoca a seguir poniendo al país de pie. https://t.co/pjJLeRYGfi"	https://twitter.com/alferdez/status/1397312349594324996	[]
alferdez	Tue May 25 14:45:37 +0000 2021	1215	358	https://t.co/4NvMQPir1f	https://twitter.com/alferdez/status/1397202197528686593	[]
alferdez	Tue May 25 14:42:03 +0000 2021	7507	2015	"Mantuve una videoconferencia con el presidente de México, @lopezobrador_ tras un trabajo coordinado y solidario en beneficio de nuestros pueblos.

Está listo el primer lote de vacunas AstraZeneca producidas en la iniciativa binacional; una noticia que nos hace más independientes. https://t.co/LCWqN5EGIz"	https://twitter.com/alferdez/status/1397201301759475726	[]
alferdez	Tue May 25 12:17:20 +0000 2021	13042	2851	"Celebramos el Aniversario de la Revolución de Mayo. Aquel 25, por primera vez, salió el sol para nuestra patria.

Son tiempos difíciles, pero nuestra historia es testigo de nuestra fortaleza. Y nos marca el camino para que, en unidad, sigamos reconstruyendo el país que merecemos. https://t.co/PbBCBMOx9l"	https://twitter.com/alferdez/status/1397164881787465733	[]
alferdez	Mon May 24 22:13:50 +0000 2021	25697	4362	Por esos motivos, he instruido a mis abogados que el próximo día lunes inicien las acciones legales pertinentes contra quien ha lanzado tan vergonzosa difamación. La convivencia democrática no puede autorizar que la injuria y la mentira se conviertan en una práctica admitida.	https://twitter.com/alferdez/status/1396952605851627524	[]
alferdez	Mon May 24 22:13:49 +0000 2021	11471	2625	En ningún país del mundo se toleran tamañas imputaciones lanzadas con tanta liviandad, sin que ello no apareje la inmediata reacción social y de quienes fueran indebidamente injuriados. La angustia que la pandemia genera en nuestra gente, no tolera tanta irresponsabilidad. https://t.co/jA0erIM4rT	https://twitter.com/alferdez/status/1396952603414745088	[]
alferdez	Mon May 24 22:13:47 +0000 2021	7084	1296	Semejante acusación resulta absolutamente falsa y por ende inaceptable, algo que bien sabía quien la formulaba. Dijo lo que dijo sin importarle el daño que causaba no solo a quienes acusaba, si no también en la confianza ciudadana y en la institucionalidad misma de la República.	https://twitter.com/alferdez/status/1396952595109920770	[]
alferdez	Mon May 24 22:12:27 +0000 2021	20211	5299	Con asombro he leído las declaraciones de la presidenta del principal partido de la oposición, acusando a nuestro gobierno de pretender cobrar un soborno por la compra de vacunas. Sin medir consecuencias, no ha dudado en afirmar que eso habría ocurrido con mi conocimiento. https://t.co/65piPa6LIg	https://twitter.com/alferdez/status/1396952260404563971	[]
alferdez	Sat May 22 20:12:07 +0000 2021	7456	1245	Hoy nos dejó el intendente de Sampacho, en nuestra querida Córdoba. Nos  acompañó lealmente defendiendo a su gente.  El COVID se lo llevó muy joven y después de pelear por su vida durante tres semanas. Mi recuerdo y mi gratitud para con él y mi pesar para sus seres queridos. https://t.co/gwjXS4Lpcn	https://twitter.com/alferdez/status/1396197200133246976	[]
alferdez	Thu May 20 14:05:56 +0000 2021	9987	1275	"Pepe Mujica es un hombre inmenso que asumió la presidencia de Uruguay con gran capacidad de gobernar y de querer a todos. Con él se aprende de la vida y así se hace mejor política.

En su cumpleaños, le envío mi abrazo junto al enorme cariño y respeto que le tengo. https://t.co/t0JFNXPZWr"	https://twitter.com/alferdez/status/1395380271168512001	[]
alferdez	Wed May 19 00:35:52 +0000 2021	3796	752	"Encabecé el sorteo de Créditos Casa Propia para la refacción y construcción de 87 mil viviendas.

Hoy argentinos y argentinas recuperan la ilusión de tener un lugar digno donde vivir. Es una gran alegría poder hacerlo posible. https://t.co/V3a7rrPOA3"	https://twitter.com/alferdez/status/1394814025721057286	[]
alferdez	Tue May 18 19:05:24 +0000 2021	839	169	"Me pone muy contento ver a esta planta trabajando como lo hace, todo esto es desarrollo para la Argentina. 

Aquel día vi que la comunidad de Eldorado se estaba deteriorando por falta de fuentes de trabajo y hoy veo a muchas familias que tienen otra oportunidad para crecer."	https://twitter.com/alferdez/status/1394730858322579460	[]
alferdez	Tue May 18 19:05:23 +0000 2021	898	182	Hoy visité la planta de Eldorado y les manifesté mi agradecimiento, no solo por su crecimiento y porque sigan invirtiendo en nuestro país. También porque se dieron cuenta de que nosotros veníamos a proteger a quien invierte, produce y da trabajo; cumplimos con nuestra palabra.	https://twitter.com/alferdez/status/1394730856950939650	[]
alferdez	Tue May 18 19:05:23 +0000 2021	3295	746	"En un viaje de campaña a Misiones, recibí a trabajadores de la empresa de calzado e indumentaria deportiva Dass. 

La apertura de las importaciones de la gestión anterior les hacía muy difícil competir en el mercado interno. Les pedí que aguantaran, que lo íbamos a ir arreglando. https://t.co/BzAlbejxkx"	https://twitter.com/alferdez/status/1394730854551859203	[]
alferdez	Sat May 15 01:21:38 +0000 2021	2292	324	"Le agradezco a todos los que me dedicaron su tiempo y expresaron su compromiso solidario en este tiempo difícil que atravesamos. 

Debemos construir una Argentina que crezca con igualdad y no postergue nunca más a nadie."	https://twitter.com/alferdez/status/1393375990274052099	[]
alferdez	Sat May 15 01:21:38 +0000 2021	1897	280	También reafirmamos la necesidad de un mayor compromiso de todo el sistema multilateral en torno a que las vacunas sean un bien público global. Es un planteo que viene haciendo el papa Francisco, con quien pudimos encontrarnos y conversar sobre la recuperación de nuestro país.	https://twitter.com/alferdez/status/1393375988671815685	[]
alferdez	Sat May 15 01:21:19 +0000 2021	5822	1356	"Estamos regresando al país tras una gira muy productiva. Hemos alcanzado los objetivos que nos habíamos fijado.

Contamos con el apoyo de los líderes en la negociación de la deuda que heredamos y con la comprensión del FMI en relación a la difícil situación que vive la Argentina. https://t.co/Bg80bMbohF"	https://twitter.com/alferdez/status/1393375909726539781	[]
alferdez	Fri May 14 19:00:50 +0000 2021	1558	285	Planteé la necesidad de reducir las sobretasas y de extender los plazos de los programas para evitar que el pueblo argentino prolongue los muchos esfuerzos que debe hacer por la irresponsabilidad de quienes nos gobernaron.	https://twitter.com/alferdez/status/1393280159227187201	[]
alferdez	Fri May 14 19:00:49 +0000 2021	3363	678	"Esta mañana converse largamente con @KGeorgieva. Pude transmitirle el complejo momento en el que nuestro país se encuentra.

Fue una reunión muy constructiva que espero que permita encontrar rápidamente los acuerdos que estamos buscando. https://t.co/E2OqzAhYPn"	https://twitter.com/alferdez/status/1393280155943067656	[]
alferdez	Thu May 13 19:04:21 +0000 2021	896	198	Roma será el lugar propicio para que el G-20 defina las estrategias que constituyan un mundo más igualitario tras la pandemia.	https://twitter.com/alferdez/status/1392918656288448512	[]
alferdez	Thu May 13 19:04:20 +0000 2021	2848	543	"Tuve el agrado de reunirme con el presidente de la República Italiana, Sergio Mattarella y, más tarde, con el presidente del Consejo de Ministros, Mario Draghi.

Les quiero agradecer por su hospitalidad y por su decidido apoyo en nuestras negociaciones con el FMI. https://t.co/8cTNb7Hz6k"	https://twitter.com/alferdez/status/1392918653604175872	[]
alferdez	Thu May 13 15:34:47 +0000 2021	8477	1516	"En mi reencuentro con el papa Francisco, conversamos sobre los problemas que el mundo y la Argentina atraviesan. Agradezco su apoyo de siempre en favor de la recuperación de la Argentina. 

Su liderazgo en pos de la igualdad nos guía y nos compromete con un mundo más humano. https://t.co/B72mHH7j0B"	https://twitter.com/alferdez/status/1392865916916994048	[]
alferdez	Wed May 12 18:30:30 +0000 2021	9488	1689	"A los enfermeros y enfermeras de nuestro país les debemos mucho. Mi eterno agradecimiento por cuánto nos han cuidado frente al covid-19. 

Son profesionales de la salud y héroes de nuestra patria; por ambas cualidades deben ser reconocidos.

#DíaInternacionalDeLaEnfermería"	https://twitter.com/alferdez/status/1392547750416420866	[{'text': 'DíaInternacionalDeLaEnfermería', 'indices': [242, 273]}]
alferdez	Wed May 12 17:13:00 +0000 2021	4721	1267	"El covid-19 es una tragedia global.
Aquí en Paris, en Argentina y en cada rincón del mundo debemos cuidarnos para evitar contagios y salvar vidas. https://t.co/qPTJGSzfAJ"	https://twitter.com/alferdez/status/1392528245875257352	[]
alferdez	Wed May 12 14:55:40 +0000 2021	782	139	"También tenemos mucho por hacer en relación al respeto a la diversidad de género. Acompañaré al presidente en el Foro de la Generación Igualdad para avanzar hacia ello.

Francia y Argentina tienen una historia común muy rica, me alegra que este encuentro fortalezca su unidad."	https://twitter.com/alferdez/status/1392493684298551299	[]
alferdez	Wed May 12 14:55:39 +0000 2021	781	141	"Tengo grandes expectativas en que avancemos en lo que el presente nos impone.

Compartimos la preocupación por el cambio climático y por proteger los pulmones que hacen al mundo respirar. Nosotros siempre abogamos por profundizar el Acuerdo de París, el esfuerzo debe ser global."	https://twitter.com/alferdez/status/1392493682633412608	[]
alferdez	Wed May 12 14:55:39 +0000 2021	3689	665	"He encontrado un buen amigo en el presidente de la República Francesa, @emmanuelmacron, con quien hoy nos reunimos.

Le agradezco su apoyo en las negociaciones con el Club de París y con el FMI. Es grato que Francia reconozca nuestro esfuerzo y contar con su total acompañamiento. https://t.co/str26Vcfow"	https://twitter.com/alferdez/status/1392493679869300740	[]
alferdez	Tue May 11 17:59:54 +0000 2021	9171	1844	"Hace 47 años fue asesinado el padre Carlos Mugica. No le perdonaron el compromiso solidario que asumió con los más necesitados, quienes no tenían voz en aquella sociedad. 
Su ejemplo nos guía. Sus convicciones reafirman las nuestras. Un país más justo es aún una deuda por saldar. https://t.co/nsDx272nhx"	https://twitter.com/alferdez/status/1392177662798540806	[]
alferdez	Tue May 11 17:28:44 +0000 2021	525	109	"Su visita el próximo mes es una gran oportunidad para consolidar un acuerdo estratégico entre nuestros países.

Tal como dijo @sanchezcastejon: “En los momentos más duros uno se da cuenta de dónde está la hermandad”. Argentina y España deben estar unidas ahora y siempre."	https://twitter.com/alferdez/status/1392169817260630025	[]
alferdez	Tue May 11 17:28:43 +0000 2021	597	102	Asimismo, con el presidente compartimos que es un imperativo moral y ético que la vacuna sea un bien global, algo que mencioné al inicio de la pandemia. Como líderes del mundo, debemos esforzarnos porque así sea.	https://twitter.com/alferdez/status/1392169815654215685	[]
alferdez	Tue May 11 17:28:43 +0000 2021	370	70	España estuvo siempre a nuestro lado frente a la inmensa deuda que heredamos y apoya el reclamo al FMI de suspender las sobretasas a países que se extendieron en el cupo crediticio. Estos intereses triplican la tasa y la imposibilidad de pago se ve acentuada por la pandemia.	https://twitter.com/alferdez/status/1392169814089781252	[]
alferdez	Tue May 11 17:28:42 +0000 2021	2704	522	"Me alegra estar en España y reunirme con mi querido amigo, el presidente @sanchezcastejon.

He recibido la gran noticia de que su gobierno llevará adelante un proyecto de inversión que tiene a América Latina como objeto central. https://t.co/onrk6obBLS"	https://twitter.com/alferdez/status/1392169811334078465	[]
alferdez	Tue May 11 14:47:26 +0000 2021	2995	445	Quiero agradecerle al rey Felipe VI de España por el cálido recibimiento en el Palacio de la Zarzuela y por el apoyo de España a la Argentina. Tengo especial cariño por su país y este encuentro fortalece la relación bilateral entre nuestras naciones. https://t.co/jzy4dcrSbw	https://twitter.com/alferdez/status/1392129225503690756	[]
alferdez	Mon May 10 22:57:03 +0000 2021	1028	196	Recibo con agradecimiento el apoyo del gobierno portugués a los reclamos hechos al FMI de suspender y eliminar las sobretasas que hoy pagan los países que superaron sus cupos crediticios.	https://twitter.com/alferdez/status/1391890052465274882	[]
alferdez	Mon May 10 22:57:02 +0000 2021	953	157	Le planteé al primer ministro nuestra propuesta de un acuerdo con el FMI que no postergue a los argentinos y la necesidad de un cambio en el sistema financiero internacional.	https://twitter.com/alferdez/status/1391890050909147143	[]
alferdez	Mon May 10 22:57:02 +0000 2021	319	81	"Hemos profundizado los acuerdos entre nuestros países con foco en la ciencia, el compromiso ambiental, el ingreso de la tecnología agropecuaria nacional en África, el comercio y el turismo.

Además, compartimos la necesidad de que las vacunas sean un bien para toda la humanidad."	https://twitter.com/alferdez/status/1391890049193725952	[]
alferdez	Mon May 10 22:56:06 +0000 2021	3014	648	"Tuve fructíferos encuentros en Portugal; ayer con el presidente, Marcelo Nuno Duarte Rebelo de Sousa y hoy con el primer ministro, @antoniocostapm.

Siempre es grato volver a este país maravilloso y reencontrarme con un gobierno con el que partimos de filosofías comunes. https://t.co/sKVQmdaMGQ"	https://twitter.com/alferdez/status/1391889815805874184	[]
alferdez	Mon May 10 00:41:51 +0000 2021	11059	1393	"Con enorme pesar, estando en Lisboa, supe de la muerte de Miguel Lifschitz. 
Fue un hombre íntegro que puso todo su esfuerzo en favor del progreso de su querida Santa Fe. 

Reciban sus seres queridos el profundo pesar de alguien que lo ha estimado y respetado honestamente. https://t.co/vzEY5DzZhR"	https://twitter.com/alferdez/status/1391554039956000768	[]
alferdez	Mon May 10 00:06:09 +0000 2021	1312	224	"Además, conversamos sobre los planteos que realiza nuestro país en las negociaciones con el FMI, que Portugal acompaña y apoya. 

Estoy agradecido por su cálido recibimiento y espero poder retribuirle tanto afecto pronto en nuestro querido país."	https://twitter.com/alferdez/status/1391545056780341248	[]
alferdez	Mon May 10 00:06:09 +0000 2021	3685	621	"Me reuní con el presidente de la República Portuguesa, Marcelo Nuno Duarte Rebelo de Sousa. 

Hablamos del presente de nuestras relaciones bilaterales y de la necesidad de afianzar los vínculos entre la UE y el Mercosur. https://t.co/irmPljYRTw"	https://twitter.com/alferdez/status/1391545054599262208	[]
alferdez	Fri May 07 23:58:47 +0000 2021	1580	299	"Me duele saber que más del 40% de los argentinos atraviesa la pandemia en condiciones de pobreza.

Vamos a seguir tendiendo la mano solidaria para que cada argentina y argentino que habite esta tierra tenga nuestra contención y nuestro abrazo. Cuento con la solidaridad de todos."	https://twitter.com/alferdez/status/1390818423970705415	[]
alferdez	Fri May 07 23:58:46 +0000 2021	1371	258	"Celebro el crecimiento de las empresas alimenticias en el 2020, pero cada vez que sucede, empieza la disputa por la mayor tajada.

Todos debemos colaborar por quienes menos tienen, por cada familia que va a comprar sus alimentos y ve que los precios no paran de subir."	https://twitter.com/alferdez/status/1390818422578089988	[]
alferdez	Fri May 07 23:58:46 +0000 2021	3761	834	"En la quinta reunión del Consejo Federal Argentina contra el Hambre, anunciamos refuerzos sociales y económicos, entre ellos, la ampliación de la cobertura de la Tarjeta Alimentar de 1,9 millones a 4 millones de personas. 

Nada me preocupa más que el hambre de los argentinos. https://t.co/cFcX0dx3dA"	https://twitter.com/alferdez/status/1390818420111859712	[]
alferdez	Fri May 07 13:04:25 +0000 2021	18396	3243	"Hoy recordamos el nacimiento de la mujer que todo lo hizo por amor a su pueblo. Sintió su dolor y dedicó su vida a una patria más justa.

Siempre recordamos su mayor enseñanza: “Donde hay una necesidad hay un derecho”. Con esa convicción gobernamos. 

#EvitaEterna https://t.co/kdAMynoalw"	https://twitter.com/alferdez/status/1390653750960852992	[{'text': 'EvitaEterna', 'indices': [252, 264]}]
alferdez	Fri May 07 01:08:10 +0000 2021	33518	9789	Con preocupación observo la represión desatada ante las protestas sociales ocurridas en Colombia. Ruego porque el pueblo colombiano retome la paz social e insto a su gobierno a que, en resguardo de los derechos humanos, cese la singular violencia institucional que se ha ejercido. https://t.co/ddDutWEfDa	https://twitter.com/alferdez/status/1390473498234167298	[]
alferdez	Thu May 06 00:34:06 +0000 2021	2235	519	"Celebro que el gobierno de @JoeBiden apoye la suspensión de las patentes de las vacunas contra el covid-19. 

Las vacunas no se han distribuido de forma equitativa en un mundo en el que ganan unos pocos y pierden millones. Todos y todas deben poder acceder a la salud. https://t.co/OXHHkkvoYq"	https://twitter.com/alferdez/status/1390102535634145282	[]
alferdez	Thu May 06 00:34:05 +0000 2021	4113	1007	"Desde un principio, incluso en el G20, he remarcado que es imperioso que las vacunas sean un bien público global. 

Reitero nuestro compromiso con promover un sistema efectivo de concesión de licencias que reconozca las patentes, pero que garantice la oferta global de vacunas. https://t.co/glSYWKgdvO"	https://twitter.com/alferdez/status/1390102532941299721	[]
alferdez	Wed May 05 18:16:07 +0000 2021	2335	472	"Ante una necesidad, el Estado debe estar presente para mejorar las condiciones de vida de sus habitantes.

Estamos unidos y convencidos de lo que hay que hacer en favor de los argentinos y argentinas. Venimos a poner de pie a un país y nadie va a hacernos ceder en eso."	https://twitter.com/alferdez/status/1390007414410424330	[]
alferdez	Wed May 05 18:16:06 +0000 2021	8728	1698	"Lanzamos el Programa Reconstruir destinado a finalizar la construcción de 55 mil viviendas que estaban paralizadas desde 2016.          

Una iniciativa que ideó Néstor, ejecutó Cristina y que vengo a terminar. https://t.co/OwDQahkMch"	https://twitter.com/alferdez/status/1390007411780509698	[]
alferdez	Mon May 03 01:43:48 +0000 2021	11939	1497	"Lamento profundamente el fallecimiento de Alcira Argumedo, su intelecto, brillantez y compromiso por una patria justa han dejado un inmenso legado.

Se fue una enorme mujer que guardaremos por siempre en la memoria. Acompaño a sus seres queridos en este momento. https://t.co/e5j4UKVsdR"	https://twitter.com/alferdez/status/1389032914265026563	[]
alferdez	Sun May 02 01:24:49 +0000 2021	4932	833	"Gracias a las autoridades del PJ Ciudad por invitarme a lanzar el instituto de formación política.

Quienes quieran revivir la charla e inscribirse a los cursos de formación, podrán hacerlo ingresando a:

https://t.co/utNheC8IOz https://t.co/Txt6RS275D"	https://twitter.com/alferdez/status/1388665751167541250	[]
alferdez	Sat May 01 13:50:50 +0000 2021	6264	1101	"En estos días tan singulares, donde la pandemia nos impide poder juntarnos a celebrar, quiero reconocer el esfuerzo de todos y todas por reconstruir la Argentina. Y hacerles llegar todo mi cariño, en este 1 de mayo, en el Día del Trabajador y de la Trabajadora.

 ¡Feliz día! https://t.co/v6NTJaTmbf"	https://twitter.com/alferdez/status/1388491103628926978	[]
alferdez	Fri Apr 30 22:14:30 +0000 2021	1491	281	"Nuestra mayor preocupación es que los chicos y chicas vuelvan a clases presenciales lo antes posible y, para eso, hay que contener la suba exponencial de contagios.

Retomaremos la presencialidad cuando los índices lo permitan. Sigamos cuidándonos."	https://twitter.com/alferdez/status/1388255468435525632	[]
alferdez	Fri Apr 30 22:14:30 +0000 2021	2565	551	"Pusimos en funciones la Mesa de Salud y Educación que estará integrada por especialistas del área pediátrica y pedagógica. 
 
Será el espacio para analizar los indicadores sanitarios de cada jurisdicción ante la pandemia de covid-19. https://t.co/JdwaMGjZZl"	https://twitter.com/alferdez/status/1388255465319063552	[]
alferdez	Fri Apr 30 20:22:17 +0000 2021	9119	1471	"Hoy, como siempre, mi abrazo está junto a las #MadresdePlazadeMayo, quienes hace 44 años, se reunían por primera vez en reclamo de la desaparición de sus hijos e hijas. 

Ese día dieron inicio a una incansable lucha por la Memoria, la Verdad y la Justicia. Nos hicieron mejores. https://t.co/rtMTIV9g07"	https://twitter.com/alferdez/status/1388227227167477761	[{'text': 'MadresdePlazadeMayo', 'indices': [46, 66]}]
alferdez	Fri Apr 30 02:32:13 +0000 2021	4481	618	"Seguimos trabajando para inmunizar a los argentinos y argentinas, estoy profundamente agradecido con cada persona que lo hace posible.

Cuidémonos, cada paso cuenta.

#10MillonesDeVacunas"	https://twitter.com/alferdez/status/1387957935628771330	[{'text': '10MillonesDeVacunas', 'indices': [167, 187]}]
alferdez	Fri Apr 30 02:31:56 +0000 2021	13264	2259	"Con la llegada de un millón de dosis de vacunas Sinopharm desde China, superamos las 10 millones de dosis recibidas en nuestro país.

Desde diciembre venimos haciendo un esfuerzo enorme para traerlas, distribuirlas y aplicarlas rápidamente. https://t.co/bx89dyD3nl"	https://twitter.com/alferdez/status/1387957865445576704	[]
alferdez	Thu Apr 29 21:23:06 +0000 2021	1515	241	Hoy es un día feliz porque, desde distintos sectores políticos, no solo estamos cuidando a quienes habitan y preservan El Impenetrable, uno de los pulmones que hace que el mundo respire, sino que también estamos haciendo de Chaco una provincia más igualitaria. https://t.co/NCRKSSvYxX	https://twitter.com/alferdez/status/1387880143243206657	[]
alferdez	Thu Apr 29 21:23:02 +0000 2021	4864	912	"Inauguramos un acueducto en El Impenetrable chaqueño que permitirá abastecer de agua potable a las familias que residen en la zona. 

El país le debe mucho al norte y es imperioso que todos los argentinos y argentinas accedan al agua, es un derecho y un bien esencial. https://t.co/4aklyN2okC"	https://twitter.com/alferdez/status/1387880128768847890	[]
alferdez	Tue Apr 27 17:26:05 +0000 2021	4865	709	"Néstor fue un hombre que se expresaba diferente y que gobernaba diferente, fiel a sus convicciones e impecable en su gestión. 
 
En tiempos como el que vivimos, su legado en favor de la igualdad de oportunidades nos guía."	https://twitter.com/alferdez/status/1387095722747699203	[]
alferdez	Tue Apr 27 17:26:05 +0000 2021	15966	2455	"A 18 años de las elecciones que marcaron una etapa distinta en nuestro país, recuerdo ese día como nunca. 
 
El 27 de abril de 2003 fue el comienzo del triunfo.
Argentina necesitaba un tiempo distinto y nadie lo representaba mejor que Néstor. https://t.co/WsUpj564FF"	https://twitter.com/alferdez/status/1387095720038129670	[]
alferdez	Tue Apr 27 11:35:51 +0000 2021	2989	603	En el marco del Consejo Económico y Social, presentamos el Plan Contenidos Argentinos en pos del desarrollo de la industria audiovisual.  El arte argentino nos distingue, debemos seguir poniéndonos de acuerdo para volver a darle vida y que nuestra patria avance hacia el futuro. https://t.co/N2QIIv2wEZ	https://twitter.com/alferdez/status/1387007582460600323	[]
alferdez	Sun Apr 25 00:34:04 +0000 2021	6434	1331	"A 106 años del aniversario del Genocidio Armenio, acompaño a toda la comunidad armenia en Argentina con el compromiso de mantener vivo el respeto hacia su cultura y viva la memoria frente a las atrocidades del pasado.  

Les hago llegar mi más sentido abrazo. https://t.co/RyjeTDSLmN"	https://twitter.com/alferdez/status/1386116261642326018	[]
alferdez	Sat Apr 24 03:01:36 +0000 2021	30370	4421	"Con mucha tristeza recibí la ingrata noticia del fallecimiento de @mariomeoni, Ministro de Transporte de nuestro Gobierno.
Con él perdemos a un político cabal, incansable y honesto. Un funcionario ejemplar. 
Con sincero pesar acompaño a quienes como yo lo han querido y respetado. https://t.co/NV8gX5GmKJ"	https://twitter.com/alferdez/status/1385791000870887425	[]
alferdez	Fri Apr 23 18:55:16 +0000 2021	2819	574	"En la tercera reunión de Gabinete Federal, anunciamos $76.616 millones para obras y medidas en Santa Fe.

La Ley de Capitales Alternas nos acerca a una administración pública descentralizada y a una Argentina verdaderamente federal.

Construyamos unidos un país igualitario. https://t.co/8h3BvweF8D"	https://twitter.com/alferdez/status/1385668612611051530	[]
alferdez	Fri Apr 23 02:30:13 +0000 2021	3043	495	"Raúl Alfonsín fue capaz de promover el enjuiciamiento de los causantes de la mayor tragedia argentina mediante un proceso en el que los acusados gozaron de todas sus garantías. 

Memoria, verdad y justicia. 

#NuncaMás"	https://twitter.com/alferdez/status/1385420717370626050	[{'text': 'NuncaMás', 'indices': [209, 218]}]
alferdez	Fri Apr 23 02:30:12 +0000 2021	10165	1765	"Se cumplen 36 años del Juicio a las Juntas Militares del autodenominado Proceso de Reorganización Nacional. 
Con ese juicio hubo un antes y un después en nuestra historia. https://t.co/siDldxmn57"	https://twitter.com/alferdez/status/1385420713604128768	[]
alferdez	Thu Apr 22 23:18:22 +0000 2021	5539	1187	"Hoy reforzamos la capacidad operativa y de atención del Hospital Simplemente Evita con el traslado de un centro de salud móvil de 13 unidades que nos brindó China. 
Me enorgullece ver el esfuerzo del personal de salud y del personal de sanidad militar frente a la segunda ola. https://t.co/18WTL8yva4"	https://twitter.com/alferdez/status/1385372435999084547	[]
alferdez	Thu Apr 22 14:48:02 +0000 2021	4478	1193	"En 10 años el planeta alcanzó las temperaturas más altas de la historia.

La Cumbre de Líderes sobre el Clima a la que fuimos invitados por el presidente Joe Biden es el primer paso del compromiso necesario para revertir esta situación.

#LaAcciónAmbientalEsAhora
#DíaDeLaTierra https://t.co/ykSHgJMteD"	https://twitter.com/alferdez/status/1385244005949136898	[{'text': 'LaAcciónAmbientalEsAhora', 'indices': [238, 263]}, {'text': 'DíaDeLaTierra', 'indices': [264, 278]}]
alferdez	Thu Apr 22 00:34:36 +0000 2021	1130	218	"En los países de ingresos medios como Argentina se concentra el 62% de la pobreza mundial. 

Es necesario que el auxilio financiero internacional sirva para ayudar a los sectores más vulnerables a sobreponerse en la post-pandemia."	https://twitter.com/alferdez/status/1385029232573693955	[]
alferdez	Thu Apr 22 00:34:35 +0000 2021	1070	185	La contribución de nuestra región ante el cambio climático debe ser reconocida por la comunidad internacional otorgando financiamiento sostenible que favorezca la preservación de los bienes naturales.	https://twitter.com/alferdez/status/1385029231164461066	[]
alferdez	Thu Apr 22 00:34:35 +0000 2021	555	165	"Debemos trabajar unidos para garantizar una distribución equitativa de vacunas. 

La vacuna contra el COVID 19 es un bien global, no una mercancía que circula en el comercio."	https://twitter.com/alferdez/status/1385029229864230913	[]
alferdez	Thu Apr 22 00:34:35 +0000 2021	4195	786	En la XXVII Cumbre Iberoamericana planteamos la necesidad de consolidar un sistema social inclusivo en nuestro continente. https://t.co/8ef6jzMLL8	https://twitter.com/alferdez/status/1385029227590950916	[]
alferdez	Wed Apr 21 20:47:46 +0000 2021	6338	730	Un muy lindo libro que merece ser leído. https://t.co/9BHg6PO1xt	https://twitter.com/alferdez/status/1384972150109577224	[]
alferdez	Tue Apr 20 18:43:06 +0000 2021	1316	231	En tiempos de pandemia en los que algunos niegan la realidad que vivimos, el Gobierno promueve una vida mejor para miles de trabajadoras, trabajadores, jubiladas y jubilados. https://t.co/Ph13pd13tf	https://twitter.com/alferdez/status/1384578389386878976	[]
alferdez	Tue Apr 20 18:43:05 +0000 2021	3106	716	Hoy junto a @SantiCafiero y @jorgeferraresi estamos dando un paso muy importante: ponemos orden en el Impuesto a las Ganancias haciendo que 1.267.000 personas dejen de pagarlo y, a la vez, otorgamos 87.000 créditos para la construcción y refacción de viviendas en todo el país. https://t.co/MhYtSavfhh	https://twitter.com/alferdez/status/1384578382533365763	[]
alferdez	Mon Apr 19 23:38:37 +0000 2021	1051	196	"Además, estamos desarrollando un plan integral de abordaje de municipios para implementar y fortalecer las políticas en discapacidad en el nivel local. 

Esta perspectiva debe estar presente en la gestión de todos los niveles de Gobierno.
Sigamos trabajando por más inclusión."	https://twitter.com/alferdez/status/1384290369538457600	[]
alferdez	Mon Apr 19 23:38:36 +0000 2021	1291	231	También inicié una capacitación sobre modelo social de la discapacidad y comunicación accesible y acordamos promover esta formación para todo el gabinete nacional. La perspectiva de discapacidad debe ser transversal a todas nuestras políticas públicas.	https://twitter.com/alferdez/status/1384290366807941128	[]
alferdez	Mon Apr 19 23:38:36 +0000 2021	672	156	Hoy, junto a @andiscapacidad, repasamos las acciones que se vienen llevando adelante en el marco de la pandemia y los avances en el proceso de recuperación de las herramientas estatales para acompañar a las personas con discapacidad.	https://twitter.com/alferdez/status/1384290364673040384	[]
alferdez	Mon Apr 19 23:38:35 +0000 2021	4642	799	"Un país inclusivo se construye con todos y todas. 
Eliminar las barreras que impiden a las personas con discapacidad el pleno ejercicio de sus derechos es posible si estamos activos, partícipes y siempre aprendiendo. https://t.co/SZoXwnxUIG"	https://twitter.com/alferdez/status/1384290361804267520	[]
alferdez	Mon Apr 19 21:58:28 +0000 2021	1856	409	Agradecemos el esfuerzo que han hecho y hacen cada médica, médico, enfermera, enfermero y terapista del país. En reconocimiento a su enorme labor en pandemia, les otorgaremos un bono de $6.500 por 3 meses que alcanzará a 740.000 trabajadoras y trabajadores del sistema de salud. https://t.co/M1eAi99j3t	https://twitter.com/alferdez/status/1384265164334133253	[]
alferdez	Mon Apr 19 21:58:26 +0000 2021	1529	324	Junto a @gkatopodis y @carlavizzotti anunciamos una inversión de más de $10.000 millones para reforzar el sistema de salud, aumentar las camas y construir más hospitales y centros de salud en las provincias de Buenos Aires, San Juan, Santa Cruz, Santa Fe, Neuquén y Mendoza. https://t.co/yoy3in3j7n	https://twitter.com/alferdez/status/1384265155685486594	[]
alferdez	Mon Apr 19 21:58:23 +0000 2021	4096	1023	Desde el primer día nuestro compromiso fue reforzar el sistema público de salud. El Gobierno siempre ha priorizado la vida de las argentinas y los argentinos pero con la llegada de la pandemia se volvió un deber urgente. https://t.co/xFkGl7loI2	https://twitter.com/alferdez/status/1384265146223128585	[]
alferdez	Sun Apr 18 13:38:19 +0000 2021	12816	2043	No suelo hacerme el distraído ante lo que veo. Escucho todas las voces. Por eso creo que amerita esta aclaración. Quiero reiterar mi gratitud a cada hombre y a cada mujer que pone todo su empeño en el sistema de salud. Cuentan con el reconocimiento social y mi admiración diaria.	https://twitter.com/alferdez/status/1383776912758116354	[]
alferdez	Sun Apr 18 13:38:19 +0000 2021	10497	1850	Nunca resté valor al compromiso demostrado por el personal de salud. Si alguien honestamente se molestó con mis dichos, más allá de lo explicado, con la misma honestidad le pido disculpas. A quienes los tergiversaron para sembrar discordia les pido que dejen de hacer daño.	https://twitter.com/alferdez/status/1383776910996430864	[]
alferdez	Sun Apr 18 13:38:19 +0000 2021	6190	1161	En esta realidad que tanto altera nuestra vida cotidiana,  los malos entendidos no ayudan. Lamento que en este contexto algunos llamen a la confusión para sembrar discordia y división en un tiempo que debería estar signado por la unidad de argentinos y argentinas.	https://twitter.com/alferdez/status/1383776909054472194	[]
alferdez	Sun Apr 18 13:38:18 +0000 2021	5860	1069	Hoy nos toca atravesar una nueva etapa de esta terrible pandemia. Por eso estoy tomando medidas para frenar el crecimiento de los contagios, evitar la saturación del sistema de salud y poder facilitar así en todo lo posible la labor médica.	https://twitter.com/alferdez/status/1383776907133538305	[]
alferdez	Sun Apr 18 13:38:18 +0000 2021	6851	1315	Ese “relajamiento” no se relaciona con la dura realidad que viven los profesionales de la salud y el arduo trabajo que realizan. Sé de su esfuerzo y son un ejemplo para los argentinos y argentinas. Ponen el cuerpo y exponen su propia vida para salvar las nuestras.	https://twitter.com/alferdez/status/1383776905124478976	[]
alferdez	Sun Apr 18 13:38:17 +0000 2021	6580	1374	Cómo bien señala el periodista aludido, al referirme solo al sistema sanitario, usé el término “relajamiento” para describir una situación creada: ante la baja de casos COVID, se habilitaron prácticas quirúrgicas no urgentes aumentando peligrosamente la ocupación de camas.	https://twitter.com/alferdez/status/1383776903119589384	[]
alferdez	Sun Apr 18 13:38:16 +0000 2021	7146	1480	El periodista @ignacioortelli ha interpretado el sentido de mis palabras y contradijo las quejas malintencionadas que se me hacían. Valoro su honestidad intelectual porque esa interpretación viene de alguien que habitualmente se muestra crítico hacia mi gestión de gobierno. https://t.co/QdKIdicPGp	https://twitter.com/alferdez/status/1383776900212936713	[]
alferdez	Sun Apr 18 13:38:14 +0000 2021	8688	1709	En realidad jamás dije semejante cosa. Es claro que sectores políticos y medios de comunicación opositores tergiversaron mis palabras tendenciosamente para colocarme a mí en una posición de crítica hacia el personal de salud cuando solo le guardo reconocimiento.	https://twitter.com/alferdez/status/1383776890326900736	[]
alferdez	Sun Apr 18 13:38:14 +0000 2021	24542	5518	He visto en los últimos días distintas expresiones que expresaban malestar, atribuyéndome haberme referido en mi discurso público a cierto “relajamiento” del personal médico y paramédico en la atención sanitaria durante la pandemia.	https://twitter.com/alferdez/status/1383776888535977991	[]
alferdez	Fri Apr 16 13:02:50 +0000 2021	2860	423	Quiero agradecerle sus sentidas  palabras de amistad personal y de apoyo a nuestra gestión de gobierno. Ambos soñamos con una Latinoamérica unida que luche en esta hora contra el flagelo de la pandemia y procure políticas que aseguren una igualdad social que hoy no tenemos.	https://twitter.com/alferdez/status/1383043205155946497	[]
alferdez	Fri Apr 16 13:02:48 +0000 2021	3149	487	Finalmente vi a mi querido amigo @LulaOficial en una muy buena entrevista que le realizó @Gatosylvestre. Me colmó de alegría verlo con sus fuerzas renovadas y sus firmes convicciones de siempre, retomando plenamente esa militancia que lo convirtió en un líder en nuestra región. https://t.co/vGHA98QF3K	https://twitter.com/alferdez/status/1383043195525861378	[]
alferdez	Fri Apr 16 13:02:45 +0000 2021	2135	380	De ese modo, la Justicia brasileña ha brindado una lección demostrando su capacidad de revisarse a sí misma y de decidir con plena autonomía. Ayer la calidad del Estado de Derecho dio un paso muy importante en nuestro querido Brasil.	https://twitter.com/alferdez/status/1383043186193539072	[]
alferdez	Fri Apr 16 13:02:45 +0000 2021	10803	1789	"Dias atrás expresé preocupación ante el temor que el STF revocara la anulación de procesos y condenas que @LulaOficial padeció en los años recientes. 
Ayer se conoció la decisión del TSF de confirmar esas nulidades. @LulaOficial ha recuperado así todos sus derechos políticos. https://t.co/fAlRlsYzN9"	https://twitter.com/alferdez/status/1383043182775169024	[]
alferdez	Fri Apr 16 12:10:37 +0000 2021	7450	2087	"Recomiendo leer estas reflexiones de @bbimbi, un argentino radicado en Barcelona y las experiencias que viven otros argentinos en distintas latitudes del mundo ante el avance de la pandemia. 
Debemos entender el problema global que enfrentamos. Cuidarnos sin especulaciones. https://t.co/Y5DNoYdbU4"	https://twitter.com/alferdez/status/1383030064191827971	[]
alferdez	Thu Apr 15 00:27:34 +0000 2021	7836	976	Gracias querido @hectordaer por el compromiso de cada trabajador y trabajadora de la salud. Ha sido y es enorme. Siempre estaremos en deuda con tan grande esfuerzo. https://t.co/dAdElrB5MC	https://twitter.com/alferdez/status/1382490746998161408	[]
alferdez	Wed Apr 14 01:37:48 +0000 2021	9111	875	Agradezco la carta del Presidente @JoeBiden. Valoro sinceramente su preocupación por mi salud y sus buenos deseos por mi pronta recuperación. La pandemia nos demanda un esfuerzo global para superarla. “Nadie se salva solo”, enseña nuestro Papa Francisco. Así pues debemos hacerlo. https://t.co/HkIkynPfNt	https://twitter.com/alferdez/status/1382146035124961282	[]
alferdez	Mon Apr 12 22:12:49 +0000 2021	5004	524	Quiero expresarle mi sincera felicitación al Presidente Electo de la República del Ecuador @LassoGuillermo https://t.co/vKYbiIMktw	https://twitter.com/alferdez/status/1381732060650422275	[]
alferdez	Mon Apr 12 01:36:18 +0000 2021	33409	3287	"Mauro Viale fue un hombre que ejerció el periodismo con su propia impronta. 
En lo personal, pierdo a alguien por quien sentí un profundo afecto y a quien siempre le reconocí el don de respetar la pluralidad. 
Mis condolencias a su familia y a quienes, como yo, lo han querido. https://t.co/zVgtCijwUM"	https://twitter.com/alferdez/status/1381420883168927749	[]
alferdez	Sun Apr 11 17:06:05 +0000 2021	3049	643	Dar marcha atrás en la decisión tomada por el STF por presiones mediáticas y políticas significaría un retroceso institucional para Brasil y un daño incalculable para quienes reivindicamos el Estado de Derecho como base de sustento de la democracia.	https://twitter.com/alferdez/status/1381292480801484812	[]
alferdez	Sun Apr 11 17:06:04 +0000 2021	3241	687	@LulaOficial es un líder democrático no solo para Brasil si no también para todo el continente Latinoamericano. La persecución que lo encarceló y condenó indebidamente representa una mácula que Brasil no merece y que el STF ha comenzado a limpiar.	https://twitter.com/alferdez/status/1381292478863663107	[]
alferdez	Sun Apr 11 17:06:04 +0000 2021	1857	372	El sistema judicial de Brasil ha demostrado su capacidad de auto revisión preservando la correcta administración de justicia. Ello representa una bocanada de aire fresco para el respeto de la democracia en la región.	https://twitter.com/alferdez/status/1381292476938514438	[]
alferdez	Sun Apr 11 17:06:03 +0000 2021	2066	490	En estos días, vemos con preocupación que pretende reiniciarse la persecución a @LulaOficial utilizando las mismas malas prácticas que ya antes fueron usadas.	https://twitter.com/alferdez/status/1381292473083891713	[]
alferdez	Sun Apr 11 17:06:01 +0000 2021	1890	362	La nulidad dictada por el STF dejó en todos nosotros, defensores del Estado de Derecho, la convicción que el sistema judicial de nuestro querido Brasil había preservado la institucionalidad democrática.	https://twitter.com/alferdez/status/1381292466050109440	[]
alferdez	Sun Apr 11 17:06:01 +0000 2021	1952	370	La decisión tuvo singular relevancia porque dejó en evidencia el accionar de distintos factores de poder (políticos y mediáticos) que condicionaron la administración de Justicia para restarle a un ciudadano la posibilidad competir electoralmente.	https://twitter.com/alferdez/status/1381292464221327366	[]
alferdez	Sun Apr 11 17:06:00 +0000 2021	10222	2298	El STF de Brasil dispuso días atrás anular los juicios que habían determinado la condena de @LulaOficial apartando al juez y a los fiscales que intervinieron en el caso. https://t.co/txCI3KlTuQ	https://twitter.com/alferdez/status/1381292461868339207	[]
alferdez	Sat Apr 10 17:23:56 +0000 2021	8234	1628	"Los investigadores y las investigadoras de nuestro país han tenido un desempeño de primer nivel mundial en la lucha contra el coronavirus.

En su día, quiero decirles que estaré siempre agradecido por lo que hicieron y lo que hacen cada día por los argentinos y las argentinas. https://t.co/JJfwGh2bOf"	https://twitter.com/alferdez/status/1380934584657920009	[]
alferdez	Thu Apr 08 00:36:51 +0000 2021	17318	3012	"Argentina ha entrado en la segunda ola y debemos tomar medidas para bajar la velocidad de contagio. Por eso les pido reforzar los cuidados mientras continúa la vacunación. 

La salud no puede ser un tema de confrontación política. Cuidarnos debe ser un compromiso colectivo. https://t.co/37bHWA1u0U"	https://twitter.com/alferdez/status/1379956367864311808	[]
alferdez	Wed Apr 07 12:24:18 +0000 2021	18837	2844	"Hace 3 años @LulaOficial se entregaba a la policía por una causa armada y manipulada para impedirle participar del proceso electoral.

Por eso tuvo y tiene mi apoyo y mi compromiso para terminar con las arbitrariedades judiciales que condicionan las democracias de la región. https://t.co/MZeA6inqhI"	https://twitter.com/alferdez/status/1379772017302470657	[]
alferdez	Tue Apr 06 21:00:56 +0000 2021	6980	1232	Gracias por la aclaración. Claramente se afirma aquí que nunca se dijo que “rechace” una donación de vacunas propiciada por los Estados Unidos de America. Basta de mentiras. https://t.co/KoOrU9P9hZ	https://twitter.com/alferdez/status/1379539645982212100	[]
alferdez	Tue Apr 06 19:20:29 +0000 2021	17524	3100	Querida @gabicerru. En este mundo nadie regala vacunas que son el bien más preciado del presente. Vivimos en un país donde las fake news se escriben en portales y diarios. Jamás NADIE nos ofreció semejante donación de vacunas. Nunca creí necesario explicar algo semejante. En fin. https://t.co/kazNgddHng	https://twitter.com/alferdez/status/1379514365435609088	[]
alferdez	Tue Apr 06 13:09:36 +0000 2021	15	4	"@toniaracre, CEO de @Syngenta_ar, reflexiona en esta nota sobre el lugar al que abandonamos a niños y niñas y exhibe nuestras incapacidades para actuar como una comunidad unida y responsable.
Hacer una sociedad justa depende de todos, pero esencialmente de los que mejor están. https://t.co/lL7eV0ZDRs"	https://twitter.com/alferdez/status/1379421030507233284	[]
alferdez	Tue Apr 06 00:06:06 +0000 2021	5329	586	"Con enorme pesar supe del fallecimiento de Ernesto Bertani, un hombre que desplegó su arte con el uso de su aerógrafo sobre lienzos, tapices o casimires. 
Sus obras siempre fueron y seguirán siendo objeto de mi admiración.
Mis sinceras condolencias a quienes hoy ya lo extrañan. https://t.co/Glwn5jqSiS"	https://twitter.com/alferdez/status/1379223853851885568	[]
alferdez	Mon Apr 05 19:10:41 +0000 2021	21585	3053	"Quiero agradecer a la Federación Rusa, y sobre todo al señor presidente Vladimir Putin, el llamado para interesarse por mi estado de salud. 
 
También agradezco su compromiso de seguir avanzando en el suministro de Sputnik V para nuestra querida Argentina."	https://twitter.com/alferdez/status/1379149513080852480	[]
alferdez	Mon Apr 05 12:48:45 +0000 2021	3631	497	Muchas gracias querido amigo Presidente del Reino de España @sanchezcastejon. Tránsito la enfermedad con tranquilidad gracias a la inmunidad que me ha dado la Sputnik V. Espero que sigamos profundizando los lazos que unen a nuestras Patrias. Nuestra amistad debe ayudar a lograrlo https://t.co/WFUhjN3syb	https://twitter.com/alferdez/status/1379053394703302657	[]
alferdez	Sun Apr 04 15:32:11 +0000 2021	5572	651	Mi sincero agradecimiento al señor Primer Ministro de la República de la India @narendramodi por sus buenos deseos en favor de mi pronta recuperación. El mundo entero debe aunar esfuerzos para poder minimizar los efectos de la pandemia. Debemos trabajar juntos para lograrlo. https://t.co/tYgM0xCElt	https://twitter.com/alferdez/status/1378732137759846406	[]
alferdez	Sat Apr 03 22:47:33 +0000 2021	3410	460	En el transcurso de la semana volveremos a hablar ya para fijar una política sanitaria coordinada para el AMBA. Estoy seguro que enfrentamos un nuevo desafío que nos exige trabajar unidos en la diversidad política priorizando la salud de argentinos y argentinas.	https://twitter.com/alferdez/status/1378479309866868739	[]
alferdez	Sat Apr 03 22:47:32 +0000 2021	2337	349	El señor Jefe de Gobierno de CABA me expresó que mañana mismo se comunicaría con @Kicillofok (con quien yo ya he hablado y quien comparte también la necesidad de coordinar tareas) para intercambiar información y encarar el trabajo en conjunto.	https://twitter.com/alferdez/status/1378479308260409345	[]
alferdez	Sat Apr 03 22:47:32 +0000 2021	1602	264	Ambos compartimos la preocupación por garantizar el dictado de clases. Aún así, acordamos observar con atención cómo evoluciona la situación epidemiológica en las aulas siempre preservando la salud de nuestros niños y niñas a la hora de educarse.	https://twitter.com/alferdez/status/1378479306427490309	[]
alferdez	Sat Apr 03 22:47:30 +0000 2021	1889	329	También me expresó su preocupación por acelerar la vacunación de los adultos mayores en CABA teniendo en cuenta que en la ciudad reside un mayor porcentaje de ellos. Ante la inquietud, propuse analizar la posibilidad de involucrar al PAMI en la aplicación de las vacunas.	https://twitter.com/alferdez/status/1378479300207386627	[]
alferdez	Sat Apr 03 22:47:30 +0000 2021	1358	235	@horaciorlarreta me detalló de modo pormenorizado la evolución en CABA del plan de vacunación. Han vacunado ya a todos los mayores de 80 años que se han registrado minimizando así el riesgo de quienes representaron hasta aquí más del 20% de la letalidad registrada en la ciudad.	https://twitter.com/alferdez/status/1378479298579927041	[]
alferdez	Sat Apr 03 22:47:29 +0000 2021	1605	274	También advertimos que nuestra experiencia indica que ante el avance de la pandemia, los casos se concentran primero en el AMBA y después irradian hacia el interior del país. Es por eso que el trabajo coordinado de CABA, PBA y el Estado Nacional se torna indispensable.	https://twitter.com/alferdez/status/1378479296734502913	[]
alferdez	Sat Apr 03 22:47:29 +0000 2021	1573	264	Ambos compartimos nuestra preocupación por el momento que atravesamos y coincidimos en la necesidad de trabajar junto al señor Gobernador de la Provincia de Buenos Aires @Kicillofok para coordinar políticas y esfuerzos que nos permitan superar con éxito este momento.	https://twitter.com/alferdez/status/1378479293743906826	[]
alferdez	Sat Apr 03 22:47:28 +0000 2021	6874	1156	En la tarde de hoy pude conversar con el señor Jefe de Gobierno de la CABA @horaciorlarreta respecto de la situación epidemiológica que se manifiesta ante el aumento de contagios por COVID-19.	https://twitter.com/alferdez/status/1378479292015853571	[]
alferdez	Sat Apr 03 19:38:23 +0000 2021	13696	1551	Muchas Gracias mi querido amigo @LulaOficial. Me hace mucho bien tu aliento. Sabes de mi respeto, admiración y cariño por vos. En estos tiempos de pandemia unamos más que nunca nuestros esfuerzos por preservar la salud de nuestros pueblos. https://t.co/iiydlxk9wg	https://twitter.com/alferdez/status/1378431707469258752	[]
alferdez	Sat Apr 03 19:01:41 +0000 2021	4189	755	Gracias querido amigo @MashiRafael. He pasado un lindo cumpleaños y espero pronto superar este momento. El estar vacunado me da una ventaja clara para que el virus no logre hacer un daño mayor. Fuerte abrazo. Con el cariño de siempre inalterable. https://t.co/XHwQPuj7ID	https://twitter.com/alferdez/status/1378422469468504067	[]
alferdez	Sat Apr 03 18:59:11 +0000 2021	2038	272	Muchas gracias señor Presidente de la hermana Republica del Perú @FSagasti por acompañarme en este momento. Hoy más que nunca debemos unir nuestros esfuerzos para que la pandemia deje de lastimar a nuestros pueblos. https://t.co/5tSJ1G1V8c	https://twitter.com/alferdez/status/1378421842386563074	[]
alferdez	Sat Apr 03 18:33:58 +0000 2021	2004	294	Muchas gracias Presidente de Paraguay mi querido amigo @MaritoAbdo. Vamos a seguir trabajando por la unidad y el desarrollo de nuestros pueblos. https://t.co/XpYV6xNmWq	https://twitter.com/alferdez/status/1378415493414072331	[]
alferdez	Sat Apr 03 18:18:25 +0000 2021	3413	750	Muchas gracias mi querido Presidente @DiazCanelB por su preocupación y por sus buenos deseos. En este tiempo difícil debemos estar más unidos que nunca en favor de cuidar la salud de nuestros pueblos. https://t.co/VvTczMRiHC	https://twitter.com/alferdez/status/1378411581848043527	[]
alferdez	Sat Apr 03 16:35:44 +0000 2021	2247	274	Gracias mi querido Presidente @sebastianpinera por su sincero saludo y sus buenos augurios por mi recuperación. Deseo que juntos sigamos trabajando como hasta ahora por la unidad y el progreso de nuestros pueblos. Chile y Argentina están hermanados en pasado y en futuro. https://t.co/bCleRBeTBf	https://twitter.com/alferdez/status/1378385741353467905	[]
alferdez	Sat Apr 03 16:21:10 +0000 2021	6045	767	Gracias querido hermano @evoespueblo. Vamos a superar este momento y vamos a seguir trabajando juntos para que nuestra America Latina se una en democracia. https://t.co/6VS6CUMz0w	https://twitter.com/alferdez/status/1378382075116589062	[]
alferdez	Sat Apr 03 16:18:44 +0000 2021	8900	1667	Gracias mi querido amigo Andres Manuel @lopezobrador_ por tanta generosidad y tanto afecto. Espero estar pronto otra vez en el ruedo. https://t.co/b7VlqntvVe	https://twitter.com/alferdez/status/1378381462853058561	[]
alferdez	Sat Apr 03 03:09:43 +0000 2021	9818	1625	Debemos estar muy atentos. Les pido a todos y todas que se preserven siguiendo las recomendaciones vigentes. Es evidente que la pandemia no pasó y debemos seguir cuidándonos https://t.co/pHDETeRkop	https://twitter.com/alferdez/status/1378182898470256646	[]
alferdez	Sat Apr 03 03:09:41 +0000 2021	16853	1612	Para información de todos y todas me encuentro físicamente bien y, aunque hubiera querido terminar el día de mi cumpleaños sin esta noticia, también me encuentro bien de ánimo. Agradezco desde el alma las muchas muestras de afecto que hoy me han brindado recordando mi nacimiento.	https://twitter.com/alferdez/status/1378182890568220672	[]
alferdez	Sat Apr 03 03:09:40 +0000 2021	7858	887	He contactado a las personas con las que estuve reunido en las últimas 48 horas para evaluar si constituyen un contacto estrecho para que hagan el aislamiento	https://twitter.com/alferdez/status/1378182888873725954	[]
alferdez	Sat Apr 03 03:09:40 +0000 2021	9530	1099	Si bien estamos a la espera de la confirmación a través del test PCR, ya me encuentro aislado, cumpliendo el protocolo vigente y siguiendo las indicaciones de mi médico personal.	https://twitter.com/alferdez/status/1378182886529044482	[]
alferdez	Sat Apr 03 03:09:39 +0000 2021	53306	8335	Quería contarles que al terminar el día de hoy, luego de presentar un registro de fiebre de 37.3 y un leve dolor de cabeza, me realice un test de antígeno cuyo resultado fue positivo.	https://twitter.com/alferdez/status/1378182884947804160	[]
alferdez	Fri Apr 02 12:38:04 +0000 2021	19940	4904	"Hoy como cada 2 de abril honramos la memoria de nuestros héroes veteranos y caídos en la guerra de Malvinas, y reivindicamos nuestra soberanía sobre el territorio.
Las Islas Malvinas fueron, son y serán argentinas. https://t.co/MatZ4tJAYC"	https://twitter.com/alferdez/status/1377963544247951362	[]
alferdez	Fri Apr 02 03:53:42 +0000 2021	1562	205	Fuerza Alejandro!!! Abrazo grande https://t.co/EfFNaOHWP8	https://twitter.com/alferdez/status/1377831580912082945	[]
alferdez	Fri Apr 02 03:38:00 +0000 2021	3219	228	Feliz cumple @LudmilaDT !!!! Que tengas un lindo día. Beso muy grande!!! 🎂 https://t.co/ZWvqdSbv0y	https://twitter.com/alferdez/status/1377827629231919109	[]
alferdez	Fri Apr 02 03:31:17 +0000 2021	6727	639	Gracias!!! Los y las quiero mucho!! https://t.co/hLqZPdeNnl	https://twitter.com/alferdez/status/1377825937908203533	[]
alferdez	Wed Mar 31 17:51:33 +0000 2021	11784	1493	"Hoy en la Facultad de Derecho de la Universidad de Buenos Aires di la clase virtual de Teoría del Delito, donde hablamos acerca del concepto de Tipicidad.

Insisto en dar clase porque, como digo siempre, lo que soy se lo debo a la educación pública. https://t.co/wR0REPoSdW"	https://twitter.com/alferdez/status/1377317656466972674	[]
alferdez	Mon Mar 29 22:06:56 +0000 2021	3592	741	"Tomé juramento al nuevo ministro de Justicia y Derechos Humanos, @SoriaEnAccion. 

A Martín le he encomendado que trabaje incansablemente para que la Justicia cumpla acabadamente con el rol que el Estado de Derecho le asigna. https://t.co/9it1anOMRN"	https://twitter.com/alferdez/status/1376657151788204037	[]
alferdez	Mon Mar 29 19:28:29 +0000 2021	2231	554	"El año pasado visité la refinería Raízen, que presentó un plan de inversiones de 700 millones de dólares. Hoy, en Dock Sud, esa inversión empezó a verse con la inauguración de una planta de propelentes, otra muestra de confianza en el país.

La reconstrucción está en marcha. https://t.co/iQJAfZntUr"	https://twitter.com/alferdez/status/1376617276888260611	[]
alferdez	Mon Mar 29 19:14:20 +0000 2021	1338	354	"Hoy participé del Foro de Financiamiento para el Desarrollo. En este contexto de pandemia es imprescindible explorar un nuevo marco multilateral para la reestructuración de la deuda pública a nivel global.

Ninguna recuperación será posible si no se incluye a todos. https://t.co/TQo6b5OBCv"	https://twitter.com/alferdez/status/1376613714233802753	[]
alferdez	Fri Mar 26 18:04:58 +0000 2021	3004	632	"Hoy celebramos junto a los jefes de Estado del @mercosur los 30 años del Tratado de Asunción. Tres décadas después, podemos estar orgullosos de lo que logramos al dejar atrás viejas tensiones y optar por el camino de la unidad regional.

👉🏼 https://t.co/UApWRSqt6x https://t.co/ULoE7EyGe1"	https://twitter.com/alferdez/status/1375509093754961921	[]
alferdez	Wed Mar 24 22:12:01 +0000 2021	948	155	El BM, por su parte, ratificó su apoyo para aprobar este año nuevos proyectos de inversión por más de 2.000 millones de dólares en las áreas de infraestructura, salud, protección social, empleo y cambio climático.	https://twitter.com/alferdez/status/1374846492687630341	[]
alferdez	Wed Mar 24 22:12:01 +0000 2021	964	148	En la charla le ratifiqué nuestro deseo de encontrar acuerdos ante los organismos de crédito, en el marco de un crecimiento armónico y equitativo que nos permita seguir adelante cuidando a quienes más lo necesitan.	https://twitter.com/alferdez/status/1374846491165143042	[]
alferdez	Wed Mar 24 22:12:00 +0000 2021	2357	468	Esta tarde conversé con el titular del Banco Mundial, David Malpass, sobre la situación social y económica y sobre la cartera de 26 inversiones que tiene el organismo en la Argentina, que alcanzan un total de 6.149 millones de dólares. https://t.co/QzvstWviSP	https://twitter.com/alferdez/status/1374846488589795332	[]
alferdez	Wed Mar 24 16:39:28 +0000 2021	7688	1594	"A 45 años del hecho más trágico de nuestra historia reciente, el sábado junto a mi querida Taty Almeida me sumé a la campaña de @abuelasdifusion y los organismos para plantar un árbol por los 30.000.

La memoria, la verdad y la justicia son políticas de Estado.

#PlantamosMemoria https://t.co/M2jARMjduM"	https://twitter.com/alferdez/status/1374762801298804738	[{'text': 'PlantamosMemoria', 'indices': [263, 280]}]
alferdez	Wed Mar 24 12:30:23 +0000 2021	14946	3605	"Hace 45 años el terrorismo de Estado se apoderó de Argentina.
Honro a las víctimas en mi memoria.
Abrazo con amor y respeto a las madres, abuelas, hijos y familiares que perdieron a sus seres queridos en la tragedia.
Pido castigo para quienes causaron semejante daño.
#NuncaMas https://t.co/e3ZJDJr8vU"	https://twitter.com/alferdez/status/1374700116150513665	[{'text': 'NuncaMas', 'indices': [268, 277]}]
alferdez	Wed Mar 24 01:40:27 +0000 2021	2046	403	"Hace 15 años reestatizamos @AySA_Oficial para garantizar el acceso al agua de calidad, un recurso esencial y un derecho humano básico.

Hoy tenemos el deber, como generación, de cuidarla. Cuidar el agua es cuidar el futuro de nuestros hijos, de la Argentina y del planeta. https://t.co/mJxP6Klmhp"	https://twitter.com/alferdez/status/1374536555507937281	[]
alferdez	Tue Mar 23 21:28:29 +0000 2021	4464	1042	"Tuve el honor y el orgullo de entregarles hoy a Estela de Carlotto, Taty Almeida y Lita Boitano el premio Juana Azurduy por su lucha incansable por los derechos humanos.

Las Madres y las Abuelas no son solo eso. Son un modelo de conducta y de compromiso para todos y todas. https://t.co/R8IFB5komI"	https://twitter.com/alferdez/status/1374473146678476803	[]
alferdez	Tue Mar 23 11:52:02 +0000 2021	1573	310	En unidad logramos ponerle un freno a ese modelo de pobreza y destrucción del aparato productivo. En unidad nos cuidamos frente a la pandemia. Y en unidad vamos a reconstruir la Argentina y vamos a ponerla otra vez de pie.	https://twitter.com/alferdez/status/1374328077707321346	[]
alferdez	Tue Mar 23 11:52:01 +0000 2021	2778	565	Quienes nos piden autocrítica por zoom y desde la cama le han causado un enorme daño a la Argentina favoreciendo la especulación financiera. Nosotros tenemos un proyecto integrador, federal, de producción y trabajo.	https://twitter.com/alferdez/status/1374328076310622208	[]
alferdez	Tue Mar 23 11:52:01 +0000 2021	740	196	Heredamos un país en terapia intensiva y después llegó la pandemia. Ante ese escenario tuvimos la inteligencia de estar unidos, y con unidad estamos vacunando a los argentinos y las argentinas y reconstruyendo lo que otros destruyeron.	https://twitter.com/alferdez/status/1374328074959998980	[]
alferdez	Tue Mar 23 11:52:00 +0000 2021	4573	942	Los y las peronistas llegamos a la política para representar a quienes no tienen voz, para industrializar el país, para distribuir equitativamente la riqueza. Nada ni nadie nos va a mover de ese objetivo. https://t.co/uaCGVp7RzQ	https://twitter.com/alferdez/status/1374328072661504000	[]
alferdez	Mon Mar 22 22:15:04 +0000 2021	2135	589	"EN VIVO | Acto de asunción de la presidencia del Partido Justicialista

https://t.co/aXfWB8fl4m"	https://twitter.com/alferdez/status/1374122482848952328	[]
alferdez	Mon Mar 22 16:27:23 +0000 2021	6770	1330	"Hoy la Provincia de Buenos Aires llegó al millón de vacunados con la primera dosis. En un mundo que padece la escasez, seguimos trabajando para proteger a cada argentino y a cada argentina. 

La alegría de cada persona de riesgo que se vacuna es la alegría de todos y todas. https://t.co/VOcXXkR15k"	https://twitter.com/alferdez/status/1374034986924449796	[]
alferdez	Sat Mar 20 22:56:41 +0000 2021	5745	1225	"Es muy importante que la dirigencia sindical sea parte del recordatorio del 24 de marzo, porque muchísimas de las personas desaparecidas fueron trabajadores y trabajadoras.

Mirar el pasado con memoria, verdad y justicia no es venganza. Es una forma de ser una mejor sociedad. https://t.co/n4S1rEhVeW"	https://twitter.com/alferdez/status/1373408180127080453	[]
alferdez	Sat Mar 20 00:27:22 +0000 2021	1643	384	"Junto a @RaulJalil_ok visitamos el centro de vacunación que funciona en el predio ferial Campo Las Heras.

Con la colaboración de cada provincia seguimos vacunando a las argentinas y los argentinos en forma equitativa y federal. https://t.co/OFEJXOY27R"	https://twitter.com/alferdez/status/1373068612932673536	[]
alferdez	Fri Mar 19 19:54:31 +0000 2021	3452	718	Convencidos de que el desarrollo del Norte Grande es una prioridad para construir una Argentina federal, hoy en Catamarca anunciamos una reducción de aportes patronales para que las empresas de la región generen más trabajo, produzcan más y hagan crecer la economía. https://t.co/FAB2m4vxjs	https://twitter.com/alferdez/status/1372999950200680450	[]
alferdez	Fri Mar 19 12:40:57 +0000 2021	2694	728	"Hace un año, los argentinos y las argentinas nos unimos para cuidarnos y enfrentar uno de los desafíos más grandes de nuestra historia.

Hoy, unidos, estamos vacunando a nuestra gente y reconstruyendo el país. Sigamos haciéndolo juntos. https://t.co/OIykiwSxcs"	https://twitter.com/alferdez/status/1372890838339047431	[]
alferdez	Wed Mar 17 17:50:30 +0000 2021	2670	661	"Hoy junto a @jorgeferraresi firmamos el convenio con la CGT y la @CTAok para asignar viviendas del programa Casa Propia a 1.200 familias de trabajadores.

La urgencia de este Gobierno serán siempre quienes no tienen techo, trabajo o cayeron en la pobreza. Primero los últimos. https://t.co/mMOVcNfvq2"	https://twitter.com/alferdez/status/1372243964062003200	[]
alferdez	Tue Mar 16 00:23:36 +0000 2021	4308	970	"Hoy presentamos las primeras mil obras en marcha en el país, que le cambian la vida a millones de personas.
Algunos eligen el camino fácil de endeudarse y olvidar a su gente. Nosotros elegimos discutir con los acreedores y dar seguridad y futuro a los argentinos y las argentinas. https://t.co/HKSjSL4PVX"	https://twitter.com/alferdez/status/1371618112697688077	[]
alferdez	Mon Mar 15 21:55:27 +0000 2021	4648	1046	"Hoy presentamos las primeras mil obras en marcha en el país, que le cambian la vida a millones de personas.
Algunos eligen el camino fácil de endeudarse y olvidar a su gente. Nosotros elegimos discutir con los acreedores y dar seguridad y futuro a los argentinos y las argentinas. https://t.co/4cEppBfBVN"	https://twitter.com/alferdez/status/1371580830871617536	[]
alferdez	Sat Mar 13 21:20:07 +0000 2021	5037	933	"Agradezco los mensajes de solidaridad recibidos. Ellos prueban la soledad en la se expresan los violentos. 
En lo que a mi respecta, sepa cada vecino y vecina de la Comarca Andina que estoy a su lado sin condiciones para poder superar cuanto antes este momento tan ingrato."	https://twitter.com/alferdez/status/1370847164059021313	[]
alferdez	Sat Mar 13 21:20:07 +0000 2021	4868	957	La violencia que algunos pocos han demostrado en ocasión de mi visita a Lago Puelo, no acompaña esa vocación que nos impulsa. Estoy seguro que esa violencia tampoco es compartida por el pueblo chubutense y por quienes habitan nuestra querida Argentina.	https://twitter.com/alferdez/status/1370847162427392010	[]
alferdez	Sat Mar 13 21:20:06 +0000 2021	1328	349	Ese es nuestro deber y nuestro compromiso como Gobierno Nacional. Nuestro mayor deseo es que argentinos y argentinas puedan crecer y desarrollarse en paz en el mismo lugar donde han nacido.	https://twitter.com/alferdez/status/1370847161013968903	[]
alferdez	Sat Mar 13 21:20:06 +0000 2021	1308	360	En la Comarca Andina de Chubut viven argentinos que necesitan nuestro auxilio. Por ellos estuvimos, estamos y siempre estaremos. Ese es el espíritu que nos mueve. Por eso estuvimos antes en San Juan cuando el temblor de la tierra dejó sin techo a familias argentinas.	https://twitter.com/alferdez/status/1370847159684317189	[]
alferdez	Sat Mar 13 21:20:06 +0000 2021	1300	382	Por otra parte, ordenamos otorgar bonificaciones para jubilados, pensionados, beneficiarios de la AUH y de la asignación por embarazo. Igualmente garantizamos el envío de alimentos y ropa para quienes lo estén requiriendo como consecuencia del siniestro.	https://twitter.com/alferdez/status/1370847158296047618	[]
alferdez	Sat Mar 13 21:20:05 +0000 2021	1480	440	Hoy garantizamos aportes del Tesoro Nacional para la provincia y los municipios afectados, firmamos un acuerdo para la rápida reconstrucción de las más de 250 viviendas dañadas por el fuego y pusimos en marcha un plan de obras para garantizar agua, gas y luz a quienes allí viven.	https://twitter.com/alferdez/status/1370847156865744896	[]
alferdez	Sat Mar 13 21:20:05 +0000 2021	1217	317	Nuestra estadía en Lago Puelo nos permitió sobrevolar la zona afectada por los incendios. Aun quedan focos que nuestro equipo de brigadistas intentan sofocar con mucho esfuerzo. Mi eterna gratitud a todos y todas por tan enorme gesto de entrega y solidaridad. https://t.co/mxlnWVUzNd	https://twitter.com/alferdez/status/1370847154764455943	[]
alferdez	Sat Mar 13 21:20:03 +0000 2021	1253	342	Hoy me hice presente en Lago Puelo para poder conocer en detalle el alcance de tan terrible siniestro. Pude oír las demandas de los intendentes de la región y transmitirles el aporte del Estado Nacional para paliar los efectos de tanta desgracia. https://t.co/LtbYL5eq2p	https://twitter.com/alferdez/status/1370847147860623360	[]
alferdez	Sat Mar 13 21:20:02 +0000 2021	1304	355	El día jueves me comunique telefónicamente con el intendente de Lago Puelo Augusto Sánchez, para poder cuantificar los daños causados por el incendio y resolver las urgencias que enfrenta la comunidad que habita en la zona.	https://twitter.com/alferdez/status/1370847140927393793	[]
alferdez	Sat Mar 13 21:20:01 +0000 2021	8145	1882	"Con toda decisión enfrentamos los incendios que asolaron a la Comarca Andina de Chubut.
Por ese motivo nuestro ministro de ambiente y desarrollo sustentable @juancabandie se instaló allí a comienzos de la semana coordinando las tareas de las brigadas que combatieron el fuego. https://t.co/jrQ7hXXj3x"	https://twitter.com/alferdez/status/1370847137991376896	[]
alferdez	Sat Mar 13 20:17:57 +0000 2021	3618	678	"Hace ocho años nuestro Papa Francisco ( @Pontifex_es ) asumía su mayor desafío pastoral. 
Acercó la Iglesia a los olvidados por “el descarte” de una economía materialista y sin ética. 
Con su prédica toma valor la solidaridad. “Nadie se salva solo”. 
¡Feliz día! https://t.co/99wLyMMwmr"	https://twitter.com/alferdez/status/1370831519443525637	[]
alferdez	Fri Mar 12 17:33:17 +0000 2021	4438	738	"Participé del lanzamiento del bicentenario de la UBA, una institución fundamental en la transformación de nuestra sociedad, centro del debate de grandes ideas y emblema de la educación pública. La UBA es, ante todo, igualdad. Y eso nos llena de orgullo.

#UBA200 https://t.co/Y2Ve4UA5L3"	https://twitter.com/alferdez/status/1370427690675802113	[{'text': 'UBA200', 'indices': [255, 262]}]
alferdez	Fri Mar 12 16:46:24 +0000 2021	4224	982	"Hoy se promulgó la Ley de Financiamiento del Sistema de Ciencia, Tecnología e Innovación. Nuestros científicos e investigadores son fundamentales en la batalla que estamos dando contra la pandemia. 

En educación, ciencia y tecnología nunca se gasta, se invierte en el futuro. https://t.co/ldFfqvyLwK"	https://twitter.com/alferdez/status/1370415891989561344	[]
alferdez	Fri Mar 12 10:54:47 +0000 2021	245	36	@LCrin3 @minimalank @EthikaJeans @rozulangels2 @Irene010394 @hectorelmas @FutbolPunk @rozulangels @alejofCFK @KarenRegreso @AbrazoAlAlma @IgnacioValle3 @maria1908 @nievesvioleta @fdelavilla34 @Maryan0775 @3087carlos @Patrici20808451 @analia_lynch @MonterosEva @RobotinReloaded @PeronismoXTodos @Ric_isid @Amontenegro25 @silcasteja @IngridEcka @KORTAZAR @vivithewall @rocksanaysalva @kuervakk @roebe1984 @pequeamamba1 @CharlyMillo79 @AsimovEl @Young_Lust15 @mumimumi09 @CFKArgentina @SantiagoCuneo @HolwayRachel @FernandezAnibal @NKGenIntermedia @HugoYasky @GynutG @gerximenamc @JulioDeVido Aun los y las sigo. Conste.	https://twitter.com/alferdez/status/1370327405416624131	[]
alferdez	Thu Mar 11 21:10:28 +0000 2021	2744	818	Recomiendo la lectura de este análisis del presente que nos propone @SantiCafiero. En un tiempo en el que algunos propagan el odio, vale la pena reflexionar y tomar distancia de tanta maldad y locura. https://t.co/QrGXf4nGoj	https://twitter.com/alferdez/status/1370119957292445697	[]
alferdez	Thu Mar 11 19:44:08 +0000 2021	15804	2742	Querido @LulaOficial, tu agradecimiento me alegra y reconforta, pero la defensa de la democracia no tendría que ser una excepción ni una actitud con la que especular política o electoralmente. Te abrazo a la distancia y espero poder hacerlo pronto en persona. https://t.co/JrulQk5Ja8	https://twitter.com/alferdez/status/1370098233712766986	[]
alferdez	Thu Mar 11 16:18:29 +0000 2021	2913	768	"Hoy cumplimos un año de #MedicamentosGratis para jubilados y jubiladas, un derecho que merecen por haber trabajado toda la vida.

Lo prometimos en la campaña y lo hicimos. En democracia, la palabra empeñada es un compromiso con la ciudadanía. https://t.co/UqMv91Puuz"	https://twitter.com/alferdez/status/1370046477016391688	[{'text': 'MedicamentosGratis', 'indices': [24, 43]}]
alferdez	Thu Mar 11 13:49:11 +0000 2021	3524	716	Todo es muy grave. Pero lo más grave es advertir que en manos de ese tipo de magistrados está la suerte de los derechos ciudadanos. Abordar los cambios que Poder Judicial necesita depende de todos nosotros.	https://twitter.com/alferdez/status/1370008908279013381	[]
alferdez	Thu Mar 11 13:49:11 +0000 2021	2355	450	"Si interpretó palabras del presente me preocupa mucho más. Veo que las interpreta tan mal como en todos estos años interpretó el sistema legal vigente. 
Hay personas parciales en el sistema judicial que perdieron racionalidad a la hora de evaluar cuestiones que deben resolver."	https://twitter.com/alferdez/status/1370008906810920966	[]
alferdez	Thu Mar 11 13:49:11 +0000 2021	1421	353	"Tratarlas de “delincuentes”deja en evidencia su valoración sobre el respeto a la diversidad de género. Algún episodio que viene a mi memoria parece corroborar su maltrato a la condición de mujer. 
Si https://t.co/AKSPtJc10k"	https://twitter.com/alferdez/status/1370008904504123397	[]
alferdez	Thu Mar 11 13:49:09 +0000 2021	6015	1431	Todo el día de ayer estuve reflexionando sobre el singular saludo del juez Juan Carlos Geminiani a sus colegas mujeres por el Día la Mujer. https://t.co/HvBsoUnLN0	https://twitter.com/alferdez/status/1370008897495433216	[]
alferdez	Wed Mar 10 19:29:16 +0000 2021	581	144	Antes recorrimos la Escuela Primaria Rural N° 47 “Martín Miguel de Güemes”, donde funciona una huerta y se producen dulces artesanales, en la que se realizaron obras por más de $20 millones para construir un SUM y refaccionar el edificio. https://t.co/ASTOXnDuf2	https://twitter.com/alferdez/status/1369732104691609602	[]
alferdez	Wed Mar 10 19:29:14 +0000 2021	2393	565	"Este mediodía visitamos el centro de vacunación que funciona en el Polideportivo José María Gatica, en Avellaneda.

Argentina ya lleva 1.774.438 dosis aplicadas de las distintas vacunas contra el Covid-19 y 2.975.410 distribuidas en todo el país. https://t.co/Is95P9wUmw"	https://twitter.com/alferdez/status/1369732093090103299	[]
alferdez	Wed Mar 10 18:54:19 +0000 2021	14519	1518	Hoy volví a dar clases de Teoría General del Delito y Sistema de la Pena en la Facultad de Derecho de la UBA. Lo hago por vocación y por mi deseo de servir a la educación pública. A mis alumnos y alumnas les pido todo el compromiso en el estudio. ¡Buen año! https://t.co/mX73Hn66s7	https://twitter.com/alferdez/status/1369723308564971527	[]
alferdez	Wed Mar 10 18:32:23 +0000 2021	2580	528	Además, la Gendarmería Nacional colabora en las tareas de evacuación en las zonas afectadas y el ministro @juancabandie anunció que presentará una denuncia en la Justicia para determinar las responsabilidades penales por lo ocurrido.	https://twitter.com/alferdez/status/1369717786747019266	[]
alferdez	Wed Mar 10 18:32:22 +0000 2021	9301	1823	Desde el Gobierno nacional seguimos de cerca lo que ocurre con los incendios en Río Negro y Chubut y hemos enviado 2 helicópteros, 3 aviones hidrantes, 12 autobombas, vehículos de apoyo y 62 brigadistas convocados por el Sistema Nacional de Manejo del Fuego.	https://twitter.com/alferdez/status/1369717785518088204	[]
alferdez	Tue Mar 09 17:57:12 +0000 2021	2391	562	"La actividad automotriz es una nave insignia del sector industrial. Por eso firmamos hoy un decreto de exención de retenciones a las exportaciones incrementales de ese sector y anunciamos el envío del proyecto de Ley de Promoción de Inversiones.

Sin industria no hay futuro. https://t.co/KcgtWNs21p"	https://twitter.com/alferdez/status/1369346545464803342	[]
alferdez	Mon Mar 08 21:07:22 +0000 2021	2895	638	"El Gobierno nacional y las provincias firmamos hoy el Acuerdo Federal para una Argentina Unida contra las Violencias de Género, porque erradicar ese flagelo requiere de políticas públicas activas en todo el país.

Hoy es un día de lucha. Debe ser también un día de respuestas. https://t.co/7NEgNnwvM3"	https://twitter.com/alferdez/status/1369032014540705796	[]
alferdez	Mon Mar 08 20:41:59 +0000 2021	23873	5251	"Celebro que @LulaOficial haya sido rehabilitado en todos sus derechos políticos. Se anularon las condenas en su contra que fueron dictadas con el solo fin de perseguirlo y eliminarlo de la carrera política. 
Se hizo Justicia!
#LulaLivre  
https://t.co/Hog0MqFtJg"	https://twitter.com/alferdez/status/1369025626166988801	[{'text': 'LulaLivre', 'indices': [226, 236]}]
alferdez	Sat Mar 06 19:28:05 +0000 2021	2478	530	Hoy en Mendoza presentamos el Plan Estratégico Vitivinícola 2030, un programa que busca desarrollar el enorme potencial que tiene el vino argentino e incrementar su aporte al crecimiento del país. El camino para lograrlo es trabajar unidos. https://t.co/fP3WmPsNyx	https://twitter.com/alferdez/status/1368282255248998402	[]
alferdez	Sat Mar 06 13:19:54 +0000 2021	1916	462	"Los medios públicos nacionales llevarán hoy la Fiesta Nacional de la Vendimia a cada rincón de nuestro país. 
Esta vez de la Vendimia participaran millones de Argentinos y Argentinas. 
Disfrutémoslo en unidad.  https://t.co/hKVTvJzyz2"	https://twitter.com/alferdez/status/1368189595796598787	[]
alferdez	Sat Mar 06 01:10:31 +0000 2021	2178	488	"Hoy se llevó a cabo la primera reunión de trabajo del Consejo Económico y Social, un espacio plural y diverso para discutir los grandes temas de la Argentina de cara al futuro.

Que no nos pierdan las discusiones innecesarias. Avancemos unidos hacia ese país que nos merecemos. https://t.co/DH1DUh7ij3"	https://twitter.com/alferdez/status/1368006043754766337	[]
alferdez	Sat Mar 06 01:01:34 +0000 2021	7788	1611	"El 10% de los países acaparan el 90% de las vacunas, por eso que hoy estemos avanzando en la vacunación es un gran logro. No de un gobierno, de toda la sociedad argentina.

Los agoreros de siempre dijeron barbaridades de la vacuna. Hoy esa vacuna está salvando vidas. https://t.co/ESDEkZcBaV"	https://twitter.com/alferdez/status/1368003791669387277	[]
alferdez	Fri Mar 05 17:11:19 +0000 2021	1551	419	Con energía abundante y barata también pondremos a la Argentina de pie. Plan Gas en marcha, una nueva ley de Hidrocarburos, unas 30 obras de infraestructura gasífera por iniciar y trabajando para concretar el más ambicioso proyecto gasífero de integración regional de la historia. https://t.co/bDN2euEnPZ	https://twitter.com/alferdez/status/1367885447213559811	[]
alferdez	Fri Mar 05 17:01:04 +0000 2021	3961	1253	"Lo que muestra @lpokoik es una muestra de brutalidad política. 
Nuestros compañeros no deben entrar en ese juego. Somos quienes siempre cuidamos y respetamos los valores democráticos. 
A los energúmenos que hacen estas cosas les pido que cesen. El país nos reclama unidad y paz. https://t.co/HmrTJmshGY"	https://twitter.com/alferdez/status/1367882868203085827	[]
alferdez	Fri Mar 05 12:07:24 +0000 2021	4577	1187	"Te recomiendo leer lo que expresa @lavih7 en este hilo de Twitter. 

Tiene sentido que lo hagas. Vas a advertir cómo manipulan opiniones y sacan las conclusiones que convienen a sus intereses. Así tergiversan la verdad y construyen falacias. 

Ocupate vos de chequear la realidad. https://t.co/Q8IF3Hxaig"	https://twitter.com/alferdez/status/1367808966261174273	[]
alferdez	Fri Mar 05 00:58:37 +0000 2021	1703	257	Además inauguramos el Estadio “Madre de Ciudades”, porque también los santiagueños tienen derecho y deben tener el orgullo de tener un estadio de esta magnitud, donde jugará la selección a fin de mes y que será además sede de la Copa América. https://t.co/IUNA0skRme	https://twitter.com/alferdez/status/1367640659331600386	[]
alferdez	Fri Mar 05 00:58:35 +0000 2021	2462	485	"Santiago del Estero es parte de ese norte históricamente olvidado por una visión sesgada de país, donde solo importaba el centro más rico.

Con @GZamoraSDE firmamos hoy convenios para que Santiago y su gente tengan el mismo derecho a desarrollarse y crecer que el resto del país. https://t.co/WOgzT6Lzyc"	https://twitter.com/alferdez/status/1367640651018428419	[]
alferdez	Thu Mar 04 02:17:46 +0000 2021	15290	839	Ella es Mercedes Lucía Arévalo Soraiz, tiene un año y ¡es mi ahijada! https://t.co/C0zup3Nsrj	https://twitter.com/alferdez/status/1367298189523640320	[]
alferdez	Thu Mar 04 00:05:01 +0000 2021	3439	906	"En la sede de @invapargentina en Bariloche se reactivará la fabricación de radares de nueva generación RPA 200 para el Sistema Nacional de Vigilancia y Control Aeroespacial.

Esto es el conocimiento, la ciencia y el talento de la Argentina. Esto es el futuro de la Argentina. https://t.co/MskYL03Wvs"	https://twitter.com/alferdez/status/1367264781464403970	[]
alferdez	Wed Mar 03 00:20:45 +0000 2021	4676	722	Hoy recibí las cartas credenciales de los embajadores y las embajadoras de 18 naciones del mundo, que de ese modo se convirtieron oficialmente en representantes diplomáticos en la Argentina, un país que abraza el multilateralismo y la solidaridad entre los pueblos. https://t.co/zWElb80pnW	https://twitter.com/alferdez/status/1366906353839710212	[]
alferdez	Tue Mar 02 23:34:16 +0000 2021	3713	804	Hoy visité el taller de la @unahurlingham donde se hacen los medidores de dióxido de carbono “Aire Nuevo”, que permiten disminuir riesgos de contagio de Covid-19 en lugares cerrados. Otro aporte del conocimiento argentino para cuidar la vida y la salud de nuestra gente. https://t.co/wlaDR5PY6a	https://twitter.com/alferdez/status/1366894658350166019	[]
alferdez	Mon Mar 01 22:41:46 +0000 2021	7733	1655	"En este tiempo aprendimos que el cuidado individual es cuidado colectivo y que el Estado tiene un rol indelegable. 

En la unidad y la solidaridad están las claves para construir una Argentina que despliegue todo su potencial.

Unidas y unidos vamos a recorrer ese camino. https://t.co/2OjP67aQip"	https://twitter.com/alferdez/status/1366519057365753856	[]
alferdez	Sun Feb 28 14:48:33 +0000 2021	2685	494	"Gracias a @daveswords por sus felicitaciones. 

Para nosotros cuidar a los maestros es también cuidar a nuestros niños y niñas. 

Y cuidar la educación de nuestros niños y niñas es lo mismo que sembrar futuro. https://t.co/APCLQE44uu"	https://twitter.com/alferdez/status/1366037579120996352	[]
alferdez	Sat Feb 27 22:54:45 +0000 2021	55501	14160	La forma de manifestarse en democracia no puede ser exhibir frente a la Casa Rosada bolsas mortuorias con nombres de dirigentes políticos. Esta acción lamentable solo demuestra cómo muchos opositores conciben la República. No callemos ante semejante acto de barbarie. https://t.co/nFsgEHKMs7	https://twitter.com/alferdez/status/1365797549408403460	[]
alferdez	Sat Feb 27 14:13:26 +0000 2021	3777	662	Mi gratitud y mi corazón está junto a cada uno de los argentinos y argentinas. A ustedes dedico y dedicaré todo mi empeño y mis mayores esfuerzos. No descansaré hasta ver a la Patria de pie y a cada uno de sus hijos viviendo felices con trabajo y dignidad.	https://twitter.com/alferdez/status/1365666353961648131	[]
alferdez	Sat Feb 27 14:13:25 +0000 2021	3233	566	Los argentinos y las argentinas hemos hecho sacrificios en este año de pandemia. Es ese enorme esfuerzo el que me da la energía y el mandato para seguir poniendo al Estado en el lugar del que nunca debieron haberlo sacado: el de impulsor de la recuperación de nuestro país.	https://twitter.com/alferdez/status/1365666352657219586	[]
alferdez	Sat Feb 27 14:13:25 +0000 2021	2407	496	Mientras el Gobierno Nacional, junto a los gobernadores provinciales, desarrollamos el operativo de vacunación más grande de nuestra historia, debemos extremar los cuidados. Ya habrá tiempo de llenar plazas, reencontrarnos y fundirnos en abrazos.	https://twitter.com/alferdez/status/1365666351147339778	[]
alferdez	Sat Feb 27 14:13:25 +0000 2021	3988	882	Con mi sincera gratitud antes que nada, les pido que sigamos dando el ejemplo y que esta vez cada uno siga mi mensaje en forma remota. Desde sus casas o desde sus lugares de trabajo. La pandemia aún nos ataca. Nosotros cuidemos al prójimo aunque otros no lo hagan.	https://twitter.com/alferdez/status/1365666349897367552	[]
alferdez	Sat Feb 27 14:13:24 +0000 2021	12660	2011	Agradezco a todas las organizaciones políticas y sociales que han convocado a acompañarme el lunes próximo en ocasión del discurso que daré para dar apertura a las sesiones ordinarias del Congreso Nacional. https://t.co/NeVm5biJbD	https://twitter.com/alferdez/status/1365666348068704256	[]
alferdez	Sat Feb 27 02:16:47 +0000 2021	14699	2266	"El fútbol es mucho más que un negocio: es pasión de millones de argentinos y argentinas.

Con el regreso de los partidos a la @TV_Publica estamos permitiendo que por esa pasión no tengan que pagar ni el Estado ni los ciudadanos. https://t.co/9UdjeBSdZR"	https://twitter.com/alferdez/status/1365486004837187588	[]
alferdez	Sat Feb 27 00:35:32 +0000 2021	1334	204	La Argentina, en unidad con la región, tiene voluntad de buscar caminos que nos permitan abordar conjuntamente los problemas globales. América Latina debe tener una voz importante en la discusión sobre energías renovables y producción agrícola sustentable y sostenible.	https://twitter.com/alferdez/status/1365460523828060163	[]
alferdez	Sat Feb 27 00:35:32 +0000 2021	1296	186	Además de aceptar la invitación, le manifesté nuestras buenas expectativas con el nuevo gobierno, que tiene la oportunidad de liderar la lucha contra la crisis climática y social que atraviesa el mundo.	https://twitter.com/alferdez/status/1365460522271973377	[]
alferdez	Sat Feb 27 00:35:31 +0000 2021	4069	628	Hoy mantuve una muy buena conversación con @JohnKerry, Enviado Especial para el Clima del presidente @joebiden, que me invitó formalmente a participar de la Cumbre de Líderes sobre Cambio Climático del próximo 22 de abril, Día Mundial de la Tierra.	https://twitter.com/alferdez/status/1365460520728420352	[]
alferdez	Thu Feb 25 22:34:29 +0000 2021	3744	633	"Un día como hoy, hace 243 años, nacía el General José de San Martín, el padre de nuestra patria. Ante situaciones de adversidad como esta pandemia, bueno es recordar sus palabras: “Unidos somos invencibles”.

Lejos de angustiarse, él nunca bajó los brazos. Sigamos su ejemplo. https://t.co/oBaGWCWWgZ"	https://twitter.com/alferdez/status/1365067672380186624	[]
alferdez	Thu Feb 25 21:30:08 +0000 2021	15296	1997	"Feliz cumpleaños, Néstor.

Siempre en mi alma. Siempre en mi recuerdo.

#NéstorCumple https://t.co/YNpO6z5nI0"	https://twitter.com/alferdez/status/1365051476561825799	[{'text': 'NéstorCumple', 'indices': [72, 85]}]
alferdez	Wed Feb 24 16:34:19 +0000 2021	13791	3521	"Con el presidente @lopezobrador_ tenemos un objetivo común, que es unir a toda América Latina de norte a sur. 

La producción conjunta de la vacuna es un buen comienzo. Y es, también, la oportunidad de unir voces y voluntades para construir un mundo más justo. https://t.co/AQ9aN7pyhE"	https://twitter.com/alferdez/status/1364614646246834180	[]
alferdez	Tue Feb 23 12:18:00 +0000 2021	1355	182	"Ayer, estando en Mexico, supe de la lamentable noticia de la partida de mi querido amigo Julio BADRAN. 
Fue una persona maravillosa y un gran dirigente del peronismo cordobés. 
Mis mas profundas condolencias a su familia y a todos los que, como yo, lamentamos hoy su ausencia https://t.co/wNIakx4zAc"	https://twitter.com/alferdez/status/1364187751684464640	[]
alferdez	Tue Feb 23 10:58:24 +0000 2021	2658	674	Hasta ahora, el laboratorio mAbxience ha enviado desde la Argentina el principio activo necesario para producir 12 millones de dosis. A partir de abril América Latina comenzará a tener las vacunas necesarias para proteger a nuestra gente.	https://twitter.com/alferdez/status/1364167721940881408	[]
alferdez	Tue Feb 23 10:58:23 +0000 2021	5358	1058	Recorrimos las instalaciones de Laboratorios Liomont, donde se completa la producción y el envasado de la vacuna contra el Covid-19 desarrollada por la Universidad de Oxford y AstraZeneca, cuyo principio activo se fabrica en nuestro país. https://t.co/XoYXy13JH7	https://twitter.com/alferdez/status/1364167719365586945	[]
alferdez	Mon Feb 22 23:33:36 +0000 2021	5571	1124	"En México me reuní con empresarios de ese país que poseen inversiones en la Argentina para conversar sobre los sectores estratégicos de nuestra economía.

Es la oportunidad de profundizar nuestros lazos comerciales. Tenemos las condiciones y la voluntad para hacerlo. https://t.co/ODwPIqcdGb"	https://twitter.com/alferdez/status/1363995385962917889	[]
alferdez	Sun Feb 21 21:10:41 +0000 2021	7011	895	Es propósito del gobierno nacional hacer que las vacunas adquiridas lleguen en tiempo y forma cuanto antes para suministrarlas a cada habitante de esta Patria. Allí estuvieron, estan y estaran  puestos todos nuestros esfuerzos.	https://twitter.com/alferdez/status/1363597032615723025	[]
alferdez	Sun Feb 21 21:10:41 +0000 2021	6551	973	En Argentina más de 700 mil personas han recibido dosis de la vacuna. Más de 400 mil personas ya recibieron las dos dosis y han logrado inmunizarse. El ritmo de vacunación comienza a acelerarse con la llegada al país de más vacunas.	https://twitter.com/alferdez/status/1363597031504302087	[]
alferdez	Sun Feb 21 21:10:41 +0000 2021	4627	617	Le he encomendado a @carlavizzotti que protocolice al máximo el suministro y aplicación de vacunas considerando la situación de las personas expuestas por la labor que ejercen. Debemos trabajar para evitar que estas situaciones vuelvan a repetirse.	https://twitter.com/alferdez/status/1363597030380228610	[]
alferdez	Sun Feb 21 21:10:40 +0000 2021	7645	1080	Guardo por @ginesggarcia mi sincera gratitud. Ha sido una persona fundamental para que la pandemia no arrecie sobre los argentinos. Ha sido capaz de poner de pie un sistema de salud quebrado y de darle a cada argentino la atención pertinente cuando el virus lo hizo víctima.	https://twitter.com/alferdez/status/1363597029243559944	[]
alferdez	Sun Feb 21 21:10:40 +0000 2021	5537	773	Sin embargo no puedo dejar de observar que sobre esas personas se ha montado un escenario mediatico de escarnio público y no quiero avalar con mi silencio semejante proceder.	https://twitter.com/alferdez/status/1363597027964293121	[]
alferdez	Sun Feb 21 21:10:40 +0000 2021	3915	562	Ello es así aun cuando los vacunados estaban en condiciones objetivas (por la edad o las condiciones físicas) de recibirlas.	https://twitter.com/alferdez/status/1363597026928295939	[]
alferdez	Sun Feb 21 21:10:39 +0000 2021	24099	3919	Es público y notorio que he debido tomar una decisión ante un hecho reprochable. Lo sucedido en el Ministerio de Salud fue un hecho que aunque excepcional no puede avalarse.	https://twitter.com/alferdez/status/1363597025527349248	[]
alferdez	Thu Feb 18 01:51:01 +0000 2021	2863	472	Los femicidios son la expresión más cruenta de una sociedad machista con la que debemos terminar de una vez y para siempre. Seamos protagonistas del cambio que hace falta para tener una sociedad libre de violencias por motivos de género. Hagámoslo ahora y hagámoslo unidos.	https://twitter.com/alferdez/status/1362218029942272001	[]
alferdez	Thu Feb 18 01:51:01 +0000 2021	2334	390	Por eso les pedí hoy a los gobernadores y las gobernadoras de nuestro país que avancemos en la creación del Consejo Federal para la Prevención y Abordaje de Femicidios, Travesticidios y Transfemicidios, para que el Estado esté más cerca de quienes están en riesgo. https://t.co/BAJgJyr6U3	https://twitter.com/alferdez/status/1362218027782144000	[]
alferdez	Thu Feb 18 01:51:00 +0000 2021	8050	1143	Recibí a Patricia y Adolfo, padres de Úrsula Bahillo, cuyo femicidio demostró hasta dónde la violencia machista penetra y anida en las instituciones del Estado. Se trata de una urgencia ante la cual las autoridades debemos actuar con firmeza, celeridad y decisión política. https://t.co/cBZqHrI6mR	https://twitter.com/alferdez/status/1362218025357877248	[]
alferdez	Mon Feb 15 22:35:44 +0000 2021	7543	2428	Preservar la institucionalidad en Latinoamérica debe ser prioridad de todos los gobiernos democráticos de la región. Garanticemos que los pueblos decidan sin interferencias externas de ningún tipo. El único protagonista del balotage en Ecuador debe ser el pueblo ecuatoriano. https://t.co/gUoSia24oF	https://twitter.com/alferdez/status/1361444107739136001	[]
alferdez	Sun Feb 14 18:40:19 +0000 2021	1349	232	"Felicito a Mario Draghi, flamante Presidente del Consejo de Ministros de Italia, y agradezco a @GiuseppeConteIT su apoyo a la Argentina ante el FMI y el Club de París.

Bajo el liderazgo italiano del G20 trabajaremos juntos en la construcción de sociedades más justas. https://t.co/rvJMsnMXqS"	https://twitter.com/alferdez/status/1361022475816075272	[]
alferdez	Sun Feb 14 15:16:54 +0000 2021	12596	1721	Con profundo pesar supe de la muerte de Carlos Saúl Menem. Siempre elegido en democracia, fue gobernador de La Rioja, Presidente de la Nación y Senador Nacional. En dictadura fue perseguido y encarcelado. Vaya todo mi cariño a Zulema, a Zulemita y a todos los que hoy lo lloran. https://t.co/m3zYdQV781	https://twitter.com/alferdez/status/1360971282456731657	[]
alferdez	Sat Feb 13 17:05:24 +0000 2021	4253	1200	"Es muy difícil hacer una mejor democracia y una República más sólida con jueces que acuden en socorro de sus mandantes políticos o corporativos. 
Es imperioso abordar cambios que le devuelvan a la Justicia el prestigio que unos pocos jueces y fiscales le han hecho perder. https://t.co/9nOj4xPtxN"	https://twitter.com/alferdez/status/1360636202475548674	[]
alferdez	Sat Feb 13 13:46:22 +0000 2021	1020	175	Para poner fin a estos hechos aberrantes necesitamos llevar adelante estrategias coordinadas entre el Gobierno nacional, las provincias y los municipios de la Argentina, que ayuden a prevenir e identificar situaciones de riesgo y garantizar un Estado que responda con celeridad.	https://twitter.com/alferdez/status/1360586113845522435	[]
alferdez	Sat Feb 13 13:46:22 +0000 2021	3443	708	Con la convicción política de dar respuesta ante los hechos de violencia extrema contra mujeres y LGBTI, con @EliGAlcorta, @mmlosardo, @VilmaIbarraL y @SabinaFrederic trabajamos en la creación del Consejo Federal para el Abordaje de Femicidios, Travesticidios y Transfemicidios. https://t.co/e3kRXgtW8v	https://twitter.com/alferdez/status/1360586111895171072	[]
alferdez	Sat Feb 13 00:32:09 +0000 2021	3827	927	Hay dos modelos de país y cada modelo puede construir sociedades muy diferentes. Nosotros queremos una sociedad más equilibrada con más justicia social. Otros piensan el país para unos pocos mientras millones padecen. @matiastombolini te lo explica muy claramente. https://t.co/2jfJBa3dVS	https://twitter.com/alferdez/status/1360386240948936705	[]
alferdez	Fri Feb 12 17:08:52 +0000 2021	5541	598	"Le deseo un feliz año nuevo a todo el pueblo de la República Popular China y, en especial, a quienes residen en nuestro país y nos enriquecen con su cultura. Que el año del buey traiga prosperidad y trabajo para todos y todas.

#AñoNuevoChino 
🇦🇷🇨🇳"	https://twitter.com/alferdez/status/1360274685875822602	[{'text': 'AñoNuevoChino', 'indices': [228, 242]}]
alferdez	Fri Feb 12 16:36:22 +0000 2021	570	144	"La presencialidad cuidada debe ser un compromiso de docentes, alumnos, padres y todos los integrantes de nuestra comunidad educativa, para que el regreso a las aulas no implique un riesgo para toda la sociedad. 

Sin salud no hay presente y sin educación no hay futuro."	https://twitter.com/alferdez/status/1360266508555988994	[]
alferdez	Fri Feb 12 16:36:22 +0000 2021	1180	318	En la reunión del Consejo Federal de Educación analizamos junto al ministro @trottanico los protocolos para poder cumplir con nuestro compromiso de regreso a las clases presenciales de manera cuidada, a partir de la semana próxima, en distintas jurisdicciones de todo el país. https://t.co/X5hVxrFmmh	https://twitter.com/alferdez/status/1360266505624178688	[]
alferdez	Fri Feb 12 00:31:47 +0000 2021	1519	287	"Hoy me reuní con la diputada nacional @flalomorales. Analizamos el devenir de la educación en la pandemia y como evolucionan distintos desarrollos informáticos en el país y particularmente en su amada Misiones. 
Gracias por tanto esfuerzo y compromiso por hacer un país mejor. https://t.co/fV33lCGPko"	https://twitter.com/alferdez/status/1360023762608021506	[]
alferdez	Thu Feb 11 16:56:23 +0000 2021	6785	1053	"En el Día Internacional de la Mujer y la Niña en la Ciencia, la matemática argentina Alicia Dickenstein, docente de la UBA e investigadora superior del Conicet, obtuvo el premio L'Oréal-Unesco por las Mujeres en la Ciencia. Es un enorme orgullo para el país.

¡Felicitaciones! https://t.co/IiK1oEoksp"	https://twitter.com/alferdez/status/1359909156757594112	[]
alferdez	Thu Feb 11 02:43:59 +0000 2021	1040	187	Desde el primer día dijimos que la pandemia nos pondría a prueba como sociedad. Estamos ante el desafío de garantizar una ganancia a quien produce, pero protegiendo a los más vulnerables. Todos debemos trabajar sin egoísmos priorizando el interés colectivo.	https://twitter.com/alferdez/status/1359694643533856773	[]
alferdez	Thu Feb 11 02:43:59 +0000 2021	934	166	Tuvimos un diálogo constructivo, en el que manifestaron su voluntad de trabajar juntos para revisar los precios de la cadena de producción. Todos queremos encontrar una solución consensuada para evitar que suban los alimentos ligados a la producción agrícola y ganadera.	https://twitter.com/alferdez/status/1359694642086875138	[]
alferdez	Thu Feb 11 02:43:58 +0000 2021	2651	538	Hoy nos reunimos con la Mesa de Enlace del sector agropecuario. Abordamos el problema de la inflación de los alimentos y acordamos buscar un camino para que la suba de los precios internacionales no afecte a los precios internos en desmedro de millones de argentinos y argentinas. https://t.co/X3cUuQPKBT	https://twitter.com/alferdez/status/1359694639968747523	[]
alferdez	Tue Feb 09 21:26:21 +0000 2021	2378	460	"Para eso tenemos que unir esfuerzos los que producen, los que trabajan y el Estado, y darnos cuenta de que tenemos una sola tarea, que es la tarea central de la política: que la gente pueda vivir tranquila.

Los que queremos una Argentina igualitaria somos muchos más."	https://twitter.com/alferdez/status/1359252321142734853	[]
alferdez	Tue Feb 09 21:26:21 +0000 2021	2321	465	Y cuando hablamos de cuidar la mesa de los argentinos no es para confrontar con un sector, es porque creemos que vivimos en una sociedad que es capaz de contemplar la experiencia y entender que no puede tropezarse una y otra vez con la misma piedra.	https://twitter.com/alferdez/status/1359252319582494724	[]
alferdez	Tue Feb 09 21:26:20 +0000 2021	9893	1869	Nosotros no somos los que creemos que la mejor Argentina es la que excluye y ajusta, nosotros creemos que la mejor Argentina es la que ampara, contiene a todos y les da lugar para desarrollarse, producir, dar trabajo y crecer. Eso es integrar el país. https://t.co/6V3QM4ZQ3T	https://twitter.com/alferdez/status/1359252316499677185	[]
alferdez	Mon Feb 08 18:30:50 +0000 2021	7175	1456	"Este mediodía mantuve una videoconferencia con directivos de Whirlpool, que invertirá U$S 40 millones para desarrollar una nueva planta en Argentina que generará 1000 nuevos puestos de trabajo entre directos e indirectos. 
La industria será el motor de la reconstrucción del país. https://t.co/lXi3gkv9NT"	https://twitter.com/alferdez/status/1358845761434353664	[]
alferdez	Sat Feb 06 00:19:46 +0000 2021	597	128	Con el presidente compartimos nuestra preocupación sobre este tema y también sobre el problema que el endeudamiento externo significa para los Estados nacionales en este contexto de pandemia, por eso acordamos plantear conjuntamente estas cuestiones ante el G20.	https://twitter.com/alferdez/status/1357846408804630529	[]
alferdez	Sat Feb 06 00:19:45 +0000 2021	691	141	Además, intercambiamos opiniones sobre la situación del Covid-19 en el mundo y coincidimos en que es imperioso aumentar la producción de vacunas, como un bien universal sin propiedad intelectual, para garantizar su acceso equitativo a los países en desarrollo.	https://twitter.com/alferdez/status/1357846407378587652	[]
alferdez	Sat Feb 06 00:19:45 +0000 2021	3948	621	El respaldo de Francia fue fundamental para el acuerdo que alcanzamos con los acreedores privados el año pasado, por eso quise expresarle hoy mi gratitud al presidente @EmmanuelMacron, que también comprometió su apoyo a la Argentina en las negociaciones con el FMI. https://t.co/iSGY2CjTPt	https://twitter.com/alferdez/status/1357846404845211649	[]
alferdez	Sat Feb 06 00:05:32 +0000 2021	1080	146	Además de la camiseta de la Selección, las autoridades de la FIBA y la CABB me obsequiaron una réplica de la pelota utilizada en la final de Atenas 2004, en la que Argentina obtuvo la medalla de oro, y la planilla oficial de ese partido, un hito histórico del deporte nacional. https://t.co/UWRUBOTNje	https://twitter.com/alferdez/status/1357842830190923783	[]
alferdez	Sat Feb 06 00:05:28 +0000 2021	2806	393	Recibí este mediodía a las máximas autoridades del básquet internacional y local, con motivo de la final de la Copa Intercontinental de la FIBA entre Quimsa de Santiago del Estero y San Pablo Burgos de España, que se llevará a cabo mañana en nuestro país después de 24 años. https://t.co/DbhBsaHojn	https://twitter.com/alferdez/status/1357842812423831553	[]
alferdez	Fri Feb 05 15:54:56 +0000 2021	1790	427	Celebro que en pleno funcionamiento de paritarias libres, bancarios y bancarias bajo el liderazgo de @SergioOPalazzo hayan logrado un acuerdo que no sólo atiende aspectos salariales ventajosos, sino que ofrece un enorme avance en materia de derechos vinculados al género. https://t.co/F3ScVnhPlg	https://twitter.com/alferdez/status/1357719364326326274	[]
alferdez	Thu Feb 04 21:23:45 +0000 2021	4320	894	"Hoy recorrí en Pilar las instalaciones del laboratorio Richmond, que invertirá U$S 80 millones para ampliar su capacidad científica local.

La pandemia nos demostró la importancia de invertir en ciencia y tecnología, por eso esta decisión es una gran noticia para el país. https://t.co/Ek0iTgL0mP"	https://twitter.com/alferdez/status/1357439726060470274	[]
alferdez	Thu Feb 04 16:41:10 +0000 2021	1175	332	"Ayer recibí a representantes y trabajadores de @La_Coopi
Me preocupa la situación que enfrentan. Confío en que junto al gobierno municipal y provincial encuentren una solución.  
En pandemia, debemos preservar el buen servicio tanto como la continuidad de cada puesto de trabajo. https://t.co/8paCpy3Nk5"	https://twitter.com/alferdez/status/1357368610654744580	[]
alferdez	Wed Feb 03 16:58:36 +0000 2021	2603	516	Esta mañana mantuve una reunión virtual con el primer ministro de Portugal, @antoniocostapm, en la que conversamos sobre la marcha del acuerdo Mercosur-Unión Europea, una herramienta fundamental para afrontar los desafíos que nos deja la pandemia. https://t.co/qgUqUzcntl	https://twitter.com/alferdez/status/1357010612178608129	[]
alferdez	Tue Feb 02 20:48:49 +0000 2021	4271	664	Sobre este punto, el presidente aseguró que el instituto Gamaleya y los laboratorios fabricantes están aumentando la producción para que nuestro país reciba la cantidad acordada, y manifestó su aprecio por la forma en que los argentinos y las argentinas recibieron la vacuna.	https://twitter.com/alferdez/status/1356706160758444037	[]
alferdez	Tue Feb 02 20:48:49 +0000 2021	12680	2099	Este mediodía mantuve un muy buen diálogo con el presidente de la Federación Rusa, Vladimir Putin. Conversamos sobre la negociación que nuestro país mantiene con el FMI y, en especial, sobre la provisión de vacunas Sputnik V a la Argentina, que es hoy nuestra prioridad. https://t.co/96gsGdBsjM	https://twitter.com/alferdez/status/1356706158304722947	[]
alferdez	Sat Jan 30 20:20:48 +0000 2021	8226	2833	"Seguimos con especial atención el proceso electoral de Ecuador que debe culminar con las elecciones del próximo día 7 de febrero.
Esperamos que el trabajo @cnegobec sea correcto, que el veredicto popular se respete y que así se fortalezca la democracia ecuatoriana. https://t.co/JMBqw4o3QF"	https://twitter.com/alferdez/status/1355611943910969345	[]
alferdez	Fri Jan 29 23:42:31 +0000 2021	655	138	Actualmente dirige el Centro Internacional de Estudios Políticos de la @unsamoficial y preside el @gchumanrights, una iniciativa regional y global conformada por una extensa red académica, compuesta por universidades y centros de estudios de todo el mundo.	https://twitter.com/alferdez/status/1355300321262772227	[]
alferdez	Fri Jan 29 23:42:31 +0000 2021	735	147	Gómez es una prestigiosa jurista egresada de la @UBAonline y especializada en derecho internacional, con singular experiencia en el sistema interamericano de protección de los derechos humanos. Además obtuvo un Master of Laws en derecho internacional en la @UniofNottingham.	https://twitter.com/alferdez/status/1355300319945744391	[]
alferdez	Fri Jan 29 23:42:30 +0000 2021	3359	561	Hoy recibí a Veronica Gómez, la jurista que Argentina propone para ocupar el lugar que dejará vacante nuestro querido y respetado Eugenio Raúl Zaffaroni en la @CorteIDH. https://t.co/xoOgok3ngK	https://twitter.com/alferdez/status/1355300317819269122	[]
alferdez	Thu Jan 28 23:24:53 +0000 2021	3302	524	Nos dejó el enorme César Isella, un artista comprometido y talentoso como pocos, autor de himnos de la música latinoamericana que quedarán siempre en nuestra memoria. Mis condolencias a sus familiares y seres queridos. https://t.co/nbN6nuykJW	https://twitter.com/alferdez/status/1354933494888148995	[]
alferdez	Thu Jan 28 22:18:20 +0000 2021	847	178	"Podemos ser meros observadores de un mundo desigual o actuar con valentía y decidir ser protagonistas en la tarea de sentar las nuevas bases para un enfoque innovador, hacia un desarrollo sustentable e inclusivo.

De esta pandemia debe nacer un mundo mejor."	https://twitter.com/alferdez/status/1354916746772303873	[]
alferdez	Thu Jan 28 22:18:19 +0000 2021	751	162	Para eso es necesario vincular el multilateralismo con un concepto de multisolidaridad que involucre a estados, empresas y también a trabajadores. Es la responsabilidad política, social, ética y ambiental de nuestra generación.	https://twitter.com/alferdez/status/1354916745136451591	[]
alferdez	Thu Jan 28 22:18:19 +0000 2021	3165	727	"La pandemia no es un accidente de la historia. Es un llamado de atención para edificar una casa común con otros cimientos. La fraternidad debe ser el nuevo nombre del desarrollo y la solidaridad el nuevo nombre de la paz social.

https://t.co/6O3sYzOm8a https://t.co/zbynKUQcv5"	https://twitter.com/alferdez/status/1354916742456369153	[]
alferdez	Thu Jan 28 00:30:59 +0000 2021	1805	305	"En esta fecha, recordar el horror del Holocausto nos convoca a luchar tempranamente contra cualquier acto de intolerancia o discriminación, en cualquier parte del mundo, que pueda ser germen de los terribles hechos que ya experimentamos.

#Recordamos
#WeRemember https://t.co/gqnAr4y3PE"	https://twitter.com/alferdez/status/1354587744618639361	[{'text': 'Recordamos', 'indices': [239, 250]}, {'text': 'WeRemember', 'indices': [251, 262]}]
alferdez	Thu Jan 28 00:18:13 +0000 2021	3208	603	"La pandemia dejó al descubierto la insuficiencia de un sistema. Ahora tenemos la oportunidad de cambiar las lógicas para que el mundo que viene sea más justo y más igualitario. Y América Latina, unida, debe ser protagonista de ese futuro.

Gracias @cepal_onu por la invitación. https://t.co/KRqSntMNiS"	https://twitter.com/alferdez/status/1354584530691239942	[]
alferdez	Wed Jan 27 01:47:11 +0000 2021	4579	747	"Perón decía que este siglo nos encontraría unidos o dominados. Argentina y Chile son países indisolublemente hermanados, como debe estar toda América Latina para salir juntos de esta pandemia.

Gracias al presidente @sebastianpinera y al pueblo chileno por el cálido recibimiento. https://t.co/LCveyXKQjq"	https://twitter.com/alferdez/status/1354244531739353089	[]
alferdez	Tue Jan 26 00:04:03 +0000 2021	8800	1090	Mantuve una muy buena conversación con la canciller de Alemania, Angela Merkel. Hablamos de profundizar el vínculo entre nuestros países y entre América Latina y la Unión Europea. Le agradecí su respaldo en las negociaciones con el FMI, que es muy importante para la Argentina. https://t.co/Q5FivZDV7L	https://twitter.com/alferdez/status/1353856189470306304	[]
alferdez	Mon Jan 25 02:42:44 +0000 2021	18365	4393	"Con sincero pesar recibí la noticia del contagio de COVID-19 de nuestro querido Andres Manuel @lopezobrador_ 
Deseamos que pronto se recupere. Sé que su pueblo lo necesita y que America Latina lo acompaña en este tiempo difícil que nos toca vivir. https://t.co/raBx2UcKg1"	https://twitter.com/alferdez/status/1353533736411947009	[]
alferdez	Sun Jan 24 00:09:08 +0000 2021	13992	1015	"¡Felicitaciones a @ClubDefensayJus y a todo el pueblo de Florencio Varela por la obtención de la Copa Sudamericana!

Mi abrazo y reconocimiento a los jugadores por el gran torneo que hicieron, y en especial al querido Hernán @Crespo que tantas alegrías nos dio a los argentinos. https://t.co/c7TFp5Nfmw"	https://twitter.com/alferdez/status/1353132691441524738	[]
alferdez	Sat Jan 23 22:40:30 +0000 2021	12332	1168	"En memoria de Luis Alberto Spinetta los argentinos celebramos hoy el Día del Músico. 

Él, y tantos más, han musicalizado momentos de nuestras vidas y con ese arte nos han alimentado el alma. Mi gratitud eterna por tanto arte que brindan y han brindado. 

https://t.co/cdjnml0iop https://t.co/CZIb8m092q"	https://twitter.com/alferdez/status/1353110388670423041	[]
alferdez	Fri Jan 22 02:12:01 +0000 2021	4871	537	Con gran dolor supe del fallecimiento de mi amigo José Pampuro. Fue ministro de Defensa de Néstor Kirchner y acompañó a Cristina como senador en 2005. Pepe fue un hombre comprometido, que cultivó el diálogo y honró los lugares que ocupó en la función pública. Así será recordado. https://t.co/oMTPzSWTOa	https://twitter.com/alferdez/status/1352438843304194054	[]
alferdez	Thu Jan 21 18:41:36 +0000 2021	752	146	Además, compartimos nuestra intención de trabajar, desde lo que se espera sea un renovado multilateralismo, por una economía mundial más justa e inclusiva. Esa será la posición de la Argentina como miembro del G20 y del FMI.	https://twitter.com/alferdez/status/1352325488342151171	[]
alferdez	Thu Jan 21 18:41:35 +0000 2021	769	145	En ese sentido, remarcamos la importancia de la recuperación económica y de un orden fiscal consistente con ese crecimiento como condiciones necesarias para la estabilización. También coincidimos en que el programa debe tener una visión realista de cómo funciona nuestra economía.	https://twitter.com/alferdez/status/1352325487088050176	[]
alferdez	Thu Jan 21 18:41:35 +0000 2021	2650	499	Esta mañana mantuve una muy buena conversación con la directora gerente del Fondo Monetario, @KGeorgieva. Acordamos continuar trabajando en un programa diseñado y conducido por la Argentina, que cuente con el apoyo del organismo. https://t.co/uxacsRoim4	https://twitter.com/alferdez/status/1352325485099970561	[]
alferdez	Thu Jan 21 16:56:32 +0000 2021	44349	6877	"Hoy recibí la vacuna Sputnik V. Agradezco al instituto Gamaleya por su labor científica, a quienes trabajaron para que llegue a nosotros y a todo el personal de salud de nuestro país por su enorme compromiso.

Vacunarse sirve para ser inmunes frente al coronavirus. Hágamoslo. https://t.co/Eb21kQy25A"	https://twitter.com/alferdez/status/1352299049920172032	[]
alferdez	Wed Jan 20 21:02:09 +0000 2021	11602	1079	"Felicito a @JoeBiden por su investidura como presidente de los Estados Unidos y también a @KamalaHarris, la primera mujer en ocupar la vicepresidencia.

Estoy seguro de que en esta nueva etapa el vínculo entre nuestros países se fortalecerá. Les deseo a ambos mucha suerte. https://t.co/Jr2287Gbcl"	https://twitter.com/alferdez/status/1351998472149495812	[]
alferdez	Wed Jan 20 03:11:55 +0000 2021	9653	1053	"El federalismo vuelve a suceder.

¡Gracias, Chilecito! https://t.co/oTKxAs6Kdr"	https://twitter.com/alferdez/status/1351729141603840000	[]
alferdez	Tue Jan 19 21:55:14 +0000 2021	7494	1159	"Quise venir a San Juan para estar cerca de quienes más sufrieron el temblor, y que tengan la certeza de que junto al gobernador @sergiounac vamos a ayudarlos a reconstruir sus viviendas y a recomponerse de lo ocurrido.

En la emergencia también se construye federalismo. https://t.co/pjfzV95se0"	https://twitter.com/alferdez/status/1351649444186501120	[]
alferdez	Sun Jan 17 17:02:32 +0000 2021	102	41	@lilygabet @BUruetta https://t.co/Gc2qhUwt4c	https://twitter.com/alferdez/status/1350851007144751108	[]
alferdez	Sun Jan 17 16:59:06 +0000 2021	115	38	@lilygabet @BUruetta Para que no te equivoques. Gracias. https://t.co/mGxgxDR6Eb	https://twitter.com/alferdez/status/1350850145127194629	[]
alferdez	Thu Jan 14 23:59:57 +0000 2021	16719	2644	"Hoy ampliamos la capacidad de decidir de las mujeres y con ello estamos haciendo una sociedad un poco más igualitaria. Eso lo hicimos entre todos y todas.

A partir de hoy la sociedad es mejor.

#EsLey https://t.co/H7pAXmB9fW"	https://twitter.com/alferdez/status/1349868890302664707	[{'text': 'EsLey', 'indices': [195, 201]}]
alferdez	Wed Jan 13 19:15:48 +0000 2021	5388	1151	"A partir de este año la autopartista metalúrgica Maro SA comenzará a fabricar las líneas de soldadura robotizada para la nueva Volkswagen Taos.

Que Volkswagen siga apostando a la Argentina y que sus autos tengan cada vez más componentes argentinos es una buena noticia. https://t.co/0YSIJVunMn"	https://twitter.com/alferdez/status/1349434993450352641	[]
alferdez	Mon Jan 11 19:33:40 +0000 2021	11182	1773	"Este mediodía recorrí las instalaciones de @inmunova en el campus de la @unsamoficial, donde se desarrolló el suero hiperinmune anti Covid-19.

Se trata de un enorme logro de la ciencia argentina, que demuestra además la importancia de la articulación público-privada. https://t.co/TVuTQdDiyX"	https://twitter.com/alferdez/status/1348714713404866560	[]
alferdez	Sun Jan 10 21:47:11 +0000 2021	3791	689	"El sueño de Perla era trabajar cuidando y acompañando a otras personas. Gracias al esfuerzo de sus padres y al apoyo de la Asignación Universal por Hijo, hoy es estudiante de enfermería de la Universidad Nacional de Avellaneda.

Perla, gracias por elegir cuidarnos. https://t.co/tphcCkC5ni"	https://twitter.com/alferdez/status/1348385927719251969	[]
alferdez	Sun Jan 10 02:35:34 +0000 2021	6	1	@anitepuen 😔	https://twitter.com/alferdez/status/1348096115053371392	[]
alferdez	Sat Jan 09 22:55:32 +0000 2021	6003	929	"Él es @dylanviolinista. A los 6 años soñaba con tocar el violín y así poder ayudar a su familia. Hoy ese sueño es una realidad.

Como Dylan, millones de chicos y chicas de toda la Argentina pueden concretar sus proyectos de vida con el apoyo de la Asignación Universal por Hijo. https://t.co/mGrXZOJaHD"	https://twitter.com/alferdez/status/1348040739356291072	[]
alferdez	Wed Jan 06 23:03:54 +0000 2021	26873	3843	Manifestamos nuestro repudio a los graves hechos de violencia y el atropello al Congreso ocurridos hoy en Washington DC. Confiamos en que habrá una transición pacífica que respete la voluntad popular y expresamos nuestro más firme respaldo al Presidente electo @JoeBiden. https://t.co/HRbBxsOl9z	https://twitter.com/alferdez/status/1346955683204390916	[]
alferdez	Mon Jan 04 19:36:42 +0000 2021	4137	872	"Hoy pusimos en marcha en 16 provincias las primeras 30 obras públicas de este 2021, que esperamos que sea el año en que la Argentina se ponga definitivamente de pie.

Para eso es importante que el Estado impulse obras que integren al país y desarrollen la economía. https://t.co/afq5Ct28LF"	https://twitter.com/alferdez/status/1346178761146966016	[]
alferdez	Sun Jan 03 18:52:41 +0000 2021	6217	1129	"Hoy promulgamos la Ley de Movilidad Jubilatoria, que prevé aumentos trimestrales para que los jubilados tengan previsión en sus ingresos.

Estamos convencidos de que el Estado debe estar presente para reparar las inequidades que ha generado el mercado. Y esta es una de ellas. https://t.co/0phFtq5Xjj"	https://twitter.com/alferdez/status/1345805299316359170	[]
alferdez	Fri Jan 01 02:32:54 +0000 2021	17233	2727	"Hace un año no imaginábamos lo que iba a ser el 2020. Pero a pesar de todo logramos cosas que nos parecían imposibles. Y lo hicimos unidos. 

Que esa unidad sea el motor de la reconstrucción del país en 2021.

Feliz Año Nuevo para todos y todas. https://t.co/ecrU9uvnbr"	https://twitter.com/alferdez/status/1344833951790231553	[]
alferdez	Wed Dec 30 07:55:52 +0000 2020	200536	36230	"El aborto seguro, legal y gratuito es ley.
A ello me comprometí que fuera en los días de campaña electoral. 
Hoy somos una sociedad mejor que amplía derechos a las mujeres y garantiza la salud pública. 
Recuperar el valor de la palabra empeñada. Compromiso de la política. https://t.co/cZRy179Zrj"	https://twitter.com/alferdez/status/1344190452149456898	[]
alferdez	Mon Dec 28 18:42:27 +0000 2020	3231	593	"Durante esta pandemia el Barrio Azul fue un emblema de lo que genera la ausencia y la presencia del Estado.

Nosotros no queremos dividir la suerte de los argentinos según el gobernante que les toque. Queremos una Argentina que garantice condiciones de desarrollo para todos. https://t.co/KAUD23l64B"	https://twitter.com/alferdez/status/1343628396379648002	[]
alferdez	Sun Dec 27 00:12:17 +0000 2020	18086	3580	"Las dosis de la vacuna Sputnik V que llegaron de Rusia estarán disponibles en cada provincia y el martes 29 a las 9 comenzará la vacunación simultánea en todo el país.

Seguimos trabajando unidos, porque nuestra única preocupación es la salud de los argentinos y las argentinas. https://t.co/NchcyE3iVz"	https://twitter.com/alferdez/status/1342986626813845505	[]
alferdez	Fri Dec 25 01:42:00 +0000 2020	5216	761	"En esta tarde tan especial estuvimos en el hogar “Ángel Azul” de Las Tahonas, Punta Indio, donde Elena contiene y brinda amor a chicos en guarda judicial.

Que esta Navidad el amor al prójimo se imponga por sobre todo lo demás.

Felicidades a todos y a todas. https://t.co/b6y5u2u4g5"	https://twitter.com/alferdez/status/1342284429079818240	[]
alferdez	Thu Dec 24 23:50:05 +0000 2020	4151	852	Muchas gracias a los amigos de @OkSucesos. Maravillosas imágenes de un esfuerzo de muchos. https://t.co/OUybTtW0Rf	https://twitter.com/alferdez/status/1342256263477006337	[]
alferdez	Thu Dec 24 18:16:03 +0000 2020	6335	934	"Ahora comienza la campaña de vacunación más grande de nuestra historia, en la que el personal de salud volverá a ser fundamental.

Esta noche, cuando brindemos, hagámoslo por ellos y por los que ya no están. Y cuidémonos, que es lo más importante.

Feliz Navidad."	https://twitter.com/alferdez/status/1342172198790901760	[]
alferdez	Thu Dec 24 18:15:48 +0000 2020	4571	600	Extiendo mi agradecimiento a @cecilianicolini y @carlavizzotti por ponerse al hombro las gestiones, al personal de @Aerolineas_AR por el compromiso, a @ginesggarcia por el trabajo silencioso de cada día y a todo el pueblo argentino por el esfuerzo que hizo este año tan difícil.	https://twitter.com/alferdez/status/1342172135251447809	[]
alferdez	Thu Dec 24 18:14:14 +0000 2020	18057	3665	"Argentina ya tiene vacuna contra el Covid-19. Nuestra sincera gratitud con @sputnikvaccine y con el presidente Vladimir Putin por el compromiso que han demostrado con nuestro país.

Se abre un camino de esperanza, pero la pandemia aun no ha terminado. Debemos seguir cuidándonos. https://t.co/M76AohCU99"	https://twitter.com/alferdez/status/1342171742937239559	[]
alferdez	Wed Dec 23 19:10:34 +0000 2020	829	179	Junto a Anabel asumieron como Vicepresidentes los compañeros @MatiasStevanato y @MartinAveiro, intendentes de Maipú y Tunuyan respectivamente. Confío en que trabajando unidos garanticen a mendocinos y mendocinas las mejores condiciones de vida y progreso que sin dudas merecen. https://t.co/YENfXtI94q	https://twitter.com/alferdez/status/1341823532062437376	[]
alferdez	Wed Dec 23 19:10:32 +0000 2020	4623	707	"Hoy asumió la presidencia del Partido Justicialista de Mendoza, mi querida amiga, la senadora @anabelfsagasti.
El peronismo reclama de la honestidad, la fuerza y las convicciones de personas como ella para poner de pie a nuestra querida Argentina. https://t.co/gr8s4VwixC"	https://twitter.com/alferdez/status/1341823524927918081	[]
alferdez	Wed Dec 23 18:50:43 +0000 2020	2571	471	"Hoy inauguramos el Hospital Penitenciario en la Unidad 58 de Lomas de Zamora y culminamos el Plan de Infraestructura Penitenciaria Provincial.

“Las cárceles serán sanas y limpias”, dice la Constitución. Es una postura ética: nadie se reintegra socialmente si se lo abandona. https://t.co/SlcOycvZ8V"	https://twitter.com/alferdez/status/1341818537317380098	[]
alferdez	Tue Dec 22 22:02:01 +0000 2020	2580	475	"La modernización del aeropuerto de Concordia, en Entre Ríos, significa promover un polo de desarrollo que potencie la producción y genere más empleo para la provincia y la región. 

Esto es el verdadero federalismo: que todos y todas, en cada rincón de la patria, vivan mejor. https://t.co/9pTnNqKGv1"	https://twitter.com/alferdez/status/1341504292189057025	[]
alferdez	Mon Dec 21 23:30:57 +0000 2020	758	144	Cuidar y hacer crecer a Tierra del Fuego, como a cada rincón de la Argentina, es un objetivo que nos propusimos el 10 de diciembre de 2019, cuando nuestro país volvió a apostar por la industria nacional y el trabajo. Ese es el compromiso que asumí con cada argentino y argentina.	https://twitter.com/alferdez/status/1341164282344591360	[]
alferdez	Mon Dec 21 23:30:56 +0000 2020	2068	405	Los fueguinos y las fueguinas merecen poder trabajar y desarrollarse en el mismo lugar donde nacieron y donde eligieron vivir. Por eso priorizar el bienestar de esta provincia industrial es primordial para construir su futuro con esperanza y dignidad. https://t.co/CyGyrXbjDQ	https://twitter.com/alferdez/status/1341164279525994502	[]
alferdez	Mon Dec 21 18:49:31 +0000 2020	3834	742	"Cumpliendo con nuestro compromiso de crear capitales alternativas en toda la Argentina, hoy tuvimos el primer encuentro del gabinete federal en Tierra del Fuego, un símbolo de nuestra soberanía.

Una Argentina verdaderamente federal es posible y hemos empezado a construirla. https://t.co/b0KuUGLFXP"	https://twitter.com/alferdez/status/1341093457880821763	[]
alferdez	Sun Dec 20 16:34:22 +0000 2020	267	14	@Danielavidela18 Feliz cumple Daniela!!! Espero que tengas un lindo día. Un fuerte abrazo a la distancia.	https://twitter.com/alferdez/status/1340697057389101057	[]
alferdez	Sat Dec 19 04:11:23 +0000 2020	8798	1364	"Hace más de un año decidimos estar juntos. Y un año después estamos tan juntos como siempre y convencidos de lo que hay que hacer.

Vamos a poner a la Argentina de pie y vamos a reconstruir este país, porque todavía está pendiente la Argentina que nos merecemos. https://t.co/PFgFxXgJ1e"	https://twitter.com/alferdez/status/1340147692878647296	[]
alferdez	Wed Dec 16 20:37:43 +0000 2020	3749	660	"La Argentina recibió hoy de Uruguay la presidencia pro tempore del @mercosur, que es el proyecto político regional más importante para nuestro país.

Necesitamos más y mejor Mercosur para que la recuperación económica después de la pandemia sea sostenible e inclusiva. https://t.co/qnWQseTFLo"	https://twitter.com/alferdez/status/1339308749924806660	[]
alferdez	Wed Dec 16 00:42:38 +0000 2020	7354	1273	"Hace 15 años, Néstor Kirchner anunciaba el plan de desendeudamiento con el Fondo Monetario Internacional. 

Fue, como dijo él, el día que empezamos a recuperar el esfuerzo de los argentinos. Por mandato popular, por comprensión histórica y por decisión política. https://t.co/tZB6najNDi"	https://twitter.com/alferdez/status/1339007995263463425	[]
alferdez	Tue Dec 15 01:43:46 +0000 2020	6983	1144	"Este mediodía visité la cooperativa Cimarrón, en La Matanza, que fabrica mates, bombillas y otros artículos de bazar y cuenta con 45 trabajadores, de los cuales la mitad son personas que estuvieron privadas de su libertad.

Educación y trabajo. Ese es el camino de la libertad. https://t.co/uCmoqKRnhZ"	https://twitter.com/alferdez/status/1338660992742535172	[]
alferdez	Mon Dec 14 22:48:32 +0000 2020	2292	398	"Hoy entregamos los premios Houssay y Sábato, además de la distinción de Investigador de la Nación, a las mujeres y los hombres que más se destacaron en el ámbito científico este año.

La ciencia es una semilla de riqueza que se siembra para el futuro de la Argentina. https://t.co/zmhyjanCmb"	https://twitter.com/alferdez/status/1338616892374867968	[]
alferdez	Sun Dec 13 21:13:40 +0000 2020	9291	1436	"Mi querido amigo @evoespueblo tuvo la generosidad de hacer pública su gratitud por el cobijo que los argentinos le dimos en los días de su exilio. 
Nuestro compromiso con la democracia del continente es inalterable.
Gracias Evo por hacernos sentir tu enorme dimensión humana! https://t.co/NW1rqqiFX0"	https://twitter.com/alferdez/status/1338230633013923840	[]
alferdez	Fri Dec 11 00:52:18 +0000 2020	8045	879	Hoy es el Día de la Democracia y los Derechos Humanos y también celebramos nuestro primer año junto a @CFKArgentina. Y lo hicimos con el honor de entregar los premios Azucena Villaflor a mujeres y hombres que lucharon toda su vida por la memoria, la verdad y la justicia. https://t.co/ZHrZV3qH7P	https://twitter.com/alferdez/status/1337198488489254913	[]
alferdez	Thu Dec 10 21:44:51 +0000 2020	2762	485	"Recibí el informe final del Consejo Consultivo para el Fortalecimiento del Poder Judicial y del Ministerio Público, un trabajo minucioso que respeta la diversidad de ideas que el tema demanda.

La Argentina merece una mejor Justicia y este es un paso muy importante para lograrla. https://t.co/e3Zzzsx2dx"	https://twitter.com/alferdez/status/1337151317094133762	[]
alferdez	Thu Dec 10 19:01:26 +0000 2020	2312	318	"En cada Premio Nobel hay un modelo a seguir de vocación científica y cultural y de búsqueda de paz e igualdad.

Por eso me fue muy grato inaugurar hoy, junto a Adolfo Pérez Esquivel y Alberto Barbieri, la Casa de los Premios Nobel Latinoamericanos, nuestros ejemplos en el mundo. https://t.co/Npl4bmHFdV"	https://twitter.com/alferdez/status/1337110189409964033	[]
alferdez	Thu Dec 10 17:07:04 +0000 2020	1702	320	Con la vacuna vamos a dar inmunidad primero a quienes más riesgo tienen, pero no perdamos de vista que la pandemia sigue entre nosotros y, mientras tanto, debemos seguir cuidándonos y cuidando al resto.	https://twitter.com/alferdez/status/1337081409899524103	[]
alferdez	Thu Dec 10 17:07:04 +0000 2020	1602	295	No hemos resuelto el problema y, ante toda esta distensión social que vemos, les pedimos un llamado a la reflexión, porque el virus sigue circulando y el riesgo sigue potenciándose. Prestemos atención a lo que ocurre en otras partes del mundo.	https://twitter.com/alferdez/status/1337081408280551432	[]
alferdez	Thu Dec 10 17:07:03 +0000 2020	1075	205	Y a los argentinos y las argentinas les pido que entendamos que estas vacunas nos van a permitir inmunizar a personas de riesgo antes que a nadie, pero la vacuna no resuelve la pandemia.	https://twitter.com/alferdez/status/1337081406506360833	[]
alferdez	Thu Dec 10 17:07:03 +0000 2020	1252	235	Quiero agradecer al Fondo Soberano Ruso por la forma diligente en la que negoció con nosotros este acuerdo tan importante para la Argentina, y en especial al presidente Putin porque personalmente se ocupó de ayudar a que esto ocurra.	https://twitter.com/alferdez/status/1337081404967051264	[]
alferdez	Thu Dec 10 17:07:02 +0000 2020	1108	231	El contrato tiene, además, una preferencia en favor de Argentina para acceder a un lote extra de dosis para vacunar a 5 millones de personas más en marzo, por si el resto de las vacunas con las que tenemos contratos aun no estuvieran disponibles.	https://twitter.com/alferdez/status/1337081403268280321	[]
alferdez	Thu Dec 10 17:07:02 +0000 2020	1342	306	El primer envío será de 600 mil dosis que nos permitirán vacunar a 300 mil personas antes de fin de año. Luego, en enero llegarán dosis suficientes para vacunar a 5 millones de personas más y en febrero se completarán las dosis necesarias para vacunar a 10 millones de personas.	https://twitter.com/alferdez/status/1337081401238228999	[]
alferdez	Thu Dec 10 17:07:02 +0000 2020	14340	1975	Hemos suscrito el contrato con el Fondo Soberano de la Federación Rusa que nos garantiza que vamos a poder contar con las dosis suficientes para vacunar, entre enero y febrero, a diez millones de argentinos y argentinas. Es una gran noticia para nuestro país.	https://twitter.com/alferdez/status/1337081399388626944	[]
alferdez	Thu Dec 10 15:52:36 +0000 2020	5527	910	Gracias @AgenciaTelam. https://t.co/OwLyVKEuul	https://twitter.com/alferdez/status/1337062667576627200	[]
alferdez	Thu Dec 10 13:10:04 +0000 2020	2873	388	Muchas gracias mi querido Presidente @LuchoXBolivia. Más unidos que nunca haremos realidad nuestra Patria Grande. https://t.co/QQZ4KkrEMB	https://twitter.com/alferdez/status/1337021768289103872	[]
alferdez	Thu Dec 10 12:06:08 +0000 2020	9395	1877	"Aunque no lo elegimos, este es el tiempo que nos tocó. Por eso no hicimos todo lo que esperabas, pero sí hicimos lo que no podía esperar.

Ahora, unidos, reconstruyamos la Argentina entre todos y todas. https://t.co/TDo0bKFPIg"	https://twitter.com/alferdez/status/1337005678200807427	[]
alferdez	Thu Dec 10 02:25:22 +0000 2020	1931	221	Recibí en @CasaRosada al nuevo embajador en Italia, @robertinocarles, para conversar sobre la necesidad de profundizar el vínculo con ese país, con el que nos unen históricos lazos familiares y culturales. https://t.co/7rcINo1o8X	https://twitter.com/alferdez/status/1336859523546570752	[]
alferdez	Wed Dec 09 19:10:28 +0000 2020	2760	529	"Las 30 obras que inauguramos hoy en 12 provincias, con una inversión de $12.887 millones, son parte de las más de 700 que estamos haciendo en todo el país.

Nos propusimos hacer una Argentina más federal y en ese objetivo no vamos a claudicar.

#ReconstrucciónArgentina https://t.co/kjNioR6Jb5"	https://twitter.com/alferdez/status/1336750075893125120	[{'text': 'ReconstrucciónArgentina', 'indices': [245, 269]}]
alferdez	Wed Dec 09 17:38:37 +0000 2020	3156	697	Desde Ecuador llegan buenas noticias para la democracia de América Latina: el candidato @ecuarauz participará de las elecciones del 7 de febrero del año próximo. https://t.co/lyeLp2t0CX	https://twitter.com/alferdez/status/1336726962065248257	[]
alferdez	Wed Dec 09 15:09:04 +0000 2020	25661	1452	"Hoy tomé exámenes finales de Teoría General del Delito y Sistema de la Pena a mis alumnos y alumnas de la Facultad de Derecho de la UBA. 

Quiero agradecerles, a ellos y a todos los estudiantes y docentes del país, por el enorme esfuerzo que han hecho en este año tan difícil. https://t.co/0jqvw6ACxd"	https://twitter.com/alferdez/status/1336689325807988737	[]
alferdez	Tue Dec 08 22:45:35 +0000 2020	19195	1789	"Alejandro Sabella fue un hombre con dignidad, de convicciones y principios, y así se mostró en la cancha como jugador y como técnico.

Hoy se fue un verdadero maestro del fútbol. Mis condolencias a sus familiares y seres queridos. https://t.co/LELBZtE7m2"	https://twitter.com/alferdez/status/1336441823460532225	[]
alferdez	Sun Dec 06 14:21:38 +0000 2020	19834	2108	"Enorme dolor me causa el fallecimiento de mi muy querido Tabaré Vázquez. Fiel a sus convicciones, puso una bisagra permitiendo que el progresismo llegara al gobierno del Uruguay. 
Me sumo al pesar de ese pueblo que hoy lo llora y abrazo a sus seres queridos. https://t.co/Ie7oYrULDy"	https://twitter.com/alferdez/status/1335590225976979461	[]
alferdez	Fri Dec 04 21:08:54 +0000 2020	1750	400	"El Consenso Fiscal 2020 que firmamos hoy habla de la responsabilidad que debemos tener para seguir adelante y de cómo vamos a crecer.

Tenemos la oportunidad de construir nuestro propio destino trabajando juntos. Encaremos el futuro unidos. https://t.co/1hNA3JHU3S"	https://twitter.com/alferdez/status/1334967940773519365	[]
alferdez	Fri Dec 04 11:57:45 +0000 2020	3263	586	"Gracias al esfuerzo que hicimos todos y todas, la industria ya se está moviendo y la Argentina se está recuperando.

Es el momento de hacer otro país. Trabajemos juntos y hagámoslo. https://t.co/IOCzZtnEka"	https://twitter.com/alferdez/status/1334829242056577024	[]
alferdez	Thu Dec 03 19:09:31 +0000 2020	1673	366	"Syngenta y Sinograin Oils Corporation llegaron a un acuerdo para la venta a China de 1.2 millones de toneladas de soja de Argentina y Uruguay por más de U$S 500 millones.

Debemos ser capaces de pensar un mundo en conjunto y unir esfuerzos para construir la Argentina del futuro. https://t.co/lcMeLGRAUC"	https://twitter.com/alferdez/status/1334575508735004677	[]
alferdez	Thu Dec 03 18:57:29 +0000 2020	2697	445	"Visitamos en Venado Tuerto la planta de Corven Motors, que destinará $980 millones para la ampliación de su planta y la incorporación de una línea de montaje para iniciar la fabricación local de la marca Kawasaki.

Más producción y más trabajo para reconstruir la Argentina. https://t.co/XJMLiBUA7C"	https://twitter.com/alferdez/status/1334572482058199042	[]
alferdez	Thu Dec 03 14:56:48 +0000 2020	22207	2129	"Hicieron un esfuerzo enorme por los argentinos durante esta pandemia y dejaron todo por cuidarnos. En muchos casos incluso dieron su vida.

Los médicos y las médicas son un orgullo para la Argentina. En este día, mi más profundo reconocimiento a su compromiso y profesionalismo."	https://twitter.com/alferdez/status/1334511909954080770	[]
alferdez	Wed Dec 02 19:30:33 +0000 2020	3709	571	"YPF fue el motor del crecimiento de la Argentina y debemos recuperar su potencial para convertirla en la nave insignia de nuestro desarrollo y de nuestro futuro. 

Ese es el desafío que YPF tiene como empresa y el desafío que tenemos como país. https://t.co/fDcEjFk2Eu"	https://twitter.com/alferdez/status/1334218416400584705	[]
alferdez	Tue Dec 01 23:55:31 +0000 2020	898	133	En este tiempo es fundamental simplificar el acceso de las personas a los servicios financieros y promover la digitalización del dinero y la formalización de la economía. Es importante que el sistema financiero dé respuesta a algo que ocurre por fuera del mismo.	https://twitter.com/alferdez/status/1333922708162277378	[]
alferdez	Tue Dec 01 23:55:30 +0000 2020	2564	506	Directivos de los bancos públicos y privados más importantes del país me presentaron hoy la plataforma digital MODO, que permite realizar transferencias, pagos y compras en todos los comercios a través del celular. https://t.co/75fS1m8eHn	https://twitter.com/alferdez/status/1333922705440198662	[]
alferdez	Tue Dec 01 16:58:38 +0000 2020	7878	1322	"Recibí al presidente de Ford Argentina, Martín Galdeano, que anunció que la automotriz invertirá 580 millones de dólares para la fabricación local de la nueva Ranger.

Agradezco a la compañía por su confianza en el futuro de la Argentina. Si crece la industria, crece el país. https://t.co/SQAfKS2cSI"	https://twitter.com/alferdez/status/1333817795595956227	[]
alferdez	Tue Dec 01 01:51:48 +0000 2020	1555	253	"El encuentro entre Alfonsín y Sarney en Iguazú, en 1985, fue un paso clave para la integración continental. Hoy lo recordamos con el presidente @jairbolsonaro. 

Brasileños y argentinos debemos concentrarnos en nuestros puntos de acuerdo y que las divergencias no nos separen. https://t.co/wkgmnUdPEU"	https://twitter.com/alferdez/status/1333589583112658944	[]
alferdez	Tue Dec 01 00:13:30 +0000 2020	7484	723	Esta tarde mantuve una excelente conversación con el presidente electo de los Estados Unidos, @joebiden, cuyo triunfo significa una gran oportunidad para que ese país se reencuentre con América Latina. Tengo la seguridad de que haremos muchas cosas juntos. https://t.co/npJrd8CDjw	https://twitter.com/alferdez/status/1333564847926243329	[]
alferdez	Mon Nov 30 23:24:47 +0000 2020	741	130	Debemos entender que los destinatarios de todo lo que hacemos son los argentinos y las argentinas, y que si trabajamos mancomunadamente las posibilidades de salir adelante y de construir el futuro que nos merecemos son mucho mayores.	https://twitter.com/alferdez/status/1333552587208011776	[]
alferdez	Mon Nov 30 23:24:47 +0000 2020	817	137	Esa inversión nos va a permitir sustituir importaciones por casi 31 mil millones de metros cúbicos de gas, un ahorro de divisas de 9.300 millones de dólares en un país que pidió muchos dólares en los últimos cuatro años y dejó muy pocos en las arcas del Estado.	https://twitter.com/alferdez/status/1333552585790394370	[]
alferdez	Mon Nov 30 23:24:46 +0000 2020	2348	500	El Plan Gas 2020-2024, que anunciamos hoy con @Martin_M_Guzman y @dariomartinezpj, prevé una inversión de U$S 6.500 millones para el desarrollo de proyectos gasíferos que aumenten la producción, el empleo y las exportaciones y, a la par, reduzcan el costo de la energía. https://t.co/m3E4faJo12	https://twitter.com/alferdez/status/1333552582988587008	[]
alferdez	Sun Nov 29 23:17:57 +0000 2020	5905	1847	"No se construye democracia excluyendo a actores políticos. Eso es lo que ocurre con @ecuarauz en Ecuador, cuya inscripción como candidato presidencial se dilata sin razón.

Debemos garantizar que en América Latina el Estado de Derecho funcione plenamente. https://t.co/oAzVvirgkt"	https://twitter.com/alferdez/status/1333188477773557767	[]
alferdez	Fri Nov 27 17:05:20 +0000 2020	12124	868	Mensaje del Rey de España, Felipe VI. https://t.co/vEI1VaWYa6	https://twitter.com/alferdez/status/1332369932940677121	[]
alferdez	Fri Nov 27 15:43:48 +0000 2020	13453	1774	"""Diego no solo jugaba al fútbol, también militaba por la justicia y por la vida"". 

Gracias @evoespueblo por tus palabras de afecto hacia él y hacia la Argentina. Todos y todas necesitamos un abrazo. https://t.co/WM1un8R1lT"	https://twitter.com/alferdez/status/1332349412094472192	[]
alferdez	Thu Nov 26 22:49:22 +0000 2020	13869	3136	Mensaje de @NicolasMaduro. https://t.co/6EDCtTM16x	https://twitter.com/alferdez/status/1332094123243950085	[]
alferdez	Thu Nov 26 22:30:32 +0000 2020	5879	717	Gracias a los amigos de @OkSucesos https://t.co/LlsF5Xq6h9	https://twitter.com/alferdez/status/1332089384322166791	[]
alferdez	Thu Nov 26 12:51:01 +0000 2020	18550	2404	Mensaje del presidente de Cuba, @DiazCanelB. https://t.co/mlb7VtriPm	https://twitter.com/alferdez/status/1331943542567170049	[]
alferdez	Thu Nov 26 03:15:38 +0000 2020	9453	1120	"El texto que escribió @EmmanuelMacron para despedir a Diego impresiona por su sensibilidad y su comprensión humana de lo que significó para nosotros. Es un texto que va directo al corazón.

Gracias, presidente, por estas palabras tan sentidas.

https://t.co/RYpBD8rF3r"	https://twitter.com/alferdez/status/1331798744124231681	[]
alferdez	Thu Nov 26 02:55:27 +0000 2020	22328	2595	"El texto que escribió @EmmanuelMacron para despedir a Diego impresiona por su sensibilidad y su comprensión humana de lo que significó para nosotros. Es un texto que va directo al corazón.

Gracias, presidente, por estas palabras tan sentidas.

https://t.co/pH8cP3OLEc"	https://twitter.com/alferdez/status/1331793664641802242	[]
alferdez	Wed Nov 25 19:54:25 +0000 2020	19415	1998	Mensaje de Pepe Mujica y Lucía Topolansky desde Uruguay. Les agradezco a ambos el cariño por Diego y por nuestro país. Los abrazo a la distancia. https://t.co/GT6tSt9S0l	https://twitter.com/alferdez/status/1331687704841555973	[]
alferdez	Wed Nov 25 16:51:41 +0000 2020	113743	16669	"Nos llevaste a lo más alto del mundo. Nos hiciste inmensamente felices. Fuiste el más grande de todos.

Gracias por haber existido, Diego. Te vamos a extrañar toda la vida. https://t.co/pAf38sRlGC"	https://twitter.com/alferdez/status/1331641720417751043	[]
alferdez	Wed Nov 25 00:25:50 +0000 2020	2340	373	"Recibí al empresario Rubén Cherñajovsky, fundador de Newsan, que para 2021 tiene previstos nuevos proyectos de exportación de pesca y carne bovina y porcina, además del inicio de la fabricación de varias categorías de electrodomésticos.

Más producción nacional es más trabajo. https://t.co/Icau7sSv0m"	https://twitter.com/alferdez/status/1331393624274325508	[]
alferdez	Tue Nov 24 23:41:44 +0000 2020	4789	809	"Esta tarde tuvimos en @CasaRosada la primera reunión del Comité de Vacunación, que diseñará la logística de distribución y aplicación de las vacunas contra el Covid-19 que estarán disponibles en los próximos meses.

Falta poco y estamos cerca, pero debemos seguir cuidándonos. https://t.co/ZFblF9DgGe"	https://twitter.com/alferdez/status/1331382526821142534	[]
alferdez	Sat Nov 21 23:56:44 +0000 2020	1316	246	La construcción de un “futuro inclusivo, sostenible y resiliente”, tal como indica el lema de esta cumbre virtual organizada por Arabia Saudita, dependerá de la capacidad que tengamos como naciones de comprender que vivimos en una casa común y que en ella nadie se salva solo.	https://twitter.com/alferdez/status/1330299134889373697	[]
alferdez	Sat Nov 21 23:56:43 +0000 2020	1348	251	Por eso reiteré mi propuesta, que ya he conversado con otros líderes del, de avanzar en un Pacto de solidaridad global y en la creación de un Fondo Mundial de Emergencia Humanitaria. Con ese espíritu debemos, también, garantizar el acceso de toda la humanidad a la vacuna.	https://twitter.com/alferdez/status/1330299133450711049	[]
alferdez	Sat Nov 21 23:56:43 +0000 2020	556	131	Necesitamos además que el mundo se expanda financieramente, y que esa expansión financiera llegué a países como la Argentina, para poder de ese modo ordenar los desequilibrios que la pandemia ha generado y dar oportunidades a todos y a todas.	https://twitter.com/alferdez/status/1330299132129447937	[]
alferdez	Sat Nov 21 23:56:43 +0000 2020	6230	1119	En la Cumbre de Líderes del G20 advertí que el mundo transita hacia niveles alarmantes de desigualdad, a la que debemos atacar con una estrategia global, coordinada y solidaria que nos permita construir un mundo más equilibrado e integrado. https://t.co/ldht4hyEOw	https://twitter.com/alferdez/status/1330299130053341186	[]
alferdez	Sat Nov 21 16:54:05 +0000 2020	6384	1029	"En el #DiaDeLaEnfermeria quiero hacerles llegar mi agradecimiento a quienes, con enorme vocación de servicio, dejan todo enfrentando la pandemia. 
En este día, mi reconocimiento a nuestras enfermeras y enfermeros, profesionales de la salud que como tales deben ser reconocidos. https://t.co/33VMKh9RuV"	https://twitter.com/alferdez/status/1330192773182607361	[{'text': 'DiaDeLaEnfermeria', 'indices': [6, 24]}]
alferdez	Sat Nov 21 00:47:39 +0000 2020	4466	417	Con enorme pesar he recibido la noticia del fallecimiento de Jorge Brito. Supo forjar uno de los principales bancos privados de Argentina. Con su partida, perdimos a un empresario con quien discutir constructivamente mirando al futuro. Mi afecto y abrazo a su familia y amigos. https://t.co/tZgIGyO4dr	https://twitter.com/alferdez/status/1329949563973758978	[]
alferdez	Fri Nov 20 18:51:03 +0000 2020	6665	1108	"Ser soberanos significa hoy que no nos impongan de afuera lógicas políticas o comerciales que terminen frustrando nuestra vocación social. 

Ser soberanos es desarrollar nuestras capacidades, ser artífices de nuestro destino y construir el futuro que soñamos.

#DíaDeLaSoberanía https://t.co/G70kseOeAU"	https://twitter.com/alferdez/status/1329859818874691585	[{'text': 'DíaDeLaSoberanía', 'indices': [261, 278]}]
alferdez	Fri Nov 20 02:02:47 +0000 2020	4051	489	Tomé juramento a @jorgeferraresi como nuevo ministro de Desarrollo Territorial y Hábitat. Su experiencia, su compromiso y su capacidad de trabajo serán una enorme colaboración para nuestro Gobierno. Bienvenido, Jorge. https://t.co/82okHR5x4C	https://twitter.com/alferdez/status/1329606082029883392	[]
alferdez	Thu Nov 19 14:46:40 +0000 2020	10523	673	"El segundo hisopado de control que me realizaron también dio negativo, por lo que mis médicos dieron por concluido mi aislamiento preventivo y ya estoy en condiciones de volver a mi agenda habitual.

Gracias a todos y a todas por preocuparse. Por favor, sigamos cuidándonos. https://t.co/bbSCKfVuji"	https://twitter.com/alferdez/status/1329435929862344706	[]
alferdez	Tue Nov 17 21:55:22 +0000 2020	2482	445	EN VIVO | Saludo a la militancia https://t.co/7hqcRAUp6x	https://twitter.com/alferdez/status/1328819041180512258	[]
alferdez	Tue Nov 17 19:01:40 +0000 2020	56036	11874	"Siempre fue mi compromiso que el Estado acompañe a todas las personas gestantes en sus proyectos de maternidad y cuide la vida y la salud de quienes deciden interrumpir su embarazo. El Estado no debe desentenderse de ninguna de estas realidades.

#QueSeaLey https://t.co/V7Lr6wBmuB"	https://twitter.com/alferdez/status/1328775329398329344	[{'text': 'QueSeaLey', 'indices': [247, 257]}]
alferdez	Tue Nov 17 13:23:08 +0000 2020	5571	660	"Y especialmente a los y las militantes de la salud que durante la pandemia pusieron el cuerpo y el corazón para atender las necesidades más urgentes de sus compatriotas.

Toda militancia es un acto de amor. 

¡Feliz #DíaDelMilitante!"	https://twitter.com/alferdez/status/1328690134796165120	[{'text': 'DíaDelMilitante', 'indices': [216, 232]}]
alferdez	Tue Nov 17 13:23:08 +0000 2020	17702	1982	También quiero hoy agradecer a todas las militancias que luchan por una sociedad mejor. A la militancia feminista que busca que se reconozcan sus derechos. A la militancia social que lucha por los desposeídos. A la militancia sindical que protege los derechos de los trabajadores.	https://twitter.com/alferdez/status/1328690133005164545	[]
alferdez	Tue Nov 17 03:14:44 +0000 2020	11454	2560	"“Queremos tener compañeros que piensen, que nos digan la verdad, que tengan capacidad transgresora, que ayuden a equivocarnos lo menos posible”. Palabras de Néstor Kirchner, un militante inmenso. 

Feliz #DíaDelMilitante, compañeros y compañeras. https://t.co/4xTVdlUXJX"	https://twitter.com/alferdez/status/1328537024018702339	[{'text': 'DíaDelMilitante', 'indices': [204, 220]}]
alferdez	Mon Nov 16 18:48:29 +0000 2020	3421	706	"Junto a @KulfasM y @Kicillofok anunciamos hoy inversiones por más de U$S187 millones en la industria frigorífica.

En la reconstrucción del país, un plan de desarrollo industrial de la carne significa más producción nacional, más exportaciones, más consumo interno y más trabajo. https://t.co/m6ggQ1MbFT"	https://twitter.com/alferdez/status/1328409624043728897	[]
alferdez	Sun Nov 15 14:12:19 +0000 2020	15515	2616	"A 3 años del hundimiento del submarino ARA San Juan, los 44 tripulantes están presentes en los corazones de los argentinos y las argentinas. Mi abrazo en este día a sus familiares y seres queridos.

Gloria, memoria y honor a nuestros héroes. #44Presentes"	https://twitter.com/alferdez/status/1327977733821960194	[{'text': '44Presentes', 'indices': [242, 254]}]
alferdez	Thu Nov 12 02:13:23 +0000 2020	4674	286	Feliz cumple @wadodecorrido !!!que termines bien tu día. https://t.co/2DHLKtzAjb	https://twitter.com/alferdez/status/1326709645327654914	[]
alferdez	Thu Nov 12 00:55:00 +0000 2020	12386	778	"Me realicé un hisopado cuyo resultado fue negativo. A pesar de ello, como venimos recomendando, es importante el aislamiento preventivo para interrumpir los contagios.

Me encuentro bien, sin síntomas de ningún tipo. Les agradezco a todos y todas la preocupación."	https://twitter.com/alferdez/status/1326689919666958336	[]
alferdez	Thu Nov 12 00:54:56 +0000 2020	17296	1275	Al ser contacto estrecho de Gustavo Beliz, que dio positivo de COVID-19, me encuentro en la Residencia de Olivos cumpliendo el protocolo de aislamiento tal como me recomendó mi médico y las autoridades sanitarias.	https://twitter.com/alferdez/status/1326689904286437376	[]
alferdez	Tue Nov 10 20:39:35 +0000 2020	4890	621	"César Cigliutti luchó por los derechos de la comunidad LGBTI+ en una Argentina donde todavía imperaba un silencio que dejaba cómodos a algunos. 

Por eso me pone muy feliz este homenaje en este mes, en el que celebramos el orgullo de sentir que somos una sociedad mejor. https://t.co/ycKjTYbqDj"	https://twitter.com/alferdez/status/1326263253656350721	[]
alferdez	Mon Nov 09 17:06:56 +0000 2020	26218	4653	"Hoy cumplimos nuestro objetivo de garantizar que @evoespueblo pueda regresar sano y salvo a Bolivia, la tierra de la que nunca debió haberse ido.

Estoy muy feliz de haber podido tenderle una mano. Ahora es tiempo de reconstruir América Latina con democracia y justicia social. https://t.co/V5RrPdl9i5"	https://twitter.com/alferdez/status/1325847351001538562	[]
alferdez	Sun Nov 08 20:44:14 +0000 2020	9606	1412	"Jura del presidente @LuchoxBolivia en la Asamblea Legislativa Plurinacional.

¡Gracias por el cariño! https://t.co/gPm2sBtvpn"	https://twitter.com/alferdez/status/1325539647964000257	[]
alferdez	Sun Nov 08 19:42:27 +0000 2020	4350	597	"Anoche, además, mantuve dos muy buenos encuentros con el vicepresidente 2do de España, @PabloIglesias, y con el Rey Felipe VI.

Europa advirtió al mundo sobre la crudeza de la pandemia. Ahora es tiempo de fortalecer nuestros lazos para superarla con la colaboración de todos. https://t.co/iDGIbhs1Tk"	https://twitter.com/alferdez/status/1325524102870863873	[]
alferdez	Sun Nov 08 19:37:26 +0000 2020	3415	423	Esta mañana me reuní con el presidente de Colombia, @IvanDuque, con quien intercambiamos opiniones sobre el combate a la pandemia, los dilemas del presente y el futuro de la región. Coincidimos en que la unidad continental será clave para la reconstrucción económica. https://t.co/pUlxGpuqpK	https://twitter.com/alferdez/status/1325522838418239495	[]
alferdez	Sun Nov 08 19:29:24 +0000 2020	21863	3209	"Hoy es un día muy importante para América Latina porque Bolivia recupera la democracia que nunca debió perder.

Mis mejores deseos a @LuchoXBolivia y mi amor, cariño y compromiso con el pueblo boliviano en esta nueva etapa que comienza. https://t.co/RDxmzBdm9s"	https://twitter.com/alferdez/status/1325520816159723520	[]
alferdez	Sat Nov 07 18:07:37 +0000 2020	56034	5696	"Felicito al pueblo estadounidense por el récord de participación en las elecciones, una clara expresión de la voluntad popular. 

Saludo a @JoeBiden, próximo presidente de los Estados Unidos, y a @KamalaHarris, que será la primera vicepresidenta mujer de ese país. https://t.co/FyfD1BvALB"	https://twitter.com/alferdez/status/1325137847565869057	[]
alferdez	Sat Nov 07 15:48:21 +0000 2020	23765	1918	"Profundo dolor por el fallecimiento del querido Pino Solanas, embajador de la Argentina ante la UNESCO. 

Lo recordaremos por lo que nos dejó como cineasta y por su inquebrantable compromiso político.

Mis condolencias y mi abrazo a su familia y seres queridos. https://t.co/ZGl5TIVNPN"	https://twitter.com/alferdez/status/1325102801358381058	[]
alferdez	Fri Nov 06 22:24:49 +0000 2020	8565	1161	"Esta mañana conversé largamente con el presidente de Rusia, Vladimir Putin, sobre los avances de la vacuna Sputnik V y otros temas de nuestro vínculo bilateral.

Estamos convencidos de que la salida de la pandemia debe tener a la solidaridad global como eje rector. https://t.co/6V43JnJofp"	https://twitter.com/alferdez/status/1324840188317782023	[]
alferdez	Fri Nov 06 21:50:16 +0000 2020	9152	1222	"Dada la evolución de la curva de contagios en el AMBA, hemos decidido que esa región pase a la etapa de Distanciamiento Social, Preventivo y Obligatorio.

La vacuna está más cerca, pero les pido que mantegamos los cuidados y no nos relajemos. La pandemia no terminó. https://t.co/AQLo5EDyKh"	https://twitter.com/alferdez/status/1324831491193511941	[]
alferdez	Fri Nov 06 17:34:51 +0000 2020	5318	630	"Esta mañana me reuní con @kicillofok y @horaciorlarreta para coordinar las nuevas medidas sanitarias que regirán en el AMBA. 

La unidad y el diálogo han sido el camino para afrontar juntos esta pandemia y también lo serán a la hora de encarar el futuro. https://t.co/pjX852W0ws"	https://twitter.com/alferdez/status/1324767214113837056	[]
alferdez	Wed Nov 04 21:37:18 +0000 2020	5030	952	"La construcción de 300 Centros de Desarrollo Infantil de la Red de Infraestructura del Cuidado busca igualar oportunidades desde los primeros años de vida.

No queremos volver a la normalidad que dejó millones de chicos desamparados. Queremos una nueva normalidad que los incluya. https://t.co/f1vVSq9ERQ"	https://twitter.com/alferdez/status/1324103453950574593	[]
alferdez	Tue Nov 03 20:59:36 +0000 2020	4272	847	La “normalidad” que conocíamos generó mucha injusticia, mucha desigualdad y mucho desequilibrio. Ahora tenemos la oportunidad de tener una nueva normalidad que nos incluya a todos. https://t.co/v1izXjPEmv	https://twitter.com/alferdez/status/1323731576866394112	[]
alferdez	Tue Nov 03 20:59:05 +0000 2020	3137	582	Estábamos preocupados por ver dónde estaba el horizonte, y con la vacuna el horizonte empieza a verse. Gracias, de corazón, a esos argentinos que silenciosamente cumplieron con las recomendaciones y cuidándose nos cuidaron a todos. https://t.co/nguUnkSzjl	https://twitter.com/alferdez/status/1323731447988051970	[]
alferdez	Tue Nov 03 20:58:32 +0000 2020	11853	2157	Nosotros no preguntamos qué ideología tiene la vacuna, lo que preguntamos es si salva vidas de argentinos. Porque lo único que importa es ponerle fin a la pesadilla de la pandemia. https://t.co/q5gAKk9XWH	https://twitter.com/alferdez/status/1323731310058393603	[]
alferdez	Tue Nov 03 13:02:20 +0000 2020	6572	1169	Hace apenas dos semanas el pueblo boliviano se expresó en las urnas con un masivo apoyo a @LuchoXBolivia. Nos preocupa que persistan en Bolivia sectores que apuesten a la violencia. Lo dijimos y lo repetimos: la democracia es el único camino para los pueblos de nuestra región. https://t.co/aYwaIhBijs	https://twitter.com/alferdez/status/1323611470781915139	[]
alferdez	Tue Nov 03 02:23:14 +0000 2020	7549	953	Estamos con muy buenas expectativas y muy esperanzados de poder tener una vacuna este año. Pero hasta entonces debemos continuar con las medidas de prevención y los cuidados pertinentes.	https://twitter.com/alferdez/status/1323450633266089984	[]
alferdez	Tue Nov 03 02:23:13 +0000 2020	5902	746	Aun así, seguimos tratando con distintos investigadores, fabricantes y gobiernos para tener acceso a cualquiera de las vacunas que actualmente se encuentran en fase 3.	https://twitter.com/alferdez/status/1323450631714209792	[]
alferdez	Tue Nov 03 02:23:13 +0000 2020	3241	469	Se trata de un avance muy importante, porque si todo sale según lo esperado nuestro país estará en condiciones de comenzar a vacunar a la población de riesgo entre el final de este año y el comienzo del próximo.	https://twitter.com/alferdez/status/1323450630149677056	[]
alferdez	Tue Nov 03 02:23:13 +0000 2020	2719	422	También les pedí expresamente que lleven a cabo todos los pasos necesarios para garantizar que cuente con el debido registro, como el resto de las vacunas que estamos contemplando adquirir.	https://twitter.com/alferdez/status/1323450628555919360	[]
alferdez	Tue Nov 03 02:23:12 +0000 2020	2857	431	Por ese motivo encomendé a la secretaria de Acceso a la Salud @carlavizzotti y a mi asesora @cecilianicolini la tarea de viajar a Rusia para conocer los avances de esta vacuna, su seguridad y su capacidad para generar inmunidad.	https://twitter.com/alferdez/status/1323450626978828288	[]
alferdez	Tue Nov 03 02:23:12 +0000 2020	3115	475	La Federación Rusa, a través de su Fondo Soberano, se comunicó semanas atrás con nuestro Gobierno para saber si estábamos interesados en contar con una cantidad determinada de dosis de la vacuna, la cual se encuentra actualmente en un estadio avanzando de fase 3.	https://twitter.com/alferdez/status/1323450625565335552	[]
alferdez	Tue Nov 03 02:23:11 +0000 2020	21477	3533	Como señalé en una entrevista periodística, efectivamente el Estado Nacional tiene la posibilidad de adquirir, entre diciembre y enero, 25 millones de vacunas Sputnik V desarrolladas por el Instituto Gamaleya de Rusia.	https://twitter.com/alferdez/status/1323450623975661568	[]
alferdez	Sun Nov 01 18:53:35 +0000 2020	6784	469	Mis condolencias a la familia y seres queridos de Mario Pereyra, con quien tuvimos miradas muy diferentes sobre la realidad argentina. En estos momentos, acompaño con sincero afecto a quienes sufren su pérdida. https://t.co/BDbqGZNRdo	https://twitter.com/alferdez/status/1322975089957240832	[]
alferdez	Sat Oct 31 00:08:14 +0000 2020	3309	465	"Hoy presentamos en Lomas de Zamora nuevos móviles policiales para fortalecer la seguridad en la Provincia de Buenos Aires.

Quienes más sufren la delincuencia son los más humildes, por eso el Estado debe invertir para combatirla en el marco del Derecho que impone la democracia. https://t.co/QhF59PYHH5"	https://twitter.com/alferdez/status/1322329499174920192	[]
alferdez	Fri Oct 30 16:15:04 +0000 2020	13922	1953	"En Fiorito, en La Paternal, en Rosario, en La Boca o en el mundo, Maradona nos hizo felices a millones con su talento inigualable. Muchas de nuestras grandes alegrías se las debemos a él, por eso hoy le demostramos tanto cariño.

¡Felices 60, Diego! https://t.co/owBdyxIDGQ"	https://twitter.com/alferdez/status/1322210421907038210	[]
alferdez	Fri Oct 30 10:12:00 +0000 2020	5092	790	La necesidad de cierta prensa de insinuar fisuras o contradicciones políticas en un momento en que la Argentina exige el maximo del esfuerzo mancomunado, en nada ayuda a la acción de gobierno.	https://twitter.com/alferdez/status/1322119050231746566	[]
alferdez	Fri Oct 30 10:11:59 +0000 2020	3616	527	Dicho esto, ambos gobiernos debieron enfrentar situaciones críticas en donde se mezclaron necesidades humanas, disputas familiares y también intencionalidades políticas. A mi juicio, los conflictos se resolvieron respetando el juego de las instituciones que la República impone.	https://twitter.com/alferdez/status/1322119048474333185	[]
alferdez	Fri Oct 30 10:11:59 +0000 2020	2186	349	Obviamente,como Presidente de la Nación, estoy atento a todo lo que ocurre en nuestro país. Pero como somos un Estado Federal este tipo de conflicto son resueltos por los gobiernos provinciales.	https://twitter.com/alferdez/status/1322119046515560455	[]
alferdez	Fri Oct 30 10:11:58 +0000 2020	1880	385	El involucramiento que me atribuye la nota adjunta en tales sucesos no es tal. https://t.co/8Mb1h4Gn9g	https://twitter.com/alferdez/status/1322119044867231744	[]
alferdez	Fri Oct 30 10:11:58 +0000 2020	1840	362	Los sucesos de Entre Rios, originados en una disputa familiar, fueron también resultado del accionar policial dispuesto por la justicia local tras el fracaso de la conciliación entre las partes. También aquí el gobernador @bordet me mantuvo permanentemente informado.	https://twitter.com/alferdez/status/1322119043122372609	[]
alferdez	Fri Oct 30 10:11:57 +0000 2020	9502	1972	Lo ocurrido ayer en Guernica fue producto del accionar policial dispuesto por la Justicia. Previo a ello hubo un enorme trabajo de reubicación de familias realizadas por el Ministro @larroqueandres. El gobernador @Kicillofok tuvo la prudencia de mantenerme informado.	https://twitter.com/alferdez/status/1322119040815538176	[]
alferdez	Thu Oct 29 23:40:27 +0000 2020	7205	1273	"Hoy en Olivos anunciamos la ampliación de la Asignación Universal por Hijo para que llegue a más niños y niñas de todo el país.

Empezar por los últimos es el camino para igualar a todos los argentinos y las argentinas. Y eso es lo que vinimos a hacer. https://t.co/YJ2DR4o3sG"	https://twitter.com/alferdez/status/1321960117655535618	[]
alferdez	Wed Oct 28 19:12:09 +0000 2020	7088	1085	"Si encaramos juntos los problemas todo es mucho más fácil. Es mucho más fácil salir, avanzar, producir, dar trabajo, ganar dinero y crecer si lo hacemos entre todos: el Estado, los que trabajan y los que invierten. 

Ese es el desafío que tenemos para adelante. https://t.co/3yy1dbNUYw"	https://twitter.com/alferdez/status/1321530211180154886	[]
alferdez	Tue Oct 27 23:07:14 +0000 2020	19754	2423	"En mi vida hubo un antes y un después de Néstor, porque con él aprendí que se podía hacer política de otra forma. Tuvo la épica, la fuerza, el coraje, la osadía de animarse a cambiar la historia.

Lo único que le pido a la vida es que me acompañe siempre.

#Néstor10Años https://t.co/L7coReE5cG"	https://twitter.com/alferdez/status/1321226981632073729	[{'text': 'Néstor10Años', 'indices': [257, 270]}]
alferdez	Tue Oct 27 12:15:12 +0000 2020	31939	6172	"Néstor, en la historia y en mi corazón.

#Néstor10Años #NéstorVive https://t.co/QzeVwdslGT"	https://twitter.com/alferdez/status/1321062891269873664	[{'text': 'Néstor10Años', 'indices': [41, 54]}, {'text': 'NéstorVive', 'indices': [55, 66]}]
alferdez	Mon Oct 26 17:48:56 +0000 2020	11115	1701	"Nosotros vinimos para hacernos cargo de los problemas. Por eso seguimos entregando viviendas que habían dejado de entregarse y reanudando obras que estaban paralizadas.

No llegamos al Gobierno para obedecer a pequeñas minorías. Queremos una Argentina que nos incluya a todos. https://t.co/CJl1vPMeLS"	https://twitter.com/alferdez/status/1320784491493941248	[]
alferdez	Fri Oct 23 20:34:46 +0000 2020	7751	1248	"Tras conversar con los gobernadores y las gobernadoras de las provincias más afectadas, hemos decidido ampliar el aislamiento sanitario 14 días más. 

Todavía no estamos en condiciones de decir que podemos quedarnos tranquilos. Debemos ser muy prudentes y extremar los cuidados. https://t.co/ekXnqs3emu"	https://twitter.com/alferdez/status/1319739062270439424	[]
alferdez	Thu Oct 22 17:40:10 +0000 2020	4675	786	En el Día Nacional de la Identidad, junto al @MinInteriorAR lanzamos el certificado de Pre-identificación para quienes no están inscriptos en el @renaper_ar, una reparación de lo que el Estado no hizo durante muchos años por la gente que no está registrada y necesita ayuda. https://t.co/J0uaRhiemB	https://twitter.com/alferdez/status/1319332734339264512	[]
alferdez	Thu Oct 22 13:28:53 +0000 2020	23700	2620	"Hoy cumple 90 años una de las mujeres más extraordinarias que conocí en mi vida, que me honra con su cariño y nos enorgullece a todos y todas con su ejemplo.

¡Feliz cumpleaños, querida Estela!

#EstelaCumple90 https://t.co/FniJzHbvi9"	https://twitter.com/alferdez/status/1319269495882436608	[{'text': 'EstelaCumple90', 'indices': [195, 210]}]
alferdez	Wed Oct 21 18:38:18 +0000 2020	4333	631	Quiero también agradecerle especialmente al Estado de Kuwait y a su embajador Abdullah Ali Alyahya por el esfuerzo, la confianza y el apoyo para que el Acueducto Biprovincial Santa Fe-Córdoba sea una realidad. https://t.co/cGEhcJz1kQ	https://twitter.com/alferdez/status/1318984977317580801	[]
alferdez	Wed Oct 21 18:37:59 +0000 2020	1741	383	El proyecto de Acueducto Biprovincial es resultado del esfuerzo conjunto de Córdoba y Santa Fe, y de sus gobernadores @JSchiaretti y @omarperotti, que priorizaron el interés colectivo para garantizar que el agua llegue a cada rincón de la Argentina. https://t.co/0b9qN8TwsP	https://twitter.com/alferdez/status/1318984896044503042	[]
alferdez	Wed Oct 21 13:52:43 +0000 2020	12201	1815	Pepe Mujica. Siempre inspirador. https://t.co/hpysoGjoDx	https://twitter.com/alferdez/status/1318913107511619584	[]
alferdez	Wed Oct 21 12:12:14 +0000 2020	16135	2788	"“Triunfar en la vida es poder levantarse y volver a empezar cada vez que uno cae”.
No te estás despidiendo. Nunca te vas. Siempre estás presente y sembrando futuro. 
Gracias querido amigo Pepe Mujica! https://t.co/Ql2pzKhgW7"	https://twitter.com/alferdez/status/1318887817464942592	[]
alferdez	Tue Oct 20 17:42:59 +0000 2020	13930	1842	"Un día como hoy, hace 44 años, debutaba Diego Maradona en la primera de Argentinos Juniors. Fue el comienzo de la historia más extraordinaria que haya dado el fútbol mundial. 

Gracias, Diego, por todo lo que ocurrió desde aquel día. https://t.co/Jj0DwYjgP9"	https://twitter.com/alferdez/status/1318608668980617218	[]
alferdez	Tue Oct 20 15:30:53 +0000 2020	10234	1723	Hace 10 años era asesinado Mariano Ferreyra a manos de una patota que respondía a José Pedraza, en un crimen político que conmocionó a toda la sociedad. Mi abrazo a la distancia en este día a @PabloRFerreyra y a sus familiares y amigos. https://t.co/kMaQeOCyhg	https://twitter.com/alferdez/status/1318575422410493953	[]
alferdez	Mon Oct 19 19:22:20 +0000 2020	41466	9168	"Sufrió un golpe de Estado, destruyeron su casa y lo obligaron a abandonar el país mientras su familia y sus seguidores eran hostigados y perseguidos por el gobierno de facto. 

Pero el pueblo no olvida a quien no lo traiciona. Así lo demostró ayer.

¡Felicitaciones, @evoespueblo! https://t.co/fkPE8Ss7Bh"	https://twitter.com/alferdez/status/1318271281482158080	[]
alferdez	Mon Oct 19 14:03:34 +0000 2020	18679	4238	"Íñigo Errejón, sobre la meritocracia en Madrid. Digno de ser oído. ""En todas partes se cuecen habas"", dice el dicho. Aunque no todos las comen después de cocidas. https://t.co/vjOmj4UyPP"	https://twitter.com/alferdez/status/1318191060246474753	[]
alferdez	Mon Oct 19 13:00:29 +0000 2020	25287	5915	"La victoria del @BOmereceMAS en Bolivia no solo es una buena noticia para quienes defendemos la democracia en América Latina; es, además, un acto de justicia ante la agresión que sufrió el pueblo boliviano. 

¡Felicitaciones, @LuchoXBolivia! https://t.co/jBt8YMyT2Z"	https://twitter.com/alferdez/status/1318175187775463426	[]
alferdez	Mon Oct 19 01:05:37 +0000 2020	18073	2263	Maravilloso @DylanViolinista !!! Que placer escuchar el amor que transmite tu violín. Es el amor de tu arte y es el amor que te inspira tu padre al reclamar tu música. Solo oí al amor y nunca escuches el odio. Odian los que quieren el mal de los otros. Y vos no sos eso. Te abrazo https://t.co/V4tbLc93cC	https://twitter.com/alferdez/status/1317995282303537152	[]
alferdez	Sun Oct 18 22:09:10 +0000 2020	7368	1012	"También quiero homenajear hoy a esas madres que, con su compromiso y su lucha incansable, nos han marcado el camino de la memoria, la verdad y la justicia para construir una mejor democracia.

Feliz día a cada una de ellas. https://t.co/k98fDjr9rf"	https://twitter.com/alferdez/status/1317950879203532810	[]
alferdez	Sun Oct 18 22:09:04 +0000 2020	14267	1120	"El día que nos sacamos esta foto, mi madre sintió por mí el mismo orgullo que siempre sentí por ella.

Hoy quiero saludar a todas las madres que en este tiempo difícil nos llenaron de orgullo con su amor y su compromiso.

¡Felíz día! https://t.co/AHb2TB3Wui"	https://twitter.com/alferdez/status/1317950855296012293	[]
alferdez	Sun Oct 18 00:04:23 +0000 2020	13053	2804	"Comienza el tiempo de la reconstrucción de la Argentina. Y para eso debemos tener presente lo que dijo Perón ese 17 de octubre de 1945: 

“Únanse. Sean hoy más hermanos que nunca. Sobre la hermandad de los que trabajan ha de levantarse la unidad de todos los argentinos"". https://t.co/TWua7CFP8k"	https://twitter.com/alferdez/status/1317617487949762561	[]
alferdez	Sat Oct 17 18:55:30 +0000 2020	5351	1401	"EN VIVO | Acto por el 75° aniversario del Día de la Lealtad desde la CGT. #75OctubresDeLealtad 

👉🏼 https://t.co/0ZrVPKQjDP"	https://twitter.com/alferdez/status/1317539754796351490	[{'text': '75OctubresDeLealtad', 'indices': [74, 94]}]
alferdez	Sat Oct 17 17:41:45 +0000 2020	37773	7565	"Hoy los y las peronistas celebramos el día que el pueblo decidió ser artífice de su propio destino y cambió la historia. Desde entonces, la unidad ha sido nuestra fuerza y es hoy el camino para transformar la Argentina.

Feliz Día de la Lealtad, compañeros y compañeras. https://t.co/Qbt52xhu2O"	https://twitter.com/alferdez/status/1317521193956724736	[]
alferdez	Sat Oct 17 03:58:48 +0000 2020	17624	7713	"Legisladores argentinos fueron maltratados al llegar a La Paz para cumplir con sus tareas de veedores de las elecciones del próximo domingo. Es directa responsabilidad del gobierno de facto de @JeanineAnez preservar la integridad de la delegación argentina.
#EleccionesBolivia2020 https://t.co/MiMjt497bj"	https://twitter.com/alferdez/status/1317314091833327616	[{'text': 'EleccionesBolivia2020', 'indices': [258, 280]}]
alferdez	Fri Oct 16 21:53:54 +0000 2020	1449	254	Le agradecí enormemente su apoyo a las negociaciones que concluimos con los acreedores privados y le pedí que nos acompañe en las negociaciones que comenzamos con el FMI.	https://twitter.com/alferdez/status/1317222261510885383	[]
alferdez	Fri Oct 16 21:53:54 +0000 2020	4241	718	"Esta mañana conversé con el presidente de Francia, @EmmanuelMacron. 
Tratamos temas vinculados a nuestra relación bilateral y la respuesta global a la pandemia del Covid-19. https://t.co/NFQu0A8HBm"	https://twitter.com/alferdez/status/1317222259052916736	[]
alferdez	Thu Oct 15 20:53:23 +0000 2020	3727	700	Hoy presentamos en Neuquén el Plan Gas, para generar esa energía que necesitamos para vivir y que la industria necesita para producir. Y lo hacemos convencidos de la importancia de invertir desde el Estado para que la Argentina se desarrolle y se ponga nuevamente de pie. https://t.co/qY7QukCEU4	https://twitter.com/alferdez/status/1316844645150851073	[]
alferdez	Thu Oct 15 13:31:26 +0000 2020	6196	1731	"De no haber existido el congelamiento que dispusimos sobre las tarifas de gas, hoy los usuarios estarían pagando un 86% más por el servicio.
Trabajamos por vos, unidos, para poner de pie a nuestra Patria. 
#ReconstruccionArgentina  https://t.co/3FN2wBVxHw"	https://twitter.com/alferdez/status/1316733422958718976	[{'text': 'ReconstruccionArgentina', 'indices': [206, 230]}]
alferdez	Wed Oct 14 19:50:01 +0000 2020	5478	1111	"Hace 40 años Adolfo Pérez Esquivel recibía el Premio Nobel de la Paz. Su historia debe ser un modelo a seguir: el compromiso con los que sufren, la no violencia y la lucha contra la desigualdad.

Gracias, Adolfo, por todo lo que has hecho y por el ejemplo que nos diste. https://t.co/t7FShh2sJ4"	https://twitter.com/alferdez/status/1316466308784029702	[]
alferdez	Tue Oct 13 20:10:53 +0000 2020	13965	3018	"Mientras algunos dicen que las fábricas se van, que los capitales se van, en Avellaneda hay una empresa como Raízen que invierte U$S 700 millones confiando en una Argentina que crece y en los argentinos y las argentinas que la pondrán otra vez de pie.

#ReconstrucciónArgentina https://t.co/4pesm11GkT"	https://twitter.com/alferdez/status/1316109171226480641	[{'text': 'ReconstrucciónArgentina', 'indices': [253, 277]}]
alferdez	Mon Oct 12 19:35:49 +0000 2020	46457	10235	"Disentir con un gobierno es parte de la democracia. Movilizarse, aun con el riesgo que implica en una pandemia, también.

Pero promover una convocatoria a una protesta en el domicilio de una persona solo fomenta la grieta y daña esa convivencia democrática.

#ArgentinaUnida"	https://twitter.com/alferdez/status/1315737958545330181	[{'text': 'ArgentinaUnida', 'indices': [259, 274]}]
alferdez	Mon Oct 12 13:57:30 +0000 2020	9291	1894	"En la Argentina conviven culturas que han forjado nuestra identidad como pueblo. Somos lo que somos gracias a esa diversidad, que está presente en cada argentino y cada argentina, nos enriquece y nos hace mejores.

#ArgentinaUnida #DiversidadCultural https://t.co/pvblaT7fvd"	https://twitter.com/alferdez/status/1315652820717240321	[{'text': 'ArgentinaUnida', 'indices': [215, 230]}, {'text': 'DiversidadCultural', 'indices': [231, 250]}]
alferdez	Sun Oct 11 21:18:05 +0000 2020	16938	1906	"Muy triste por la muerte de Hugo Arana, un hombre maravilloso y un actor talentoso que siempre convocó nuestra admiración por él. Mis condolencias a sus familiares y amigos.

Por favor, cuidémonos y cuidemos a nuestros seres queridos. Hagámoslo por todos. https://t.co/ZXBx9pdWM0"	https://twitter.com/alferdez/status/1315401308761927680	[]
alferdez	Sun Oct 11 03:03:14 +0000 2020	10450	2795	"En un hecho histórico, todos los gobernadores y todas las gobernadoras de la Argentina firmaron una solicitada convocando a la sociedad a comprometerse y profundizar los cuidados.

Celebro y agradezco esta muestra de unidad. Este es el camino para salir adelante.

#ArgentinaUnida https://t.co/v7IE9Byhsi"	https://twitter.com/alferdez/status/1315125779940945920	[{'text': 'ArgentinaUnida', 'indices': [265, 280]}]
alferdez	Sat Oct 10 16:49:42 +0000 2020	11497	3037	"Cuando se pregunten qué hicimos los argentinos en la pandemia, aquí tienen una respuesta. Nos unimos y nos pusimos de pie en un país endeudado que había abandonando a su suerte a millones de personas. Ahora, caminamos unidos para empezar a crecer. 
#ReconstruccionArgentina https://t.co/BaZxmZQ2ge"	https://twitter.com/alferdez/status/1314971380744585217	[{'text': 'ReconstruccionArgentina', 'indices': [249, 273]}]
alferdez	Sat Oct 10 00:21:49 +0000 2020	6954	1389	"El virus se ha expandido en todo el país, por eso decidimos tomar medidas para reducir la circulación en determinados departamentos de 18 provincias.

Les pido a los argentinos y las argentinas que nos ayuden en esta nueva etapa. No bajemos los brazos. Sigamos trabajando unidos. https://t.co/K8HBao1GHV"	https://twitter.com/alferdez/status/1314722768500523010	[]
alferdez	Fri Oct 09 23:43:19 +0000 2020	6511	1393	"Nosotros estamos acá para representar los intereses de los que necesitan, de los que han quedado olvidados. 

Por eso construir una sociedad más justa, en la que cada argentino tenga un techo donde vivir, es un imperativo moral que tenemos. https://t.co/KUXZ2ITHRY"	https://twitter.com/alferdez/status/1314713083500167172	[]
alferdez	Thu Oct 08 18:44:36 +0000 2020	8755	1583	"Lo que viví con Néstor Kirchner fue la más maravillosa aventura que alguien en política puede tener. Así lo escribí en el libro del Topo Devoto que presentamos hoy.

Yo sé que Néstor en algún lado está. Y donde esté lo único que le pido es que siga caminando al lado mío. https://t.co/Uwmr9aA1l8"	https://twitter.com/alferdez/status/1314275517739274240	[]
alferdez	Thu Oct 08 01:27:42 +0000 2020	3010	671	"El Fondo Nacional para la Defensa es una gran oportunidad para proyectar el futuro de nuestras Fuerzas Armadas. 

Todo Estado necesita de la defensa, no solo con fines bélicos sino también para la atención de las necesidades de nuestra gente, como ha demostrado la pandemia. https://t.co/CwgUgIx6ST"	https://twitter.com/alferdez/status/1314014576879558658	[]
alferdez	Tue Oct 06 18:45:20 +0000 2020	3097	643	"Somos la generación que no baja los brazos, que sigue invirtiendo, produciendo y generando trabajo. Y que en este momento tan difícil no se olvida de los que más necesitan. 

Seguimos trabajando unidos para reconstruir la Argentina y volver a ponerla de pie."	https://twitter.com/alferdez/status/1313550929896132608	[]
alferdez	Tue Oct 06 18:45:20 +0000 2020	5546	1207	Junto al gobernador @QuintelaRicardo inauguramos hoy la Central Arauco II del Parque Eólico Arauco en La Rioja, que desarrolla uno de los mayores emprendimientos de ese tipo en el país y provee energía limpia para el desarrollo agrícola, ganadero e industrial. https://t.co/cM6LNm3eaw	https://twitter.com/alferdez/status/1313550927308226561	[]
alferdez	Tue Oct 06 01:06:17 +0000 2020	2421	568	"Fue muy grato haber participado hoy del encuentro virtual por los 15 años de la Corriente Nacional de la Militancia junto a @RossiAgustinOk, @FilmusDaniel, @CrisAlvarezRod y decenas de compañeros y compañeras. 

Sigamos trabajando unidos y orgullosos de lo que hemos logrado. https://t.co/v28pY7KdcD"	https://twitter.com/alferdez/status/1313284409395744768	[]
alferdez	Tue Oct 06 00:28:28 +0000 2020	5554	1479	Hoy me reuní con los interventores del ENRE y del ENARGAS. Analizamos la situación de las tarifas. Observamos con preocupación errores en la facturación del servicio en perjuicio de algunos usuarios. No son casos generalizados, pero debemos preservar los derechos del usuario https://t.co/0UtiTgh80z	https://twitter.com/alferdez/status/1313274892591288322	[]
alferdez	Mon Oct 05 16:50:43 +0000 2020	4853	942	"Esta mañana conversé por teléfono con el primer ministro de los Países Bajos, Mark Rutte (@MinPres), sobre la pandemia de Covid-19 y también sobre cuestiones bilaterales.

Agradezco su disposición y especialmente su apoyo a las negociaciones que comenzaremos pronto con el FMI. https://t.co/zay8VAvrta"	https://twitter.com/alferdez/status/1313159694412898304	[]
alferdez	Sat Oct 03 14:14:23 +0000 2020	8491	1794	Tuve la maravillosa oportunidad de acompañar a Nestor Kirchner a lo largo de su marcha presidencial. Fue un gran Presidente. Hoy millones de argentinos alzan su nombre como bandera. Este libro recoge testimonios de algunos que lo acompañamos y quisimos. Nestor siempre presente! https://t.co/TKVHgYIt7i	https://twitter.com/alferdez/status/1312395578253467653	[]
alferdez	Sat Oct 03 00:01:16 +0000 2020	5444	568	Les deseo a @realdonaldtrump y a @FLOTUS una pronta recuperación. https://t.co/u7BfjVWLgK	https://twitter.com/alferdez/status/1312180884410232832	[]
alferdez	Fri Oct 02 23:55:05 +0000 2020	10058	2305	"""La pobreza es la peor forma de violencia"". Las palabras del Mahatma Gandhi, finalizando la celebración de los 150 años de su nacimiento, resuenan hoy tan vigentes como entonces y nos inspiran en la construcción de un mundo más pacífico y menos desigual.

#NoViolencia"	https://twitter.com/alferdez/status/1312179329413996544	[{'text': 'NoViolencia', 'indices': [256, 268]}]
alferdez	Thu Oct 01 21:04:48 +0000 2020	4882	1033	"Hoy hablé con el gobernador @JSchiaretti para que juntos sigamos esforzándonos en ponerle fin a los #incendios que está padeciendo Córdoba.
La lucha de Córdoba contra el fuego debe ser nuestra lucha. La lucha de cada argentino y de cada argentina. 
Siempre unidos. https://t.co/gsh22qVyxF"	https://twitter.com/alferdez/status/1311774085769318400	[{'text': 'incendios', 'indices': [100, 110]}]
alferdez	Wed Sep 30 20:52:55 +0000 2020	27572	3343	"Se nos fue Quino, uno de los artistas más grandes de la historia de nuestro país. Nos hizo reír, nos hizo pensar y nos convocó siempre a reflexionar sobre la Argentina, con la que estuvo comprometido como pocos.

Hasta siempre, maestro. https://t.co/rISVKhVDuX"	https://twitter.com/alferdez/status/1311408709822812162	[]
alferdez	Tue Sep 29 19:04:01 +0000 2020	3479	813	"Ante el avance del Covid-19 en todo el país, hoy en Rosario anunciamos la extensión del Plan Detectar a más provincias.

Seguimos encarando la pandemia como al comienzo, unidos y sin banderías políticas, porque el virus no hace esas distinciones. https://t.co/m71wnzA8ti"	https://twitter.com/alferdez/status/1311018916874006533	[]
alferdez	Tue Sep 29 11:33:43 +0000 2020	13408	1744	Mis sinceras condolencias a la familia del inspector Juan Pablo Roldán, asesinado en cumplimiento del deber, y mi compromiso con todos aquellos que desde las fuerzas de seguridad arriesgan su vida para cuidar a todos y a todas.	https://twitter.com/alferdez/status/1310905591116816385	[]
alferdez	Tue Sep 29 00:02:56 +0000 2020	3757	898	"El hospital Néstor Kirchner de Escobar es otro ejemplo de lo que se puede hacer cuando nos unimos y trabajamos en conjunto en pos de un objetivo común.

Hace falta que todos nos arremanguemos, nos pongamos de pie y hagamos el esfuerzo para construir un mejor país. https://t.co/LXAecuxpYL"	https://twitter.com/alferdez/status/1310731750583218182	[]
alferdez	Mon Sep 28 22:43:49 +0000 2020	79580	14004	"La penalización del aborto ha fracasado como política. Mueren mujeres por abortos clandestinos y otras sufren graves secuelas en su salud. 
Ratifico mi compromiso para legalizar el aborto, garantizar el acceso a los servicios de salud e implementar con eficacia la ESI.
#SeraLey"	https://twitter.com/alferdez/status/1310711840217980928	[{'text': 'SeraLey', 'indices': [270, 278]}]
alferdez	Mon Sep 28 17:12:57 +0000 2020	3245	530	Extiendo este reconocimiento a Lucas Sandleris y Lisandro Acuña, que recibieron una mención honorífica, y a Patricia Fauring y Martín Mereb, que estuvieron a cargo del equipo argentino. Han hecho un trabajo inmenso.	https://twitter.com/alferdez/status/1310628576274898957	[]
alferdez	Mon Sep 28 17:12:56 +0000 2020	10734	1789	Quiero felicitar y saludar especialmente a Bruno Ziger, Matías Raimundez y Julián Cabrera, que ganaron una medalla de oro y dos de bronce en la Olimpíada Internacional de Matemática. Son un orgullo para el país. ¡Felicitaciones! https://t.co/zjUMx2OMLC	https://twitter.com/alferdez/status/1310628573456330755	[]
alferdez	Thu Sep 24 20:16:01 +0000 2020	9931	2230	Tener una vivienda es un derecho que hace a la condición humana. Por eso estamos recuperando el rol que el Estado perdió cuando frenó las obras del Procrear y se dedicó a tomar deuda para que los pícaros se la lleven afuera. Hoy el Estado ayuda a los que producen y trabajan. https://t.co/8UbsTpyO9g	https://twitter.com/alferdez/status/1309225095362228224	[]
alferdez	Thu Sep 24 02:16:52 +0000 2020	6117	1478	"Somos una generación que tiene la oportunidad de aprender de la pandemia que la solidaridad debe ser la regla y no la excepción.

Dejemos de lado los debates estériles y las disputas que nos plantean y pongámonos a trabajar en lo importante. https://t.co/LSNxeYF3YM"	https://twitter.com/alferdez/status/1308953517969805312	[]
alferdez	Thu Sep 24 01:54:00 +0000 2020	2057	482	"Junto al gobernador @bordet firmamos hoy convenios de gestión para que la pujanza enorme de Entre Ríos contribuya todavía más al crecimiento del país.

Reconstruir la Argentina también implica que cada provincia se desarrolle con equidad y reciba lo que merece. https://t.co/O2qEFslQB4"	https://twitter.com/alferdez/status/1308947763028283394	[]
alferdez	Wed Sep 23 00:21:19 +0000 2020	3543	893	"Hoy en Cañuelas anunciamos dos líneas de financiamiento para empresas y para la compra de electrodomésticos.

Para volver a levantarnos necesitamos recuperar la producción, el trabajo y el consumo. No bajemos los brazos. Que la Argentina mejore depende de todos y todas. https://t.co/IpujKnqEqO"	https://twitter.com/alferdez/status/1308562049384042496	[]
alferdez	Wed Sep 23 00:06:14 +0000 2020	993	279	"Hago un llamamiento a que aprovechemos esta oportunidad histórica de unirnos como sociedad para hacer frente a una crisis sin precedentes. 

Espero que la solidaridad, el diálogo y la cooperación sigan siendo el camino para afrontar los desafíos que tenemos como humanidad."	https://twitter.com/alferdez/status/1308558255384391687	[]
alferdez	Wed Sep 23 00:06:13 +0000 2020	850	216	Es imprescindible dinamizar las capacidades de las Naciones Unidas. Necesitamos una ONU 4.0, con sus valores fundacionales intactos y la lucidez para incorporar los inmensos cambios tecnológicos en marcha para hacerlos más humanos, más democráticos y más inclusivos socialmente.	https://twitter.com/alferdez/status/1308558251928289280	[]
alferdez	Wed Sep 23 00:06:13 +0000 2020	290	111	Juntos, podemos poner al mundo de pie. Ello requiere que reconozcamos la importancia del equilibrio para establecer las prioridades del sistema multilateral, empezando por los últimos para llegar a todos. Tenemos que ser arquitectos de una nueva casa común.	https://twitter.com/alferdez/status/1308558249571033090	[]
alferdez	Wed Sep 23 00:06:12 +0000 2020	413	160	Si estamos uniendo esfuerzos para descubrir una vacuna contra el Covid-19, tenemos que ser capaces de soñar y construir una vacuna contra la injusticia social, la depredación ambiental y la discriminación en todas sus formas.	https://twitter.com/alferdez/status/1308558247738122241	[]
alferdez	Wed Sep 23 00:06:12 +0000 2020	3292	1016	"Les comparto mi intervención en la 75° Asamblea General de la @ONU_es, que por primera vez en la historia se realiza en forma virtual.

No es tiempo de globalizar la indiferencia. El mundo necesita recrear un multilateralismo basado en la solidaridad. 

https://t.co/9Pnr32aDzv"	https://twitter.com/alferdez/status/1308558245582299137	[]
alferdez	Mon Sep 21 19:43:57 +0000 2020	1968	588	"Junto a @juancabandie presentamos el Plan de Políticas Ambientales, que promueve prácticas de desarrollo sostenible para el futuro.

Debemos cuidar el ambiente como cuidamos nuestras casas, porque el mundo en que vivimos es nuestra casa común. https://t.co/md0WTB8251"	https://twitter.com/alferdez/status/1308129861207306240	[]
alferdez	Mon Sep 21 19:17:02 +0000 2020	20100	2440	"Estudiando, los y las jóvenes van consolidando su futuro y también el de la Argentina, que necesita sembrar conocimiento para ser un país mejor.

¡Felicidades a todos y a todas! 

#DiaDelEstudiante"	https://twitter.com/alferdez/status/1308123087167201284	[{'text': 'DiaDelEstudiante', 'indices': [180, 197]}]
alferdez	Mon Sep 21 18:41:45 +0000 2020	2694	810	"#TDM 
Gracias al esfuerzo de enfermeros y enfermeras, médicos y médicas, y a todo el personal de salud en estos tiempos de pandemia. 

Sin el esfuerzo que han puesto todo hubiera sido mucho más difícil. 

Gracias!!! https://t.co/BsiYYjyaCj"	https://twitter.com/alferdez/status/1308114210241609728	[{'text': 'TDM', 'indices': [0, 4]}]
alferdez	Mon Sep 21 12:56:30 +0000 2020	5290	1280	Felicidades a todos y todas quienes trabajan en la Sanidad. Su esfuerzo ha sido central en estas horas que la pandemia  lastima y se lleva la vida de tantos hombres y mujeres. Gracias por tanta dedicación y compromiso. Celebremos en su honor y en su día.#DiadelTrabajadordeSanidad https://t.co/nHu7Yv3qnv	https://twitter.com/alferdez/status/1308027322138755074	[{'text': 'DiadelTrabajadordeSanidad', 'indices': [254, 280]}]
alferdez	Sun Sep 20 21:58:55 +0000 2020	8049	1628	"Quiero desearles un feliz día a los jubilados y las jubiladas, que para nuestro gobierno siempre serán una prioridad.

Por eso, desde que comenzamos la gestión hemos tomado 24 medidas que buscan mejorar su calidad de vida y garantizarles su tranquilidad. https://t.co/mPFRGzOzzC"	https://twitter.com/alferdez/status/1307801440589688832	[]
alferdez	Sun Sep 20 13:16:07 +0000 2020	5992	1938	Una nota de @gracepenafort que merece ser leída. Tal vez revisando objetivamente las cosas que vienen pasando, podamos construir un Estado de Derecho en el que la hipocresía y los vicios cesen y las virtudes aumenten. https://t.co/RQsrr232eW	https://twitter.com/alferdez/status/1307669873707884545	[]
alferdez	Sat Sep 19 17:44:45 +0000 2020	6076	1147	Mi sentido abrazo y mis condolencias a la familia y seres queridos de Francisco Madariaga Quintela, nieto restituido por @abuelasdifusion. Le envío fuerzas y mi acompañamiento en este tiempo difícil a su padre, Abel Madariaga, que se encuentra internado con Covid. https://t.co/tbGpihsZU9	https://twitter.com/alferdez/status/1307375087763554311	[]
alferdez	Fri Sep 18 20:31:37 +0000 2020	6531	889	"¡Felicidades a la comunidad judía en el comienzo de #RoshHashana!

Esta vez toca recibir el año 5781 lejos de muchos afectos, pero siempre juntos. Con el amor intacto y la esperanza renovada.

¡Shaná Tová Umetuká!"	https://twitter.com/alferdez/status/1307054693705752578	[{'text': 'RoshHashana', 'indices': [52, 64]}]
alferdez	Fri Sep 18 20:00:36 +0000 2020	2781	667	"Hoy presentamos junto a @SabinaFrederic las obras de ampliación y equipamiento para el Hospital Churruca Visca.

Las fuerzas federales han hecho un esfuerzo enorme en la pandemia y el Estado tiene una deuda con ellas. Por eso llegó la hora de poner orden también en sus salarios. https://t.co/8OWgOV09wz"	https://twitter.com/alferdez/status/1307046889779593217	[]
alferdez	Fri Sep 18 02:31:51 +0000 2020	4148	767	"Ayer recibí a @EmilceMoler y me regaló su libro “La larga Noche de los Lápices: relatos de una sobreviviente”. 
Feliz por conocerla y conocer su enorme experiencia de vida. Ella es la muestra de que nada hay más fuerte que el amor al prójimo. https://t.co/QvYnSfPyYo"	https://twitter.com/alferdez/status/1306782960616648705	[]
alferdez	Fri Sep 18 02:19:06 +0000 2020	9074	1482	"Hemos trabajado juntos por los argentinos, con coincidencias y con diferencias. Y así lo seguiremos haciendo.

Nunca eludiremos el diálogo. Estoy seguro de que ese es el camino que debemos transitar para resolver los problemas del presente y afrontar los desafíos del futuro. https://t.co/JkCwvFHmAH"	https://twitter.com/alferdez/status/1306779753723166720	[]
alferdez	Thu Sep 17 00:47:21 +0000 2020	24800	5640	"Hace 44 años la dictadura secuestraba y torturaba a diez jóvenes que luchaban por sus derechos estudiantiles en la llamada Noche de los Lápices. Cuatro sobrevivieron, los demás continúan desaparecidos.

Hoy los lápices siguen escribiendo con memoria, con verdad y con justicia. https://t.co/zD8mN5yv2q"	https://twitter.com/alferdez/status/1306394276843184130	[]
alferdez	Wed Sep 16 23:46:53 +0000 2020	6190	1643	"El programa Conectar, que anunciamos hoy junto a @SantiCafiero y @micasmalcolm, promueve la inclusión y el acceso a internet y significa más oportunidades de crecimiento y desarrollo para todo el país.

Nuestro compromiso sigue siendo pensar en la Argentina del futuro. https://t.co/3Dpcq5jpcC"	https://twitter.com/alferdez/status/1306379058377379841	[]
alferdez	Wed Sep 16 00:45:35 +0000 2020	13845	3280	Un país federal no es en contra de nadie: es a favor de todos. https://t.co/IQpumRzQBL	https://twitter.com/alferdez/status/1306031441650819078	[]
alferdez	Tue Sep 15 21:07:45 +0000 2020	2840	669	"En San Juan firmamos junto a @sergiounac convenios para implementar el Programa de Fortalecimiento de Gestión Provincial y crear el Fondo Fiduciario Federal de Infraestructura Regional. 

Construir una Argentina integrada es una necesidad colectiva que debemos asumir entre todos. https://t.co/Vx6urG79am"	https://twitter.com/alferdez/status/1305976622173114368	[]
alferdez	Tue Sep 15 12:07:49 +0000 2020	3127	548	Me sumo a @NataliaDLSok en el recuerdo al siempre querido José Manuel de la Sota. Fue un dirigente ejemplar y un gran gobernador de Cordoba. Fue además un buen amigo con quien compartimos el compromiso de estar junto a los que más necesitan. https://t.co/9B2Fpci7Og	https://twitter.com/alferdez/status/1305840742447808512	[]
alferdez	Mon Sep 14 17:39:27 +0000 2020	5795	1501	"El programa Precios Cuidados para la Construcción facilita la compra de insumos con precios de referencia para esa actividad.

Poner en marcha el consumo, la producción y el empleo requiere que el Estado, los empresarios y los trabajadores actuemos conjuntamente. https://t.co/f13bgEIkMG"	https://twitter.com/alferdez/status/1305561814688845834	[]
alferdez	Mon Sep 14 03:24:55 +0000 2020	558	38	@barreiroonline Feliz cumpleaños!!! Cuídate mucho. Ya habrá un mejor tiempo para mejores festejos. Felicidades!!!🍾🎉🎊🎈	https://twitter.com/alferdez/status/1305346764451524608	[]
alferdez	Sun Sep 13 16:57:46 +0000 2020	11099	4376	En Argentina parte de la justicia, de la política y de los medios acordaron difamar y perseguir opositores. Cuando sus mentiras caen los mismos que hacían eso se corrigen como al pasar. Resulta que ⁦@FernandezAnibal⁩ no era “la Morsa”. En fin... https://t.co/UYdn89DMvy	https://twitter.com/alferdez/status/1305188939020599296	[]
alferdez	Sun Sep 13 13:46:29 +0000 2020	10268	1822	Murió mi querido amigo Mario Cafiero, presidente del INAES. Fue un gran dirigente y una enorme persona, de valores nobles y convicciones firmes. Mis condolencias y mi abrazo a la distancia a su familia y sus seres queridos. https://t.co/do7aYZtz7S	https://twitter.com/alferdez/status/1305140798644781058	[]
alferdez	Sat Sep 12 17:23:46 +0000 2020	5822	1109	"Cuando te recuperaste del COVID 19, tu plasma puede servir para curar a los que aun están enfermos. 
Donar tu plasma puede salvar vidas. 
Hacelo. https://t.co/VvrATxksti"	https://twitter.com/alferdez/status/1304833090498555905	[]
alferdez	Sat Sep 12 14:05:21 +0000 2020	2358	255	Feliz cumpleaños querido @jerogi !!! Espero que pases un muy lindo día. Lo mereces. Solo cuídate. No son tiempos de reuniones. A la distancia todos te abrazamos con el afecto de siempre. Felicidades!!!🎊🎈🍾 https://t.co/AD3xdhAL02	https://twitter.com/alferdez/status/1304783159553335297	[]
alferdez	Fri Sep 11 20:16:36 +0000 2020	14996	3614	Lo que estamos haciendo no es sembrar discordias. Estamos sembrando igualdad. https://t.co/lhtSmVQVjR	https://twitter.com/alferdez/status/1304514197745815553	[]
alferdez	Fri Sep 11 19:12:01 +0000 2020	3952	965	"Hoy junto a @wadodecorrido y @gkatopodis anunciamos obras para Buenos Aires, Chubut, Santa Fe, Tierra del Fuego y Tucumán.

El federalismo no se construye con discursos. Se construye con acciones concretas que equilibren las desigualdades e integren a la Argentina. https://t.co/iAeiSMg5EI"	https://twitter.com/alferdez/status/1304497947338563591	[]
alferdez	Fri Sep 11 13:01:17 +0000 2020	11780	2145	"En todo el país, el compromiso de nuestros maestros y nuestras maestras superó cualquier obstáculo que la pandemia nos impuso. 

Gracias por cuidar el futuro de la Argentina.

Feliz día. https://t.co/RKtiRzBeRV"	https://twitter.com/alferdez/status/1304404647952744448	[]
alferdez	Thu Sep 10 23:24:45 +0000 2020	17932	4637	"Agradezco a los gobernadores y las gobernadoras que respaldaron la creación del Fondo de Fortalecimiento Fiscal para la Provincia de Buenos Aires.

Es apenas un paso en la construcción de un verdadero federalismo que empiece a corregir los desequilibrios de nuestra patria. https://t.co/VP2FldGTRs"	https://twitter.com/alferdez/status/1304199161634578432	[]
alferdez	Wed Sep 09 21:10:08 +0000 2020	71356	13400	"Agradezco todas las muestras de preocupación y afecto que he recibido. Los problemas debemos afrontarlos y resolverlos en paz y con sensatez. 
A quienes quieren venir a acompañarme, los abrazo y les pido que no olviden que estamos en pandemia.
No potenciemos el riesgo."	https://twitter.com/alferdez/status/1303802894953701391	[]
alferdez	Wed Sep 09 18:14:22 +0000 2020	10705	1925	Somos un Gobierno convencido de lo que vino a hacer: a producir y a dar trabajo. Por eso celebro a las empresas como Quilmes, que siguieron trabajando, innovando e invirtiendo aun en la pandemia. Ese es el camino para volver a levantarnos. https://t.co/5GbXVvctnj	https://twitter.com/alferdez/status/1303758664092786690	[]
alferdez	Tue Sep 08 22:44:29 +0000 2020	1943	402	Hay muchas familias que pueden vivir de la tierra y pueden ayudar a otras a acceder a lo que producen. Desde el Estado debemos llevar conocimiento, infraestructura y trabajo a todo el interior del país para hacerlo posible.	https://twitter.com/alferdez/status/1303464250745257987	[]
alferdez	Tue Sep 08 22:44:28 +0000 2020	4558	1015	En el Día del Agricultor y la Agricultora presentamos junto al ministro @LEBasterra un plan de inversiones de más de $12.781 millones para la agricultura familiar, un sector que produce el 62 por ciento de los alimentos que consumen los argentinos y las argentinas. https://t.co/rD7Luq570T	https://twitter.com/alferdez/status/1303464246991347712	[]
alferdez	Tue Sep 08 18:58:38 +0000 2020	15116	4444	Desde @juntoscambioar han convocado al “diálogo para retomar la sensatez política y la cordura institucional”. El diálogo no recurre a mentiras y descalificaciones que agravian a personas e instituciones y afectan la convivencia democrática. Sensatez y cordura. Decirlo y hacerlo. https://t.co/vDcJ8Sib6v	https://twitter.com/alferdez/status/1303407415103291393	[]
alferdez	Tue Sep 08 18:22:35 +0000 2020	1866	481	Hemos superado el escollo de la deuda, pero aun nos queda mucho por hacer para reconstruir la Argentina que nos merecemos. Y la forma de lograrlo es con los empresarios, los trabajadores y el Estado trabajando mancomunadamente. Sigamos, unidos, por ese camino.	https://twitter.com/alferdez/status/1303398341217333250	[]
alferdez	Tue Sep 08 18:22:34 +0000 2020	1719	406	También anunciamos la creación de una línea de créditos del Banco Nación para la compra de motos de origen nacional, con una tasa fija subsidiada del 28,5 por ciento y la posibilidad de pago en hasta 48 cuotas mensuales.	https://twitter.com/alferdez/status/1303398339665428482	[]
alferdez	Tue Sep 08 18:22:34 +0000 2020	4529	1085	Hoy participé del lanzamiento de la producción nacional de motos Royal Enfield en la planta de rodados del Grupo SIMPA, que implicará una inversión de 700 millones de pesos y generará 100 nuevos puestos de trabajo. https://t.co/jhKt8CuVwZ	https://twitter.com/alferdez/status/1303398337320759297	[]
alferdez	Sun Sep 06 22:03:10 +0000 2020	5900	2072	Hoy a las 22 hs. la @TV_Publica dedicará un programa para reflexionar sobre la pandemia. En estas horas en que los contagios crecen, hacete parte de los que seriamente asumen el riesgo que enfrentamos. Informarse y ayudar tomando todas las prevenciones que el COVID 19 nos impone. https://t.co/2A6O3Lvtth	https://twitter.com/alferdez/status/1302729076407513099	[]
alferdez	Sat Sep 05 16:11:34 +0000 2020	4321	950	Gracias por tan lindo recuerdo querido amigo @RossiAgustinOk https://t.co/j5gDoMeQzB	https://twitter.com/alferdez/status/1302278207417331715	[]
alferdez	Fri Sep 04 22:29:38 +0000 2020	1324	391	"Este Programa prevé una inversión del Estado nacional de $37.700 millones que se destinarán a equipamiento, móviles policiales, infraestructura, tecnología e incorporación y capacitación de 10 mil nuevos agentes.

Al delito también le ganamos trabajando unidos. https://t.co/vODTDbvvEe"	https://twitter.com/alferdez/status/1302010964393496576	[]
alferdez	Fri Sep 04 22:29:16 +0000 2020	5665	1441	Una buena democracia es aquella que garantiza a los ciudadanos su seguridad y que aplica al que delinque una pena. Por eso la Nación, la Provincia y los municipios trabajamos en conjunto para desarrollar el Programa de Fortalecimiento de la Seguridad que anunciamos hoy. https://t.co/7vpGswDojL	https://twitter.com/alferdez/status/1302010869770051584	[]
alferdez	Fri Sep 04 00:07:43 +0000 2020	9744	1953	"El nuevo Peugeot 208, que empezó a fabricarse en El Palomar, tiene un 42% de componentes nacionales y aspiramos a que en el futuro sean aun más.
Así nos estamos poniendo en marcha: con inversores que confían, producen y dan trabajo, y un Estado que apoya el desarrollo industrial. https://t.co/BsWDcp6IBZ"	https://twitter.com/alferdez/status/1301673259839221760	[]
alferdez	Thu Sep 03 03:31:48 +0000 2020	19067	3643	Las amenazas de muerte contra @SergioMassa y @MalenaMassa son inaceptables desde cualquier punto de vista e impropias de la convivencia democrática. Convoco a quienes agitan discursos de odio a reflexionar, porque sus acciones repercuten en forma negativa en toda la sociedad.	https://twitter.com/alferdez/status/1301362228386557953	[]
alferdez	Thu Sep 03 00:09:55 +0000 2020	10472	3353	La Sociedad Argentina de Terapia Intensiva ha advertido que la ocupación de UTIs alcanza niveles críticos.Hoy recibí el mismo diagnóstico de trabajadores de la salud. Seamos responsables: evitar la circulación y el contacto es el único modo de no contagiarse. Tomemos conciencia. https://t.co/oOPs9qhCVN	https://twitter.com/alferdez/status/1301311424178913280	[]
alferdez	Wed Sep 02 14:18:24 +0000 2020	12999	3778	Gracias, querido amigo @lopezobrador_, por tu permanente apoyo y compromiso con la Argentina. La resolución de nuestra deuda es también una buena noticia para el continente. El futuro nos encontrará a los argentinos y los mexicanos caminando juntos en la senda del desarrollo. https://t.co/6e69MSFnlE	https://twitter.com/alferdez/status/1301162564173344775	[]
alferdez	Tue Sep 01 21:45:16 +0000 2020	2677	666	"Junto a @jmcapitanich firmamos hoy convenios en materia de telecomunicaciones, infraestructura social y construcción de viviendas para Chaco.

El país que tenemos que construir a partir de ahora es uno más integrado, que nos contenga a todos y termine con la desigualdad. https://t.co/mbakiDF2XC"	https://twitter.com/alferdez/status/1300912635924414464	[]
alferdez	Mon Aug 31 23:12:00 +0000 2020	11848	3132	"Hemos alcanzado una reestructuración de la deuda que nos despeja el camino para empezar a construir un futuro con producción y trabajo.

Si hay algo que los argentinos y las argentinas sabemos es levantarnos. Ya logramos ponernos de pie. Es hora de ponernos en marcha. https://t.co/JYSQEgspEe"	https://twitter.com/alferdez/status/1300572073652367360	[]
alferdez	Mon Aug 31 14:02:06 +0000 2020	7861	2119	"Les dijimos a los argentinos y las argentinas que buscaríamos un acuerdo por la deuda que no postergue a quienes más sufren. Y lo estamos logrando.

Estamos haciendo lo que dijimos que íbamos a hacer. Ahora, unidos, vamos a reconstruir la Argentina. https://t.co/18hMtgl460"	https://twitter.com/alferdez/status/1300433687893487617	[]
alferdez	Mon Aug 31 02:30:16 +0000 2020	23439	4933	"Ya está en órbita el satélite SAOCOM 1B, desarrollado por científicos y científicas de nuestro país, que brindará datos clave para la producción agropecuaria y la gestión de emergencias.

La ciencia y la tecnología, al servicio del desarrollo de la Argentina.

#HaciaElFuturo https://t.co/EFlcYsa2rh"	https://twitter.com/alferdez/status/1300259582388953089	[{'text': 'HaciaElFuturo', 'indices': [261, 275]}]
alferdez	Sat Aug 29 23:04:53 +0000 2020	10653	1884	"A partir de hoy, ni los chilenos que crucen a la Argentina ni los argentinos que viajen a Chile pagarán extra por el servicio de telefonía móvil. 

Es una gran noticia en este tiempo en que la conectividad es esencial para nuestras vidas. Gracias, querido @sebastianpinera. https://t.co/Zmdddx6REE"	https://twitter.com/alferdez/status/1299845505216847873	[]
alferdez	Sat Aug 29 22:56:01 +0000 2020	6235	1326	"Esta mañana falleció el padre Bachi, un hombre que dedicó su vida a servir a los más humildes bajo la enseñanza de Carlos Mugica. Tenía COVID-19 y estaba internado hace más de un mes.

Cuidemos la vida. La nuestra y la del otro. Cuidémonos entre todos y todas. https://t.co/BS7GOUYpM5"	https://twitter.com/alferdez/status/1299843277005426690	[]
alferdez	Sat Aug 29 21:27:21 +0000 2020	18431	2639	"De mi maestro y amigo Esteban Righi aprendí que un abogado no es solo un profesional del Derecho. Un abogado es alguien que, por sobre todas las cosas, hace prevalecer la ley, la libertad y los derechos del ser humano.

Feliz día para todas y todos mis colegas."	https://twitter.com/alferdez/status/1299820960351162368	[]
alferdez	Fri Aug 28 22:53:19 +0000 2020	14746	4256	"Con gran unidad social y política, la inmensa mayoría de la sociedad tiene conciencia de los riesgos que implica el Covid-19. Hoy es más necesaria que nunca la responsabilidad personal, que tiene impacto colectivo.

Sigamos cuidándonos y trabajando unidos para salvar vidas. https://t.co/ZacWeTHboF"	https://twitter.com/alferdez/status/1299480207712288769	[]
alferdez	Thu Aug 27 02:13:09 +0000 2020	7571	1684	"Esta mañana mantuve una extensa conversación con la directora gerente del FMI, @KGeorgieva. Debemos poner en orden las cuentas sin postergar a quienes ya mucho han sufrido.

El mundo ha cambiado con la pandemia, y en ese mundo pondremos de pie a nuestra Argentina. https://t.co/GaLuIuvsMC"	https://twitter.com/alferdez/status/1298805720406786053	[]
alferdez	Wed Aug 26 02:25:22 +0000 2020	4129	1122	"Las leyes de demarcación del límite exterior de la plataforma continental y de creación del Consejo Nacional de Malvinas, que promulgamos hoy, son muy importantes para la Argentina.

El legítimo e imprescriptible reclamo de soberanía es una política irrenunciable del Estado. https://t.co/z89iDnrvxx"	https://twitter.com/alferdez/status/1298446408912183300	[]
alferdez	Wed Aug 26 02:16:57 +0000 2020	3405	642	Las obras que anunciamos hoy en Catamarca, en La Rioja, en San Luis, en Mendoza y en Santiago del Estero son una muestra de ese trabajo en conjunto. Ese es el camino que debemos seguir para dejar atrás este tiempo difícil y volver a ponernos de pie.	https://twitter.com/alferdez/status/1298444292399280128	[]
alferdez	Wed Aug 26 02:16:52 +0000 2020	9883	1809	La pandemia fue una situación que nadie esperaba, pero también una prueba para que demostremos nuestra capacidad de trabajar juntos en favor de la gente y de gobernar para todos, más allá del color político. https://t.co/oWTrh9sNdu	https://twitter.com/alferdez/status/1298444269259194374	[]
alferdez	Mon Aug 24 23:43:52 +0000 2020	12147	2334	"El país ha vuelto a ponerse en marcha y la estación Villa Rosa, que inauguramos hoy en Pilar, es un ejemplo de ello.

Algunos nos decían que la economía no se frene y que caigan los que tengan que caer. Nosotros elegimos preservar la vida, la salud y el futuro de todos y todas. https://t.co/BWX4BeRmhW"	https://twitter.com/alferdez/status/1298043376231743488	[]
alferdez	Mon Aug 24 04:31:27 +0000 2020	5132	1337	Es útil reflexionar sobre lo que hemos vivido y asumir la tragedia a la que nos han condenado las malas políticas. Esa es la realidad y no tiene sentido ofenderse por lo que los datos objetivos muestran. Al fin y al cabo, nunca es triste la verdad, lo que no tiene es remedio.	https://twitter.com/alferdez/status/1297753363292053504	[]
