date	screen_name	text	fav	retweet	url	is_rt	followers_count	friends_count
Thu Oct 21 15:51:32 +0000 2021	moniromboli	RT @ezebisso: Momento épico en el que @diegosantilli le deja en claro a @vtolosapaz, que @mariuvidal fue la ÚNICA GOBERNADORA, que peleó en…	0	17	https://twitter.com/moniromboli/status/1451214576683528196	False	12474	12386
Thu Oct 21 15:50:53 +0000 2021	glaperez07	RT @ezebisso: Momento épico en el que @diegosantilli le deja en claro a @vtolosapaz, que @mariuvidal fue la ÚNICA GOBERNADORA, que peleó en…	0	17	https://twitter.com/glaperez07/status/1451214414523346947	False	3730	3523
Thu Oct 21 15:50:02 +0000 2021	gatejo	"@diegocabot @HijoAlbanil Los Simpson's anticiparon las respuestas automáticas de @vtolosapaz 😂
#DebateBsAs https://t.co/dke4QP7rM9"	0	0	https://twitter.com/gatejo/status/1451214200471232518	False	878	2469
Thu Oct 21 15:48:47 +0000 2021	REINA_MENCIA	RT @ezebisso: Momento épico en el que @diegosantilli le deja en claro a @vtolosapaz, que @mariuvidal fue la ÚNICA GOBERNADORA, que peleó en…	0	17	https://twitter.com/REINA_MENCIA/status/1451213886443696135	False	2912	1743
Thu Oct 21 15:48:09 +0000 2021	Raullinomelleri	RT @ezebisso: Momento épico en el que @diegosantilli le deja en claro a @vtolosapaz, que @mariuvidal fue la ÚNICA GOBERNADORA, que peleó en…	0	17	https://twitter.com/Raullinomelleri/status/1451213725919109121	False	165	246
Thu Oct 21 15:47:54 +0000 2021	Clau_claudius8	RT @ezebisso: Momento épico en el que @diegosantilli le deja en claro a @vtolosapaz, que @mariuvidal fue la ÚNICA GOBERNADORA, que peleó en…	0	17	https://twitter.com/Clau_claudius8/status/1451213662752948231	False	14625	14567
Thu Oct 21 15:47:40 +0000 2021	RICKHARD63	RT @ezebisso: Momento épico en el que @diegosantilli le deja en claro a @vtolosapaz, que @mariuvidal fue la ÚNICA GOBERNADORA, que peleó en…	0	17	https://twitter.com/RICKHARD63/status/1451213607329488900	False	630	682
Thu Oct 21 15:44:56 +0000 2021	ravallejo01	RT @ezebisso: Momento épico en el que @diegosantilli le deja en claro a @vtolosapaz, que @mariuvidal fue la ÚNICA GOBERNADORA, que peleó en…	0	17	https://twitter.com/ravallejo01/status/1451212919677534212	False	99	491
Thu Oct 21 15:43:46 +0000 2021	VickyVi69541371	RT @ezebisso: Momento épico en el que @diegosantilli le deja en claro a @vtolosapaz, que @mariuvidal fue la ÚNICA GOBERNADORA, que peleó en…	0	17	https://twitter.com/VickyVi69541371/status/1451212624235008002	False	92	337
Thu Oct 21 15:43:26 +0000 2021	Loka99150667	RT @ezebisso: Momento épico en el que @diegosantilli le deja en claro a @vtolosapaz, que @mariuvidal fue la ÚNICA GOBERNADORA, que peleó en…	0	17	https://twitter.com/Loka99150667/status/1451212541909164044	False	81	49
Thu Oct 21 15:41:48 +0000 2021	fsuke16	"RT @SpaccesiAgustin: En el #DebateBsAs lo de #Espert fue impecable! 

Les mostró a todos como la casta como le roba el futuro a todos!!

En…"	0	14	https://twitter.com/fsuke16/status/1451212128283762689	False	26	108
Thu Oct 21 15:37:39 +0000 2021	DeliaVerdu	RT @ezebisso: Momento épico en el que @diegosantilli le deja en claro a @vtolosapaz, que @mariuvidal fue la ÚNICA GOBERNADORA, que peleó en…	0	17	https://twitter.com/DeliaVerdu/status/1451211086754160640	False	242	99
Thu Oct 21 15:37:26 +0000 2021	aleq45	RT @ezebisso: Momento épico en el que @diegosantilli le deja en claro a @vtolosapaz, que @mariuvidal fue la ÚNICA GOBERNADORA, que peleó en…	0	17	https://twitter.com/aleq45/status/1451211031431233541	False	3872	5004
Thu Oct 21 15:35:31 +0000 2021	gtuxenbang	RT @ezebisso: Momento épico en el que @diegosantilli le deja en claro a @vtolosapaz, que @mariuvidal fue la ÚNICA GOBERNADORA, que peleó en…	0	17	https://twitter.com/gtuxenbang/status/1451210550063636485	False	4928	5316
Thu Oct 21 15:34:28 +0000 2021	AnarkoMenemismo	"Randy es tan peronista... Que no solo es un camaleonico como tal.
Sino que se choreo el icono de cuenta verificada de twitter para el logo de su frente.
#DebateBuenosAires #debate  #DebateBsAs https://t.co/48KpKPpyx3"	0	0	https://twitter.com/AnarkoMenemismo/status/1451210283997859843	False	24	123
Thu Oct 21 15:32:56 +0000 2021	BobPeronia	RT @ezebisso: Momento épico en el que @diegosantilli le deja en claro a @vtolosapaz, que @mariuvidal fue la ÚNICA GOBERNADORA, que peleó en…	0	17	https://twitter.com/BobPeronia/status/1451209897807269893	False	1	62
Thu Oct 21 15:32:55 +0000 2021	CanarioVerde1	RT @ezebisso: Momento épico en el que @diegosantilli le deja en claro a @vtolosapaz, que @mariuvidal fue la ÚNICA GOBERNADORA, que peleó en…	0	17	https://twitter.com/CanarioVerde1/status/1451209893931855883	False	364	760
Thu Oct 21 15:32:50 +0000 2021	biyuya_2017	RT @ezebisso: Momento épico en el que @diegosantilli le deja en claro a @vtolosapaz, que @mariuvidal fue la ÚNICA GOBERNADORA, que peleó en…	0	17	https://twitter.com/biyuya_2017/status/1451209874671427593	False	470	271
Thu Oct 21 15:32:24 +0000 2021	pblcabj	"RT @Anonymou5____: Quien está ganando el debate?
Sean sinceros más allá del favoritismo
Se agradece el RT y la compartida
#DebateBsAs #Deba…"	0	14	https://twitter.com/pblcabj/status/1451209763262398472	False	40581	43343
Thu Oct 21 15:32:13 +0000 2021	PabloMoledo1	RT @SusurrosBaires: #Argentina #ArgentinaUnida #EleccionesArgentina  #Politica  #FrenteDeTodos #PapaFrancesco #SanMiguel #peroncumple   Lo…	0	10	https://twitter.com/PabloMoledo1/status/1451209719545090052	False	1256	1299
Thu Oct 21 15:31:38 +0000 2021	Ricapitalismo	"RT @Anonymou5____: Quien está ganando el debate?
Sean sinceros más allá del favoritismo
Se agradece el RT y la compartida
#DebateBsAs #Deba…"	0	14	https://twitter.com/Ricapitalismo/status/1451209571817689093	False	99	180
Thu Oct 21 15:30:41 +0000 2021	Apuntes_	RT @ezebisso: Momento épico en el que @diegosantilli le deja en claro a @vtolosapaz, que @mariuvidal fue la ÚNICA GOBERNADORA, que peleó en…	0	17	https://twitter.com/Apuntes_/status/1451209332150849541	False	60923	1576
Thu Oct 21 15:30:14 +0000 2021	martinez56bis	"RT @MechiCOk: Es muy de kirchnerista decir q estas haciendo algo q todos sabemos q no haces ni vas a hacer 
#DebateBsAs https://t.co/obFXjv…"	0	3	https://twitter.com/martinez56bis/status/1451209217348571136	False	1006	502
Thu Oct 21 15:28:56 +0000 2021	amurialdo	"RT @JorRausch: 🔴 #Memoria 

Para VICTORIA TOLOSA PAZ (el kirchnerismo✌🏽🚩), hablar de nuestros familiares muertos por #Covid19, es hablar de…"	0	41	https://twitter.com/amurialdo/status/1451208890582974472	False	3050	2232
Thu Oct 21 15:28:44 +0000 2021	Noal304	RT @elhombregris14: #DerrotaTolosaPaz en el #DebateBsAs por #TN ayer...#AhPeroMacri, #Macri, #Macri, #Macri..... https://t.co/IC1ZaTPg7k	0	18	https://twitter.com/Noal304/status/1451208839714332683	False	490	956
Thu Oct 21 15:25:36 +0000 2021	pedro21755934	RT @elhombregris14: #DerrotaTolosaPaz en el #DebateBsAs por #TN ayer...#AhPeroMacri, #Macri, #Macri, #Macri..... https://t.co/IC1ZaTPg7k	0	18	https://twitter.com/pedro21755934/status/1451208052510756875	False	493	778
Thu Oct 21 15:25:36 +0000 2021	feliperobert032	RT @SusurrosBaires: #Argentina #ArgentinaUnida #EleccionesArgentina  #Politica  #FrenteDeTodos #PapaFrancesco #SanMiguel #peroncumple   Lo…	0	10	https://twitter.com/feliperobert032/status/1451208051273441280	False	186	115
Thu Oct 21 15:23:26 +0000 2021	CristianVj86	"RT @Sami25280250: #DebateBsAs
Junto a nuestra candidata Victoria T.Paz https://t.co/sE9vfYKRuA"	0	13	https://twitter.com/CristianVj86/status/1451207506194227206	False	1000	937
Thu Oct 21 15:23:06 +0000 2021	IngJulioMartin	RT @elhombregris14: #DerrotaTolosaPaz en el #DebateBsAs por #TN ayer...#AhPeroMacri, #Macri, #Macri, #Macri..... https://t.co/IC1ZaTPg7k	0	18	https://twitter.com/IngJulioMartin/status/1451207421406420997	False	263	624
Thu Oct 21 15:22:31 +0000 2021	ParlanteSorda	"RT @pormifuturo1: Derrota paz hablando de no hacer oportunismo político con la pandemia????? 

Danos una explicación NO política de por qué…"	0	46	https://twitter.com/ParlanteSorda/status/1451207277055250443	False	22	72
Thu Oct 21 15:22:24 +0000 2021	elisamas1	RT @elhombregris14: #DerrotaTolosaPaz en el #DebateBsAs por #TN ayer...#AhPeroMacri, #Macri, #Macri, #Macri..... https://t.co/IC1ZaTPg7k	0	18	https://twitter.com/elisamas1/status/1451207246923321348	False	29588	31107
Thu Oct 21 15:21:16 +0000 2021	Norte332	"RT @DANYD8: #DebateBsAs 
#Santilli tibio pero fue el único que expuso propuestas 
#TolosaPaz ""ah pero Macri"" desubicada y con una sonrisa f…"	0	15	https://twitter.com/Norte332/status/1451206963770056706	False	72	275
Thu Oct 21 15:17:38 +0000 2021	noratrigueros	RT @elhombregris14: #DerrotaTolosaPaz en el #DebateBsAs por #TN ayer...#AhPeroMacri, #Macri, #Macri, #Macri..... https://t.co/IC1ZaTPg7k	0	18	https://twitter.com/noratrigueros/status/1451206046966370307	False	2800	1754
Thu Oct 21 15:14:32 +0000 2021	Dcevampiro	"RT @Dcevampiro: ENCUESTA: 
A alguien le hizo modificar su voto para el 14 de Noviembre? #DebateBuenosAires #DebateBsAs #Debateprovincia #De…"	0	5	https://twitter.com/Dcevampiro/status/1451205266809098244	False	17555	501
Thu Oct 21 15:12:49 +0000 2021	TrotzMila	RT @zurdoinutil: Propongo en este minuto final, que me votes, sino me quedo sin laburo! #DebateBuenosAires #DebateBsAs #Debateprovincia #de…	0	11	https://twitter.com/TrotzMila/status/1451204836595159040	False	2	7
Thu Oct 21 15:08:04 +0000 2021	01caf	RT @StellaM605: Pregunto: Los Bonaerenses y toda la gente del país..No se miran en el espejo de la ciudad? Les gustaría que todo el país se…	0	23	https://twitter.com/01caf/status/1451203640547594242	False	1549	1212
Thu Oct 21 15:04:20 +0000 2021	CazcoCristian	"RT @LibresPilar: 📌 #DebateBsAs
🕛 A las 22hs Florencio Randazzo va estar debatiendo por Buenos Aires, junto a Victoria Tolosa Paz, Cynthia H…"	0	25	https://twitter.com/CazcoCristian/status/1451202699727228936	False	27	22
Thu Oct 21 15:03:54 +0000 2021	maitenafirulai	"RT @JorRausch: La pregunta del “colo” @diegosantilli que destrozó a Victoria Tolosa Paz 
#Debateprovincia 
#DebateBsAs 
#debate 
#DebateBue…"	0	18	https://twitter.com/maitenafirulai/status/1451202591073837069	False	2491	1371
Thu Oct 21 15:00:57 +0000 2021	NickyGaiot	"Hotton y Randazzo haciéndose preguntas

#DebateBuenosAires #Randazzo #Hotton #DebateBsAs https://t.co/y0pSjDCptH"	2	0	https://twitter.com/NickyGaiot/status/1451201850842124300	False	48	207
Thu Oct 21 14:58:44 +0000 2021	AgusLion14	RT @elhombregris14: #DerrotaTolosaPaz en el #DebateBsAs por #TN ayer...#AhPeroMacri, #Macri, #Macri, #Macri..... https://t.co/IC1ZaTPg7k	0	18	https://twitter.com/AgusLion14/status/1451201289786953729	False	1172	1234
Thu Oct 21 14:58:23 +0000 2021	BeatrizLepera	RT @elhombregris14: #DerrotaTolosaPaz en el #DebateBsAs por #TN ayer...#AhPeroMacri, #Macri, #Macri, #Macri..... https://t.co/IC1ZaTPg7k	0	18	https://twitter.com/BeatrizLepera/status/1451201202742460424	False	1835	2718
Thu Oct 21 14:57:36 +0000 2021	oskarito1800	"RT @Anonymou5____: Quien está ganando el debate?
Sean sinceros más allá del favoritismo
Se agradece el RT y la compartida
#DebateBsAs #Deba…"	0	14	https://twitter.com/oskarito1800/status/1451201004649676809	False	312	436
Thu Oct 21 14:56:14 +0000 2021	FantasmaCab	RT @jorgecorchomat: #DerrotaPaz y dale con #Vidal No podes explicar las ordenes de detenciones de tu #Jefa el voto en la @ONU_es a favor de…	0	23	https://twitter.com/FantasmaCab/status/1451200662360903688	False	1185	1732
Thu Oct 21 14:54:36 +0000 2021	m_marcelo_V	"RT @Anonymou5____: Quien está ganando el debate?
Sean sinceros más allá del favoritismo
Se agradece el RT y la compartida
#DebateBsAs #Deba…"	0	14	https://twitter.com/m_marcelo_V/status/1451200251008716810	False	325	490
Thu Oct 21 14:49:07 +0000 2021	Ale69720266	RT @elhombregris14: #DerrotaTolosaPaz en el #DebateBsAs por #TN ayer...#AhPeroMacri, #Macri, #Macri, #Macri..... https://t.co/IC1ZaTPg7k	0	18	https://twitter.com/Ale69720266/status/1451198871955132422	False	135	451
Thu Oct 21 14:48:25 +0000 2021	RCalegiure	RT @jorgecorchomat: #DerrotaPaz y dale con #Vidal No podes explicar las ordenes de detenciones de tu #Jefa el voto en la @ONU_es a favor de…	0	23	https://twitter.com/RCalegiure/status/1451198693911056400	False	832	710
Thu Oct 21 14:46:29 +0000 2021	HugoLop12141476	RT @adriiii27: La violencia verbal de @jlespert sobre @vtolosapaz es demasiada. Y ninguno de los moderadores movió un dedo #asco el #Debate…	0	3	https://twitter.com/HugoLop12141476/status/1451198210320449548	False	4573	4682
Thu Oct 21 14:46:17 +0000 2021	RicBaren	RT @jorgecorchomat: #DerrotaPaz y dale con #Vidal No podes explicar las ordenes de detenciones de tu #Jefa el voto en la @ONU_es a favor de…	0	23	https://twitter.com/RicBaren/status/1451198157224775687	False	23471	23480
Thu Oct 21 14:40:44 +0000 2021	InspiracionOmbu	RT @SusurrosBaires: #Argentina #ArgentinaUnida #EleccionesArgentina  #Politica  #FrenteDeTodos #PapaFrancesco #SanMiguel #peroncumple   Lo…	0	10	https://twitter.com/InspiracionOmbu/status/1451196760525705222	False	54	262
Thu Oct 21 14:40:24 +0000 2021	LuppinoMaximo	RT @SusurrosBaires: #Argentina #ArgentinaUnida #EleccionesArgentina  #Politica  #FrenteDeTodos #PapaFrancesco #SanMiguel #peroncumple   Lo…	0	10	https://twitter.com/LuppinoMaximo/status/1451196675553251330	False	132	276
Thu Oct 21 14:40:06 +0000 2021	Maxluppino	RT @SusurrosBaires: #Argentina #ArgentinaUnida #EleccionesArgentina  #Politica  #FrenteDeTodos #PapaFrancesco #SanMiguel #peroncumple   Lo…	0	10	https://twitter.com/Maxluppino/status/1451196601964249095	False	1267	890
Thu Oct 21 14:39:42 +0000 2021	armas_plaza	RT @SusurrosBaires: #Argentina #ArgentinaUnida #EleccionesArgentina  #Politica  #FrenteDeTodos #PapaFrancesco #SanMiguel #peroncumple   Lo…	0	10	https://twitter.com/armas_plaza/status/1451196500373958664	False	119	323
Thu Oct 21 14:39:13 +0000 2021	OAgrietada	"RT @pormifuturo1: Derrota paz hablando de no hacer oportunismo político con la pandemia????? 

Danos una explicación NO política de por qué…"	0	46	https://twitter.com/OAgrietada/status/1451196379666137090	False	798	726
Thu Oct 21 14:38:57 +0000 2021	Martin_Fierro_T	RT @SusurrosBaires: #Argentina #ArgentinaUnida #EleccionesArgentina  #Politica  #FrenteDeTodos #PapaFrancesco #SanMiguel #peroncumple   Lo…	0	10	https://twitter.com/Martin_Fierro_T/status/1451196312666312710	False	410	384
Thu Oct 21 14:38:49 +0000 2021	OAgrietada	RT @elhombregris14: #DerrotaTolosaPaz en el #DebateBsAs por #TN ayer...#AhPeroMacri, #Macri, #Macri, #Macri..... https://t.co/IC1ZaTPg7k	0	18	https://twitter.com/OAgrietada/status/1451196277786480645	False	798	726
Thu Oct 21 14:38:47 +0000 2021	_ArgNoticias_	RT @SusurrosBaires: #Argentina #ArgentinaUnida #EleccionesArgentina  #Politica  #FrenteDeTodos #PapaFrancesco #SanMiguel #peroncumple   Lo…	0	10	https://twitter.com/_ArgNoticias_/status/1451196272392638478	False	891	1382
Thu Oct 21 14:37:55 +0000 2021	joven8591	RT @elhombregris14: #DerrotaTolosaPaz en el #DebateBsAs por #TN ayer...#AhPeroMacri, #Macri, #Macri, #Macri..... https://t.co/IC1ZaTPg7k	0	18	https://twitter.com/joven8591/status/1451196052317491213	False	5190	2888
Thu Oct 21 14:36:19 +0000 2021	grupo_pampa	RT @SusurrosBaires: #Argentina #ArgentinaUnida #EleccionesArgentina  #Politica  #FrenteDeTodos #PapaFrancesco #SanMiguel #peroncumple   Lo…	0	10	https://twitter.com/grupo_pampa/status/1451195649244860426	False	164	611
Thu Oct 21 14:34:40 +0000 2021	t0ni_rhcp	"RT @SpaccesiAgustin: En el #DebateBsAs lo de #Espert fue impecable! 

Les mostró a todos como la casta como le roba el futuro a todos!!

En…"	0	14	https://twitter.com/t0ni_rhcp/status/1451195235367747598	False	81	460
Thu Oct 21 14:31:17 +0000 2021	Cafeina64	RT @elhombregris14: #DerrotaTolosaPaz en el #DebateBsAs por #TN ayer...#AhPeroMacri, #Macri, #Macri, #Macri..... https://t.co/IC1ZaTPg7k	0	18	https://twitter.com/Cafeina64/status/1451194384393797639	False	1036	1514
Thu Oct 21 14:29:28 +0000 2021	marisachef1	"RT @JorRausch: La pregunta del “colo” @diegosantilli que destrozó a Victoria Tolosa Paz 
#Debateprovincia 
#DebateBsAs 
#debate 
#DebateBue…"	0	18	https://twitter.com/marisachef1/status/1451193927504064514	False	6592	5930
Thu Oct 21 14:25:46 +0000 2021	MariaIs43805827	RT @StellaM605: #debate TPaz pelea x la impunidad de los corruptos del gobierno,inclusive de su marido procesado,Del Caño quiere seguir ato…	0	6	https://twitter.com/MariaIs43805827/status/1451192994313293829	False	2572	4022
Thu Oct 21 14:25:26 +0000 2021	MariaIs43805827	RT @StellaM605: Pregunto: Los Bonaerenses y toda la gente del país..No se miran en el espejo de la ciudad? Les gustaría que todo el país se…	0	23	https://twitter.com/MariaIs43805827/status/1451192910645366801	False	2572	4022
Thu Oct 21 14:23:47 +0000 2021	ConsulFlavio	RT @elhombregris14: #DerrotaTolosaPaz en el #DebateBsAs por #TN ayer...#AhPeroMacri, #Macri, #Macri, #Macri..... https://t.co/IC1ZaTPg7k	0	18	https://twitter.com/ConsulFlavio/status/1451192495627399183	False	1200	1174
Thu Oct 21 14:22:32 +0000 2021	ABorches	RT @elhombregris14: #DerrotaTolosaPaz en el #DebateBsAs por #TN ayer...#AhPeroMacri, #Macri, #Macri, #Macri..... https://t.co/IC1ZaTPg7k	0	18	https://twitter.com/ABorches/status/1451192180408655874	False	12359	12540
Thu Oct 21 14:19:55 +0000 2021	LicioUlpiano	"RT @Trocaster: Resumiendo...
Derrota Paz
#DebateBuenosAires
#DebateBsAs https://t.co/crFV27QIXS"	0	47	https://twitter.com/LicioUlpiano/status/1451191522255274002	False	5263	5675
Thu Oct 21 14:18:29 +0000 2021	agussgodoyok	Bien @CynthiaHotton ! Qué placer escucharte en el #DebateBsAs y escuchar propuestas	0	0	https://twitter.com/agussgodoyok/status/1451191161356369924	False	120	480
Thu Oct 21 14:16:30 +0000 2021	mareco2014	RT @elhombregris14: #DerrotaTolosaPaz en el #DebateBsAs por #TN ayer...#AhPeroMacri, #Macri, #Macri, #Macri..... https://t.co/IC1ZaTPg7k	0	18	https://twitter.com/mareco2014/status/1451190662435459075	False	3800	4849
Thu Oct 21 14:13:17 +0000 2021	Santiag32322487	"RT @Sami25280250: #DebateBsAs
Junto a nuestra candidata Victoria T.Paz https://t.co/sE9vfYKRuA"	0	13	https://twitter.com/Santiag32322487/status/1451189854981689349	False	14	73
Thu Oct 21 14:12:57 +0000 2021	mariposadefurgo	"RT @AgenciaTelam: #DebateBsAs | Los debates en TV reabren la polémica sobre la incidencia del ""panelismo"" y el desacople con el electorado…"	0	2	https://twitter.com/mariposadefurgo/status/1451189769329725455	False	3905	1752
Thu Oct 21 14:10:48 +0000 2021	monteraux	"RT @AgenciaTelam: #DebateBsAs | Los debates en TV reabren la polémica sobre la incidencia del ""panelismo"" y el desacople con el electorado…"	0	2	https://twitter.com/monteraux/status/1451189228004540420	False	9868	769
Thu Oct 21 14:10:00 +0000 2021	AgenciaTelam	"#DebateBsAs | Los debates en TV reabren la polémica sobre la incidencia del ""panelismo"" y el desacople con el electorado

✍ Martín Piqué

https://t.co/fbFWq22d2M"	9	2	https://twitter.com/AgenciaTelam/status/1451189026254475264	False	680969	191
Thu Oct 21 14:08:45 +0000 2021	santi_xyz	"Di lo tuyo Santilli !!

#DebateBsAs #DebateBuenosAires https://t.co/HYx8Ic2hKu"	5	0	https://twitter.com/santi_xyz/status/1451188714059624449	False	222	271
Thu Oct 21 14:08:42 +0000 2021	SusurrosBaires	RT @SusurrosBaires: #Argentina #ArgentinaUnida #EleccionesArgentina  #Politica  #FrenteDeTodos #PapaFrancesco #SanMiguel #peroncumple   Lo…	0	10	https://twitter.com/SusurrosBaires/status/1451188700138774530	False	834	885
Thu Oct 21 14:08:08 +0000 2021	SusurrosBaires	"#Argentina #ArgentinaUnida #EleccionesArgentina  #Politica  #FrenteDeTodos #PapaFrancesco #SanMiguel #peroncumple   Lo más duro del #DebateBsAs Tolosa Paz: ""Fue tal el desastre de Cambiemos que Vidal se escapó y hoy acá está  Santilli"". Una realidad que lastima a Cambiemos!!! https://t.co/7qhLpaJrOE"	10	10	https://twitter.com/SusurrosBaires/status/1451188557079461905	False	834	885
Thu Oct 21 14:07:34 +0000 2021	Micaela___ARG	RT @elhombregris14: #DerrotaTolosaPaz en el #DebateBsAs por #TN ayer...#AhPeroMacri, #Macri, #Macri, #Macri..... https://t.co/IC1ZaTPg7k	0	18	https://twitter.com/Micaela___ARG/status/1451188413877534730	False	373	374
Thu Oct 21 14:06:52 +0000 2021	DavidazuldOld	RT @elhombregris14: #DerrotaTolosaPaz en el #DebateBsAs por #TN ayer...#AhPeroMacri, #Macri, #Macri, #Macri..... https://t.co/IC1ZaTPg7k	0	18	https://twitter.com/DavidazuldOld/status/1451188237930663938	False	2410	2342
Thu Oct 21 14:04:27 +0000 2021	paulita_pro	RT @elhombregris14: #DerrotaTolosaPaz en el #DebateBsAs por #TN ayer...#AhPeroMacri, #Macri, #Macri, #Macri..... https://t.co/IC1ZaTPg7k	0	18	https://twitter.com/paulita_pro/status/1451187631492976649	False	8914	7441
Thu Oct 21 14:03:57 +0000 2021	elhombregris14	#DerrotaTolosaPaz en el #DebateBsAs por #TN ayer...#AhPeroMacri, #Macri, #Macri, #Macri..... https://t.co/IC1ZaTPg7k	16	18	https://twitter.com/elhombregris14/status/1451187502539178005	False	5731	5644
Thu Oct 21 13:57:14 +0000 2021	ezebisso	Momento épico en el que @diegosantilli le deja en claro a @vtolosapaz, que @mariuvidal fue la ÚNICA GOBERNADORA, que peleó en serio por los recursos de los bonaerenses. Gobernaron la provincia 28 años y la dejaron arrasada. #DebateBsAs https://t.co/4MBfL6bi9P	37	17	https://twitter.com/ezebisso/status/1451185815787216908	False	1792	326
Thu Oct 21 13:54:09 +0000 2021	SonciTere	"#SiAlAcuerdoDePrecios
#BuenosDias
#BuenJueves
#DebateBsAs
Cumpas. Quiero la lista de las empresas que acordaron congelar los precios? Alguien x ahí la tiene????"	0	0	https://twitter.com/SonciTere/status/1451185037685116929	False	670	803
Thu Oct 21 13:53:58 +0000 2021	dalbon_ana	"RT @AgenciaTelam: 🗳️ #Legislativas2021 

#DebateBsAs | Rodríguez Larreta: ""Santilli estuvo muy sólido y tranquilo""

https://t.co/sT75zqwKiI"	0	1	https://twitter.com/dalbon_ana/status/1451184991111561216	False	322	338
Thu Oct 21 13:44:39 +0000 2021	pablocaps1989	"Tendría que llevar de collar una B no una V
Por lo BOLUDA que es #DerrotaTolosaPaz 
#DebateBsAs #DebateBuenosAires"	1	0	https://twitter.com/pablocaps1989/status/1451182648022298624	False	4726	558
Thu Oct 21 13:42:50 +0000 2021	silencioypalabr	"RT @SpaccesiAgustin: En el #DebateBsAs lo de #Espert fue impecable! 

Les mostró a todos como la casta como le roba el futuro a todos!!

En…"	0	14	https://twitter.com/silencioypalabr/status/1451182191568830475	False	872	350
Thu Oct 21 13:41:19 +0000 2021	pablocaps1989	"En el peronismo se garcha dijo #DerrotaTolosaPaz 
Si mami, el 14 de noviembre les va a quedar el ocote como la olla del comedor de margarita Barrientos 🤣🤣🤣🤣🤣🤣
#DebateBsAs #DebateBuenosAires"	1	0	https://twitter.com/pablocaps1989/status/1451181807953530885	False	4726	558
Thu Oct 21 13:40:43 +0000 2021	calitacolo	"RT @MechiCOk: Es muy de kirchnerista decir q estas haciendo algo q todos sabemos q no haces ni vas a hacer 
#DebateBsAs https://t.co/obFXjv…"	0	3	https://twitter.com/calitacolo/status/1451181659177439238	False	951	1399
Thu Oct 21 13:40:31 +0000 2021	analia66226643	"RT @DANYD8: #DebateBsAs 
#Santilli tibio pero fue el único que expuso propuestas 
#TolosaPaz ""ah pero Macri"" desubicada y con una sonrisa f…"	0	15	https://twitter.com/analia66226643/status/1451181607105171466	False	76	210
Thu Oct 21 13:37:17 +0000 2021	pablocaps1989	"Ni hablar sabe. Dijo: quiero empezar agradecer. Se dice quiero empezar agradeciendo! 
#DerrotaTolosaPaz esta psiquiátrica 
#DebateBsAs #DebateBuenosAires https://t.co/FV0GYPV8em"	1	0	https://twitter.com/pablocaps1989/status/1451180794341249026	False	4726	558
Thu Oct 21 13:37:03 +0000 2021	sassenec	RT @myriambregman: El reclamo de @hipotecadosuva en el #DebateBsAs https://t.co/p5sMDX4iUR	0	6	https://twitter.com/sassenec/status/1451180736745140239	False	95	285
Thu Oct 21 13:36:16 +0000 2021	oscarmarcelomo6	"RT @martinezmerce18: #DebateBsAs 
La política Peroncha 
Te ponen los deditos ✌️
Y ya con eso te quieren solucionar todo 
#BastaDePeronismo…"	0	3	https://twitter.com/oscarmarcelomo6/status/1451180537570213902	False	3693	4997
Thu Oct 21 13:35:55 +0000 2021	zurdoinutil	RT @zurdoinutil: Quién va liderando el debate? #DebateBsAs #debate #DebateBuenosAires	0	2	https://twitter.com/zurdoinutil/status/1451180449108086789	False	21548	21254
Thu Oct 21 13:35:50 +0000 2021	zurdoinutil	RT @zurdoinutil: Quién va liderando el debate? #DebateBsAs #Debateprovincia #debate	0	10	https://twitter.com/zurdoinutil/status/1451180430179266560	False	21548	21254
Thu Oct 21 13:35:15 +0000 2021	brujitacristy	"RT @JorRausch: La pregunta del “colo” @diegosantilli que destrozó a Victoria Tolosa Paz 
#Debateprovincia 
#DebateBsAs 
#debate 
#DebateBue…"	0	18	https://twitter.com/brujitacristy/status/1451180282594291720	False	898	454
Thu Oct 21 13:32:27 +0000 2021	FreedomArgie	"RT @martinezmerce18: #DebateBsAs 
La política Peroncha 
Te ponen los deditos ✌️
Y ya con eso te quieren solucionar todo 
#BastaDePeronismo…"	0	3	https://twitter.com/FreedomArgie/status/1451179579255652353	False	9832	4546
Thu Oct 21 13:31:47 +0000 2021	PolentaSenor	RT @carogaspa: #Florencio #RandazzoVaConVos se indignó por el #VacunatorioVip pero en la lista de #Chivilcoy tiene en su lista a familiares…	0	6	https://twitter.com/PolentaSenor/status/1451179411449868307	False	154	122
Thu Oct 21 13:25:00 +0000 2021	AgenciaTelam	"🗳️ #Legislativas2021 

#DebateBsAs | Rodríguez Larreta: ""Santilli estuvo muy sólido y tranquilo""

https://t.co/sT75zqwKiI"	2	1	https://twitter.com/AgenciaTelam/status/1451177701356810241	False	680969	191
Thu Oct 21 13:22:40 +0000 2021	miguel_macri	"RT @LautaroJimenezB: Nicolás del Caño recordando que #La7722NoSeToca y la fuerza del pueblo en las calles derrotó la #Megaminería 
#LaIzqui…"	0	15	https://twitter.com/miguel_macri/status/1451177116729417739	False	98	85
Thu Oct 21 13:21:19 +0000 2021	elisae01532055	"RT @DANYD8: #DebateBsAs 
#Santilli tibio pero fue el único que expuso propuestas 
#TolosaPaz ""ah pero Macri"" desubicada y con una sonrisa f…"	0	15	https://twitter.com/elisae01532055/status/1451176773954138112	False	2327	2149
Thu Oct 21 13:20:40 +0000 2021	Lila12146085	"RT @DANYD8: #DebateBsAs 
#Santilli tibio pero fue el único que expuso propuestas 
#TolosaPaz ""ah pero Macri"" desubicada y con una sonrisa f…"	0	15	https://twitter.com/Lila12146085/status/1451176610166554624	False	754	1113
Thu Oct 21 13:14:51 +0000 2021	pedrorocha22a	"RT @martinezmerce18: #DebateBsAs 
Pregunta 
-Espert: ""Que van a hacer con la deuda que vence el año que viene??""
-Tolosa: ""Pregúntale a san…"	0	8	https://twitter.com/pedrorocha22a/status/1451175149244280845	False	169	2114
Thu Oct 21 13:03:23 +0000 2021	LRenacida	"RT @DANYD8: #DebateBsAs 
#Santilli tibio pero fue el único que expuso propuestas 
#TolosaPaz ""ah pero Macri"" desubicada y con una sonrisa f…"	0	15	https://twitter.com/LRenacida/status/1451172260576841728	False	2146	2342
Thu Oct 21 13:00:54 +0000 2021	bresciabolonia	"RT @JorRausch: La pregunta del “colo” @diegosantilli que destrozó a Victoria Tolosa Paz 
#Debateprovincia 
#DebateBsAs 
#debate 
#DebateBue…"	0	18	https://twitter.com/bresciabolonia/status/1451171639144722432	False	2945	4075
Thu Oct 21 13:00:49 +0000 2021	bresciabolonia	"RT @JorRausch: Hable Tolosa Victoria Paz ✌🏽🚩
Bonelli se lo permite... tranqui... 
¿Quiere agua?
No Alfano, así está bien 😂
#Debateprovincia…"	0	14	https://twitter.com/bresciabolonia/status/1451171616537333763	False	2945	4075
Thu Oct 21 13:00:44 +0000 2021	Yellowstar1love	"RT @DANYD8: #DebateBsAs 
#Santilli tibio pero fue el único que expuso propuestas 
#TolosaPaz ""ah pero Macri"" desubicada y con una sonrisa f…"	0	15	https://twitter.com/Yellowstar1love/status/1451171596375261185	False	2050	2643
Thu Oct 21 13:00:01 +0000 2021	crisma90	"RT @DANYD8: #DebateBsAs 
#Santilli tibio pero fue el único que expuso propuestas 
#TolosaPaz ""ah pero Macri"" desubicada y con una sonrisa f…"	0	15	https://twitter.com/crisma90/status/1451171413293944834	False	1315	1860
Thu Oct 21 12:59:34 +0000 2021	AdrianBuenahora	"Desde cuándo más policía, más cárceles y más gente presa es menos estado?
#DebateBsAs 
#debate"	0	0	https://twitter.com/AdrianBuenahora/status/1451171300999790592	False	212	613
Thu Oct 21 12:58:27 +0000 2021	HanoiSrta	"RT @FrenteDeTodos: • Hoy a las 22hs, @vtolosapaz va a participar del #DebateBsAs en @todonoticias. 📺 

También podés seguirlo en vivo por a…"	0	111	https://twitter.com/HanoiSrta/status/1451171020614750215	False	7768	8546
Thu Oct 21 12:50:18 +0000 2021	Leon65844825	"RT @SpaccesiAgustin: En el #DebateBsAs lo de #Espert fue impecable! 

Les mostró a todos como la casta como le roba el futuro a todos!!

En…"	0	14	https://twitter.com/Leon65844825/status/1451168969159700486	False	62	84
Thu Oct 21 12:50:03 +0000 2021	gerardocarriqu3	"Uds no los voto, critican a los K y después se venden, son aliados 💵 dando quórum para por ejemplo perjudicar a los JUBILADOS CUANDO LLEGA LA VOTACIÓN HACEN LA GRAN PONZIO PILATO. Xq no volves a Mza @NicolasdelCano #LaIzquierdaAlCongreso
#DebateBsAs 
@PrensaIzquierda"	0	0	https://twitter.com/gerardocarriqu3/status/1451168907142647811	False	109	61
Thu Oct 21 12:49:21 +0000 2021	castillaeduardo	"Che. ¿Tolosa Paz dijo algo contra los empresarios que desabastecen y hacen padecer hambre al pueblo pobre? Capaz se me pasó. 
#DebateBsAs 
#DebateBuenosAires"	9	0	https://twitter.com/castillaeduardo/status/1451168729799270400	False	4786	3141
Thu Oct 21 12:49:20 +0000 2021	nikko1947	"RT @PaKCar1975: #Randazzo ayer en el #DebateBsAs hizo la V de la VICTORIA.
EL Y CRISTINA son lo mismo .🤨
El 14 #SeVan"	0	2	https://twitter.com/nikko1947/status/1451168726338899973	False	3254	4792
Thu Oct 21 12:48:26 +0000 2021	NatyRuizdiaz10	Lo mejor del debate fue la parada de carro de espert a bobelli !! #DebateBsAs #Espert	1	0	https://twitter.com/NatyRuizdiaz10/status/1451168500303609868	False	1280	2122
Thu Oct 21 12:47:52 +0000 2021	JuaniVena	El #DebateBsAs de anoche fue aburrido pero tuvo sus cosas. Me sorprendió @jlespert y @diegosantilli estuvo bien pero le faltó ser más incisivo. Admiré su paciencia con Tolosa. Del caño y Tolosa Paz atrasan un siglo como mínimo. Hutton y Randazzo normalitos.	0	0	https://twitter.com/JuaniVena/status/1451168358838128643	False	165	232
Thu Oct 21 12:47:39 +0000 2021	BELEN27091966	"RT @DANYD8: #DebateBsAs 
#Santilli tibio pero fue el único que expuso propuestas 
#TolosaPaz ""ah pero Macri"" desubicada y con una sonrisa f…"	0	15	https://twitter.com/BELEN27091966/status/1451168301514559488	False	1284	1839
Thu Oct 21 12:47:08 +0000 2021	SilviaMam1	"RT @JorRausch: La pregunta del “colo” @diegosantilli que destrozó a Victoria Tolosa Paz 
#Debateprovincia 
#DebateBsAs 
#debate 
#DebateBue…"	0	18	https://twitter.com/SilviaMam1/status/1451168173663952900	False	954	1059
Thu Oct 21 12:45:48 +0000 2021	pabloae1970	"RT @DANYD8: #DebateBsAs 
#Santilli tibio pero fue el único que expuso propuestas 
#TolosaPaz ""ah pero Macri"" desubicada y con una sonrisa f…"	0	15	https://twitter.com/pabloae1970/status/1451167837943320581	False	460	492
Thu Oct 21 12:45:22 +0000 2021	tanex62	RT @myriambregman: El reclamo de @hipotecadosuva en el #DebateBsAs https://t.co/p5sMDX4iUR	0	6	https://twitter.com/tanex62/status/1451167727033462786	False	1500	3508
Thu Oct 21 12:43:55 +0000 2021	Alejand30789888	"RT @pormifuturo1: Derrota paz hablando de no hacer oportunismo político con la pandemia????? 

Danos una explicación NO política de por qué…"	0	46	https://twitter.com/Alejand30789888/status/1451167365052305417	False	32	68
Thu Oct 21 12:43:54 +0000 2021	hermidasuarez	"¿estamos todxs de acuerdo que en el #DebateBsAs de anoche #GanoDelCaño, no❓
@NicolasdelCano
@FdeIzquierda 
@Fte_Izquierda 
#LaIzquierdaAlCongreso"	0	0	https://twitter.com/hermidasuarez/status/1451167360501616649	False	878	5000
Thu Oct 21 12:42:42 +0000 2021	danijaramillo28	Cuantas veces dijo la palabra Macri en el día de ayer Tolosa Paz? #ADosVoces #DebateBsAs	0	0	https://twitter.com/danijaramillo28/status/1451167058809475076	False	600	94
Thu Oct 21 12:42:11 +0000 2021	sesar13	"“Después de este debate banco a Randazzo” Dijo nunca jamás nadie 
#DebateBsAs"	0	0	https://twitter.com/sesar13/status/1451166927213133828	False	267	1028
Thu Oct 21 12:41:25 +0000 2021	CaubetFrancisca	"RT @DANYD8: #DebateBsAs 
#Santilli tibio pero fue el único que expuso propuestas 
#TolosaPaz ""ah pero Macri"" desubicada y con una sonrisa f…"	0	15	https://twitter.com/CaubetFrancisca/status/1451166733969072128	False	393	256
Thu Oct 21 12:41:18 +0000 2021	telomuestra	"#DebateBsAs 
No lo ví. Pero leyendo y escuchando los extractos por aquí, concluyo que hay que cambiar el HT:
ES #DebacleBAs 
Todos horribles. Todos!
Como miembro del 41% considero un error garrafal, el salto de valla de @mariuvidal . Bonaerenses a su merced, todo x su ego."	1	0	https://twitter.com/telomuestra/status/1451166704516562949	False	1882	1429
Thu Oct 21 12:40:38 +0000 2021	AnitaPintos1	Que mediocridad la de @delcanobot @nicodelcao4 usar la foto de un pibe muerto para hacer campaña #DebateBsAs	0	0	https://twitter.com/AnitaPintos1/status/1451166538304606211	False	86	167
Thu Oct 21 12:40:08 +0000 2021	rdmcuervo	"RT @DANYD8: #DebateBsAs 
#Santilli tibio pero fue el único que expuso propuestas 
#TolosaPaz ""ah pero Macri"" desubicada y con una sonrisa f…"	0	15	https://twitter.com/rdmcuervo/status/1451166410256707587	False	2234	2468
Thu Oct 21 12:38:46 +0000 2021	Peronia12	"#DebateBsAs
#Espert
Impecable lo de Espert cuando le preguntó a Tolosa Paz sobre quién carajo pagará los vencimientos de deuda...Ella le echó la culpa a Santilli, como si no gobernaran...
y luego se echaron culpas entre sí, como 2 niños irresponsables...
Estamos al horno!!!"	2	0	https://twitter.com/Peronia12/status/1451166069004046337	False	510	664
Thu Oct 21 12:37:56 +0000 2021	jih_Pacho	"No hay que creer nunca jamás en un candidato que propone bajar la edad de imputabilidad o aumentar las penas. Es fija.
#DebateBsAs"	2	0	https://twitter.com/jih_Pacho/status/1451165859280396292	False	234	815
Thu Oct 21 12:37:39 +0000 2021	Bobmacoy71	"RT @OsoKayakista: Lo que me reí en ese momento, ininputable! 
#DebateBsAs https://t.co/dsNjDrFtQ4"	0	1	https://twitter.com/Bobmacoy71/status/1451165785070604291	False	3611	303
Thu Oct 21 12:37:02 +0000 2021	totazeta	"RT @DANYD8: #DebateBsAs 
#Santilli tibio pero fue el único que expuso propuestas 
#TolosaPaz ""ah pero Macri"" desubicada y con una sonrisa f…"	0	15	https://twitter.com/totazeta/status/1451165631521296392	False	2266	3255
Thu Oct 21 12:36:41 +0000 2021	lucre901	"RT @JorRausch: La pregunta del “colo” @diegosantilli que destrozó a Victoria Tolosa Paz 
#Debateprovincia 
#DebateBsAs 
#debate 
#DebateBue…"	0	18	https://twitter.com/lucre901/status/1451165543910739973	False	764	789
Thu Oct 21 12:36:27 +0000 2021	lucre901	"RT @JorRausch: Hable Tolosa Victoria Paz ✌🏽🚩
Bonelli se lo permite... tranqui... 
¿Quiere agua?
No Alfano, así está bien 😂
#Debateprovincia…"	0	14	https://twitter.com/lucre901/status/1451165482694893574	False	764	789
Thu Oct 21 12:35:40 +0000 2021	miguel_macri	RT @myriambregman: El reclamo de @hipotecadosuva en el #DebateBsAs https://t.co/p5sMDX4iUR	0	6	https://twitter.com/miguel_macri/status/1451165288427360265	False	98	85
Thu Oct 21 12:35:25 +0000 2021	NeneQuinte	"RT @DANYD8: #DebateBsAs 
#Santilli tibio pero fue el único que expuso propuestas 
#TolosaPaz ""ah pero Macri"" desubicada y con una sonrisa f…"	0	15	https://twitter.com/NeneQuinte/status/1451165224367575040	False	2331	2809
Thu Oct 21 12:34:13 +0000 2021	Fill0RKill	"RT @JorRausch: 🔴 #Memoria 

Para VICTORIA TOLOSA PAZ (el kirchnerismo✌🏽🚩), hablar de nuestros familiares muertos por #Covid19, es hablar de…"	0	41	https://twitter.com/Fill0RKill/status/1451164923178987520	False	312	984
Thu Oct 21 12:33:35 +0000 2021	arypallero	"-Brasil es la mejor selección de Sudamérica
#DebateBsAs https://t.co/QTvGzUxKr5"	1	0	https://twitter.com/arypallero/status/1451164762339876865	False	27	140
Thu Oct 21 12:33:33 +0000 2021	gerardocarriqu3	"Oposicion pidan en el Congreso el retiro del Embajador Argentino en Chile, tiene que dar explicaciones a los argentinos .
#BuenJueves 
#DebateBsAs 
#HabraConsecuencias"	0	0	https://twitter.com/gerardocarriqu3/status/1451164754559463424	False	109	61
Thu Oct 21 12:32:35 +0000 2021	HesJorg	"RT @FrenteDeTodos: • Hoy a las 22hs, @vtolosapaz va a participar del #DebateBsAs en @todonoticias. 📺 

También podés seguirlo en vivo por a…"	0	111	https://twitter.com/HesJorg/status/1451164509658251268	False	15	182
Thu Oct 21 12:31:18 +0000 2021	monibe52	RT @jorgecorchomat: #DerrotaPaz y dale con #Vidal No podes explicar las ordenes de detenciones de tu #Jefa el voto en la @ONU_es a favor de…	0	23	https://twitter.com/monibe52/status/1451164187640664075	False	170	185
Thu Oct 21 12:31:17 +0000 2021	gerardocarriqu3	"Resumen de Tolosa Paz en el Debate…..
#BuenJueves 
#DebateBsAs https://t.co/Pftpe97ESq"	2	0	https://twitter.com/gerardocarriqu3/status/1451164185614639111	False	109	61
Thu Oct 21 12:28:43 +0000 2021	DANYD8	"#DebateBsAs 
#Santilli tibio pero fue el único que expuso propuestas 
#TolosaPaz ""ah pero Macri"" desubicada y con una sonrisa fingida 
#Espert violento como su socio Milei (pura espuma)
#Randazzo fue al debate ?
#Hotton no sé quién es ?
FIN"	26	15	https://twitter.com/DANYD8/status/1451163538051895302	False	25690	17607
Thu Oct 21 12:27:14 +0000 2021	TERELACDS	#DebateBsAs #EsperandoLaCarroza qn fue la criatura estúpida??? 😆	0	0	https://twitter.com/TERELACDS/status/1451163166864461837	False	1506	1840
Thu Oct 21 12:27:01 +0000 2021	gr_noee	"#GanoTolozaPaz 
#GanoTolosa 
Jajajajajaajajajajajajajajajajaja
Ganó al mas #AhPeroMacri de la historia 
😆😆😆😆😆😆
Derrota Paz 
Fracasó Paz
#DebateBsAs 
#debate 
#DebateTN 
#Debateprovincia https://t.co/d436zAeT43"	0	0	https://twitter.com/gr_noee/status/1451163109104570373	False	77	363
Thu Oct 21 12:26:56 +0000 2021	Argentoriol	"Muchos creen ganador a .@jlespert, creo que se desdibujó al debatir con .@NicolasdelCano 
Debería haberle pegado una cagada intelectual a .@vtolosapaz y no perder tiempo.
Los votantes de izquierda jamás lo votarían, no era redituable, pero darle al FdT garpaba doble.
#DebateBsAs"	1	0	https://twitter.com/Argentoriol/status/1451163090930782209	False	2616	4719
Thu Oct 21 12:26:10 +0000 2021	SilvanaMior	"RT @martinezmerce18: #DebateBsAs 
Pregunta 
-Espert: ""Que van a hacer con la deuda que vence el año que viene??""
-Tolosa: ""Pregúntale a san…"	0	8	https://twitter.com/SilvanaMior/status/1451162895534940163	False	939	1817
Thu Oct 21 12:23:46 +0000 2021	AlejandroRinal3	#tn #DebateBsAs son cualquiera los periodistas presentes, son como del caño ..	0	0	https://twitter.com/AlejandroRinal3/status/1451162291165024259	False	21	169
Thu Oct 21 12:23:37 +0000 2021	rp2007	"RT @Barbaracarlotto: Esperando y apoyando a la compañera  @vtolosapaz para 
#DebateBsAs 
💪✌️💪✌️ https://t.co/pJpIooz2oK"	0	2	https://twitter.com/rp2007/status/1451162256058851332	False	732	92
Thu Oct 21 12:23:25 +0000 2021	RockkMartin	Los malabares que tienen que hacer los empleados de Larreta dejan su profesionalidad en el lugar del ridículo @diegosehinkman @todonoticias #DebateBsAs https://t.co/Y33JXqHTTs	0	0	https://twitter.com/RockkMartin/status/1451162206079381514	False	71	352
Thu Oct 21 12:23:09 +0000 2021	FelizEnLaFeliz	"RT @Anonymou5____: Quien está ganando el debate?
Sean sinceros más allá del favoritismo
Se agradece el RT y la compartida
#DebateBsAs #Deba…"	0	14	https://twitter.com/FelizEnLaFeliz/status/1451162137103986695	False	2123	1908
Thu Oct 21 12:22:40 +0000 2021	marinasoledadz	"Si tengo que elegir un momento del #debate definitivamente es éste.
Lo titulo ""La grieta"" 
@jlespert 
#ElDebate #DebateBsAs #debate https://t.co/pnfETP0yW7"	1	0	https://twitter.com/marinasoledadz/status/1451162015762952203	False	597	1145
Thu Oct 21 12:17:18 +0000 2021	ludeMatteo	Cuando Santilli y Hotton dicen que tienen x hijes en el #DebateBsAs #debate #Debateprovincia #DebateTN https://t.co/O2d3V2y7wl	1	0	https://twitter.com/ludeMatteo/status/1451160666698514436	False	193	276
Thu Oct 21 12:16:59 +0000 2021	Carlos_Xtr1	"RT @SpaccesiAgustin: En el #DebateBsAs lo de #Espert fue impecable! 

Les mostró a todos como la casta como le roba el futuro a todos!!

En…"	0	14	https://twitter.com/Carlos_Xtr1/status/1451160584549015555	False	405	939
Thu Oct 21 12:15:24 +0000 2021	GeorginaPierin1	"RT @martinezmerce18: #DebateBsAs 
Pregunta 
-Espert: ""Que van a hacer con la deuda que vence el año que viene??""
-Tolosa: ""Pregúntale a san…"	0	8	https://twitter.com/GeorginaPierin1/status/1451160186387898370	False	2550	3015
Thu Oct 21 12:12:52 +0000 2021	diancomch	RT @diancomch: Hotton acaba de confesar que aceptaría ir al diálogo con el gobierno pasada la elección. Justamente con Randazzo quien fue m…	0	5	https://twitter.com/diancomch/status/1451159549239513095	False	1585	2548
Thu Oct 21 12:11:54 +0000 2021	TomHagenOK	"RT @MorenoVuelve: Che que le pasaba en los ojos a Tolosa Paz?!?

REPTILOIDES diría Iorio

#debate #DebateBsAs 
#Debatebuenosaires"	0	2	https://twitter.com/TomHagenOK/status/1451159305810432002	False	204	818
Thu Oct 21 12:11:35 +0000 2021	juansinhielo	"RT @SpaccesiAgustin: En el #DebateBsAs lo de #Espert fue impecable! 

Les mostró a todos como la casta como le roba el futuro a todos!!

En…"	0	14	https://twitter.com/juansinhielo/status/1451159225049120769	False	1716	1779
Thu Oct 21 12:10:10 +0000 2021	Agos102005	RT @StellaM605: Pregunto: Los Bonaerenses y toda la gente del país..No se miran en el espejo de la ciudad? Les gustaría que todo el país se…	0	23	https://twitter.com/Agos102005/status/1451158868042469383	False	3463	4131
Thu Oct 21 12:06:16 +0000 2021	bussi_manuel	#DebateBsAs #Espert correte un poquito Chantazzo que están debatiendo los candidatos.	1	0	https://twitter.com/bussi_manuel/status/1451157888894836738	False	1	15
Thu Oct 21 12:03:52 +0000 2021	ROCASMOR	RT @JuanNDamico: Resumen de @vtolosapaz ayer en el #DebateBsAs. No se perdieron nada. Todo igual en #Argentina. La gente se cansó de chican…	0	1	https://twitter.com/ROCASMOR/status/1451157283375886338	False	435	750
Thu Oct 21 12:00:34 +0000 2021	OsoKayakista	"Lo que me reí en ese momento, ininputable! 
#DebateBsAs https://t.co/dsNjDrFtQ4"	8	1	https://twitter.com/OsoKayakista/status/1451156454467989506	False	1071	906
Thu Oct 21 11:58:49 +0000 2021	NoraTw27	"RT @pormifuturo1: Derrota paz hablando de no hacer oportunismo político con la pandemia????? 

Danos una explicación NO política de por qué…"	0	46	https://twitter.com/NoraTw27/status/1451156015647449089	False	1	54
Thu Oct 21 11:58:48 +0000 2021	led_fm	¿Te pareció constructivo el #DebateBsAs de anoche?	0	0	https://twitter.com/led_fm/status/1451156010672869376	False	8341	7324
Thu Oct 21 11:57:25 +0000 2021	cambiofuerahoy	"¿Cuál partido te pareció el más fuerte en los debates?
@juntoscambioar @FrenteDeTodos @AvanzaLibertad_  @LLibertadAvanza @Fte_Izquierda  
#EleccionesArgentina #Elecciones2021 #JuntosPorElCambio #FrenteDeTodos #AvanzaLibertad #FrentedeIzquierda #DebateCapital #DebateBsAs #debate"	2	0	https://twitter.com/cambiofuerahoy/status/1451155660146712576	False	8949	196
Thu Oct 21 11:57:13 +0000 2021	SAMuoz_02	"VAMOS Profe! @jlespert otra vez impecable en el debate. 
Sin filtro contra las burradas de ""Todos Juntos""
Y dejando en ridículo a Del Ñoca (Presidente del centro de estudiantes de la UBA)
#DebateBsAs"	2	0	https://twitter.com/SAMuoz_02/status/1451155609613529091	False	17	81
Thu Oct 21 11:56:50 +0000 2021	willycovas	"RT @martinezmerce18: #DebateBsAs 
Pregunta 
-Espert: ""Que van a hacer con la deuda que vence el año que viene??""
-Tolosa: ""Pregúntale a san…"	0	8	https://twitter.com/willycovas/status/1451155516634271746	False	1147	1080
Thu Oct 21 11:55:33 +0000 2021	TuquitoMontero	Solo a mí me provocó vergüenza ajena el #DebateBsAs?	0	0	https://twitter.com/TuquitoMontero/status/1451155192645406720	False	140	224
Thu Oct 21 11:54:41 +0000 2021	RobiMonaco	RT @DANYD8: #DebateBsAs sin carisma el único que da propuestas claras es #Santilli @diegosantilli el resto chusmas de feria FIN	0	33	https://twitter.com/RobiMonaco/status/1451154972033249286	False	809	1005
Thu Oct 21 11:52:56 +0000 2021	nelboc	RT @StellaM605: Pregunto: Los Bonaerenses y toda la gente del país..No se miran en el espejo de la ciudad? Les gustaría que todo el país se…	0	23	https://twitter.com/nelboc/status/1451154534890364937	False	590	494
Thu Oct 21 11:52:33 +0000 2021	adapd1	"RT @JorRausch: 🔴 #Memoria 

Para VICTORIA TOLOSA PAZ (el kirchnerismo✌🏽🚩), hablar de nuestros familiares muertos por #Covid19, es hablar de…"	0	41	https://twitter.com/adapd1/status/1451154436101840901	False	1515	885
Thu Oct 21 11:52:24 +0000 2021	JuanNDamico	Cuando escuchaba a Hotton, sentía que estaba en misa escuchando los avisos parroquiales. #DebateBsAs https://t.co/NxDlbtUjnH	7	0	https://twitter.com/JuanNDamico/status/1451154396843282435	False	1979	2134
Thu Oct 21 11:52:01 +0000 2021	LaLetraChicaOk	"Punto por punto: Qué dejó el debate bonaerense
📌https://t.co/cytlzRb70d 
#Provincia #DebateBsAs https://t.co/ny54gajHqH"	0	0	https://twitter.com/LaLetraChicaOk/status/1451154301750030339	False	3088	1242
Thu Oct 21 11:50:37 +0000 2021	JuanNDamico	Resumen de @vtolosapaz ayer en el #DebateBsAs. No se perdieron nada. Todo igual en #Argentina. La gente se cansó de chicanas. Quiere soluciones concretas, por eso perdieron. #BuenJueves https://t.co/26if03uClJ	10	1	https://twitter.com/JuanNDamico/status/1451153952163119112	False	1979	2134
Thu Oct 21 11:50:03 +0000 2021	gastonghiara	Del Caño: porro para todos, lo demás no importa #DebateBsAs #DebateBuenosAires	1	0	https://twitter.com/gastonghiara/status/1451153805643505671	False	279	297
Thu Oct 21 11:49:48 +0000 2021	aleottawa	"RT @JorRausch: 🔴 #Memoria 

Para VICTORIA TOLOSA PAZ (el kirchnerismo✌🏽🚩), hablar de nuestros familiares muertos por #Covid19, es hablar de…"	0	41	https://twitter.com/aleottawa/status/1451153744410787840	False	1734	3660
Thu Oct 21 11:48:58 +0000 2021	gastonghiara	Golosa tiene algo que decir??? Todo macri macri macri larreta larreta larreta Santilli Santilli Santilli #DebateBsAs #DebateBuenosAires	1	0	https://twitter.com/gastonghiara/status/1451153534766964736	False	279	297
Thu Oct 21 11:48:05 +0000 2021	cambiofuerahoy	"¿Cuál debate te pareció mejor, el #DebateCapital o el #DebateBuenosAires ?
#EleccionesArgentina #Elecciones2021 #debate #DebateBsAs #Vidal #Santoro #Milei #Bregman #TolosaPaz #Santilli #Espert #DelCaño #Randazzo #CynthiaHotton"	2	0	https://twitter.com/cambiofuerahoy/status/1451153313748107264	False	8949	196
Thu Oct 21 11:47:59 +0000 2021	ANAANAIS22	RT @StellaM605: Pregunto: Los Bonaerenses y toda la gente del país..No se miran en el espejo de la ciudad? Les gustaría que todo el país se…	0	23	https://twitter.com/ANAANAIS22/status/1451153287210848260	False	1307	2156
Thu Oct 21 11:47:57 +0000 2021	RobiMonaco	"RT @martinezmerce18: #DebateBsAs 
Pregunta 
-Espert: ""Que van a hacer con la deuda que vence el año que viene??""
-Tolosa: ""Pregúntale a san…"	0	8	https://twitter.com/RobiMonaco/status/1451153280889864203	False	809	1005
Thu Oct 21 11:46:45 +0000 2021	1xerx1	RT @myriambregman: El reclamo de @hipotecadosuva en el #DebateBsAs https://t.co/p5sMDX4iUR	0	6	https://twitter.com/1xerx1/status/1451152978321104902	False	151	349
Thu Oct 21 11:46:22 +0000 2021	carolinabarrabi	RT @myriambregman: El reclamo de @hipotecadosuva en el #DebateBsAs https://t.co/p5sMDX4iUR	0	6	https://twitter.com/carolinabarrabi/status/1451152882087116803	False	1126	1100
Thu Oct 21 11:45:27 +0000 2021	gastonghiara	Hotton, que bueno que seas una mujer de familia y que lindo que nos cuentes lo que hacen… pero vas a trabajar para el país o solo tu familia? #DebateBuenosAires #DebateBsAs	1	0	https://twitter.com/gastonghiara/status/1451152650460811264	False	279	297
Thu Oct 21 11:44:22 +0000 2021	gastonghiara	Que le pasa a Randazzo? No puede decir una frase entera de corrido… #DebateBsAs #DebateBuenosAires	1	0	https://twitter.com/gastonghiara/status/1451152375448674319	False	279	297
Thu Oct 21 11:44:04 +0000 2021	DoloresMoy	"RT @LautaroJimenezB: Nicolás del Caño recordando que #La7722NoSeToca y la fuerza del pueblo en las calles derrotó la #Megaminería 
#LaIzqui…"	0	15	https://twitter.com/DoloresMoy/status/1451152302740410372	False	228	72
Thu Oct 21 11:43:45 +0000 2021	gastonghiara	Santilli volvió a vestirse de traje #DebateBsAs #DebateBuenosAires	0	0	https://twitter.com/gastonghiara/status/1451152222654394385	False	279	297
Thu Oct 21 11:43:31 +0000 2021	JosepheSports	para mi, el #DebateBsAs de #TN lo gano ampliamente @vtolosapaz ... ✌️	0	0	https://twitter.com/JosepheSports/status/1451152163418279940	False	1	3
Thu Oct 21 11:42:48 +0000 2021	bocabocaok	"RT @JorRausch: La pregunta del “colo” @diegosantilli que destrozó a Victoria Tolosa Paz 
#Debateprovincia 
#DebateBsAs 
#debate 
#DebateBue…"	0	18	https://twitter.com/bocabocaok/status/1451151982547378180	False	5336	5366
Thu Oct 21 11:41:53 +0000 2021	Potriwere	"RT @JorRausch: 🔴 #Memoria 

Para VICTORIA TOLOSA PAZ (el kirchnerismo✌🏽🚩), hablar de nuestros familiares muertos por #Covid19, es hablar de…"	0	41	https://twitter.com/Potriwere/status/1451151751843758084	False	4445	4963
Thu Oct 21 11:41:47 +0000 2021	bocabocaok	"RT @JorRausch: Hable Tolosa Victoria Paz ✌🏽🚩
Bonelli se lo permite... tranqui... 
¿Quiere agua?
No Alfano, así está bien 😂
#Debateprovincia…"	0	14	https://twitter.com/bocabocaok/status/1451151727625912326	False	5336	5366
Thu Oct 21 11:41:36 +0000 2021	Liliana53994708	"RT @PaKCar1975: #Randazzo ayer en el #DebateBsAs hizo la V de la VICTORIA.
EL Y CRISTINA son lo mismo .🤨
El 14 #SeVan"	0	2	https://twitter.com/Liliana53994708/status/1451151681287114763	False	945	826
Thu Oct 21 11:41:30 +0000 2021	eldrone3	#DebateBsAs el profe @jlespert escuchando a los  limítrofes de Del Caño y Derrota Paz. https://t.co/YSCIABQe5z	3	0	https://twitter.com/eldrone3/status/1451151657912258566	False	10841	10524
Thu Oct 21 11:39:57 +0000 2021	EduardoMugrabi	"RT @eldestape_radio: Repasamos el #DebateBsAs en #HabraConsecuencias 🤓

También podes leer la nota de @PellizaCarla 👇🏼"	0	2	https://twitter.com/EduardoMugrabi/status/1451151265501700102	False	18	128
Thu Oct 21 11:37:26 +0000 2021	carol_mia_lupe	"RT @Trocaster: Resumiendo...
Derrota Paz
#DebateBuenosAires
#DebateBsAs https://t.co/crFV27QIXS"	0	47	https://twitter.com/carol_mia_lupe/status/1451150631117463555	False	1477	1508
Thu Oct 21 11:36:46 +0000 2021	RITAYULY	RT @StellaM605: Pregunto: Los Bonaerenses y toda la gente del país..No se miran en el espejo de la ciudad? Les gustaría que todo el país se…	0	23	https://twitter.com/RITAYULY/status/1451150466004381696	False	2992	2240
Thu Oct 21 11:36:32 +0000 2021	daletumanoalin1	RT @Barbaracarlotto: Confianza absoluta en la compañera que nos representa ✌️@vtolosapaz  #DebateBsAs	0	2	https://twitter.com/daletumanoalin1/status/1451150404889321477	False	1571	1898
Thu Oct 21 11:36:14 +0000 2021	eldestape_radio	"Repasamos el #DebateBsAs en #HabraConsecuencias 🤓

También podes leer la nota de @PellizaCarla 👇🏼 https://t.co/fJkv9O0Epc"	3	2	https://twitter.com/eldestape_radio/status/1451150329626587138	False	765358	716
Thu Oct 21 11:35:33 +0000 2021	GuilleGon007	"RT @JorRausch: 🔴 #Memoria 

Para VICTORIA TOLOSA PAZ (el kirchnerismo✌🏽🚩), hablar de nuestros familiares muertos por #Covid19, es hablar de…"	0	41	https://twitter.com/GuilleGon007/status/1451150158880641024	False	575	806
Thu Oct 21 11:34:21 +0000 2021	martinezmerce18	"#DebateBsAs 
La política Peroncha 
Te ponen los deditos ✌️
Y ya con eso te quieren solucionar todo 
#BastaDePeronismo https://t.co/igN3lLEpjC"	13	3	https://twitter.com/martinezmerce18/status/1451149854441230345	False	6360	4387
Thu Oct 21 11:34:12 +0000 2021	bocabocaok	RT @StellaM605: #debate TPaz pelea x la impunidad de los corruptos del gobierno,inclusive de su marido procesado,Del Caño quiere seguir ato…	0	6	https://twitter.com/bocabocaok/status/1451149819456729088	False	5336	5366
Thu Oct 21 11:32:42 +0000 2021	InizarreLM	RT @zurdoinutil: Propongo en este minuto final, que me votes, sino me quedo sin laburo! #DebateBuenosAires #DebateBsAs #Debateprovincia #de…	0	11	https://twitter.com/InizarreLM/status/1451149439914160131	False	1994	2002
Thu Oct 21 11:32:11 +0000 2021	PaKCar1975	"#Randazzo ayer en el #DebateBsAs hizo la V de la VICTORIA.
EL Y CRISTINA son lo mismo .🤨
El 14 #SeVan"	4	2	https://twitter.com/PaKCar1975/status/1451149312906432513	False	2453	3168
Thu Oct 21 11:32:03 +0000 2021	martinezmerce18	"#DebateBsAs jamás escuché tantas boludeces juntas ! 
Evidentemente #TolosaPaz Se fue chupada ! https://t.co/a5PMrrqMhY"	1	0	https://twitter.com/martinezmerce18/status/1451149279347707916	False	6360	4387
Thu Oct 21 11:31:29 +0000 2021	damazel	"RT @JorRausch: 🔴 #Memoria 

Para VICTORIA TOLOSA PAZ (el kirchnerismo✌🏽🚩), hablar de nuestros familiares muertos por #Covid19, es hablar de…"	0	41	https://twitter.com/damazel/status/1451149134002540549	False	1158	2781
Thu Oct 21 11:29:18 +0000 2021	SrCordobesOK	"RT @SpaccesiAgustin: En el #DebateBsAs lo de #Espert fue impecable! 

Les mostró a todos como la casta como le roba el futuro a todos!!

En…"	0	14	https://twitter.com/SrCordobesOK/status/1451148587233157123	False	36	248
Thu Oct 21 11:29:15 +0000 2021	martinezmerce18	RT @zurdoinutil: Quién va liderando el debate? #DebateBsAs #Debateprovincia #debate	0	10	https://twitter.com/martinezmerce18/status/1451148573702119434	False	6360	4387
Thu Oct 21 11:28:15 +0000 2021	diegosettimo	"RT @SpaccesiAgustin: En el #DebateBsAs lo de #Espert fue impecable! 

Les mostró a todos como la casta como le roba el futuro a todos!!

En…"	0	14	https://twitter.com/diegosettimo/status/1451148322865958916	False	533	392
Thu Oct 21 11:28:13 +0000 2021	mery_pipino	"RT @JorRausch: 🔴 #Memoria 

Para VICTORIA TOLOSA PAZ (el kirchnerismo✌🏽🚩), hablar de nuestros familiares muertos por #Covid19, es hablar de…"	0	41	https://twitter.com/mery_pipino/status/1451148312350969858	False	333	874
Thu Oct 21 11:27:12 +0000 2021	getfreewifieve1	"RT @SpaccesiAgustin: En el #DebateBsAs lo de #Espert fue impecable! 

Les mostró a todos como la casta como le roba el futuro a todos!!

En…"	0	14	https://twitter.com/getfreewifieve1/status/1451148057274322945	False	23	68
Thu Oct 21 11:26:22 +0000 2021	martinezmerce18	"RT @Anonymou5____: Quien está ganando el debate?
Sean sinceros más allá del favoritismo
Se agradece el RT y la compartida
#DebateBsAs #Deba…"	0	14	https://twitter.com/martinezmerce18/status/1451147848167288839	False	6360	4387
Thu Oct 21 11:25:36 +0000 2021	DanielaWelner	"RT @SpaccesiAgustin: En el #DebateBsAs lo de #Espert fue impecable! 

Les mostró a todos como la casta como le roba el futuro a todos!!

En…"	0	14	https://twitter.com/DanielaWelner/status/1451147652385607680	False	214	483
Thu Oct 21 11:23:13 +0000 2021	7_noboa	RT @myriambregman: El reclamo de @hipotecadosuva en el #DebateBsAs https://t.co/p5sMDX4iUR	0	6	https://twitter.com/7_noboa/status/1451147053590007813	False	175	500
Thu Oct 21 11:22:24 +0000 2021	myriambregman	El reclamo de @hipotecadosuva en el #DebateBsAs https://t.co/p5sMDX4iUR	50	6	https://twitter.com/myriambregman/status/1451146847175667723	False	171685	2154
Thu Oct 21 11:21:09 +0000 2021	martinezmerce18	"@vtolosapaz 
#DebateBsAs 
Hablando de Santilli es de CABA 
Cómo si @Kicillofok fuera de #LaMatanza 
No me jodan ‼️😂😂😂"	0	0	https://twitter.com/martinezmerce18/status/1451146534297366535	False	6360	4387
Thu Oct 21 11:19:55 +0000 2021	Gorriz70	RT @StellaM605: Pregunto: Los Bonaerenses y toda la gente del país..No se miran en el espejo de la ciudad? Les gustaría que todo el país se…	0	23	https://twitter.com/Gorriz70/status/1451146224376049672	False	5626	6158
Thu Oct 21 11:19:16 +0000 2021	dExpertando	"RT @SpaccesiAgustin: En el #DebateBsAs lo de #Espert fue impecable! 

Les mostró a todos como la casta como le roba el futuro a todos!!

En…"	0	14	https://twitter.com/dExpertando/status/1451146058625687553	False	192	938
Thu Oct 21 11:19:13 +0000 2021	EHL34679972	"RT @JorRausch: 🔴 #Memoria 

Para VICTORIA TOLOSA PAZ (el kirchnerismo✌🏽🚩), hablar de nuestros familiares muertos por #Covid19, es hablar de…"	0	41	https://twitter.com/EHL34679972/status/1451146047711944707	False	1115	1558
Thu Oct 21 11:18:34 +0000 2021	Eltavolp	"RT @JorRausch: 🔴 #Memoria 

Para VICTORIA TOLOSA PAZ (el kirchnerismo✌🏽🚩), hablar de nuestros familiares muertos por #Covid19, es hablar de…"	0	41	https://twitter.com/Eltavolp/status/1451145885987926022	False	8515	8511
Thu Oct 21 11:18:17 +0000 2021	NoeRamosNicieza	RT @carogaspa: #Florencio #RandazzoVaConVos se indignó por el #VacunatorioVip pero en la lista de #Chivilcoy tiene en su lista a familiares…	0	6	https://twitter.com/NoeRamosNicieza/status/1451145812004638729	False	2037	881
Thu Oct 21 11:17:01 +0000 2021	andreadatri	"RT @LautaroJimenezB: Nicolás del Caño recordando que #La7722NoSeToca y la fuerza del pueblo en las calles derrotó la #Megaminería 
#LaIzqui…"	0	15	https://twitter.com/andreadatri/status/1451145493631827970	False	14086	1002
Thu Oct 21 11:16:44 +0000 2021	CiudadFabian	"RT @DANYD8: #DebateBsAs Propuestas de Derrota Paz ah pero Macri ! 
Ah pero Macri ! Ah pero Macri!
Ah pero Macri!!!! I N F U M A B  L E ! ht…"	0	43	https://twitter.com/CiudadFabian/status/1451145424572649475	False	1563	2176
Thu Oct 21 11:16:29 +0000 2021	munita0	"RT @JorRausch: 🔴 #Memoria 

Para VICTORIA TOLOSA PAZ (el kirchnerismo✌🏽🚩), hablar de nuestros familiares muertos por #Covid19, es hablar de…"	0	41	https://twitter.com/munita0/status/1451145358516625409	False	4469	5004
Thu Oct 21 11:16:14 +0000 2021	rogeliomarin13	"#Argentina 
#DebateBsAs 
@vtolosapaz 
@diegosantilli 

¿#YPorquePerdio?(POR PALIZA!!)
Pobre #Heidi, huyo A #CABA https://t.co/LgGDOo3URo"	0	0	https://twitter.com/rogeliomarin13/status/1451145298269458437	False	544	100
Thu Oct 21 11:13:34 +0000 2021	MorenoVuelve	"Imperdible hilo sobre la muerte de Mariano Ferreyra y el atentado de Once

#BuenJueves #DebateBsAs https://t.co/jOnnfHkgDh"	1	0	https://twitter.com/MorenoVuelve/status/1451144624848859142	False	1214	2266
Thu Oct 21 11:10:30 +0000 2021	Normabeatrizz	"RT @DANYD8: #DebateBsAs Propuestas de Derrota Paz ah pero Macri ! 
Ah pero Macri ! Ah pero Macri!
Ah pero Macri!!!! I N F U M A B  L E ! ht…"	0	43	https://twitter.com/Normabeatrizz/status/1451143855693205504	False	2848	5004
Thu Oct 21 11:10:19 +0000 2021	Trocaster	"RT @Trocaster: Resumiendo...
Derrota Paz
#DebateBuenosAires
#DebateBsAs https://t.co/crFV27QIXS"	0	47	https://twitter.com/Trocaster/status/1451143809878867972	False	13664	8020
Thu Oct 21 11:08:20 +0000 2021	Tanolanus2	RT @jorgecorchomat: #DerrotaPaz y dale con #Vidal No podes explicar las ordenes de detenciones de tu #Jefa el voto en la @ONU_es a favor de…	0	23	https://twitter.com/Tanolanus2/status/1451143308521078786	False	571	127
Thu Oct 21 11:07:09 +0000 2021	MauriMaggi	Cuanta mediocridad, atraso y falta de propuestas en el #DebateBsAs , dentro de esta grieta absurda en la que los argentinos somos rehenes, @RandazzoF  “ mi único héroe en este lío”	2	0	https://twitter.com/MauriMaggi/status/1451143012424110082	False	201	247
Thu Oct 21 11:07:07 +0000 2021	Torita1911	@RandazzoF no era que ya no eras mas K?? En qué quedaron las propagandas en contra de Cristina? Hasta llegaste a decirle a @jlespert que eras liberal 🤣 sos un payaso Randazzo! #DebateBsAs https://t.co/uAqCAjgyKY	0	0	https://twitter.com/Torita1911/status/1451143000982110210	False	940	3292
Thu Oct 21 11:05:29 +0000 2021	BiofuelA	#DebateBsAs ¿Vergüenza? JAJA !! ¿Qué es eso? https://t.co/7w5wBDRIYa	0	0	https://twitter.com/BiofuelA/status/1451142593950015489	False	29	34
Thu Oct 21 11:05:13 +0000 2021	KazuoKiriyama17	"#GanoDelCaño porque fue el único q habló de la realidad del ajuste sobre el pueblo trabajador y los jubilados, la precarización en la juventud, de la agenda ambiental, en contra del acuerdo con el FMI, y por una sociedad más justa bajo un gobierno de los trabajadores
#DebateBsAs"	1	0	https://twitter.com/KazuoKiriyama17/status/1451142526732095488	False	118	282
Thu Oct 21 11:04:46 +0000 2021	silvinabs22	"RT @DANYD8: #DebateBsAs Propuestas de Derrota Paz ah pero Macri ! 
Ah pero Macri ! Ah pero Macri!
Ah pero Macri!!!! I N F U M A B  L E ! ht…"	0	43	https://twitter.com/silvinabs22/status/1451142409895641089	False	5748	5474
Thu Oct 21 11:03:37 +0000 2021	martinezmerce18	"A mí el #DebateBsAs no me da de comer ! 
Yo no voy a cambiar mi voto por un debate Pedorro 
#TolosaPaz hablando de Macri y de deuda No se hace cargo de nada
#DelCaño con ideas de vivir siempre del estado 
#Spert con propuestas 
#Radazzo era panqueque 
#Santilli Te sigo eligiendo"	3	0	https://twitter.com/martinezmerce18/status/1451142121075798020	False	6360	4387
Thu Oct 21 11:01:42 +0000 2021	UltraAntiKKs	"RT @JorRausch: 🔴 #Memoria 

Para VICTORIA TOLOSA PAZ (el kirchnerismo✌🏽🚩), hablar de nuestros familiares muertos por #Covid19, es hablar de…"	0	41	https://twitter.com/UltraAntiKKs/status/1451141640693825538	False	1461	1998
Thu Oct 21 11:00:33 +0000 2021	Luisenr91059242	"RT @martinezmerce18: #DebateBsAs 
Pregunta 
-Espert: ""Que van a hacer con la deuda que vence el año que viene??""
-Tolosa: ""Pregúntale a san…"	0	8	https://twitter.com/Luisenr91059242/status/1451141351714787330	False	956	1128
Thu Oct 21 10:59:50 +0000 2021	indiadelConurb1	RT @QHoguera: Más allá que habrá que votarlo al Colo, admitamos lo mediocre de su capacidad política. Claramente demostrado ayer donde tuvo…	0	2	https://twitter.com/indiadelConurb1/status/1451141170441035794	False	655	706
Thu Oct 21 10:58:25 +0000 2021	EduardoAngelKa6	"RT @martinezmerce18: #DebateBsAs 
Pregunta 
-Espert: ""Que van a hacer con la deuda que vence el año que viene??""
-Tolosa: ""Pregúntale a san…"	0	8	https://twitter.com/EduardoAngelKa6/status/1451140811614081027	False	15	82
Thu Oct 21 10:58:13 +0000 2021	MaraRos37411865	"RT @martinezmerce18: #DebateBsAs 
Pregunta 
-Espert: ""Que van a hacer con la deuda que vence el año que viene??""
-Tolosa: ""Pregúntale a san…"	0	8	https://twitter.com/MaraRos37411865/status/1451140764113768451	False	317	702
Thu Oct 21 10:56:21 +0000 2021	ritanjcicca	RT @jlzorzi: Derrota Golosa Paz es la Cheta de Juana Molina, habla de la provincia y vive en Puerto Madero con Albistur que le “prestaba” e…	0	17	https://twitter.com/ritanjcicca/status/1451140293642833922	False	1849	2525
Thu Oct 21 10:56:09 +0000 2021	martinezmerce18	"#DebateBsAs 
Pregunta 
-Espert: ""Que van a hacer con la deuda que vence el año que viene??""
-Tolosa: ""Pregúntale a santilli""
Perdón ? Quien está gastando y gobernado hoy ? 
Me quieres decir para que carajo #TolosaPaz se postula ?"	16	8	https://twitter.com/martinezmerce18/status/1451140242526793728	False	6360	4387
Thu Oct 21 10:54:00 +0000 2021	chuchifm	vi 2 segundos del debate y me aburrió tanto ver a Del Caño hablando como si estuviese dando un examen q se estudió todo de memoria y no decía nada así q cambié de canal, no esperen q deje de hablar del #wandagte para hablar del #DebateBsAs  🤣🤣	0	0	https://twitter.com/chuchifm/status/1451139703671963650	False	11	229
Thu Oct 21 10:52:49 +0000 2021	oleajeperpetuo	"RT @oleajeperpetuo: Del Caño ve a todes iguales, PERO

cuando llegan elecciones, ese sector de la izquierda suplica al kirchnerismo que cor…"	0	2	https://twitter.com/oleajeperpetuo/status/1451139405205450754	False	4406	3837
Thu Oct 21 10:52:44 +0000 2021	bontempo_maria	"RT @Sami25280250: #DebateBsAs
Junto a nuestra candidata Victoria T.Paz https://t.co/sE9vfYKRuA"	0	13	https://twitter.com/bontempo_maria/status/1451139383512363010	False	1715	2208
Thu Oct 21 10:52:31 +0000 2021	Karsten_Carranz	"RT @SpaccesiAgustin: En el #DebateBsAs lo de #Espert fue impecable! 

Les mostró a todos como la casta como le roba el futuro a todos!!

En…"	0	14	https://twitter.com/Karsten_Carranz/status/1451139329846243329	False	56	238
Thu Oct 21 10:51:55 +0000 2021	Citronio4	"RT @Sami25280250: #DebateBsAs
Junto a nuestra candidata Victoria T.Paz https://t.co/sE9vfYKRuA"	0	13	https://twitter.com/Citronio4/status/1451139177865699333	False	738	1115
Thu Oct 21 10:51:00 +0000 2021	Mabby64	RT @QHoguera: Más allá que habrá que votarlo al Colo, admitamos lo mediocre de su capacidad política. Claramente demostrado ayer donde tuvo…	0	2	https://twitter.com/Mabby64/status/1451138945958436866	False	2957	3298
Thu Oct 21 10:49:02 +0000 2021	martinezmerce18	"#DebateBsAs 
Perdón pero a #TolosaPaz le afecta el tinto? 
-Repetía siempre lo mismo 
Y hablaba como que ella no fuera parte del Gobierno que le hace tanto mal a los Argentinos 
Larga el chupe loca !"	4	0	https://twitter.com/martinezmerce18/status/1451138451252776961	False	6360	4387
Thu Oct 21 10:48:53 +0000 2021	RUnidos_SanFco	"RT @SpaccesiAgustin: En el #DebateBsAs lo de #Espert fue impecable! 

Les mostró a todos como la casta como le roba el futuro a todos!!

En…"	0	14	https://twitter.com/RUnidos_SanFco/status/1451138414401654786	False	160	129
Thu Oct 21 10:48:42 +0000 2021	larasan16	RT @luisl4: Derrota Paz , ayer en #DebateBsAs enfrentándose a los vientos de la verdad..... https://t.co/Lab0l91bE1	0	4	https://twitter.com/larasan16/status/1451138369598066688	False	3185	5002
Thu Oct 21 10:48:37 +0000 2021	JUANJOFACELLO	"RT @Trocaster: Resumiendo...
Derrota Paz
#DebateBuenosAires
#DebateBsAs https://t.co/crFV27QIXS"	0	47	https://twitter.com/JUANJOFACELLO/status/1451138347116630017	False	1248	4106
Thu Oct 21 10:48:10 +0000 2021	elcerraja	"RT @MorenoVuelve: Che que le pasaba en los ojos a Tolosa Paz?!?

REPTILOIDES diría Iorio

#debate #DebateBsAs 
#Debatebuenosaires"	0	2	https://twitter.com/elcerraja/status/1451138234528923648	False	1874	2395
Thu Oct 21 10:47:43 +0000 2021	SpaccesiAgustin	"En el #DebateBsAs lo de #Espert fue impecable! 

Les mostró a todos como la casta como le roba el futuro a todos!!

En Córdoba el 14/11 votá #Lista23 https://t.co/VE6VK4SvRo"	87	14	https://twitter.com/SpaccesiAgustin/status/1451138121068777473	False	11622	3936
Thu Oct 21 10:45:58 +0000 2021	KazuoKiriyama17	"Hace poco Espert me bloqueó por dibujarlo como un milico, y luego de las barbaridades que dijo ayer la verdad me quedé corto
#DebateBsAs https://t.co/mL4Kvpum8G"	5	0	https://twitter.com/KazuoKiriyama17/status/1451137679324631044	False	118	282
Thu Oct 21 10:43:39 +0000 2021	jamena333	RT @luisl4: Derrota Paz , ayer en #DebateBsAs enfrentándose a los vientos de la verdad..... https://t.co/Lab0l91bE1	0	4	https://twitter.com/jamena333/status/1451137098577113092	False	128	488
Thu Oct 21 10:43:03 +0000 2021	martinezmerce18	"RT @Trocaster: Resumiendo...
Derrota Paz
#DebateBuenosAires
#DebateBsAs https://t.co/crFV27QIXS"	0	47	https://twitter.com/martinezmerce18/status/1451136944361000971	False	6360	4387
Thu Oct 21 10:41:55 +0000 2021	martinezmerce18	"#DebateBsAs 
- Cuál fue la propuesta de  #TolosaPaz ? 
-cri CRI CRI CRI CRI 
Solo salió de su milímetro cerebro 
-Deuda +deuda +Macri +Macri 
Pero bien que están gastando la guita que les dió el FMI De eso no hablo ?"	0	0	https://twitter.com/martinezmerce18/status/1451136662952558596	False	6360	4387
Thu Oct 21 10:41:10 +0000 2021	QHoguera	"Más allá que habrá que votarlo al Colo, admitamos lo mediocre de su capacidad política. Claramente demostrado ayer donde tuvo todo servido en el #DebateBsAs .

Una pena. . ."	5	2	https://twitter.com/QHoguera/status/1451136471599960071	False	4389	4501
Thu Oct 21 10:39:18 +0000 2021	diego_318	RT @jlzorzi: Derrota Golosa Paz es la Cheta de Juana Molina, habla de la provincia y vive en Puerto Madero con Albistur que le “prestaba” e…	0	17	https://twitter.com/diego_318/status/1451136001355632646	False	2582	5001
Thu Oct 21 10:38:31 +0000 2021	AlexisJSallle	RT @StellaM605: Lean,los k se robaron un PBI,pero..#AhPeroMacri #14NFindelKirchnerismo #14NSacamosLaBasura #14NVotoUnNuevoPais #SeVan #Deba…	0	1	https://twitter.com/AlexisJSallle/status/1451135805372649476	False	315	1607
Thu Oct 21 10:38:10 +0000 2021	MorenoVuelve	"Che que le pasaba en los ojos a Tolosa Paz?!?

REPTILOIDES diría Iorio

#debate #DebateBsAs 
#Debatebuenosaires https://t.co/g6IhNmhCJr"	8	2	https://twitter.com/MorenoVuelve/status/1451135717682282496	False	1214	2266
Thu Oct 21 10:37:22 +0000 2021	garcialucianag	"El relegamiento de Randazzo a una instancia de debate que no le gusta y lo hace ver débil —le tocó con Hotton—, no es más que la síntesis de su ineficacia política. Un hombre sin ideas nuevas, oxidado, que aparece solo cuando las urnas anuncian su llegada.
#DebateBsAs #Debate"	1	0	https://twitter.com/garcialucianag/status/1451135514866700289	False	331	631
Thu Oct 21 10:32:08 +0000 2021	candrada	"Del Caño nunca defrauda. 😂
#DebateBsAs https://t.co/apITzlAQOJ"	3	0	https://twitter.com/candrada/status/1451134199109341189	False	4762	2787
Thu Oct 21 10:30:43 +0000 2021	SucArgenchinos	"RT @Trocaster: Resumiendo...
Derrota Paz
#DebateBuenosAires
#DebateBsAs https://t.co/crFV27QIXS"	0	47	https://twitter.com/SucArgenchinos/status/1451133843054989318	False	1494	1707
Thu Oct 21 10:27:54 +0000 2021	NKCFKPERONISTA	"RT @FrenteDeTodos: • Hoy a las 22hs, @vtolosapaz va a participar del #DebateBsAs en @todonoticias. 📺 

También podés seguirlo en vivo por a…"	0	111	https://twitter.com/NKCFKPERONISTA/status/1451133132929785857	False	13242	14492
Thu Oct 21 10:27:49 +0000 2021	moshman2904	@mauriciomacri @horaciorlarreta @PatoBullrich @mariuvidal @diegosantilli convoquen a @jlespert  de cara al 2023. déjense de joder. #DebateBsAs	0	0	https://twitter.com/moshman2904/status/1451133112470032389	False	68	460
Thu Oct 21 10:26:04 +0000 2021	MardelBanquemos	RT @martinsaezvior: Hasta Del Caño reconoce que la fórmula previsional de Macri aumentaba las jubilaciones por encima de la inflación 🤷🏻‍♂️…	0	2	https://twitter.com/MardelBanquemos/status/1451132672676401158	False	109	79
Thu Oct 21 10:25:51 +0000 2021	tanosjar08	"RT @Sami25280250: #DebateBsAs
Junto a nuestra candidata Victoria T.Paz https://t.co/sE9vfYKRuA"	0	13	https://twitter.com/tanosjar08/status/1451132619802873860	False	3639	4346
Thu Oct 21 10:25:00 +0000 2021	adriplasencia71	Esperando que @ContadorMacri dé el resultado del #DebateBsAs	1	0	https://twitter.com/adriplasencia71/status/1451132404819644424	False	75	474
Thu Oct 21 10:24:38 +0000 2021	M4rceDia2	@vtolosapaz Empecé a ver el #DebateBsAs pero lo cambié porque escuché a todos nerviosos diciendo mentiras y haciendo papelones. La única que sabía de q hablaba y ponía ovarios para defender a la Pcia eras vos @vtolosapaz Felicitaciones y Exitos 💕💚	0	0	https://twitter.com/M4rceDia2/status/1451132310124781571	False	4560	4692
Thu Oct 21 10:22:34 +0000 2021	jdu2020	@todonoticias @jlespert Que respondan las preguntas que le hizo @jlespert a @vtolosapaz y a @diegosantilli #DebateBsAs #DebateBuenosAires	0	0	https://twitter.com/jdu2020/status/1451131793223024641	False	203	946
Thu Oct 21 10:20:24 +0000 2021	jdu2020	@diegosantilli A la gente le gustaría que respondas la pregunta de @jlespert sobre los piquetes!!! #DebateBuenosAires #DebateBsAs	0	0	https://twitter.com/jdu2020/status/1451131247690862597	False	203	946
Thu Oct 21 10:16:07 +0000 2021	miguee1976	RT @DANYD8: #DebateBsAs sin carisma el único que da propuestas claras es #Santilli @diegosantilli el resto chusmas de feria FIN	0	33	https://twitter.com/miguee1976/status/1451130168089530375	False	177	591
Thu Oct 21 10:15:37 +0000 2021	omaralberto0680	"RT @ppt258: tolosa paz estafó a gente humilde (algunos que no sabían leer o escribir ) https://t.co/eNrEmPai6x
  DebateBuenosAires #Tolosa…"	0	1	https://twitter.com/omaralberto0680/status/1451130041224634369	False	35	499
Thu Oct 21 10:15:08 +0000 2021	JuliaPintos18	RT @StellaM605: Pregunto: Los Bonaerenses y toda la gente del país..No se miran en el espejo de la ciudad? Les gustaría que todo el país se…	0	23	https://twitter.com/JuliaPintos18/status/1451129919283470337	False	1935	2599
Thu Oct 21 10:11:42 +0000 2021	MatiasDonnet2	RT @luisl4: Derrota Paz , ayer en #DebateBsAs enfrentándose a los vientos de la verdad..... https://t.co/Lab0l91bE1	0	4	https://twitter.com/MatiasDonnet2/status/1451129056787935237	False	107	280
Thu Oct 21 10:11:24 +0000 2021	luisl4	Derrota Paz , ayer en #DebateBsAs enfrentándose a los vientos de la verdad..... https://t.co/Lab0l91bE1	7	4	https://twitter.com/luisl4/status/1451128983328681994	False	8780	3133
Thu Oct 21 10:09:59 +0000 2021	VecinosBelgrano	RT @jorgecorchomat: #DerrotaPaz y dale con #Vidal No podes explicar las ordenes de detenciones de tu #Jefa el voto en la @ONU_es a favor de…	0	23	https://twitter.com/VecinosBelgrano/status/1451128626368417794	False	4170	4555
Thu Oct 21 10:07:41 +0000 2021	leocaserio	"En esta instancia al menos, que es de debate y para una posición legislativa: impecable @jlespert 

#debate #DebateBsAs https://t.co/hANbADo9KW"	0	0	https://twitter.com/leocaserio/status/1451128047994748928	False	4900	4561
Thu Oct 21 10:05:07 +0000 2021	Ottaviani_Gatti	RT @jorgecorchomat: #DerrotaPaz y dale con #Vidal No podes explicar las ordenes de detenciones de tu #Jefa el voto en la @ONU_es a favor de…	0	23	https://twitter.com/Ottaviani_Gatti/status/1451127401212174338	False	12200	11698
Thu Oct 21 10:02:32 +0000 2021	EEluzu	RT @jorgecorchomat: #DerrotaPaz y dale con #Vidal No podes explicar las ordenes de detenciones de tu #Jefa el voto en la @ONU_es a favor de…	0	23	https://twitter.com/EEluzu/status/1451126751275347968	False	2068	5001
Thu Oct 21 10:02:00 +0000 2021	ppt258	"tolosa paz estafó a gente humilde (algunos que no sabían leer o escribir ) https://t.co/eNrEmPai6x
  DebateBuenosAires #Tolosa Paz #debate #DebateBsAs #debatebuenosaires #Espert #victoria   #Santilli #hotton #Randazzo #DelCano #elecciones #14noviembre https://t.co/O5gIqjGulo"	5	1	https://twitter.com/ppt258/status/1451126617128980480	False	4248	4255
Thu Oct 21 09:57:12 +0000 2021	Vickymvf	"El zurdo promedio:
#DebateBsAs #EsConEspert #Espert2021"	0	0	https://twitter.com/Vickymvf/status/1451125406635945995	False	100	501
Thu Oct 21 09:55:18 +0000 2021	LauCastaldo	Llego al laburo con intenciones de discutir sobre el #DebateBsAs  y todos hablando de boquita y fulbo. Las prioridades	0	0	https://twitter.com/LauCastaldo/status/1451124931559755778	False	136	292
Thu Oct 21 09:54:45 +0000 2021	fabi11mr	RT @StellaM605: Pregunto: Los Bonaerenses y toda la gente del país..No se miran en el espejo de la ciudad? Les gustaría que todo el país se…	0	23	https://twitter.com/fabi11mr/status/1451124791814012931	False	1225	1906
Thu Oct 21 09:38:07 +0000 2021	gaboarrieta	"#Mañaneros @negritomolinero
#debate #DebateBsAs
#Debateprovincia 
@todonoticias @sergiolapegue @mati_bertolotti 

(*) Lo triste es que este #Meme NO satiriza lo visto ayer... 🇦🇷📨🗳🖐🏻 https://t.co/4uryMkrbna"	0	0	https://twitter.com/gaboarrieta/status/1451120605131153409	False	574	1456
Thu Oct 21 09:33:47 +0000 2021	fedewein	RT @DANYD8: #DebateBsAs sin carisma el único que da propuestas claras es #Santilli @diegosantilli el resto chusmas de feria FIN	0	33	https://twitter.com/fedewein/status/1451119514637111297	False	201	313
Thu Oct 21 09:31:04 +0000 2021	annettaverdeal	RT @DANYD8: #DebateBsAs sin carisma el único que da propuestas claras es #Santilli @diegosantilli el resto chusmas de feria FIN	0	33	https://twitter.com/annettaverdeal/status/1451118831338987522	False	423	326
Thu Oct 21 09:28:01 +0000 2021	MarceDelgadoMKT	RT @DieAle_: Espert en #DebateBsAs se la paso DESNUDO	0	1	https://twitter.com/MarceDelgadoMKT/status/1451118065551347716	False	2948	4111
Thu Oct 21 09:23:33 +0000 2021	victorbolognese	#DebateBsAs #DebateCapital todos contra tod@s, se sacaron trapos al sol tod@s PERO ninguno reconoció nada y siempre con discursos hegemónicos compradores 196 años de gobiernos argentinos con más polític@s con PODER bolsillos LLENOS haciendo NADA, QUEJÁNDOSE https://t.co/ulzHQxnVAn	0	0	https://twitter.com/victorbolognese/status/1451116941377105922	False	633	549
Thu Oct 21 09:16:27 +0000 2021	DieAle_	Espert en #DebateBsAs se la paso DESNUDO	3	1	https://twitter.com/DieAle_/status/1451115154024792072	False	106	328
Thu Oct 21 09:10:05 +0000 2021	SOCIOLOGIAWM	"RT @JorRausch: 🔴 #Memoria 

Para VICTORIA TOLOSA PAZ (el kirchnerismo✌🏽🚩), hablar de nuestros familiares muertos por #Covid19, es hablar de…"	0	41	https://twitter.com/SOCIOLOGIAWM/status/1451113550391373829	False	4534	4206
Thu Oct 21 09:08:41 +0000 2021	MoronOeste	El único ganador del #DebateBsAs de ayer fue @mauriciomacri , y eso que no es candidato! 😊	1	0	https://twitter.com/MoronOeste/status/1451113197713252353	False	125	270
Thu Oct 21 08:39:23 +0000 2021	alfredooscarf1	"RT @JorRausch: 🔴 #Memoria 

Para VICTORIA TOLOSA PAZ (el kirchnerismo✌🏽🚩), hablar de nuestros familiares muertos por #Covid19, es hablar de…"	0	41	https://twitter.com/alfredooscarf1/status/1451105824588304385	False	50	919
Thu Oct 21 08:32:31 +0000 2021	Neoliberal9179	"RT @1EnzoJara: Nico del Caño: ""No me bailes Espert, no se mucho""

José Espert ""¿En que país funcionó el modelo que defendes sin que haya di…"	0	1	https://twitter.com/Neoliberal9179/status/1451104095285047307	False	143	320
Thu Oct 21 07:48:57 +0000 2021	GermanDeAlmagro	"RT @Trocaster: Resumiendo...
Derrota Paz
#DebateBuenosAires
#DebateBsAs https://t.co/crFV27QIXS"	0	47	https://twitter.com/GermanDeAlmagro/status/1451093132544782338	False	54	208
Thu Oct 21 07:41:16 +0000 2021	FarranLiliana	"RT @DANYD8: #DebateBsAs Propuestas de Derrota Paz ah pero Macri ! 
Ah pero Macri ! Ah pero Macri!
Ah pero Macri!!!! I N F U M A B  L E ! ht…"	0	43	https://twitter.com/FarranLiliana/status/1451091198328942592	False	1011	1259
Thu Oct 21 07:24:07 +0000 2021	Gervy61	RT @StellaM605: Pregunto: Los Bonaerenses y toda la gente del país..No se miran en el espejo de la ciudad? Les gustaría que todo el país se…	0	23	https://twitter.com/Gervy61/status/1451086884738719745	False	3132	2878
Thu Oct 21 06:58:42 +0000 2021	LuisFer15410242	"RT @Carlosanchez_99: Pará un poco @jlespert 
#DebateBsAs #Debateprovincia #DebateTN https://t.co/YWEnpARPyI"	0	1	https://twitter.com/LuisFer15410242/status/1451080485162078209	False	3	95
Thu Oct 21 06:53:29 +0000 2021	A_TonelliOk	"Hoy realmente @jlespert se lucio en cada segundo del debate. Si estaba locamente amando de tus ideas profe, ahora te alabo a modo dios!

#debate #DebateBsAs"	1	0	https://twitter.com/A_TonelliOk/status/1451079175872278529	False	9712	4049
Thu Oct 21 06:50:30 +0000 2021	geminis680	"RT @Dcevampiro: ENCUESTA: 
A alguien le hizo modificar su voto para el 14 de Noviembre? #DebateBuenosAires #DebateBsAs #Debateprovincia #De…"	0	5	https://twitter.com/geminis680/status/1451078423854649346	False	190	287
Thu Oct 21 06:27:32 +0000 2021	RNsongs	"RT @pormifuturo1: Derrota paz hablando de no hacer oportunismo político con la pandemia????? 

Danos una explicación NO política de por qué…"	0	46	https://twitter.com/RNsongs/status/1451072641545211909	False	422	299
Thu Oct 21 06:21:59 +0000 2021	RODOLFOOLIVA	"RT @PaKCar1975: #TolosaPaz parce la tía borracha que tiene que hacer el brindis final en un casamiento. 
#DebateBsAs 
#DebateBuenosAires"	0	6	https://twitter.com/RODOLFOOLIVA/status/1451071248411336705	False	180	168
Thu Oct 21 06:15:01 +0000 2021	marce_diciembre	"RT @JorRausch: #DebateBsAs 
#DebateProvincia 
#DebateTN 
“No, Cynthia, no @CynthiaHotton”, le reitera #Bonelli mientras Tolosa Paz - que nu…"	0	6	https://twitter.com/marce_diciembre/status/1451069494361788419	False	3383	1897
Thu Oct 21 05:58:03 +0000 2021	VamosconvosPs	"📌 #DebateBsAs
🕛 A las 22hs voy a estar debatiendo junto a Victoria Tolosa Paz, Cynthia Hotton, Espert, Nicolas del Caño y Diego Santilli por Todo Noticias.
@RandazzoF @vamosconvosok https://t.co/91HoEMwVdL"	2	0	https://twitter.com/VamosconvosPs/status/1451065225009156096	False	80	75
Thu Oct 21 05:44:37 +0000 2021	Grondavia	RT @DANYD8: #DebateBsAs sin carisma el único que da propuestas claras es #Santilli @diegosantilli el resto chusmas de feria FIN	0	33	https://twitter.com/Grondavia/status/1451061845129715714	False	4536	3772
Thu Oct 21 05:44:19 +0000 2021	ElPetisoLiberal	"RT @agustin_gbasso: - Alberto, como van los votos de Tolosa Paz?
+ Se elevan majestuosamente señora

#DebateBsAs https://t.co/5eD843qJwQ"	0	5	https://twitter.com/ElPetisoLiberal/status/1451061769774854147	False	497	747
Thu Oct 21 05:40:12 +0000 2021	Miley498960851	"RT @agustin_gbasso: - Alberto, como van los votos de Tolosa Paz?
+ Se elevan majestuosamente señora

#DebateBsAs https://t.co/5eD843qJwQ"	0	5	https://twitter.com/Miley498960851/status/1451060733140258818	False	199	359
Thu Oct 21 05:36:05 +0000 2021	Liligar50300011	"RT @JorRausch: 🔴 EL SINCERAMIENTO DE VICTORIA “DERROTA” TOLOSA PAZ ✌🏽🚩

#Debateprovincia 
#DebateBsAs 
#debate 
#DebateBuenosAires 

Exacto…"	0	7	https://twitter.com/Liligar50300011/status/1451059696337657856	False	241	243
Thu Oct 21 05:35:54 +0000 2021	CorinaC63	RT @DANYD8: #DebateBsAs sin carisma el único que da propuestas claras es #Santilli @diegosantilli el resto chusmas de feria FIN	0	33	https://twitter.com/CorinaC63/status/1451059647725584389	False	1775	3864
Thu Oct 21 05:23:34 +0000 2021	lolitagoyen	RT @DANYD8: #DebateBsAs sin carisma el único que da propuestas claras es #Santilli @diegosantilli el resto chusmas de feria FIN	0	33	https://twitter.com/lolitagoyen/status/1451056546826362880	False	4042	5002
Thu Oct 21 05:22:55 +0000 2021	el_ladeao	"RT @JorRausch: #DebateBsAs 
#DebateProvincia 
#DebateTN 
“No, Cynthia, no @CynthiaHotton”, le reitera #Bonelli mientras Tolosa Paz - que nu…"	0	6	https://twitter.com/el_ladeao/status/1451056381633646597	False	8019	7502
Thu Oct 21 05:20:31 +0000 2021	numeroten10	"RT @ignaventu: #Espert: Viendo las estupideces que dice Victoria Tolosa Paz…
#TolosaPaz: Más Respeto Espert. Respeto.
Espert: No, si usted…"	0	2	https://twitter.com/numeroten10/status/1451055779369291779	False	0	16
Thu Oct 21 05:19:56 +0000 2021	FornasoE	"RT @ignaventu: #Espert: Viendo las estupideces que dice Victoria Tolosa Paz…
#TolosaPaz: Más Respeto Espert. Respeto.
Espert: No, si usted…"	0	2	https://twitter.com/FornasoE/status/1451055632644247552	False	131	49
Thu Oct 21 05:15:28 +0000 2021	CeciliaAltamir9	"RT @JorRausch: 🔴 #Memoria 

Para VICTORIA TOLOSA PAZ (el kirchnerismo✌🏽🚩), hablar de nuestros familiares muertos por #Covid19, es hablar de…"	0	41	https://twitter.com/CeciliaAltamir9/status/1451054506771292164	False	3971	4627
Thu Oct 21 05:15:02 +0000 2021	NatyPRINCE4	"RT @JorRausch: 🔴 #Memoria 

Para VICTORIA TOLOSA PAZ (el kirchnerismo✌🏽🚩), hablar de nuestros familiares muertos por #Covid19, es hablar de…"	0	41	https://twitter.com/NatyPRINCE4/status/1451054398650519557	False	387	394
Thu Oct 21 05:14:38 +0000 2021	GustavoIPadilla	"RT @JorRausch: 🔴 #Memoria 

Para VICTORIA TOLOSA PAZ (el kirchnerismo✌🏽🚩), hablar de nuestros familiares muertos por #Covid19, es hablar de…"	0	41	https://twitter.com/GustavoIPadilla/status/1451054298830233609	False	16033	17585
Thu Oct 21 05:10:09 +0000 2021	RODOLFOOLIVA	"RT @1EnzoJara: Sarasa sarasa de parte de Nicolás del Caño

#DebateBuenosAires 
#debate 
#EleccionesArgentina 
#DebateBsAs https://t.co/iy85…"	0	2	https://twitter.com/RODOLFOOLIVA/status/1451053169455271942	False	180	168
Thu Oct 21 05:08:43 +0000 2021	NaniCordoba14	"RT @JorRausch: 🔴 #Memoria 

Para VICTORIA TOLOSA PAZ (el kirchnerismo✌🏽🚩), hablar de nuestros familiares muertos por #Covid19, es hablar de…"	0	41	https://twitter.com/NaniCordoba14/status/1451052807008579585	False	1782	2062
Thu Oct 21 05:08:12 +0000 2021	ignaventu	"#Espert: Viendo las estupideces que dice Victoria Tolosa Paz…
#TolosaPaz: Más Respeto Espert. Respeto.
Espert: No, si usted dice estupideces, dice estupideces sea hombre o mujer o se sienta una planta…
Tolosa Paz: Respeto.

El congreso va a ser un aula de secundario #DebateBsAs https://t.co/0GTQVavNj4"	9	2	https://twitter.com/ignaventu/status/1451052678415482881	False	32	52
Thu Oct 21 05:06:55 +0000 2021	LucioPizarro	#DebateBsAs #DebateBuenosAires Tolosa Paz se fumó un porro antes del debate o que?	2	0	https://twitter.com/LucioPizarro/status/1451052357354090497	False	45	638
Thu Oct 21 05:03:51 +0000 2021	nehgev	"@todonoticias @alfredocornejo @PatoBullrich 
uds le martillaban la cabeza a la gent,q si las fuerzas d seguridad t pedia el DNI se lo tnias q dar,ahora a Macri lo cita la justicia,no se tiene q presentar? #MMNoSeToca #DebateBuenosAires #debate #DebateProvincia #DebateBsAs #DebateTN #21Oct"	0	0	https://twitter.com/nehgev/status/1451051582657810439	False	3	98
Thu Oct 21 05:02:24 +0000 2021	adrianataj	"RT @JorRausch: 🔴 #Memoria 

Para VICTORIA TOLOSA PAZ (el kirchnerismo✌🏽🚩), hablar de nuestros familiares muertos por #Covid19, es hablar de…"	0	41	https://twitter.com/adrianataj/status/1451051217753452544	False	93	418
Thu Oct 21 04:56:49 +0000 2021	MariuGonza10	"RT @TvVallez: @MariaLujan_Rey #DerrotaPaz es una pobre #inexperta guaranga, como toda kirchnerista. 
Si @mauriciomacri #Macri no existiera,…"	0	2	https://twitter.com/MariuGonza10/status/1451049812737105920	False	1556	2458
Thu Oct 21 04:55:01 +0000 2021	BichoRa78930785	"RT @JorRausch: La pregunta del “colo” @diegosantilli que destrozó a Victoria Tolosa Paz 
#Debateprovincia 
#DebateBsAs 
#debate 
#DebateBue…"	0	18	https://twitter.com/BichoRa78930785/status/1451049361056665600	False	933	1653
Thu Oct 21 04:54:49 +0000 2021	CarmenGrossi2	"RT @JorRausch: 🔴 #Memoria 

Para VICTORIA TOLOSA PAZ (el kirchnerismo✌🏽🚩), hablar de nuestros familiares muertos por #Covid19, es hablar de…"	0	41	https://twitter.com/CarmenGrossi2/status/1451049309160366084	False	2449	3605
Thu Oct 21 04:52:10 +0000 2021	Clau79012652	"RT @LibresPilar: 📌 #DebateBsAs
🕛 A las 22hs Florencio Randazzo va estar debatiendo por Buenos Aires, junto a Victoria Tolosa Paz, Cynthia H…"	0	25	https://twitter.com/Clau79012652/status/1451048643763613696	False	21	48
Thu Oct 21 04:51:31 +0000 2021	eduvitullo	RT @crmarcosmosca: La cara de #espert cuando #derrotapaz decía #pelotudeces sin fundamento. #VerguenzaNacional escuchar a #derrotapaz #deba…	0	1	https://twitter.com/eduvitullo/status/1451048481364271104	False	107	362
Thu Oct 21 04:50:43 +0000 2021	anitamiraglia	RT @StellaM605: Pregunto: Los Bonaerenses y toda la gente del país..No se miran en el espejo de la ciudad? Les gustaría que todo el país se…	0	23	https://twitter.com/anitamiraglia/status/1451048277298712590	False	4153	3931
Thu Oct 21 04:47:52 +0000 2021	pabloscarpa1	Muy mal Tolosa y Santilli. En realidad no había manera de que puedan hacer un debate ya que representa el desastre nacional #DebateBsAs	0	0	https://twitter.com/pabloscarpa1/status/1451047560441856004	False	31	68
Thu Oct 21 04:47:45 +0000 2021	aevaio47	"RT @JorRausch: 🔴 #Memoria 

Para VICTORIA TOLOSA PAZ (el kirchnerismo✌🏽🚩), hablar de nuestros familiares muertos por #Covid19, es hablar de…"	0	41	https://twitter.com/aevaio47/status/1451047532746862593	False	1002	816
Thu Oct 21 04:47:34 +0000 2021	MeroiDr	"RT @JorRausch: La pregunta del “colo” @diegosantilli que destrozó a Victoria Tolosa Paz 
#Debateprovincia 
#DebateBsAs 
#debate 
#DebateBue…"	0	18	https://twitter.com/MeroiDr/status/1451047485095309319	False	1106	3752
Thu Oct 21 04:46:23 +0000 2021	nehgev	@Cronistacom @GugaLusto querés reparar lo d la 125?Ahora vas contra el peón,el operario,el técnico etc?Recuerdo q el campo cortó una ruta nacional,se dió vuelta tu proyecto y x suerte ninguno terminó como Santiago Maldonado. #DebateBuenosAires #debate #DebateProvincia #DebateBsAs #DebateTN	0	0	https://twitter.com/nehgev/status/1451047188222693377	False	3	98
Thu Oct 21 04:45:21 +0000 2021	eduvitullo	"RT @PaKCar1975: Cómo será de INOPERANTE que ni siquiera Cristina la quiere.
#derrotaPaz
#DebateBsAs"	0	3	https://twitter.com/eduvitullo/status/1451046926699347969	False	107	362
Thu Oct 21 04:44:40 +0000 2021	GriMaca13	"RT @DANYD8: #DebateBsAs Propuestas de Derrota Paz ah pero Macri ! 
Ah pero Macri ! Ah pero Macri!
Ah pero Macri!!!! I N F U M A B  L E ! ht…"	0	43	https://twitter.com/GriMaca13/status/1451046757157126155	False	1001	1039
Thu Oct 21 04:42:51 +0000 2021	michma82	RT @LACUCHILLERA_: VICTORIA ANTES DE ARRANCAR SE TOMÓ UN:   #DebateBsAs https://t.co/m5QXP5Rxx8	0	8	https://twitter.com/michma82/status/1451046299126611968	False	166	586
Thu Oct 21 04:42:43 +0000 2021	MeroiDr	RT @jorgecorchomat: #DerrotaPaz y dale con #Vidal No podes explicar las ordenes de detenciones de tu #Jefa el voto en la @ONU_es a favor de…	0	23	https://twitter.com/MeroiDr/status/1451046265580515330	False	1106	3752
Thu Oct 21 04:42:25 +0000 2021	OLIV4020	"RT @Trocaster: Resumiendo...
Derrota Paz
#DebateBuenosAires
#DebateBsAs https://t.co/crFV27QIXS"	0	47	https://twitter.com/OLIV4020/status/1451046189315543040	False	46	682
Thu Oct 21 04:42:15 +0000 2021	MeroiDr	"RT @BalbuenaDavEze: ""Basta de imposición en ideología de género. Con los chicos no se metan"" #CynthiaHotton #DebateBsAs #HottonenTN https:/…"	0	12	https://twitter.com/MeroiDr/status/1451046148626472962	False	1106	3752
Thu Oct 21 04:41:41 +0000 2021	OLIV4020	RT @MarceTanaYQue: Derrota Paz en #DebateBsAs 👇🏼 https://t.co/gU6foweZn6	0	15	https://twitter.com/OLIV4020/status/1451046005617664002	False	46	682
Thu Oct 21 04:41:10 +0000 2021	michma82	"RT @JorRausch: 🔴 #Memoria 

Para VICTORIA TOLOSA PAZ (el kirchnerismo✌🏽🚩), hablar de nuestros familiares muertos por #Covid19, es hablar de…"	0	41	https://twitter.com/michma82/status/1451045875715878913	False	166	586
Thu Oct 21 04:40:38 +0000 2021	OLIV4020	"RT @DANYD8: #DebateBsAs Propuestas de Derrota Paz ah pero Macri ! 
Ah pero Macri ! Ah pero Macri!
Ah pero Macri!!!! I N F U M A B  L E ! ht…"	0	43	https://twitter.com/OLIV4020/status/1451045739900059648	False	46	682
Thu Oct 21 04:40:28 +0000 2021	michma82	"RT @JorRausch: 🔴 #EsJuntos 

#Debateprovincia 
#DebateBsAs 
#debate 
#DebateBuenosAires 

El #14Nov votamos a #JxC 

“No es armar un #Vacun…"	0	8	https://twitter.com/michma82/status/1451045697906696192	False	166	586
Thu Oct 21 04:39:35 +0000 2021	xorxe_l	"RT @DANYD8: #DebateBsAs Propuestas de Derrota Paz ah pero Macri ! 
Ah pero Macri ! Ah pero Macri!
Ah pero Macri!!!! I N F U M A B  L E ! ht…"	0	43	https://twitter.com/xorxe_l/status/1451045477026123780	False	590	1142
Thu Oct 21 04:39:30 +0000 2021	FresquetMiguel	"RT @Anonymou5____: Quien está ganando el debate?
Sean sinceros más allá del favoritismo
Se agradece el RT y la compartida
#DebateBsAs #Deba…"	0	14	https://twitter.com/FresquetMiguel/status/1451045456058847233	False	1221	3565
Thu Oct 21 04:38:57 +0000 2021	MeroiDr	RT @ZilOliv_: La verdad: entierren a Perón definitivamente o nos hundimos. Vivir del pasado atrasa e impide crecer. #DebateBsAs A dormir.	0	7	https://twitter.com/MeroiDr/status/1451045316426305537	False	1106	3752
Thu Oct 21 04:34:03 +0000 2021	puffexcondesae1	"RT @JorRausch: #DebateBsAs 
#DebateProvincia 
#DebateTN 
“No, Cynthia, no @CynthiaHotton”, le reitera #Bonelli mientras Tolosa Paz - que nu…"	0	6	https://twitter.com/puffexcondesae1/status/1451044083938455556	False	3847	3789
Thu Oct 21 04:33:14 +0000 2021	SARY68457463	RT @StellaM605: Pregunto: Los Bonaerenses y toda la gente del país..No se miran en el espejo de la ciudad? Les gustaría que todo el país se…	0	23	https://twitter.com/SARY68457463/status/1451043881085112325	False	249	516
Thu Oct 21 04:32:32 +0000 2021	angeltetomedina	"RT @JorRausch: 🔴 #EsJuntos 

#Debateprovincia 
#DebateBsAs 
#debate 
#DebateBuenosAires 

El #14Nov votamos a #JxC 

“No es armar un #Vacun…"	0	8	https://twitter.com/angeltetomedina/status/1451043704781877256	False	497	631
Thu Oct 21 04:31:53 +0000 2021	aleullua	#DebateBsAs #DebateProvincia #Debate Los conductores del ciclo #ADosVoces revelaron no tener idoneidad e imparcialidad para manejar estos encuentros. Debería haber una presencia femenina que reemplace a alguno: propongo a @carola_amoroso Tomen nota @todonoticias	0	0	https://twitter.com/aleullua/status/1451043538452377608	False	3881	619
Thu Oct 21 04:31:45 +0000 2021	sergioburgio22	@reba_arg ya que no responden por el chat por tratarse de un bot, consulto por acá ... Se acabó la promo con @Mercadolibre para pago en 3 cuotas sin interés con @AmericanExpress ??? Se cayó el principal beneficio. No les queda ninguno de importancia. #debate #DebateTN #DebateBsAs	0	0	https://twitter.com/sergioburgio22/status/1451043507141898247	False	34	379
Thu Oct 21 04:31:40 +0000 2021	KazuoKiriyama17	RT @arias_marilina: Esper no sabe que nuestros pibes pedalean hs y hs con monotributo, sin vacaciones, sin obra social, indemnización ni ni…	0	7	https://twitter.com/KazuoKiriyama17/status/1451043483372773377	False	118	282
Thu Oct 21 04:31:24 +0000 2021	Patsy1612	"RT @JorRausch: 🔴 #Memoria 

Para VICTORIA TOLOSA PAZ (el kirchnerismo✌🏽🚩), hablar de nuestros familiares muertos por #Covid19, es hablar de…"	0	41	https://twitter.com/Patsy1612/status/1451043418323439622	False	2131	2852
Thu Oct 21 04:30:49 +0000 2021	YoP53441254	"RT @Trocaster: Resumiendo...
Derrota Paz
#DebateBuenosAires
#DebateBsAs https://t.co/crFV27QIXS"	0	47	https://twitter.com/YoP53441254/status/1451043269517926402	False	653	659
Thu Oct 21 04:30:39 +0000 2021	h_maudo	"RT @pormifuturo1: Derrota paz hablando de no hacer oportunismo político con la pandemia????? 

Danos una explicación NO política de por qué…"	0	46	https://twitter.com/h_maudo/status/1451043227080052736	False	216	230
Thu Oct 21 04:29:23 +0000 2021	aleullua	#DebateBsAs #DebateProvincia #Debate Ninguno de los candidatos le contó propuestas concretas a la ciudadanía bonaerense. Qué discutan entre ellos revela el grado de intolerancia al que llegó la sociedad argentina	0	0	https://twitter.com/aleullua/status/1451042908837089282	False	3881	619
Thu Oct 21 04:28:49 +0000 2021	Rafa1553	RT @LACUCHILLERA_: VICTORIA ANTES DE ARRANCAR SE TOMÓ UN:   #DebateBsAs https://t.co/m5QXP5Rxx8	0	8	https://twitter.com/Rafa1553/status/1451042768596262913	False	1464	538
Thu Oct 21 04:28:24 +0000 2021	Ricardof128	"RT @JorRausch: Hable Tolosa Victoria Paz ✌🏽🚩
Bonelli se lo permite... tranqui... 
¿Quiere agua?
No Alfano, así está bien 😂
#Debateprovincia…"	0	14	https://twitter.com/Ricardof128/status/1451042663029825536	False	4744	5008
Thu Oct 21 04:28:10 +0000 2021	Ricardof128	"RT @JorRausch: La pregunta del “colo” @diegosantilli que destrozó a Victoria Tolosa Paz 
#Debateprovincia 
#DebateBsAs 
#debate 
#DebateBue…"	0	18	https://twitter.com/Ricardof128/status/1451042604557033476	False	4744	5008
Thu Oct 21 04:27:53 +0000 2021	Berto7493	RT @LACUCHILLERA_: VICTORIA ANTES DE ARRANCAR SE TOMÓ UN:   #DebateBsAs https://t.co/m5QXP5Rxx8	0	8	https://twitter.com/Berto7493/status/1451042534231134211	False	4452	2615
Thu Oct 21 04:27:24 +0000 2021	ClauFabSand	"RT @DANYD8: #DebateBsAs Propuestas de Derrota Paz ah pero Macri ! 
Ah pero Macri ! Ah pero Macri!
Ah pero Macri!!!! I N F U M A B  L E ! ht…"	0	43	https://twitter.com/ClauFabSand/status/1451042409505230849	False	310	533
Thu Oct 21 04:27:22 +0000 2021	gabyquiroga2000	RT @MarceTanaYQue: Derrota Paz en #DebateBsAs 👇🏼 https://t.co/gU6foweZn6	0	15	https://twitter.com/gabyquiroga2000/status/1451042404648296453	False	38	266
Thu Oct 21 04:26:17 +0000 2021	MadreTi38492021	RT @StellaM605: Pregunto: Los Bonaerenses y toda la gente del país..No se miran en el espejo de la ciudad? Les gustaría que todo el país se…	0	23	https://twitter.com/MadreTi38492021/status/1451042130923855876	False	1384	1711
Thu Oct 21 04:25:56 +0000 2021	MEHTAPBREP	"RT @DANYD8: #DebateBsAs Propuestas de Derrota Paz ah pero Macri ! 
Ah pero Macri ! Ah pero Macri!
Ah pero Macri!!!! I N F U M A B  L E ! ht…"	0	43	https://twitter.com/MEHTAPBREP/status/1451042042742652930	False	258	673
Thu Oct 21 04:24:50 +0000 2021	elkuki82	"RT @PaKCar1975: #Brancatelli no estaría diciendo lo mismo 
#DebateBsAs https://t.co/ohp0GHHzKi"	0	6	https://twitter.com/elkuki82/status/1451041765457268737	False	1490	2050
Thu Oct 21 04:24:25 +0000 2021	MarisaZavaleta	"RT @Trocaster: Resumiendo...
Derrota Paz
#DebateBuenosAires
#DebateBsAs https://t.co/crFV27QIXS"	0	47	https://twitter.com/MarisaZavaleta/status/1451041659609882628	False	3913	3854
Thu Oct 21 04:24:01 +0000 2021	isab1457	"RT @Anonymou5____: Quien está ganando el debate?
Sean sinceros más allá del favoritismo
Se agradece el RT y la compartida
#DebateBsAs #Deba…"	0	14	https://twitter.com/isab1457/status/1451041560733360131	False	4299	4322
Thu Oct 21 04:22:58 +0000 2021	OsquiArgento	"Quien ganó el #DebateBsAs ?
La grieta ganó. Pueden dar gracias de ello a la candidata q  presenta  #ElPeorGobiernoDeLaHistoria"	0	0	https://twitter.com/OsquiArgento/status/1451041295183409152	False	129	246
Thu Oct 21 04:22:49 +0000 2021	marisa_R_mdp	"RT @JorRausch: 🔴 #EsJuntos 

#Debateprovincia 
#DebateBsAs 
#debate 
#DebateBuenosAires 

El #14Nov votamos a #JxC 

“No es armar un #Vacun…"	0	8	https://twitter.com/marisa_R_mdp/status/1451041258000973824	False	71	138
Thu Oct 21 04:22:39 +0000 2021	PoleroAna	"RT @JorRausch: La pregunta del “colo” @diegosantilli que destrozó a Victoria Tolosa Paz 
#Debateprovincia 
#DebateBsAs 
#debate 
#DebateBue…"	0	18	https://twitter.com/PoleroAna/status/1451041217081401346	False	16435	401
Thu Oct 21 04:22:02 +0000 2021	intihuasi3	"RT @JorRausch: #DebateBsAs 
#DebateProvincia 
#DebateTN 
“No, Cynthia, no @CynthiaHotton”, le reitera #Bonelli mientras Tolosa Paz - que nu…"	0	6	https://twitter.com/intihuasi3/status/1451041062055784451	False	5778	6242
Thu Oct 21 04:21:50 +0000 2021	Alma9118	RT @StellaM605: Del Caño defiende a raja tabla seguir con su puesto en el estado,no sabe vivir de otra cosa #DebateBsAs #Debateprovincia #d…	0	3	https://twitter.com/Alma9118/status/1451041009735929861	False	1021	361
Thu Oct 21 04:21:22 +0000 2021	libertinosa1227	"RT @colore_sss: #DebateBsAs #DebateBuenosAires #LaIzquierdaAlCongreso @NicolasdelCano 
“En 2016 hubo 18mil millones de dólares depositados…"	0	1	https://twitter.com/libertinosa1227/status/1451040892777746434	False	1806	4677
Thu Oct 21 04:20:30 +0000 2021	francesclases	"RT @JorRausch: #DebateBsAs 
#DebateProvincia 
#DebateTN 
“No, Cynthia, no @CynthiaHotton”, le reitera #Bonelli mientras Tolosa Paz - que nu…"	0	6	https://twitter.com/francesclases/status/1451040675416453131	False	1079	3012
Thu Oct 21 04:20:28 +0000 2021	Damaris69955505	"RT @JorRausch: 🔴 #EsJuntos 

#Debateprovincia 
#DebateBsAs 
#debate 
#DebateBuenosAires 

El #14Nov votamos a #JxC 

“No es armar un #Vacun…"	0	8	https://twitter.com/Damaris69955505/status/1451040667010932739	False	9090	9704
Thu Oct 21 04:20:19 +0000 2021	conchochivas23	"RT @BalbuenaDavEze: ""Basta de imposición en ideología de género. Con los chicos no se metan"" #CynthiaHotton #DebateBsAs #HottonenTN https:/…"	0	12	https://twitter.com/conchochivas23/status/1451040626724589574	False	172	598
Thu Oct 21 04:18:33 +0000 2021	JorRausch	"#DebateBsAs 
#DebateProvincia 
#DebateTN 
“No, Cynthia, no @CynthiaHotton”, le reitera #Bonelli mientras Tolosa Paz - que nuevamente tuvo el monopolio de hablar -, se burla descaradamente. Se notó mucho @BonelliOK ⤵️ https://t.co/U4FZQT1WEm"	9	6	https://twitter.com/JorRausch/status/1451040182094946307	False	21467	2380
Thu Oct 21 04:18:31 +0000 2021	patcriver	"RT @adrilusi: Derrota Paz
Violenta Paz
Mentirosa Paz
#DebateBsAs
LO QUE REALMENTE ES INSOPORTABLE SON LAS MENTIRAS QUE DICEN LOS KK..
OJO C…"	0	10	https://twitter.com/patcriver/status/1451040177359450112	False	413	518
Thu Oct 21 04:17:59 +0000 2021	cacho_rito	RT @StellaM605: Pregunto: Los Bonaerenses y toda la gente del país..No se miran en el espejo de la ciudad? Les gustaría que todo el país se…	0	23	https://twitter.com/cacho_rito/status/1451040041275252736	False	3085	4120
Thu Oct 21 04:16:30 +0000 2021	Wendy163339760	"RT @JorRausch: 🔴 #EsJuntos 

#Debateprovincia 
#DebateBsAs 
#debate 
#DebateBuenosAires 

El #14Nov votamos a #JxC 

“No es armar un #Vacun…"	0	8	https://twitter.com/Wendy163339760/status/1451039669441941507	False	1100	2103
Thu Oct 21 04:16:07 +0000 2021	MorenoIlde	RT @DANYD8: #DebateBsAs sin carisma el único que da propuestas claras es #Santilli @diegosantilli el resto chusmas de feria FIN	0	33	https://twitter.com/MorenoIlde/status/1451039570359816194	False	455	698
Thu Oct 21 04:15:02 +0000 2021	LilianP60370507	"RT @agustin_gbasso: - Alberto, como van los votos de Tolosa Paz?
+ Se elevan majestuosamente señora

#DebateBsAs https://t.co/5eD843qJwQ"	0	5	https://twitter.com/LilianP60370507/status/1451039297377685505	False	564	1154
Thu Oct 21 04:14:25 +0000 2021	gabyquiroga2000	"RT @DANYD8: #DebateBsAs Propuestas de Derrota Paz ah pero Macri ! 
Ah pero Macri ! Ah pero Macri!
Ah pero Macri!!!! I N F U M A B  L E ! ht…"	0	43	https://twitter.com/gabyquiroga2000/status/1451039143262363651	False	38	266
Thu Oct 21 04:13:23 +0000 2021	cacho_rito	RT @jlzorzi: Derrota Golosa Paz es la Cheta de Juana Molina, habla de la provincia y vive en Puerto Madero con Albistur que le “prestaba” e…	0	17	https://twitter.com/cacho_rito/status/1451038885199314945	False	3085	4120
Thu Oct 21 04:13:19 +0000 2021	carloslucioni	RT @LACUCHILLERA_: VICTORIA ANTES DE ARRANCAR SE TOMÓ UN:   #DebateBsAs https://t.co/m5QXP5Rxx8	0	8	https://twitter.com/carloslucioni/status/1451038868736774149	False	573	1015
Thu Oct 21 04:13:07 +0000 2021	matiasrcisneros	"Todo el debate estuve pidiendo que no me lo bardeen mucho a Randazzo porque me dio pena después de la gastada que se comió en el coloquio de ideas hasta punto que creí que Espert lo iba a elegir para la etapa de las preguntas 😂😂😂

#DebateBuenosAires #DebateBsAs #DebateBsAs https://t.co/83Ellez32s"	2	0	https://twitter.com/matiasrcisneros/status/1451038818518380544	False	801	1582
Thu Oct 21 04:13:06 +0000 2021	carloslucioni	RT @jorgecorchomat: #DerrotaPaz y dale con #Vidal No podes explicar las ordenes de detenciones de tu #Jefa el voto en la @ONU_es a favor de…	0	23	https://twitter.com/carloslucioni/status/1451038812499550209	False	573	1015
Thu Oct 21 04:12:40 +0000 2021	elbys9	"RT @Trocaster: Resumiendo...
Derrota Paz
#DebateBuenosAires
#DebateBsAs https://t.co/crFV27QIXS"	0	47	https://twitter.com/elbys9/status/1451038703929921541	False	44	38
Thu Oct 21 04:12:30 +0000 2021	Carlos38461544	"RT @JorRausch: 🔴 #Memoria 

Para VICTORIA TOLOSA PAZ (el kirchnerismo✌🏽🚩), hablar de nuestros familiares muertos por #Covid19, es hablar de…"	0	41	https://twitter.com/Carlos38461544/status/1451038662301470729	False	488	232
Thu Oct 21 04:12:04 +0000 2021	LulaLamberto	"RT @Trocaster: Resumiendo...
Derrota Paz
#DebateBuenosAires
#DebateBsAs https://t.co/crFV27QIXS"	0	47	https://twitter.com/LulaLamberto/status/1451038552301658115	False	645	1445
Thu Oct 21 04:11:59 +0000 2021	MadreTi38492021	RT @ZilOliv_: Qué aburrido es este #DebateBsAs en #ADosVoces ‼️🙏. Me fui….	0	6	https://twitter.com/MadreTi38492021/status/1451038529308536833	False	1384	1711
Thu Oct 21 04:11:44 +0000 2021	Exodeny	Santilli estuvo god, no sé por qué le encuentro un parecido al malo de búsqueda implacable 3 😅#DebateBsAs https://t.co/s5uh5q3kmq	0	0	https://twitter.com/Exodeny/status/1451038468151267331	False	24	230
Thu Oct 21 04:11:18 +0000 2021	patrimusura	RT @adriiii27: La violencia verbal de @jlespert sobre @vtolosapaz es demasiada. Y ninguno de los moderadores movió un dedo #asco el #Debate…	0	3	https://twitter.com/patrimusura/status/1451038360856846337	False	458	535
Thu Oct 21 04:10:20 +0000 2021	CristinaVinacua	"RT @DANYD8: #DebateBsAs Propuestas de Derrota Paz ah pero Macri ! 
Ah pero Macri ! Ah pero Macri!
Ah pero Macri!!!! I N F U M A B  L E ! ht…"	0	43	https://twitter.com/CristinaVinacua/status/1451038117859844096	False	1189	1609
Thu Oct 21 04:10:15 +0000 2021	Mejora7	"RT @PaKCar1975: #Brancatelli no estaría diciendo lo mismo 
#DebateBsAs https://t.co/ohp0GHHzKi"	0	6	https://twitter.com/Mejora7/status/1451038095210475528	False	2974	4531
Thu Oct 21 04:09:48 +0000 2021	Mejora7	"RT @adrilusi: Derrota Paz
Violenta Paz
Mentirosa Paz
#DebateBsAs
LO QUE REALMENTE ES INSOPORTABLE SON LAS MENTIRAS QUE DICEN LOS KK..
OJO C…"	0	10	https://twitter.com/Mejora7/status/1451037981716795398	False	2974	4531
Thu Oct 21 04:09:44 +0000 2021	carloslucioni	"RT @JorRausch: 🔴 #Memoria 

Para VICTORIA TOLOSA PAZ (el kirchnerismo✌🏽🚩), hablar de nuestros familiares muertos por #Covid19, es hablar de…"	0	41	https://twitter.com/carloslucioni/status/1451037963060662273	False	573	1015
Thu Oct 21 04:09:27 +0000 2021	madelaguila	RT @StellaM605: Pregunto: Los Bonaerenses y toda la gente del país..No se miran en el espejo de la ciudad? Les gustaría que todo el país se…	0	23	https://twitter.com/madelaguila/status/1451037891749056512	False	178	245
Thu Oct 21 04:09:26 +0000 2021	francozeuss	RT @StellaM605: #debate TPaz pelea x la impunidad de los corruptos del gobierno,inclusive de su marido procesado,Del Caño quiere seguir ato…	0	6	https://twitter.com/francozeuss/status/1451037887445848067	False	3702	3484
Thu Oct 21 04:09:05 +0000 2021	francozeuss	RT @StellaM605: Pregunto: Los Bonaerenses y toda la gente del país..No se miran en el espejo de la ciudad? Les gustaría que todo el país se…	0	23	https://twitter.com/francozeuss/status/1451037799919063047	False	3702	3484
Thu Oct 21 04:09:00 +0000 2021	Mejora7	"RT @JorRausch: 🔴 #Memoria 

Para VICTORIA TOLOSA PAZ (el kirchnerismo✌🏽🚩), hablar de nuestros familiares muertos por #Covid19, es hablar de…"	0	41	https://twitter.com/Mejora7/status/1451037779110993923	False	2974	4531
Thu Oct 21 04:08:29 +0000 2021	Lucho_cam	RT @jlzorzi: Derrota Golosa Paz es la Cheta de Juana Molina, habla de la provincia y vive en Puerto Madero con Albistur que le “prestaba” e…	0	17	https://twitter.com/Lucho_cam/status/1451037651394445316	False	1620	685
Thu Oct 21 04:08:19 +0000 2021	Mejora7	"RT @JorRausch: 🔴 #EsJuntos 

#Debateprovincia 
#DebateBsAs 
#debate 
#DebateBuenosAires 

El #14Nov votamos a #JxC 

“No es armar un #Vacun…"	0	8	https://twitter.com/Mejora7/status/1451037607689736198	False	2974	4531
Thu Oct 21 04:08:18 +0000 2021	pirograbante	"RT @JorRausch: 🔴 #EsJuntos 

#Debateprovincia 
#DebateBsAs 
#debate 
#DebateBuenosAires 

El #14Nov votamos a #JxC 

“No es armar un #Vacun…"	0	8	https://twitter.com/pirograbante/status/1451037603868798976	False	276	1154
Thu Oct 21 04:08:14 +0000 2021	MariaIs43805827	"RT @JorRausch: 🔴 #Memoria 

Para VICTORIA TOLOSA PAZ (el kirchnerismo✌🏽🚩), hablar de nuestros familiares muertos por #Covid19, es hablar de…"	0	41	https://twitter.com/MariaIs43805827/status/1451037588576301061	False	2572	4022
Thu Oct 21 04:08:13 +0000 2021	LIBERTA05251030	"RT @JorRausch: 🔴 #EsJuntos 

#Debateprovincia 
#DebateBsAs 
#debate 
#DebateBuenosAires 

El #14Nov votamos a #JxC 

“No es armar un #Vacun…"	0	8	https://twitter.com/LIBERTA05251030/status/1451037583195185153	False	342	360
Thu Oct 21 04:07:35 +0000 2021	Fiambrolo	"RT @Fiambrolo: Del Caño bien de zurdo llamando ""agrotóxicos"" a los agroquímicos que motorizan nuestra economía

#DebateBuenosAires
#DebateB…"	0	1	https://twitter.com/Fiambrolo/status/1451037423605936128	False	6313	6174
Thu Oct 21 04:07:06 +0000 2021	ytachameladoble	"Y como si esto fuera poco, le empapelamo TN!!! ✊🏽🔥💥
#GanóDelCaño
#DebateBsAs https://t.co/rSVwBSFMq3"	4	0	https://twitter.com/ytachameladoble/status/1451037302449442816	False	1924	4988
Thu Oct 21 04:06:56 +0000 2021	Mejora7	"RT @Casidelictual: Tolosa paz en estos momentos. 
Con que se dio?
#DebateBsAs #Debateprovincia https://t.co/Ol65UMEdg0"	0	1	https://twitter.com/Mejora7/status/1451037260212625424	False	2974	4531
Thu Oct 21 04:06:26 +0000 2021	Mejora7	"RT @JorRausch: La pregunta del “colo” @diegosantilli que destrozó a Victoria Tolosa Paz 
#Debateprovincia 
#DebateBsAs 
#debate 
#DebateBue…"	0	18	https://twitter.com/Mejora7/status/1451037134161285126	False	2974	4531
Thu Oct 21 04:06:07 +0000 2021	atilerav	"RT @JorRausch: La pregunta del “colo” @diegosantilli que destrozó a Victoria Tolosa Paz 
#Debateprovincia 
#DebateBsAs 
#debate 
#DebateBue…"	0	18	https://twitter.com/atilerav/status/1451037053425111040	False	823	1109
Thu Oct 21 04:06:03 +0000 2021	JorRausch	"🔴 #EsJuntos 

#Debateprovincia 
#DebateBsAs 
#debate 
#DebateBuenosAires 

El #14Nov votamos a #JxC 

“No es armar un #VacunatorioVip para vacunar a tus amigos”, @diegosantilli 

Sumó un poco más Diego #Santilli que le recordó a Tolosa “derrota” Paz ⤵️ https://t.co/OGRP1PMdRH"	22	8	https://twitter.com/JorRausch/status/1451037038547980288	False	21467	2380
Thu Oct 21 04:05:18 +0000 2021	LIBERTA05251030	"RT @DANYD8: #DebateBsAs Propuestas de Derrota Paz ah pero Macri ! 
Ah pero Macri ! Ah pero Macri!
Ah pero Macri!!!! I N F U M A B  L E ! ht…"	0	43	https://twitter.com/LIBERTA05251030/status/1451036850538307586	False	342	360
Thu Oct 21 04:05:03 +0000 2021	Mejora7	RT @jorgecorchomat: #DerrotaPaz y dale con #Vidal No podes explicar las ordenes de detenciones de tu #Jefa el voto en la @ONU_es a favor de…	0	23	https://twitter.com/Mejora7/status/1451036784331083777	False	2974	4531
Thu Oct 21 04:04:46 +0000 2021	Mejora7	RT @LACUCHILLERA_: VICTORIA ANTES DE ARRANCAR SE TOMÓ UN:   #DebateBsAs https://t.co/m5QXP5Rxx8	0	8	https://twitter.com/Mejora7/status/1451036713564794883	False	2974	4531
Thu Oct 21 04:04:39 +0000 2021	JessDorta2	"RT @Trocaster: Resumiendo...
Derrota Paz
#DebateBuenosAires
#DebateBsAs https://t.co/crFV27QIXS"	0	47	https://twitter.com/JessDorta2/status/1451036687052722176	False	194	967
Thu Oct 21 04:04:36 +0000 2021	PERZP	RT @ZilOliv_: La verdad: entierren a Perón definitivamente o nos hundimos. Vivir del pasado atrasa e impide crecer. #DebateBsAs A dormir.	0	7	https://twitter.com/PERZP/status/1451036671286267909	False	346	517
Thu Oct 21 04:04:29 +0000 2021	Mejora7	RT @MarceTanaYQue: Derrota Paz en #DebateBsAs 👇🏼 https://t.co/gU6foweZn6	0	15	https://twitter.com/Mejora7/status/1451036643096346633	False	2974	4531
Thu Oct 21 04:04:22 +0000 2021	JessDorta2	RT @DANYD8: #DebateBsAs sin carisma el único que da propuestas claras es #Santilli @diegosantilli el resto chusmas de feria FIN	0	33	https://twitter.com/JessDorta2/status/1451036613916692481	False	194	967
Thu Oct 21 04:04:13 +0000 2021	justporfran	RT @StellaM605: Pregunto: Los Bonaerenses y toda la gente del país..No se miran en el espejo de la ciudad? Les gustaría que todo el país se…	0	23	https://twitter.com/justporfran/status/1451036578164326402	False	3326	4550
Thu Oct 21 04:03:59 +0000 2021	Mejora7	RT @jlzorzi: Derrota Golosa Paz es la Cheta de Juana Molina, habla de la provincia y vive en Puerto Madero con Albistur que le “prestaba” e…	0	17	https://twitter.com/Mejora7/status/1451036518223532032	False	2974	4531
Thu Oct 21 04:03:37 +0000 2021	Mejora7	RT @DANYD8: #DebateBsAs sin carisma el único que da propuestas claras es #Santilli @diegosantilli el resto chusmas de feria FIN	0	33	https://twitter.com/Mejora7/status/1451036426108162054	False	2974	4531
Thu Oct 21 04:03:28 +0000 2021	Lucho_diaz82	"Si se perdieron el debate:
Tolosa: mini Kristina, agresiva e irrespetuosa.
Santilli: fue a discutir con Tolosa, no salió bien.
Del Caño: coherente con su discurso, siempre.
Espert: tu tío, el enojon.
Hotton y Randazzo: los únicos que actúan como diputados.
#DebateBsAs #debate"	0	0	https://twitter.com/Lucho_diaz82/status/1451036386367197185	False	1	74
Thu Oct 21 04:03:11 +0000 2021	Mejora7	"RT @Trocaster: Resumiendo...
Derrota Paz
#DebateBuenosAires
#DebateBsAs https://t.co/crFV27QIXS"	0	47	https://twitter.com/Mejora7/status/1451036317215715330	False	2974	4531
Thu Oct 21 04:02:58 +0000 2021	estelascarione	RT @StellaM605: Pregunto: Los Bonaerenses y toda la gente del país..No se miran en el espejo de la ciudad? Les gustaría que todo el país se…	0	23	https://twitter.com/estelascarione/status/1451036262744436737	False	3655	5001
Thu Oct 21 04:02:52 +0000 2021	mangoysimon	"RT @pormifuturo1: Derrota paz hablando de no hacer oportunismo político con la pandemia????? 

Danos una explicación NO política de por qué…"	0	46	https://twitter.com/mangoysimon/status/1451036238807404546	False	10323	10729
Thu Oct 21 04:01:58 +0000 2021	Mejora7	"RT @pormifuturo1: Derrota paz hablando de no hacer oportunismo político con la pandemia????? 

Danos una explicación NO política de por qué…"	0	46	https://twitter.com/Mejora7/status/1451036011660677125	False	2974	4531
Thu Oct 21 04:01:37 +0000 2021	Alma9118	RT @StellaM605: #debate TPaz pelea x la impunidad de los corruptos del gobierno,inclusive de su marido procesado,Del Caño quiere seguir ato…	0	6	https://twitter.com/Alma9118/status/1451035921013350400	False	1021	361
Thu Oct 21 04:01:34 +0000 2021	gpiniki	"No sean muy duros con  #DerrotaPaz termino salio muy cansada del call center porque no le quisieron cambiar el turno y se olvido todo que había coucheado y tuvo que recurrir ""ah pero Macri""
#DebateBsAs"	2	0	https://twitter.com/gpiniki/status/1451035911764922372	False	1009	947
Thu Oct 21 04:00:51 +0000 2021	Mejora7	"RT @DANYD8: #DebateBsAs Propuestas de Derrota Paz ah pero Macri ! 
Ah pero Macri ! Ah pero Macri!
Ah pero Macri!!!! I N F U M A B  L E ! ht…"	0	43	https://twitter.com/Mejora7/status/1451035727567863814	False	2974	4531
Thu Oct 21 04:00:50 +0000 2021	Alma9118	RT @StellaM605: Pregunto: Los Bonaerenses y toda la gente del país..No se miran en el espejo de la ciudad? Les gustaría que todo el país se…	0	23	https://twitter.com/Alma9118/status/1451035724052975619	False	1021	361
Thu Oct 21 04:00:45 +0000 2021	JuanManuelTiti1	RT @StellaM605: Pregunto: Los Bonaerenses y toda la gente del país..No se miran en el espejo de la ciudad? Les gustaría que todo el país se…	0	23	https://twitter.com/JuanManuelTiti1/status/1451035706055331846	False	3471	5001
Thu Oct 21 04:00:26 +0000 2021	ytachameladoble	"-Che, boludo, parece que no supieras dónde queda la Provincia!
-Cómo que no??? Del otro lado de la General Paz jejeje
#GanóDelCaño
#DebateBsAs https://t.co/ZpJGHljcQM"	2	0	https://twitter.com/ytachameladoble/status/1451035624375468035	False	1924	4988
Thu Oct 21 04:00:22 +0000 2021	PochiRafael	"RT @JorRausch: 🔴 #Memoria 

Para VICTORIA TOLOSA PAZ (el kirchnerismo✌🏽🚩), hablar de nuestros familiares muertos por #Covid19, es hablar de…"	0	41	https://twitter.com/PochiRafael/status/1451035608151855120	False	10232	8838
Thu Oct 21 03:59:50 +0000 2021	GreccoNoelia	"En la que vive y desde donde habla el Candidato del Caño 
#DebateBsAs https://t.co/Ys66qvojbx"	1	0	https://twitter.com/GreccoNoelia/status/1451035474181570561	False	639	220
Thu Oct 21 03:59:38 +0000 2021	AdrianoJacquet	"RT @JorRausch: La pregunta del “colo” @diegosantilli que destrozó a Victoria Tolosa Paz 
#Debateprovincia 
#DebateBsAs 
#debate 
#DebateBue…"	0	18	https://twitter.com/AdrianoJacquet/status/1451035421744386059	False	696	2148
Thu Oct 21 03:59:02 +0000 2021	Gif94376356	"RT @DANYD8: #DebateBsAs Propuestas de Derrota Paz ah pero Macri ! 
Ah pero Macri ! Ah pero Macri!
Ah pero Macri!!!! I N F U M A B  L E ! ht…"	0	43	https://twitter.com/Gif94376356/status/1451035274348224512	False	88	148
Thu Oct 21 03:58:28 +0000 2021	MarisaZavaleta	RT @StellaM605: Pregunto: Los Bonaerenses y toda la gente del país..No se miran en el espejo de la ciudad? Les gustaría que todo el país se…	0	23	https://twitter.com/MarisaZavaleta/status/1451035127581077506	False	3913	3854
Thu Oct 21 03:58:26 +0000 2021	Arielmazo73	"RT @DANYD8: #DebateBsAs Propuestas de Derrota Paz ah pero Macri ! 
Ah pero Macri ! Ah pero Macri!
Ah pero Macri!!!! I N F U M A B  L E ! ht…"	0	43	https://twitter.com/Arielmazo73/status/1451035123206393859	False	460	669
Thu Oct 21 03:57:55 +0000 2021	pirograbante	"RT @JorRausch: La pregunta del “colo” @diegosantilli que destrozó a Victoria Tolosa Paz 
#Debateprovincia 
#DebateBsAs 
#debate 
#DebateBue…"	0	18	https://twitter.com/pirograbante/status/1451034991748648960	False	276	1154
Thu Oct 21 03:56:00 +0000 2021	0800Atendedor	"En el #DebateBsAs @NicolasdelCano demostro que aparte de diputado esta para atender boludos.
Mencion aparte los que se sienten representados por Santilli y Tolosa Paz que si no es por en cartel no se sabe a que partido representa cada uno."	1	0	https://twitter.com/0800Atendedor/status/1451034509424488449	False	57	88
Thu Oct 21 03:55:50 +0000 2021	soylavocera	RT @rating_politico: #DebateBsAs en @todonoticias con 4,4 lidera los canales de noticias https://t.co/O2Ng75JjfU	0	4	https://twitter.com/soylavocera/status/1451034467699605505	False	27	72
Thu Oct 21 03:55:13 +0000 2021	titiarmi	"RT @JorRausch: La pregunta del “colo” @diegosantilli que destrozó a Victoria Tolosa Paz 
#Debateprovincia 
#DebateBsAs 
#debate 
#DebateBue…"	0	18	https://twitter.com/titiarmi/status/1451034311440936961	False	1229	1468
Thu Oct 21 03:55:11 +0000 2021	erina1875	"RT @JorRausch: 🔴 EL SINCERAMIENTO DE VICTORIA “DERROTA” TOLOSA PAZ ✌🏽🚩

#Debateprovincia 
#DebateBsAs 
#debate 
#DebateBuenosAires 

Exacto…"	0	7	https://twitter.com/erina1875/status/1451034302825832450	False	1542	896
Thu Oct 21 03:53:44 +0000 2021	amaria6125	"RT @DANYD8: #DebateBsAs Propuestas de Derrota Paz ah pero Macri ! 
Ah pero Macri ! Ah pero Macri!
Ah pero Macri!!!! I N F U M A B  L E ! ht…"	0	43	https://twitter.com/amaria6125/status/1451033940001759232	False	488	814
Thu Oct 21 03:53:42 +0000 2021	Gitana2962	"RT @DANYD8: #DebateBsAs Propuestas de Derrota Paz ah pero Macri ! 
Ah pero Macri ! Ah pero Macri!
Ah pero Macri!!!! I N F U M A B  L E ! ht…"	0	43	https://twitter.com/Gitana2962/status/1451033928932995073	False	472	548
Thu Oct 21 03:53:21 +0000 2021	JorRausch	"La pregunta del “colo” @diegosantilli que destrozó a Victoria Tolosa Paz 
#Debateprovincia 
#DebateBsAs 
#debate 
#DebateBuenosAires 
¿Qué pachó? le preguntó #Santilli y “derrota” Paz hizo pucherito como “su mamu”🕷 😁

¿Cara de qué? https://t.co/GxLl6gAi4s"	38	18	https://twitter.com/JorRausch/status/1451033843629187074	False	21467	2380
Thu Oct 21 03:53:00 +0000 2021	Huguillon	RT @zurdoinutil: Propongo en este minuto final, que me votes, sino me quedo sin laburo! #DebateBuenosAires #DebateBsAs #Debateprovincia #de…	0	11	https://twitter.com/Huguillon/status/1451033752096759809	False	3262	4427
Thu Oct 21 03:52:44 +0000 2021	TvVallez	"RT @TvVallez: @MariaLujan_Rey #DerrotaPaz es una pobre #inexperta guaranga, como toda kirchnerista. 
Si @mauriciomacri #Macri no existiera,…"	0	2	https://twitter.com/TvVallez/status/1451033688255315975	False	1934	1263
Thu Oct 21 03:52:39 +0000 2021	NeneQuinte	RT @StellaM605: Pregunto: Los Bonaerenses y toda la gente del país..No se miran en el espejo de la ciudad? Les gustaría que todo el país se…	0	23	https://twitter.com/NeneQuinte/status/1451033664737857536	False	2331	2809
Thu Oct 21 03:52:37 +0000 2021	TvVallez	"@MariaLujan_Rey #DerrotaPaz es una pobre #inexperta guaranga, como toda kirchnerista. 
Si @mauriciomacri #Macri no existiera, no sé qué nombre iba a mencionar 7 veces x minuto. Habla a los ""cuetes"" de ""rápido""como las K. Y pone cara de ""yo soy mas linda q Julia Roberts😉
#DebateBsAs #Santilli 👌🏻"	1	2	https://twitter.com/TvVallez/status/1451033658186371073	False	1934	1263
Thu Oct 21 03:51:25 +0000 2021	mangoysimon	RT @zurdoinutil: Quién va liderando el debate? #DebateBsAs #Debateprovincia #debate	0	10	https://twitter.com/mangoysimon/status/1451033354128670722	False	10323	10729
Thu Oct 21 03:51:20 +0000 2021	DFeltano	"Del Caño, lo mismo de siempre, Ideas Socialistas que solo llevan a la Decadencia. Interrumpía a Espert, no comprende de Economía, debería Estudiar y comprender que sus Ideas no Funcionan.

#FrenteDeTodos #JuntosPorElCambio #LaIzquierda son lo mismo, puro Socialismo

#DebateBsAs"	0	0	https://twitter.com/DFeltano/status/1451033333387857924	False	10	101
Thu Oct 21 03:50:14 +0000 2021	JuanMan49432030	"RT @Anonymou5____: Quien está ganando el debate?
Sean sinceros más allá del favoritismo
Se agradece el RT y la compartida
#DebateBsAs #Deba…"	0	14	https://twitter.com/JuanMan49432030/status/1451033058115604486	False	4274	4999
Thu Oct 21 03:50:02 +0000 2021	BARTBIJO	"#TolosaPaz: ¿Ustedes saben que #Larreta y #Santilli se presentaron ante la justicia para impedir la llegada de fondos para la seguridad de la provincia?

#DebateBuenosAires #DebateBsAs #DebateProvincia 
#Debate #Debate2021 #FrenteDeTodos #ArgentinaDePie #ArgentinaUnida #Argentina https://t.co/cNNCfRRVZZ"	2	0	https://twitter.com/BARTBIJO/status/1451033009226874881	False	943	4709
Thu Oct 21 03:49:54 +0000 2021	Diabla1251	"RT @Trocaster: Resumiendo...
Derrota Paz
#DebateBuenosAires
#DebateBsAs https://t.co/crFV27QIXS"	0	47	https://twitter.com/Diabla1251/status/1451032974456016899	False	1857	1712
Thu Oct 21 03:49:30 +0000 2021	el_ladeao	RT @StellaM605: Pregunto: Los Bonaerenses y toda la gente del país..No se miran en el espejo de la ciudad? Les gustaría que todo el país se…	0	23	https://twitter.com/el_ladeao/status/1451032875122368514	False	8019	7502
Thu Oct 21 03:49:26 +0000 2021	camitibur	RT @zurdoinutil: Para mi todo tiene que ser gratis #DebateBsAs	0	20	https://twitter.com/camitibur/status/1451032858160680961	False	351	274
Thu Oct 21 03:47:08 +0000 2021	Arpatt	"RT @Anonymou5____: Quien está ganando el debate?
Sean sinceros más allá del favoritismo
Se agradece el RT y la compartida
#DebateBsAs #Deba…"	0	14	https://twitter.com/Arpatt/status/1451032277664731136	False	833	711
Thu Oct 21 03:46:50 +0000 2021	Arpatt	RT @zurdoinutil: Quién va liderando el debate? #DebateBsAs #Debateprovincia #debate	0	10	https://twitter.com/Arpatt/status/1451032201114488841	False	833	711
Thu Oct 21 03:46:32 +0000 2021	eldiablocai	"RT @Trocaster: Resumiendo...
Derrota Paz
#DebateBuenosAires
#DebateBsAs https://t.co/crFV27QIXS"	0	47	https://twitter.com/eldiablocai/status/1451032127508672520	False	89	149
Thu Oct 21 03:46:05 +0000 2021	jlzorzi	RT @jlzorzi: Derrota Golosa Paz es la Cheta de Juana Molina, habla de la provincia y vive en Puerto Madero con Albistur que le “prestaba” e…	0	17	https://twitter.com/jlzorzi/status/1451032013553688588	False	12273	784
Thu Oct 21 03:45:17 +0000 2021	dfranco	"RT @JorRausch: 🔴 #Memoria 

Para VICTORIA TOLOSA PAZ (el kirchnerismo✌🏽🚩), hablar de nuestros familiares muertos por #Covid19, es hablar de…"	0	41	https://twitter.com/dfranco/status/1451031810830446595	False	733	1579
Thu Oct 21 03:44:35 +0000 2021	_Romulus__	RT @pvcanelo: Con lo que me gustaban los debates, todo me rompen, todo 😔. #DebateBsAs	0	2	https://twitter.com/_Romulus__/status/1451031634405466115	False	5772	4718
Thu Oct 21 03:44:19 +0000 2021	PopovCapitan	RT @zurdoinutil: Para mi todo tiene que ser gratis #DebateBsAs	0	20	https://twitter.com/PopovCapitan/status/1451031567921336325	False	1	0
Thu Oct 21 03:44:07 +0000 2021	GiulioCsareRos1	"RT @DANYD8: #DebateBsAs Propuestas de Derrota Paz ah pero Macri ! 
Ah pero Macri ! Ah pero Macri!
Ah pero Macri!!!! I N F U M A B  L E ! ht…"	0	43	https://twitter.com/GiulioCsareRos1/status/1451031517535240196	False	2288	3992
Thu Oct 21 03:43:31 +0000 2021	Alcon83159918	RT @zurdoinutil: Quién va liderando el debate? #DebateBsAs #Debateprovincia #debate	0	10	https://twitter.com/Alcon83159918/status/1451031366921977860	False	1120	1513
Thu Oct 21 03:42:47 +0000 2021	DFeltano	"Espert claro ganador del debate, diciéndoles la verdad en la cara y sin dejarse doblegar, el único con Propuestas que sirven para el País.

Toloza Paz, sin fundamentos y apuntando con culpa al Macrismo, muy pobre.

Santilli, fundamentos flojos, un tibio.

#DebateBsAs #DebateTN"	0	0	https://twitter.com/DFeltano/status/1451031184641720325	False	10	101
Thu Oct 21 03:42:45 +0000 2021	raviolestodoslo	RT @zurdoinutil: Propongo en este minuto final, que me votes, sino me quedo sin laburo! #DebateBuenosAires #DebateBsAs #Debateprovincia #de…	0	11	https://twitter.com/raviolestodoslo/status/1451031173820391429	False	404	567
Thu Oct 21 03:42:33 +0000 2021	ytachameladoble	"Nunca con representantes de la oligarquía, la curia y los represores!
#GanóDelCaño
#DebateBsAs https://t.co/zIJMTISS5n"	4	0	https://twitter.com/ytachameladoble/status/1451031124411658242	False	1924	4988
Thu Oct 21 03:42:18 +0000 2021	PopovCapitan	"RT @agustin_gbasso: - Alberto, como van los votos de Tolosa Paz?
+ Se elevan majestuosamente señora

#DebateBsAs https://t.co/5eD843qJwQ"	0	5	https://twitter.com/PopovCapitan/status/1451031060192456713	False	1	0
Thu Oct 21 03:41:59 +0000 2021	Alcon83159918	"RT @Anonymou5____: Quien está ganando el debate?
Sean sinceros más allá del favoritismo
Se agradece el RT y la compartida
#DebateBsAs #Deba…"	0	14	https://twitter.com/Alcon83159918/status/1451030981654171650	False	1120	1513
Thu Oct 21 03:41:50 +0000 2021	PopovCapitan	"#DebateBsAs
Lamentable el papel de @BonelliOK"	0	0	https://twitter.com/PopovCapitan/status/1451030945612505090	False	1	0
Thu Oct 21 03:41:41 +0000 2021	viaherchus	"RT @DANYD8: #DebateBsAs Propuestas de Derrota Paz ah pero Macri ! 
Ah pero Macri ! Ah pero Macri!
Ah pero Macri!!!! I N F U M A B  L E ! ht…"	0	43	https://twitter.com/viaherchus/status/1451030905120755717	False	277	660
Thu Oct 21 03:41:30 +0000 2021	giulyvic	RT @Vale80OK: @vtolosapaz Sos más trucha que fotopia con poco tonner de CFK... no te quiere nadie! No te cree nadie! #SeVan #sevabuenosaire…	0	1	https://twitter.com/giulyvic/status/1451030859759378432	False	15	31
Thu Oct 21 03:40:47 +0000 2021	Vale80OK	@vtolosapaz Sos más trucha que fotopia con poco tonner de CFK... no te quiere nadie! No te cree nadie! #SeVan #sevabuenosaires  #DebateBuenosAires #debate #Debateprovincia #DebateBsAs	3	1	https://twitter.com/Vale80OK/status/1451030681178423297	False	131	375
Thu Oct 21 03:40:01 +0000 2021	laburareslomio	"RT @Trocaster: Resumiendo...
Derrota Paz
#DebateBuenosAires
#DebateBsAs https://t.co/crFV27QIXS"	0	47	https://twitter.com/laburareslomio/status/1451030484742389761	False	251	878
Thu Oct 21 03:39:51 +0000 2021	bananafish64	"RT @Trocaster: Resumiendo...
Derrota Paz
#DebateBuenosAires
#DebateBsAs https://t.co/crFV27QIXS"	0	47	https://twitter.com/bananafish64/status/1451030442828656644	False	676	683
Thu Oct 21 03:39:14 +0000 2021	MCGL2408	RT @zurdoinutil: Propongo en este minuto final, que me votes, sino me quedo sin laburo! #DebateBuenosAires #DebateBsAs #Debateprovincia #de…	0	11	https://twitter.com/MCGL2408/status/1451030291364077570	False	2209	1800
Thu Oct 21 03:39:01 +0000 2021	claudisu27	"RT @JorRausch: Hable Tolosa Victoria Paz ✌🏽🚩
Bonelli se lo permite... tranqui... 
¿Quiere agua?
No Alfano, así está bien 😂
#Debateprovincia…"	0	14	https://twitter.com/claudisu27/status/1451030234078359553	False	1756	2259
Thu Oct 21 03:38:30 +0000 2021	nespilotti	RT @zurdoinutil: Me había faltado la palabra “capitalismo”, ya estoy realizado! #DebateBsAs	0	7	https://twitter.com/nespilotti/status/1451030106865033218	False	338	79
Thu Oct 21 03:38:22 +0000 2021	StellaM605	Pregunto: Los Bonaerenses y toda la gente del país..No se miran en el espejo de la ciudad? Les gustaría que todo el país sea como CABA?? Xq creen que políticos,famosos,periodistas,profesionales,etc viven en la ciudad y no en pcia? #DebateBsAs #debate	59	23	https://twitter.com/StellaM605/status/1451030071607709696	False	3850	3870
Thu Oct 21 03:38:13 +0000 2021	cotton_rou	RT @pvcanelo: Con lo que me gustaban los debates, todo me rompen, todo 😔. #DebateBsAs	0	2	https://twitter.com/cotton_rou/status/1451030034823606274	False	276	1723
Thu Oct 21 03:37:52 +0000 2021	AlicBFra	"RT @pormifuturo1: Derrota paz hablando de no hacer oportunismo político con la pandemia????? 

Danos una explicación NO política de por qué…"	0	46	https://twitter.com/AlicBFra/status/1451029945673609217	False	683	700
Thu Oct 21 03:37:38 +0000 2021	GiulioCsareRos1	"RT @Trocaster: Resumiendo...
Derrota Paz
#DebateBuenosAires
#DebateBsAs https://t.co/crFV27QIXS"	0	47	https://twitter.com/GiulioCsareRos1/status/1451029885808373763	False	2288	3992
Thu Oct 21 03:37:21 +0000 2021	GermanJai	RT @zurdoinutil: Quién va liderando el debate? #DebateBsAs #Debateprovincia #debate	0	10	https://twitter.com/GermanJai/status/1451029816342368258	False	1289	1805
Thu Oct 21 03:37:20 +0000 2021	Vickymvf	"En el post #debatebsas (trás bambalinas) Toloza Paz sigue hablando de Macri.
Avísenle que NO es candidato.

#BastaDeK #VotaMejor #AvanzaLibertad #espert2021"	0	0	https://twitter.com/Vickymvf/status/1451029810583687169	False	100	501
Thu Oct 21 03:37:13 +0000 2021	titiarmi	"RT @JorRausch: Hable Tolosa Victoria Paz ✌🏽🚩
Bonelli se lo permite... tranqui... 
¿Quiere agua?
No Alfano, así está bien 😂
#Debateprovincia…"	0	14	https://twitter.com/titiarmi/status/1451029783865868295	False	1229	1468
Thu Oct 21 03:36:57 +0000 2021	PepePep28047891	"#DebateBsAs
Del caño sos de madera !!"	0	0	https://twitter.com/PepePep28047891/status/1451029716530462720	False	472	1541
Thu Oct 21 03:36:41 +0000 2021	Graciel46046134	"RT @pablo71scott: #DebateBsAs 
#Debateprovincia 

Gracias @RandazzoF  anda nomas, anda y no vuelvas... No serviste nunca para una mierd4...…"	0	2	https://twitter.com/Graciel46046134/status/1451029646582050823	False	5560	5928
Thu Oct 21 03:36:21 +0000 2021	lecorbusier6511	"RT @Trocaster: Resumiendo...
Derrota Paz
#DebateBuenosAires
#DebateBsAs https://t.co/crFV27QIXS"	0	47	https://twitter.com/lecorbusier6511/status/1451029561953579009	False	2888	4220
Thu Oct 21 03:36:10 +0000 2021	Graciel57927663	RT @DANYD8: #DebateBsAs sin carisma el único que da propuestas claras es #Santilli @diegosantilli el resto chusmas de feria FIN	0	33	https://twitter.com/Graciel57927663/status/1451029516466499585	False	267	195
Thu Oct 21 03:36:06 +0000 2021	ATTsellers	Tolosa Paz Kirchnerista diciendo que Macri debe responder a la justicia como cualquier ciudadano de a pie y Cristina?? Jaja caradura #DebateBuenosAires #DebateBsAs	3	0	https://twitter.com/ATTsellers/status/1451029502243581959	False	396	1511
Thu Oct 21 03:35:57 +0000 2021	Chango_deLoxley	"RT @Dcevampiro: ENCUESTA: 
A alguien le hizo modificar su voto para el 14 de Noviembre? #DebateBuenosAires #DebateBsAs #Debateprovincia #De…"	0	5	https://twitter.com/Chango_deLoxley/status/1451029463894945792	False	215	583
Thu Oct 21 03:35:52 +0000 2021	Jose75988375	"RT @DANYD8: #DebateBsAs Propuestas de Derrota Paz ah pero Macri ! 
Ah pero Macri ! Ah pero Macri!
Ah pero Macri!!!! I N F U M A B  L E ! ht…"	0	43	https://twitter.com/Jose75988375/status/1451029440146771969	False	122	208
Thu Oct 21 03:35:11 +0000 2021	Graciel46046134	RT @ZilOliv_: La verdad: entierren a Perón definitivamente o nos hundimos. Vivir del pasado atrasa e impide crecer. #DebateBsAs A dormir.	0	7	https://twitter.com/Graciel46046134/status/1451029272261398535	False	5560	5928
Thu Oct 21 03:33:38 +0000 2021	BadenCash	"RT @JorRausch: Hable Tolosa Victoria Paz ✌🏽🚩
Bonelli se lo permite... tranqui... 
¿Quiere agua?
No Alfano, así está bien 😂
#Debateprovincia…"	0	14	https://twitter.com/BadenCash/status/1451028878445613056	False	2497	2740
Thu Oct 21 03:32:58 +0000 2021	KevinRruel	El #debate ya terminó y @NicolasdelCano sigue buscando la tuca... #Debateprovincia #DebateBsAs	1	0	https://twitter.com/KevinRruel/status/1451028710853734404	False	113	225
Thu Oct 21 03:32:55 +0000 2021	telerinonline	"RT @gaboarrieta: Dudas sobre el cinismo  ineptitud y malicia de #DerrotaPaz tras el #debate #Debateprovincia
#DebateBsAs 
(*) Explicación G…"	0	2	https://twitter.com/telerinonline/status/1451028698027610118	False	3188	4241
Thu Oct 21 03:32:37 +0000 2021	ATTsellers	"Le pregunta la periodista a Santilli quién le parece que estuvo más flojo en el debate? Y responde con la tibieza que le caracteriza ""no quiero hablar de los demás"" que tibio de mierd@ #DebateBsAs #DebateBuenosAires"	1	0	https://twitter.com/ATTsellers/status/1451028622937141254	False	396	1511
Thu Oct 21 03:32:19 +0000 2021	patriaomuertear	RT @zurdoinutil: Propongo en este minuto final, que me votes, sino me quedo sin laburo! #DebateBuenosAires #DebateBsAs #Debateprovincia #de…	0	11	https://twitter.com/patriaomuertear/status/1451028547762417667	False	3192	3814
Thu Oct 21 03:31:44 +0000 2021	Graciel46046134	RT @jlzorzi: Derrota Golosa Paz es la Cheta de Juana Molina, habla de la provincia y vive en Puerto Madero con Albistur que le “prestaba” e…	0	17	https://twitter.com/Graciel46046134/status/1451028402845065223	False	5560	5928
Thu Oct 21 03:31:01 +0000 2021	MarielaJofr4	#DebateBsAs ganó del Caño, lejos. #LaIzquierdaAlCongreso @NicolasdelCano	1	0	https://twitter.com/MarielaJofr4/status/1451028222317981699	False	56	204
Thu Oct 21 03:30:43 +0000 2021	nacienel75	RT @zurdoinutil: Me dice @robdnavarro que gane el debate por amplia diferencia! #DebateBsAs #debate #DebateBuenosAires	0	7	https://twitter.com/nacienel75/status/1451028146497769473	False	1219	1589
Thu Oct 21 03:30:41 +0000 2021	De_Gesell	"RT @Trocaster: Resumiendo...
Derrota Paz
#DebateBuenosAires
#DebateBsAs https://t.co/crFV27QIXS"	0	47	https://twitter.com/De_Gesell/status/1451028138323058689	False	370	603
Thu Oct 21 03:30:35 +0000 2021	nacienel75	RT @zurdoinutil: Propongo en este minuto final, que me votes, sino me quedo sin laburo! #DebateBuenosAires #DebateBsAs #Debateprovincia #de…	0	11	https://twitter.com/nacienel75/status/1451028111345307652	False	1219	1589
Thu Oct 21 03:30:17 +0000 2021	kichi667	"RT @DANYD8: #DebateBsAs Propuestas de Derrota Paz ah pero Macri ! 
Ah pero Macri ! Ah pero Macri!
Ah pero Macri!!!! I N F U M A B  L E ! ht…"	0	43	https://twitter.com/kichi667/status/1451028037227712512	False	16	896
Thu Oct 21 03:29:57 +0000 2021	InesClauarias76	"RT @Trocaster: Resumiendo...
Derrota Paz
#DebateBuenosAires
#DebateBsAs https://t.co/crFV27QIXS"	0	47	https://twitter.com/InesClauarias76/status/1451027954499162113	False	30	135
Thu Oct 21 03:29:47 +0000 2021	Maria_Emilia71	RT @diancomch: Hotton acaba de confesar que aceptaría ir al diálogo con el gobierno pasada la elección. Justamente con Randazzo quien fue m…	0	5	https://twitter.com/Maria_Emilia71/status/1451027913076142082	False	2335	2268
Thu Oct 21 03:29:30 +0000 2021	que_libro_leo	Debate según Tolosa Paz … única pregunta, una respuesta, única propuesta más = de 80 veces nombró al ex presidente  #AhPeroMacri #DebateBsAs #DebateBuenosAires #tolosapaz #VictoriaTolosaPaz https://t.co/Fgr41DbQrb	2	0	https://twitter.com/que_libro_leo/status/1451027841076715526	False	432	143
Thu Oct 21 03:29:25 +0000 2021	Gervy61	RT @StellaM605: #debate TPaz pelea x la impunidad de los corruptos del gobierno,inclusive de su marido procesado,Del Caño quiere seguir ato…	0	6	https://twitter.com/Gervy61/status/1451027817307639814	False	3132	2878
Thu Oct 21 03:29:21 +0000 2021	SanBravoOk	"RT @JorRausch: Hable Tolosa Victoria Paz ✌🏽🚩
Bonelli se lo permite... tranqui... 
¿Quiere agua?
No Alfano, así está bien 😂
#Debateprovincia…"	0	14	https://twitter.com/SanBravoOk/status/1451027801792921603	False	13707	1090
Thu Oct 21 03:29:17 +0000 2021	Eliana_Ctes	"RT @JorRausch: 🔴 #Memoria 

Para VICTORIA TOLOSA PAZ (el kirchnerismo✌🏽🚩), hablar de nuestros familiares muertos por #Covid19, es hablar de…"	0	41	https://twitter.com/Eliana_Ctes/status/1451027787125596161	False	5935	3592
Thu Oct 21 03:29:17 +0000 2021	Gervy61	RT @StellaM605: Del Caño defiende a raja tabla seguir con su puesto en el estado,no sabe vivir de otra cosa #DebateBsAs #Debateprovincia #d…	0	3	https://twitter.com/Gervy61/status/1451027787066724352	False	3132	2878
Thu Oct 21 03:28:56 +0000 2021	InesClauarias76	RT @MarceTanaYQue: Derrota Paz en #DebateBsAs 👇🏼 https://t.co/gU6foweZn6	0	15	https://twitter.com/InesClauarias76/status/1451027697837043714	False	30	135
Thu Oct 21 03:28:52 +0000 2021	adez70	"RT @pormifuturo1: Derrota paz hablando de no hacer oportunismo político con la pandemia????? 

Danos una explicación NO política de por qué…"	0	46	https://twitter.com/adez70/status/1451027682393796612	False	6296	6904
Thu Oct 21 03:28:46 +0000 2021	Evalvira	"RT @JorRausch: 🔴 #Memoria 

Para VICTORIA TOLOSA PAZ (el kirchnerismo✌🏽🚩), hablar de nuestros familiares muertos por #Covid19, es hablar de…"	0	41	https://twitter.com/Evalvira/status/1451027655684362249	False	28	93
Thu Oct 21 03:28:35 +0000 2021	nespilotti	RT @zurdoinutil: Para mi todo tiene que ser gratis #DebateBsAs	0	20	https://twitter.com/nespilotti/status/1451027611199709185	False	338	79
Thu Oct 21 03:28:09 +0000 2021	Julksink	"RT @DANYD8: #DebateBsAs Propuestas de Derrota Paz ah pero Macri ! 
Ah pero Macri ! Ah pero Macri!
Ah pero Macri!!!! I N F U M A B  L E ! ht…"	0	43	https://twitter.com/Julksink/status/1451027501451563015	False	156	304
Thu Oct 21 03:27:53 +0000 2021	InesClauarias76	"RT @MariaVe51879462: Escuchaste Derrota Paz?? Punto a favor para Espert que te hablo como TUGO manejo la pandemia !!!
#DebateBsAs 
#Derrota…"	0	13	https://twitter.com/InesClauarias76/status/1451027433126174741	False	30	135
Thu Oct 21 03:27:38 +0000 2021	crossbitMp	"RT @JorRausch: 🔴 #Memoria 

Para VICTORIA TOLOSA PAZ (el kirchnerismo✌🏽🚩), hablar de nuestros familiares muertos por #Covid19, es hablar de…"	0	41	https://twitter.com/crossbitMp/status/1451027368542310408	False	181	709
Thu Oct 21 03:27:36 +0000 2021	QuiroQ	"RT @JorRausch: 🔴 #Memoria 

Para VICTORIA TOLOSA PAZ (el kirchnerismo✌🏽🚩), hablar de nuestros familiares muertos por #Covid19, es hablar de…"	0	41	https://twitter.com/QuiroQ/status/1451027360254513154	False	2444	1884
Thu Oct 21 03:27:26 +0000 2021	hdmq70	"RT @JorRausch: Hable Tolosa Victoria Paz ✌🏽🚩
Bonelli se lo permite... tranqui... 
¿Quiere agua?
No Alfano, así está bien 😂
#Debateprovincia…"	0	14	https://twitter.com/hdmq70/status/1451027320026845189	False	48	242
Thu Oct 21 03:27:18 +0000 2021	Remolino202	"RT @pormifuturo1: Derrota paz hablando de no hacer oportunismo político con la pandemia????? 

Danos una explicación NO política de por qué…"	0	46	https://twitter.com/Remolino202/status/1451027288078815235	False	2955	1948
Thu Oct 21 03:27:05 +0000 2021	Oscardelparqueo	"RT @JorRausch: 🔴 #Memoria 

Para VICTORIA TOLOSA PAZ (el kirchnerismo✌🏽🚩), hablar de nuestros familiares muertos por #Covid19, es hablar de…"	0	41	https://twitter.com/Oscardelparqueo/status/1451027230566592512	False	3084	3198
Thu Oct 21 03:27:04 +0000 2021	MaggeDelbene	"RT @JorRausch: 🔴 #Memoria 

Para VICTORIA TOLOSA PAZ (el kirchnerismo✌🏽🚩), hablar de nuestros familiares muertos por #Covid19, es hablar de…"	0	41	https://twitter.com/MaggeDelbene/status/1451027229526347776	False	5047	4390
Thu Oct 21 03:26:48 +0000 2021	Marcela80995611	RT @DANYD8: #DebateBsAs sin carisma el único que da propuestas claras es #Santilli @diegosantilli el resto chusmas de feria FIN	0	33	https://twitter.com/Marcela80995611/status/1451027162341908480	False	3482	4246
Thu Oct 21 03:26:46 +0000 2021	adrincompiano	"RT @DANYD8: #DebateBsAs Propuestas de Derrota Paz ah pero Macri ! 
Ah pero Macri ! Ah pero Macri!
Ah pero Macri!!!! I N F U M A B  L E ! ht…"	0	43	https://twitter.com/adrincompiano/status/1451027150438473732	False	129	77
Thu Oct 21 03:26:09 +0000 2021	mariainespinard	"RT @mareco2014: Tolosa paz  dice hoy estuve caminando el Conurbano,  no Tolosa  , Alicia Moreau de Justo es Puerto Maduro  GPS por favor
#D…"	0	1	https://twitter.com/mariainespinard/status/1451026998046957579	False	1324	3490
Thu Oct 21 03:25:50 +0000 2021	GUARDIAN2003	"RT @DANYD8: #DebateBsAs Propuestas de Derrota Paz ah pero Macri ! 
Ah pero Macri ! Ah pero Macri!
Ah pero Macri!!!! I N F U M A B  L E ! ht…"	0	43	https://twitter.com/GUARDIAN2003/status/1451026919093256197	False	540	2134
Thu Oct 21 03:25:48 +0000 2021	saltamontesroja	RT @arias_marilina: Esper no sabe que nuestros pibes pedalean hs y hs con monotributo, sin vacaciones, sin obra social, indemnización ni ni…	0	7	https://twitter.com/saltamontesroja/status/1451026906845888517	False	226	667
Thu Oct 21 03:25:36 +0000 2021	madelaguila	"RT @DANYD8: #DebateBsAs Propuestas de Derrota Paz ah pero Macri ! 
Ah pero Macri ! Ah pero Macri!
Ah pero Macri!!!! I N F U M A B  L E ! ht…"	0	43	https://twitter.com/madelaguila/status/1451026858422595585	False	178	245
Thu Oct 21 03:25:36 +0000 2021	sachetarrugado	"RT @Zalet: No me quiero adelantar, pero...

#VictoriaDebate
#DebateBsAs https://t.co/Agbdk6ms6V"	0	3	https://twitter.com/sachetarrugado/status/1451026857957203976	False	1646	2010
Thu Oct 21 03:25:35 +0000 2021	mariainespinard	"RT @gaboarrieta: Dudas sobre el cinismo  ineptitud y malicia de #DerrotaPaz tras el #debate #Debateprovincia
#DebateBsAs 
(*) Explicación G…"	0	2	https://twitter.com/mariainespinard/status/1451026855113408512	False	1324	3490
Thu Oct 21 03:24:55 +0000 2021	gaboarrieta	"Dudas sobre el cinismo  ineptitud y malicia de #DerrotaPaz tras el #debate #Debateprovincia
#DebateBsAs 
(*) Explicación Gráfica https://t.co/0cDZYcrkpo"	3	2	https://twitter.com/gaboarrieta/status/1451026685378195464	False	574	1456
Thu Oct 21 03:24:41 +0000 2021	monicasofiates5	"RT @pormifuturo1: Derrota paz hablando de no hacer oportunismo político con la pandemia????? 

Danos una explicación NO política de por qué…"	0	46	https://twitter.com/monicasofiates5/status/1451026627979145217	False	1287	1784
Thu Oct 21 03:24:30 +0000 2021	ines_leston	RT @DANYD8: #DebateBsAs sin carisma el único que da propuestas claras es #Santilli @diegosantilli el resto chusmas de feria FIN	0	33	https://twitter.com/ines_leston/status/1451026582143913985	False	2320	4882
Thu Oct 21 03:24:24 +0000 2021	MarieLaurito	Randazzo hace la V! Sigue siendo K! #DebateBsAs	1	0	https://twitter.com/MarieLaurito/status/1451026554910175232	False	423	435
Thu Oct 21 03:24:17 +0000 2021	gracielasanz191	RT @ZilOliv_: La verdad: entierren a Perón definitivamente o nos hundimos. Vivir del pasado atrasa e impide crecer. #DebateBsAs A dormir.	0	7	https://twitter.com/gracielasanz191/status/1451026525084553219	False	2738	1531
Thu Oct 21 03:24:16 +0000 2021	JorRausch	"🔴 #Memoria 

Para VICTORIA TOLOSA PAZ (el kirchnerismo✌🏽🚩), hablar de nuestros familiares muertos por #Covid19, es hablar de “COSAS QUE YA NO TIENEN SENTIDO”
#Debateprovincia 
#DebateBsAs 
#debate 
#DebateBuenosAires 
#TN 
Así se lo dijo a @diegosantilli ⤵️ https://t.co/vO7AaZ9jfW"	38	41	https://twitter.com/JorRausch/status/1451026523050418179	False	21467	2380
Thu Oct 21 03:23:47 +0000 2021	monicavalde	RT @jlzorzi: Derrota Golosa Paz es la Cheta de Juana Molina, habla de la provincia y vive en Puerto Madero con Albistur que le “prestaba” e…	0	17	https://twitter.com/monicavalde/status/1451026402434715654	False	1193	1845
Thu Oct 21 03:23:09 +0000 2021	JakieEstacado	RT @Michel_gus: Que termine ya el #DebateBsAs  #GanóDelCaño por eao #LaIzquierdaAlCongreso	0	5	https://twitter.com/JakieEstacado/status/1451026242833199110	False	46	50
Thu Oct 21 03:22:37 +0000 2021	kala72lol	"RT @pormifuturo1: Derrota paz hablando de no hacer oportunismo político con la pandemia????? 

Danos una explicación NO política de por qué…"	0	46	https://twitter.com/kala72lol/status/1451026106874613768	False	4257	4323
Thu Oct 21 03:22:29 +0000 2021	Remolino202	"RT @JorRausch: Hable Tolosa Victoria Paz ✌🏽🚩
Bonelli se lo permite... tranqui... 
¿Quiere agua?
No Alfano, así está bien 😂
#Debateprovincia…"	0	14	https://twitter.com/Remolino202/status/1451026075388100612	False	2955	1948
Thu Oct 21 03:22:29 +0000 2021	lakekaYlaBandi	"Se pico entre Nico Del Caño y Esperet 
#DebateBuenosAires
#DebateBsAs
#LaIzquierdaAlCongreso https://t.co/Za5WADQfa5"	1	0	https://twitter.com/lakekaYlaBandi/status/1451026072108257281	False	87	310
Thu Oct 21 03:22:25 +0000 2021	InesClauarias76	"RT @pormifuturo1: Derrota paz hablando de no hacer oportunismo político con la pandemia????? 

Danos una explicación NO política de por qué…"	0	46	https://twitter.com/InesClauarias76/status/1451026055590936581	False	30	135
Thu Oct 21 03:21:59 +0000 2021	nespilotti	RT @zurdoinutil: Menos mal que fue a la pausa, me estaba meando! #DebateBsAs #Debateprovincia	0	6	https://twitter.com/nespilotti/status/1451025948032311297	False	338	79
Thu Oct 21 03:21:59 +0000 2021	MarianC00	RT @zurdoinutil: Propongo en este minuto final, que me votes, sino me quedo sin laburo! #DebateBuenosAires #DebateBsAs #Debateprovincia #de…	0	11	https://twitter.com/MarianC00/status/1451025946643865601	False	737	924
Thu Oct 21 03:21:46 +0000 2021	InesClauarias76	"RT @DANYD8: #DebateBsAs Propuestas de Derrota Paz ah pero Macri ! 
Ah pero Macri ! Ah pero Macri!
Ah pero Macri!!!! I N F U M A B  L E ! ht…"	0	43	https://twitter.com/InesClauarias76/status/1451025892944191493	False	30	135
Thu Oct 21 03:21:41 +0000 2021	smv53	RT @jorgecorchomat: #DerrotaPaz y dale con #Vidal No podes explicar las ordenes de detenciones de tu #Jefa el voto en la @ONU_es a favor de…	0	23	https://twitter.com/smv53/status/1451025874694942724	False	2479	2928
Thu Oct 21 03:21:33 +0000 2021	mareco2014	"Tolosa paz  dice hoy estuve caminando el Conurbano,  no Tolosa  , Alicia Moreau de Justo es Puerto Maduro  GPS por favor
#DebateBsAs"	2	1	https://twitter.com/mareco2014/status/1451025840905461766	False	3800	4849
Thu Oct 21 03:21:19 +0000 2021	SarghiniEmilio	"RT @novoasantiago: Por asentimos y expresión coropral, en las próximas elecciones @CynthiaHotton vota a @RandazzoF

#DebateCapital #DebateB…"	0	2	https://twitter.com/SarghiniEmilio/status/1451025782441058316	False	135	146
Thu Oct 21 03:21:04 +0000 2021	psigrace	"RT @JorRausch: 🔴 EL SINCERAMIENTO DE VICTORIA “DERROTA” TOLOSA PAZ ✌🏽🚩

#Debateprovincia 
#DebateBsAs 
#debate 
#DebateBuenosAires 

Exacto…"	0	7	https://twitter.com/psigrace/status/1451025716032655362	False	742	725
Thu Oct 21 03:21:03 +0000 2021	CorinaC63	RT @diancomch: Hotton acaba de confesar que aceptaría ir al diálogo con el gobierno pasada la elección. Justamente con Randazzo quien fue m…	0	5	https://twitter.com/CorinaC63/status/1451025712241127426	False	1775	3864
Thu Oct 21 03:21:01 +0000 2021	Wally6310	"RT @JorRausch: 🔴 EL SINCERAMIENTO DE VICTORIA “DERROTA” TOLOSA PAZ ✌🏽🚩

#Debateprovincia 
#DebateBsAs 
#debate 
#DebateBuenosAires 

Exacto…"	0	7	https://twitter.com/Wally6310/status/1451025704334856193	False	2212	2105
Thu Oct 21 03:20:53 +0000 2021	JosCamA3	"RT @BalbuenaDavEze: ""Basta de imposición en ideología de género. Con los chicos no se metan"" #CynthiaHotton #DebateBsAs #HottonenTN https:/…"	0	12	https://twitter.com/JosCamA3/status/1451025672063922182	False	1259	2085
Thu Oct 21 03:20:31 +0000 2021	NicoCooper6	"RT @MariaVe51879462: Escuchaste Derrota Paz?? Punto a favor para Espert que te hablo como TUGO manejo la pandemia !!!
#DebateBsAs 
#Derrota…"	0	13	https://twitter.com/NicoCooper6/status/1451025581294985218	False	4916	4650
Thu Oct 21 03:20:23 +0000 2021	erika_musielack	RT @MarceTanaYQue: Derrota Paz en #DebateBsAs 👇🏼 https://t.co/gU6foweZn6	0	15	https://twitter.com/erika_musielack/status/1451025546784043010	False	688	826
Thu Oct 21 03:20:11 +0000 2021	Normis1659ok	"RT @PaKCar1975: #Brancatelli no estaría diciendo lo mismo 
#DebateBsAs https://t.co/ohp0GHHzKi"	0	6	https://twitter.com/Normis1659ok/status/1451025495995338752	False	13925	13966
Thu Oct 21 03:20:11 +0000 2021	changuitoencaba	Dice la Piparo que va calentando la camioneta para atropellar a un par de rappis y que no se le cruce Del Caño xq que liga también, por haber destrozado a Espert. #debate #Debateprovincia #DebateBsAs	5	0	https://twitter.com/changuitoencaba/status/1451025494778941442	False	40	96
Thu Oct 21 03:20:07 +0000 2021	ArgentaSavia	"RT @Trocaster: Resumiendo...
Derrota Paz
#DebateBuenosAires
#DebateBsAs https://t.co/crFV27QIXS"	0	47	https://twitter.com/ArgentaSavia/status/1451025479352258569	False	71	307
Thu Oct 21 03:20:01 +0000 2021	fedeposadas	"RT @PaKCar1975: #Brancatelli no estaría diciendo lo mismo 
#DebateBsAs https://t.co/ohp0GHHzKi"	0	6	https://twitter.com/fedeposadas/status/1451025454605864960	False	2595	2961
Thu Oct 21 03:20:00 +0000 2021	httpsfacundo	RT @zurdoinutil: Propongo en este minuto final, que me votes, sino me quedo sin laburo! #DebateBuenosAires #DebateBsAs #Debateprovincia #de…	0	11	https://twitter.com/httpsfacundo/status/1451025447685349385	False	413	299
Thu Oct 21 03:19:57 +0000 2021	SoyGerard	Después de todo lo escuchado en #DebateBuenosAires #DebateBsAs  casi casi que votaría a espert ... Todo el resto fue más de lo mismo ... K vs juntos por el cambio ... Hotton que boeh y del caño... Quien es del caño ...	5	0	https://twitter.com/SoyGerard/status/1451025436369031176	False	3265	2942
Thu Oct 21 03:19:47 +0000 2021	hipstersinosde	RT @zurdoinutil: Propongo en este minuto final, que me votes, sino me quedo sin laburo! #DebateBuenosAires #DebateBsAs #Debateprovincia #de…	0	11	https://twitter.com/hipstersinosde/status/1451025393322848257	False	424	536
Thu Oct 21 03:19:46 +0000 2021	SinDest26765404	"RT @pormifuturo1: Derrota paz hablando de no hacer oportunismo político con la pandemia????? 

Danos una explicación NO política de por qué…"	0	46	https://twitter.com/SinDest26765404/status/1451025392265941004	False	705	3784
Thu Oct 21 03:19:41 +0000 2021	SusanaCiudadel1	RT @GSpallettiOK: Yo pensaba que #tolosapaz era una mala candidata, pero viendo el #DebateBsAs me di cuenta que estaba equivocado, realment…	0	1	https://twitter.com/SusanaCiudadel1/status/1451025370950537219	False	1	18
Thu Oct 21 03:19:09 +0000 2021	CorinaC63	"RT @JorRausch: 🔴 EL SINCERAMIENTO DE VICTORIA “DERROTA” TOLOSA PAZ ✌🏽🚩

#Debateprovincia 
#DebateBsAs 
#debate 
#DebateBuenosAires 

Exacto…"	0	7	https://twitter.com/CorinaC63/status/1451025237148110849	False	1775	3864
Thu Oct 21 03:19:01 +0000 2021	musicagot7	"RT @blackaniima: El profe no perdona ni a los moderadores, me estoy haciendo el plato 😂
#DebateBuenosAires #DebateBsAs #EsconEspert"	0	1	https://twitter.com/musicagot7/status/1451025202268164096	False	354	867
Thu Oct 21 03:18:35 +0000 2021	Julabrizuela	#DebateBsAs @vtolosapaz arrasó. Santilli y su partido de gobierno nos dejó sin ministerio de salud, nos endeudaron a 100 años, desfinanciaron al Estado, y no tomaron una medida a favor en pandemia https://t.co/XuredU8rwX	1	0	https://twitter.com/Julabrizuela/status/1451025092012490758	False	217	429
Thu Oct 21 03:18:33 +0000 2021	zurdoinutil	Propongo en este minuto final, que me votes, sino me quedo sin laburo! #DebateBuenosAires #DebateBsAs #Debateprovincia #debate	83	11	https://twitter.com/zurdoinutil/status/1451025084538261504	False	21548	21254
Thu Oct 21 03:18:28 +0000 2021	GiseOk19781	"RT @1EnzoJara: Sarasa sarasa de parte de Nicolás del Caño

#DebateBuenosAires 
#debate 
#EleccionesArgentina 
#DebateBsAs https://t.co/iy85…"	0	2	https://twitter.com/GiseOk19781/status/1451025063193501699	False	2975	4905
Thu Oct 21 03:18:21 +0000 2021	rolobona	En este debate perdió la Esperanza #todosimpresentAbles #DebateBsAs	0	0	https://twitter.com/rolobona/status/1451025033745240064	False	597	2737
Thu Oct 21 03:18:16 +0000 2021	BARTBIJO	"#VictoriaTolosaPaz: Todavía #MariaEugeniaVidal debe rendir cuenta sobre los #APORTANTESTRUCHOS en la campaña de la #ProvinciaDeBuenosAires.

¿Calidad institucional? ¿De verdad?

Calidad institucional es otra cosa.

#Debate #DebateBsAs #DebateProvincia #DebateBuenosAires #DebateTN https://t.co/DvDFK7AUxO"	0	0	https://twitter.com/BARTBIJO/status/1451025013725876226	False	943	4709
Thu Oct 21 03:18:15 +0000 2021	Marita923840782	RT @jlzorzi: Derrota Golosa Paz es la Cheta de Juana Molina, habla de la provincia y vive en Puerto Madero con Albistur que le “prestaba” e…	0	17	https://twitter.com/Marita923840782/status/1451025006910115841	False	153	122
Thu Oct 21 03:18:00 +0000 2021	GSpallettiOK	Yo pensaba que #tolosapaz era una mala candidata, pero viendo el #DebateBsAs me di cuenta que estaba equivocado, realmente es pésima #Basta #DerrotaPaz	5	1	https://twitter.com/GSpallettiOK/status/1451024946126368775	False	2984	715
Thu Oct 21 03:17:53 +0000 2021	elulijimenez	"RT @LautaroJimenezB: Nicolás del Caño recordando que #La7722NoSeToca y la fuerza del pueblo en las calles derrotó la #Megaminería 
#LaIzqui…"	0	15	https://twitter.com/elulijimenez/status/1451024915809726467	False	2029	2302
Thu Oct 21 03:17:53 +0000 2021	Elisa_Kichic	"Habla Del Caño y me parece escuchar a mi abuelito hablando huevadas por su senilidad:obsoleto y lejos de la realidad.
#DebateBsAs"	2	0	https://twitter.com/Elisa_Kichic/status/1451024915226845185	False	3221	2745
Thu Oct 21 03:17:39 +0000 2021	Beatric85058313	"RT @pormifuturo1: Derrota paz hablando de no hacer oportunismo político con la pandemia????? 

Danos una explicación NO política de por qué…"	0	46	https://twitter.com/Beatric85058313/status/1451024859266379780	False	5836	5827
Thu Oct 21 03:17:21 +0000 2021	CarlosEspeche	"RT @LautaroJimenezB: Nicolás del Caño recordando que #La7722NoSeToca y la fuerza del pueblo en las calles derrotó la #Megaminería 
#LaIzqui…"	0	15	https://twitter.com/CarlosEspeche/status/1451024781424295943	False	975	1032
Thu Oct 21 03:17:19 +0000 2021	maryian75	"RT @Trocaster: Resumiendo...
Derrota Paz
#DebateBuenosAires
#DebateBsAs https://t.co/crFV27QIXS"	0	47	https://twitter.com/maryian75/status/1451024773094514688	False	811	1242
Thu Oct 21 03:17:08 +0000 2021	que_libro_leo	Vergüenza 🙈 todos y cada uno de los candidatos … debate MEDIOCRE, no saben ni siquiera hablar ¿como nos GOBIERNAN? Cómo nos van a gobernar? #DebateBuenosAires #DebateBsAs #mediocre #AhPeroMacri #VerguenzaNacional #tn #todonoticias #Elecciones2021	4	0	https://twitter.com/que_libro_leo/status/1451024729557463044	False	432	143
Thu Oct 21 03:17:07 +0000 2021	mares_mariel	"RT @Trocaster: Resumiendo...
Derrota Paz
#DebateBuenosAires
#DebateBsAs https://t.co/crFV27QIXS"	0	47	https://twitter.com/mares_mariel/status/1451024722846568452	False	523	615
Thu Oct 21 03:16:58 +0000 2021	gise666	"RT @Dcevampiro: ENCUESTA: 
A alguien le hizo modificar su voto para el 14 de Noviembre? #DebateBuenosAires #DebateBsAs #Debateprovincia #De…"	0	5	https://twitter.com/gise666/status/1451024686070984708	False	208	1211
Thu Oct 21 03:16:49 +0000 2021	rotascadenas1	RT @jorgecorchomat: #DerrotaPaz y dale con #Vidal No podes explicar las ordenes de detenciones de tu #Jefa el voto en la @ONU_es a favor de…	0	23	https://twitter.com/rotascadenas1/status/1451024646745198593	False	669	728
Thu Oct 21 03:16:46 +0000 2021	rolobona	Golosa es hueca , pero que Mauri y amigos se fumaron todo lo pedido ,se lo fumaron  #todosiguales #DebateBsAs	0	0	https://twitter.com/rolobona/status/1451024637177917441	False	597	2737
Thu Oct 21 03:16:39 +0000 2021	hornero13	"RT @Trocaster: Resumiendo...
Derrota Paz
#DebateBuenosAires
#DebateBsAs https://t.co/crFV27QIXS"	0	47	https://twitter.com/hornero13/status/1451024605154525191	False	820	4919
Thu Oct 21 03:16:22 +0000 2021	jcsaferosa	RT @TheEdge__edlp: @vtolosapaz A Derrota Paz ya se la está garchando hasta Del Caño #DebateBsAs #DebateBuenosAires	0	1	https://twitter.com/jcsaferosa/status/1451024534052622338	False	391	274
Thu Oct 21 03:16:20 +0000 2021	NicoMart22	RT @arias_marilina: Esper no sabe que nuestros pibes pedalean hs y hs con monotributo, sin vacaciones, sin obra social, indemnización ni ni…	0	7	https://twitter.com/NicoMart22/status/1451024527773757445	False	106	612
Thu Oct 21 03:16:19 +0000 2021	gaboarrieta	"@RandazzoF y @CynthiaHotton matchearon en #Tinder no me jodan...
#Debateprovincia #DebateBsAs #debate"	2	0	https://twitter.com/gaboarrieta/status/1451024521776050179	False	574	1456
Thu Oct 21 03:16:17 +0000 2021	diegosettimo	"RT @Anonymou5____: Quien está quedando mal en el debate? Se agradece el RT y la compartida
#debate #DebateBsAs #Debateprovincia"	0	9	https://twitter.com/diegosettimo/status/1451024515228602375	False	533	392
Thu Oct 21 03:16:15 +0000 2021	aleottawa	"RT @PaKCar1975: #Brancatelli no estaría diciendo lo mismo 
#DebateBsAs https://t.co/ohp0GHHzKi"	0	6	https://twitter.com/aleottawa/status/1451024507360055301	False	1734	3660
Thu Oct 21 03:16:12 +0000 2021	StellaM605	#debate TPaz pelea x la impunidad de los corruptos del gobierno,inclusive de su marido procesado,Del Caño quiere seguir atornillado en su sillón,Espert busca garronear del estado,la otra sra mística también..Total?? Nada les importa la gente #DebateBsAs	10	6	https://twitter.com/StellaM605/status/1451024492898123778	False	3850	3870
Thu Oct 21 03:16:09 +0000 2021	KevinRruel	@CynthiaHotton y @RandazzoF a la salida del debate... #DebateBsAs #debate #DebateTN https://t.co/xWUhSVSqtA	1	0	https://twitter.com/KevinRruel/status/1451024482013908995	False	113	225
Thu Oct 21 03:16:07 +0000 2021	RoberTwitteando	"RT @DANYD8: #DebateBsAs Propuestas de Derrota Paz ah pero Macri ! 
Ah pero Macri ! Ah pero Macri!
Ah pero Macri!!!! I N F U M A B  L E ! ht…"	0	43	https://twitter.com/RoberTwitteando/status/1451024473931476995	False	326	860
Thu Oct 21 03:15:58 +0000 2021	lulupopi21	RT @MarceTanaYQue: Derrota Paz en #DebateBsAs 👇🏼 https://t.co/gU6foweZn6	0	15	https://twitter.com/lulupopi21/status/1451024432298807296	False	69	36
Thu Oct 21 03:15:50 +0000 2021	pela_antonini	RT @Michel_gus: Que termine ya el #DebateBsAs  #GanóDelCaño por eao #LaIzquierdaAlCongreso	0	5	https://twitter.com/pela_antonini/status/1451024402661855234	False	270	175
Thu Oct 21 03:15:46 +0000 2021	eugesimplicity	"""Todos los problemas que había en la Argentina"" dice @vtolosapaz (claramente por los gobiernos k y peronchos q ellos forman parte) bueno, x lo menos asumió que llenaron de problemas nuestro país, manga de chorros #DebateBsAs"	0	0	https://twitter.com/eugesimplicity/status/1451024384806817795	False	61	567
Thu Oct 21 03:15:45 +0000 2021	1EnzoJara	"Sarasa sarasa de parte de Nicolás del Caño

#DebateBuenosAires 
#debate 
#EleccionesArgentina 
#DebateBsAs https://t.co/iy85ljwTjt"	3	2	https://twitter.com/1EnzoJara/status/1451024379526057987	False	173	426
Thu Oct 21 03:15:44 +0000 2021	alcalapone	"RT @Dcevampiro: ENCUESTA: 
A alguien le hizo modificar su voto para el 14 de Noviembre? #DebateBuenosAires #DebateBsAs #Debateprovincia #De…"	0	5	https://twitter.com/alcalapone/status/1451024373821837312	False	1303	3391
Thu Oct 21 03:15:37 +0000 2021	GreeceChavez	RT @1EnzoJara: El problema son Tolosa Paz y Santilli, ya lo hicieron con Milei en el #DebateCapital y ahora con Espert en el #DebateBuenosA…	0	3	https://twitter.com/GreeceChavez/status/1451024345287966727	False	7	18
Thu Oct 21 03:15:32 +0000 2021	exequielalvare8	RT @ZilOliv_: La verdad: entierren a Perón definitivamente o nos hundimos. Vivir del pasado atrasa e impide crecer. #DebateBsAs A dormir.	0	7	https://twitter.com/exequielalvare8/status/1451024324253544452	False	2526	4982
Thu Oct 21 03:15:30 +0000 2021	Mockbarg	"RT @Anonymou5____: Quien está quedando mal en el debate? Se agradece el RT y la compartida
#debate #DebateBsAs #Debateprovincia"	0	9	https://twitter.com/Mockbarg/status/1451024314979946496	False	1348	2437
Thu Oct 21 03:15:24 +0000 2021	Alanfks	"RT @JorRausch: 🔴 EL SINCERAMIENTO DE VICTORIA “DERROTA” TOLOSA PAZ ✌🏽🚩

#Debateprovincia 
#DebateBsAs 
#debate 
#DebateBuenosAires 

Exacto…"	0	7	https://twitter.com/Alanfks/status/1451024290497892354	False	412	1686
Thu Oct 21 03:15:23 +0000 2021	salatino_belen	Tiene un problema en la vista? Porque pestañea tanto? No hay contenido ahí TP #DebateBsAs	0	0	https://twitter.com/salatino_belen/status/1451024286307667981	False	86	711
Thu Oct 21 03:15:18 +0000 2021	greyylilian	"RT @Trocaster: Resumiendo...
Derrota Paz
#DebateBuenosAires
#DebateBsAs https://t.co/crFV27QIXS"	0	47	https://twitter.com/greyylilian/status/1451024265550127113	False	395	357
Thu Oct 21 03:15:08 +0000 2021	AgustinDm	Tolosa Paz solo se acuerda de los 4 años de Macri, no? La época anterior a Mauricio Macri no la recuerda seguramente, no? #DebateBsAs	1	0	https://twitter.com/AgustinDm/status/1451024223082799106	False	683	947
Thu Oct 21 03:15:05 +0000 2021	pvcanelo	Con lo que me gustaban los debates, todo me rompen, todo 😔. #DebateBsAs	25	2	https://twitter.com/pvcanelo/status/1451024212181741581	False	13728	1824
Thu Oct 21 03:15:04 +0000 2021	Crispros	"RT @pormifuturo1: Derrota paz hablando de no hacer oportunismo político con la pandemia????? 

Danos una explicación NO política de por qué…"	0	46	https://twitter.com/Crispros/status/1451024206624436224	False	2668	2841
Thu Oct 21 03:15:02 +0000 2021	lulupopi21	"RT @DANYD8: #DebateBsAs Propuestas de Derrota Paz ah pero Macri ! 
Ah pero Macri ! Ah pero Macri!
Ah pero Macri!!!! I N F U M A B  L E ! ht…"	0	43	https://twitter.com/lulupopi21/status/1451024198667694082	False	69	36
Thu Oct 21 03:15:01 +0000 2021	LucasMaaxii	RT @zurdoinutil: Me dice @robdnavarro que gane el debate por amplia diferencia! #DebateBsAs #debate #DebateBuenosAires	0	7	https://twitter.com/LucasMaaxii/status/1451024194397945869	False	630	2706
Thu Oct 21 03:14:59 +0000 2021	LucasMaaxii	RT @zurdoinutil: Le descalabré los cachetes a @jlespert #DebateBsAs #debate #DebateBuenosAires	0	2	https://twitter.com/LucasMaaxii/status/1451024187116621825	False	630	2706
Thu Oct 21 03:14:59 +0000 2021	javierabarth	RT @1EnzoJara: El problema son Tolosa Paz y Santilli, ya lo hicieron con Milei en el #DebateCapital y ahora con Espert en el #DebateBuenosA…	0	3	https://twitter.com/javierabarth/status/1451024184746774528	False	3	37
Thu Oct 21 03:14:57 +0000 2021	madzzi10	"RT @Anonymou5____: Quien está quedando mal en el debate? Se agradece el RT y la compartida
#debate #DebateBsAs #Debateprovincia"	0	9	https://twitter.com/madzzi10/status/1451024177608241154	False	275	1326
Thu Oct 21 03:14:48 +0000 2021	lulupopi21	"RT @Trocaster: Resumiendo...
Derrota Paz
#DebateBuenosAires
#DebateBsAs https://t.co/crFV27QIXS"	0	47	https://twitter.com/lulupopi21/status/1451024139343392776	False	69	36
Thu Oct 21 03:14:48 +0000 2021	MariaVe51879462	"Agradecemos la campaña para JxC a Derrota Paz.
Basta de mentir dice!!! No tiene verguenza Derrota Paz!!
#DebateBsAs https://t.co/Ge9ffbzHUW"	3	0	https://twitter.com/MariaVe51879462/status/1451024138794061830	False	1374	2394
Thu Oct 21 03:14:41 +0000 2021	sebascaos	#DebateBsAs Florencio Randazzo y Cynthia Horton acaban de desbloquear un nuevo nivel de cringe	6	0	https://twitter.com/sebascaos/status/1451024111568764929	False	1147	584
Thu Oct 21 03:14:39 +0000 2021	perrodemozart	RT @zurdoinutil: Para mi todo tiene que ser gratis #DebateBsAs	0	20	https://twitter.com/perrodemozart/status/1451024101217165315	False	1045	3582
Thu Oct 21 03:14:36 +0000 2021	1EnzoJara	"Nico del Caño: ""No me bailes Espert, no se mucho""

José Espert ""¿En que país funcionó el modelo que defendes sin que haya dictadores gobernando?""

#DebateBuenosAires 
#debate 
#DebateBsAs 
#EleccionesArgentina https://t.co/MbiA2ZnP1t"	19	1	https://twitter.com/1EnzoJara/status/1451024092102942731	False	173	426
Thu Oct 21 03:14:32 +0000 2021	SilsuZeta	"RT @JorRausch: Hable Tolosa Victoria Paz ✌🏽🚩
Bonelli se lo permite... tranqui... 
¿Quiere agua?
No Alfano, así está bien 😂
#Debateprovincia…"	0	14	https://twitter.com/SilsuZeta/status/1451024072851210242	False	3446	3168
Thu Oct 21 03:14:26 +0000 2021	Dcevampiro	"ENCUESTA: 
A alguien le hizo modificar su voto para el 14 de Noviembre? #DebateBuenosAires #DebateBsAs #Debateprovincia #DebateTN #Debate"	2	5	https://twitter.com/Dcevampiro/status/1451024050185072641	False	17555	501
Thu Oct 21 03:14:18 +0000 2021	FrancoMCrespo	RT @zurdoinutil: Me dice @robdnavarro que gane el debate por amplia diferencia! #DebateBsAs #debate #DebateBuenosAires	0	7	https://twitter.com/FrancoMCrespo/status/1451024015980589063	False	313	380
Thu Oct 21 03:14:15 +0000 2021	ines_leston	RT @Kali_De_Nadie: Política sanitaria en pandemia. Agárrate Tolosa Paz. #DebateBsAs	0	1	https://twitter.com/ines_leston/status/1451024003490099203	False	2320	4882
Thu Oct 21 03:14:14 +0000 2021	PorotaFlanera	"RT @JorRausch: 🔴 EL SINCERAMIENTO DE VICTORIA “DERROTA” TOLOSA PAZ ✌🏽🚩

#Debateprovincia 
#DebateBsAs 
#debate 
#DebateBuenosAires 

Exacto…"	0	7	https://twitter.com/PorotaFlanera/status/1451023996120485896	False	206	237
Thu Oct 21 03:14:11 +0000 2021	Blansh19	RT @AndrewGIadstone: #DebateBsAs che @NicolasdelCano vos que hablas de los chetos de Buenos Aires contame, vivís en José León Suárez? En fu…	0	3	https://twitter.com/Blansh19/status/1451023986913996801	False	2560	2748
Thu Oct 21 03:14:08 +0000 2021	belonqn	RT @zurdoinutil: Me dice @robdnavarro que gane el debate por amplia diferencia! #DebateBsAs #debate #DebateBuenosAires	0	7	https://twitter.com/belonqn/status/1451023973899177985	False	801	1213
Thu Oct 21 03:13:53 +0000 2021	Escorpiana_gbg	"#tolosapaz DEJA DE IMITAR A CFK
Tene personalidad y deja de reírte  de todo payasa. Va’ muestra lo q sos!

#DebateBuenosAires #DebateBsAs"	6	0	https://twitter.com/Escorpiana_gbg/status/1451023909013184519	False	457	494
Thu Oct 21 03:13:49 +0000 2021	ElvisPereyra	"RT @LuLeikis: Y nuevamente una foto vale más que mil segundos de barbaridades.
#LaIzquierdaAlCongreso 
#DebateBsAs https://t.co/zb7LEblZ2i"	0	4	https://twitter.com/ElvisPereyra/status/1451023894781988872	False	499	316
Thu Oct 21 03:13:46 +0000 2021	remynicente	El #DebateBsAs confirma que la izquierda tiene que entrar #LaIzquierdaAlCongreso	0	0	https://twitter.com/remynicente/status/1451023880022224896	False	3	37
Thu Oct 21 03:13:45 +0000 2021	silvanadls	"RT @JorRausch: Hable Tolosa Victoria Paz ✌🏽🚩
Bonelli se lo permite... tranqui... 
¿Quiere agua?
No Alfano, así está bien 😂
#Debateprovincia…"	0	14	https://twitter.com/silvanadls/status/1451023877300121600	False	433	845
Thu Oct 21 03:13:45 +0000 2021	SaintYorch	RT @zurdoinutil: Me dice @robdnavarro que gane el debate por amplia diferencia! #DebateBsAs #debate #DebateBuenosAires	0	7	https://twitter.com/SaintYorch/status/1451023875207172098	False	2347	2348
Thu Oct 21 03:13:36 +0000 2021	TeresitaFerrara	RT @AbejitaReina80: Derrota Paz en lo que va de #DebateBsAs 7 veces mencionó a Macri. Lo único que tiene para proponer es: Ahhhh pero Macri…	0	3	https://twitter.com/TeresitaFerrara/status/1451023836825231365	False	80	19
Thu Oct 21 03:13:29 +0000 2021	lazaritoo78	"#DebateBsAs
Del Caño está guionado por los escritores de la novela villera de Suar"	0	0	https://twitter.com/lazaritoo78/status/1451023807758561287	False	507	270
Thu Oct 21 03:13:24 +0000 2021	Blansh19	"RT @ezebisso: El 14 de Noviembre decimos #Basta.
#DebateBsAs https://t.co/4AL5JaMWvb"	0	3	https://twitter.com/Blansh19/status/1451023788397641729	False	2560	2748
Thu Oct 21 03:13:24 +0000 2021	Jota_eMe666	RT @Michel_gus: Que termine ya el #DebateBsAs  #GanóDelCaño por eao #LaIzquierdaAlCongreso	0	5	https://twitter.com/Jota_eMe666/status/1451023786677923840	False	1989	2082
Thu Oct 21 03:13:07 +0000 2021	Qwesty_	RT @diancomch: Hotton acaba de confesar que aceptaría ir al diálogo con el gobierno pasada la elección. Justamente con Randazzo quien fue m…	0	5	https://twitter.com/Qwesty_/status/1451023718759628803	False	799	836
Thu Oct 21 03:12:54 +0000 2021	Fergbarrio	CHE LOCO DÓNDE REGALAN BICICLETAS Y HELADERAS @diegosantilli #DebateBsAs	0	0	https://twitter.com/Fergbarrio/status/1451023663931826177	False	103	287
Thu Oct 21 03:12:51 +0000 2021	hermidasuarez	RT @arias_marilina: Esper no sabe que nuestros pibes pedalean hs y hs con monotributo, sin vacaciones, sin obra social, indemnización ni ni…	0	7	https://twitter.com/hermidasuarez/status/1451023651822833666	False	878	5000
Thu Oct 21 03:12:50 +0000 2021	kala72lol	RT @AndrewGIadstone: #DebateBsAs che @NicolasdelCano vos que hablas de los chetos de Buenos Aires contame, vivís en José León Suárez? En fu…	0	3	https://twitter.com/kala72lol/status/1451023647192215558	False	4257	4323
Thu Oct 21 03:12:50 +0000 2021	moment_waldo	"RT @Anonymou5____: Quien está quedando mal en el debate? Se agradece el RT y la compartida
#debate #DebateBsAs #Debateprovincia"	0	9	https://twitter.com/moment_waldo/status/1451023645543833602	False	486	207
Thu Oct 21 03:12:49 +0000 2021	JorRausch	"🔴 EL SINCERAMIENTO DE VICTORIA “DERROTA” TOLOSA PAZ ✌🏽🚩

#Debateprovincia 
#DebateBsAs 
#debate 
#DebateBuenosAires 

Exacto, por eso el #14Nov votamos a #JxC 🤷‍♂️

Un aplauso 👏 👏 👏 https://t.co/oZXLIBwqxO"	13	7	https://twitter.com/JorRausch/status/1451023640976412676	False	21467	2380
Thu Oct 21 03:12:48 +0000 2021	1EnzoJara	"El problema son Tolosa Paz y Santilli, ya lo hicieron con Milei en el #DebateCapital y ahora con Espert en el #DebateBuenosAires 
Los moderadores cuidan a ""la casta"" cuando son el verdadero problema del #debate 

#DebateBsAs 
#EleccionesArgentina https://t.co/OjBKuAD7y5"	14	3	https://twitter.com/1EnzoJara/status/1451023635771133955	False	173	426
Thu Oct 21 03:12:40 +0000 2021	LIRoss00	"RT @DANYD8: #DebateBsAs Propuestas de Derrota Paz ah pero Macri ! 
Ah pero Macri ! Ah pero Macri!
Ah pero Macri!!!! I N F U M A B  L E ! ht…"	0	43	https://twitter.com/LIRoss00/status/1451023603412078599	False	3774	5002
Thu Oct 21 03:12:39 +0000 2021	anrecupero	"RT @Zalet: No me quiero adelantar, pero...

#VictoriaDebate
#DebateBsAs https://t.co/Agbdk6ms6V"	0	3	https://twitter.com/anrecupero/status/1451023598429392896	False	3314	864
Thu Oct 21 03:12:29 +0000 2021	lulupopi21	"RT @MariaVe51879462: Escuchaste Derrota Paz?? Punto a favor para Espert que te hablo como TUGO manejo la pandemia !!!
#DebateBsAs 
#Derrota…"	0	13	https://twitter.com/lulupopi21/status/1451023558495203332	False	69	36
Thu Oct 21 03:12:23 +0000 2021	MatiaStrasorier	"Se armó un nuevo bloque en Diputados? Antes de ser elegido... que dirá la mamá de Florencio?
#debate #DebateBuenosAires #DebateBsAs"	17	0	https://twitter.com/MatiaStrasorier/status/1451023531559374854	False	2494	3593
Thu Oct 21 03:12:16 +0000 2021	Her1917	RT @Michel_gus: Que termine ya el #DebateBsAs  #GanóDelCaño por eao #LaIzquierdaAlCongreso	0	5	https://twitter.com/Her1917/status/1451023501893189636	False	1913	3462
Thu Oct 21 03:12:08 +0000 2021	Claubonara	RT @Michel_gus: Que termine ya el #DebateBsAs  #GanóDelCaño por eao #LaIzquierdaAlCongreso	0	5	https://twitter.com/Claubonara/status/1451023469991317509	False	5473	204
Thu Oct 21 03:12:05 +0000 2021	GGabypelu75	RT @jorgecorchomat: #DerrotaPaz y dale con #Vidal No podes explicar las ordenes de detenciones de tu #Jefa el voto en la @ONU_es a favor de…	0	23	https://twitter.com/GGabypelu75/status/1451023456733073412	False	5	38
Thu Oct 21 03:11:57 +0000 2021	LaLinsiLonjas	RT @zurdoinutil: Me dice @robdnavarro que gane el debate por amplia diferencia! #DebateBsAs #debate #DebateBuenosAires	0	7	https://twitter.com/LaLinsiLonjas/status/1451023423564439554	False	4149	1408
Thu Oct 21 03:11:42 +0000 2021	mareco2014	El #DebateBsAs  parece un programa de Tinelli  y de verdad y consencia  . INFANTIL, burdo,  sin calidad  . Así son los políticos sin empatia . Tendrían que estar llorando con los 120.000 muertos  y 70 % de pobres	0	0	https://twitter.com/mareco2014/status/1451023358603272192	False	3800	4849
Thu Oct 21 03:11:24 +0000 2021	Blansh19	"RT @adrilusi: Derrota Paz
Violenta Paz
Mentirosa Paz
#DebateBsAs
LO QUE REALMENTE ES INSOPORTABLE SON LAS MENTIRAS QUE DICEN LOS KK..
OJO C…"	0	10	https://twitter.com/Blansh19/status/1451023285169258500	False	2560	2748
Thu Oct 21 03:11:21 +0000 2021	joavale	Espera que pestaneo un poco más para ver si me lo creo... #DebateBsAs #DebateBuenosAires https://t.co/c5FUJUnaAr	0	0	https://twitter.com/joavale/status/1451023273546842112	False	385	972
Thu Oct 21 03:11:18 +0000 2021	GGabypelu75	"RT @Trocaster: Resumiendo...
Derrota Paz
#DebateBuenosAires
#DebateBsAs https://t.co/crFV27QIXS"	0	47	https://twitter.com/GGabypelu75/status/1451023259286183937	False	5	38
Thu Oct 21 03:11:15 +0000 2021	zurdoinutil	Me dice @robdnavarro que gane el debate por amplia diferencia! #DebateBsAs #debate #DebateBuenosAires	47	7	https://twitter.com/zurdoinutil/status/1451023246606831622	False	21548	21254
Thu Oct 21 03:11:09 +0000 2021	hankrearden_arg	"RT @Anonymou5____: Quien está quedando mal en el debate? Se agradece el RT y la compartida
#debate #DebateBsAs #Debateprovincia"	0	9	https://twitter.com/hankrearden_arg/status/1451023220270768139	False	234	350
Thu Oct 21 03:11:06 +0000 2021	MartaDino1	"RT @Armesto_88: Espert es muy divertido. Un showman espectacular. Habla muy bien.
Pero quiere meter presos a pibes de 12 años.
Denle un tea…"	0	1	https://twitter.com/MartaDino1/status/1451023211244752898	False	843	654
Thu Oct 21 03:11:01 +0000 2021	javigordonez	"Todo arreglado la pregunta y repregunta del debate.
La de Hotton va Randazzo es una charla de café.
#DebateBsAs"	2	0	https://twitter.com/javigordonez/status/1451023189463629827	False	250	701
Thu Oct 21 03:10:52 +0000 2021	Blansh19	"RT @falansteriano: ¿La pandemia es resultado de la deforestación, Del Caño?
#DebateBsAs https://t.co/Gv3wG7jTiY"	0	7	https://twitter.com/Blansh19/status/1451023151568080904	False	2560	2748
Thu Oct 21 03:10:46 +0000 2021	ATTsellers	@constanzabravi Creo yo Tolosa Paz y Santilli arreglaron preguntarse entre ellos para salvarse de Espert, no tengo pruebas y tampoco dudas #DebateBuenosAires #DebateBsAs	5	0	https://twitter.com/ATTsellers/status/1451023127601897473	False	396	1511
Thu Oct 21 03:10:43 +0000 2021	remynicente	¿soy yo o hotton y randazo son  la versión de banda soporte en #DebateBsAs?	0	0	https://twitter.com/remynicente/status/1451023115031494656	False	3	37
Thu Oct 21 03:10:42 +0000 2021	Blansh19	RT @LACUCHILLERA_: VICTORIA ANTES DE ARRANCAR SE TOMÓ UN:   #DebateBsAs https://t.co/m5QXP5Rxx8	0	8	https://twitter.com/Blansh19/status/1451023110203850752	False	2560	2748
Thu Oct 21 03:10:42 +0000 2021	mariposadefurgo	RT @AndrewGIadstone: #DebateBsAs che @NicolasdelCano vos que hablas de los chetos de Buenos Aires contame, vivís en José León Suárez? En fu…	0	3	https://twitter.com/mariposadefurgo/status/1451023110048665607	False	3905	1752
Thu Oct 21 03:10:35 +0000 2021	JosuMiranda45	"Viendo el intercambio entre Hotton y Randazzo

#Debateprovincia #DebateBsAs #DebateBuenosAires @RandazzoF @CynthiaHotton @NicolasdelCano @jlespert @diegosantilli @vtolosapaz https://t.co/hi06Qn4XI8"	15	0	https://twitter.com/JosuMiranda45/status/1451023078104862725	False	55	250
Thu Oct 21 03:10:33 +0000 2021	diancomch	Hotton acaba de confesar que aceptaría ir al diálogo con el gobierno pasada la elección. Justamente con Randazzo quien fue ministro de CFK que convocó al diálogo que rompió a la oposición tras haberle ganado al kirchnerismo en 2009. Deja Vu? Ya saben a quien no votar! #DebateBsAs	7	5	https://twitter.com/diancomch/status/1451023072627085315	False	1585	2548
Thu Oct 21 03:10:27 +0000 2021	Michel_gus	Que termine ya el #DebateBsAs  #GanóDelCaño por eao #LaIzquierdaAlCongreso	12	5	https://twitter.com/Michel_gus/status/1451023044344881153	False	715	508
Thu Oct 21 03:10:10 +0000 2021	ChogarPeronchos	RT @jlzorzi: Derrota Golosa Paz es la Cheta de Juana Molina, habla de la provincia y vive en Puerto Madero con Albistur que le “prestaba” e…	0	17	https://twitter.com/ChogarPeronchos/status/1451022975314980866	False	152	71
Thu Oct 21 03:10:06 +0000 2021	yapycelestes	@vivicanosaok #DebateBsAs que vergüenza https://t.co/cmBHo0X3Jm	0	0	https://twitter.com/yapycelestes/status/1451022956218306564	False	12407	11706
Thu Oct 21 03:09:52 +0000 2021	Steven1917E	"RT @ISVLopez: 🔴#LaIzquierdaAlCongreso #DebateBuenosAires #DebateBsAs 

📣 En contra de la ESI, de los derechos laborales y ¡votara el acuerd…"	0	1	https://twitter.com/Steven1917E/status/1451022898920140809	False	153	249
Thu Oct 21 03:09:36 +0000 2021	changuitoencaba	Ay ya, vayan a un motel y llevenselo a Santilli, Tolosa y Espert y hagan su gran frente patronal con las multinacionales y el FMI. Lxs laburantes nos quedamos con @NicolasdelCano para lleva a #LaIzquierdaAlCongreso #DebateBsAs #debate #Debateprovincia	3	0	https://twitter.com/changuitoencaba/status/1451022830104055811	False	40	96
Thu Oct 21 03:09:34 +0000 2021	chrisvillmdq	RT @FPisso: Inserten memes del debate acá. Gracias #DebateBsAs	0	3	https://twitter.com/chrisvillmdq/status/1451022821803524096	False	29	110
Thu Oct 21 03:09:30 +0000 2021	StellaM605	Se le vuelven a hinchar las piernas a FK,#DebateBsAs #Debateprovincia #debate https://t.co/gwnGYJ4cuN	4	1	https://twitter.com/StellaM605/status/1451022807475707904	False	3850	3870
Thu Oct 21 03:09:29 +0000 2021	ArgentaSavia	RT @nataliafidel: Debate y oratoria como materia obligatoria en las escuelas ya #DebateBsAs !	0	1	https://twitter.com/ArgentaSavia/status/1451022800605433858	False	71	307
Thu Oct 21 03:09:25 +0000 2021	ISVLopez	"🔴#LaIzquierdaAlCongreso #DebateBuenosAires #DebateBsAs 

📣 En contra de la ESI, de los derechos laborales y ¡votara el acuerdo con el FMI!
👉 Vamos con @NicolasdelCano @GringoGiordan @monschlotthauer ¡Vamos por más diputadas y diputados de izquierda! https://t.co/RtuYDQ5sbS"	6	1	https://twitter.com/ISVLopez/status/1451022786516819969	False	231	326
Thu Oct 21 03:09:25 +0000 2021	MarceTanaYQue	RT @jlzorzi: Derrota Golosa Paz es la Cheta de Juana Molina, habla de la provincia y vive en Puerto Madero con Albistur que le “prestaba” e…	0	17	https://twitter.com/MarceTanaYQue/status/1451022786307059713	False	2922	3225
Thu Oct 21 03:09:22 +0000 2021	Lauraandre047	"RT @Trocaster: Resumiendo...
Derrota Paz
#DebateBuenosAires
#DebateBsAs https://t.co/crFV27QIXS"	0	47	https://twitter.com/Lauraandre047/status/1451022772063195140	False	2564	4334
Thu Oct 21 03:09:15 +0000 2021	KevinRruel	Que Icardi y que Wanda. El amor está en @RandazzoF y @CynthiaHotton1 ... El debate más tierno que vi #debate #DebateBsAs	2	0	https://twitter.com/KevinRruel/status/1451022743990796290	False	113	225
Thu Oct 21 03:09:00 +0000 2021	gabrielsju	"RT @Trocaster: Resumiendo...
Derrota Paz
#DebateBuenosAires
#DebateBsAs https://t.co/crFV27QIXS"	0	47	https://twitter.com/gabrielsju/status/1451022681441247240	False	192	760
Thu Oct 21 03:08:56 +0000 2021	Matias27489072	La verdad, en el #DebateBsAs los únicos que suman son, Cynthia y Randazzo, Espert tiene que aprender de Milei ciertas cosas, Del Caño impresentable que piensa que todo aquel que tiene un negocio tiene una offshort y miles de Dólares. santilli y Tolosa Paz sigan con la novela	0	0	https://twitter.com/Matias27489072/status/1451022663707549701	False	0	0
Thu Oct 21 03:08:55 +0000 2021	estrella5014	RT @jorgecorchomat: #DerrotaPaz y dale con #Vidal No podes explicar las ordenes de detenciones de tu #Jefa el voto en la @ONU_es a favor de…	0	23	https://twitter.com/estrella5014/status/1451022658628243459	False	3564	3884
Thu Oct 21 03:08:51 +0000 2021	zanfinif	"#DebateBuenosAires #DebateBsAs
Espert a Del Caño: vos conocés algún país en el que funcione el sistema que vos proponés sin un dictador que cague a palos a la gente?
Del Caño: contesta cualquier cosa.
La izquierda no sabe contestar una pregunta simple.
Conoces algún país? Si, tal"	1	0	https://twitter.com/zanfinif/status/1451022644115951622	False	193	770
Thu Oct 21 03:08:51 +0000 2021	joavale	"Casi que siento lástima por @jlespert que no pudo decir la palabra ""casta"" ya que le tocó preguntarle a  @NicolasdelCano 🎻(suenan violines) #DebateBsAs"	1	0	https://twitter.com/joavale/status/1451022642794811392	False	385	972
Thu Oct 21 03:08:50 +0000 2021	colore_sss	"#DebateBsAs #DebateBuenosAires #LaIzquierdaAlCongreso @NicolasdelCano 
“En 2016 hubo 18mil millones de dólares depositados en cuentas off shore desde Argentina, cuyo número es suficiente para urbanizar y mejorar muchísimas localidades de la Argentina”."	3	1	https://twitter.com/colore_sss/status/1451022639439376389	False	629	664
Thu Oct 21 03:08:48 +0000 2021	Ironman22700933	RT @LeoBarinaga: Más aburrido que debate de preguntas entre Hotton y Randazzo #debate #DebateBsAs #DebateBuenosAires	0	1	https://twitter.com/Ironman22700933/status/1451022631172378626	False	620	687
Thu Oct 21 03:08:42 +0000 2021	claudiapilipcz1	"RT @Trocaster: Resumiendo...
Derrota Paz
#DebateBuenosAires
#DebateBsAs https://t.co/crFV27QIXS"	0	47	https://twitter.com/claudiapilipcz1/status/1451022605905924097	False	73	94
Thu Oct 21 03:08:38 +0000 2021	MatiaStrasorier	"@CynthiaHotton elige a @RandazzoF por qué es lo que hay? De verdad dijeron eso @BonelliOK y el otro que ni se como se llama

#DebateBsAs
@clarincom Vergüenza"	0	0	https://twitter.com/MatiaStrasorier/status/1451022589724278787	False	2494	3593
Thu Oct 21 03:08:30 +0000 2021	Armesto_88	"Se acerca el final del debate y podemos decir
Horrible en todo sentido Santilli, no sabe ni qué hace ahí.
Muy bien Tolosa Paz y Espert (que dios se apiade de nosotros)
Del Caño ni ganó ni perdió como todo en su vida
El resto, irrelevancia...
#Debateprovincia
#DebateBsAs"	2	0	https://twitter.com/Armesto_88/status/1451022555066748929	False	546	720
Thu Oct 21 03:08:25 +0000 2021	Buck1182	"RT @Trocaster: Resumiendo...
Derrota Paz
#DebateBuenosAires
#DebateBsAs https://t.co/crFV27QIXS"	0	47	https://twitter.com/Buck1182/status/1451022536213348356	False	3	55
Thu Oct 21 03:08:08 +0000 2021	pablo71scott	"#Debateprovincia 
#DebateBsAs 

Los empresarios (los hay buenos y malos) son los grandes dadores de trabajo, pero  @NicolasdelCano los odia...
Del Caño en básicamente odia el trabajo."	1	0	https://twitter.com/pablo71scott/status/1451022462645268488	False	3208	5006
Thu Oct 21 03:08:04 +0000 2021	AgustinDm	Estabilización de precios tiró Randazzo, vos tenés la misma ideología que Feletti, que Fernández, chantazzo #DebateBsAs	1	0	https://twitter.com/AgustinDm/status/1451022447000662022	False	683	947
Thu Oct 21 03:08:03 +0000 2021	GracedeSantaF	RT @StellaM605: Del Caño defiende a raja tabla seguir con su puesto en el estado,no sabe vivir de otra cosa #DebateBsAs #Debateprovincia #d…	0	3	https://twitter.com/GracedeSantaF/status/1451022440851820547	False	5288	5698
Thu Oct 21 03:07:49 +0000 2021	ytachameladoble	"#DebateBsAs El paseo que le pegó @NicolasdelCano al pelado sin polera de @jlespert ""Vos defendés que un puñado de empresarios ganen más que la mitad de la población mundial... Y lo mismo hacés en Argentina""."	0	0	https://twitter.com/ytachameladoble/status/1451022384627126280	False	1924	4988
Thu Oct 21 03:07:42 +0000 2021	Zalet	"Se ha forrrrrrmado una pareja
#DebateBsAs https://t.co/iWi7vUMzPr"	28	0	https://twitter.com/Zalet/status/1451022352939044870	False	2937	2542
Thu Oct 21 03:07:41 +0000 2021	changuitoencaba	La única grieta es entre los candidatos del gran acuerdo de Randazzo, Hotton, Espert, Santilli y Tolosa Paz de un lado y a la izquierda del otro. Por eso #LaIzquierdaAlCongreso #DebateBsAs #debate #Debateprovincia	3	0	https://twitter.com/changuitoencaba/status/1451022349931724804	False	40	96
Thu Oct 21 03:07:38 +0000 2021	lpmqlpkdecirte	"RT @JorRausch: Hable Tolosa Victoria Paz ✌🏽🚩
Bonelli se lo permite... tranqui... 
¿Quiere agua?
No Alfano, así está bien 😂
#Debateprovincia…"	0	14	https://twitter.com/lpmqlpkdecirte/status/1451022338724556800	False	3358	3151
Thu Oct 21 03:07:35 +0000 2021	JosuMiranda45	"Acabo de ver a Del Caño ganarle el mano a mano a Espert???

@NicolasdelCano @jlespert #DebateBuenosAires #DebateBsAs #Debateprovincia @vtolosapaz @diegosantilli"	2	0	https://twitter.com/JosuMiranda45/status/1451022323650154497	False	55	250
Thu Oct 21 03:07:24 +0000 2021	LucianoBarrigon	RT @LACUCHILLERA_: VICTORIA ANTES DE ARRANCAR SE TOMÓ UN:   #DebateBsAs https://t.co/m5QXP5Rxx8	0	8	https://twitter.com/LucianoBarrigon/status/1451022278192418821	False	7154	677
Thu Oct 21 03:07:17 +0000 2021	Bea60Silvia	"RT @Trocaster: Resumiendo...
Derrota Paz
#DebateBuenosAires
#DebateBsAs https://t.co/crFV27QIXS"	0	47	https://twitter.com/Bea60Silvia/status/1451022249901772803	False	2631	3966
Thu Oct 21 03:07:14 +0000 2021	lulupopi21	"RT @pormifuturo1: Derrota paz hablando de no hacer oportunismo político con la pandemia????? 

Danos una explicación NO política de por qué…"	0	46	https://twitter.com/lulupopi21/status/1451022235150340103	False	69	36
Thu Oct 21 03:07:07 +0000 2021	quilmesquerido	Que cachivache ese debate #DebateBsAs	1	0	https://twitter.com/quilmesquerido/status/1451022205836566533	False	70	380
Thu Oct 21 03:07:00 +0000 2021	leodiegodiaz	#DebateBsAs  Hotton y Randazzo dos candidatos mas que light.. son para celiacos y deslactosados!	0	0	https://twitter.com/leodiegodiaz/status/1451022176753094656	False	107	392
Thu Oct 21 03:06:56 +0000 2021	LauCaceres21	RT @arias_marilina: Esper no sabe que nuestros pibes pedalean hs y hs con monotributo, sin vacaciones, sin obra social, indemnización ni ni…	0	7	https://twitter.com/LauCaceres21/status/1451022161934757891	False	200	60
Thu Oct 21 03:06:55 +0000 2021	StellaM605	Del Caño defiende a raja tabla seguir con su puesto en el estado,no sabe vivir de otra cosa #DebateBsAs #Debateprovincia #debate	19	3	https://twitter.com/StellaM605/status/1451022157119512578	False	3850	3870
Thu Oct 21 03:06:41 +0000 2021	ATTsellers	Santilli y Golosa Paz arreglaron preguntarse entre ellos para salvarse de Espert #DebateBuenosAires #DebateBsAs	2	0	https://twitter.com/ATTsellers/status/1451022096881029128	False	396	1511
Thu Oct 21 03:06:26 +0000 2021	MartaDino1	"RT @Armesto_88: En el mano a mano Tolosa Paz lo está paseando a Santilli
Error de Santilli antes que acierto de Tolosa
#Debateprovincia #De…"	0	1	https://twitter.com/MartaDino1/status/1451022034616688640	False	843	654
Thu Oct 21 03:06:18 +0000 2021	Kali_De_Nadie	Terminan abrazados Hotton y Randazzo. #DebateBsAs	0	0	https://twitter.com/Kali_De_Nadie/status/1451022000521035779	False	1105	1387
Thu Oct 21 03:06:08 +0000 2021	AndrewGIadstone	#DebateBsAs che @NicolasdelCano vos que hablas de los chetos de Buenos Aires contame, vivís en José León Suárez? En fuerte apache? Qué venís a hablar de empatia si contratas negros para tus marchas por 500 mangos? Sabe más Espert de pobreza q vos.	7	3	https://twitter.com/AndrewGIadstone/status/1451021960834650112	False	535	506
Thu Oct 21 03:06:05 +0000 2021	cuervotriulzi	"RT @Trocaster: Resumiendo...
Derrota Paz
#DebateBuenosAires
#DebateBsAs https://t.co/crFV27QIXS"	0	47	https://twitter.com/cuervotriulzi/status/1451021946250924037	False	6363	6605
Thu Oct 21 03:06:04 +0000 2021	MaariaAngelaa	RT @arias_marilina: Esper no sabe que nuestros pibes pedalean hs y hs con monotributo, sin vacaciones, sin obra social, indemnización ni ni…	0	7	https://twitter.com/MaariaAngelaa/status/1451021944539680769	False	703	429
Thu Oct 21 03:06:04 +0000 2021	remynicente	"#DebateBsAs @NicolasdelCano con la fuerza de los laburantes cerrándose la boca a ese facho pro empresarios.
Con esos millones q se fugan urbanizamos los barrios, mejoramos la salud, la educación."	0	0	https://twitter.com/remynicente/status/1451021941586882566	False	3	37
Thu Oct 21 03:06:03 +0000 2021	UnMonoRandom	#DebateBsAs @jlespert flaqueó y no se animó a defender la posición liberal sobre la evasión impositiva.	1	0	https://twitter.com/UnMonoRandom/status/1451021939166830601	False	61	189
Thu Oct 21 03:05:54 +0000 2021	alcalapone	RT @zurdoinutil: Le descalabré los cachetes a @jlespert #DebateBsAs #debate #DebateBuenosAires	0	2	https://twitter.com/alcalapone/status/1451021901975863299	False	1303	3391
Thu Oct 21 03:05:50 +0000 2021	MartaDino1	"RT @ToniFanara: SANTILLI: A MACRI LO CITARON A DECLARAR A INDAGATORIA

NO SE TENÍAN QUE PRESENTAR SUS ABOGADOS

TENÍA QUE IR PERSONALMENTE…"	0	1	https://twitter.com/MartaDino1/status/1451021882430472195	False	843	654
Thu Oct 21 03:05:45 +0000 2021	transbordadorni	"Bonelli @BonelliOK sos un hijo de re mil putas la concha de tu madre, no podes manejar un debate nunca más en tu vida sorete comprado, parcial, forro.

#DebateBsAs #DebateBuenosAires"	2	0	https://twitter.com/transbordadorni/status/1451021864684298240	False	385	598
Thu Oct 21 03:05:41 +0000 2021	blanca_guillin	RT @DANYD8: #DebateBsAs sin carisma el único que da propuestas claras es #Santilli @diegosantilli el resto chusmas de feria FIN	0	33	https://twitter.com/blanca_guillin/status/1451021848016089095	False	735	706
Thu Oct 21 03:05:37 +0000 2021	cuyencita98	RT @arias_marilina: Esper no sabe que nuestros pibes pedalean hs y hs con monotributo, sin vacaciones, sin obra social, indemnización ni ni…	0	7	https://twitter.com/cuyencita98/status/1451021831519887364	False	132	179
Thu Oct 21 03:05:37 +0000 2021	changuitoencaba	@NicolasdelCano le pasó el trapo a ese pelado! #debate #DebateBsAs #Debateprovincia	1	0	https://twitter.com/changuitoencaba/status/1451021830718836737	False	40	96
Thu Oct 21 03:05:37 +0000 2021	_Romulus__	RT @pvcanelo: Todos los asesores que suben a couchear a lxs candidatxs en las pausas son hombres? 🤔 #DebateBsAs	0	1	https://twitter.com/_Romulus__/status/1451021830463049735	False	5772	4718
Thu Oct 21 03:05:33 +0000 2021	Luishi84	La metodología es una porquería, porque no se permite una interpelación como es debido. #DebateBuenosAires #DebateBsAs	2	0	https://twitter.com/Luishi84/status/1451021811634769922	False	440	424
Thu Oct 21 03:05:23 +0000 2021	Armesto_88	"Van a debatir 5 minutos mano a mano Hotton y Randazzo. 
Le importó a nadie, nunca
Este pais se va a la mierda.
#Debateprovincia #DebateBsAs"	2	0	https://twitter.com/Armesto_88/status/1451021769066758145	False	546	720
Thu Oct 21 03:05:20 +0000 2021	sanchez_marcelo	"#DebateBsAs basta políticos de ""describir la realidad"", queremos la solución de la mega crisis argentina con acciones o hechos y no con promesas, el resto son buenas intenciones. Sino aquí está la solución! https://t.co/8uOOe0geU9"	0	0	https://twitter.com/sanchez_marcelo/status/1451021756198793220	False	582	117
Thu Oct 21 03:05:18 +0000 2021	zurdoinutil	Le descalabré los cachetes a @jlespert #DebateBsAs #debate #DebateBuenosAires	28	2	https://twitter.com/zurdoinutil/status/1451021749244489730	False	21548	21254
Thu Oct 21 03:05:10 +0000 2021	giulyvic	RT @TheEdge__edlp: @vtolosapaz Esto ya es una orgia, a Derrota Paz se la están garchando entre todos!!! #Debateprovincia #DebateBuenosAires…	0	1	https://twitter.com/giulyvic/status/1451021717938315266	False	15	31
Thu Oct 21 03:05:07 +0000 2021	Tini44167036	"RT @pormifuturo1: Derrota paz hablando de no hacer oportunismo político con la pandemia????? 

Danos una explicación NO política de por qué…"	0	46	https://twitter.com/Tini44167036/status/1451021702570328069	False	4107	4715
Thu Oct 21 03:05:04 +0000 2021	cuervotriulzi	"RT @DANYD8: #DebateBsAs Propuestas de Derrota Paz ah pero Macri ! 
Ah pero Macri ! Ah pero Macri!
Ah pero Macri!!!! I N F U M A B  L E ! ht…"	0	43	https://twitter.com/cuervotriulzi/status/1451021689781817344	False	6363	6605
Thu Oct 21 03:04:59 +0000 2021	NeneQuinte	"RT @DANYD8: #DebateBsAs Propuestas de Derrota Paz ah pero Macri ! 
Ah pero Macri ! Ah pero Macri!
Ah pero Macri!!!! I N F U M A B  L E ! ht…"	0	43	https://twitter.com/NeneQuinte/status/1451021672019107840	False	2331	2809
Thu Oct 21 03:04:59 +0000 2021	MartaDino1	RT @Florenciaherrr: ¿Santilli se cree que en la provincia todo es pasillo? No la caminó ni un poco.. #Santilli #Debateprovincia #DebateTN #…	0	1	https://twitter.com/MartaDino1/status/1451021671675072514	False	843	654
Thu Oct 21 03:04:59 +0000 2021	salatino_belen	Me hace acordar cuando iba al secundario y hacíamos el simulacro de un juicio o debate..todo en base de improvisación sobre un tema. Y lo que importaba era ganar. Posta que el nivel es deplorable. #DebateBsAs	1	0	https://twitter.com/salatino_belen/status/1451021668135026696	False	86	711
Thu Oct 21 03:04:36 +0000 2021	blanca_guillin	"RT @DANYD8: #DebateBsAs Propuestas de Derrota Paz ah pero Macri ! 
Ah pero Macri ! Ah pero Macri!
Ah pero Macri!!!! I N F U M A B  L E ! ht…"	0	43	https://twitter.com/blanca_guillin/status/1451021572500688899	False	735	706
Thu Oct 21 03:04:31 +0000 2021	FlorAnSuarez	"A las piñas! A las piñas! A las piñas! @NicolasdelCano y El querido Espert retrasado antiderechos de los laburantes que quiere meter preso a los pibes de 12 años 
#DebateBsAs
#LaIzquierdaAlCongreso"	2	0	https://twitter.com/FlorAnSuarez/status/1451021552825389062	False	11	34
Thu Oct 21 03:04:22 +0000 2021	giulyvic	RT @SoyGerard: Tolosa paz no para de nombrar cuánta gente se vacuno y lo marca como buena gestión. Señora es la obligación del gobierno dar…	0	1	https://twitter.com/giulyvic/status/1451021516322263045	False	15	31
Thu Oct 21 03:04:21 +0000 2021	nataliafidel	Debate y oratoria como materia obligatoria en las escuelas ya #DebateBsAs !	4	1	https://twitter.com/nataliafidel/status/1451021512605982723	False	3867	1353
Thu Oct 21 03:04:19 +0000 2021	Nefeer_tali	"Que buen debate lrpm 🥵😈
#DebateBsAs"	2	0	https://twitter.com/Nefeer_tali/status/1451021502422437890	False	1186	567
Thu Oct 21 03:04:10 +0000 2021	MaxiArguelloSo1	@BonelliOK estás hecho un ridiculo. La verdad que estás demasiado gaga para manejar el #DebateBsAs	0	0	https://twitter.com/MaxiArguelloSo1/status/1451021466107932682	False	28	53
Thu Oct 21 03:04:09 +0000 2021	arias_marilina	"Esper no sabe que nuestros pibes pedalean hs y hs con monotributo, sin vacaciones, sin obra social, indemnización ni ningún derecho laboral en la empresas multinacionales que se la fugan toda al exterior ??? 
Se lo anoticio @NicolasdelCano en #DebateBsAs #LaIzquierdaAlCongreso"	16	7	https://twitter.com/arias_marilina/status/1451021459090862088	False	1328	745
Thu Oct 21 03:04:05 +0000 2021	catalin63192455	RT @mariaelena892: #DebateBsAs #SeVan sin duda. A resistir. Pudimos y vamos a poder.	0	1	https://twitter.com/catalin63192455/status/1451021443043495940	False	1986	2864
Thu Oct 21 03:03:57 +0000 2021	Blansh19	"RT @JorRausch: Hable Tolosa Victoria Paz ✌🏽🚩
Bonelli se lo permite... tranqui... 
¿Quiere agua?
No Alfano, así está bien 😂
#Debateprovincia…"	0	14	https://twitter.com/Blansh19/status/1451021410785132550	False	2560	2748
Thu Oct 21 03:03:51 +0000 2021	blackaniima	"El profe no perdona ni a los moderadores, me estoy haciendo el plato 😂
#DebateBuenosAires #DebateBsAs #EsconEspert"	6	1	https://twitter.com/blackaniima/status/1451021385954824202	False	74	247
Thu Oct 21 03:03:32 +0000 2021	Blansh19	RT @jorgecorchomat: #DerrotaPaz y dale con #Vidal No podes explicar las ordenes de detenciones de tu #Jefa el voto en la @ONU_es a favor de…	0	23	https://twitter.com/Blansh19/status/1451021307093536768	False	2560	2748
Thu Oct 21 03:03:30 +0000 2021	JorRausch	"#Debateprovincia 
#DebateBsAs 
#debate 
#DebateBuenosAires 
Che, dice Florencio Randazzo que ya es jueves... 😎 https://t.co/1BUZmbd5rd"	1	0	https://twitter.com/JorRausch/status/1451021295315996673	False	21467	2380
Thu Oct 21 03:03:28 +0000 2021	cuervotriulzi	"RT @pormifuturo1: Derrota paz hablando de no hacer oportunismo político con la pandemia????? 

Danos una explicación NO política de por qué…"	0	46	https://twitter.com/cuervotriulzi/status/1451021287896195073	False	6363	6605
Thu Oct 21 03:03:26 +0000 2021	Claubonara	"RT @LautaroJimenezB: Nicolás del Caño recordando que #La7722NoSeToca y la fuerza del pueblo en las calles derrotó la #Megaminería 
#LaIzqui…"	0	15	https://twitter.com/Claubonara/status/1451021278786187270	False	5473	204
Thu Oct 21 03:03:19 +0000 2021	LeoBarinaga	Más aburrido que debate de preguntas entre Hotton y Randazzo #debate #DebateBsAs #DebateBuenosAires	1	1	https://twitter.com/LeoBarinaga/status/1451021251233808389	False	75	268
Thu Oct 21 03:03:13 +0000 2021	MartaDino1	"RT @remynicente: #DebateBsAs espert diciendo que las empresas que hagan los que quieran.
@NicolasdelCano el único que desenmascara a estos…"	0	1	https://twitter.com/MartaDino1/status/1451021227389341703	False	843	654
Thu Oct 21 03:03:09 +0000 2021	Blansh19	"RT @Trocaster: Resumiendo...
Derrota Paz
#DebateBuenosAires
#DebateBsAs https://t.co/crFV27QIXS"	0	47	https://twitter.com/Blansh19/status/1451021210595192834	False	2560	2748
Thu Oct 21 03:02:56 +0000 2021	carlird13	"RT @DANYD8: #DebateBsAs Propuestas de Derrota Paz ah pero Macri ! 
Ah pero Macri ! Ah pero Macri!
Ah pero Macri!!!! I N F U M A B  L E ! ht…"	0	43	https://twitter.com/carlird13/status/1451021154810925057	False	1976	1081
Thu Oct 21 03:02:51 +0000 2021	maugianzo	"Es muy malo Del Caño. Se lo comió en pancitos Espert.

#DebateBuenosAires 
#DebateBsAs"	1	0	https://twitter.com/maugianzo/status/1451021131486466049	False	1002	1799
Thu Oct 21 03:02:49 +0000 2021	MaguiSchmid	Que desastre este debate! Menos mal que no mueve un voto porque serían todos en blanco 🥴 #DebateBsAs	1	0	https://twitter.com/MaguiSchmid/status/1451021126067318792	False	243	567
Thu Oct 21 03:02:39 +0000 2021	Armesto_88	"Espert es muy divertido. Un showman espectacular. Habla muy bien.
Pero quiere meter presos a pibes de 12 años.
Denle un teatro y que haga stand up. Que no se acerque a ningún poder del gobierno.
#Debateprovincia #DebateBsAs"	2	1	https://twitter.com/Armesto_88/status/1451021083541270529	False	546	720
Thu Oct 21 03:02:23 +0000 2021	florsturridge	espert cagandolo a pedos a bonelli jaja #DebateBsAs	1	0	https://twitter.com/florsturridge/status/1451021014486458368	False	220	165
Thu Oct 21 03:02:22 +0000 2021	joadlujan	"RT @LautaReynafe: Resumen del #DebateBsAs 

@vtolosapaz : Ah pero Macri
@diegosantilli: intentando defenderse
@CynthiaHotton: recién salida…"	0	4	https://twitter.com/joadlujan/status/1451021012875857920	False	24	188
Thu Oct 21 03:02:20 +0000 2021	marcela41	"RT @DANYD8: #DebateBsAs Propuestas de Derrota Paz ah pero Macri ! 
Ah pero Macri ! Ah pero Macri!
Ah pero Macri!!!! I N F U M A B  L E ! ht…"	0	43	https://twitter.com/marcela41/status/1451021002083745796	False	2317	2490
Thu Oct 21 03:02:19 +0000 2021	OMARRCAB	#Jlespert dejalo que ya está muertooo #DelCanoAlCongreso #DebateBsAs #DebateTN #Debateprovincia	1	0	https://twitter.com/OMARRCAB/status/1451021000938643463	False	75	176
Thu Oct 21 03:02:18 +0000 2021	macu_frias	"RT @FrenteDeTodos: • Hoy a las 22hs, @vtolosapaz va a participar del #DebateBsAs en @todonoticias. 📺 

También podés seguirlo en vivo por a…"	0	111	https://twitter.com/macu_frias/status/1451020995398025218	False	4	48
Thu Oct 21 03:02:15 +0000 2021	MartaDino1	"RT @PaulWitzels: Del caño te hundís sólo como vas a elegir a Espert JAJAJAJAJA
#CancerDeMama 
#EsConEspert
#DebateBsAs"	0	1	https://twitter.com/MartaDino1/status/1451020984182521860	False	843	654
Thu Oct 21 03:02:15 +0000 2021	FernandoPelozo5	Weeee @NicolasdelCano es un amigo que no salió de la facu... humanidades obvio...#DebateBsAs	1	0	https://twitter.com/FernandoPelozo5/status/1451020980634234881	False	30	769
Thu Oct 21 03:02:01 +0000 2021	MartaDino1	"RT @Zalet: No me quiero adelantar, pero...

#VictoriaDebate
#DebateBsAs https://t.co/Agbdk6ms6V"	0	3	https://twitter.com/MartaDino1/status/1451020925260947458	False	843	654
Thu Oct 21 03:01:41 +0000 2021	ChogarPeronchos	RT @zurdoinutil: Quién va liderando el debate? #DebateBsAs #Debateprovincia #debate	0	10	https://twitter.com/ChogarPeronchos/status/1451020840414302213	False	152	71
Thu Oct 21 03:01:40 +0000 2021	randazzo_va	"RT @novoasantiago: Por asentimos y expresión coropral, en las próximas elecciones @CynthiaHotton vota a @RandazzoF

#DebateCapital #DebateB…"	0	2	https://twitter.com/randazzo_va/status/1451020833950867458	False	789	818
Thu Oct 21 03:01:30 +0000 2021	Kali_De_Nadie	No puedo creer que Espert elija a Del Caño. Que al pedo. #DebateBsAs	0	0	https://twitter.com/Kali_De_Nadie/status/1451020793907871749	False	1105	1387
Thu Oct 21 03:01:05 +0000 2021	Zalet	"No me quiero adelantar, pero...

#VictoriaDebate
#DebateBsAs https://t.co/Agbdk6ms6V"	2	3	https://twitter.com/Zalet/status/1451020686592393220	False	2937	2542
Thu Oct 21 03:00:53 +0000 2021	PaulWitzels	"Del caño te hundís sólo como vas a elegir a Espert JAJAJAJAJA
#CancerDeMama 
#EsConEspert
#DebateBsAs https://t.co/TaFfMxWqQ2"	2	1	https://twitter.com/PaulWitzels/status/1451020637607239683	False	43	14
Thu Oct 21 03:00:44 +0000 2021	TheLittleWinged	"""Internate"" - @jlespert a @NicolasdelCano 

#DebateBsAs #Debateprovincia https://t.co/RsuwpnBpzj"	0	0	https://twitter.com/TheLittleWinged/status/1451020601808719877	False	599	415
Thu Oct 21 03:00:19 +0000 2021	Adri_ruizok	"RT @Trocaster: Resumiendo...
Derrota Paz
#DebateBuenosAires
#DebateBsAs https://t.co/crFV27QIXS"	0	47	https://twitter.com/Adri_ruizok/status/1451020497286623239	False	101	95
Thu Oct 21 03:00:14 +0000 2021	Kali_De_Nadie	Desastre la actuación de Bonelli y Alfano. #DebateBsAs	1	0	https://twitter.com/Kali_De_Nadie/status/1451020475866378243	False	1105	1387
Thu Oct 21 03:00:07 +0000 2021	joaquinchaulet	"""Internate, Nico"" JAJAJAJ
#DebateBuenosAires
#DebateBsAs"	1	0	https://twitter.com/joaquinchaulet/status/1451020444056776706	False	237	1020
Thu Oct 21 02:59:50 +0000 2021	BarbaraBraunst3	"RT @Trocaster: Resumiendo...
Derrota Paz
#DebateBuenosAires
#DebateBsAs https://t.co/crFV27QIXS"	0	47	https://twitter.com/BarbaraBraunst3/status/1451020373105860612	False	1602	1945
Thu Oct 21 02:59:44 +0000 2021	Luishi84	No supo hacer la pregunta @NicolasdelCano y @jlespert se lo comió crudo crudo con la ironía #DebateBuenosAires #DebateBsAs	1	0	https://twitter.com/Luishi84/status/1451020348170797061	False	440	424
Thu Oct 21 02:59:28 +0000 2021	Fergbarrio	Cada vez que habla Espert #DebateBsAs https://t.co/w19ffAbNwV	0	0	https://twitter.com/Fergbarrio/status/1451020281376612354	False	103	287
Thu Oct 21 02:59:18 +0000 2021	agustintintinnn	Del caño preocupado por las apps de delivery en vez de los 6 millones de desempleados que tenemos. Bien la izquierda #DebateBsAs	7	0	https://twitter.com/agustintintinnn/status/1451020241354440707	False	745	706
Thu Oct 21 02:59:15 +0000 2021	VaNispenOk	Espert se acaba de coger a Del Caño frente a millones de personas. #DebateBuenosAires #DebateBsAs #DebateTN	1	0	https://twitter.com/VaNispenOk/status/1451020227689385986	False	17	207
Thu Oct 21 02:59:07 +0000 2021	remynicente	"#DebateBsAs espert diciendo que las empresas que hagan los que quieran.
@NicolasdelCano el único que desenmascara a estos representantes de los empresarios."	1	1	https://twitter.com/remynicente/status/1451020192826343424	False	3	37
Thu Oct 21 02:59:03 +0000 2021	JorRausch	"Hable Tolosa Victoria Paz ✌🏽🚩
Bonelli se lo permite... tranqui... 
¿Quiere agua?
No Alfano, así está bien 😂
#Debateprovincia 
#debate 
#DebateBsAs 
#DebateBuenosAires https://t.co/Ae3Haogsi7"	23	14	https://twitter.com/JorRausch/status/1451020175315283968	False	21467	2380
Thu Oct 21 02:58:50 +0000 2021	pome92	@JeremiasPablo68 Por qué la izq le pregunta a la derecha fascista dandoles lugar y entidad? #DebateBsAs #DebateBuenosAires	1	0	https://twitter.com/pome92/status/1451020123486162945	False	34	134
Thu Oct 21 02:58:45 +0000 2021	EduardoVenosi	RT @jlzorzi: Derrota Golosa Paz es la Cheta de Juana Molina, habla de la provincia y vive en Puerto Madero con Albistur que le “prestaba” e…	0	17	https://twitter.com/EduardoVenosi/status/1451020099897470977	False	11182	11281
Thu Oct 21 02:58:42 +0000 2021	cherman_gv	RT @zurdoinutil: Agárrate @jlespert te descalabro en el mano a mano #DebateBsAs	0	4	https://twitter.com/cherman_gv/status/1451020087037775881	False	98	131
Thu Oct 21 02:58:38 +0000 2021	changuitoencaba	Espert dice que el empresario haga lo que quiera con los trabajadores. Entendés??? Entendesssss????? #DebateBsAs #debate #Debateprovincia	3	0	https://twitter.com/changuitoencaba/status/1451020072621727749	False	40	96
Thu Oct 21 02:58:20 +0000 2021	ArgentaSavia	RT @FOCM2: Esa sonrisita no les hace acordar a una candidata a diputada nacional?  Le faltan los bucles nomás. #Debateprovincia #DebateBsAs…	0	1	https://twitter.com/ArgentaSavia/status/1451019997401153537	False	71	307
Thu Oct 21 02:58:15 +0000 2021	Patynarfer	RT @grcerrutti: Lo mejor del debate y LA PURA VERDAD #DebateBsAs	0	1	https://twitter.com/Patynarfer/status/1451019973728538630	False	853	675
Thu Oct 21 02:58:14 +0000 2021	manchitadepatri	"RT @Trocaster: Resumiendo...
Derrota Paz
#DebateBuenosAires
#DebateBsAs https://t.co/crFV27QIXS"	0	47	https://twitter.com/manchitadepatri/status/1451019973162270721	False	41	309
Thu Oct 21 02:57:50 +0000 2021	nacienel75	RT @zurdoinutil: Agárrate @jlespert te descalabro en el mano a mano #DebateBsAs	0	4	https://twitter.com/nacienel75/status/1451019871106617346	False	1219	1589
Thu Oct 21 02:57:44 +0000 2021	ViviArcidiacono	"RT @Cotychasco: Alguien quiere contestarle a #espert?

#DebateBsAs #Debateprovincia https://t.co/QfSqMhDVwX"	0	1	https://twitter.com/ViviArcidiacono/status/1451019846175494144	False	1183	468
Thu Oct 21 02:57:28 +0000 2021	TeresitaFerrara	"RT @adrilusi: Derrota Paz
Violenta Paz
Mentirosa Paz
#DebateBsAs
LO QUE REALMENTE ES INSOPORTABLE SON LAS MENTIRAS QUE DICEN LOS KK..
OJO C…"	0	10	https://twitter.com/TeresitaFerrara/status/1451019778273984515	False	80	19
Thu Oct 21 02:57:21 +0000 2021	florsturridge	derrota tolosa paz con esa cara de actriz adormecida no convence a nadie, ridicula #DebateBsAs	0	0	https://twitter.com/florsturridge/status/1451019749807243265	False	220	165
Thu Oct 21 02:57:19 +0000 2021	LaMarronDocTuc	"RT @LautaroJimenezB: Nicolás del Caño recordando que #La7722NoSeToca y la fuerza del pueblo en las calles derrotó la #Megaminería 
#LaIzqui…"	0	15	https://twitter.com/LaMarronDocTuc/status/1451019742660087810	False	267	348
Thu Oct 21 02:56:59 +0000 2021	LucasMaaxii	RT @zurdoinutil: Agárrate @jlespert te descalabro en el mano a mano #DebateBsAs	0	4	https://twitter.com/LucasMaaxii/status/1451019657939390466	False	630	2706
Thu Oct 21 02:56:56 +0000 2021	blackaniima	"La pregunta de Del Caño:
-Profe, doble o simple faz?
#DebateBuenosAires #DebateBsAs #esconEspert"	0	0	https://twitter.com/blackaniima/status/1451019645612298246	False	74	247
Thu Oct 21 02:56:56 +0000 2021	blackffish	"RT @Trocaster: Resumiendo...
Derrota Paz
#DebateBuenosAires
#DebateBsAs https://t.co/crFV27QIXS"	0	47	https://twitter.com/blackffish/status/1451019642302976007	False	1405	899
Thu Oct 21 02:56:55 +0000 2021	ArtemisaDH	RT @zurdoinutil: Agárrate @jlespert te descalabro en el mano a mano #DebateBsAs	0	4	https://twitter.com/ArtemisaDH/status/1451019641812226048	False	198	385
Thu Oct 21 02:56:47 +0000 2021	profedisidente	"Es fulbito para los giles, nos gobiernan las familias de banqueroJs.

#DebateBsAs #DebateBuenosAires #Debateprovincia #DebatePresidencial2021"	1	0	https://twitter.com/profedisidente/status/1451019604952813573	False	156	171
Thu Oct 21 02:56:39 +0000 2021	PorMisHijos3	"RT @pormifuturo1: Derrota paz hablando de no hacer oportunismo político con la pandemia????? 

Danos una explicación NO política de por qué…"	0	46	https://twitter.com/PorMisHijos3/status/1451019571633147912	False	1701	2026
Thu Oct 21 02:56:38 +0000 2021	MerixValentini	RT @jlzorzi: Derrota Golosa Paz es la Cheta de Juana Molina, habla de la provincia y vive en Puerto Madero con Albistur que le “prestaba” e…	0	17	https://twitter.com/MerixValentini/status/1451019568890191873	False	1094	1362
Thu Oct 21 02:56:30 +0000 2021	CaubetFrancisca	"RT @DANYD8: #DebateBsAs Propuestas de Derrota Paz ah pero Macri ! 
Ah pero Macri ! Ah pero Macri!
Ah pero Macri!!!! I N F U M A B  L E ! ht…"	0	43	https://twitter.com/CaubetFrancisca/status/1451019536497451013	False	393	256
Thu Oct 21 02:56:28 +0000 2021	masazuleslaluz	"RT @Trocaster: Resumiendo...
Derrota Paz
#DebateBuenosAires
#DebateBsAs https://t.co/crFV27QIXS"	0	47	https://twitter.com/masazuleslaluz/status/1451019525080576006	False	66	99
Thu Oct 21 02:56:23 +0000 2021	blackffish	"RT @DANYD8: #DebateBsAs Propuestas de Derrota Paz ah pero Macri ! 
Ah pero Macri ! Ah pero Macri!
Ah pero Macri!!!! I N F U M A B  L E ! ht…"	0	43	https://twitter.com/blackffish/status/1451019504331341825	False	1405	899
Thu Oct 21 02:56:19 +0000 2021	itsmiliok	DALE ESPERT VS DEL CAÑOoOOOOO me vuelvo lakaaaaaaaaaaaa #DebateBsAs	0	0	https://twitter.com/itsmiliok/status/1451019489999474689	False	16	113
Thu Oct 21 02:56:19 +0000 2021	Kali_De_Nadie	Tolosa Paz y Santilli se pusieron de acuerdo para hacerse preguntas boludas y por turno chicanearse. Malísimo. #DebateBsAs	0	0	https://twitter.com/Kali_De_Nadie/status/1451019487092875269	False	1105	1387
Thu Oct 21 02:56:17 +0000 2021	marcelaverduras	Que desigualdad intelectual entre los candidatos! #DebateBsAs	0	0	https://twitter.com/marcelaverduras/status/1451019478645444608	False	1554	1241
Thu Oct 21 02:56:09 +0000 2021	zurdoinutil	Agárrate @jlespert te descalabro en el mano a mano #DebateBsAs	38	4	https://twitter.com/zurdoinutil/status/1451019448291192837	False	21548	21254
Thu Oct 21 02:56:09 +0000 2021	LuzGarcia__	RT @DANYD8: #DebateBsAs sin carisma el único que da propuestas claras es #Santilli @diegosantilli el resto chusmas de feria FIN	0	33	https://twitter.com/LuzGarcia__/status/1451019446743486470	False	818	556
Thu Oct 21 02:56:08 +0000 2021	Antik589730271	Petera goloza paz #DebateBsAs	0	0	https://twitter.com/Antik589730271/status/1451019444126306307	False	2	23
Thu Oct 21 02:56:07 +0000 2021	TeresitaFerrara	"RT @Trocaster: Resumiendo...
Derrota Paz
#DebateBuenosAires
#DebateBsAs https://t.co/crFV27QIXS"	0	47	https://twitter.com/TeresitaFerrara/status/1451019436924801028	False	80	19
Thu Oct 21 02:56:04 +0000 2021	gmasf1	"RT @DANYD8: #DebateBsAs Propuestas de Derrota Paz ah pero Macri ! 
Ah pero Macri ! Ah pero Macri!
Ah pero Macri!!!! I N F U M A B  L E ! ht…"	0	43	https://twitter.com/gmasf1/status/1451019427894288387	False	1246	403
Thu Oct 21 02:56:04 +0000 2021	Florenciaherrr	¿Santilli se cree que en la provincia todo es pasillo? No la caminó ni un poco.. #Santilli #Debateprovincia #DebateTN #DebateBsAs	1	1	https://twitter.com/Florenciaherrr/status/1451019425071579137	False	212	254
Thu Oct 21 02:55:49 +0000 2021	Velo85ok	Verguenza dan este tipo de #DebateBsAs que NO Sirve para nada. Porque no le hacemos una entrevista laboral a los candidatos a ver si se la bancan?	2	0	https://twitter.com/Velo85ok/status/1451019364581314563	False	36	260
Thu Oct 21 02:55:39 +0000 2021	blackaniima	"Tolosa Paz está con tanto miedo que se hace la cocorita, la casta tiene miedo 🥂
#DebateBuenosAires #DebateBsAs"	1	0	https://twitter.com/blackaniima/status/1451019319584776205	False	74	247
Thu Oct 21 02:55:37 +0000 2021	UnMonoRandom	#DebateBsAs la gran prueba va a ser si del caño lo atiende a espert	0	0	https://twitter.com/UnMonoRandom/status/1451019314111434756	False	61	189
Thu Oct 21 02:55:34 +0000 2021	ToniFanara	"SANTILLI: A MACRI LO CITARON A DECLARAR A INDAGATORIA

NO SE TENÍAN QUE PRESENTAR SUS ABOGADOS

TENÍA QUE IR PERSONALMENTE

BASTA DE ESAS CORONITAS O LA IMPUNIDAD ACÁ NO LA TERMINAMOS MAS !!!!!

#DebateBuenosAires 
#DebateBsAs"	2	1	https://twitter.com/ToniFanara/status/1451019299582357505	False	830	2545
Thu Oct 21 02:55:33 +0000 2021	anniepati	"RT @MariaVe51879462: Escuchaste Derrota Paz?? Punto a favor para Espert que te hablo como TUGO manejo la pandemia !!!
#DebateBsAs 
#Derrota…"	0	13	https://twitter.com/anniepati/status/1451019297371865090	False	90	305
Thu Oct 21 02:55:30 +0000 2021	LALABOETTI	"RT @Anonymou5____: Quien está quedando mal en el debate? Se agradece el RT y la compartida
#debate #DebateBsAs #Debateprovincia"	0	9	https://twitter.com/LALABOETTI/status/1451019281508954112	False	181	212
Thu Oct 21 02:55:27 +0000 2021	ObsComprometido	"RT @Trocaster: Resumiendo...
Derrota Paz
#DebateBuenosAires
#DebateBsAs https://t.co/crFV27QIXS"	0	47	https://twitter.com/ObsComprometido/status/1451019269572071429	False	4857	1695
Thu Oct 21 02:55:09 +0000 2021	SalchichaFeliz	"#DebateBsAs
De que se sorprenden, si #DerrotaPaz no escucha cuando la entrevistan y hace un monólogo. Era evidente que no sabía debatir y mucho menos que tenía alguna propuesta."	0	0	https://twitter.com/SalchichaFeliz/status/1451019194338791424	False	479	1601
Thu Oct 21 02:55:03 +0000 2021	josefinah05	RT @jlzorzi: Derrota Golosa Paz es la Cheta de Juana Molina, habla de la provincia y vive en Puerto Madero con Albistur que le “prestaba” e…	0	17	https://twitter.com/josefinah05/status/1451019171903545346	False	19708	16001
Thu Oct 21 02:54:39 +0000 2021	martaabadie	RT @jorgecorchomat: #DerrotaPaz y dale con #Vidal No podes explicar las ordenes de detenciones de tu #Jefa el voto en la @ONU_es a favor de…	0	23	https://twitter.com/martaabadie/status/1451019068878692353	False	289	241
Thu Oct 21 02:54:28 +0000 2021	LucasMaaxii	RT @zurdoinutil: Para mi todo tiene que ser gratis #DebateBsAs	0	20	https://twitter.com/LucasMaaxii/status/1451019023085359104	False	630	2706
Thu Oct 21 02:54:26 +0000 2021	LucasMaaxii	RT @zurdoinutil: Me había faltado la palabra “capitalismo”, ya estoy realizado! #DebateBsAs	0	7	https://twitter.com/LucasMaaxii/status/1451019016030543877	False	630	2706
Thu Oct 21 02:54:16 +0000 2021	Armesto_88	"En el mano a mano Tolosa Paz lo está paseando a Santilli
Error de Santilli antes que acierto de Tolosa
#Debateprovincia #DebateBsAs"	5	1	https://twitter.com/Armesto_88/status/1451018974875906048	False	546	720
Thu Oct 21 02:54:15 +0000 2021	GabySmolskiOdeh	RT @zurdoinutil: Quién va liderando el debate? #DebateBsAs #Debateprovincia #debate	0	10	https://twitter.com/GabySmolskiOdeh/status/1451018970207768577	False	735	746
Thu Oct 21 02:54:14 +0000 2021	silviar64854797	RT @zurdoinutil: Quién va liderando el debate? #DebateBsAs #Debateprovincia #debate	0	10	https://twitter.com/silviar64854797/status/1451018965216477184	False	2681	3972
Thu Oct 21 02:54:08 +0000 2021	silviar64854797	RT @zurdoinutil: Quién va liderando el debate? #DebateBsAs #debate #DebateBuenosAires	0	2	https://twitter.com/silviar64854797/status/1451018939069177857	False	2681	3972
Thu Oct 21 02:53:48 +0000 2021	LilianaMarcone	"RT @PaKCar1975: Cómo será de INOPERANTE que ni siquiera Cristina la quiere.
#derrotaPaz
#DebateBsAs"	0	3	https://twitter.com/LilianaMarcone/status/1451018857536266243	False	652	1052
Thu Oct 21 02:53:48 +0000 2021	IngRiocuarto	"RT @Trocaster: Resumiendo...
Derrota Paz
#DebateBuenosAires
#DebateBsAs https://t.co/crFV27QIXS"	0	47	https://twitter.com/IngRiocuarto/status/1451018854679949313	False	1240	1519
Thu Oct 21 02:53:48 +0000 2021	Luke_White79	ME MUEROOOOOOOOOOOO!!! Hasta el limitado de @NicolasdelCano le pego flor de baile con los jubilados a Derrota @vtolosapaz #DebateBuenosAires #debate #Debateprovincia #DebateBsAs	2	0	https://twitter.com/Luke_White79/status/1451018854042198019	False	250	732
Thu Oct 21 02:53:39 +0000 2021	agustin_gbasso	"En el #DebateBsAs hicieron lo mismo que en el debate de CABA: polarizar la elección. Está claro que la intención es que se midan Golosa y el perdido de Santilli.

Muy evidente."	4	0	https://twitter.com/agustin_gbasso/status/1451018816712941568	False	69	72
Thu Oct 21 02:53:35 +0000 2021	LucasMaaxii	RT @zurdoinutil: Se me cayo la birome…pucha #debate #DebateBsAs	0	2	https://twitter.com/LucasMaaxii/status/1451018800988622852	False	630	2706
Thu Oct 21 02:53:33 +0000 2021	Yohia05	"""Voy a defender a la policía de la provincia de Buenos Aires"". Santilli, #DebateBsAs 

La bonaerense, la que está en el negocio del narco, de la trata, aliada de los barones del conurbano históricos, la que asesina un pibe cada 22 hs por gatillo fácil. 

#LaIzquierdaAlCongreso"	0	0	https://twitter.com/Yohia05/status/1451018792679530501	False	560	1189
Thu Oct 21 02:53:31 +0000 2021	AndreaLinguito	"RT @Anonymou5____: Quien está quedando mal en el debate? Se agradece el RT y la compartida
#debate #DebateBsAs #Debateprovincia"	0	9	https://twitter.com/AndreaLinguito/status/1451018785838796803	False	1318	3836
Thu Oct 21 02:53:31 +0000 2021	FedericoPaler	"RT @Trocaster: Resumiendo...
Derrota Paz
#DebateBuenosAires
#DebateBsAs https://t.co/crFV27QIXS"	0	47	https://twitter.com/FedericoPaler/status/1451018783800250368	False	1223	1401
Thu Oct 21 02:53:25 +0000 2021	mariainespinard	RT @florsturridge: Espert, dijo todo lo que tenia que decir santilli tibio.. #DebateBsAs	0	1	https://twitter.com/mariainespinard/status/1451018760287043589	False	1324	3490
Thu Oct 21 02:53:22 +0000 2021	Trocaster	"Resumiendo...
Derrota Paz
#DebateBuenosAires
#DebateBsAs https://t.co/crFV27QIXS"	87	47	https://twitter.com/Trocaster/status/1451018747272044549	False	13664	8020
Thu Oct 21 02:53:18 +0000 2021	Jorgito52y	"RT @Anonymou5____: Quien está quedando mal en el debate? Se agradece el RT y la compartida
#debate #DebateBsAs #Debateprovincia"	0	9	https://twitter.com/Jorgito52y/status/1451018730398371843	False	468	823
Thu Oct 21 02:53:15 +0000 2021	maxcamusso	"RT @Flo_Clap: Se tenía que decir...

#DebateBsAs #Debateprovincia https://t.co/70HAylHNuy"	0	2	https://twitter.com/maxcamusso/status/1451018715630170112	False	323	1256
Thu Oct 21 02:52:47 +0000 2021	Luisfer25571386	"RT @LuLeikis: Y nuevamente una foto vale más que mil segundos de barbaridades.
#LaIzquierdaAlCongreso 
#DebateBsAs https://t.co/zb7LEblZ2i"	0	4	https://twitter.com/Luisfer25571386/status/1451018599284584448	False	190	988
Thu Oct 21 02:52:44 +0000 2021	Kali_De_Nadie	Pregunta de m*e*da que hizo Santilli. Flojo. 🤦🏻‍♀️ #DebateBsAs	0	0	https://twitter.com/Kali_De_Nadie/status/1451018585871159296	False	1105	1387
Thu Oct 21 02:52:43 +0000 2021	nmarchetti979	RT @arias_marilina: Ley de humedales ya!! Lo dijo @NicolasdelCano en #DebateBsAs #LaIzquierdaAlCongreso	0	3	https://twitter.com/nmarchetti979/status/1451018584461746176	False	92	286
Thu Oct 21 02:52:42 +0000 2021	FOCM2	Esa sonrisita no les hace acordar a una candidata a diputada nacional?  Le faltan los bucles nomás. #Debateprovincia #DebateBsAs #debate https://t.co/mLUeNsD70g	0	1	https://twitter.com/FOCM2/status/1451018578757623814	False	46	270
Thu Oct 21 02:52:39 +0000 2021	ytachameladoble	"RT @LautaroJimenezB: Nicolás del Caño recordando que #La7722NoSeToca y la fuerza del pueblo en las calles derrotó la #Megaminería 
#LaIzqui…"	0	15	https://twitter.com/ytachameladoble/status/1451018564790480898	False	1924	4988
Thu Oct 21 02:52:27 +0000 2021	Elisabe43160154	RT @MarceTanaYQue: Derrota Paz en #DebateBsAs 👇🏼 https://t.co/gU6foweZn6	0	15	https://twitter.com/Elisabe43160154/status/1451018514056290308	False	1509	1998
Thu Oct 21 02:52:13 +0000 2021	pablovicentecai	Santilli se va más colorado que cuando llegó... La de cachetazos que se comió #DebateBsAs	2	0	https://twitter.com/pablovicentecai/status/1451018457890189316	False	600	638
Thu Oct 21 02:52:11 +0000 2021	rolobona	Golosa - Santilli .. bueno garchen  #DebateBsAs	0	0	https://twitter.com/rolobona/status/1451018450961264641	False	597	2737
Thu Oct 21 02:52:07 +0000 2021	zurdoinutil	Quién va liderando el debate? #DebateBsAs #debate #DebateBuenosAires	2	2	https://twitter.com/zurdoinutil/status/1451018432321753093	False	21548	21254
Thu Oct 21 02:52:06 +0000 2021	zurdoinutil	Quién va liderando el debate? #DebateBsAs #Debateprovincia #debate	8	10	https://twitter.com/zurdoinutil/status/1451018428999819264	False	21548	21254
Thu Oct 21 02:51:58 +0000 2021	florsturridge	Espert, dijo todo lo que tenia que decir santilli tibio.. #DebateBsAs	1	1	https://twitter.com/florsturridge/status/1451018393813934082	False	220	165
Thu Oct 21 02:51:57 +0000 2021	quiquemarzo	RT @jlzorzi: Derrota Golosa Paz es la Cheta de Juana Molina, habla de la provincia y vive en Puerto Madero con Albistur que le “prestaba” e…	0	17	https://twitter.com/quiquemarzo/status/1451018391758639104	False	1707	334
Thu Oct 21 02:51:46 +0000 2021	Gabyu03	#DebateBsAs El que le gusta Tolosa Paz es un pelotudo!! Ni una propuesta...	0	0	https://twitter.com/Gabyu03/status/1451018345516466176	False	545	541
Thu Oct 21 02:51:33 +0000 2021	natanjosue	"RT @DANYD8: #DebateBsAs Propuestas de Derrota Paz ah pero Macri ! 
Ah pero Macri ! Ah pero Macri!
Ah pero Macri!!!! I N F U M A B  L E ! ht…"	0	43	https://twitter.com/natanjosue/status/1451018291326160896	False	2188	1073
Thu Oct 21 02:51:16 +0000 2021	pedrorocha22a	"#DebateBsAs 
@vtolosapaz cree que echándole la culpa al Gobierno anterior, va a cambiar lo que la Gente vió de la mala Gestión del Gobierno de @alferdez"	1	0	https://twitter.com/pedrorocha22a/status/1451018218584170497	False	169	2114
Thu Oct 21 02:51:09 +0000 2021	novoasantiago	"El debate lo vi de a ratos y cada vez que volvía estaban Santilli y Tolosa Paz repitiendo lo mismo una y otra vez, una y otra vez
😴😴😴😴😴

#DebateBuenosAires #Debateprovincia #DebateBsAs"	2	0	https://twitter.com/novoasantiago/status/1451018189744246788	False	239	757
Thu Oct 21 02:50:54 +0000 2021	AgustinDm	"""Una provincia que genera trabajo..' tira Tolosa Paz. Claro, la gente se está muriendo de hambre y está pidiendo trabajo y vos suponés que generan, estás loca, no? #DebateBsAs"	0	0	https://twitter.com/AgustinDm/status/1451018125906939905	False	683	947
Thu Oct 21 02:50:54 +0000 2021	ariperezbarrio	"Muy lúcida Tolosa Paz, muy picante Del Caño, Espert violencia Rivas, Santilli muy almidonado, Hotton poco clara y Randazzo un cura moredador
#DebateBsAs 
#debate"	1	0	https://twitter.com/ariperezbarrio/status/1451018125487472644	False	2791	1805
Thu Oct 21 02:50:50 +0000 2021	AgenteSmart	"RT @Anonymou5____: Quien está ganando el debate?
Sean sinceros más allá del favoritismo
Se agradece el RT y la compartida
#DebateBsAs #Deba…"	0	14	https://twitter.com/AgenteSmart/status/1451018109444255745	False	41	233
Thu Oct 21 02:50:30 +0000 2021	Gabyu03	#DebateBsAs Hija de remil putas !!! No saben hacer  una propuesta !! Mentiras todas mentiras !!	0	0	https://twitter.com/Gabyu03/status/1451018026648686592	False	545	541
Thu Oct 21 02:50:28 +0000 2021	blackaniima	"Lo que está pasando se llama ""comprando votos""
#DebateBsAs"	0	0	https://twitter.com/blackaniima/status/1451018018440429572	False	74	247
Thu Oct 21 02:50:27 +0000 2021	Yohia05	"Está pregunta/ respuesta entre Santilli y Tolosa Paz está más armado ( y coucheado) que no se que. Lo arreglaron atrás de cámara?🙃
#DebateBsAs"	5	0	https://twitter.com/Yohia05/status/1451018014288011270	False	560	1189
Thu Oct 21 02:50:25 +0000 2021	MrWalterKovacs	"#EsConEspert #DebateBsAs @vtolosapaz: ""No volvamos al pasado""

@RobertoFeletti: https://t.co/v2GpZZRy8t"	0	0	https://twitter.com/MrWalterKovacs/status/1451018006251769861	False	484	2438
Thu Oct 21 02:50:14 +0000 2021	PredazziOscar	RT @jlzorzi: Derrota Golosa Paz es la Cheta de Juana Molina, habla de la provincia y vive en Puerto Madero con Albistur que le “prestaba” e…	0	17	https://twitter.com/PredazziOscar/status/1451017958893965313	False	386	1150
Thu Oct 21 02:50:12 +0000 2021	gradepacheco	RT @DANYD8: #DebateBsAs sin carisma el único que da propuestas claras es #Santilli @diegosantilli el resto chusmas de feria FIN	0	33	https://twitter.com/gradepacheco/status/1451017950232780803	False	2017	2784
Thu Oct 21 02:50:09 +0000 2021	zanfinif	"#DebateBsAs #DebateBuenosAires #Espert #DelCaño
Espert a Del Caño:
Puede ser que cada vez que hablo yo te prendés? https://t.co/zQuX3RCvFS"	0	0	https://twitter.com/zanfinif/status/1451017936219475970	False	193	770
Thu Oct 21 02:49:57 +0000 2021	TeresitaFerrara	"RT @DANYD8: #DebateBsAs Propuestas de Derrota Paz ah pero Macri ! 
Ah pero Macri ! Ah pero Macri!
Ah pero Macri!!!! I N F U M A B  L E ! ht…"	0	43	https://twitter.com/TeresitaFerrara/status/1451017886844301312	False	80	19
Thu Oct 21 02:49:34 +0000 2021	ArmandoCorallo	RT @DANYD8: #DebateBsAs sin carisma el único que da propuestas claras es #Santilli @diegosantilli el resto chusmas de feria FIN	0	33	https://twitter.com/ArmandoCorallo/status/1451017788559028226	False	3134	3938
Thu Oct 21 02:49:23 +0000 2021	blackaniima	"TOLOSA PAZ Y LA PUTA QUE TE PARIO
#DebateBuenosAires #DebateBsAs"	0	0	https://twitter.com/blackaniima/status/1451017744334217223	False	74	247
Thu Oct 21 02:49:22 +0000 2021	Gabyu03	#DebateBsAs Jajajaja @vtolosapaz La que habla del pasado sos vos!! Jajajaja das  verguenza ajena!!	1	0	https://twitter.com/Gabyu03/status/1451017740546834433	False	545	541
Thu Oct 21 02:49:21 +0000 2021	guillermopicota	"RT @pormifuturo1: Derrota paz hablando de no hacer oportunismo político con la pandemia????? 

Danos una explicación NO política de por qué…"	0	46	https://twitter.com/guillermopicota/status/1451017737854230534	False	61	395
Thu Oct 21 02:49:17 +0000 2021	5_mentar	A ver si los asesores de @CynthiaHotton la asesoran. Pobre, no tiene idea, ella puede ser creyente y es respetable, pero le tenes que hablar a todo el pueblo! #DebateTN #DebateBsAs #Debateprovincia	0	0	https://twitter.com/5_mentar/status/1451017719730503680	False	50	229
Thu Oct 21 02:49:10 +0000 2021	Sergio46323250	"RT @MJMendezCasarie: #EsConEspert Liberales Libertarios a los hechos!
#DebateBsAs https://t.co/F5vXEThvhS"	0	8	https://twitter.com/Sergio46323250/status/1451017690441609217	False	236	680
Thu Oct 21 02:48:59 +0000 2021	hernaninsfran	RT @zurdoinutil: Menos mal que fue a la pausa, me estaba meando! #DebateBsAs #Debateprovincia	0	6	https://twitter.com/hernaninsfran/status/1451017642882617345	False	299	340
Thu Oct 21 02:48:59 +0000 2021	JosuMiranda45	"Alguien más tiene la sensación de que el pais se está yendo a la mierda y a los candidatos les chupa un huevo? 
#DebateBsAs #Debateprovincia #DebateBuenosAires"	3	0	https://twitter.com/JosuMiranda45/status/1451017642135855105	False	55	250
Thu Oct 21 02:48:51 +0000 2021	emigliazzo	#DebateBsAs Resulta extraño que prácticamente no se haya nombrado durante el debate a @CFKArgentina ni por parte de los opositores para sumar votos ni de parte de la candidata oficialista para sumarlos.	0	0	https://twitter.com/emigliazzo/status/1451017610070401029	False	742	456
Thu Oct 21 02:48:40 +0000 2021	guilledaniels	Santilli a tolosa pas jajajaj está más armado que la re puta madre #DebateBsAs	0	0	https://twitter.com/guilledaniels/status/1451017562683281410	False	210	148
Thu Oct 21 02:48:39 +0000 2021	hectoranibal014	"RT @LautaReynafe: Resumen del #DebateBsAs 

@vtolosapaz : Ah pero Macri
@diegosantilli: intentando defenderse
@CynthiaHotton: recién salida…"	0	4	https://twitter.com/hectoranibal014/status/1451017558207905803	False	139	564
Thu Oct 21 02:48:35 +0000 2021	elenamonzon4	RT @DANYD8: #DebateBsAs sin carisma el único que da propuestas claras es #Santilli @diegosantilli el resto chusmas de feria FIN	0	33	https://twitter.com/elenamonzon4/status/1451017541380448257	False	1564	1198
Thu Oct 21 02:48:29 +0000 2021	ardedor	"RT @Anonymou5____: Quien está quedando mal en el debate? Se agradece el RT y la compartida
#debate #DebateBsAs #Debateprovincia"	0	9	https://twitter.com/ardedor/status/1451017515996307458	False	213	123
Thu Oct 21 02:48:12 +0000 2021	Leo_Piaggio	"Llamen a la China para que le separe los labios a Golosa, no se le entiende nada... 🤐
#DebateBsAs https://t.co/PmCY86NVr6"	0	0	https://twitter.com/Leo_Piaggio/status/1451017447423688711	False	185	452
Thu Oct 21 02:48:02 +0000 2021	ardedor	"RT @Anonymou5____: Quien está ganando el debate?
Sean sinceros más allá del favoritismo
Se agradece el RT y la compartida
#DebateBsAs #Deba…"	0	14	https://twitter.com/ardedor/status/1451017404314648580	False	213	123
Thu Oct 21 02:47:56 +0000 2021	Anonymou5____	"Quien está quedando mal en el debate? Se agradece el RT y la compartida
#debate #DebateBsAs #Debateprovincia"	4	9	https://twitter.com/Anonymou5____/status/1451017378632851459	False	369	487
Thu Oct 21 02:47:55 +0000 2021	JuezyParteOk	RT @jlzorzi: Derrota Golosa Paz es la Cheta de Juana Molina, habla de la provincia y vive en Puerto Madero con Albistur que le “prestaba” e…	0	17	https://twitter.com/JuezyParteOk/status/1451017375344640001	False	31	111
Thu Oct 21 02:47:51 +0000 2021	leandroradioOK	"#DebateBsAs 
#DebateBuenosAires
Tolosa Paz
Espert
Macri
#LaIzquierdaAlCongreso 
Derrota Paz
#EsConEspert
Facundo Castro 
Del Caño Del Ñoca
Santilli
Inexperta 
Se armó"	0	0	https://twitter.com/leandroradioOK/status/1451017357682348035	False	1997	1867
Thu Oct 21 02:47:47 +0000 2021	masazuleslaluz	"RT @DANYD8: #DebateBsAs Propuestas de Derrota Paz ah pero Macri ! 
Ah pero Macri ! Ah pero Macri!
Ah pero Macri!!!! I N F U M A B  L E ! ht…"	0	43	https://twitter.com/masazuleslaluz/status/1451017340078878721	False	66	99
Thu Oct 21 02:47:36 +0000 2021	r1ch4rd_Newells	Que baile le está pegando el pelado @jlespert #DebateBsAs #EspertPresidente	1	0	https://twitter.com/r1ch4rd_Newells/status/1451017297036857352	False	63	1466
Thu Oct 21 02:47:32 +0000 2021	Gabyu03	#DebateBsAs Derrota paz hablando solo de Macri!! Mamitaaaaa Ni una propuesta hizo...NI UNA	3	0	https://twitter.com/Gabyu03/status/1451017279739625474	False	545	541
Thu Oct 21 02:47:26 +0000 2021	masazuleslaluz	"RT @auramol: Derrota Paz vestida de pobre con poco  maquillaje repitiendo 12 millones de vacunados y  Macri  Macri 
Parece una persona aluc…"	0	2	https://twitter.com/masazuleslaluz/status/1451017252317261832	False	66	99
Thu Oct 21 02:47:25 +0000 2021	LautaReynafe	"Resumen del #DebateBsAs 

@vtolosapaz : Ah pero Macri
@diegosantilli: intentando defenderse
@CynthiaHotton: recién salida del rodaje de El Reino
@NicolasdelCano: en Narnia
@jlespert: Esperando que Tolosa Paz diga como le van a pagar al FMI
@RandazzoF: fue?"	6	4	https://twitter.com/LautaReynafe/status/1451017251176419332	False	294	144
Thu Oct 21 02:47:20 +0000 2021	LaBandaPindonga	RT @zurdoinutil: Menos mal que fue a la pausa, me estaba meando! #DebateBsAs #Debateprovincia	0	6	https://twitter.com/LaBandaPindonga/status/1451017226291646470	False	18326	11786
Thu Oct 21 02:47:13 +0000 2021	gabollorente	@eldipypapaok @PatoBullrich Tenés una con @jlespert ..., Que esta noche está robando en #DebateTN #DebateBsAs	0	0	https://twitter.com/gabollorente/status/1451017201012543490	False	16	289
Thu Oct 21 02:47:12 +0000 2021	JazminesRoja	"RT @LautaroJimenezB: Nicolás del Caño recordando que #La7722NoSeToca y la fuerza del pueblo en las calles derrotó la #Megaminería 
#LaIzqui…"	0	15	https://twitter.com/JazminesRoja/status/1451017196822487042	False	1261	612
Thu Oct 21 02:47:12 +0000 2021	RoberTwitteando	"RT @MariaVe51879462: Escuchaste Derrota Paz?? Punto a favor para Espert que te hablo como TUGO manejo la pandemia !!!
#DebateBsAs 
#Derrota…"	0	13	https://twitter.com/RoberTwitteando/status/1451017193907363848	False	326	860
Thu Oct 21 02:47:07 +0000 2021	maxcamusso	Para vos quien suma más en el debate? #DebateBsAs	0	0	https://twitter.com/maxcamusso/status/1451017173258756097	False	323	1256
Thu Oct 21 02:47:04 +0000 2021	Lokamalaok	Me parece a mi a Tolosa Paz no la acompañaron ni sus compañeros de lista?  #DebateBsAs	1	0	https://twitter.com/Lokamalaok/status/1451017160827023365	False	35	123
Thu Oct 21 02:46:57 +0000 2021	DANYD8	"#DebateBsAs Propuestas de Derrota Paz ah pero Macri ! 
Ah pero Macri ! Ah pero Macri!
Ah pero Macri!!!! I N F U M A B  L E ! https://t.co/mM0AHpH2Os"	104	43	https://twitter.com/DANYD8/status/1451017133857689601	False	25690	17607
Thu Oct 21 02:46:50 +0000 2021	Caipira51	"RT @Caipira51: YO VOTO #Juntos 
#Basta al #PeorGobiernoDeLaHistoria y a la impunidad de la chorra.
#EleccionesArgentina 
#DebateBsAs #Debat…"	0	3	https://twitter.com/Caipira51/status/1451017104270905346	False	3101	3700
Thu Oct 21 02:46:43 +0000 2021	oleajeperpetuo	"Del Caño ve a todes iguales, PERO

cuando llegan elecciones, ese sector de la izquierda suplica al kirchnerismo que corten boleta por Bregman.

Sontodolomesmo hasta que llega la hora de la verdad. 
#DebateBsAs
#DebateBuenosAires
Victoria Tolosa Paz
#FrenteDeTodos https://t.co/7fM0dEqpxe"	2	2	https://twitter.com/oleajeperpetuo/status/1451017074298425344	False	4406	3837
Thu Oct 21 02:46:35 +0000 2021	scouselo06	#JuntosHayEquipo @diegosantilli “Solo vamos a salir adelante si recuperamos nuestra identidad: la de aprender, la de trabajar y vivir en paz” #DebateBsAs #Debateprovincia #DebateBuenosAires	1	0	https://twitter.com/scouselo06/status/1451017041272446978	False	262	2896
Thu Oct 21 02:46:33 +0000 2021	pvcanelo	Todos los asesores que suben a couchear a lxs candidatxs en las pausas son hombres? 🤔 #DebateBsAs	14	1	https://twitter.com/pvcanelo/status/1451017030002364419	False	13728	1824
Thu Oct 21 02:46:27 +0000 2021	Anonymou5____	"Quien está ganando el debate?
Sean sinceros más allá del favoritismo
Se agradece el RT y la compartida
#DebateBsAs #Debateprovincia #debate"	11	14	https://twitter.com/Anonymou5____/status/1451017008066097153	False	369	487
Thu Oct 21 02:46:13 +0000 2021	soychivilcoyano	"A llevarse la marca. 
Seamos más vivos! ✌🏽
#DebateBsAs 
 (@alferdezprensa el debate tiene que ser organizado por el gobierno en la @UBAonline, le da la pelota a ellos sino)"	0	0	https://twitter.com/soychivilcoyano/status/1451016948871938048	False	255	340
Thu Oct 21 02:46:10 +0000 2021	volveremos2123	RT @DANYD8: #DebateBsAs sin carisma el único que da propuestas claras es #Santilli @diegosantilli el resto chusmas de feria FIN	0	33	https://twitter.com/volveremos2123/status/1451016934472908804	False	3640	4967
Thu Oct 21 02:46:09 +0000 2021	adriansubelza	Las caras de @jlespert fue lo mejor del #DebateBsAs https://t.co/kyoRskKSro	9	0	https://twitter.com/adriansubelza/status/1451016931725643777	False	9264	145
Thu Oct 21 02:46:02 +0000 2021	Thinkingboy01	"El único que presentó un proyecto económico en concreto fué Espert, el resto sarasa, así de simple. 
#DebateBsAs"	0	0	https://twitter.com/Thinkingboy01/status/1451016900591292419	False	65	866
Thu Oct 21 02:45:56 +0000 2021	mareco2014	"DE QUE SE RÍEN TODOS LOS QUE ESTÁN  en el DEBATE (politicos millonarios y periodi$tas) #DebateBuenosAires #DebateBsAs
con más de la MITA del País empobrecido , quebrado , estafado , ignorante , con más 120.000 mil muertos . Sin Pfizer"	0	0	https://twitter.com/mareco2014/status/1451016876557946883	False	3800	4849
Thu Oct 21 02:45:53 +0000 2021	mariabelli581	RT @zurdoinutil: Para mi todo tiene que ser gratis #DebateBsAs	0	20	https://twitter.com/mariabelli581/status/1451016863777898500	False	1086	1225
Thu Oct 21 02:45:49 +0000 2021	jlzorzi	"Derrota Golosa Paz es la Cheta de Juana Molina, habla de la provincia y vive en Puerto Madero con Albistur que le “prestaba” el piso al Presidente y que recibe pautas para su agencia en forma directa. Creo que si Perón resucitará y ve este engendró se vuelve a morir
#DebateBsAs https://t.co/p1Q4PuM5jv"	34	17	https://twitter.com/jlzorzi/status/1451016845507452930	False	12273	784
Thu Oct 21 02:45:45 +0000 2021	PRS_710	La desconexión con la realidad que tienen todos #DebateBsAs https://t.co/RqJHx8ZASW	0	0	https://twitter.com/PRS_710/status/1451016830840020998	False	252	2030
Thu Oct 21 02:45:39 +0000 2021	MicaBlancoMinol	"RT @LautaroJimenezB: Nicolás del Caño recordando que #La7722NoSeToca y la fuerza del pueblo en las calles derrotó la #Megaminería 
#LaIzqui…"	0	15	https://twitter.com/MicaBlancoMinol/status/1451016806030667776	False	565	625
Thu Oct 21 02:45:38 +0000 2021	SaiBotG10	RT @gustaabaez: La próxima anda vestido @jlespert #DebateBsAs	0	1	https://twitter.com/SaiBotG10/status/1451016801815461888	False	21	140
Thu Oct 21 02:45:33 +0000 2021	CallMeWF	Crece la imagen positiva de @mauriciomacri Gracias a @vtolosapaz #DebateBsAs #Debateprovincia #debate https://t.co/0WGXnNoWUq	0	0	https://twitter.com/CallMeWF/status/1451016781464670211	False	451	709
Thu Oct 21 02:45:32 +0000 2021	AndreaSoniaRin1	"RT @fjosefina94: Que poca coherencia tenés @vtolosapaz 
Decís que la cuarentena más larga del mundo ya pasó,Pero los 4 años  de Macri no.
E…"	0	1	https://twitter.com/AndreaSoniaRin1/status/1451016776049909770	False	788	813
Thu Oct 21 02:45:30 +0000 2021	TeresitaFerrara	RT @MarceTanaYQue: Derrota Paz en #DebateBsAs 👇🏼 https://t.co/gU6foweZn6	0	15	https://twitter.com/TeresitaFerrara/status/1451016768810590210	False	80	19
Thu Oct 21 02:45:30 +0000 2021	psurtubi	"Me tienen Harto, Tolosa Paz y Santilli.
Por qué no le arman un Debate para ellos y listo ?
#DebateBsAs 
#DebateBuenosAires 
@adosvoces_tn"	0	0	https://twitter.com/psurtubi/status/1451016766403006465	False	16962	18227
Thu Oct 21 02:45:26 +0000 2021	novoasantiago	"Por asentimos y expresión coropral, en las próximas elecciones @CynthiaHotton vota a @RandazzoF

#DebateCapital #DebateBuenosAires #DebateBsAs #Debateprovincia 
@randazzo_va"	5	2	https://twitter.com/novoasantiago/status/1451016751769083904	False	239	757
Thu Oct 21 02:45:24 +0000 2021	axelescobar6	Y las propuestas? Es una lástima que no se aproveche estos “debates” para que puedan mostrar sus ideas/proyecto. Como no tienen nada de eso, tienen que atacarse para diferenciarse #DebateBsAs	1	0	https://twitter.com/axelescobar6/status/1451016741908189184	False	711	536
Thu Oct 21 02:45:20 +0000 2021	Yhizus10	"Nací y vivo desde ese momento en el conurba . No me hace falta un #DebateBsAs para saber quién y quiénes son los que la tienen estancada ,corrijo , peor en todos los sentidos que se te ocurran . 
Lo pateo todos los días . No me la cuenta nadie."	5	0	https://twitter.com/Yhizus10/status/1451016726712254472	False	12142	189
Thu Oct 21 02:45:13 +0000 2021	AbejitaReina80	#DebateBsAs Somos todos Espert jaa que malambo le esta dando a Derrota Paz me meeoo de la risa. 🤣🤣🤣	2	1	https://twitter.com/AbejitaReina80/status/1451016696869781509	False	84	213
Thu Oct 21 02:45:05 +0000 2021	piluli1709	"Randazo esta como macri, no sabe cuanto cobra un jubilado 
La inflación con macri era del 40% y 10 de indígencia y sin pandemia $29.300 cobra un jubilado con la mínima bestia. ¿Para qué carajo queres ir al congreso @RandazzoF?Sos un traidor, fracasado.  #DebateBsAs @vtolosapaz 👏"	0	0	https://twitter.com/piluli1709/status/1451016662761672712	False	2603	2545
Thu Oct 21 02:44:56 +0000 2021	Mar__Cielo__	RT @zurdoinutil: Para mi todo tiene que ser gratis #DebateBsAs	0	20	https://twitter.com/Mar__Cielo__/status/1451016622521524224	False	4779	4450
Thu Oct 21 02:44:52 +0000 2021	Edith_6911	"RT @pormifuturo1: Derrota paz hablando de no hacer oportunismo político con la pandemia????? 

Danos una explicación NO política de por qué…"	0	46	https://twitter.com/Edith_6911/status/1451016606377594881	False	442	1293
Thu Oct 21 02:44:50 +0000 2021	Oscarrevistas68	Vocación de servicio intermitente la de Randazzo, solo aparece en años electorales #DebateBsAs	0	0	https://twitter.com/Oscarrevistas68/status/1451016597288722434	False	4760	4825
Thu Oct 21 02:44:42 +0000 2021	nacienel75	RT @zurdoinutil: Menos mal que fue a la pausa, me estaba meando! #DebateBsAs #Debateprovincia	0	6	https://twitter.com/nacienel75/status/1451016566099873798	False	1219	1589
Thu Oct 21 02:44:33 +0000 2021	lulyrock_ok	De que carajo se ríe DERROTA PAZ? @vtolosapaz en el #DebateBsAs	1	1	https://twitter.com/lulyrock_ok/status/1451016527264686084	False	12	144
Thu Oct 21 02:44:30 +0000 2021	Mar__Cielo__	RT @zurdoinutil: Menos mal que fue a la pausa, me estaba meando! #DebateBsAs #Debateprovincia	0	6	https://twitter.com/Mar__Cielo__/status/1451016515768049664	False	4779	4450
Thu Oct 21 02:44:26 +0000 2021	reginaforever10	RT @zurdoinutil: Menos mal que fue a la pausa, me estaba meando! #DebateBsAs #Debateprovincia	0	6	https://twitter.com/reginaforever10/status/1451016498902757377	False	542	967
Thu Oct 21 02:44:25 +0000 2021	Robville43	"RT @decia_no: ELEGI AL GANADOR / A QUIEN VAS A VOTAR / QUIEN TE GUSTO MAS / QUIEN TE REPRESENTA MAS
#DebateBuenosAires #DebateBsAs #Debatep…"	0	1	https://twitter.com/Robville43/status/1451016495048257539	False	1526	3538
Thu Oct 21 02:44:20 +0000 2021	CallMeWF	El amor imposible de @vtolosapaz  #DebateBsAs #Debateprovincia #debate https://t.co/VIR7vEzHG0	1	0	https://twitter.com/CallMeWF/status/1451016475389480965	False	451	709
Thu Oct 21 02:44:19 +0000 2021	Carlosanchez_99	"Pará un poco @jlespert 
#DebateBsAs #Debateprovincia #DebateTN https://t.co/YWEnpARPyI"	11	1	https://twitter.com/Carlosanchez_99/status/1451016469492338694	False	93	118
Thu Oct 21 02:44:16 +0000 2021	Matias27489072	#DebateBsAs te lo canto Tolosa Paz a Santilli - Santilli a Tolosa Paz, del caño a Espert y Espert a todos, Cynthia a Randazzo a Randazzo le quedan dos opciones Del Caño o Cynthia, elige a Del caño por qué con Cynthia está todo bien.	0	0	https://twitter.com/Matias27489072/status/1451016458234777602	False	0	0
Thu Oct 21 02:44:07 +0000 2021	grcerrutti	Lo mejor del debate y LA PURA VERDAD #DebateBsAs https://t.co/LgJno6ReSI	1	1	https://twitter.com/grcerrutti/status/1451016418619654146	False	1416	892
Thu Oct 21 02:44:07 +0000 2021	Kali_De_Nadie	Para mi que Tolosa tan empastillada no se entero que el debate ya empezó. Está más lenta que discurso de Wado. #DebateBsAs	0	0	https://twitter.com/Kali_De_Nadie/status/1451016417051037704	False	1105	1387
Thu Oct 21 02:43:59 +0000 2021	ItifonnnJommm	@diegosantilli pone huevos que te hacemos el aguante, pero ponelos!!! #DebateBsAs https://t.co/aTBtH7A0A4	1	0	https://twitter.com/ItifonnnJommm/status/1451016384335384578	False	48	397
Thu Oct 21 02:43:57 +0000 2021	psurtubi	"Menos @jlespert y @CynthiaHotton 
Todos los Parásitos son culpables de la Destrucción del País.
#DebateBsAs 
#DebateBuenosAires"	0	0	https://twitter.com/psurtubi/status/1451016377473589249	False	16962	18227
Thu Oct 21 02:43:52 +0000 2021	NoemiZunini	RT @jorgecorchomat: #DerrotaPaz y dale con #Vidal No podes explicar las ordenes de detenciones de tu #Jefa el voto en la @ONU_es a favor de…	0	23	https://twitter.com/NoemiZunini/status/1451016355176542209	False	611	617
Thu Oct 21 02:43:50 +0000 2021	mariaelena892	#DebateBsAs #SeVan sin duda. A resistir. Pudimos y vamos a poder.	1	1	https://twitter.com/mariaelena892/status/1451016345840091144	False	7249	7955
Thu Oct 21 02:43:48 +0000 2021	Guerrero7211	"RT @Caipira51: YO VOTO #Juntos 
#Basta al #PeorGobiernoDeLaHistoria y a la impunidad de la chorra.
#EleccionesArgentina 
#DebateBsAs #Debat…"	0	3	https://twitter.com/Guerrero7211/status/1451016339385044992	False	204	297
Thu Oct 21 02:43:48 +0000 2021	tomatesverdesf5	"RT @Caipira51: YO VOTO #Juntos 
#Basta al #PeorGobiernoDeLaHistoria y a la impunidad de la chorra.
#EleccionesArgentina 
#DebateBsAs #Debat…"	0	3	https://twitter.com/tomatesverdesf5/status/1451016339368284161	False	427	946
Thu Oct 21 02:43:47 +0000 2021	clau_1605	"RT @pormifuturo1: Derrota paz hablando de no hacer oportunismo político con la pandemia????? 

Danos una explicación NO política de por qué…"	0	46	https://twitter.com/clau_1605/status/1451016333232152577	False	10	169
Thu Oct 21 02:43:44 +0000 2021	Luke_White79	@jlespert hoy en el #DebateBsAs #Debateprovincia #Espert https://t.co/mEmcQSFVAe	0	0	https://twitter.com/Luke_White79/status/1451016321726963717	False	250	732
Thu Oct 21 02:43:39 +0000 2021	leojavi2	"RT @MariaVe51879462: Escuchaste Derrota Paz?? Punto a favor para Espert que te hablo como TUGO manejo la pandemia !!!
#DebateBsAs 
#Derrota…"	0	13	https://twitter.com/leojavi2/status/1451016300797390849	False	2031	5004
Thu Oct 21 02:43:32 +0000 2021	MARTAAZULGRANA	"RT @pormifuturo1: Derrota paz hablando de no hacer oportunismo político con la pandemia????? 

Danos una explicación NO política de por qué…"	0	46	https://twitter.com/MARTAAZULGRANA/status/1451016272301412361	False	130	210
Thu Oct 21 02:43:32 +0000 2021	RoxyMdpTurkish	"RT @pormifuturo1: Derrota paz hablando de no hacer oportunismo político con la pandemia????? 

Danos una explicación NO política de por qué…"	0	46	https://twitter.com/RoxyMdpTurkish/status/1451016270418255884	False	1559	2877
Thu Oct 21 02:43:31 +0000 2021	AlmaFuerte40	"https://t.co/uihO6hqYoF Acá los tenes!!! #DebateBsAs 
Solo quieren un pais pobre con argentinos y argentinas sumisxs y esclavxs."	0	0	https://twitter.com/AlmaFuerte40/status/1451016266014072840	False	2927	1990
Thu Oct 21 02:43:22 +0000 2021	OlgaroOlga	"RT @PaKCar1975: Cómo será de INOPERANTE que ni siquiera Cristina la quiere.
#derrotaPaz
#DebateBsAs"	0	3	https://twitter.com/OlgaroOlga/status/1451016231348211714	False	356	544
Thu Oct 21 02:43:19 +0000 2021	SaiBotG10	RT @cplamsarmiento: @jlespert se pasea desnudo en el debate, no lo pueden parar jaja! La mini Cristina con una cara de piedra defendiendo l…	0	1	https://twitter.com/SaiBotG10/status/1451016215749558272	False	21	140
Thu Oct 21 02:43:16 +0000 2021	negro_robot	RT @FPisso: Inserten memes del debate acá. Gracias #DebateBsAs	0	3	https://twitter.com/negro_robot/status/1451016203531472896	False	20	76
Thu Oct 21 02:43:14 +0000 2021	AgustinFourquet	"RT @auramol: Derrota Paz vestida de pobre con poco  maquillaje repitiendo 12 millones de vacunados y  Macri  Macri 
Parece una persona aluc…"	0	2	https://twitter.com/AgustinFourquet/status/1451016194694082560	False	170	466
Thu Oct 21 02:43:06 +0000 2021	LIRoss00	RT @DANYD8: #DebateBsAs sin carisma el único que da propuestas claras es #Santilli @diegosantilli el resto chusmas de feria FIN	0	33	https://twitter.com/LIRoss00/status/1451016161353551881	False	3774	5002
Thu Oct 21 02:43:04 +0000 2021	leojavi2	RT @zurdoinutil: Más y mejores! #DebateBsAs	0	3	https://twitter.com/leojavi2/status/1451016154714042372	False	2031	5004
Thu Oct 21 02:43:03 +0000 2021	AndresFabianTKD	RT @FPisso: Inserten memes del debate acá. Gracias #DebateBsAs	0	3	https://twitter.com/AndresFabianTKD/status/1451016152478633985	False	43	130
Thu Oct 21 02:43:02 +0000 2021	El_Salmon_ARG	"CONFIRMAMOS:

ESPERT ES EL MEJOR ORADOR EN DEBATES DE LA HISTORIA ARGENTINA

#EsConEspert
#AvanzaLibertad
#DebateBsAs https://t.co/Nstad2l5Dr"	0	0	https://twitter.com/El_Salmon_ARG/status/1451016145599750149	False	283	565
Thu Oct 21 02:43:00 +0000 2021	StellaM605	Lean,los k se robaron un PBI,pero..#AhPeroMacri #14NFindelKirchnerismo #14NSacamosLaBasura #14NVotoUnNuevoPais #SeVan #DebateBsAs https://t.co/ZUOGZE0d8I	3	1	https://twitter.com/StellaM605/status/1451016138876325890	False	3850	3870
Thu Oct 21 02:42:57 +0000 2021	Delvis_CM	RT @MarceTanaYQue: Derrota Paz en #DebateBsAs 👇🏼 https://t.co/gU6foweZn6	0	15	https://twitter.com/Delvis_CM/status/1451016127157465090	False	8050	6777
Thu Oct 21 02:42:54 +0000 2021	TeresitaFerrara	"RT @pormifuturo1: Derrota paz hablando de no hacer oportunismo político con la pandemia????? 

Danos una explicación NO política de por qué…"	0	46	https://twitter.com/TeresitaFerrara/status/1451016112297189376	False	80	19
Thu Oct 21 02:42:53 +0000 2021	ToniFanara	"Espert castigando por la pobreza histórica y todos los males a los partidos gobernantes.

Si, el mismo Espert que hace unos días reputeó a organizaciones sociales que marchaban en la 9 de Julio en la cara.

#DebateBsAs"	1	0	https://twitter.com/ToniFanara/status/1451016107704262659	False	830	2545
Thu Oct 21 02:42:50 +0000 2021	AlarciaAndres	#DebateBsAs muy soberbia Toloza Paz y no asume los 100 mil muertos de su responsabilidad en pandemia #COVID19 #Espert el más sólido	0	0	https://twitter.com/AlarciaAndres/status/1451016094806732800	False	4897	2495
Thu Oct 21 02:42:49 +0000 2021	cplamsarmiento	@jlespert se pasea desnudo en el debate, no lo pueden parar jaja! La mini Cristina con una cara de piedra defendiendo lo indefendible #DebateBsAs	1	1	https://twitter.com/cplamsarmiento/status/1451016090008502279	False	118	281
Thu Oct 21 02:42:46 +0000 2021	maurocardamone	Hasta cuando van a vivir del pueblo? Manga de ratas! Se pelean x la guita no por nosotros, forros #DebateBsAs	1	0	https://twitter.com/maurocardamone/status/1451016077735907333	False	1804	3639
Thu Oct 21 02:42:43 +0000 2021	gustaabaez	La próxima anda vestido @jlespert #DebateBsAs	2	1	https://twitter.com/gustaabaez/status/1451016066310623234	False	100	150
Thu Oct 21 02:42:43 +0000 2021	LasLentesSonP	"Santili es impresentable , Tolosa Paz es impresentable , y votan juntos luego Esper es peligroso, Randazo un  cachivache.
El único claranente con dignidad en el estudio se llama Nicolas del Caño del cual varios de los genios de esta red se burlan
#DebateBsAs"	2	0	https://twitter.com/LasLentesSonP/status/1451016064830033923	False	2234	277
Thu Oct 21 02:42:41 +0000 2021	MathiArnonii	Randazzo en el #DebateBsAs https://t.co/bbJrcjdcFg	0	0	https://twitter.com/MathiArnonii/status/1451016058349838346	False	324	323
Thu Oct 21 02:42:39 +0000 2021	DebbieLazarte	"RT @BalbuenaDavEze: ""Basta de imposición en ideología de género. Con los chicos no se metan"" #CynthiaHotton #DebateBsAs #HottonenTN https:/…"	0	12	https://twitter.com/DebbieLazarte/status/1451016050762518535	False	267	340
Thu Oct 21 02:42:31 +0000 2021	Mathiuo12	RT @jorgecorchomat: #DerrotaPaz y dale con #Vidal No podes explicar las ordenes de detenciones de tu #Jefa el voto en la @ONU_es a favor de…	0	23	https://twitter.com/Mathiuo12/status/1451016016301940737	False	13250	14467
Thu Oct 21 02:42:31 +0000 2021	EleonoraUrrutia	@tipitoenojado Lo mejor que tiene es su cirujano plástico #tolosapaz #DebateBsAs	1	0	https://twitter.com/EleonoraUrrutia/status/1451016015802867712	False	735	531
Thu Oct 21 02:42:28 +0000 2021	Susanita_State	#DebateBsAs #Randazzo el único que hablo de los trabajadores del Estado que estamos por debajo de la canasta básica	0	0	https://twitter.com/Susanita_State/status/1451016003060523010	False	28	74
Thu Oct 21 02:42:27 +0000 2021	lujanveronicag	"RT @pormifuturo1: Derrota paz hablando de no hacer oportunismo político con la pandemia????? 

Danos una explicación NO política de por qué…"	0	46	https://twitter.com/lujanveronicag/status/1451015997977026566	False	2705	4609
Thu Oct 21 02:42:26 +0000 2021	chabela110	"RT @pormifuturo1: Derrota paz hablando de no hacer oportunismo político con la pandemia????? 

Danos una explicación NO política de por qué…"	0	46	https://twitter.com/chabela110/status/1451015993266954242	False	1411	1333
Thu Oct 21 02:42:25 +0000 2021	alevero121	#DebateBsAs aburridisimo..........me duermo	0	0	https://twitter.com/alevero121/status/1451015992360853505	False	2502	2797
Thu Oct 21 02:42:25 +0000 2021	zurdoinutil	Menos mal que fue a la pausa, me estaba meando! #DebateBsAs #Debateprovincia	72	6	https://twitter.com/zurdoinutil/status/1451015991459123202	False	21548	21254
Thu Oct 21 02:42:18 +0000 2021	Pachecoenmarcha	"Santilli, Spert y Randazzo son Frankestein, Drácula y El hombre lobo? ¿Y Tolosa Paz y Del caño La mujer maravilla y Robin? 
¡Con Cynthia Hotton se me quemaron todos los papeles! Ahí ya no encuentro palabras...
#DebateBsAs en #TN https://t.co/58TuG7JW7H"	1	0	https://twitter.com/Pachecoenmarcha/status/1451015960274501637	False	2065	2416
Thu Oct 21 02:42:16 +0000 2021	MarquesaVero	Ya me aburrieron #DebateBsAs	0	0	https://twitter.com/MarquesaVero/status/1451015953525850120	False	2325	1173
Thu Oct 21 02:42:16 +0000 2021	LeandroFritzle1	"""Cuarentena de mierda de ustedes""!!! (le mandó Espert...un capo!!!!) #DebateBsAs"	0	0	https://twitter.com/LeandroFritzle1/status/1451015952179466242	False	67	281
Thu Oct 21 02:42:06 +0000 2021	aledespa	@maquialifraco Ganador absoluto @jlespert en el #DebateBsAs 🇦🇷🇦🇷🇦🇷	1	0	https://twitter.com/aledespa/status/1451015912568459267	False	98	299
Thu Oct 21 02:42:03 +0000 2021	TeresitaFerrara	"RT @MariaVe51879462: Escuchaste Derrota Paz?? Punto a favor para Espert que te hablo como TUGO manejo la pandemia !!!
#DebateBsAs 
#Derrota…"	0	13	https://twitter.com/TeresitaFerrara/status/1451015898337263618	False	80	19
Thu Oct 21 02:42:00 +0000 2021	johnrambotron73	Por mi, Santilli podría cagarse en vivo en el #DebateBsAs que lo votaría igual. Solo para ver como explota de rabia el Sapo Oligofrénico de Nancy Pazos cuando se bese arriba del escenario con Maiorana	0	0	https://twitter.com/johnrambotron73/status/1451015886094077957	False	264	929
Thu Oct 21 02:41:58 +0000 2021	busflopy	RT @jorgecorchomat: #DerrotaPaz y dale con #Vidal No podes explicar las ordenes de detenciones de tu #Jefa el voto en la @ONU_es a favor de…	0	23	https://twitter.com/busflopy/status/1451015875851526147	False	119	283
Thu Oct 21 02:41:56 +0000 2021	aleortu	"Estoy viendo el #DebateBsAs .
Tolosa paz empezó con ""Ah, pero Macri"". ¿Otra vez el debate de la semana pasada?"	1	0	https://twitter.com/aleortu/status/1451015869367132168	False	267	779
Thu Oct 21 02:41:47 +0000 2021	anitacrosetti	#DebateBsAs gobernó el peronchisno 30 años... ahhh pero Macri. #tolosapaz das asco	0	0	https://twitter.com/anitacrosetti/status/1451015830171308036	False	14	104
Thu Oct 21 02:41:40 +0000 2021	mbmansini	"Alguien que le alcance una toalla a calaca Espert.

#DebateBsAs"	0	0	https://twitter.com/mbmansini/status/1451015803529097217	False	44	353
Thu Oct 21 02:41:39 +0000 2021	LeonelEzeq	RT @Kali_De_Nadie: Espert a Del Caño: “Puede ser que vos te prendes cuando yo empiezo a hablar?” No puedo mas 😂😂😂😂 #DebateBsAs	0	2	https://twitter.com/LeonelEzeq/status/1451015796361211904	False	302	956
Thu Oct 21 02:41:36 +0000 2021	RobertinoSoy_	"¿A quiénes les sirven los debates electorales?

📺Canales de TV
🗞Periodistas
👥Políticos
🤹🏻‍♂️Analístas políticos
👨🏼‍🎓Politólogos

#DebateBsAs"	0	0	https://twitter.com/RobertinoSoy_/status/1451015785543966720	False	1948	1469
Thu Oct 21 02:41:36 +0000 2021	AlmaFuerte40	#DebateBsAs Randazzo cómplice de que gane Macri en 2015. De que hablas capo!!! Tristeza nos dio cuando no aceptaste ser gobernador de la provincia de Buenos Aires.	0	0	https://twitter.com/AlmaFuerte40/status/1451015784646414342	False	2927	1990
Thu Oct 21 02:41:32 +0000 2021	ElianaBaliani	"RT @MariaVe51879462: Escuchaste Derrota Paz?? Punto a favor para Espert que te hablo como TUGO manejo la pandemia !!!
#DebateBsAs 
#Derrota…"	0	13	https://twitter.com/ElianaBaliani/status/1451015768099938305	False	1918	3262
Thu Oct 21 02:41:32 +0000 2021	auramol	"Derrota Paz vestida de pobre con poco  maquillaje repitiendo 12 millones de vacunados y  Macri  Macri 
Parece una persona alucinando por la calle
#DebateBsAs"	4	2	https://twitter.com/auramol/status/1451015767256752128	False	212	529
Thu Oct 21 02:41:28 +0000 2021	CdorPato	Invotable Santilli… exceso de tibieza #DebateBsAs	1	0	https://twitter.com/CdorPato/status/1451015750676725761	False	112	571
Thu Oct 21 02:41:26 +0000 2021	aldimorales1	"RT @AgustinDm: ""12 millones de vacunados"" dice Tolosa Paz. La gente se está muriendo y vos hablás solamente de la vacunación, ENTENDÉS ????…"	0	1	https://twitter.com/aldimorales1/status/1451015745555496966	False	555	378
Thu Oct 21 02:41:21 +0000 2021	javigordonez	Excelente 😂😂 “Vos te prendes cuando yo arranco a hablar”. @jlespert #DebateBsAs	6	0	https://twitter.com/javigordonez/status/1451015722335969280	False	250	701
Thu Oct 21 02:41:20 +0000 2021	matiassauro	"@jlespert que gran debate 
#DebateBsAs 
💪🏻💪🏻💪🏻💪🏻💪🏻"	1	0	https://twitter.com/matiassauro/status/1451015718804209665	False	39	333
Thu Oct 21 02:41:19 +0000 2021	Caipira51	"YO VOTO #Juntos 
#Basta al #PeorGobiernoDeLaHistoria y a la impunidad de la chorra.
#EleccionesArgentina 
#DebateBsAs #Debateprovincia #debate
#debatebuenosaires"	3	3	https://twitter.com/Caipira51/status/1451015714140147714	False	3101	3700
Thu Oct 21 02:41:18 +0000 2021	nandofried	La Victoria de la sedación. #DebateBsAs	0	0	https://twitter.com/nandofried/status/1451015708519780357	False	553	269
Thu Oct 21 02:41:11 +0000 2021	MalingasBar	"RT @Sami25280250: #DebateBsAs
Junto a nuestra candidata Victoria T.Paz https://t.co/sE9vfYKRuA"	0	13	https://twitter.com/MalingasBar/status/1451015681793683458	False	500	1123
Thu Oct 21 02:41:03 +0000 2021	soleni7	"RT @adrilusi: Derrota Paz
Violenta Paz
Mentirosa Paz
#DebateBsAs
LO QUE REALMENTE ES INSOPORTABLE SON LAS MENTIRAS QUE DICEN LOS KK..
OJO C…"	0	10	https://twitter.com/soleni7/status/1451015645869477895	False	260	80
Thu Oct 21 02:41:00 +0000 2021	jorgecorchomat	RT @jorgecorchomat: #DerrotaPaz y dale con #Vidal No podes explicar las ordenes de detenciones de tu #Jefa el voto en la @ONU_es a favor de…	0	23	https://twitter.com/jorgecorchomat/status/1451015633047482368	False	58326	57074
Thu Oct 21 02:40:57 +0000 2021	SantiDellOrto	"Análisis #DebateBsAs 
Randazzo: no existe
Del Caño: consumió quien sabe que para hablar burradas 
Hotton: parece que no estudio para el examen y la guitarrea
Santilli: no sabe dónde está parado 
Tolosa Paz: ah pero Macri 
Espert: Rey de los debates"	1	0	https://twitter.com/SantiDellOrto/status/1451015620221308929	False	415	473
Thu Oct 21 02:40:54 +0000 2021	JDZerrizuela	Esta “política” nos está quedando chica, que down ese #Debateprovincia #DebateBsAs	0	0	https://twitter.com/JDZerrizuela/status/1451015610448576513	False	180	235
Thu Oct 21 02:40:53 +0000 2021	changuitoencaba	No lo dejes hablar @NicolasdelCano  a este cabeza desnuda! #DebateBsAs #Debateprovincia #debate	0	0	https://twitter.com/changuitoencaba/status/1451015605990019072	False	40	96
Thu Oct 21 02:40:52 +0000 2021	lasdosM2	RT @DANYD8: #DebateBsAs sin carisma el único que da propuestas claras es #Santilli @diegosantilli el resto chusmas de feria FIN	0	33	https://twitter.com/lasdosM2/status/1451015600034119684	False	635	792
Thu Oct 21 02:40:52 +0000 2021	jorgecorchomat	#DerrotaPaz y dale con #Vidal No podes explicar las ordenes de detenciones de tu #Jefa el voto en la @ONU_es a favor de #Nicaragua la defensa a #JonesHuala que carrera política tenes? Ninguna te casastes con un gordo rico #DebateBsAs https://t.co/fuduTMfvNl	36	23	https://twitter.com/jorgecorchomat/status/1451015599304314884	False	58326	57074
Thu Oct 21 02:40:47 +0000 2021	silvina28877029	"RT @LautaroJimenezB: Nicolás del Caño recordando que #La7722NoSeToca y la fuerza del pueblo en las calles derrotó la #Megaminería 
#LaIzqui…"	0	15	https://twitter.com/silvina28877029/status/1451015581478502401	False	322	546
Thu Oct 21 02:40:45 +0000 2021	MrWalterKovacs	"@jlespert: ""¡Fundieron a la gente ustedes, fundieron a la gente con esa cuarentena de mierda ustedes!"" #EsConEspert #DebateBsAs"	0	0	https://twitter.com/MrWalterKovacs/status/1451015572905287686	False	484	2438
Thu Oct 21 02:40:44 +0000 2021	ColeCashley	Espert es el verdadero político del pueblo, dice lo que pensamos y se expresa de tal manera como cualquier ciudadano laburante #Debateprovincia #DebateBsAs	0	0	https://twitter.com/ColeCashley/status/1451015568794947586	False	1	9
Thu Oct 21 02:40:44 +0000 2021	Lokamalaok	Tolosa Paz es lo más parecido al Boti de la ciudad en modo piloto automatico con una sensibilidad programada #DebateBsAs	0	0	https://twitter.com/Lokamalaok/status/1451015565502398467	False	35	123
Thu Oct 21 02:40:40 +0000 2021	MaiaSzar	"#DebateBsAs Derrota Paz no tiene verguenza ?
Hablar de la situación  Macri judicial de Macri cuando su jefa tiene mas procesos que la Kenwood chef?."	0	0	https://twitter.com/MaiaSzar/status/1451015552382603265	False	42	212
Thu Oct 21 02:40:39 +0000 2021	Kali_De_Nadie	Espert a Del Caño: “Puede ser que vos te prendes cuando yo empiezo a hablar?” No puedo mas 😂😂😂😂 #DebateBsAs	5	2	https://twitter.com/Kali_De_Nadie/status/1451015546460426247	False	1105	1387
Thu Oct 21 02:40:37 +0000 2021	thomasyacobiti	"#DebateBsAs 

Randazzo: ¿por qué condenamos a los que nos están mirando a que piensen que no hay ninguna formar de mejorar?

La verdad, que escuchar el debate entre las dos fuerzas políticas más votadas, causa desazón."	0	0	https://twitter.com/thomasyacobiti/status/1451015540160401411	False	1314	1007
Thu Oct 21 02:40:37 +0000 2021	fjosefina94	"Que poca coherencia tenés @vtolosapaz 
Decís que la cuarentena más larga del mundo ya pasó,Pero los 4 años  de Macri no.
El país está fundido y encima con más de 100 mil muertos.
Se robaron más vacunas y la dignidad dela gente.
Uds no tienen perdón.
#DebateBsAs"	3	1	https://twitter.com/fjosefina94/status/1451015539380289536	False	209	438
Thu Oct 21 02:40:23 +0000 2021	Edsanok	#DebateBsAs @vtolosapaz una genia!!!	0	0	https://twitter.com/Edsanok/status/1451015479196196864	False	15	126
Thu Oct 21 02:40:12 +0000 2021	UnMonoRandom	#DebateBsAs Cuando habla Randazzo todos miran a otro lado. Nadie le da bola	0	0	https://twitter.com/UnMonoRandom/status/1451015431557292039	False	61	189
Thu Oct 21 02:40:12 +0000 2021	nachobm75	Lo sacaron a pasear en calesita y no lo dejan agarrar la sortija. Manes hubiese sido mejor candidato bonaerense que el Vicejefe de la Capital. #DebateBuenosAires #DebateBsAs https://t.co/r3ppR5MKzj	1	0	https://twitter.com/nachobm75/status/1451015431440015368	False	108	298
Thu Oct 21 02:40:10 +0000 2021	StohrAcezar	#DebateBsAs @vtolosapaz insoportable, insoportable, insoportable, insoportable, insoportable, increíble!!!	0	0	https://twitter.com/StohrAcezar/status/1451015424171073536	False	46	463
Thu Oct 21 02:40:08 +0000 2021	lulyrock_ok	Quien ganó el #DebateBsAs	0	0	https://twitter.com/lulyrock_ok/status/1451015417665777665	False	12	144
Thu Oct 21 02:40:07 +0000 2021	scouselo06	#TolozaPaz expresa la devaluacion del Kirchnerismo!! #DebateBsAs	2	0	https://twitter.com/scouselo06/status/1451015413844701189	False	262	2896
Thu Oct 21 02:40:02 +0000 2021	theas_celia	"RT @MariaVe51879462: Escuchaste Derrota Paz?? Punto a favor para Espert que te hablo como TUGO manejo la pandemia !!!
#DebateBsAs 
#Derrota…"	0	13	https://twitter.com/theas_celia/status/1451015392105799681	False	8160	8944
Thu Oct 21 02:40:01 +0000 2021	puffexcondesae1	RT @DANYD8: #DebateBsAs sin carisma el único que da propuestas claras es #Santilli @diegosantilli el resto chusmas de feria FIN	0	33	https://twitter.com/puffexcondesae1/status/1451015387395420167	False	3847	3789
Thu Oct 21 02:40:01 +0000 2021	carogaspa	#DebateBsAs de qué se ríe Tolosa Paz?? 4 años sobre más de 30 en la provincia y otros tantos en nación. Daleeee. #hagansecargo @rodrigodeloredo Inolvidable!	7	0	https://twitter.com/carogaspa/status/1451015385680003075	False	4281	963
Thu Oct 21 02:39:56 +0000 2021	roberjq	RT @carogaspa: #Florencio #RandazzoVaConVos se indignó por el #VacunatorioVip pero en la lista de #Chivilcoy tiene en su lista a familiares…	0	6	https://twitter.com/roberjq/status/1451015364771397640	False	504	654
Thu Oct 21 02:39:52 +0000 2021	FerCosenza	RandaZzzzzzzz.... #DebateBsAs	0	0	https://twitter.com/FerCosenza/status/1451015349025984515	False	64	268
Thu Oct 21 02:39:50 +0000 2021	ivanarepublica	"RT @MariaVe51879462: Escuchaste Derrota Paz?? Punto a favor para Espert que te hablo como TUGO manejo la pandemia !!!
#DebateBsAs 
#Derrota…"	0	13	https://twitter.com/ivanarepublica/status/1451015341320982531	False	1332	1210
Thu Oct 21 02:39:48 +0000 2021	SoyGerard	Tolosa paz no para de nombrar cuánta gente se vacuno y lo marca como buena gestión. Señora es la obligación del gobierno darnos las vacunas! No tenemos que rendirles pleitesia  por darlas. Al fin y al cabo las pagamos nosotros #DebateBsAs #debatebuenosaires	12	1	https://twitter.com/SoyGerard/status/1451015331661582342	False	3265	2942
Thu Oct 21 02:39:47 +0000 2021	TheEdge__edlp	@vtolosapaz Esto ya es una orgia, a Derrota Paz se la están garchando entre todos!!! #Debateprovincia #DebateBuenosAires #DebateBsAs	4	1	https://twitter.com/TheEdge__edlp/status/1451015327274258435	False	678	1142
Thu Oct 21 02:39:46 +0000 2021	nikrito	Estaba randazzo? #DebateBsAs #LaIzquierdaAlCongreso	0	0	https://twitter.com/nikrito/status/1451015325479161856	False	154	626
Thu Oct 21 02:39:44 +0000 2021	MariaFe23719318	"RT @BalbuenaDavEze: ""Basta de imposición en ideología de género. Con los chicos no se metan"" #CynthiaHotton #DebateBsAs #HottonenTN https:/…"	0	12	https://twitter.com/MariaFe23719318/status/1451015316830621697	False	205	187
Thu Oct 21 02:39:38 +0000 2021	ToniFanara	"Suena sólido Santilli.

Pero Miente: testear, testear, desocupación.

Se testeó poquísimo!

Sobre el Desempleo:
el PRO en CABA 14 años, y Cambiemos en Nación 4 años

Qué Hicieron??

NADA

#DebateBsAs"	0	0	https://twitter.com/ToniFanara/status/1451015290444079110	False	830	2545
Thu Oct 21 02:39:35 +0000 2021	changuitoencaba	Randazzo si estás triste y desilusionado anda a terapia, deja de romper las bolas chabon! Que al pedo que fuiste hoy! #DebateBsAs #Debateprovincia #debate	0	0	https://twitter.com/changuitoencaba/status/1451015276653256708	False	40	96
Thu Oct 21 02:39:34 +0000 2021	PittelliGabriel	RT @carogaspa: #Florencio #RandazzoVaConVos se indignó por el #VacunatorioVip pero en la lista de #Chivilcoy tiene en su lista a familiares…	0	6	https://twitter.com/PittelliGabriel/status/1451015274409472014	False	292	200
Thu Oct 21 02:39:32 +0000 2021	Imnotonfaceboo2	"Lo de Espert puteando es de un nivel de falta de respeto vergonzoso, los dos pelotudos de los mediadores están pintados. 
#DebateBsAs"	0	0	https://twitter.com/Imnotonfaceboo2/status/1451015267249647618	False	49	331
Thu Oct 21 02:39:32 +0000 2021	soleni7	RT @MarceTanaYQue: Derrota Paz en #DebateBsAs 👇🏼 https://t.co/gU6foweZn6	0	15	https://twitter.com/soleni7/status/1451015264758218754	False	260	80
Thu Oct 21 02:39:32 +0000 2021	carolesang	"hotton que asco me das
“Son dos vidas” 🤮 
#DebateBsAs"	0	0	https://twitter.com/carolesang/status/1451015263487332356	False	191	387
Thu Oct 21 02:39:28 +0000 2021	ColeCashley	Tolosa Paz quedó afuera de todo debate, sin ideas, manotazo de ahogado pegándole a Macri y sin responder nada #DebateBsAs #Debateprovincia #AhPeroMacri	3	0	https://twitter.com/ColeCashley/status/1451015247779667969	False	1	9
Thu Oct 21 02:39:23 +0000 2021	Juan505	RT @bren_hamilton: ¿Me parece a mi o Tolosa Paz no contesto la pregunta de Del Caño sobre la ley de humedales? Basta de cajonearla, necesit…	0	3	https://twitter.com/Juan505/status/1451015225780563975	False	527	1000
Thu Oct 21 02:39:20 +0000 2021	Kali_De_Nadie	Ahí lo pudo decir. Esta triste Floppy. Era eso. #DebateBsAs	0	0	https://twitter.com/Kali_De_Nadie/status/1451015215139721219	False	1105	1387
Thu Oct 21 02:39:17 +0000 2021	alexmc62	"Hotton está ahora en tv nacional y como mucho podría ser maestra de catequesis de una capilla del interior. Que desperdício de tiempo y espacio.
#DebateBsAs"	0	0	https://twitter.com/alexmc62/status/1451015201067651073	False	399	1000
Thu Oct 21 02:39:15 +0000 2021	SweetenerBae25	RT @martinsaezvior: Hasta Del Caño reconoce que la fórmula previsional de Macri aumentaba las jubilaciones por encima de la inflación 🤷🏻‍♂️…	0	2	https://twitter.com/SweetenerBae25/status/1451015192569999362	False	755	1120
Thu Oct 21 02:39:13 +0000 2021	DevastadorK	RT @marbendem: En el #DebateBsAs hablan como si estuviesen tuiteando. Unilateralmente, con 280 caracteres cada idea y cero registro de las…	0	1	https://twitter.com/DevastadorK/status/1451015184563200004	False	3563	1345
Thu Oct 21 02:39:09 +0000 2021	agustin_gbasso	"- Alberto, como van los votos de Tolosa Paz?
+ Se elevan majestuosamente señora

#DebateBsAs https://t.co/5eD843qJwQ"	28	5	https://twitter.com/agustin_gbasso/status/1451015168649875458	False	69	72
Thu Oct 21 02:39:02 +0000 2021	emisanzz	Vi un segundo #DebateBsAs NINGUNO HABLA DE CORRIDO	0	0	https://twitter.com/emisanzz/status/1451015139335950338	False	568	455
Thu Oct 21 02:38:59 +0000 2021	mangoysimon	"RT @PaKCar1975: #TolosaPaz parce la tía borracha que tiene que hacer el brindis final en un casamiento. 
#DebateBsAs 
#DebateBuenosAires"	0	6	https://twitter.com/mangoysimon/status/1451015127927439361	False	10323	10729
Thu Oct 21 02:38:57 +0000 2021	Grii_PA	Uno que hoy se levantó 0 pulgoso es Espert 😂 #DebateBsAs	0	0	https://twitter.com/Grii_PA/status/1451015119048089604	False	436	701
Thu Oct 21 02:38:56 +0000 2021	Kali_De_Nadie	La gran perdedora de hoy es Tolosa Paz porque es la que más tiene por perder con ese desempeño decadente. Cristina como loca. #DebateBsAs	0	0	https://twitter.com/Kali_De_Nadie/status/1451015114564509705	False	1105	1387
Thu Oct 21 02:38:55 +0000 2021	ElmerVanHess5	Deberían hacer un debate entre @chinasuarez  y @wandaicardi27 #DebateBsAs	0	0	https://twitter.com/ElmerVanHess5/status/1451015109074030594	False	32	328
Thu Oct 21 02:38:53 +0000 2021	masazuleslaluz	"RT @MariaVe51879462: Escuchaste Derrota Paz?? Punto a favor para Espert que te hablo como TUGO manejo la pandemia !!!
#DebateBsAs 
#Derrota…"	0	13	https://twitter.com/masazuleslaluz/status/1451015101029359617	False	66	99
Thu Oct 21 02:38:52 +0000 2021	PaKCar1975	"Cómo será de INOPERANTE que ni siquiera Cristina la quiere.
#derrotaPaz
#DebateBsAs https://t.co/yJT2d77nNO"	6	3	https://twitter.com/PaKCar1975/status/1451015099469033475	False	2453	3168
Thu Oct 21 02:38:51 +0000 2021	AgustinDm	"""12 millones de vacunados"" dice Tolosa Paz. La gente se está muriendo y vos hablás solamente de la vacunación, ENTENDÉS ????????? ENTENDÉS ??????? #DebateBsAs"	1	1	https://twitter.com/AgustinDm/status/1451015094557577222	False	683	947
Thu Oct 21 02:38:49 +0000 2021	natuta78	RT @zurdoinutil: Más y mejores! #DebateBsAs	0	3	https://twitter.com/natuta78/status/1451015084831133697	False	2661	2024
Thu Oct 21 02:38:40 +0000 2021	VeroEsperan	"RT @pormifuturo1: Derrota paz hablando de no hacer oportunismo político con la pandemia????? 

Danos una explicación NO política de por qué…"	0	46	https://twitter.com/VeroEsperan/status/1451015046205607936	False	1807	3181
Thu Oct 21 02:38:38 +0000 2021	Sandy54017965	"RT @adrilusi: Derrota Paz
Violenta Paz
Mentirosa Paz
#DebateBsAs
LO QUE REALMENTE ES INSOPORTABLE SON LAS MENTIRAS QUE DICEN LOS KK..
OJO C…"	0	10	https://twitter.com/Sandy54017965/status/1451015037154312198	False	16	128
Thu Oct 21 02:38:28 +0000 2021	nacienel75	RT @zurdoinutil: Me había faltado la palabra “capitalismo”, ya estoy realizado! #DebateBsAs	0	7	https://twitter.com/nacienel75/status/1451014995613999107	False	1219	1589
Thu Oct 21 02:38:28 +0000 2021	Solfernandeza	La del partido de “los valores” qué onda? De donde salió? #Debateprovincia #DebateBsAs #DelCanoAlCongreso	0	0	https://twitter.com/Solfernandeza/status/1451014995420999684	False	84	227
Thu Oct 21 02:38:27 +0000 2021	matias_mayol	Para Tolosa, se garch@ en el debate? #Debateprovincia #DebateBsAs	1	0	https://twitter.com/matias_mayol/status/1451014992128405513	False	34	254
Thu Oct 21 02:38:23 +0000 2021	ElDescamisado_	Sabés por qué, Santilli? #DebateBsAs #debate @adosvoces_tn https://t.co/H53NucczcY	0	0	https://twitter.com/ElDescamisado_/status/1451014977607782400	False	240	223
Thu Oct 21 02:38:21 +0000 2021	diegofhirsch	"RT @LautaroJimenezB: Nicolás del Caño recordando que #La7722NoSeToca y la fuerza del pueblo en las calles derrotó la #Megaminería 
#LaIzqui…"	0	15	https://twitter.com/diegofhirsch/status/1451014967231012864	False	791	1001
Thu Oct 21 02:38:19 +0000 2021	CalvoJorgecalvo	#DebateBsAs Desdibujado y resignado @RandazzoF , poco convincente @diegosantilli	0	0	https://twitter.com/CalvoJorgecalvo/status/1451014960025260036	False	1436	89
Thu Oct 21 02:38:17 +0000 2021	RoxyMdpTurkish	RT @DANYD8: #DebateBsAs sin carisma el único que da propuestas claras es #Santilli @diegosantilli el resto chusmas de feria FIN	0	33	https://twitter.com/RoxyMdpTurkish/status/1451014951779328000	False	1559	2877
Thu Oct 21 02:38:09 +0000 2021	SantiFiorotto	"Que irrespetuosa es Tolosa Paz, interrumpe y habla encima de todos

#DebateBsAs"	0	0	https://twitter.com/SantiFiorotto/status/1451014915741741064	False	911	891
Thu Oct 21 02:38:08 +0000 2021	VaNispenOk	OJALA Milei hubiera hecho el debate que esta haciendo Espert. Impecable. #DebateBsAs #Debateprovincia #DebateTN	2	0	https://twitter.com/VaNispenOk/status/1451014911589425155	False	17	207
Thu Oct 21 02:38:05 +0000 2021	pablovicentecai	Santilli está más guionado que vendedor telefónico centroamericano de Movistar #DebateBsAs	2	0	https://twitter.com/pablovicentecai/status/1451014901044944896	False	600	638
Thu Oct 21 02:37:54 +0000 2021	romankeegan	Puedo a entender que hay zurdos delirantes que voten a Del Caño o fanáticos e ignorantes que voten a Tolosa Paz, pero quien carajo puede votar a Hotton? No sabe ni hablar.. ni Paola Argento es tan bruta #DebateBsAs	1	0	https://twitter.com/romankeegan/status/1451014852701343744	False	138	201
Thu Oct 21 02:37:47 +0000 2021	Alcaraz837V	"Dice Tolosa que la caída del PBI de Argentina (2020) fué la misma que en el resto del mundo: 
Caída PBI Arg: 13% 
Mundo (promedio) 4% 
Mmmmmmentirosa
#DebateBsAs #Debateprovincia"	1	0	https://twitter.com/Alcaraz837V/status/1451014826675761156	False	616	954
Thu Oct 21 02:37:47 +0000 2021	Antik589730271	Así quedo goloza paz #DebateBsAs https://t.co/trMc49xtwc	0	0	https://twitter.com/Antik589730271/status/1451014826445008903	False	2	23
Thu Oct 21 02:37:46 +0000 2021	PabloFerz	Santilli habla como si nunca hubieran gobernado. #DebateBsAs	0	0	https://twitter.com/PabloFerz/status/1451014819839049729	False	235	339
Thu Oct 21 02:37:45 +0000 2021	zurdoinutil	Más y mejores! #DebateBsAs https://t.co/W3cFXIwzME	26	3	https://twitter.com/zurdoinutil/status/1451014815120461827	False	21548	21254
Thu Oct 21 02:37:42 +0000 2021	Solohaga1	#DebateBsAs A Javier milei por menos en tema de interrupción lo retaron cual nene de primaria.. A estos impresentables los dejan que se pasen por el culo el formato.. Una vergüenza	0	0	https://twitter.com/Solohaga1/status/1451014803804209152	False	251	547
Thu Oct 21 02:37:38 +0000 2021	Ladyhawke849	#DebateBsAs @vtolosapaz seguí hablando de Macri y de Vidal así se van todos de una buena vez #GobiernoTerminado	0	0	https://twitter.com/Ladyhawke849/status/1451014786641129472	False	128	507
Thu Oct 21 02:37:36 +0000 2021	FedericoSosaOk	"RT @nicolas1023: Cynthia Hotton ""Yo lo que quería decir, es que....AGUANTE JESUS. EL NOS VA A SALVAR"" jajjaajjaja #DebateBsAs #DebateBuenos…"	0	1	https://twitter.com/FedericoSosaOk/status/1451014778307035136	False	2412	2598
Thu Oct 21 02:37:30 +0000 2021	Robville43	"RT @adrilusi: Derrota Paz
Violenta Paz
Mentirosa Paz
#DebateBsAs
LO QUE REALMENTE ES INSOPORTABLE SON LAS MENTIRAS QUE DICEN LOS KK..
OJO C…"	0	10	https://twitter.com/Robville43/status/1451014753850060800	False	1526	3538
Thu Oct 21 02:37:26 +0000 2021	MarielaFotos	"RT @faviore: ""La pandemia es resultado de la deforestacion"", tiró Del Caño. La izquierda vive en un universo tan paralelo que ni Dios lo co…"	0	2	https://twitter.com/MarielaFotos/status/1451014736972296200	False	729	520
Thu Oct 21 02:37:20 +0000 2021	mariancampeni	#DebateBsAs ahhh pero Macri, que forma de no hacerse cargo de nada! La culpa es siempre del otro!	0	0	https://twitter.com/mariancampeni/status/1451014711324004352	False	146	826
Thu Oct 21 02:37:18 +0000 2021	Solfernandeza	En que país vive @vtolosapaz ? Defendiendo el IFE de 10 mil pesos y justificando el ajuste brutal a los jubilados. #Debateprovincia #DebateBsAs #DelCanoAlCongreso	0	0	https://twitter.com/Solfernandeza/status/1451014702666960902	False	84	227
Thu Oct 21 02:37:16 +0000 2021	moromor72	"RT @pormifuturo1: Derrota paz hablando de no hacer oportunismo político con la pandemia????? 

Danos una explicación NO política de por qué…"	0	46	https://twitter.com/moromor72/status/1451014696648118273	False	614	666
Thu Oct 21 02:37:12 +0000 2021	Nefeer_tali	#DebateBsAs es superior al debate de capital	2	0	https://twitter.com/Nefeer_tali/status/1451014679808000000	False	1186	567
Thu Oct 21 02:37:11 +0000 2021	rmagain	"RT @MariaVe51879462: Escuchaste Derrota Paz?? Punto a favor para Espert que te hablo como TUGO manejo la pandemia !!!
#DebateBsAs 
#Derrota…"	0	13	https://twitter.com/rmagain/status/1451014674489565189	False	2428	3487
Thu Oct 21 02:37:07 +0000 2021	Rodocrosita01	"RT @adrilusi: Derrota Paz
Violenta Paz
Mentirosa Paz
#DebateBsAs
LO QUE REALMENTE ES INSOPORTABLE SON LAS MENTIRAS QUE DICEN LOS KK..
OJO C…"	0	10	https://twitter.com/Rodocrosita01/status/1451014659218317312	False	4339	4851
Thu Oct 21 02:37:03 +0000 2021	fox35638320	"RT @MariaVe51879462: Escuchaste Derrota Paz?? Punto a favor para Espert que te hablo como TUGO manejo la pandemia !!!
#DebateBsAs 
#Derrota…"	0	13	https://twitter.com/fox35638320/status/1451014641832845318	False	220	426
Thu Oct 21 02:36:56 +0000 2021	nicolasi__g	Tolosa Paz interrumpe, se ríe y se hace la picante pero no pudo responder nada. Volvete al country. #DebateBsAs	4	0	https://twitter.com/nicolasi__g/status/1451014610144804866	False	255	263
Thu Oct 21 02:36:55 +0000 2021	WinstonXurxill	@todonoticias Tolosa Paz da vergüenza ajena en #DebateBsAs	3	0	https://twitter.com/WinstonXurxill/status/1451014608253161472	False	3	28
Thu Oct 21 02:36:55 +0000 2021	MirandaSolano	RT @DANYD8: #DebateBsAs sin carisma el único que da propuestas claras es #Santilli @diegosantilli el resto chusmas de feria FIN	0	33	https://twitter.com/MirandaSolano/status/1451014607829487628	False	981	1831
Thu Oct 21 02:36:50 +0000 2021	Jorge91841064	RT @adriiii27: La violencia verbal de @jlespert sobre @vtolosapaz es demasiada. Y ninguno de los moderadores movió un dedo #asco el #Debate…	0	3	https://twitter.com/Jorge91841064/status/1451014586057043973	False	2732	4292
Thu Oct 21 02:36:49 +0000 2021	IngRiocuarto	"RT @adrilusi: Derrota Paz
Violenta Paz
Mentirosa Paz
#DebateBsAs
LO QUE REALMENTE ES INSOPORTABLE SON LAS MENTIRAS QUE DICEN LOS KK..
OJO C…"	0	10	https://twitter.com/IngRiocuarto/status/1451014581028012034	False	1240	1519
Thu Oct 21 02:36:47 +0000 2021	Vickymvf	Ajustaron a los jubilados pero no a las dietas #DebateBsAs No tenés cara Toloza Paz!!	0	0	https://twitter.com/Vickymvf/status/1451014574593826817	False	100	501
Thu Oct 21 02:36:46 +0000 2021	maurocardamone	#DebateBsAs @vtolosapaz boba, nos enterraron con el IFE, las AUH, etc. Y a los giles de los monotributistas nos hundieron y encima nos proponían un crédito! Caras de verga	0	0	https://twitter.com/maurocardamone/status/1451014568574996483	False	1804	3639
Thu Oct 21 02:36:45 +0000 2021	bronquio_rojo	RT @bren_hamilton: ¿Me parece a mi o Tolosa Paz no contesto la pregunta de Del Caño sobre la ley de humedales? Basta de cajonearla, necesit…	0	3	https://twitter.com/bronquio_rojo/status/1451014567002353666	False	233	204
Thu Oct 21 02:36:45 +0000 2021	Cecilucero6	"Tolosa Paz estaría pidiendo la hora!!
#DebateBsAs #Debateprovincia"	1	0	https://twitter.com/Cecilucero6/status/1451014564888256514	False	384	425
Thu Oct 21 02:36:43 +0000 2021	Florenciaherrr	Hotton es PROVIDA, estoy re sorpresa (?). #Debateprovincia #DebateBsAs #DebateTN	0	0	https://twitter.com/Florenciaherrr/status/1451014557539782656	False	212	254
Thu Oct 21 02:36:40 +0000 2021	DavidazuldOld	"RT @PaKCar1975: #Brancatelli no estaría diciendo lo mismo 
#DebateBsAs https://t.co/ohp0GHHzKi"	0	6	https://twitter.com/DavidazuldOld/status/1451014543199531009	False	2410	2342
Thu Oct 21 02:36:33 +0000 2021	Herkpo_B	#espert estuvo muy bien!! Tiro todas las que pensamos todos y como siempre no contesta Tolosa paz!! Ataca a Santilli... Debate es preguntas y respuestas no lo aprendieron me parece algunos... #DebatePresidencial #DebateBsAs  #DebateBuenosAires	1	0	https://twitter.com/Herkpo_B/status/1451014515265392641	False	63	292
Thu Oct 21 02:36:31 +0000 2021	decia_no	"ELEGI AL GANADOR / A QUIEN VAS A VOTAR / QUIEN TE GUSTO MAS / QUIEN TE REPRESENTA MAS
#DebateBuenosAires #DebateBsAs #Debateprovincia"	0	1	https://twitter.com/decia_no/status/1451014505161535489	False	1846	3791
Thu Oct 21 02:36:30 +0000 2021	grabeacalli	#DebateBsAs cómo pasó las paso la tal Hotton?	2	0	https://twitter.com/grabeacalli/status/1451014500065239042	False	1223	2101
Thu Oct 21 02:36:23 +0000 2021	MariaVe51879462	"Escuchaste Derrota Paz?? Punto a favor para Espert que te hablo como TUGO manejo la pandemia !!!
#DebateBsAs 
#DerrotaPaz https://t.co/NpVzorTgbv"	43	13	https://twitter.com/MariaVe51879462/status/1451014472412250112	False	1374	2394
Thu Oct 21 02:36:17 +0000 2021	pablovicentecai	Lastima el feo día. Randazzo hubiese querido ir al #DebateBsAs	0	0	https://twitter.com/pablovicentecai/status/1451014448441790467	False	600	638
Thu Oct 21 02:36:15 +0000 2021	JavierLeonforte	"RT @LuLeikis: Y nuevamente una foto vale más que mil segundos de barbaridades.
#LaIzquierdaAlCongreso 
#DebateBsAs https://t.co/zb7LEblZ2i"	0	4	https://twitter.com/JavierLeonforte/status/1451014440942514176	False	2441	1078
Thu Oct 21 02:36:15 +0000 2021	VaNispenOk	A que fueron Hotton y Randazzo??? #DebateTN #DebateBsAs	0	0	https://twitter.com/VaNispenOk/status/1451014440409714688	False	17	207
Thu Oct 21 02:36:15 +0000 2021	changuitoencaba	@myriambregman decile a @NicolasdelCano no haga puñito con esos dinosaurios si? Besitos #DebateBsAs #Debateprovincia #debate https://t.co/kk3X26xYwQ	0	0	https://twitter.com/changuitoencaba/status/1451014437289086979	False	40	96
Thu Oct 21 02:36:07 +0000 2021	TheEdge__edlp	@vtolosapaz A Derrota Paz ya se la está garchando hasta Del Caño #DebateBsAs #DebateBuenosAires	9	1	https://twitter.com/TheEdge__edlp/status/1451014406972706816	False	678	1142
Thu Oct 21 02:35:58 +0000 2021	GiseOk19781	"RT @PaKCar1975: #TolosaPaz parce la tía borracha que tiene que hacer el brindis final en un casamiento. 
#DebateBsAs 
#DebateBuenosAires"	0	6	https://twitter.com/GiseOk19781/status/1451014369639235586	False	2975	4905
Thu Oct 21 02:35:58 +0000 2021	RepublicanoVip	"Espert se está comiendo votos de Tolosa Paz y Randazzo, Hotton y Del Caño dan penita y Santilli gana tranku. 
#DebateBsAs"	0	0	https://twitter.com/RepublicanoVip/status/1451014368435445762	False	21	193
Thu Oct 21 02:35:58 +0000 2021	elzahir2006	RT @bren_hamilton: ¿Me parece a mi o Tolosa Paz no contesto la pregunta de Del Caño sobre la ley de humedales? Basta de cajonearla, necesit…	0	3	https://twitter.com/elzahir2006/status/1451014367273644032	False	1842	1521
Thu Oct 21 02:35:57 +0000 2021	Luli_Garciarena	"Hotton apunta al voto de las abuelas religiosas 
#DebateBsAs"	2	0	https://twitter.com/Luli_Garciarena/status/1451014363444248577	False	21	144
Thu Oct 21 02:35:50 +0000 2021	FPisso	Inserten memes del debate acá. Gracias #DebateBsAs	33	3	https://twitter.com/FPisso/status/1451014334671323138	False	2514	481
Thu Oct 21 02:35:49 +0000 2021	nicolas1023	"Cynthia Hotton ""Yo lo que quería decir, es que....AGUANTE JESUS. EL NOS VA A SALVAR"" jajjaajjaja #DebateBsAs #DebateBuenosAires"	0	1	https://twitter.com/nicolas1023/status/1451014330242191360	False	2946	2861
Thu Oct 21 02:35:46 +0000 2021	stonksjosue	Nadie propone aumento de sueldos para Policias y Personal de la salud. #DebateBsAs #DebateBuenosAires	0	0	https://twitter.com/stonksjosue/status/1451014318334509057	False	13	139
Thu Oct 21 02:35:44 +0000 2021	Leconchis1	"RT @PaKCar1975: #TolosaPaz parce la tía borracha que tiene que hacer el brindis final en un casamiento. 
#DebateBsAs 
#DebateBuenosAires"	0	6	https://twitter.com/Leconchis1/status/1451014310952583170	False	1247	1069
Thu Oct 21 02:35:42 +0000 2021	MariaCr88584403	"RT @EnLPVictoria: ""Estoy muy contenta porque esperé mucho este día"" #Ahora @vtolosapaz llegó a los estudios de @todonoticias 

#DebateBueno…"	0	9	https://twitter.com/MariaCr88584403/status/1451014300915716105	False	959	1081
Thu Oct 21 02:35:41 +0000 2021	duroms	"RT @LautaroJimenezB: Nicolás del Caño recordando que #La7722NoSeToca y la fuerza del pueblo en las calles derrotó la #Megaminería 
#LaIzqui…"	0	15	https://twitter.com/duroms/status/1451014294737326080	False	4123	630
Thu Oct 21 02:35:39 +0000 2021	AdoraMelano	RT @LACUCHILLERA_: VICTORIA ANTES DE ARRANCAR SE TOMÓ UN:   #DebateBsAs https://t.co/m5QXP5Rxx8	0	8	https://twitter.com/AdoraMelano/status/1451014289783865345	False	2381	1354
Thu Oct 21 02:35:37 +0000 2021	docmarianiten	"Es un asco el #DebateBsAs. No se entiende nada. Y se la pasan criticando medidas de gobierno nacional y no hablan de las futuras propuestas.
Se la agarran contra Tolosa Paz porque es candidata del oficialismo. Pero no critican los proyectos."	0	0	https://twitter.com/docmarianiten/status/1451014278853509133	False	1238	2129
Thu Oct 21 02:35:36 +0000 2021	jcsaferosa	RT @DANYD8: #DebateBsAs sin carisma el único que da propuestas claras es #Santilli @diegosantilli el resto chusmas de feria FIN	0	33	https://twitter.com/jcsaferosa/status/1451014276215283712	False	391	274
Thu Oct 21 02:35:33 +0000 2021	VelazquezLuis	"Todo lo que está mal @jlespert 
Con solo escucharlo te das cuenta la decadencia política #Argentina 
#DebateTN 
#DebateBsAs 
#JoseLuisEspert impresentable por donde se lo mire. https://t.co/H5kLtyTl3b"	1	0	https://twitter.com/VelazquezLuis/status/1451014263376474114	False	5475	737
Thu Oct 21 02:35:30 +0000 2021	LihuenAlbornoz	"RT @LautaroJimenezB: Nicolás del Caño recordando que #La7722NoSeToca y la fuerza del pueblo en las calles derrotó la #Megaminería 
#LaIzqui…"	0	15	https://twitter.com/LihuenAlbornoz/status/1451014248876830727	False	636	839
Thu Oct 21 02:35:17 +0000 2021	tricia2201	"RT @adrilusi: Derrota Paz
Violenta Paz
Mentirosa Paz
#DebateBsAs
LO QUE REALMENTE ES INSOPORTABLE SON LAS MENTIRAS QUE DICEN LOS KK..
OJO C…"	0	10	https://twitter.com/tricia2201/status/1451014195093258253	False	512	127
Thu Oct 21 02:35:14 +0000 2021	Flo_Clap	"Se tenía que decir...

#DebateBsAs #Debateprovincia https://t.co/70HAylHNuy"	2	2	https://twitter.com/Flo_Clap/status/1451014184007725056	False	247	443
Thu Oct 21 02:35:13 +0000 2021	fox35638320	RT @MarceTanaYQue: Derrota Paz en #DebateBsAs 👇🏼 https://t.co/gU6foweZn6	0	15	https://twitter.com/fox35638320/status/1451014177397432325	False	220	426
Thu Oct 21 02:35:12 +0000 2021	Yoyo_Ramon	#DebateBsAs la izquierda siempre confundiendo el adversario...	0	0	https://twitter.com/Yoyo_Ramon/status/1451014175497474048	False	328	398
Thu Oct 21 02:35:07 +0000 2021	Vickymvf	Toloza Paz fué a hacer monólogo no le contesta a nadie. ¿ No le da , no la dejan, o qué? #DebateBsAs #EsConEspert #Espert2021	0	0	https://twitter.com/Vickymvf/status/1451014152839852038	False	100	501
Thu Oct 21 02:35:00 +0000 2021	tea_xie	preocopo #DebateBsAs	1	0	https://twitter.com/tea_xie/status/1451014125220352003	False	70	557
Thu Oct 21 02:35:00 +0000 2021	carogaspa	#Florencio #RandazzoVaConVos se indignó por el #VacunatorioVip pero en la lista de #Chivilcoy tiene en su lista a familiares de vacunados JÓVENES. Acá un exponente de Fte de Todos y dos, hija y sobrina de candidata de Randazzo. Hay más #DebateBsAs https://t.co/MC5vD6kxd6	11	6	https://twitter.com/carogaspa/status/1451014123978780674	False	4281	963
Thu Oct 21 02:34:50 +0000 2021	fox35638320	"RT @pormifuturo1: Derrota paz hablando de no hacer oportunismo político con la pandemia????? 

Danos una explicación NO política de por qué…"	0	46	https://twitter.com/fox35638320/status/1451014082191003656	False	220	426
Thu Oct 21 02:34:41 +0000 2021	martinsaezvior	"Hasta Del Caño reconoce que la fórmula previsional de Macri aumentaba las jubilaciones por encima de la inflación 🤷🏻‍♂️

#DebateBsAs #DebateBuenosAires #DebateProvincia"	5	2	https://twitter.com/martinsaezvior/status/1451014045683748865	False	354	958
Thu Oct 21 02:34:39 +0000 2021	adrilusi	"Derrota Paz
Violenta Paz
Mentirosa Paz
#DebateBsAs
LO QUE REALMENTE ES INSOPORTABLE SON LAS MENTIRAS QUE DICEN LOS KK..
OJO CON ESTA MUJER QUE ES UN CLON DE LA LADRONA TOLOSEÑA.... (y para colmo se llama Tolosa)"	15	10	https://twitter.com/adrilusi/status/1451014035722293249	False	846	833
Thu Oct 21 02:34:35 +0000 2021	MEHTAPBREP	"RT @pormifuturo1: Derrota paz hablando de no hacer oportunismo político con la pandemia????? 

Danos una explicación NO política de por qué…"	0	46	https://twitter.com/MEHTAPBREP/status/1451014019351924739	False	258	673
Thu Oct 21 02:34:26 +0000 2021	Kali_De_Nadie	Espert: este gobierno ha sido criminal en el manejo de la pandemia. Resumiendo. #DebateBsAs	1	0	https://twitter.com/Kali_De_Nadie/status/1451013980051234817	False	1105	1387
Thu Oct 21 02:34:20 +0000 2021	Sabridestrozada	Mi única opinión sobre el #DebateBsAs https://t.co/CKxC0fLmtn	1	0	https://twitter.com/Sabridestrozada/status/1451013957125226497	False	76	204
Thu Oct 21 02:34:17 +0000 2021	PaKCar1975	"#Brancatelli no estaría diciendo lo mismo 
#DebateBsAs https://t.co/ohp0GHHzKi"	10	6	https://twitter.com/PaKCar1975/status/1451013945431445506	False	2453	3168
Thu Oct 21 02:34:11 +0000 2021	fananikeboca	"Espert contra los sindicatos, aja! Mucho blabla pero este tipo de presidente no dura ni una semana aguantando a TOD☀️S los sindicatos como se aguantó Macri durante 4 años
#DebateBsAs"	0	0	https://twitter.com/fananikeboca/status/1451013918365667341	False	307	434
Thu Oct 21 02:34:04 +0000 2021	TdeT68	Jajajja doña Tolo. Le pegan de todos lados 😂😂 hasta Del cañito le retruca 🤦🤦🤦 pedí un minuto y toma aire 🤭 @vtolosapaz indefendibles son 😂 #Debateprovincia #DebateBsAs	1	0	https://twitter.com/TdeT68/status/1451013890343505921	False	90	403
Thu Oct 21 02:33:59 +0000 2021	GracedeSantaF	RT @ZilOliv_: La verdad: entierren a Perón definitivamente o nos hundimos. Vivir del pasado atrasa e impide crecer. #DebateBsAs A dormir.	0	7	https://twitter.com/GracedeSantaF/status/1451013867329495040	False	5288	5698
Thu Oct 21 02:33:52 +0000 2021	Casidelictual	"Tolosa paz en estos momentos. 
Con que se dio?
#DebateBsAs #Debateprovincia https://t.co/Ol65UMEdg0"	13	1	https://twitter.com/Casidelictual/status/1451013839877668867	False	1613	1675
Thu Oct 21 02:33:51 +0000 2021	ArtemisaDH	RT @zurdoinutil: Para mi todo tiene que ser gratis #DebateBsAs	0	20	https://twitter.com/ArtemisaDH/status/1451013835381428226	False	198	385
Thu Oct 21 02:33:50 +0000 2021	maripos04716945	"RT @pormifuturo1: Derrota paz hablando de no hacer oportunismo político con la pandemia????? 

Danos una explicación NO política de por qué…"	0	46	https://twitter.com/maripos04716945/status/1451013831711346689	False	2959	4768
Thu Oct 21 02:33:48 +0000 2021	DocentesnMarcha	"RT @LuLeikis: Y nuevamente una foto vale más que mil segundos de barbaridades.
#LaIzquierdaAlCongreso 
#DebateBsAs https://t.co/zb7LEblZ2i"	0	4	https://twitter.com/DocentesnMarcha/status/1451013821884215299	False	1929	242
Thu Oct 21 02:33:43 +0000 2021	ArtemisaDH	RT @zurdoinutil: Se me cayo la birome…pucha #debate #DebateBsAs	0	2	https://twitter.com/ArtemisaDH/status/1451013802154156041	False	198	385
Thu Oct 21 02:33:39 +0000 2021	bren_hamilton	¿Me parece a mi o Tolosa Paz no contesto la pregunta de Del Caño sobre la ley de humedales? Basta de cajonearla, necesitamos que se vote en el congreso y el FITU es el único que habla de estos temas en el #DebateBsAs #LaIzquierdaAlCongreso	15	3	https://twitter.com/bren_hamilton/status/1451013782902214659	False	1806	482
Thu Oct 21 02:33:38 +0000 2021	cordobes_PFA	"RT @falansteriano: ¿La pandemia es resultado de la deforestación, Del Caño?
#DebateBsAs https://t.co/Gv3wG7jTiY"	0	7	https://twitter.com/cordobes_PFA/status/1451013780876431360	False	80	239
Thu Oct 21 02:33:31 +0000 2021	1raSeccionElec1	"RT @ezebisso: El 14 de Noviembre decimos #Basta.
#DebateBsAs https://t.co/4AL5JaMWvb"	0	3	https://twitter.com/1raSeccionElec1/status/1451013751759511554	False	98	517
Thu Oct 21 02:33:25 +0000 2021	_albertista_	"RT @falansteriano: ¿La pandemia es resultado de la deforestación, Del Caño?
#DebateBsAs https://t.co/Gv3wG7jTiY"	0	7	https://twitter.com/_albertista_/status/1451013724639154178	False	2807	5002
Thu Oct 21 02:33:18 +0000 2021	OllieQueen4587	"¿De tan dura que tiene la cara Trolosa Paz es que no puede abrir los ojos?
#DebateBsAs #DebateBuenosAires"	5	0	https://twitter.com/OllieQueen4587/status/1451013698667962376	False	4193	4158
Thu Oct 21 02:33:18 +0000 2021	UnMonoRandom	#DebateBsAs muy bien del caño hablando de las jubilaciones	3	0	https://twitter.com/UnMonoRandom/status/1451013697791430657	False	61	189
Thu Oct 21 02:33:17 +0000 2021	DrebinAriel	"A Del Caño le da la razón la derecha! 
#DebateBsAs"	1	0	https://twitter.com/DrebinAriel/status/1451013694385627139	False	4435	1700
Thu Oct 21 02:33:05 +0000 2021	CarBerCio	"Espert les pasó el trapo a todos 👏

#DebateBuenosAires 
#DebateBsAs"	1	0	https://twitter.com/CarBerCio/status/1451013641600446472	False	10	72
Thu Oct 21 02:32:48 +0000 2021	EmmA_Maciel	Muestren algún traste o una goma? #DebateBsAs	0	0	https://twitter.com/EmmA_Maciel/status/1451013570544603136	False	265	654
Thu Oct 21 02:32:40 +0000 2021	Kali_De_Nadie	Del Caño está participativo 🥸#DebateBsAs	0	0	https://twitter.com/Kali_De_Nadie/status/1451013535815798785	False	1105	1387
Thu Oct 21 02:32:34 +0000 2021	ZeparTheZesty	RT @MarceTanaYQue: Derrota Paz en #DebateBsAs 👇🏼 https://t.co/gU6foweZn6	0	15	https://twitter.com/ZeparTheZesty/status/1451013511090429958	False	624	118
Thu Oct 21 02:32:29 +0000 2021	NoemiZunini	"RT @PaKCar1975: #TolosaPaz parce la tía borracha que tiene que hacer el brindis final en un casamiento. 
#DebateBsAs 
#DebateBuenosAires"	0	6	https://twitter.com/NoemiZunini/status/1451013491213717509	False	611	617
Thu Oct 21 02:32:26 +0000 2021	marbendem	"En el #DebateBsAs hablan como si estuviesen tuiteando. Unilateralmente, con 280 caracteres cada idea y cero registro de las otras intervenciones. Cero espontáneo. 
No es #debate, es #AbroHilo"	11	1	https://twitter.com/marbendem/status/1451013480065101828	False	6881	1495
Thu Oct 21 02:32:26 +0000 2021	HolierSaitam	"Aplausos al que hizo esto 👏👏
#DebateBsAs 
#AhPeroMacri https://t.co/7ZnbHVxBNz"	3	0	https://twitter.com/HolierSaitam/status/1451013479985401866	False	172	597
Thu Oct 21 02:32:25 +0000 2021	fermingez69	Ni la ve a Victoria? #DebateBsAs https://t.co/1wR8oXFaUU	0	0	https://twitter.com/fermingez69/status/1451013475581317121	False	2192	1380
Thu Oct 21 02:32:19 +0000 2021	nachobm75	"El señor que hoy dejó de ser ""El Colo"" nombró a los hijos de su pareja y se ""olvidó"" de los propios. Digno de un ser nefasto, como su mentor. Asco! Espanto! #DebateBuenosAires #DebateBsAs https://t.co/BRuf27sg8w"	0	0	https://twitter.com/nachobm75/status/1451013450033926145	False	108	298
Thu Oct 21 02:32:18 +0000 2021	ciro_uriburu	Estas en pija peladooo #DebateBsAs	0	0	https://twitter.com/ciro_uriburu/status/1451013445445320712	False	1	19
Thu Oct 21 02:32:14 +0000 2021	Sebastian_Berta	"RT @fedeberta: Retweet si vos tb elegís el minuto de Randazzo para ponerle hielo al fernet.
#DebateBsAs"	0	1	https://twitter.com/Sebastian_Berta/status/1451013426399129602	False	20	298
Thu Oct 21 02:32:11 +0000 2021	changuitoencaba	Tolosa Paz dice que el IFE fue central y te entregaban 30 mil pesos en 6 cuotas. Es joda? #Debateprovincia #DebateBsAs #debate	3	0	https://twitter.com/changuitoencaba/status/1451013417662234626	False	40	96
Thu Oct 21 02:32:02 +0000 2021	minmisterioAR	"RT @PaKCar1975: #TolosaPaz parce la tía borracha que tiene que hacer el brindis final en un casamiento. 
#DebateBsAs 
#DebateBuenosAires"	0	6	https://twitter.com/minmisterioAR/status/1451013378164592641	False	3	6
Thu Oct 21 02:31:58 +0000 2021	zurdoinutil	Se me cayo la birome…pucha #debate #DebateBsAs	63	2	https://twitter.com/zurdoinutil/status/1451013360208674817	False	21548	21254
Thu Oct 21 02:31:49 +0000 2021	AlmaFuerte40	"RT @AlmaFuerte40: #DebateBsAs @vtolosapaz 
Estas dando un debate donde todos te atacan!!!
Lo tuyo es digno y muy valioso.
Solo tienen criti…"	0	1	https://twitter.com/AlmaFuerte40/status/1451013324624175104	False	2927	1990
Thu Oct 21 02:31:45 +0000 2021	MarceTanaYQue	Derrota Paz en #DebateBsAs 👇🏼 https://t.co/gU6foweZn6	37	15	https://twitter.com/MarceTanaYQue/status/1451013308438355972	False	2922	3225
Thu Oct 21 02:31:41 +0000 2021	parragagilda	"RT @pormifuturo1: Derrota paz hablando de no hacer oportunismo político con la pandemia????? 

Danos una explicación NO política de por qué…"	0	46	https://twitter.com/parragagilda/status/1451013290587426825	False	1971	2502
Thu Oct 21 02:31:37 +0000 2021	mariamorena___	"que bueno que nunca me enseñaron a manejar
#DebateBsAs"	0	0	https://twitter.com/mariamorena___/status/1451013271343939589	False	73	158
Thu Oct 21 02:31:33 +0000 2021	fedeberta	"Retweet si vos tb elegís el minuto de Randazzo para ponerle hielo al fernet.
#DebateBsAs"	4	1	https://twitter.com/fedeberta/status/1451013256714211328	False	438	663
Thu Oct 21 02:31:18 +0000 2021	alexiaskoufalos	"la risita tensa de Tolosa Paz
#adosvoces 
#DebateBsAs 
#Debateprovincia https://t.co/SzWAi4AQAX"	3	0	https://twitter.com/alexiaskoufalos/status/1451013192075780107	False	168	836
Thu Oct 21 02:31:15 +0000 2021	PaKCar1975	"#TolosaPaz parce la tía borracha que tiene que hacer el brindis final en un casamiento. 
#DebateBsAs 
#DebateBuenosAires"	5	6	https://twitter.com/PaKCar1975/status/1451013182114254848	False	2453	3168
Thu Oct 21 02:31:13 +0000 2021	patsierra	#TolosaMentirosa dice que nos cuidaron. Jajajajajaja #DebateBsAs	1	0	https://twitter.com/patsierra/status/1451013171863441408	False	1753	2883
Thu Oct 21 02:31:02 +0000 2021	SilvanaArruti	Me voy a dormir, un embole el #DebateBsAs	2	0	https://twitter.com/SilvanaArruti/status/1451013128196530184	False	2610	2074
Thu Oct 21 02:30:58 +0000 2021	cfcanciani2673	@CynthiaHotton la verdad no entiendo...en donde queda el amor al prójimo de q habla la biblia si criticas las iglesias abiertas para alimentar a la gente..diria: misericordia recibiste, misericordia da #DebateBsAs	0	0	https://twitter.com/cfcanciani2673/status/1451013110731395072	False	13	200
Thu Oct 21 02:30:58 +0000 2021	NeneQuinte	"RT @pablo71scott: #DebateBsAs 
#Debateprovincia 

Gracias @RandazzoF  anda nomas, anda y no vuelvas... No serviste nunca para una mierd4...…"	0	2	https://twitter.com/NeneQuinte/status/1451013107577282568	False	2331	2809
Thu Oct 21 02:30:54 +0000 2021	NBrotzmann	"@EzequielSalasOk Es por lejos la menos preparada de los 6 candidatos..
#DebateBsAs"	0	0	https://twitter.com/NBrotzmann/status/1451013091886387202	False	1139	1161
Thu Oct 21 02:30:52 +0000 2021	gabrielama3332	"RT @pormifuturo1: Derrota paz hablando de no hacer oportunismo político con la pandemia????? 

Danos una explicación NO política de por qué…"	0	46	https://twitter.com/gabrielama3332/status/1451013083955007493	False	169	626
Thu Oct 21 02:30:52 +0000 2021	Cecilucero6	Del Caño asoció a la pandemia con un problema ambiental provocado por el Capitalismo… un fenómeno!!😂😂🤦‍♀️🤦‍♀️ #DebateBsAs	0	0	https://twitter.com/Cecilucero6/status/1451013083808223238	False	384	425
Thu Oct 21 02:30:39 +0000 2021	stakevich	"RT @pormifuturo1: Derrota paz hablando de no hacer oportunismo político con la pandemia????? 

Danos una explicación NO política de por qué…"	0	46	https://twitter.com/stakevich/status/1451013030540574721	False	1789	4180
Thu Oct 21 02:30:36 +0000 2021	HijoLiberal	"La precariedad discursiva de Hotton... 
#DebateBsAs https://t.co/rEtG6HZSHl"	6	0	https://twitter.com/HijoLiberal/status/1451013019220070401	False	239	609
Thu Oct 21 02:30:33 +0000 2021	tefinicolosi_	RT @zurdoinutil: Para mi todo tiene que ser gratis #DebateBsAs	0	20	https://twitter.com/tefinicolosi_/status/1451013003046887427	False	446	1083
Thu Oct 21 02:30:29 +0000 2021	Sditomaso	#DebateBsAs #Debateprovincia que mal que lean los candidatos. Da sensación de escasa construcción propia https://t.co/KHo259K2JA	0	0	https://twitter.com/Sditomaso/status/1451012986273894403	False	2515	1252
Thu Oct 21 02:30:24 +0000 2021	santiagodambros	RT @arias_marilina: Ley de humedales ya!! Lo dijo @NicolasdelCano en #DebateBsAs #LaIzquierdaAlCongreso	0	3	https://twitter.com/santiagodambros/status/1451012966594273284	False	770	1864
Thu Oct 21 02:30:19 +0000 2021	CarlitaLo	#DebateBsAs y si declaran todo esencial y se dejan de joder?	0	0	https://twitter.com/CarlitaLo/status/1451012945446457350	False	56	272
Thu Oct 21 02:30:17 +0000 2021	Eugenitem	RT @zurdoinutil: Para mi todo tiene que ser gratis #DebateBsAs	0	20	https://twitter.com/Eugenitem/status/1451012936986550275	False	359	1050
Thu Oct 21 02:30:06 +0000 2021	nicolas1023	A esta señora quien la voto? Lo que le importa es la iglesia, el deporte, nada más jajajaja #DebateBsAs	0	0	https://twitter.com/nicolas1023/status/1451012891092606978	False	2946	2861
Thu Oct 21 02:29:45 +0000 2021	RozasMarianok	Tolosa Paz (la garchadora), la nueva Victoria Donda🤮, es la gran perdedora del debate. #DebateBsAs https://t.co/QBrJnT2kxW	1	0	https://twitter.com/RozasMarianok/status/1451012805209911297	False	661	523
Thu Oct 21 02:29:39 +0000 2021	Roxanaigl	"RT @pormifuturo1: Derrota paz hablando de no hacer oportunismo político con la pandemia????? 

Danos una explicación NO política de por qué…"	0	46	https://twitter.com/Roxanaigl/status/1451012779440164865	False	8	59
Thu Oct 21 02:29:38 +0000 2021	Kali_De_Nadie	Espert: Sacar las obras sociales a los sindicatos e integrar las obras sociales a los hospitales al estilo europeo. #DebateBsAs	0	0	https://twitter.com/Kali_De_Nadie/status/1451012774746755073	False	1105	1387
Thu Oct 21 02:29:14 +0000 2021	aapolo_	Randazzo quiere una historia clínica asociada al DNI y hay hospitales que se caen a pedazos. No es mala idea, pero no es lo urgente para el país. #DebateBsAs	0	0	https://twitter.com/aapolo_/status/1451012674972651522	False	347	541
Thu Oct 21 02:29:13 +0000 2021	andres_meza96	Espert todo el tiempo quiere atacar a Tolosa Paz y ella ni cabida, no entra en su juego. Tiene que claro que su rival es Santilli #DebateBsAs	0	0	https://twitter.com/andres_meza96/status/1451012671160029184	False	1405	1406
Thu Oct 21 02:29:13 +0000 2021	Marianita_blanc	me duele decirlo por que voy a votar a @diegosantilli  pero el único que planteó Ideas , leyes y propuestas bien claras fue randazzo ! La verdad me sorprende y brindo por este tipo de planteos ! #DebateBsAs #tn	1	0	https://twitter.com/Marianita_blanc/status/1451012669385764869	False	62	269
Thu Oct 21 02:29:08 +0000 2021	patsierra	Dice #Randazzo hablando de los accidentes viales “es la mayor muerte natural de los jóvenes” what?????  Si es un accidente vial no es muerte natural!!!! #DebateBsAs	0	0	https://twitter.com/patsierra/status/1451012650020655106	False	1753	2883
Thu Oct 21 02:28:56 +0000 2021	SeDiceNaiki	RT @zurdoinutil: Me había faltado la palabra “capitalismo”, ya estoy realizado! #DebateBsAs	0	7	https://twitter.com/SeDiceNaiki/status/1451012596639936521	False	1286	4987
Thu Oct 21 02:28:51 +0000 2021	RugbierZN	"RT @falansteriano: ¿La pandemia es resultado de la deforestación, Del Caño?
#DebateBsAs https://t.co/Gv3wG7jTiY"	0	7	https://twitter.com/RugbierZN/status/1451012578059116550	False	6731	3073
Thu Oct 21 02:28:50 +0000 2021	changuitoencaba	Las bases a las que quiere volver Santilli es al grupusculo de 50 vejestorios antivacunas olor a naftalina de marca que viven en Barrio Norte y Recoleta. #DebateBsAs #Debateprovincia #debate	4	0	https://twitter.com/changuitoencaba/status/1451012573642457088	False	40	96
Thu Oct 21 02:28:49 +0000 2021	VeroFFS	"RT @pormifuturo1: Derrota paz hablando de no hacer oportunismo político con la pandemia????? 

Danos una explicación NO política de por qué…"	0	46	https://twitter.com/VeroFFS/status/1451012568563154946	False	7567	6892
Thu Oct 21 02:28:47 +0000 2021	AlinaNellen	RT @DANYD8: #DebateBsAs sin carisma el único que da propuestas claras es #Santilli @diegosantilli el resto chusmas de feria FIN	0	33	https://twitter.com/AlinaNellen/status/1451012561370075136	False	3461	4249
Thu Oct 21 02:28:40 +0000 2021	AntonellaIs2	"Espert me comenzó a caer bien 

#DebateBuenosAires #DebateBsAs https://t.co/QK2EfOCE0U"	5	0	https://twitter.com/AntonellaIs2/status/1451012530114027525	False	11	225
Thu Oct 21 02:28:35 +0000 2021	Hartita16	"RT @pormifuturo1: Derrota paz hablando de no hacer oportunismo político con la pandemia????? 

Danos una explicación NO política de por qué…"	0	46	https://twitter.com/Hartita16/status/1451012508618133509	False	957	1465
Thu Oct 21 02:28:34 +0000 2021	chelito2012	"RT @pormifuturo1: Derrota paz hablando de no hacer oportunismo político con la pandemia????? 

Danos una explicación NO política de por qué…"	0	46	https://twitter.com/chelito2012/status/1451012506768580608	False	505	1346
Thu Oct 21 02:28:31 +0000 2021	sofivega3011	Tolosa Paz diciendo que durante la pandemia nigún médico tuvo que elegir entre pacientes a quienes darle un respirador. Donde vivía? #DebateBsAs	1	0	https://twitter.com/sofivega3011/status/1451012493678039045	False	144	201
Thu Oct 21 02:28:28 +0000 2021	oh_cabesa	"Randazzo: ""Quiere alguien pensar en los niños gordos?"".
#DebateBsAs"	1	0	https://twitter.com/oh_cabesa/status/1451012481753628673	False	174	190
Thu Oct 21 02:28:28 +0000 2021	Kali_De_Nadie	Haciendo una mirada de género, las mujeres en el debate… de terror. #DebateBsAs	1	0	https://twitter.com/Kali_De_Nadie/status/1451012481699119104	False	1105	1387
Thu Oct 21 02:28:25 +0000 2021	Fiambrolo	"Del Caño bien de zurdo llamando ""agrotóxicos"" a los agroquímicos que motorizan nuestra economía

#DebateBuenosAires
#DebateBsAs"	9	1	https://twitter.com/Fiambrolo/status/1451012468075945985	False	6313	6174
Thu Oct 21 02:28:23 +0000 2021	EliThi	"RT @faviore: ""La pandemia es resultado de la deforestacion"", tiró Del Caño. La izquierda vive en un universo tan paralelo que ni Dios lo co…"	0	2	https://twitter.com/EliThi/status/1451012458370375690	False	3287	3917
Thu Oct 21 02:28:18 +0000 2021	CaaroToledoo	Tolosa paz, sos una caradura! Meses tuvimos para ver lo que pasaba en europa, 1 año y medio encerrados 40% de pobres Dejame de joder basta de esta gente por favor BASTA CHORROS. #DebateBsAs @JMilei @RAMIROMARRA @VickyVillarruel ellos dan clases de economia gratis y no plata	0	0	https://twitter.com/CaaroToledoo/status/1451012437738618882	False	4	28
Thu Oct 21 02:28:17 +0000 2021	nicolas1023	Espert y Milei dan miedo. Como hay gente que los vota? #DebateBsAs	0	0	https://twitter.com/nicolas1023/status/1451012434714574848	False	2946	2861
Thu Oct 21 02:28:16 +0000 2021	pepepuenteok	@anitepuen Qué pasó??? Le@pediste fotocopia color y te las hizo en blanco y negro??? #DebateBsAs #Debateprovincia #debate	0	0	https://twitter.com/pepepuenteok/status/1451012431170310150	False	246	672
Thu Oct 21 02:28:14 +0000 2021	Miguelaco501	RT @amspiorno: Derrota Paz no tenes cara de hablar de los médicos! Ni vos ni tu gobierno! Caras duras! #DebateBsAs	0	1	https://twitter.com/Miguelaco501/status/1451012422853173248	False	17	4
Thu Oct 21 02:28:14 +0000 2021	GiulianoSpano99	#DebateBsAs que payaso sos @NicolasdelCano https://t.co/RIzIuluad5	0	0	https://twitter.com/GiulianoSpano99/status/1451012420214800387	False	35	708
Thu Oct 21 02:28:14 +0000 2021	LACUCHILLERA_	VICTORIA ANTES DE ARRANCAR SE TOMÓ UN:   #DebateBsAs https://t.co/m5QXP5Rxx8	50	8	https://twitter.com/LACUCHILLERA_/status/1451012419841495044	False	5409	598
Thu Oct 21 02:28:09 +0000 2021	VickyTeruggi	RT @fermingez69: A Del Caño no le avisaron los módulos temáticos. Que mala gente capitalista. Es gestión de pandemia y habla de deforestaci…	0	1	https://twitter.com/VickyTeruggi/status/1451012401692770304	False	1328	1952
Thu Oct 21 02:28:03 +0000 2021	CarlosPatric123	RT @AbejitaReina80: Derrota Paz en lo que va de #DebateBsAs 7 veces mencionó a Macri. Lo único que tiene para proponer es: Ahhhh pero Macri…	0	3	https://twitter.com/CarlosPatric123/status/1451012376225107973	False	1398	1430
Thu Oct 21 02:27:55 +0000 2021	LucenaChimi	"RT @pormifuturo1: Derrota paz hablando de no hacer oportunismo político con la pandemia????? 

Danos una explicación NO política de por qué…"	0	46	https://twitter.com/LucenaChimi/status/1451012342167261185	False	3082	4711
Thu Oct 21 02:27:55 +0000 2021	silice777	Muajajjajajajjaj #DebateBsAs https://t.co/ygT22yzefF	0	0	https://twitter.com/silice777/status/1451012341718388738	False	348	851
Thu Oct 21 02:27:54 +0000 2021	AleHuchaime	"RT @ezebisso: El 14 de Noviembre decimos #Basta.
#DebateBsAs https://t.co/4AL5JaMWvb"	0	3	https://twitter.com/AleHuchaime/status/1451012337209466889	False	1353	1136
Thu Oct 21 02:27:50 +0000 2021	EricaSeitler	"Calidad de educación es trabajo con derechos, plan de conectividad y presupuesto para infraestructura. Y justicia para Sandra y Rubén 
#LaIzquierdaAlCongreso 
#DebateBsAs https://t.co/y5iVZJX3Zv"	1	1	https://twitter.com/EricaSeitler/status/1451012319404724228	False	35	207
Thu Oct 21 02:27:47 +0000 2021	Claubonara	RT @arias_marilina: Ley de humedales ya!! Lo dijo @NicolasdelCano en #DebateBsAs #LaIzquierdaAlCongreso	0	3	https://twitter.com/Claubonara/status/1451012307983605764	False	5473	204
Thu Oct 21 02:27:43 +0000 2021	Luke_White79	Me muero…. Hasta @CynthiaHotton la llevo a pasear en UBER a Derrota @vtolosapaz #DebateBsAs #Debateprovincia	1	0	https://twitter.com/Luke_White79/status/1451012293693612037	False	250	732
Thu Oct 21 02:27:37 +0000 2021	MariaJoseValde9	Del Caño acaba de decir que la pandemia es también el resultado de la ...¿DEFORESTACIÓN? #DebateBsAs	0	0	https://twitter.com/MariaJoseValde9/status/1451012265512108040	False	34	90
Thu Oct 21 02:27:33 +0000 2021	mati_borzi	"RT @falansteriano: ¿La pandemia es resultado de la deforestación, Del Caño?
#DebateBsAs https://t.co/Gv3wG7jTiY"	0	7	https://twitter.com/mati_borzi/status/1451012249842290690	False	213	391
Thu Oct 21 02:27:23 +0000 2021	kanzinov	Mas que #DebateBsAs es un gallinero de fachos. Sólo @NicolasdelCano habla de lo que le interesa a los #trabajadores, a la gente real. Temas reales, no esas frases hechas con las que se llenan la boca, pero en lo cotidiano desconocen.	1	0	https://twitter.com/kanzinov/status/1451012208532492292	False	108	198
Thu Oct 21 02:27:21 +0000 2021	AnaliaCab	Está Fatima Florez en el #DebateBsAs ? 🤣🤣	1	0	https://twitter.com/AnaliaCab/status/1451012199716057093	False	1539	1144
Thu Oct 21 02:27:21 +0000 2021	barbarareynoso5	RT @ZilOliv_: La verdad: entierren a Perón definitivamente o nos hundimos. Vivir del pasado atrasa e impide crecer. #DebateBsAs A dormir.	0	7	https://twitter.com/barbarareynoso5/status/1451012199338684422	False	2451	2377
Thu Oct 21 02:27:16 +0000 2021	fermingez69	A Del Caño no le avisaron los módulos temáticos. Que mala gente capitalista. Es gestión de pandemia y habla de deforestación y ley de humedades. #DebateBsAs	2	1	https://twitter.com/fermingez69/status/1451012179847614464	False	2192	1380
Thu Oct 21 02:27:09 +0000 2021	faviore	"""La pandemia es resultado de la deforestacion"", tiró Del Caño. La izquierda vive en un universo tan paralelo que ni Dios lo conoce #DebateBsAs"	24	2	https://twitter.com/faviore/status/1451012147215958021	False	3810	605
Thu Oct 21 02:27:04 +0000 2021	Cecilucero6	"Randazo fue al debate? O salió lesionado?
#DebateBsAs"	0	0	https://twitter.com/Cecilucero6/status/1451012128031182856	False	384	425
Thu Oct 21 02:27:04 +0000 2021	ZilOliv_	La verdad: entierren a Perón definitivamente o nos hundimos. Vivir del pasado atrasa e impide crecer. #DebateBsAs A dormir.	37	7	https://twitter.com/ZilOliv_/status/1451012127662108675	False	36804	37444
Thu Oct 21 02:27:01 +0000 2021	pormifuturo1	"Derrota paz hablando de no hacer oportunismo político con la pandemia????? 

Danos una explicación NO política de por qué compraron Sputnik y no Pfizer…

#DebateBsAs"	98	46	https://twitter.com/pormifuturo1/status/1451012115897085963	False	1193	1046
Thu Oct 21 02:26:58 +0000 2021	LautaroJimenezB	"Nicolás del Caño recordando que #La7722NoSeToca y la fuerza del pueblo en las calles derrotó la #Megaminería 
#LaIzquierdaAlCongreso #DebateBsAs"	39	15	https://twitter.com/LautaroJimenezB/status/1451012101598683137	False	2897	896
Thu Oct 21 02:26:56 +0000 2021	eladrivago	La verdad que mirar un debate de políticos...que después no hace nada, como que no da. #TN #DebateBsAs	0	0	https://twitter.com/eladrivago/status/1451012095726604288	False	173	452
Thu Oct 21 02:26:53 +0000 2021	fsaracho2014	Voten la #LeyDeHumedales dice @NicolasdelCano en #DebateBsAs #LaIzquierdaAlCongreso	6	0	https://twitter.com/fsaracho2014/status/1451012081122115584	False	1279	2847
Thu Oct 21 02:26:49 +0000 2021	leojavi2	RT @zurdoinutil: Me había faltado la palabra “capitalismo”, ya estoy realizado! #DebateBsAs	0	7	https://twitter.com/leojavi2/status/1451012064172937217	False	2031	5004
Thu Oct 21 02:26:46 +0000 2021	LorLauren1	"Santilli pensó en los comerciantes de CABA??! 
#DebateBsAs"	0	0	https://twitter.com/LorLauren1/status/1451012053536161796	False	75	726
Thu Oct 21 02:26:46 +0000 2021	cotigesino	Que porquería #DebateBsAs !	1	0	https://twitter.com/cotigesino/status/1451012052839907330	False	1261	1291
Thu Oct 21 02:26:41 +0000 2021	auramol	"No puede haber oportunismo político dice Derrota Paz hablando de las vacunas ...me dan ganas de grrrrrr grrrrrr #caradura 
#DebateBsAs"	1	0	https://twitter.com/auramol/status/1451012032929492992	False	212	529
Thu Oct 21 02:26:39 +0000 2021	nicolas1023	"RT @falansteriano: ¿La pandemia es resultado de la deforestación, Del Caño?
#DebateBsAs https://t.co/Gv3wG7jTiY"	0	7	https://twitter.com/nicolas1023/status/1451012023937118211	False	2946	2861
Thu Oct 21 02:26:36 +0000 2021	arias_marilina	Ley de humedales ya!! Lo dijo @NicolasdelCano en #DebateBsAs #LaIzquierdaAlCongreso	6	3	https://twitter.com/arias_marilina/status/1451012012759154690	False	1328	745
Thu Oct 21 02:26:35 +0000 2021	lucasrrizo	RT @zurdoinutil: Me había faltado la palabra “capitalismo”, ya estoy realizado! #DebateBsAs	0	7	https://twitter.com/lucasrrizo/status/1451012006551506948	False	463	430
Thu Oct 21 02:26:32 +0000 2021	vmarcaccio	@vtolosapaz #DebateBsAs “Ví cómo se desangró en la puerta de su casa”: conmoción en Rosario por el asesinato de un arquitecto de 34 años - Infobae https://t.co/FrVxgI2NtX	0	0	https://twitter.com/vmarcaccio/status/1451011995382075393	False	372	395
Thu Oct 21 02:26:31 +0000 2021	Luis_84_21	#DebateBsAs Espert https://t.co/JDVGEauHfN	0	0	https://twitter.com/Luis_84_21/status/1451011990596427776	False	93	164
Thu Oct 21 02:26:31 +0000 2021	avilasant	"RT @falansteriano: ¿La pandemia es resultado de la deforestación, Del Caño?
#DebateBsAs https://t.co/Gv3wG7jTiY"	0	7	https://twitter.com/avilasant/status/1451011988511879171	False	2080	1714
Thu Oct 21 02:26:30 +0000 2021	emicolusi	"Espert es macabro 
#DebateBsAs"	0	0	https://twitter.com/emicolusi/status/1451011985013817345	False	19	159
Thu Oct 21 02:26:25 +0000 2021	Das_Jabali	"Del caño: la pandemia es culpa de la deforestación.
#DebateBsAs #DebateBuenosAires"	0	0	https://twitter.com/Das_Jabali/status/1451011963266338818	False	41	406
Thu Oct 21 02:26:13 +0000 2021	falansteriano	"¿La pandemia es resultado de la deforestación, Del Caño?
#DebateBsAs https://t.co/Gv3wG7jTiY"	28	7	https://twitter.com/falansteriano/status/1451011914595647492	False	3140	1865
Thu Oct 21 02:26:12 +0000 2021	nicolasdavantt	#DebateBsAs Sin duda. https://t.co/6xUB50030i	1	0	https://twitter.com/nicolasdavantt/status/1451011911500255235	False	79	110
Thu Oct 21 02:26:10 +0000 2021	LuLeikis	"Y nuevamente una foto vale más que mil segundos de barbaridades.
#LaIzquierdaAlCongreso 
#DebateBsAs https://t.co/zb7LEblZ2i"	12	4	https://twitter.com/LuLeikis/status/1451011899718471683	False	869	153
Thu Oct 21 02:26:02 +0000 2021	Ibarra_Ale	"Lo único que miro, es si respetan al tiempo que les dan.

#DebateBsAs"	2	0	https://twitter.com/Ibarra_Ale/status/1451011869305565184	False	4796	811
Thu Oct 21 02:26:02 +0000 2021	fernam28	"RT @MechiCOk: Es muy de kirchnerista decir q estas haciendo algo q todos sabemos q no haces ni vas a hacer 
#DebateBsAs https://t.co/obFXjv…"	0	3	https://twitter.com/fernam28/status/1451011866239520768	False	65	206
Thu Oct 21 02:25:47 +0000 2021	TomasDomes1	Cuando habla del ñoca medio que me duuuuerrrrmoooooooouuuu 😪😪😪 #DebateBsAs	0	0	https://twitter.com/TomasDomes1/status/1451011804864286720	False	133	255
Thu Oct 21 02:25:39 +0000 2021	ArtemisaDH	RT @zurdoinutil: Me había faltado la palabra “capitalismo”, ya estoy realizado! #DebateBsAs	0	7	https://twitter.com/ArtemisaDH/status/1451011772039798786	False	198	385
Thu Oct 21 02:25:36 +0000 2021	Gutierrrrrrez	"Estos debates son para cagarse de risa.

O alguien cree que puede mover un voto?

#DebateBsAs"	0	0	https://twitter.com/Gutierrrrrrez/status/1451011757321846785	False	559	925
Thu Oct 21 02:25:25 +0000 2021	ChapuPerea	#DebateBsAs @CynthiaHotton para tener espiritualidad hay que comer primero	0	0	https://twitter.com/ChapuPerea/status/1451011714036613125	False	136	405
Thu Oct 21 02:25:20 +0000 2021	patsierra	#DelCaño habla de deforestación… bueno, hay mucho deforestado ahí. #DebateBsAs	1	0	https://twitter.com/patsierra/status/1451011690766606349	False	1753	2883
Thu Oct 21 02:25:18 +0000 2021	amspiorno	Derrota Paz no tenes cara de hablar de los médicos! Ni vos ni tu gobierno! Caras duras! #DebateBsAs	1	1	https://twitter.com/amspiorno/status/1451011684965838849	False	14	162
Thu Oct 21 02:25:18 +0000 2021	changuitoencaba	Tolosa Paz, lo que no agradecen les mediques es que siguen con salarios de pobreza, precarizados y en condiciones laborales lamentables! Dejá de bolasear! #DebateBsAs #debate #Debateprovincia	3	0	https://twitter.com/changuitoencaba/status/1451011681912459265	False	40	96
Thu Oct 21 02:25:14 +0000 2021	intisumaj2	"Vi como ignoraron a Florencio
#DebateBsAs"	8	0	https://twitter.com/intisumaj2/status/1451011666481598465	False	16785	11101
Thu Oct 21 02:25:09 +0000 2021	zurdoinutil	Me había faltado la palabra “capitalismo”, ya estoy realizado! #DebateBsAs	54	7	https://twitter.com/zurdoinutil/status/1451011647858827264	False	21548	21254
Thu Oct 21 02:25:01 +0000 2021	stonksjosue	Resumen de las propuestas de Hottom: Coincido #DebateBsAs #DebateBuenosAires	0	0	https://twitter.com/stonksjosue/status/1451011613268480004	False	13	139
Thu Oct 21 02:24:58 +0000 2021	joaquinchaulet	"Hola @ContadorMacri ¿Están haciendo el conteo de cuántas veces dijo y dice #Macri Toloza Paz en el #DebateBuenosAires?
#DebateBsAs
#Debateprovincia"	1	0	https://twitter.com/joaquinchaulet/status/1451011601134350339	False	237	1020
Thu Oct 21 02:24:55 +0000 2021	Luke_White79	Flaco @NicolasdelCano por favor págate un fonoaudiólogo #Debateprovincia #DebateBsAs https://t.co/kyOrwqlEX6	2	0	https://twitter.com/Luke_White79/status/1451011586852675585	False	250	732
Thu Oct 21 02:24:42 +0000 2021	Matias27489072	#DebateBsAs Tolosa Paz, me pone nervioso el parpadeo parece un robot. Creado para decir ah pero Macri.	0	0	https://twitter.com/Matias27489072/status/1451011531638861828	False	0	0
Thu Oct 21 02:24:40 +0000 2021	TITANPATRIOT	RT @zurdoinutil: Para mi todo tiene que ser gratis #DebateBsAs	0	20	https://twitter.com/TITANPATRIOT/status/1451011522776338438	False	355	1219
Thu Oct 21 02:24:29 +0000 2021	KevinRruel	"Che @vtolosapaz entonces con el ""ah pero Macri"" bajamos la inflación y la inseguridad?? #Debateprovincia #DebateBsAs"	3	1	https://twitter.com/KevinRruel/status/1451011476274089985	False	113	225
Thu Oct 21 02:24:27 +0000 2021	Blanquit00	Hotton es Maude Flanders pero más siniestra #DebateBsAs	1	0	https://twitter.com/Blanquit00/status/1451011469726736396	False	6270	381
Thu Oct 21 02:24:18 +0000 2021	ceciisoler	Espert nació para debatir. Clarísimo y pegando donde debe. #EsConEspert #DebateBsAs	4	0	https://twitter.com/ceciisoler/status/1451011430723981316	False	1624	680
Thu Oct 21 02:24:17 +0000 2021	oh_cabesa	"En el debate anterior secó el peluquín de Milei con 'falacia'. En este el pelado botón tira 'la grieta' seis veces por frase.
#DebateBsAs"	1	0	https://twitter.com/oh_cabesa/status/1451011426856812547	False	174	190
Thu Oct 21 02:24:09 +0000 2021	ADMS_oficial	"La mejor oradora hasta el momento es @CynthiaHotton y en segundo lugar arrasa @jlespert 

@vtolosapaz @diegosantilli son deprimentes (típico de la grieta pedorra) y @NicolasdelCano y @RandazzoF dan vergüenza!!!!

#DebateBsAs"	0	0	https://twitter.com/ADMS_oficial/status/1451011395424698374	False	125	189
Thu Oct 21 02:24:08 +0000 2021	MatiasssCabrera	"La cantidad de incoherencias que dice @vtolosapaz @diegosantilli y @RandazzoF además de no contestar a las preguntas que les hizo @jlespert es aberrante, inseguridad, inflación, justicia, no tienen idea de nada y puras mentiras.
Espert pura lógica y muy inteligente.
#DebateBsAs"	0	0	https://twitter.com/MatiasssCabrera/status/1451011389963661313	False	91	569
Thu Oct 21 02:24:06 +0000 2021	changuitoencaba	Keh!? Hotton no tiene ni idea lo que cuesta el gramo de flores! Durante la cuarentena lo más cerca de la droga que estuve fue adoptar un gato! #Debateprovincia #DebateBsAs #debate	0	0	https://twitter.com/changuitoencaba/status/1451011380664881154	False	40	96
Thu Oct 21 02:23:56 +0000 2021	LuckstormV	Nadie habló del adoctrinamiento escolar. Una macana. #DebateBsAs	0	0	https://twitter.com/LuckstormV/status/1451011337652355072	False	268	1105
Thu Oct 21 02:23:45 +0000 2021	Alejand37541978	#DebateBsAs VERGÜENZA T PAZ Q HABLE DE SU COMPAÑERO DE FORMULA Q HABLO DE MUERTE ETC Y SOSTUVO LA CUARENTENA ETERNA.	1	0	https://twitter.com/Alejand37541978/status/1451011295419899904	False	412	745
Thu Oct 21 02:23:44 +0000 2021	AlmaFuerte40	"#DebateBsAs @vtolosapaz 
Estas dando un debate donde todos te atacan!!!
Lo tuyo es digno y muy valioso.
Solo tienen criticas y mentiras, poniendose de acuerdo en como hacerte quedar mal. 
Los dejaste en ridiculos a todos.
Una pandemia que no se sabia hasta donde iba a llegar.✌🇦🇷"	3	1	https://twitter.com/AlmaFuerte40/status/1451011288943894528	False	2927	1990
Thu Oct 21 02:23:35 +0000 2021	NicolsCelasco	RT @byesexualbitch: Hotton tiene cara y cerebro de barbie porque es re hueca COMO VAS A DECIR CON MIS HIJOS NO TE METAS Y DECIR QUE ES UNA…	0	1	https://twitter.com/NicolsCelasco/status/1451011249538404357	False	22	20
Thu Oct 21 02:23:28 +0000 2021	Armesto_88	"Nadie:
En serio nadie:
Hotton: nos cerraron las iglesias durante la pandemia!!!!!
#Debateprovincia #DebateBsAs"	1	0	https://twitter.com/Armesto_88/status/1451011220421570562	False	546	720
Thu Oct 21 02:23:18 +0000 2021	MariaVe51879462	"Que grande @TaricoAriel  !!!
#DerrotaPaz
#DebateBsAs https://t.co/qzGtJZdBMF"	0	0	https://twitter.com/MariaVe51879462/status/1451011179665448961	False	1374	2394
Thu Oct 21 02:23:10 +0000 2021	pablo71scott	"#DebateBsAs 
#Debateprovincia 

Gracias @RandazzoF  anda nomas, anda y no vuelvas... No serviste nunca para una mierd4...
 Y ahora de viejo choto te haces el distinto???
Anda con @SergioMassa, Flor... de payaso!!!"	3	2	https://twitter.com/pablo71scott/status/1451011148032053254	False	3208	5006
Thu Oct 21 02:23:08 +0000 2021	byesexualbitch	Hotton tiene cara y cerebro de barbie porque es re hueca COMO VAS A DECIR CON MIS HIJOS NO TE METAS Y DECIR QUE ES UNA IRONIA QUE EL ABORTO SEA LEGAL #LaIzquierdaAlCongreso #DebateBsAs	1	1	https://twitter.com/byesexualbitch/status/1451011140155150341	False	5465	6142
Thu Oct 21 02:23:04 +0000 2021	dani_alimenti	Imagínate ser @vtolosapaz y tener q ir a saludar a Cris después del #DebateBsAs	0	0	https://twitter.com/dani_alimenti/status/1451011119837900800	False	364	604
Thu Oct 21 02:23:03 +0000 2021	juanmathiasmdp	"Lo de Hotton fue una joda, y quedó.
#DebateBsAs"	2	0	https://twitter.com/juanmathiasmdp/status/1451011117459800075	False	675	1765
Thu Oct 21 02:23:02 +0000 2021	Dante_III	Espert cree que esta en un debate en 1748, es mi una explicación para las cosas que propone #Debateprovincia #DebateBsAs	0	0	https://twitter.com/Dante_III/status/1451011114959925253	False	359	535
Thu Oct 21 02:23:02 +0000 2021	Cotychasco	"Alguien quiere contestarle a #espert?

#DebateBsAs #Debateprovincia https://t.co/QfSqMhDVwX"	5	1	https://twitter.com/Cotychasco/status/1451011114209198080	False	946	2120
Thu Oct 21 02:22:52 +0000 2021	emanuellp42	"RT @BalbuenaDavEze: ""Basta de imposición en ideología de género. Con los chicos no se metan"" #CynthiaHotton #DebateBsAs #HottonenTN https:/…"	0	12	https://twitter.com/emanuellp42/status/1451011069355331587	False	94	153
Thu Oct 21 02:22:49 +0000 2021	MorenoVuelve	"Tolosa Paz acaba de blanquear que el año que viene va a estar gobernando Larreta

#DebateBsAs #DebateBuenosAires https://t.co/pvP5RJsCvX"	4	0	https://twitter.com/MorenoVuelve/status/1451011059980988416	False	1214	2266
Thu Oct 21 02:22:49 +0000 2021	MechiCOk	"Es muy de kirchnerista decir q estas haciendo algo q todos sabemos q no haces ni vas a hacer 
#DebateBsAs https://t.co/obFXjvn9h0"	12	3	https://twitter.com/MechiCOk/status/1451011058592743424	False	3131	4007
Thu Oct 21 02:22:23 +0000 2021	patsierra	Me voy a ver Netflix, este debate es extremadamente onanista #DebateBsAs	0	0	https://twitter.com/patsierra/status/1451010950312562694	False	1753	2883
Thu Oct 21 02:22:14 +0000 2021	monicangonzalez	RT @AbejitaReina80: Derrota Paz en lo que va de #DebateBsAs 7 veces mencionó a Macri. Lo único que tiene para proponer es: Ahhhh pero Macri…	0	3	https://twitter.com/monicangonzalez/status/1451010913830588417	False	459	1031
Thu Oct 21 02:22:12 +0000 2021	ejdc59	RT @DANYD8: #DebateBsAs sin carisma el único que da propuestas claras es #Santilli @diegosantilli el resto chusmas de feria FIN	0	33	https://twitter.com/ejdc59/status/1451010902703198209	False	4627	5070
Thu Oct 21 02:22:08 +0000 2021	Penelope_SinGla	RT @zurdoinutil: Para mi todo tiene que ser gratis #DebateBsAs	0	20	https://twitter.com/Penelope_SinGla/status/1451010886814945285	False	102	165
Thu Oct 21 02:21:56 +0000 2021	MoronOeste	"Pero tú gobierno los saca a la calle......raro lo que propones 
#DebateBsAs 
#AhPeroMacri https://t.co/SvjmWCbZcu"	1	0	https://twitter.com/MoronOeste/status/1451010838307893251	False	125	270
Thu Oct 21 02:21:55 +0000 2021	MariaVe51879462	"#DebateBsAs
#DerrotaPaz
Groso @TaricoAriel !!! https://t.co/QSn7K5rHWU"	1	0	https://twitter.com/MariaVe51879462/status/1451010831429165059	False	1374	2394
Thu Oct 21 02:21:53 +0000 2021	changuitoencaba	Les dije que Tolosa Paz se quiere colgada de las tetas de @NicolasdelCano #Debateprovincia #DebateBsAs #debate https://t.co/DhBKRKFI4y	1	0	https://twitter.com/changuitoencaba/status/1451010824210767872	False	40	96
Thu Oct 21 02:21:53 +0000 2021	Roquepro15	RT @DANYD8: #DebateBsAs sin carisma el único que da propuestas claras es #Santilli @diegosantilli el resto chusmas de feria FIN	0	33	https://twitter.com/Roquepro15/status/1451010823766294528	False	1318	1855
Thu Oct 21 02:21:52 +0000 2021	carolesang	✨ no entiendo ✨ como alguien puede estar en contra de la ESI, wtf hermanxs #DebateBsAs	0	0	https://twitter.com/carolesang/status/1451010818003259395	False	191	387
Thu Oct 21 02:21:50 +0000 2021	MuroCarlos	@jlespert le dice Tolosa Paz porque no sabe lo que es una Victoria #DebateBsAs	0	0	https://twitter.com/MuroCarlos/status/1451010811552362500	False	477	281
Thu Oct 21 02:21:49 +0000 2021	md_yanki	Veo que están todos con el #DebateBsAs así que como la verdad me nefrega, les comento que los bravos le están ganando a los Dodgers 5 a 2 en la parte baja de la sexta.	3	0	https://twitter.com/md_yanki/status/1451010806380777474	False	2321	2626
Thu Oct 21 02:21:45 +0000 2021	Thiago87731366	Espert ganó el debate, fin de la discusión #DebateBsAs	0	0	https://twitter.com/Thiago87731366/status/1451010790920572929	False	0	13
Thu Oct 21 02:21:45 +0000 2021	remynicente	#DebateBsAs se llaman libertarios, pero bancan el gatillo fácil y quieren que solo tengamos derecho a morirnos de hambre. Solo quieren libertad para los matarnos de hambre	0	0	https://twitter.com/remynicente/status/1451010788743790593	False	3	37
Thu Oct 21 02:21:29 +0000 2021	aledespa	-#DebateBsAs  ganador absoluto @jlespert sin ninguna duda 🇦🇷🇦🇷🇦🇷	1	0	https://twitter.com/aledespa/status/1451010721236410375	False	98	299
Thu Oct 21 02:21:27 +0000 2021	AngoCARP	"Sea hombre, mujer o se sienta una planta. 
Jajajajajaja te amo @jlespert 
#DebateBsAs"	0	0	https://twitter.com/AngoCARP/status/1451010716157108230	False	144	372
Thu Oct 21 02:21:13 +0000 2021	SolCheliz	"#LaIzquierdaAlCongreso basta de dinosaurios 
#DebateBsAs @NicolasdelCano https://t.co/BkWLkT1FRW"	0	0	https://twitter.com/SolCheliz/status/1451010655918518274	False	703	841
Thu Oct 21 02:21:09 +0000 2021	osoinvernal	RT @zurdoinutil: Para mi todo tiene que ser gratis #DebateBsAs	0	20	https://twitter.com/osoinvernal/status/1451010640240205828	False	29	75
Thu Oct 21 02:20:57 +0000 2021	Armesto_88	"Espert: Les enseñamos economía desde el jardín, pero educación sexual que le enseñen los padres en la casa. Y metemos presos a niños de 12 años.
Pero habla de corrido, ojo.
#Debateprovincia #DebateBsAs"	0	0	https://twitter.com/Armesto_88/status/1451010587878514693	False	546	720
Thu Oct 21 02:20:50 +0000 2021	dani_alimenti	No levanta el #DebateBsAs, flojo TODOS los candidatos, debe ser culpa de Macri!!! #AhPeroMacri	2	0	https://twitter.com/dani_alimenti/status/1451010560103907330	False	364	604
Thu Oct 21 02:20:46 +0000 2021	laucostaguta	Conclusión del debate: no hay propuestas. Más que políticos son un conjunto de malos panelistas. #DebateBsAs	2	0	https://twitter.com/laucostaguta/status/1451010543829991434	False	120	219
Thu Oct 21 02:20:44 +0000 2021	matiassauro	@jlespert un señor hablando en #DebateBsAs	0	0	https://twitter.com/matiassauro/status/1451010535969857536	False	39	333
Thu Oct 21 02:20:37 +0000 2021	PrincipadoLa	Es impresionante el nivel y el coeficiente intelectual de @vtolosapaz . Está ganando el #DebateBsAs por escándalo, tiene soluciones concretas para los problemas de la gente y entierra cualquier argumento de sus contrarios con altura moral, ética y técnica impecable. Viva Perón	1	0	https://twitter.com/PrincipadoLa/status/1451010505926086658	False	30	67
Thu Oct 21 02:20:35 +0000 2021	Fergbarrio	Espert hablando de Junta Militar Y TODO EL LIBERTARISMO DE TOBOGÁN BANCA A VIDELA #DebateBsAs	0	0	https://twitter.com/Fergbarrio/status/1451010498036736002	False	103	287
Thu Oct 21 02:20:33 +0000 2021	carolesang	Ahre? Por qué nadie habla de la gordofobia y el bullying a niñxs en edad escolar que acaba de expresar Randazzo? #DebateBsAs	0	0	https://twitter.com/carolesang/status/1451010488402206729	False	191	387
Thu Oct 21 02:20:28 +0000 2021	LucasPlay1901	"Piñaaaaas, piñaaaas, piñaaaas!!! 😄
#DebateBsAs #DebateBuenosAires https://t.co/JhrcsNILSi"	1	0	https://twitter.com/LucasPlay1901/status/1451010465631440902	False	766	1499
Thu Oct 21 02:20:27 +0000 2021	KevinRruel	Escuchando a @NicolasdelCano #DebateBsAs #Debateprovincia https://t.co/Bfyi04NGtI	0	0	https://twitter.com/KevinRruel/status/1451010462036860930	False	113	225
Thu Oct 21 02:20:26 +0000 2021	AngieMartinezO	"Con la clase política que tenemos no entiendo cómo aún no nos extinguimos.
#DebateBsAs"	0	0	https://twitter.com/AngieMartinezO/status/1451010459184762881	False	392	1386
Thu Oct 21 02:20:18 +0000 2021	changuitoencaba	Randazzo el gordofóbico. La que me faltaba! #DebateBsAs #Debateprovincia #debate	0	0	https://twitter.com/changuitoencaba/status/1451010423642230787	False	40	96
Thu Oct 21 02:20:10 +0000 2021	CallMeWF	Todos amamos la publicidad que le hace @vtolosapaz a @mauriciomacri la boluda no se da cuenta que la das imagen positiva al gato 🇦🇷 #DebateBsAs #Debateprovincia https://t.co/5nnWgXfENw	0	0	https://twitter.com/CallMeWF/status/1451010392616882181	False	451	709
Thu Oct 21 02:20:04 +0000 2021	pmmajo	#DebateBsAs #Debateprovincia Santilli flojo. Tolosa Paz INSUFRIBLE, PATOTERA y MENTIROSA. El que más me representa es Espert. Pero soy realista. Solo no puede contra el kirchnerismo.	2	0	https://twitter.com/pmmajo/status/1451010367723753473	False	2487	2600
Thu Oct 21 02:19:57 +0000 2021	catadowbley	yo quiero volver a la época del pan y circo real y que nos revoleen panes mientras vemos pelear a Russell Crowe con un león, no esta paparruchada #DebateBsAs	0	0	https://twitter.com/catadowbley/status/1451010338820743170	False	474	1204
Thu Oct 21 02:19:55 +0000 2021	danielaczo	@lizytagliani, te necesitan en el #DebateBsAs	0	0	https://twitter.com/danielaczo/status/1451010328829988873	False	1314	2148
Thu Oct 21 02:19:54 +0000 2021	JuliaGiletta	@NicolasdelCano y la izquierda siempre del mismo lado, en la calle luchando junto a lxs docentes #LaIzquierdaAlCongreso #DebateBsAs https://t.co/2EelfbciRL	0	0	https://twitter.com/JuliaGiletta/status/1451010323029266436	False	86	169
Thu Oct 21 02:19:51 +0000 2021	guilledaniels	RT @zurdoinutil: Para mi todo tiene que ser gratis #DebateBsAs	0	20	https://twitter.com/guilledaniels/status/1451010310303666177	False	210	148
Thu Oct 21 02:19:38 +0000 2021	Armesto_88	"Lo único que está haciendo bien Tolosa Paz es preguntarle todo el tiempo a Santilli ""eso lo decis por provincia o por Capital?"". El chabon cae siempre #Debateprovincia #DebateBsAs"	2	0	https://twitter.com/Armesto_88/status/1451010259342876677	False	546	720
Thu Oct 21 02:19:38 +0000 2021	AbejitaReina80	Derrota Paz en lo que va de #DebateBsAs 7 veces mencionó a Macri. Lo único que tiene para proponer es: Ahhhh pero Macri....anda a garchar flaca	6	3	https://twitter.com/AbejitaReina80/status/1451010257413496835	False	84	213
Thu Oct 21 02:19:34 +0000 2021	dinocalvo1	"28 años ininterrumpidamente y Vidal?, cierto

#DebateBsAs"	0	0	https://twitter.com/dinocalvo1/status/1451010241710071810	False	874	1779
Thu Oct 21 02:19:31 +0000 2021	sandrablanco65	"RT @BalbuenaDavEze: ""Basta de imposición en ideología de género. Con los chicos no se metan"" #CynthiaHotton #DebateBsAs #HottonenTN https:/…"	0	12	https://twitter.com/sandrablanco65/status/1451010227676057603	False	27	38
Thu Oct 21 02:19:31 +0000 2021	crmarcosmosca	La cara de #espert cuando #derrotapaz decía #pelotudeces sin fundamento. #VerguenzaNacional escuchar a #derrotapaz #debatebuenosaires #DebateBsAs https://t.co/HmXRvRWcYA	2	1	https://twitter.com/crmarcosmosca/status/1451010226165981191	False	42	348
Thu Oct 21 02:19:10 +0000 2021	HelenaOliveto	#DebateBsAs  Dejen hablar a Cinthia Hotton, no seas maleducado Bonelli se nota mucho que no la queres	1	0	https://twitter.com/HelenaOliveto/status/1451010139603943432	False	30	77
Thu Oct 21 02:19:01 +0000 2021	soyelena2	#DebateBsAs tolosa q dijo? NADA	1	0	https://twitter.com/soyelena2/status/1451010100324233219	False	3216	3302
Thu Oct 21 02:18:54 +0000 2021	mateo_narbona	"Estupidez estupidez 😌📊

#DebateBsAs https://t.co/g9iDuqR9Nz"	2	0	https://twitter.com/mateo_narbona/status/1451010071354171397	False	64	72
Thu Oct 21 02:18:53 +0000 2021	NocheSolecito	"Santilli dice ""nosotros"" y no se sabe si se refiere a los porteños o a los bonaerenses, realmente. 
#DebateBuenosAires 
#DebateBsAs"	2	0	https://twitter.com/NocheSolecito/status/1451010069315743744	False	740	1068
Thu Oct 21 02:18:47 +0000 2021	Da17Sistemas	RT @Enojado_Hulk: SINO SABES QUE MIRAR EN EL CABLE,, PONÉ @adosvoces_tn QUE HAY UN FLOR DE #SHOW ,, NO SABÉS SI ES DE FICCIÓN O DE PELEA DE…	0	1	https://twitter.com/Da17Sistemas/status/1451010044028342278	False	10	71
Thu Oct 21 02:18:42 +0000 2021	remynicente	#DebateBsAs Santili lo único que quiere cuidar es el bolsillo de los empresarios....	0	0	https://twitter.com/remynicente/status/1451010022956097536	False	3	37
Thu Oct 21 02:18:41 +0000 2021	r0minalight	#DebateBsAs  Gracias por ser candidata y estar ahora en la TV @vtolosapaz https://t.co/Et8EIZ0BAg	0	0	https://twitter.com/r0minalight/status/1451010019005186053	False	89	548
Thu Oct 21 02:18:41 +0000 2021	nachrusconi	RT @zurdoinutil: Para mi todo tiene que ser gratis #DebateBsAs	0	20	https://twitter.com/nachrusconi/status/1451010017901961220	False	1748	1922
Thu Oct 21 02:18:36 +0000 2021	Enojado_Hulk	"DE QUE HABLA NICO ?? QUIEN LO COUCHEA ?

#debate #DebateBsAs #DebateBuenosAires https://t.co/hiBuzNs4M7"	2	0	https://twitter.com/Enojado_Hulk/status/1451009997257658369	False	250	563
Thu Oct 21 02:18:22 +0000 2021	Fergbarrio	"El Pro/Cambiemos/Juntos hablando de cierre de escuelas. Amigo te tiene que dar la cara, ustedes literalmente cerraron escuelas sin pandemia.
#DebateBsAs"	0	0	https://twitter.com/Fergbarrio/status/1451009938998931456	False	103	287
Thu Oct 21 02:18:18 +0000 2021	Iamgastongoity	"Que baile les está pegando Espert 

#DebateBsAs #esconespert"	1	0	https://twitter.com/Iamgastongoity/status/1451009923442098183	False	133	159
Thu Oct 21 02:18:16 +0000 2021	Florenciaherrr	Santilli te haces el vivo y te dejaste espiar por Macri. #Debateprovincia #DebateBsAs #debatepba	0	0	https://twitter.com/Florenciaherrr/status/1451009914227204097	False	212	254
Thu Oct 21 02:18:15 +0000 2021	ezebisso	"El 14 de Noviembre decimos #Basta.
#DebateBsAs https://t.co/4AL5JaMWvb"	5	3	https://twitter.com/ezebisso/status/1451009909944815620	False	1792	326
Thu Oct 21 02:18:08 +0000 2021	ferHomer	RT @zurdoinutil: Para mi todo tiene que ser gratis #DebateBsAs	0	20	https://twitter.com/ferHomer/status/1451009880538615808	False	445	183
Thu Oct 21 02:18:02 +0000 2021	FrankitoJPG	RT @zurdoinutil: Para mi todo tiene que ser gratis #DebateBsAs	0	20	https://twitter.com/FrankitoJPG/status/1451009856157089797	False	35	46
Thu Oct 21 02:18:01 +0000 2021	adriiii27	La violencia verbal de @jlespert sobre @vtolosapaz es demasiada. Y ninguno de los moderadores movió un dedo #asco el #DebateBsAs	10	3	https://twitter.com/adriiii27/status/1451009851555934209	False	2263	2193
Thu Oct 21 02:17:57 +0000 2021	Neoaegis17	"RT @MJMendezCasarie: #EsConEspert Liberales Libertarios a los hechos!
#DebateBsAs https://t.co/F5vXEThvhS"	0	8	https://twitter.com/Neoaegis17/status/1451009835365908482	False	75	153
Thu Oct 21 02:17:48 +0000 2021	olgafernandez64	"RT @BalbuenaDavEze: ""Basta de imposición en ideología de género. Con los chicos no se metan"" #CynthiaHotton #DebateBsAs #HottonenTN https:/…"	0	12	https://twitter.com/olgafernandez64/status/1451009794349875205	False	291	972
Thu Oct 21 02:17:42 +0000 2021	remynicente	"¿De donde salieron estos rancios en contra de la educación sexual?
#DebateBsAs"	0	0	https://twitter.com/remynicente/status/1451009769905344512	False	3	37
Thu Oct 21 02:17:40 +0000 2021	pablosukas	RT @zurdoinutil: Para mi todo tiene que ser gratis #DebateBsAs	0	20	https://twitter.com/pablosukas/status/1451009763567800322	False	191	582
Thu Oct 21 02:17:38 +0000 2021	patsierra	Que alguien le consiga un canje en Macowens a Del Caño! #DebateBsAs	0	0	https://twitter.com/patsierra/status/1451009753887350792	False	1753	2883
Thu Oct 21 02:17:36 +0000 2021	PabloDeLaSerna4	Tirás una canilla y la inauguran 5 veces antes que toque el piso #DebateBsAs #tolosapaz #espert #delcaño #hotton #randazzo https://t.co/4GoihZbGDH	7	0	https://twitter.com/PabloDeLaSerna4/status/1451009745121275910	False	164	835
Thu Oct 21 02:17:29 +0000 2021	tadeo_quintela	"Sjsjjsjs soy el único que escucha a alguien cagandose de risa cuando habla Nico del Caño ?
#DebateBuenosAires #DebateBsAs"	1	0	https://twitter.com/tadeo_quintela/status/1451009714712551427	False	87	275
Thu Oct 21 02:17:20 +0000 2021	FernandoPelozo5	Che que alguien le conteste a @CynthiaHotton #DebateBsAs	0	0	https://twitter.com/FernandoPelozo5/status/1451009680306630658	False	30	769
Thu Oct 21 02:17:19 +0000 2021	Fergbarrio	"Banco a Del Caño con que la pandemia demostró que lxs laburantes de abajo son lo único esencial.
#DebateBsAs"	0	0	https://twitter.com/Fergbarrio/status/1451009676217290754	False	103	287
Thu Oct 21 02:17:05 +0000 2021	Carlosanchez_99	"Debate provincia &gt; Debate Ciudad

#DebateBsAs #TNCentral #Debateprovincia"	0	0	https://twitter.com/Carlosanchez_99/status/1451009617148874753	False	93	118
Thu Oct 21 02:17:01 +0000 2021	RRab67	"RT @BalbuenaDavEze: ""Basta de imposición en ideología de género. Con los chicos no se metan"" #CynthiaHotton #DebateBsAs #HottonenTN https:/…"	0	12	https://twitter.com/RRab67/status/1451009599960612866	False	26	107
Thu Oct 21 02:17:01 +0000 2021	Kali_De_Nadie	Todos sus discursos los termina con trabajadores y trabajadoras. Quien es? #DebateBsAs	0	0	https://twitter.com/Kali_De_Nadie/status/1451009599004282886	False	1105	1387
Thu Oct 21 02:16:56 +0000 2021	iaco_ar	@todonoticias #DebateBsAs saquen a @vtolosapaz y el zurdito de @NicolasdelCano un tipo y una mujer patéticos aguante @diegosantilli @ManesF	0	0	https://twitter.com/iaco_ar/status/1451009579865690113	False	360	95
Thu Oct 21 02:16:56 +0000 2021	ericabrona221	"Del caño calienta asiento o solo es un croto con micrófono? 
Me quiero volver chango! #DebateBsAs"	1	0	https://twitter.com/ericabrona221/status/1451009579723071488	False	222	555
Thu Oct 21 02:16:45 +0000 2021	KaRudel1900	"Lo hicimos en 28 años y  ustedes lo borraron en 4 años ... le toman el pelo a la gente 🤮😑 
Vergüenza todos pero estos se llevan el 1er puesto 
#DebateBsAs"	1	0	https://twitter.com/KaRudel1900/status/1451009531903832068	False	189	552
Thu Oct 21 02:16:27 +0000 2021	hjmr0001	"RT @BalbuenaDavEze: ""Basta de imposición en ideología de género. Con los chicos no se metan"" #CynthiaHotton #DebateBsAs #HottonenTN https:/…"	0	12	https://twitter.com/hjmr0001/status/1451009456070971395	False	466	988
Thu Oct 21 02:16:25 +0000 2021	fersebastiano	Salvo algunos los que están en la tribuna no usan barbijo por algo en especial?   #DebateBsAs #lapandemianotermino	0	0	https://twitter.com/fersebastiano/status/1451009446570643459	False	224	463
Thu Oct 21 02:16:24 +0000 2021	zurdoinutil	Para mi todo tiene que ser gratis #DebateBsAs	71	20	https://twitter.com/zurdoinutil/status/1451009445631172611	False	21548	21254
Thu Oct 21 02:16:15 +0000 2021	marisaaranda14	"RT @FrenteDeTodos: • Hoy a las 22hs, @vtolosapaz va a participar del #DebateBsAs en @todonoticias. 📺 

También podés seguirlo en vivo por a…"	0	111	https://twitter.com/marisaaranda14/status/1451009407026819079	False	23	102
Thu Oct 21 02:16:14 +0000 2021	ricky_molina	Que grande Caruso Lombardi asesorando a Golosa Paz #DebateBsAs #tolosapaz https://t.co/UqiyFFcOcm	0	0	https://twitter.com/ricky_molina/status/1451009402299838469	False	72	602
Thu Oct 21 02:16:11 +0000 2021	angyportugues	RT @DANYD8: #DebateBsAs sin carisma el único que da propuestas claras es #Santilli @diegosantilli el resto chusmas de feria FIN	0	33	https://twitter.com/angyportugues/status/1451009387301060608	False	1754	2651
Thu Oct 21 02:16:06 +0000 2021	FernandoPelozo5	A #delcaño no le presto plata ni a palos. No te reconoce ninguna deuda. #DebateBsAs	0	0	https://twitter.com/FernandoPelozo5/status/1451009369097736199	False	30	769
Thu Oct 21 02:15:59 +0000 2021	MoronOeste	"#DebateBsAs solo hablan de @mauriciomacri 

#AhPeroMacri"	0	0	https://twitter.com/MoronOeste/status/1451009339636862978	False	125	270
Thu Oct 21 02:15:58 +0000 2021	AlmaFuerte40	#DebateBsAs Cambiemos y sus ONG no pudieron con @vtolosapaz 💪💪💪💪💯💯💯🇦🇷🇦🇷🇦🇷	0	0	https://twitter.com/AlmaFuerte40/status/1451009336256319489	False	2927	1990
Thu Oct 21 02:15:58 +0000 2021	_solmella	Cuidado cuando salgan del #DebateBsAs, está presente Carolina Píparo.	2	0	https://twitter.com/_solmella/status/1451009332993085446	False	1291	5000
Thu Oct 21 02:15:57 +0000 2021	MBelAguirre	"El cinismo enmascarado en sonrisita (que fastidia y queda pésimo) que maneja Tolosa Paz me hace acordar a Cristina. 

#DebateBsAs"	2	0	https://twitter.com/MBelAguirre/status/1451009332506550278	False	280	483
Thu Oct 21 02:15:50 +0000 2021	psurtubi	"A la sra @CynthiaHotton el Pelotudo de Bonelli le falta el Respeto.
El muy Cobarde se la agarra con ella.
#DebateBsAs"	1	0	https://twitter.com/psurtubi/status/1451009303083581447	False	16962	18227
Thu Oct 21 02:15:48 +0000 2021	Emilia_cevas	#DebateBsAs el mejor es el Colo Santilli.@diegosantilli Experiencia en gestión, quien nadie tiene entre los demás.	0	0	https://twitter.com/Emilia_cevas/status/1451009294682386432	False	409	664
Thu Oct 21 02:15:44 +0000 2021	nataly_gm17	QUE SANTILLI LE PREGUNTE A TOLOSA PAZ DONDE VIVE!!! #DebateBsAs	1	0	https://twitter.com/nataly_gm17/status/1451009275967406081	False	288	317
Thu Oct 21 02:15:27 +0000 2021	NoemiZunini	RT @DANYD8: #DebateBsAs sin carisma el único que da propuestas claras es #Santilli @diegosantilli el resto chusmas de feria FIN	0	33	https://twitter.com/NoemiZunini/status/1451009204764876800	False	611	617
Thu Oct 21 02:15:27 +0000 2021	danielaczo	"¡Por qué miran la hoja!
#DebateBsAs"	1	0	https://twitter.com/danielaczo/status/1451009204240584707	False	1314	2148
Thu Oct 21 02:15:26 +0000 2021	maugianzo	"Siempre fue así de mala la conducción de los debates por parte de Bonelli y Alfano?? Que siempre los haga @argdebat

#Debateprovincia 
#DebateBsAs 
#DebateBuenosAires"	4	0	https://twitter.com/maugianzo/status/1451009199417139201	False	1002	1799
Thu Oct 21 02:15:16 +0000 2021	FlorAnSuarez	"#DebateBsAs Espert prometió no decir ""falacias"" says ""mentís"" ""mentís Nico del caño"" 
#LaIzquierdaAlCongreso"	1	0	https://twitter.com/FlorAnSuarez/status/1451009158606569483	False	11	34
Thu Oct 21 02:15:15 +0000 2021	capillajulio	#DebateBsAs  Gracias a Dios que no vivo en Buenos Aires.	0	0	https://twitter.com/capillajulio/status/1451009156375326720	False	114	386
Thu Oct 21 02:15:14 +0000 2021	changuitoencaba	Se viene el punto de la contención sanitaria. Exijo vacunas contra los valores de Espert y Hotton. #LiberenLasPatentes #DebateBsAs https://t.co/W3sY3PYAKe	0	0	https://twitter.com/changuitoencaba/status/1451009148150108162	False	40	96
Thu Oct 21 02:15:04 +0000 2021	javier_roncoli	"Se olvidaron de darle la pastillita a @jlespert ??
.
 #DebateBsAs #DebateBuenosAires #TN #Debateprovincia"	0	0	https://twitter.com/javier_roncoli/status/1451009106706243588	False	52	100
Thu Oct 21 02:15:03 +0000 2021	Kali_De_Nadie	Política sanitaria en pandemia. Agárrate Tolosa Paz. #DebateBsAs	0	1	https://twitter.com/Kali_De_Nadie/status/1451009102910418944	False	1105	1387
Thu Oct 21 02:15:00 +0000 2021	PolistaPeron	@vtolosapaz hablas de respeto cuando interrumpiste a todos…#DebateBsAs	0	0	https://twitter.com/PolistaPeron/status/1451009090159738881	False	0	11
Thu Oct 21 02:14:57 +0000 2021	Matias27489072	#DebateBsAs Solo dejan hacer la novela Santilli-Tolosa Paz, los demás tienen que esperar para hablar. Para que los queremos escuchar si solamente se tiran el muerto entre ellos, ideas nuevas 0	0	0	https://twitter.com/Matias27489072/status/1451009077706825728	False	0	0
Thu Oct 21 02:14:57 +0000 2021	DANYD8	#DebateBsAs sin carisma el único que da propuestas claras es #Santilli @diegosantilli el resto chusmas de feria FIN	63	33	https://twitter.com/DANYD8/status/1451009077106987011	False	25690	17607
Thu Oct 21 02:14:56 +0000 2021	Ch1v4	"Nadie:

Absolutamente nadie:

Tiene 10 segundos más Florencio randazzo no solicitados.

#DebateBsAs"	0	0	https://twitter.com/Ch1v4/status/1451009075823607814	False	592	605
Thu Oct 21 02:14:52 +0000 2021	Blttersweet	"Yo quiero que tengamos una ley similar a la  #LeyDelTercerStrike !! 
Basta de crímenes cometidos por energúmenos que debían estar presos!! #DebateBuenosAires 
#DebateBsAs #Debate"	0	0	https://twitter.com/Blttersweet/status/1451009059327549448	False	3502	4507
Thu Oct 21 02:14:51 +0000 2021	infomardel	"Espert Ya gano el debate. Muy superior

#DebateBsAs #DebateBuenosAires"	0	0	https://twitter.com/infomardel/status/1451009054604623872	False	900	1907
Thu Oct 21 02:14:50 +0000 2021	LACUCHILLERA_	MI CARA CON EL #DebateBsAs https://t.co/rDo4fDwscF	14	0	https://twitter.com/LACUCHILLERA_/status/1451009048808017922	False	5409	598
Thu Oct 21 02:14:40 +0000 2021	elbarakaldo	#DebateBsAs jajjjaaa https://t.co/TwSRIH4RvH	0	0	https://twitter.com/elbarakaldo/status/1451009008341446656	False	47	191
Thu Oct 21 02:14:32 +0000 2021	JBarreiros0	"Parece que @NicolasdelCano lo resuelve todo con aumento del presupuesto. Pero de donde sacas la plata?

'AHH ESA TE LA DEBO'

#DebateBsAs"	1	0	https://twitter.com/JBarreiros0/status/1451008974866694144	False	47	130
Thu Oct 21 02:14:27 +0000 2021	vazquepo	@adosvoces_tn A Tolosa Paz la auspicia Odol ? #DebateBsAs	0	0	https://twitter.com/vazquepo/status/1451008952234176519	False	158	267
Thu Oct 21 02:14:22 +0000 2021	farlan734	"Miren qué lindo cómo se pelean por repartir los impuestos que pagamos los boludos!
#DebateBsAs"	2	0	https://twitter.com/farlan734/status/1451008931610775552	False	7644	7549
Thu Oct 21 02:14:14 +0000 2021	CamiMMarchisio	"RT @BalbuenaDavEze: ""Basta de imposición en ideología de género. Con los chicos no se metan"" #CynthiaHotton #DebateBsAs #HottonenTN https:/…"	0	12	https://twitter.com/CamiMMarchisio/status/1451008900505948160	False	167	326
Thu Oct 21 02:13:58 +0000 2021	Andyvalinotti	#derrotapaz #DebateBsAs  aguante @jlespert  y viva la libertad!	0	0	https://twitter.com/Andyvalinotti/status/1451008830498697220	False	39	215
Thu Oct 21 02:13:54 +0000 2021	grishuroa	Se pica el #DebateBsAs	0	0	https://twitter.com/grishuroa/status/1451008815525027844	False	146	419
Thu Oct 21 02:13:52 +0000 2021	Clolivia1	"Hotton ""alguien puede pensar en los niños?!!!"" 😂 #DebateBsAs https://t.co/EcHNBfLfUl"	0	0	https://twitter.com/Clolivia1/status/1451008808118112258	False	13	125
Thu Oct 21 02:13:43 +0000 2021	kolesnicova	Intensa disputa por el voto de derecha en #DebateBsAs . A ver quién ofrece la mano más dura.	4	0	https://twitter.com/kolesnicova/status/1451008767886184453	False	6721	2635
Thu Oct 21 02:13:42 +0000 2021	patsierra	Lo bueno del #DebateBsAs es que me divierto con twitter	0	0	https://twitter.com/patsierra/status/1451008762538389509	False	1753	2883
Thu Oct 21 02:13:32 +0000 2021	Cometwopapa	"Vas a proponer algo @vtolosapaz ?
O vas a seguir hablando de la porongota de macri!!! Jajajaja #DebateBsAs"	2	0	https://twitter.com/Cometwopapa/status/1451008720347959296	False	47	314
Thu Oct 21 02:13:04 +0000 2021	Luishi84	Mal alumno para aprender el coaching @diegosantilli #DebateBuenosAires #DebateBsAs	0	0	https://twitter.com/Luishi84/status/1451008605839233027	False	440	424
Thu Oct 21 02:12:49 +0000 2021	Enojado_Hulk	"SINO SABES QUE MIRAR EN EL CABLE,, PONÉ @adosvoces_tn QUE HAY UN FLOR DE #SHOW ,, NO SABÉS SI ES DE FICCIÓN O DE PELEA DE ANIMALES.

HAY QUE DECIRLE A @PersonalFlow_At QUE LO PONGA EN LA GRILLA 🤣🤣🤣

@jlespert LES PASA EL TRAPO A TODOS Y TODAS 🤯
#DebateBsAs #DebateBuenosAires https://t.co/mGGZZlJ9Ag"	1	1	https://twitter.com/Enojado_Hulk/status/1451008543646121990	False	250	563
Thu Oct 21 02:11:49 +0000 2021	valoresmoron	"RT @BalbuenaDavEze: ""Basta de imposición en ideología de género. Con los chicos no se metan"" #CynthiaHotton #DebateBsAs #HottonenTN https:/…"	0	12	https://twitter.com/valoresmoron/status/1451008289639124992	False	144	108
Thu Oct 21 02:11:40 +0000 2021	Leopaduar	"Del Caño y Tolosa Paz a favor de la ESI. 
Espert y Hotton en contra.
Randazzo y Santilli no se expresaron.
#DebateBsAs https://t.co/8MWFQnFLIS"	0	0	https://twitter.com/Leopaduar/status/1451008253941489664	False	113	118
Thu Oct 21 02:11:38 +0000 2021	sancisneros	#espert el gran ganador del #DebateBsAs	0	0	https://twitter.com/sancisneros/status/1451008242792861704	False	246	716
Thu Oct 21 02:11:25 +0000 2021	BalbuenaDavEze	"""Basta de imposición en ideología de género. Con los chicos no se metan"" #CynthiaHotton #DebateBsAs #HottonenTN https://t.co/TrhunDVOsZ"	22	12	https://twitter.com/BalbuenaDavEze/status/1451008189151973380	False	412	447
Thu Oct 21 02:10:35 +0000 2021	nicolas1023	Economía desde el jardín? Ay Nooo, es muy fuerte esto jajajaja #Espert #DebateBsAs	0	0	https://twitter.com/nicolas1023/status/1451007979201966082	False	2946	2861
Thu Oct 21 02:10:30 +0000 2021	cparmil	"Que viaje le metería a Randazzo
#DebateBsas"	0	0	https://twitter.com/cparmil/status/1451007959203524614	False	152	534
Thu Oct 21 02:09:34 +0000 2021	nicolas1023	Ay que dice ese señora porfavor? SAQUENLAAAAA #DebateBsAs	0	0	https://twitter.com/nicolas1023/status/1451007722326052864	False	2946	2861
Thu Oct 21 02:08:50 +0000 2021	belen03lu	Hotton no vio el reino... ese pescadito amiga, no te lo robo.. #DebateBsAs	0	0	https://twitter.com/belen03lu/status/1451007539714400263	False	382	1093
Thu Oct 21 02:07:44 +0000 2021	RefDeLeyendas	Che, @RandazzoF fue al #DebateBsAs #DebateBuenosAires ?	0	0	https://twitter.com/RefDeLeyendas/status/1451007262139506690	False	211	185
Thu Oct 21 02:07:10 +0000 2021	Gorriz70	RT @ZilOliv_: Qué aburrido es este #DebateBsAs en #ADosVoces ‼️🙏. Me fui….	0	6	https://twitter.com/Gorriz70/status/1451007118421598210	False	5626	6158
Thu Oct 21 02:07:09 +0000 2021	nicolas1023	Le pueden explicar a la señora que educación estuvo cerrada un año por razones de UNA PANDEMIA? Y QUE FUE A NIVEL MUNDIAL? #DebateBsAs	1	0	https://twitter.com/nicolas1023/status/1451007113963134976	False	2946	2861
Thu Oct 21 02:04:24 +0000 2021	nicolas1023	Que miedo da Espert #DebateBsAs	0	0	https://twitter.com/nicolas1023/status/1451006425044590595	False	2946	2861
Thu Oct 21 02:00:53 +0000 2021	ViviArcidiacono	"RT @Barbaracarlotto: Que ve*ga sos TN
#DebateBsAs"	0	1	https://twitter.com/ViviArcidiacono/status/1451005537861062659	False	1183	468
Thu Oct 21 01:59:33 +0000 2021	CarlosKabeza1	"RT @MJMendezCasarie: #EsConEspert Liberales Libertarios a los hechos!
#DebateBsAs https://t.co/F5vXEThvhS"	0	8	https://twitter.com/CarlosKabeza1/status/1451005204216705025	False	302	217
Thu Oct 21 01:58:09 +0000 2021	hermidasuarez	RT @TattGud: ¿Tolo5a Pax puede explicar por qué no hay justicia por Facundo Castro? #DebateBsAs https://t.co/53sJpEHn4Q	0	1	https://twitter.com/hermidasuarez/status/1451004852264439812	False	878	5000
Thu Oct 21 01:57:03 +0000 2021	ViviArcidiacono	"RT @FrenteDeTodos: • Hoy a las 22hs, @vtolosapaz va a participar del #DebateBsAs en @todonoticias. 📺 

También podés seguirlo en vivo por a…"	0	111	https://twitter.com/ViviArcidiacono/status/1451004576195244036	False	1183	468
Thu Oct 21 01:56:57 +0000 2021	Blttersweet	"La importancia de la oratoria. La más concreta y clara en este debate es Hotton, pero su estilo de maestra jardinera jubilada le resta credibilidad y peso
#DebateBsAs 
#DebateBuenosAires"	1	0	https://twitter.com/Blttersweet/status/1451004549771272196	False	3502	4507
Thu Oct 21 01:56:05 +0000 2021	1dylanista	"@diegoacorbalan @BonelliOK @scidataarg @DanielMontoya_ @gmmarangoni @julian_dangelo Cárcel para los delincuentes de CLARÍN y COMODORO PY. @CIDH @CorteIDH 
#DebateBuenosAires #DebateBsAs #Debate https://t.co/WLanmtbyM3"	0	0	https://twitter.com/1dylanista/status/1451004330534965248	False	529	367
Thu Oct 21 01:56:04 +0000 2021	crisxk0281	"RT @FrenteDeTodos: • Hoy a las 22hs, @vtolosapaz va a participar del #DebateBsAs en @todonoticias. 📺 

También podés seguirlo en vivo por a…"	0	111	https://twitter.com/crisxk0281/status/1451004326801969154	False	91	213
Thu Oct 21 01:55:44 +0000 2021	1dylanista	"@diegoacorbalan @BonelliOK @scidataarg @DanielMontoya_ @gmmarangoni @julian_dangelo Cárcel para los delincuentes de CLARÍN y COMODORO PY. @CIDH @CorteIDH 
#DebateBuenosAires #DebateBsAs #Debate https://t.co/jw6VXYv7GV"	0	0	https://twitter.com/1dylanista/status/1451004243570302982	False	529	367
Thu Oct 21 01:54:50 +0000 2021	1dylanista	"@diegoacorbalan @BonelliOK @scidataarg @DanielMontoya_ @gmmarangoni @julian_dangelo Cárcel para los delincuentes de CLARÍN y COMODORO PY. @CIDH @CorteIDH 
#DebateBuenosAires #DebateBsAs #Debate https://t.co/E6lwGqKjWY"	0	0	https://twitter.com/1dylanista/status/1451004015614046209	False	529	367
Thu Oct 21 01:53:37 +0000 2021	1dylanista	"@diegoacorbalan @BonelliOK @scidataarg @DanielMontoya_ @gmmarangoni @julian_dangelo Cárcel para los delincuentes de CLARÍN y COMODORO PY. @CIDH @CorteIDH 
#DebateBuenosAires #DebateBsAs #Debate https://t.co/HtpPi9Nvj3"	0	0	https://twitter.com/1dylanista/status/1451003710499393536	False	529	367
Thu Oct 21 01:53:13 +0000 2021	1dylanista	"@diegoacorbalan @BonelliOK @scidataarg @DanielMontoya_ @gmmarangoni @julian_dangelo Cárcel para los delincuentes de CLARÍN y COMODORO PY. @CIDH @CorteIDH 
#DebateBuenosAires #DebateBsAs #Debate https://t.co/de9RiKySzl"	0	0	https://twitter.com/1dylanista/status/1451003610251288576	False	529	367
Thu Oct 21 01:52:12 +0000 2021	1dylanista	"@diegoacorbalan @BonelliOK @scidataarg @DanielMontoya_ @gmmarangoni @julian_dangelo Cárcel para los delincuentes de CLARÍN y COMODORO PY. @CIDH @CorteIDH 
#DebateBuenosAires #DebateBsAs #Debate https://t.co/Ejws04X8mZ"	0	0	https://twitter.com/1dylanista/status/1451003352209399813	False	529	367
Thu Oct 21 01:51:52 +0000 2021	1dylanista	"@diegoacorbalan @BonelliOK @scidataarg @DanielMontoya_ @gmmarangoni @julian_dangelo Cárcel para los delincuentes de CLARÍN y COMODORO PY. @CIDH @CorteIDH 
#DebateBuenosAires #DebateBsAs #Debate https://t.co/J16m32UanU"	0	0	https://twitter.com/1dylanista/status/1451003270378532867	False	529	367
Thu Oct 21 01:51:26 +0000 2021	1dylanista	"@diegoacorbalan @BonelliOK @scidataarg @DanielMontoya_ @gmmarangoni @julian_dangelo Cárcel para los delincuentes de CLARÍN y COMODORO PY. @CIDH @CorteIDH 
#DebateBuenosAires #DebateBsAs #Debate https://t.co/JCS0uMNeby"	0	0	https://twitter.com/1dylanista/status/1451003162203144197	False	529	367
Thu Oct 21 01:50:59 +0000 2021	1dylanista	"@diegoacorbalan @BonelliOK @scidataarg @DanielMontoya_ @gmmarangoni @julian_dangelo Cárcel para los delincuentes de CLARÍN y COMODORO PY. @CIDH @CorteIDH 
#DebateBuenosAires #DebateBsAs #Debate https://t.co/BqNCoecRVM"	0	0	https://twitter.com/1dylanista/status/1451003046369144832	False	529	367
Thu Oct 21 01:50:24 +0000 2021	1dylanista	"@diegoacorbalan @BonelliOK @scidataarg @DanielMontoya_ @gmmarangoni @julian_dangelo Cárcel para los delincuentes de CLARÍN y COMODORO PY. @CIDH @CorteIDH 
#DebateBuenosAires #DebateBsAs #Debate https://t.co/Vz84WxSr23"	0	0	https://twitter.com/1dylanista/status/1451002901854306315	False	529	367
Thu Oct 21 01:49:55 +0000 2021	1dylanista	"@diegoacorbalan @BonelliOK @scidataarg @DanielMontoya_ @gmmarangoni @julian_dangelo Cárcel para los delincuentes de CLARÍN y COMODORO PY. @CIDH @CorteIDH 
#DebateBuenosAires #DebateBsAs #Debate https://t.co/tBNIyiC5DE"	0	0	https://twitter.com/1dylanista/status/1451002780269875206	False	529	367
Thu Oct 21 01:49:40 +0000 2021	1dylanista	"@diegoacorbalan @BonelliOK @scidataarg @DanielMontoya_ @gmmarangoni @julian_dangelo Cárcel para los delincuentes de CLARÍN y COMODORO PY. @CIDH @CorteIDH 
#DebateBuenosAires #DebateBsAs #Debate https://t.co/MGZiQ3xISZ"	0	0	https://twitter.com/1dylanista/status/1451002715686031362	False	529	367
Thu Oct 21 01:49:10 +0000 2021	1dylanista	"@diegoacorbalan @BonelliOK @scidataarg @DanielMontoya_ @gmmarangoni @julian_dangelo Cárcel para los delincuentes de CLARÍN y COMODORO PY. @CIDH @CorteIDH 
#DebateBuenosAires #DebateBsAs #Debate https://t.co/a9eHi4VWTL"	0	0	https://twitter.com/1dylanista/status/1451002590339256323	False	529	367
Thu Oct 21 01:48:40 +0000 2021	1dylanista	"@diegoacorbalan @BonelliOK @scidataarg @DanielMontoya_ @gmmarangoni @julian_dangelo Cárcel para los delincuentes de CLARÍN y COMODORO PY. @CIDH @CorteIDH 
#DebateBuenosAires #DebateBsAs #Debate https://t.co/kvONumRhyk"	0	0	https://twitter.com/1dylanista/status/1451002465743249408	False	529	367
Thu Oct 21 01:48:23 +0000 2021	1dylanista	"@diegoacorbalan @BonelliOK @scidataarg @DanielMontoya_ @gmmarangoni @julian_dangelo Cárcel para los delincuentes de CLARÍN y COMODORO PY. @CIDH @CorteIDH 
#DebateBuenosAires #DebateBsAs #Debate https://t.co/sh1On7mMOU"	0	0	https://twitter.com/1dylanista/status/1451002391294353411	False	529	367
Thu Oct 21 01:47:51 +0000 2021	1dylanista	"@diegoacorbalan @BonelliOK @scidataarg @DanielMontoya_ @gmmarangoni @julian_dangelo Cárcel para los delincuentes de CLARÍN y COMODORO PY. @CIDH @CorteIDH 
#DebateBuenosAires #DebateBsAs #Debate https://t.co/Eij8WGaO8F"	0	0	https://twitter.com/1dylanista/status/1451002258066378755	False	529	367
Thu Oct 21 01:47:17 +0000 2021	okagustinabyrne	tanto recurso para la campaña y ninguno se garpa un curso de oratoria chiques, están todos leyendo #DebateBsAs	5	0	https://twitter.com/okagustinabyrne/status/1451002116789739521	False	499	793
Thu Oct 21 01:45:00 +0000 2021	CarlosEspeche	"RT @diegofhirsch: Espectacular Del Caño dándonos voz a los laburantes. 
#DebateBsAs #DebateBuenosAires"	0	1	https://twitter.com/CarlosEspeche/status/1451001542098649092	False	975	1032
Thu Oct 21 01:44:43 +0000 2021	ViviArcidiacono	RT @Barbaracarlotto: Confianza absoluta en la compañera que nos representa ✌️@vtolosapaz  #DebateBsAs	0	2	https://twitter.com/ViviArcidiacono/status/1451001471302991875	False	1183	468
Thu Oct 21 01:43:05 +0000 2021	VelozLucas	Si fuera Cynthia Hotton arranco con el afaire de la china y los dejo pagando #DebateBuenosAires #DebateBsAs	0	0	https://twitter.com/VelozLucas/status/1451001058717745154	False	200	637
Thu Oct 21 01:43:02 +0000 2021	DiegoMuscillo	"RT @FrenteDeTodos: • Hoy a las 22hs, @vtolosapaz va a participar del #DebateBsAs en @todonoticias. 📺 

También podés seguirlo en vivo por a…"	0	111	https://twitter.com/DiegoMuscillo/status/1451001045073596418	False	445	2803
Thu Oct 21 01:42:40 +0000 2021	chuchumassara	RT @ZilOliv_: Qué aburrido es este #DebateBsAs en #ADosVoces ‼️🙏. Me fui….	0	6	https://twitter.com/chuchumassara/status/1451000953746776067	False	1461	1440
Thu Oct 21 01:42:29 +0000 2021	aleCTMX	RT @ZilOliv_: Qué aburrido es este #DebateBsAs en #ADosVoces ‼️🙏. Me fui….	0	6	https://twitter.com/aleCTMX/status/1451000910314835970	False	2395	3117
Thu Oct 21 01:42:09 +0000 2021	exequielalvare8	RT @ZilOliv_: Qué aburrido es este #DebateBsAs en #ADosVoces ‼️🙏. Me fui….	0	6	https://twitter.com/exequielalvare8/status/1451000824759394307	False	2526	4982
Thu Oct 21 01:41:29 +0000 2021	malegrom	"Media hora de debate y sigo esperando que Tolosa Paz nos muestre alguna propuesta...
Ya aburre con el a pero Macri..
Creo que hoy pierde más votos el Frente...
#DebateBuenosAires #DebateBsAs"	0	0	https://twitter.com/malegrom/status/1451000655246675970	False	677	1045
Thu Oct 21 01:41:09 +0000 2021	okagustinabyrne	Tolosa Paz les cerró el orto a todos: hay que construir más cárceles. Mas de derecha no había no? #DebateBsAs	8	0	https://twitter.com/okagustinabyrne/status/1451000572241403906	False	499	793
Thu Oct 21 01:40:53 +0000 2021	triheredia	"Una remera qué diga ""Santilli estás prestado en provincia de BS AS"" TP #DebateBuenosAires #DebateBsAs"	1	0	https://twitter.com/triheredia/status/1451000504360660996	False	9418	10336
Thu Oct 21 01:40:45 +0000 2021	IokichCain	nadie va a decir nada de wanda-suarez, ke embole el #DebateBsAs	1	0	https://twitter.com/IokichCain/status/1451000472333078532	False	165	224
Thu Oct 21 01:39:24 +0000 2021	okagustinabyrne	Parece que de lo único que se va a hablar es de LOS DELINCUENTESÑÑÑSÑ capaz que están proyectando entre ellos #DebateBsAs	1	0	https://twitter.com/okagustinabyrne/status/1451000134494560264	False	499	793
Thu Oct 21 01:39:00 +0000 2021	natalialozaOK	"@diegosantilli respondé dónde está pepin y porqué no se presentó Macri ante la justicia.
#DebateBsAs"	0	0	https://twitter.com/natalialozaOK/status/1451000030974799872	False	336	977
Thu Oct 21 01:37:27 +0000 2021	claudialadecba	"Que insoportable es Tolosa Paz 
#DebateBsAs"	0	0	https://twitter.com/claudialadecba/status/1450999641718276099	False	262	1139
Thu Oct 21 01:36:10 +0000 2021	MariiaMalmierca	"Che, los de frente de todos saben lo que es un diccionario? Ahí podrán encontrar un montón de palabras para usar en vez de justificar todo con ""ah pero Macri"" #DebateBsAs"	1	0	https://twitter.com/MariiaMalmierca/status/1450999318635233284	False	545	397
Thu Oct 21 01:33:55 +0000 2021	Javierbuela1	"RT @Sami25280250: #DebateBsAs
Junto a nuestra candidata Victoria T.Paz https://t.co/sE9vfYKRuA"	0	13	https://twitter.com/Javierbuela1/status/1450998752781631493	False	439	1994
Thu Oct 21 01:33:33 +0000 2021	Alifarias164	RT @ZilOliv_: Qué aburrido es este #DebateBsAs en #ADosVoces ‼️🙏. Me fui….	0	6	https://twitter.com/Alifarias164/status/1450998662134382596	False	1105	2076
Thu Oct 21 01:31:19 +0000 2021	triheredia	"""Ligislitivo"", nuevo poder del estado según Hotton #DebateBuenosAires #DebateBsAs"	1	0	https://twitter.com/triheredia/status/1450998099334209537	False	9418	10336
Thu Oct 21 01:30:57 +0000 2021	agustinapogs	"RT @EspecheVirginia: #DebateBsAs balas, cárcel, policía, mano dura, represión. El Frente de Izquierda con @NicolasdelCano con la ""fuerza de…"	0	1	https://twitter.com/agustinapogs/status/1450998004484165632	False	577	705
Thu Oct 21 01:30:49 +0000 2021	MilitanciaMerlo	"RT @FrenteDeTodos: • Hoy a las 22hs, @vtolosapaz va a participar del #DebateBsAs en @todonoticias. 📺 

También podés seguirlo en vivo por a…"	0	111	https://twitter.com/MilitanciaMerlo/status/1450997971865178121	False	48	112
Thu Oct 21 01:30:32 +0000 2021	ela59735361	#DebateBsAs Victoria Debate https://t.co/zOS7JbUCbx	0	0	https://twitter.com/ela59735361/status/1450997902344663046	False	268	333
Thu Oct 21 01:30:20 +0000 2021	FabianaVittor	Hotton, deja de robar!!! No estudiaste nada #DebateBsAs	0	0	https://twitter.com/FabianaVittor/status/1450997851564224525	False	124	536
Thu Oct 21 01:30:07 +0000 2021	ZilOliv_	Qué aburrido es este #DebateBsAs en #ADosVoces ‼️🙏. Me fui….	20	6	https://twitter.com/ZilOliv_/status/1450997797369622530	False	36804	37444
Thu Oct 21 01:29:50 +0000 2021	triheredia	Santilli tratando de sumar  votos de la derecha de la derecha #DebateBuenosAires #DebateBsAs	1	0	https://twitter.com/triheredia/status/1450997726716432386	False	9418	10336
Thu Oct 21 01:28:38 +0000 2021	EspecheVirginia	"#DebateBsAs balas, cárcel, policía, mano dura, represión. El Frente de Izquierda con @NicolasdelCano con la ""fuerza de los y las laburantes""  #LaIzquierdaAlCongreso"	5	1	https://twitter.com/EspecheVirginia/status/1450997423795494917	False	591	821
Thu Oct 21 01:27:04 +0000 2021	susananbrizuela	"RT @FrenteDeTodos: • Hoy a las 22hs, @vtolosapaz va a participar del #DebateBsAs en @todonoticias. 📺 

También podés seguirlo en vivo por a…"	0	111	https://twitter.com/susananbrizuela/status/1450997028348043265	False	692	2025
Thu Oct 21 01:26:36 +0000 2021	Naza21_ok	RT @rating_politico: #DebateBsAs en @todonoticias con 4,4 lidera los canales de noticias https://t.co/O2Ng75JjfU	0	4	https://twitter.com/Naza21_ok/status/1450996912950104066	False	26	983
Thu Oct 21 01:24:42 +0000 2021	triheredia	"No distingo el discurso cuando hablan de ""los políticos"" entre  Espert y Del Caño #DebateBuenosAires #DebateBsAs"	0	0	https://twitter.com/triheredia/status/1450996435059556355	False	9418	10336
Thu Oct 21 01:24:05 +0000 2021	lorenapaez_ok	"RT @FrenteDeTodos: • Hoy a las 22hs, @vtolosapaz va a participar del #DebateBsAs en @todonoticias. 📺 

También podés seguirlo en vivo por a…"	0	111	https://twitter.com/lorenapaez_ok/status/1450996276267470854	False	1427	1892
Thu Oct 21 01:23:57 +0000 2021	VamosConMatanza	"RT @VerdiniPrensa: #AHORA Acompañando a @RandazzoF en el #DebateBsAs de la Provincia de Buenos Aires en 📺@todonoticias

#VamosconRandazzo #…"	0	2	https://twitter.com/VamosConMatanza/status/1450996242247528451	False	11	12
Thu Oct 21 01:23:16 +0000 2021	triheredia	"Toloza Paz en modo CFK , I Like
#DebateBuenosAires #DebateBsAs"	1	0	https://twitter.com/triheredia/status/1450996074009665536	False	9418	10336
Thu Oct 21 01:22:57 +0000 2021	alequirch	Un minuto de Derrota Paz y ya dijo diez veces Macri. Y de seguridad y justicia no se habla...#DebateBsAs	0	0	https://twitter.com/alequirch/status/1450995992908677122	False	487	1116
Thu Oct 21 01:22:17 +0000 2021	triheredia	Llamen a Zafaroni, merece un Atril y que debata...#DebateBuenosAires #DebateBsAs	0	0	https://twitter.com/triheredia/status/1450995822854742018	False	9418	10336
Thu Oct 21 01:22:10 +0000 2021	Gaston_Dufour	"RT @FrenteDeTodos: • Hoy a las 22hs, @vtolosapaz va a participar del #DebateBsAs en @todonoticias. 📺 

También podés seguirlo en vivo por a…"	0	111	https://twitter.com/Gaston_Dufour/status/1450995796988542979	False	169	681
Thu Oct 21 01:20:11 +0000 2021	AdrianVerdini	"RT @VerdiniPrensa: #EnInstantes no te pierdas las propuestas de @RandazzoF y todo el equipo de #VamosConVos en el #DebateBsAs 

📺 Miralo en…"	0	2	https://twitter.com/AdrianVerdini/status/1450995298130563076	False	950	838
Thu Oct 21 01:20:01 +0000 2021	AdrianVerdini	"RT @VerdiniPrensa: #AHORA Acompañando a @RandazzoF en el #DebateBsAs de la Provincia de Buenos Aires en 📺@todonoticias

#VamosconRandazzo #…"	0	2	https://twitter.com/AdrianVerdini/status/1450995252626538504	False	950	838
Thu Oct 21 01:19:48 +0000 2021	PittitoBrad	"RT @FrenteDeTodos: • Hoy a las 22hs, @vtolosapaz va a participar del #DebateBsAs en @todonoticias. 📺 

También podés seguirlo en vivo por a…"	0	111	https://twitter.com/PittitoBrad/status/1450995201670012929	False	595	1001
Thu Oct 21 01:19:40 +0000 2021	triheredia	"Espert pide cárcel para niñxs de 12 años , que asco de persona 
#DebateBuenosAires #DebateBsAs"	2	0	https://twitter.com/triheredia/status/1450995167285039107	False	9418	10336
Thu Oct 21 01:19:22 +0000 2021	VerdiniPrensa	"#AHORA Acompañando a @RandazzoF en el #DebateBsAs de la Provincia de Buenos Aires en 📺@todonoticias

#VamosconRandazzo #todosconrandazzo 
#VamosconVos #AdrianVerdini2021 @AdrianVerdini https://t.co/bGd3NT4Yxr"	3	2	https://twitter.com/VerdiniPrensa/status/1450995091779117058	False	82	469
Thu Oct 21 01:18:56 +0000 2021	Jorgerc2010	RT @DaPepitos07: Che del caño, ya que no te gusta el capitalismo y usas iPhone igual que yo pero no soy igual que vos, te regalo mi iPhone…	0	1	https://twitter.com/Jorgerc2010/status/1450994981129367553	False	3755	5000
Thu Oct 21 01:18:14 +0000 2021	silviar64854797	RT @xtroncoso1: Derrota Paz ya arranco mal. Empezo diciendo que agradece a los medicos q su presidente dijo que se habían relajado, y segun…	0	2	https://twitter.com/silviar64854797/status/1450994803714367488	False	2681	3972
Thu Oct 21 01:17:52 +0000 2021	ovafoto	Qué pasó Randazzo Chantazzo estás nerviosho #DebateBsAs #TN	0	0	https://twitter.com/ovafoto/status/1450994712509255680	False	60	131
Thu Oct 21 01:17:34 +0000 2021	marielageralt	RT @xtroncoso1: Derrota Paz ya arranco mal. Empezo diciendo que agradece a los medicos q su presidente dijo que se habían relajado, y segun…	0	2	https://twitter.com/marielageralt/status/1450994637120757766	False	3098	3139
Thu Oct 21 01:16:44 +0000 2021	CesarLehmann	"Por qué no lo subtitulan a Bonelli? 

#DebateBsAs"	0	0	https://twitter.com/CesarLehmann/status/1450994426948603904	False	1057	268
Thu Oct 21 01:16:17 +0000 2021	melinoe123	"#LaIzquierdaAlCongreso #DebateBsAs ""Justicia por Facundo Castro"", así llega @NicolasdelCano https://t.co/CcsXzA4tY0"	0	0	https://twitter.com/melinoe123/status/1450994315891601417	False	448	482
Thu Oct 21 01:15:56 +0000 2021	GliceldaV	@todonoticias  #JxCSantilli #FPTodos=#TolosaPazPerokirchnerista #VCVFRandazzoPerokirchnerista y lo mismos de siempreamoldado al Perokirchnerista #AvanzaLibertadJLEspert    #FMV y #FDIzNDelCaño( siempre lo mismo)#DebateBsAs #TolosaPaz inicia diciendo lo contrario a lo q hacen	0	0	https://twitter.com/GliceldaV/status/1450994227647815683	False	162	428
Thu Oct 21 01:15:44 +0000 2021	triheredia	Gorra Covid Santilli , aulas abiertas y represion #DebateBuenosAires #DebateBsAs	0	0	https://twitter.com/triheredia/status/1450994176875655170	False	9418	10336
Thu Oct 21 01:15:34 +0000 2021	diegofhirsch	"Espectacular Del Caño dándonos voz a los laburantes. 
#DebateBsAs #DebateBuenosAires"	4	1	https://twitter.com/diegofhirsch/status/1450994135427469316	False	791	1001
Thu Oct 21 01:14:20 +0000 2021	FloraBosisio	Inicio del debate y Victoria Tolosa Paz usa la pandemia y las víctimas! Caradura y las fiestas en Olivos? Y el pisoteo de las piedras? Y el vacunatorio VIP? No merece un solo voto! #DebateBsAs	0	0	https://twitter.com/FloraBosisio/status/1450993825988628485	False	316	1033
Thu Oct 21 01:14:07 +0000 2021	IsabelRD241	RT @chipicastillo: Preparando el #DebateBsAs de mañana en @adosvoces_tn con @NicolasdelCano y @myriambregman https://t.co/NqABWt6oF4	0	30	https://twitter.com/IsabelRD241/status/1450993769323454467	False	43	122
Thu Oct 21 01:13:55 +0000 2021	DaPepitos07	"Che del caño, ya que no te gusta el capitalismo y usas iPhone igual que yo pero no soy igual que vos, te regalo mi iPhone SE.

Pero tenes que cambiarle la bateria, Esta medio inflada... #DebateBsAs 

¡Aguante el capitalismo!"	0	1	https://twitter.com/DaPepitos07/status/1450993721353330692	False	7275	8004
Thu Oct 21 01:13:34 +0000 2021	joavale	Ya empezó el #DebateBsAs y @jlespert habla de libertades y se refiere a todOs, en masculino... ¿Qué definición de libertad aprendió este? Decí las cosas como son y cada vez q digas libertad hablá de privilegios q es lo q querés. Privilegios para unos pocos, eso no es libertad.	1	0	https://twitter.com/joavale/status/1450993631398178821	False	385	972
Thu Oct 21 01:13:34 +0000 2021	xtroncoso1	"Derrota Paz ya arranco mal. Empezo diciendo que agradece a los medicos q su presidente dijo que se habían relajado, y segundo y errado, empezó con el ""Ah pero Macri"". #NoAlAcuerdo #DebateBsAs"	2	2	https://twitter.com/xtroncoso1/status/1450993630429077511	False	1186	1498
Thu Oct 21 01:13:18 +0000 2021	JohnCookie17	RT @Eliramaa: POR QUÉ DICE CON QUIEN ESTÁ CASADA NO HAY NADA QUE ME CHUPE MAS UN HUEVOOP #DebateBsAs	0	1	https://twitter.com/JohnCookie17/status/1450993564125597697	False	19	307
Thu Oct 21 01:12:08 +0000 2021	SandritaSoy	RT @rating_politico: #DebateBsAs en @todonoticias con 4,4 lidera los canales de noticias https://t.co/O2Ng75JjfU	0	4	https://twitter.com/SandritaSoy/status/1450993268670361601	False	4431	1789
Thu Oct 21 01:12:02 +0000 2021	triheredia	"""Quienes nos acompañan"" dice Hotton, es dueña de casa ???? #DebateBsAs"	0	0	https://twitter.com/triheredia/status/1450993247396896769	False	9418	10336
Thu Oct 21 01:11:39 +0000 2021	MARIANOCOPPINI	"RT @FrenteDeTodos: • Hoy a las 22hs, @vtolosapaz va a participar del #DebateBsAs en @todonoticias. 📺 

También podés seguirlo en vivo por a…"	0	111	https://twitter.com/MARIANOCOPPINI/status/1450993148189102083	False	674	981
Thu Oct 21 01:11:30 +0000 2021	Lalala_Nananah	"Que el 14 de Noviembre se vote entre WANDA y la China, chicos! Qué carajo importa el resto?? Toloza Paz quién te conoce?? 🤣😂
#WandaGate #WandaNara #ChinaSuarez #chinagate #MauroIcardi wanda icardi Nara #DebateBuenosAires #DebateBsAs #debatepba #DebateWandaGate"	1	0	https://twitter.com/Lalala_Nananah/status/1450993111694393345	False	96	297
Thu Oct 21 01:11:28 +0000 2021	Eliramaa	POR QUÉ DICE CON QUIEN ESTÁ CASADA NO HAY NADA QUE ME CHUPE MAS UN HUEVOOP #DebateBsAs	2	1	https://twitter.com/Eliramaa/status/1450993102844399619	False	2065	499
Thu Oct 21 01:11:23 +0000 2021	LaGloriosa_2021	"RT @FrenteDeTodos: • Hoy a las 22hs, @vtolosapaz va a participar del #DebateBsAs en @todonoticias. 📺 

También podés seguirlo en vivo por a…"	0	111	https://twitter.com/LaGloriosa_2021/status/1450993083085201410	False	314	385
Thu Oct 21 01:10:30 +0000 2021	jmeirino	RT @rating_politico: #DebateBsAs en @todonoticias con 4,4 lidera los canales de noticias https://t.co/O2Ng75JjfU	0	4	https://twitter.com/jmeirino/status/1450992859667042308	False	3816	632
Thu Oct 21 01:08:12 +0000 2021	rating_politico	#DebateBsAs en @todonoticias con 4,4 lidera los canales de noticias https://t.co/O2Ng75JjfU	23	4	https://twitter.com/rating_politico/status/1450992282522447876	False	13097	420
Thu Oct 21 01:08:07 +0000 2021	Barbaracarlotto	"Que ve*ga sos TN
#DebateBsAs"	4	1	https://twitter.com/Barbaracarlotto/status/1450992260741361672	False	2538	1104
Thu Oct 21 01:07:55 +0000 2021	xtroncoso1	Arranca el #DebateBsAs	0	0	https://twitter.com/xtroncoso1/status/1450992208245633026	False	1186	1498
Thu Oct 21 01:07:27 +0000 2021	GChenzo	"Solo quiero que Del Caño y Derrota Tolosa Paz esta noche muerdan el polvo. 
#DebateBsAs #DebateBuenosAires"	2	0	https://twitter.com/GChenzo/status/1450992093674053637	False	17	111
Thu Oct 21 01:03:16 +0000 2021	CarlaTortora4	"RT @FrenteDeTodos: • Hoy a las 22hs, @vtolosapaz va a participar del #DebateBsAs en @todonoticias. 📺 

También podés seguirlo en vivo por a…"	0	111	https://twitter.com/CarlaTortora4/status/1450991037896400896	False	6	17
Thu Oct 21 01:02:30 +0000 2021	FlorenciaOfici1	RT @RatingYaArg: Arrancó #DebateBsAs 📺	0	1	https://twitter.com/FlorenciaOfici1/status/1450990846803861506	False	8	702
Thu Oct 21 01:02:24 +0000 2021	SGRiveros	"RT @FrenteDeTodos: • Hoy a las 22hs, @vtolosapaz va a participar del #DebateBsAs en @todonoticias. 📺 

También podés seguirlo en vivo por a…"	0	111	https://twitter.com/SGRiveros/status/1450990821793226761	False	912	1244
Thu Oct 21 01:01:50 +0000 2021	RatingYaArg	Arrancó #DebateBsAs 📺	2	1	https://twitter.com/RatingYaArg/status/1450990679493074944	False	5902	319
Thu Oct 21 01:01:44 +0000 2021	AleRey43050595	"RT @LibresPilar: 📌 #DebateBsAs
🕛 A las 22hs Florencio Randazzo va estar debatiendo por Buenos Aires, junto a Victoria Tolosa Paz, Cynthia H…"	0	25	https://twitter.com/AleRey43050595/status/1450990653136121857	False	75	58
Thu Oct 21 01:00:37 +0000 2021	oscarcarrozaz	"RT @EnLPVictoria: ""Estoy muy contenta porque esperé mucho este día"" #Ahora @vtolosapaz llegó a los estudios de @todonoticias 

#DebateBueno…"	0	9	https://twitter.com/oscarcarrozaz/status/1450990371903721473	False	646	1153
Thu Oct 21 01:00:17 +0000 2021	LaDesgracia2020	"RT @Sami25280250: #DebateBsAs
Junto a nuestra candidata Victoria T.Paz https://t.co/sE9vfYKRuA"	0	13	https://twitter.com/LaDesgracia2020/status/1450990287317344258	False	1717	1761
Thu Oct 21 00:59:21 +0000 2021	Barbaracarlotto	Confianza absoluta en la compañera que nos representa ✌️@vtolosapaz  #DebateBsAs	7	2	https://twitter.com/Barbaracarlotto/status/1450990052855533571	False	2538	1104
Thu Oct 21 00:58:17 +0000 2021	LLucianoLescano	"RT @FrenteDeTodos: • Hoy a las 22hs, @vtolosapaz va a participar del #DebateBsAs en @todonoticias. 📺 

También podés seguirlo en vivo por a…"	0	111	https://twitter.com/LLucianoLescano/status/1450989784646684675	False	616	722
Thu Oct 21 00:58:06 +0000 2021	LucioPortoOK	Empieza #DebateBsAs	0	0	https://twitter.com/LucioPortoOK/status/1450989738442125313	False	942	3623
Thu Oct 21 00:56:07 +0000 2021	colomorales	"Ya casi...
#DebateBsAs 
#DebateBuenosAires https://t.co/hIn5BjB2HS"	1	0	https://twitter.com/colomorales/status/1450989238133170182	False	2187	698
Thu Oct 21 00:56:03 +0000 2021	joacoargentino	"RT @FrenteDeTodos: • Hoy a las 22hs, @vtolosapaz va a participar del #DebateBsAs en @todonoticias. 📺 

También podés seguirlo en vivo por a…"	0	111	https://twitter.com/joacoargentino/status/1450989225080459274	False	245	463
Thu Oct 21 00:55:32 +0000 2021	VerdiniPrensa	"#EnInstantes no te pierdas las propuestas de @RandazzoF y todo el equipo de #VamosConVos en el #DebateBsAs 

📺 Miralo en @todonoticias 

#VivirConTranquilidad #RandazzoVaConVos #todosconflorencio @AdrianVerdini https://t.co/7r0W6jwzPh"	2	2	https://twitter.com/VerdiniPrensa/status/1450989091537965058	False	82	469
Thu Oct 21 00:55:23 +0000 2021	grachupages	"RT @Ezequiel_konig: El mejor candidato por la provincia de bs as, usted tiene todo mi apoyo profe @jlespert 
#DebateBsAs https://t.co/Pl4pt…"	0	1	https://twitter.com/grachupages/status/1450989054636400642	False	142	302
Thu Oct 21 00:55:04 +0000 2021	maruluna20	"RT @Sami25280250: #DebateBsAs
Junto a nuestra candidata Victoria T.Paz https://t.co/sE9vfYKRuA"	0	13	https://twitter.com/maruluna20/status/1450988976484007944	False	1735	2292
Thu Oct 21 00:51:37 +0000 2021	ElPadrillo6	RT @LOARIAS: Para no perderse este debate 👏🏻👏🏻👏🏻 #DebateBsAs https://t.co/QzNMPGBV51	0	1	https://twitter.com/ElPadrillo6/status/1450988107915010053	False	2664	1512
Thu Oct 21 00:51:35 +0000 2021	an_ballo	"RT @Sami25280250: #DebateBsAs
Junto a nuestra candidata Victoria T.Paz https://t.co/sE9vfYKRuA"	0	13	https://twitter.com/an_ballo/status/1450988100176408579	False	4447	4469
Thu Oct 21 00:51:05 +0000 2021	LOARIAS	Para no perderse este debate 👏🏻👏🏻👏🏻 #DebateBsAs https://t.co/QzNMPGBV51	37	1	https://twitter.com/LOARIAS/status/1450987974477459466	False	262149	681
Thu Oct 21 00:49:16 +0000 2021	Apolojev21	"RT @Sami25280250: #DebateBsAs
Junto a nuestra candidata Victoria T.Paz https://t.co/sE9vfYKRuA"	0	13	https://twitter.com/Apolojev21/status/1450987516761419779	False	1217	1497
Thu Oct 21 00:47:05 +0000 2021	Sami25280250	"#DebateBsAs
Junto a nuestra candidata Victoria T.Paz https://t.co/sE9vfYKRuA"	23	13	https://twitter.com/Sami25280250/status/1450986967248822279	False	13154	10868
Thu Oct 21 00:46:20 +0000 2021	SoyGerard	"Porque tan elegante Homero?
Hoy está el debate de diputados por buenos aires en TN muchacho. #DebateBuenosAires #DebateBsAs https://t.co/0tUAq7FcQi"	2	0	https://twitter.com/SoyGerard/status/1450986779268374536	False	3265	2942
Thu Oct 21 00:45:13 +0000 2021	dario22	"RT @Barbaracarlotto: Esperando y apoyando a la compañera  @vtolosapaz para 
#DebateBsAs 
💪✌️💪✌️ https://t.co/pJpIooz2oK"	0	2	https://twitter.com/dario22/status/1450986494714392577	False	3720	4622
Thu Oct 21 00:44:00 +0000 2021	OrgulloPorteno	"RT @MJMendezCasarie: #EsConEspert Liberales Libertarios a los hechos!
#DebateBsAs https://t.co/F5vXEThvhS"	0	8	https://twitter.com/OrgulloPorteno/status/1450986189197086730	False	5459	534
Thu Oct 21 00:43:44 +0000 2021	Barbaracarlotto	"Esperando y apoyando a la compañera  @vtolosapaz para 
#DebateBsAs 
💪✌️💪✌️ https://t.co/pJpIooz2oK"	10	2	https://twitter.com/Barbaracarlotto/status/1450986122683682818	False	2538	1104
Thu Oct 21 00:41:36 +0000 2021	FED_SCH	"RT @MJMendezCasarie: #EsConEspert Liberales Libertarios a los hechos!
#DebateBsAs https://t.co/F5vXEThvhS"	0	8	https://twitter.com/FED_SCH/status/1450985584852230147	False	27	147
Thu Oct 21 00:41:17 +0000 2021	Andy53995935	"RT @mechaymecha: "" La Argentina está pasando por un momento muy difícil"" 
Contame algo que no sepa, traidor.
#DebateBsAs https://t.co/7EnMu…"	0	1	https://twitter.com/Andy53995935/status/1450985508843163650	False	1057	1833
Thu Oct 21 00:39:49 +0000 2021	ElDanteluna	"RT @guanitamedina: Llegó nuestra futura diputada nacional @vtolosapaz a los estudios de @todonoticias 
❤✌

#DebateBuenosAires 
#DebateBsAs…"	0	3	https://twitter.com/ElDanteluna/status/1450985137408077825	False	184	977
Thu Oct 21 00:36:19 +0000 2021	marisagiannini	"RT @FrenteDeTodos: • Hoy a las 22hs, @vtolosapaz va a participar del #DebateBsAs en @todonoticias. 📺 

También podés seguirlo en vivo por a…"	0	111	https://twitter.com/marisagiannini/status/1450984255744405506	False	1161	1354
Thu Oct 21 00:36:05 +0000 2021	AresitoAR	"RT @MJMendezCasarie: #EsConEspert Liberales Libertarios a los hechos!
#DebateBsAs https://t.co/F5vXEThvhS"	0	8	https://twitter.com/AresitoAR/status/1450984197250760710	False	15	384
Thu Oct 21 00:34:58 +0000 2021	agustin_pistone	"RT @MJMendezCasarie: #EsConEspert Liberales Libertarios a los hechos!
#DebateBsAs https://t.co/F5vXEThvhS"	0	8	https://twitter.com/agustin_pistone/status/1450983916962140162	False	5533	183
Thu Oct 21 00:34:48 +0000 2021	AndreaLinguito	"RT @MJMendezCasarie: #EsConEspert Liberales Libertarios a los hechos!
#DebateBsAs https://t.co/F5vXEThvhS"	0	8	https://twitter.com/AndreaLinguito/status/1450983873899163652	False	1318	3836
Thu Oct 21 00:33:47 +0000 2021	MJMendezCasarie	"#EsConEspert Liberales Libertarios a los hechos!
#DebateBsAs https://t.co/F5vXEThvhS"	23	8	https://twitter.com/MJMendezCasarie/status/1450983620294762507	False	1910	1531
Thu Oct 21 00:30:42 +0000 2021	miguelanggell	"RT @FrenteDeTodos: • Hoy a las 22hs, @vtolosapaz va a participar del #DebateBsAs en @todonoticias. 📺 

También podés seguirlo en vivo por a…"	0	111	https://twitter.com/miguelanggell/status/1450982841475637248	False	1658	4366
Thu Oct 21 00:28:22 +0000 2021	La1mi_neverK	"Y si hacemos al revés? si dejamos q la policía mate a los chorros si es necesario y en todo caso si mató a un inocente lo ponemos preso, y no dejamos libre al preso para ver si realmente es capaz de matar a un inocente ,trabajador para sacarle algo??
#Policia 
#DebateBsAs"	1	0	https://twitter.com/La1mi_neverK/status/1450982256957218817	False	8184	8127
Thu Oct 21 00:27:28 +0000 2021	Pretoguiso	"RT @florespinosalp: Hoy no te pierdas a Victoria Tolosa Paz, la mejor candidata a diputada en el #DebateBuenosAires #DebateBsAs

@vtolosapa…"	0	4	https://twitter.com/Pretoguiso/status/1450982029202386945	False	196	498
Thu Oct 21 00:23:28 +0000 2021	MSgheiz	"RT @florespinosalp: Hoy no te pierdas a Victoria Tolosa Paz, la mejor candidata a diputada en el #DebateBuenosAires #DebateBsAs

@vtolosapa…"	0	4	https://twitter.com/MSgheiz/status/1450981021885808641	False	417	689
Thu Oct 21 00:12:51 +0000 2021	vitomartin	RT @TodoNegativo: Esta noche va a ser la noche de los centros de los periodistas de TN a Santilli, ya le están tirando todos pases gol. #De…	0	2	https://twitter.com/vitomartin/status/1450978352697729027	False	2621	429
Thu Oct 21 00:08:50 +0000 2021	GabiMNavarrete	"RT @FrenteDeTodos: • Hoy a las 22hs, @vtolosapaz va a participar del #DebateBsAs en @todonoticias. 📺 

También podés seguirlo en vivo por a…"	0	111	https://twitter.com/GabiMNavarrete/status/1450977341744631811	False	121	255
Thu Oct 21 00:08:47 +0000 2021	hugoncorrea	"RT @guanitamedina: Llegó nuestra futura diputada nacional @vtolosapaz a los estudios de @todonoticias 
❤✌

#DebateBuenosAires 
#DebateBsAs…"	0	3	https://twitter.com/hugoncorrea/status/1450977325907001344	False	2177	1919
Thu Oct 21 00:08:14 +0000 2021	rp2007	"RT @guanitamedina: Llegó nuestra futura diputada nacional @vtolosapaz a los estudios de @todonoticias 
❤✌

#DebateBuenosAires 
#DebateBsAs…"	0	3	https://twitter.com/rp2007/status/1450977189004984324	False	732	92
Thu Oct 21 00:04:28 +0000 2021	GianniniSB	"RT @FrenteDeTodos: • Hoy a las 22hs, @vtolosapaz va a participar del #DebateBsAs en @todonoticias. 📺 

También podés seguirlo en vivo por a…"	0	111	https://twitter.com/GianniniSB/status/1450976241352204289	False	2901	795
Thu Oct 21 00:04:07 +0000 2021	DBeninati	"RT @FrenteDeTodos: • Hoy a las 22hs, @vtolosapaz va a participar del #DebateBsAs en @todonoticias. 📺 

También podés seguirlo en vivo por a…"	0	111	https://twitter.com/DBeninati/status/1450976154018582533	False	1980	4554
Wed Oct 20 23:59:50 +0000 2021	TodoNegativo	Esta noche va a ser la noche de los centros de los periodistas de TN a Santilli, ya le están tirando todos pases gol. #DebateBuenosAires #DebateBsAs	2	2	https://twitter.com/TodoNegativo/status/1450975075725946882	False	74813	540
Wed Oct 20 23:58:33 +0000 2021	todos_florencio	"RT @GermanPavone: Hoy 22hs en @todonoticias!!

@RandazzoF

#VamosConVos
 #DebateBsAs  
#VivirConTranquilidad #RandazzoVaConVos https://t.co…"	0	3	https://twitter.com/todos_florencio/status/1450974752277991430	False	2123	14
Wed Oct 20 23:58:14 +0000 2021	Celia_Zarate	"RT @FrenteDeTodos: • Hoy a las 22hs, @vtolosapaz va a participar del #DebateBsAs en @todonoticias. 📺 

También podés seguirlo en vivo por a…"	0	111	https://twitter.com/Celia_Zarate/status/1450974673458524162	False	2032	2240
Wed Oct 20 23:56:47 +0000 2021	guanitamedina	"Llegó nuestra futura diputada nacional @vtolosapaz a los estudios de @todonoticias 
❤✌

#DebateBuenosAires 
#DebateBsAs https://t.co/7vCH3k5fW3"	11	3	https://twitter.com/guanitamedina/status/1450974306515570688	False	2427	2073
Wed Oct 20 23:54:47 +0000 2021	Randazzo2021	RT @RandazzoF: Ultimando detalles con el equipo de #VamosConVos para el #DebateBsAs. Las y los espero mañana a las 22hs en @todonoticias.…	0	26	https://twitter.com/Randazzo2021/status/1450973805971574787	False	443	12
Wed Oct 20 23:52:55 +0000 2021	aliciag0728	"RT @EnLPVictoria: ""Estoy muy contenta porque esperé mucho este día"" #Ahora @vtolosapaz llegó a los estudios de @todonoticias 

#DebateBueno…"	0	9	https://twitter.com/aliciag0728/status/1450973336851255300	False	705	1274
Wed Oct 20 23:51:21 +0000 2021	MNA_SanIsidro	RT @FrenteTodismo: Hoy a las 22hs la compañera @vtolosapaz va a participar del #DebateBsAs  y todos vamos a estar bancándola, en redes y do…	0	1	https://twitter.com/MNA_SanIsidro/status/1450972938908299266	False	1452	1576
Wed Oct 20 23:49:40 +0000 2021	FrenteTodismo	Hoy a las 22hs la compañera @vtolosapaz va a participar del #DebateBsAs  y todos vamos a estar bancándola, en redes y donde sea. Tenemos a la mejor candidata ✌️ https://t.co/zuWbrnxPX7	2	1	https://twitter.com/FrenteTodismo/status/1450972517494108171	False	21994	8740
Wed Oct 20 23:49:25 +0000 2021	TattGud	¿Tolo5a Pax puede explicar por qué no hay justicia por Facundo Castro? #DebateBsAs https://t.co/53sJpEHn4Q	13	1	https://twitter.com/TattGud/status/1450972452943630338	False	619	1041
Wed Oct 20 23:48:49 +0000 2021	Ezequiel_konig	"El mejor candidato por la provincia de bs as, usted tiene todo mi apoyo profe @jlespert 
#DebateBsAs https://t.co/Pl4ptFbnfd"	1	1	https://twitter.com/Ezequiel_konig/status/1450972303655780353	False	6	38
Wed Oct 20 23:47:19 +0000 2021	CMLealtad_Mada	"RT @Federico_Zotta: #DebateBsAs 🔉

➡️ HOY a las 22 hs. nuestra candidata Victoria Tolosa Paz participa del debate en TN
 ✌🏻

Importante 👉🏻…"	0	2	https://twitter.com/CMLealtad_Mada/status/1450971925296070662	False	149	365
Wed Oct 20 23:47:09 +0000 2021	natalialozaOK	"RT @Federico_Zotta: #DebateBsAs 🔉

➡️ HOY a las 22 hs. nuestra candidata Victoria Tolosa Paz participa del debate en TN
 ✌🏻

Importante 👉🏻…"	0	2	https://twitter.com/natalialozaOK/status/1450971881734131726	False	336	977
Wed Oct 20 23:47:04 +0000 2021	TonyOrt48233340	"RT @EnLPVictoria: ""Estoy muy contenta porque esperé mucho este día"" #Ahora @vtolosapaz llegó a los estudios de @todonoticias 

#DebateBueno…"	0	9	https://twitter.com/TonyOrt48233340/status/1450971862452764677	False	337	423
Wed Oct 20 23:47:03 +0000 2021	gracielaviola4	"RT @EnLPVictoria: ""Estoy muy contenta porque esperé mucho este día"" #Ahora @vtolosapaz llegó a los estudios de @todonoticias 

#DebateBueno…"	0	9	https://twitter.com/gracielaviola4/status/1450971860309524484	False	214	697
Wed Oct 20 23:46:59 +0000 2021	militando2019	"RT @EnLPVictoria: ""Estoy muy contenta porque esperé mucho este día"" #Ahora @vtolosapaz llegó a los estudios de @todonoticias 

#DebateBueno…"	0	9	https://twitter.com/militando2019/status/1450971842550943746	False	4610	5013
Wed Oct 20 23:45:31 +0000 2021	Federico_Zotta	"#DebateBsAs 🔉

➡️ HOY a las 22 hs. nuestra candidata Victoria Tolosa Paz participa del debate en TN
 ✌🏻

Importante 👉🏻 Podés seguirlo por el canal de Youtube de Victoria: https://t.co/1XvrCE1Iz6

¡Vamos con todo! 
#DebateBsAs https://t.co/YVrCzaAkck"	3	2	https://twitter.com/Federico_Zotta/status/1450971474081234949	False	22	89
Wed Oct 20 23:42:08 +0000 2021	Oskarvolver19	"RT @FrenteDeTodos: • Hoy a las 22hs, @vtolosapaz va a participar del #DebateBsAs en @todonoticias. 📺 

También podés seguirlo en vivo por a…"	0	111	https://twitter.com/Oskarvolver19/status/1450970622557888519	False	2010	1640
Wed Oct 20 23:41:42 +0000 2021	Diegoahumado	"RT @EnLPVictoria: ""Estoy muy contenta porque esperé mucho este día"" #Ahora @vtolosapaz llegó a los estudios de @todonoticias 

#DebateBueno…"	0	9	https://twitter.com/Diegoahumado/status/1450970513535291396	False	2706	1429
Wed Oct 20 23:41:29 +0000 2021	rp2007	"RT @EnLPVictoria: ""Estoy muy contenta porque esperé mucho este día"" #Ahora @vtolosapaz llegó a los estudios de @todonoticias 

#DebateBueno…"	0	9	https://twitter.com/rp2007/status/1450970456438280197	False	732	92
Wed Oct 20 23:38:38 +0000 2021	dipwaltercorrea	"RT @FrenteDeTodos: • Hoy a las 22hs, @vtolosapaz va a participar del #DebateBsAs en @todonoticias. 📺 

También podés seguirlo en vivo por a…"	0	111	https://twitter.com/dipwaltercorrea/status/1450969740575342595	False	15263	518
Wed Oct 20 23:38:22 +0000 2021	guanitamedina	"RT @EnLPVictoria: ""Estoy muy contenta porque esperé mucho este día"" #Ahora @vtolosapaz llegó a los estudios de @todonoticias 

#DebateBueno…"	0	9	https://twitter.com/guanitamedina/status/1450969675282665475	False	2427	2073
Wed Oct 20 23:37:52 +0000 2021	EnLPVictoria	"""Estoy muy contenta porque esperé mucho este día"" #Ahora @vtolosapaz llegó a los estudios de @todonoticias 

#DebateBuenosAires
#DebateBsAs https://t.co/oQafGRa5nu"	36	9	https://twitter.com/EnLPVictoria/status/1450969548421730313	False	1994	1796
Wed Oct 20 23:37:08 +0000 2021	ejn62	"RT @FrenteDeTodos: • Hoy a las 22hs, @vtolosapaz va a participar del #DebateBsAs en @todonoticias. 📺 

También podés seguirlo en vivo por a…"	0	111	https://twitter.com/ejn62/status/1450969363620761601	False	2987	3380
Wed Oct 20 23:35:43 +0000 2021	EzePolizzi	"RT @FrenteDeTodos: • Hoy a las 22hs, @vtolosapaz va a participar del #DebateBsAs en @todonoticias. 📺 

También podés seguirlo en vivo por a…"	0	111	https://twitter.com/EzePolizzi/status/1450969005724823553	False	883	1058
Wed Oct 20 23:32:56 +0000 2021	Diputados_Todos	"RT @FrenteDeTodos: • Hoy a las 22hs, @vtolosapaz va a participar del #DebateBsAs en @todonoticias. 📺 

También podés seguirlo en vivo por a…"	0	111	https://twitter.com/Diputados_Todos/status/1450968306295341057	False	129132	364
Wed Oct 20 23:31:22 +0000 2021	mauroafagnani	"RT @FrenteDeTodos: • Hoy a las 22hs, @vtolosapaz va a participar del #DebateBsAs en @todonoticias. 📺 

También podés seguirlo en vivo por a…"	0	111	https://twitter.com/mauroafagnani/status/1450967913754677251	False	47	357
Wed Oct 20 23:29:19 +0000 2021	CintiaMansilla_	"RT @FrenteDeTodos: • Hoy a las 22hs, @vtolosapaz va a participar del #DebateBsAs en @todonoticias. 📺 

También podés seguirlo en vivo por a…"	0	111	https://twitter.com/CintiaMansilla_/status/1450967396252979205	False	1314	1020
Wed Oct 20 23:28:54 +0000 2021	Alejand73217941	RT @chipicastillo: Preparando el #DebateBsAs de mañana en @adosvoces_tn con @NicolasdelCano y @myriambregman https://t.co/NqABWt6oF4	0	30	https://twitter.com/Alejand73217941/status/1450967291986792453	False	32	120
Wed Oct 20 23:28:38 +0000 2021	Patriciaalvez	"RT @FrenteDeTodos: • Hoy a las 22hs, @vtolosapaz va a participar del #DebateBsAs en @todonoticias. 📺 

También podés seguirlo en vivo por a…"	0	111	https://twitter.com/Patriciaalvez/status/1450967223875432456	False	2960	780
Wed Oct 20 23:24:22 +0000 2021	justinianoguill	RT @militando2019: @vtolosapaz @Kicillofok Santilli se prepara solo en lo comunicacional porque quiere chicanear con una frase, para instal…	0	2	https://twitter.com/justinianoguill/status/1450966150242840576	False	2423	4998
Wed Oct 20 23:24:00 +0000 2021	Augusto70555278	"RT @FrenteDeTodos: • Hoy a las 22hs, @vtolosapaz va a participar del #DebateBsAs en @todonoticias. 📺 

También podés seguirlo en vivo por a…"	0	111	https://twitter.com/Augusto70555278/status/1450966055778721793	False	646	4212
Wed Oct 20 23:22:18 +0000 2021	alejandro211952	RT @militando2019: @vtolosapaz @Kicillofok Santilli se prepara solo en lo comunicacional porque quiere chicanear con una frase, para instal…	0	2	https://twitter.com/alejandro211952/status/1450965628932722691	False	1368	1569
Wed Oct 20 23:21:01 +0000 2021	EncuentroMerlo	#DebateBsAs hoy a las 22 hs @vtolosapaz debate en @todonoticias https://t.co/8aDt0WUJRu	1	0	https://twitter.com/EncuentroMerlo/status/1450965306722033664	False	1014	287
Wed Oct 20 23:20:36 +0000 2021	militando2019	"@vtolosapaz @Kicillofok Santilli se prepara solo en lo comunicacional porque quiere chicanear con una frase, para instalarla. 
No son nada más que eso.
Vos recordale que no hubo mayor pandemia que ellos, en pobreza, deuda, desempleo y hambre. 
Para que lo recuerde el ciudadano también. 
#DebateBsAs"	4	2	https://twitter.com/militando2019/status/1450965203768643584	False	4610	5013
Wed Oct 20 23:20:14 +0000 2021	Sabbatella	"RT @FrenteDeTodos: • Hoy a las 22hs, @vtolosapaz va a participar del #DebateBsAs en @todonoticias. 📺 

También podés seguirlo en vivo por a…"	0	111	https://twitter.com/Sabbatella/status/1450965108075683841	False	316098	825
Wed Oct 20 23:20:10 +0000 2021	marialebarna	"RT @FrenteDeTodos: • Hoy a las 22hs, @vtolosapaz va a participar del #DebateBsAs en @todonoticias. 📺 

También podés seguirlo en vivo por a…"	0	111	https://twitter.com/marialebarna/status/1450965093806575616	False	102	344
Wed Oct 20 23:14:35 +0000 2021	militando2019	"RT @FrenteDeTodos: • Hoy a las 22hs, @vtolosapaz va a participar del #DebateBsAs en @todonoticias. 📺 

También podés seguirlo en vivo por a…"	0	111	https://twitter.com/militando2019/status/1450963686995021827	False	4610	5013
Wed Oct 20 23:13:54 +0000 2021	mechaymecha	""" La Argentina está pasando por un momento muy difícil"" 
Contame algo que no sepa, traidor.
#DebateBsAs https://t.co/7EnMuqhmsK"	2	1	https://twitter.com/mechaymecha/status/1450963514768637955	False	1299	1808
Wed Oct 20 23:06:50 +0000 2021	LuisBejaranoro1	"RT @FrenteDeTodos: • Hoy a las 22hs, @vtolosapaz va a participar del #DebateBsAs en @todonoticias. 📺 

También podés seguirlo en vivo por a…"	0	111	https://twitter.com/LuisBejaranoro1/status/1450961739491811336	False	67	542
Wed Oct 20 23:06:36 +0000 2021	mechaymecha	"RT @FrenteDeTodos: • Hoy a las 22hs, @vtolosapaz va a participar del #DebateBsAs en @todonoticias. 📺 

También podés seguirlo en vivo por a…"	0	111	https://twitter.com/mechaymecha/status/1450961678196256768	False	1299	1808
Wed Oct 20 23:05:38 +0000 2021	KolinaVarelaOk	"Esta noche #VictoriaDebate 👇📺

#DebateBsAs https://t.co/YhkfCmnRG4"	1	0	https://twitter.com/KolinaVarelaOk/status/1450961434154651653	False	195	106
Wed Oct 20 23:03:35 +0000 2021	Jota_eMe666	Así estamos esperando a Nico del caño en el #DebateBsAs  #LaIzquierdaAlCongreso https://t.co/CxUxoHO0F1	0	0	https://twitter.com/Jota_eMe666/status/1450960919459205126	False	1989	2082
Wed Oct 20 23:03:25 +0000 2021	vikidonda	"RT @FrenteDeTodos: • Hoy a las 22hs, @vtolosapaz va a participar del #DebateBsAs en @todonoticias. 📺 

También podés seguirlo en vivo por a…"	0	111	https://twitter.com/vikidonda/status/1450960877067309062	False	243062	1047
Wed Oct 20 22:58:25 +0000 2021	mujeresCPVP	"RT @FrenteDeTodos: • Hoy a las 22hs, @vtolosapaz va a participar del #DebateBsAs en @todonoticias. 📺 

También podés seguirlo en vivo por a…"	0	111	https://twitter.com/mujeresCPVP/status/1450959620944515076	False	85	264
Wed Oct 20 22:55:37 +0000 2021	EmanuelAyrala	"RT @FrenteDeTodos: • Hoy a las 22hs, @vtolosapaz va a participar del #DebateBsAs en @todonoticias. 📺 

También podés seguirlo en vivo por a…"	0	111	https://twitter.com/EmanuelAyrala/status/1450958916880379905	False	1619	4428
Wed Oct 20 22:44:28 +0000 2021	felipato51	"Hoy el #DebateBuenosAires lo gana el profe ESPERT.
Porqué es el único que tiene propuestas reales, el único que mantiene sus valores e ideas, el único que cree y milita por la libertad, hoy todos a apoyar a @jlespert .
Avanza libertad!!
#DebateBsAs #Debateprovincia 
#TN"	0	0	https://twitter.com/felipato51/status/1450956109204709378	False	31	129
Wed Oct 20 22:41:46 +0000 2021	IbpManuel	"RT @LibresPilar: 📌 #DebateBsAs
🕛 A las 22hs Florencio Randazzo va estar debatiendo por Buenos Aires, junto a Victoria Tolosa Paz, Cynthia H…"	0	25	https://twitter.com/IbpManuel/status/1450955430369370112	False	35	28
Wed Oct 20 22:40:35 +0000 2021	moron20173	"RT @FrenteDeTodos: • Hoy a las 22hs, @vtolosapaz va a participar del #DebateBsAs en @todonoticias. 📺 

También podés seguirlo en vivo por a…"	0	111	https://twitter.com/moron20173/status/1450955130308866051	False	470	726
Wed Oct 20 22:40:00 +0000 2021	andrea20380756	"RT @FrenteDeTodos: • Hoy a las 22hs, @vtolosapaz va a participar del #DebateBsAs en @todonoticias. 📺 

También podés seguirlo en vivo por a…"	0	111	https://twitter.com/andrea20380756/status/1450954983638138885	False	3	14
Wed Oct 20 22:39:09 +0000 2021	IncgnitaVirtua1	RT @chipicastillo: Preparando el #DebateBsAs de mañana en @adosvoces_tn con @NicolasdelCano y @myriambregman https://t.co/NqABWt6oF4	0	30	https://twitter.com/IncgnitaVirtua1/status/1450954771112865797	False	138	63
Wed Oct 20 22:37:40 +0000 2021	IbpJorge	"RT @LibresPilar: 📌 #DebateBsAs
🕛 A las 22hs Florencio Randazzo va estar debatiendo por Buenos Aires, junto a Victoria Tolosa Paz, Cynthia H…"	0	25	https://twitter.com/IbpJorge/status/1450954399782690818	False	5	25
Wed Oct 20 22:27:26 +0000 2021	CiroAlbertoK1	"RT @FrenteDeTodos: • Hoy a las 22hs, @vtolosapaz va a participar del #DebateBsAs en @todonoticias. 📺 

También podés seguirlo en vivo por a…"	0	111	https://twitter.com/CiroAlbertoK1/status/1450951822504562694	False	3048	4996
Wed Oct 20 22:27:01 +0000 2021	mariaross03	RT @chipicastillo: Preparando el #DebateBsAs de mañana en @adosvoces_tn con @NicolasdelCano y @myriambregman https://t.co/NqABWt6oF4	0	30	https://twitter.com/mariaross03/status/1450951718456414219	False	59	261
Wed Oct 20 22:14:35 +0000 2021	Mauro_Dejemax	"RT @Mauro_Dejemax: Esta noche a las 22hs podés ver el debate de candidatos y candidatas mediante este link: https://t.co/An1OA62e0K

#Debat…"	0	1	https://twitter.com/Mauro_Dejemax/status/1450948590570967041	False	392	1148
Wed Oct 20 22:13:13 +0000 2021	Mauro_Dejemax	"Esta noche a las 22hs podés ver el debate de candidatos y candidatas mediante este link: https://t.co/An1OA62e0K

#DebateBsAs https://t.co/tlTollo44r"	1	1	https://twitter.com/Mauro_Dejemax/status/1450948243727261696	False	392	1148
Wed Oct 20 22:10:26 +0000 2021	memo_cesar	"RT @FrenteDeTodos: • Hoy a las 22hs, @vtolosapaz va a participar del #DebateBsAs en @todonoticias. 📺 

También podés seguirlo en vivo por a…"	0	111	https://twitter.com/memo_cesar/status/1450947545438507012	False	1510	2094
Wed Oct 20 21:56:41 +0000 2021	patry_roxanita	"RT @FrenteDeTodos: • Hoy a las 22hs, @vtolosapaz va a participar del #DebateBsAs en @todonoticias. 📺 

También podés seguirlo en vivo por a…"	0	111	https://twitter.com/patry_roxanita/status/1450944082080108548	False	105	160
Wed Oct 20 21:34:47 +0000 2021	bedetriz	"RT @FrenteDeTodos: • Hoy a las 22hs, @vtolosapaz va a participar del #DebateBsAs en @todonoticias. 📺 

También podés seguirlo en vivo por a…"	0	111	https://twitter.com/bedetriz/status/1450938573797027842	False	138	335
Wed Oct 20 21:33:53 +0000 2021	fejasua	"RT @FrenteDeTodos: • Hoy a las 22hs, @vtolosapaz va a participar del #DebateBsAs en @todonoticias. 📺 

También podés seguirlo en vivo por a…"	0	111	https://twitter.com/fejasua/status/1450938346231025676	False	582	1377
Wed Oct 20 21:31:46 +0000 2021	escriba	"RT @FrenteDeTodos: • Hoy a las 22hs, @vtolosapaz va a participar del #DebateBsAs en @todonoticias. 📺 

También podés seguirlo en vivo por a…"	0	111	https://twitter.com/escriba/status/1450937814527397892	False	73662	6077
Wed Oct 20 21:31:06 +0000 2021	alejandro211952	"RT @FrenteDeTodos: • Hoy a las 22hs, @vtolosapaz va a participar del #DebateBsAs en @todonoticias. 📺 

También podés seguirlo en vivo por a…"	0	111	https://twitter.com/alejandro211952/status/1450937647279509510	False	1368	1569
Wed Oct 20 21:23:17 +0000 2021	MCLaCapitana	"RT @FrenteDeTodos: • Hoy a las 22hs, @vtolosapaz va a participar del #DebateBsAs en @todonoticias. 📺 

También podés seguirlo en vivo por a…"	0	111	https://twitter.com/MCLaCapitana/status/1450935679014244352	False	1295	146
Wed Oct 20 21:14:08 +0000 2021	laurapenacca	"RT @FrenteDeTodos: • Hoy a las 22hs, @vtolosapaz va a participar del #DebateBsAs en @todonoticias. 📺 

También podés seguirlo en vivo por a…"	0	111	https://twitter.com/laurapenacca/status/1450933375691153409	False	2880	422
Wed Oct 20 21:10:47 +0000 2021	carolinairromp1	"RT @FrenteDeTodos: • Hoy a las 22hs, @vtolosapaz va a participar del #DebateBsAs en @todonoticias. 📺 

También podés seguirlo en vivo por a…"	0	111	https://twitter.com/carolinairromp1/status/1450932533802278913	False	104	206
Wed Oct 20 21:10:30 +0000 2021	ViLoIrrompibles	"RT @FrenteDeTodos: • Hoy a las 22hs, @vtolosapaz va a participar del #DebateBsAs en @todonoticias. 📺 

También podés seguirlo en vivo por a…"	0	111	https://twitter.com/ViLoIrrompibles/status/1450932463404994562	False	709	1078
Wed Oct 20 21:10:12 +0000 2021	MujIrrompibles	"RT @FrenteDeTodos: • Hoy a las 22hs, @vtolosapaz va a participar del #DebateBsAs en @todonoticias. 📺 

También podés seguirlo en vivo por a…"	0	111	https://twitter.com/MujIrrompibles/status/1450932387924385805	False	1343	1228
Wed Oct 20 21:08:00 +0000 2021	vekogiraudo	"RT @FrenteDeTodos: • Hoy a las 22hs, @vtolosapaz va a participar del #DebateBsAs en @todonoticias. 📺 

También podés seguirlo en vivo por a…"	0	111	https://twitter.com/vekogiraudo/status/1450931834049601536	False	1670	2645
Wed Oct 20 20:59:41 +0000 2021	PaulaPenacca	"RT @FrenteDeTodos: • Hoy a las 22hs, @vtolosapaz va a participar del #DebateBsAs en @todonoticias. 📺 

También podés seguirlo en vivo por a…"	0	111	https://twitter.com/PaulaPenacca/status/1450929741280817162	False	25484	505
Wed Oct 20 20:58:52 +0000 2021	carogonzalez_lp	"RT @FrenteDeTodos: • Hoy a las 22hs, @vtolosapaz va a participar del #DebateBsAs en @todonoticias. 📺 

También podés seguirlo en vivo por a…"	0	111	https://twitter.com/carogonzalez_lp/status/1450929533079728146	False	1623	3907
Wed Oct 20 20:56:32 +0000 2021	JuanMoreau	"RT @FrenteDeTodos: • Hoy a las 22hs, @vtolosapaz va a participar del #DebateBsAs en @todonoticias. 📺 

También podés seguirlo en vivo por a…"	0	111	https://twitter.com/JuanMoreau/status/1450928945533050887	False	1718	975
Wed Oct 20 20:52:32 +0000 2021	SarghiniEmilio	"RT @DelAvellanda: 📌 #DebateBsAs
A las 22hs Florencio Randazzo va estar debatiendo por Buenos Aires, junto a Victoria Tolosa Paz, Cynthia Ho…"	0	2	https://twitter.com/SarghiniEmilio/status/1450927940301033472	False	135	146
Wed Oct 20 20:52:29 +0000 2021	AbrahamCarp9	"RT @DelAvellanda: 📌 #DebateBsAs
A las 22hs Florencio Randazzo va estar debatiendo por Buenos Aires, junto a Victoria Tolosa Paz, Cynthia Ho…"	0	2	https://twitter.com/AbrahamCarp9/status/1450927925503553537	False	161	458
Wed Oct 20 20:52:14 +0000 2021	DelAvellanda	"📌 #DebateBsAs
A las 22hs Florencio Randazzo va estar debatiendo por Buenos Aires, junto a Victoria Tolosa Paz, Cynthia Hotton, Espert, Nicolas del Caño y Diego Santilli por Todo Noticias.

¡Los y las esperamos! https://t.co/yBJlTuvGxE"	5	2	https://twitter.com/DelAvellanda/status/1450927862865747968	False	189	55
Wed Oct 20 20:43:22 +0000 2021	Alberto95870657	"RT @LibresPilar: 📌 #DebateBsAs
🕛 A las 22hs Florencio Randazzo va estar debatiendo por Buenos Aires, junto a Victoria Tolosa Paz, Cynthia H…"	0	25	https://twitter.com/Alberto95870657/status/1450925632406396942	False	30	45
Wed Oct 20 20:36:55 +0000 2021	MNA_SanIsidro	"RT @FrenteDeTodos: • Hoy a las 22hs, @vtolosapaz va a participar del #DebateBsAs en @todonoticias. 📺 

También podés seguirlo en vivo por a…"	0	111	https://twitter.com/MNA_SanIsidro/status/1450924009177108485	False	1452	1576
Wed Oct 20 20:36:14 +0000 2021	Gusta312	"RT @FrenteDeTodos: • Hoy a las 22hs, @vtolosapaz va a participar del #DebateBsAs en @todonoticias. 📺 

También podés seguirlo en vivo por a…"	0	111	https://twitter.com/Gusta312/status/1450923838816997376	False	2083	3519
Wed Oct 20 20:33:37 +0000 2021	lula_colo	RT @chipicastillo: Preparando el #DebateBsAs de mañana en @adosvoces_tn con @NicolasdelCano y @myriambregman https://t.co/NqABWt6oF4	0	30	https://twitter.com/lula_colo/status/1450923180969893894	False	54	37
Wed Oct 20 20:33:04 +0000 2021	Monicaromerook	"RT @FrenteDeTodos: • Hoy a las 22hs, @vtolosapaz va a participar del #DebateBsAs en @todonoticias. 📺 

También podés seguirlo en vivo por a…"	0	111	https://twitter.com/Monicaromerook/status/1450923041618219012	False	1293	1371
Wed Oct 20 20:30:53 +0000 2021	merlintere	"RT @telenoche: 🔴 ESTA NOCHE HAY #DEBATEBSAS 🗳 EN @todonoticias  🔴

👉 Esta noche, los principales candidatos a diputados nacionales por la p…"	0	2	https://twitter.com/merlintere/status/1450922490730012681	False	745	1396
