screen_name	date	fav	retweet	text	url	hashtags
jorgeluisaliaga	Wed May 19 11:48:29 +0000 2021	5	1	"#BO
Apruébanse los “Lineamientos Generales y Acciones del Programa de Fortalecimiento del Acceso a Derechos para personas Travestis, Transexuales y Transgénero”

https://t.co/mrrNU0UBhS"	https://twitter.com/jorgeluisaliaga/status/1394983295906205696	[{'text': 'BO', 'indices': [0, 3]}]
jorgeluisaliaga	Wed May 19 11:48:29 +0000 2021	4	1	"#BO
Créase en el marco del PROGRAMA CASA PROPIA – CONSTRUIR FUTURO el “SUBPROGRAMA CASA PROPIA – CASA ACTIVA”.

https://t.co/IBCXs8VW1x"	https://twitter.com/jorgeluisaliaga/status/1394983294584958979	[{'text': 'BO', 'indices': [0, 3]}]
jorgeluisaliaga	Wed May 19 11:48:29 +0000 2021	4	4	"#BO
ANSES - Establécese que el valor de la movilidad prevista en el artículo 32 de la Ley N° 24.241 y sus modificatorias, correspondiente al mes de junio de 2021, es de DOCE CON DOCE CENTÉSIMOS POR CIENTO (12,12%).

https://t.co/05i8TDEQLg"	https://twitter.com/jorgeluisaliaga/status/1394983293179793411	[{'text': 'BO', 'indices': [0, 3]}]
jorgeluisaliaga	Wed May 19 11:48:28 +0000 2021	21	7	"#BO
Personal de Salud
Establécese el pago de la asignación estímulo a la efectiva prestación de servicios, otorgada por el art 1°  Dec Nº 315 del 26/03/2020 y por el art 1º Dec N° 787 del 4/10/2020, por 3 períodos mensuales y consecutivos y de $6500.

https://t.co/uCXG89fjgq"	https://twitter.com/jorgeluisaliaga/status/1394983291728576513	[{'text': 'BO', 'indices': [0, 3]}]
jorgeluisaliaga	Wed May 19 02:09:30 +0000 2021	4	0	@threadreaderapp unroll	https://twitter.com/jorgeluisaliaga/status/1394837588608012291	[]
jorgeluisaliaga	Wed May 19 02:09:18 +0000 2021	6	0	"Todos los informes e información en mi sitio

https://t.co/OOPfZIjwmV

La Tabla de datos informados por @msalnacion los puse en:

https://t.co/A6X5GTltVQ"	https://twitter.com/jorgeluisaliaga/status/1394837539350061056	[]
jorgeluisaliaga	Wed May 19 02:09:18 +0000 2021	1	0	Casos confirmados por rango etario en CABA y AMBA sin CABA con detalle de edades escolares. https://t.co/IrdTVvMIzS	https://twitter.com/jorgeluisaliaga/status/1394837536447602698	[]
jorgeluisaliaga	Wed May 19 02:09:16 +0000 2021	1	0	"Edad promedio de confirmados y de mayores de 70 años por semana de inicio de síntoma.
Cantidad de fallecidos y su edad media, y fallecidos mayores de 70 años por semana de inicio de síntoma. https://t.co/vbK3oLmOpz"	https://twitter.com/jorgeluisaliaga/status/1394837529619279879	[]
jorgeluisaliaga	Wed May 19 02:09:15 +0000 2021	1	0	Muertos por fecha de carga y fallecimiento por millón de habitantes en PBA, CABA, Córdoba y Santa Fe https://t.co/yUADupNNEr	https://twitter.com/jorgeluisaliaga/status/1394837524372152320	[]
jorgeluisaliaga	Wed May 19 02:09:14 +0000 2021	2	1	"De los 745 informados como fallecidos, 262 fallecieron hace más de 10 días.
Reclasificado:
11037309 Buenos Aires8/5/2021
1 de DICIEMBRE, 1 de FEBRERO y 1 de MARZO San Luis
Se muestra días entre inicio de síntoma y fallecimiento, largas internaciones. https://t.co/8naZgGVR3Q"	https://twitter.com/jorgeluisaliaga/status/1394837519926169604	[]
jorgeluisaliaga	Wed May 19 02:09:13 +0000 2021	0	0	"Confirmados y sospechosos por fecha de apertura en TOTAL, CABA y PBA.
Testeo y positividad por semana de apertura. https://t.co/o9IxeDhjEm"	https://twitter.com/jorgeluisaliaga/status/1394837515337707522	[]
jorgeluisaliaga	Wed May 19 02:09:11 +0000 2021	2	0	Detalles de Tests Confirmados, Descartados y Sospechosos según residencia en PBA y CABA por semana, con detalles según lugar de carga y sector público o privado. Amarillo es lo pendiente. https://t.co/Ohcn7kXpV1	https://twitter.com/jorgeluisaliaga/status/1394837510023430153	[]
jorgeluisaliaga	Wed May 19 02:09:10 +0000 2021	2	0	"Ya se hicieron 9.733.623 Tests de diagnóstico (error +/- 10 tests), 31,5% de positividad.
Hoy 73.881, 43,8% la positividad. 
Cuando teníamos 10% de positividad (10/5) había 250-300 casos por día. https://t.co/llR9qcfUYq"	https://twitter.com/jorgeluisaliaga/status/1394837505376129024	[]
jorgeluisaliaga	Wed May 19 02:09:09 +0000 2021	1	0	"Los casos ordenados por fecha de síntoma, promediada cada día los últimos 7 en lineal y semi-log (ver inf 24/7). Y Por millón de habitantes.
Hasta ahora las amarillas ""predicen"" lo que van a hacer las curvas x síntoma cuando entren casos de esas fechas, atención la suba. https://t.co/8PaZzh92KH"	https://twitter.com/jorgeluisaliaga/status/1394837500632309762	[]
jorgeluisaliaga	Wed May 19 02:09:08 +0000 2021	2	0	"Sitios con datos / figuras

Gran info regional: Soledad Retamar @sole_reta 

https://t.co/LLv9J5EA7o

Rodrigo Castro @RodrigoD_Castro

https://t.co/9etT4FOHyf"	https://twitter.com/jorgeluisaliaga/status/1394837496580743168	[]
jorgeluisaliaga	Wed May 19 02:09:08 +0000 2021	2	0	"Hilos recomendados:

Semáforo: Martin Barrionuevo @mmbarrionuevo

https://t.co/BhD4UihS6j

Rio Negro+Neuquen: Clari Cardozo Castro @ClariCardozoCas

Diseño @TotinFraire Elaboración @Fedwr

https://t.co/czd3U9iiS2"	https://twitter.com/jorgeluisaliaga/status/1394837494814887938	[]
jorgeluisaliaga	Tue May 18 23:08:42 +0000 2021	6	1	@rusosnith https://t.co/bChg95jTYw	https://twitter.com/jorgeluisaliaga/status/1394792086763982857	[]
jorgeluisaliaga	Tue May 18 20:57:51 +0000 2021	2	1	"A partir del 5/2/21 saco el informe en dos partes, la primera cuando sale el parte diario y el complemento cuando se actualiza la base de datos, después de las 21:30.

FIN PRIMERA PARTE."	https://twitter.com/jorgeluisaliaga/status/1394759160647098368	[]
jorgeluisaliaga	Tue May 18 20:57:51 +0000 2021	6	1	La diferencia entre confirmados y recuperados vuelve a hacerse positiva, fuerte suba de confirmados. https://t.co/U4qHNa2z32	https://twitter.com/jorgeluisaliaga/status/1394759158860328964	[]
jorgeluisaliaga	Tue May 18 20:57:50 +0000 2021	3	2	"Hoy se llegó a 71.771 (+745) personas fallecidas. 
Se reportaron 2.992.325 (+19.058) personas recuperadas (88,8%). 
5813 (+123) en Terapia. 
Distintos estados de casos en escala semi-logaritmica. 
Lineal muertos y UTI para ver fácil subas. https://t.co/AsjMCRU55b"	https://twitter.com/jorgeluisaliaga/status/1394759153655156738	[]
jorgeluisaliaga	Tue May 18 20:57:49 +0000 2021	6	4	Avance de la Vacunación por sector, por edad y marca de vacuna, por provincia y grupo etario y por provincia y sector. https://t.co/5526XZyqpF	https://twitter.com/jorgeluisaliaga/status/1394759148735184910	[]
jorgeluisaliaga	Tue May 18 20:57:47 +0000 2021	1	2	Evolución de la vacunación en todo el país, CABA y PBA. Porcentaje de vacunas aplicadas en relación con las distribuidas. https://t.co/51VfWGlfVh	https://twitter.com/jorgeluisaliaga/status/1394759143433674757	[]
jorgeluisaliaga	Tue May 18 20:57:46 +0000 2021	2	2	Avance de la Vacunación por provincia según datos cargado hasta hoy a las 6 AM de &gt;&gt; https://t.co/bBb2CUzoT6 y https://t.co/TNJm7ZPDNK https://t.co/ZfAISlLXTy	https://twitter.com/jorgeluisaliaga/status/1394759137100288001	[]
jorgeluisaliaga	Tue May 18 20:57:45 +0000 2021	1	1	"Muestro ajuste.  Uso el crecimiento exponencial con que se ajustaban los datos al 25/3 para una logística, más adecuado en esta etapa de la epidemia, que explico en detalle en este documento (estimo infectados asumiendo un 70% de asintomáticos): 

https://t.co/xDGEjpspvW https://t.co/X7bTqEX4Kr"	https://twitter.com/jorgeluisaliaga/status/1394759131786104832	[]
jorgeluisaliaga	Tue May 18 20:57:43 +0000 2021	2	6	"Fallecidos por millón de habitantes por provincia.
Detalle de fecha del último caso de cada provincia. Todas las provincias activas. 
También muestro cantidad de días sin casos por provincia y provincias con casos y casos durante la epidemia. https://t.co/xojFwEb0wh"	https://twitter.com/jorgeluisaliaga/status/1394759126165635074	[]
jorgeluisaliaga	Tue May 18 20:57:42 +0000 2021	3	2	"Para los que les sirva, muestro datos más simples de leer de distribución de casos confirmados y muertos, y casos confirmados y muertos por millón de habitantes, por provincia.
También una página interactiva.

https://t.co/UoryUFDQ2D
-------------------------- https://t.co/JyUK4eyL0F"	https://twitter.com/jorgeluisaliaga/status/1394759119614119937	[]
jorgeluisaliaga	Tue May 18 20:57:40 +0000 2021	4	2	"Neuquén, Rio Negro, Chubut, Santa Cruz
Casos Diarios, Prom últimos 7 días, SUMA de últimos 14 días / 100.000 habitantes. Días de Duplicación, Log-Log Nuevos vs Total de Casos. 
INCIDENCIA y Factor de Crecimiento. Promedio de confirmados diarios últimas 15 semanas. https://t.co/zOKmfAq6yI"	https://twitter.com/jorgeluisaliaga/status/1394759114480291845	[]
jorgeluisaliaga	Tue May 18 20:57:39 +0000 2021	2	1	"La Rioja, San Juan, San Luis, Mendoza
Casos Diarios, Prom últimos 7 días, SUMA de últimos 14 días / 100.000 habitantes. Días de Duplicación, Log-Log Nuevos vs Total de Casos. 
INCIDENCIA y Factor de Crecimiento. Promedio de confirmados diarios últimas 15 semanas. https://t.co/IOLsI26JVU"	https://twitter.com/jorgeluisaliaga/status/1394759108625113099	[]
jorgeluisaliaga	Tue May 18 20:57:38 +0000 2021	4	1	"Jujuy, Salta, Tucumán, Catamarca 
Casos Diarios, Prom últimos 7 días, SUMA de últimos 14 días / 100.000 habitantes. Días de Duplicación, Log-Log Nuevos vs Total de Casos. 
INCIDENCIA y Factor de Crecimiento. Promedio de confirmados diarios últimas 15 semanas. https://t.co/XVmuDuA85O"	https://twitter.com/jorgeluisaliaga/status/1394759102631403524	[]
jorgeluisaliaga	Tue May 18 20:57:36 +0000 2021	4	1	"Entre Ríos, Corrientes, Misiones, Formosa
Casos Diarios, Prom últimos 7 días, SUMA de últimos 14 días / 100.000 habitantes. Días de Duplicación, Log-Log Nuevos vs Total de Casos. 
INCIDENCIA y Factor de Crecimiento. Promedio de confirmados diarios últimas 15 semanas. https://t.co/Qs80bh0mYq"	https://twitter.com/jorgeluisaliaga/status/1394759096432316424	[]
jorgeluisaliaga	Tue May 18 20:57:35 +0000 2021	2	1	"Santa Fé, Córdoba, Chaco, Santiago del Estero
Casos Diarios, Prom últimos 7 días, SUMA de últimos 14 días / 100.000 habitantes. Días de Duplicación, Log-Log Nuevos vs Total de Casos. 
INCIDENCIA y Factor de Crecimiento. Promedio de confirmados diarios últimas 15 semanas. https://t.co/jJ20SBG6sm"	https://twitter.com/jorgeluisaliaga/status/1394759090816049152	[]
jorgeluisaliaga	Tue May 18 20:57:34 +0000 2021	3	1	"CABA, PBA, La Pampa, Tierra del Fuego 
Casos Diarios, Prom últimos 7 días, SUMA de últimos 14 días / 100.000 habitantes. Días de Duplicación, Log-Log Nuevos vs Total de Casos. 
INCIDENCIA y Factor de Crecimiento. Promedio de confirmados diarios últimas 15 semanas. https://t.co/gm6ctDAhk8"	https://twitter.com/jorgeluisaliaga/status/1394759085480943618	[]
jorgeluisaliaga	Tue May 18 20:57:32 +0000 2021	3	2	"Muestro la evolución de la cantidad de días necesarios para duplicar (x2) y para decuplicar (x10) (Total y Activos).
La cantidad de días para duplicación aumento de entre 3 y 4 a 26 y ahora está en 92. Por 10 en 306 días. https://t.co/JGpteSmf2R"	https://twitter.com/jorgeluisaliaga/status/1394759079512494082	[]
jorgeluisaliaga	Tue May 18 20:57:31 +0000 2021	3	1	"Evolución de la INCIDENCIA y del Factor de Crecimiento (ver Inf del 16/4). 
Muestro también la evolución de la tasa de variación de la cantidad de casos cada 2, 4, y 10 días (ver inf 4/4 y 5/4). También detalle desde el 20/04/21. https://t.co/pX8iTWq3D8"	https://twitter.com/jorgeluisaliaga/status/1394759074361839618	[]
jorgeluisaliaga	Tue May 18 20:57:30 +0000 2021	3	1	Muestro en Log-Log Casos Nuevos vs Totales (promedio para cada día con los valores de los siete últimos) (si hay duda, ver inf 3/4). https://t.co/PcJHZTo1mM	https://twitter.com/jorgeluisaliaga/status/1394759068942733315	[]
jorgeluisaliaga	Tue May 18 20:57:29 +0000 2021	3	2	"9/1 rearmé el informe.
Total de casos según fecha de carga en escala semilogarítmica, para ver comportamiento exponencial y su velocidad.
Promedio de casos confirmados, UTI y fallecidos por fecha de carga por semana en las últimas 30 semanas. https://t.co/O9DvXAzpYP"	https://twitter.com/jorgeluisaliaga/status/1394759064819732482	[]
jorgeluisaliaga	Tue May 18 20:57:27 +0000 2021	3	2	"24 provincias con INCIDENCIA mayor a 150 casos / 100.000 en los últimos 14 días.
17 provincias con Razón de Casos mayor a 1 (creciendo). 
Incidencia Nacional = 714 casos
Razón de Casos Nacional = 1,07 https://t.co/XbDIYrWbk5"	https://twitter.com/jorgeluisaliaga/status/1394759059358855174	[]
jorgeluisaliaga	Tue May 18 20:57:26 +0000 2021	11	5	En CABA y GBA las medidas bajaron la movilidad, se relajan y vuelve a subir con suba de casos. En el resto del país, con menos restricciones, la suba es peor. https://t.co/5cCJCHluXL	https://twitter.com/jorgeluisaliaga/status/1394759054355017730	[]
jorgeluisaliaga	Tue May 18 20:57:25 +0000 2021	65	34	"Situación COVID-19 al 18/5

Hoy 35.5453 nuevos casos confirmados.
22 provincias con ""riesgo sanitario ALTO"".
2 provincias con "" riesgo sanitario MEDIO"".
Consolida suba de CABA y GBA, y mayor en el resto, salta UTI, muchos muertos.
La cantidad total de casos es 3.335.965. https://t.co/oixNpIMDjZ"	https://twitter.com/jorgeluisaliaga/status/1394759049003085827	[]
jorgeluisaliaga	Tue May 18 15:06:04 +0000 2021	5	2	"Cómo funciona el centro de rastreo cordobés: la batalla al Covid-19, por teléfono
Por Lucas Viano @LucasViano 

https://t.co/RlF3hJuF6t"	https://twitter.com/jorgeluisaliaga/status/1394670628347785216	[]
jorgeluisaliaga	Tue May 18 14:01:31 +0000 2021	18	4	"Como siempre, excelente el OFF THE RECORD semanal de @ischargro 

https://t.co/yOde5Ye2hk

Cierra así: https://t.co/FlSdSpmzw0"	https://twitter.com/jorgeluisaliaga/status/1394654383577706509	[]
jorgeluisaliaga	Tue May 18 11:56:24 +0000 2021	2	0	"#BO
MINISTERIO DE LAS MUJERES, GÉNEROS Y DIVERSIDAD
Apruébanse “Lineamientos generales del Programa Nacional “GENERAR”

https://t.co/0xtc5AG2sv"	https://twitter.com/jorgeluisaliaga/status/1394622897503838209	[{'text': 'BO', 'indices': [0, 3]}]
jorgeluisaliaga	Tue May 18 11:56:23 +0000 2021	1	0	"#BO
Aprobar los Contenidos Curriculares Básicos, Carga Horaria Mínima, Criterios de Intensidad de la Formación Práctica y Estándares para la Acreditación de las carreras de INGENIERÍA QUÍMICA

https://t.co/NcqkzYaPrN"	https://twitter.com/jorgeluisaliaga/status/1394622895725367297	[{'text': 'BO', 'indices': [0, 3]}]
jorgeluisaliaga	Tue May 18 11:56:23 +0000 2021	0	0	"#BO
Aprobar los Contenidos Curriculares Básicos, Carga Horaria Mínima, Criterios de Intensidad de la Formación Práctica y Estándares para la Acreditación de las carreras de INGENIERÍA ELECTRICISTA/ELÉCTRICA/EN ENERGÍA ELÉCTRICA

https://t.co/ww6qCKFTFx"	https://twitter.com/jorgeluisaliaga/status/1394622893963857925	[{'text': 'BO', 'indices': [0, 3]}]
jorgeluisaliaga	Tue May 18 11:56:23 +0000 2021	0	0	"#BO

Aprobar los Contenidos Curriculares Básicos, Carga Horaria Mínima, Criterios de Intensidad de la Formación Práctica y Estándares para la Acreditación de las carreras de INGENIERÍA ELECTROMECÁNICA
https://t.co/rXjbPJ2Zjm"	https://twitter.com/jorgeluisaliaga/status/1394622892361531392	[{'text': 'BO', 'indices': [0, 3]}]
jorgeluisaliaga	Tue May 18 11:56:22 +0000 2021	0	0	"#BO

Aprobar los Contenidos Curriculares Básicos, Carga Horaria Mínima, Criterios de Intensidad de la Formación Práctica y Estándares para la Acreditación de las carreras de INGENIERÍA AERONÁUTICA/AEROESPACIAL

https://t.co/96eHXSlpt6"	https://twitter.com/jorgeluisaliaga/status/1394622890709078017	[{'text': 'BO', 'indices': [0, 3]}]
jorgeluisaliaga	Tue May 18 11:56:22 +0000 2021	0	0	"#BO
Aprobar los Contenidos Curriculares Básicos, Carga Horaria Mínima, Criterios de Intensidad de la Formación Práctica y Estándares para la Acreditación de las carreras de INGENIERÍA EN TELECOMUNICACIONES

https://t.co/QHQmV3shD0"	https://twitter.com/jorgeluisaliaga/status/1394622889073287168	[{'text': 'BO', 'indices': [0, 3]}]
jorgeluisaliaga	Tue May 18 11:56:21 +0000 2021	0	0	"#BO
Aprobar los Contenidos Curriculares Básicos, Carga Horaria Mínima, Criterios de Intensidad de la Formación Práctica y Estándares para la Acreditación de las carreras de FARMACIA y LICENCIATURA EN FARMACIA

https://t.co/2bbIt8ghGA"	https://twitter.com/jorgeluisaliaga/status/1394622887303290881	[{'text': 'BO', 'indices': [0, 3]}]
jorgeluisaliaga	Tue May 18 11:56:21 +0000 2021	0	0	"#BO
Aprobar los Contenidos Curriculares Básicos, Carga Horaria Mínima, Criterios de Intensidad de la Formación Práctica y Estándares para la Acreditación de las carreras de INGENIERÍA EN MATERIALES

https://t.co/zYpljlRW3W"	https://twitter.com/jorgeluisaliaga/status/1394622885541601285	[{'text': 'BO', 'indices': [0, 3]}]
jorgeluisaliaga	Tue May 18 11:55:16 +0000 2021	1	0	"#BO
Aprobar los Contenidos Curriculares Básicos, Carga Horaria Mínima, Criterios de Intensidad de la Formación Práctica y Estándares para la Acreditación de las carreras de INGENIERÍA AMBIENTAL

https://t.co/63sjCflgog"	https://twitter.com/jorgeluisaliaga/status/1394622611787853829	[{'text': 'BO', 'indices': [0, 3]}]
jorgeluisaliaga	Tue May 18 11:55:15 +0000 2021	1	0	"#BO
Aprobar los contenidos curriculares básicos, carga horaria mínima, criterios de intensidad de la formación práctica y estándares para la acreditación de las carreras de LICENCIATURA EN SISTEMAS/ SISTEMAS DE INFORMACIÓN

https://t.co/Mvvo4SYFFD"	https://twitter.com/jorgeluisaliaga/status/1394622610277797889	[{'text': 'BO', 'indices': [0, 3]}]
jorgeluisaliaga	Tue May 18 11:55:15 +0000 2021	0	1	"#BO
Aprobar los Contenidos Curriculares Básicos, Carga Horaria Mínima, Criterios de Intensidad de la Formación Práctica y Estándares para la Acreditación de las carreras de INGENIERÍA EN SISTEMAS DE INFORMACIÓN/ INFORMÁTICA

https://t.co/7YbdclNTv0"	https://twitter.com/jorgeluisaliaga/status/1394622608046530562	[{'text': 'BO', 'indices': [0, 3]}]
jorgeluisaliaga	Tue May 18 11:55:14 +0000 2021	0	0	"#BO
Aprobar los Contenidos Curriculares Básicos, Carga Horaria Mínima, Criterios de Intensidad de la Formación Práctica y Estándares para la Acreditación de las carreras de INGENIERÍA EN ALIMENTOS

https://t.co/fuGUU10MLz"	https://twitter.com/jorgeluisaliaga/status/1394622606607896579	[{'text': 'BO', 'indices': [0, 3]}]
jorgeluisaliaga	Tue May 18 11:55:14 +0000 2021	0	0	"#BO
Aprobar los Contenidos Curriculares Básicos, Carga Horaria Mínima, Criterios de Intensidad de la Formación Práctica y Estándares para la Acreditación de las carreras de INGENIERÍA BIOMÉDICA/BIOINGENIERÍA

https://t.co/NblRg0Ap5Q"	https://twitter.com/jorgeluisaliaga/status/1394622604997189637	[{'text': 'BO', 'indices': [0, 3]}]
jorgeluisaliaga	Tue May 18 11:55:14 +0000 2021	0	0	"#BO
Aprobar los Contenidos Curriculares Básicos, Carga Horaria Mínima, Criterios de Intensidad de la Formación Práctica y Estándares para la Acreditación de las carreras de INGENIERÍA EN AGRIMENSURA

https://t.co/couu3MH48j"	https://twitter.com/jorgeluisaliaga/status/1394622603579506690	[{'text': 'BO', 'indices': [0, 3]}]
jorgeluisaliaga	Tue May 18 11:55:13 +0000 2021	0	0	"#BO
Aprobar los Contenidos Curriculares Básicos, Carga Horaria Mínima, Criterios de Intensidad de la Formación Práctica y Estándares para la Acreditación de las carreras de LICENCIATURA EN CIENCIAS DE LA COMPUTACIÓN

https://t.co/KA3PFampOi"	https://twitter.com/jorgeluisaliaga/status/1394622602078040065	[{'text': 'BO', 'indices': [0, 3]}]
jorgeluisaliaga	Tue May 18 11:55:13 +0000 2021	0	0	"#BO
Aprobar los contenidos curriculares básicos, carga horaria mínima, criterios de intensidad de la formación práctica y estándares para la acreditación de las carreras de LICENCIATURA EN QUÍMICA

https://t.co/RGKu8IJswV"	https://twitter.com/jorgeluisaliaga/status/1394622600563806209	[{'text': 'BO', 'indices': [0, 3]}]
jorgeluisaliaga	Tue May 18 11:55:13 +0000 2021	0	0	"#BO
Aprobar los Contenidos Curriculares Básicos, Carga Horaria Mínima, Criterios de Intensidad de la Formación Práctica y Estándares para la Acreditación de las carreras de Bioquímica y Licenciatura en Bioquímica

https://t.co/a6OQ6UGKvk"	https://twitter.com/jorgeluisaliaga/status/1394622599041257479	[{'text': 'BO', 'indices': [0, 3]}]
jorgeluisaliaga	Tue May 18 11:55:12 +0000 2021	0	0	"#BO
Aprobar los Contenidos Curriculares Básicos, Carga Horaria Mínima, Criterios de Intensidad de la Formación Práctica y Estándares para la Acreditación de las carreras de INGENIERÍA ELECTRÓNICA

https://t.co/iG7bHiV366"	https://twitter.com/jorgeluisaliaga/status/1394622597564936200	[{'text': 'BO', 'indices': [0, 3]}]
jorgeluisaliaga	Tue May 18 11:55:12 +0000 2021	0	0	"#BO
Aprobar los Contenidos Curriculares Básicos, Carga Horaria Mínima, Criterios de Intensidad de la Formación Práctica y Estándares para la acreditación de las carreras de INGENIERÍA CIVIL

https://t.co/zKhbFgvbel"	https://twitter.com/jorgeluisaliaga/status/1394622596130512900	[{'text': 'BO', 'indices': [0, 3]}]
jorgeluisaliaga	Tue May 18 11:55:12 +0000 2021	0	0	"#BO
Aprobar los contenidos curriculares básicos, carga horaria mínima, criterios de intensidad de la formación práctica y estándares para la acreditación de las carreras de INGENIERÍA ZOOTECNISTA

https://t.co/ntv8Q6IQMw"	https://twitter.com/jorgeluisaliaga/status/1394622594679250947	[{'text': 'BO', 'indices': [0, 3]}]
jorgeluisaliaga	Tue May 18 11:55:11 +0000 2021	0	0	"#BO
Aprobar los Contenidos Curriculares Básicos, Carga Horaria Mínima, Criterios de Intensidad de la Formación Práctica y Estándares para la Acreditación de las carreras de INGENIERÍA METALÚRGICA

https://t.co/e71sy74m2o"	https://twitter.com/jorgeluisaliaga/status/1394622593194397697	[{'text': 'BO', 'indices': [0, 3]}]
jorgeluisaliaga	Tue May 18 11:55:11 +0000 2021	0	0	"#BO
Aprobar los Contenidos Curriculares Básicos, Carga Horaria Mínima, Criterios de Intensidad de la Formación Práctica y Estándares para la Acreditación de las carreras de LICENCIATURA EN INFORMÁTICA

https://t.co/Lv9xcsOR0D"	https://twitter.com/jorgeluisaliaga/status/1394622591554437120	[{'text': 'BO', 'indices': [0, 3]}]
jorgeluisaliaga	Tue May 18 11:55:10 +0000 2021	0	0	"#BO
Aprobar los Contenidos Curriculares Básicos, Carga Horaria Mínima, Criterios de Intensidad de la Formación Práctica y Estándares para la Acreditación de las Carreras de INGENIERÍA EN MINAS

https://t.co/GZ3w5AxooW"	https://twitter.com/jorgeluisaliaga/status/1394622590006743043	[{'text': 'BO', 'indices': [0, 3]}]
jorgeluisaliaga	Tue May 18 11:55:10 +0000 2021	0	0	"#BO
Aprobar los Contenidos Curriculares Básicos, Carga Horaria Mínima, Criterios de Intensidad de la Formación Práctica y Estándares para la Acreditación de las carreras de INGENIERÍA EN COMPUTACIÓN

https://t.co/1X0tIKuUQC"	https://twitter.com/jorgeluisaliaga/status/1394622588480073730	[{'text': 'BO', 'indices': [0, 3]}]
jorgeluisaliaga	Tue May 18 11:55:10 +0000 2021	0	0	"#BO
Aprobar los Contenidos Curriculares Básicos, Carga Horaria Mínima, Criterios de Intensidad de la Formación Práctica y Estándares para la Acreditación de las carreras de INGENIERÍA INDUSTRIAL

https://t.co/EVrfMLDgO1"	https://twitter.com/jorgeluisaliaga/status/1394622587033034761	[{'text': 'BO', 'indices': [0, 3]}]
jorgeluisaliaga	Tue May 18 11:55:09 +0000 2021	0	0	"#BO
Aprobar los contenidos curriculares básicos, carga horaria mínima, criterios de intensidad de la formación práctica y estándares para la acreditación de las carreras de Ingeniería Hidráulica e Ingeniería en Recursos Hídricos

https://t.co/z7UWTfigTK"	https://twitter.com/jorgeluisaliaga/status/1394622585481187328	[{'text': 'BO', 'indices': [0, 3]}]
jorgeluisaliaga	Tue May 18 11:55:09 +0000 2021	0	0	"#BO
Aprobar los Contenidos Curriculares Básicos, Carga Horaria Mínima, Criterios de Intensidad de la Formación Práctica y Estándares para la Acreditación de las carreras de INGENIERÍA MECÁNICA

https://t.co/xgCvmzhp2y"	https://twitter.com/jorgeluisaliaga/status/1394622584004792323	[{'text': 'BO', 'indices': [0, 3]}]
jorgeluisaliaga	Tue May 18 11:55:09 +0000 2021	0	0	"#BO
Aprobar los Contenidos Curriculares Básicos, Carga Horaria Mínima, Criterios de Intensidad de la Formación Práctica y Estándares para la Acreditación de las carreras GEOLOGÍA, LICENCIATURA EN GEOLOGÍA y LICENCIATURA EN CIENCIAS GEOLÓGICAS

https://t.co/P5aFJyUSvp"	https://twitter.com/jorgeluisaliaga/status/1394622582566137858	[{'text': 'BO', 'indices': [0, 3]}]
jorgeluisaliaga	Tue May 18 11:55:08 +0000 2021	0	0	"#BO
Aprobar los Contenidos Curriculares Básicos, Carga Horaria Mínima, Criterios de Intensidad de la Formación Práctica y Estándares para la Acreditación de las carreras de Ingeniería Nuclear

https://t.co/sKTKk2BaSm"	https://twitter.com/jorgeluisaliaga/status/1394622581110710272	[{'text': 'BO', 'indices': [0, 3]}]
jorgeluisaliaga	Tue May 18 11:55:08 +0000 2021	0	0	"#BO
Aprobar los Contenidos Curriculares Básicos, Carga Horaria Mínima, Criterios de Intensidad de la Formación Práctica y Estándares para la Acreditación de las carreras de INGENIERÍA EN PETRÓLEO

https://t.co/VXp1TpKL2S"	https://twitter.com/jorgeluisaliaga/status/1394622579521040389	[{'text': 'BO', 'indices': [0, 3]}]
jorgeluisaliaga	Tue May 18 11:55:08 +0000 2021	0	0	"#BO
Aprobar los contenidos curriculares básicos, carga horaria mínima, criterios de intensidad de la formación práctica y estándares para la acreditación de las carreras de Ingeniería Agronómica

https://t.co/e3T56FCNS5"	https://twitter.com/jorgeluisaliaga/status/1394622578006835206	[{'text': 'BO', 'indices': [0, 3]}]
jorgeluisaliaga	Tue May 18 11:55:07 +0000 2021	0	0	"#BO
Créase el PROGRAMA NACIONAL DE RECUPERACIÓN, RECICLADO Y SERVICIOS AMBIENTALES “ARGENTINA RECICLA”

https://t.co/LBB0WY6pfj"	https://twitter.com/jorgeluisaliaga/status/1394622576371056640	[{'text': 'BO', 'indices': [0, 3]}]
jorgeluisaliaga	Tue May 18 11:55:07 +0000 2021	3	0	"#BO
Créase el “Programa Resiliar (Resiliencia Argentina)”

https://t.co/IrIwFHdTZx"	https://twitter.com/jorgeluisaliaga/status/1394622574957637635	[{'text': 'BO', 'indices': [0, 3]}]
jorgeluisaliaga	Tue May 18 03:15:10 +0000 2021	5	0	@threadreaderapp unroll	https://twitter.com/jorgeluisaliaga/status/1394491726585290758	[]
jorgeluisaliaga	Tue May 18 03:15:00 +0000 2021	5	1	"Todos los informes e información en mi sitio

https://t.co/OOPfZIjwmV

La Tabla de datos informados por @msalnacion los puse en:

https://t.co/A6X5GTltVQ"	https://twitter.com/jorgeluisaliaga/status/1394491683161747457	[]
jorgeluisaliaga	Tue May 18 03:14:59 +0000 2021	1	1	Casos confirmados por rango etario en CABA y AMBA sin CABA con detalle de edades escolares. https://t.co/5xcCiXCzjb	https://twitter.com/jorgeluisaliaga/status/1394491680578023425	[]
jorgeluisaliaga	Tue May 18 03:14:58 +0000 2021	1	1	"Edad promedio de confirmados y de mayores de 70 años por semana de inicio de síntoma.
Cantidad de fallecidos y su edad media, y fallecidos mayores de 70 años por semana de inicio de síntoma. https://t.co/0WIBgvzfoJ"	https://twitter.com/jorgeluisaliaga/status/1394491674714419206	[]
jorgeluisaliaga	Tue May 18 03:14:57 +0000 2021	3	2	"De los 505 informados como fallecidos, 166 fallecieron hace más de 9 días.
2 de NOVIEMBRE y 3 de DICIEMBRE Entre Ríos
14 de ENERO (13 Entre Ríos, PBA)
18 FEBRERO (17 Entre Ríos, Neuquén)
Se muestra días entre inicio de síntoma y fallecimiento, largas internaciones. https://t.co/5RlSXmiWY2"	https://twitter.com/jorgeluisaliaga/status/1394491669341474816	[]
jorgeluisaliaga	Tue May 18 03:14:55 +0000 2021	1	1	"Confirmados y sospechosos por fecha de apertura en TOTAL, CABA y PBA.
Testeo y positividad por semana de apertura. https://t.co/GuXpuhcqhR"	https://twitter.com/jorgeluisaliaga/status/1394491664975151106	[]
jorgeluisaliaga	Tue May 18 03:14:54 +0000 2021	1	1	Detalles de Tests Confirmados, Descartados y Sospechosos según residencia en PBA y CABA por semana, con detalles según lugar de carga y sector público o privado. Amarillo es lo pendiente. https://t.co/M5JkGd7w2q	https://twitter.com/jorgeluisaliaga/status/1394491659577085963	[]
jorgeluisaliaga	Tue May 18 03:14:53 +0000 2021	3	5	"Ya se hicieron 9.659.742 Tests de diagnóstico (error +/- 10 tests), 31,4% de positividad.
Hoy 59.135, 44,6% la positividad. 
Cuando teníamos 10% de positividad (10/5) había 250-300 casos por día. https://t.co/KANSpjeGr5"	https://twitter.com/jorgeluisaliaga/status/1394491654929854467	[]
jorgeluisaliaga	Tue May 18 03:14:52 +0000 2021	0	0	"Los casos ordenados por fecha de síntoma, promediada cada día los últimos 7 en lineal y semi-log (ver inf 24/7). Y Por millón de habitantes.
Hasta ahora las amarillas ""predicen"" lo que van a hacer las curvas x síntoma cuando entren casos de esas fechas, atención la suba. https://t.co/Be0h2ONqhF"	https://twitter.com/jorgeluisaliaga/status/1394491650400038913	[]
jorgeluisaliaga	Tue May 18 03:14:51 +0000 2021	0	0	"Sitios con datos / figuras

Gran info regional: Soledad Retamar @sole_reta 

https://t.co/LLv9J5EA7o

Rodrigo Castro @RodrigoD_Castro

https://t.co/9etT4FOHyf"	https://twitter.com/jorgeluisaliaga/status/1394491646557966336	[]
jorgeluisaliaga	Tue May 18 03:14:51 +0000 2021	3	0	"Hilos recomendados:

Semáforo: Martin Barrionuevo @mmbarrionuevo

https://t.co/1ykLqthS9l

Rio Negro+Neuquen: Clari Cardozo Castro @ClariCardozoCas

Diseño @TotinFraire Elaboración @Fedwr

https://t.co/s0xCNAkqjE"	https://twitter.com/jorgeluisaliaga/status/1394491644800638976	[]
jorgeluisaliaga	Tue May 18 00:50:37 +0000 2021	2002	559	Los mensajes que se dan son muy importantes. Estamos con más de 400 muertos por día, y te muestran todo lo que NO hay que hacer: reunión de muchas personas en lugar cerrado sin distancia, tapabocas y ventilación. https://t.co/RH9OFErPhM	https://twitter.com/jorgeluisaliaga/status/1394455347348262920	[]
jorgeluisaliaga	Mon May 17 21:01:37 +0000 2021	62	9	"La última vez que CABA decidió no resistir un cierre (julio 2020) fue porque sabían que saturaba su sistema de salud. 
Eso les dio el respiro que necesitaban para pasar el invierno, con una enorme cantidad de muertos acumulados.
Veremos.

https://t.co/kYBPXUcFlD"	https://twitter.com/jorgeluisaliaga/status/1394397718295060491	[]
jorgeluisaliaga	Mon May 17 20:54:26 +0000 2021	9	0	"A partir del 5/2/21 saco el informe en dos partes, la primera cuando sale el parte diario y el complemento cuando se actualiza la base de datos, después de las 21:30.

FIN PRIMERA PARTE."	https://twitter.com/jorgeluisaliaga/status/1394395910709338115	[]
jorgeluisaliaga	Mon May 17 20:54:25 +0000 2021	7	1	"Hoy se llegó a 71.027 (+505) personas fallecidas. 
Se reportaron 2.973.267 (+20.668) personas recuperadas (89,1%). 
5690 (+152) en Terapia. 
Distintos estados de casos en escala semi-logaritmica. 
Lineal muertos y UTI para ver fácil subas. https://t.co/Raiz3RugTE"	https://twitter.com/jorgeluisaliaga/status/1394395908587020290	[]
jorgeluisaliaga	Mon May 17 20:54:24 +0000 2021	0	0	Avance de la Vacunación por sector, por edad y marca de vacuna, por provincia y grupo etario y por provincia y sector. https://t.co/9yBHRfF8uo	https://twitter.com/jorgeluisaliaga/status/1394395903675572225	[]
jorgeluisaliaga	Mon May 17 20:54:23 +0000 2021	0	0	Evolución de la vacunación en todo el país, CABA y PBA. Porcentaje de vacunas aplicadas en relación con las distribuidas. https://t.co/Im7Lj5niKm	https://twitter.com/jorgeluisaliaga/status/1394395898373885952	[]
jorgeluisaliaga	Mon May 17 20:54:22 +0000 2021	0	0	Avance de la Vacunación por provincia según datos cargado hasta hoy a las 6 AM de &gt;&gt; https://t.co/bBb2CUzoT6 y https://t.co/TNJm7ZPDNK https://t.co/ikjQojlkCC	https://twitter.com/jorgeluisaliaga/status/1394395892296339456	[]
jorgeluisaliaga	Mon May 17 20:54:20 +0000 2021	0	0	"Muestro ajuste.  Uso el crecimiento exponencial con que se ajustaban los datos al 25/3 para una logística, más adecuado en esta etapa de la epidemia, que explico en detalle en este documento (estimo infectados asumiendo un 70% de asintomáticos): 

https://t.co/xDGEjpspvW https://t.co/zQ37K1dgzh"	https://twitter.com/jorgeluisaliaga/status/1394395887028350978	[]
jorgeluisaliaga	Mon May 17 20:54:19 +0000 2021	0	0	"Fallecidos por millón de habitantes por provincia.
Detalle de fecha del último caso de cada provincia. Todas las provincias activas. 
También muestro cantidad de días sin casos por provincia y provincias con casos y casos durante la epidemia. https://t.co/KZQCZrKEnT"	https://twitter.com/jorgeluisaliaga/status/1394395882204930049	[]
jorgeluisaliaga	Mon May 17 20:54:18 +0000 2021	0	0	"Para los que les sirva, muestro datos más simples de leer de distribución de casos confirmados y muertos, y casos confirmados y muertos por millón de habitantes, por provincia.
También una página interactiva.

https://t.co/UoryUFDQ2D
-------------------------- https://t.co/0BMbSyoAXS"	https://twitter.com/jorgeluisaliaga/status/1394395877083648000	[]
jorgeluisaliaga	Mon May 17 20:54:17 +0000 2021	1	1	"Neuquén, Rio Negro, Chubut, Santa Cruz
Casos Diarios, Prom últimos 7 días, SUMA de últimos 14 días / 100.000 habitantes. Días de Duplicación, Log-Log Nuevos vs Total de Casos. 
INCIDENCIA y Factor de Crecimiento. Promedio de confirmados diarios últimas 15 semanas. https://t.co/3pSwcmPIM3"	https://twitter.com/jorgeluisaliaga/status/1394395872096657410	[]
jorgeluisaliaga	Mon May 17 20:54:15 +0000 2021	1	0	"La Rioja, San Juan, San Luis, Mendoza
Casos Diarios, Prom últimos 7 días, SUMA de últimos 14 días / 100.000 habitantes. Días de Duplicación, Log-Log Nuevos vs Total de Casos. 
INCIDENCIA y Factor de Crecimiento. Promedio de confirmados diarios últimas 15 semanas. https://t.co/qSwIwY29eB"	https://twitter.com/jorgeluisaliaga/status/1394395866304237573	[]
jorgeluisaliaga	Mon May 17 20:54:14 +0000 2021	2	0	"Jujuy, Salta, Tucumán, Catamarca 
Casos Diarios, Prom últimos 7 días, SUMA de últimos 14 días / 100.000 habitantes. Días de Duplicación, Log-Log Nuevos vs Total de Casos. 
INCIDENCIA y Factor de Crecimiento. Promedio de confirmados diarios últimas 15 semanas. https://t.co/5Q2u4MH4oz"	https://twitter.com/jorgeluisaliaga/status/1394395860411297800	[]
jorgeluisaliaga	Mon May 17 20:54:13 +0000 2021	0	0	"Entre Ríos, Corrientes, Misiones, Formosa
Casos Diarios, Prom últimos 7 días, SUMA de últimos 14 días / 100.000 habitantes. Días de Duplicación, Log-Log Nuevos vs Total de Casos. 
INCIDENCIA y Factor de Crecimiento. Promedio de confirmados diarios últimas 15 semanas. https://t.co/cGs2ixTBaO"	https://twitter.com/jorgeluisaliaga/status/1394395854992252932	[]
jorgeluisaliaga	Mon May 17 20:54:11 +0000 2021	0	0	"Santa Fé, Córdoba, Chaco, Santiago del Estero
Casos Diarios, Prom últimos 7 días, SUMA de últimos 14 días / 100.000 habitantes. Días de Duplicación, Log-Log Nuevos vs Total de Casos. 
INCIDENCIA y Factor de Crecimiento. Promedio de confirmados diarios últimas 15 semanas. https://t.co/0OO2sBFpli"	https://twitter.com/jorgeluisaliaga/status/1394395849615187968	[]
jorgeluisaliaga	Mon May 17 20:54:10 +0000 2021	0	0	"CABA, PBA, La Pampa, Tierra del Fuego 
Casos Diarios, Prom últimos 7 días, SUMA de últimos 14 días / 100.000 habitantes. Días de Duplicación, Log-Log Nuevos vs Total de Casos. 
INCIDENCIA y Factor de Crecimiento. Promedio de confirmados diarios últimas 15 semanas. https://t.co/S4YcyE5Byt"	https://twitter.com/jorgeluisaliaga/status/1394395844066136067	[]
jorgeluisaliaga	Mon May 17 20:54:09 +0000 2021	0	0	"Muestro la evolución de la cantidad de días necesarios para duplicar (x2) y para decuplicar (x10) (Total y Activos).
La cantidad de días para duplicación aumento de entre 3 y 4 a 26 y ahora está en 95. Por 10 en 315 días. https://t.co/0PDeU6aPms"	https://twitter.com/jorgeluisaliaga/status/1394395838475087873	[]
jorgeluisaliaga	Mon May 17 20:54:08 +0000 2021	0	0	"Evolución de la INCIDENCIA y del Factor de Crecimiento (ver Inf del 16/4). 
Muestro también la evolución de la tasa de variación de la cantidad de casos cada 2, 4, y 10 días (ver inf 4/4 y 5/4). También detalle desde el 20/04/21. https://t.co/TPVP7xwZa7"	https://twitter.com/jorgeluisaliaga/status/1394395834184306691	[]
jorgeluisaliaga	Mon May 17 20:54:07 +0000 2021	0	0	Muestro en Log-Log Casos Nuevos vs Totales (promedio para cada día con los valores de los siete últimos) (si hay duda, ver inf 3/4). https://t.co/yB5UT26gFe	https://twitter.com/jorgeluisaliaga/status/1394395829532831746	[]
jorgeluisaliaga	Mon May 17 20:54:06 +0000 2021	1	0	"9/1 rearmé el informe.
Total de casos según fecha de carga en escala semilogarítmica, para ver comportamiento exponencial y su velocidad.
Promedio de casos confirmados, UTI y fallecidos por fecha de carga por semana en las últimas 30 semanas. https://t.co/W7UHQzzmim"	https://twitter.com/jorgeluisaliaga/status/1394395825476939778	[]
jorgeluisaliaga	Mon May 17 20:54:04 +0000 2021	0	0	"24 provincias con INCIDENCIA mayor a 150 casos / 100.000 en los últimos 14 días.
17 provincias con Razón de Casos mayor a 1 (creciendo). 
Incidencia Nacional = 694 casos
Razón de Casos Nacional = 1,03 https://t.co/D610rSDa0z"	https://twitter.com/jorgeluisaliaga/status/1394395819411922954	[]
jorgeluisaliaga	Mon May 17 20:54:03 +0000 2021	1	0	La circulación se fue recuperando en AMBA después de la baja de hace un mes. Compatible con rebote. https://t.co/ths7xVvBvw	https://twitter.com/jorgeluisaliaga/status/1394395814731132932	[]
jorgeluisaliaga	Mon May 17 20:54:02 +0000 2021	40	15	"Situación COVID-19 al 17/5

Hoy 28.680 nuevos casos confirmados.
23 provincias con ""riesgo sanitario ALTO"".
1 provincias con "" riesgo sanitario MEDIO"".
Crecimiento generalizado, muy fuerte en el interior, sube UTI.
La cantidad total de casos es 3.335.965. https://t.co/3kUlRph6Nz"	https://twitter.com/jorgeluisaliaga/status/1394395809882513414	[]
jorgeluisaliaga	Mon May 17 10:31:54 +0000 2021	7	2	"#BO
“REGLAMENTO DE SELECCIÓN PARA EL PERSONAL DEL SISTEMA NACIONAL DE EMPLEO PÚBLICO”

https://t.co/fCfrOkzqqr"	https://twitter.com/jorgeluisaliaga/status/1394239246442057728	[{'text': 'BO', 'indices': [0, 3]}]
jorgeluisaliaga	Mon May 17 10:31:54 +0000 2021	13	4	"#BO
Apruébase el Proyecto de Investigación sobre el cultivo de cannabis con fines de investigación médica y científica presentado por la UNIVERSIDAD NACIONAL DE HURLINGHAM (UNAHUR)

https://t.co/NyVsENSUdu"	https://twitter.com/jorgeluisaliaga/status/1394239244609245186	[{'text': 'BO', 'indices': [0, 3]}]
jorgeluisaliaga	Mon May 17 10:31:53 +0000 2021	4	4	"#BO
Ordénase a la filial argentina de FACEBOOK INC y/o WHATSAPP INC que se abstenga de implementar y/o suspenda la actualización de las condiciones de servicio y política de privacidad de la aplicación WhatsApp en la Argentina, por el término de 180 días

https://t.co/KeQcP1rvGL"	https://twitter.com/jorgeluisaliaga/status/1394239243212500993	[{'text': 'BO', 'indices': [0, 3]}]
jorgeluisaliaga	Mon May 17 10:31:53 +0000 2021	5	3	"#BO
Apruébase el procedimiento de selección correspondiente a la Contratación Directa Interadministrativa N° 35-0007-CDI21 para la “Provisión de Aeronaves PAMPA III para la FUERZA AÉREA ARGENTINA (FAA)”.

https://t.co/oUFbboZeob"	https://twitter.com/jorgeluisaliaga/status/1394239241840996353	[{'text': 'BO', 'indices': [0, 3]}]
jorgeluisaliaga	Mon May 17 03:31:37 +0000 2021	2	0	@threadreaderapp unroll	https://twitter.com/jorgeluisaliaga/status/1394133476446720001	[]
jorgeluisaliaga	Mon May 17 03:31:27 +0000 2021	8	3	"Todos los informes e información en mi sitio

https://t.co/OOPfZIB7et

La Tabla de datos informados por @msalnacion los puse en:

https://t.co/A6X5GTD4No"	https://twitter.com/jorgeluisaliaga/status/1394133435069853697	[]
jorgeluisaliaga	Mon May 17 03:31:26 +0000 2021	9	7	Casos confirmados por rango etario en CABA y AMBA sin CABA con detalle de edades escolares. https://t.co/yOJBImovzl	https://twitter.com/jorgeluisaliaga/status/1394133432133881856	[]
jorgeluisaliaga	Mon May 17 03:31:25 +0000 2021	7	1	"Edad promedio de confirmados y de mayores de 70 años por semana de inicio de síntoma.
Cantidad de fallecidos y su edad media, y fallecidos mayores de 70 años por semana de inicio de síntoma. https://t.co/JXNWGlDoXR"	https://twitter.com/jorgeluisaliaga/status/1394133426060546051	[]
jorgeluisaliaga	Mon May 17 03:31:24 +0000 2021	3	0	"Detalle de demorados:
1 de AGOSTO PBA
4 de OCTUBRE (3 Santa Fe, Neuquén)
2 de NOVIEMBRE (Santa Fe, Corrientes)
3 de DICIEMBRE (PBA, Corrientes, Entre Ríos)
3 de ENERO (Neuquén, Santa Fe, Corrientes)
2 de FEBRERO Neuquén
9 de MARZO (6 San Luis, Santa Fe, Mendoza, PBA)"	https://twitter.com/jorgeluisaliaga/status/1394133421442707457	[]
jorgeluisaliaga	Mon May 17 03:31:23 +0000 2021	3	0	"De los 1271 informados como fallecidos en los 3 últimos días, 846 fallecieron hace más de 8 días.
3 reclasificados:
5831325 Neuquén 11/3/2021
10950064 La Pampa 5/5/2021
12270334 Chaco 13/5/2021

Se muestra días entre inicio de síntoma y fallecimiento, largas internaciones. https://t.co/dP9qxHQgON"	https://twitter.com/jorgeluisaliaga/status/1394133419572043777	[]
jorgeluisaliaga	Mon May 17 03:31:22 +0000 2021	2	1	"Confirmados y sospechosos por fecha de apertura en TOTAL, CABA y PBA.
Testeo y positividad por semana de apertura. https://t.co/FKzuxFPjTM"	https://twitter.com/jorgeluisaliaga/status/1394133415591563268	[]
jorgeluisaliaga	Mon May 17 03:31:21 +0000 2021	1	0	Detalles de Tests Confirmados, Descartados y Sospechosos según residencia en PBA y CABA por semana, con detalles según lugar de carga y sector público o privado. Amarillo es lo pendiente. https://t.co/Q2MDBLxaVM	https://twitter.com/jorgeluisaliaga/status/1394133410390712327	[]
jorgeluisaliaga	Mon May 17 03:31:20 +0000 2021	2	0	"Ya se hicieron 9.600.607 Tests de diagnóstico (error +/- 10 tests), 31,3% de positividad.
En los 3 últimos días 168.869, 35,7% la positividad. 
Cuando teníamos 10% de positividad (10/5) había 250-300 casos por día. https://t.co/QFAzKi9teq"	https://twitter.com/jorgeluisaliaga/status/1394133405432958976	[]
jorgeluisaliaga	Mon May 17 03:31:19 +0000 2021	1	0	"Los casos ordenados por fecha de síntoma, promediada cada día los últimos 7 en lineal y semi-log (ver inf 24/7). Y Por millón de habitantes.
Hasta ahora las amarillas ""predicen"" lo que van a hacer las curvas x síntoma cuando entren casos de esas fechas, atención la suba. https://t.co/zqJZAlxoG1"	https://twitter.com/jorgeluisaliaga/status/1394133401137991680	[]
jorgeluisaliaga	Mon May 17 03:31:18 +0000 2021	1	0	"Sitios con datos / figuras

Gran info regional: Soledad Retamar @sole_reta 

https://t.co/LLv9J5EA7o

Rodrigo Castro @RodrigoD_Castro

https://t.co/9etT4FOHyf"	https://twitter.com/jorgeluisaliaga/status/1394133396696276992	[]
jorgeluisaliaga	Mon May 17 03:31:17 +0000 2021	4	0	"Hilos recomendados:

Semáforo: Martin Barrionuevo @mmbarrionuevo

https://t.co/0ZOSvEsWzR

Rio Negro+Neuquen: Clari Cardozo Castro @ClariCardozoCas

Diseño @TotinFraire Elaboración @Fedwr"	https://twitter.com/jorgeluisaliaga/status/1394133394821369858	[]
jorgeluisaliaga	Sun May 16 22:54:10 +0000 2021	0	1	@Rodolfollanosok No veo descenso intersemanal ni nacional ni en CABA ni en PBA, aunque la fluctuación es grande. https://t.co/8YeCMMfhvK	https://twitter.com/jorgeluisaliaga/status/1394063656292438029	[]
jorgeluisaliaga	Sun May 16 22:48:08 +0000 2021	11	1	"A partir del 5/2/21 saco el informe en dos partes, la primera cuando sale el parte diario y el complemento cuando se actualiza la base de datos, después de las 21:30.

FIN PRIMERA PARTE."	https://twitter.com/jorgeluisaliaga/status/1394062135727202304	[]
jorgeluisaliaga	Sun May 16 22:48:07 +0000 2021	8	5	"Hoy se llegó a 70.522 (+270) personas fallecidas. 
Se reportaron 2.952.599 (+18.653) personas recuperadas (89,3%). 
5538 (+21) en Terapia. 
Distintos estados de casos en escala semi-logaritmica. 
Lineal muertos y UTI para ver fácil subas. https://t.co/FkXsMltz7I"	https://twitter.com/jorgeluisaliaga/status/1394062133592264706	[]
jorgeluisaliaga	Sun May 16 22:48:06 +0000 2021	5	2	Avance de la Vacunación por sector, por edad y marca de vacuna, por provincia y grupo etario y por provincia y sector. https://t.co/Fak5q9C3Kt	https://twitter.com/jorgeluisaliaga/status/1394062127640596480	[]
jorgeluisaliaga	Sun May 16 22:48:04 +0000 2021	4	2	Evolución de la vacunación en todo el país, CABA y PBA. Porcentaje de vacunas aplicadas en relación con las distribuidas. https://t.co/RtzXILitxd	https://twitter.com/jorgeluisaliaga/status/1394062121575530506	[]
jorgeluisaliaga	Sun May 16 22:48:03 +0000 2021	3	1	Avance de la Vacunación por provincia según datos cargado hasta hoy a las 6 AM de &gt;&gt; https://t.co/bBb2CUzoT6 y https://t.co/TNJm7ZPDNK https://t.co/8BkBZeC50P	https://twitter.com/jorgeluisaliaga/status/1394062115124744196	[]
jorgeluisaliaga	Sun May 16 22:48:01 +0000 2021	3	1	"Muestro ajuste.  Uso el crecimiento exponencial con que se ajustaban los datos al 25/3 para una logística, más adecuado en esta etapa de la epidemia, que explico en detalle en este documento (estimo infectados asumiendo un 70% de asintomáticos): 

https://t.co/xDGEjpspvW https://t.co/f0g5xKv0kN"	https://twitter.com/jorgeluisaliaga/status/1394062109554749440	[]
jorgeluisaliaga	Sun May 16 22:48:00 +0000 2021	4	1	"Fallecidos por millón de habitantes por provincia.
Detalle de fecha del último caso de cada provincia. Todas las provincias activas. 
También muestro cantidad de días sin casos por provincia y provincias con casos y casos durante la epidemia. https://t.co/WnrP14FCKF"	https://twitter.com/jorgeluisaliaga/status/1394062104550858754	[]
jorgeluisaliaga	Sun May 16 22:47:59 +0000 2021	3	1	"Para los que les sirva, muestro datos más simples de leer de distribución de casos confirmados y muertos, y casos confirmados y muertos por millón de habitantes, por provincia.
También una página interactiva.

https://t.co/UoryUFDQ2D
-------------------------- https://t.co/q3DOnlzaPa"	https://twitter.com/jorgeluisaliaga/status/1394062099022852097	[]
jorgeluisaliaga	Sun May 16 22:47:58 +0000 2021	4	1	"Neuquén, Rio Negro, Chubut, Santa Cruz
Casos Diarios, Prom últimos 7 días, SUMA de últimos 14 días / 100.000 habitantes. Días de Duplicación, Log-Log Nuevos vs Total de Casos. 
INCIDENCIA y Factor de Crecimiento. Promedio de confirmados diarios últimas 15 semanas. https://t.co/SXWxgyETRE"	https://twitter.com/jorgeluisaliaga/status/1394062093003988993	[]
jorgeluisaliaga	Sun May 16 22:47:56 +0000 2021	2	1	"La Rioja, San Juan, San Luis, Mendoza
Casos Diarios, Prom últimos 7 días, SUMA de últimos 14 días / 100.000 habitantes. Días de Duplicación, Log-Log Nuevos vs Total de Casos. 
INCIDENCIA y Factor de Crecimiento. Promedio de confirmados diarios últimas 15 semanas. https://t.co/vW91FkH8qX"	https://twitter.com/jorgeluisaliaga/status/1394062086955847681	[]
jorgeluisaliaga	Sun May 16 22:47:55 +0000 2021	2	1	"Jujuy, Salta, Tucumán, Catamarca 
Casos Diarios, Prom últimos 7 días, SUMA de últimos 14 días / 100.000 habitantes. Días de Duplicación, Log-Log Nuevos vs Total de Casos. 
INCIDENCIA y Factor de Crecimiento. Promedio de confirmados diarios últimas 15 semanas. https://t.co/CZQMJvdScy"	https://twitter.com/jorgeluisaliaga/status/1394062080844632065	[]
jorgeluisaliaga	Sun May 16 22:47:53 +0000 2021	2	1	"Entre Ríos, Corrientes, Misiones, Formosa
Casos Diarios, Prom últimos 7 días, SUMA de últimos 14 días / 100.000 habitantes. Días de Duplicación, Log-Log Nuevos vs Total de Casos. 
INCIDENCIA y Factor de Crecimiento. Promedio de confirmados diarios últimas 15 semanas. https://t.co/uPTzitAQOm"	https://twitter.com/jorgeluisaliaga/status/1394062074544787458	[]
jorgeluisaliaga	Sun May 16 22:47:52 +0000 2021	3	1	"Santa Fé, Córdoba, Chaco, Santiago del Estero
Casos Diarios, Prom últimos 7 días, SUMA de últimos 14 días / 100.000 habitantes. Días de Duplicación, Log-Log Nuevos vs Total de Casos. 
INCIDENCIA y Factor de Crecimiento. Promedio de confirmados diarios últimas 15 semanas. https://t.co/NDEgHVDrYU"	https://twitter.com/jorgeluisaliaga/status/1394062068781834244	[]
jorgeluisaliaga	Sun May 16 22:47:50 +0000 2021	4	1	"CABA, PBA, La Pampa, Tierra del Fuego 
Casos Diarios, Prom últimos 7 días, SUMA de últimos 14 días / 100.000 habitantes. Días de Duplicación, Log-Log Nuevos vs Total de Casos. 
INCIDENCIA y Factor de Crecimiento. Promedio de confirmados diarios últimas 15 semanas. https://t.co/vzjrU8pf1r"	https://twitter.com/jorgeluisaliaga/status/1394062063186624521	[]
jorgeluisaliaga	Sun May 16 22:47:49 +0000 2021	1	0	"Muestro la evolución de la cantidad de días necesarios para duplicar (x2) y para decuplicar (x10) (Total y Activos).
La cantidad de días para duplicación aumento de entre 3 y 4 a 26 y ahora está en 92. Por 10 en 307 días. https://t.co/EyzHN9Z29d"	https://twitter.com/jorgeluisaliaga/status/1394062057566314499	[]
jorgeluisaliaga	Sun May 16 22:47:48 +0000 2021	1	0	"Evolución de la INCIDENCIA y del Factor de Crecimiento (ver Inf del 16/4). 
Muestro también la evolución de la tasa de variación de la cantidad de casos cada 2, 4, y 10 días (ver inf 4/4 y 5/4). También detalle desde el 20/04/21. https://t.co/QoQQsiAOG8"	https://twitter.com/jorgeluisaliaga/status/1394062052780650496	[]
jorgeluisaliaga	Sun May 16 22:47:47 +0000 2021	3	0	Muestro en Log-Log Casos Nuevos vs Totales (promedio para cada día con los valores de los siete últimos) (si hay duda, ver inf 3/4). https://t.co/DpoRv6s4eF	https://twitter.com/jorgeluisaliaga/status/1394062047319629828	[]
jorgeluisaliaga	Sun May 16 22:47:46 +0000 2021	3	0	"9/1 rearmé el informe.
Total de casos según fecha de carga en escala semilogarítmica, para ver comportamiento exponencial y su velocidad.
Promedio de casos confirmados, UTI y fallecidos por fecha de carga por semana en las últimas 30 semanas. https://t.co/Fy0VCL5oGU"	https://twitter.com/jorgeluisaliaga/status/1394062043024666632	[]
jorgeluisaliaga	Sun May 16 22:47:44 +0000 2021	4	0	"24 provincias con INCIDENCIA mayor a 150 casos / 100.000 en los últimos 14 días.
16 provincias con Razón de Casos mayor a 1 (creciendo). 
Incidencia Nacional = 666 casos
Razón de Casos Nacional = 0,97 https://t.co/vjDt1eNZgl"	https://twitter.com/jorgeluisaliaga/status/1394062037408534533	[]
jorgeluisaliaga	Sun May 16 22:47:43 +0000 2021	47	22	"Situación COVID-19 al 16/5

Hoy 16.350 nuevos casos confirmados.
22 provincias con ""riesgo sanitario ALTO"".
2 provincias con "" riesgo sanitario MEDIO"".
Empieza semana 20 con suba, leve en AMBA. Sigue subiendo UTI
La cantidad total de casos es 3.307.285. https://t.co/4sNUU6j1Nh"	https://twitter.com/jorgeluisaliaga/status/1394062030777241603	[]
jorgeluisaliaga	Sun May 16 02:50:39 +0000 2021	3	0	@threadreaderapp unroll	https://twitter.com/jorgeluisaliaga/status/1393760778939944960	[]
jorgeluisaliaga	Sun May 16 02:50:32 +0000 2021	4	0	"Todos los informes e información en mi sitio

https://t.co/OOPfZIjwmV

La Tabla de datos informados por @msalnacion los puse en:

https://t.co/A6X5GTltVQ"	https://twitter.com/jorgeluisaliaga/status/1393760749793726464	[]
jorgeluisaliaga	Sun May 16 02:50:31 +0000 2021	4	1	"Por segundo día la base no se actualizó.
Con 50.000 confirmador y 1.000 muertos en 48 hs no hay datos actualizados.
No se pueden sacar los gráficos por edad, fecha de muerte, testeos, ..."	https://twitter.com/jorgeluisaliaga/status/1393760748401274880	[]
jorgeluisaliaga	Sun May 16 02:50:31 +0000 2021	2	0	"Sitios con datos / figuras

Gran info regional: Soledad Retamar @sole_reta 

https://t.co/LLv9J5EA7o

Rodrigo Castro @RodrigoD_Castro

https://t.co/9etT4FOHyf"	https://twitter.com/jorgeluisaliaga/status/1393760746970959873	[]
jorgeluisaliaga	Sun May 16 02:50:31 +0000 2021	3	0	"Hilos recomendados:

Semáforo: Martin Barrionuevo @mmbarrionuevo

Rio Negro+Neuquen: Clari Cardozo Castro @ClariCardozoCas

Diseño @TotinFraire Elaboración @Fedwr

https://t.co/p5BO4uJD8y"	https://twitter.com/jorgeluisaliaga/status/1393760745255542784	[]
jorgeluisaliaga	Sat May 15 23:34:13 +0000 2021	3	0	@elcanilla_ Uff. complicado.	https://twitter.com/jorgeluisaliaga/status/1393711346777272320	[]
jorgeluisaliaga	Sat May 15 22:42:48 +0000 2021	51	17	"Hoy se llegó a 70.000 fallecidos confirmados de COVID (cuando se conozca el total de fallecidos desde marzo 2020 en cada provincia se podrá apreciar si hubo subdetección).
Algunos dicen lo que se debió hacer. 
Si, eso funcionó, mientras se pudo hacer, en algunos lados. https://t.co/2ykc2wJQ5k"	https://twitter.com/jorgeluisaliaga/status/1393698406481203207	[]
jorgeluisaliaga	Sat May 15 21:50:57 +0000 2021	33	14	"Las razones sanitarias que explican cómo llegamos a los 70 mil muertos por COVID-19 en la Argentina
Por Francisco Reyes @Soyfranreyes 

https://t.co/4k1y5FyCLf"	https://twitter.com/jorgeluisaliaga/status/1393685357481320448	[]
jorgeluisaliaga	Sat May 15 21:11:45 +0000 2021	11	2	"A partir del 5/2/21 saco el informe en dos partes, la primera cuando sale el parte diario y el complemento cuando se actualiza la base de datos, después de las 21:30.

FIN PRIMERA PARTE."	https://twitter.com/jorgeluisaliaga/status/1393675491224207364	[]
jorgeluisaliaga	Sat May 15 21:11:44 +0000 2021	14	7	"Hoy se llegó a 70.23 (+400) personas fallecidas. 
Se reportaron 2.933.946 (+20.802) personas recuperadas (89,2%). 
5517 (+60) en Terapia. 
Distintos estados de casos en escala semi-logaritmica. 
Lineal muertos y UTI para ver fácil subas. https://t.co/zyPuaZ7ipX"	https://twitter.com/jorgeluisaliaga/status/1393675489156517894	[]
jorgeluisaliaga	Sat May 15 21:11:43 +0000 2021	6	1	Avance de la Vacunación por sector, por edad y marca de vacuna, por provincia y grupo etario y por provincia y sector. https://t.co/KLyqHmrkA5	https://twitter.com/jorgeluisaliaga/status/1393675484228116481	[]
jorgeluisaliaga	Sat May 15 21:11:41 +0000 2021	4	1	Evolución de la vacunación en todo el país, CABA y PBA. Porcentaje de vacunas aplicadas en relación con las distribuidas. https://t.co/urts0jVYuL	https://twitter.com/jorgeluisaliaga/status/1393675478284783620	[]
jorgeluisaliaga	Sat May 15 21:11:40 +0000 2021	4	1	Avance de la Vacunación por provincia según datos cargado hasta hoy a las 6 AM de &gt;&gt; https://t.co/bBb2CUzoT6 y https://t.co/TNJm7ZPDNK https://t.co/yF0odkqyOr	https://twitter.com/jorgeluisaliaga/status/1393675472136024067	[]
jorgeluisaliaga	Sat May 15 21:11:39 +0000 2021	5	1	"Muestro ajuste.  Uso el crecimiento exponencial con que se ajustaban los datos al 25/3 para una logística, más adecuado en esta etapa de la epidemia, que explico en detalle en este documento (estimo infectados asumiendo un 70% de asintomáticos): 

https://t.co/xDGEjpspvW https://t.co/cO7YflDE61"	https://twitter.com/jorgeluisaliaga/status/1393675466796634113	[]
jorgeluisaliaga	Sat May 15 21:11:37 +0000 2021	4	1	"Fallecidos por millón de habitantes por provincia.
Detalle de fecha del último caso de cada provincia. Todas las provincias activas. 
También muestro cantidad de días sin casos por provincia y provincias con casos y casos durante la epidemia. https://t.co/CtJxuyd3zo"	https://twitter.com/jorgeluisaliaga/status/1393675461763518465	[]
jorgeluisaliaga	Sat May 15 21:11:36 +0000 2021	7	1	"Para los que les sirva, muestro datos más simples de leer de distribución de casos confirmados y muertos, y casos confirmados y muertos por millón de habitantes, por provincia.
También una página interactiva.

https://t.co/UoryUFDQ2D
-------------------------- https://t.co/rqijjlW2wz"	https://twitter.com/jorgeluisaliaga/status/1393675456323497988	[]
jorgeluisaliaga	Sat May 15 21:11:35 +0000 2021	6	2	"Neuquén, Rio Negro, Chubut, Santa Cruz
Casos Diarios, Prom últimos 7 días, SUMA de últimos 14 días / 100.000 habitantes. Días de Duplicación, Log-Log Nuevos vs Total de Casos. 
INCIDENCIA y Factor de Crecimiento. Promedio de confirmados diarios últimas 15 semanas. https://t.co/GgxRt0Ymre"	https://twitter.com/jorgeluisaliaga/status/1393675450287890437	[]
jorgeluisaliaga	Sat May 15 21:11:33 +0000 2021	4	1	"La Rioja, San Juan, San Luis, Mendoza
Casos Diarios, Prom últimos 7 días, SUMA de últimos 14 días / 100.000 habitantes. Días de Duplicación, Log-Log Nuevos vs Total de Casos. 
INCIDENCIA y Factor de Crecimiento. Promedio de confirmados diarios últimas 15 semanas. https://t.co/CML5CkQTtM"	https://twitter.com/jorgeluisaliaga/status/1393675444570963972	[]
jorgeluisaliaga	Sat May 15 21:11:32 +0000 2021	3	1	"Jujuy, Salta, Tucumán, Catamarca 
Casos Diarios, Prom últimos 7 días, SUMA de últimos 14 días / 100.000 habitantes. Días de Duplicación, Log-Log Nuevos vs Total de Casos. 
INCIDENCIA y Factor de Crecimiento. Promedio de confirmados diarios últimas 15 semanas. https://t.co/9W88miLI6w"	https://twitter.com/jorgeluisaliaga/status/1393675439021953027	[]
jorgeluisaliaga	Sat May 15 21:11:31 +0000 2021	4	1	"Entre Ríos, Corrientes, Misiones, Formosa
Casos Diarios, Prom últimos 7 días, SUMA de últimos 14 días / 100.000 habitantes. Días de Duplicación, Log-Log Nuevos vs Total de Casos. 
INCIDENCIA y Factor de Crecimiento. Promedio de confirmados diarios últimas 15 semanas. https://t.co/Wgap9Dq1AC"	https://twitter.com/jorgeluisaliaga/status/1393675432701083651	[]
jorgeluisaliaga	Sat May 15 21:11:29 +0000 2021	3	1	"Santa Fé, Córdoba, Chaco, Santiago del Estero
Casos Diarios, Prom últimos 7 días, SUMA de últimos 14 días / 100.000 habitantes. Días de Duplicación, Log-Log Nuevos vs Total de Casos. 
INCIDENCIA y Factor de Crecimiento. Promedio de confirmados diarios últimas 15 semanas. https://t.co/iPr2CMXulv"	https://twitter.com/jorgeluisaliaga/status/1393675427248549888	[]
jorgeluisaliaga	Sat May 15 21:11:28 +0000 2021	6	1	"CABA, PBA, La Pampa, Tierra del Fuego 
Casos Diarios, Prom últimos 7 días, SUMA de últimos 14 días / 100.000 habitantes. Días de Duplicación, Log-Log Nuevos vs Total de Casos. 
INCIDENCIA y Factor de Crecimiento. Promedio de confirmados diarios últimas 15 semanas. https://t.co/EwsKxDmwcs"	https://twitter.com/jorgeluisaliaga/status/1393675420864860161	[]
jorgeluisaliaga	Sat May 15 21:11:26 +0000 2021	5	1	"Muestro la evolución de la cantidad de días necesarios para duplicar (x2) y para decuplicar (x10) (Total y Activos).
La cantidad de días para duplicación aumento de entre 3 y 4 a 26 y ahora está en 91. Por 10 en 301 días. https://t.co/r7f62oOz5S"	https://twitter.com/jorgeluisaliaga/status/1393675415592620032	[]
jorgeluisaliaga	Sat May 15 21:11:25 +0000 2021	5	1	"Evolución de la INCIDENCIA y del Factor de Crecimiento (ver Inf del 16/4). 
Muestro también la evolución de la tasa de variación de la cantidad de casos cada 2, 4, y 10 días (ver inf 4/4 y 5/4). También detalle desde el 20/04/21. https://t.co/0fYRfh3EMK"	https://twitter.com/jorgeluisaliaga/status/1393675411289165827	[]
jorgeluisaliaga	Sat May 15 21:11:24 +0000 2021	3	1	Muestro en Log-Log Casos Nuevos vs Totales (promedio para cada día con los valores de los siete últimos) (si hay duda, ver inf 3/4). https://t.co/6mzC51YCeV	https://twitter.com/jorgeluisaliaga/status/1393675405488529408	[]
jorgeluisaliaga	Sat May 15 21:11:23 +0000 2021	5	1	"9/1 rearmé el informe.
Total de casos según fecha de carga en escala semilogarítmica, para ver comportamiento exponencial y su velocidad.
Promedio de casos confirmados, UTI y fallecidos por fecha de carga por semana en las últimas 30 semanas. https://t.co/iMXo7ztvkC"	https://twitter.com/jorgeluisaliaga/status/1393675401386397697	[]
jorgeluisaliaga	Sat May 15 21:11:22 +0000 2021	5	1	"24 provincias con INCIDENCIA mayor a 150 casos / 100.000 en los últimos 14 días.
16 provincias con Razón de Casos mayor a 1 (creciendo). 
Incidencia Nacional = 655 casos
Razón de Casos Nacional = 0,94 https://t.co/bKHkQxOz4z"	https://twitter.com/jorgeluisaliaga/status/1393675395711610883	[]
jorgeluisaliaga	Sat May 15 21:11:20 +0000 2021	56	19	"Situación COVID-19 al 15/5

Hoy 21.469 nuevos casos confirmados.
22 provincias con ""riesgo sanitario ALTO"".
2 provincias con "" riesgo sanitario MEDIO"".
Cierra semana 19, estable en AMBA, crece en el interior, record de UTI.
La cantidad total de casos es 3.290.935. https://t.co/5HDCX9GPmY"	https://twitter.com/jorgeluisaliaga/status/1393675389688598531	[]
jorgeluisaliaga	Sat May 15 02:47:16 +0000 2021	2	0	@threadreaderapp unroll	https://twitter.com/jorgeluisaliaga/status/1393397541425844224	[]
jorgeluisaliaga	Sat May 15 02:46:56 +0000 2021	4	0	"Todos los informes e información en mi sitio

https://t.co/OOPfZIjwmV

La Tabla de datos informados por @msalnacion los puse en:

https://t.co/A6X5GTltVQ"	https://twitter.com/jorgeluisaliaga/status/1393397458747678723	[]
jorgeluisaliaga	Sat May 15 02:46:56 +0000 2021	2	0	Hoy no se actualizó la base hasta ahora. No se puede sacar la parte de testeos, fechas de muerte, edades, ...	https://twitter.com/jorgeluisaliaga/status/1393397457392971779	[]
jorgeluisaliaga	Sat May 15 02:46:56 +0000 2021	3	0	"Sitios con datos / figuras

Gran info regional: Soledad Retamar @sole_reta 

https://t.co/LLv9J5EA7o

Rodrigo Castro @RodrigoD_Castro

https://t.co/9etT4FOHyf"	https://twitter.com/jorgeluisaliaga/status/1393397455983681539	[]
jorgeluisaliaga	Sat May 15 02:46:55 +0000 2021	2	0	"Hilos recomendados:

Semáforo: Martin Barrionuevo @mmbarrionuevo

https://t.co/KXhJs8ZbQ1

Rio Negro+Neuquen: Clari Cardozo Castro @ClariCardozoCas

Diseño @TotinFraire Elaboración @Fedwr

https://t.co/6t8ZiYJrsG"	https://twitter.com/jorgeluisaliaga/status/1393397454272405504	[]
jorgeluisaliaga	Fri May 14 20:36:43 +0000 2021	6	2	"A partir del 5/2/21 saco el informe en dos partes, la primera cuando sale el parte diario y el complemento cuando se actualiza la base de datos, después de las 21:30.

FIN PRIMERA PARTE."	https://twitter.com/jorgeluisaliaga/status/1393304289095917575	[]
jorgeluisaliaga	Fri May 14 20:36:43 +0000 2021	10	4	Nuevamente la diferencia entre confirmados y recuperados muestra el rebote. Cambió nuevamente de signo, es positiva coherente con suba de confirmados. https://t.co/uqnCpNEuqO	https://twitter.com/jorgeluisaliaga/status/1393304287313375241	[]
jorgeluisaliaga	Fri May 14 20:36:42 +0000 2021	4	3	"Hoy se llegó a 69.853 (+601) personas fallecidas. 
Se reportaron 2.913.144 (+21.709) personas recuperadas (89,1%). 
5457 (+37) en Terapia. 
Distintos estados de casos en escala semi-logaritmica. 
Lineal muertos y UTI para ver fácil subas. https://t.co/RWnwfVqeHR"	https://twitter.com/jorgeluisaliaga/status/1393304283278360578	[]
jorgeluisaliaga	Fri May 14 20:36:40 +0000 2021	0	2	Avance de la Vacunación por sector, por edad y marca de vacuna, por provincia y grupo etario y por provincia y sector. https://t.co/dra5QwXGB2	https://twitter.com/jorgeluisaliaga/status/1393304277959991297	[]
jorgeluisaliaga	Fri May 14 20:36:39 +0000 2021	0	2	Evolución de la vacunación en todo el país, CABA y PBA. Porcentaje de vacunas aplicadas en relación con las distribuidas. https://t.co/zUs7fpBb6R	https://twitter.com/jorgeluisaliaga/status/1393304272029294594	[]
jorgeluisaliaga	Fri May 14 20:36:38 +0000 2021	0	2	Avance de la Vacunación por provincia según datos cargado hasta hoy a las 6 AM de &gt;&gt; https://t.co/bBb2CUzoT6 y https://t.co/TNJm7ZPDNK https://t.co/Z7Woqr9w0b	https://twitter.com/jorgeluisaliaga/status/1393304266564120581	[]
jorgeluisaliaga	Fri May 14 20:36:36 +0000 2021	0	2	"Muestro ajuste.  Uso el crecimiento exponencial con que se ajustaban los datos al 25/3 para una logística, más adecuado en esta etapa de la epidemia, que explico en detalle en este documento (estimo infectados asumiendo un 70% de asintomáticos): 

https://t.co/xDGEjpspvW https://t.co/a2VwsbqHTn"	https://twitter.com/jorgeluisaliaga/status/1393304261304389637	[]
jorgeluisaliaga	Fri May 14 20:36:35 +0000 2021	0	2	"Fallecidos por millón de habitantes por provincia.
Detalle de fecha del último caso de cada provincia. Todas las provincias activas. 
También muestro cantidad de días sin casos por provincia y provincias con casos y casos durante la epidemia. https://t.co/hJEiVGWVXb"	https://twitter.com/jorgeluisaliaga/status/1393304255990226944	[]
jorgeluisaliaga	Fri May 14 20:36:34 +0000 2021	0	2	"Para los que les sirva, muestro datos más simples de leer de distribución de casos confirmados y muertos, y casos confirmados y muertos por millón de habitantes, por provincia.
También una página interactiva.

https://t.co/UoryUFDQ2D
-------------------------- https://t.co/fRYHIduiqU"	https://twitter.com/jorgeluisaliaga/status/1393304250445402121	[]
jorgeluisaliaga	Fri May 14 20:36:32 +0000 2021	1	2	"Neuquén, Rio Negro, Chubut, Santa Cruz
Casos Diarios, Prom últimos 7 días, SUMA de últimos 14 días / 100.000 habitantes. Días de Duplicación, Log-Log Nuevos vs Total de Casos. 
INCIDENCIA y Factor de Crecimiento. Promedio de confirmados diarios últimas 15 semanas. https://t.co/9LDny0wIWd"	https://twitter.com/jorgeluisaliaga/status/1393304244317458433	[]
jorgeluisaliaga	Fri May 14 20:36:31 +0000 2021	1	3	"La Rioja, San Juan, San Luis, Mendoza
Casos Diarios, Prom últimos 7 días, SUMA de últimos 14 días / 100.000 habitantes. Días de Duplicación, Log-Log Nuevos vs Total de Casos. 
INCIDENCIA y Factor de Crecimiento. Promedio de confirmados diarios últimas 15 semanas. https://t.co/YzyawSpqGx"	https://twitter.com/jorgeluisaliaga/status/1393304238583865349	[]
jorgeluisaliaga	Fri May 14 20:36:30 +0000 2021	0	3	"Jujuy, Salta, Tucumán, Catamarca 
Casos Diarios, Prom últimos 7 días, SUMA de últimos 14 días / 100.000 habitantes. Días de Duplicación, Log-Log Nuevos vs Total de Casos. 
INCIDENCIA y Factor de Crecimiento. Promedio de confirmados diarios últimas 15 semanas. https://t.co/cVM5LUndJP"	https://twitter.com/jorgeluisaliaga/status/1393304233038991361	[]
jorgeluisaliaga	Fri May 14 20:36:28 +0000 2021	0	2	"Entre Ríos, Corrientes, Misiones, Formosa
Casos Diarios, Prom últimos 7 días, SUMA de últimos 14 días / 100.000 habitantes. Días de Duplicación, Log-Log Nuevos vs Total de Casos. 
INCIDENCIA y Factor de Crecimiento. Promedio de confirmados diarios últimas 15 semanas. https://t.co/ZRXz1oI1zk"	https://twitter.com/jorgeluisaliaga/status/1393304227213156359	[]
jorgeluisaliaga	Fri May 14 20:36:27 +0000 2021	0	2	"Santa Fé, Córdoba, Chaco, Santiago del Estero
Casos Diarios, Prom últimos 7 días, SUMA de últimos 14 días / 100.000 habitantes. Días de Duplicación, Log-Log Nuevos vs Total de Casos. 
INCIDENCIA y Factor de Crecimiento. Promedio de confirmados diarios últimas 15 semanas. https://t.co/Wx2WLNnKFo"	https://twitter.com/jorgeluisaliaga/status/1393304221026562058	[]
jorgeluisaliaga	Fri May 14 20:36:25 +0000 2021	2	2	"CABA, PBA, La Pampa, Tierra del Fuego 
Casos Diarios, Prom últimos 7 días, SUMA de últimos 14 días / 100.000 habitantes. Días de Duplicación, Log-Log Nuevos vs Total de Casos. 
INCIDENCIA y Factor de Crecimiento. Promedio de confirmados diarios últimas 15 semanas. https://t.co/i047ZaAlSU"	https://twitter.com/jorgeluisaliaga/status/1393304215167160324	[]
jorgeluisaliaga	Fri May 14 20:36:24 +0000 2021	1	2	"Muestro la evolución de la cantidad de días necesarios para duplicar (x2) y para decuplicar (x10) (Total y Activos).
La cantidad de días para duplicación aumento de entre 3 y 4 a 26 y ahora está en 97. Por 10 en 323 días. https://t.co/HFfs7tdzgu"	https://twitter.com/jorgeluisaliaga/status/1393304210050060289	[]
jorgeluisaliaga	Fri May 14 20:36:23 +0000 2021	2	2	"Evolución de la INCIDENCIA y del Factor de Crecimiento (ver Inf del 16/4). 
Muestro también la evolución de la tasa de variación de la cantidad de casos cada 2, 4, y 10 días (ver inf 4/4 y 5/4). También detalle desde el 20/04/21. https://t.co/PUsBJwuRPN"	https://twitter.com/jorgeluisaliaga/status/1393304205885050880	[]
jorgeluisaliaga	Fri May 14 20:36:22 +0000 2021	3	2	Muestro en Log-Log Casos Nuevos vs Totales (promedio para cada día con los valores de los siete últimos) (si hay duda, ver inf 3/4). https://t.co/dnjx89exzs	https://twitter.com/jorgeluisaliaga/status/1393304201497923594	[]
jorgeluisaliaga	Fri May 14 20:36:21 +0000 2021	2	2	"9/1 rearmé el informe.
Total de casos según fecha de carga en escala semilogarítmica, para ver comportamiento exponencial y su velocidad.
Promedio de casos confirmados, UTI y fallecidos por fecha de carga por semana en las últimas 30 semanas. https://t.co/Alsek2m8nm"	https://twitter.com/jorgeluisaliaga/status/1393304196594782209	[]
jorgeluisaliaga	Fri May 14 20:36:20 +0000 2021	3	2	"24 provincias con INCIDENCIA mayor a 150 casos / 100.000 en los últimos 14 días.
15 provincias con Razón de Casos mayor a 1 (creciendo). 
Incidencia Nacional = 644 casos
Razón de Casos Nacional = 0,92 https://t.co/BFHKJNIu9d"	https://twitter.com/jorgeluisaliaga/status/1393304191154667521	[]
jorgeluisaliaga	Fri May 14 20:36:18 +0000 2021	58	19	"Situación COVID-19 al 14/5

Hoy 27.363 nuevos casos confirmados.
22 provincias con ""riesgo sanitario ALTO"".
2 provincias con "" riesgo sanitario MEDIO"".
Ya no baja AMBA, subas en el interior.
La cantidad total de casos es 3.269.466. https://t.co/zPMcvof7Ws"	https://twitter.com/jorgeluisaliaga/status/1393304186008244229	[]
jorgeluisaliaga	Fri May 14 15:39:02 +0000 2021	4	0	@vidusky mejor! Igual, controlá oxigenación y ventilá, porque hay falsos negativos.	https://twitter.com/jorgeluisaliaga/status/1393229373080313856	[]
jorgeluisaliaga	Fri May 14 15:18:56 +0000 2021	33	1	@SantiOlsze Ayer también muchas segundas dosis, no? https://t.co/pa5kvxMWPY	https://twitter.com/jorgeluisaliaga/status/1393224315672403971	[]
jorgeluisaliaga	Fri May 14 10:56:37 +0000 2021	1	1	"#BO
Rectificación inclusión en artículo 43 de la LES de las carreras de alimentos.

https://t.co/iigQLVFV6Y"	https://twitter.com/jorgeluisaliaga/status/1393158303488872449	[{'text': 'BO', 'indices': [0, 3]}]
jorgeluisaliaga	Fri May 14 10:56:37 +0000 2021	1	1	"#BO
SECRETARÍA DE ENERGÍA - Créase el Registro de Entidades Auditoras de Seguridad, Técnicas y Ambientales

https://t.co/kimZzsXjg1"	https://twitter.com/jorgeluisaliaga/status/1393158302176063488	[{'text': 'BO', 'indices': [0, 3]}]
jorgeluisaliaga	Fri May 14 10:56:37 +0000 2021	2	0	"#BO
Créase la “LINEA DE ACCIÓN PARA LA INCLUSIÓN DE PERSONAS EN SITUACIÓN DE CALLE, como una nueva línea programática del PLAN NACIONAL DE PROTECCIÓN SOCIAL

https://t.co/jiEj9iuzxz"	https://twitter.com/jorgeluisaliaga/status/1393158300754227200	[{'text': 'BO', 'indices': [0, 3]}]
jorgeluisaliaga	Fri May 14 10:56:36 +0000 2021	2	1	"#BO
Apruébase el Reglamento del Concurso “Experiencias Innovadoras de Planificación, Desarrollo Territorial y Políticas de Suelo para la Reconstrucción Argentina”

https://t.co/rSJ1o4754f"	https://twitter.com/jorgeluisaliaga/status/1393158299370070016	[{'text': 'BO', 'indices': [0, 3]}]
jorgeluisaliaga	Fri May 14 10:56:36 +0000 2021	4	2	"#BO
Créase el programa “FORTALECER” en la órbita de la SECRETARÍA DE INDUSTRIA, ECONOMÍA DEL CONOCIMIENTO Y GESTIÓN COMERCIAL EXTERNA del MINISTERIO DE DESARROLLO PRODUCTIVO

https://t.co/i3he3px7l2"	https://twitter.com/jorgeluisaliaga/status/1393158297948151810	[{'text': 'BO', 'indices': [0, 3]}]
jorgeluisaliaga	Fri May 14 03:15:19 +0000 2021	3	0	@threadreaderapp unroll	https://twitter.com/jorgeluisaliaga/status/1393042211495989251	[]
jorgeluisaliaga	Fri May 14 03:15:01 +0000 2021	6	1	"Todos los informes e información en mi sitio

https://t.co/OOPfZIjwmV

La Tabla de datos informados por @msalnacion los puse en:

https://t.co/A6X5GTltVQ"	https://twitter.com/jorgeluisaliaga/status/1393042138527567877	[]
jorgeluisaliaga	Fri May 14 03:15:01 +0000 2021	5	2	Casos confirmados por rango etario en CABA y AMBA sin CABA con detalle de edades escolares. https://t.co/hBC4cvgS6x	https://twitter.com/jorgeluisaliaga/status/1393042135646101508	[]
jorgeluisaliaga	Fri May 14 03:14:59 +0000 2021	4	2	"Edad promedio de confirmados y de mayores de 70 años por semana de inicio de síntoma.
Cantidad de fallecidos y su edad media, y fallecidos mayores de 70 años por semana de inicio de síntoma. https://t.co/THbqM6Dy77"	https://twitter.com/jorgeluisaliaga/status/1393042129220472839	[]
jorgeluisaliaga	Fri May 14 03:14:58 +0000 2021	0	0	"Demorados:

11 de DICIEMBRE (9 San Juan, Chaco, Corrientes)
2 de ENERO (Santa Fe, San Juan)
1 de FEBRERO Salta
1 de MARZO CABA"	https://twitter.com/jorgeluisaliaga/status/1393042124082384898	[]
jorgeluisaliaga	Fri May 14 03:14:58 +0000 2021	1	0	"De los 448 informados como fallecidos, 112 fallecieron hace más de 12 días.
Reclasificado 1212049 de Buenos Aires del 1/10/2020

Demorados:
1 de SEPTIEMBRE Neuquén
1 de OCTUBRE Corrientes
4 de NOVIEMBRE (3 San Juan, Corrientes) https://t.co/4WNxiVviCv"	https://twitter.com/jorgeluisaliaga/status/1393042121997832193	[]
jorgeluisaliaga	Fri May 14 03:14:56 +0000 2021	0	0	"Confirmados y sospechosos por fecha de apertura en TOTAL, CABA y PBA.
Testeo y positividad por semana de apertura. https://t.co/z8Xu9NKWmC"	https://twitter.com/jorgeluisaliaga/status/1393042117350592512	[]
jorgeluisaliaga	Fri May 14 03:14:55 +0000 2021	0	0	Detalles de Tests Confirmados, Descartados y Sospechosos según residencia en PBA y CABA por semana, con detalles según lugar de carga y sector público o privado. Amarillo es lo pendiente. https://t.co/wAP6dSLmWh	https://twitter.com/jorgeluisaliaga/status/1393042112434814978	[]
jorgeluisaliaga	Fri May 14 03:14:54 +0000 2021	2	1	"Ya se hicieron 9.431.738 Tests de diagnóstico (error +/- 10 tests), 31,2% de positividad.
Hoy 55.616, 45,6% la positividad. 
Cuando teníamos 10% de positividad (10/5) había 250-300 casos por día. https://t.co/e7OEWImR5R"	https://twitter.com/jorgeluisaliaga/status/1393042107410100226	[]
jorgeluisaliaga	Fri May 14 03:14:53 +0000 2021	0	0	"Los casos ordenados por fecha de síntoma, promediada cada día los últimos 7 en lineal y semi-log (ver inf 24/7). Y Por millón de habitantes.
Hasta ahora las amarillas ""predicen"" lo que van a hacer las curvas x síntoma cuando entren casos de esas fechas, atención la suba. https://t.co/GdrTcXCp8i"	https://twitter.com/jorgeluisaliaga/status/1393042102980841474	[]
jorgeluisaliaga	Fri May 14 03:14:52 +0000 2021	0	0	"Sitios con datos / figuras

Gran info regional: Soledad Retamar @sole_reta 

https://t.co/LLv9J5EA7o

Rodrigo Castro @RodrigoD_Castro

https://t.co/9etT4FOHyf"	https://twitter.com/jorgeluisaliaga/status/1393042098467876872	[]
jorgeluisaliaga	Fri May 14 03:14:51 +0000 2021	7	1	"Hilos recomendados:

Semáforo: Martin Barrionuevo @mmbarrionuevo

https://t.co/Lsku7X0u3J

Rio Negro+Neuquen: Clari Cardozo Castro @ClariCardozoCas

Diseño @TotinFraire Elaboración @Fedwr

https://t.co/LKZFoB4DXK"	https://twitter.com/jorgeluisaliaga/status/1393042096563621890	[]
jorgeluisaliaga	Thu May 13 22:55:59 +0000 2021	28	12	"Artículo en The Lancet: ¿está en tela de juicio la efectividad de la Sputnik V?
Por Nora Bär @norabar 

https://t.co/fQ1X4EkFKW"	https://twitter.com/jorgeluisaliaga/status/1392976947605655555	[]
jorgeluisaliaga	Thu May 13 22:04:59 +0000 2021	32	13	"La ventilación de ambientes, entre las claves para evitar el coronavirus
Por @camargolescano 

https://t.co/Yzq5zyTyRB"	https://twitter.com/jorgeluisaliaga/status/1392964113966448643	[]
jorgeluisaliaga	Thu May 13 21:01:45 +0000 2021	1	0	@vidusky @NoDejes899 @CharlySeivane que te recuperes pronto!	https://twitter.com/jorgeluisaliaga/status/1392948199678222337	[]
jorgeluisaliaga	Thu May 13 20:33:47 +0000 2021	9	0	"A partir del 5/2/21 saco el informe en dos partes, la primera cuando sale el parte diario y el complemento cuando se actualiza la base de datos, después de las 21:30.

FIN PRIMERA PARTE."	https://twitter.com/jorgeluisaliaga/status/1392941162441461765	[]
jorgeluisaliaga	Thu May 13 20:33:46 +0000 2021	5	1	"Hoy se llegó a 69.254 (+448) personas fallecidas. 
Se reportaron 2.891.435 (+22.094) personas recuperadas (89,2%). 
5420(+26) en Terapia. 
Distintos estados de casos en escala semi-logaritmica. 
Lineal muertos y UTI para ver fácil subas. https://t.co/PfFyta0kID"	https://twitter.com/jorgeluisaliaga/status/1392941160402984961	[]
jorgeluisaliaga	Thu May 13 20:33:45 +0000 2021	0	0	Avance de la Vacunación por sector, por edad y marca de vacuna, por provincia y grupo etario y por provincia y sector. https://t.co/hpJPnta2gL	https://twitter.com/jorgeluisaliaga/status/1392941154698764296	[]
jorgeluisaliaga	Thu May 13 20:33:44 +0000 2021	1	0	Evolución de la vacunación en todo el país, CABA y PBA. Porcentaje de vacunas aplicadas en relación con las distribuidas. https://t.co/wHHklz7l2i	https://twitter.com/jorgeluisaliaga/status/1392941148621189123	[]
jorgeluisaliaga	Thu May 13 20:33:42 +0000 2021	1	0	Avance de la Vacunación por provincia según datos cargado hasta hoy a las 6 AM de &gt;&gt; https://t.co/bBb2CUzoT6 y https://t.co/TNJm7ZPDNK https://t.co/6bfCNyyCo0	https://twitter.com/jorgeluisaliaga/status/1392941143348977666	[]
jorgeluisaliaga	Thu May 13 20:33:41 +0000 2021	1	0	"Muestro ajuste.  Uso el crecimiento exponencial con que se ajustaban los datos al 25/3 para una logística, más adecuado en esta etapa de la epidemia, que explico en detalle en este documento (estimo infectados asumiendo un 70% de asintomáticos): 

https://t.co/xDGEjpspvW https://t.co/zp5CxCO9lI"	https://twitter.com/jorgeluisaliaga/status/1392941137594359811	[]
jorgeluisaliaga	Thu May 13 20:33:40 +0000 2021	1	0	"Fallecidos por millón de habitantes por provincia.
Detalle de fecha del último caso de cada provincia. Todas las provincias activas. 
También muestro cantidad de días sin casos por provincia y provincias con casos y casos durante la epidemia. https://t.co/5Zw5KH94Yl"	https://twitter.com/jorgeluisaliaga/status/1392941132695416832	[]
jorgeluisaliaga	Thu May 13 20:33:39 +0000 2021	1	0	"Para los que les sirva, muestro datos más simples de leer de distribución de casos confirmados y muertos, y casos confirmados y muertos por millón de habitantes, por provincia.
También una página interactiva.

https://t.co/UoryUFDQ2D
-------------------------- https://t.co/uO3blzUqwW"	https://twitter.com/jorgeluisaliaga/status/1392941127989436416	[]
jorgeluisaliaga	Thu May 13 20:33:37 +0000 2021	3	0	"Neuquén, Rio Negro, Chubut, Santa Cruz
Casos Diarios, Prom últimos 7 días, SUMA de últimos 14 días / 100.000 habitantes. Días de Duplicación, Log-Log Nuevos vs Total de Casos. 
INCIDENCIA y Factor de Crecimiento. Promedio de confirmados diarios últimas 15 semanas. https://t.co/FGCOoirH84"	https://twitter.com/jorgeluisaliaga/status/1392941122134192135	[]
jorgeluisaliaga	Thu May 13 20:33:36 +0000 2021	2	0	"La Rioja, San Juan, San Luis, Mendoza
Casos Diarios, Prom últimos 7 días, SUMA de últimos 14 días / 100.000 habitantes. Días de Duplicación, Log-Log Nuevos vs Total de Casos. 
INCIDENCIA y Factor de Crecimiento. Promedio de confirmados diarios últimas 15 semanas. https://t.co/rt5IfOj3LV"	https://twitter.com/jorgeluisaliaga/status/1392941116119560198	[]
jorgeluisaliaga	Thu May 13 20:33:35 +0000 2021	1	0	"Jujuy, Salta, Tucumán, Catamarca 
Casos Diarios, Prom últimos 7 días, SUMA de últimos 14 días / 100.000 habitantes. Días de Duplicación, Log-Log Nuevos vs Total de Casos. 
INCIDENCIA y Factor de Crecimiento. Promedio de confirmados diarios últimas 15 semanas. https://t.co/3yXbjGDTE0"	https://twitter.com/jorgeluisaliaga/status/1392941110679515139	[]
jorgeluisaliaga	Thu May 13 20:33:33 +0000 2021	1	0	"Entre Ríos, Corrientes, Misiones, Formosa
Casos Diarios, Prom últimos 7 días, SUMA de últimos 14 días / 100.000 habitantes. Días de Duplicación, Log-Log Nuevos vs Total de Casos. 
INCIDENCIA y Factor de Crecimiento. Promedio de confirmados diarios últimas 15 semanas. https://t.co/F5woxwho2F"	https://twitter.com/jorgeluisaliaga/status/1392941104971096068	[]
jorgeluisaliaga	Thu May 13 20:33:32 +0000 2021	3	0	"Santa Fé, Córdoba, Chaco, Santiago del Estero
Casos Diarios, Prom últimos 7 días, SUMA de últimos 14 días / 100.000 habitantes. Días de Duplicación, Log-Log Nuevos vs Total de Casos. 
INCIDENCIA y Factor de Crecimiento. Promedio de confirmados diarios últimas 15 semanas. https://t.co/YX96FrBopm"	https://twitter.com/jorgeluisaliaga/status/1392941099111616513	[]
jorgeluisaliaga	Thu May 13 20:33:30 +0000 2021	2	0	"CABA, PBA, La Pampa, Tierra del Fuego 
Casos Diarios, Prom últimos 7 días, SUMA de últimos 14 días / 100.000 habitantes. Días de Duplicación, Log-Log Nuevos vs Total de Casos. 
INCIDENCIA y Factor de Crecimiento. Promedio de confirmados diarios últimas 15 semanas. https://t.co/c5QwjqPX9H"	https://twitter.com/jorgeluisaliaga/status/1392941093608636419	[]
jorgeluisaliaga	Thu May 13 20:33:29 +0000 2021	3	0	"Muestro la evolución de la cantidad de días necesarios para duplicar (x2) y para decuplicar (x10) (Total y Activos).
La cantidad de días para duplicación aumento de entre 3 y 4 a 26 y ahora está en 107. Por 10 en 357 días. https://t.co/spPTu3it9K"	https://twitter.com/jorgeluisaliaga/status/1392941088726523916	[]
jorgeluisaliaga	Thu May 13 20:33:28 +0000 2021	3	0	"Evolución de la INCIDENCIA y del Factor de Crecimiento (ver Inf del 16/4). 
Muestro también la evolución de la tasa de variación de la cantidad de casos cada 2, 4, y 10 días (ver inf 4/4 y 5/4). También detalle desde el 20/04/21. https://t.co/IfYJiEliqo"	https://twitter.com/jorgeluisaliaga/status/1392941083609419776	[]
jorgeluisaliaga	Thu May 13 20:33:27 +0000 2021	3	0	Muestro en Log-Log Casos Nuevos vs Totales (promedio para cada día con los valores de los siete últimos) (si hay duda, ver inf 3/4). https://t.co/GVzBGOHRwM	https://twitter.com/jorgeluisaliaga/status/1392941079213838345	[]
jorgeluisaliaga	Thu May 13 20:33:26 +0000 2021	4	0	"9/1 rearmé el informe.
Total de casos según fecha de carga en escala semilogarítmica, para ver comportamiento exponencial y su velocidad.
Promedio de casos confirmados, UTI y fallecidos por fecha de carga por semana en las últimas 30 semanas. https://t.co/uHeDR8XKLZ"	https://twitter.com/jorgeluisaliaga/status/1392941074855997440	[]
jorgeluisaliaga	Thu May 13 20:33:25 +0000 2021	5	1	"24 provincias con INCIDENCIA mayor a 150 casos / 100.000 en los últimos 14 días.
14 provincias con Razón de Casos mayor a 1 (creciendo). 
Incidencia Nacional = 633 casos
Razón de Casos Nacional = 0,88 https://t.co/J7qdkLl2wv"	https://twitter.com/jorgeluisaliaga/status/1392941068866531339	[]
jorgeluisaliaga	Thu May 13 20:33:23 +0000 2021	46	16	"Situación COVID-19 al 13/5

Hoy 26.531 nuevos casos confirmados.
21 provincias con ""riesgo sanitario ALTO"".
3 provincias con "" riesgo sanitario MEDIO"".
Se hace más lenta la baja en AMBA, gana la suba en el interior.
La cantidad total de casos es 3.242.103. https://t.co/bIJg1BKbnO"	https://twitter.com/jorgeluisaliaga/status/1392941063304798208	[]
jorgeluisaliaga	Thu May 13 12:11:30 +0000 2021	52	1	@NadiaLuna88 No tienen ni idea. Las salas de espera son de terror.	https://twitter.com/jorgeluisaliaga/status/1392814758999564289	[]
jorgeluisaliaga	Thu May 13 10:52:45 +0000 2021	44	6	"En España, sector gastronómico

https://t.co/JftI81xFG3"	https://twitter.com/jorgeluisaliaga/status/1392794940720230403	[]
jorgeluisaliaga	Thu May 13 10:51:18 +0000 2021	3	2	"#BO
Créase el Programa “ARGENTINA PROGRAMA” en la órbita de la SECRETARÍA DE INDUSTRIA, ECONOMÍA DEL CONOCIMIENTO Y GESTIÓN COMERCIAL EXTERNA del MINISTERIO DE DESARROLLO PRODUCTIVO

https://t.co/3CLyqYNXnq"	https://twitter.com/jorgeluisaliaga/status/1392794576268800001	[{'text': 'BO', 'indices': [0, 3]}]
jorgeluisaliaga	Thu May 13 10:51:18 +0000 2021	7	0	"#BO
Otórgase, por única vez, una ayuda económica no remunerativa de $ 11.000 a los socios trabajadores y socias trabajadoras de unidades productivas autogestionadas participantes del PROGRAMA TRABAJO AUTOGESTIONADO

https://t.co/v7pR2whftI"	https://twitter.com/jorgeluisaliaga/status/1392794574985256966	[{'text': 'BO', 'indices': [0, 3]}]
jorgeluisaliaga	Thu May 13 03:17:05 +0000 2021	3	0	@threadreaderapp unroll	https://twitter.com/jorgeluisaliaga/status/1392680268750749696	[]
jorgeluisaliaga	Thu May 13 03:16:56 +0000 2021	4	0	"Todos los informes e información en mi sitio

https://t.co/OOPfZIjwmV

La Tabla de datos informados por @msalnacion los puse en:

https://t.co/A6X5GTltVQ"	https://twitter.com/jorgeluisaliaga/status/1392680231778066432	[]
jorgeluisaliaga	Thu May 13 03:16:56 +0000 2021	3	0	Casos confirmados por rango etario en CABA y AMBA sin CABA con detalle de edades escolares. https://t.co/BY3v2jH52q	https://twitter.com/jorgeluisaliaga/status/1392680229190123527	[]
jorgeluisaliaga	Thu May 13 03:16:54 +0000 2021	2	0	"Edad promedio de confirmados y de mayores de 70 años por semana de inicio de síntoma.
Cantidad de fallecidos y su edad media, y fallecidos mayores de 70 años por semana de inicio de síntoma. https://t.co/gxEFMK1yxW"	https://twitter.com/jorgeluisaliaga/status/1392680223079079936	[]
jorgeluisaliaga	Thu May 13 03:16:53 +0000 2021	3	1	"De los 496 informados como fallecidos, 179 fallecieron hace más de 11 días.
1 de NOVIEMBRE Neuquén
1 de ENERO Santa Fe
6 de MARZO (5 Tucumán, Salta)
Se muestra días entre inicio de síntoma y fallecimiento, largas internaciones. https://t.co/XsP9lEfhqz"	https://twitter.com/jorgeluisaliaga/status/1392680217957777411	[]
jorgeluisaliaga	Thu May 13 03:16:52 +0000 2021	2	0	"Confirmados y sospechosos por fecha de apertura en TOTAL, CABA y PBA.
Testeo y positividad por semana de apertura. https://t.co/5WbrfmAHyM"	https://twitter.com/jorgeluisaliaga/status/1392680213469876226	[]
jorgeluisaliaga	Thu May 13 03:16:51 +0000 2021	2	0	Detalles de Tests Confirmados, Descartados y Sospechosos según residencia en PBA y CABA por semana, con detalles según lugar de carga y sector público o privado. Amarillo es lo pendiente. https://t.co/qVLv0ovtyL	https://twitter.com/jorgeluisaliaga/status/1392680208747180034	[]
jorgeluisaliaga	Thu May 13 03:16:50 +0000 2021	1	0	"Ya se hicieron 9.379.122 Tests de diagnóstico (error +/- 10 tests), 31,1% de positividad.
Hoy 55.492, 40,0% la positividad. 
Cuando teníamos 10% de positividad (10/5) había 250-300 casos por día. https://t.co/CFCh1dfWYa"	https://twitter.com/jorgeluisaliaga/status/1392680204120821769	[]
jorgeluisaliaga	Thu May 13 03:16:48 +0000 2021	1	0	"Los casos ordenados por fecha de síntoma, promediada cada día los últimos 7 en lineal y semi-log (ver inf 24/7). Y Por millón de habitantes.
Hasta ahora las amarillas ""predicen"" lo que van a hacer las curvas x síntoma cuando entren casos de esas fechas, atención la suba. https://t.co/mv88DIX7f5"	https://twitter.com/jorgeluisaliaga/status/1392680199209299972	[]
jorgeluisaliaga	Thu May 13 03:16:47 +0000 2021	1	0	"Sitios con datos / figuras

Gran info regional: Soledad Retamar @sole_reta 

https://t.co/LLv9J5EA7o

Rodrigo Castro @RodrigoD_Castro

https://t.co/9etT4FOHyf"	https://twitter.com/jorgeluisaliaga/status/1392680195002413057	[]
jorgeluisaliaga	Thu May 13 03:16:47 +0000 2021	3	1	"Hilos recomendados:

Semáforo: Martin Barrionuevo @mmbarrionuevo

https://t.co/7eNWOWLClK

Rio Negro+Neuquen: Clari Cardozo Castro @ClariCardozoCas

Diseño @TotinFraire Elaboración @Fedwr"	https://twitter.com/jorgeluisaliaga/status/1392680193261703170	[]
jorgeluisaliaga	Wed May 12 22:06:01 +0000 2021	69	14	"La movilidad aumenta sostenidamente durante marzo 2021, hasta el 26/3, una semana antes de Semana Santa (empieza teletrabajo APN 29/3). Luego de Semana Santa baja durante 3 semanas, y se estabiliza (cierres). 
Digo, porque algún médico culpa a ""Semana Santa"". https://t.co/CkBC3bLAaG"	https://twitter.com/jorgeluisaliaga/status/1392601985002713095	[]
jorgeluisaliaga	Wed May 12 20:43:15 +0000 2021	5	1	"A partir del 5/2/21 saco el informe en dos partes, la primera cuando sale el parte diario y el complemento cuando se actualiza la base de datos, después de las 21:30.

FIN PRIMERA PARTE."	https://twitter.com/jorgeluisaliaga/status/1392581157724860422	[]
jorgeluisaliaga	Wed May 12 20:43:15 +0000 2021	7	1	"Hoy se llegó a 68.807 (+496) personas fallecidas. 
Se reportaron 2.869.341 (+14.977) personas recuperadas (89,2%). 
5394(+19) en Terapia. 
Distintos estados de casos en escala semi-logaritmica. 
Lineal muertos y UTI para ver fácil subas. https://t.co/ysJvSgF6rU"	https://twitter.com/jorgeluisaliaga/status/1392581155510276101	[]
jorgeluisaliaga	Wed May 12 20:43:13 +0000 2021	3	1	Avance de la Vacunación por sector, por edad y marca de vacuna, por provincia y grupo etario y por provincia y sector. https://t.co/A99XMWm50u	https://twitter.com/jorgeluisaliaga/status/1392581149776613376	[]
jorgeluisaliaga	Wed May 12 20:43:12 +0000 2021	1	0	Evolución de la vacunación en todo el país, CABA y PBA. Porcentaje de vacunas aplicadas en relación con las distribuidas. https://t.co/m6DM4i02fb	https://twitter.com/jorgeluisaliaga/status/1392581142822408201	[]
jorgeluisaliaga	Wed May 12 20:43:10 +0000 2021	1	0	Avance de la Vacunación por provincia según datos cargado hasta hoy a las 6 AM de &gt;&gt; https://t.co/bBb2CUzoT6 y https://t.co/TNJm7ZPDNK https://t.co/QrmxCKPKLC	https://twitter.com/jorgeluisaliaga/status/1392581137315270657	[]
jorgeluisaliaga	Wed May 12 20:43:09 +0000 2021	1	0	"Muestro ajuste.  Uso el crecimiento exponencial con que se ajustaban los datos al 25/3 para una logística, más adecuado en esta etapa de la epidemia, que explico en detalle en este documento (estimo infectados asumiendo un 70% de asintomáticos): 

https://t.co/xDGEjpspvW https://t.co/PRefGCv95W"	https://twitter.com/jorgeluisaliaga/status/1392581131820834824	[]
jorgeluisaliaga	Wed May 12 20:43:08 +0000 2021	1	0	"Fallecidos por millón de habitantes por provincia.
Detalle de fecha del último caso de cada provincia. Todas las provincias activas. 
También muestro cantidad de días sin casos por provincia y provincias con casos y casos durante la epidemia. https://t.co/b74j4N2ZPE"	https://twitter.com/jorgeluisaliaga/status/1392581126095577094	[]
jorgeluisaliaga	Wed May 12 20:43:06 +0000 2021	1	0	"Para los que les sirva, muestro datos más simples de leer de distribución de casos confirmados y muertos, y casos confirmados y muertos por millón de habitantes, por provincia.
También una página interactiva.

https://t.co/UoryUFDQ2D
-------------------------- https://t.co/vbDlHC4mDm"	https://twitter.com/jorgeluisaliaga/status/1392581120068358145	[]
jorgeluisaliaga	Wed May 12 20:43:05 +0000 2021	1	0	"Neuquén, Rio Negro, Chubut, Santa Cruz
Casos Diarios, Prom últimos 7 días, SUMA de últimos 14 días / 100.000 habitantes. Días de Duplicación, Log-Log Nuevos vs Total de Casos. 
INCIDENCIA y Factor de Crecimiento. Promedio de confirmados diarios últimas 15 semanas. https://t.co/jOe2DP6OVv"	https://twitter.com/jorgeluisaliaga/status/1392581114049568772	[]
jorgeluisaliaga	Wed May 12 20:43:03 +0000 2021	1	0	"La Rioja, San Juan, San Luis, Mendoza
Casos Diarios, Prom últimos 7 días, SUMA de últimos 14 días / 100.000 habitantes. Días de Duplicación, Log-Log Nuevos vs Total de Casos. 
INCIDENCIA y Factor de Crecimiento. Promedio de confirmados diarios últimas 15 semanas. https://t.co/5TRHg8dweK"	https://twitter.com/jorgeluisaliaga/status/1392581107762216975	[]
jorgeluisaliaga	Wed May 12 20:43:01 +0000 2021	1	0	"Jujuy, Salta, Tucumán, Catamarca 
Casos Diarios, Prom últimos 7 días, SUMA de últimos 14 días / 100.000 habitantes. Días de Duplicación, Log-Log Nuevos vs Total de Casos. 
INCIDENCIA y Factor de Crecimiento. Promedio de confirmados diarios últimas 15 semanas. https://t.co/RrS0wxnBH3"	https://twitter.com/jorgeluisaliaga/status/1392581100820746241	[]
jorgeluisaliaga	Wed May 12 20:43:00 +0000 2021	1	0	"Entre Ríos, Corrientes, Misiones, Formosa
Casos Diarios, Prom últimos 7 días, SUMA de últimos 14 días / 100.000 habitantes. Días de Duplicación, Log-Log Nuevos vs Total de Casos. 
INCIDENCIA y Factor de Crecimiento. Promedio de confirmados diarios últimas 15 semanas. https://t.co/dAcfA1horz"	https://twitter.com/jorgeluisaliaga/status/1392581094806016006	[]
jorgeluisaliaga	Wed May 12 20:42:59 +0000 2021	1	0	"Santa Fé, Córdoba, Chaco, Santiago del Estero
Casos Diarios, Prom últimos 7 días, SUMA de últimos 14 días / 100.000 habitantes. Días de Duplicación, Log-Log Nuevos vs Total de Casos. 
INCIDENCIA y Factor de Crecimiento. Promedio de confirmados diarios últimas 15 semanas. https://t.co/Jwvrm6Yr7B"	https://twitter.com/jorgeluisaliaga/status/1392581088850202627	[]
jorgeluisaliaga	Wed May 12 20:42:57 +0000 2021	1	0	"CABA, PBA, La Pampa, Tierra del Fuego 
Casos Diarios, Prom últimos 7 días, SUMA de últimos 14 días / 100.000 habitantes. Días de Duplicación, Log-Log Nuevos vs Total de Casos. 
INCIDENCIA y Factor de Crecimiento. Promedio de confirmados diarios últimas 15 semanas. https://t.co/m0KzlmkWiY"	https://twitter.com/jorgeluisaliaga/status/1392581082726510600	[]
jorgeluisaliaga	Wed May 12 20:42:56 +0000 2021	1	0	"Muestro la evolución de la cantidad de días necesarios para duplicar (x2) y para decuplicar (x10) (Total y Activos).
La cantidad de días para duplicación aumento de entre 3 y 4 a 26 y ahora está en 115. Por 10 en 380 días. https://t.co/F7RdimujF9"	https://twitter.com/jorgeluisaliaga/status/1392581076967624707	[]
jorgeluisaliaga	Wed May 12 20:42:55 +0000 2021	1	0	"Evolución de la INCIDENCIA y del Factor de Crecimiento (ver Inf del 16/4). 
Muestro también la evolución de la tasa de variación de la cantidad de casos cada 2, 4, y 10 días (ver inf 4/4 y 5/4). También detalle desde el 20/04/21. https://t.co/S3fRagVXeI"	https://twitter.com/jorgeluisaliaga/status/1392581072010072075	[]
jorgeluisaliaga	Wed May 12 20:42:53 +0000 2021	1	0	Muestro en Log-Log Casos Nuevos vs Totales (promedio para cada día con los valores de los siete últimos) (si hay duda, ver inf 3/4). https://t.co/XwD0KgbYl3	https://twitter.com/jorgeluisaliaga/status/1392581067190804493	[]
jorgeluisaliaga	Wed May 12 20:42:52 +0000 2021	1	0	"9/1 rearmé el informe.
Total de casos según fecha de carga en escala semilogarítmica, para ver comportamiento exponencial y su velocidad.
Promedio de casos confirmados, UTI y fallecidos por fecha de carga por semana en las últimas 30 semanas. https://t.co/ThdJV9iBoW"	https://twitter.com/jorgeluisaliaga/status/1392581062501572611	[]
jorgeluisaliaga	Wed May 12 20:42:51 +0000 2021	1	0	"24 provincias con INCIDENCIA mayor a 150 casos / 100.000 en los últimos 14 días.
15 provincias con Razón de Casos mayor a 1 (creciendo). 
Incidencia Nacional = 632 casos
Razón de Casos Nacional = 0,88 https://t.co/IRr7q8Imzt"	https://twitter.com/jorgeluisaliaga/status/1392581056075902979	[]
jorgeluisaliaga	Wed May 12 20:42:50 +0000 2021	36	13	"Situación COVID-19 al 12/5

Hoy 24.475 nuevos casos confirmados.
21 provincias con ""riesgo sanitario ALTO"".
3 provincias con "" riesgo sanitario MEDIO"".
Se estabilizan los confirmados y el uso del UTI.
La cantidad total de casos es 3.215.572. https://t.co/84HVJblBxZ"	https://twitter.com/jorgeluisaliaga/status/1392581050908520458	[]
jorgeluisaliaga	Wed May 12 12:29:33 +0000 2021	1	1	"#BO
Disponer la apertura del llamado al Concurso Nacional de Escultura “Día del futbolista”

https://t.co/82uU1hMWax"	https://twitter.com/jorgeluisaliaga/status/1392456913682636801	[{'text': 'BO', 'indices': [0, 3]}]
jorgeluisaliaga	Wed May 12 12:29:33 +0000 2021	1	1	"#BO
Créase el “PROGRAMA DE INFRAESTRUCTURA SANITARIA” en la órbita del MINISTERIO DE OBRAS PÚBLICAS

https://t.co/rKwLXXL5fc"	https://twitter.com/jorgeluisaliaga/status/1392456912436973573	[{'text': 'BO', 'indices': [0, 3]}]
jorgeluisaliaga	Wed May 12 03:10:21 +0000 2021	0	0	@threadreaderapp unroll	https://twitter.com/jorgeluisaliaga/status/1392316186986225665	[]
jorgeluisaliaga	Wed May 12 03:10:08 +0000 2021	1	1	"Todos los informes e información en mi sitio

https://t.co/OOPfZIjwmV

La Tabla de datos informados por @msalnacion los puse en:

https://t.co/A6X5GTltVQ"	https://twitter.com/jorgeluisaliaga/status/1392316133735378946	[]
jorgeluisaliaga	Wed May 12 03:10:08 +0000 2021	1	0	Casos confirmados por rango etario en CABA y AMBA sin CABA con detalle de edades escolares. https://t.co/oNSL4FyWWb	https://twitter.com/jorgeluisaliaga/status/1392316130954551298	[]
jorgeluisaliaga	Wed May 12 03:10:06 +0000 2021	0	0	"Edad promedio de confirmados y de mayores de 70 años por semana de inicio de síntoma.
Cantidad de fallecidos y su edad media, y fallecidos mayores de 70 años por semana de inicio de síntoma. https://t.co/EQozPxOM7M"	https://twitter.com/jorgeluisaliaga/status/1392316124784644097	[]
jorgeluisaliaga	Wed May 12 03:10:05 +0000 2021	1	1	"De los 490 informados como fallecidos, 205 fallecieron hace más de 10 días.

1 de NOVIEMBRE PBA
1 de ENERO Neuquén
1 de FEBRERO Neuquén
Se muestra días entre inicio de síntoma y fallecimiento, largas internaciones. https://t.co/CxwTZh1YZF"	https://twitter.com/jorgeluisaliaga/status/1392316119319449608	[]
jorgeluisaliaga	Wed May 12 03:10:04 +0000 2021	0	0	"Desde ayer a la mañana hasta la noche De los 411 informados como fallecidos, 143 fallecieron hace más de 9 días.

6 de NOVIEMBE (5 San Juan, PBA)
7 de DICIEMBRE y 8 de ENERO San Juan
8 de FEBRERO (4 San Juan y Neuquén)
3 de MARZO (2 San Juan, PBA) https://t.co/czexd4z6Mu"	https://twitter.com/jorgeluisaliaga/status/1392316114928033795	[]
jorgeluisaliaga	Wed May 12 03:10:03 +0000 2021	0	0	"Confirmados y sospechosos por fecha de apertura en TOTAL, CABA y PBA.
Testeo y positividad por semana de apertura. https://t.co/yQ7Cm4iqwD"	https://twitter.com/jorgeluisaliaga/status/1392316110750486531	[]
jorgeluisaliaga	Wed May 12 03:10:02 +0000 2021	0	0	Detalles de Tests Confirmados, Descartados y Sospechosos según residencia en PBA y CABA por semana, con detalles según lugar de carga y sector público o privado. Amarillo es lo pendiente. https://t.co/aZ1YP1j2KL	https://twitter.com/jorgeluisaliaga/status/1392316105402814466	[]
jorgeluisaliaga	Wed May 12 03:10:00 +0000 2021	0	0	"Ya se hicieron 9.323.630 Tests de diagnóstico (error +/- 10 tests), 31,1% de positividad.
Hoy 61.626, 37,7% la positividad. 
Cuando teníamos 10% de positividad (10/5) había 250-300 casos por día. https://t.co/Utw3k4WNVT"	https://twitter.com/jorgeluisaliaga/status/1392316100197691392	[]
jorgeluisaliaga	Wed May 12 03:09:59 +0000 2021	0	0	"Los casos ordenados por fecha de síntoma, promediada cada día los últimos 7 en lineal y semi-log (ver inf 24/7). Y Por millón de habitantes.
Hasta ahora las amarillas ""predicen"" lo que van a hacer las curvas x síntoma cuando entren casos de esas fechas, atención la suba. https://t.co/A5Dlgiff6V"	https://twitter.com/jorgeluisaliaga/status/1392316095839748100	[]
jorgeluisaliaga	Wed May 12 03:09:58 +0000 2021	0	0	"Sitios con datos / figuras

Gran info regional: Soledad Retamar @sole_reta 

https://t.co/LLv9J5EA7o

Rodrigo Castro @RodrigoD_Castro

https://t.co/9etT4FOHyf"	https://twitter.com/jorgeluisaliaga/status/1392316091570049035	[]
jorgeluisaliaga	Wed May 12 03:09:58 +0000 2021	1	0	"Hilos recomendados:

Semáforo: Martin Barrionuevo @mmbarrionuevo

https://t.co/PnA83bWCaI

Rio Negro+Neuquen: Clari Cardozo Castro @ClariCardozoCas

Diseño @TotinFraire Elaboración @Fedwr

https://t.co/OqEvV7uKMr"	https://twitter.com/jorgeluisaliaga/status/1392316089795756033	[]
jorgeluisaliaga	Wed May 12 02:09:50 +0000 2021	2	0	@haydeecinha que producción! 👏👏👏	https://twitter.com/jorgeluisaliaga/status/1392300954905628687	[]
jorgeluisaliaga	Tue May 11 20:34:59 +0000 2021	6	3	"A partir del 5/2/21 saco el informe en dos partes, la primera cuando sale el parte diario y el complemento cuando se actualiza la base de datos, después de las 21:30.

FIN PRIMERA PARTE."	https://twitter.com/jorgeluisaliaga/status/1392216690281299971	[]
jorgeluisaliaga	Tue May 11 20:34:59 +0000 2021	7	4	La diferencia entre confirmados y recuperados indica bien la dinámica, si baja los casos bajan, si suben los casos suben. Hace unos días dejó de bajar y está cerca de cero, es decir estable con tendencia a crecer. Compatible con la movilidad en el AMBA. https://t.co/AkBPu8lqRR	https://twitter.com/jorgeluisaliaga/status/1392216688259747847	[]
jorgeluisaliaga	Tue May 11 20:34:58 +0000 2021	2	4	"Hoy se llegó a 68.311 (+490) personas fallecidas. 
Se reportaron 2.854.364 (+17.306) personas recuperadas (89,4%). 
5375(+18) en Terapia. 
Distintos estados de casos en escala semi-logaritmica. 
Lineal muertos y UTI para ver fácil subas. https://t.co/iQHvFpAFaO"	https://twitter.com/jorgeluisaliaga/status/1392216683113328641	[]
jorgeluisaliaga	Tue May 11 20:34:56 +0000 2021	1	3	Avance de la Vacunación por sector, por edad y marca de vacuna, por provincia y grupo etario y por provincia y sector. https://t.co/8JaP0kYXoY	https://twitter.com/jorgeluisaliaga/status/1392216677153222658	[]
jorgeluisaliaga	Tue May 11 20:34:55 +0000 2021	0	2	Evolución de la vacunación en todo el país, CABA y PBA. Porcentaje de vacunas aplicadas en relación con las distribuidas. https://t.co/Gnf6XvWvgV	https://twitter.com/jorgeluisaliaga/status/1392216670782042114	[]
jorgeluisaliaga	Tue May 11 20:34:53 +0000 2021	3	4	Avance de la Vacunación por provincia según datos cargado hasta hoy a las 6 AM de &gt;&gt; https://t.co/bBb2CUzoT6 y https://t.co/TNJm7ZPDNK https://t.co/6uXNR3emJS	https://twitter.com/jorgeluisaliaga/status/1392216664410820609	[]
jorgeluisaliaga	Tue May 11 20:34:51 +0000 2021	0	2	"Muestro ajuste.  Uso el crecimiento exponencial con que se ajustaban los datos al 25/3 para una logística, más adecuado en esta etapa de la epidemia, que explico en detalle en este documento (estimo infectados asumiendo un 70% de asintomáticos): 

https://t.co/xDGEjpspvW https://t.co/zCcqAcKzc6"	https://twitter.com/jorgeluisaliaga/status/1392216657561636864	[]
jorgeluisaliaga	Tue May 11 20:34:50 +0000 2021	0	2	"Fallecidos por millón de habitantes por provincia.
Detalle de fecha del último caso de cada provincia. Todas las provincias activas. 
También muestro cantidad de días sin casos por provincia y provincias con casos y casos durante la epidemia. https://t.co/78vEcJgW9G"	https://twitter.com/jorgeluisaliaga/status/1392216651618193410	[]
jorgeluisaliaga	Tue May 11 20:34:49 +0000 2021	2	3	"Para los que les sirva, muestro datos más simples de leer de distribución de casos confirmados y muertos, y casos confirmados y muertos por millón de habitantes, por provincia.
También una página interactiva.

https://t.co/UoryUFDQ2D
-------------------------- https://t.co/B9Llx3vIFM"	https://twitter.com/jorgeluisaliaga/status/1392216646534696961	[]
jorgeluisaliaga	Tue May 11 20:34:47 +0000 2021	2	2	"Neuquén, Rio Negro, Chubut, Santa Cruz
Casos Diarios, Prom últimos 7 días, SUMA de últimos 14 días / 100.000 habitantes. Días de Duplicación, Log-Log Nuevos vs Total de Casos. 
INCIDENCIA y Factor de Crecimiento. Promedio de confirmados diarios últimas 15 semanas. https://t.co/7bSzDyGOS9"	https://twitter.com/jorgeluisaliaga/status/1392216640595578883	[]
jorgeluisaliaga	Tue May 11 20:34:46 +0000 2021	1	2	"La Rioja, San Juan, San Luis, Mendoza
Casos Diarios, Prom últimos 7 días, SUMA de últimos 14 días / 100.000 habitantes. Días de Duplicación, Log-Log Nuevos vs Total de Casos. 
INCIDENCIA y Factor de Crecimiento. Promedio de confirmados diarios últimas 15 semanas. https://t.co/B1XYo1RFLL"	https://twitter.com/jorgeluisaliaga/status/1392216634736193536	[]
jorgeluisaliaga	Tue May 11 20:34:45 +0000 2021	0	2	"Jujuy, Salta, Tucumán, Catamarca 
Casos Diarios, Prom últimos 7 días, SUMA de últimos 14 días / 100.000 habitantes. Días de Duplicación, Log-Log Nuevos vs Total de Casos. 
INCIDENCIA y Factor de Crecimiento. Promedio de confirmados diarios últimas 15 semanas. https://t.co/J7rEqD8Ej6"	https://twitter.com/jorgeluisaliaga/status/1392216628578955264	[]
jorgeluisaliaga	Tue May 11 20:34:43 +0000 2021	0	2	"Entre Ríos, Corrientes, Misiones, Formosa
Casos Diarios, Prom últimos 7 días, SUMA de últimos 14 días / 100.000 habitantes. Días de Duplicación, Log-Log Nuevos vs Total de Casos. 
INCIDENCIA y Factor de Crecimiento. Promedio de confirmados diarios últimas 15 semanas. https://t.co/oQJ7FCTWMI"	https://twitter.com/jorgeluisaliaga/status/1392216621624832002	[]
jorgeluisaliaga	Tue May 11 20:34:41 +0000 2021	0	4	"Santa Fé, Córdoba, Chaco, Santiago del Estero
Casos Diarios, Prom últimos 7 días, SUMA de últimos 14 días / 100.000 habitantes. Días de Duplicación, Log-Log Nuevos vs Total de Casos. 
INCIDENCIA y Factor de Crecimiento. Promedio de confirmados diarios últimas 15 semanas. https://t.co/kQ7fEzqMlz"	https://twitter.com/jorgeluisaliaga/status/1392216615215841280	[]
jorgeluisaliaga	Tue May 11 20:34:40 +0000 2021	1	4	"CABA, PBA, La Pampa, Tierra del Fuego 
Casos Diarios, Prom últimos 7 días, SUMA de últimos 14 días / 100.000 habitantes. Días de Duplicación, Log-Log Nuevos vs Total de Casos. 
INCIDENCIA y Factor de Crecimiento. Promedio de confirmados diarios últimas 15 semanas. https://t.co/uAmk152xzk"	https://twitter.com/jorgeluisaliaga/status/1392216608974716932	[]
jorgeluisaliaga	Tue May 11 20:34:38 +0000 2021	0	2	"Muestro la evolución de la cantidad de días necesarios para duplicar (x2) y para decuplicar (x10) (Total y Activos).
La cantidad de días para duplicación aumento de entre 3 y 4 a 26 y ahora está en 115. Por 10 en 382 días. https://t.co/PP55bYXDKD"	https://twitter.com/jorgeluisaliaga/status/1392216602708488192	[]
jorgeluisaliaga	Tue May 11 20:34:37 +0000 2021	0	2	"Evolución de la INCIDENCIA y del Factor de Crecimiento (ver Inf del 16/4). 
Muestro también la evolución de la tasa de variación de la cantidad de casos cada 2, 4, y 10 días (ver inf 4/4 y 5/4). También detalle desde el 20/04/21. https://t.co/LBzFV1VPI3"	https://twitter.com/jorgeluisaliaga/status/1392216598220529668	[]
jorgeluisaliaga	Tue May 11 20:34:36 +0000 2021	0	2	Muestro en Log-Log Casos Nuevos vs Totales (promedio para cada día con los valores de los siete últimos) (si hay duda, ver inf 3/4). https://t.co/VOX1e9QNEE	https://twitter.com/jorgeluisaliaga/status/1392216593300590596	[]
jorgeluisaliaga	Tue May 11 20:34:35 +0000 2021	0	3	"9/1 rearmé el informe.
Total de casos según fecha de carga en escala semilogarítmica, para ver comportamiento exponencial y su velocidad.
Promedio de casos confirmados, UTI y fallecidos por fecha de carga por semana en las últimas 30 semanas. https://t.co/y380O5JL2I"	https://twitter.com/jorgeluisaliaga/status/1392216588913418250	[]
jorgeluisaliaga	Tue May 11 20:34:34 +0000 2021	0	4	"24 provincias con INCIDENCIA mayor a 150 casos / 100.000 en los últimos 14 días.
15 provincias con Razón de Casos mayor a 1 (creciendo). 
Incidencia Nacional = 630 casos
Razón de Casos Nacional = 0,88 https://t.co/OYpbej1yVf"	https://twitter.com/jorgeluisaliaga/status/1392216582462529545	[]
jorgeluisaliaga	Tue May 11 20:34:32 +0000 2021	39	19	"Situación COVID-19 al 11/5

Hoy 25.976 nuevos casos confirmados.
20 provincias con ""riesgo sanitario ALTO"".
4 provincias con "" riesgo sanitario MEDIO"".
Se confirma que no están bajando los confirmados y se estabiliza UTI.
La cantidad total de casos es 3.191.097. https://t.co/syR399mjPV"	https://twitter.com/jorgeluisaliaga/status/1392216576955387906	[]
jorgeluisaliaga	Tue May 11 18:57:59 +0000 2021	0	0	"@hernansoltz Me parece lo mismo

https://t.co/P1aFuC7u2f"	https://twitter.com/jorgeluisaliaga/status/1392192276361842699	[]
jorgeluisaliaga	Tue May 11 18:54:43 +0000 2021	73	28	"Aseguran que se puede prender la estufa si se mantiene la ventilación
Por Natalia Concina @nconcina11 

https://t.co/7GOdmew0aY"	https://twitter.com/jorgeluisaliaga/status/1392191456912216067	[]
jorgeluisaliaga	Tue May 11 17:07:55 +0000 2021	17	5	"Era por el aire
Entrevista a José Luís Jiménez @jljcolorado de Gabriel Rocca para @nex_ciencia 

https://t.co/UxLtL95Yju"	https://twitter.com/jorgeluisaliaga/status/1392164579438907393	[]
jorgeluisaliaga	Tue May 11 12:38:14 +0000 2021	18	7	"Confirmados x FIS en CABA, AMBA sin CABA y el interior de PBA por grupo etarios.
La semana 17 terminó el 1/5. Desde esa fecha la movilidad ya no baja en el AMBA. https://t.co/toE0zf7Led"	https://twitter.com/jorgeluisaliaga/status/1392096711410077701	[]
jorgeluisaliaga	Tue May 11 11:32:25 +0000 2021	1	0	"#BO
Otórgase pemios en el marco del concurso https://t.co/wTLYqYDLd8 “Videojuegos de Argentina” en perspectiva de género, diversidad e inclusión a los proyectos seleccionados por el jurado

https://t.co/OXBXqMMqiw"	https://twitter.com/jorgeluisaliaga/status/1392080148392988674	[{'text': 'BO', 'indices': [0, 3]}]
jorgeluisaliaga	Tue May 11 11:32:25 +0000 2021	1	1	"#BO
Arbítrase en la fijación del precio de la materia prima de yerba mate

https://t.co/f9K0AdEcCP"	https://twitter.com/jorgeluisaliaga/status/1392080147113779200	[{'text': 'BO', 'indices': [0, 3]}]
jorgeluisaliaga	Tue May 11 11:32:25 +0000 2021	0	1	"#BO
Adóptanse las recomendaciones formuladas por el Comité de Evaluación y Monitoreo del “Programa REPRO II”

https://t.co/OY5Ys36GNp"	https://twitter.com/jorgeluisaliaga/status/1392080145805086720	[{'text': 'BO', 'indices': [0, 3]}]
jorgeluisaliaga	Tue May 11 11:32:24 +0000 2021	1	1	"#BO
SECTOR PÚBLICO NACIONAL - Licencias con menores con escolaridad virtual

https://t.co/miFYM9d8Lx"	https://twitter.com/jorgeluisaliaga/status/1392080144517435396	[{'text': 'BO', 'indices': [0, 3]}]
jorgeluisaliaga	Tue May 11 03:20:38 +0000 2021	5	1	@threadreaderapp unroll	https://twitter.com/jorgeluisaliaga/status/1391956384590278660	[]
jorgeluisaliaga	Tue May 11 03:19:57 +0000 2021	5	1	"Todos los informes e información en mi sitio

https://t.co/OOPfZIjwmV

La Tabla de datos informados por @msalnacion los puse en:

https://t.co/A6X5GTltVQ"	https://twitter.com/jorgeluisaliaga/status/1391956214767046660	[]
jorgeluisaliaga	Tue May 11 03:19:56 +0000 2021	4	1	Casos confirmados por rango etario en CABA y AMBA sin CABA con detalle de edades escolares. https://t.co/ksDanCLSEh	https://twitter.com/jorgeluisaliaga/status/1391956212133027844	[]
jorgeluisaliaga	Tue May 11 03:19:55 +0000 2021	3	1	"Edad promedio de confirmados y de mayores de 70 años por semana de inicio de síntoma.
Cantidad de fallecidos y su edad media, y fallecidos mayores de 70 años por semana de inicio de síntoma. https://t.co/nwKK4j9DLJ"	https://twitter.com/jorgeluisaliaga/status/1391956205665464325	[]
jorgeluisaliaga	Tue May 11 03:19:54 +0000 2021	0	1	"De los 368 informados como fallecidos ayer y hoy a la mañana, 236 fallecieron hace más de 9 días.
1 de OCTUBRE PBA
1 de DICIEMBRE y ENERO Neuquén
4 de FEBRERO (3 Neuquén, Mendoza)
6 de MARZO (3 Neuquén, 2 Mendoza, Salta) https://t.co/KyY0CmejM7"	https://twitter.com/jorgeluisaliaga/status/1391956200556748805	[]
jorgeluisaliaga	Tue May 11 03:19:53 +0000 2021	0	0	"Confirmados y sospechosos por fecha de apertura en TOTAL, CABA y PBA.
Testeo y positividad por semana de apertura. https://t.co/AMPvYq4E0K"	https://twitter.com/jorgeluisaliaga/status/1391956196077326342	[]
jorgeluisaliaga	Tue May 11 03:19:51 +0000 2021	0	0	Detalles de Tests Confirmados, Descartados y Sospechosos según residencia en PBA y CABA por semana, con detalles según lugar de carga y sector público o privado. Amarillo es lo pendiente. https://t.co/WbhpiPFyF6	https://twitter.com/jorgeluisaliaga/status/1391956191048355843	[]
jorgeluisaliaga	Tue May 11 03:19:50 +0000 2021	1	0	"Hasta hoy a la mañana se hicieron 9.240.613 Tests de diagnóstico (error +/- 10 tests), 31,0% de positividad.
Ayer y esta mañana 50.538, 30,7% la positividad.
Cuando teníamos 10% de positividad (10/5) había 250-300 casos por día. https://t.co/5MncPR8UkC"	https://twitter.com/jorgeluisaliaga/status/1391956185687937031	[]
jorgeluisaliaga	Tue May 11 03:19:49 +0000 2021	2	0	"Los casos ordenados por fecha de síntoma, promediada cada día los últimos 7 en lineal y semi-log (ver inf 24/7). Y Por millón de habitantes.
Hasta ahora las amarillas ""predicen"" lo que van a hacer las curvas x síntoma cuando entren casos de esas fechas, atención la suba. https://t.co/aJwgS0KKS8"	https://twitter.com/jorgeluisaliaga/status/1391956180893851650	[]
jorgeluisaliaga	Tue May 11 03:19:48 +0000 2021	1	0	"Ayer la base no se actualizó correctamente.
Hoy a la tarde se actualizó una base con corte de esta mañana. 
Recién se volvió a actualizar mal la de la noche.
Saco los reportes con la base de la mañana, es lo mejor que hay. No va a concordar con la carga de anoche ni la de hoy."	https://twitter.com/jorgeluisaliaga/status/1391956176691245056	[]
jorgeluisaliaga	Tue May 11 03:19:48 +0000 2021	1	0	"Sitios con datos / figuras

Gran info regional: Soledad Retamar @sole_reta 

https://t.co/LLv9J5EA7o

Rodrigo Castro @RodrigoD_Castro

https://t.co/9etT4FOHyf"	https://twitter.com/jorgeluisaliaga/status/1391956175198040064	[]
jorgeluisaliaga	Tue May 11 03:19:47 +0000 2021	3	0	"Hilos recomendados:

Semáforo: Martin Barrionuevo @mmbarrionuevo

https://t.co/z7YUYZPpev

Rio Negro+Neuquen: Clari Cardozo Castro @ClariCardozoCas

Diseño @TotinFraire Elaboración @Fedwr

https://t.co/rCtYaT1SsS"	https://twitter.com/jorgeluisaliaga/status/1391956173369270273	[]
jorgeluisaliaga	Mon May 10 21:26:57 +0000 2021	4	1	"A partir del 5/2/21 saco el informe en dos partes, la primera cuando sale el parte diario y el complemento cuando se actualiza la base de datos, después de las 21:30.

FIN PRIMERA PARTE."	https://twitter.com/jorgeluisaliaga/status/1391867377348907013	[]
jorgeluisaliaga	Mon May 10 21:26:56 +0000 2021	9	0	"Hoy se llegó a 67.821 (+496) personas fallecidas. 
Se reportaron 2.837.058 (+19.893) personas recuperadas (89,6%). 
5357(+63) en Terapia. 
Distintos estados de casos en escala semi-logaritmica. 
Lineal muertos y UTI para ver fácil subas. https://t.co/iGuYkO0pye"	https://twitter.com/jorgeluisaliaga/status/1391867375251775494	[]
jorgeluisaliaga	Mon May 10 21:26:55 +0000 2021	2	0	Avance de la Vacunación por sector, por edad y marca de vacuna, por provincia y grupo etario y por provincia y sector. https://t.co/pkkiiNADhM	https://twitter.com/jorgeluisaliaga/status/1391867370134777860	[]
jorgeluisaliaga	Mon May 10 21:26:53 +0000 2021	1	0	Evolución de la vacunación en todo el país, CABA y PBA. Porcentaje de vacunas aplicadas en relación con las distribuidas. https://t.co/8tectJtHiP	https://twitter.com/jorgeluisaliaga/status/1391867363495120903	[]
jorgeluisaliaga	Mon May 10 21:26:52 +0000 2021	1	0	Avance de la Vacunación por provincia según datos cargado hasta hoy a las 6 AM de &gt;&gt; https://t.co/bBb2CUzoT6 y https://t.co/TNJm7ZPDNK https://t.co/yUy5ANdmCu	https://twitter.com/jorgeluisaliaga/status/1391867357547704323	[]
jorgeluisaliaga	Mon May 10 21:26:50 +0000 2021	1	0	"Muestro ajuste.  Uso el crecimiento exponencial con que se ajustaban los datos al 25/3 para una logística, más adecuado en esta etapa de la epidemia, que explico en detalle en este documento (estimo infectados asumiendo un 70% de asintomáticos): 

https://t.co/xDGEjpspvW https://t.co/aOOaVEej2A"	https://twitter.com/jorgeluisaliaga/status/1391867351654703107	[]
jorgeluisaliaga	Mon May 10 21:26:49 +0000 2021	2	0	"Fallecidos por millón de habitantes por provincia.
Detalle de fecha del último caso de cada provincia. Todas las provincias activas. 
También muestro cantidad de días sin casos por provincia y provincias con casos y casos durante la epidemia. https://t.co/TKIL7bRkKy"	https://twitter.com/jorgeluisaliaga/status/1391867346848030727	[]
jorgeluisaliaga	Mon May 10 21:26:48 +0000 2021	2	0	"Para los que les sirva, muestro datos más simples de leer de distribución de casos confirmados y muertos, y casos confirmados y muertos por millón de habitantes, por provincia.
También una página interactiva.

https://t.co/UoryUFDQ2D https://t.co/wkbp1iIAZW"	https://twitter.com/jorgeluisaliaga/status/1391867341957472261	[]
jorgeluisaliaga	Mon May 10 21:26:47 +0000 2021	3	0	"Neuquén, Rio Negro, Chubut, Santa Cruz
Casos Diarios, Prom últimos 7 días, SUMA de últimos 14 días / 100.000 habitantes. Días de Duplicación, Log-Log Nuevos vs Total de Casos. 
INCIDENCIA y Factor de Crecimiento. Promedio de confirmados diarios últimas 15 semanas. https://t.co/G0f96wC5CJ"	https://twitter.com/jorgeluisaliaga/status/1391867336798392327	[]
jorgeluisaliaga	Mon May 10 21:26:46 +0000 2021	2	0	"La Rioja, San Juan, San Luis, Mendoza
Casos Diarios, Prom últimos 7 días, SUMA de últimos 14 días / 100.000 habitantes. Días de Duplicación, Log-Log Nuevos vs Total de Casos. 
INCIDENCIA y Factor de Crecimiento. Promedio de confirmados diarios últimas 15 semanas. https://t.co/q64mnircJW"	https://twitter.com/jorgeluisaliaga/status/1391867331320635399	[]
jorgeluisaliaga	Mon May 10 21:26:44 +0000 2021	2	0	"Jujuy, Salta, Tucumán, Catamarca 
Casos Diarios, Prom últimos 7 días, SUMA de últimos 14 días / 100.000 habitantes. Días de Duplicación, Log-Log Nuevos vs Total de Casos. 
INCIDENCIA y Factor de Crecimiento. Promedio de confirmados diarios últimas 15 semanas. https://t.co/mQ30wGhlLp"	https://twitter.com/jorgeluisaliaga/status/1391867325415034881	[]
jorgeluisaliaga	Mon May 10 21:26:43 +0000 2021	2	0	"Entre Ríos, Corrientes, Misiones, Formosa
Casos Diarios, Prom últimos 7 días, SUMA de últimos 14 días / 100.000 habitantes. Días de Duplicación, Log-Log Nuevos vs Total de Casos. 
INCIDENCIA y Factor de Crecimiento. Promedio de confirmados diarios últimas 15 semanas. https://t.co/cYGR2ykkwq"	https://twitter.com/jorgeluisaliaga/status/1391867319597637645	[]
jorgeluisaliaga	Mon May 10 21:26:41 +0000 2021	2	0	"Santa Fé, Córdoba, Chaco, Santiago del Estero
Casos Diarios, Prom últimos 7 días, SUMA de últimos 14 días / 100.000 habitantes. Días de Duplicación, Log-Log Nuevos vs Total de Casos. 
INCIDENCIA y Factor de Crecimiento. Promedio de confirmados diarios últimas 15 semanas. https://t.co/OEcrtuVz8O"	https://twitter.com/jorgeluisaliaga/status/1391867314103066627	[]
jorgeluisaliaga	Mon May 10 21:26:40 +0000 2021	4	0	"CABA, PBA, La Pampa, Tierra del Fuego 
Casos Diarios, Prom últimos 7 días, SUMA de últimos 14 días / 100.000 habitantes. Días de Duplicación, Log-Log Nuevos vs Total de Casos. 
INCIDENCIA y Factor de Crecimiento. Promedio de confirmados diarios últimas 15 semanas. https://t.co/yBbUDUmCQL"	https://twitter.com/jorgeluisaliaga/status/1391867308302389248	[]
jorgeluisaliaga	Mon May 10 21:26:39 +0000 2021	4	0	"Muestro la evolución de la cantidad de días necesarios para duplicar (x2) y para decuplicar (x10) (Total y Activos).
La cantidad de días para duplicación aumento de entre 3 y 4 a 26 y ahora está en 110. Por 10 en 367 días. https://t.co/GCYZRx5fbA"	https://twitter.com/jorgeluisaliaga/status/1391867302820392962	[]
jorgeluisaliaga	Mon May 10 21:26:38 +0000 2021	2	0	"Evolución de la INCIDENCIA y del Factor de Crecimiento (ver Inf del 16/4). 
Muestro también la evolución de la tasa de variación de la cantidad de casos cada 2, 4, y 10 días (ver inf 4/4 y 5/4). También detalle desde el 20/04/21. https://t.co/DbXuioR5u9"	https://twitter.com/jorgeluisaliaga/status/1391867298756050948	[]
jorgeluisaliaga	Mon May 10 21:26:37 +0000 2021	2	0	Muestro en Log-Log Casos Nuevos vs Totales (promedio para cada día con los valores de los siete últimos) (si hay duda, ver inf 3/4). https://t.co/U7TaVgeDqa	https://twitter.com/jorgeluisaliaga/status/1391867294188511238	[]
jorgeluisaliaga	Mon May 10 21:26:36 +0000 2021	3	0	"9/1 rearmé el informe.
Total de casos según fecha de carga en escala semilogarítmica, para ver comportamiento exponencial y su velocidad.
Promedio de casos confirmados, UTI y fallecidos por fecha de carga por semana en las últimas 30 semanas. https://t.co/HB2RBnLeIB"	https://twitter.com/jorgeluisaliaga/status/1391867290031951874	[]
jorgeluisaliaga	Mon May 10 21:26:35 +0000 2021	3	0	"23 provincias con INCIDENCIA mayor a 150 casos / 100.000 en los últimos 14 días.
13 provincias con Razón de Casos mayor a 1 (creciendo). 
Incidencia Nacional = 629 casos
Razón de Casos Nacional = 0,87 https://t.co/9y2LFhoFQa"	https://twitter.com/jorgeluisaliaga/status/1391867284923240450	[]
jorgeluisaliaga	Mon May 10 21:26:33 +0000 2021	4	1	La movilidad en el AMBA dejó de bajar hace 10 días, veremos como impacta eso en la curva de confirmados. https://t.co/9F52jCIfI0	https://twitter.com/jorgeluisaliaga/status/1391867280242397190	[]
jorgeluisaliaga	Mon May 10 21:26:32 +0000 2021	49	14	"Situación COVID-19 al 10/5

Hoy 17.381 nuevos casos confirmados.
17 provincias con ""riesgo sanitario ALTO"".
3 provincias con "" riesgo sanitario MEDIO"".
Estable en confirmados y en UTI, veremos como sigue.
La cantidad total de casos es 3.165.121. https://t.co/XYRD2ShoeO"	https://twitter.com/jorgeluisaliaga/status/1391867275242872833	[]
jorgeluisaliaga	Mon May 10 17:20:51 +0000 2021	12	2	"@JuanPabloCarbo1 @fkrakowiak @horaciorlarreta @Soledad_Acunia @unahurlingham Son en base al diseño que puse público y libre a fines de diciembre

https://t.co/rSVjw8K2a7"	https://twitter.com/jorgeluisaliaga/status/1391805445770186755	[]
jorgeluisaliaga	Mon May 10 17:20:20 +0000 2021	16	2	"@JuanPabloCarbo1 @fkrakowiak @horaciorlarreta @Soledad_Acunia La @unahurlingham firmó convenio con los municipios de Hurlingham y Morón y ya entregó 500 para las escuelas

https://t.co/WYbF8VpcAZ"	https://twitter.com/jorgeluisaliaga/status/1391805314274676740	[]
jorgeluisaliaga	Mon May 10 17:19:37 +0000 2021	16	4	"@JuanPabloCarbo1 @fkrakowiak @horaciorlarreta @Soledad_Acunia El gobierno de CABA destinó 83 millones a comprar 400 filtros HEPA. 
Los medidores andan entre U$S50 y 200 dependiendo de las prestaciones.
Si compras las partes y lo hacen las escuelas técnicas como proyecto, muchísimo menos. Pero no hay negocio.

https://t.co/CfSK5RZDnQ"	https://twitter.com/jorgeluisaliaga/status/1391805136696221709	[]
jorgeluisaliaga	Mon May 10 15:56:15 +0000 2021	32	2	@fkrakowiak @horaciorlarreta @Soledad_Acunia Está mal. No tiene sentido. El problema es que han decidido NO medir CO2. Entonces están a ciegas.	https://twitter.com/jorgeluisaliaga/status/1391784153922822146	[]
jorgeluisaliaga	Mon May 10 15:46:55 +0000 2021	10	4	"Cinco ejes para entender cómo sigue el avance de la pandemia en la Argentina
@ValeriaRoman 

https://t.co/Qdj27pietX"	https://twitter.com/jorgeluisaliaga/status/1391781808145113091	[]
jorgeluisaliaga	Mon May 10 15:46:32 +0000 2021	118	20	@fkrakowiak @horaciorlarreta @Soledad_Acunia La recomendación no se sostiene en ningún conocimiento que haya hoy. Esa recomendación atrasa 8 meses, de cuando NO se decía que había que ventilar. Si se ventila, se puede mover el aire. Y se puede calentar el aire para no pasar frío. Pero ventilando.	https://twitter.com/jorgeluisaliaga/status/1391781712502349835	[]
jorgeluisaliaga	Mon May 10 11:43:09 +0000 2021	0	0	"#BO
Créase el “Banco de Propuestas de la Ciudadanía” en el ámbito de la SECRETARÍA DE PLANIFICACIÓN DE TRANSPORTE del MINISTERIO DE TRANSPORTE DE LA NACIÓN.

https://t.co/yyaQEN4BAd"	https://twitter.com/jorgeluisaliaga/status/1391720460514205697	[{'text': 'BO', 'indices': [0, 3]}]
jorgeluisaliaga	Mon May 10 11:43:09 +0000 2021	0	0	"#BO
Créase el “Programa de Regularización Dominial”, el que será implementado conjuntamente a través de la SECRETARÍA DE DESARROLLO TERRITORIAL y la SECRETARÍA DE HÁBITAT,

https://t.co/kncv2LB201"	https://twitter.com/jorgeluisaliaga/status/1391720459117400065	[{'text': 'BO', 'indices': [0, 3]}]
jorgeluisaliaga	Mon May 10 11:43:08 +0000 2021	0	0	"#BO
Establécese el valor de la unidad retributiva de servicios (URS), aplicable a los contratos regidos por el Decreto N° 1109/17, a partir del 1° de mayo de 2021 en la suma de $55,08.

https://t.co/UvG4ESuk2v"	https://twitter.com/jorgeluisaliaga/status/1391720457724903432	[{'text': 'BO', 'indices': [0, 3]}]
jorgeluisaliaga	Mon May 10 11:43:08 +0000 2021	0	0	"#BO
ADMINISTRACIÓN PÚBLICA NACIONAL - Incorporación y asignación de cargos vacantes.

https://t.co/nRJ3PLP9tr"	https://twitter.com/jorgeluisaliaga/status/1391720456428965891	[{'text': 'BO', 'indices': [0, 3]}]
jorgeluisaliaga	Mon May 10 11:43:08 +0000 2021	0	0	"#BO
Modifícase el Presupuesto General de la Administración Nacional para el Ejercicio 2021.

https://t.co/cK1scRLb1s"	https://twitter.com/jorgeluisaliaga/status/1391720455116107785	[{'text': 'BO', 'indices': [0, 3]}]
jorgeluisaliaga	Mon May 10 11:43:07 +0000 2021	0	0	"#BO
Dase por designado, a partir del 17 de marzo de 2021 y por un período de ley de 4 años, al contador Roberto Mario TASSARA miembro integrante de la CONEAU

https://t.co/sw8Ntr9HGF"	https://twitter.com/jorgeluisaliaga/status/1391720453706813448	[{'text': 'BO', 'indices': [0, 3]}]
jorgeluisaliaga	Mon May 10 11:43:07 +0000 2021	0	0	"#BO
Homológase el Acta Acuerdo del 28/12/ 2020 de la Comisión Negociadora del Convenio Colectivo de Trabajo Sectorial para el Personal de los Establecimientos Hospitalarios y Asistenciales e Inst de Inv y Producción dependientes del MINISTERIO DE SALUD

https://t.co/z5hwi2Kv0J"	https://twitter.com/jorgeluisaliaga/status/1391720452255621123	[{'text': 'BO', 'indices': [0, 3]}]
jorgeluisaliaga	Mon May 10 11:43:07 +0000 2021	0	0	"#BO
Extiéndese la vigencia del Régimen de Promoción para la Producción y Uso Sustentables de Biocombustibles.

https://t.co/mdDe7plOHu"	https://twitter.com/jorgeluisaliaga/status/1391720450879807491	[{'text': 'BO', 'indices': [0, 3]}]
jorgeluisaliaga	Mon May 10 11:43:06 +0000 2021	2	1	"#BO
Programa REPRO II. Reducción de las contribuciones patronales.

https://t.co/qX3F6pChkP"	https://twitter.com/jorgeluisaliaga/status/1391720449554399232	[{'text': 'BO', 'indices': [0, 3]}]
jorgeluisaliaga	Mon May 10 02:26:43 +0000 2021	3	0	@threadreaderapp unroll	https://twitter.com/jorgeluisaliaga/status/1391580431473156096	[]
jorgeluisaliaga	Mon May 10 02:26:21 +0000 2021	9	0	"Todos los informes e información en mi sitio

https://t.co/OOPfZIjwmV

La Tabla de datos informados por @msalnacion los puse en:

https://t.co/A6X5GTltVQ"	https://twitter.com/jorgeluisaliaga/status/1391580338346991616	[]
jorgeluisaliaga	Mon May 10 02:26:21 +0000 2021	3	0	"Hoy, nuevamente, la base está incompleta.
No se pueden sacar los gráficos por FIS, fecha de muerte y edades."	https://twitter.com/jorgeluisaliaga/status/1391580336811872266	[]
jorgeluisaliaga	Mon May 10 02:26:20 +0000 2021	0	0	"Sitios con datos / figuras

Gran info regional: Soledad Retamar @sole_reta 

https://t.co/LLv9J5EA7o

Rodrigo Castro @RodrigoD_Castro

https://t.co/9etT4FOHyf"	https://twitter.com/jorgeluisaliaga/status/1391580335218077698	[]
jorgeluisaliaga	Mon May 10 02:26:20 +0000 2021	3	1	"Hilos recomendados:

Semáforo: Martin Barrionuevo @mmbarrionuevo

https://t.co/MaU47hnosc

Rio Negro+Neuquen: Clari Cardozo Castro @ClariCardozoCas

Diseño @TotinFraire Elaboración @Fedwr

https://t.co/5qkSX7PdCh"	https://twitter.com/jorgeluisaliaga/status/1391580333221552131	[]
jorgeluisaliaga	Sun May 09 23:42:49 +0000 2021	12	1	@Andrea_Gentil qué pena Andrea. Fuerza. Un abrazo.	https://twitter.com/jorgeluisaliaga/status/1391539183764844544	[]
jorgeluisaliaga	Sun May 09 23:41:37 +0000 2021	5	1	@mhlopez @AjuntamentVLC @felisi2punto0 @webmesura Si, avisé a @EducacionAR en marzo que lo que repartía el INFOD atrasaba al menos 6 meses.	https://twitter.com/jorgeluisaliaga/status/1391538881212915716	[]
jorgeluisaliaga	Sun May 09 20:36:47 +0000 2021	9	4	"A partir del 5/2/21 saco el informe en dos partes, la primera cuando sale el parte diario y el complemento cuando se actualiza la base de datos, después de las 21:30.

FIN PRIMERA PARTE."	https://twitter.com/jorgeluisaliaga/status/1391492364502454272	[]
jorgeluisaliaga	Sun May 09 20:36:46 +0000 2021	9	4	"Hoy se llegó a 67.325 (+283) personas fallecidas. 
Se reportaron 2.817.165 (+18.837) personas recuperadas (89,5%). 
5294(+9) en Terapia. 
Distintos estados de casos en escala semi-logaritmica. 
Lineal muertos y UTI para ver fácil subas. https://t.co/n5khAPZBZa"	https://twitter.com/jorgeluisaliaga/status/1391492362455687168	[]
jorgeluisaliaga	Sun May 09 20:36:45 +0000 2021	3	1	Avance de la Vacunación por sector, por edad y marca de vacuna, por provincia y grupo etario y por provincia y sector. https://t.co/bVbF6yJCMa	https://twitter.com/jorgeluisaliaga/status/1391492357087014916	[]
jorgeluisaliaga	Sun May 09 20:36:43 +0000 2021	3	0	Evolución de la vacunación en todo el país, CABA y PBA. Porcentaje de vacunas aplicadas en relación con las distribuidas. https://t.co/jGL0IxYZwC	https://twitter.com/jorgeluisaliaga/status/1391492350531325962	[]
jorgeluisaliaga	Sun May 09 20:36:42 +0000 2021	2	0	Avance de la Vacunación por provincia según datos cargado hasta hoy a las 6 AM de &gt;&gt; https://t.co/bBb2CUzoT6 y https://t.co/TNJm7ZPDNK https://t.co/D0Aegqtk44	https://twitter.com/jorgeluisaliaga/status/1391492344592146436	[]
jorgeluisaliaga	Sun May 09 20:36:40 +0000 2021	3	1	"Muestro ajuste.  Uso el crecimiento exponencial con que se ajustaban los datos al 25/3 para una logística, más adecuado en esta etapa de la epidemia, que explico en detalle en este documento (estimo infectados asumiendo un 70% de asintomáticos): 

https://t.co/xDGEjpspvW https://t.co/aVawVL8LNB"	https://twitter.com/jorgeluisaliaga/status/1391492339164712969	[]
jorgeluisaliaga	Sun May 09 20:36:39 +0000 2021	4	1	"Fallecidos por millón de habitantes por provincia.
Detalle de fecha del último caso de cada provincia. Todas las provincias activas. 
También muestro cantidad de días sin casos por provincia y provincias con casos y casos durante la epidemia. https://t.co/RZcF2q7YHS"	https://twitter.com/jorgeluisaliaga/status/1391492334181826563	[]
jorgeluisaliaga	Sun May 09 20:36:38 +0000 2021	3	0	"Para los que les sirva, muestro datos más simples de leer de distribución de casos confirmados y muertos, y casos confirmados y muertos por millón de habitantes, por provincia.
También una página interactiva.

https://t.co/UoryUFDQ2D
-------------------------- https://t.co/pvBYZj1nfX"	https://twitter.com/jorgeluisaliaga/status/1391492329186398211	[]
jorgeluisaliaga	Sun May 09 20:36:37 +0000 2021	3	0	"Neuquén, Rio Negro, Chubut, Santa Cruz
Casos Diarios, Prom últimos 7 días, SUMA de últimos 14 días / 100.000 habitantes. Días de Duplicación, Log-Log Nuevos vs Total de Casos. 
INCIDENCIA y Factor de Crecimiento. Promedio de confirmados diarios últimas 15 semanas. https://t.co/wMiq0JDVej"	https://twitter.com/jorgeluisaliaga/status/1391492324073648134	[]
jorgeluisaliaga	Sun May 09 20:36:36 +0000 2021	3	0	"La Rioja, San Juan, San Luis, Mendoza
Casos Diarios, Prom últimos 7 días, SUMA de últimos 14 días / 100.000 habitantes. Días de Duplicación, Log-Log Nuevos vs Total de Casos. 
INCIDENCIA y Factor de Crecimiento. Promedio de confirmados diarios últimas 15 semanas. https://t.co/85XJPlTjf0"	https://twitter.com/jorgeluisaliaga/status/1391492318327357454	[]
jorgeluisaliaga	Sun May 09 20:36:34 +0000 2021	4	1	"Jujuy, Salta, Tucumán, Catamarca 
Casos Diarios, Prom últimos 7 días, SUMA de últimos 14 días / 100.000 habitantes. Días de Duplicación, Log-Log Nuevos vs Total de Casos. 
INCIDENCIA y Factor de Crecimiento. Promedio de confirmados diarios últimas 15 semanas. https://t.co/8GVCs1ixtD"	https://twitter.com/jorgeluisaliaga/status/1391492311897497603	[]
jorgeluisaliaga	Sun May 09 20:36:33 +0000 2021	4	1	"Entre Ríos, Corrientes, Misiones, Formosa
Casos Diarios, Prom últimos 7 días, SUMA de últimos 14 días / 100.000 habitantes. Días de Duplicación, Log-Log Nuevos vs Total de Casos. 
INCIDENCIA y Factor de Crecimiento. Promedio de confirmados diarios últimas 15 semanas. https://t.co/MKbFpiPW95"	https://twitter.com/jorgeluisaliaga/status/1391492306419728387	[]
jorgeluisaliaga	Sun May 09 20:36:31 +0000 2021	3	0	"Santa Fé, Córdoba, Chaco, Santiago del Estero
Casos Diarios, Prom últimos 7 días, SUMA de últimos 14 días / 100.000 habitantes. Días de Duplicación, Log-Log Nuevos vs Total de Casos. 
INCIDENCIA y Factor de Crecimiento. Promedio de confirmados diarios últimas 15 semanas. https://t.co/yYDOZC5NBX"	https://twitter.com/jorgeluisaliaga/status/1391492300979703808	[]
jorgeluisaliaga	Sun May 09 20:36:30 +0000 2021	3	0	"CABA, PBA, La Pampa, Tierra del Fuego 
Casos Diarios, Prom últimos 7 días, SUMA de últimos 14 días / 100.000 habitantes. Días de Duplicación, Log-Log Nuevos vs Total de Casos. 
INCIDENCIA y Factor de Crecimiento. Promedio de confirmados diarios últimas 15 semanas. https://t.co/8x4JMh8tsG"	https://twitter.com/jorgeluisaliaga/status/1391492295128719361	[]
jorgeluisaliaga	Sun May 09 20:36:29 +0000 2021	3	0	"Muestro la evolución de la cantidad de días necesarios para duplicar (x2) y para decuplicar (x10) (Total y Activos).
La cantidad de días para duplicación aumento de entre 3 y 4 a 26 y ahora está en 99. Por 10 en 330 días. https://t.co/yNPCwneGeN"	https://twitter.com/jorgeluisaliaga/status/1391492289495715843	[]
jorgeluisaliaga	Sun May 09 20:36:28 +0000 2021	2	0	"Evolución de la INCIDENCIA y del Factor de Crecimiento (ver Inf del 16/4). 
Muestro también la evolución de la tasa de variación de la cantidad de casos cada 2, 4, y 10 días (ver inf 4/4 y 5/4). También detalle desde el 20/04/21. https://t.co/ucvB4d0D58"	https://twitter.com/jorgeluisaliaga/status/1391492285339213826	[]
jorgeluisaliaga	Sun May 09 20:36:27 +0000 2021	2	0	Muestro en Log-Log Casos Nuevos vs Totales (promedio para cada día con los valores de los siete últimos) (si hay duda, ver inf 3/4). https://t.co/qTkutHA3Ol	https://twitter.com/jorgeluisaliaga/status/1391492280914255881	[]
jorgeluisaliaga	Sun May 09 20:36:26 +0000 2021	3	0	"9/1 rearmé el informe.
Total de casos según fecha de carga en escala semilogarítmica, para ver comportamiento exponencial y su velocidad.
Promedio de casos confirmados, UTI y fallecidos por fecha de carga por semana en las últimas 30 semanas. https://t.co/pf5IOKvmVV"	https://twitter.com/jorgeluisaliaga/status/1391492276933828611	[]
jorgeluisaliaga	Sun May 09 20:36:24 +0000 2021	2	0	"23 provincias con INCIDENCIA mayor a 150 casos / 100.000 en los últimos 14 días.
14 provincias con Razón de Casos mayor a 1 (creciendo). 
Incidencia Nacional = 632 casos
Razón de Casos Nacional = 0,87 https://t.co/jZJrqvFGqG"	https://twitter.com/jorgeluisaliaga/status/1391492271862960137	[]
jorgeluisaliaga	Sun May 09 20:36:23 +0000 2021	45	18	"Situación COVID-19 al 9/5

Hoy 11.582 nuevos casos confirmados.
18 provincias con ""riesgo sanitario ALTO"".
3 provincias con "" riesgo sanitario MEDIO"".
Estabilidad en los últimos días de conf y UTI.
Prom Conf 20.354, UTI 5.329, Muertos 439
La cantidad total de casos es 3.147.740. https://t.co/KF1TscbdAE"	https://twitter.com/jorgeluisaliaga/status/1391492266628427777	[]
jorgeluisaliaga	Sun May 09 14:50:39 +0000 2021	5	2	"La revolución de la computación móvil, desaprovechada
Por Diego Garbervetsky @diegogUBA , Fernando Schapachnik @FSchapachnik y Sebastián Uchitel @seba_uchitel

https://t.co/VrmIRdaUzj"	https://twitter.com/jorgeluisaliaga/status/1391405259671670790	[]
jorgeluisaliaga	Sun May 09 13:37:02 +0000 2021	86	22	"Muchos gobiernos, organismos, empresas y particulares ya se sumaron a la Campaña Ventilar, y día a día hay más oferta de medidores nacionales.

https://t.co/0pVpWmoC1O"	https://twitter.com/jorgeluisaliaga/status/1391386732013174786	[]
jorgeluisaliaga	Sun May 09 13:37:01 +0000 2021	104	23	"Desde fines de diciembre no paro de dar entrevistas explicando sobre la importancia de la Ventilación Continua, Cruzada, Distribuida y Medida, siguiendo las iniciativas de @aireamos 

https://t.co/rSVjw8K2a7"	https://twitter.com/jorgeluisaliaga/status/1391386730645831684	[]
jorgeluisaliaga	Sun May 09 13:37:01 +0000 2021	101	27	"Y la @unahurlingham tomó mi prototipo de medidores de CO2 de bajo costo y ya entregó 500 a las escuelas de Hurlingham y Morón, por convenio con los municipios.

https://t.co/kN30yHbglz"	https://twitter.com/jorgeluisaliaga/status/1391386729018531860	[]
jorgeluisaliaga	Sun May 09 13:37:01 +0000 2021	84	23	"La @unahurlingham fue la primera institución educativa (no se si alguna en otro sector) que estableció en su protocolo de noviembre 2020 un requerimiento de ventilación mínima en espacios cerrados. 

https://t.co/dCWkvaJwiM https://t.co/FuH9dJ6eNQ"	https://twitter.com/jorgeluisaliaga/status/1391386727273611266	[]
jorgeluisaliaga	Sun May 09 13:37:00 +0000 2021	85	25	"Hace pocos días @WHO le dio la razón a @jljcolorado y los expertos en aerosoles: COVID se transmite por aire

https://t.co/JmlqtaOTU5"	https://twitter.com/jorgeluisaliaga/status/1391386723507220483	[]
jorgeluisaliaga	Sun May 09 13:36:59 +0000 2021	85	26	"José Luis Jiménez @jljcolorado dio uno de los seminarios del @icc_uba_conicet @InstitCalculo en octubre de 2020

https://t.co/K7rTiHqKh4"	https://twitter.com/jorgeluisaliaga/status/1391386722152419330	[]
jorgeluisaliaga	Sun May 09 13:36:59 +0000 2021	936	262	"Para los que salen a decir ""ahora hablan de ventilación"" o ""nosotros lo dijimos hace un año"" recuerdo que hace un año la @WHO dijo que COVID NO se transmitía por aerosoles. 
Fue gracias al trabajo de científicos como @jljcolorado que esa posición se revirtió."	https://twitter.com/jorgeluisaliaga/status/1391386720873193472	[]
jorgeluisaliaga	Sun May 09 12:20:54 +0000 2021	6	1	"@marceloruiz @SergioFelperin @AjuntamentVLC @felisi2punto0 @webmesura Y seguramente también se perdieron que CABA en lugar de ventilar y medir CO2 compró 400 filtros HEPA por 83 millones de pesos. 

https://t.co/CfSK5RZDnQ"	https://twitter.com/jorgeluisaliaga/status/1391367573577605120	[]
jorgeluisaliaga	Sun May 09 12:19:48 +0000 2021	2	0	"@marceloruiz @SergioFelperin @AjuntamentVLC @felisi2punto0 @webmesura Acá el webinar

https://t.co/6DQ57YL6vp"	https://twitter.com/jorgeluisaliaga/status/1391367298225688576	[]
jorgeluisaliaga	Sun May 09 12:19:31 +0000 2021	6	1	"@marceloruiz @SergioFelperin @AjuntamentVLC @felisi2punto0 @webmesura Se perdieron el lanzamiento de la Campaña Ventilar

https://t.co/1TOEJOwF0y"	https://twitter.com/jorgeluisaliaga/status/1391367225383297026	[]
jorgeluisaliaga	Sun May 09 12:17:48 +0000 2021	2	1	"@riverapomar @FundacionAlem Mientras tanto CABA en lugar de ventilar y medir CO2 compró 400 filtros HEPA por 83 millones de pesos. 
Parece que allí que son gobierno tampoco los escuchan, A lo mejor es porque no son tan relevantes como creen. 

https://t.co/CfSK5RZDnQ"	https://twitter.com/jorgeluisaliaga/status/1391366792887549953	[]
jorgeluisaliaga	Sun May 09 12:15:03 +0000 2021	10	1	"@riverapomar @FundacionAlem La verdad, no se que lograron Ustedes con su ONG partidaria.
Yo logré que el tema se instale en el país, ya hay una docena de fabricantes locales de medidores de CO2. 

https://t.co/0pVpWmoC1O"	https://twitter.com/jorgeluisaliaga/status/1391366101854998531	[]
jorgeluisaliaga	Sun May 09 11:39:47 +0000 2021	344	175	"Ventilación Continua, Cruzada, Distribuida y Medida en @AjuntamentVLC
Gran trabajo de @felisi2punto0 @webmesura https://t.co/LNwR6qzmC2"	https://twitter.com/jorgeluisaliaga/status/1391357227915747328	[]
jorgeluisaliaga	Sun May 09 03:30:54 +0000 2021	3	0	@threadreaderapp unroll	https://twitter.com/jorgeluisaliaga/status/1391234195603738630	[]
jorgeluisaliaga	Sun May 09 03:30:44 +0000 2021	4	2	"Todos los informes e información en mi sitio

https://t.co/OOPfZIjwmV

La Tabla de datos informados por @msalnacion los puse en:

https://t.co/A6X5GTltVQ"	https://twitter.com/jorgeluisaliaga/status/1391234153979518978	[]
jorgeluisaliaga	Sun May 09 03:30:44 +0000 2021	2	1	Casos confirmados por rango etario en CABA y AMBA sin CABA con detalle de edades escolares. https://t.co/0NMfSNJ9xk	https://twitter.com/jorgeluisaliaga/status/1391234151471325187	[]
jorgeluisaliaga	Sun May 09 03:30:42 +0000 2021	1	1	"Edad promedio de confirmados y de mayores de 70 años por semana de inicio de síntoma.
Cantidad de fallecidos y su edad media, y fallecidos mayores de 70 años por semana de inicio de síntoma. https://t.co/GEtnm9xpDM"	https://twitter.com/jorgeluisaliaga/status/1391234145548963841	[]
jorgeluisaliaga	Sun May 09 03:30:41 +0000 2021	0	1	"Cargados demorados:
23 de NOVIEMBRE San Juan
9 de DICIEMBRE (7 San Juan, 2 La Pampa)
11 de ENERO (10 San Juan, PBA)
3 de FEBRERO (2 San Juan, Neuquén)
4 de MARZO (2 San Juan, Salta, TdF)"	https://twitter.com/jorgeluisaliaga/status/1391234140700385288	[]
jorgeluisaliaga	Sun May 09 03:30:41 +0000 2021	0	1	"De los 611+170 informados como fallecidos entre ayer y hoy, 120 fallecieron hace más de 14 días.
Reclasificados:
11195245 de Río Negro del 4/5/2021
10621474 de Santa Fe del 5/5/2021
Se muestra días entre inicio de síntoma y fallecimiento, largas internaciones. https://t.co/r2b0WSzGkk"	https://twitter.com/jorgeluisaliaga/status/1391234138829639686	[]
jorgeluisaliaga	Sun May 09 03:30:40 +0000 2021	0	1	"Confirmados y sospechosos por fecha de apertura en TOTAL, CABA y PBA.
Testeo y positividad por semana de apertura. https://t.co/87sVIh1cHr"	https://twitter.com/jorgeluisaliaga/status/1391234134299848706	[]
jorgeluisaliaga	Sun May 09 03:30:39 +0000 2021	0	1	Detalles de Tests Confirmados, Descartados y Sospechosos según residencia en PBA y CABA por semana, con detalles según lugar de carga y sector público o privado. Amarillo es lo pendiente. https://t.co/qJlSk1v613	https://twitter.com/jorgeluisaliaga/status/1391234129509900288	[]
jorgeluisaliaga	Sun May 09 03:30:37 +0000 2021	2	1	"Ya se hicieron 9.190.075 Tests de diagnóstico (error +/- 10 tests), 31,0% de positividad.
Ayer y Hoy 113.919, 32,4% la positividad. 
Cuando teníamos 10% de positividad (10/5) había 250-300 casos por día. https://t.co/fau6sFCI8u"	https://twitter.com/jorgeluisaliaga/status/1391234124250324993	[]
jorgeluisaliaga	Sun May 09 03:30:36 +0000 2021	1	1	"Los casos ordenados por fecha de síntoma, promediada cada día los últimos 7 en lineal y semi-log (ver inf 24/7). Y Por millón de habitantes.
Hasta ahora las amarillas ""predicen"" lo que van a hacer las curvas x síntoma cuando entren casos de esas fechas, atención la suba. https://t.co/CdyET3BaID"	https://twitter.com/jorgeluisaliaga/status/1391234119590457351	[]
jorgeluisaliaga	Sun May 09 03:30:35 +0000 2021	0	1	"Sitios con datos / figuras

Gran info regional: Soledad Retamar @sole_reta 

https://t.co/LLv9J5EA7o

Rodrigo Castro @RodrigoD_Castro

https://t.co/9etT4FOHyf"	https://twitter.com/jorgeluisaliaga/status/1391234114938937344	[]
jorgeluisaliaga	Sun May 09 03:30:35 +0000 2021	1	1	"Hilos recomendados:

Semáforo: Martin Barrionuevo @mmbarrionuevo

https://t.co/uLqIGhZigD

Rio Negro+Neuquen: Clari Cardozo Castro @ClariCardozoCas

Diseño @TotinFraire Elaboración @Fedwr

https://t.co/DYLGfIVs8I"	https://twitter.com/jorgeluisaliaga/status/1391234113135329284	[]
jorgeluisaliaga	Sun May 09 02:05:12 +0000 2021	10	3	"Hace un mes María José Ralli @TurcaRalli me hizo esta entrevista para Acción.

https://t.co/0KK8UpRzx4"	https://twitter.com/jorgeluisaliaga/status/1391212626399612929	[]
jorgeluisaliaga	Sun May 09 01:18:52 +0000 2021	40	0	@baronchojr Lo absurdo es que decía que la gente no va a cambiar las costumbres y no va a abrir las ventanillas, como si todos hubiéramos usado barbijo antes de marzo de 2020. 🤷‍♂️	https://twitter.com/jorgeluisaliaga/status/1391200966582603778	[]
jorgeluisaliaga	Sun May 09 01:17:27 +0000 2021	2	0	"@Maurici24529701 @mmbarrionuevo @rquiroga777 @oscaratienza Entiendo que ambos están en Alto riesgo epidemiológico sanitario.

https://t.co/pG9U11LRu7 https://t.co/k28Fbzt2WI"	https://twitter.com/jorgeluisaliaga/status/1391200611488653314	[]
jorgeluisaliaga	Sat May 08 20:56:47 +0000 2021	7	1	"A partir del 5/2/21 saco el informe en dos partes, la primera cuando sale el parte diario y el complemento cuando se actualiza la base de datos, después de las 21:30.

FIN PRIMERA PARTE."	https://twitter.com/jorgeluisaliaga/status/1391135012855160832	[]
jorgeluisaliaga	Sat May 08 20:56:47 +0000 2021	8	5	"Hoy se llegó a 67.042 (+170) personas fallecidas. 
Se reportaron 2.798.328 (+20.426) personas recuperadas (89,2%). 
5285(+17) en Terapia. 
Distintos estados de casos en escala semi-logaritmica. 
Lineal muertos y UTI para ver fácil subas. https://t.co/knUciOW8OJ"	https://twitter.com/jorgeluisaliaga/status/1391135010447572996	[]
jorgeluisaliaga	Sat May 08 20:56:46 +0000 2021	0	1	Avance de la Vacunación por sector, por edad y marca de vacuna, por provincia y grupo etario y por provincia y sector. https://t.co/Ueca74kNiK	https://twitter.com/jorgeluisaliaga/status/1391135005880066054	[]
jorgeluisaliaga	Sat May 08 20:56:44 +0000 2021	0	1	Evolución de la vacunación en todo el país, CABA y PBA. Porcentaje de vacunas aplicadas en relación con las distribuidas. https://t.co/HPcnxxjxYK	https://twitter.com/jorgeluisaliaga/status/1391134999202734083	[]
jorgeluisaliaga	Sat May 08 20:56:43 +0000 2021	0	1	Avance de la Vacunación por provincia según datos cargado hasta hoy a las 6 AM de &gt;&gt; https://t.co/bBb2CUzoT6 y https://t.co/TNJm7ZPDNK https://t.co/OmaxC2sRVI	https://twitter.com/jorgeluisaliaga/status/1391134993376817169	[]
jorgeluisaliaga	Sat May 08 20:56:41 +0000 2021	0	1	"Muestro ajuste.  Uso el crecimiento exponencial con que se ajustaban los datos al 25/3 para una logística, más adecuado en esta etapa de la epidemia, que explico en detalle en este documento (estimo infectados asumiendo un 70% de asintomáticos): 

https://t.co/xDGEjpspvW https://t.co/v1sIulWyrV"	https://twitter.com/jorgeluisaliaga/status/1391134988092022785	[]
jorgeluisaliaga	Sat May 08 20:56:40 +0000 2021	0	1	"Fallecidos por millón de habitantes por provincia.
Detalle de fecha del último caso de cada provincia. Todas las provincias activas. 
También muestro cantidad de días sin casos por provincia y provincias con casos y casos durante la epidemia. https://t.co/hM5tSgr5m3"	https://twitter.com/jorgeluisaliaga/status/1391134982664564741	[]
jorgeluisaliaga	Sat May 08 20:56:39 +0000 2021	2	1	"Para los que les sirva, muestro datos más simples de leer de distribución de casos confirmados y muertos, y casos confirmados y muertos por millón de habitantes, por provincia.
También una página interactiva.

https://t.co/UoryUFDQ2D
-------------------------- https://t.co/nj9WehnXLT"	https://twitter.com/jorgeluisaliaga/status/1391134977643978754	[]
jorgeluisaliaga	Sat May 08 20:56:38 +0000 2021	0	1	"Neuquén, Rio Negro, Chubut, Santa Cruz
Casos Diarios, Prom últimos 7 días, SUMA de últimos 14 días / 100.000 habitantes. Días de Duplicación, Log-Log Nuevos vs Total de Casos. 
INCIDENCIA y Factor de Crecimiento. Promedio de confirmados diarios últimas 15 semanas. https://t.co/6pb8ZdSOAT"	https://twitter.com/jorgeluisaliaga/status/1391134972099153924	[]
jorgeluisaliaga	Sat May 08 20:56:36 +0000 2021	0	1	"La Rioja, San Juan, San Luis, Mendoza
Casos Diarios, Prom últimos 7 días, SUMA de últimos 14 días / 100.000 habitantes. Días de Duplicación, Log-Log Nuevos vs Total de Casos. 
INCIDENCIA y Factor de Crecimiento. Promedio de confirmados diarios últimas 15 semanas. https://t.co/cOhGEjBG0U"	https://twitter.com/jorgeluisaliaga/status/1391134966919139335	[]
jorgeluisaliaga	Sat May 08 20:56:35 +0000 2021	0	1	"Jujuy, Salta, Tucumán, Catamarca 
Casos Diarios, Prom últimos 7 días, SUMA de últimos 14 días / 100.000 habitantes. Días de Duplicación, Log-Log Nuevos vs Total de Casos. 
INCIDENCIA y Factor de Crecimiento. Promedio de confirmados diarios últimas 15 semanas. https://t.co/d9lcVrAuAC"	https://twitter.com/jorgeluisaliaga/status/1391134960988401671	[]
jorgeluisaliaga	Sat May 08 20:56:34 +0000 2021	0	1	"Entre Ríos, Corrientes, Misiones, Formosa
Casos Diarios, Prom últimos 7 días, SUMA de últimos 14 días / 100.000 habitantes. Días de Duplicación, Log-Log Nuevos vs Total de Casos. 
INCIDENCIA y Factor de Crecimiento. Promedio de confirmados diarios últimas 15 semanas. https://t.co/Nj9dbFeuhs"	https://twitter.com/jorgeluisaliaga/status/1391134955586084873	[]
jorgeluisaliaga	Sat May 08 20:56:32 +0000 2021	0	1	"Santa Fé, Córdoba, Chaco, Santiago del Estero
Casos Diarios, Prom últimos 7 días, SUMA de últimos 14 días / 100.000 habitantes. Días de Duplicación, Log-Log Nuevos vs Total de Casos. 
INCIDENCIA y Factor de Crecimiento. Promedio de confirmados diarios últimas 15 semanas. https://t.co/3VsGLxjrBW"	https://twitter.com/jorgeluisaliaga/status/1391134950309642245	[]
jorgeluisaliaga	Sat May 08 20:56:31 +0000 2021	0	1	"CABA, PBA, La Pampa, Tierra del Fuego 
Casos Diarios, Prom últimos 7 días, SUMA de últimos 14 días / 100.000 habitantes. Días de Duplicación, Log-Log Nuevos vs Total de Casos. 
INCIDENCIA y Factor de Crecimiento. Promedio de confirmados diarios últimas 15 semanas. https://t.co/8dqf6wXrU0"	https://twitter.com/jorgeluisaliaga/status/1391134944915771393	[]
jorgeluisaliaga	Sat May 08 20:56:30 +0000 2021	0	1	"Muestro la evolución de la cantidad de días necesarios para duplicar (x2) y para decuplicar (x10) (Total y Activos).
La cantidad de días para duplicación aumento de entre 3 y 4 a 26 y ahora está en 94. Por 10 en 312 días. https://t.co/N4UM4ahycc"	https://twitter.com/jorgeluisaliaga/status/1391134939752669187	[]
jorgeluisaliaga	Sat May 08 20:56:29 +0000 2021	0	1	"Evolución de la INCIDENCIA y del Factor de Crecimiento (ver Inf del 16/4). 
Muestro también la evolución de la tasa de variación de la cantidad de casos cada 2, 4, y 10 días (ver inf 4/4 y 5/4). También detalle desde el 10/04/21. https://t.co/KLm9FGiY7t"	https://twitter.com/jorgeluisaliaga/status/1391134935377907712	[]
jorgeluisaliaga	Sat May 08 20:56:28 +0000 2021	2	1	Muestro en Log-Log Casos Nuevos vs Totales (promedio para cada día con los valores de los siete últimos) (si hay duda, ver inf 3/4). https://t.co/KXrc71BP5G	https://twitter.com/jorgeluisaliaga/status/1391134930940334083	[]
jorgeluisaliaga	Sat May 08 20:56:27 +0000 2021	3	1	"9/1 rearmé el informe.
Total de casos según fecha de carga en escala semilogarítmica, para ver comportamiento exponencial y su velocidad.
Promedio de casos confirmados, UTI y fallecidos por fecha de carga por semana en las últimas 30 semanas. https://t.co/jdVPtHAiOn"	https://twitter.com/jorgeluisaliaga/status/1391134926385389576	[]
jorgeluisaliaga	Sat May 08 20:56:25 +0000 2021	2	2	"23 provincias con INCIDENCIA mayor a 150 casos / 100.000 en los últimos 14 días.
13 provincias con Razón de Casos mayor a 1 (creciendo). 
Incidencia Nacional = 640 casos
Razón de Casos Nacional = 0,88 https://t.co/v7RsZrihfQ"	https://twitter.com/jorgeluisaliaga/status/1391134920341340163	[]
jorgeluisaliaga	Sat May 08 20:56:24 +0000 2021	44	10	"Situación COVID-19 al 8/5

Hoy 18.024 nuevos casos confirmados.
20 provincias con ""riesgo sanitario ALTO"".
3 provincias con "" riesgo sanitario MEDIO"".
Cierra la semana 18 estable en confirmados, estabilizando UTI.
La cantidad total de casos es 3.136.158. https://t.co/csF52MdXiv"	https://twitter.com/jorgeluisaliaga/status/1391134914918207496	[]
jorgeluisaliaga	Sat May 08 11:50:55 +0000 2021	3	1	"#BO
Desígnase en el cargo de Superintendente de la SUPERINTENDENCIA DE SERVICIOS DE SALUD, organismo descentralizado actuante en la órbita del MINISTERIO DE SALUD, al doctor Daniel Alejandro LÓPEZ

https://t.co/LH29nPbu35"	https://twitter.com/jorgeluisaliaga/status/1390997639160868864	[{'text': 'BO', 'indices': [0, 3]}]
jorgeluisaliaga	Sat May 08 11:50:55 +0000 2021	3	2	"#BO
Desígnanse miembros del CONSEJO ECONÓMICO Y SOCIAL

https://t.co/bJwot77utf"	https://twitter.com/jorgeluisaliaga/status/1390997637856481285	[{'text': 'BO', 'indices': [0, 3]}]
jorgeluisaliaga	Sat May 08 11:50:54 +0000 2021	1	0	"#BO
SUBMARINO ARA “SAN JUAN” - Apruébase la Reglamentación de la Ley N° 27.615.

https://t.co/MT2ePp6Yui"	https://twitter.com/jorgeluisaliaga/status/1390997636572975105	[{'text': 'BO', 'indices': [0, 3]}]
jorgeluisaliaga	Sat May 08 11:50:54 +0000 2021	10	4	"#BO
Elecciones primarias, abiertas, simultáneas y obligatorias. Convocatoria.

https://t.co/c76f42CB8J"	https://twitter.com/jorgeluisaliaga/status/1390997635318878213	[{'text': 'BO', 'indices': [0, 3]}]
jorgeluisaliaga	Sat May 08 02:24:57 +0000 2021	6	0	@threadreaderapp unroll	https://twitter.com/jorgeluisaliaga/status/1390855210134818819	[]
jorgeluisaliaga	Sat May 08 02:24:26 +0000 2021	9	1	"Todos los informes e información en mi sitio

https://t.co/OOPfZIjwmV

La Tabla de datos informados por @msalnacion los puse en:

https://t.co/A6X5GTltVQ"	https://twitter.com/jorgeluisaliaga/status/1390855080627351554	[]
jorgeluisaliaga	Sat May 08 02:24:26 +0000 2021	0	0	La base que subió @msalnacion esta noche está incompleta, no se puede sacar los gráficos que dependen de la base.	https://twitter.com/jorgeluisaliaga/status/1390855079251648512	[]
jorgeluisaliaga	Sat May 08 02:24:26 +0000 2021	1	0	"Sitios con datos / figuras

Gran info regional: Soledad Retamar @sole_reta 

https://t.co/LLv9J5EA7o

Rodrigo Castro @RodrigoD_Castro

https://t.co/9etT4FOHyf"	https://twitter.com/jorgeluisaliaga/status/1390855077703950352	[]
jorgeluisaliaga	Sat May 08 02:24:25 +0000 2021	2	1	"Hilos recomendados:

Semáforo: Martin Barrionuevo @mmbarrionuevo

https://t.co/Px36QfUp6m

Rio Negro+Neuquen: Clari Cardozo Castro @ClariCardozoCas

Diseño @TotinFraire Elaboración @Fedwr

https://t.co/L1qJXJPc35"	https://twitter.com/jorgeluisaliaga/status/1390855075921383428	[]
jorgeluisaliaga	Sat May 08 02:08:54 +0000 2021	5	0	"@HuLeeYo @MaElena96890420 @jljcolorado @ciencia_ar La @unahurlingham , donde trabajo, tomó el prototipo y lanzó #AireNuevo, para  escuelas de Hurlingham y Morón

https://t.co/WYbF8VpcAZ"	https://twitter.com/jorgeluisaliaga/status/1390851170143461376	[{'text': 'AireNuevo', 'indices': [112, 122]}]
jorgeluisaliaga	Sat May 08 02:08:05 +0000 2021	7	1	"@HuLeeYo @MaElena96890420 @jljcolorado @ciencia_ar Yo desarrollé un medidor económico y simple, circuito, instrucciones y código libre

https://t.co/rSVjw8K2a7"	https://twitter.com/jorgeluisaliaga/status/1390850963859283968	[]
jorgeluisaliaga	Sat May 08 02:07:13 +0000 2021	12	4	"@HuLeeYo @MaElena96890420 @jljcolorado En la Campaña Ventilar del @ciencia_ar hay un listado completo de fabricantes de medidores de CO2 en Argentina.

https://t.co/0pVpWmoC1O"	https://twitter.com/jorgeluisaliaga/status/1390850747072499713	[]
jorgeluisaliaga	Fri May 07 21:24:31 +0000 2021	30	11	"""Metodos practicos para estimar y monitorear el riesgo de contagio de COVID-19 cuando se comparte aire en interiores""

Cobertura de la @unahurlingham del webinar que dio hoy José Luis Giménez @jljcolorado , integrante de @aireamos 

https://t.co/WrojK0Ovmn"	https://twitter.com/jorgeluisaliaga/status/1390779602147155969	[]
jorgeluisaliaga	Fri May 07 21:03:50 +0000 2021	6	1	"A partir del 5/2/21 saco el informe en dos partes, la primera cuando sale el parte diario y el complemento cuando se actualiza la base de datos, después de las 21:30.

FIN PRIMERA PARTE."	https://twitter.com/jorgeluisaliaga/status/1390774397280169984	[]
jorgeluisaliaga	Fri May 07 21:03:49 +0000 2021	4	0	"Hoy se llegó a 66.872 (+611) personas fallecidas. 
Se reportaron 2.777.902 (+20.672) personas recuperadas (89,1%). 
5268(-31) en Terapia. 
Distintos estados de casos en escala semi-logaritmica. 
Lineal muertos y UTI para ver fácil subas. https://t.co/OufLVjMUFO"	https://twitter.com/jorgeluisaliaga/status/1390774394964807686	[]
jorgeluisaliaga	Fri May 07 21:03:48 +0000 2021	3	1	Avance de la Vacunación por sector, por edad y marca de vacuna, por provincia y grupo etario y por provincia y sector. https://t.co/pX3ijnVlKs	https://twitter.com/jorgeluisaliaga/status/1390774390023991298	[]
jorgeluisaliaga	Fri May 07 21:03:47 +0000 2021	4	1	Evolución de la vacunación en todo el país, CABA y PBA. Porcentaje de vacunas aplicadas en relación con las distribuidas. https://t.co/QBXaTNpf5x	https://twitter.com/jorgeluisaliaga/status/1390774383631912968	[]
jorgeluisaliaga	Fri May 07 21:03:45 +0000 2021	8	4	Avance de la Vacunación por provincia según datos cargado hasta hoy a las 6 AM de &gt;&gt; https://t.co/bBb2CUzoT6 y https://t.co/TNJm7ZPDNK https://t.co/vv02sp5WFG	https://twitter.com/jorgeluisaliaga/status/1390774378028314624	[]
jorgeluisaliaga	Fri May 07 21:03:44 +0000 2021	2	0	"Muestro ajuste.  Uso el crecimiento exponencial con que se ajustaban los datos al 25/3 para una logística, más adecuado en esta etapa de la epidemia, que explico en detalle en este documento (estimo infectados asumiendo un 70% de asintomáticos): 

https://t.co/xDGEjpspvW https://t.co/pox9WjkTyd"	https://twitter.com/jorgeluisaliaga/status/1390774371980021760	[]
jorgeluisaliaga	Fri May 07 21:03:43 +0000 2021	1	0	"Fallecidos por millón de habitantes por provincia.
Detalle de fecha del último caso de cada provincia. Todas las provincias activas. 
También muestro cantidad de días sin casos por provincia y provincias con casos y casos durante la epidemia. https://t.co/xkQa1U8gRh"	https://twitter.com/jorgeluisaliaga/status/1390774367144005641	[]
jorgeluisaliaga	Fri May 07 21:03:41 +0000 2021	5	1	"Para los que les sirva, muestro datos más simples de leer de distribución de casos confirmados y muertos, y casos confirmados y muertos por millón de habitantes, por provincia.
También una página interactiva.

https://t.co/UoryUFDQ2D
-------------------------- https://t.co/Zo8aeTCDVG"	https://twitter.com/jorgeluisaliaga/status/1390774361720860677	[]
jorgeluisaliaga	Fri May 07 21:03:40 +0000 2021	1	0	"Neuquén, Rio Negro, Chubut, Santa Cruz
Casos Diarios, Prom últimos 7 días, SUMA de últimos 14 días / 100.000 habitantes. Días de Duplicación, Log-Log Nuevos vs Total de Casos. 
INCIDENCIA y Factor de Crecimiento. Promedio de confirmados diarios últimas 15 semanas. https://t.co/YfFLr4szS3"	https://twitter.com/jorgeluisaliaga/status/1390774356431749127	[]
jorgeluisaliaga	Fri May 07 21:03:39 +0000 2021	1	0	"La Rioja, San Juan, San Luis, Mendoza
Casos Diarios, Prom últimos 7 días, SUMA de últimos 14 días / 100.000 habitantes. Días de Duplicación, Log-Log Nuevos vs Total de Casos. 
INCIDENCIA y Factor de Crecimiento. Promedio de confirmados diarios últimas 15 semanas. https://t.co/C3ZL0lHy5o"	https://twitter.com/jorgeluisaliaga/status/1390774351151177731	[]
jorgeluisaliaga	Fri May 07 21:03:38 +0000 2021	1	0	"Jujuy, Salta, Tucumán, Catamarca 
Casos Diarios, Prom últimos 7 días, SUMA de últimos 14 días / 100.000 habitantes. Días de Duplicación, Log-Log Nuevos vs Total de Casos. 
INCIDENCIA y Factor de Crecimiento. Promedio de confirmados diarios últimas 15 semanas. https://t.co/b6NLM3nFR9"	https://twitter.com/jorgeluisaliaga/status/1390774346059239424	[]
jorgeluisaliaga	Fri May 07 21:03:36 +0000 2021	1	0	"Entre Ríos, Corrientes, Misiones, Formosa
Casos Diarios, Prom últimos 7 días, SUMA de últimos 14 días / 100.000 habitantes. Días de Duplicación, Log-Log Nuevos vs Total de Casos. 
INCIDENCIA y Factor de Crecimiento. Promedio de confirmados diarios últimas 15 semanas. https://t.co/eqMOWL7apY"	https://twitter.com/jorgeluisaliaga/status/1390774340887646211	[]
jorgeluisaliaga	Fri May 07 21:03:35 +0000 2021	1	0	"Santa Fé, Córdoba, Chaco, Santiago del Estero
Casos Diarios, Prom últimos 7 días, SUMA de últimos 14 días / 100.000 habitantes. Días de Duplicación, Log-Log Nuevos vs Total de Casos. 
INCIDENCIA y Factor de Crecimiento. Promedio de confirmados diarios últimas 15 semanas. https://t.co/EWLOdlZ6eo"	https://twitter.com/jorgeluisaliaga/status/1390774334952722433	[]
jorgeluisaliaga	Fri May 07 21:03:34 +0000 2021	2	0	"CABA, PBA, La Pampa, Tierra del Fuego 
Casos Diarios, Prom últimos 7 días, SUMA de últimos 14 días / 100.000 habitantes. Días de Duplicación, Log-Log Nuevos vs Total de Casos. 
INCIDENCIA y Factor de Crecimiento. Promedio de confirmados diarios últimas 15 semanas. https://t.co/CO1tVCukJF"	https://twitter.com/jorgeluisaliaga/status/1390774329516990468	[]
jorgeluisaliaga	Fri May 07 21:03:32 +0000 2021	1	0	"Muestro la evolución de la cantidad de días necesarios para duplicar (x2) y para decuplicar (x10) (Total y Activos).
La cantidad de días para duplicación aumento de entre 3 y 4 a 26 y ahora está en 987. Por 10 en 326 días. https://t.co/CKYLEMQ8PM"	https://twitter.com/jorgeluisaliaga/status/1390774323980406784	[]
jorgeluisaliaga	Fri May 07 21:03:31 +0000 2021	1	0	"Evolución de la INCIDENCIA y del Factor de Crecimiento (ver Inf del 16/4). 
Muestro también la evolución de la tasa de variación de la cantidad de casos cada 2, 4, y 10 días (ver inf 4/4 y 5/4). También detalle desde el 10/04/21. https://t.co/dU2e6q75eT"	https://twitter.com/jorgeluisaliaga/status/1390774319962275846	[]
jorgeluisaliaga	Fri May 07 21:03:30 +0000 2021	1	0	Muestro en Log-Log Casos Nuevos vs Totales (promedio para cada día con los valores de los siete últimos) (si hay duda, ver inf 3/4). https://t.co/mBWNRIywEX	https://twitter.com/jorgeluisaliaga/status/1390774315407355913	[]
jorgeluisaliaga	Fri May 07 21:03:29 +0000 2021	1	0	"9/1 rearmé el informe.
Total de casos según fecha de carga en escala semilogarítmica, para ver comportamiento exponencial y su velocidad.
Promedio de casos confirmados, UTI y fallecidos por fecha de carga por semana en las últimas 30 semanas. https://t.co/eUQ1lyMBii"	https://twitter.com/jorgeluisaliaga/status/1390774311259189251	[]
jorgeluisaliaga	Fri May 07 21:03:28 +0000 2021	3	0	"23 provincias con INCIDENCIA mayor a 150 casos / 100.000 en los últimos 14 días.
12 provincias con Razón de Casos mayor a 1 (creciendo). 
Incidencia Nacional = 647 casos
Razón de Casos Nacional = 0,90 https://t.co/mUG9AcIOYM"	https://twitter.com/jorgeluisaliaga/status/1390774306087522306	[]
jorgeluisaliaga	Fri May 07 21:03:27 +0000 2021	53	18	"Situación COVID-19 al 7/5

Hoy 22.552 nuevos casos confirmados.
20 provincias con ""riesgo sanitario ALTO"".
4 provincias con "" riesgo sanitario MEDIO"".
Se consolida una semana estable en confirmados, leve baja de UTI.
La cantidad total de casos es 3.118.134. https://t.co/wTApKIpbuB"	https://twitter.com/jorgeluisaliaga/status/1390774300613951488	[]
jorgeluisaliaga	Fri May 07 14:44:24 +0000 2021	12	4	"En 15 minutos comienza la charla de @jljcolorado @aireamos 

""Métodos prácticos para estimar y monitorear el riesgo de contagio de COVID-19 cuando se comparte aire en interiores"" https://t.co/4W2bMQmf2Y"	https://twitter.com/jorgeluisaliaga/status/1390678911827288065	[]
jorgeluisaliaga	Fri May 07 14:42:25 +0000 2021	18	9	"Coronavirus: transmisión por aerosoles y ventilación de ambientes
Nota de Agustín Casa @Agustin_Casa para @CitecusOk

https://t.co/XixyP5Ty3c"	https://twitter.com/jorgeluisaliaga/status/1390678410737881090	[]
jorgeluisaliaga	Fri May 07 12:26:47 +0000 2021	1	0	"The Fail West 
El análisis de Tomas Pueyo @tomaspueyo sobre cómo los países actuaron frente al COVID-19

https://t.co/1W3EKV1Ujc"	https://twitter.com/jorgeluisaliaga/status/1390644279492677632	[]
jorgeluisaliaga	Fri May 07 12:26:47 +0000 2021	4	0	"El laberinto de la pandemia
Columna bisemanal de Nora Bär @norabar , esta vez comentando el último artículo de @tomaspueyo 

https://t.co/Y40wbg536K"	https://twitter.com/jorgeluisaliaga/status/1390644278129569792	[]
jorgeluisaliaga	Fri May 07 10:47:47 +0000 2021	1	0	"#BO
Apruébase el “PLAN DE MANEJO DE RESISTENCIA DE INSECTOS (PMRI)”

https://t.co/AyU0bDXZaC"	https://twitter.com/jorgeluisaliaga/status/1390619363586179076	[{'text': 'BO', 'indices': [0, 3]}]
jorgeluisaliaga	Fri May 07 10:47:47 +0000 2021	5	0	"#BO
Apruébase el REGLAMENTO DE IMPLEMENTACIÓN Y/O CREACIÓN DE LAS UCT HOSPITALARIAS EN EL MARCO DEL “PLAN NACIONAL DE INVESTIGACIÓN TRASLACIONAL PARA LA RED DE HOSPITALES”

https://t.co/wKQ3SdFdHG"	https://twitter.com/jorgeluisaliaga/status/1390619361983991808	[{'text': 'BO', 'indices': [0, 3]}]
jorgeluisaliaga	Fri May 07 03:13:30 +0000 2021	3	0	@threadreaderapp unroll	https://twitter.com/jorgeluisaliaga/status/1390505040083836933	[]
jorgeluisaliaga	Fri May 07 03:13:03 +0000 2021	3	1	"Todos los informes e información en mi sitio

https://t.co/OOPfZIjwmV

La Tabla de datos informados por @msalnacion los puse en:

https://t.co/A6X5GTltVQ"	https://twitter.com/jorgeluisaliaga/status/1390504927533862914	[]
jorgeluisaliaga	Fri May 07 03:13:03 +0000 2021	0	0	Casos confirmados por rango etario en CABA y AMBA sin CABA con detalle de edades escolares. Clara diferencias desde que se tomaron medidas que bajó la circulación. https://t.co/iGsTeaXEdv	https://twitter.com/jorgeluisaliaga/status/1390504924849577984	[]
jorgeluisaliaga	Fri May 07 03:13:01 +0000 2021	0	0	"Edad promedio de confirmados y de mayores de 70 años por semana de inicio de síntoma.
Cantidad de fallecidos y su edad media, y fallecidos mayores de 70 años por semana de inicio de síntoma. https://t.co/sQuC8lZaUK"	https://twitter.com/jorgeluisaliaga/status/1390504918763646980	[]
jorgeluisaliaga	Fri May 07 03:13:00 +0000 2021	0	0	"Carga de fallecidos demorada hoy:
1 de AGOSTO San Juan
3 de OCTUBRE (2 San Juan, Mendoza)
10 de NOVIEMBRE (9 San Juan, Neuquén)
1 de DICIEMBRE y 2 de ENERO San Juan
9 de FEBRERO (8 Neuquén, Corrientes)
21 de MARZO (10 Catamarca, 5 Neuquén, 2 Mendoza, PBA y TdF)"	https://twitter.com/jorgeluisaliaga/status/1390504914263191552	[]
jorgeluisaliaga	Fri May 07 03:13:00 +0000 2021	2	3	"De los 399 informados como fallecidos, 150 fallecieron hace más de 12 días.
Se muestra días entre inicio de síntoma y fallecimiento, largas internaciones.
Hoy reclasificado caso 10654903 de Buenos Aires del 28/4/2021. https://t.co/iwINLoPprC"	https://twitter.com/jorgeluisaliaga/status/1390504912065269766	[]
jorgeluisaliaga	Fri May 07 03:12:58 +0000 2021	0	0	"Confirmados y sospechosos por fecha de apertura en TOTAL, CABA y PBA.
Testeo y positividad por semana de apertura. https://t.co/jaRgKqcDz2"	https://twitter.com/jorgeluisaliaga/status/1390504906944094210	[]
jorgeluisaliaga	Fri May 07 03:12:57 +0000 2021	0	0	Detalles de Tests Confirmados, Descartados y Sospechosos según residencia en PBA y CABA por semana, con detalles según lugar de carga y sector público o privado. Amarillo es lo pendiente. https://t.co/Lchbr7LHMa	https://twitter.com/jorgeluisaliaga/status/1390504901994848256	[]
jorgeluisaliaga	Fri May 07 03:12:56 +0000 2021	0	0	"Ya se hicieron 9.076.156 Tests de diagnóstico (error +/- 10 tests), 31,0% de positividad.
Hoy 64.138, 34,3% la positividad. 
Cuando teníamos 10% de positividad (10/5) había 250-300 casos por día. https://t.co/gscZ0kjj1N"	https://twitter.com/jorgeluisaliaga/status/1390504897414578176	[]
jorgeluisaliaga	Fri May 07 03:12:55 +0000 2021	0	0	"Los casos ordenados por fecha de síntoma, promediada cada día los últimos 7 en lineal y semi-log (ver inf 24/7). Y Por millón de habitantes.
Hasta ahora las amarillas ""predicen"" lo que van a hacer las curvas x síntoma cuando entren casos de esas fechas, atención la suba. https://t.co/3II5J8mACl"	https://twitter.com/jorgeluisaliaga/status/1390504892515733510	[]
jorgeluisaliaga	Fri May 07 03:12:54 +0000 2021	0	0	"Sitios con datos / figuras

Gran info regional: Soledad Retamar @sole_reta 

https://t.co/LLv9J5EA7o

Rodrigo Castro @RodrigoD_Castro

https://t.co/9etT4FOHyf"	https://twitter.com/jorgeluisaliaga/status/1390504887901986816	[]
jorgeluisaliaga	Fri May 07 03:12:53 +0000 2021	1	0	"Hilos recomendados:

Semáforo: Martin Barrionuevo @mmbarrionuevo

https://t.co/rqnscWDMrT

Rio Negro+Neuquen: Clari Cardozo Castro @ClariCardozoCas

Diseño @TotinFraire Elaboración @Fedwr

https://t.co/DaCHM27hIL"	https://twitter.com/jorgeluisaliaga/status/1390504886106791937	[]
jorgeluisaliaga	Fri May 07 01:55:16 +0000 2021	160	61	Ampliación de la estrategia de vacunación en Argentina. https://t.co/NSC0bfiNR2	https://twitter.com/jorgeluisaliaga/status/1390485352016646149	[]
jorgeluisaliaga	Thu May 06 23:48:35 +0000 2021	82	25	No se pierdan mañana a las 12 hs la charla de @jljcolorado sobre riesgo de contagio de COVID-19 por aerosoles. https://t.co/hJiGc7wrn4	https://twitter.com/jorgeluisaliaga/status/1390453469887225857	[]
jorgeluisaliaga	Thu May 06 22:47:46 +0000 2021	3	0	@GonzaloOchoaM @rquiroga777 @ernestorr @norabar @mmbarrionuevo Puede ser que haya un poco menos de fallecidos, ya se ve el efecto de la vacunación en mayores, pero igual es un avión cayendo todos los días, horrible.	https://twitter.com/jorgeluisaliaga/status/1390438165178105862	[]
jorgeluisaliaga	Thu May 06 22:46:26 +0000 2021	1	0	@marcelobianco2 Hoy son 10739. Y si, la semana pasada fueron 12208. Lo que pasa es que la etiqueta tapa la barra de la semana pasada. https://t.co/8qzWmKeq2y	https://twitter.com/jorgeluisaliaga/status/1390437828782403588	[]
jorgeluisaliaga	Thu May 06 21:11:13 +0000 2021	4	1	"A partir del 5/2/21 saco el informe en dos partes, la primera cuando sale el parte diario y el complemento cuando se actualiza la base de datos, después de las 21:30.

FIN PRIMERA PARTE."	https://twitter.com/jorgeluisaliaga/status/1390413868233596928	[]
jorgeluisaliaga	Thu May 06 21:11:13 +0000 2021	7	2	La diferencia entre confirmados diarios y recuperados se estabiliza, después de haber bajado rápido y hacerse negativa. Compatible con estabilidad de confirmados. https://t.co/LZ5NBQFIjx	https://twitter.com/jorgeluisaliaga/status/1390413866392248320	[]
jorgeluisaliaga	Thu May 06 21:11:11 +0000 2021	1	1	"Hoy se llegó a 66.263 (+399) personas fallecidas. 
Se reportaron 2.757.230 (+22.765) personas recuperadas (89,1%). 
5299(-43) en Terapia. 
Distintos estados de casos en escala semi-logaritmica. 
Lineal muertos y UTI para ver fácil subas. https://t.co/DiwTcAjVJh"	https://twitter.com/jorgeluisaliaga/status/1390413861082255365	[]
jorgeluisaliaga	Thu May 06 21:11:10 +0000 2021	2	1	Avance de la Vacunación por sector, por edad y marca de vacuna, por provincia y grupo etario y por provincia y sector. https://t.co/mP7QUbbtsk	https://twitter.com/jorgeluisaliaga/status/1390413855562608645	[]
jorgeluisaliaga	Thu May 06 21:11:09 +0000 2021	0	1	Evolución de la vacunación en todo el país, CABA y PBA. Porcentaje de vacunas aplicadas en relación con las distribuidas. https://t.co/TJHvJ9i81x	https://twitter.com/jorgeluisaliaga/status/1390413850009276426	[]
jorgeluisaliaga	Thu May 06 21:11:07 +0000 2021	0	1	Avance de la Vacunación por provincia según datos cargado hasta hoy a las 6 AM de &gt;&gt; https://t.co/bBb2CUzoT6 y https://t.co/TNJm7ZPDNK https://t.co/9xAyo09ZhS	https://twitter.com/jorgeluisaliaga/status/1390413844464472064	[]
jorgeluisaliaga	Thu May 06 21:11:06 +0000 2021	1	3	"Muestro ajuste.  Uso el crecimiento exponencial con que se ajustaban los datos al 25/3 para una logística, más adecuado en esta etapa de la epidemia, que explico en detalle en este documento (estimo infectados asumiendo un 70% de asintomáticos): 

https://t.co/xDGEjpspvW https://t.co/x9bfHiofAA"	https://twitter.com/jorgeluisaliaga/status/1390413839162826757	[]
jorgeluisaliaga	Thu May 06 21:11:05 +0000 2021	0	1	"Fallecidos por millón de habitantes por provincia.
Detalle de fecha del último caso de cada provincia. Todas las provincias activas. 
También muestro cantidad de días sin casos por provincia y provincias con casos y casos durante la epidemia. https://t.co/J2ZwnDW3Cr"	https://twitter.com/jorgeluisaliaga/status/1390413833190187010	[]
jorgeluisaliaga	Thu May 06 21:11:03 +0000 2021	1	1	"Para los que les sirva, muestro datos más simples de leer de distribución de casos confirmados y muertos, y casos confirmados y muertos por millón de habitantes, por provincia.
También una página interactiva.

https://t.co/UoryUFDQ2D
-------------------------- https://t.co/gNCAw6U9jn"	https://twitter.com/jorgeluisaliaga/status/1390413828198916096	[]
jorgeluisaliaga	Thu May 06 21:11:02 +0000 2021	1	2	"Neuquén, Rio Negro, Chubut, Santa Cruz
Casos Diarios, Prom últimos 7 días, SUMA de últimos 14 días / 100.000 habitantes. Días de Duplicación, Log-Log Nuevos vs Total de Casos. 
INCIDENCIA y Factor de Crecimiento. Promedio de confirmados diarios últimas 15 semanas. https://t.co/BgpPwMNtS4"	https://twitter.com/jorgeluisaliaga/status/1390413823241302023	[]
jorgeluisaliaga	Thu May 06 21:11:01 +0000 2021	0	1	"La Rioja, San Juan, San Luis, Mendoza
Casos Diarios, Prom últimos 7 días, SUMA de últimos 14 días / 100.000 habitantes. Días de Duplicación, Log-Log Nuevos vs Total de Casos. 
INCIDENCIA y Factor de Crecimiento. Promedio de confirmados diarios últimas 15 semanas. https://t.co/RTjpap8Teb"	https://twitter.com/jorgeluisaliaga/status/1390413817130196993	[]
jorgeluisaliaga	Thu May 06 21:11:00 +0000 2021	0	1	"Jujuy, Salta, Tucumán, Catamarca 
Casos Diarios, Prom últimos 7 días, SUMA de últimos 14 días / 100.000 habitantes. Días de Duplicación, Log-Log Nuevos vs Total de Casos. 
INCIDENCIA y Factor de Crecimiento. Promedio de confirmados diarios últimas 15 semanas. https://t.co/Pysf0pLEtv"	https://twitter.com/jorgeluisaliaga/status/1390413812025733123	[]
jorgeluisaliaga	Thu May 06 21:10:58 +0000 2021	0	1	"Entre Ríos, Corrientes, Misiones, Formosa
Casos Diarios, Prom últimos 7 días, SUMA de últimos 14 días / 100.000 habitantes. Días de Duplicación, Log-Log Nuevos vs Total de Casos. 
INCIDENCIA y Factor de Crecimiento. Promedio de confirmados diarios últimas 15 semanas. https://t.co/lR1VVFNwKJ"	https://twitter.com/jorgeluisaliaga/status/1390413806401171464	[]
jorgeluisaliaga	Thu May 06 21:10:57 +0000 2021	0	1	"Santa Fé, Córdoba, Chaco, Santiago del Estero
Casos Diarios, Prom últimos 7 días, SUMA de últimos 14 días / 100.000 habitantes. Días de Duplicación, Log-Log Nuevos vs Total de Casos. 
INCIDENCIA y Factor de Crecimiento. Promedio de confirmados diarios últimas 15 semanas. https://t.co/0EL9gs8ngQ"	https://twitter.com/jorgeluisaliaga/status/1390413800533372928	[]
jorgeluisaliaga	Thu May 06 21:10:56 +0000 2021	0	1	"CABA, PBA, La Pampa, Tierra del Fuego 
Casos Diarios, Prom últimos 7 días, SUMA de últimos 14 días / 100.000 habitantes. Días de Duplicación, Log-Log Nuevos vs Total de Casos. 
INCIDENCIA y Factor de Crecimiento. Promedio de confirmados diarios últimas 15 semanas. https://t.co/F9uf0DBAUx"	https://twitter.com/jorgeluisaliaga/status/1390413795210760200	[]
jorgeluisaliaga	Thu May 06 21:10:54 +0000 2021	2	1	"Muestro la evolución de la cantidad de días necesarios para duplicar (x2) y para decuplicar (x10) (Total y Activos).
La cantidad de días para duplicación aumento de entre 3 y 4 a 26 y ahora está en 107. Por 10 en 354 días. https://t.co/EbYTCv0JzH"	https://twitter.com/jorgeluisaliaga/status/1390413789674328065	[]
jorgeluisaliaga	Thu May 06 21:10:53 +0000 2021	1	1	"Evolución de la INCIDENCIA y del Factor de Crecimiento (ver Inf del 16/4). 
Muestro también la evolución de la tasa de variación de la cantidad de casos cada 2, 4, y 10 días (ver inf 4/4 y 5/4). También detalle desde el 10/04/21. https://t.co/2WP4edbagp"	https://twitter.com/jorgeluisaliaga/status/1390413785530314755	[]
jorgeluisaliaga	Thu May 06 21:10:52 +0000 2021	1	1	Muestro en Log-Log Casos Nuevos vs Totales (promedio para cada día con los valores de los siete últimos) (si hay duda, ver inf 3/4). https://t.co/ATmeDYrWQd	https://twitter.com/jorgeluisaliaga/status/1390413780111302664	[]
jorgeluisaliaga	Thu May 06 21:10:51 +0000 2021	1	1	"9/1 rearmé el informe.
Total de casos según fecha de carga en escala semilogarítmica, para ver comportamiento exponencial y su velocidad.
Promedio de casos confirmados, UTI y fallecidos por fecha de carga por semana en las últimas 30 semanas. https://t.co/Q1JXNrbT6I"	https://twitter.com/jorgeluisaliaga/status/1390413775606587394	[]
jorgeluisaliaga	Thu May 06 21:10:50 +0000 2021	1	1	"23 provincias con INCIDENCIA mayor a 150 casos / 100.000 en los últimos 14 días.
11 provincias con Razón de Casos mayor a 1 (creciendo). 
Incidencia Nacional = 659 casos
Razón de Casos Nacional = 0,93 https://t.co/wKCtjIqNgJ"	https://twitter.com/jorgeluisaliaga/status/1390413770472796168	[]
jorgeluisaliaga	Thu May 06 21:10:48 +0000 2021	1	2	20.000 confirmados de promedio semanal es muy alto, y la movilidad no baja desde hace unos días. Puede que alcance para no colapsar el sistema de salud, pero seguiremos con 300 muertos diarios. https://t.co/OzSOCOouZl	https://twitter.com/jorgeluisaliaga/status/1390413764172914695	[]
jorgeluisaliaga	Thu May 06 21:10:47 +0000 2021	35	7	"Situación COVID-19 al 6/5

Hoy 24.086 nuevos casos confirmados.
21 provincias con ""riesgo sanitario ALTO"".
3 provincias con "" riesgo sanitario MEDIO"".
Los confirmados parecen dejar de bajar, y se estabiliza UTI.
La cantidad total de casos es 3.085.582. https://t.co/7fXzXZ2Yx1"	https://twitter.com/jorgeluisaliaga/status/1390413759978553346	[]
jorgeluisaliaga	Thu May 06 18:01:06 +0000 2021	9	2	"@GABRIELACSOTO1 Hola. En autos el CO2 sube muy rápido, pero se puede ventilar bien porque el auto se mueve. Hay que abrir un poco una ventanilla de adelante y la cruzada de atrás. 

Acá un listado de fabricantes:
https://t.co/0pVpWmoC1O

Consultas @unahurlingham a airenuevo@unahur.edu.ar"	https://twitter.com/jorgeluisaliaga/status/1390366022889312267	[]
jorgeluisaliaga	Thu May 06 11:35:02 +0000 2021	3	1	"#BO
Apruébase el Proyecto de Investigación sobre el cultivo de cannabis con fines de investigación médica y científica presentado por la UNIVERSIDAD NACIONAL DE LA PATAGONIA SAN JUAN BOSCO (UNPSJB)

https://t.co/XKPsY5JSry"	https://twitter.com/jorgeluisaliaga/status/1390268868866846723	[{'text': 'BO', 'indices': [0, 3]}]
jorgeluisaliaga	Thu May 06 11:35:02 +0000 2021	6	1	"#BO
Apruébanse los “Montos Máximos Financiables” aplicables al “PROGRAMA CASA PROPIA - CONSTRUIR FUTURO”

https://t.co/4ILAFjlqai"	https://twitter.com/jorgeluisaliaga/status/1390268867549794307	[{'text': 'BO', 'indices': [0, 3]}]
jorgeluisaliaga	Thu May 06 03:30:23 +0000 2021	1	0	@threadreaderapp unroll	https://twitter.com/jorgeluisaliaga/status/1390146899626369028	[]
jorgeluisaliaga	Thu May 06 03:29:49 +0000 2021	3	0	"Todos los informes e información en mi sitio

https://t.co/OOPfZIjwmV

La Tabla de datos informados por @msalnacion los puse en:

https://t.co/A6X5GTltVQ"	https://twitter.com/jorgeluisaliaga/status/1390146759968628740	[]
jorgeluisaliaga	Thu May 06 03:29:49 +0000 2021	1	0	Casos confirmados por rango etario en CABA y PBA con detalle de edades escolares. https://t.co/nnLHuYwWnF	https://twitter.com/jorgeluisaliaga/status/1390146757208809478	[]
jorgeluisaliaga	Thu May 06 03:29:47 +0000 2021	2	0	"Edad promedio de confirmados y de mayores de 70 años por semana de inicio de síntoma.
Cantidad de fallecidos y su edad media, y fallecidos mayores de 70 años por semana de inicio de síntoma. https://t.co/06O4L1QvXx"	https://twitter.com/jorgeluisaliaga/status/1390146751198281729	[]
jorgeluisaliaga	Thu May 06 03:29:46 +0000 2021	9	2	"2 de OCTUBRE San Juan
28 de NOVIEMBRE (27 San Juan, Corrientes)
24 de DICIEMBRE (22 San Juan, 2 Catamarca)
31 de ENERO (23 San Juan, 8 Catamarca)
22 de FEBRERO (10 Catamarca, 8 San Juan, 2 Corrientes, La Rioja, TdF)
11 de MARZO (4 San Juan y Catamarca, PBA, Corrientes, Santa Fe)"	https://twitter.com/jorgeluisaliaga/status/1390146745938677763	[]
jorgeluisaliaga	Thu May 06 03:29:46 +0000 2021	8	3	"De los 663 informados como fallecidos, 173 fallecieron hace más de 11 días.

Se muestra días entre inicio de síntoma y fallecimiento, largas internaciones.

Hoy mucha carga demorada de San Juan y Catamarca. https://t.co/8YthUORrnj"	https://twitter.com/jorgeluisaliaga/status/1390146744005103616	[]
jorgeluisaliaga	Thu May 06 03:29:45 +0000 2021	1	0	"Confirmados y sospechosos por fecha de apertura en TOTAL, CABA y PBA.
Testeo y positividad por semana de apertura. https://t.co/o8OLkhRkEr"	https://twitter.com/jorgeluisaliaga/status/1390146739584258055	[]
jorgeluisaliaga	Thu May 06 03:29:43 +0000 2021	1	0	Detalles de Tests Confirmados, Descartados y Sospechosos según residencia en PBA y CABA por semana, con detalles según lugar de carga y sector público o privado. Amarillo es lo pendiente. https://t.co/aMBUqledMr	https://twitter.com/jorgeluisaliaga/status/1390146734807003136	[]
jorgeluisaliaga	Thu May 06 03:29:42 +0000 2021	3	0	"Ya se hicieron 9.012.018 Tests de diagnóstico (error +/- 10 tests), 30,9% de positividad.
Hoy 48.496, 44,5% la positividad. 
Cuando teníamos 10% de positividad (10/5) había 250-300 casos por día. https://t.co/qWdSz5SkL6"	https://twitter.com/jorgeluisaliaga/status/1390146730176434176	[]
jorgeluisaliaga	Thu May 06 03:29:41 +0000 2021	4	0	"Los casos ordenados por fecha de síntoma, promediada cada día los últimos 7 en lineal y semi-log (ver inf 24/7). Y Por millón de habitantes.
Hasta ahora las amarillas ""predicen"" lo que van a hacer las curvas x síntoma cuando entren casos de esas fechas, atención la suba. https://t.co/KwmpjM5CB0"	https://twitter.com/jorgeluisaliaga/status/1390146724744810500	[]
jorgeluisaliaga	Thu May 06 03:29:40 +0000 2021	2	0	"Sitios con datos / figuras

Gran info regional: Soledad Retamar @sole_reta 

https://t.co/LLv9J5EA7o

Rodrigo Castro @RodrigoD_Castro

https://t.co/9etT4FOHyf"	https://twitter.com/jorgeluisaliaga/status/1390146720462512128	[]
jorgeluisaliaga	Thu May 06 03:29:40 +0000 2021	3	0	"Hilos recomendados:

Semáforo: Martin Barrionuevo @mmbarrionuevo

https://t.co/EqopJ4MoJe

Rio Negro+Neuquen: Clari Cardozo Castro @ClariCardozoCas

Diseño @TotinFraire Elaboración @Fedwr

https://t.co/OEvYsSN1eo"	https://twitter.com/jorgeluisaliaga/status/1390146718595964929	[]
jorgeluisaliaga	Wed May 05 22:19:08 +0000 2021	1	0	"@JorgeAPalacio1 El sábado fue feriado y eso hace especial la carga del fin de semana pasado. Pero con los datos de HOY, parece que dejó de bajar. Pero puede ser carga demorada. Veremos 23:20 cuando la base nos muerte ordenado x síntomas.
Avise hace unos días que dejó de bajar la movilidad. https://t.co/tMkivMbqkt"	https://twitter.com/jorgeluisaliaga/status/1390068572949524480	[]
jorgeluisaliaga	Wed May 05 22:14:54 +0000 2021	2	0	"@mirtasusana_ El número de muertes diarias todavía va a subir unos días. 
La alta carga de hoy es por carga muy demorada de Catamarca y San Juan. 
Cuando salga la base 23:20 sabremos bien el detalle."	https://twitter.com/jorgeluisaliaga/status/1390067506438676480	[]
jorgeluisaliaga	Wed May 05 21:02:28 +0000 2021	11	0	"A partir del 5/2/21 saco el informe en dos partes, la primera cuando sale el parte diario y el complemento cuando se actualiza la base de datos, después de las 21:30.

FIN PRIMERA PARTE."	https://twitter.com/jorgeluisaliaga/status/1390049278115057667	[]
jorgeluisaliaga	Wed May 05 21:02:27 +0000 2021	17	3	"Hoy se llegó a 65.865 (+663) personas fallecidas. 
Se reportaron 2.734.465 (+11007) personas recuperadas (89,0%). 
5342(-47) en Terapia. 
Distintos estados de casos en escala semi-logaritmica. 
Lineal muertos y UTI para ver fácil subas. https://t.co/5yTHj0jj4m"	https://twitter.com/jorgeluisaliaga/status/1390049275917242368	[]
jorgeluisaliaga	Wed May 05 21:02:26 +0000 2021	4	0	Avance de la Vacunación por sector, por edad y marca de vacuna, por provincia y grupo etario y por provincia y sector. https://t.co/2ON9NjRqHb	https://twitter.com/jorgeluisaliaga/status/1390049270322106370	[]
jorgeluisaliaga	Wed May 05 21:02:24 +0000 2021	4	0	Evolución de la vacunación en todo el país, CABA y PBA. Porcentaje de vacunas aplicadas en relación con las distribuidas. https://t.co/lGpWKbVA7K	https://twitter.com/jorgeluisaliaga/status/1390049263711883265	[]
jorgeluisaliaga	Wed May 05 21:02:23 +0000 2021	5	0	Avance de la Vacunación por provincia según datos cargado hasta hoy a las 6 AM de &gt;&gt; https://t.co/bBb2CUzoT6 y https://t.co/TNJm7ZPDNK https://t.co/kGuukCoWYd	https://twitter.com/jorgeluisaliaga/status/1390049257823088642	[]
jorgeluisaliaga	Wed May 05 21:02:22 +0000 2021	3	0	"Muestro ajuste.  Uso el crecimiento exponencial con que se ajustaban los datos al 25/3 para una logística, más adecuado en esta etapa de la epidemia, que explico en detalle en este documento (estimo infectados asumiendo un 70% de asintomáticos): 

https://t.co/xDGEjpspvW https://t.co/Qr20uifewi"	https://twitter.com/jorgeluisaliaga/status/1390049251611262977	[]
jorgeluisaliaga	Wed May 05 21:02:20 +0000 2021	4	0	"Fallecidos por millón de habitantes por provincia.
Detalle de fecha del último caso de cada provincia. Todas las provincias activas. 
También muestro cantidad de días sin casos por provincia y provincias con casos y casos durante la epidemia. https://t.co/HnsQHGO9JA"	https://twitter.com/jorgeluisaliaga/status/1390049246716571654	[]
jorgeluisaliaga	Wed May 05 21:02:19 +0000 2021	3	0	"Para los que les sirva, muestro datos más simples de leer de distribución de casos confirmados y muertos, y casos confirmados y muertos por millón de habitantes, por provincia.
También una página interactiva.

https://t.co/UoryUFDQ2D
-------------------------- https://t.co/TmTeq74b6f"	https://twitter.com/jorgeluisaliaga/status/1390049240664223752	[]
jorgeluisaliaga	Wed May 05 21:02:18 +0000 2021	5	0	"Neuquén, Rio Negro, Chubut, Santa Cruz
Casos Diarios, Prom últimos 7 días, SUMA de últimos 14 días / 100.000 habitantes. Días de Duplicación, Log-Log Nuevos vs Total de Casos. 
INCIDENCIA y Factor de Crecimiento. Promedio de confirmados diarios últimas 15 semanas. https://t.co/klmSLEYn8J"	https://twitter.com/jorgeluisaliaga/status/1390049234867691526	[]
jorgeluisaliaga	Wed May 05 21:02:16 +0000 2021	4	0	"La Rioja, San Juan, San Luis, Mendoza
Casos Diarios, Prom últimos 7 días, SUMA de últimos 14 días / 100.000 habitantes. Días de Duplicación, Log-Log Nuevos vs Total de Casos. 
INCIDENCIA y Factor de Crecimiento. Promedio de confirmados diarios últimas 15 semanas. https://t.co/kTKjSHA9jy"	https://twitter.com/jorgeluisaliaga/status/1390049229381554178	[]
jorgeluisaliaga	Wed May 05 21:02:15 +0000 2021	3	1	"Jujuy, Salta, Tucumán, Catamarca 
Casos Diarios, Prom últimos 7 días, SUMA de últimos 14 días / 100.000 habitantes. Días de Duplicación, Log-Log Nuevos vs Total de Casos. 
INCIDENCIA y Factor de Crecimiento. Promedio de confirmados diarios últimas 15 semanas. https://t.co/UP4Ud2paaV"	https://twitter.com/jorgeluisaliaga/status/1390049223819792384	[]
jorgeluisaliaga	Wed May 05 21:02:13 +0000 2021	3	0	"Entre Ríos, Corrientes, Misiones, Formosa
Casos Diarios, Prom últimos 7 días, SUMA de últimos 14 días / 100.000 habitantes. Días de Duplicación, Log-Log Nuevos vs Total de Casos. 
INCIDENCIA y Factor de Crecimiento. Promedio de confirmados diarios últimas 15 semanas. https://t.co/omzp69mjpX"	https://twitter.com/jorgeluisaliaga/status/1390049217322881027	[]
jorgeluisaliaga	Wed May 05 21:02:12 +0000 2021	4	0	"Santa Fé, Córdoba, Chaco, Santiago del Estero
Casos Diarios, Prom últimos 7 días, SUMA de últimos 14 días / 100.000 habitantes. Días de Duplicación, Log-Log Nuevos vs Total de Casos. 
INCIDENCIA y Factor de Crecimiento. Promedio de confirmados diarios últimas 15 semanas. https://t.co/2llvbSk5G7"	https://twitter.com/jorgeluisaliaga/status/1390049211413147650	[]
jorgeluisaliaga	Wed May 05 21:02:10 +0000 2021	5	1	"CABA, PBA, La Pampa, Tierra del Fuego 
Casos Diarios, Prom últimos 7 días, SUMA de últimos 14 días / 100.000 habitantes. Días de Duplicación, Log-Log Nuevos vs Total de Casos. 
INCIDENCIA y Factor de Crecimiento. Promedio de confirmados diarios últimas 15 semanas. https://t.co/W9T0O6nNwW"	https://twitter.com/jorgeluisaliaga/status/1390049204282740739	[]
jorgeluisaliaga	Wed May 05 21:02:09 +0000 2021	4	0	"Muestro la evolución de la cantidad de días necesarios para duplicar (x2) y para decuplicar (x10) (Total y Activos).
La cantidad de días para duplicación aumento de entre 3 y 4 a 26 y ahora está en 113. Por 10 en 376 días. https://t.co/i7C5ZG8rBc"	https://twitter.com/jorgeluisaliaga/status/1390049198540738566	[]
jorgeluisaliaga	Wed May 05 21:02:08 +0000 2021	4	0	"Evolución de la INCIDENCIA y del Factor de Crecimiento (ver Inf del 16/4). 
Muestro también la evolución de la tasa de variación de la cantidad de casos cada 2, 4, y 10 días (ver inf 4/4 y 5/4). También detalle desde el 10/04/21. https://t.co/WX4EOsI6m9"	https://twitter.com/jorgeluisaliaga/status/1390049194392657921	[]
jorgeluisaliaga	Wed May 05 21:02:07 +0000 2021	5	1	Muestro en Log-Log Casos Nuevos vs Totales (promedio para cada día con los valores de los siete últimos) (si hay duda, ver inf 3/4). https://t.co/4Ou7o7VesQ	https://twitter.com/jorgeluisaliaga/status/1390049188952616967	[]
jorgeluisaliaga	Wed May 05 21:02:06 +0000 2021	4	0	"9/1 rearmé el informe.
Total de casos según fecha de carga en escala semilogarítmica, para ver comportamiento exponencial y su velocidad.
Promedio de casos confirmados, UTI y fallecidos por fecha de carga por semana en las últimas 30 semanas. https://t.co/XZpO3EYhqP"	https://twitter.com/jorgeluisaliaga/status/1390049184859004938	[]
jorgeluisaliaga	Wed May 05 21:02:04 +0000 2021	3	0	"23 provincias con INCIDENCIA mayor a 150 casos / 100.000 en los últimos 14 días.
13 provincias con Razón de Casos mayor a 1 (creciendo). 
Incidencia Nacional = 665 casos
Razón de Casos Nacional = 0,95 https://t.co/HrRb4R3vDF"	https://twitter.com/jorgeluisaliaga/status/1390049178995331073	[]
jorgeluisaliaga	Wed May 05 21:02:03 +0000 2021	69	21	"Situación COVID-19 al 5/5

Hoy 24.079 nuevos casos confirmados.
20 provincias con ""riesgo sanitario ALTO"".
4 provincias con "" riesgo sanitario MEDIO"".
Hoy deja de bajar, se estabiliza UTI. 
Catamarca y San Juan cargan muertos demorados.
La cantidad total de casos es 3.071.496. https://t.co/Vudn6EKycn"	https://twitter.com/jorgeluisaliaga/status/1390049173270110209	[]
jorgeluisaliaga	Wed May 05 20:41:06 +0000 2021	11	0	"@jorgefantin @Exactas_UBA Fue un caso excepcional. Hicimos el primer acto oficial por el 24/3 en 2006. Los padres preguntaron si no habría un analítico. Resultó que estaba recibido y no había tramitado el título. Lo tramitamos en ausencia. Muy emotivo.

https://t.co/ukr2jpq1l7"	https://twitter.com/jorgeluisaliaga/status/1390043900585316352	[]
jorgeluisaliaga	Wed May 05 18:26:39 +0000 2021	106	7	@rquiroga777 Tiene razón Rodrigo, el que necesita un médico terapista se lo compra o lo alquila. El mercado lo va a fabricar en unos días 🤦‍♂️. (Sin contar que un % de los que entran en UTI no salen vivos).	https://twitter.com/jorgeluisaliaga/status/1390010064094773249	[]
jorgeluisaliaga	Wed May 05 18:12:40 +0000 2021	1	0	"@meninas1950 @El_ProfeDeHist @tunykollmann Por ahora no mucha. Se priorizó proteger a más gente y postergar la segunda unas semanas. 

https://t.co/PSDdzaGfWx"	https://twitter.com/jorgeluisaliaga/status/1390006547590287363	[]
jorgeluisaliaga	Wed May 05 18:10:38 +0000 2021	5	1	"@VercesiCecilia @aireamos @jljcolorado Se puede prender calefacción si se deja ventilación. Lo que NO es aconsejable es un sistema que sólo calefacciona pero no renueva, como los aires acondicionados split, por ejemplo. 
Calefaccionar con ventilación continua y cruzada está bien. Medida, MEJOR
https://t.co/rSVjw8K2a7"	https://twitter.com/jorgeluisaliaga/status/1390006036673794050	[]
jorgeluisaliaga	Wed May 05 11:22:39 +0000 2021	11	4	"#BO
ANSES - Créase el PROGRAMA “RED FEDERAL DE LA SEGURIDAD SOCIAL PARA NIÑAS, NIÑOS, ADOLESCENTES, PERSONAS GESTANTES Y POBLACIONES VULNERABLES”

https://t.co/CI96VVpunM"	https://twitter.com/jorgeluisaliaga/status/1389903361646940163	[{'text': 'BO', 'indices': [0, 3]}]
jorgeluisaliaga	Wed May 05 11:22:38 +0000 2021	11	3	"#BO
ENACOM - Apruébase el “PROYECTO EMERGENCIA EN BARRIOS POPULARES DE LA CIUDAD AUTONOMA DE BUENOS AIRES (CABA) – VILLA 20”,

https://t.co/TC8dukgJNQ"	https://twitter.com/jorgeluisaliaga/status/1389903360246140931	[{'text': 'BO', 'indices': [0, 3]}]
jorgeluisaliaga	Wed May 05 11:22:38 +0000 2021	5	3	"#BO
Convócase a la presentación de proyectos a ejecutarse en el marco del Programa de Capacitación de la Pequeña y Mediana Empresa bajo el Régimen de Crédito Fiscal.

https://t.co/7AtBojI9XM"	https://twitter.com/jorgeluisaliaga/status/1389903358874554369	[{'text': 'BO', 'indices': [0, 3]}]
jorgeluisaliaga	Wed May 05 11:22:38 +0000 2021	5	2	"#BO
Créase el Programa “Agencia de Promoción para la Capacitación de las PyMEs y Emprendedores”

https://t.co/oHfpHfDGIO"	https://twitter.com/jorgeluisaliaga/status/1389903357557477377	[{'text': 'BO', 'indices': [0, 3]}]
jorgeluisaliaga	Wed May 05 11:22:37 +0000 2021	9	2	"#BO
Fíjase Salario Mínimo, Vital y Móvil

https://t.co/yE7ZKvQOFn"	https://twitter.com/jorgeluisaliaga/status/1389903356299255809	[{'text': 'BO', 'indices': [0, 3]}]
jorgeluisaliaga	Wed May 05 03:16:05 +0000 2021	0	0	@threadreaderapp unroll	https://twitter.com/jorgeluisaliaga/status/1389780914939604992	[]
jorgeluisaliaga	Wed May 05 03:15:56 +0000 2021	5	1	"Todos los informes e información en mi sitio

https://t.co/OOPfZIjwmV

La Tabla de datos informados por @msalnacion los puse en:

https://t.co/A6X5GTltVQ"	https://twitter.com/jorgeluisaliaga/status/1389780875974426625	[]
jorgeluisaliaga	Wed May 05 03:15:55 +0000 2021	3	1	Casos confirmados por rango etario en CABA y PBA con detalle de edades escolares. https://t.co/tpGMNub6iZ	https://twitter.com/jorgeluisaliaga/status/1389780873147559941	[]
jorgeluisaliaga	Wed May 05 03:15:54 +0000 2021	3	1	"Edad promedio de confirmados y de mayores de 70 años por semana de inicio de síntoma.
Cantidad de fallecidos y su edad media, y fallecidos mayores de 70 años por semana de inicio de síntoma. https://t.co/JhvrS90zWj"	https://twitter.com/jorgeluisaliaga/status/1389780866243518466	[]
jorgeluisaliaga	Wed May 05 03:15:52 +0000 2021	2	0	"Cargados demorados hoy:
2 de OCTUBRE (Santa Fe, Corrientes)
1 de NOVIEMBRE San Juan
8 de ENERO Catamarca
3 de FEBRERO (2 Catamarca, Corrientes)
2 de MARZO (CABA, Río Negro)"	https://twitter.com/jorgeluisaliaga/status/1389780861210484738	[]
jorgeluisaliaga	Wed May 05 03:15:52 +0000 2021	4	0	"De los 412 informados como fallecidos, 65 fallecieron hace más de 10 días.

Reclasificados hoy:
3169590 de Santa Fe del 25/2/2021
10462094 de Buenos Aires del 25/4/2021

Se muestra días entre inicio de síntoma y fallecimiento, largas internaciones. https://t.co/whWDCNJANf"	https://twitter.com/jorgeluisaliaga/status/1389780859037765642	[]
jorgeluisaliaga	Wed May 05 03:15:51 +0000 2021	1	0	"Confirmados y sospechosos por fecha de apertura en TOTAL, CABA y PBA.
Testeo y positividad por semana de apertura. https://t.co/RLtdAGWE9e"	https://twitter.com/jorgeluisaliaga/status/1389780854214377474	[]
jorgeluisaliaga	Wed May 05 03:15:49 +0000 2021	1	0	Detalles de Tests Confirmados, Descartados y Sospechosos según residencia en PBA y CABA por semana, con detalles según lugar de carga y sector público o privado. Amarillo es lo pendiente. https://t.co/DzHGOWywc0	https://twitter.com/jorgeluisaliaga/status/1389780847637766149	[]
jorgeluisaliaga	Wed May 05 03:15:48 +0000 2021	1	0	"Ya se hicieron 8.963.522 Tests de diagnóstico (error +/- 10 tests), 30,9% de positividad.
Hoy 67.767, 35,1% la positividad. 
Cuando teníamos 10% de positividad (10/5) había 250-300 casos por día. https://t.co/gF9x4LIhLF"	https://twitter.com/jorgeluisaliaga/status/1389780842331967490	[]
jorgeluisaliaga	Wed May 05 03:15:47 +0000 2021	1	0	"Los casos ordenados por fecha de síntoma, promediada cada día los últimos 7 en lineal y semi-log (ver inf 24/7). Y Por millón de habitantes.
Hasta ahora las amarillas ""predicen"" lo que van a hacer las curvas x síntoma cuando entren casos de esas fechas, atención la suba. https://t.co/Jrj0TheWtD"	https://twitter.com/jorgeluisaliaga/status/1389780837625892868	[]
jorgeluisaliaga	Wed May 05 03:15:46 +0000 2021	1	0	"Sitios con datos / figuras

Gran info regional: Soledad Retamar @sole_reta 

https://t.co/LLv9J5EA7o

Rodrigo Castro @RodrigoD_Castro

https://t.co/9etT4FOHyf"	https://twitter.com/jorgeluisaliaga/status/1389780832945115140	[]
jorgeluisaliaga	Wed May 05 03:15:45 +0000 2021	2	0	"Hilos recomendados:

Semáforo: Martin Barrionuevo @mmbarrionuevo

https://t.co/Uo6Auv5Ud8

Rio Negro+Neuquen: Clari Cardozo Castro @ClariCardozoCas

Diseño @TotinFraire Elaboración @Fedwr

https://t.co/DaVLXwQD2w"	https://twitter.com/jorgeluisaliaga/status/1389780830877274120	[]
jorgeluisaliaga	Tue May 04 23:24:38 +0000 2021	3	1	@El_ProfeDeHist @tunykollmann Esto es hasta hoy a las 6AM https://t.co/Ah5qdzPJ0F	https://twitter.com/jorgeluisaliaga/status/1389722668094664707	[]
jorgeluisaliaga	Tue May 04 22:19:07 +0000 2021	4	0	"A partir del 5/2/21 saco el informe en dos partes, la primera cuando sale el parte diario y el complemento cuando se actualiza la base de datos, después de las 21:30.

FIN PRIMERA PARTE."	https://twitter.com/jorgeluisaliaga/status/1389706178469367809	[]
jorgeluisaliaga	Tue May 04 22:19:06 +0000 2021	4	1	"Hoy se llegó a 65.202 (+412) personas fallecidas. 
Se reportaron 2.717.458 (+19386) personas recuperadas (89,2%). 
5389(-37) en Terapia. 
Distintos estados de casos en escala semi-logaritmica. 
Lineal muertos y UTI para ver fácil subas. https://t.co/HUz8YnALVv"	https://twitter.com/jorgeluisaliaga/status/1389706176351412224	[]
jorgeluisaliaga	Tue May 04 22:19:05 +0000 2021	5	3	Avance de la Vacunación por sector, por edad y marca de vacuna, por provincia y grupo etario y por provincia y sector. https://t.co/6HHZIyCCgR	https://twitter.com/jorgeluisaliaga/status/1389706170852683777	[]
jorgeluisaliaga	Tue May 04 22:19:03 +0000 2021	3	0	Evolución de la vacunación en todo el país, CABA y PBA. Porcentaje de vacunas aplicadas en relación con las distribuidas. https://t.co/m9C3bpk0vp	https://twitter.com/jorgeluisaliaga/status/1389706165110525952	[]
jorgeluisaliaga	Tue May 04 22:19:02 +0000 2021	2	0	Avance de la Vacunación por provincia según datos cargado hasta hoy a las 6 AM de &gt;&gt; https://t.co/bBb2CUzoT6 y https://t.co/TNJm7ZPDNK https://t.co/VMJ6YVZ3U9	https://twitter.com/jorgeluisaliaga/status/1389706159104344064	[]
jorgeluisaliaga	Tue May 04 22:19:01 +0000 2021	3	1	"Muestro ajuste.  Uso el crecimiento exponencial con que se ajustaban los datos al 25/3 para una logística, más adecuado en esta etapa de la epidemia, que explico en detalle en este documento (estimo infectados asumiendo un 70% de asintomáticos): 

https://t.co/xDGEjpspvW https://t.co/LAU1TQs3FE"	https://twitter.com/jorgeluisaliaga/status/1389706153479872517	[]
jorgeluisaliaga	Tue May 04 22:18:59 +0000 2021	3	1	"Fallecidos por millón de habitantes por provincia.
Detalle de fecha del último caso de cada provincia. Todas las provincias activas. 
También muestro cantidad de días sin casos por provincia y provincias con casos y casos durante la epidemia. https://t.co/6BjaK8hEI1"	https://twitter.com/jorgeluisaliaga/status/1389706148673036290	[]
jorgeluisaliaga	Tue May 04 22:18:58 +0000 2021	4	2	"Para los que les sirva, muestro datos más simples de leer de distribución de casos confirmados y muertos, y casos confirmados y muertos por millón de habitantes, por provincia.
También una página interactiva.

https://t.co/UoryUFDQ2D
-------------------------- https://t.co/OJZpksc4s6"	https://twitter.com/jorgeluisaliaga/status/1389706142864003081	[]
jorgeluisaliaga	Tue May 04 22:18:57 +0000 2021	8	3	"Neuquén, Rio Negro, Chubut, Santa Cruz
Casos Diarios, Prom últimos 7 días, SUMA de últimos 14 días / 100.000 habitantes. Días de Duplicación, Log-Log Nuevos vs Total de Casos. 
INCIDENCIA y Factor de Crecimiento. Promedio de confirmados diarios últimas 15 semanas. https://t.co/Zbp6m01yrS"	https://twitter.com/jorgeluisaliaga/status/1389706137826578432	[]
jorgeluisaliaga	Tue May 04 22:18:56 +0000 2021	5	1	"La Rioja, San Juan, San Luis, Mendoza
Casos Diarios, Prom últimos 7 días, SUMA de últimos 14 días / 100.000 habitantes. Días de Duplicación, Log-Log Nuevos vs Total de Casos. 
INCIDENCIA y Factor de Crecimiento. Promedio de confirmados diarios últimas 15 semanas. https://t.co/eFtq14HftI"	https://twitter.com/jorgeluisaliaga/status/1389706132118065153	[]
jorgeluisaliaga	Tue May 04 22:18:54 +0000 2021	4	1	"Jujuy, Salta, Tucumán, Catamarca 
Casos Diarios, Prom últimos 7 días, SUMA de últimos 14 días / 100.000 habitantes. Días de Duplicación, Log-Log Nuevos vs Total de Casos. 
INCIDENCIA y Factor de Crecimiento. Promedio de confirmados diarios últimas 15 semanas. https://t.co/CA9zdsJqDZ"	https://twitter.com/jorgeluisaliaga/status/1389706126644719618	[]
jorgeluisaliaga	Tue May 04 22:18:53 +0000 2021	4	1	"Entre Ríos, Corrientes, Misiones, Formosa
Casos Diarios, Prom últimos 7 días, SUMA de últimos 14 días / 100.000 habitantes. Días de Duplicación, Log-Log Nuevos vs Total de Casos. 
INCIDENCIA y Factor de Crecimiento. Promedio de confirmados diarios últimas 15 semanas. https://t.co/qUhO2PY2ER"	https://twitter.com/jorgeluisaliaga/status/1389706120839716866	[]
jorgeluisaliaga	Tue May 04 22:18:51 +0000 2021	4	1	"Santa Fé, Córdoba, Chaco, Santiago del Estero
Casos Diarios, Prom últimos 7 días, SUMA de últimos 14 días / 100.000 habitantes. Días de Duplicación, Log-Log Nuevos vs Total de Casos. 
INCIDENCIA y Factor de Crecimiento. Promedio de confirmados diarios últimas 15 semanas. https://t.co/qm84Hz8b8c"	https://twitter.com/jorgeluisaliaga/status/1389706114942578690	[]
jorgeluisaliaga	Tue May 04 22:18:50 +0000 2021	5	1	"CABA, PBA, La Pampa, Tierra del Fuego 
Casos Diarios, Prom últimos 7 días, SUMA de últimos 14 días / 100.000 habitantes. Días de Duplicación, Log-Log Nuevos vs Total de Casos. 
INCIDENCIA y Factor de Crecimiento. Promedio de confirmados diarios últimas 15 semanas. https://t.co/urRzzDV9Wt"	https://twitter.com/jorgeluisaliaga/status/1389706108902727685	[]
jorgeluisaliaga	Tue May 04 22:18:49 +0000 2021	5	1	"Muestro la evolución de la cantidad de días necesarios para duplicar (x2) y para decuplicar (x10) (Total y Activos).
La cantidad de días para duplicación aumento de entre 3 y 4 a 26 y ahora está en 112. Por 10 en 373 días. https://t.co/l7BQuqO1Mr"	https://twitter.com/jorgeluisaliaga/status/1389706103546581002	[]
jorgeluisaliaga	Tue May 04 22:18:48 +0000 2021	5	1	"Evolución de la INCIDENCIA y del Factor de Crecimiento (ver Inf del 16/4). 
Muestro también la evolución de la tasa de variación de la cantidad de casos cada 2, 4, y 10 días (ver inf 4/4 y 5/4). También detalle desde el 10/04/21. https://t.co/3tZRHm5F01"	https://twitter.com/jorgeluisaliaga/status/1389706098672873475	[]
jorgeluisaliaga	Tue May 04 22:18:46 +0000 2021	6	1	Muestro en Log-Log Casos Nuevos vs Totales (promedio para cada día con los valores de los siete últimos) (si hay duda, ver inf 3/4). https://t.co/tJkJqjWsw4	https://twitter.com/jorgeluisaliaga/status/1389706093526347777	[]
jorgeluisaliaga	Tue May 04 22:18:45 +0000 2021	6	2	"9/1 rearmé el informe.
Total de casos según fecha de carga en escala semilogarítmica, para ver comportamiento exponencial y su velocidad.
Promedio de casos confirmados, UTI y fallecidos por fecha de carga por semana en las últimas 30 semanas. https://t.co/mDH5d92KJL"	https://twitter.com/jorgeluisaliaga/status/1389706089311182858	[]
jorgeluisaliaga	Tue May 04 22:18:44 +0000 2021	5	2	"23 provincias con INCIDENCIA mayor a 150 casos / 100.000 en los últimos 14 días.
11 provincias con Razón de Casos mayor a 1 (creciendo). 
Incidencia Nacional = 669 casos
Razón de Casos Nacional = 0,96 https://t.co/xhwYspxwVB"	https://twitter.com/jorgeluisaliaga/status/1389706083925639170	[]
jorgeluisaliaga	Tue May 04 22:18:43 +0000 2021	48	18	"Situación COVID-19 al 4/5

Hoy 26.238 nuevos casos confirmados.
21 provincias con ""riesgo sanitario ALTO"".
3 provincias con "" riesgo sanitario MEDIO"".
Como dijimos ayer, había que esperar si hoy y mañana no había carga demorada x feriado.
La cantidad total de casos es 3.047.417. https://t.co/H4bPPpVa1O"	https://twitter.com/jorgeluisaliaga/status/1389706078045327364	[]
jorgeluisaliaga	Tue May 04 10:38:54 +0000 2021	4	1	"#BO
“PROYECTO AUMENTO DE CAPACIDAD DE LAS REDES INCORPORADAS A LA RED FEDERAL DE FIBRA ÓPTICA (REFEFO) EN LA PROVINCIA DE TIERRA DEL FUEGO, ANTÁRTIDA E ISLAS DEL ATLÁNTICO SUR”

https://t.co/f0RygQsKm5"	https://twitter.com/jorgeluisaliaga/status/1389529966530940931	[{'text': 'BO', 'indices': [0, 3]}]
jorgeluisaliaga	Tue May 04 10:38:54 +0000 2021	4	1	"#BO
Aprobar la nómina de proyectos seleccionados por el Jurado del Concurso Nacional de Documental denominado: “María Remedios del Valle: Capitana, Madre de la Patria”, en carácter de ganador y suplentes

https://t.co/cSu5M7SweV"	https://twitter.com/jorgeluisaliaga/status/1389529965117558785	[{'text': 'BO', 'indices': [0, 3]}]
jorgeluisaliaga	Tue May 04 10:38:54 +0000 2021	2	0	"#BO
MINISTERIO DE CULTURA - Aprobar la creación del PROGRAMA IMPULSAR

https://t.co/Cc4r6kUwe5"	https://twitter.com/jorgeluisaliaga/status/1389529963704037381	[{'text': 'BO', 'indices': [0, 3]}]
jorgeluisaliaga	Tue May 04 10:38:53 +0000 2021	3	1	"#BO
Prorrogar el plazo de finalización de inscripciones al PROGRESAR Líneas “Finalización de la educación obligatoria” y “Fomento de la educación superior”, y “Becas para el fomento de la educación superior en enfermería” hasta el 21/05/2021.

https://t.co/9F01P6FSoT"	https://twitter.com/jorgeluisaliaga/status/1389529962345111559	[{'text': 'BO', 'indices': [0, 3]}]
jorgeluisaliaga	Tue May 04 10:38:53 +0000 2021	2	0	"#BO
Declarar incluido en el régimen del artículo 43 de la Ley de Educación Superior N° 24.521 al título de LICENCIADO/A EN TERAPIA OCUPACIONAL.

https://t.co/ulHbQ4sDJg"	https://twitter.com/jorgeluisaliaga/status/1389529960923156481	[{'text': 'BO', 'indices': [0, 3]}]
jorgeluisaliaga	Tue May 04 10:38:53 +0000 2021	3	0	"#BO
Apruébase el Presupuesto Consolidado del Sector Público Nacional correspondiente al Ejercicio Fiscal 2021

https://t.co/53Bn1RIdOS"	https://twitter.com/jorgeluisaliaga/status/1389529959593648128	[{'text': 'BO', 'indices': [0, 3]}]
jorgeluisaliaga	Tue May 04 10:38:52 +0000 2021	11	2	"#BO
Apruébase la Reglamentación de la Ley Nº 26.270 de “Desarrollo y Producción de la Biotecnología Moderna”

https://t.co/ia3SxJlPOD"	https://twitter.com/jorgeluisaliaga/status/1389529958155005956	[{'text': 'BO', 'indices': [0, 3]}]
jorgeluisaliaga	Tue May 04 03:08:01 +0000 2021	1	1	@threadreaderapp unroll	https://twitter.com/jorgeluisaliaga/status/1389416497521512448	[]
jorgeluisaliaga	Tue May 04 03:07:54 +0000 2021	3	1	"Todos los informes e información en mi sitio

https://t.co/OOPfZIjwmV

La Tabla de datos informados por @msalnacion los puse en:

https://t.co/A6X5GTltVQ"	https://twitter.com/jorgeluisaliaga/status/1389416465217032194	[]
jorgeluisaliaga	Tue May 04 03:07:53 +0000 2021	2	1	Casos confirmados por rango etario en CABA y PBA con detalle de edades escolares. https://t.co/vAzivblJIh	https://twitter.com/jorgeluisaliaga/status/1389416462457114626	[]
jorgeluisaliaga	Tue May 04 03:07:51 +0000 2021	0	1	"Edad promedio de confirmados y de mayores de 70 años por semana de inicio de síntoma.
Cantidad de fallecidos y su edad media, y fallecidos mayores de 70 años por semana de inicio de síntoma. https://t.co/cCZs8MsU5c"	https://twitter.com/jorgeluisaliaga/status/1389416456350314500	[]
jorgeluisaliaga	Tue May 04 03:07:50 +0000 2021	1	1	"De los 540 informados como fallecidos, 216 fallecieron hace más de 9 días.
3 de SEPTIEMBRE Neuquén
1 de NOVIEMBRE Salta
1 de DICIEMBRE San Luis
27 de MARZO (23 Santa Fe, 4 Salta)
Se muestra días entre inicio de síntoma y fallecimiento, largas internaciones. https://t.co/ej6bAcDca4"	https://twitter.com/jorgeluisaliaga/status/1389416450864070657	[]
jorgeluisaliaga	Tue May 04 03:07:49 +0000 2021	1	1	"Confirmados y sospechosos por fecha de apertura en TOTAL, CABA y PBA.
Testeo y positividad por semana de apertura. https://t.co/iZIxBZu3bP"	https://twitter.com/jorgeluisaliaga/status/1389416447131140096	[]
jorgeluisaliaga	Tue May 04 03:07:48 +0000 2021	1	0	Detalles de Tests Confirmados, Descartados y Sospechosos según residencia en PBA y CABA por semana, con detalles según lugar de carga y sector público o privado. Amarillo es lo pendiente. https://t.co/id5upWMX4n	https://twitter.com/jorgeluisaliaga/status/1389416442387439619	[]
jorgeluisaliaga	Tue May 04 03:07:47 +0000 2021	0	0	"Ya se hicieron 8.895.755 Tests de diagnóstico (error +/- 10 tests), 30,8% de positividad.
Hoy 50.834, 27,6% la positividad. 
Cuando teníamos 10% de positividad (10/5) había 250-300 casos por día. https://t.co/BEzA7wdXlj"	https://twitter.com/jorgeluisaliaga/status/1389416437891096586	[]
jorgeluisaliaga	Tue May 04 03:07:46 +0000 2021	0	0	"Los casos ordenados por fecha de síntoma, promediada cada día los últimos 7 en lineal y semi-log (ver inf 24/7). Y Por millón de habitantes.
Hasta ahora las amarillas ""predicen"" lo que van a hacer las curvas x síntoma cuando entren casos de esas fechas, atención la suba. https://t.co/c2XQwVsqR5"	https://twitter.com/jorgeluisaliaga/status/1389416433583525890	[]
jorgeluisaliaga	Tue May 04 03:07:45 +0000 2021	1	1	"Sitios con datos / figuras

Gran info regional: Soledad Retamar @sole_reta 

https://t.co/LLv9J5EA7o

Rodrigo Castro @RodrigoD_Castro

https://t.co/9etT4FOHyf"	https://twitter.com/jorgeluisaliaga/status/1389416429645189124	[]
jorgeluisaliaga	Tue May 04 03:07:45 +0000 2021	2	1	"Hilos recomendados:

Semáforo: Martin Barrionuevo @mmbarrionuevo

https://t.co/shAqgB1K7T

Rio Negro+Neuquen: Clari Cardozo Castro @ClariCardozoCas

Diseño @TotinFraire Elaboración @Fedwr

https://t.co/iDkaXmPQy5"	https://twitter.com/jorgeluisaliaga/status/1389416427900256257	[]
jorgeluisaliaga	Mon May 03 20:58:47 +0000 2021	14	3	"A partir del 5/2/21 saco el informe en dos partes, la primera cuando sale el parte diario y el complemento cuando se actualiza la base de datos, después de las 21:30.

FIN PRIMERA PARTE."	https://twitter.com/jorgeluisaliaga/status/1389323573962158080	[]
jorgeluisaliaga	Mon May 03 20:58:46 +0000 2021	14	3	"Hoy se llegó a 64.792 (+540) personas fallecidas. 
Se reportaron 2.698.072 (+21875) personas recuperadas (89,3%). 
5426(+55) en Terapia. 
Distintos estados de casos en escala semi-logaritmica. 
Lineal muertos y UTI para ver fácil subas. https://t.co/hqdVRcXh70"	https://twitter.com/jorgeluisaliaga/status/1389323571898507279	[]
jorgeluisaliaga	Mon May 03 20:58:45 +0000 2021	5	2	Avance de la Vacunación por sector, por edad y marca de vacuna, por provincia y grupo etario y por provincia y sector. https://t.co/ypMI7rSGHC	https://twitter.com/jorgeluisaliaga/status/1389323566454394888	[]
jorgeluisaliaga	Mon May 03 20:58:44 +0000 2021	5	2	Evolución de la vacunación en todo el país, CABA y PBA. Porcentaje de vacunas aplicadas en relación con las distribuidas. https://t.co/ynh2ZV7TKD	https://twitter.com/jorgeluisaliaga/status/1389323561114931200	[]
jorgeluisaliaga	Mon May 03 20:58:42 +0000 2021	4	2	Avance de la Vacunación por provincia según datos cargado hasta hoy a las 6 AM de &gt;&gt; https://t.co/bBb2CUzoT6 y https://t.co/TNJm7ZPDNK https://t.co/bYKmM14Bxc	https://twitter.com/jorgeluisaliaga/status/1389323555507261444	[]
jorgeluisaliaga	Mon May 03 20:58:41 +0000 2021	3	1	"Muestro ajuste.  Uso el crecimiento exponencial con que se ajustaban los datos al 25/3 para una logística, más adecuado en esta etapa de la epidemia, que explico en detalle en este documento (estimo infectados asumiendo un 70% de asintomáticos): 

https://t.co/xDGEjpspvW https://t.co/C57UUzBNHi"	https://twitter.com/jorgeluisaliaga/status/1389323550021103618	[]
jorgeluisaliaga	Mon May 03 20:58:40 +0000 2021	3	1	"Fallecidos por millón de habitantes por provincia.
Detalle de fecha del último caso de cada provincia. Todas las provincias activas. 
También muestro cantidad de días sin casos por provincia y provincias con casos y casos durante la epidemia. https://t.co/zvEhcHDAG2"	https://twitter.com/jorgeluisaliaga/status/1389323544908161025	[]
jorgeluisaliaga	Mon May 03 20:58:39 +0000 2021	3	1	"Para los que les sirva, muestro datos más simples de leer de distribución de casos confirmados y muertos, y casos confirmados y muertos por millón de habitantes, por provincia.
También una página interactiva.

https://t.co/UoryUFDQ2D
-------------------------- https://t.co/KRgwFzNqMR"	https://twitter.com/jorgeluisaliaga/status/1389323540432887824	[]
jorgeluisaliaga	Mon May 03 20:58:37 +0000 2021	4	1	"Neuquén, Rio Negro, Chubut, Santa Cruz
Casos Diarios, Prom últimos 7 días, SUMA de últimos 14 días / 100.000 habitantes. Días de Duplicación, Log-Log Nuevos vs Total de Casos. 
INCIDENCIA y Factor de Crecimiento. Promedio de confirmados diarios últimas 15 semanas. https://t.co/urOn3kaDY8"	https://twitter.com/jorgeluisaliaga/status/1389323535613628423	[]
jorgeluisaliaga	Mon May 03 20:58:36 +0000 2021	3	1	"La Rioja, San Juan, San Luis, Mendoza
Casos Diarios, Prom últimos 7 días, SUMA de últimos 14 días / 100.000 habitantes. Días de Duplicación, Log-Log Nuevos vs Total de Casos. 
INCIDENCIA y Factor de Crecimiento. Promedio de confirmados diarios últimas 15 semanas. https://t.co/96U6O6VV4i"	https://twitter.com/jorgeluisaliaga/status/1389323530370748420	[]
jorgeluisaliaga	Mon May 03 20:58:35 +0000 2021	3	1	"Jujuy, Salta, Tucumán, Catamarca 
Casos Diarios, Prom últimos 7 días, SUMA de últimos 14 días / 100.000 habitantes. Días de Duplicación, Log-Log Nuevos vs Total de Casos. 
INCIDENCIA y Factor de Crecimiento. Promedio de confirmados diarios últimas 15 semanas. https://t.co/nDpNwDvbTh"	https://twitter.com/jorgeluisaliaga/status/1389323525329244160	[]
jorgeluisaliaga	Mon May 03 20:58:34 +0000 2021	3	1	"Entre Ríos, Corrientes, Misiones, Formosa
Casos Diarios, Prom últimos 7 días, SUMA de últimos 14 días / 100.000 habitantes. Días de Duplicación, Log-Log Nuevos vs Total de Casos. 
INCIDENCIA y Factor de Crecimiento. Promedio de confirmados diarios últimas 15 semanas. https://t.co/1dSwZ4LbaH"	https://twitter.com/jorgeluisaliaga/status/1389323519851483142	[]
jorgeluisaliaga	Mon May 03 20:58:32 +0000 2021	4	1	"Santa Fé, Córdoba, Chaco, Santiago del Estero
Casos Diarios, Prom últimos 7 días, SUMA de últimos 14 días / 100.000 habitantes. Días de Duplicación, Log-Log Nuevos vs Total de Casos. 
INCIDENCIA y Factor de Crecimiento. Promedio de confirmados diarios últimas 15 semanas. https://t.co/9QIooDVOLv"	https://twitter.com/jorgeluisaliaga/status/1389323513983602690	[]
jorgeluisaliaga	Mon May 03 20:58:31 +0000 2021	5	2	"CABA, PBA, La Pampa, Tierra del Fuego 
Casos Diarios, Prom últimos 7 días, SUMA de últimos 14 días / 100.000 habitantes. Días de Duplicación, Log-Log Nuevos vs Total de Casos. 
INCIDENCIA y Factor de Crecimiento. Promedio de confirmados diarios últimas 15 semanas. https://t.co/St7zgUlhFq"	https://twitter.com/jorgeluisaliaga/status/1389323508371574785	[]
jorgeluisaliaga	Mon May 03 20:58:30 +0000 2021	5	2	"Muestro la evolución de la cantidad de días necesarios para duplicar (x2) y para decuplicar (x10) (Total y Activos).
La cantidad de días para duplicación aumento de entre 3 y 4 a 26 y ahora está en 107. Por 10 en 354 días. https://t.co/ksHbwU5lI6"	https://twitter.com/jorgeluisaliaga/status/1389323502948425739	[]
jorgeluisaliaga	Mon May 03 20:58:29 +0000 2021	5	1	"Evolución de la INCIDENCIA y del Factor de Crecimiento (ver Inf del 16/4). 
Muestro también la evolución de la tasa de variación de la cantidad de casos cada 2, 4, y 10 días (ver inf 4/4 y 5/4). También detalle desde el 10/04/21. https://t.co/jQSaVN8oEq"	https://twitter.com/jorgeluisaliaga/status/1389323498871574535	[]
jorgeluisaliaga	Mon May 03 20:58:28 +0000 2021	4	1	Muestro en Log-Log Casos Nuevos vs Totales (promedio para cada día con los valores de los siete últimos) (si hay duda, ver inf 3/4). https://t.co/WV3Xm3MScn	https://twitter.com/jorgeluisaliaga/status/1389323494471651335	[]
jorgeluisaliaga	Mon May 03 20:58:27 +0000 2021	5	1	"9/1 rearmé el informe.
Total de casos según fecha de carga en escala semilogarítmica, para ver comportamiento exponencial y su velocidad.
Promedio de casos confirmados, UTI y fallecidos por fecha de carga por semana en las últimas 30 semanas. https://t.co/VeEf7QWAHL"	https://twitter.com/jorgeluisaliaga/status/1389323490642350083	[]
jorgeluisaliaga	Mon May 03 20:58:26 +0000 2021	5	2	"23 provincias con INCIDENCIA mayor a 150 casos / 100.000 en los últimos 14 días.
15 provincias con Razón de Casos mayor a 1 (creciendo). 
Incidencia Nacional = 676 casos
Razón de Casos Nacional = 1,00 https://t.co/FqgOz049Ts"	https://twitter.com/jorgeluisaliaga/status/1389323485730717701	[]
jorgeluisaliaga	Mon May 03 20:58:24 +0000 2021	5	1	"Hay que esperar a martes y miércoles para ver si hay carga demorada del fin de semana con feriado.

La movilidad en CABA se estabiliza luego tres semanas de baja https://t.co/mj1fGW6bWY"	https://twitter.com/jorgeluisaliaga/status/1389323481096069121	[]
jorgeluisaliaga	Mon May 03 20:58:23 +0000 2021	71	28	"Situación COVID-19 al 3/5

Hoy 15.920 nuevos casos confirmados.
20 provincias con ""riesgo sanitario ALTO"".
2 provincias con "" riesgo sanitario MEDIO"".
Se va consolidando la baja de confirmados, se hace más lenta la suba de UTI.
La cantidad total de casos es 3.021.179. https://t.co/Dr07QwHf5E"	https://twitter.com/jorgeluisaliaga/status/1389323476763295750	[]
jorgeluisaliaga	Mon May 03 11:38:07 +0000 2021	4	0	"#BO
Créase el PROGRAMA JÓVENES Y MICRO, PEQUEÑAS Y MEDIANAS EMPRESAS (PROGRAMA JÓVENES Y MIPYMES)

https://t.co/vhtULJgIZe"	https://twitter.com/jorgeluisaliaga/status/1389182477453959175	[{'text': 'BO', 'indices': [0, 3]}]
jorgeluisaliaga	Mon May 03 11:38:06 +0000 2021	4	0	"#BO
Apruébase el “PROGRAMA DE EMERGENCIA PARA GARANTIZAR EL ACCESO A SERVICIOS TIC PARA HABITANTES DE LA COMARCA ANDINA DEL PARALELO 42° ANTE DESASTRES Y CATÁSTROFES”

https://t.co/BH7ETTBBpl"	https://twitter.com/jorgeluisaliaga/status/1389182475956637703	[{'text': 'BO', 'indices': [0, 3]}]
jorgeluisaliaga	Mon May 03 11:38:06 +0000 2021	0	0	"#BO
Créase el Programa CONTACTO PYME

https://t.co/pf0U1z7BcK"	https://twitter.com/jorgeluisaliaga/status/1389182474698248194	[{'text': 'BO', 'indices': [0, 3]}]
jorgeluisaliaga	Mon May 03 11:38:06 +0000 2021	1	0	"#BO
Normativa para la incorporación proyecto de inversión al Plan Nacional de Inversiones Públicas (PNIP)

https://t.co/IsFmCQ8paW"	https://twitter.com/jorgeluisaliaga/status/1389182473494573056	[{'text': 'BO', 'indices': [0, 3]}]
jorgeluisaliaga	Mon May 03 03:16:04 +0000 2021	3	0	@threadreaderapp unroll	https://twitter.com/jorgeluisaliaga/status/1389056133923475456	[]
jorgeluisaliaga	Mon May 03 03:15:50 +0000 2021	7	5	"Todos los informes e información en mi sitio

https://t.co/OOPfZIjwmV

La Tabla de datos informados por @msalnacion los puse en:

https://t.co/A6X5GTltVQ"	https://twitter.com/jorgeluisaliaga/status/1389056077426307072	[]
jorgeluisaliaga	Mon May 03 03:15:50 +0000 2021	5	4	Casos confirmados por rango etario en CABA y PBA con detalle de edades escolares. https://t.co/KwKtGdNe6o	https://twitter.com/jorgeluisaliaga/status/1389056074276298755	[]
jorgeluisaliaga	Mon May 03 03:15:48 +0000 2021	4	1	"Edad promedio de confirmados y de mayores de 70 años por semana de inicio de síntoma.
Cantidad de fallecidos y su edad media, y fallecidos mayores de 70 años por semana de inicio de síntoma. https://t.co/9NPaLdScah"	https://twitter.com/jorgeluisaliaga/status/1389056067364077580	[]
jorgeluisaliaga	Mon May 03 03:15:45 +0000 2021	3	4	"De los 156 informados como fallecidos, 55 fallecieron hace más de 8 días.
1 de FEBRERO CABA
2 de MARZO CABA

Se muestra días entre inicio de síntoma y fallecimiento, largas internaciones. https://t.co/S05d4uig3H"	https://twitter.com/jorgeluisaliaga/status/1389056055959769096	[]
jorgeluisaliaga	Mon May 03 03:15:44 +0000 2021	1	0	"Confirmados y sospechosos por fecha de apertura en TOTAL, CABA y PBA.
Testeo y positividad por semana de apertura. https://t.co/rQBvNsknpT"	https://twitter.com/jorgeluisaliaga/status/1389056051312566272	[]
jorgeluisaliaga	Mon May 03 03:15:43 +0000 2021	1	0	Detalles de Tests Confirmados, Descartados y Sospechosos según residencia en PBA y CABA por semana, con detalles según lugar de carga y sector público o privado. Amarillo es lo pendiente. https://t.co/OasXp2FK6b	https://twitter.com/jorgeluisaliaga/status/1389056045897637888	[]
jorgeluisaliaga	Mon May 03 03:15:40 +0000 2021	1	0	"Ya se hicieron 8.844.921 Tests de diagnóstico (error +/- 10 tests), 30,8% de positividad.
Hoy 24.941, 42,9% la positividad. 
Cuando teníamos 10% de positividad (10/5) había 250-300 casos por día. https://t.co/iSUkTrTcK1"	https://twitter.com/jorgeluisaliaga/status/1389056033658703879	[]
jorgeluisaliaga	Mon May 03 03:15:38 +0000 2021	1	1	"Los casos ordenados por fecha de síntoma, promediada cada día los últimos 7 en lineal y semi-log (ver inf 24/7). Y Por millón de habitantes.
Hasta ahora las amarillas ""predicen"" lo que van a hacer las curvas x síntoma cuando entren casos de esas fechas, atención la suba. https://t.co/Ieh7Y4KfMg"	https://twitter.com/jorgeluisaliaga/status/1389056026503225346	[]
jorgeluisaliaga	Mon May 03 03:15:37 +0000 2021	1	1	"Sitios con datos / figuras

Gran info regional: Soledad Retamar @sole_reta 

https://t.co/LLv9J5EA7o

Rodrigo Castro @RodrigoD_Castro

https://t.co/9etT4FOHyf"	https://twitter.com/jorgeluisaliaga/status/1389056021667192832	[]
jorgeluisaliaga	Mon May 03 03:15:37 +0000 2021	2	2	"Semáforo: Martin Barrionuevo @mmbarrionuevo

https://t.co/YVcjkWxskp

Rio Negro+Neuquen: Clari Cardozo Castro @ClariCardozoCas

Diseño @TotinFraire Elaboración @Fedwr

https://t.co/AbvOtbzqon"	https://twitter.com/jorgeluisaliaga/status/1389056019591012352	[]
jorgeluisaliaga	Sun May 02 20:38:04 +0000 2021	9	4	"A partir del 5/2/21 saco el informe en dos partes, la primera cuando sale el parte diario y el complemento cuando se actualiza la base de datos, después de las 21:30.

FIN PRIMERA PARTE."	https://twitter.com/jorgeluisaliaga/status/1388955972773851141	[]
jorgeluisaliaga	Sun May 02 20:38:03 +0000 2021	5	8	"Hoy se llegó a 64.252 (+156) personas fallecidas. 
Se reportaron 2.676.197 (+20838) personas recuperadas (89,1%). 
53701(+1) en Terapia. 
Distintos estados de casos en escala semi-logaritmica. 
Lineal muertos y UTI para ver fácil subas. https://t.co/LMFqVLdIsk"	https://twitter.com/jorgeluisaliaga/status/1388955970785718276	[]
jorgeluisaliaga	Sun May 02 20:38:02 +0000 2021	2	3	Avance de la Vacunación por sector, por edad y marca de vacuna, por provincia y grupo etario y por provincia y sector. https://t.co/mjPqKF0FOj	https://twitter.com/jorgeluisaliaga/status/1388955966192893954	[]
jorgeluisaliaga	Sun May 02 20:38:01 +0000 2021	1	2	Evolución de la vacunación en todo el país, CABA y PBA. Porcentaje de vacunas aplicadas en relación con las distribuidas. https://t.co/v9XLc9LTBl	https://twitter.com/jorgeluisaliaga/status/1388955960803303425	[]
jorgeluisaliaga	Sun May 02 20:37:59 +0000 2021	2	3	Avance de la Vacunación por provincia según datos cargado hasta hoy a las 6 AM de &gt;&gt; https://t.co/bBb2CUzoT6 y https://t.co/TNJm7ZPDNK https://t.co/maeqAVV37l	https://twitter.com/jorgeluisaliaga/status/1388955954809606144	[]
jorgeluisaliaga	Sun May 02 20:37:58 +0000 2021	1	2	"Muestro ajuste.  Uso el crecimiento exponencial con que se ajustaban los datos al 25/3 para una logística, más adecuado en esta etapa de la epidemia, que explico en detalle en este documento (estimo infectados asumiendo un 70% de asintomáticos): 

https://t.co/xDGEjpspvW https://t.co/oLqxU98Hp1"	https://twitter.com/jorgeluisaliaga/status/1388955948354609167	[]
jorgeluisaliaga	Sun May 02 20:37:57 +0000 2021	1	2	"Fallecidos por millón de habitantes por provincia.
Detalle de fecha del último caso de cada provincia. Todas las provincias activas. 
También muestro cantidad de días sin casos por provincia y provincias con casos y casos durante la epidemia. https://t.co/CtWeOG8M6P"	https://twitter.com/jorgeluisaliaga/status/1388955943795363841	[]
jorgeluisaliaga	Sun May 02 20:37:56 +0000 2021	2	2	"Para los que les sirva, muestro datos más simples de leer de distribución de casos confirmados y muertos, y casos confirmados y muertos por millón de habitantes, por provincia.
También una página interactiva.

https://t.co/UoryUFDQ2D
-------------------------- https://t.co/Kz1LJ89KVB"	https://twitter.com/jorgeluisaliaga/status/1388955938728579073	[]
jorgeluisaliaga	Sun May 02 20:37:54 +0000 2021	1	3	"Neuquén, Rio Negro, Chubut, Santa Cruz
Casos Diarios, Prom últimos 7 días, SUMA de últimos 14 días / 100.000 habitantes. Días de Duplicación, Log-Log Nuevos vs Total de Casos. 
INCIDENCIA y Factor de Crecimiento. Promedio de confirmados diarios últimas 15 semanas. https://t.co/qof8BZe8O0"	https://twitter.com/jorgeluisaliaga/status/1388955933129285636	[]
jorgeluisaliaga	Sun May 02 20:37:53 +0000 2021	2	3	"La Rioja, San Juan, San Luis, Mendoza
Casos Diarios, Prom últimos 7 días, SUMA de últimos 14 días / 100.000 habitantes. Días de Duplicación, Log-Log Nuevos vs Total de Casos. 
INCIDENCIA y Factor de Crecimiento. Promedio de confirmados diarios últimas 15 semanas. https://t.co/64bHC1Ur2G"	https://twitter.com/jorgeluisaliaga/status/1388955927622176771	[]
jorgeluisaliaga	Sun May 02 20:37:52 +0000 2021	1	3	"Jujuy, Salta, Tucumán, Catamarca 
Casos Diarios, Prom últimos 7 días, SUMA de últimos 14 días / 100.000 habitantes. Días de Duplicación, Log-Log Nuevos vs Total de Casos. 
INCIDENCIA y Factor de Crecimiento. Promedio de confirmados diarios últimas 15 semanas. https://t.co/1a6gTW3TCI"	https://twitter.com/jorgeluisaliaga/status/1388955922593165313	[]
jorgeluisaliaga	Sun May 02 20:37:50 +0000 2021	2	2	"Entre Ríos, Corrientes, Misiones, Formosa
Casos Diarios, Prom últimos 7 días, SUMA de últimos 14 días / 100.000 habitantes. Días de Duplicación, Log-Log Nuevos vs Total de Casos. 
INCIDENCIA y Factor de Crecimiento. Promedio de confirmados diarios últimas 15 semanas. https://t.co/TsnrhTizKi"	https://twitter.com/jorgeluisaliaga/status/1388955916876267522	[]
jorgeluisaliaga	Sun May 02 20:37:49 +0000 2021	1	3	"Santa Fé, Córdoba, Chaco, Santiago del Estero
Casos Diarios, Prom últimos 7 días, SUMA de últimos 14 días / 100.000 habitantes. Días de Duplicación, Log-Log Nuevos vs Total de Casos. 
INCIDENCIA y Factor de Crecimiento. Promedio de confirmados diarios últimas 15 semanas. https://t.co/bGO67psQnh"	https://twitter.com/jorgeluisaliaga/status/1388955911826325509	[]
jorgeluisaliaga	Sun May 02 20:37:48 +0000 2021	5	3	"CABA, PBA, La Pampa, Tierra del Fuego 
Casos Diarios, Prom últimos 7 días, SUMA de últimos 14 días / 100.000 habitantes. Días de Duplicación, Log-Log Nuevos vs Total de Casos. 
INCIDENCIA y Factor de Crecimiento. Promedio de confirmados diarios últimas 15 semanas. https://t.co/edx4crFghK"	https://twitter.com/jorgeluisaliaga/status/1388955905832722433	[]
jorgeluisaliaga	Sun May 02 20:37:46 +0000 2021	5	3	"Muestro la evolución de la cantidad de días necesarios para duplicar (x2) y para decuplicar (x10) (Total y Activos).
La cantidad de días para duplicación aumento de entre 3 y 4 a 26 y ahora está en 95. Por 10 en 315 días. https://t.co/6VKXL0IgyP"	https://twitter.com/jorgeluisaliaga/status/1388955900728184834	[]
jorgeluisaliaga	Sun May 02 20:37:45 +0000 2021	1	3	"Evolución de la INCIDENCIA y del Factor de Crecimiento (ver Inf del 16/4). 
Muestro también la evolución de la tasa de variación de la cantidad de casos cada 2, 4, y 10 días (ver inf 4/4 y 5/4). También detalle desde el 10/04/21. https://t.co/zXXKhLGm1l"	https://twitter.com/jorgeluisaliaga/status/1388955896512974850	[]
jorgeluisaliaga	Sun May 02 20:37:44 +0000 2021	2	3	Muestro en Log-Log Casos Nuevos vs Totales (promedio para cada día con los valores de los siete últimos) (si hay duda, ver inf 3/4). https://t.co/OnOwsZqhlU	https://twitter.com/jorgeluisaliaga/status/1388955892176015362	[]
jorgeluisaliaga	Sun May 02 20:37:43 +0000 2021	3	3	"9/1 rearmé el informe.
Total de casos según fecha de carga en escala semilogarítmica, para ver comportamiento exponencial y su velocidad.
Promedio de casos confirmados, UTI y fallecidos por fecha de carga por semana en las últimas 30 semanas. https://t.co/9PmRi274Ka"	https://twitter.com/jorgeluisaliaga/status/1388955887373520897	[]
jorgeluisaliaga	Sun May 02 20:37:42 +0000 2021	3	3	"23 provincias con INCIDENCIA mayor a 150 casos / 100.000 en los últimos 14 días.
16 provincias con Razón de Casos mayor a 1 (creciendo). 
Incidencia Nacional = 686 casos
Razón de Casos Nacional = 1,04

Empieza a dejar de subir UTI, a una semana de estabilización de confirmados. https://t.co/LD2qwgte4v"	https://twitter.com/jorgeluisaliaga/status/1388955881715470338	[]
jorgeluisaliaga	Sun May 02 20:37:41 +0000 2021	4	3	"La INCIDENCIA sigue siendo muy alta en muchas provincias. 
En AMBA y fuera de AMBA la circulación, medida x uso de SUBE, se estabilizó la última semana. 
Veremos si los confirmados dejan de bajar. https://t.co/3t94GQ5pnq"	https://twitter.com/jorgeluisaliaga/status/1388955877298909190	[]
jorgeluisaliaga	Sun May 02 20:37:40 +0000 2021	75	27	"Situación COVID-19 al 2/5

Hoy 11.394 nuevos casos confirmados.
Veinte provincias con ""riesgo sanitario ALTO"".
Dos provincias con "" riesgo sanitario MEDIO"".
Sigue baja de confirmados. Puede haber menos carga x fin de semana con feriado.
La cantidad total de casos es 3.005.259. https://t.co/zXTSJ21woG"	https://twitter.com/jorgeluisaliaga/status/1388955872894853122	[]
jorgeluisaliaga	Sun May 02 11:32:39 +0000 2021	0	0	"@Cin_sanzz @ernestorr @Andrea_Gentil @norabar @mmbarrionuevo ¿No hay un teléfono de consulta de la provincia donde viven? 

https://t.co/9c6JdfhMkK"	https://twitter.com/jorgeluisaliaga/status/1388818715786027009	[]
jorgeluisaliaga	Sun May 02 11:30:35 +0000 2021	1	0	"@MerlinaChocarro Puede ser burocracia pendiente. Recordá que la carga depende de los efectores, laboratorios, clínicas y hospitales. 
Ej: Catamarca reporta en SISA 19 muertos, la provincia 115

https://t.co/0sBSLqQMdp"	https://twitter.com/jorgeluisaliaga/status/1388818194618531845	[]
jorgeluisaliaga	Sun May 02 11:26:01 +0000 2021	0	0	@isem20142015 Hola. Sobre los que ya tuvieron, no está claro cuanto dura esa inmunidad, no se compara con las vacunas. Sobre los vacunados, como son grupos de riesgo pero no los que mas se contagian, se debería ver fuerte baja de internación, no necesariamente de casos.	https://twitter.com/jorgeluisaliaga/status/1388817045387624449	[]
jorgeluisaliaga	Sun May 02 03:06:13 +0000 2021	3	1	@threadreaderapp unroll	https://twitter.com/jorgeluisaliaga/status/1388691269241683969	[]
jorgeluisaliaga	Sun May 02 03:05:55 +0000 2021	8	2	"Todos los informes e información en mi sitio

https://t.co/OOPfZIjwmV

La Tabla de datos informados por @msalnacion los puse en:

https://t.co/A6X5GTltVQ"	https://twitter.com/jorgeluisaliaga/status/1388691190233632770	[]
jorgeluisaliaga	Sun May 02 03:05:54 +0000 2021	7	3	Casos confirmados por rango etario en CABA y PBA con detalle de edades escolares. https://t.co/JrEWEHRVr6	https://twitter.com/jorgeluisaliaga/status/1388691187767316481	[]
jorgeluisaliaga	Sun May 02 03:05:52 +0000 2021	5	2	"Edad promedio de confirmados y de mayores de 70 años por semana de inicio de síntoma.
Cantidad de fallecidos y su edad media, y fallecidos mayores de 70 años por semana de inicio de síntoma. https://t.co/KDfRN5tUqk"	https://twitter.com/jorgeluisaliaga/status/1388691181589221378	[]
jorgeluisaliaga	Sun May 02 03:05:51 +0000 2021	1	1	"Los fallecidos cargados demorados hoy:
1 de OCTUBRE CABA
2 de NOVIEMBRE (CABA, PBA)
3 de DICIEMBRE (2 PBA, Corrientes)
2 de ENERO PBA
4 de FEBRERO (2 PBA, CABA, Chaco)"	https://twitter.com/jorgeluisaliaga/status/1388691177055133696	[]
jorgeluisaliaga	Sun May 02 03:05:51 +0000 2021	1	1	"De los 231 informados como fallecidos, 34 fallecieron hace más de 14 días.

Se muestra días entre inicio de síntoma y fallecimiento, largas internaciones. https://t.co/8x4Dy3PjVP"	https://twitter.com/jorgeluisaliaga/status/1388691175239000069	[]
jorgeluisaliaga	Sun May 02 03:05:50 +0000 2021	1	1	"Confirmados y sospechosos por fecha de apertura en TOTAL, CABA y PBA.
Testeo y positividad por semana de apertura. https://t.co/3cFYG3Dmos"	https://twitter.com/jorgeluisaliaga/status/1388691171296354304	[]
jorgeluisaliaga	Sun May 02 03:05:49 +0000 2021	1	1	Detalles de Tests Confirmados, Descartados y Sospechosos según residencia en PBA y CABA por semana, con detalles según lugar de carga y sector público o privado. Amarillo es lo pendiente. https://t.co/MpooEne1ZR	https://twitter.com/jorgeluisaliaga/status/1388691166678368257	[]
jorgeluisaliaga	Sun May 02 03:05:48 +0000 2021	1	1	"Ya se hicieron 8.819.980 Tests de diagnóstico (error +/- 10 tests), 30,8% de positividad.
Hoy 42.804, 35,7% la positividad. 
Cuando teníamos 10% de positividad (10/5) había 250-300 casos por día. https://t.co/qQgDd438EE"	https://twitter.com/jorgeluisaliaga/status/1388691162026975236	[]
jorgeluisaliaga	Sun May 02 03:05:47 +0000 2021	2	1	"Los casos ordenados por fecha de síntoma, promediada cada día los últimos 7 en lineal y semi-log (ver inf 24/7). Y Por millón de habitantes.
Hasta ahora las amarillas ""predicen"" lo que van a hacer las curvas x síntoma cuando entren casos de esas fechas, atención la suba. https://t.co/Pl2zvORugF"	https://twitter.com/jorgeluisaliaga/status/1388691157123837955	[]
jorgeluisaliaga	Sun May 02 03:05:46 +0000 2021	2	1	"Sitios con datos / figuras

Gran info regional: Soledad Retamar @sole_reta 

https://t.co/LLv9J5EA7o

Rodrigo Castro @RodrigoD_Castro

https://t.co/9etT4FOHyf"	https://twitter.com/jorgeluisaliaga/status/1388691152933691396	[]
jorgeluisaliaga	Sun May 02 03:05:45 +0000 2021	5	1	"Hilos recomendados:

Semáforo: Martin Barrionuevo @mmbarrionuevo

https://t.co/g6EQwYWkXY

Rio Negro+Neuquen: Clari Cardozo Castro @ClariCardozoCas

Diseño @TotinFraire Elaboración @Fedwr

https://t.co/BoXJkjozVF"	https://twitter.com/jorgeluisaliaga/status/1388691151222345734	[]
jorgeluisaliaga	Sun May 02 00:23:18 +0000 2021	3	0	@curarlaracha @chaquetumate felicidades!	https://twitter.com/jorgeluisaliaga/status/1388650268678660100	[]
jorgeluisaliaga	Sat May 01 20:41:59 +0000 2021	9	1	"A partir del 5/2/21 saco el informe en dos partes, la primera cuando sale el parte diario y el complemento cuando se actualiza la base de datos, después de las 21:30.

FIN PRIMERA PARTE."	https://twitter.com/jorgeluisaliaga/status/1388594572893241346	[]
jorgeluisaliaga	Sat May 01 20:41:59 +0000 2021	7	1	"Hoy se llegó a 64.096 (+231) personas fallecidas. 
Se reportaron 2.655.359 (+21053) personas recuperadas (88,7%). 
5370 (+1) en Terapia. 
Distintos estados de casos en escala semi-logaritmica. 
Lineal muertos y UTI para ver fácil subas. https://t.co/1UNbumqbrs"	https://twitter.com/jorgeluisaliaga/status/1388594570854809600	[]
jorgeluisaliaga	Sat May 01 20:41:58 +0000 2021	1	1	Avance de la Vacunación por sector, por edad y marca de vacuna, por provincia y grupo etario y por provincia y sector. https://t.co/8bpN7oWJkR	https://twitter.com/jorgeluisaliaga/status/1388594566224302085	[]
jorgeluisaliaga	Sat May 01 20:41:56 +0000 2021	2	1	Evolución de la vacunación en todo el país, CABA y PBA. Porcentaje de vacunas aplicadas en relación con las distribuidas. https://t.co/G1aIwLDAML	https://twitter.com/jorgeluisaliaga/status/1388594560440455174	[]
jorgeluisaliaga	Sat May 01 20:41:55 +0000 2021	3	1	Avance de la Vacunación por provincia según datos cargado hasta hoy a las 6 AM de &gt;&gt; https://t.co/bBb2CUzoT6 y https://t.co/TNJm7ZPDNK https://t.co/Gvdt4tPRTE	https://twitter.com/jorgeluisaliaga/status/1388594554543251456	[]
jorgeluisaliaga	Sat May 01 20:41:54 +0000 2021	3	1	"Muestro ajuste.  Uso el crecimiento exponencial con que se ajustaban los datos al 25/3 para una logística, más adecuado en esta etapa de la epidemia, que explico en detalle en este documento (estimo infectados asumiendo un 70% de asintomáticos): 

https://t.co/xDGEjpspvW https://t.co/owtnvn53IR"	https://twitter.com/jorgeluisaliaga/status/1388594549321314307	[]
jorgeluisaliaga	Sat May 01 20:41:52 +0000 2021	4	2	"Fallecidos por millón de habitantes por provincia.
Detalle de fecha del último caso de cada provincia. Todas las provincias activas. 
También muestro cantidad de días sin casos por provincia y provincias con casos y casos durante la epidemia. https://t.co/cSrmZ3iCR4"	https://twitter.com/jorgeluisaliaga/status/1388594543650611203	[]
jorgeluisaliaga	Sat May 01 20:41:51 +0000 2021	4	2	"Para los que les sirva, muestro datos más simples de leer de distribución de casos confirmados y muertos, y casos confirmados y muertos por millón de habitantes, por provincia.
También una página interactiva.

https://t.co/UoryUFDQ2D
-------------------------- https://t.co/le3lNS2VY8"	https://twitter.com/jorgeluisaliaga/status/1388594538814521346	[]
jorgeluisaliaga	Sat May 01 20:41:50 +0000 2021	3	3	"Neuquén, Rio Negro, Chubut, Santa Cruz
Casos Diarios, Prom últimos 7 días, SUMA de últimos 14 días / 100.000 habitantes. Días de Duplicación, Log-Log Nuevos vs Total de Casos. 
INCIDENCIA y Factor de Crecimiento. Promedio de confirmados diarios últimas 15 semanas. https://t.co/YjIEWVhrJj"	https://twitter.com/jorgeluisaliaga/status/1388594532867051525	[]
jorgeluisaliaga	Sat May 01 20:41:48 +0000 2021	4	2	"La Rioja, San Juan, San Luis, Mendoza
Casos Diarios, Prom últimos 7 días, SUMA de últimos 14 días / 100.000 habitantes. Días de Duplicación, Log-Log Nuevos vs Total de Casos. 
INCIDENCIA y Factor de Crecimiento. Promedio de confirmados diarios últimas 15 semanas. https://t.co/qe572IeFB3"	https://twitter.com/jorgeluisaliaga/status/1388594527355772939	[]
jorgeluisaliaga	Sat May 01 20:41:47 +0000 2021	3	2	"Jujuy, Salta, Tucumán, Catamarca 
Casos Diarios, Prom últimos 7 días, SUMA de últimos 14 días / 100.000 habitantes. Días de Duplicación, Log-Log Nuevos vs Total de Casos. 
INCIDENCIA y Factor de Crecimiento. Promedio de confirmados diarios últimas 15 semanas. https://t.co/EE0wIimSiH"	https://twitter.com/jorgeluisaliaga/status/1388594522272194560	[]
jorgeluisaliaga	Sat May 01 20:41:46 +0000 2021	4	3	"Entre Ríos, Corrientes, Misiones, Formosa
Casos Diarios, Prom últimos 7 días, SUMA de últimos 14 días / 100.000 habitantes. Días de Duplicación, Log-Log Nuevos vs Total de Casos. 
INCIDENCIA y Factor de Crecimiento. Promedio de confirmados diarios últimas 15 semanas. https://t.co/Gko1EvnfTA"	https://twitter.com/jorgeluisaliaga/status/1388594516752490499	[]
jorgeluisaliaga	Sat May 01 20:41:44 +0000 2021	4	3	"Santa Fé, Córdoba, Chaco, Santiago del Estero
Casos Diarios, Prom últimos 7 días, SUMA de últimos 14 días / 100.000 habitantes. Días de Duplicación, Log-Log Nuevos vs Total de Casos. 
INCIDENCIA y Factor de Crecimiento. Promedio de confirmados diarios últimas 15 semanas. https://t.co/wC3JIUGxiJ"	https://twitter.com/jorgeluisaliaga/status/1388594510888906752	[]
jorgeluisaliaga	Sat May 01 20:41:43 +0000 2021	4	2	"CABA, PBA, La Pampa, Tierra del Fuego 
Casos Diarios, Prom últimos 7 días, SUMA de últimos 14 días / 100.000 habitantes. Días de Duplicación, Log-Log Nuevos vs Total de Casos. 
INCIDENCIA y Factor de Crecimiento. Promedio de confirmados diarios últimas 15 semanas. https://t.co/XukpX691jh"	https://twitter.com/jorgeluisaliaga/status/1388594505507655691	[]
jorgeluisaliaga	Sat May 01 20:41:42 +0000 2021	2	1	"Muestro la evolución de la cantidad de días necesarios para duplicar (x2) y para decuplicar (x10) (Total y Activos).
La cantidad de días para duplicación aumento de entre 3 y 4 a 26 y ahora está en 88. Por 10 en 293 días. https://t.co/PWINCNKJ1a"	https://twitter.com/jorgeluisaliaga/status/1388594500700983301	[]
jorgeluisaliaga	Sat May 01 20:41:41 +0000 2021	3	1	"Evolución de la INCIDENCIA y del Factor de Crecimiento (ver Inf del 16/4). 
Muestro también la evolución de la tasa de variación de la cantidad de casos cada 2, 4, y 10 días (ver inf 4/4 y 5/4). También detalle desde el 1/04/21. https://t.co/lLUy4g7MVK"	https://twitter.com/jorgeluisaliaga/status/1388594495491612677	[]
jorgeluisaliaga	Sat May 01 20:41:40 +0000 2021	3	1	Muestro en Log-Log Casos Nuevos vs Totales (promedio para cada día con los valores de los siete últimos) (si hay duda, ver inf 3/4). https://t.co/luqYnnHzY6	https://twitter.com/jorgeluisaliaga/status/1388594490546561025	[]
jorgeluisaliaga	Sat May 01 20:41:39 +0000 2021	5	1	"9/1 rearmé el informe.
Total de casos según fecha de carga en escala semilogarítmica, para ver comportamiento exponencial y su velocidad.
Promedio de casos confirmados, UTI y fallecidos por fecha de carga por semana en las últimas 30 semanas. https://t.co/3yUSC8FlnW"	https://twitter.com/jorgeluisaliaga/status/1388594486721323011	[]
jorgeluisaliaga	Sat May 01 20:41:37 +0000 2021	11	4	"23 provincias con INCIDENCIA mayor a 150 casos / 100.000 en los últimos 14 días.
18 provincias con Razón de Casos mayor a 1 (creciendo). 
Incidencia Nacional = 697 casos
Razón de Casos Nacional = 1,07 https://t.co/bpBdsTbRVZ"	https://twitter.com/jorgeluisaliaga/status/1388594481713274881	[]
jorgeluisaliaga	Sat May 01 20:41:36 +0000 2021	13	3	"El DNU 287/2021 de hoy redefinió las condiciones de para RIESGO EPIDEMIOLÓGICO Y SANITARIO Alto, Medio y Bajo (quedan grises).
También para definir ALARMA EPIDEMIOLÓGICA Y SANITARIA, pero eso depende del uso local de UTI, no sale de los partes.

https://t.co/6TDFgWt0Pk https://t.co/L0YkCIo5eT"	https://twitter.com/jorgeluisaliaga/status/1388594476168499202	[]
jorgeluisaliaga	Sat May 01 20:41:35 +0000 2021	69	27	"Situación COVID-19 al 1/5

Hoy 16.502 nuevos casos confirmados.
Veintiún provincias con ""riesgo sanitario ALTO"".
Tres provincias con ""riesgo sanitario MEDIO"".
Cierra semana 17 consolidando leve baja.
La cantidad total de casos es 2.993.865. https://t.co/e4N4sZyRTY"	https://twitter.com/jorgeluisaliaga/status/1388594472066424839	[]
jorgeluisaliaga	Sat May 01 18:20:40 +0000 2021	6	0	@vidusky ¿Dice algo de ventilación?	https://twitter.com/jorgeluisaliaga/status/1388559008357834754	[]
jorgeluisaliaga	Sat May 01 14:35:19 +0000 2021	3	1	"#BO
DIRECCIÓN NACIONAL DE MIGRACIONES - Prórroga de cierre de fronteras

https://t.co/MzQ75eJnCh"	https://twitter.com/jorgeluisaliaga/status/1388502296070348802	[{'text': 'BO', 'indices': [0, 3]}]
jorgeluisaliaga	Sat May 01 14:35:18 +0000 2021	4	2	"#BO
CIERRE DE FRONTERAS - Prórroga

https://t.co/d9htXGP2jd"	https://twitter.com/jorgeluisaliaga/status/1388502294849888257	[{'text': 'BO', 'indices': [0, 3]}]
jorgeluisaliaga	Sat May 01 14:35:18 +0000 2021	9	4	"#BO
MEDIDAS GENERALES DE PREVENCIÓN
DNU 287/2021

https://t.co/6TDFgWt0Pk"	https://twitter.com/jorgeluisaliaga/status/1388502293658677254	[{'text': 'BO', 'indices': [0, 3]}]
jorgeluisaliaga	Sat May 01 03:11:34 +0000 2021	1	0	@threadreaderapp unroll	https://twitter.com/jorgeluisaliaga/status/1388330224660713473	[]
jorgeluisaliaga	Sat May 01 03:11:22 +0000 2021	4	0	"Todos los informes e información en mi sitio

https://t.co/OOPfZIjwmV

La Tabla de datos informados por @msalnacion los puse en:

https://t.co/A6X5GTltVQ"	https://twitter.com/jorgeluisaliaga/status/1388330176723968006	[]
jorgeluisaliaga	Sat May 01 03:11:22 +0000 2021	8	5	Casos confirmados por rango etario en CABA y PBA con detalle de edades escolares. https://t.co/CcgAexqaaZ	https://twitter.com/jorgeluisaliaga/status/1388330174178119681	[]
jorgeluisaliaga	Sat May 01 03:11:20 +0000 2021	2	0	"Edad promedio de confirmados y de mayores de 70 años por semana de inicio de síntoma.
Cantidad de fallecidos y su edad media, y fallecidos mayores de 70 años por semana de inicio de síntoma. https://t.co/F4GyXj81Kw"	https://twitter.com/jorgeluisaliaga/status/1388330168087977985	[]
jorgeluisaliaga	Sat May 01 03:11:19 +0000 2021	0	0	"Los fallecidos cargados demorados hoy:
2 de AGOSTO Jujuy
5 de SEPTIEMBRE (4 Jujuy, Neuquén)
3 de OCTUBRE (2 CABA, PBA)
1 de NOVIEMBRE PBA
2 de ENERO PBA"	https://twitter.com/jorgeluisaliaga/status/1388330163625250819	[]
jorgeluisaliaga	Sat May 01 03:11:19 +0000 2021	1	1	"De los 357 informados como fallecidos, 33 fallecieron hace más de 13 días.

Se muestra días entre inicio de síntoma y fallecimiento, largas internaciones. https://t.co/yRChd0PLYr"	https://twitter.com/jorgeluisaliaga/status/1388330161330954246	[]
jorgeluisaliaga	Sat May 01 03:11:18 +0000 2021	0	0	"Confirmados y sospechosos por fecha de apertura en TOTAL, CABA y PBA.
Testeo y positividad por semana de apertura. https://t.co/ROstorFVqi"	https://twitter.com/jorgeluisaliaga/status/1388330157430214659	[]
jorgeluisaliaga	Sat May 01 03:11:16 +0000 2021	0	0	Detalles de Tests Confirmados, Descartados y Sospechosos según residencia en PBA y CABA por semana, con detalles según lugar de carga y sector público o privado. Amarillo es lo pendiente. https://t.co/N91OWpsUNK	https://twitter.com/jorgeluisaliaga/status/1388330152149590017	[]
jorgeluisaliaga	Sat May 01 03:11:15 +0000 2021	0	0	"Ya se hicieron 8.777.176 Tests de diagnóstico (error +/- 10 tests), 30,8% de positividad.
Hoy 56.245, 36,1% la positividad. 
Cuando teníamos 10% de positividad (10/5) había 250-300 casos por día. https://t.co/EStYxcbCg4"	https://twitter.com/jorgeluisaliaga/status/1388330147527417857	[]
jorgeluisaliaga	Sat May 01 03:11:14 +0000 2021	0	0	"Los casos ordenados por fecha de síntoma, promediada cada día los últimos 7 en lineal y semi-log (ver inf 24/7). Y Por millón de habitantes.
Hasta ahora las amarillas ""predicen"" lo que van a hacer las curvas x síntoma cuando entren casos de esas fechas, atención la suba. https://t.co/RzaCDDqjeu"	https://twitter.com/jorgeluisaliaga/status/1388330142959906820	[]
jorgeluisaliaga	Sat May 01 03:11:13 +0000 2021	0	0	"Sitios con datos / figuras

Gran info regional: Soledad Retamar @sole_reta 

https://t.co/LLv9J5EA7o

Rodrigo Castro @RodrigoD_Castro

https://t.co/9etT4FOHyf"	https://twitter.com/jorgeluisaliaga/status/1388330138694193160	[]
jorgeluisaliaga	Sat May 01 03:11:13 +0000 2021	3	0	"Hilos recomendados:

Semáforo: Martin Barrionuevo @mmbarrionuevo

https://t.co/dEiWJabKBS

Rio Negro+Neuquen: Clari Cardozo Castro @ClariCardozoCas

Diseño @TotinFraire Elaboración @Fedwr

https://t.co/q8bT8gT1y1"	https://twitter.com/jorgeluisaliaga/status/1388330136940994560	[]
jorgeluisaliaga	Sat May 01 02:15:31 +0000 2021	2	0	@ChGaravaglia @DaniTi16 Felicidades!	https://twitter.com/jorgeluisaliaga/status/1388316121993027587	[]
jorgeluisaliaga	Fri Apr 30 23:24:47 +0000 2021	1	0	@LaUnicaBeta No me parece. Son CABA, PBA, La Pampa y Tierra del Fuego. ¿O hay algo que no veo?	https://twitter.com/jorgeluisaliaga/status/1388273155244974080	[]
jorgeluisaliaga	Fri Apr 30 23:23:28 +0000 2021	12	5	"@morhijo Ah, lo que propone es cierre total hasta vacunar al 100%? No creo que sea factible. Alemania no tiene suficientes vacunas. porque hablamos de eso, ¿no?

https://t.co/aQ9ZjLrRc5"	https://twitter.com/jorgeluisaliaga/status/1388272823936892933	[]
jorgeluisaliaga	Fri Apr 30 23:15:58 +0000 2021	15	2	Felicitaciones a @webmesura y @felisi2punto0 , miembro de @aireamos , por esta gran iniciativa. https://t.co/0YYcNHxAqh	https://twitter.com/jorgeluisaliaga/status/1388270935539597313	[]
jorgeluisaliaga	Fri Apr 30 22:36:48 +0000 2021	13	7	"La segunda ola tensa la cinchada entre amarretes y gastadores
Panorama semanal de Alejandro Bercovich @aleberco 

https://t.co/b6rQeHNjUX"	https://twitter.com/jorgeluisaliaga/status/1388261080636481537	[]
jorgeluisaliaga	Fri Apr 30 21:36:50 +0000 2021	9	1	"A partir del 5/2/21 saco el informe en dos partes, la primera cuando sale el parte diario y el complemento cuando se actualiza la base de datos, después de las 21:30.

FIN PRIMERA PARTE."	https://twitter.com/jorgeluisaliaga/status/1388245986884079621	[]
jorgeluisaliaga	Fri Apr 30 21:36:49 +0000 2021	8	1	"Hoy se llegó a 63.865 (+357) personas fallecidas. 
Se reportaron 2.634.306 (+26229) personas recuperadas (88,5%). 
5369 (+52) en Terapia. 
Distintos estados de casos en escala semi-logaritmica. 
Lineal muertos y UTI para ver fácil subas. https://t.co/lHxujbPQZ4"	https://twitter.com/jorgeluisaliaga/status/1388245984728203274	[]
jorgeluisaliaga	Fri Apr 30 21:36:48 +0000 2021	0	1	Avance de la Vacunación por sector, por edad y marca de vacuna, por provincia y grupo etario y por provincia y sector. https://t.co/eGkAleBeqd	https://twitter.com/jorgeluisaliaga/status/1388245980026445829	[]
jorgeluisaliaga	Fri Apr 30 21:36:47 +0000 2021	0	1	Evolución de la vacunación en todo el país, CABA y PBA. Porcentaje de vacunas aplicadas en relación con las distribuidas. https://t.co/f5MXWMz3yA	https://twitter.com/jorgeluisaliaga/status/1388245975001616393	[]
jorgeluisaliaga	Fri Apr 30 21:36:46 +0000 2021	0	1	Avance de la Vacunación por provincia según datos cargado hasta hoy a las 6 AM de &gt;&gt; https://t.co/bBb2CUzoT6 y https://t.co/TNJm7ZPDNK https://t.co/LW2NU9a23W	https://twitter.com/jorgeluisaliaga/status/1388245969461030920	[]
jorgeluisaliaga	Fri Apr 30 21:36:44 +0000 2021	0	1	"Muestro ajuste.  Uso el crecimiento exponencial con que se ajustaban los datos al 25/3 para una logística, más adecuado en esta etapa de la epidemia, que explico en detalle en este documento (estimo infectados asumiendo un 70% de asintomáticos): 

https://t.co/xDGEjpspvW https://t.co/kTWou0WIZC"	https://twitter.com/jorgeluisaliaga/status/1388245964306239490	[]
jorgeluisaliaga	Fri Apr 30 21:36:43 +0000 2021	0	1	"Fallecidos por millón de habitantes por provincia.
Detalle de fecha del último caso de cada provincia. Todas las provincias activas. 
También muestro cantidad de días sin casos por provincia y provincias con casos y casos durante la epidemia. https://t.co/r5xK74b2KQ"	https://twitter.com/jorgeluisaliaga/status/1388245959621193729	[]
jorgeluisaliaga	Fri Apr 30 21:36:42 +0000 2021	1	1	"Para los que les sirva, muestro datos más simples de leer de distribución de casos confirmados y muertos, y casos confirmados y muertos por millón de habitantes, por provincia.
También una página interactiva.

https://t.co/UoryUFDQ2D
-------------------------- https://t.co/OjmhJrzaYZ"	https://twitter.com/jorgeluisaliaga/status/1388245954227286016	[]
jorgeluisaliaga	Fri Apr 30 21:36:41 +0000 2021	2	2	"Neuquén, Rio Negro, Chubut, Santa Cruz
Casos Diarios, Prom últimos 7 días, SUMA de últimos 14 días / 100.000 habitantes. Días de Duplicación, Log-Log Nuevos vs Total de Casos. 
INCIDENCIA y Factor de Crecimiento. Promedio de confirmados diarios últimas 15 semanas. https://t.co/r2ffTO4yRH"	https://twitter.com/jorgeluisaliaga/status/1388245948946604035	[]
jorgeluisaliaga	Fri Apr 30 21:36:39 +0000 2021	2	1	"La Rioja, San Juan, San Luis, Mendoza
Casos Diarios, Prom últimos 7 días, SUMA de últimos 14 días / 100.000 habitantes. Días de Duplicación, Log-Log Nuevos vs Total de Casos. 
INCIDENCIA y Factor de Crecimiento. Promedio de confirmados diarios últimas 15 semanas. https://t.co/YuyPA3jhHJ"	https://twitter.com/jorgeluisaliaga/status/1388245943624126464	[]
jorgeluisaliaga	Fri Apr 30 21:36:38 +0000 2021	1	1	"Jujuy, Salta, Tucumán, Catamarca 
Casos Diarios, Prom últimos 7 días, SUMA de últimos 14 días / 100.000 habitantes. Días de Duplicación, Log-Log Nuevos vs Total de Casos. 
INCIDENCIA y Factor de Crecimiento. Promedio de confirmados diarios últimas 15 semanas. https://t.co/jOyKmwIgsj"	https://twitter.com/jorgeluisaliaga/status/1388245938372857859	[]
jorgeluisaliaga	Fri Apr 30 21:36:37 +0000 2021	1	1	"Entre Ríos, Corrientes, Misiones, Formosa
Casos Diarios, Prom últimos 7 días, SUMA de últimos 14 días / 100.000 habitantes. Días de Duplicación, Log-Log Nuevos vs Total de Casos. 
INCIDENCIA y Factor de Crecimiento. Promedio de confirmados diarios últimas 15 semanas. https://t.co/3G42IXi6QY"	https://twitter.com/jorgeluisaliaga/status/1388245933067051011	[]
jorgeluisaliaga	Fri Apr 30 21:36:36 +0000 2021	2	1	"Santa Fé, Córdoba, Chaco, Santiago del Estero
Casos Diarios, Prom últimos 7 días, SUMA de últimos 14 días / 100.000 habitantes. Días de Duplicación, Log-Log Nuevos vs Total de Casos. 
INCIDENCIA y Factor de Crecimiento. Promedio de confirmados diarios últimas 15 semanas. https://t.co/6rqRS7sMue"	https://twitter.com/jorgeluisaliaga/status/1388245927811588097	[]
jorgeluisaliaga	Fri Apr 30 21:36:34 +0000 2021	3	1	"CABA, PBA, La Pampa, Tierra del Fuego 
Casos Diarios, Prom últimos 7 días, SUMA de últimos 14 días / 100.000 habitantes. Días de Duplicación, Log-Log Nuevos vs Total de Casos. 
INCIDENCIA y Factor de Crecimiento. Promedio de confirmados diarios últimas 15 semanas. https://t.co/QbDLoAiZ4U"	https://twitter.com/jorgeluisaliaga/status/1388245922413481986	[]
jorgeluisaliaga	Fri Apr 30 21:36:33 +0000 2021	4	1	"Muestro la evolución de la cantidad de días necesarios para duplicar (x2) y para decuplicar (x10) (Total y Activos).
La cantidad de días para duplicación aumento de entre 3 y 4 a 26 y ahora está en 90. Por 10 en 270 días. https://t.co/4L98XNvUMR"	https://twitter.com/jorgeluisaliaga/status/1388245917040533504	[]
jorgeluisaliaga	Fri Apr 30 21:36:32 +0000 2021	3	1	"Evolución de la INCIDENCIA y del Factor de Crecimiento (ver Inf del 16/4). 
Muestro también la evolución de la tasa de variación de la cantidad de casos cada 2, 4, y 10 días (ver inf 4/4 y 5/4). También detalle desde el 1/04/21. https://t.co/hxcLs56EI0"	https://twitter.com/jorgeluisaliaga/status/1388245912586235906	[]
jorgeluisaliaga	Fri Apr 30 21:36:31 +0000 2021	3	1	Muestro en Log-Log Casos Nuevos vs Totales (promedio para cada día con los valores de los siete últimos) (si hay duda, ver inf 3/4). https://t.co/cfyBMGsH1x	https://twitter.com/jorgeluisaliaga/status/1388245907859247112	[]
jorgeluisaliaga	Fri Apr 30 21:36:30 +0000 2021	3	1	"9/1 rearmé el informe.
Total de casos según fecha de carga en escala semilogarítmica, para ver comportamiento exponencial y su velocidad.
Promedio de casos confirmados, UTI y fallecidos por fecha de carga por semana en las últimas 30 semanas. https://t.co/1sDUoIB9gu"	https://twitter.com/jorgeluisaliaga/status/1388245903966969863	[]
jorgeluisaliaga	Fri Apr 30 21:36:29 +0000 2021	4	4	"23 provincias con INCIDENCIA mayor a 150 casos / 100.000 en los últimos 14 días, y 19 provincias con Razón de Casos mayor a 1 (creciendo). 
Incidencia Nacional = 702 casos
Razón de Casos Nacional = 1,12 https://t.co/ilO83LlwjJ"	https://twitter.com/jorgeluisaliaga/status/1388245898510192654	[]
jorgeluisaliaga	Fri Apr 30 21:36:27 +0000 2021	6	3	Movilidad según google y apple en PBA y CABA, bajando, más fuerte en PBA. Compatible con la desaceleración. https://t.co/lW2bLLpP7B	https://twitter.com/jorgeluisaliaga/status/1388245893002956810	[]
jorgeluisaliaga	Fri Apr 30 21:36:26 +0000 2021	46	18	"Situación COVID-19 al 30/4

Hoy 22.420 nuevos casos confirmados.
Once provincias con ""alto riesgo sanitario"".
Se consolida la baja, baja Razón de Casos en todas las provincias. Sube UTI y muertes por inercia.
La cantidad total de casos es 2.977.363. https://t.co/hAfdH3YDWp"	https://twitter.com/jorgeluisaliaga/status/1388245887785312258	[]
jorgeluisaliaga	Fri Apr 30 21:14:19 +0000 2021	1378	445	"Poner más camas sólo evita el exceso de muertos por colapso del sistema de salud, no baja la cantidad de muertos proporcional a los contagios.
Los contagios se bajan bajando la circulación de las personas, en todo el mundo. https://t.co/YKRTsjJtQv"	https://twitter.com/jorgeluisaliaga/status/1388240320371044352	[]
jorgeluisaliaga	Fri Apr 30 19:24:48 +0000 2021	8	0	@pablooesteban @ifibyne felicitaciones!	https://twitter.com/jorgeluisaliaga/status/1388212758995427333	[]
jorgeluisaliaga	Fri Apr 30 15:33:50 +0000 2021	12	5	"Novedades Becas de @CONICETCenpat 

https://t.co/2Fj2uIvPbw"	https://twitter.com/jorgeluisaliaga/status/1388154636381609988	[]
jorgeluisaliaga	Fri Apr 30 11:59:00 +0000 2021	1	0	@roccamariela y estar el menor tiempo posible. Si uno está 30 segundos, digamos, respira adentro 3 o 4 veces. Si el barbijo está bien ajustado, y filtra, el riesgo es bajo.	https://twitter.com/jorgeluisaliaga/status/1388100570339291136	[]
jorgeluisaliaga	Fri Apr 30 11:58:07 +0000 2021	1	0	"@roccamariela Si hay orificios en el techo cuando el ascensor se mueve, el aire va a circular más fácil. Si sólo hay en la puerta, tarda un poco más. La recomendación sería: a) no viajar con no convivientes, b) llevar barbijo de la mejor calidad posible, bien ajustado, 
(sigo)"	https://twitter.com/jorgeluisaliaga/status/1388100350381641731	[]
jorgeluisaliaga	Fri Apr 30 11:56:14 +0000 2021	1	0	"@roccamariela Hola. Gracias. El movimiento del aire depende mucho de la estructura del ascensor. Vos decís no hermético y supongo que te referís a que las puertas no cierran con una superficie sin orificios. Ahora, en la parte del techo, hay algún orificio? 
(sigo)"	https://twitter.com/jorgeluisaliaga/status/1388099875112370178	[]
jorgeluisaliaga	Fri Apr 30 03:08:21 +0000 2021	3	0	@threadreaderapp unroll	https://twitter.com/jorgeluisaliaga/status/1387967026879209474	[]
jorgeluisaliaga	Fri Apr 30 03:07:59 +0000 2021	6	2	"Todos los informes e información en mi sitio

https://t.co/OOPfZIjwmV

La Tabla de datos informados por @msalnacion los puse en:

https://t.co/A6X5GTltVQ"	https://twitter.com/jorgeluisaliaga/status/1387966935304900616	[]
jorgeluisaliaga	Fri Apr 30 03:07:58 +0000 2021	0	0	Casos confirmados por rango etario en CABA y PBA con detalle de edades escolares. https://t.co/qWXIDaujWi	https://twitter.com/jorgeluisaliaga/status/1387966932566122496	[]
jorgeluisaliaga	Fri Apr 30 03:07:57 +0000 2021	0	0	"Edad promedio de confirmados y de mayores de 70 años por semana de inicio de síntoma.
Cantidad de fallecidos y su edad media, y fallecidos mayores de 70 años por semana de inicio de síntoma. https://t.co/uYWzgeX9LR"	https://twitter.com/jorgeluisaliaga/status/1387966926132031491	[]
jorgeluisaliaga	Fri Apr 30 03:07:55 +0000 2021	0	0	"De los 561 informados como fallecidos, 58 fallecieron hace más de 12 días.
1 de OCTUBRE PBA
2 de NOVIEMBRE PBA
3 de DICIEMBRE (Santa Fe, Neuquén, PBA)
2 de FEBRERO PBA
Se muestra días entre inicio de síntoma y fallecimiento, largas internaciones. https://t.co/vwoi63Eq0K"	https://twitter.com/jorgeluisaliaga/status/1387966920910151682	[]
jorgeluisaliaga	Fri Apr 30 03:07:54 +0000 2021	0	0	"Confirmados y sospechosos por fecha de apertura en TOTAL, CABA y PBA.
Testeo y positividad por semana de apertura. https://t.co/DP1kITF4EI"	https://twitter.com/jorgeluisaliaga/status/1387966916510326784	[]
jorgeluisaliaga	Fri Apr 30 03:07:53 +0000 2021	0	0	Detalles de Tests Confirmados, Descartados y Sospechosos según residencia en PBA y CABA por semana, con detalles según lugar de carga y sector público o privado. Amarillo es lo pendiente. https://t.co/i1QeqvudQO	https://twitter.com/jorgeluisaliaga/status/1387966911623880706	[]
jorgeluisaliaga	Fri Apr 30 03:07:52 +0000 2021	1	0	"Ya se hicieron 8.720.931 Tests de diagnóstico (error +/- 10 tests), 30,8% de positividad.
Hoy 58.370, 40,3% la positividad. 
Cuando teníamos 10% de positividad (10/5) había 250-300 casos por día. https://t.co/cpNPk4LqA1"	https://twitter.com/jorgeluisaliaga/status/1387966906678849536	[]
jorgeluisaliaga	Fri Apr 30 03:07:51 +0000 2021	1	0	"Los casos ordenados por fecha de síntoma, promediada cada día los últimos 7 en lineal y semi-log (ver inf 24/7). Y Por millón de habitantes.
Hasta ahora las amarillas ""predicen"" lo que van a hacer las curvas x síntoma cuando entren casos de esas fechas, atención la suba. https://t.co/7JgrINp7yR"	https://twitter.com/jorgeluisaliaga/status/1387966902258081793	[]
jorgeluisaliaga	Fri Apr 30 03:07:50 +0000 2021	2	0	"Sitios con datos / figuras

Gran info regional: Soledad Retamar @sole_reta 

https://t.co/LLv9J5EA7o

Rodrigo Castro @RodrigoD_Castro

https://t.co/9etT4FOHyf"	https://twitter.com/jorgeluisaliaga/status/1387966897988190212	[]
jorgeluisaliaga	Fri Apr 30 03:07:49 +0000 2021	3	1	"Hilos recomendados:

Semáforo: Martin Barrionuevo @mmbarrionuevo

https://t.co/UbtiHrfF3S

Rio Negro+Neuquen: Clari Cardozo Castro @ClariCardozoCas

Diseño @TotinFraire Elaboración @Fedwr

https://t.co/SMWgpTlPfq"	https://twitter.com/jorgeluisaliaga/status/1387966896201474048	[]
jorgeluisaliaga	Fri Apr 30 01:53:17 +0000 2021	30	2	@danyscht Y porque se uso el poder de compra del estado para desarrollar esas capacidades. Porque como dice @MazzucatoM , no fue el mercado.	https://twitter.com/jorgeluisaliaga/status/1387948137285828608	[]
jorgeluisaliaga	Thu Apr 29 21:12:46 +0000 2021	5	1	"A partir del 5/2/21 saco el informe en dos partes, la primera cuando sale el parte diario y el complemento cuando se actualiza la base de datos, después de las 21:30.

FIN PRIMERA PARTE."	https://twitter.com/jorgeluisaliaga/status/1387877543911493634	[]
jorgeluisaliaga	Thu Apr 29 21:12:46 +0000 2021	6	1	Sigue bajando la diferencia entre los confirmados y recuperados, concordando con la baja de confirmados. https://t.co/bDXIsuThQx	https://twitter.com/jorgeluisaliaga/status/1387877542162481155	[]
jorgeluisaliaga	Thu Apr 29 21:12:45 +0000 2021	7	7	"Hoy se llegó a 63.508 (+561) personas fallecidas. 
Se reportaron 2.608.077 (+25913) personas recuperadas (88,3%). 
5317 (+139 en Terapia. 
Distintos estados de casos en escala semi-logaritmica. 
Lineal muertos y UTI para ver fácil subas. https://t.co/TTs7i2P4oO"	https://twitter.com/jorgeluisaliaga/status/1387877538094100488	[]
jorgeluisaliaga	Thu Apr 29 21:12:44 +0000 2021	3	2	Avance de la Vacunación por sector, por edad y marca de vacuna, por provincia y grupo etario y por provincia y sector. https://t.co/HpS9ULp4Bf	https://twitter.com/jorgeluisaliaga/status/1387877532930920452	[]
jorgeluisaliaga	Thu Apr 29 21:12:42 +0000 2021	3	2	Evolución de la vacunación en todo el país, CABA y PBA. Porcentaje de vacunas aplicadas en relación con las distribuidas. https://t.co/r43aZ07OZ5	https://twitter.com/jorgeluisaliaga/status/1387877527109124096	[]
jorgeluisaliaga	Thu Apr 29 21:12:41 +0000 2021	2	1	Avance de la Vacunación por provincia según datos cargado hasta hoy a las 6 AM de &gt;&gt; https://t.co/bBb2CUzoT6 y https://t.co/TNJm7ZPDNK https://t.co/bNssizyLf6	https://twitter.com/jorgeluisaliaga/status/1387877521799192581	[]
jorgeluisaliaga	Thu Apr 29 21:12:40 +0000 2021	3	1	"Muestro ajuste.  Uso el crecimiento exponencial con que se ajustaban los datos al 25/3 para una logística, más adecuado en esta etapa de la epidemia, que explico en detalle en este documento (estimo infectados asumiendo un 70% de asintomáticos): 

https://t.co/xDGEjpspvW https://t.co/isxkEBTF7h"	https://twitter.com/jorgeluisaliaga/status/1387877516355018758	[]
jorgeluisaliaga	Thu Apr 29 21:12:38 +0000 2021	4	2	"Fallecidos por millón de habitantes por provincia.
Detalle de fecha del último caso de cada provincia. Todas las provincias activas. 
También muestro cantidad de días sin casos por provincia y provincias con casos y casos durante la epidemia. https://t.co/7c1w4FXnRz"	https://twitter.com/jorgeluisaliaga/status/1387877511468572678	[]
jorgeluisaliaga	Thu Apr 29 21:12:37 +0000 2021	6	2	"Para los que les sirva, muestro datos más simples de leer de distribución de casos confirmados y muertos, y casos confirmados y muertos por millón de habitantes, por provincia.
También una página interactiva.

https://t.co/UoryUFDQ2D
-------------------------- https://t.co/7abRXP7gSr"	https://twitter.com/jorgeluisaliaga/status/1387877506540318730	[]
jorgeluisaliaga	Thu Apr 29 21:12:36 +0000 2021	5	2	"Neuquén, Rio Negro, Chubut, Santa Cruz
Casos Diarios, Prom últimos 7 días, SUMA de últimos 14 días / 100.000 habitantes. Días de Duplicación, Log-Log Nuevos vs Total de Casos. 
INCIDENCIA y Factor de Crecimiento. Promedio de confirmados diarios últimas 15 semanas. https://t.co/2ivZZGpN2o"	https://twitter.com/jorgeluisaliaga/status/1387877501263826944	[]
jorgeluisaliaga	Thu Apr 29 21:12:35 +0000 2021	5	2	"La Rioja, San Juan, San Luis, Mendoza
Casos Diarios, Prom últimos 7 días, SUMA de últimos 14 días / 100.000 habitantes. Días de Duplicación, Log-Log Nuevos vs Total de Casos. 
INCIDENCIA y Factor de Crecimiento. Promedio de confirmados diarios últimas 15 semanas. https://t.co/rYX42xnJMq"	https://twitter.com/jorgeluisaliaga/status/1387877495668711425	[]
jorgeluisaliaga	Thu Apr 29 21:12:33 +0000 2021	4	1	"Jujuy, Salta, Tucumán, Catamarca 
Casos Diarios, Prom últimos 7 días, SUMA de últimos 14 días / 100.000 habitantes. Días de Duplicación, Log-Log Nuevos vs Total de Casos. 
INCIDENCIA y Factor de Crecimiento. Promedio de confirmados diarios últimas 15 semanas. https://t.co/bsd1SpB0jo"	https://twitter.com/jorgeluisaliaga/status/1387877489045803009	[]
jorgeluisaliaga	Thu Apr 29 21:12:32 +0000 2021	4	1	"Entre Ríos, Corrientes, Misiones, Formosa
Casos Diarios, Prom últimos 7 días, SUMA de últimos 14 días / 100.000 habitantes. Días de Duplicación, Log-Log Nuevos vs Total de Casos. 
INCIDENCIA y Factor de Crecimiento. Promedio de confirmados diarios últimas 15 semanas. https://t.co/ApgBnnv7FR"	https://twitter.com/jorgeluisaliaga/status/1387877483643613187	[]
jorgeluisaliaga	Thu Apr 29 21:12:30 +0000 2021	4	1	"Santa Fé, Córdoba, Chaco, Santiago del Estero
Casos Diarios, Prom últimos 7 días, SUMA de últimos 14 días / 100.000 habitantes. Días de Duplicación, Log-Log Nuevos vs Total de Casos. 
INCIDENCIA y Factor de Crecimiento. Promedio de confirmados diarios últimas 15 semanas. https://t.co/rdZekj0Uf2"	https://twitter.com/jorgeluisaliaga/status/1387877478056841220	[]
jorgeluisaliaga	Thu Apr 29 21:12:29 +0000 2021	4	1	"CABA, PBA, La Pampa, Tierra del Fuego 
Casos Diarios, Prom últimos 7 días, SUMA de últimos 14 días / 100.000 habitantes. Días de Duplicación, Log-Log Nuevos vs Total de Casos. 
INCIDENCIA y Factor de Crecimiento. Promedio de confirmados diarios últimas 15 semanas. https://t.co/vW3buYXQR6"	https://twitter.com/jorgeluisaliaga/status/1387877472948133899	[]
jorgeluisaliaga	Thu Apr 29 21:12:28 +0000 2021	5	1	"Muestro la evolución de la cantidad de días necesarios para duplicar (x2) y para decuplicar (x10) (Total y Activos).
La cantidad de días para duplicación aumento de entre 3 y 4 a 26 y ahora está en 93. Por 10 en 310 días. https://t.co/zDU4jovO8v"	https://twitter.com/jorgeluisaliaga/status/1387877467269083144	[]
jorgeluisaliaga	Thu Apr 29 21:12:27 +0000 2021	5	1	"Evolución de la INCIDENCIA y del Factor de Crecimiento (ver Inf del 16/4). 
Muestro también la evolución de la tasa de variación de la cantidad de casos cada 2, 4, y 10 días (ver inf 4/4 y 5/4). También detalle desde el 1/04/21. https://t.co/rMjUGSkOtM"	https://twitter.com/jorgeluisaliaga/status/1387877462395207682	[]
jorgeluisaliaga	Thu Apr 29 21:12:25 +0000 2021	5	1	Muestro en Log-Log Casos Nuevos vs Totales (promedio para cada día con los valores de los siete últimos) (si hay duda, ver inf 3/4). https://t.co/DSrYuJoAw9	https://twitter.com/jorgeluisaliaga/status/1387877454098968584	[]
jorgeluisaliaga	Thu Apr 29 21:12:23 +0000 2021	6	2	"9/1 rearmé el informe.
Total de casos según fecha de carga en escala semilogarítmica, para ver comportamiento exponencial y su velocidad.
Promedio de casos confirmados, UTI y fallecidos por fecha de carga por semana en las últimas 30 semanas. https://t.co/YkxisFVdDA"	https://twitter.com/jorgeluisaliaga/status/1387877446582775815	[]
jorgeluisaliaga	Thu Apr 29 21:12:22 +0000 2021	6	3	"23 provincias con INCIDENCIA mayor a 150 casos / 100.000 en los últimos 14 días, y 21 provincias con Razón de Casos mayor a 1 (creciendo). 
Incidencia Nacional = 718 casos
Razón de Casos Nacional = 1,23
ALTO RIESGO SANITARIO https://t.co/LdX0NMErvZ"	https://twitter.com/jorgeluisaliaga/status/1387877441104973827	[]
jorgeluisaliaga	Thu Apr 29 21:12:20 +0000 2021	51	20	"Situación COVID-19 al 29/4

Hoy 26.053 nuevos casos confirmados.
Catorce provincias con ""alto riesgo sanitario"".
Sigue la lenta baja de confirmados, en particular en PBA, y la suba de UTI y muertos, por inercia.
La cantidad total de casos es 2.954.943. https://t.co/BMahOTC7bW"	https://twitter.com/jorgeluisaliaga/status/1387877435681787904	[]
jorgeluisaliaga	Thu Apr 29 13:32:28 +0000 2021	151	41	"Parece que hay que seguir teniendo mucho cuidado de todo lo que sale, porque las operaciones siguen a pleno. Lo que había dicho el ""ANMAT"" de Brasil, era sin haber hecho ninguna prueba. https://t.co/K4JE9PVe5x"	https://twitter.com/jorgeluisaliaga/status/1387761705996926983	[]
jorgeluisaliaga	Thu Apr 29 11:51:14 +0000 2021	6	4	"#BO
Regulaciones para los sujetos que integran la cadena de producción, transporte, distribución y acarreo de oxígeno líquido medicinal a granel o en tubo

https://t.co/MVvoKNLCcS"	https://twitter.com/jorgeluisaliaga/status/1387736229496729601	[{'text': 'BO', 'indices': [0, 3]}]
jorgeluisaliaga	Thu Apr 29 11:51:14 +0000 2021	7	8	"#BO
Continuidad del Contrato de HIDROVÍA por 90 días

https://t.co/uEsSDpl2VU"	https://twitter.com/jorgeluisaliaga/status/1387736228288675850	[{'text': 'BO', 'indices': [0, 3]}]
jorgeluisaliaga	Thu Apr 29 03:16:46 +0000 2021	2	0	@threadreaderapp unroll	https://twitter.com/jorgeluisaliaga/status/1387606758458281984	[]
jorgeluisaliaga	Thu Apr 29 03:16:32 +0000 2021	6	2	"Todos los informes e información en mi sitio

https://t.co/OOPfZIjwmV

La Tabla de datos informados por @msalnacion los puse en:

https://t.co/A6X5GTltVQ"	https://twitter.com/jorgeluisaliaga/status/1387606698458849288	[]
jorgeluisaliaga	Thu Apr 29 03:16:31 +0000 2021	0	1	Casos confirmados por rango etario en CABA y PBA con detalle de edades escolares. https://t.co/NsUlJjrAXp	https://twitter.com/jorgeluisaliaga/status/1387606695866769408	[]
jorgeluisaliaga	Thu Apr 29 03:16:30 +0000 2021	1	2	"Edad promedio de confirmados y de mayores de 70 años por semana de inicio de síntoma.
Cantidad de fallecidos y su edad media, y fallecidos mayores de 70 años por semana de inicio de síntoma. https://t.co/5NySidepBC"	https://twitter.com/jorgeluisaliaga/status/1387606690099499009	[]
jorgeluisaliaga	Thu Apr 29 03:16:28 +0000 2021	0	0	"De los 348 informados como fallecidos, 48 fallecieron hace más de 12 días.

Se muestra días entre inicio de síntoma y fallecimiento, largas internaciones. https://t.co/INesbWFuFt"	https://twitter.com/jorgeluisaliaga/status/1387606684944814082	[]
jorgeluisaliaga	Thu Apr 29 03:16:27 +0000 2021	3	0	"Confirmados y sospechosos por fecha de apertura en TOTAL, CABA y PBA.
Testeo y positividad por semana de apertura. https://t.co/bXwkEleSCQ"	https://twitter.com/jorgeluisaliaga/status/1387606680620384258	[]
jorgeluisaliaga	Thu Apr 29 03:16:26 +0000 2021	3	0	Detalles de Tests Confirmados, Descartados y Sospechosos según residencia en PBA y CABA por semana, con detalles según lugar de carga y sector público o privado. Amarillo es lo pendiente. https://t.co/BwnCeNefVU	https://twitter.com/jorgeluisaliaga/status/1387606675855659008	[]
jorgeluisaliaga	Thu Apr 29 03:16:25 +0000 2021	0	0	"Ya se hicieron 8.662.561 Tests de diagnóstico (error +/- 10 tests), 30,7% de positividad.
Hoy 59.725, 35,9% la positividad. 
Cuando teníamos 10% de positividad (10/5) había 250-300 casos por día. https://t.co/VcywoSDhxi"	https://twitter.com/jorgeluisaliaga/status/1387606671040696322	[]
jorgeluisaliaga	Thu Apr 29 03:16:24 +0000 2021	0	0	"Los casos ordenados por fecha de síntoma, promediada cada día los últimos 7 en lineal y semi-log (ver inf 24/7). Y Por millón de habitantes.
Hasta ahora las amarillas ""predicen"" lo que van a hacer las curvas x síntoma cuando entren casos de esas fechas, atención la suba. https://t.co/Iph7eKsbT7"	https://twitter.com/jorgeluisaliaga/status/1387606666674245632	[]
jorgeluisaliaga	Thu Apr 29 03:16:23 +0000 2021	0	0	"Sitios con datos / figuras

Gran info regional: Soledad Retamar @sole_reta 

https://t.co/LLv9J5EA7o

Rodrigo Castro @RodrigoD_Castro

https://t.co/9etT4FOHyf"	https://twitter.com/jorgeluisaliaga/status/1387606662551375874	[]
jorgeluisaliaga	Thu Apr 29 03:16:23 +0000 2021	2	0	"Hilos recomendados:

Semáforo: Martin Barrionuevo @mmbarrionuevo

https://t.co/ypR7wb3EP5

Rio Negro+Neuquen: Clari Cardozo Castro @ClariCardozoCas

Diseño @TotinFraire Elaboración @Fedwr

https://t.co/YvzcYp3u13"	https://twitter.com/jorgeluisaliaga/status/1387606660760449028	[]
jorgeluisaliaga	Wed Apr 28 21:42:23 +0000 2021	19	0	"A partir del 5/2/21 saco el informe en dos partes, la primera cuando sale el parte diario y el complemento cuando se actualiza la base de datos, después de las 21:30.

FIN PRIMERA PARTE."	https://twitter.com/jorgeluisaliaga/status/1387522610699939842	[]
jorgeluisaliaga	Wed Apr 28 21:42:23 +0000 2021	23	3	La diferencia entre confirmados y recuperados ya está casi en cero, empiezan a bajar los confirmados. https://t.co/1eWvBExIzn	https://twitter.com/jorgeluisaliaga/status/1387522608783056898	[]
jorgeluisaliaga	Wed Apr 28 21:42:22 +0000 2021	2	1	"Hoy se llegó a 62.947 (+348) personas fallecidas. 
Se reportaron 2.582.164 (+18941) personas recuperadas (88,2%). 
5178 (+44) en Terapia. 
Distintos estados de casos en escala semi-logaritmica. 
Lineal muertos y UTI para ver fácil subas. https://t.co/hEyE0Tktnh"	https://twitter.com/jorgeluisaliaga/status/1387522603963846659	[]
jorgeluisaliaga	Wed Apr 28 21:42:20 +0000 2021	2	0	Avance de la Vacunación por sector, por edad y marca de vacuna, por provincia y grupo etario y por provincia y sector. https://t.co/GRGTctPbrl	https://twitter.com/jorgeluisaliaga/status/1387522598112727045	[]
jorgeluisaliaga	Wed Apr 28 21:42:19 +0000 2021	1	0	Evolución de la vacunación en todo el país, CABA y PBA. Porcentaje de vacunas aplicadas en relación con las distribuidas. https://t.co/BHwvRUwr0D	https://twitter.com/jorgeluisaliaga/status/1387522592395960333	[]
jorgeluisaliaga	Wed Apr 28 21:42:18 +0000 2021	2	1	Avance de la Vacunación por provincia según datos cargado hasta hoy a las 6 AM de &gt;&gt; https://t.co/bBb2CUzoT6 y https://t.co/TNJm7ZPDNK https://t.co/2NwLJuFKZd	https://twitter.com/jorgeluisaliaga/status/1387522586423267329	[]
jorgeluisaliaga	Wed Apr 28 21:42:16 +0000 2021	2	0	"Muestro ajuste.  Uso el crecimiento exponencial con que se ajustaban los datos al 25/3 para una logística, más adecuado en esta etapa de la epidemia, que explico en detalle en este documento (estimo infectados asumiendo un 70% de asintomáticos): 

https://t.co/xDGEjpspvW https://t.co/MJ8K1e6WTF"	https://twitter.com/jorgeluisaliaga/status/1387522581285191686	[]
jorgeluisaliaga	Wed Apr 28 21:42:15 +0000 2021	2	0	"Fallecidos por millón de habitantes por provincia.
Detalle de fecha del último caso de cada provincia. Todas las provincias activas. 
También muestro cantidad de días sin casos por provincia y provincias con casos y casos durante la epidemia. https://t.co/9ZiftAMxpW"	https://twitter.com/jorgeluisaliaga/status/1387522576306655234	[]
jorgeluisaliaga	Wed Apr 28 21:42:14 +0000 2021	5	0	"Para los que les sirva, muestro datos más simples de leer de distribución de casos confirmados y muertos, y casos confirmados y muertos por millón de habitantes, por provincia.
También una página interactiva.

https://t.co/UoryUFDQ2D
-------------------------- https://t.co/6ZqyGduVOp"	https://twitter.com/jorgeluisaliaga/status/1387522571357376513	[]
jorgeluisaliaga	Wed Apr 28 21:42:13 +0000 2021	3	3	"Neuquén, Rio Negro, Chubut, Santa Cruz
Casos Diarios, Prom últimos 7 días, SUMA de últimos 14 días / 100.000 habitantes. Días de Duplicación, Log-Log Nuevos vs Total de Casos. 
INCIDENCIA y Factor de Crecimiento. Promedio de confirmados diarios últimas 15 semanas. https://t.co/LRk3frdnaw"	https://twitter.com/jorgeluisaliaga/status/1387522566173175808	[]
jorgeluisaliaga	Wed Apr 28 21:42:11 +0000 2021	3	0	"La Rioja, San Juan, San Luis, Mendoza
Casos Diarios, Prom últimos 7 días, SUMA de últimos 14 días / 100.000 habitantes. Días de Duplicación, Log-Log Nuevos vs Total de Casos. 
INCIDENCIA y Factor de Crecimiento. Promedio de confirmados diarios últimas 15 semanas. https://t.co/7Sg5P8ACEf"	https://twitter.com/jorgeluisaliaga/status/1387522559919509506	[]
jorgeluisaliaga	Wed Apr 28 21:42:10 +0000 2021	3	0	"Jujuy, Salta, Tucumán, Catamarca 
Casos Diarios, Prom últimos 7 días, SUMA de últimos 14 días / 100.000 habitantes. Días de Duplicación, Log-Log Nuevos vs Total de Casos. 
INCIDENCIA y Factor de Crecimiento. Promedio de confirmados diarios últimas 15 semanas. https://t.co/cHrFmbmZjE"	https://twitter.com/jorgeluisaliaga/status/1387522554320019467	[]
jorgeluisaliaga	Wed Apr 28 21:42:09 +0000 2021	3	0	"Entre Ríos, Corrientes, Misiones, Formosa
Casos Diarios, Prom últimos 7 días, SUMA de últimos 14 días / 100.000 habitantes. Días de Duplicación, Log-Log Nuevos vs Total de Casos. 
INCIDENCIA y Factor de Crecimiento. Promedio de confirmados diarios últimas 15 semanas. https://t.co/IwxVvGPKRX"	https://twitter.com/jorgeluisaliaga/status/1387522548800294919	[]
jorgeluisaliaga	Wed Apr 28 21:42:07 +0000 2021	3	0	"Santa Fé, Córdoba, Chaco, Santiago del Estero
Casos Diarios, Prom últimos 7 días, SUMA de últimos 14 días / 100.000 habitantes. Días de Duplicación, Log-Log Nuevos vs Total de Casos. 
INCIDENCIA y Factor de Crecimiento. Promedio de confirmados diarios últimas 15 semanas. https://t.co/oB9QqFTMoD"	https://twitter.com/jorgeluisaliaga/status/1387522542588604423	[]
jorgeluisaliaga	Wed Apr 28 21:42:06 +0000 2021	4	0	"CABA, PBA, La Pampa, Tierra del Fuego 
Casos Diarios, Prom últimos 7 días, SUMA de últimos 14 días / 100.000 habitantes. Días de Duplicación, Log-Log Nuevos vs Total de Casos. 
INCIDENCIA y Factor de Crecimiento. Promedio de confirmados diarios últimas 15 semanas. https://t.co/Aw0MevS1Ip"	https://twitter.com/jorgeluisaliaga/status/1387522536871800833	[]
jorgeluisaliaga	Wed Apr 28 21:42:05 +0000 2021	4	0	"Muestro la evolución de la cantidad de días necesarios para duplicar (x2) y para decuplicar (x10) (Total y Activos).
La cantidad de días para duplicación aumento de entre 3 y 4 a 26 y ahora está en 94. Por 10 en 312 días. https://t.co/ms1GAKecBU"	https://twitter.com/jorgeluisaliaga/status/1387522531431698434	[]
jorgeluisaliaga	Wed Apr 28 21:42:04 +0000 2021	5	0	"Evolución de la INCIDENCIA y del Factor de Crecimiento (ver Inf del 16/4). 
Muestro también la evolución de la tasa de variación de la cantidad de casos cada 2, 4, y 10 días (ver inf 4/4 y 5/4). También detalle desde el 1/04/21. https://t.co/ECfBsqYjwm"	https://twitter.com/jorgeluisaliaga/status/1387522527153598467	[]
jorgeluisaliaga	Wed Apr 28 21:42:03 +0000 2021	4	0	Muestro en Log-Log Casos Nuevos vs Totales (promedio para cada día con los valores de los siete últimos) (si hay duda, ver inf 3/4). https://t.co/BGOMIAIGmq	https://twitter.com/jorgeluisaliaga/status/1387522522816598016	[]
jorgeluisaliaga	Wed Apr 28 21:42:01 +0000 2021	3	0	"9/1 rearmé el informe.
Total de casos según fecha de carga en escala semilogarítmica, para ver comportamiento exponencial y su velocidad.
Promedio de casos confirmados, UTI y fallecidos por fecha de carga por semana en las últimas 30 semanas. https://t.co/6Td2wuBX38"	https://twitter.com/jorgeluisaliaga/status/1387522517514997761	[]
jorgeluisaliaga	Wed Apr 28 21:42:00 +0000 2021	14	6	"23 provincias con INCIDENCIA mayor a 150 casos / 100.000 en los últimos 14 días, y 22 provincias con Razón de Casos mayor a 1 (creciendo). 
Incidencia Nacional = 716 casos
Razón de Casos Nacional = 1,27
ALTO RIESGO SANITARIO https://t.co/gRoA8ds2hb"	https://twitter.com/jorgeluisaliaga/status/1387522511584247809	[]
jorgeluisaliaga	Wed Apr 28 21:41:59 +0000 2021	78	23	"Situación COVID-19 al 28/4

Hoy 23.718 nuevos casos confirmados.
Dieciocho provincias con ""alto riesgo sanitario"".
Sigue la desaceleración, menos movilidad, en particular en el AMBA. Empiezan a verse las medidas del 16/4, empieza baja.
La cantidad total de casos es 2.928.890. https://t.co/fN8uuxf8Mm"	https://twitter.com/jorgeluisaliaga/status/1387522506102353920	[]
jorgeluisaliaga	Wed Apr 28 14:29:05 +0000 2021	23	11	"En las últimas semanas se ve baja (ojo con FIS, faltan casos). Bajan los contagios entre 18 y 29 años, compatible con cierres nocturnos. También baja en edades de secundaria, compatible con menos salidas, pero también primaria, lo que no se ve en CABA.
9/9 https://t.co/TYrEJ2qNZl"	https://twitter.com/jorgeluisaliaga/status/1387413564344897539	[]
jorgeluisaliaga	Wed Apr 28 14:29:04 +0000 2021	13	5	"Acá lo mismo, pero separados por distintos grupos etarios, detallando los menores por edad escolar.
8/9 https://t.co/kto0bBO0T4"	https://twitter.com/jorgeluisaliaga/status/1387413560389775362	[]
jorgeluisaliaga	Wed Apr 28 14:29:03 +0000 2021	11	3	"Se ve clara baja en porcentaje en los mayores de 80 años, y más recientemente de mayores de 70 años. Se ve efecto progresivo del avance de la vacunación. Se ve baja de % más consolidada que en CABA.
7/9 https://t.co/VmZ23CXcyd"	https://twitter.com/jorgeluisaliaga/status/1387413555499122695	[]
jorgeluisaliaga	Wed Apr 28 14:29:01 +0000 2021	11	4	"En el caso de PBA, va lo mismo. 

Acá la evolución de confirmados en PBA por grupos etarios.
6/9 https://t.co/c7mTdImUJg"	https://twitter.com/jorgeluisaliaga/status/1387413550449283072	[]
jorgeluisaliaga	Wed Apr 28 14:29:00 +0000 2021	19	9	"En las últimas semanas se ve baja (ojo con FIS, faltan casos), pero centradas en los mayores. Bajan los contagios entre 18 y 29 años, compatible con cierres nocturnos. También baja en edades de secundaria, compatible con menos salidas, pero no en primaria y menores.
5/9 https://t.co/aLkvaeKDKl"	https://twitter.com/jorgeluisaliaga/status/1387413546254876684	[]
jorgeluisaliaga	Wed Apr 28 14:28:59 +0000 2021	11	4	"Acá lo mismo, pero separados por distintos grupos etarios, detallando los menores por edad escolar.
4/9 https://t.co/Iqw4HwX8hw"	https://twitter.com/jorgeluisaliaga/status/1387413541553061888	[]
jorgeluisaliaga	Wed Apr 28 14:28:58 +0000 2021	10	4	"Se ve clara baja en porcentaje en los mayores de 80 años, y más recientemente de mayores de 70 años. Se ve efecto progresivo del avance de la vacunación
3/9 https://t.co/SikIlZ7cyN"	https://twitter.com/jorgeluisaliaga/status/1387413536817750016	[]
jorgeluisaliaga	Wed Apr 28 14:28:57 +0000 2021	10	3	"Acá la evolución de confirmados en CABA por grupos etarios.
2/9 https://t.co/HrJvezNwjE"	https://twitter.com/jorgeluisaliaga/status/1387413532216598534	[]
jorgeluisaliaga	Wed Apr 28 14:28:56 +0000 2021	51	18	"Una mirada a los datos de confirmados COVID por semana y fecha de inicio de síntoma (recordar que tiene siempre más demora) hasta la semana 16 (cerró el sábado pasado) para CABA y PBA.
1/9"	https://twitter.com/jorgeluisaliaga/status/1387413528529805312	[]
jorgeluisaliaga	Wed Apr 28 11:44:24 +0000 2021	9	4	"#BO
Procedimineto de inscripción para solicitar financiamiento para adecuar instalaciones para Personas Usuarias Electrodependientes  en los términos de la Ley Nº 27.351

https://t.co/fRA9yG9RaE"	https://twitter.com/jorgeluisaliaga/status/1387372122683723779	[{'text': 'BO', 'indices': [0, 3]}]
jorgeluisaliaga	Wed Apr 28 11:44:24 +0000 2021	56	18	"#BO
Apruébase el Modelo de Contrato de Préstamo CAF por hasta US$ 243.800.000 destinado a financiar parcialmente el “Proyecto de desarrollo y fabricación del sistema satelital geoestacionario de telecomunicaciones segunda generación: Satélite ARSAT - SG1”

https://t.co/wbpcQTS2wE"	https://twitter.com/jorgeluisaliaga/status/1387372121228251136	[{'text': 'BO', 'indices': [0, 3]}]
jorgeluisaliaga	Wed Apr 28 03:15:35 +0000 2021	1	1	@threadreaderapp unroll	https://twitter.com/jorgeluisaliaga/status/1387244072784605186	[]
jorgeluisaliaga	Wed Apr 28 03:15:21 +0000 2021	7	5	"Todos los informes e información en mi sitio

https://t.co/OOPfZIjwmV

La Tabla de datos informados por @msalnacion los puse en:

https://t.co/A6X5GTltVQ"	https://twitter.com/jorgeluisaliaga/status/1387244015146438660	[]
jorgeluisaliaga	Wed Apr 28 03:15:21 +0000 2021	4	3	Casos confirmados por rango etario en CABA y PBA con detalle de edades escolares. https://t.co/84hUJr9cZw	https://twitter.com/jorgeluisaliaga/status/1387244012575285251	[]
jorgeluisaliaga	Wed Apr 28 03:15:19 +0000 2021	2	1	"Edad promedio de confirmados y de mayores de 70 años por semana de inicio de síntoma.
Cantidad de fallecidos y su edad media, y fallecidos mayores de 70 años por semana de inicio de síntoma. https://t.co/6RcXHXdD7g"	https://twitter.com/jorgeluisaliaga/status/1387244006665596929	[]
jorgeluisaliaga	Wed Apr 28 03:15:18 +0000 2021	0	1	"Fallecidos cargados demorados hoy:
1 de OCTUBRE Entre Ríos
1 de NOVIEMBRE Corrientes
2 de DICIEMBRE Corrientes
4 de ENERO Corrientes
4 de FEBRERO La Pampa"	https://twitter.com/jorgeluisaliaga/status/1387244002097999874	[]
jorgeluisaliaga	Wed Apr 28 03:15:18 +0000 2021	1	1	"De los 516 informados como fallecidos, 104 fallecieron hace más de 10 días.
Reclasificados
2669725 PBA 1/10/2020
4247212 La Pampa 20/11/2020
2119317 PBA 18/1/2021
9928914 PBA 26/4/2021
Se muestra días entre inicio de síntoma y fallecimiento, largas internaciones. https://t.co/8yZrj9b169"	https://twitter.com/jorgeluisaliaga/status/1387244000273440776	[]
jorgeluisaliaga	Wed Apr 28 03:15:17 +0000 2021	0	1	"Confirmados y sospechosos por fecha de apertura en TOTAL, CABA y PBA.
Testeo y positividad por semana de apertura. https://t.co/dCo49Nc1Ir"	https://twitter.com/jorgeluisaliaga/status/1387243996410433537	[]
jorgeluisaliaga	Wed Apr 28 03:15:15 +0000 2021	0	1	Detalles de Tests Confirmados, Descartados y Sospechosos según residencia en PBA y CABA por semana, con detalles según lugar de carga y sector público o privado. Amarillo es lo pendiente. https://t.co/EDeXyuT7M7	https://twitter.com/jorgeluisaliaga/status/1387243991553433605	[]
jorgeluisaliaga	Wed Apr 28 03:15:14 +0000 2021	0	1	"Ya se hicieron 8.602.836 Tests de diagnóstico (error +/- 10 tests), 30,7% de positividad.
Hoy 57.220, 39,9% la positividad. 
Cuando teníamos 10% de positividad (10/5) había 250-300 casos por día. https://t.co/imghDbQB11"	https://twitter.com/jorgeluisaliaga/status/1387243986994204674	[]
jorgeluisaliaga	Wed Apr 28 03:15:13 +0000 2021	0	1	"Los casos ordenados por fecha de síntoma, promediada cada día los últimos 7 en lineal y semi-log (ver inf 24/7). Y Por millón de habitantes.
Hasta ahora las amarillas ""predicen"" lo que van a hacer las curvas x síntoma cuando entren casos de esas fechas, atención la suba. https://t.co/9OpqfdXbhr"	https://twitter.com/jorgeluisaliaga/status/1387243982447579138	[]
jorgeluisaliaga	Wed Apr 28 03:15:12 +0000 2021	0	1	"Sitios con datos / figuras

Gran info regional: Soledad Retamar @sole_reta 

https://t.co/LLv9J5EA7o

Rodrigo Castro @RodrigoD_Castro

https://t.co/9etT4FOHyf"	https://twitter.com/jorgeluisaliaga/status/1387243978320453635	[]
jorgeluisaliaga	Wed Apr 28 03:15:12 +0000 2021	2	1	"Hilos recomendados:

Semáforo: Martin Barrionuevo @mmbarrionuevo

xxxxxxxxxxxxxxxxxx

Rio Negro+Neuquen: Clari Cardozo Castro @ClariCardozoCas

Diseño @TotinFraire Elaboración @Fedwr

https://t.co/VptnKmQM1V"	https://twitter.com/jorgeluisaliaga/status/1387243976504315905	[]
jorgeluisaliaga	Wed Apr 28 02:29:54 +0000 2021	7	0	@Andrea_Gentil Bueno, me alegro! Ánimo.	https://twitter.com/jorgeluisaliaga/status/1387232576918761473	[]
jorgeluisaliaga	Tue Apr 27 23:41:03 +0000 2021	14	4	Muy interesante leer sobre la evolución del diseño arquitectónico de los hospitales (en inglés, pero el navegador lo puede traducir). https://t.co/BqQ4frRRJq	https://twitter.com/jorgeluisaliaga/status/1387190085527945226	[]
jorgeluisaliaga	Tue Apr 27 21:27:00 +0000 2021	1	0	@loquediriasi decime de a una y veo si te aclaro	https://twitter.com/jorgeluisaliaga/status/1387156347884654594	[]
jorgeluisaliaga	Tue Apr 27 20:43:39 +0000 2021	7	3	"A partir del 5/2/21 saco el informe en dos partes, la primera cuando sale el parte diario y el complemento cuando se actualiza la base de datos, después de las 21:30.

FIN PRIMERA PARTE."	https://twitter.com/jorgeluisaliaga/status/1387145438323695618	[]
jorgeluisaliaga	Tue Apr 27 20:43:38 +0000 2021	11	5	Como es de esperar la desaceleración de confirmados es acompañada con una baja en la diferencia entre confirmados y recuperados. https://t.co/T044VvuxSJ	https://twitter.com/jorgeluisaliaga/status/1387145436549558277	[]
jorgeluisaliaga	Tue Apr 27 20:43:37 +0000 2021	4	2	"Hoy se llegó a 62.599 (+516) personas fallecidas. 
Se reportaron 2.563.223 (+21219) personas recuperadas (88,2%). 
5134 (+98) en Terapia. 
Distintos estados de casos en escala semi-logaritmica. 
Lineal muertos y UTI para ver fácil subas. https://t.co/glqQmiBXlj"	https://twitter.com/jorgeluisaliaga/status/1387145432447569922	[]
jorgeluisaliaga	Tue Apr 27 20:43:36 +0000 2021	5	3	Avance de la Vacunación por sector, por edad y marca de vacuna, por provincia y grupo etario y por provincia y sector. https://t.co/nBqG7oL5T8	https://twitter.com/jorgeluisaliaga/status/1387145427015852032	[]
jorgeluisaliaga	Tue Apr 27 20:43:34 +0000 2021	2	3	Evolución de la vacunación en todo el país, CABA y PBA. Porcentaje de vacunas aplicadas en relación con las distribuidas. https://t.co/2HTUeqWQdf	https://twitter.com/jorgeluisaliaga/status/1387145420959322112	[]
jorgeluisaliaga	Tue Apr 27 20:43:33 +0000 2021	5	3	Avance de la Vacunación por provincia según datos cargado hasta hoy a las 6 AM de &gt;&gt; https://t.co/bBb2CUzoT6 y https://t.co/TNJm7ZPDNK https://t.co/zNH5PZePkb	https://twitter.com/jorgeluisaliaga/status/1387145415301140480	[]
jorgeluisaliaga	Tue Apr 27 20:43:32 +0000 2021	5	5	"Muestro ajuste.  Uso el crecimiento exponencial con que se ajustaban los datos al 25/3 para una logística, más adecuado en esta etapa de la epidemia, que explico en detalle en este documento (estimo infectados asumiendo un 70% de asintomáticos): 

https://t.co/xDGEjpspvW https://t.co/48C1hai17a"	https://twitter.com/jorgeluisaliaga/status/1387145409030725634	[]
jorgeluisaliaga	Tue Apr 27 20:43:30 +0000 2021	3	3	"Fallecidos por millón de habitantes por provincia.
Detalle de fecha del último caso de cada provincia. Todas las provincias activas. 
También muestro cantidad de días sin casos por provincia y provincias con casos y casos durante la epidemia. https://t.co/UsGoiROoFi"	https://twitter.com/jorgeluisaliaga/status/1387145404102414337	[]
jorgeluisaliaga	Tue Apr 27 20:43:29 +0000 2021	5	3	"Para los que les sirva, muestro datos más simples de leer de distribución de casos confirmados y muertos, y casos confirmados y muertos por millón de habitantes, por provincia.
También una página interactiva.

https://t.co/UoryUFDQ2D
-------------------------- https://t.co/cwclqrD2sw"	https://twitter.com/jorgeluisaliaga/status/1387145398570074113	[]
jorgeluisaliaga	Tue Apr 27 20:43:28 +0000 2021	3	3	"Neuquén, Rio Negro, Chubut, Santa Cruz
Casos Diarios, Prom últimos 7 días, SUMA de últimos 14 días / 100.000 habitantes. Días de Duplicación, Log-Log Nuevos vs Total de Casos. 
INCIDENCIA y Factor de Crecimiento. Promedio de confirmados diarios últimas 15 semanas. https://t.co/1CRJl4t2hM"	https://twitter.com/jorgeluisaliaga/status/1387145392857436172	[]
jorgeluisaliaga	Tue Apr 27 20:43:26 +0000 2021	4	3	"La Rioja, San Juan, San Luis, Mendoza
Casos Diarios, Prom últimos 7 días, SUMA de últimos 14 días / 100.000 habitantes. Días de Duplicación, Log-Log Nuevos vs Total de Casos. 
INCIDENCIA y Factor de Crecimiento. Promedio de confirmados diarios últimas 15 semanas. https://t.co/J7u4lAl6kc"	https://twitter.com/jorgeluisaliaga/status/1387145387069296643	[]
jorgeluisaliaga	Tue Apr 27 20:43:25 +0000 2021	2	2	"Jujuy, Salta, Tucumán, Catamarca 
Casos Diarios, Prom últimos 7 días, SUMA de últimos 14 días / 100.000 habitantes. Días de Duplicación, Log-Log Nuevos vs Total de Casos. 
INCIDENCIA y Factor de Crecimiento. Promedio de confirmados diarios últimas 15 semanas. https://t.co/mgXWGob1OR"	https://twitter.com/jorgeluisaliaga/status/1387145381788766209	[]
jorgeluisaliaga	Tue Apr 27 20:43:24 +0000 2021	2	2	"Entre Ríos, Corrientes, Misiones, Formosa
Casos Diarios, Prom últimos 7 días, SUMA de últimos 14 días / 100.000 habitantes. Días de Duplicación, Log-Log Nuevos vs Total de Casos. 
INCIDENCIA y Factor de Crecimiento. Promedio de confirmados diarios últimas 15 semanas. https://t.co/VMWN3h45Sw"	https://twitter.com/jorgeluisaliaga/status/1387145375585390594	[]
jorgeluisaliaga	Tue Apr 27 20:43:22 +0000 2021	2	2	"Santa Fé, Córdoba, Chaco, Santiago del Estero
Casos Diarios, Prom últimos 7 días, SUMA de últimos 14 días / 100.000 habitantes. Días de Duplicación, Log-Log Nuevos vs Total de Casos. 
INCIDENCIA y Factor de Crecimiento. Promedio de confirmados diarios últimas 15 semanas. https://t.co/wZhNbBMZVm"	https://twitter.com/jorgeluisaliaga/status/1387145369289732097	[]
jorgeluisaliaga	Tue Apr 27 20:43:21 +0000 2021	4	2	"CABA, PBA, La Pampa, Tierra del Fuego 
Casos Diarios, Prom últimos 7 días, SUMA de últimos 14 días / 100.000 habitantes. Días de Duplicación, Log-Log Nuevos vs Total de Casos. 
INCIDENCIA y Factor de Crecimiento. Promedio de confirmados diarios últimas 15 semanas. https://t.co/RTTRDvRPaL"	https://twitter.com/jorgeluisaliaga/status/1387145364055150593	[]
jorgeluisaliaga	Tue Apr 27 20:43:20 +0000 2021	2	2	"Muestro la evolución de la cantidad de días necesarios para duplicar (x2) y para decuplicar (x10) (Total y Activos).
La cantidad de días para duplicación aumento de entre 3 y 4 a 26 y ahora está en 90. Por 10 en 300 días. https://t.co/2keEuOWdmG"	https://twitter.com/jorgeluisaliaga/status/1387145358480924675	[]
jorgeluisaliaga	Tue Apr 27 20:43:19 +0000 2021	3	2	"Evolución de la INCIDENCIA y del Factor de Crecimiento (ver Inf del 16/4). 
Muestro también la evolución de la tasa de variación de la cantidad de casos cada 2, 4, y 10 días (ver inf 4/4 y 5/4). También detalle desde el 1/04/21. https://t.co/fA5cdPWMlf"	https://twitter.com/jorgeluisaliaga/status/1387145354299256846	[]
jorgeluisaliaga	Tue Apr 27 20:43:17 +0000 2021	3	2	Muestro en Log-Log Casos Nuevos vs Totales (promedio para cada día con los valores de los siete últimos) (si hay duda, ver inf 3/4). https://t.co/YKNAQRbkh5	https://twitter.com/jorgeluisaliaga/status/1387145349723197441	[]
jorgeluisaliaga	Tue Apr 27 20:43:17 +0000 2021	7	2	"9/1 rearmé el informe.
Total de casos según fecha de carga en escala semilogarítmica, para ver comportamiento exponencial y su velocidad.
Promedio de casos confirmados, UTI y fallecidos por fecha de carga por semana en las últimas 30 semanas. https://t.co/qC1G4yt1OG"	https://twitter.com/jorgeluisaliaga/status/1387145345797431300	[]
jorgeluisaliaga	Tue Apr 27 20:43:15 +0000 2021	5	3	"23 provincias con INCIDENCIA mayor a 150 casos / 100.000 en los últimos 14 días, y 22 provincias con Razón de Casos mayor a 1 (creciendo). 
Incidencia Nacional = 719 casos
Razón de Casos Nacional = 1,32
ALTO RIESGO SANITARIO https://t.co/ScbCu425bB"	https://twitter.com/jorgeluisaliaga/status/1387145340386746376	[]
jorgeluisaliaga	Tue Apr 27 20:43:14 +0000 2021	11	5	Saqué movimientos con tarjeta SUBE en AMBA y fuera de AMBA. Las medidas del 29/3 (teletrabajo), 9/4 (cierre 0-6) y 16/4 (cierre 19-6 y escuelas AMBA) bajaron la movilidad, y los confirmados van bajando con una semana de retraso. https://t.co/SSSQie6xya	https://twitter.com/jorgeluisaliaga/status/1387145334992875524	[]
jorgeluisaliaga	Tue Apr 27 20:43:13 +0000 2021	58	27	"Situación COVID-19 al 27/4

Hoy 25.495 nuevos casos confirmados.
Diecinueve provincias con ""alto riesgo sanitario"".
La desaceleración de confirmados se empieza a transformar en leve baja. Sube UTI y muertos por inercia.
La cantidad total de casos es 2.905.172. https://t.co/NqTT5KhUAx"	https://twitter.com/jorgeluisaliaga/status/1387145329573867528	[]
jorgeluisaliaga	Tue Apr 27 17:52:29 +0000 2021	7	0	"@violetlightinme @laurathomasset @jljcolorado La ventilación más segura es la continua. No hay que abrir cada tanto tiempo, sino dejar siempre abierto un poco. Lo suficiente como para que el CO2 de bajo, si es parecido a lo que hay en el exterior, tanto mejor. 
No depende sólo del volumen, sino de la ocupación y actividad."	https://twitter.com/jorgeluisaliaga/status/1387102364138676227	[]
jorgeluisaliaga	Tue Apr 27 03:13:20 +0000 2021	3	0	@minombreaca @rquiroga777 @mmbarrionuevo @norabar @sole_reta @Andrea_Gentil terrible	https://twitter.com/jorgeluisaliaga/status/1386881118482444296	[]
jorgeluisaliaga	Tue Apr 27 03:12:50 +0000 2021	3	0	@threadreaderapp unroll	https://twitter.com/jorgeluisaliaga/status/1386880995165712385	[]
jorgeluisaliaga	Tue Apr 27 03:12:32 +0000 2021	6	1	"Todos los informes e información en mi sitio

https://t.co/OOPfZIjwmV

La Tabla de datos informados por @msalnacion los puse en:

https://t.co/A6X5GTltVQ"	https://twitter.com/jorgeluisaliaga/status/1386880917499781122	[]
jorgeluisaliaga	Tue Apr 27 03:12:31 +0000 2021	3	1	Casos confirmados por rango etario en CABA y PBA con detalle de edades escolares. https://t.co/Z4I8pHaptX	https://twitter.com/jorgeluisaliaga/status/1386880914962227204	[]
jorgeluisaliaga	Tue Apr 27 03:12:30 +0000 2021	1	1	"Edad promedio de confirmados y de mayores de 70 años por semana de inicio de síntoma.
Cantidad de fallecidos y su edad media, y fallecidos mayores de 70 años por semana de inicio de síntoma. https://t.co/m13KyDRjo3"	https://twitter.com/jorgeluisaliaga/status/1386880909052420098	[]
jorgeluisaliaga	Tue Apr 27 03:12:29 +0000 2021	1	1	"Los fallecidos cargados demorados hoy:
3 de OCTUBRE Jujuy
6 de NOVIEMBRE (3 Entre Ríos, 2 Santa Fe, PBA)
2 de DICIEMBRE (Entre Ríos, Santa Fe)
2 de ENERO Corrientes
2 de FEBRERO (Corrientes, Río Negro)"	https://twitter.com/jorgeluisaliaga/status/1386880903608209410	[]
jorgeluisaliaga	Tue Apr 27 03:12:28 +0000 2021	1	1	"De los 443 informados como fallecidos, 51 fallecieron hace más de 9 días.

Se muestra días entre inicio de síntoma y fallecimiento, largas internaciones. https://t.co/UYTxmfHvoS"	https://twitter.com/jorgeluisaliaga/status/1386880901817188352	[]
jorgeluisaliaga	Tue Apr 27 03:12:27 +0000 2021	1	1	"Confirmados y sospechosos por fecha de apertura en TOTAL, CABA y PBA.
Testeo y positividad por semana de apertura. https://t.co/IZQpwoSVZj"	https://twitter.com/jorgeluisaliaga/status/1386880897845235714	[]
jorgeluisaliaga	Tue Apr 27 03:12:26 +0000 2021	1	1	Detalles de Tests Confirmados, Descartados y Sospechosos según residencia en PBA y CABA por semana, con detalles según lugar de carga y sector público o privado. Amarillo es lo pendiente. https://t.co/jAuNT6ypHa	https://twitter.com/jorgeluisaliaga/status/1386880892401078274	[]
jorgeluisaliaga	Tue Apr 27 03:12:25 +0000 2021	1	0	"Ya se hicieron 8.545.616 Tests de diagnóstico (error +/- 10 tests), 30,6% de positividad.
Hoy 42.659, 38,7% la positividad. 
Cuando teníamos 10% de positividad (10/5) había 250-300 casos por día. https://t.co/oI1D314dms"	https://twitter.com/jorgeluisaliaga/status/1386880887577587712	[]
jorgeluisaliaga	Tue Apr 27 03:12:24 +0000 2021	0	0	"Los casos ordenados por fecha de síntoma, promediada cada día los últimos 7 en lineal y semi-log (ver inf 24/7). Y Por millón de habitantes.
Hasta ahora las amarillas ""predicen"" lo que van a hacer las curvas x síntoma cuando entren casos de esas fechas, atención la suba. https://t.co/cJJaYMMKtv"	https://twitter.com/jorgeluisaliaga/status/1386880883223842821	[]
jorgeluisaliaga	Tue Apr 27 03:12:23 +0000 2021	0	0	"Sitios con datos / figuras

Gran info regional: Soledad Retamar @sole_reta 

https://t.co/LLv9J5EA7o

Rodrigo Castro @RodrigoD_Castro

https://t.co/9etT4FOHyf"	https://twitter.com/jorgeluisaliaga/status/1386880878966628359	[]
jorgeluisaliaga	Tue Apr 27 03:12:22 +0000 2021	1	0	"Hilos recomendados:

Semáforo: Martin Barrionuevo @mmbarrionuevo

https://t.co/irFGWHd2bv

Rio Negro+Neuquen: Clari Cardozo Castro @ClariCardozoCas

Diseño @TotinFraire Elaboración @Fedwr

https://t.co/Um2ud6jmjl"	https://twitter.com/jorgeluisaliaga/status/1386880877263785986	[]
jorgeluisaliaga	Mon Apr 26 23:13:01 +0000 2021	51	11	Felicitaciones @GamarnikLab ! Muy merecido reconocimiento. https://t.co/HD9sbDqfZv	https://twitter.com/jorgeluisaliaga/status/1386820642209677313	[]
jorgeluisaliaga	Mon Apr 26 21:08:38 +0000 2021	74	32	"José Luis Jiménez @jljcolorado : “El contagio es veinte veces más fácil en interiores que en exteriores”
Entrevista de Nora Bär @norabar 

https://t.co/NsPpY0QD6n"	https://twitter.com/jorgeluisaliaga/status/1386789337514364929	[]
jorgeluisaliaga	Mon Apr 26 20:46:23 +0000 2021	13	3	"A partir del 5/2/21 saco el informe en dos partes, la primera cuando sale el parte diario y el complemento cuando se actualiza la base de datos, después de las 21:30.

FIN PRIMERA PARTE."	https://twitter.com/jorgeluisaliaga/status/1386783739200610310	[]
jorgeluisaliaga	Mon Apr 26 20:46:22 +0000 2021	13	3	Sigue la baja de la diferencia entre confirmados y recuperados, coherente con la desaceleración de confirmados. https://t.co/7vUewpDGnW	https://twitter.com/jorgeluisaliaga/status/1386783737464205314	[]
jorgeluisaliaga	Mon Apr 26 20:46:21 +0000 2021	6	4	"Hoy se llegó a 62.087 (+443) personas fallecidas. 
Se reportaron 2.542.004 (+23837) personas recuperadas (88,3%). 
5036 (+94) en Terapia. 
Distintos estados de casos en escala semi-logaritmica. 
Lineal muertos y UTI para ver fácil subas. https://t.co/ORnifT9SaH"	https://twitter.com/jorgeluisaliaga/status/1386783733353697290	[]
jorgeluisaliaga	Mon Apr 26 20:46:20 +0000 2021	5	3	Avance de la Vacunación por sector, por edad y marca de vacuna, por provincia y grupo etario y por provincia y sector. https://t.co/I3jcOfNKOf	https://twitter.com/jorgeluisaliaga/status/1386783727360032768	[]
jorgeluisaliaga	Mon Apr 26 20:46:18 +0000 2021	8	3	Evolución de la vacunación en todo el país, CABA y PBA. Porcentaje de vacunas aplicadas en relación con las distribuidas. https://t.co/UKgGxHmHVc	https://twitter.com/jorgeluisaliaga/status/1386783721106378755	[]
jorgeluisaliaga	Mon Apr 26 20:46:17 +0000 2021	8	3	Avance de la Vacunación por provincia según datos cargado hasta hoy a las 6 AM de &gt;&gt; https://t.co/bBb2CUzoT6 y https://t.co/TNJm7ZPDNK https://t.co/hsDsCQM7Mx	https://twitter.com/jorgeluisaliaga/status/1386783715066515457	[]
jorgeluisaliaga	Mon Apr 26 20:46:16 +0000 2021	4	3	"Muestro ajuste.  Uso el crecimiento exponencial con que se ajustaban los datos al 25/3 para una logística, más adecuado en esta etapa de la epidemia, que explico en detalle en este documento (estimo infectados asumiendo un 70% de asintomáticos): 

https://t.co/xDGEjpspvW https://t.co/GKnkx9Kyii"	https://twitter.com/jorgeluisaliaga/status/1386783709693612044	[]
jorgeluisaliaga	Mon Apr 26 20:46:14 +0000 2021	8	5	"Fallecidos por millón de habitantes por provincia.
Detalle de fecha del último caso de cada provincia. Todas las provincias activas. 
También muestro cantidad de días sin casos por provincia y provincias con casos y casos durante la epidemia. https://t.co/5H6vLIbeTq"	https://twitter.com/jorgeluisaliaga/status/1386783703867830282	[]
jorgeluisaliaga	Mon Apr 26 20:46:13 +0000 2021	9	4	"Para los que les sirva, muestro datos más simples de leer de distribución de casos confirmados y muertos, y casos confirmados y muertos por millón de habitantes, por provincia.
También una página interactiva.

https://t.co/UoryUFDQ2D
-------------------------- https://t.co/5ZMx4Rt3lv"	https://twitter.com/jorgeluisaliaga/status/1386783699245613059	[]
jorgeluisaliaga	Mon Apr 26 20:46:12 +0000 2021	6	3	"Neuquén, Rio Negro, Chubut, Santa Cruz
Casos Diarios, Prom últimos 7 días, SUMA de últimos 14 días / 100.000 habitantes. Días de Duplicación, Log-Log Nuevos vs Total de Casos. 
INCIDENCIA y Factor de Crecimiento. Promedio de confirmados diarios últimas 15 semanas. https://t.co/GOkKJ3jBbC"	https://twitter.com/jorgeluisaliaga/status/1386783693512003588	[]
jorgeluisaliaga	Mon Apr 26 20:46:10 +0000 2021	5	3	"La Rioja, San Juan, San Luis, Mendoza
Casos Diarios, Prom últimos 7 días, SUMA de últimos 14 días / 100.000 habitantes. Días de Duplicación, Log-Log Nuevos vs Total de Casos. 
INCIDENCIA y Factor de Crecimiento. Promedio de confirmados diarios últimas 15 semanas. https://t.co/WpxszlnFoc"	https://twitter.com/jorgeluisaliaga/status/1386783686893449217	[]
jorgeluisaliaga	Mon Apr 26 20:46:09 +0000 2021	5	3	"Jujuy, Salta, Tucumán, Catamarca 
Casos Diarios, Prom últimos 7 días, SUMA de últimos 14 días / 100.000 habitantes. Días de Duplicación, Log-Log Nuevos vs Total de Casos. 
INCIDENCIA y Factor de Crecimiento. Promedio de confirmados diarios últimas 15 semanas. https://t.co/T9l2YR0Fcy"	https://twitter.com/jorgeluisaliaga/status/1386783681138905091	[]
jorgeluisaliaga	Mon Apr 26 20:46:08 +0000 2021	5	3	"Entre Ríos, Corrientes, Misiones, Formosa
Casos Diarios, Prom últimos 7 días, SUMA de últimos 14 días / 100.000 habitantes. Días de Duplicación, Log-Log Nuevos vs Total de Casos. 
INCIDENCIA y Factor de Crecimiento. Promedio de confirmados diarios últimas 15 semanas. https://t.co/YlAmaRNHQM"	https://twitter.com/jorgeluisaliaga/status/1386783675266867201	[]
jorgeluisaliaga	Mon Apr 26 20:46:06 +0000 2021	7	3	"Santa Fé, Córdoba, Chaco, Santiago del Estero
Casos Diarios, Prom últimos 7 días, SUMA de últimos 14 días / 100.000 habitantes. Días de Duplicación, Log-Log Nuevos vs Total de Casos. 
INCIDENCIA y Factor de Crecimiento. Promedio de confirmados diarios últimas 15 semanas. https://t.co/6U40W3pMxQ"	https://twitter.com/jorgeluisaliaga/status/1386783669520588802	[]
jorgeluisaliaga	Mon Apr 26 20:46:05 +0000 2021	8	6	"CABA, PBA, La Pampa, Tierra del Fuego 
Casos Diarios, Prom últimos 7 días, SUMA de últimos 14 días / 100.000 habitantes. Días de Duplicación, Log-Log Nuevos vs Total de Casos. 
INCIDENCIA y Factor de Crecimiento. Promedio de confirmados diarios últimas 15 semanas. https://t.co/2OYpQJgfhF"	https://twitter.com/jorgeluisaliaga/status/1386783663879335936	[]
jorgeluisaliaga	Mon Apr 26 20:46:03 +0000 2021	7	4	"Muestro la evolución de la cantidad de días necesarios para duplicar (x2) y para decuplicar (x10) (Total y Activos).
La cantidad de días para duplicación aumento de entre 3 y 4 a 26 y ahora está en 85. Por 10 en 283 días. https://t.co/SO2jT0Fc9h"	https://twitter.com/jorgeluisaliaga/status/1386783658212745217	[]
jorgeluisaliaga	Mon Apr 26 20:46:02 +0000 2021	9	6	"Evolución de la INCIDENCIA y del Factor de Crecimiento (ver Inf del 16/4). 
Muestro también la evolución de la tasa de variación de la cantidad de casos cada 2, 4, y 10 días (ver inf 4/4 y 5/4). También detalle desde el 1/04/21. https://t.co/G5nf7r9O1a"	https://twitter.com/jorgeluisaliaga/status/1386783653234085890	[]
jorgeluisaliaga	Mon Apr 26 20:46:01 +0000 2021	11	9	Muestro en Log-Log Casos Nuevos vs Totales (promedio para cada día con los valores de los siete últimos) (si hay duda, ver inf 3/4). https://t.co/3Im0FJdcre	https://twitter.com/jorgeluisaliaga/status/1386783647940988928	[]
jorgeluisaliaga	Mon Apr 26 20:46:00 +0000 2021	13	8	"9/1 rearmé el informe.
Total de casos según fecha de carga en escala semilogarítmica, para ver comportamiento exponencial y su velocidad.
Promedio de casos confirmados, UTI y fallecidos por fecha de carga por semana en las últimas 30 semanas. https://t.co/yOcoAf4q6q"	https://twitter.com/jorgeluisaliaga/status/1386783641917870092	[]
jorgeluisaliaga	Mon Apr 26 20:45:58 +0000 2021	21	15	"23 provincias con INCIDENCIA mayor a 150 casos / 100.000 en los últimos 14 días, y 22 provincias con Razón de Casos mayor a 1 (creciendo). 
Incidencia Nacional = 722 casos
Razón de Casos Nacional = 1,43
ALTO RIESGO SANITARIO https://t.co/xeJMQIMh7P"	https://twitter.com/jorgeluisaliaga/status/1386783636612128772	[]
jorgeluisaliaga	Mon Apr 26 20:45:57 +0000 2021	89	40	"Situación COVID-19 al 26/4

Hoy 18.793 nuevos casos confirmados.
Veinte provincias con ""alto riesgo sanitario"".
Se consolida desaceleración de confirmados, posible baja, y suba de UTI y muertos, por inercia.
La cantidad total de casos es 2.879.677. https://t.co/BsAIzNcJId"	https://twitter.com/jorgeluisaliaga/status/1386783631436390401	[]
jorgeluisaliaga	Mon Apr 26 11:54:03 +0000 2021	2	0	"#BO
Unifícase el “PLAN ARGENTINA HACE I” y el “PLAN ARGENTINA HACE II” en el “PLAN ARGENTINA HACE”.

https://t.co/K9a0yofYqK"	https://twitter.com/jorgeluisaliaga/status/1386649773512462341	[{'text': 'BO', 'indices': [0, 3]}]
jorgeluisaliaga	Mon Apr 26 11:54:03 +0000 2021	3	1	"#BO
Apruébase el procedimiento correspondiente a la Licitación Pública Nacional Nº 4/2019 para la contratación del diseño, construcción y operación inicial de 5 plantas de generación fotovoltaica y eólica con acumulación, integradas a una mini red.

https://t.co/NxBPsqF6G7"	https://twitter.com/jorgeluisaliaga/status/1386649772187082754	[{'text': 'BO', 'indices': [0, 3]}]
jorgeluisaliaga	Mon Apr 26 11:54:02 +0000 2021	1	0	"#BO
Designar Miembros Titulares del Jurado de los PREMIOS DE POESÍA “STORNI” 2021

https://t.co/ip1uOLqkJN"	https://twitter.com/jorgeluisaliaga/status/1386649770916200459	[{'text': 'BO', 'indices': [0, 3]}]
jorgeluisaliaga	Mon Apr 26 11:54:02 +0000 2021	7	1	"#BO
Créase el PROGRAMA “PRODUCIR” en el ámbito de la DIRECCIÓN NACIONAL DE ASISTENCIA INTEGRAL A LAS VÍCTIMAS DE VIOLENCIA POR RAZONES DE GÉNERO

https://t.co/tfHPYTUmfs"	https://twitter.com/jorgeluisaliaga/status/1386649769636995073	[{'text': 'BO', 'indices': [0, 3]}]
jorgeluisaliaga	Mon Apr 26 03:20:38 +0000 2021	1	1	"@JorgeAPalacio1 Esta desaceleración es producto de las primeras medidas. Con las de la semana pasada debería verse baja en ABMA. Posiblemente no muy grande. 

Esto escribí ayer:

https://t.co/UgCJOUXeVG"	https://twitter.com/jorgeluisaliaga/status/1386520568242085892	[]
jorgeluisaliaga	Mon Apr 26 03:18:50 +0000 2021	3	0	@threadreaderapp unroll	https://twitter.com/jorgeluisaliaga/status/1386520116897144833	[]
jorgeluisaliaga	Mon Apr 26 03:18:22 +0000 2021	9	0	"Todos los informes e información en mi sitio

https://t.co/OOPfZIjwmV

La Tabla de datos informados por @msalnacion los puse en:

https://t.co/A6X5GTltVQ"	https://twitter.com/jorgeluisaliaga/status/1386519997917323264	[]
jorgeluisaliaga	Mon Apr 26 03:18:21 +0000 2021	7	4	Casos confirmados por rango etario en CABA y PBA con detalle de edades escolares. https://t.co/h4AO7jgKEK	https://twitter.com/jorgeluisaliaga/status/1386519995342020619	[]
jorgeluisaliaga	Mon Apr 26 03:18:20 +0000 2021	5	2	"Edad promedio de confirmados y de mayores de 70 años por semana de inicio de síntoma.
Cantidad de fallecidos y su edad media, y fallecidos mayores de 70 años por semana de inicio de síntoma. https://t.co/hgPr7YddbS"	https://twitter.com/jorgeluisaliaga/status/1386519989096751108	[]
jorgeluisaliaga	Mon Apr 26 03:18:19 +0000 2021	3	1	"De los 170 informados como fallecidos, 9 fallecieron hace más de 8 días.

Todos de ABRIL 2021

Se muestra días entre inicio de síntoma y fallecimiento, largas internaciones. https://t.co/GUa1BrfIPn"	https://twitter.com/jorgeluisaliaga/status/1386519983983898632	[]
jorgeluisaliaga	Mon Apr 26 03:18:18 +0000 2021	2	0	"Confirmados y sospechosos por fecha de apertura en TOTAL, CABA y PBA.
Testeo y positividad por semana de apertura. https://t.co/1jJhVwlkU6"	https://twitter.com/jorgeluisaliaga/status/1386519979546365958	[]
jorgeluisaliaga	Mon Apr 26 03:18:16 +0000 2021	2	0	Detalles de Tests Confirmados, Descartados y Sospechosos según residencia en PBA y CABA por semana, con detalles según lugar de carga y sector público o privado. Amarillo es lo pendiente. https://t.co/msSGJYawvu	https://twitter.com/jorgeluisaliaga/status/1386519974509006851	[]
jorgeluisaliaga	Mon Apr 26 03:18:15 +0000 2021	2	0	"Ya se hicieron 8.502.957 Tests de diagnóstico (error +/- 10 tests), 30,5% de positividad.
Hoy 31.768, 44,0% la positividad. 
Cuando teníamos 10% de positividad (10/5) había 250-300 casos por día. https://t.co/lxXfXlZuCh"	https://twitter.com/jorgeluisaliaga/status/1386519969924620288	[]
jorgeluisaliaga	Mon Apr 26 03:18:14 +0000 2021	2	0	"Los casos ordenados por fecha de síntoma, promediada cada día los últimos 7 en lineal y semi-log (ver inf 24/7). Y Por millón de habitantes.
Hasta ahora las amarillas ""predicen"" lo que van a hacer las curvas x síntoma cuando entren casos de esas fechas, atención la suba. https://t.co/NFXnrsJMQF"	https://twitter.com/jorgeluisaliaga/status/1386519965570899986	[]
jorgeluisaliaga	Mon Apr 26 03:18:13 +0000 2021	1	0	"Sitios con datos / figuras

Gran info regional: Soledad Retamar @sole_reta 

https://t.co/LLv9J5EA7o

Rodrigo Castro @RodrigoD_Castro

https://t.co/9etT4FOHyf"	https://twitter.com/jorgeluisaliaga/status/1386519961066254338	[]
jorgeluisaliaga	Mon Apr 26 03:18:13 +0000 2021	2	0	"Hilos recomendados:

Semáforo: Martin Barrionuevo @mmbarrionuevo

https://t.co/HmMQiCZBvH

Rio Negro+Neuquen: Clari Cardozo Castro @ClariCardozoCas

Diseño @TotinFraire Elaboración @Fedwr

https://t.co/AiNQ64QGr0"	https://twitter.com/jorgeluisaliaga/status/1386519959312998402	[]
jorgeluisaliaga	Sun Apr 25 20:56:24 +0000 2021	9	4	"A partir del 5/2/21 saco el informe en dos partes, la primera cuando sale el parte diario y el complemento cuando se actualiza la base de datos, después de las 21:30.

FIN PRIMERA PARTE."	https://twitter.com/jorgeluisaliaga/status/1386423875076911110	[]
jorgeluisaliaga	Sun Apr 25 20:56:24 +0000 2021	11	4	La baja en la diferencia de confirmados y recuperados sigue acompañando la desaceleración de la suba de confirmados. https://t.co/BMCogL0RXU	https://twitter.com/jorgeluisaliaga/status/1386423873298644992	[]
jorgeluisaliaga	Sun Apr 25 20:56:23 +0000 2021	3	4	"Hoy se llegó a 61.644 (+170) personas fallecidas. 
Se reportaron 2.518.167 (+21890) personas recuperadas (88,0%). 
4942 (+84) en Terapia. 
Distintos estados de casos en escala semi-logaritmica. 
Lineal muertos y UTI para ver fácil subas. https://t.co/z3vH1LEWrL"	https://twitter.com/jorgeluisaliaga/status/1386423868781252608	[]
jorgeluisaliaga	Sun Apr 25 20:56:22 +0000 2021	4	4	Avance de la Vacunación por sector, por edad y marca de vacuna, por provincia y grupo etario y por provincia y sector. https://t.co/17jDav3w4u	https://twitter.com/jorgeluisaliaga/status/1386423863521673219	[]
jorgeluisaliaga	Sun Apr 25 20:56:20 +0000 2021	1	4	Evolución de la vacunación en todo el país, CABA y PBA. Porcentaje de vacunas aplicadas en relación con las distribuidas. https://t.co/mFBw1z96hA	https://twitter.com/jorgeluisaliaga/status/1386423857897107458	[]
jorgeluisaliaga	Sun Apr 25 20:56:19 +0000 2021	2	4	Avance de la Vacunación por provincia según datos cargado hasta hoy a las 6 AM de &gt;&gt; https://t.co/bBb2CUQZKE y https://t.co/TNJm7Zy2pa https://t.co/dHzU5TOmpW	https://twitter.com/jorgeluisaliaga/status/1386423852532600833	[]
jorgeluisaliaga	Sun Apr 25 20:56:18 +0000 2021	3	4	"Muestro ajuste.  Uso el crecimiento exponencial con que se ajustaban los datos al 25/3 para una logística, más adecuado en esta etapa de la epidemia, que explico en detalle en este documento (estimo infectados asumiendo un 70% de asintomáticos): 

https://t.co/xDGEjpK0nu https://t.co/zj6hvT2IMo"	https://twitter.com/jorgeluisaliaga/status/1386423847004479493	[]
jorgeluisaliaga	Sun Apr 25 20:56:17 +0000 2021	2	4	"Fallecidos por millón de habitantes por provincia.
Detalle de fecha del último caso de cada provincia. Todas las provincias activas. 
También muestro cantidad de días sin casos por provincia y provincias con casos y casos durante la epidemia. https://t.co/g6oHgEuwtL"	https://twitter.com/jorgeluisaliaga/status/1386423842189582336	[]
jorgeluisaliaga	Sun Apr 25 20:56:15 +0000 2021	4	5	"Para los que les sirva, muestro datos más simples de leer de distribución de casos confirmados y muertos, y casos confirmados y muertos por millón de habitantes, por provincia.
También una página interactiva.

https://t.co/UoryUFmeE3
-------------------------- https://t.co/7Ig4uIcyfB"	https://twitter.com/jorgeluisaliaga/status/1386423837307281408	[]
jorgeluisaliaga	Sun Apr 25 20:56:14 +0000 2021	1	5	"Neuquén, Rio Negro, Chubut, Santa Cruz
Casos Diarios, Prom últimos 7 días, SUMA de últimos 14 días / 100.000 habitantes. Días de Duplicación, Log-Log Nuevos vs Total de Casos. 
INCIDENCIA y Factor de Crecimiento. Promedio de confirmados diarios últimas 15 semanas. https://t.co/WAFURCpRik"	https://twitter.com/jorgeluisaliaga/status/1386423831443562497	[]
jorgeluisaliaga	Sun Apr 25 20:56:13 +0000 2021	1	4	"La Rioja, San Juan, San Luis, Mendoza
Casos Diarios, Prom últimos 7 días, SUMA de últimos 14 días / 100.000 habitantes. Días de Duplicación, Log-Log Nuevos vs Total de Casos. 
INCIDENCIA y Factor de Crecimiento. Promedio de confirmados diarios últimas 15 semanas. https://t.co/VSbeTLBPC4"	https://twitter.com/jorgeluisaliaga/status/1386423825986883585	[]
jorgeluisaliaga	Sun Apr 25 20:56:11 +0000 2021	1	4	"Jujuy, Salta, Tucumán, Catamarca 
Casos Diarios, Prom últimos 7 días, SUMA de últimos 14 días / 100.000 habitantes. Días de Duplicación, Log-Log Nuevos vs Total de Casos. 
INCIDENCIA y Factor de Crecimiento. Promedio de confirmados diarios últimas 15 semanas. https://t.co/lLXXn36x7i"	https://twitter.com/jorgeluisaliaga/status/1386423820123185152	[]
jorgeluisaliaga	Sun Apr 25 20:56:10 +0000 2021	1	4	"Entre Ríos, Corrientes, Misiones, Formosa
Casos Diarios, Prom últimos 7 días, SUMA de últimos 14 días / 100.000 habitantes. Días de Duplicación, Log-Log Nuevos vs Total de Casos. 
INCIDENCIA y Factor de Crecimiento. Promedio de confirmados diarios últimas 15 semanas. https://t.co/vu021nHs5x"	https://twitter.com/jorgeluisaliaga/status/1386423814498619394	[]
jorgeluisaliaga	Sun Apr 25 20:56:09 +0000 2021	2	4	"Santa Fé, Córdoba, Chaco, Santiago del Estero
Casos Diarios, Prom últimos 7 días, SUMA de últimos 14 días / 100.000 habitantes. Días de Duplicación, Log-Log Nuevos vs Total de Casos. 
INCIDENCIA y Factor de Crecimiento. Promedio de confirmados diarios últimas 15 semanas. https://t.co/Z0LBDIvUhl"	https://twitter.com/jorgeluisaliaga/status/1386423808383328256	[]
jorgeluisaliaga	Sun Apr 25 20:56:07 +0000 2021	5	5	"CABA, PBA, La Pampa, Tierra del Fuego 
Casos Diarios, Prom últimos 7 días, SUMA de últimos 14 días / 100.000 habitantes. Días de Duplicación, Log-Log Nuevos vs Total de Casos. 
INCIDENCIA y Factor de Crecimiento. Promedio de confirmados diarios últimas 15 semanas. https://t.co/iVZVYhXW0F"	https://twitter.com/jorgeluisaliaga/status/1386423802100436992	[]
jorgeluisaliaga	Sun Apr 25 20:56:06 +0000 2021	4	4	"Muestro la evolución de la cantidad de días necesarios para duplicar (x2) y para decuplicar (x10) (Total y Activos).
La cantidad de días para duplicación aumento de entre 3 y 4 a 26 y ahora está en 78. Por 10 en 257 días. https://t.co/SDweS2FRNU"	https://twitter.com/jorgeluisaliaga/status/1386423796819664900	[]
jorgeluisaliaga	Sun Apr 25 20:56:05 +0000 2021	3	3	"Evolución de la INCIDENCIA y del Factor de Crecimiento (ver Inf del 16/4). 
Muestro también la evolución de la tasa de variación de la cantidad de casos cada 2, 4, y 10 días (ver inf 4/4 y 5/4). También detalle desde el 1/04/21. https://t.co/nHbtfQEVYd"	https://twitter.com/jorgeluisaliaga/status/1386423791497011204	[]
jorgeluisaliaga	Sun Apr 25 20:56:03 +0000 2021	4	3	Muestro en Log-Log Casos Nuevos vs Totales (promedio para cada día con los valores de los siete últimos) (si hay duda, ver inf 3/4). https://t.co/joTHTBTZ7k	https://twitter.com/jorgeluisaliaga/status/1386423786426146818	[]
jorgeluisaliaga	Sun Apr 25 20:56:02 +0000 2021	5	3	"9/1 rearmé el informe.
Total de casos según fecha de carga en escala semilogarítmica, para ver comportamiento exponencial y su velocidad.
Promedio de casos confirmados, UTI y fallecidos por fecha de carga por semana en las últimas 30 semanas. https://t.co/ObT7JiNPop"	https://twitter.com/jorgeluisaliaga/status/1386423781858570240	[]
jorgeluisaliaga	Sun Apr 25 20:56:01 +0000 2021	5	4	"23 provincias con INCIDENCIA mayor a 150 casos / 100.000 en los últimos 14 días, y 22 provincias con Razón de Casos mayor a 1 (creciendo). 
Incidencia Nacional = 724 casos
Razón de Casos Nacional = 1,47
ALTO RIESGO SANITARIO https://t.co/w0Ph3GBVKu"	https://twitter.com/jorgeluisaliaga/status/1386423775336407041	[]
jorgeluisaliaga	Sun Apr 25 20:55:59 +0000 2021	61	24	"Situación COVID-19 al 25/4

Hoy 15.012 nuevos casos confirmados.
Veintiuna provincias con ""alto riesgo sanitario"".
Empieza semana 17, típico domingo con poca carga, consolida desaceleración. Inercia hace que sigan subiendo UTI y muertos.
La cantidad total de casos es 2.860.884. https://t.co/pALFCUTL7y"	https://twitter.com/jorgeluisaliaga/status/1386423769871241219	[]
jorgeluisaliaga	Sun Apr 25 16:20:42 +0000 2021	1	0	@rusosnith @Soledad_Acunia @banabenegas Si. La segunda figura tiene públicos y privados de menores.	https://twitter.com/jorgeluisaliaga/status/1386354492094963719	[]
jorgeluisaliaga	Sun Apr 25 15:05:22 +0000 2021	23	12	"@rusosnith @Soledad_Acunia @banabenegas Hay algo que me llama la atención. CABA bajó la cantidad de testeo en la parte pública.
Y subió fuertemente la positividad en edades escolares ..(también en las otras).
¿No será que se ""regula"" cuantos casos se quieren ver? https://t.co/Zy0gXR97xp"	https://twitter.com/jorgeluisaliaga/status/1386335532725248004	[]
jorgeluisaliaga	Sun Apr 25 03:10:32 +0000 2021	2	0	@threadreaderapp unroll	https://twitter.com/jorgeluisaliaga/status/1386155639488061448	[]
jorgeluisaliaga	Sun Apr 25 03:10:15 +0000 2021	8	3	"Todos los informes e información en mi sitio

https://t.co/OOPfZIjwmV

La Tabla de datos informados por @msalnacion los puse en:

https://t.co/A6X5GTltVQ"	https://twitter.com/jorgeluisaliaga/status/1386155566788132870	[]
jorgeluisaliaga	Sun Apr 25 03:10:14 +0000 2021	1	0	Casos confirmados por rango etario en CABA y PBA con detalle de edades escolares. https://t.co/BaInPuaGJ2	https://twitter.com/jorgeluisaliaga/status/1386155564267413504	[]
jorgeluisaliaga	Sun Apr 25 03:10:13 +0000 2021	1	0	"Edad promedio de confirmados y de mayores de 70 años por semana de inicio de síntoma.
Cantidad de fallecidos y su edad media, y fallecidos mayores de 70 años por semana de inicio de síntoma. https://t.co/AV4dSsRvcG"	https://twitter.com/jorgeluisaliaga/status/1386155558391238658	[]
jorgeluisaliaga	Sun Apr 25 03:10:11 +0000 2021	1	0	"De los 298 informados como fallecidos, 29 fallecieron hace más de 14 días.
1 de NOVIEMBRE Corrientes
3 de DICIEMBRE Corrientes
1 de FEBRERO CABA
Se muestra días entre inicio de síntoma y fallecimiento, largas internaciones. https://t.co/K1e6XMA2s9"	https://twitter.com/jorgeluisaliaga/status/1386155552590471173	[]
jorgeluisaliaga	Sun Apr 25 03:10:10 +0000 2021	1	0	"Confirmados y sospechosos por fecha de apertura en TOTAL, CABA y PBA.
Testeo y positividad por semana de apertura. https://t.co/tphnOvq7Xq"	https://twitter.com/jorgeluisaliaga/status/1386155548438147075	[]
jorgeluisaliaga	Sun Apr 25 03:10:09 +0000 2021	1	0	Detalles de Tests Confirmados, Descartados y Sospechosos según residencia en PBA y CABA por semana, con detalles según lugar de carga y sector público o privado. Amarillo es lo pendiente. https://t.co/qqVX2IQYHl	https://twitter.com/jorgeluisaliaga/status/1386155543476252674	[]
jorgeluisaliaga	Sun Apr 25 03:10:08 +0000 2021	5	1	"Ya se hicieron 8.471.189 Tests de diagnóstico (error +/- 10 tests), 30,5% de positividad.
Hoy 55.641, 35,6% la positividad. 
Cuando teníamos 10% de positividad (10/5) había 250-300 casos por día. https://t.co/DrbaKXovnu"	https://twitter.com/jorgeluisaliaga/status/1386155538979958785	[]
jorgeluisaliaga	Sun Apr 25 03:10:07 +0000 2021	5	1	"Los casos ordenados por fecha de síntoma, promediada cada día los últimos 7 en lineal y semi-log (ver inf 24/7). Y Por millón de habitantes.
Hasta ahora las amarillas ""predicen"" lo que van a hacer las curvas x síntoma cuando entren casos de esas fechas, atención la suba. https://t.co/RglndF5XR9"	https://twitter.com/jorgeluisaliaga/status/1386155534810746883	[]
jorgeluisaliaga	Sun Apr 25 03:10:06 +0000 2021	3	0	"Sitios con datos / figuras

Gran info regional: Soledad Retamar @sole_reta 

https://t.co/LLv9J5EA7o

Rodrigo Castro @RodrigoD_Castro

https://t.co/9etT4FOHyf"	https://twitter.com/jorgeluisaliaga/status/1386155530599772164	[]
jorgeluisaliaga	Sun Apr 25 03:10:06 +0000 2021	2	0	"Hilos recomendados:

Semáforo: Martin Barrionuevo @mmbarrionuevo

https://t.co/TnW8WWPOqo

Rio Negro+Neuquen: Clari Cardozo Castro @ClariCardozoCas

Diseño @TotinFraire Elaboración @Fedwr

https://t.co/q2R2f0Wdrm"	https://twitter.com/jorgeluisaliaga/status/1386155528875819008	[]
jorgeluisaliaga	Sun Apr 25 01:42:12 +0000 2021	1	1	@AleSzir @nconcina11 https://t.co/b6YHHXGTXC	https://twitter.com/jorgeluisaliaga/status/1386133409571950592	[]
jorgeluisaliaga	Sun Apr 25 01:41:38 +0000 2021	9	1	@Vic_Guma Los muertos de estos días son, mayoritariamente, contagios de hace 2-3 semanas atrás.	https://twitter.com/jorgeluisaliaga/status/1386133265787105281	[]
jorgeluisaliaga	Sun Apr 25 01:40:55 +0000 2021	1	0	"@morhijo @nconcina11 Esto es del hilo de ayer.
Vea la fecha donde se separa CABA de la duplicación de confirmados nuevos cada 12 días. 

https://t.co/dDYPAVmzVB"	https://twitter.com/jorgeluisaliaga/status/1386133084647694337	[]
jorgeluisaliaga	Sun Apr 25 01:40:05 +0000 2021	2	0	"@morhijo @nconcina11 no es así. Vea la baja de circulación. La gente deja de circular, luego se deja de contagiar, luego bajan los casos x FIS.

https://t.co/UgCJOUXeVG"	https://twitter.com/jorgeluisaliaga/status/1386132877130227717	[]
jorgeluisaliaga	Sat Apr 24 23:16:14 +0000 2021	21	9	"¿La educación presencial es un valor absoluto?
Gran análisis de Sol Minoldo @SolAndaluz 

https://t.co/UYA5Tv0u2W"	https://twitter.com/jorgeluisaliaga/status/1386096674200821766	[]
jorgeluisaliaga	Sat Apr 24 22:54:21 +0000 2021	82	16	"Crecieron 65% los casos en los últimos 14 días, pero se desacelera la velocidad de aumento 
Por Natalia Concina @nconcina11 

https://t.co/aItxXvOlQO"	https://twitter.com/jorgeluisaliaga/status/1386091169084583941	[]
jorgeluisaliaga	Sat Apr 24 20:37:53 +0000 2021	6	0	"A partir del 5/2/21 saco el informe en dos partes, la primera cuando sale el parte diario y el complemento cuando se actualiza la base de datos, después de las 21:30.

FIN PRIMERA PARTE."	https://twitter.com/jorgeluisaliaga/status/1386056827314573320	[]
jorgeluisaliaga	Sat Apr 24 20:37:53 +0000 2021	5	2	La baja en la diferencia entre confirmados y recuperados acompaña la desaceleración de confirmados. https://t.co/bLkWtlQiko	https://twitter.com/jorgeluisaliaga/status/1386056825666260995	[]
jorgeluisaliaga	Sat Apr 24 20:37:52 +0000 2021	3	3	"Hoy se llegó a 61.474 (+298) personas fallecidas. 
Se reportaron 2.496.277 (+21763) personas recuperadas (87,7%). 
4858 (+53) en Terapia. 
Distintos estados de casos en escala semi-logaritmica. 
Lineal muertos y UTI para ver fácil subas. https://t.co/ZmqFgDpmtE"	https://twitter.com/jorgeluisaliaga/status/1386056821723607042	[]
jorgeluisaliaga	Sat Apr 24 20:37:51 +0000 2021	8	8	Avance de la Vacunación por sector, por edad y marca de vacuna, por provincia y grupo etario y por provincia y sector. https://t.co/YolgcTOtFr	https://twitter.com/jorgeluisaliaga/status/1386056816476438539	[]
jorgeluisaliaga	Sat Apr 24 20:37:50 +0000 2021	0	0	Evolución de la vacunación en todo el país, CABA y PBA. Porcentaje de vacunas aplicadas en relación con las distribuidas. https://t.co/SI59chiIqn	https://twitter.com/jorgeluisaliaga/status/1386056810889613314	[]
jorgeluisaliaga	Sat Apr 24 20:37:48 +0000 2021	0	0	Avance de la Vacunación por provincia según datos cargado hasta hoy a las 6 AM de &gt;&gt; https://t.co/bBb2CUzoT6 y https://t.co/TNJm7ZPDNK https://t.co/2h3bUauNVN	https://twitter.com/jorgeluisaliaga/status/1386056805827100678	[]
jorgeluisaliaga	Sat Apr 24 20:37:47 +0000 2021	0	0	"Muestro ajuste.  Uso el crecimiento exponencial con que se ajustaban los datos al 25/3 para una logística, más adecuado en esta etapa de la epidemia, que explico en detalle en este documento (estimo infectados asumiendo un 70% de asintomáticos): 

https://t.co/xDGEjpspvW https://t.co/823EKRF9Lb"	https://twitter.com/jorgeluisaliaga/status/1386056800517206017	[]
jorgeluisaliaga	Sat Apr 24 20:37:46 +0000 2021	0	0	"Fallecidos por millón de habitantes por provincia.
Detalle de fecha del último caso de cada provincia. Todas las provincias activas. 
También muestro cantidad de días sin casos por provincia y provincias con casos y casos durante la epidemia. https://t.co/cRNfEOtOau"	https://twitter.com/jorgeluisaliaga/status/1386056795496632323	[]
jorgeluisaliaga	Sat Apr 24 20:37:45 +0000 2021	0	0	"Para los que les sirva, muestro datos más simples de leer de distribución de casos confirmados y muertos, y casos confirmados y muertos por millón de habitantes, por provincia.
También una página interactiva.

https://t.co/UoryUFDQ2D
-------------------------- https://t.co/U1pBi8gqjd"	https://twitter.com/jorgeluisaliaga/status/1386056790845108225	[]
jorgeluisaliaga	Sat Apr 24 20:37:44 +0000 2021	0	0	"Neuquén, Rio Negro, Chubut, Santa Cruz
Casos Diarios, Prom últimos 7 días, SUMA de últimos 14 días / 100.000 habitantes. Días de Duplicación, Log-Log Nuevos vs Total de Casos. 
INCIDENCIA y Factor de Crecimiento. Promedio de confirmados diarios últimas 15 semanas. https://t.co/yRijP4IfqB"	https://twitter.com/jorgeluisaliaga/status/1386056785581195266	[]
jorgeluisaliaga	Sat Apr 24 20:37:42 +0000 2021	0	0	"La Rioja, San Juan, San Luis, Mendoza
Casos Diarios, Prom últimos 7 días, SUMA de últimos 14 días / 100.000 habitantes. Días de Duplicación, Log-Log Nuevos vs Total de Casos. 
INCIDENCIA y Factor de Crecimiento. Promedio de confirmados diarios últimas 15 semanas. https://t.co/yfPDZeEYal"	https://twitter.com/jorgeluisaliaga/status/1386056780325740544	[]
jorgeluisaliaga	Sat Apr 24 20:37:41 +0000 2021	0	0	"Jujuy, Salta, Tucumán, Catamarca 
Casos Diarios, Prom últimos 7 días, SUMA de últimos 14 días / 100.000 habitantes. Días de Duplicación, Log-Log Nuevos vs Total de Casos. 
INCIDENCIA y Factor de Crecimiento. Promedio de confirmados diarios últimas 15 semanas. https://t.co/vj4RFcgk36"	https://twitter.com/jorgeluisaliaga/status/1386056775405916163	[]
jorgeluisaliaga	Sat Apr 24 20:37:40 +0000 2021	0	0	"Entre Ríos, Corrientes, Misiones, Formosa
Casos Diarios, Prom últimos 7 días, SUMA de últimos 14 días / 100.000 habitantes. Días de Duplicación, Log-Log Nuevos vs Total de Casos. 
INCIDENCIA y Factor de Crecimiento. Promedio de confirmados diarios últimas 15 semanas. https://t.co/AggKhh2Rj6"	https://twitter.com/jorgeluisaliaga/status/1386056769890398210	[]
jorgeluisaliaga	Sat Apr 24 20:37:38 +0000 2021	0	0	"Santa Fé, Córdoba, Chaco, Santiago del Estero
Casos Diarios, Prom últimos 7 días, SUMA de últimos 14 días / 100.000 habitantes. Días de Duplicación, Log-Log Nuevos vs Total de Casos. 
INCIDENCIA y Factor de Crecimiento. Promedio de confirmados diarios últimas 15 semanas. https://t.co/68c4mkalVY"	https://twitter.com/jorgeluisaliaga/status/1386056763267551235	[]
jorgeluisaliaga	Sat Apr 24 20:37:37 +0000 2021	0	0	"CABA, PBA, La Pampa, Tierra del Fuego 
Casos Diarios, Prom últimos 7 días, SUMA de últimos 14 días / 100.000 habitantes. Días de Duplicación, Log-Log Nuevos vs Total de Casos. 
INCIDENCIA y Factor de Crecimiento. Promedio de confirmados diarios últimas 15 semanas. https://t.co/s4Zub7zeKY"	https://twitter.com/jorgeluisaliaga/status/1386056757022167042	[]
jorgeluisaliaga	Sat Apr 24 20:37:35 +0000 2021	1	0	"Muestro la evolución de la cantidad de días necesarios para duplicar (x2) y para decuplicar (x10) (Total y Activos).
La cantidad de días para duplicación aumento de entre 3 y 4 a 26 y ahora está en 74. Por 10 en 245 días. https://t.co/eAxHIzsMRs"	https://twitter.com/jorgeluisaliaga/status/1386056751569678337	[]
jorgeluisaliaga	Sat Apr 24 20:37:34 +0000 2021	1	0	"Evolución de la INCIDENCIA y del Factor de Crecimiento (ver Inf del 16/4). 
Muestro también la evolución de la tasa de variación de la cantidad de casos cada 2, 4, y 10 días (ver inf 4/4 y 5/4). También detalle desde el 1/04/21. https://t.co/8Q4Yohzps0"	https://twitter.com/jorgeluisaliaga/status/1386056747572416517	[]
jorgeluisaliaga	Sat Apr 24 20:37:33 +0000 2021	0	0	Muestro en Log-Log Casos Nuevos vs Totales (promedio para cada día con los valores de los siete últimos) (si hay duda, ver inf 3/4). https://t.co/PCchBI0byH	https://twitter.com/jorgeluisaliaga/status/1386056743038357504	[]
jorgeluisaliaga	Sat Apr 24 20:37:32 +0000 2021	0	0	"9/1 rearmé el informe.
Total de casos según fecha de carga en escala semilogarítmica, para ver comportamiento exponencial y su velocidad.
Promedio de casos confirmados, UTI y fallecidos por fecha de carga por semana en las últimas 30 semanas. https://t.co/wuayj3U7CW"	https://twitter.com/jorgeluisaliaga/status/1386056738567229443	[]
jorgeluisaliaga	Sat Apr 24 20:37:31 +0000 2021	1	0	"23 provincias con INCIDENCIA mayor a 150 casos / 100.000 en los últimos 14 días, y 23 provincias con Razón de Casos mayor a 1 (creciendo). 
Incidencia Nacional = 724 casos
Razón de Casos Nacional = 1,52
ALTO RIESGO SANITARIO https://t.co/gm0h5ZfUsc"	https://twitter.com/jorgeluisaliaga/status/1386056732913373186	[]
jorgeluisaliaga	Sat Apr 24 20:37:30 +0000 2021	1	0	"Hoy saqué hilo detallando algunas medidas que explican la desaceleración en la suba de casos de CABA y AMBA:

https://t.co/xlIa4kIBuB"	https://twitter.com/jorgeluisaliaga/status/1386056728748376067	[]
jorgeluisaliaga	Sat Apr 24 20:37:29 +0000 2021	51	20	"Situación COVID-19 al 24/4

Hoy 21.220 nuevos casos confirmados.
Veintiuna provincias con ""alto riesgo sanitario"".
Se sigue desacelerando la suba de confirmados. 
Desde 21/9 nuevo formato de informe, sin detalle de tipo de caso.
La cantidad total de casos es 2.845.872. https://t.co/BMUD3wdW1n"	https://twitter.com/jorgeluisaliaga/status/1386056726550618112	[]
jorgeluisaliaga	Sat Apr 24 18:30:06 +0000 2021	25	1	"@roja_ave @ernestorr Physical Review Letters es de las más difíciles en física, de la American Physical Society. 

https://t.co/rRdsLviJPc"	https://twitter.com/jorgeluisaliaga/status/1386024665949351941	[]
jorgeluisaliaga	Sat Apr 24 18:28:11 +0000 2021	1	0	@PrevencinDocen1 GRACIAS!	https://twitter.com/jorgeluisaliaga/status/1386024185911201794	[]
jorgeluisaliaga	Sat Apr 24 17:36:37 +0000 2021	16	3	"DNU 241/2021 16/04 Prórroga Teletrabajo APN, Suspensión clase presenciales AMBA, cierre locales AMBA de 19 a 6hs

9/9

https://t.co/AJ4FRL28Aw"	https://twitter.com/jorgeluisaliaga/status/1386011208826949634	[]
jorgeluisaliaga	Sat Apr 24 17:36:37 +0000 2021	12	2	"DNU 235/2021 09/04 Prórroga Teletrabajo APN, limitación viajes grupales, limitación circulación 0 a 6hs

8/9

https://t.co/aJ3nKPJRN4"	https://twitter.com/jorgeluisaliaga/status/1386011207430201345	[]
jorgeluisaliaga	Sat Apr 24 17:36:37 +0000 2021	6	2	"DA 303/2021 05/04 Prórroga Teletrabajo de la APN hasta el 09/04

7/9

https://t.co/sJ6kSQIqBs"	https://twitter.com/jorgeluisaliaga/status/1386011206172004360	[]
jorgeluisaliaga	Sat Apr 24 17:36:36 +0000 2021	7	2	"Esta no es una medida, sino una ""no medida"":
Semana Santa 01/04 al 04/04 Movimiento de personas

6/9

https://t.co/g6Qnk1euKh"	https://twitter.com/jorgeluisaliaga/status/1386011204854947846	[]
jorgeluisaliaga	Sat Apr 24 17:36:36 +0000 2021	6	2	"DA 280/2021 28/03 Modalidad de trabajo remoto de Administración Pública Nacional hasta el 31/03

5/9

https://t.co/6iS2ineWd0"	https://twitter.com/jorgeluisaliaga/status/1386011203617574912	[]
jorgeluisaliaga	Sat Apr 24 17:36:36 +0000 2021	8	2	"Recordemos las medidas tomadas. (pongo un calendario para ayudar)

4/9 https://t.co/27PI2rSfSd"	https://twitter.com/jorgeluisaliaga/status/1386011202195689474	[]
jorgeluisaliaga	Sat Apr 24 17:36:35 +0000 2021	15	2	"Se observa una clara baja de movilidad. 

3/9 https://t.co/eMMks46AIF"	https://twitter.com/jorgeluisaliaga/status/1386011198693457933	[]
jorgeluisaliaga	Sat Apr 24 17:36:34 +0000 2021	14	6	"Se detecta una baja de la velocidad de crecimiento de confirmados desde 4/4. Y mayor efecto de medidas desde el 11/4 en AMBA. 
La positividad subió parecido en ambas jurisdicciones.

2/9 https://t.co/1gqCTOHbqy"	https://twitter.com/jorgeluisaliaga/status/1386011194696294403	[]
jorgeluisaliaga	Sat Apr 24 17:36:33 +0000 2021	68	26	"Confirmados de CABA y AMBA x Fecha de inicio de síntoma (FIS) hasta el miércoles (los últimos días incompletos). Están crudos, sin ningún promedio. Los días marcados en el eje horizontal son los domingos (Se ve estructura semanal). 
Parece aumentar más AMBA que CABA, hasta 11/04 https://t.co/tYCjk5c7YC"	https://twitter.com/jorgeluisaliaga/status/1386011190829232137	[]
jorgeluisaliaga	Sat Apr 24 13:38:05 +0000 2021	34	16	"@rquiroga777 En la campaña de las ""3C"" habla específicamente de los autos. 

https://t.co/pKc7MXtxIr"	https://twitter.com/jorgeluisaliaga/status/1385951177955753989	[]
jorgeluisaliaga	Sat Apr 24 03:59:35 +0000 2021	0	0	@NormaNicolau Hoy siguió la diferencia, y quedó claro que era un fallecido de Santa Cruz cargado el 21 y sacado el 22. Como el 21 no hubo base, no se puede saber cual fue.	https://twitter.com/jorgeluisaliaga/status/1385805593240297474	[]
jorgeluisaliaga	Sat Apr 24 03:58:30 +0000 2021	0	0	"@NormaNicolau Es más sutil que eso. El 21 no subieron la base. En el parte había 1 fallecido de Santa Cruz. EL 22 había  2.796.649 confirmados en la base vs 2.796.768 en el parte y 1 muerto de diferencia en Santa Cruz. No podía saber si era diferencia de corte.
(sigo)"	https://twitter.com/jorgeluisaliaga/status/1385805321956954114	[]
jorgeluisaliaga	Sat Apr 24 03:17:37 +0000 2021	2	1	@threadreaderapp unroll	https://twitter.com/jorgeluisaliaga/status/1385795033878650883	[]
jorgeluisaliaga	Sat Apr 24 03:17:26 +0000 2021	6	2	"Todos los informes e información en mi sitio

https://t.co/OOPfZIjwmV

La Tabla de datos informados por @msalnacion los puse en:

https://t.co/A6X5GTltVQ"	https://twitter.com/jorgeluisaliaga/status/1385794989335121920	[]
jorgeluisaliaga	Sat Apr 24 03:17:26 +0000 2021	2	0	Casos confirmados por rango etario en CABA y PBA con detalle de edades escolares. https://t.co/C3hC6GHo9U	https://twitter.com/jorgeluisaliaga/status/1385794986910920707	[]
jorgeluisaliaga	Sat Apr 24 03:17:24 +0000 2021	1	0	"Edad promedio de confirmados y de mayores de 70 años por semana de inicio de síntoma.
Cantidad de fallecidos y su edad media, y fallecidos mayores de 70 años por semana de inicio de síntoma. https://t.co/lDPQkOTPTP"	https://twitter.com/jorgeluisaliaga/status/1385794980632055808	[]
jorgeluisaliaga	Sat Apr 24 03:17:23 +0000 2021	5	2	"De los 557 informados como fallecidos, 39 fallecieron hace más de 13 días.
2 de DICIEMBRE (Tucumán, Río Negro)
1 de ENERO Mendoza
1 de FEBRERO Chaco
Se muestra días entre inicio de síntoma y fallecimiento, largas internaciones. https://t.co/BEOmam5eaH"	https://twitter.com/jorgeluisaliaga/status/1385794975619764224	[]
jorgeluisaliaga	Sat Apr 24 03:17:22 +0000 2021	2	3	"Confirmados y sospechosos por fecha de apertura en TOTAL, CABA y PBA.
Testeo y positividad por semana de apertura. https://t.co/fDRPnM3gmP"	https://twitter.com/jorgeluisaliaga/status/1385794971547099137	[]
jorgeluisaliaga	Sat Apr 24 03:17:21 +0000 2021	0	0	Detalles de Tests Confirmados, Descartados y Sospechosos según residencia en PBA y CABA por semana, con detalles según lugar de carga y sector público o privado. Amarillo es lo pendiente. https://t.co/b6KhxUcBnJ	https://twitter.com/jorgeluisaliaga/status/1385794966782361600	[]
jorgeluisaliaga	Sat Apr 24 03:17:20 +0000 2021	1	0	"Ya se hicieron 8.415.548 Tests de diagnóstico (error +/- 10 tests), 30,5% de positividad.
Hoy 61.546, 41,2% la positividad. 
Cuando teníamos 10% de positividad (10/5) había 250-300 casos por día. https://t.co/su6li1lbdM"	https://twitter.com/jorgeluisaliaga/status/1385794962118397952	[]
jorgeluisaliaga	Sat Apr 24 03:17:19 +0000 2021	1	0	"Los casos ordenados por fecha de síntoma, promediada cada día los últimos 7 en lineal y semi-log (ver inf 24/7). Y Por millón de habitantes.
Hasta ahora las amarillas ""predicen"" lo que van a hacer las curvas x síntoma cuando entren casos de esas fechas, atención la suba. https://t.co/CtHPyKo5Y3"	https://twitter.com/jorgeluisaliaga/status/1385794957819191298	[]
jorgeluisaliaga	Sat Apr 24 03:17:18 +0000 2021	0	0	"Sitios con datos / figuras

Gran info regional: Soledad Retamar @sole_reta 

https://t.co/LLv9J5EA7o

Rodrigo Castro @RodrigoD_Castro

https://t.co/9etT4FOHyf"	https://twitter.com/jorgeluisaliaga/status/1385794953222270977	[]
jorgeluisaliaga	Sat Apr 24 03:17:17 +0000 2021	1	0	"Hilos recomendados:

Semáforo: Martin Barrionuevo @mmbarrionuevo

https://t.co/CaTjnm2RNP

Rio Negro+Neuquen: Clari Cardozo Castro @ClariCardozoCas

Diseño @TotinFraire Elaboración @Fedwr

https://t.co/hNBJ9fKkrK"	https://twitter.com/jorgeluisaliaga/status/1385794951452274688	[]
jorgeluisaliaga	Sat Apr 24 00:29:14 +0000 2021	3	0	"@amorgallardo @Fedwr @TotinFraire @norabar @infomapache @Andrea_Gentil El concepto es que lo que se informa cada día es lo que se cargó ese día x cada efector. No lo que pasó.
El dato de UTI @msalnacion no lo saca de la base, llama por teléfono a cada provincia, porque no está actualizado.

https://t.co/1f01ADnH6c"	https://twitter.com/jorgeluisaliaga/status/1385752657533579264	[]
jorgeluisaliaga	Sat Apr 24 00:06:41 +0000 2021	0	0	@DanRozenfarb En CABA en febrero podía andar por eso. Ahora un poco más. En agosto 2020 diría 1 a 6. Va cambiando.	https://twitter.com/jorgeluisaliaga/status/1385746984833884162	[]
jorgeluisaliaga	Sat Apr 24 00:04:51 +0000 2021	52	14	"Llega el frio al centro del país, momento de tener presente la necesidad de ventilar los ambientes.

https://t.co/1TOEJOOfS6 https://t.co/y2CYoz37ry"	https://twitter.com/jorgeluisaliaga/status/1385746521912594436	[]
jorgeluisaliaga	Fri Apr 23 23:47:31 +0000 2021	28	4	@rusosnith @horaciorlarreta A la mia ya quedó aislada por ser contacto estrecho 2 veces. Una de una compañera, la segunda de una docente.	https://twitter.com/jorgeluisaliaga/status/1385742161946320899	[]
jorgeluisaliaga	Fri Apr 23 21:01:11 +0000 2021	9	1	"A partir del 5/2/21 saco el informe en dos partes, la primera cuando sale el parte diario y el complemento cuando se actualiza la base de datos, después de las 23:30.

FIN PRIMERA PARTE."	https://twitter.com/jorgeluisaliaga/status/1385700300430970880	[]
jorgeluisaliaga	Fri Apr 23 21:01:10 +0000 2021	11	3	"Hoy se llegó a 61.176 (+557) personas fallecidas. 
Se reportaron 2.474.514 (+24721) personas recuperadas (87,6%). 
4805 (+14) en Terapia. 
Distintos estados de casos en escala semi-logaritmica. 
Lineal muertos y UTI para ver fácil subas. https://t.co/Fu61E9OREQ"	https://twitter.com/jorgeluisaliaga/status/1385700298438627329	[]
jorgeluisaliaga	Fri Apr 23 21:01:09 +0000 2021	3	1	Avance de la Vacunación por sector, por edad y marca de vacuna, por provincia y grupo etario y por provincia y sector. https://t.co/SD3EjcwqhS	https://twitter.com/jorgeluisaliaga/status/1385700293883711490	[]
jorgeluisaliaga	Fri Apr 23 21:01:08 +0000 2021	1	0	Evolución de la vacunación en todo el país, CABA y PBA. Porcentaje de vacunas aplicadas en relación con las distribuidas. https://t.co/nDuIFMKWCn	https://twitter.com/jorgeluisaliaga/status/1385700288242274309	[]
jorgeluisaliaga	Fri Apr 23 21:01:07 +0000 2021	1	0	Avance de la Vacunación por provincia según datos cargado hasta hoy a las 6 AM de &gt;&gt; https://t.co/bBb2CUzoT6 y https://t.co/TNJm7ZPDNK https://t.co/dj9TEpqVBW	https://twitter.com/jorgeluisaliaga/status/1385700282517045250	[]
jorgeluisaliaga	Fri Apr 23 21:01:05 +0000 2021	1	0	"Muestro ajuste.  Uso el crecimiento exponencial con que se ajustaban los datos al 25/3 para una logística, más adecuado en esta etapa de la epidemia, que explico en detalle en este documento (estimo infectados asumiendo un 70% de asintomáticos): 

https://t.co/xDGEjpspvW https://t.co/r1QM5PZS9h"	https://twitter.com/jorgeluisaliaga/status/1385700277387472902	[]
jorgeluisaliaga	Fri Apr 23 21:01:04 +0000 2021	1	0	"Fallecidos por millón de habitantes por provincia.
Detalle de fecha del último caso de cada provincia. Todas las provincias activas. 
También muestro cantidad de días sin casos por provincia y provincias con casos y casos durante la epidemia. https://t.co/hu4Re2e9A1"	https://twitter.com/jorgeluisaliaga/status/1385700272903708672	[]
jorgeluisaliaga	Fri Apr 23 21:01:03 +0000 2021	2	0	"Para los que les sirva, muestro datos más simples de leer de distribución de casos confirmados y muertos, y casos confirmados y muertos por millón de habitantes, por provincia.
También una página interactiva.

https://t.co/UoryUFDQ2D
-------------------------- https://t.co/KGNqflIuCv"	https://twitter.com/jorgeluisaliaga/status/1385700268285775874	[]
jorgeluisaliaga	Fri Apr 23 21:01:02 +0000 2021	2	0	"Neuquén, Rio Negro, Chubut, Santa Cruz
Casos Diarios, Prom últimos 7 días, SUMA de últimos 14 días / 100.000 habitantes. Días de Duplicación, Log-Log Nuevos vs Total de Casos. 
INCIDENCIA y Factor de Crecimiento. Promedio de confirmados diarios últimas 15 semanas. https://t.co/0lsEg2LxLO"	https://twitter.com/jorgeluisaliaga/status/1385700261696524289	[]
jorgeluisaliaga	Fri Apr 23 21:01:00 +0000 2021	1	0	"La Rioja, San Juan, San Luis, Mendoza
Casos Diarios, Prom últimos 7 días, SUMA de últimos 14 días / 100.000 habitantes. Días de Duplicación, Log-Log Nuevos vs Total de Casos. 
INCIDENCIA y Factor de Crecimiento. Promedio de confirmados diarios últimas 15 semanas. https://t.co/IkSAaGOJa1"	https://twitter.com/jorgeluisaliaga/status/1385700255350525958	[]
jorgeluisaliaga	Fri Apr 23 21:00:59 +0000 2021	1	0	"Jujuy, Salta, Tucumán, Catamarca 
Casos Diarios, Prom últimos 7 días, SUMA de últimos 14 días / 100.000 habitantes. Días de Duplicación, Log-Log Nuevos vs Total de Casos. 
INCIDENCIA y Factor de Crecimiento. Promedio de confirmados diarios últimas 15 semanas. https://t.co/FeGFfOnzt4"	https://twitter.com/jorgeluisaliaga/status/1385700250015371272	[]
jorgeluisaliaga	Fri Apr 23 21:00:58 +0000 2021	1	0	"Entre Ríos, Corrientes, Misiones, Formosa
Casos Diarios, Prom últimos 7 días, SUMA de últimos 14 días / 100.000 habitantes. Días de Duplicación, Log-Log Nuevos vs Total de Casos. 
INCIDENCIA y Factor de Crecimiento. Promedio de confirmados diarios últimas 15 semanas. https://t.co/OwKpyxH8d8"	https://twitter.com/jorgeluisaliaga/status/1385700244541874177	[]
jorgeluisaliaga	Fri Apr 23 21:00:56 +0000 2021	1	0	"Santa Fé, Córdoba, Chaco, Santiago del Estero
Casos Diarios, Prom últimos 7 días, SUMA de últimos 14 días / 100.000 habitantes. Días de Duplicación, Log-Log Nuevos vs Total de Casos. 
INCIDENCIA y Factor de Crecimiento. Promedio de confirmados diarios últimas 15 semanas. https://t.co/scspjv215w"	https://twitter.com/jorgeluisaliaga/status/1385700239231918090	[]
jorgeluisaliaga	Fri Apr 23 21:00:55 +0000 2021	3	1	"CABA, PBA, La Pampa, Tierra del Fuego 
Casos Diarios, Prom últimos 7 días, SUMA de últimos 14 días / 100.000 habitantes. Días de Duplicación, Log-Log Nuevos vs Total de Casos. 
INCIDENCIA y Factor de Crecimiento. Promedio de confirmados diarios últimas 15 semanas. https://t.co/gdWXeOXMQ2"	https://twitter.com/jorgeluisaliaga/status/1385700233775099905	[]
jorgeluisaliaga	Fri Apr 23 21:00:54 +0000 2021	3	1	"Muestro la evolución de la cantidad de días necesarios para duplicar (x2) y para decuplicar (x10) (Total y Activos).
La cantidad de días para duplicación aumento de entre 3 y 4 a 26 y ahora está en 76. Por 10 en 253 días. https://t.co/6xfkDKLhS7"	https://twitter.com/jorgeluisaliaga/status/1385700228523778056	[]
jorgeluisaliaga	Fri Apr 23 21:00:53 +0000 2021	1	0	"Evolución de la INCIDENCIA y del Factor de Crecimiento (ver Inf del 16/4). 
Muestro también la evolución de la tasa de variación de la cantidad de casos cada 2, 4, y 10 días (ver inf 4/4 y 5/4). También detalle desde el 1/04/21. https://t.co/tbpAsLHa7v"	https://twitter.com/jorgeluisaliaga/status/1385700224413442049	[]
jorgeluisaliaga	Fri Apr 23 21:00:52 +0000 2021	2	0	Muestro en Log-Log Casos Nuevos vs Totales (promedio para cada día con los valores de los siete últimos) (si hay duda, ver inf 3/4). https://t.co/dstFHvp0sw	https://twitter.com/jorgeluisaliaga/status/1385700219640291328	[]
jorgeluisaliaga	Fri Apr 23 21:00:51 +0000 2021	4	1	"9/1 rearmé el informe.
Total de casos según fecha de carga en escala semilogarítmica, para ver comportamiento exponencial y su velocidad.
Promedio de casos confirmados, UTI y fallecidos por fecha de carga por semana en las últimas 30 semanas. https://t.co/odmpop2xd3"	https://twitter.com/jorgeluisaliaga/status/1385700215697645572	[]
jorgeluisaliaga	Fri Apr 23 21:00:49 +0000 2021	4	3	"Para los que siguen hablando de ""picos"" como eventos deterministas que ocurren naturalmente, vean como lo que define es el comportamiento de las personas y las medidas que se tomen.
Baja la movilidad por DNU 235/2021 del 9/4, los casos no suben tanto. https://t.co/2DvxEr0VT0"	https://twitter.com/jorgeluisaliaga/status/1385700210253443078	[]
jorgeluisaliaga	Fri Apr 23 21:00:48 +0000 2021	2	2	"23 provincias con INCIDENCIA mayor a 150 casos / 100.000 en los últimos 14 días, y 23 provincias con Razón de Casos mayor a 1 (creciendo). 
Incidencia Nacional = 720 casos
Razón de Casos Nacional = 1,58
ALTO RIESGO SANITARIO https://t.co/8jOs6IzFaV"	https://twitter.com/jorgeluisaliaga/status/1385700204964417538	[]
jorgeluisaliaga	Fri Apr 23 21:00:47 +0000 2021	45	19	"Situación COVID-19 al 23/4

Hoy 27.884 nuevos casos confirmados.
Veintuna provincias con ""alto riesgo sanitario"".
Se consolida la desaceleración en la suba de confirmados, por menor movilidad.
Sigue subiendo UTI y fallecidos x inercia.
La cantidad total de casos es 2.824.652. https://t.co/IzjMS6lZqE"	https://twitter.com/jorgeluisaliaga/status/1385700199822200840	[]
jorgeluisaliaga	Fri Apr 23 11:36:03 +0000 2021	6	1	"Apuestas al filo del colapso: suelta de vacunas y 2x1 con el FMI
Panorama semanal de Alejandro Bercovich @aleberco 

https://t.co/isuoYthK4F"	https://twitter.com/jorgeluisaliaga/status/1385558078624514049	[]
jorgeluisaliaga	Fri Apr 23 11:26:06 +0000 2021	11	2	"El rompecabezas del litio
Columna semanal de Nora Bär @norabar 

https://t.co/ZxMTm9JcbN"	https://twitter.com/jorgeluisaliaga/status/1385555574734082048	[]
jorgeluisaliaga	Fri Apr 23 11:21:24 +0000 2021	4	1	"#BO
Adjudícase el “Desarrollo de una herramienta de identificación, visualización y análisis del estado de Malnutrición de la población con cobertura pública exclusiva en Argentina” a FUNDACION DE CIENCIAS EXACTAS Y NATURALES – FUNDACEN por U$D 40.080,00

https://t.co/nc7m9KcHxC"	https://twitter.com/jorgeluisaliaga/status/1385554395069288450	[{'text': 'BO', 'indices': [0, 3]}]
jorgeluisaliaga	Fri Apr 23 11:21:24 +0000 2021	2	0	"#BO
Adjudícase la contratación de “Adquisición test de Antígenos SARS-CoV-2” 400.000 unidades de Prueba rápida de diagnóstico para la detección cualitativa de antígeno/s específicos (Ag) de SARS-CoV-2, a LABORATORIOS JAYOR S.R.L por USD 1.045.619,88

https://t.co/9quGYiT3tk"	https://twitter.com/jorgeluisaliaga/status/1385554393701957632	[{'text': 'BO', 'indices': [0, 3]}]
jorgeluisaliaga	Fri Apr 23 11:21:24 +0000 2021	0	0	"#BO
Adjudíquese el Proceso de Selección Directa MSAL-47-CD-CF “Consultoría para Ampliación de la Historia Clínica Digital Interoperable” a favor de la UNIVERSIDAD NACIONAL DEL CENTRO DE LA PROVINCIA DE BUENOS AIRES (CUIT 30-58676141-9) por USD 226.500,00

https://t.co/M53OoXJAdt"	https://twitter.com/jorgeluisaliaga/status/1385554392082960387	[{'text': 'BO', 'indices': [0, 3]}]
jorgeluisaliaga	Fri Apr 23 11:21:23 +0000 2021	0	0	"#BO
Ordenar la publicación del texto del Estatuto definitivo de la UNIVERSIDAD NACIONAL DE RAFAELA

https://t.co/lVumqYGJoh"	https://twitter.com/jorgeluisaliaga/status/1385554390791168003	[{'text': 'BO', 'indices': [0, 3]}]
jorgeluisaliaga	Fri Apr 23 11:21:23 +0000 2021	0	0	"#BO
Apruébase el proceso de contratación del Servicio de Consultoría que tiene por objeto la realización del “Estudio de Diagnóstico de diseño de software de subsidios de transporte público de pasajeros”

https://t.co/bwkxppsLkf"	https://twitter.com/jorgeluisaliaga/status/1385554389398654976	[{'text': 'BO', 'indices': [0, 3]}]
jorgeluisaliaga	Fri Apr 23 11:21:23 +0000 2021	0	0	"#BO
Créase el “CENTRO G+T - CENTRO DE GÉNEROS EN TECNOLOGÍA” en el ámbito de la SECRETARÍA DE INNOVACIÓN PÚBLICA de la JEFATURA DE GABINETE DE MINISTROS

https://t.co/ACyk0c5OQU"	https://twitter.com/jorgeluisaliaga/status/1385554388039700480	[{'text': 'BO', 'indices': [0, 3]}]
jorgeluisaliaga	Fri Apr 23 11:21:22 +0000 2021	6	0	"#BO
Establécese el plazo para la inscripción al “PROGRAMA REPRO II” para el período correspondiente a los salarios devengados durante el mes de abril de 2021 el cual estará comprendido entre el 26 de abril y 3 de mayo de 2021.

https://t.co/ec3wPJtPMf"	https://twitter.com/jorgeluisaliaga/status/1385554386743709700	[{'text': 'BO', 'indices': [0, 3]}]
jorgeluisaliaga	Fri Apr 23 03:18:20 +0000 2021	4	0	@threadreaderapp unroll	https://twitter.com/jorgeluisaliaga/status/1385432828054212610	[]
jorgeluisaliaga	Fri Apr 23 03:18:12 +0000 2021	4	1	"Todos los informes e información en mi sitio

https://t.co/OOPfZIjwmV

La Tabla de datos informados por @msalnacion los puse en:

https://t.co/A6X5GTltVQ"	https://twitter.com/jorgeluisaliaga/status/1385432791412838408	[]
jorgeluisaliaga	Fri Apr 23 03:18:11 +0000 2021	4	2	Casos confirmados por rango etario en CABA y PBA con detalle de edades escolares. https://t.co/Ez90qwqvfn	https://twitter.com/jorgeluisaliaga/status/1385432788950786050	[]
jorgeluisaliaga	Fri Apr 23 03:18:10 +0000 2021	5	1	"Edad promedio de confirmados y de mayores de 70 años por semana de inicio de síntoma.
Cantidad de fallecidos y su edad media, y fallecidos mayores de 70 años por semana de inicio de síntoma. https://t.co/IYyhk59fMe"	https://twitter.com/jorgeluisaliaga/status/1385432783284318211	[]
jorgeluisaliaga	Fri Apr 23 03:18:09 +0000 2021	5	2	"Fallecidos demorados ayer y hoy:
1 de ABRIL Corrientes (puede ser error 2021)
3 de OCTUBRE (2 Santa Fe, Chubut)
7 de NOVIEMBRE (4 Corrientes, 2 Entre Ríos, Santa Fe)
5 de DICIEMBRE (3 Corrientes, 2 Santa Fe)
1 de ENERO Santa Fe
7 de FEBRERO (4 Corrientes, PBA, Neuquén, Misiones)"	https://twitter.com/jorgeluisaliaga/status/1385432778326609926	[]
jorgeluisaliaga	Fri Apr 23 03:18:08 +0000 2021	8	2	"De los 827 informados como fallecidos entre ayer y hoy, 166 fallecieron hace más de 12 días.

Se muestra días entre inicio de síntoma y fallecimiento, largas internaciones. https://t.co/IJ4TnVRGWO"	https://twitter.com/jorgeluisaliaga/status/1385432776522993664	[]
jorgeluisaliaga	Fri Apr 23 03:18:07 +0000 2021	6	1	"Confirmados y sospechosos por fecha de apertura en TOTAL, CABA y PBA.
Testeo y positividad por semana de apertura. https://t.co/Ubz0Iy0Qj1"	https://twitter.com/jorgeluisaliaga/status/1385432772353855494	[]
jorgeluisaliaga	Fri Apr 23 03:18:06 +0000 2021	3	1	Detalles de Tests Confirmados, Descartados y Sospechosos según residencia en PBA y CABA por semana, con detalles según lugar de carga y sector público o privado. Amarillo es lo pendiente. https://t.co/CwJuDF4FST	https://twitter.com/jorgeluisaliaga/status/1385432767664689154	[]
jorgeluisaliaga	Fri Apr 23 03:18:05 +0000 2021	3	1	"Ya se hicieron 8.354.002 Tests de diagnóstico (error +/- 10 tests), 30,4% de positividad.
Entre ayer y hoy 129.298, 36,9% la positividad. 
Cuando teníamos 10% de positividad (10/5) había 250-300 casos por día. https://t.co/BUT8uiwqv8"	https://twitter.com/jorgeluisaliaga/status/1385432763122204674	[]
jorgeluisaliaga	Fri Apr 23 03:18:04 +0000 2021	3	1	"Los casos ordenados por fecha de síntoma, promediada cada día los últimos 7 en lineal y semi-log (ver inf 24/7). Y Por millón de habitantes.
Hasta ahora las amarillas ""predicen"" lo que van a hacer las curvas x síntoma cuando entren casos de esas fechas, atención la suba. https://t.co/rjAQqbCP7p"	https://twitter.com/jorgeluisaliaga/status/1385432758382641160	[]
jorgeluisaliaga	Fri Apr 23 03:18:03 +0000 2021	3	1	"Sitios con datos / figuras

Gran info regional: Soledad Retamar @sole_reta 

https://t.co/LLv9J5EA7o

Rodrigo Castro @RodrigoD_Castro

https://t.co/9etT4FOHyf"	https://twitter.com/jorgeluisaliaga/status/1385432753781477380	[]
jorgeluisaliaga	Fri Apr 23 03:18:02 +0000 2021	4	1	"Hilos recomendados:

Semáforo: Martin Barrionuevo @mmbarrionuevo 

https://t.co/FNFVQFbeXV

Rio Negro+Neuquen: Clari Cardozo Castro @ClariCardozoCas 

Diseño @TotinFraire Elaboración @Fedwr 

https://t.co/j0ZIQ0wefD"	https://twitter.com/jorgeluisaliaga/status/1385432752091242501	[]
jorgeluisaliaga	Fri Apr 23 01:38:33 +0000 2021	1	1	"@Gracielmoreno @AmericaTV Si, el nuevo modelo lo mejoraron en varios aspectos.
Silvia Goyanes estuvo en eso 

https://t.co/K7ocKqWhgf"	https://twitter.com/jorgeluisaliaga/status/1385407716739457026	[]
jorgeluisaliaga	Fri Apr 23 00:49:24 +0000 2021	1	0	@ETagliazucchi mejor	https://twitter.com/jorgeluisaliaga/status/1385395344788402177	[]
jorgeluisaliaga	Thu Apr 22 23:50:57 +0000 2021	26	6	Excelente explicación de @AraneoDiego sobre cómo cambia el riesgo de contagiarse de una enfermedad que se contagia por aerosoles, como COVID, si se está en un ambiente cerrado ventilado o si el ambiente no está ventilado. https://t.co/BLuBjwjhek	https://twitter.com/jorgeluisaliaga/status/1385380634600910849	[]
jorgeluisaliaga	Thu Apr 22 23:47:56 +0000 2021	3	0	"@AraneoDiego Excelente. Se completa, creo, con la tabla de @CoviBlock 

https://t.co/bEOByA4C4s"	https://twitter.com/jorgeluisaliaga/status/1385379879215157248	[]
jorgeluisaliaga	Thu Apr 22 21:07:45 +0000 2021	2	0	@fidelzanelli @Gracielmoreno @AmericaTV No se, te digo como lo uso yo, el descartable pegado a la cara porque con el alambre ajusta bien. Arriba el Atom Protec.	https://twitter.com/jorgeluisaliaga/status/1385339563762192395	[]
jorgeluisaliaga	Thu Apr 22 21:05:58 +0000 2021	3	0	"@DanRozenfarb Asumiendo vacunados hace 21 días, 3,5 millones.
Sobre contagiados, es difícil porque no parece haber gran inmunidad, en especial con variantes distintas. Me parece. https://t.co/WYiu5HK8wc"	https://twitter.com/jorgeluisaliaga/status/1385339117328797699	[]
jorgeluisaliaga	Thu Apr 22 20:38:13 +0000 2021	8	2	"A partir del 5/2/21 saco el informe en dos partes, la primera cuando sale el parte diario y el complemento cuando se actualiza la base de datos, después de las 21:30.

FIN PRIMERA PARTE."	https://twitter.com/jorgeluisaliaga/status/1385332134043389953	[]
jorgeluisaliaga	Thu Apr 22 20:38:13 +0000 2021	9	3	La baja en la diferencia entre confirmador y recuperados sigue la desaceleración de la suba de confirmados. https://t.co/uS8hU8htb1	https://twitter.com/jorgeluisaliaga/status/1385332132378259459	[]
jorgeluisaliaga	Thu Apr 22 20:38:12 +0000 2021	6	1	"Hoy se llegó a 60.620 (+537) personas fallecidas. 
Se reportaron 2.449.793 (+25118) personas recuperadas (87,6%). 
4791 (+299) en Terapia. 
Distintos estados de casos en escala semi-logaritmica. 
Lineal muertos y UTI para ver fácil subas. https://t.co/vRaKRn81Ea"	https://twitter.com/jorgeluisaliaga/status/1385332128267837441	[]
jorgeluisaliaga	Thu Apr 22 20:38:11 +0000 2021	7	2	Avance de la Vacunación por sector, por edad y marca de vacuna, por provincia y grupo etario y por provincia y sector. https://t.co/iRbhvk2yws	https://twitter.com/jorgeluisaliaga/status/1385332123062738950	[]
jorgeluisaliaga	Thu Apr 22 20:38:09 +0000 2021	7	1	Evolución de la vacunación en todo el país, CABA y PBA. Porcentaje de vacunas aplicadas en relación con las distribuidas. https://t.co/TGv3iWvwOj	https://twitter.com/jorgeluisaliaga/status/1385332117400391680	[]
jorgeluisaliaga	Thu Apr 22 20:38:08 +0000 2021	5	1	Avance de la Vacunación por provincia según datos cargado hasta hoy a las 6 AM de &gt;&gt; https://t.co/bBb2CUzoT6 y https://t.co/TNJm7ZPDNK https://t.co/K6riXFi168	https://twitter.com/jorgeluisaliaga/status/1385332112031629318	[]
jorgeluisaliaga	Thu Apr 22 20:38:07 +0000 2021	6	1	"Muestro ajuste.  Uso el crecimiento exponencial con que se ajustaban los datos al 25/3 para una logística, más adecuado en esta etapa de la epidemia, que explico en detalle en este documento (estimo infectados asumiendo un 70% de asintomáticos): 

https://t.co/xDGEjpspvW https://t.co/kQFYbtwueG"	https://twitter.com/jorgeluisaliaga/status/1385332106809708547	[]
jorgeluisaliaga	Thu Apr 22 20:38:06 +0000 2021	7	1	"Fallecidos por millón de habitantes por provincia.
Detalle de fecha del último caso de cada provincia. Todas las provincias activas. 
También muestro cantidad de días sin casos por provincia y provincias con casos y casos durante la epidemia. https://t.co/3MjQIsl6aD"	https://twitter.com/jorgeluisaliaga/status/1385332102141464583	[]
jorgeluisaliaga	Thu Apr 22 20:38:04 +0000 2021	6	1	"Para los que les sirva, muestro datos más simples de leer de distribución de casos confirmados y muertos, y casos confirmados y muertos por millón de habitantes, por provincia.
También una página interactiva.

https://t.co/UoryUFDQ2D
-------------------------- https://t.co/EgoxRjQUzw"	https://twitter.com/jorgeluisaliaga/status/1385332097540362240	[]
jorgeluisaliaga	Thu Apr 22 20:38:03 +0000 2021	6	2	"Neuquén, Rio Negro, Chubut, Santa Cruz
Casos Diarios, Prom últimos 7 días, SUMA de últimos 14 días / 100.000 habitantes. Días de Duplicación, Log-Log Nuevos vs Total de Casos. 
INCIDENCIA y Factor de Crecimiento. Promedio de confirmados diarios últimas 15 semanas. https://t.co/N2DAJh2yL0"	https://twitter.com/jorgeluisaliaga/status/1385332091836108801	[]
jorgeluisaliaga	Thu Apr 22 20:38:02 +0000 2021	5	1	"La Rioja, San Juan, San Luis, Mendoza
Casos Diarios, Prom últimos 7 días, SUMA de últimos 14 días / 100.000 habitantes. Días de Duplicación, Log-Log Nuevos vs Total de Casos. 
INCIDENCIA y Factor de Crecimiento. Promedio de confirmados diarios últimas 15 semanas. https://t.co/mvuEO4ykLd"	https://twitter.com/jorgeluisaliaga/status/1385332086295474179	[]
jorgeluisaliaga	Thu Apr 22 20:38:01 +0000 2021	5	1	"Jujuy, Salta, Tucumán, Catamarca 
Casos Diarios, Prom últimos 7 días, SUMA de últimos 14 días / 100.000 habitantes. Días de Duplicación, Log-Log Nuevos vs Total de Casos. 
INCIDENCIA y Factor de Crecimiento. Promedio de confirmados diarios últimas 15 semanas. https://t.co/mOdYYgBAhN"	https://twitter.com/jorgeluisaliaga/status/1385332081153171460	[]
jorgeluisaliaga	Thu Apr 22 20:37:59 +0000 2021	5	1	"Entre Ríos, Corrientes, Misiones, Formosa
Casos Diarios, Prom últimos 7 días, SUMA de últimos 14 días / 100.000 habitantes. Días de Duplicación, Log-Log Nuevos vs Total de Casos. 
INCIDENCIA y Factor de Crecimiento. Promedio de confirmados diarios últimas 15 semanas. https://t.co/4NkE0NriOE"	https://twitter.com/jorgeluisaliaga/status/1385332074127708164	[]
jorgeluisaliaga	Thu Apr 22 20:37:58 +0000 2021	5	1	"Santa Fé, Córdoba, Chaco, Santiago del Estero
Casos Diarios, Prom últimos 7 días, SUMA de últimos 14 días / 100.000 habitantes. Días de Duplicación, Log-Log Nuevos vs Total de Casos. 
INCIDENCIA y Factor de Crecimiento. Promedio de confirmados diarios últimas 15 semanas. https://t.co/0MAPwmifvw"	https://twitter.com/jorgeluisaliaga/status/1385332068603809795	[]
jorgeluisaliaga	Thu Apr 22 20:37:56 +0000 2021	6	1	"CABA, PBA, La Pampa, Tierra del Fuego 
Casos Diarios, Prom últimos 7 días, SUMA de últimos 14 días / 100.000 habitantes. Días de Duplicación, Log-Log Nuevos vs Total de Casos. 
INCIDENCIA y Factor de Crecimiento. Promedio de confirmados diarios últimas 15 semanas. https://t.co/E0B1dr6dxH"	https://twitter.com/jorgeluisaliaga/status/1385332063084105732	[]
jorgeluisaliaga	Thu Apr 22 20:37:55 +0000 2021	5	1	"Muestro la evolución de la cantidad de días necesarios para duplicar (x2) y para decuplicar (x10) (Total y Activos).
La cantidad de días para duplicación aumento de entre 3 y 4 a 26 y ahora está en 82. Por 10 en 271 días. https://t.co/TIPqw6znn5"	https://twitter.com/jorgeluisaliaga/status/1385332057786785795	[]
jorgeluisaliaga	Thu Apr 22 20:37:54 +0000 2021	5	1	"Evolución de la INCIDENCIA y del Factor de Crecimiento (ver Inf del 16/4). 
Muestro también la evolución de la tasa de variación de la cantidad de casos cada 2, 4, y 10 días (ver inf 4/4 y 5/4). También detalle desde el 1/04/21. https://t.co/kfLxpyb2pR"	https://twitter.com/jorgeluisaliaga/status/1385332053546254340	[]
jorgeluisaliaga	Thu Apr 22 20:37:53 +0000 2021	6	1	Muestro en Log-Log Casos Nuevos vs Totales (promedio para cada día con los valores de los siete últimos) (si hay duda, ver inf 3/4). https://t.co/ZgVOSqFQkK	https://twitter.com/jorgeluisaliaga/status/1385332048441794560	[]
jorgeluisaliaga	Thu Apr 22 20:37:52 +0000 2021	10	4	La alta carga de fallecidos de hoy es esperable, consecuencia de la suba de confirmados de las últimas 3 semanas (tiempo típico entre síntoma y falleciimento 2 semanas) y baja carga de algunos días (ver promedio de esta semana y fluctuación). https://t.co/ddiGIS3fAd	https://twitter.com/jorgeluisaliaga/status/1385332044599906309	[]
jorgeluisaliaga	Thu Apr 22 20:37:51 +0000 2021	6	1	"9/1 rearmé el informe.
Total de casos según fecha de carga en escala semilogarítmica, para ver comportamiento exponencial y su velocidad.
Promedio de casos confirmados, UTI y fallecidos por fecha de carga por semana en las últimas 30 semanas. https://t.co/4hjKmSFewZ"	https://twitter.com/jorgeluisaliaga/status/1385332040623693835	[]
jorgeluisaliaga	Thu Apr 22 20:37:50 +0000 2021	9	6	"23 provincias con INCIDENCIA mayor a 150 casos / 100.000 en los últimos 14 días, y 23 provincias con Razón de Casos mayor a 1 (creciendo). 
Incidencia Nacional = 712 casos
Razón de Casos Nacional = 1,65
ALTO RIESGO SANITARIO https://t.co/Saa8kmDLU2"	https://twitter.com/jorgeluisaliaga/status/1385332035552792583	[]
jorgeluisaliaga	Thu Apr 22 20:37:48 +0000 2021	67	22	"Situación COVID-19 al 22/4

Hoy 27.216 nuevos casos confirmados.
Veintidos provincias con ""alto riesgo sanitario"".
Se consolida la desaceleración de la suba de casos, alta carga de fallecidos (esperable), nueva suba de UTI
La cantidad total de casos es 2.796.768. https://t.co/gl9vDtdNfN"	https://twitter.com/jorgeluisaliaga/status/1385332030553030658	[]
jorgeluisaliaga	Thu Apr 22 19:22:45 +0000 2021	10	0	@rusosnith @FernanQuirosBA sería ideal si anda pool testing con saliva, para no molestar a menores asintomáticos con hisopo.	https://twitter.com/jorgeluisaliaga/status/1385313140196401153	[]
jorgeluisaliaga	Thu Apr 22 19:21:07 +0000 2021	7	0	@AlituxTDF @Lemeit @gustavolovrich @Anaire_co2 @aireamos felicitaciones!	https://twitter.com/jorgeluisaliaga/status/1385312731117535236	[]
jorgeluisaliaga	Thu Apr 22 19:20:02 +0000 2021	43	6	"@Gracielmoreno @AmericaTV El barbijo de Atom protect (cuyo recubrimiento fue desarrollado por grupos de UNSAM-UBA, que además son investigadoras del CONICET) tiene características antivirales.
Pero no tiene buen ajuste, por lo que se complementa muy bien con uno descartable. 

https://t.co/QWepU5KyIb"	https://twitter.com/jorgeluisaliaga/status/1385312459955875841	[]
jorgeluisaliaga	Thu Apr 22 19:15:25 +0000 2021	298	155	"Se sabía que sin hacer vigilancia epidemiológica, hisopando sólo casos sospechosos, las edades donde hay más casos asintomáticos quedan sub-contadas. Otro estudio que lo muestra.

https://t.co/9Zt1sHD6N5"	https://twitter.com/jorgeluisaliaga/status/1385311295990386695	[]
jorgeluisaliaga	Thu Apr 22 18:20:15 +0000 2021	0	0	"@fidelzanelli @mrmartingonzalo @faniotargentina @agenciaidiar Si son NDIR. 

https://t.co/hmuP9oes0Y"	https://twitter.com/jorgeluisaliaga/status/1385297411749425155	[]
jorgeluisaliaga	Thu Apr 22 17:52:55 +0000 2021	69	14	"Medición de CO2 en @Exactas_UBA para controlar que la ventilación sea la adecuada.

https://t.co/fxt0f6buHn"	https://twitter.com/jorgeluisaliaga/status/1385290534915280896	[]
jorgeluisaliaga	Thu Apr 22 11:59:35 +0000 2021	1	0	"@giulianoantelo @msalnacion Lo saco siempre en la segunda parte que sale cuando suben la base 23:20. Pero anoche la base subió rota, no los pude hacer. 
Acá hay datos del martes

https://t.co/e1UsKdGuMU"	https://twitter.com/jorgeluisaliaga/status/1385201614458343425	[]
jorgeluisaliaga	Thu Apr 22 11:53:46 +0000 2021	1	0	@quiquebollati @norabar El paso a virtualidad de la APN y cierre de 24 a 6 se dio el viernes 9. https://t.co/QIrC9RWL0i	https://twitter.com/jorgeluisaliaga/status/1385200149203492864	[]
jorgeluisaliaga	Thu Apr 22 11:31:33 +0000 2021	2	3	"#BO
Establécese que las salidas de carnes de establecimientos de todo el país, destinadas a comercio minorista, sólo podrán hacerse en unidades resultantes del fraccionamiento de las medias reses en trozos cuyos pesos individuales no superarán los 32 kg.

https://t.co/pBv6sRLsus"	https://twitter.com/jorgeluisaliaga/status/1385194560683401216	[{'text': 'BO', 'indices': [0, 3]}]
jorgeluisaliaga	Thu Apr 22 11:31:33 +0000 2021	3	3	"#BO
Apruébase como el PROGRAMA “ASISTENCIA A PRESTADORES DE SERVICIOS TIC ANTE EMERGENCIAS Y CATÁSTROFES”

https://t.co/5c1U58Gkbm"	https://twitter.com/jorgeluisaliaga/status/1385194559383158787	[{'text': 'BO', 'indices': [0, 3]}]
jorgeluisaliaga	Thu Apr 22 11:31:32 +0000 2021	0	1	"#BO
Suspéndese durante el plazo de 180 días a partir del dictado de la presente medida, los procedimientos tendientes a otorgar nuevas autorizaciones para el funcionamiento de Sociedades de Garantía Recíproca

https://t.co/M0I2EC831v"	https://twitter.com/jorgeluisaliaga/status/1385194557982355458	[{'text': 'BO', 'indices': [0, 3]}]
jorgeluisaliaga	Thu Apr 22 11:31:32 +0000 2021	0	1	"#BO
Dase por designado, a partir del 8 de abril de 2021, al doctor Lautaro Eduardo ERRATCHÚ (D.N.I. N° 17.902.936) en el cargo de Presidente del Directorio de la ADMINISTRACIÓN DE PARQUES NACIONALES

https://t.co/drlI7S8lCl"	https://twitter.com/jorgeluisaliaga/status/1385194556589809664	[{'text': 'BO', 'indices': [0, 3]}]
jorgeluisaliaga	Thu Apr 22 11:31:32 +0000 2021	9	2	"#BO
DNU - Prorrógase hasta el 31 de mayo de 2021 la prohibición de efectuar despidos sin justa causa y por las causales de falta o disminución de trabajo y fuerza mayor.

https://t.co/avcAP5oSAk"	https://twitter.com/jorgeluisaliaga/status/1385194555167977489	[{'text': 'BO', 'indices': [0, 3]}]
jorgeluisaliaga	Thu Apr 22 02:27:54 +0000 2021	1	0	@threadreaderapp unroll	https://twitter.com/jorgeluisaliaga/status/1385057744802263042	[]
jorgeluisaliaga	Thu Apr 22 02:27:35 +0000 2021	5	0	"Todos los informes e información en mi sitio

https://t.co/OOPfZIjwmV

La Tabla de datos informados por @msalnacion los puse en:

https://t.co/A6X5GTltVQ"	https://twitter.com/jorgeluisaliaga/status/1385057668486901760	[]
jorgeluisaliaga	Thu Apr 22 02:27:35 +0000 2021	1	0	La base fue actualizada incompleta, no se pueden procesar los gráficos que se obtienen de ella.	https://twitter.com/jorgeluisaliaga/status/1385057667119525895	[]
jorgeluisaliaga	Thu Apr 22 02:27:35 +0000 2021	2	0	"Sitios con datos / figuras

Gran info regional: Soledad Retamar @sole_reta 

https://t.co/LLv9J5EA7o

Rodrigo Castro @RodrigoD_Castro

https://t.co/9etT4FOHyf"	https://twitter.com/jorgeluisaliaga/status/1385057665643159556	[]
jorgeluisaliaga	Thu Apr 22 02:27:34 +0000 2021	1	0	"Hilos recomendados:

Semáforo: Martin Barrionuevo @mmbarrionuevo 

https://t.co/BL1V0vz5iN

Rio Negro+Neuquen: Clari Cardozo Castro @ClariCardozoCas 

Diseño @TotinFraire Elaboración @Fedwr 

https://t.co/LPxjJKFh3f"	https://twitter.com/jorgeluisaliaga/status/1385057663902527492	[]
jorgeluisaliaga	Wed Apr 21 23:28:52 +0000 2021	46	6	"Hoy en Misiones @faniotargentina presentó los medidores de CO2 que fabrica para poder determinar si el aire de los ambientes está muy ""respirado"" o si la ventilación es buena, imprescindible para bajar el riesgo de contagio por COVID

@jljcolorado @aireamos https://t.co/LuR8LOPDcv"	https://twitter.com/jorgeluisaliaga/status/1385012692885327875	[]
jorgeluisaliaga	Wed Apr 21 20:50:11 +0000 2021	0	0	"@Marcelo74722733 @norabar Los tests salen en la segunda parte del informe, porque para saber cuanto es diagnóstico hay que ver la base, que se publica 23:20.
Los de ayer en este hilo&gt;&gt;

https://t.co/5qiWiJaBlT"	https://twitter.com/jorgeluisaliaga/status/1384972755699908612	[]
jorgeluisaliaga	Wed Apr 21 20:40:02 +0000 2021	12	1	"A partir del 5/2/21 saco el informe en dos partes, la primera cuando sale el parte diario y el complemento cuando se actualiza la base de datos, después de las 21:30.

FIN PRIMERA PARTE."	https://twitter.com/jorgeluisaliaga/status/1384970203457589252	[]
jorgeluisaliaga	Wed Apr 21 20:40:02 +0000 2021	9	1	Diferencia entre confirmados y recuperados. Baja consistente con desaceleración de suba de confirmados. https://t.co/8CoOzqTXf5	https://twitter.com/jorgeluisaliaga/status/1384970201289089036	[]
jorgeluisaliaga	Wed Apr 21 20:40:01 +0000 2021	5	1	"Hoy se llegó a 59.476 (+291) personas fallecidas. 
Se reportaron 2.424.675 (+16822) personas recuperadas (87,5%). 
4492 (+126) en Terapia. 
Distintos estados de casos en escala semi-logaritmica. 
Lineal muertos y UTI para ver fácil subas. https://t.co/7chBdxxOMf"	https://twitter.com/jorgeluisaliaga/status/1384970197279334402	[]
jorgeluisaliaga	Wed Apr 21 20:40:00 +0000 2021	4	1	Avance de la Vacunación por sector, por edad y marca de vacuna, por provincia y grupo etario y por provincia y sector. https://t.co/hOL74davo1	https://twitter.com/jorgeluisaliaga/status/1384970192690860039	[]
jorgeluisaliaga	Wed Apr 21 20:39:58 +0000 2021	5	1	Evolución de la vacunación en todo el país, CABA y PBA. Porcentaje de vacunas aplicadas en relación con las distribuidas. https://t.co/9PDTwYkFZW	https://twitter.com/jorgeluisaliaga/status/1384970187217281030	[]
jorgeluisaliaga	Wed Apr 21 20:39:57 +0000 2021	4	1	Avance de la Vacunación por provincia según datos cargado hasta hoy a las 6 AM de &gt;&gt; https://t.co/bBb2CUzoT6 y https://t.co/TNJm7ZPDNK https://t.co/vHRJwMu5Yd	https://twitter.com/jorgeluisaliaga/status/1384970181852778496	[]
jorgeluisaliaga	Wed Apr 21 20:39:56 +0000 2021	4	1	"Muestro ajuste.  Uso el crecimiento exponencial con que se ajustaban los datos al 25/3 para una logística, más adecuado en esta etapa de la epidemia, que explico en detalle en este documento (estimo infectados asumiendo un 70% de asintomáticos): 

https://t.co/xDGEjpspvW https://t.co/jvoWrQy29n"	https://twitter.com/jorgeluisaliaga/status/1384970176626634752	[]
jorgeluisaliaga	Wed Apr 21 20:39:55 +0000 2021	6	2	"Fallecidos por millón de habitantes por provincia.
Detalle de fecha del último caso de cada provincia. Todas las provincias activas. 
También muestro cantidad de días sin casos por provincia y provincias con casos y casos durante la epidemia. https://t.co/ByoXNuNv3X"	https://twitter.com/jorgeluisaliaga/status/1384970172033904640	[]
jorgeluisaliaga	Wed Apr 21 20:39:53 +0000 2021	6	2	"Para los que les sirva, muestro datos más simples de leer de distribución de casos confirmados y muertos, y casos confirmados y muertos por millón de habitantes, por provincia.
También una página interactiva.

https://t.co/UoryUFDQ2D
-------------------------- https://t.co/FRb8Irylc4"	https://twitter.com/jorgeluisaliaga/status/1384970167084584960	[]
jorgeluisaliaga	Wed Apr 21 20:39:52 +0000 2021	4	1	"Neuquén, Rio Negro, Chubut, Santa Cruz
Casos Diarios, Prom últimos 7 días, SUMA de últimos 14 días / 100.000 habitantes. Días de Duplicación, Log-Log Nuevos vs Total de Casos. 
INCIDENCIA y Factor de Crecimiento. Promedio de confirmados diarios últimas 15 semanas. https://t.co/mN3NcLDLZ9"	https://twitter.com/jorgeluisaliaga/status/1384970161862680576	[]
jorgeluisaliaga	Wed Apr 21 20:39:51 +0000 2021	4	1	"La Rioja, San Juan, San Luis, Mendoza
Casos Diarios, Prom últimos 7 días, SUMA de últimos 14 días / 100.000 habitantes. Días de Duplicación, Log-Log Nuevos vs Total de Casos. 
INCIDENCIA y Factor de Crecimiento. Promedio de confirmados diarios últimas 15 semanas. https://t.co/7WtHaZlv8F"	https://twitter.com/jorgeluisaliaga/status/1384970156712017920	[]
jorgeluisaliaga	Wed Apr 21 20:39:50 +0000 2021	4	1	"Jujuy, Salta, Tucumán, Catamarca 
Casos Diarios, Prom últimos 7 días, SUMA de últimos 14 días / 100.000 habitantes. Días de Duplicación, Log-Log Nuevos vs Total de Casos. 
INCIDENCIA y Factor de Crecimiento. Promedio de confirmados diarios últimas 15 semanas. https://t.co/bfmVvpzlUu"	https://twitter.com/jorgeluisaliaga/status/1384970151595057152	[]
jorgeluisaliaga	Wed Apr 21 20:39:49 +0000 2021	5	1	"Entre Ríos, Corrientes, Misiones, Formosa
Casos Diarios, Prom últimos 7 días, SUMA de últimos 14 días / 100.000 habitantes. Días de Duplicación, Log-Log Nuevos vs Total de Casos. 
INCIDENCIA y Factor de Crecimiento. Promedio de confirmados diarios últimas 15 semanas. https://t.co/mqDBChc3Oe"	https://twitter.com/jorgeluisaliaga/status/1384970146268254219	[]
jorgeluisaliaga	Wed Apr 21 20:39:47 +0000 2021	4	1	"Santa Fé, Córdoba, Chaco, Santiago del Estero
Casos Diarios, Prom últimos 7 días, SUMA de últimos 14 días / 100.000 habitantes. Días de Duplicación, Log-Log Nuevos vs Total de Casos. 
INCIDENCIA y Factor de Crecimiento. Promedio de confirmados diarios últimas 15 semanas. https://t.co/WEdDroVOWY"	https://twitter.com/jorgeluisaliaga/status/1384970140756938759	[]
jorgeluisaliaga	Wed Apr 21 20:39:46 +0000 2021	6	1	"CABA, PBA, La Pampa, Tierra del Fuego 
Casos Diarios, Prom últimos 7 días, SUMA de últimos 14 días / 100.000 habitantes. Días de Duplicación, Log-Log Nuevos vs Total de Casos. 
INCIDENCIA y Factor de Crecimiento. Promedio de confirmados diarios últimas 15 semanas. https://t.co/nWdujOTPap"	https://twitter.com/jorgeluisaliaga/status/1384970135103057920	[]
jorgeluisaliaga	Wed Apr 21 20:39:45 +0000 2021	7	2	"Muestro la evolución de la cantidad de días necesarios para duplicar (x2) y para decuplicar (x10) (Total y Activos).
La cantidad de días para duplicación aumento de entre 3 y 4 a 26 y ahora está en 83. Por 10 en 277 días. https://t.co/bS1q6me55u"	https://twitter.com/jorgeluisaliaga/status/1384970129675595780	[]
jorgeluisaliaga	Wed Apr 21 20:39:43 +0000 2021	5	1	"Evolución de la INCIDENCIA y del Factor de Crecimiento (ver Inf del 16/4). 
Muestro también la evolución de la tasa de variación de la cantidad de casos cada 2, 4, y 10 días (ver inf 4/4 y 5/4). También detalle desde el 1/04/21. https://t.co/K9OJT3nixt"	https://twitter.com/jorgeluisaliaga/status/1384970125137301508	[]
jorgeluisaliaga	Wed Apr 21 20:39:42 +0000 2021	6	2	Muestro en Log-Log Casos Nuevos vs Totales (promedio para cada día con los valores de los siete últimos) (si hay duda, ver inf 3/4). https://t.co/VKtrccdEaX	https://twitter.com/jorgeluisaliaga/status/1384970120733339659	[]
jorgeluisaliaga	Wed Apr 21 20:39:41 +0000 2021	8	1	"9/1 rearmé el informe.
Total de casos según fecha de carga en escala semilogarítmica, para ver comportamiento exponencial y su velocidad.
Promedio de casos confirmados, UTI y fallecidos por fecha de carga por semana en las últimas 30 semanas. https://t.co/nAFFoGRedY"	https://twitter.com/jorgeluisaliaga/status/1384970115968552962	[]
jorgeluisaliaga	Wed Apr 21 20:39:40 +0000 2021	7	2	"23 provincias con INCIDENCIA mayor a 150 casos / 100.000 en los últimos 14 días, y 23 provincias con Razón de Casos mayor a 1 (creciendo). 
Incidencia Nacional = 704 casos
Razón de Casos Nacional = 1,77
ALTO RIESGO SANITARIO https://t.co/sz9Yb1eXpR"	https://twitter.com/jorgeluisaliaga/status/1384970110784442375	[]
jorgeluisaliaga	Wed Apr 21 20:39:39 +0000 2021	63	17	"Situación COVID-19 al 21/4

Hoy 25.932 nuevos casos confirmados.
Veintidos provincias con ""alto riesgo sanitario"".
Baja carga para martes, puede estar influyendo baja de movilidad.
La cantidad total de casos es 2.769.552. https://t.co/jDIEdNCIvY"	https://twitter.com/jorgeluisaliaga/status/1384970105411579905	[]
jorgeluisaliaga	Wed Apr 21 10:21:08 +0000 2021	5	2	"#BO
Créase la Base de Datos denominada “Vacunación COVID 19”

https://t.co/GYzd89oW1K"	https://twitter.com/jorgeluisaliaga/status/1384814452973920257	[{'text': 'BO', 'indices': [0, 3]}]
jorgeluisaliaga	Wed Apr 21 10:21:08 +0000 2021	3	2	"#BO
Apruébase el “REGLAMENTO DEL PROGRAMA DE EMERGENCIA DE INFRAESTRUCTURA MUNICIPAL DE LA PROVINCIA DE BUENOS AIRES (PREIMBA)”

https://t.co/zbSHR1Lfu1"	https://twitter.com/jorgeluisaliaga/status/1384814451648516097	[{'text': 'BO', 'indices': [0, 3]}]
jorgeluisaliaga	Wed Apr 21 10:21:08 +0000 2021	1	1	"#BO
Otórgase a la DEFENSORÍA DEL PÚBLICO DE SERVICIOS DE COMUNICACIÓN AUDIOVISUAL, un permiso de uso precario y gratuito respecto del inmueble ubicado en la calle Valentín Gómez N° 2.960 /2.962 /2.964, de la CIUDAD AUTÓNOMA DE BUENOS AIRES

https://t.co/aY1CnnkPFq"	https://twitter.com/jorgeluisaliaga/status/1384814450297954304	[{'text': 'BO', 'indices': [0, 3]}]
jorgeluisaliaga	Wed Apr 21 10:21:07 +0000 2021	4	2	"#BO
Apruébase el Manual de los Derechos de los/as Pacientes para el Equipo de Salud

https://t.co/PgR2VWuv48"	https://twitter.com/jorgeluisaliaga/status/1384814449035468803	[{'text': 'BO', 'indices': [0, 3]}]
jorgeluisaliaga	Wed Apr 21 10:21:07 +0000 2021	5	2	"#BO
Apruébanse los criterios de elegibilidad y los criterios de operatoria que los establecimientos de salud y/o instituciones del sector público adheridos al PROGRAMA NACIONAL REMEDIAR

https://t.co/ZDTeiYmxom"	https://twitter.com/jorgeluisaliaga/status/1384814447710150658	[{'text': 'BO', 'indices': [0, 3]}]
jorgeluisaliaga	Wed Apr 21 10:21:07 +0000 2021	6	3	"#BO
Apruébase el Proyecto de Investigación sobre el cultivo de cannabis con fines de investigación médica y científica presentado por la UNIVERSIDAD NACIONAL DE LA PLATA

https://t.co/0gNp5cUwVt"	https://twitter.com/jorgeluisaliaga/status/1384814446367985664	[{'text': 'BO', 'indices': [0, 3]}]
jorgeluisaliaga	Wed Apr 21 10:21:06 +0000 2021	0	0	"#BO
Crear el CONCURSO NACIONAL DE MÚSICA URBANA “MISIÓN HIP HOP”

https://t.co/QkEWwxrxdI"	https://twitter.com/jorgeluisaliaga/status/1384814445117988868	[{'text': 'BO', 'indices': [0, 3]}]
jorgeluisaliaga	Wed Apr 21 10:21:06 +0000 2021	0	0	"#BO
Desígnase, con carácter “ad honorem”, Presidente del INSTITUTO NACIONAL SANMARTINIANO al señor Eduardo Emanuel GARCÍA CAFFI 

https://t.co/tReUJCARJf"	https://twitter.com/jorgeluisaliaga/status/1384814443763310595	[{'text': 'BO', 'indices': [0, 3]}]
jorgeluisaliaga	Wed Apr 21 10:21:06 +0000 2021	0	0	"#BO
Dase por designado, a partir del 1º de marzo de 2021, en el cargo de Presidente del ARCHIVO NACIONAL DE LA MEMORIA con rango y jerarquía de Subsecretario, al señor Marcelo Pablo CASTILLO

https://t.co/PYCmQH5v0d"	https://twitter.com/jorgeluisaliaga/status/1384814442412756994	[{'text': 'BO', 'indices': [0, 3]}]
jorgeluisaliaga	Wed Apr 21 10:21:06 +0000 2021	0	0	"#BO
Dispónese la apertura del Consulado de la República en la Ciudad de Playa del Carmen, ESTADOS UNIDOS MEXICANOS

https://t.co/C4EIMmdLQS"	https://twitter.com/jorgeluisaliaga/status/1384814441133453312	[{'text': 'BO', 'indices': [0, 3]}]
jorgeluisaliaga	Wed Apr 21 10:21:05 +0000 2021	1	0	"#BO
Interviénese por el término de CIENTO OCHENTA (180) días la OBRA SOCIAL DEL PERSONAL DE SEGURIDAD COMERCIAL, INDUSTRIAL E INVESTIGACIONES PRIVADAS – O.S.P.S.I.P.

https://t.co/RdnxOb19AB"	https://twitter.com/jorgeluisaliaga/status/1384814439761862657	[{'text': 'BO', 'indices': [0, 3]}]
jorgeluisaliaga	Wed Apr 21 10:21:05 +0000 2021	1	0	"#BO
Apruébase la Reglamentación de la Ley Nº 27.155 de “Ejercicio Profesional de los Guardavidas”

https://t.co/X4e86gSobv"	https://twitter.com/jorgeluisaliaga/status/1384814438381932545	[{'text': 'BO', 'indices': [0, 3]}]
jorgeluisaliaga	Wed Apr 21 10:21:05 +0000 2021	1	2	"#BO
SEGURIDAD SOCIAL - Otórgase subsidio extraordinario.

https://t.co/Mz7Fu4Q2Bt"	https://twitter.com/jorgeluisaliaga/status/1384814437102759938	[{'text': 'BO', 'indices': [0, 3]}]
jorgeluisaliaga	Wed Apr 21 03:06:54 +0000 2021	3	0	@threadreaderapp unroll	https://twitter.com/jorgeluisaliaga/status/1384705173558288384	[]
jorgeluisaliaga	Wed Apr 21 03:06:33 +0000 2021	8	1	"Todos los informes e información en mi sitio

https://t.co/OOPfZIjwmV

La Tabla de datos informados por @msalnacion los puse en:

https://t.co/A6X5GTltVQ"	https://twitter.com/jorgeluisaliaga/status/1384705083221360642	[]
jorgeluisaliaga	Wed Apr 21 03:06:32 +0000 2021	15	2	Casos confirmados por rango etario en CABA y PBA con detalle de edades escolares. https://t.co/Ywy2dxhYcK	https://twitter.com/jorgeluisaliaga/status/1384705080767795201	[]
jorgeluisaliaga	Wed Apr 21 03:06:31 +0000 2021	8	0	"Edad promedio de confirmados y de mayores de 70 años por semana de inicio de síntoma.
Cantidad de fallecidos y su edad media, y fallecidos mayores de 70 años por semana de inicio de síntoma. https://t.co/xSR1TRclg0"	https://twitter.com/jorgeluisaliaga/status/1384705075000614914	[]
jorgeluisaliaga	Wed Apr 21 03:06:29 +0000 2021	5	0	"De los 316 informados como fallecidos, 138 fallecieron hace más de 10 días.
2 de OCTUBRE Jujuy
4 de NOVIEMBRE (3 Corrientes, Chubut)
1 de DICIEMBRE (Santa Fe)
1 de ENERO Santa Fe
Se muestra días entre inicio de síntoma y fallecimiento, largas internaciones. https://t.co/5e2drk86lb"	https://twitter.com/jorgeluisaliaga/status/1384705070235897862	[]
jorgeluisaliaga	Wed Apr 21 03:06:28 +0000 2021	1	1	"Confirmados y sospechosos por fecha de apertura en TOTAL, CABA y PBA.
Testeo y positividad por semana de apertura. https://t.co/BzANhZ0n9k"	https://twitter.com/jorgeluisaliaga/status/1384705066033106947	[]
jorgeluisaliaga	Wed Apr 21 03:06:27 +0000 2021	2	0	Detalles de Tests Confirmados, Descartados y Sospechosos según residencia en PBA y CABA por semana, con detalles según lugar de carga y sector público o privado. Amarillo es lo pendiente. https://t.co/TbXQiwc92C	https://twitter.com/jorgeluisaliaga/status/1384705061473882112	[]
jorgeluisaliaga	Wed Apr 21 03:06:26 +0000 2021	4	0	"Ya se hicieron 8.224.704 Tests de diagnóstico (error +/- 10 tests), 30,3% de positividad.
Hoy 67.885, 38,5% la positividad. 
Cuando teníamos 10% de positividad (10/5) había 250-300 casos por día. https://t.co/rJINC6qPF1"	https://twitter.com/jorgeluisaliaga/status/1384705056751116290	[]
jorgeluisaliaga	Wed Apr 21 03:06:25 +0000 2021	4	0	"Los casos ordenados por fecha de síntoma, promediada cada día los últimos 7 en lineal y semi-log (ver inf 24/7). Y Por millón de habitantes.
Hasta ahora las amarillas ""predicen"" lo que van a hacer las curvas x síntoma cuando entren casos de esas fechas, atención la suba. https://t.co/rfMlCBd9lG"	https://twitter.com/jorgeluisaliaga/status/1384705052342947842	[]
jorgeluisaliaga	Wed Apr 21 03:06:24 +0000 2021	1	0	"Sitios con datos / figuras

Gran info regional: Soledad Retamar @sole_reta 

https://t.co/LLv9J5EA7o

Rodrigo Castro @RodrigoD_Castro

https://t.co/9etT4FOHyf"	https://twitter.com/jorgeluisaliaga/status/1384705048601575425	[]
jorgeluisaliaga	Wed Apr 21 03:06:24 +0000 2021	5	0	"Hilos recomendados:

Semáforo: Martin Barrionuevo @mmbarrionuevo 

https://t.co/1dlaEXQlst

Rio Negro+Neuquen: Clari Cardozo Castro @ClariCardozoCas 

Diseño @TotinFraire Elaboración @Fedwr 

https://t.co/LAOpCPFvAL"	https://twitter.com/jorgeluisaliaga/status/1384705046848364545	[]
jorgeluisaliaga	Tue Apr 20 20:44:27 +0000 2021	0	0	"@sdominguezlp @PabloRichly @DPenazzi Se avanzó bastante. Se sumó en las campañas públicas mucho más que en España, por ejemplo. Pero todavía se debe avanzar muchísimo mas.

https://t.co/1TOEJOOfS6"	https://twitter.com/jorgeluisaliaga/status/1384608924960104450	[]
jorgeluisaliaga	Tue Apr 20 20:34:00 +0000 2021	13	1	"A partir del 5/2/21 saco el informe en dos partes, la primera cuando sale el parte diario y el complemento cuando se actualiza la base de datos, después de las 21:30.

FIN PRIMERA PARTE."	https://twitter.com/jorgeluisaliaga/status/1384606297484668928	[]
jorgeluisaliaga	Tue Apr 20 20:34:00 +0000 2021	16	4	Baja la diferencia entre confirmados y recuperados al bajar la  velocidad de crecimiento. https://t.co/J0xyVWJVyP	https://twitter.com/jorgeluisaliaga/status/1384606295823691776	[]
jorgeluisaliaga	Tue Apr 20 20:33:59 +0000 2021	6	2	"Hoy se llegó a 59.792 (+316) personas fallecidas. 
Se reportaron 2.407.853 (+21470) personas recuperadas (87,8%). 
4366 (+62) en Terapia. 
Distintos estados de casos en escala semi-logaritmica. 
Lineal muertos y UTI para ver fácil subas. https://t.co/9aUMLH0L0P"	https://twitter.com/jorgeluisaliaga/status/1384606290882662402	[]
jorgeluisaliaga	Tue Apr 20 20:33:58 +0000 2021	3	1	Avance de la Vacunación por sector, por edad y marca de vacuna, por provincia y grupo etario y por provincia y sector. https://t.co/3jJObQDyAX	https://twitter.com/jorgeluisaliaga/status/1384606286134849540	[]
jorgeluisaliaga	Tue Apr 20 20:33:56 +0000 2021	0	0	Evolución de la vacunación en todo el país, CABA y PBA. Porcentaje de vacunas aplicadas en relación con las distribuidas. https://t.co/b3BU6gBRiv	https://twitter.com/jorgeluisaliaga/status/1384606280065634305	[]
jorgeluisaliaga	Tue Apr 20 20:33:55 +0000 2021	1	0	Avance de la Vacunación por provincia según datos cargado hasta hoy a las 6 AM de &gt;&gt; https://t.co/bBb2CUzoT6 y https://t.co/TNJm7ZPDNK https://t.co/sgJBkOxeVg	https://twitter.com/jorgeluisaliaga/status/1384606274889949187	[]
jorgeluisaliaga	Tue Apr 20 20:33:53 +0000 2021	2	0	"Muestro ajuste.  Uso el crecimiento exponencial con que se ajustaban los datos al 25/3 para una logística, más adecuado en esta etapa de la epidemia, que explico en detalle en este documento (estimo infectados asumiendo un 70% de asintomáticos): 

https://t.co/xDGEjpspvW https://t.co/5bWZlPenl9"	https://twitter.com/jorgeluisaliaga/status/1384606269080838147	[]
jorgeluisaliaga	Tue Apr 20 20:33:52 +0000 2021	6	1	"Fallecidos por millón de habitantes por provincia.
Detalle de fecha del último caso de cada provincia. Todas las provincias activas. 
También muestro cantidad de días sin casos por provincia y provincias con casos y casos durante la epidemia. https://t.co/Vyk4cNLL5n"	https://twitter.com/jorgeluisaliaga/status/1384606264307724289	[]
jorgeluisaliaga	Tue Apr 20 20:33:51 +0000 2021	4	0	"Para los que les sirva, muestro datos más simples de leer de distribución de casos confirmados y muertos, y casos confirmados y muertos por millón de habitantes, por provincia.
También una página interactiva.

https://t.co/UoryUFDQ2D
-------------------------- https://t.co/i6eWdcPtqq"	https://twitter.com/jorgeluisaliaga/status/1384606258808987648	[]
jorgeluisaliaga	Tue Apr 20 20:33:50 +0000 2021	8	1	"Neuquén, Rio Negro, Chubut, Santa Cruz
Casos Diarios, Prom últimos 7 días, SUMA de últimos 14 días / 100.000 habitantes. Días de Duplicación, Log-Log Nuevos vs Total de Casos. 
INCIDENCIA y Factor de Crecimiento. Promedio de confirmados diarios últimas 15 semanas. https://t.co/ifwLEgr5CB"	https://twitter.com/jorgeluisaliaga/status/1384606253889069056	[]
jorgeluisaliaga	Tue Apr 20 20:33:49 +0000 2021	2	0	"La Rioja, San Juan, San Luis, Mendoza
Casos Diarios, Prom últimos 7 días, SUMA de últimos 14 días / 100.000 habitantes. Días de Duplicación, Log-Log Nuevos vs Total de Casos. 
INCIDENCIA y Factor de Crecimiento. Promedio de confirmados diarios últimas 15 semanas. https://t.co/toDke1PAb0"	https://twitter.com/jorgeluisaliaga/status/1384606248415412226	[]
jorgeluisaliaga	Tue Apr 20 20:33:47 +0000 2021	1	0	"Jujuy, Salta, Tucumán, Catamarca 
Casos Diarios, Prom últimos 7 días, SUMA de últimos 14 días / 100.000 habitantes. Días de Duplicación, Log-Log Nuevos vs Total de Casos. 
INCIDENCIA y Factor de Crecimiento. Promedio de confirmados diarios últimas 15 semanas. https://t.co/J1LPkoYZnR"	https://twitter.com/jorgeluisaliaga/status/1384606243118108675	[]
jorgeluisaliaga	Tue Apr 20 20:33:46 +0000 2021	1	0	"Entre Ríos, Corrientes, Misiones, Formosa
Casos Diarios, Prom últimos 7 días, SUMA de últimos 14 días / 100.000 habitantes. Días de Duplicación, Log-Log Nuevos vs Total de Casos. 
INCIDENCIA y Factor de Crecimiento. Promedio de confirmados diarios últimas 15 semanas. https://t.co/ubt74LsMhe"	https://twitter.com/jorgeluisaliaga/status/1384606238076510211	[]
jorgeluisaliaga	Tue Apr 20 20:33:45 +0000 2021	0	1	"Santa Fé, Córdoba, Chaco, Santiago del Estero
Casos Diarios, Prom últimos 7 días, SUMA de últimos 14 días / 100.000 habitantes. Días de Duplicación, Log-Log Nuevos vs Total de Casos. 
INCIDENCIA y Factor de Crecimiento. Promedio de confirmados diarios últimas 15 semanas. https://t.co/ecwJLfbyHG"	https://twitter.com/jorgeluisaliaga/status/1384606232250667008	[]
jorgeluisaliaga	Tue Apr 20 20:33:43 +0000 2021	4	0	"CABA, PBA, La Pampa, Tierra del Fuego 
Casos Diarios, Prom últimos 7 días, SUMA de últimos 14 días / 100.000 habitantes. Días de Duplicación, Log-Log Nuevos vs Total de Casos. 
INCIDENCIA y Factor de Crecimiento. Promedio de confirmados diarios últimas 15 semanas. https://t.co/FlwEA5BzKB"	https://twitter.com/jorgeluisaliaga/status/1384606226420584450	[]
jorgeluisaliaga	Tue Apr 20 20:33:42 +0000 2021	1	0	"Muestro la evolución de la cantidad de días necesarios para duplicar (x2) y para decuplicar (x10) (Total y Activos).
La cantidad de días para duplicación aumento de entre 3 y 4 a 26 y ahora está en 83. Por 10 en 276 días. https://t.co/UTM2z6Y44x"	https://twitter.com/jorgeluisaliaga/status/1384606221274071045	[]
jorgeluisaliaga	Tue Apr 20 20:33:41 +0000 2021	2	0	"Evolución de la INCIDENCIA y del Factor de Crecimiento (ver Inf del 16/4). 
Muestro también la evolución de la tasa de variación de la cantidad de casos cada 2, 4, y 10 días (ver inf 4/4 y 5/4). También detalle desde el 1/04/21. https://t.co/coVJd4lvDu"	https://twitter.com/jorgeluisaliaga/status/1384606216656093190	[]
jorgeluisaliaga	Tue Apr 20 20:33:40 +0000 2021	2	1	Muestro en Log-Log Casos Nuevos vs Totales (promedio para cada día con los valores de los siete últimos) (si hay duda, ver inf 3/4). https://t.co/jbOd9feBSm	https://twitter.com/jorgeluisaliaga/status/1384606211430092802	[]
jorgeluisaliaga	Tue Apr 20 20:33:39 +0000 2021	4	1	"9/1 rearmé el informe.
Total de casos según fecha de carga en escala semilogarítmica, para ver comportamiento exponencial y su velocidad.
Promedio de casos confirmados, UTI y fallecidos por fecha de carga por semana en las últimas 30 semanas. https://t.co/GYUD0qEa0b"	https://twitter.com/jorgeluisaliaga/status/1384606207126687746	[]
jorgeluisaliaga	Tue Apr 20 20:33:37 +0000 2021	7	2	"22 provincias con INCIDENCIA mayor a 150 casos / 100.000 en los últimos 14 días, y 23 provincias con Razón de Casos mayor a 1 (creciendo). 
Incidencia Nacional = 695 casos
Razón de Casos Nacional = 1,90
ALTO RIESGO SANITARIO
MENOS CIRCULACIÓN EN CABA. https://t.co/at354qaN0P"	https://twitter.com/jorgeluisaliaga/status/1384606201497935878	[]
jorgeluisaliaga	Tue Apr 20 20:33:36 +0000 2021	46	12	"Situación COVID-19 al 20/4

Hoy 29.145 nuevos casos confirmados.
Veintiun provincias con ""alto riesgo sanitario"".
Parece bajar la velocidad de crecimiento. 
Desde 21/9 nuevo formato de informe, sin detalle de tipo de caso.
La cantidad total de casos es 2.743.620. https://t.co/NY3uGLKfG8"	https://twitter.com/jorgeluisaliaga/status/1384606196049473540	[]
jorgeluisaliaga	Tue Apr 20 13:52:58 +0000 2021	40	9	"La combinación de menos gente circulando y buena temperatura puede ayudar a la baja de la velocidad de crecimiento de casos en AMBA.

Movilidad de apple, datos del tiempo de https://t.co/8VW2bcUtce https://t.co/rrI28CahYP"	https://twitter.com/jorgeluisaliaga/status/1384505374309601280	[]
jorgeluisaliaga	Tue Apr 20 10:49:19 +0000 2021	5	3	"#BO
Modificación de normas para las exportaciones de los productos cárnicos y sus subproductos

https://t.co/09nIhDBoa7"	https://twitter.com/jorgeluisaliaga/status/1384459155512209408	[{'text': 'BO', 'indices': [0, 3]}]
jorgeluisaliaga	Tue Apr 20 10:49:19 +0000 2021	4	2	"#BO
Convóquese a la conformación del Observatorio de Precios y Disponibilidad de Insumos, Bienes y Servicios

https://t.co/Jcwd4NNBF1"	https://twitter.com/jorgeluisaliaga/status/1384459154283274242	[{'text': 'BO', 'indices': [0, 3]}]
jorgeluisaliaga	Tue Apr 20 10:49:18 +0000 2021	2	1	"#BO
Establécese el “Programa de Asistencia de Emergencia al Sector Gastronómico Independiente”

https://t.co/SfJGTAhEok"	https://twitter.com/jorgeluisaliaga/status/1384459153058504704	[{'text': 'BO', 'indices': [0, 3]}]
jorgeluisaliaga	Tue Apr 20 10:49:18 +0000 2021	2	0	"#BO
Apruébanse las Normas Técnicas y de Seguridad para el uso de Gas Licuado de Petróleo (GLP), en Motores de Combustión Interna para la Propulsión de Embarcaciones y Artefactos Navales – Gas Licuado de Petróleo Náutico (GLPN)

https://t.co/AO4FwQfQRx"	https://twitter.com/jorgeluisaliaga/status/1384459151762468864	[{'text': 'BO', 'indices': [0, 3]}]
jorgeluisaliaga	Tue Apr 20 10:49:18 +0000 2021	7	2	"#BO
AGENCIA NACIONAL DE PROMOCIÓN DE LA INVESTIGACIÓN, EL DESARROLLO TECNOLÓGICO Y LA INNOVACIÓN
Decisión Administrativa 379/2021 - Estructura organizativa.

https://t.co/ct6VdVMcNs"	https://twitter.com/jorgeluisaliaga/status/1384459150462230540	[{'text': 'BO', 'indices': [0, 3]}]
jorgeluisaliaga	Tue Apr 20 03:13:57 +0000 2021	2	0	@threadreaderapp unroll	https://twitter.com/jorgeluisaliaga/status/1384344557345726464	[]
jorgeluisaliaga	Tue Apr 20 03:13:37 +0000 2021	8	2	"Todos los informes e información en mi sitio

https://t.co/OOPfZIjwmV

La Tabla de datos informados por @msalnacion los puse en:

https://t.co/A6X5GTltVQ"	https://twitter.com/jorgeluisaliaga/status/1384344477423263745	[]
jorgeluisaliaga	Tue Apr 20 03:13:37 +0000 2021	13	3	Casos confirmados por rango etario en CABA y PBA con detalle de edades escolares. https://t.co/xNIpwderhj	https://twitter.com/jorgeluisaliaga/status/1384344474847961093	[]
jorgeluisaliaga	Tue Apr 20 03:13:35 +0000 2021	11	2	"Edad promedio de confirmados y de mayores de 70 años por semana de inicio de síntoma.
Cantidad de fallecidos y su edad media, y fallecidos mayores de 70 años por semana de inicio de síntoma. https://t.co/8ETQrVXfpm"	https://twitter.com/jorgeluisaliaga/status/1384344469005287424	[]
jorgeluisaliaga	Tue Apr 20 03:13:34 +0000 2021	6	1	"Los fallecidos cargados demorados hoy:
1 de OCTUBRE Entre Ríos
4 de NOVIEMBRE Entre Ríos
1 de DICIEMBRE Santa Fe
4 de ENERO (3 Neuquén, La Pampa)
7 de FEBRERO (4 Santa Fe, 2 Neuquén, Corrientes)"	https://twitter.com/jorgeluisaliaga/status/1384344464391606272	[]
jorgeluisaliaga	Tue Apr 20 03:13:34 +0000 2021	5	0	"De los 248 informados como fallecidos, 54 fallecieron hace más de 9 días.

Se muestra días entre inicio de síntoma y fallecimiento, largas internaciones. https://t.co/ODE0jN8utA"	https://twitter.com/jorgeluisaliaga/status/1384344462550347776	[]
jorgeluisaliaga	Tue Apr 20 03:13:33 +0000 2021	5	0	"Confirmados y sospechosos por fecha de apertura en TOTAL, CABA y PBA.
Testeo y positividad por semana de apertura. https://t.co/Xip0hJM1WA"	https://twitter.com/jorgeluisaliaga/status/1384344458465001474	[]
jorgeluisaliaga	Tue Apr 20 03:13:32 +0000 2021	4	0	Detalles de Tests Confirmados, Descartados y Sospechosos según residencia en PBA y CABA por semana, con detalles según lugar de carga y sector público o privado. Amarillo es lo pendiente. https://t.co/8rXhNa174O	https://twitter.com/jorgeluisaliaga/status/1384344453905895426	[]
jorgeluisaliaga	Tue Apr 20 03:13:31 +0000 2021	5	0	"Ya se hicieron 8.156.819 Tests de diagnóstico (error +/- 10 tests), 30,2% de positividad.
Hoy 45.475, 40,1% la positividad. 
Cuando teníamos 10% de positividad (10/5) había 250-300 casos por día. https://t.co/5kQibwxVkA"	https://twitter.com/jorgeluisaliaga/status/1384344449455624197	[]
jorgeluisaliaga	Tue Apr 20 03:13:30 +0000 2021	6	0	"Los casos ordenados por fecha de síntoma, promediada cada día los últimos 7 en lineal y semi-log (ver inf 24/7). Y Por millón de habitantes.
Hasta ahora las amarillas ""predicen"" lo que van a hacer las curvas x síntoma cuando entren casos de esas fechas, atención la suba. https://t.co/PIDT66oA2l"	https://twitter.com/jorgeluisaliaga/status/1384344445043290114	[]
jorgeluisaliaga	Tue Apr 20 03:13:29 +0000 2021	7	0	"Sitios con datos / figuras

Gran info regional: Soledad Retamar @sole_reta 

https://t.co/LLv9J5EA7o

Rodrigo Castro @RodrigoD_Castro

https://t.co/9etT4FOHyf"	https://twitter.com/jorgeluisaliaga/status/1384344440614051843	[]
jorgeluisaliaga	Tue Apr 20 03:13:28 +0000 2021	6	0	"Hilos recomendados:

Semáforo: Martin Barrionuevo @mmbarrionuevo 

https://t.co/cXkNrbRyag

Rio Negro+Neuquen: Clari Cardozo Castro @ClariCardozoCas 

Diseño @TotinFraire Elaboración @Fedwr 

https://t.co/MuMAdejFO7"	https://twitter.com/jorgeluisaliaga/status/1384344438491725824	[]
jorgeluisaliaga	Mon Apr 19 22:52:01 +0000 2021	2	0	@DiegoZetelny Suena a que dejaron subir la positividad para que no suban tantos los casos.	https://twitter.com/jorgeluisaliaga/status/1384278641283002368	[]
jorgeluisaliaga	Mon Apr 19 21:46:37 +0000 2021	1	1	"@serration INCIDENCIA (suma de casos en últimos 14 días / 100.000 hab) = 341 (riego mayor a 150)
RAZÓN de CASOS (incidencia actual / incidencia 14 días anteriores) = 1,51 (riesgo mayor a 1,2) https://t.co/MXchvSvLwK"	https://twitter.com/jorgeluisaliaga/status/1384262181596766210	[]
jorgeluisaliaga	Mon Apr 19 20:43:19 +0000 2021	7	0	"A partir del 5/2/21 saco el informe en dos partes, la primera cuando sale el parte diario y el complemento cuando se actualiza la base de datos, después de las 21:30.

FIN PRIMERA PARTE."	https://twitter.com/jorgeluisaliaga/status/1384246255379832835	[]
jorgeluisaliaga	Mon Apr 19 20:43:19 +0000 2021	8	3	La diferencia entre confirmados y recuperados da idea de la evolución. Sigue positiva, pero bajando. https://t.co/dOFZEnjZxB	https://twitter.com/jorgeluisaliaga/status/1384246253303730182	[]
jorgeluisaliaga	Mon Apr 19 20:43:18 +0000 2021	4	1	"Hoy se llegó a 59.476 (+248) personas fallecidas. 
Se reportaron 2.386.383 (+22212) personas recuperadas (87,9%). 
4304 (+199) en Terapia. 
Distintos estados de casos en escala semi-logaritmica. 
Lineal muertos y UTI para ver fácil subas. https://t.co/OH3QbKGR6k"	https://twitter.com/jorgeluisaliaga/status/1384246248450838528	[]
jorgeluisaliaga	Mon Apr 19 20:43:17 +0000 2021	2	0	Avance de la Vacunación por sector, por edad y marca de vacuna, por provincia y grupo etario y por provincia y sector. https://t.co/E41WTrhNm5	https://twitter.com/jorgeluisaliaga/status/1384246243023409152	[]
jorgeluisaliaga	Mon Apr 19 20:43:15 +0000 2021	5	1	Evolución de la vacunación en todo el país, CABA y PBA. Porcentaje de vacunas aplicadas en relación con las distribuidas. https://t.co/hSv1Wup3ai	https://twitter.com/jorgeluisaliaga/status/1384246235901562882	[]
jorgeluisaliaga	Mon Apr 19 20:43:13 +0000 2021	4	0	Avance de la Vacunación por provincia según datos cargado hasta hoy a las 6 AM de &gt;&gt; https://t.co/bBb2CUQZKE y https://t.co/TNJm7Zy2pa https://t.co/txsWXUIiaz	https://twitter.com/jorgeluisaliaga/status/1384246229488472064	[]
jorgeluisaliaga	Mon Apr 19 20:43:12 +0000 2021	3	0	"Muestro ajuste.  Uso el crecimiento exponencial con que se ajustaban los datos al 25/3 para una logística, más adecuado en esta etapa de la epidemia, que explico en detalle en este documento (estimo infectados asumiendo un 70% de asintomáticos): 

https://t.co/xDGEjpK0nu https://t.co/6JU1qykuzh"	https://twitter.com/jorgeluisaliaga/status/1384246223310233605	[]
jorgeluisaliaga	Mon Apr 19 20:43:10 +0000 2021	6	0	"Fallecidos por millón de habitantes por provincia.
Detalle de fecha del último caso de cada provincia. Todas las provincias activas. 
También muestro cantidad de días sin casos por provincia y provincias con casos y casos durante la epidemia. https://t.co/qgxrij3TlR"	https://twitter.com/jorgeluisaliaga/status/1384246217035509763	[]
jorgeluisaliaga	Mon Apr 19 20:43:09 +0000 2021	4	0	"Para los que les sirva, muestro datos más simples de leer de distribución de casos confirmados y muertos, y casos confirmados y muertos por millón de habitantes, por provincia.
También una página interactiva.

https://t.co/UoryUFmeE3
-------------------------- https://t.co/Q6wPX6pQby"	https://twitter.com/jorgeluisaliaga/status/1384246211469713420	[]
jorgeluisaliaga	Mon Apr 19 20:43:07 +0000 2021	5	0	"Neuquén, Rio Negro, Chubut, Santa Cruz
Casos Diarios, Prom últimos 7 días, SUMA de últimos 14 días / 100.000 habitantes. Días de Duplicación, Log-Log Nuevos vs Total de Casos. 
INCIDENCIA y Factor de Crecimiento. Promedio de confirmados diarios últimas 15 semanas. https://t.co/Vq7smHPMSW"	https://twitter.com/jorgeluisaliaga/status/1384246204838473739	[]
jorgeluisaliaga	Mon Apr 19 20:43:06 +0000 2021	3	0	"La Rioja, San Juan, San Luis, Mendoza
Casos Diarios, Prom últimos 7 días, SUMA de últimos 14 días / 100.000 habitantes. Días de Duplicación, Log-Log Nuevos vs Total de Casos. 
INCIDENCIA y Factor de Crecimiento. Promedio de confirmados diarios últimas 15 semanas. https://t.co/UYeBhc0M5S"	https://twitter.com/jorgeluisaliaga/status/1384246198509346821	[]
jorgeluisaliaga	Mon Apr 19 20:43:04 +0000 2021	5	0	"Jujuy, Salta, Tucumán, Catamarca 
Casos Diarios, Prom últimos 7 días, SUMA de últimos 14 días / 100.000 habitantes. Días de Duplicación, Log-Log Nuevos vs Total de Casos. 
INCIDENCIA y Factor de Crecimiento. Promedio de confirmados diarios últimas 15 semanas. https://t.co/N2EsnJFN6B"	https://twitter.com/jorgeluisaliaga/status/1384246191982923777	[]
jorgeluisaliaga	Mon Apr 19 20:43:03 +0000 2021	5	0	"Entre Ríos, Corrientes, Misiones, Formosa
Casos Diarios, Prom últimos 7 días, SUMA de últimos 14 días / 100.000 habitantes. Días de Duplicación, Log-Log Nuevos vs Total de Casos. 
INCIDENCIA y Factor de Crecimiento. Promedio de confirmados diarios últimas 15 semanas. https://t.co/z47P0RfnCG"	https://twitter.com/jorgeluisaliaga/status/1384246185783828480	[]
jorgeluisaliaga	Mon Apr 19 20:43:01 +0000 2021	5	0	"Santa Fé, Córdoba, Chaco, Santiago del Estero
Casos Diarios, Prom últimos 7 días, SUMA de últimos 14 días / 100.000 habitantes. Días de Duplicación, Log-Log Nuevos vs Total de Casos. 
INCIDENCIA y Factor de Crecimiento. Promedio de confirmados diarios últimas 15 semanas. https://t.co/Anya0xPuUq"	https://twitter.com/jorgeluisaliaga/status/1384246176967364609	[]
jorgeluisaliaga	Mon Apr 19 20:42:59 +0000 2021	5	0	"CABA, PBA, La Pampa, Tierra del Fuego 
Casos Diarios, Prom últimos 7 días, SUMA de últimos 14 días / 100.000 habitantes. Días de Duplicación, Log-Log Nuevos vs Total de Casos. 
INCIDENCIA y Factor de Crecimiento. Promedio de confirmados diarios últimas 15 semanas. https://t.co/CyVhUTTsrm"	https://twitter.com/jorgeluisaliaga/status/1384246170453561350	[]
jorgeluisaliaga	Mon Apr 19 20:42:58 +0000 2021	6	0	"Muestro la evolución de la cantidad de días necesarios para duplicar (x2) y para decuplicar (x10) (Total y Activos).
La cantidad de días para duplicación aumento de entre 3 y 4 a 26 y ahora está en 81. Por 10 en 269 días. https://t.co/IC70tlwvNp"	https://twitter.com/jorgeluisaliaga/status/1384246164304777222	[]
jorgeluisaliaga	Mon Apr 19 20:42:57 +0000 2021	5	0	"Evolución de la INCIDENCIA y del Factor de Crecimiento (ver Inf del 16/4). 
Muestro también la evolución de la tasa de variación de la cantidad de casos cada 2, 4, y 10 días (ver inf 4/4 y 5/4). También detalle desde el 20/02/21. https://t.co/kOdoSZvANQ"	https://twitter.com/jorgeluisaliaga/status/1384246159372296195	[]
jorgeluisaliaga	Mon Apr 19 20:42:55 +0000 2021	5	0	Muestro en Log-Log Casos Nuevos vs Totales (promedio para cada día con los valores de los siete últimos) (si hay duda, ver inf 3/4). https://t.co/wbCphGJTYy	https://twitter.com/jorgeluisaliaga/status/1384246153907105795	[]
jorgeluisaliaga	Mon Apr 19 20:42:54 +0000 2021	5	0	"9/1 rearmé el informe.
Total de casos según fecha de carga en escala semilogarítmica, para ver comportamiento exponencial y su velocidad.
Promedio de casos confirmados, UTI y fallecidos por fecha de carga por semana en las últimas 30 semanas. https://t.co/8iFAhtgutQ"	https://twitter.com/jorgeluisaliaga/status/1384246148655828993	[]
jorgeluisaliaga	Mon Apr 19 20:42:53 +0000 2021	6	1	"23 provincias con INCIDENCIA mayor a 150 casos / 100.000 en los últimos 14 días, y 23 provincias con Razón de Casos mayor a 1 (creciendo). 
Incidencia Nacional = 677 casos
Razón de Casos Nacional = 1,98
ALTO RIESGO SANITARIO https://t.co/9LO4SbOwQr"	https://twitter.com/jorgeluisaliaga/status/1384246142263721984	[]
jorgeluisaliaga	Mon Apr 19 20:42:51 +0000 2021	65	17	"Situación COVID-19 al 19/4

Hoy 20.461 nuevos casos confirmados.
Veintidos provincias con ""alto riesgo sanitario"".
Leve baja de velocidad de crecimiento de confirmados, fuerte suba de UTI.
La cantidad total de casos es 2.714.475. https://t.co/tLssgxgXWD"	https://twitter.com/jorgeluisaliaga/status/1384246135934439424	[]
jorgeluisaliaga	Mon Apr 19 18:17:18 +0000 2021	23	0	@alesitoide lo podría haber dicho Brandoni https://t.co/dx1Zq3qUue	https://twitter.com/jorgeluisaliaga/status/1384209506238812168	[]
jorgeluisaliaga	Mon Apr 19 14:53:57 +0000 2021	28	10	@deniseheliana @ACSSOingenieria @jljcolorado @aireamos El gobierno de CABA gastó 83 millones en 400 filtros HEPA. Cada medidor sale menos de $10.000 de costo, y se podían armar en las escuelas técnicas. No les importó. En diciembre puse toda la info libre.	https://twitter.com/jorgeluisaliaga/status/1384158332219367429	[]
jorgeluisaliaga	Mon Apr 19 14:47:55 +0000 2021	0	0	@Maurici24529701 Si no cambia la apertura de ventanas y puertas y el aforo sólo debería cambiar con el tiempo (temperatura, humedad, viento).	https://twitter.com/jorgeluisaliaga/status/1384156815416381449	[]
jorgeluisaliaga	Mon Apr 19 14:47:02 +0000 2021	1	0	"@deniseheliana @ACSSOingenieria @jljcolorado @aireamos Con conocimiento de electrónica básica (cualquier escuela técnica) alcanza. 
Igual no es necesario para casas particulares. Si oficinas, escuelas, restaurantes. En lugares de trabajo público se debería ocupar el estado, local, dado que decide cuando hay clases."	https://twitter.com/jorgeluisaliaga/status/1384156591981699074	[]
jorgeluisaliaga	Mon Apr 19 14:40:51 +0000 2021	2	0	"@deniseheliana @ACSSOingenieria @jljcolorado @aireamos MinCyT hizo listado de fabricantes en el contexto de la Campaña Ventilar

https://t.co/0pVpWmGcTm

Instrucciones para armar &gt;&gt;https://t.co/rSVjw8sqLx"	https://twitter.com/jorgeluisaliaga/status/1384155033726439428	[]
jorgeluisaliaga	Mon Apr 19 13:43:05 +0000 2021	0	0	@Maurici24529701 De nada. Igual, yo creo que el estado debería proveer uno por escuela en las públicas. Con eso se controla. Es lo que propuse en PBA. Por eso preguntaba la jurisdicción.	https://twitter.com/jorgeluisaliaga/status/1384140499905253377	[]
jorgeluisaliaga	Mon Apr 19 11:43:04 +0000 2021	2	0	"@ManuelDaroqui @NicoOlsze @SantiOlsze @norabar @rquiroga777 @ernestorr @FernanQuirosBA @DrDanielGollan Se sabe que los menores tienen mayoritariamente casos asintomáticos, y por protocolo no son casos sospechosos. Pero cada uno se agarra de un pedazo en función de lo que quiere demostrar.
Mientras tanto CABA tiene INCIDENCIA 1.251 (límite 150) y RAZÓN de CASOS 1,90 (límite 1,2). https://t.co/UGU01tHI2f"	https://twitter.com/jorgeluisaliaga/status/1384110295765774339	[]
jorgeluisaliaga	Mon Apr 19 11:33:03 +0000 2021	0	0	@Maurici24529701 Consultá con https://t.co/pTiJzygbIW  Son jóvenes de la UNR. A lo mejor tienen alguna opción.	https://twitter.com/jorgeluisaliaga/status/1384107772715753480	[]
jorgeluisaliaga	Mon Apr 19 11:31:10 +0000 2021	3	0	"@TancrediLeo @VilmaIbarraL @C5N No tienen nada que ver. Los DNU tienen vigencia mientras no sea rechazado por el congreso. 
Lo que debe haber es una urgencia.
CABA tiene INCIDENCIA 1.251 (límite 150) y RAZÓN de CASOS 1,90 (límite 1,2).
Con ley de medios no la había. https://t.co/VgJvwNHiui"	https://twitter.com/jorgeluisaliaga/status/1384107298147033091	[]
jorgeluisaliaga	Mon Apr 19 11:22:13 +0000 2021	3	1	"#BO
Exceptúese, de forma excepcional y a condición de reciprocidad, a extranjeros no residentes que realicen transporte de carga, en tránsito entre los pasos fronterizos de Cardenal Samoré, Huemules y el Paso Integración Austral a realizar PCR

https://t.co/nVYOvmL7d7"	https://twitter.com/jorgeluisaliaga/status/1384105046212636678	[{'text': 'BO', 'indices': [0, 3]}]
jorgeluisaliaga	Mon Apr 19 11:22:12 +0000 2021	2	0	"#BO
Créase el “PROGRAMA DE MONITOREO Y EVALUACIÓN DE POLÍTICAS PÚBLICAS” en la órbita del MINISTERIO DE OBRAS PÚBLICAS.

https://t.co/sXeMCLMPWK"	https://twitter.com/jorgeluisaliaga/status/1384105044316876803	[{'text': 'BO', 'indices': [0, 3]}]
jorgeluisaliaga	Mon Apr 19 11:22:12 +0000 2021	2	1	"#BO
SRT - Toda manipulación, transporte, distribución, carga y/o descarga de productos cárnicos, cuyo peso sea superior a los 32 Kg. se deberá realizar con la asistencia de medios mecánicos adecuados”.

https://t.co/8tHMBjkqNo"	https://twitter.com/jorgeluisaliaga/status/1384105042517532675	[{'text': 'BO', 'indices': [0, 3]}]
jorgeluisaliaga	Mon Apr 19 11:22:11 +0000 2021	2	1	"#BO
Modificaciones REPRO II

https://t.co/1BwPS4O2RG"	https://twitter.com/jorgeluisaliaga/status/1384105040839733256	[{'text': 'BO', 'indices': [0, 3]}]
jorgeluisaliaga	Mon Apr 19 11:22:11 +0000 2021	1	2	"#BO
Apruébase el gasto derivado de la Carta de Entendimiento suscripta el 26/05/2020 por la FUERZA AÉREA ARGENTINA con el Gobierno de los ESTADOS UNIDOS DE AMÉRICA,  para la adquisición de 10 aeronaves Beechcraft C-12B Hurón USD 16.671.767.

https://t.co/4SdFb4ugS6"	https://twitter.com/jorgeluisaliaga/status/1384105039057219594	[{'text': 'BO', 'indices': [0, 3]}]
jorgeluisaliaga	Mon Apr 19 11:22:10 +0000 2021	1	1	"#BO
Exceptúase de la prohibición dispuesta a los y las votantes y al personal afectado a los comicios correspondientes a las Elecciones Generales de la República de Cabo Verde

https://t.co/b9KkggtFpb"	https://twitter.com/jorgeluisaliaga/status/1384105037312393223	[{'text': 'BO', 'indices': [0, 3]}]
jorgeluisaliaga	Mon Apr 19 11:22:10 +0000 2021	3	3	"#BO
Licencia a las trabajadoras y los trabajadores a cargo de niños, niñas y adolescentes de hasta 14 años, que deban realizar escolaridad virtual y se encuentren inscriptos en establecimientos educativos del Área Metropolitana de Buenos Aires.

https://t.co/2Ob7OqisfT"	https://twitter.com/jorgeluisaliaga/status/1384105035533938699	[{'text': 'BO', 'indices': [0, 3]}]
jorgeluisaliaga	Mon Apr 19 11:22:10 +0000 2021	9	1	"#BO
INCENTIVO A LA CONSTRUCCIÓN FEDERAL ARGENTINA Y ACCESO A LA VIVIENDA - Reglamentación Ley N° 27.613.

https://t.co/19KYFFXsvb"	https://twitter.com/jorgeluisaliaga/status/1384105033818509325	[{'text': 'BO', 'indices': [0, 3]}]
jorgeluisaliaga	Mon Apr 19 03:29:25 +0000 2021	23	1	@Andrea_Gentil @marialuzgoye5 @ladriguruok Lo que quiere decir, como dice Andrea, es que una vez que da positivo no los sumo por fecha de carga, o de apertura de registro, sino por la fecha en que iniciaron síntomas. Todos esos datos están en la base.	https://twitter.com/jorgeluisaliaga/status/1383986062435840010	[]
jorgeluisaliaga	Mon Apr 19 03:27:46 +0000 2021	2	0	@threadreaderapp unroll	https://twitter.com/jorgeluisaliaga/status/1383985648802037764	[]
jorgeluisaliaga	Mon Apr 19 03:27:19 +0000 2021	5	0	"Todos los informes e información en mi sitio

https://t.co/OOPfZIB7et

La Tabla de datos informados por @msalnacion los puse en:

https://t.co/A6X5GTD4No"	https://twitter.com/jorgeluisaliaga/status/1383985533785837580	[]
jorgeluisaliaga	Mon Apr 19 03:27:18 +0000 2021	6	5	"Casos confirmados por rango etario en CABA y PBA con detalle de edades escolares.
SEMANA 15 INCOMPLETA, es x FIS https://t.co/kcmkDa2TRb"	https://twitter.com/jorgeluisaliaga/status/1383985530325508099	[]
jorgeluisaliaga	Mon Apr 19 03:27:16 +0000 2021	0	0	"Edad promedio de confirmados y de mayores de 70 años por semana de inicio de síntoma.
Cantidad de fallecidos y su edad media, y fallecidos mayores de 70 años por semana de inicio de síntoma.
SEMANA 15 INCOMPLETA, es x FIS https://t.co/VmwUh9i95K"	https://twitter.com/jorgeluisaliaga/status/1383985523660779521	[]
jorgeluisaliaga	Mon Apr 19 03:27:15 +0000 2021	1	0	"De los 65 informados como fallecidos, 13 fallecieron hace más de 8 días.
Hoy reclasificado el caso 9889778 de Buenos Aires cargado el 17/4/2021.
Todos los cargados hoy son de abril.

Se muestra días entre inicio de síntoma y fallecimiento, largas internaciones. https://t.co/CutIhMHXFS"	https://twitter.com/jorgeluisaliaga/status/1383985517964914701	[]
jorgeluisaliaga	Mon Apr 19 03:27:14 +0000 2021	0	1	"Confirmados y sospechosos por fecha de apertura en TOTAL, CABA y PBA.
Testeo y positividad por semana de apertura. https://t.co/pUVrWppVRZ"	https://twitter.com/jorgeluisaliaga/status/1383985512671637506	[]
jorgeluisaliaga	Mon Apr 19 03:27:12 +0000 2021	0	3	Detalles de Tests Confirmados, Descartados y Sospechosos según residencia en PBA y CABA por semana, con detalles según lugar de carga y sector público o privado. Amarillo es lo pendiente. https://t.co/1ADnGhOFqv	https://twitter.com/jorgeluisaliaga/status/1383985506921238531	[]
jorgeluisaliaga	Mon Apr 19 03:27:11 +0000 2021	0	0	"Ya se hicieron 8.111.344 Tests de diagnóstico (error +/- 10 tests), 30,2% de positividad.
Hoy 43.547, 35,1% la positividad. 
Cuando teníamos 10% de positividad (10/5) había 250-300 casos por día. https://t.co/CzTZkECERD"	https://twitter.com/jorgeluisaliaga/status/1383985501485486085	[]
jorgeluisaliaga	Mon Apr 19 03:27:10 +0000 2021	0	0	"Los casos ordenados por fecha de síntoma, promediada cada día los últimos 7 en lineal y semi-log (ver inf 24/7). Y Por millón de habitantes.
Hasta ahora las amarillas ""predicen"" lo que van a hacer las curvas x síntoma cuando entren casos de esas fechas, atención la suba. https://t.co/8q0vwQq3wa"	https://twitter.com/jorgeluisaliaga/status/1383985496108371970	[]
jorgeluisaliaga	Mon Apr 19 03:27:08 +0000 2021	1	0	"Sitios con datos / figuras

Gran info regional: Soledad Retamar @sole_reta 

https://t.co/LLv9J5mYIO

Rodrigo Castro @RodrigoD_Castro

https://t.co/9etT4G6ipN"	https://twitter.com/jorgeluisaliaga/status/1383985490366320642	[]
jorgeluisaliaga	Mon Apr 19 03:27:08 +0000 2021	1	0	"Hilos recomendados:

Semáforo: Martin Barrionuevo @mmbarrionuevo 

https://t.co/GBSrNKXI59

Rio Negro+Neuquen: Clari Cardozo Castro @ClariCardozoCas 

Diseño @TotinFraire Elaboración @Fedwr 

https://t.co/6pCuItXCbL"	https://twitter.com/jorgeluisaliaga/status/1383985488164360192	[]
jorgeluisaliaga	Mon Apr 19 02:34:35 +0000 2021	1	0	@RodolfoUrtubey Es muy difícil mirar casos de un día porque puede haber habido muchas razones para mayor o menor carga. Lo mejor es esperar a ver semana completa.	https://twitter.com/jorgeluisaliaga/status/1383972263997829125	[]
jorgeluisaliaga	Mon Apr 19 02:33:06 +0000 2021	0	0	"@Maurici24529701 El problema con el MQ135 es que no tiene capacidad para separar CO2, volátiles, etc. Es muy inespecífico. 
No entiendo porqué las electrónicas no importan.
¿donde es docente?"	https://twitter.com/jorgeluisaliaga/status/1383971890507640836	[]
jorgeluisaliaga	Mon Apr 19 02:31:39 +0000 2021	3	0	@sole_reta @AmatMaNonTroppo @Andrea_Gentil @frcudatalab @norabar @Urdi24 Ni 2019. 2018 se publicó en febrero de 2020	https://twitter.com/jorgeluisaliaga/status/1383971527205421060	[]
jorgeluisaliaga	Mon Apr 19 02:30:44 +0000 2021	2	1	@JonathanG_1980 @Andrea_Gentil Los datos son por fecha de inicio de síntoma. La semana 15 terminó ayer, muchísimos confirmados todavía no fueron registrados. https://t.co/z8Sv8G0nwR	https://twitter.com/jorgeluisaliaga/status/1383971295562403847	[]
jorgeluisaliaga	Mon Apr 19 02:26:36 +0000 2021	597	141	Como explica Vilma Ibarra @VilmaIbarraL ahora en @C5N , Juntos x el Cambio derogó la Ley de Medio x DNU. Pero parece que ahora ya no tienen fuerza de ley.	https://twitter.com/jorgeluisaliaga/status/1383970255089770498	[]
jorgeluisaliaga	Sun Apr 18 22:23:21 +0000 2021	14	4	@emipizarro La diferencia entre ambas cosas se ve así (los saltos grandes en carga de confirmados son días que no se actualizó la base.) https://t.co/xAu8x2SDhy	https://twitter.com/jorgeluisaliaga/status/1383909039399084035	[]
jorgeluisaliaga	Sun Apr 18 20:41:16 +0000 2021	5	2	"A partir del 5/2/21 saco el informe en dos partes, la primera cuando sale el parte diario y el complemento cuando se actualiza la base de datos, después de las 21:30.

FIN PRIMERA PARTE."	https://twitter.com/jorgeluisaliaga/status/1383883350469840900	[]
jorgeluisaliaga	Sun Apr 18 20:41:16 +0000 2021	9	3	"Hoy se llegó a 59.228 (+65) personas fallecidas. 
Se reportaron 2.364.171 (+20363) personas recuperadas (87,8%). 
4105 (+128) en Terapia. 
Distintos estados de casos en escala semi-logaritmica. 
Lineal muertos y UTI para ver fácil subas. https://t.co/Y8alQxxEHw"	https://twitter.com/jorgeluisaliaga/status/1383883347512881153	[]
jorgeluisaliaga	Sun Apr 18 20:41:14 +0000 2021	2	2	Avance de la Vacunación por sector, por edad y marca de vacuna, por provincia y grupo etario y por provincia y sector. https://t.co/gOlBrbBu5T	https://twitter.com/jorgeluisaliaga/status/1383883341099716609	[]
jorgeluisaliaga	Sun Apr 18 20:41:12 +0000 2021	2	1	Evolución de la vacunación en todo el país, CABA y PBA. Porcentaje de vacunas aplicadas en relación con las distribuidas. https://t.co/JdUEcaCsXO	https://twitter.com/jorgeluisaliaga/status/1383883332795047938	[]
jorgeluisaliaga	Sun Apr 18 20:41:10 +0000 2021	0	1	Avance de la Vacunación por provincia según datos cargado hasta hoy a las 6 AM de &gt;&gt; https://t.co/bBb2CUQZKE y https://t.co/TNJm7Zy2pa https://t.co/QQpkzZ3Cll	https://twitter.com/jorgeluisaliaga/status/1383883324817477638	[]
jorgeluisaliaga	Sun Apr 18 20:41:08 +0000 2021	0	1	"Muestro ajuste.  Uso el crecimiento exponencial con que se ajustaban los datos al 25/3 para una logística, más adecuado en esta etapa de la epidemia, que explico en detalle en este documento (estimo infectados asumiendo un 70% de asintomáticos): 

https://t.co/xDGEjpK0nu https://t.co/bkfEngEMAz"	https://twitter.com/jorgeluisaliaga/status/1383883317703966726	[]
jorgeluisaliaga	Sun Apr 18 20:41:07 +0000 2021	1	1	"Fallecidos por millón de habitantes por provincia.
Detalle de fecha del último caso de cada provincia. Todas las provincias activas. 
También muestro cantidad de días sin casos por provincia y provincias con casos y casos durante la epidemia. https://t.co/a4GR0BYylN"	https://twitter.com/jorgeluisaliaga/status/1383883309969678340	[]
jorgeluisaliaga	Sun Apr 18 20:41:05 +0000 2021	3	2	"Para los que les sirva, muestro datos más simples de leer de distribución de casos confirmados y muertos, y casos confirmados y muertos por millón de habitantes, por provincia.
También una página interactiva.

https://t.co/UoryUFmeE3
-------------------------- https://t.co/B9xdTiXSs2"	https://twitter.com/jorgeluisaliaga/status/1383883303300698122	[]
jorgeluisaliaga	Sun Apr 18 20:41:03 +0000 2021	0	1	"Neuquén, Rio Negro, Chubut, Santa Cruz
Casos Diarios, Prom últimos 7 días, SUMA de últimos 14 días / 100.000 habitantes. Días de Duplicación, Log-Log Nuevos vs Total de Casos. 
INCIDENCIA y Factor de Crecimiento. Promedio de confirmados diarios últimas 15 semanas. https://t.co/O1mT34Qm6d"	https://twitter.com/jorgeluisaliaga/status/1383883295914545153	[]
jorgeluisaliaga	Sun Apr 18 20:41:02 +0000 2021	1	1	"La Rioja, San Juan, San Luis, Mendoza
Casos Diarios, Prom últimos 7 días, SUMA de últimos 14 días / 100.000 habitantes. Días de Duplicación, Log-Log Nuevos vs Total de Casos. 
INCIDENCIA y Factor de Crecimiento. Promedio de confirmados diarios últimas 15 semanas. https://t.co/uuXZHYjB45"	https://twitter.com/jorgeluisaliaga/status/1383883288876437507	[]
jorgeluisaliaga	Sun Apr 18 20:41:00 +0000 2021	0	1	"Jujuy, Salta, Tucumán, Catamarca 
Casos Diarios, Prom últimos 7 días, SUMA de últimos 14 días / 100.000 habitantes. Días de Duplicación, Log-Log Nuevos vs Total de Casos. 
INCIDENCIA y Factor de Crecimiento. Promedio de confirmados diarios últimas 15 semanas. https://t.co/kUmpceOaMe"	https://twitter.com/jorgeluisaliaga/status/1383883282408886275	[]
jorgeluisaliaga	Sun Apr 18 20:40:58 +0000 2021	0	1	"Entre Ríos, Corrientes, Misiones, Formosa
Casos Diarios, Prom últimos 7 días, SUMA de últimos 14 días / 100.000 habitantes. Días de Duplicación, Log-Log Nuevos vs Total de Casos. 
INCIDENCIA y Factor de Crecimiento. Promedio de confirmados diarios últimas 15 semanas. https://t.co/VW1UyzpVbv"	https://twitter.com/jorgeluisaliaga/status/1383883275865759747	[]
jorgeluisaliaga	Sun Apr 18 20:40:57 +0000 2021	1	1	"Santa Fé, Córdoba, Chaco, Santiago del Estero
Casos Diarios, Prom últimos 7 días, SUMA de últimos 14 días / 100.000 habitantes. Días de Duplicación, Log-Log Nuevos vs Total de Casos. 
INCIDENCIA y Factor de Crecimiento. Promedio de confirmados diarios últimas 15 semanas. https://t.co/V2Z8oIptty"	https://twitter.com/jorgeluisaliaga/status/1383883268143992835	[]
jorgeluisaliaga	Sun Apr 18 20:40:55 +0000 2021	0	1	"CABA, PBA, La Pampa, Tierra del Fuego 
Casos Diarios, Prom últimos 7 días, SUMA de últimos 14 días / 100.000 habitantes. Días de Duplicación, Log-Log Nuevos vs Total de Casos. 
INCIDENCIA y Factor de Crecimiento. Promedio de confirmados diarios últimas 15 semanas. https://t.co/UHBVyvRcNV"	https://twitter.com/jorgeluisaliaga/status/1383883261500297218	[]
jorgeluisaliaga	Sun Apr 18 20:40:53 +0000 2021	0	1	"Muestro la evolución de la cantidad de días necesarios para duplicar (x2) y para decuplicar (x10) (Total y Activos).
La cantidad de días para duplicación aumento de entre 3 y 4 a 26 y ahora está en 75. Por 10 en 250 días. https://t.co/q5T2XTH6eM"	https://twitter.com/jorgeluisaliaga/status/1383883255141715969	[]
jorgeluisaliaga	Sun Apr 18 20:40:52 +0000 2021	2	1	"Evolución de la INCIDENCIA y del Factor de Crecimiento (ver Inf del 16/4). 
Muestro también la evolución de la tasa de variación de la cantidad de casos cada 2, 4, y 10 días (ver inf 4/4 y 5/4). También detalle desde el 20/02/21. https://t.co/omsXr0OnnO"	https://twitter.com/jorgeluisaliaga/status/1383883249521348610	[]
jorgeluisaliaga	Sun Apr 18 20:40:51 +0000 2021	1	1	Muestro en Log-Log Casos Nuevos vs Totales (promedio para cada día con los valores de los siete últimos) (si hay duda, ver inf 3/4). https://t.co/dfrk5iCbcM	https://twitter.com/jorgeluisaliaga/status/1383883243657723904	[]
jorgeluisaliaga	Sun Apr 18 20:40:50 +0000 2021	0	1	"9/1 rearmé el informe.
Total de casos según fecha de carga en escala semilogarítmica, para ver comportamiento exponencial y su velocidad.
Promedio de casos confirmados, UTI y fallecidos por fecha de carga por semana en las últimas 30 semanas. https://t.co/jvuPKbr0BC"	https://twitter.com/jorgeluisaliaga/status/1383883238502920199	[]
jorgeluisaliaga	Sun Apr 18 20:40:48 +0000 2021	1	1	"23 provincias con INCIDENCIA mayor a 150 casos / 100.000 en los últimos 14 días, y 23 provincias con Razón de Casos mayor a 1 (creciendo). 
Incidencia Nacional = 662 casos
Razón de Casos Nacional = 2,03
ALTO RIESGO SANITARIO https://t.co/85iVyyXAQK"	https://twitter.com/jorgeluisaliaga/status/1383883231364190214	[]
jorgeluisaliaga	Sun Apr 18 20:40:46 +0000 2021	47	24	"Situación COVID-19 al 18/4

Hoy 16.267 nuevos casos confirmados.
Veintidos provincias con ""alto riesgo sanitario"".
Domingo, baja carga, fuerte suba de UTI. 
Desde 21/9 nuevo formato de informe, sin detalle de tipo de caso.
La cantidad total de casos es 2.694.014. https://t.co/LAEuXvWPpM"	https://twitter.com/jorgeluisaliaga/status/1383883224355541005	[]
jorgeluisaliaga	Sun Apr 18 03:10:36 +0000 2021	2	0	@threadreaderapp unroll	https://twitter.com/jorgeluisaliaga/status/1383618938936856586	[]
jorgeluisaliaga	Sun Apr 18 03:10:28 +0000 2021	5	0	"Todos los informes e información en mi sitio

https://t.co/OOPfZIB7et

La Tabla de datos informados por @msalnacion los puse en:

https://t.co/A6X5GTD4No"	https://twitter.com/jorgeluisaliaga/status/1383618905600532486	[]
jorgeluisaliaga	Sun Apr 18 03:10:27 +0000 2021	4	2	Casos confirmados por rango etario en CABA y PBA con detalle de edades escolares. https://t.co/wu692CZSa7	https://twitter.com/jorgeluisaliaga/status/1383618902513524744	[]
jorgeluisaliaga	Sun Apr 18 03:10:25 +0000 2021	3	1	"Edad promedio de confirmados y de mayores de 70 años por semana de inicio de síntoma.
Cantidad de fallecidos y su edad media, y fallecidos mayores de 70 años por semana de inicio de síntoma. https://t.co/vfvLV0mOoi"	https://twitter.com/jorgeluisaliaga/status/1383618895639048194	[]
jorgeluisaliaga	Sun Apr 18 03:10:24 +0000 2021	1	1	"De los 80 informados como fallecidos, 4 fallecieron hace más de 14 días.

2 de FEBRERO Corrientes

Se muestra días entre inicio de síntoma y fallecimiento, largas internaciones. https://t.co/RtJVbSixpc"	https://twitter.com/jorgeluisaliaga/status/1383618889502781444	[]
jorgeluisaliaga	Sun Apr 18 03:10:23 +0000 2021	1	1	"Confirmados y sospechosos por fecha de apertura en TOTAL, CABA y PBA.
Testeo y positividad por semana de apertura. https://t.co/7URPOwxW6b"	https://twitter.com/jorgeluisaliaga/status/1383618884696043520	[]
jorgeluisaliaga	Sun Apr 18 03:10:21 +0000 2021	1	1	Detalles de Tests Confirmados, Descartados y Sospechosos según residencia en PBA y CABA por semana, con detalles según lugar de carga y sector público o privado. Amarillo es lo pendiente. https://t.co/jfkbJvmmMm	https://twitter.com/jorgeluisaliaga/status/1383618877754540033	[]
jorgeluisaliaga	Sun Apr 18 03:10:20 +0000 2021	1	1	"Ya se hicieron 8.067.797 Tests de diagnóstico (error +/- 10 tests), 30,1% de positividad.
Hoy 52.430, 33,4% la positividad. 
Cuando teníamos 10% de positividad (10/5) había 250-300 casos por día. https://t.co/AQagjqQ6wk"	https://twitter.com/jorgeluisaliaga/status/1383618872071245833	[]
jorgeluisaliaga	Sun Apr 18 03:10:18 +0000 2021	1	1	"Los casos ordenados por fecha de síntoma, promediada cada día los últimos 7 en lineal y semi-log (ver inf 24/7). Y Por millón de habitantes.
Hasta ahora las amarillas ""predicen"" lo que van a hacer las curvas x síntoma cuando entren casos de esas fechas, atención la suba. https://t.co/72PJSCamBx"	https://twitter.com/jorgeluisaliaga/status/1383618867000344580	[]
jorgeluisaliaga	Sun Apr 18 03:10:17 +0000 2021	5	1	"Sitios con datos / figuras

Gran info regional: Soledad Retamar @sole_reta 

https://t.co/LLv9J5mYIO

Rodrigo Castro @RodrigoD_Castro

https://t.co/9etT4G6ipN"	https://twitter.com/jorgeluisaliaga/status/1383618862172688390	[]
jorgeluisaliaga	Sun Apr 18 03:10:17 +0000 2021	2	0	"Hilos recomendados:

Semáforo: Martin Barrionuevo @mmbarrionuevo 

https://t.co/DeWTbPpXkj

Rio Negro+Neuquen: Clari Cardozo Castro @ClariCardozoCas 

Diseño @TotinFraire Elaboración @Fedwr 

https://t.co/Be6FrJ3muy"	https://twitter.com/jorgeluisaliaga/status/1383618859777757189	[]
jorgeluisaliaga	Sat Apr 17 20:59:16 +0000 2021	7	0	"A partir del 5/2/21 saco el informe en dos partes, la primera cuando sale el parte diario y el complemento cuando se actualiza la base de datos, después de las 21:30.

FIN PRIMERA PARTE."	https://twitter.com/jorgeluisaliaga/status/1383525491789893642	[]
jorgeluisaliaga	Sat Apr 17 20:59:15 +0000 2021	7	1	"Hoy se llegó a 59.164 (+80) personas fallecidas. 
Se reportaron 2.343.808 (+19701) personas recuperadas (87,5%). 
3977 (+6) en Terapia. 
Distintos estados de casos en escala semi-logaritmica. 
Lineal muertos y UTI para ver fácil subas. https://t.co/YeGBqjBPUf"	https://twitter.com/jorgeluisaliaga/status/1383525489063591936	[]
jorgeluisaliaga	Sat Apr 17 20:59:14 +0000 2021	7	1	Avance de la Vacunación por sector, por edad y marca de vacuna, por provincia y grupo etario y por provincia y sector. https://t.co/zaNhWiFEu4	https://twitter.com/jorgeluisaliaga/status/1383525483258683394	[]
jorgeluisaliaga	Sat Apr 17 20:59:12 +0000 2021	7	1	Evolución de la vacunación en todo el país, CABA y PBA. Porcentaje de vacunas aplicadas en relación con las distribuidas. https://t.co/Wm74nXtdOK	https://twitter.com/jorgeluisaliaga/status/1383525476254175245	[]
jorgeluisaliaga	Sat Apr 17 20:59:11 +0000 2021	4	0	Avance de la Vacunación por provincia según datos cargado hasta hoy a las 6 AM de &gt;&gt; https://t.co/bBb2CUQZKE y https://t.co/TNJm7Zy2pa https://t.co/CJbskuKqGj	https://twitter.com/jorgeluisaliaga/status/1383525470105346051	[]
jorgeluisaliaga	Sat Apr 17 20:59:09 +0000 2021	4	0	"Muestro ajuste.  Uso el crecimiento exponencial con que se ajustaban los datos al 25/3 para una logística, más adecuado en esta etapa de la epidemia, que explico en detalle en este documento (estimo infectados asumiendo un 70% de asintomáticos): 

https://t.co/xDGEjpK0nu https://t.co/aEOMMy5llq"	https://twitter.com/jorgeluisaliaga/status/1383525463633498118	[]
jorgeluisaliaga	Sat Apr 17 20:59:07 +0000 2021	4	0	"Fallecidos por millón de habitantes por provincia.
Detalle de fecha del último caso de cada provincia. Todas las provincias activas. 
También muestro cantidad de días sin casos por provincia y provincias con casos y casos durante la epidemia. https://t.co/6mvWv4sUQ1"	https://twitter.com/jorgeluisaliaga/status/1383525455559499784	[]
jorgeluisaliaga	Sat Apr 17 20:59:06 +0000 2021	5	0	"Para los que les sirva, muestro datos más simples de leer de distribución de casos confirmados y muertos, y casos confirmados y muertos por millón de habitantes, por provincia.
También una página interactiva.

https://t.co/UoryUFmeE3
-------------------------- https://t.co/YNvAF9UN6E"	https://twitter.com/jorgeluisaliaga/status/1383525450077532164	[]
jorgeluisaliaga	Sat Apr 17 20:59:05 +0000 2021	4	0	"Neuquén, Rio Negro, Chubut, Santa Cruz
Casos Diarios, Prom últimos 7 días, SUMA de últimos 14 días / 100.000 habitantes. Días de Duplicación, Log-Log Nuevos vs Total de Casos. 
INCIDENCIA y Factor de Crecimiento. Promedio de confirmados diarios últimas 15 semanas. https://t.co/Uh208N78NO"	https://twitter.com/jorgeluisaliaga/status/1383525443802865667	[]
jorgeluisaliaga	Sat Apr 17 20:59:03 +0000 2021	4	0	"La Rioja, San Juan, San Luis, Mendoza
Casos Diarios, Prom últimos 7 días, SUMA de últimos 14 días / 100.000 habitantes. Días de Duplicación, Log-Log Nuevos vs Total de Casos. 
INCIDENCIA y Factor de Crecimiento. Promedio de confirmados diarios últimas 15 semanas. https://t.co/uT5JT58UXn"	https://twitter.com/jorgeluisaliaga/status/1383525437221924875	[]
jorgeluisaliaga	Sat Apr 17 20:59:02 +0000 2021	3	0	"Jujuy, Salta, Tucumán, Catamarca 
Casos Diarios, Prom últimos 7 días, SUMA de últimos 14 días / 100.000 habitantes. Días de Duplicación, Log-Log Nuevos vs Total de Casos. 
INCIDENCIA y Factor de Crecimiento. Promedio de confirmados diarios últimas 15 semanas. https://t.co/yT6Z7HDGdL"	https://twitter.com/jorgeluisaliaga/status/1383525431102500866	[]
jorgeluisaliaga	Sat Apr 17 20:59:00 +0000 2021	3	0	"Entre Ríos, Corrientes, Misiones, Formosa
Casos Diarios, Prom últimos 7 días, SUMA de últimos 14 días / 100.000 habitantes. Días de Duplicación, Log-Log Nuevos vs Total de Casos. 
INCIDENCIA y Factor de Crecimiento. Promedio de confirmados diarios últimas 15 semanas. https://t.co/kNQwjDhznf"	https://twitter.com/jorgeluisaliaga/status/1383525425222078466	[]
jorgeluisaliaga	Sat Apr 17 20:58:58 +0000 2021	3	0	"Santa Fé, Córdoba, Chaco, Santiago del Estero
Casos Diarios, Prom últimos 7 días, SUMA de últimos 14 días / 100.000 habitantes. Días de Duplicación, Log-Log Nuevos vs Total de Casos. 
INCIDENCIA y Factor de Crecimiento. Promedio de confirmados diarios últimas 15 semanas. https://t.co/9fSX05M4py"	https://twitter.com/jorgeluisaliaga/status/1383525417433239554	[]
jorgeluisaliaga	Sat Apr 17 20:58:57 +0000 2021	5	0	"CABA, PBA, La Pampa, Tierra del Fuego 
Casos Diarios, Prom últimos 7 días, SUMA de últimos 14 días / 100.000 habitantes. Días de Duplicación, Log-Log Nuevos vs Total de Casos. 
INCIDENCIA y Factor de Crecimiento. Promedio de confirmados diarios últimas 15 semanas. https://t.co/LZyvVw6qqD"	https://twitter.com/jorgeluisaliaga/status/1383525410747469824	[]
jorgeluisaliaga	Sat Apr 17 20:58:55 +0000 2021	4	0	"Muestro la evolución de la cantidad de días necesarios para duplicar (x2) y para decuplicar (x10) (Total y Activos).
La cantidad de días para duplicación aumento de entre 3 y 4 a 26 y ahora está en 72. Por 10 en 240 días. https://t.co/8OnQ9xBXj7"	https://twitter.com/jorgeluisaliaga/status/1383525404388904968	[]
jorgeluisaliaga	Sat Apr 17 20:58:54 +0000 2021	5	0	"Evolución de la INCIDENCIA y del Factor de Crecimiento (ver Inf del 16/4). 
Muestro también la evolución de la tasa de variación de la cantidad de casos cada 2, 4, y 10 días (ver inf 4/4 y 5/4). También detalle desde el 20/02/21. https://t.co/3crpXKbcUx"	https://twitter.com/jorgeluisaliaga/status/1383525399112478720	[]
jorgeluisaliaga	Sat Apr 17 20:58:52 +0000 2021	3	0	Muestro en Log-Log Casos Nuevos vs Totales (promedio para cada día con los valores de los siete últimos) (si hay duda, ver inf 3/4). https://t.co/2RDsfHeLOL	https://twitter.com/jorgeluisaliaga/status/1383525392921751555	[]
jorgeluisaliaga	Sat Apr 17 20:58:51 +0000 2021	5	0	"9/1 rearmé el informe.
Total de casos según fecha de carga en escala semilogarítmica, para ver comportamiento exponencial y su velocidad.
Promedio de casos confirmados, UTI y fallecidos por fecha de carga por semana en las últimas 30 semanas. https://t.co/IWuNsv9765"	https://twitter.com/jorgeluisaliaga/status/1383525388270247937	[]
jorgeluisaliaga	Sat Apr 17 20:58:50 +0000 2021	7	0	"23 provincias con INCIDENCIA mayor a 150 casos / 100.000 en los últimos 14 días, y 23 provincias con Razón de Casos mayor a 1 (creciendo). 
Incidencia Nacional = 648 casos
Razón de Casos Nacional = 2,07
ALTO RIESGO SANITARIO https://t.co/s6Hzsn2pMS"	https://twitter.com/jorgeluisaliaga/status/1383525382243033088	[]
jorgeluisaliaga	Sat Apr 17 20:58:48 +0000 2021	43	4	"Situación COVID-19 al 17/4

Hoy 19.119 nuevos casos confirmados.
Veintiuna provincias con ""alto riesgo sanitario"".
Cierra semana 15 con 22.921 confirmados promedio diario.
Desde 21/9 nuevo formato de informe, sin detalle de tipo de caso.
La cantidad total de casos es 2.677.747. https://t.co/KrDQ3JiG2E"	https://twitter.com/jorgeluisaliaga/status/1383525373976084490	[]
jorgeluisaliaga	Sat Apr 17 20:38:33 +0000 2021	19	0	"@rquiroga777 @periodistan_ Una de las cosas que se queja mucho @jljcolorado es de las limitaciones en España a realizar actividades al aire libre, porque justamente dice que con cuidados son las de menor riesgo.
Me parece que el punto es que todo tiene que ser una tortura."	https://twitter.com/jorgeluisaliaga/status/1383520277179494407	[]
jorgeluisaliaga	Sat Apr 17 15:34:54 +0000 2021	588	302	Al aire libre, si estoy a poca distancia, ¿puedo respirar el aire que exhaló otra persona? https://t.co/Mx9gSVBDrT	https://twitter.com/jorgeluisaliaga/status/1383443860085297164	[]
jorgeluisaliaga	Sat Apr 17 03:26:25 +0000 2021	6	0	@threadreaderapp unroll	https://twitter.com/jorgeluisaliaga/status/1383260534154293249	[]
jorgeluisaliaga	Sat Apr 17 03:26:16 +0000 2021	8	1	"Todos los informes e información en mi sitio

https://t.co/OOPfZIB7et

La Tabla de datos informados por @msalnacion los puse en:

https://t.co/A6X5GTD4No"	https://twitter.com/jorgeluisaliaga/status/1383260496351006722	[]
jorgeluisaliaga	Sat Apr 17 03:26:15 +0000 2021	2	2	Casos confirmados por rango etario en CABA y PBA con detalle de edades escolares. https://t.co/NwlwwjINlY	https://twitter.com/jorgeluisaliaga/status/1383260493075255301	[]
jorgeluisaliaga	Sat Apr 17 03:26:14 +0000 2021	2	1	"Edad promedio de confirmados y de mayores de 70 años por semana de inicio de síntoma.
Cantidad de fallecidos y su edad media, y fallecidos mayores de 70 años por semana de inicio de síntoma. https://t.co/JKHhLjT3xT"	https://twitter.com/jorgeluisaliaga/status/1383260484959232002	[]
jorgeluisaliaga	Sat Apr 17 03:26:12 +0000 2021	0	0	"Fallecidos cargados demorados:
3 de OCTUBRE Santiago del Estero
5 de DICIEMBRE Corrientes
3 de ENERO (2 Tucumán, Catamarca)
6 de FEBRERO (3 Corrientes, 2 Tucumán, Neuquén)"	https://twitter.com/jorgeluisaliaga/status/1383260479615750151	[]
jorgeluisaliaga	Sat Apr 17 03:26:12 +0000 2021	0	0	"De los 160 informados como fallecidos, 29 fallecieron hace más de 13 días.

El caso 10240968 cargado en Buenos Aires el 12/4/2021 fue reclasificado.

Se muestra días entre inicio de síntoma y fallecimiento, largas internaciones. https://t.co/wVgml461aq"	https://twitter.com/jorgeluisaliaga/status/1383260477430517765	[]
jorgeluisaliaga	Sat Apr 17 03:26:10 +0000 2021	0	0	"Confirmados y sospechosos por fecha de apertura en TOTAL, CABA y PBA.
Testeo y positividad por semana de apertura. https://t.co/cLoIJbQDbf"	https://twitter.com/jorgeluisaliaga/status/1383260472023998464	[]
jorgeluisaliaga	Sat Apr 17 03:26:09 +0000 2021	0	0	Detalles de Tests Confirmados, Descartados y Sospechosos según residencia en PBA y CABA por semana, con detalles según lugar de carga y sector público o privado. Amarillo es lo pendiente. https://t.co/mSfx2brVV6	https://twitter.com/jorgeluisaliaga/status/1383260465929748481	[]
jorgeluisaliaga	Sat Apr 17 03:26:08 +0000 2021	0	0	"Ya se hicieron 8.015.383 Tests de diagnóstico (error +/- 10 tests), 30,1% de positividad.
Hoy 81.430, 32,7% la positividad. 
Cuando teníamos 10% de positividad (10/5) había 250-300 casos por día. https://t.co/pvoD6Zimfm"	https://twitter.com/jorgeluisaliaga/status/1383260460758171650	[]
jorgeluisaliaga	Sat Apr 17 03:26:07 +0000 2021	0	0	"Los casos ordenados por fecha de síntoma, promediada cada día los últimos 7 en lineal y semi-log (ver inf 24/7). Y Por millón de habitantes.
Hasta ahora las amarillas ""predicen"" lo que van a hacer las curvas x síntoma cuando entren casos de esas fechas, atención la suba. https://t.co/dHhibcZkEb"	https://twitter.com/jorgeluisaliaga/status/1383260455724929025	[]
jorgeluisaliaga	Sat Apr 17 03:26:05 +0000 2021	1	1	"Sitios con datos / figuras

Gran info regional: Soledad Retamar @sole_reta 

https://t.co/LLv9J5mYIO

Rodrigo Castro @RodrigoD_Castro

https://t.co/9etT4G6ipN"	https://twitter.com/jorgeluisaliaga/status/1383260448644952067	[]
jorgeluisaliaga	Sat Apr 17 03:26:04 +0000 2021	2	0	"Hilos recomendados:

Semáforo: Martin Barrionuevo @mmbarrionuevo 

https://t.co/zviqZUBR60

Rio Negro+Neuquen: Clari Cardozo Castro @ClariCardozoCas 

Diseño @TotinFraire Elaboración @Fedwr 

https://t.co/V9t2Ap0wI7"	https://twitter.com/jorgeluisaliaga/status/1383260446468186113	[]
jorgeluisaliaga	Sat Apr 17 00:04:09 +0000 2021	73	5	Recién recibido. Gracias @DanielFeiers . Lectura para los próximos días. Y pedido de autógrafo para cuando vuelva la normalidad. https://t.co/r4Vbu6qMu3	https://twitter.com/jorgeluisaliaga/status/1383209632399757319	[]
jorgeluisaliaga	Fri Apr 16 23:30:00 +0000 2021	0	0	"@helenmoli En la base está separado por edad de cada uno, en menores de 1 año incluso por mes. 
Y está el campo UTI. Pero MinSal dice que esa campo no es confiable porque no se actualiza bien por los efectores."	https://twitter.com/jorgeluisaliaga/status/1383201038824574977	[]
jorgeluisaliaga	Fri Apr 16 23:27:29 +0000 2021	1	0	"@FILIAUGUSTOARG @luciasobrino En general de 15 hs a 15 hs. La hora está en la caputura de los partes diarios.

https://t.co/V8O10w2yzo"	https://twitter.com/jorgeluisaliaga/status/1383200405711097856	[]
jorgeluisaliaga	Fri Apr 16 23:26:16 +0000 2021	0	0	@VarelaSafi @Fedwr Hay que esperar que actualice la base para ver fechas de fallecimiento.	https://twitter.com/jorgeluisaliaga/status/1383200099250098178	[]
jorgeluisaliaga	Fri Apr 16 23:24:49 +0000 2021	0	0	"@Andy_PD @alfedez Es importante ver el testeo de CABA separado entre efectores públicos y privados, porque los privados siguen el protocolo usual según casos sospechoso. El público es una mezcla entre esos y sectoriales que al no separarlos confunde.
Igual, no quiero convencerte de nada. https://t.co/0jYN5JSrC1"	https://twitter.com/jorgeluisaliaga/status/1383199733867540480	[]
jorgeluisaliaga	Fri Apr 16 23:21:42 +0000 2021	0	0	@Andy_PD @alfedez Creo que esa suposición no se sostiene. No se testean niños y niñas sin síntomas. Y pocos los tienen.	https://twitter.com/jorgeluisaliaga/status/1383198948001734656	[]
jorgeluisaliaga	Fri Apr 16 23:19:55 +0000 2021	0	0	@Andy_PD @alfedez OJO, los gráficos son x FIS, así que descontá lo que sumaste de fechas	https://twitter.com/jorgeluisaliaga/status/1383198499857174531	[]
jorgeluisaliaga	Fri Apr 16 23:17:58 +0000 2021	1	0	@Carlos_Stortz desde ya.	https://twitter.com/jorgeluisaliaga/status/1383198007651409923	[]
jorgeluisaliaga	Fri Apr 16 23:17:38 +0000 2021	2	0	@Mati13014195 @LeonardoNOEL Es difícil de saber, porque depende de cuando carga cada efector. Si lo hace al cierre de la jornada laboral puede afectar. Si lo hace a la mañana, no. Como la carga está distribuida, difícil de ponderar. Sólo aviso que no es completamente comparable a los otros días.	https://twitter.com/jorgeluisaliaga/status/1383197924411240451	[]
jorgeluisaliaga	Fri Apr 16 23:14:56 +0000 2021	1	0	@seba_pacilio @ernestorr @norabar @mmbarrionuevo Hay más casos, en AMBA duplican los nuevos cada 12 días, movilidad casi normal, ya suben los muertos, subió la positividad. No veo ningún indicador tranquilizador, https://t.co/w6fUJKL0pb	https://twitter.com/jorgeluisaliaga/status/1383197246741700609	[]
jorgeluisaliaga	Fri Apr 16 23:08:13 +0000 2021	278	142	"Me imagino la cara de los que se oponen a medidas drásticas y marcan las diferencias con Chile y Uruguay.

https://t.co/vygmfzktuy"	https://twitter.com/jorgeluisaliaga/status/1383195556835627014	[]
jorgeluisaliaga	Fri Apr 16 21:39:38 +0000 2021	8	1	"A partir del 5/2/21 saco el informe en dos partes, la primera cuando sale el parte diario y el complemento cuando se actualiza la base de datos, después de las 21:30.

FIN PRIMERA PARTE."	https://twitter.com/jorgeluisaliaga/status/1383173262037901315	[]
jorgeluisaliaga	Fri Apr 16 21:39:37 +0000 2021	6	1	"Hoy se llegó a 59.084 (+159) personas fallecidas. 
Se reportaron 2.324.107 (+23875) personas recuperadas (87,4%). 
3971 (+71) en Terapia. 
Distintos estados de casos en escala semi-logaritmica. 
Lineal muertos y UTI para ver fácil subas. https://t.co/9jn1DMeU8Y"	https://twitter.com/jorgeluisaliaga/status/1383173259898806274	[]
jorgeluisaliaga	Fri Apr 16 21:39:36 +0000 2021	0	1	Avance de la Vacunación por sector, por edad y marca de vacuna, por provincia y grupo etario y por provincia y sector. https://t.co/JqOM18xzm9	https://twitter.com/jorgeluisaliaga/status/1383173254785949697	[]
jorgeluisaliaga	Fri Apr 16 21:39:35 +0000 2021	2	1	Evolución de la vacunación en todo el país, CABA y PBA. Porcentaje de vacunas aplicadas en relación con las distribuidas. https://t.co/OOB2HK64It	https://twitter.com/jorgeluisaliaga/status/1383173248976834563	[]
jorgeluisaliaga	Fri Apr 16 21:39:33 +0000 2021	1	1	Avance de la Vacunación por provincia según datos cargado hasta hoy a las 6 AM de &gt;&gt; https://t.co/bBb2CUzoT6 y https://t.co/TNJm7ZPDNK https://t.co/2r4CnvQ5TN	https://twitter.com/jorgeluisaliaga/status/1383173241716494336	[]
jorgeluisaliaga	Fri Apr 16 21:39:32 +0000 2021	0	1	"Muestro ajuste.  Uso el crecimiento exponencial con que se ajustaban los datos al 25/3 para una logística, más adecuado en esta etapa de la epidemia, que explico en detalle en este documento (estimo infectados asumiendo un 70% de asintomáticos): 

https://t.co/xDGEjpspvW https://t.co/Atzn7gnspp"	https://twitter.com/jorgeluisaliaga/status/1383173236553289731	[]
jorgeluisaliaga	Fri Apr 16 21:39:31 +0000 2021	1	1	"Fallecidos por millón de habitantes por provincia.
Detalle de fecha del último caso de cada provincia. Todas las provincias activas. 
También muestro cantidad de días sin casos por provincia y provincias con casos y casos durante la epidemia. https://t.co/aucvyrV42q"	https://twitter.com/jorgeluisaliaga/status/1383173231696359425	[]
jorgeluisaliaga	Fri Apr 16 21:39:29 +0000 2021	3	2	"Para los que les sirva, muestro datos más simples de leer de distribución de casos confirmados y muertos, y casos confirmados y muertos por millón de habitantes, por provincia.
También una página interactiva.

https://t.co/UoryUFDQ2D
-------------------------- https://t.co/O19iDZOgxc"	https://twitter.com/jorgeluisaliaga/status/1383173226411474947	[]
jorgeluisaliaga	Fri Apr 16 21:39:28 +0000 2021	2	1	"Neuquén, Rio Negro, Chubut, Santa Cruz
Casos Diarios, Prom últimos 7 días, SUMA de últimos 14 días / 100.000 habitantes. Días de Duplicación, Log-Log Nuevos vs Total de Casos. 
INCIDENCIA y Factor de Crecimiento. Promedio de confirmados diarios últimas 15 semanas. https://t.co/wnElrqkdXc"	https://twitter.com/jorgeluisaliaga/status/1383173220883439618	[]
jorgeluisaliaga	Fri Apr 16 21:39:27 +0000 2021	1	1	"La Rioja, San Juan, San Luis, Mendoza
Casos Diarios, Prom últimos 7 días, SUMA de últimos 14 días / 100.000 habitantes. Días de Duplicación, Log-Log Nuevos vs Total de Casos. 
INCIDENCIA y Factor de Crecimiento. Promedio de confirmados diarios últimas 15 semanas. https://t.co/2LhjovYxvs"	https://twitter.com/jorgeluisaliaga/status/1383173215661490185	[]
jorgeluisaliaga	Fri Apr 16 21:39:25 +0000 2021	1	1	"Jujuy, Salta, Tucumán, Catamarca 
Casos Diarios, Prom últimos 7 días, SUMA de últimos 14 días / 100.000 habitantes. Días de Duplicación, Log-Log Nuevos vs Total de Casos. 
INCIDENCIA y Factor de Crecimiento. Promedio de confirmados diarios últimas 15 semanas. https://t.co/PyopA1B3QU"	https://twitter.com/jorgeluisaliaga/status/1383173207553822720	[]
jorgeluisaliaga	Fri Apr 16 21:39:24 +0000 2021	1	1	"Entre Ríos, Corrientes, Misiones, Formosa
Casos Diarios, Prom últimos 7 días, SUMA de últimos 14 días / 100.000 habitantes. Días de Duplicación, Log-Log Nuevos vs Total de Casos. 
INCIDENCIA y Factor de Crecimiento. Promedio de confirmados diarios últimas 15 semanas. https://t.co/g0vJW0BiZi"	https://twitter.com/jorgeluisaliaga/status/1383173202139054085	[]
jorgeluisaliaga	Fri Apr 16 21:39:22 +0000 2021	1	1	"Santa Fé, Córdoba, Chaco, Santiago del Estero
Casos Diarios, Prom últimos 7 días, SUMA de últimos 14 días / 100.000 habitantes. Días de Duplicación, Log-Log Nuevos vs Total de Casos. 
INCIDENCIA y Factor de Crecimiento. Promedio de confirmados diarios últimas 15 semanas. https://t.co/FQiOENVshV"	https://twitter.com/jorgeluisaliaga/status/1383173196476772352	[]
jorgeluisaliaga	Fri Apr 16 21:39:21 +0000 2021	3	2	"CABA, PBA, La Pampa, Tierra del Fuego 
Casos Diarios, Prom últimos 7 días, SUMA de últimos 14 días / 100.000 habitantes. Días de Duplicación, Log-Log Nuevos vs Total de Casos. 
INCIDENCIA y Factor de Crecimiento. Promedio de confirmados diarios últimas 15 semanas. https://t.co/tcNpJXerZQ"	https://twitter.com/jorgeluisaliaga/status/1383173191091245060	[]
jorgeluisaliaga	Fri Apr 16 21:39:20 +0000 2021	1	0	"Muestro la evolución de la cantidad de días necesarios para duplicar (x2) y para decuplicar (x10) (Total y Activos).
La cantidad de días para duplicación aumento de entre 3 y 4 a 26 y ahora está en 75. Por 10 en 249 días. https://t.co/A1XaHD8A4V"	https://twitter.com/jorgeluisaliaga/status/1383173186062274571	[]
jorgeluisaliaga	Fri Apr 16 21:39:19 +0000 2021	0	0	"Evolución de la INCIDENCIA y del Factor de Crecimiento (ver Inf del 16/4). 
Muestro también la evolución de la tasa de variación de la cantidad de casos cada 2, 4, y 10 días (ver inf 4/4 y 5/4). También detalle desde el 20/02/21. https://t.co/Vi1PYGwCpw"	https://twitter.com/jorgeluisaliaga/status/1383173181956034564	[]
jorgeluisaliaga	Fri Apr 16 21:39:18 +0000 2021	0	0	Muestro en Log-Log Casos Nuevos vs Totales (promedio para cada día con los valores de los siete últimos) (si hay duda, ver inf 3/4). https://t.co/ii5t3UgPyt	https://twitter.com/jorgeluisaliaga/status/1383173177271054341	[]
jorgeluisaliaga	Fri Apr 16 21:39:17 +0000 2021	0	0	"9/1 rearmé el informe.
Total de casos según fecha de carga en escala semilogarítmica, para ver comportamiento exponencial y su velocidad.
Promedio de casos confirmados, UTI y fallecidos por fecha de carga por semana en las últimas 30 semanas. https://t.co/j8oXrNjed1"	https://twitter.com/jorgeluisaliaga/status/1383173172967661569	[]
jorgeluisaliaga	Fri Apr 16 21:39:16 +0000 2021	1	1	"22 provincias con INCIDENCIA mayor a 150 casos / 100.000 en los últimos 14 días, y 23 provincias con Razón de Casos mayor a 1 (creciendo). 
Incidencia Nacional = 629 casos
Razón de Casos Nacional = 2,07
ALTO RIESGO SANITARIO https://t.co/bEOHdA7zNM"	https://twitter.com/jorgeluisaliaga/status/1383173167984824323	[]
jorgeluisaliaga	Fri Apr 16 21:39:14 +0000 2021	59	21	"Situación COVID-19 al 16/4

Hoy 29.472 nuevos casos confirmados.
Veintiuna provincias con ""alto riesgo sanitario"".
Cuidado, hoy 1:30 hs más de carga que ayer.
Desde 21/9 nuevo formato de informe, sin detalle de tipo de caso.
La cantidad total de casos es 2.629.156. https://t.co/XfeHxiCnXR"	https://twitter.com/jorgeluisaliaga/status/1383173162653859842	[]
jorgeluisaliaga	Fri Apr 16 21:17:31 +0000 2021	185	35	OJO con la comparación de los casos de hoy, cerró 17:42, hora y media mas de carga que ayer.	https://twitter.com/jorgeluisaliaga/status/1383167697165418504	[]
jorgeluisaliaga	Fri Apr 16 21:09:30 +0000 2021	0	0	"@seba_pacilio @ernestorr @norabar @mmbarrionuevo En todo el mundo se sabe que los menores están subcontados porque la mayoría son asintomáticos. 
Y los que defienden que no hay aumento de casos por presencialidad argumentan que son los mismos casos que antes, pero que ahora los ves porque van a la escuela."	https://twitter.com/jorgeluisaliaga/status/1383165681009627138	[]
jorgeluisaliaga	Fri Apr 16 21:07:58 +0000 2021	0	0	@IsabelIrurzun Todas las noches ya venía publicando este https://t.co/8fsIczONWY	https://twitter.com/jorgeluisaliaga/status/1383165291631419392	[]
jorgeluisaliaga	Fri Apr 16 19:14:38 +0000 2021	107	55	"Casos confirmados en el País, CABA y PBA por semana durante 2021 comparado con la semana 1/21 por rango etario: 0-17, 18-59, mayores de 60.
Y comparación País, CABA y PBA de rango etario 0-17 https://t.co/CeTCdlSh4r"	https://twitter.com/jorgeluisaliaga/status/1383136773707038720	[]
jorgeluisaliaga	Fri Apr 16 17:42:27 +0000 2021	15	1	"Estamos en el aire
Nota sobre Ventilación de Nadia Luna @NadiaLuna88 para @ElGatoyLaCaja 

https://t.co/9XWiJqupsh"	https://twitter.com/jorgeluisaliaga/status/1383113574936162304	[]
jorgeluisaliaga	Fri Apr 16 16:23:39 +0000 2021	0	0	@Jorge34458781 Gracias. Yo no tengo datos de movilidad segmentada por edades. A lo mejor Transporte tiene algo de las SUBE nominalizadas, pero deben ser minoría.	https://twitter.com/jorgeluisaliaga/status/1383093741360189443	[]
jorgeluisaliaga	Fri Apr 16 16:21:38 +0000 2021	3	0	"@microagencia @CapibaraLoco Igual, ojo. 
La duplicación es el coeficiente del crecimiento exponencial. Y en principio también el de su derivada. Debería ser igual la duplicación del total de casos que de los diarios. Pero es no pasa hasta que la tendencia se estabiliza.
Duplic diarios está en 20, en CABA 12 https://t.co/S0Ik16MsGL"	https://twitter.com/jorgeluisaliaga/status/1383093236529516545	[]
jorgeluisaliaga	Fri Apr 16 15:39:17 +0000 2021	1	0	"@yogabitago Es muy difícil generar conciencia. Honestamente, no se cómo evitar que se junten aún si no hay clases. Lo que si baja es la movilidad de las personas, que hoy es casi ""normal"" https://t.co/HW2iugq4sy"	https://twitter.com/jorgeluisaliaga/status/1383082577389613060	[]
jorgeluisaliaga	Fri Apr 16 15:34:27 +0000 2021	2	0	@microagencia @CapibaraLoco Algo así? https://t.co/4sTYj63FkM	https://twitter.com/jorgeluisaliaga/status/1383081359518937090	[]
jorgeluisaliaga	Fri Apr 16 15:30:13 +0000 2021	2	0	"@EGuidones Hola!
Yo no vendo. Puse cómo hacerlos (instrucciones, código y software) de manera libre &gt;&gt; https://t.co/rSVjw8K2a7

Dentro de la Campaña VentilAr, @ciencia_ar puso lista de fabricantes &gt;&gt; https://t.co/0pVpWmoC1O

Para consultas con @unahurlingham &gt;&gt; airenuevo@unahur.edu.ar"	https://twitter.com/jorgeluisaliaga/status/1383080297407918091	[]
jorgeluisaliaga	Fri Apr 16 14:12:17 +0000 2021	90	36	"Parece que sube la movilidad en CABA y suben los casos. En Julio 2020 se bajó la movilidad, un poco, por 15 días y los casos tuvieron una pequeña baja. Con movilidad plena en diciembre y marzo, subas. 
Modulemos con la temperatura (menos ventilación).
No parece tan raro, ¿no? https://t.co/ytzkx3eTsR"	https://twitter.com/jorgeluisaliaga/status/1383060681008803844	[]
jorgeluisaliaga	Fri Apr 16 12:18:57 +0000 2021	78	69	"¿Convivís con una persona con un diagnóstico positivo de Covid-19 en las últimas 48 hs?
¿Sos menor de 65 y vivís en CABA?
@FundHuesped @leandrocahn

Este estudio es para vos: https://t.co/afvSnL3GwB https://t.co/qt7nIENn5O"	https://twitter.com/jorgeluisaliaga/status/1383032163289956354	[]
jorgeluisaliaga	Fri Apr 16 11:33:40 +0000 2021	9	2	"El vertiginoso giro del “siga siga” al modo Cruz Roja
Panorama semanal de Alejandro Bercovich @aleberco 

https://t.co/ylLU12IRIK"	https://twitter.com/jorgeluisaliaga/status/1383020765516341249	[]
jorgeluisaliaga	Fri Apr 16 10:54:41 +0000 2021	1	0	"#BO
Establécese un período de implementación y prueba de DOS (2) años a fin de poner en funcionamiento el Sistema de Cámaras a bordo de Buques Pesqueros

https://t.co/z0HWRNqanb"	https://twitter.com/jorgeluisaliaga/status/1383010956213686273	[{'text': 'BO', 'indices': [0, 3]}]
jorgeluisaliaga	Fri Apr 16 10:54:41 +0000 2021	0	0	"#BO
Apruébanse las “Normas Generales del Sistema de Sociedades de Garantías Recíprocas”

https://t.co/zmfM0aqUKQ"	https://twitter.com/jorgeluisaliaga/status/1383010954942816261	[{'text': 'BO', 'indices': [0, 3]}]
jorgeluisaliaga	Fri Apr 16 10:54:41 +0000 2021	0	0	"#BO
Modifíquese el COMITÉ ASESOR EN BIOINSUMOS DE USO AGROPECUARIO (CABUA) 

https://t.co/wxT8jx9ukw"	https://twitter.com/jorgeluisaliaga/status/1383010953671929857	[{'text': 'BO', 'indices': [0, 3]}]
jorgeluisaliaga	Fri Apr 16 10:54:40 +0000 2021	0	0	"#BO
Autorízase a los licenciatarios del servicio de comunicación audiovisual de televisión por suscripción satelital, el cobro de un cargo específico de PESOS CINCUENTA Y TRES ($53)

https://t.co/OdUpuqNoK3"	https://twitter.com/jorgeluisaliaga/status/1383010952262606850	[{'text': 'BO', 'indices': [0, 3]}]
jorgeluisaliaga	Fri Apr 16 10:54:40 +0000 2021	6	3	"#BO
DNU 241/2021
MEDIDAS GENERALES DE PREVENCIÓN - Decreto N° 235/2021. Modificación.

https://t.co/AJ4FRL28Aw"	https://twitter.com/jorgeluisaliaga/status/1383010950899511296	[{'text': 'BO', 'indices': [0, 3]}]
jorgeluisaliaga	Fri Apr 16 10:53:34 +0000 2021	336	99	"Y después nadie sabe porqué suben los casos.
Distancia de 2 metros y tapabocas la mayor cantidad de tiempo posible. https://t.co/r1uroxXVW2"	https://twitter.com/jorgeluisaliaga/status/1383010672343183363	[]
jorgeluisaliaga	Fri Apr 16 01:56:20 +0000 2021	2	0	@threadreaderapp unroll	https://twitter.com/jorgeluisaliaga/status/1382875476969062409	[]
jorgeluisaliaga	Fri Apr 16 01:53:55 +0000 2021	6	1	"Todos los informes e información en mi sitio

https://t.co/OOPfZIjwmV

La Tabla de datos informados por @msalnacion los puse en:

https://t.co/A6X5GTltVQ"	https://twitter.com/jorgeluisaliaga/status/1382874868954365952	[]
jorgeluisaliaga	Fri Apr 16 01:53:55 +0000 2021	7	1	Casos confirmados por rango etario en CABA y PBA con detalle de edades escolares. https://t.co/teWTOXBJ1g	https://twitter.com/jorgeluisaliaga/status/1382874866156769282	[]
jorgeluisaliaga	Fri Apr 16 01:53:53 +0000 2021	3	0	"Edad promedio de confirmados y de mayores de 70 años por semana de inicio de síntoma.
Cantidad de fallecidos y su edad media, y fallecidos mayores de 70 años por semana de inicio de síntoma. https://t.co/WYqZZt0kJr"	https://twitter.com/jorgeluisaliaga/status/1382874860385415170	[]
jorgeluisaliaga	Fri Apr 16 01:53:52 +0000 2021	3	0	Mas allá de lo que se carga cada día, el aumento de fallecidos cargados estos días corresponden a un aumento relacionado con el aumento de casos reciente. https://t.co/DizPSgpx8i	https://twitter.com/jorgeluisaliaga/status/1382874854303600645	[]
jorgeluisaliaga	Fri Apr 16 01:53:51 +0000 2021	1	1	"Fallecidos cargados demorados hoy:
1 de SEPTIEMBRE Santa Fe
3 de OCTUBRE (2 Entre Ríos, Santa Fe)
1 de DICIEMBRE Corrientes
8 de ENERO (7 Tucumán, Santa Fe)
2 de FEBRERO (Río Negro, Corrientes)"	https://twitter.com/jorgeluisaliaga/status/1382874850423939074	[]
jorgeluisaliaga	Fri Apr 16 01:53:51 +0000 2021	1	1	"De los 383 informados como fallecidos, 32 fallecieron hace más de 12 días.

Se muestra días entre inicio de síntoma y fallecimiento, largas internaciones. https://t.co/zAEepU3SwL"	https://twitter.com/jorgeluisaliaga/status/1382874848490360832	[]
jorgeluisaliaga	Fri Apr 16 01:53:50 +0000 2021	2	0	"Confirmados y sospechosos por fecha de apertura en TOTAL, CABA y PBA.
Testeo y positividad por semana de apertura. https://t.co/JyPwdZnBzb"	https://twitter.com/jorgeluisaliaga/status/1382874843935293444	[]
jorgeluisaliaga	Fri Apr 16 01:53:48 +0000 2021	1	0	Detalles de Tests Confirmados, Descartados y Sospechosos según residencia en PBA y CABA por semana, con detalles según lugar de carga y sector público o privado. Amarillo es lo pendiente. https://t.co/FOlFnanT1e	https://twitter.com/jorgeluisaliaga/status/1382874838596005891	[]
jorgeluisaliaga	Fri Apr 16 01:53:47 +0000 2021	1	0	"Ya se hicieron 7.933.953 Tests de diagnóstico (error +/- 10 tests), 30,1% de positividad.
Hoy, desde mediodía, 28.297, 44,6% la positividad. 
Cuando teníamos 10% de positividad (10/5) había 250-300 casos por día. https://t.co/bUfXRaPuLU"	https://twitter.com/jorgeluisaliaga/status/1382874833227292677	[]
jorgeluisaliaga	Fri Apr 16 01:53:46 +0000 2021	1	0	"Los casos ordenados por fecha de síntoma, promediada cada día los últimos 7 en lineal y semi-log (ver inf 24/7). Y Por millón de habitantes.
Hasta ahora las amarillas ""predicen"" lo que van a hacer las curvas x síntoma cuando entren casos de esas fechas, atención la suba. https://t.co/xYMBPW9BLj"	https://twitter.com/jorgeluisaliaga/status/1382874828030509057	[]
jorgeluisaliaga	Fri Apr 16 01:53:44 +0000 2021	1	0	"Sitios con datos / figuras

Gran info regional: Soledad Retamar @sole_reta 

https://t.co/LLv9J5EA7o

Rodrigo Castro @RodrigoD_Castro

https://t.co/9etT4FOHyf"	https://twitter.com/jorgeluisaliaga/status/1382874822036832257	[]
jorgeluisaliaga	Fri Apr 16 01:53:44 +0000 2021	3	1	"Hilos recomendados:

Semáforo: Martin Barrionuevo @mmbarrionuevo 

https://t.co/SeiEH54Dro

Rio Negro+Neuquen: Clari Cardozo Castro @ClariCardozoCas 

Diseño @TotinFraire Elaboración @Fedwr 

https://t.co/d1KoR3ozoE"	https://twitter.com/jorgeluisaliaga/status/1382874820111708163	[]
jorgeluisaliaga	Thu Apr 15 20:36:25 +0000 2021	11	0	"A partir del 5/2/21 saco el informe en dos partes, la primera cuando sale el parte diario y el complemento cuando se actualiza la base de datos, después de las 21:30.

FIN PRIMERA PARTE."	https://twitter.com/jorgeluisaliaga/status/1382794966439759872	[]
jorgeluisaliaga	Thu Apr 15 20:36:25 +0000 2021	9	3	"Hoy se llegó a 58.925 (+383) personas fallecidas. 
Se reportaron 2.300.232 (+21746) personas recuperadas (87,5%). 
3900 (+21) en Terapia. 
Distintos estados de casos en escala semi-logaritmica. 
Lineal muertos y UTI para ver fácil subas. https://t.co/landp8oHuV"	https://twitter.com/jorgeluisaliaga/status/1382794964434829313	[]
jorgeluisaliaga	Thu Apr 15 20:36:23 +0000 2021	3	1	Avance de la Vacunación por sector, por edad y marca de vacuna, por provincia y grupo etario y por provincia y sector. https://t.co/H9bOeISqWX	https://twitter.com/jorgeluisaliaga/status/1382794958814466051	[]
jorgeluisaliaga	Thu Apr 15 20:36:22 +0000 2021	3	1	Evolución de la vacunación en todo el país, CABA y PBA. Porcentaje de vacunas aplicadas en relación con las distribuidas. https://t.co/s3IMFk9Cwf	https://twitter.com/jorgeluisaliaga/status/1382794952825057281	[]
jorgeluisaliaga	Thu Apr 15 20:36:21 +0000 2021	2	0	Avance de la Vacunación por provincia según datos cargado hasta hoy a las 6 AM de &gt;&gt; https://t.co/bBb2CUzoT6 y https://t.co/TNJm7ZPDNK https://t.co/kyHVIlLLJS	https://twitter.com/jorgeluisaliaga/status/1382794947104022530	[]
jorgeluisaliaga	Thu Apr 15 20:36:19 +0000 2021	2	1	"Muestro ajuste.  Uso el crecimiento exponencial con que se ajustaban los datos al 25/3 para una logística, más adecuado en esta etapa de la epidemia, que explico en detalle en este documento (estimo infectados asumiendo un 70% de asintomáticos): 

https://t.co/xDGEjpK0nu https://t.co/BAsOHIV1s7"	https://twitter.com/jorgeluisaliaga/status/1382794941609365505	[]
jorgeluisaliaga	Thu Apr 15 20:36:18 +0000 2021	2	0	"Fallecidos por millón de habitantes por provincia.
Detalle de fecha del último caso de cada provincia. Todas las provincias activas. 
También muestro cantidad de días sin casos por provincia y provincias con casos y casos durante la epidemia. https://t.co/rlHDXJ6fZ5"	https://twitter.com/jorgeluisaliaga/status/1382794936546910210	[]
jorgeluisaliaga	Thu Apr 15 20:36:17 +0000 2021	5	0	"Para los que les sirva, muestro datos más simples de leer de distribución de casos confirmados y muertos, y casos confirmados y muertos por millón de habitantes, por provincia.
También una página interactiva.

https://t.co/UoryUFDQ2D
-------------------------- https://t.co/5sZx1OL4Mk"	https://twitter.com/jorgeluisaliaga/status/1382794931815784452	[]
jorgeluisaliaga	Thu Apr 15 20:36:16 +0000 2021	4	1	"Neuquén, Rio Negro, Chubut, Santa Cruz
Casos Diarios, Prom últimos 7 días, SUMA de últimos 14 días / 100.000 habitantes. Días de Duplicación, Log-Log Nuevos vs Total de Casos. 
INCIDENCIA y Factor de Crecimiento. Promedio de confirmados diarios últimas 15 semanas. https://t.co/1FT1g0WGzC"	https://twitter.com/jorgeluisaliaga/status/1382794926191214595	[]
jorgeluisaliaga	Thu Apr 15 20:36:14 +0000 2021	2	0	"La Rioja, San Juan, San Luis, Mendoza
Casos Diarios, Prom últimos 7 días, SUMA de últimos 14 días / 100.000 habitantes. Días de Duplicación, Log-Log Nuevos vs Total de Casos. 
INCIDENCIA y Factor de Crecimiento. Promedio de confirmados diarios últimas 15 semanas. https://t.co/cCb8NliJLp"	https://twitter.com/jorgeluisaliaga/status/1382794920981897228	[]
jorgeluisaliaga	Thu Apr 15 20:36:13 +0000 2021	3	0	"Jujuy, Salta, Tucumán, Catamarca 
Casos Diarios, Prom últimos 7 días, SUMA de últimos 14 días / 100.000 habitantes. Días de Duplicación, Log-Log Nuevos vs Total de Casos. 
INCIDENCIA y Factor de Crecimiento. Promedio de confirmados diarios últimas 15 semanas. https://t.co/LF29FCiKrn"	https://twitter.com/jorgeluisaliaga/status/1382794915734827014	[]
jorgeluisaliaga	Thu Apr 15 20:36:12 +0000 2021	4	0	"Entre Ríos, Corrientes, Misiones, Formosa
Casos Diarios, Prom últimos 7 días, SUMA de últimos 14 días / 100.000 habitantes. Días de Duplicación, Log-Log Nuevos vs Total de Casos. 
INCIDENCIA y Factor de Crecimiento. Promedio de confirmados diarios últimas 15 semanas. https://t.co/l3zsMVRbAA"	https://twitter.com/jorgeluisaliaga/status/1382794909917282306	[]
jorgeluisaliaga	Thu Apr 15 20:36:10 +0000 2021	3	1	"Santa Fé, Córdoba, Chaco, Santiago del Estero
Casos Diarios, Prom últimos 7 días, SUMA de últimos 14 días / 100.000 habitantes. Días de Duplicación, Log-Log Nuevos vs Total de Casos. 
INCIDENCIA y Factor de Crecimiento. Promedio de confirmados diarios últimas 15 semanas. https://t.co/6eM5VCRy3B"	https://twitter.com/jorgeluisaliaga/status/1382794903743311872	[]
jorgeluisaliaga	Thu Apr 15 20:36:09 +0000 2021	3	0	"CABA, PBA, La Pampa, Tierra del Fuego 
Casos Diarios, Prom últimos 7 días, SUMA de últimos 14 días / 100.000 habitantes. Días de Duplicación, Log-Log Nuevos vs Total de Casos. 
INCIDENCIA y Factor de Crecimiento. Promedio de confirmados diarios últimas 15 semanas. https://t.co/SxefK6HkqM"	https://twitter.com/jorgeluisaliaga/status/1382794898122928128	[]
jorgeluisaliaga	Thu Apr 15 20:36:08 +0000 2021	3	0	"Muestro la evolución de la cantidad de días necesarios para duplicar (x2) y para decuplicar (x10) (Total y Activos).
La cantidad de días para duplicación aumento de entre 3 y 4 a 26 y ahora está en 81. Por 10 en 269 días. https://t.co/4sI4xjIVQO"	https://twitter.com/jorgeluisaliaga/status/1382794892938739720	[]
jorgeluisaliaga	Thu Apr 15 20:36:07 +0000 2021	4	0	"Evolución de la INCIDENCIA y del Factor de Crecimiento (ver Inf del 16/4). 
Muestro también la evolución de la tasa de variación de la cantidad de casos cada 2, 4, y 10 días (ver inf 4/4 y 5/4). También detalle desde el 20/02/21. https://t.co/Lw0lNHAVlU"	https://twitter.com/jorgeluisaliaga/status/1382794888689954823	[]
jorgeluisaliaga	Thu Apr 15 20:36:06 +0000 2021	3	0	Muestro en Log-Log Casos Nuevos vs Totales (promedio para cada día con los valores de los siete últimos) (si hay duda, ver inf 3/4). https://t.co/JPH6lCvXGf	https://twitter.com/jorgeluisaliaga/status/1382794884130729984	[]
jorgeluisaliaga	Thu Apr 15 20:36:05 +0000 2021	4	1	"9/1 rearmé el informe.
Total de casos según fecha de carga en escala semilogarítmica, para ver comportamiento exponencial y su velocidad.
Promedio de casos confirmados, UTI y fallecidos por fecha de carga por semana en las últimas 30 semanas. https://t.co/7duoFrMdVT"	https://twitter.com/jorgeluisaliaga/status/1382794880079048706	[]
jorgeluisaliaga	Thu Apr 15 20:36:03 +0000 2021	4	3	"22 provincias con INCIDENCIA mayor a 150 casos / 100.000 en los últimos 14 días, y 23 provincias con Razón de Casos mayor a 1 (creciendo). 
Incidencia Nacional = 586 casos
Razón de Casos Nacional = 1,95
ALTO RIESGO SANITARIO https://t.co/Lz7aSVUNUq"	https://twitter.com/jorgeluisaliaga/status/1382794874668384260	[]
jorgeluisaliaga	Thu Apr 15 20:36:02 +0000 2021	8	3	La INCIDENCIA DE CABA ES 1.127. Eso quiere decir que en un grupo de 100 personas en CABA un poco mas que UNO fue confirmado en los últimos 14 días. Varios más contagian sin saberlo porque no fueron detectados, la mayoría asintomáticos.	https://twitter.com/jorgeluisaliaga/status/1382794869937164292	[]
jorgeluisaliaga	Thu Apr 15 20:36:02 +0000 2021	47	20	"Situación COVID-19 al 15/4

Hoy 24.999 nuevos casos confirmados.
Veinte provincias con ""alto riesgo sanitario"".
+ Confirmados, + UTI, + Muertos.
Desde 21/9 nuevo formato de informe, sin detalle de tipo de caso.
La cantidad total de casos es 2.629.156. https://t.co/9KljnMnbdI"	https://twitter.com/jorgeluisaliaga/status/1382794867571576840	[]
jorgeluisaliaga	Thu Apr 15 18:29:38 +0000 2021	1	0	"@deniseheliana @laura_duri @cecidiprinzio @trottanico @carlavizzotti @mariomeoni @rquiroga777 @ernestorr @SantiOlsze @NicoOlsze El protocolo de PBA de escuelas al menos dice ""puertas y ventanas abiertas"". Esperemos que pronto sumen medición, de manera que cuando venga el frio se pueda regular la apertura de manera más eficiente."	https://twitter.com/jorgeluisaliaga/status/1382763058964140035	[]
jorgeluisaliaga	Thu Apr 15 18:26:53 +0000 2021	0	0	"@liarguero @JotaDO Muy gracioso. No dije eso. Si es lo que querés que diga, nop. Sólo que no pierdo tiempo.
¿Querés saber lo que pienso? Hoy salí por media docena de medios. Tomate el trabajo de escuchar y no chicanees más."	https://twitter.com/jorgeluisaliaga/status/1382762365867978756	[]
jorgeluisaliaga	Thu Apr 15 18:25:26 +0000 2021	3	0	@4Dgifts @rquiroga777 ok. Los chicos en general no tienen síntomas. En CABA si sos contacto estrecho te testean al día 10 si tenés síntomas. Hay trabajos que muestran a en muchos países que los contactos en menores está subcontado. https://t.co/0zIu88Lfs7	https://twitter.com/jorgeluisaliaga/status/1382762002255392768	[]
jorgeluisaliaga	Thu Apr 15 18:07:09 +0000 2021	0	1	"@lucrivan @rquiroga777 @pabloduggan @fllorenteantoni @Gatosylvestre @jljcolorado NO para prevenir contagios por aerosoles.

https://t.co/HwLRYiVFmB"	https://twitter.com/jorgeluisaliaga/status/1382757400017567747	[]
jorgeluisaliaga	Thu Apr 15 18:06:18 +0000 2021	0	0	"@liarguero @JotaDO Gracias por preocuparte por lo que tengo que hacer.
Dado que sos defensor de las libertades, deja que yo decida eso. Gracias."	https://twitter.com/jorgeluisaliaga/status/1382757188029022209	[]
jorgeluisaliaga	Thu Apr 15 18:05:01 +0000 2021	1	0	"@deniseheliana @laura_duri @cecidiprinzio @trottanico @carlavizzotti @mariomeoni @rquiroga777 @ernestorr En CABA hay 1000 casos / 100.000 hab en los últimos 14 días, con una positividad que está en 40% (sacando los testeos a grupos generales), creciendo 100% en 14 días.
¿qué cierran en lugar de escuelas? si era obvio, ¿porqué no lo hicieron antes?"	https://twitter.com/jorgeluisaliaga/status/1382756863343800323	[]
jorgeluisaliaga	Thu Apr 15 18:03:01 +0000 2021	2	0	"@deniseheliana @laura_duri @cecidiprinzio @trottanico @carlavizzotti @mariomeoni @rquiroga777 @ernestorr En algunos colegios donde llegamos con los mensajes a docentes y padres se han ocupado de la ventilación. No CABA.
Ni hablar de ventilación en transportes como SUBTES. 
Pero además, si no querés que colapse el sistema de salud hay que bajar los casos.
(sigo)"	https://twitter.com/jorgeluisaliaga/status/1382756359263948806	[]
jorgeluisaliaga	Thu Apr 15 17:59:26 +0000 2021	0	0	"@deniseheliana @laura_duri @cecidiprinzio @trottanico @carlavizzotti @mariomeoni @rquiroga777 @ernestorr a) por código de edificación un aula debe tener luz y ventilación natural. Si no los tiene no es un aula.
b) filtrado requiere control y medición. Nadie sabe cual es la ventilación de las aulas porque decidieron no medir y poner esa información pública para padres y docentes
(s)"	https://twitter.com/jorgeluisaliaga/status/1382755459975766023	[]
jorgeluisaliaga	Thu Apr 15 17:57:28 +0000 2021	0	0	"@deniseheliana @laura_duri @cecidiprinzio @trottanico @carlavizzotti @mariomeoni @rquiroga777 @ernestorr Concuerdo que en los colegios de CABA no se le dio la importancia correcta al tema ventilación. Un ex-funcionario dijo ""con abrir un poco basta"". La ministra de educación dijo ""pusimos filtros donde no hay ventilación natural""
(sigo)"	https://twitter.com/jorgeluisaliaga/status/1382754962749411330	[]
jorgeluisaliaga	Thu Apr 15 17:54:58 +0000 2021	0	0	@4Dgifts @rquiroga777 Si, están las edades. Qué te interesa? Para no taparte de cosas inútiles.	https://twitter.com/jorgeluisaliaga/status/1382754334941851653	[]
jorgeluisaliaga	Thu Apr 15 12:31:35 +0000 2021	45	15	"Todos los días se anuncian fallecidos cargados en las últimas 24 hs. 
Pero en la base de datos se puede ver cuando falleció cada persona. Las curvas son más suaves, reflejan la realidad. 
Ya se ve suba de fallecidos en AMBA consecuencia de la suba de casos. https://t.co/UBAljrQseN"	https://twitter.com/jorgeluisaliaga/status/1382672952534122497	[]
jorgeluisaliaga	Thu Apr 15 11:56:57 +0000 2021	0	0	"@dmaure17 Punto 7 de &gt;&gt; https://t.co/2E6NY5ttWX 

elaborado por @jljcolorado @aireamos"	https://twitter.com/jorgeluisaliaga/status/1382664238532071426	[]
jorgeluisaliaga	Thu Apr 15 11:55:31 +0000 2021	2	0	"@CuestaArribo @lucky_loli Las y los miembros de @RAdPC 

https://t.co/tHzZghxMqa"	https://twitter.com/jorgeluisaliaga/status/1382663878698545158	[]
jorgeluisaliaga	Thu Apr 15 02:47:03 +0000 2021	38	1	@mellevaelhuayra @mmlamoyano La UBA reivindica que tiene sede natural en PBA porque se creó antes de 1880. Por algo la Ley de Educación Superior tiene artículos que sólo son inconstitucionales para la UBA.	https://twitter.com/jorgeluisaliaga/status/1382525850940215296	[]
jorgeluisaliaga	Thu Apr 15 02:44:04 +0000 2021	10	0	"@ACSSOingenieria @rquiroga777 @pabloduggan @fllorenteantoni @Gatosylvestre @jljcolorado @C5N Y los profesionales de HyS deben capacitarse de manera permanente, más en pandemia.
Por eso me invitaron a dar una charla.
Y acepté con gusto, gratis. 
Gentileza de la @unahurlingham https://t.co/FidsB4Wvt8"	https://twitter.com/jorgeluisaliaga/status/1382525100239552518	[]
jorgeluisaliaga	Thu Apr 15 02:40:31 +0000 2021	5	0	@eldoctor_ale Hay muchas/os periodistas de la @RAdPC que pueden hacer esa tarea.	https://twitter.com/jorgeluisaliaga/status/1382524205938450432	[]
jorgeluisaliaga	Thu Apr 15 02:39:15 +0000 2021	5	1	@MacPablus @brunomartinez21 Efectivamente, cero. Si el tapabocas deja pasar aire entre los bordes y la cara por ahí pasa la mayoría de los aerosoles.  Sólo para las gotas.	https://twitter.com/jorgeluisaliaga/status/1382523889327206400	[]
jorgeluisaliaga	Thu Apr 15 02:17:14 +0000 2021	15	5	"También disponibles las recomendaciones elaboradas en conjunto entre @msalnacion y @ciencia_ar sobre la ventilación de ambientes para evitar la transmisión por aerosoles

https://t.co/UDbTRrNQ08"	https://twitter.com/jorgeluisaliaga/status/1382518347854675968	[]
jorgeluisaliaga	Thu Apr 15 02:17:14 +0000 2021	15	3	"Con Sandra Cordo y Andrea Pineda Rojas @apinedarojas lo explicamos en el lanzamiento de VentilAr.

https://t.co/6DQ57YL6vp"	https://twitter.com/jorgeluisaliaga/status/1382518346550288384	[]
jorgeluisaliaga	Thu Apr 15 02:17:14 +0000 2021	7	3	"La Campaña Ventilar del @ciencia_ar explica la importancia de una buena ventilación en ambientes cerrados.

https://t.co/1TOEJOwF0y"	https://twitter.com/jorgeluisaliaga/status/1382518345241669632	[]
jorgeluisaliaga	Thu Apr 15 02:17:13 +0000 2021	54	14	"Comparto el estudio que hizo Natalia Rubinstein @tomaydale sobre la ventilación en la escuela 22 de CABA (spoiler #VentilarFunciona)

Ventilación continua cruzada, distribuida y medida @jljcolorado @aireamos 

https://t.co/SPaa4t8vAB"	https://twitter.com/jorgeluisaliaga/status/1382518343811350539	[{'text': 'VentilarFunciona', 'indices': [114, 131]}]
jorgeluisaliaga	Thu Apr 15 01:34:44 +0000 2021	11	0	@GracePe6 @apandaun Hay que probarlo. El aire no debe salir entre el barbijo y la cara. Si el acetato hace que el barbijo se despegue y el aire se escapa, no sirve para parar aerosoles.	https://twitter.com/jorgeluisaliaga/status/1382507652052353026	[]
jorgeluisaliaga	Thu Apr 15 01:31:43 +0000 2021	3	0	@threadreaderapp unroll	https://twitter.com/jorgeluisaliaga/status/1382506891331440640	[]
jorgeluisaliaga	Thu Apr 15 01:31:18 +0000 2021	5	1	"Todos los informes e información en mi sitio

https://t.co/OOPfZIjwmV

La Tabla de datos informados por @msalnacion los puse en:

https://t.co/A6X5GTltVQ"	https://twitter.com/jorgeluisaliaga/status/1382506788378009602	[]
jorgeluisaliaga	Thu Apr 15 01:31:18 +0000 2021	2	0	Casos confirmados por rango etario en CABA y PBA con detalle de edades escolares. https://t.co/iiNL2zzwCZ	https://twitter.com/jorgeluisaliaga/status/1382506785697898498	[]
jorgeluisaliaga	Thu Apr 15 01:31:16 +0000 2021	1	0	"Edad promedio de confirmados y de mayores de 70 años por semana de inicio de síntoma.
Cantidad de fallecidos y su edad media, y fallecidos mayores de 70 años por semana de inicio de síntoma. https://t.co/Irk7bGxjWH"	https://twitter.com/jorgeluisaliaga/status/1382506778932486147	[]
jorgeluisaliaga	Thu Apr 15 01:31:15 +0000 2021	1	0	"Los cargados fallecidos demorados de hoy:
1 de AGOSTO Jujuy
1 de SEPTIEMBRE Jujuy
1 de OCTUBRE Corrientes
2 de NOVIEMBRE (Corrientes, Santa Fe)
16 de DICIEMBRE (8 Tucumán, 3 Santa Fe y Corrientes, 2 Entre Ríos)
7 de ENERO (3 Entre Ríos y Tucumán, PBA)"	https://twitter.com/jorgeluisaliaga/status/1382506772750069764	[]
jorgeluisaliaga	Thu Apr 15 01:31:14 +0000 2021	4	1	"De los 368 informados como fallecidos, 59 fallecieron hace más de 11 días.

Se muestra días entre inicio de síntoma y fallecimiento, largas internaciones. https://t.co/rANm7HxvEB"	https://twitter.com/jorgeluisaliaga/status/1382506770791337990	[]
jorgeluisaliaga	Thu Apr 15 01:31:13 +0000 2021	2	0	"Confirmados y sospechosos por fecha de apertura en TOTAL, CABA y PBA.
Testeo y positividad por semana de apertura. https://t.co/3mMC6iq8UG"	https://twitter.com/jorgeluisaliaga/status/1382506765074509824	[]
jorgeluisaliaga	Thu Apr 15 01:31:11 +0000 2021	1	0	Detalles de Tests Confirmados, Descartados y Sospechosos según residencia en PBA y CABA por semana, con detalles según lugar de carga y sector público o privado. Amarillo es lo pendiente. https://t.co/flEhNGfQnD	https://twitter.com/jorgeluisaliaga/status/1382506758904676353	[]
jorgeluisaliaga	Thu Apr 15 01:31:10 +0000 2021	1	0	"Ya se hicieron 7.882.866 Tests de diagnóstico (error +/- 10 tests), 30,0% de positividad.
Hoy, desde mediodía, 39.159, 36,4% la positividad. 
Cuando teníamos 10% de positividad (10/5) había 250-300 casos por día. https://t.co/Nscu5eTgeD"	https://twitter.com/jorgeluisaliaga/status/1382506752961355778	[]
jorgeluisaliaga	Thu Apr 15 01:31:08 +0000 2021	1	0	"Los casos ordenados por fecha de síntoma, promediada cada día los últimos 7 en lineal y semi-log (ver inf 24/7). Y Por millón de habitantes.
Hasta ahora las amarillas ""predicen"" lo que van a hacer las curvas x síntoma cuando entren casos de esas fechas, atención la suba. https://t.co/J9nZTHOKI3"	https://twitter.com/jorgeluisaliaga/status/1382506746669895685	[]
jorgeluisaliaga	Thu Apr 15 01:31:07 +0000 2021	1	0	"Sitios con datos / figuras

Gran info regional: Soledad Retamar @sole_reta 

https://t.co/LLv9J5EA7o

Rodrigo Castro @RodrigoD_Castro

https://t.co/9etT4FOHyf"	https://twitter.com/jorgeluisaliaga/status/1382506741246668800	[]
jorgeluisaliaga	Thu Apr 15 01:31:07 +0000 2021	2	0	"Hilos recomendados:

Semáforo: Martin Barrionuevo @mmbarrionuevo 

https://t.co/tOwSOTl1uw

Rio Negro+Neuquen: Clari Cardozo Castro @ClariCardozoCas 

Diseño @TotinFraire Elaboración @Fedwr 

https://t.co/LYXKjnt3Fh"	https://twitter.com/jorgeluisaliaga/status/1382506739367567362	[]
jorgeluisaliaga	Wed Apr 14 23:40:24 +0000 2021	390	107	Un funcionario del gobierno anterior descubre que muchos niños y niñas de escuelas públicas no tienen computadora. Si, los mismos que eliminaron Conectar Igualdad con el argumento de que todos tenían celulares. https://t.co/Bj8amgviug	https://twitter.com/jorgeluisaliaga/status/1382478878267047936	[]
jorgeluisaliaga	Wed Apr 14 23:28:49 +0000 2021	2	0	"@Anaire_co2 Armé estos en diciembre

https://t.co/rSVjw8K2a7"	https://twitter.com/jorgeluisaliaga/status/1382475964018532352	[]
jorgeluisaliaga	Wed Apr 14 23:25:49 +0000 2021	24	4	"@patrinu12 Si, claro. El acetato para gotas directas, que son minoría. Si te deja más tranquila usalos. Pero no paran los aerosoles. Eso lo paran las telas. Ideal, de 3 capas. Sino, 2 va bien. Central que no se escape aire entre el barbijo y la cara. Bien ajustado.

https://t.co/eFvFIsvp1y"	https://twitter.com/jorgeluisaliaga/status/1382475208230047749	[]
jorgeluisaliaga	Wed Apr 14 23:16:18 +0000 2021	0	0	@ndchiariello Es lo que tienen cargado por residencia al día de hoy.	https://twitter.com/jorgeluisaliaga/status/1382472812737204225	[]
jorgeluisaliaga	Wed Apr 14 23:13:40 +0000 2021	9	2	"@LedZepp24 @rquiroga777 @pabloduggan @fllorenteantoni @Gatosylvestre @jljcolorado Algo así funciona. 

https://t.co/eFvFIsvp1y"	https://twitter.com/jorgeluisaliaga/status/1382472152738316294	[]
jorgeluisaliaga	Wed Apr 14 23:11:56 +0000 2021	26	0	@mlaumoreno81 @rquiroga777 @pabloduggan @fllorenteantoni @Gatosylvestre @jljcolorado subtitulado o recuadro con traductor de señas.	https://twitter.com/jorgeluisaliaga/status/1382471714530078720	[]
jorgeluisaliaga	Wed Apr 14 23:07:45 +0000 2021	1096	302	"El barbijo correcto es el que funciona como ""filtro de aire"", espirado e inspirado. Para eso tiene que ser una TELA. no un acetato. Puede tener una parte de acetato, pero eso genera más presión sobre la parte de tela. El aire no debe escapar entre el barbijo y la cara.
ESTOS NO. https://t.co/0mboOxzKyk"	https://twitter.com/jorgeluisaliaga/status/1382470663676571655	[]
jorgeluisaliaga	Wed Apr 14 22:55:53 +0000 2021	5	0	"@chaquetumate Si, es una de las causas

https://t.co/M1WpXMxFFq https://t.co/8g7wDqMGMx"	https://twitter.com/jorgeluisaliaga/status/1382467674660294659	[]
jorgeluisaliaga	Wed Apr 14 20:33:53 +0000 2021	7	1	"A partir del 5/2/21 saco el informe en dos partes, la primera cuando sale el parte diario y el complemento cuando se actualiza la base de datos, después de las 21:30.

FIN PRIMERA PARTE."	https://twitter.com/jorgeluisaliaga/status/1382431939517382660	[]
jorgeluisaliaga	Wed Apr 14 20:33:52 +0000 2021	7	3	"Hoy se llegó a 58.542 (+368) personas fallecidas. 
Se reportaron 2.278.486 (+15611) personas recuperadas (87,5%). 
3879 (+43) en Terapia. 
Distintos estados de casos en escala semi-logaritmica. 
Lineal muertos y UTI para ver fácil subas. https://t.co/fltUnk0Se3"	https://twitter.com/jorgeluisaliaga/status/1382431937428606976	[]
jorgeluisaliaga	Wed Apr 14 20:33:51 +0000 2021	3	1	Avance de la Vacunación por sector, por edad y marca de vacuna, por provincia y grupo etario y por provincia y sector. https://t.co/L3faxlCGMJ	https://twitter.com/jorgeluisaliaga/status/1382431932420603909	[]
jorgeluisaliaga	Wed Apr 14 20:33:50 +0000 2021	2	1	Evolución de la vacunación en todo el país, CABA y PBA. Porcentaje de vacunas aplicadas en relación con las distribuidas. https://t.co/sGm81Ei9K5	https://twitter.com/jorgeluisaliaga/status/1382431926292713476	[]
jorgeluisaliaga	Wed Apr 14 20:33:48 +0000 2021	2	1	Avance de la Vacunación por provincia según datos cargado hasta hoy a las 6 AM de &gt;&gt; https://t.co/bBb2CUzoT6 y https://t.co/TNJm7ZPDNK https://t.co/Zuk51BTrnf	https://twitter.com/jorgeluisaliaga/status/1382431920584339460	[]
jorgeluisaliaga	Wed Apr 14 20:33:47 +0000 2021	2	1	"Muestro ajuste.  Uso el crecimiento exponencial con que se ajustaban los datos al 25/3 para una logística, más adecuado en esta etapa de la epidemia, que explico en detalle en este documento (estimo infectados asumiendo un 70% de asintomáticos): 

https://t.co/xDGEjpspvW https://t.co/i9imZ9FhwB"	https://twitter.com/jorgeluisaliaga/status/1382431915458883592	[]
jorgeluisaliaga	Wed Apr 14 20:33:46 +0000 2021	2	1	"Fallecidos por millón de habitantes por provincia.
Detalle de fecha del último caso de cada provincia. Todas las provincias activas. 
También muestro cantidad de días sin casos por provincia y provincias con casos y casos durante la epidemia. https://t.co/1egoxl6UX8"	https://twitter.com/jorgeluisaliaga/status/1382431910568296451	[]
jorgeluisaliaga	Wed Apr 14 20:33:45 +0000 2021	2	1	"Para los que les sirva, muestro datos más simples de leer de distribución de casos confirmados y muertos, y casos confirmados y muertos por millón de habitantes, por provincia.
También una página interactiva.

https://t.co/UoryUFDQ2D
-------------------------- https://t.co/NitNyybnD1"	https://twitter.com/jorgeluisaliaga/status/1382431905556144143	[]
jorgeluisaliaga	Wed Apr 14 20:33:43 +0000 2021	2	1	"Neuquén, Rio Negro, Chubut, Santa Cruz
Casos Diarios, Prom últimos 7 días, SUMA de últimos 14 días / 100.000 habitantes. Días de Duplicación, Log-Log Nuevos vs Total de Casos. 
INCIDENCIA y Factor de Crecimiento. Promedio de confirmados diarios últimas 15 semanas. https://t.co/W7dCRUIwdZ"	https://twitter.com/jorgeluisaliaga/status/1382431900128661506	[]
jorgeluisaliaga	Wed Apr 14 20:33:42 +0000 2021	3	1	"La Rioja, San Juan, San Luis, Mendoza
Casos Diarios, Prom últimos 7 días, SUMA de últimos 14 días / 100.000 habitantes. Días de Duplicación, Log-Log Nuevos vs Total de Casos. 
INCIDENCIA y Factor de Crecimiento. Promedio de confirmados diarios últimas 15 semanas. https://t.co/xKkesbZ2q6"	https://twitter.com/jorgeluisaliaga/status/1382431894680305666	[]
jorgeluisaliaga	Wed Apr 14 20:33:41 +0000 2021	2	1	"Jujuy, Salta, Tucumán, Catamarca 
Casos Diarios, Prom últimos 7 días, SUMA de últimos 14 días / 100.000 habitantes. Días de Duplicación, Log-Log Nuevos vs Total de Casos. 
INCIDENCIA y Factor de Crecimiento. Promedio de confirmados diarios últimas 15 semanas. https://t.co/107dYoFRvR"	https://twitter.com/jorgeluisaliaga/status/1382431888854413312	[]
jorgeluisaliaga	Wed Apr 14 20:33:39 +0000 2021	2	1	"Entre Ríos, Corrientes, Misiones, Formosa
Casos Diarios, Prom últimos 7 días, SUMA de últimos 14 días / 100.000 habitantes. Días de Duplicación, Log-Log Nuevos vs Total de Casos. 
INCIDENCIA y Factor de Crecimiento. Promedio de confirmados diarios últimas 15 semanas. https://t.co/5nE43Oor5t"	https://twitter.com/jorgeluisaliaga/status/1382431883204689925	[]
jorgeluisaliaga	Wed Apr 14 20:33:38 +0000 2021	2	1	"Santa Fé, Córdoba, Chaco, Santiago del Estero
Casos Diarios, Prom últimos 7 días, SUMA de últimos 14 días / 100.000 habitantes. Días de Duplicación, Log-Log Nuevos vs Total de Casos. 
INCIDENCIA y Factor de Crecimiento. Promedio de confirmados diarios últimas 15 semanas. https://t.co/ayuWCB6Dwl"	https://twitter.com/jorgeluisaliaga/status/1382431877219418130	[]
jorgeluisaliaga	Wed Apr 14 20:33:37 +0000 2021	3	1	"CABA, PBA, La Pampa, Tierra del Fuego 
Casos Diarios, Prom últimos 7 días, SUMA de últimos 14 días / 100.000 habitantes. Días de Duplicación, Log-Log Nuevos vs Total de Casos. 
INCIDENCIA y Factor de Crecimiento. Promedio de confirmados diarios últimas 15 semanas. https://t.co/Ai6x92kLWS"	https://twitter.com/jorgeluisaliaga/status/1382431870999216133	[]
jorgeluisaliaga	Wed Apr 14 20:33:35 +0000 2021	2	1	"Muestro la evolución de la cantidad de días necesarios para duplicar (x2) y para decuplicar (x10) (Total y Activos).
La cantidad de días para duplicación aumento de entre 3 y 4 a 26 y ahora está en 84. Por 10 en 278 días. https://t.co/Mr27e3MeD3"	https://twitter.com/jorgeluisaliaga/status/1382431865861210114	[]
jorgeluisaliaga	Wed Apr 14 20:33:34 +0000 2021	2	1	"Evolución de la INCIDENCIA y del Factor de Crecimiento (ver Inf del 16/4). 
Muestro también la evolución de la tasa de variación de la cantidad de casos cada 2, 4, y 10 días (ver inf 4/4 y 5/4). También detalle desde el 20/02/21. https://t.co/R1mm8H0UyU"	https://twitter.com/jorgeluisaliaga/status/1382431861536870402	[]
jorgeluisaliaga	Wed Apr 14 20:33:33 +0000 2021	1	1	Muestro en Log-Log Casos Nuevos vs Totales (promedio para cada día con los valores de los siete últimos) (si hay duda, ver inf 3/4). https://t.co/a2FSfAQaay	https://twitter.com/jorgeluisaliaga/status/1382431856696639489	[]
jorgeluisaliaga	Wed Apr 14 20:33:32 +0000 2021	2	1	"9/1 rearmé el informe.
Total de casos según fecha de carga en escala semilogarítmica, para ver comportamiento exponencial y su velocidad.
Promedio de casos confirmados, UTI y fallecidos por fecha de carga por semana en las últimas 30 semanas. https://t.co/eTWyiqmgW3"	https://twitter.com/jorgeluisaliaga/status/1382431851688693767	[]
jorgeluisaliaga	Wed Apr 14 20:33:31 +0000 2021	2	1	"22 provincias con INCIDENCIA mayor a 150 casos / 100.000 en los últimos 14 días, y 22 provincias con Razón de Casos mayor a 1 (creciendo). 
Incidencia Nacional = 563 casos
Razón de Casos Nacional = 1,96
ALTO RIESGO SANITARIO https://t.co/bveQSyr54l"	https://twitter.com/jorgeluisaliaga/status/1382431845929918474	[]
jorgeluisaliaga	Wed Apr 14 20:33:29 +0000 2021	43	15	"Situación COVID-19 al 14/4

Hoy 25.157 nuevos casos confirmados.
Dieciocho provincias con ""alto riesgo sanitario"".
Sigue alta carga de confirmados, hoy mucha de fallecidos.
Desde 21/9 nuevo formato de informe, sin detalle de tipo de caso.
La cantidad total de casos es 2.604.157. https://t.co/Eedjdu7AdS"	https://twitter.com/jorgeluisaliaga/status/1382431840577990661	[]
jorgeluisaliaga	Wed Apr 14 10:35:13 +0000 2021	2	2	"#BO
Apruébese la gestión integral de especies exóticas invasoras y potencialmente invasoras

https://t.co/Xno01F9dcc"	https://twitter.com/jorgeluisaliaga/status/1382281279996067842	[{'text': 'BO', 'indices': [0, 3]}]
jorgeluisaliaga	Wed Apr 14 10:35:13 +0000 2021	3	1	"#BO
CORTE SUPREMA DE JUSTICIA DE LA NACIÓN
Concurso público de antecedentes y evaluación a fin de cubrir cincuenta y nueve (59) cargos de peritos en el Cuerpo Médico Forense de la Justicia Nacional

https://t.co/TrimsPoxt2"	https://twitter.com/jorgeluisaliaga/status/1382281278653878275	[{'text': 'BO', 'indices': [0, 3]}]
jorgeluisaliaga	Wed Apr 14 10:35:12 +0000 2021	6	2	"#BO
Convócase a los integrantes del CONSEJO NACIONAL DEL EMPLEO, LA PRODUCTIVIDAD Y EL SALARIO MÍNIMO, VITAL Y MÓVIL, a reunirse en sesión plenaria ordinaria el día 27 de abril de 2021, a las 15 HORAS

https://t.co/XgXuOd7jZo"	https://twitter.com/jorgeluisaliaga/status/1382281277336862721	[{'text': 'BO', 'indices': [0, 3]}]
jorgeluisaliaga	Wed Apr 14 02:21:06 +0000 2021	327	15	@rquiroga777 No, falta dejar de testear, porque los casos suben porque se testea. 🤷‍♂️	https://twitter.com/jorgeluisaliaga/status/1382156932132274179	[]
jorgeluisaliaga	Wed Apr 14 01:37:17 +0000 2021	1	0	@patogrinberg @4Dgifts No hablo de lo que supongo, hablo de lo que medí porque armé medidores. Al moverse es simple ventilar. Abriendo un poco adelante y atrás el aire circula.	https://twitter.com/jorgeluisaliaga/status/1382145905416101898	[]
jorgeluisaliaga	Wed Apr 14 01:34:20 +0000 2021	3	0	@threadreaderapp unroll	https://twitter.com/jorgeluisaliaga/status/1382145163900944384	[]
jorgeluisaliaga	Wed Apr 14 01:34:09 +0000 2021	6	1	"Todos los informes e información en mi sitio

https://t.co/OOPfZIjwmV

La Tabla de datos informados por @msalnacion los puse en:

https://t.co/A6X5GTltVQ"	https://twitter.com/jorgeluisaliaga/status/1382145116039737347	[]
jorgeluisaliaga	Wed Apr 14 01:34:08 +0000 2021	2	1	Casos confirmados por rango etario en CABA y PBA con detalle de edades escolares. https://t.co/aMTuLw6uA0	https://twitter.com/jorgeluisaliaga/status/1382145113560907782	[]
jorgeluisaliaga	Wed Apr 14 01:34:06 +0000 2021	1	0	"Edad promedio de confirmados y de mayores de 70 años por semana de inicio de síntoma.
Cantidad de fallecidos y su edad media, y fallecidos mayores de 70 años por semana de inicio de síntoma. https://t.co/rJc3peUvCh"	https://twitter.com/jorgeluisaliaga/status/1382145106002780164	[]
jorgeluisaliaga	Wed Apr 14 01:34:05 +0000 2021	1	0	"Fallecidos cargados demorados hoy:
1 de SEPTIEMBRE Corrientes
3 de OCTUBRE Entre Ríos
14 de NOVIEMBRE (8 Santa Fe, 3 Corrientes y Entre Ríos)
3 de DICIEMBRE (2 Corrientes, PBA)
1 de ENERO PBA
2 de FEBRERO (Salta, Mendoza)"	https://twitter.com/jorgeluisaliaga/status/1382145100512382983	[]
jorgeluisaliaga	Wed Apr 14 01:34:05 +0000 2021	1	0	"De los 217 informados como fallecidos, 112 fallecieron hace más de 10 días.

Se muestra días entre inicio de síntoma y fallecimiento, largas internaciones. https://t.co/1ZyMOufhv6"	https://twitter.com/jorgeluisaliaga/status/1382145098608164864	[]
jorgeluisaliaga	Wed Apr 14 01:34:03 +0000 2021	1	0	"Confirmados y sospechosos por fecha de apertura en TOTAL, CABA y PBA.
Testeo y positividad por semana de apertura. https://t.co/78mjF0gngr"	https://twitter.com/jorgeluisaliaga/status/1382145093004627969	[]
jorgeluisaliaga	Wed Apr 14 01:34:02 +0000 2021	1	0	Detalles de Tests Confirmados, Descartados y Sospechosos según residencia en PBA y CABA por semana, con detalles según lugar de carga y sector público o privado. Amarillo es lo pendiente. https://t.co/eQHcTF4GWB	https://twitter.com/jorgeluisaliaga/status/1382145085505146884	[]
jorgeluisaliaga	Wed Apr 14 01:34:00 +0000 2021	1	0	"Ya se hicieron 7.821.278 Tests de diagnóstico (error +/- 10 tests), 29,9% de positividad.
Hoy, desde mediodía, 39.681, 37,8% la positividad. 
Cuando teníamos 10% de positividad (10/5) había 250-300 casos por día. https://t.co/wQ66zC5QVJ"	https://twitter.com/jorgeluisaliaga/status/1382145078903312387	[]
jorgeluisaliaga	Wed Apr 14 01:33:59 +0000 2021	1	0	"Los casos ordenados por fecha de síntoma, promediada cada día los últimos 7 en lineal y semi-log (ver inf 24/7). Y Por millón de habitantes.
EN AMBA LOS CASOS DIARIOS SE DUPLICAN CADA 12 DÍAS. https://t.co/4niB71jD1r"	https://twitter.com/jorgeluisaliaga/status/1382145072909713410	[]
jorgeluisaliaga	Wed Apr 14 01:33:57 +0000 2021	1	0	"Sitios con datos / figuras

Gran info regional: Soledad Retamar @sole_reta 

https://t.co/LLv9J5EA7o

Rodrigo Castro @RodrigoD_Castro

https://t.co/9etT4FOHyf"	https://twitter.com/jorgeluisaliaga/status/1382145067691950082	[]
jorgeluisaliaga	Wed Apr 14 01:33:57 +0000 2021	3	0	"Hilos recomendados:

Semáforo: Martin Barrionuevo @mmbarrionuevo 

Rio Negro+Neuquen: Clari Cardozo Castro @ClariCardozoCas 

Diseño @TotinFraire Elaboración @Fedwr 

https://t.co/fjFWQ6wlGc"	https://twitter.com/jorgeluisaliaga/status/1382145065712300035	[]
jorgeluisaliaga	Wed Apr 14 00:28:12 +0000 2021	1	0	@4Dgifts Es que no puede decir que habría que MEDIR para saber cuanto abrir, porque CABA no lo hace.	https://twitter.com/jorgeluisaliaga/status/1382128520969777155	[]
jorgeluisaliaga	Tue Apr 13 23:17:17 +0000 2021	1	0	@pdenapo @chaquetumate ok. Alguien solidario que abra la puerta de entrada y traslade desde la entrada a la entrada del depto y se vaya. La ciudad es complicada, pero entre vecinos debería haber un mínimo de solidaridad.	https://twitter.com/jorgeluisaliaga/status/1382110673853947904	[]
jorgeluisaliaga	Tue Apr 13 23:13:56 +0000 2021	0	0	"@gastonlopezalem Los sensores se pueden comprar directo al fabricante, de a dos mínimo (c/u U$S15), pero es caro el envío por poca cantidad.
Entiendo que @INETetp y @ciencia_ar están viendo como facilitar que haya sensores.
El resto es barato y fácil de conseguir."	https://twitter.com/jorgeluisaliaga/status/1382109831310540804	[]
jorgeluisaliaga	Tue Apr 13 23:11:59 +0000 2021	0	0	"@gastonlopezalem Hola. No se si ya viste &gt;&gt; https://t.co/rSVjw8K2a7

Hay detalle de cómo armar, circuito, software y links a las páginas donde compré por web con precios. 
El problema actual es que en enero se agotaron los sensores y las empresas de partes para Arduino no traen.

(sigo)"	https://twitter.com/jorgeluisaliaga/status/1382109338760790018	[]
jorgeluisaliaga	Tue Apr 13 23:09:26 +0000 2021	1	0	@CulebraRH @ML_Ayuda Me parece que Mercado Libre @ML_Ayuda debería intervenir.	https://twitter.com/jorgeluisaliaga/status/1382108697086853125	[]
jorgeluisaliaga	Tue Apr 13 21:37:48 +0000 2021	76	35	https://t.co/SUiQTjLfBp	https://twitter.com/jorgeluisaliaga/status/1382085637126377477	[]
jorgeluisaliaga	Tue Apr 13 21:32:02 +0000 2021	7	1	"A partir del 5/2/21 saco el informe en dos partes, la primera cuando sale el parte diario y el complemento cuando se actualiza la base de datos, después de las 21:30.

FIN PRIMERA PARTE."	https://twitter.com/jorgeluisaliaga/status/1382084186111098882	[]
jorgeluisaliaga	Tue Apr 13 21:32:02 +0000 2021	12	3	"Hoy se llegó a 58.174 (+217) personas fallecidas. 
Se reportaron 2.262.875 (+15751) personas recuperadas (87,7%). 
3836 (+17) en Terapia. 
Distintos estados de casos en escala semi-logaritmica. 
Lineal muertos y UTI para ver fácil subas. https://t.co/ag045oemFM"	https://twitter.com/jorgeluisaliaga/status/1382084184001363969	[]
jorgeluisaliaga	Tue Apr 13 21:32:00 +0000 2021	5	0	Avance de la Vacunación por sector, por edad y marca de vacuna, por provincia y grupo etario y por provincia y sector. https://t.co/Jb45BCv8E8	https://twitter.com/jorgeluisaliaga/status/1382084178724986886	[]
jorgeluisaliaga	Tue Apr 13 21:31:59 +0000 2021	5	2	Evolución de la vacunación en todo el país, CABA y PBA. Porcentaje de vacunas aplicadas en relación con las distribuidas. https://t.co/xeIkym6u6G	https://twitter.com/jorgeluisaliaga/status/1382084172932595712	[]
jorgeluisaliaga	Tue Apr 13 21:31:58 +0000 2021	3	1	Avance de la Vacunación por provincia según datos cargado hasta hoy a las 6 AM de &gt;&gt; https://t.co/bBb2CUzoT6 y https://t.co/TNJm7ZPDNK https://t.co/OdMZErdN6s	https://twitter.com/jorgeluisaliaga/status/1382084167790428169	[]
jorgeluisaliaga	Tue Apr 13 21:31:56 +0000 2021	3	1	"Muestro ajuste.  Uso el crecimiento exponencial con que se ajustaban los datos al 25/3 para una logística, más adecuado en esta etapa de la epidemia, que explico en detalle en este documento (estimo infectados asumiendo un 70% de asintomáticos): 

https://t.co/xDGEjpspvW https://t.co/JlV3Znd5oW"	https://twitter.com/jorgeluisaliaga/status/1382084162463621124	[]
jorgeluisaliaga	Tue Apr 13 21:31:55 +0000 2021	3	1	"Fallecidos por millón de habitantes por provincia.
Detalle de fecha del último caso de cada provincia. Todas las provincias activas. 
También muestro cantidad de días sin casos por provincia y provincias con casos y casos durante la epidemia. https://t.co/O6kCIq70hn"	https://twitter.com/jorgeluisaliaga/status/1382084157405339649	[]
jorgeluisaliaga	Tue Apr 13 21:31:54 +0000 2021	3	2	"Para los que les sirva, muestro datos más simples de leer de distribución de casos confirmados y muertos, y casos confirmados y muertos por millón de habitantes, por provincia.
También una página interactiva.

https://t.co/UoryUFDQ2D
-------------------------- https://t.co/lFA8WjyrFJ"	https://twitter.com/jorgeluisaliaga/status/1382084152665767937	[]
jorgeluisaliaga	Tue Apr 13 21:31:53 +0000 2021	3	1	"Neuquén, Rio Negro, Chubut, Santa Cruz
Casos Diarios, Prom últimos 7 días, SUMA de últimos 14 días / 100.000 habitantes. Días de Duplicación, Log-Log Nuevos vs Total de Casos. 
INCIDENCIA y Factor de Crecimiento. Promedio de confirmados diarios últimas 15 semanas. https://t.co/voUV8q5lpU"	https://twitter.com/jorgeluisaliaga/status/1382084146978230282	[]
jorgeluisaliaga	Tue Apr 13 21:31:51 +0000 2021	4	1	"La Rioja, San Juan, San Luis, Mendoza
Casos Diarios, Prom últimos 7 días, SUMA de últimos 14 días / 100.000 habitantes. Días de Duplicación, Log-Log Nuevos vs Total de Casos. 
INCIDENCIA y Factor de Crecimiento. Promedio de confirmados diarios últimas 15 semanas. https://t.co/rhyESbA5JR"	https://twitter.com/jorgeluisaliaga/status/1382084141274005505	[]
jorgeluisaliaga	Tue Apr 13 21:31:50 +0000 2021	2	1	"Jujuy, Salta, Tucumán, Catamarca 
Casos Diarios, Prom últimos 7 días, SUMA de últimos 14 días / 100.000 habitantes. Días de Duplicación, Log-Log Nuevos vs Total de Casos. 
INCIDENCIA y Factor de Crecimiento. Promedio de confirmados diarios últimas 15 semanas. https://t.co/PpSPepy47a"	https://twitter.com/jorgeluisaliaga/status/1382084135573979136	[]
jorgeluisaliaga	Tue Apr 13 21:31:49 +0000 2021	2	1	"Entre Ríos, Corrientes, Misiones, Formosa
Casos Diarios, Prom últimos 7 días, SUMA de últimos 14 días / 100.000 habitantes. Días de Duplicación, Log-Log Nuevos vs Total de Casos. 
INCIDENCIA y Factor de Crecimiento. Promedio de confirmados diarios últimas 15 semanas. https://t.co/ZUFyy3zVq5"	https://twitter.com/jorgeluisaliaga/status/1382084129882320896	[]
jorgeluisaliaga	Tue Apr 13 21:31:47 +0000 2021	2	1	"Santa Fé, Córdoba, Chaco, Santiago del Estero
Casos Diarios, Prom últimos 7 días, SUMA de últimos 14 días / 100.000 habitantes. Días de Duplicación, Log-Log Nuevos vs Total de Casos. 
INCIDENCIA y Factor de Crecimiento. Promedio de confirmados diarios últimas 15 semanas. https://t.co/1fJQpZoWuQ"	https://twitter.com/jorgeluisaliaga/status/1382084123435618304	[]
jorgeluisaliaga	Tue Apr 13 21:31:46 +0000 2021	4	1	"CABA, PBA, La Pampa, Tierra del Fuego 
Casos Diarios, Prom últimos 7 días, SUMA de últimos 14 días / 100.000 habitantes. Días de Duplicación, Log-Log Nuevos vs Total de Casos. 
INCIDENCIA y Factor de Crecimiento. Promedio de confirmados diarios últimas 15 semanas. https://t.co/YFYsAECIFT"	https://twitter.com/jorgeluisaliaga/status/1382084117093814280	[]
jorgeluisaliaga	Tue Apr 13 21:31:43 +0000 2021	2	1	"Muestro la evolución de la cantidad de días necesarios para duplicar (x2) y para decuplicar (x10) (Total y Activos).
La cantidad de días para duplicación aumento de entre 3 y 4 a 26 y ahora está en 84. Por 10 en 280 días. https://t.co/VflqajPRLr"	https://twitter.com/jorgeluisaliaga/status/1382084108420055042	[]
jorgeluisaliaga	Tue Apr 13 21:31:42 +0000 2021	3	1	"Evolución de la INCIDENCIA y del Factor de Crecimiento (ver Inf del 16/4). 
Muestro también la evolución de la tasa de variación de la cantidad de casos cada 2, 4, y 10 días (ver inf 4/4 y 5/4). También detalle desde el 20/02/21. https://t.co/of4oPmOqE9"	https://twitter.com/jorgeluisaliaga/status/1382084103709790213	[]
jorgeluisaliaga	Tue Apr 13 21:31:41 +0000 2021	2	1	Muestro en Log-Log Casos Nuevos vs Totales (promedio para cada día con los valores de los siete últimos) (si hay duda, ver inf 3/4). https://t.co/C9LtuYRIw3	https://twitter.com/jorgeluisaliaga/status/1382084097858793475	[]
jorgeluisaliaga	Tue Apr 13 21:31:40 +0000 2021	3	1	"9/1 rearmé el informe.
Total de casos según fecha de carga en escala semilogarítmica, para ver comportamiento exponencial y su velocidad.
Promedio de casos confirmados, UTI y fallecidos por fecha de carga por semana en las últimas 30 semanas. https://t.co/VM5m9tU19s"	https://twitter.com/jorgeluisaliaga/status/1382084092758491136	[]
jorgeluisaliaga	Tue Apr 13 21:31:38 +0000 2021	4	1	"21 provincias con INCIDENCIA mayor a 150 casos / 100.000 en los últimos 14 días, y 22 provincias con Razón de Casos mayor a 1 (creciendo). 
Incidencia Nacional = 543 casos
Razón de Casos Nacional = 2,01
ALTO RIESGO SANITARIO https://t.co/S939JDqjll"	https://twitter.com/jorgeluisaliaga/status/1382084085389127680	[]
jorgeluisaliaga	Tue Apr 13 21:31:37 +0000 2021	47	16	"Situación COVID-19 al 13/4

Hoy 27.001 nuevos casos confirmados.
Diecisiete provincias con ""alto riesgo sanitario"".
La velocidad de crecimiento sigue igual, muy alta.
INCIDENCIA CABA 1.055, RAZON DE CASOS 2,08
La cantidad total de casos es 2.579.000. https://t.co/RnF7LwG4PY"	https://twitter.com/jorgeluisaliaga/status/1382084079718432768	[]
jorgeluisaliaga	Tue Apr 13 19:10:05 +0000 2021	90	31	"Atención @ML_Ayuda 

Esta publicación indica que venden un medidor de CO2 (dióxido de carbono) y es un medidor de CO (monóxido de carbono) que NO sirve para evaluar la ventilación en contexto COVID. 
Confunde x ignorancia o engaña. OJO

https://t.co/uZjb3ihR3k"	https://twitter.com/jorgeluisaliaga/status/1382048462292783112	[]
jorgeluisaliaga	Tue Apr 13 18:21:49 +0000 2021	0	0	@pdenapo @chaquetumate Nunca dejó de haber compra por internet, y es lo que hago desde hace un año. Salvo fruta y verdura, que nunca cerró y no se puede acopiar.  🤷‍♂️	https://twitter.com/jorgeluisaliaga/status/1382036315080888321	[]
jorgeluisaliaga	Tue Apr 13 14:11:11 +0000 2021	1	0	"@liarguero @JotaDO Gracias por la chicana.
Lo que propongo y difundo es tapabocas ajustado, distancia de 2 mts y en interiores ventilación continua, cruzada, distribuida y medida (con medidores de CO2 para controlar que no superan los 700-800 ppm).
No hace falta recomendar obviedades."	https://twitter.com/jorgeluisaliaga/status/1381973243339403269	[]
jorgeluisaliaga	Tue Apr 13 13:45:30 +0000 2021	11	7	"Campaña Ventilate de @SecMediosyCP  

@aireamos @jljcolorado 

https://t.co/f6P0lBZXKO"	https://twitter.com/jorgeluisaliaga/status/1381966777052131329	[]
jorgeluisaliaga	Tue Apr 13 13:45:29 +0000 2021	14	8	"Campaña Ventilate de @SecMediosyCP  

@aireamos @jljcolorado 

https://t.co/YP1ZoyaPuH"	https://twitter.com/jorgeluisaliaga/status/1381966774950748162	[]
jorgeluisaliaga	Tue Apr 13 13:45:29 +0000 2021	24	13	"Campaña Ventilate de @SecMediosyCP  

@aireamos @jljcolorado 

https://t.co/nYE40n7jaG"	https://twitter.com/jorgeluisaliaga/status/1381966772878798861	[]
jorgeluisaliaga	Tue Apr 13 13:30:46 +0000 2021	36	12	"@oscaratienza Sería interesante que esa afirmación estuviera acompañada con dos cosas:
- instalación de medidores de CO2 en las escuelas, para controlar la ventilación
- testeo por pooles de control de asintomáticos, para verificar que no hay brotes"	https://twitter.com/jorgeluisaliaga/status/1381963071158059012	[]
jorgeluisaliaga	Tue Apr 13 13:28:27 +0000 2021	1	0	"@liarguero @JotaDO No, yo no propongo nada. Sólo me cuido y trato de no requerir una UTI. Y difundo datos y trato de que no se difunda información errónea, que engañe con espejitos de colores como ""testeos masivos"" como slogan de publicista barato."	https://twitter.com/jorgeluisaliaga/status/1381962486702743563	[]
jorgeluisaliaga	Tue Apr 13 12:16:45 +0000 2021	4	1	"@jorgefantin Con 3 renovaciones de aire con filtro HEPA faltan otras 3 con renovación natural. 
Lo recomendado por @HarvardChanSPH y @aireamos son 6 renovaciones de aire por hora en COVID.

https://t.co/bQ4LtZh8o9"	https://twitter.com/jorgeluisaliaga/status/1381944445633986561	[]
jorgeluisaliaga	Tue Apr 13 12:12:52 +0000 2021	0	0	"#BO
Fíjase el cronograma de elaboración del Proyecto de Ley de Presupuesto de la Administración Nacional para el año 2022

https://t.co/ULNBRFyPk3"	https://twitter.com/jorgeluisaliaga/status/1381943465777434625	[{'text': 'BO', 'indices': [0, 3]}]
jorgeluisaliaga	Tue Apr 13 12:12:51 +0000 2021	0	0	"#BO
Apruébase el PROCEDIMIENTO DE ACTUALIZACION DE DATOS del PROGRAMA NACIONAL DE INCLUSIÓN SOCIO-PRODUCTIVA Y DESARROLLO LOCAL –”POTENCIAR TRABAJO”

https://t.co/vCASYnvEcs"	https://twitter.com/jorgeluisaliaga/status/1381943464431120385	[{'text': 'BO', 'indices': [0, 3]}]
jorgeluisaliaga	Tue Apr 13 12:12:51 +0000 2021	0	0	"#BO
Apruébase el Procedimiento de Reconocimiento para todo Organismo de Certificación, Organismo de Inspección y Laboratorio de Ensayos (

https://t.co/5y5w61YILB"	https://twitter.com/jorgeluisaliaga/status/1381943462975709186	[{'text': 'BO', 'indices': [0, 3]}]
jorgeluisaliaga	Tue Apr 13 12:12:51 +0000 2021	0	0	"#BO
INDEC - Apruébase el “Plan Estratégico 2021-2026”

https://t.co/p28WdtIrxl"	https://twitter.com/jorgeluisaliaga/status/1381943461608296448	[{'text': 'BO', 'indices': [0, 3]}]
jorgeluisaliaga	Tue Apr 13 12:12:50 +0000 2021	0	0	"#BO
Designación Jurados  “CONCURSO NACIONAL DE PRODUCCIÓN DE VIDEOMINUTO DE ANIMACIÓN TEMÁTICA “DEL ENCIERRO” 2020”.

https://t.co/RTBi33eYhg"	https://twitter.com/jorgeluisaliaga/status/1381943460220039177	[{'text': 'BO', 'indices': [0, 3]}]
jorgeluisaliaga	Tue Apr 13 12:12:50 +0000 2021	0	0	"#BO
Designación Jurados CONCURSO FEDERAL DE DESARROLLO DE PROYECTOS DOCUMENTALES INÉDITOS 2020,

https://t.co/9q23gXJh6O"	https://twitter.com/jorgeluisaliaga/status/1381943458894643206	[{'text': 'BO', 'indices': [0, 3]}]
jorgeluisaliaga	Tue Apr 13 12:12:50 +0000 2021	1	0	"#BO
Otorgar a las empresas productoras de películas nacionales de largometraje

https://t.co/9qYf4vU39e"	https://twitter.com/jorgeluisaliaga/status/1381943457594368001	[{'text': 'BO', 'indices': [0, 3]}]
jorgeluisaliaga	Tue Apr 13 11:59:38 +0000 2021	1	0	@threadreaderapp unroll	https://twitter.com/jorgeluisaliaga/status/1381940134954819589	[]
jorgeluisaliaga	Tue Apr 13 11:59:27 +0000 2021	1	2	"Todos los informes e información en mi sitio

https://t.co/OOPfZIjwmV

La Tabla de datos informados por @msalnacion los puse en:

https://t.co/A6X5GTltVQ"	https://twitter.com/jorgeluisaliaga/status/1381940092307185665	[]
jorgeluisaliaga	Tue Apr 13 11:59:27 +0000 2021	1	2	Casos confirmados por rango etario en CABA y PBA con detalle de edades escolares. https://t.co/JDcHkytWXv	https://twitter.com/jorgeluisaliaga/status/1381940089564102661	[]
jorgeluisaliaga	Tue Apr 13 11:59:25 +0000 2021	1	0	"Edad promedio de confirmados y de mayores de 70 años por semana de inicio de síntoma.
Cantidad de fallecidos y su edad media, y fallecidos mayores de 70 años por semana de inicio de síntoma. https://t.co/gMaxWcusdb"	https://twitter.com/jorgeluisaliaga/status/1381940083394293761	[]
jorgeluisaliaga	Tue Apr 13 11:59:24 +0000 2021	0	0	"Los demorados de ayer:
3 de OCTUBRE (2 Tucumán, Corrientes)
6 de NOVIEMBRE (3 Corrientes, Tucumán, Salta, Chubut)
4 de DICIEMBRE (2 Corrientes, Santiago del Estero, Tucumán)
1 de ENERO Salta"	https://twitter.com/jorgeluisaliaga/status/1381940078705049603	[]
jorgeluisaliaga	Tue Apr 13 11:59:24 +0000 2021	0	0	"Desde mediodía del 12
De los 149 informados como fallecidos, 31 fallecieron hace más de 9 días.
Un reclasificado, el caso 5741751 de La Pampa cargado el 9/1/2021.
Se muestra días entre inicio de síntoma y fallecimiento, largas internaciones. https://t.co/7uwH2twCEc"	https://twitter.com/jorgeluisaliaga/status/1381940076674945027	[]
jorgeluisaliaga	Tue Apr 13 11:59:23 +0000 2021	0	0	"11 y mañana del 12
De los 162 informados como fallecidos, 105 fallecieron hace más de 8 días.
6 de OCTUBRE (5 Tucumán, Entre Rios)
1 de NOVIEMBRE (Entre Ríos)
1 de DICIEMBRE (Entre Ríos)
24 de ENERO (17 PBA, 4 Mendoza,3 Entre Ríos)
25 de FEBRERO (23 PBA, CABA, Sin Especificar) https://t.co/AnUa819XBa"	https://twitter.com/jorgeluisaliaga/status/1381940072598151169	[]
jorgeluisaliaga	Tue Apr 13 11:59:22 +0000 2021	0	0	"Casos confirmados y sospechosos por fecha de apertura en TOTAL, CABA y PBA.
Testeo y positividad por semana de apertura. https://t.co/Vib3A5CMP1"	https://twitter.com/jorgeluisaliaga/status/1381940068567384064	[]
jorgeluisaliaga	Tue Apr 13 11:59:21 +0000 2021	0	0	Detalles de Tests Confirmados, Descartados y Sospechosos según residencia en PBA y CABA por semana, con detalles según lugar de carga y sector público o privado. Amarillo es lo pendiente. https://t.co/pw3aqZJWIq	https://twitter.com/jorgeluisaliaga/status/1381940063764889604	[]
jorgeluisaliaga	Tue Apr 13 11:59:19 +0000 2021	1	0	"Ya se hicieron 7.757.446 Tests PCR de diagnóstico (error +/- 10 tests), 29,9% de positividad.
Ayer, desde el mediodía, 12.929, 39,9% la positividad. 
Cuando teníamos 10% de positividad (10/5) había 250-300 casos por día. https://t.co/BGM8ZnJTvg"	https://twitter.com/jorgeluisaliaga/status/1381940059113406467	[]
jorgeluisaliaga	Tue Apr 13 11:59:18 +0000 2021	1	0	"Los casos ordenados por fecha de síntoma, promediada cada día los últimos 7 en lineal y semi-log (ver inf 24/7). Y Por millón de habitantes.

DUPLICACION DE CASOS NUEVOS EN AMBA CADA 12 DÍAS. https://t.co/TgBZVtQ8ke"	https://twitter.com/jorgeluisaliaga/status/1381940054625501189	[]
jorgeluisaliaga	Tue Apr 13 11:59:17 +0000 2021	1	0	"Sitios con datos / figuras

Gran info regional: Soledad Retamar @sole_reta 

https://t.co/LLv9J5EA7o

Rodrigo Castro @RodrigoD_Castro

https://t.co/9etT4FOHyf"	https://twitter.com/jorgeluisaliaga/status/1381940050317996040	[]
jorgeluisaliaga	Tue Apr 13 11:59:17 +0000 2021	2	0	"Hilos recomendados:

Semáforo: Martin Barrionuevo @mmbarrionuevo 

https://t.co/pTTeD7edJT
Rio Negro+Neuquen: Clari Cardozo Castro @ClariCardozoCas 

Diseño @TotinFraire Elaboración @Fedwr 

https://t.co/cNQOgUQG4m"	https://twitter.com/jorgeluisaliaga/status/1381940048610922502	[]
jorgeluisaliaga	Tue Apr 13 11:59:17 +0000 2021	3	1	La segunda parte sale atrasada. La base del 11/4 se actualizó al mediodía del 12, con un corte de la mañana, distinto del parte. La del 12 se actualizó durante la madrugada del 13.	https://twitter.com/jorgeluisaliaga/status/1381940047000272897	[]
jorgeluisaliaga	Tue Apr 13 02:10:34 +0000 2021	1	0	@RomiFelici @LucasDamianV La parte superior de la ventana debe bajarse. En la parte superior se acumula el aire caliente, respirado.	https://twitter.com/jorgeluisaliaga/status/1381791892401164290	[]
jorgeluisaliaga	Tue Apr 13 01:20:34 +0000 2021	22	4	"@LucasDamianV Y VENTILACIÓN, continua, cruzada, distribuida y medida.
Que te repongas pronto.

https://t.co/1TOEJOwF0y"	https://twitter.com/jorgeluisaliaga/status/1381779311057895424	[]
jorgeluisaliaga	Tue Apr 13 00:40:13 +0000 2021	87	2	"@FerConfe Fernando, hiciste un listado de cuidados y olvidaste algo de tu profesión: VENTILACIÓN en lugares cerrados.

https://t.co/1TOEJOwF0y"	https://twitter.com/jorgeluisaliaga/status/1381769157776175105	[]
jorgeluisaliaga	Mon Apr 12 20:55:07 +0000 2021	7	0	"A partir del 5/2/21 saco el informe en dos partes, la primera cuando sale el parte diario y el complemento cuando se actualiza la base de datos, después de las 21:30.

FIN PRIMERA PARTE."	https://twitter.com/jorgeluisaliaga/status/1381712506159308806	[]
jorgeluisaliaga	Mon Apr 12 20:55:06 +0000 2021	6	2	"Hoy se llegó a 57.957 (+179) personas fallecidas. 
Se reportaron 2.247.124 (+13984) personas recuperadas (88,1%). 
3819 (+30) en Terapia. 
Distintos estados de casos en escala semi-logaritmica. 
Lineal muertos y UTI para ver fácil subas. https://t.co/aEqMmm4mWF"	https://twitter.com/jorgeluisaliaga/status/1381712503898509316	[]
jorgeluisaliaga	Mon Apr 12 20:55:05 +0000 2021	2	1	Avance de la Vacunación por sector, por edad y marca de vacuna, por provincia y grupo etario y por provincia y sector. https://t.co/dQAODkRhSS	https://twitter.com/jorgeluisaliaga/status/1381712498362085376	[]
jorgeluisaliaga	Mon Apr 12 20:55:03 +0000 2021	1	0	Evolución de la vacunación en todo el país, CABA y PBA. Porcentaje de vacunas aplicadas en relación con las distribuidas. https://t.co/CwZRQFS6JP	https://twitter.com/jorgeluisaliaga/status/1381712491990908931	[]
jorgeluisaliaga	Mon Apr 12 20:55:02 +0000 2021	0	0	Avance de la Vacunación por provincia según datos cargado hasta hoy a las 6 AM de &gt;&gt; https://t.co/bBb2CUzoT6 y https://t.co/TNJm7ZPDNK https://t.co/YvAAGboUnH	https://twitter.com/jorgeluisaliaga/status/1381712486290890760	[]
jorgeluisaliaga	Mon Apr 12 20:55:00 +0000 2021	0	0	"Muestro ajuste.  Uso el crecimiento exponencial con que se ajustaban los datos al 25/3 para una logística, más adecuado en esta etapa de la epidemia, que explico en detalle en este documento (estimo infectados asumiendo un 70% de asintomáticos): 

https://t.co/xDGEjpspvW https://t.co/bb2z7PSF73"	https://twitter.com/jorgeluisaliaga/status/1381712479957438465	[]
jorgeluisaliaga	Mon Apr 12 20:54:59 +0000 2021	0	0	"Fallecidos por millón de habitantes por provincia.
Detalle de fecha del último caso de cada provincia. Todas las provincias activas. 
También muestro cantidad de días sin casos por provincia y provincias con casos y casos durante la epidemia. https://t.co/yLPAWyF8oe"	https://twitter.com/jorgeluisaliaga/status/1381712474672672775	[]
jorgeluisaliaga	Mon Apr 12 20:54:58 +0000 2021	3	0	"Para los que les sirva, muestro datos más simples de leer de distribución de casos confirmados y muertos, y casos confirmados y muertos por millón de habitantes, por provincia.
También una página interactiva.

https://t.co/UoryUFDQ2D
-------------------------- https://t.co/9fhoyeCFSJ"	https://twitter.com/jorgeluisaliaga/status/1381712469417136141	[]
jorgeluisaliaga	Mon Apr 12 20:54:56 +0000 2021	3	0	"Neuquén, Rio Negro, Chubut, Santa Cruz
Casos Diarios, Prom últimos 7 días, SUMA de últimos 14 días / 100.000 habitantes. Días de Duplicación, Log-Log Nuevos vs Total de Casos. 
INCIDENCIA y Factor de Crecimiento. Promedio de confirmados diarios últimas 15 semanas. https://t.co/z3jozQgbZ9"	https://twitter.com/jorgeluisaliaga/status/1381712461024346114	[]
jorgeluisaliaga	Mon Apr 12 20:54:54 +0000 2021	2	0	"La Rioja, San Juan, San Luis, Mendoza
Casos Diarios, Prom últimos 7 días, SUMA de últimos 14 días / 100.000 habitantes. Días de Duplicación, Log-Log Nuevos vs Total de Casos. 
INCIDENCIA y Factor de Crecimiento. Promedio de confirmados diarios últimas 15 semanas. https://t.co/mLquMM5nel"	https://twitter.com/jorgeluisaliaga/status/1381712454930075649	[]
jorgeluisaliaga	Mon Apr 12 20:54:53 +0000 2021	1	0	"Jujuy, Salta, Tucumán, Catamarca 
Casos Diarios, Prom últimos 7 días, SUMA de últimos 14 días / 100.000 habitantes. Días de Duplicación, Log-Log Nuevos vs Total de Casos. 
INCIDENCIA y Factor de Crecimiento. Promedio de confirmados diarios últimas 15 semanas. https://t.co/L6HAJHzC0o"	https://twitter.com/jorgeluisaliaga/status/1381712447850024960	[]
jorgeluisaliaga	Mon Apr 12 20:54:51 +0000 2021	1	0	"Entre Ríos, Corrientes, Misiones, Formosa
Casos Diarios, Prom últimos 7 días, SUMA de últimos 14 días / 100.000 habitantes. Días de Duplicación, Log-Log Nuevos vs Total de Casos. 
INCIDENCIA y Factor de Crecimiento. Promedio de confirmados diarios últimas 15 semanas. https://t.co/gwbxaHcOg4"	https://twitter.com/jorgeluisaliaga/status/1381712441629765633	[]
jorgeluisaliaga	Mon Apr 12 20:54:50 +0000 2021	2	1	"Santa Fé, Córdoba, Chaco, Santiago del Estero
Casos Diarios, Prom últimos 7 días, SUMA de últimos 14 días / 100.000 habitantes. Días de Duplicación, Log-Log Nuevos vs Total de Casos. 
INCIDENCIA y Factor de Crecimiento. Promedio de confirmados diarios últimas 15 semanas. https://t.co/tvzd8qLFdX"	https://twitter.com/jorgeluisaliaga/status/1381712435262947329	[]
jorgeluisaliaga	Mon Apr 12 20:54:48 +0000 2021	1	0	"CABA, PBA, La Pampa, Tierra del Fuego 
Casos Diarios, Prom últimos 7 días, SUMA de últimos 14 días / 100.000 habitantes. Días de Duplicación, Log-Log Nuevos vs Total de Casos. 
INCIDENCIA y Factor de Crecimiento. Promedio de confirmados diarios últimas 15 semanas. https://t.co/zuBG8rNqLF"	https://twitter.com/jorgeluisaliaga/status/1381712427180564485	[]
jorgeluisaliaga	Mon Apr 12 20:54:46 +0000 2021	1	0	"Muestro la evolución de la cantidad de días necesarios para duplicar (x2) y para decuplicar (x10) (Total y Activos).
La cantidad de días para duplicación aumento de entre 3 y 4 a 26 y ahora está en 83. Por 10 en 277 días. https://t.co/iDgsPl1n30"	https://twitter.com/jorgeluisaliaga/status/1381712421681782787	[]
jorgeluisaliaga	Mon Apr 12 20:54:43 +0000 2021	2	0	"Evolución de la INCIDENCIA y del Factor de Crecimiento (ver Inf del 16/4). 
Muestro también la evolución de la tasa de variación de la cantidad de casos cada 2, 4, y 10 días (ver inf 4/4 y 5/4). También detalle desde el 20/02/21. https://t.co/tlBWZl7MPu"	https://twitter.com/jorgeluisaliaga/status/1381712408075501576	[]
jorgeluisaliaga	Mon Apr 12 20:54:41 +0000 2021	1	0	Muestro en Log-Log Casos Nuevos vs Totales (promedio para cada día con los valores de los siete últimos) (si hay duda, ver inf 3/4). https://t.co/FI2nnLxNcr	https://twitter.com/jorgeluisaliaga/status/1381712399309414400	[]
jorgeluisaliaga	Mon Apr 12 20:54:40 +0000 2021	1	0	"9/1 rearmé el informe.
Total de casos según fecha de carga en escala semilogarítmica, para ver comportamiento exponencial y su velocidad.
Promedio de casos confirmados, UTI y fallecidos por fecha de carga por semana en las últimas 30 semanas. https://t.co/TrmD0sKdnD"	https://twitter.com/jorgeluisaliaga/status/1381712394242646023	[]
jorgeluisaliaga	Mon Apr 12 20:54:38 +0000 2021	2	0	"21 provincias con INCIDENCIA mayor a 150 casos / 100.000 en los últimos 14 días, y 23 provincias con Razón de Casos mayor a 1 (creciendo). 
Incidencia Nacional = 506 casos
Razón de Casos Nacional = 1,90
ALTO RIESGO SANITARIO https://t.co/1lkPCcsIlR"	https://twitter.com/jorgeluisaliaga/status/1381712384633503751	[]
jorgeluisaliaga	Mon Apr 12 20:54:35 +0000 2021	35	10	"Situación COVID-19 al 12/4

Hoy 19.437 nuevos casos confirmados.
Dieciseis provincias con ""alto riesgo sanitario"".
Inicio de semana 15 con alta carga.
Desde 21/9 nuevo formato de informe, sin detalle de tipo de caso.
La cantidad total de casos es 2.551.999. https://t.co/Em40eEzxGe"	https://twitter.com/jorgeluisaliaga/status/1381712371715047428	[]
jorgeluisaliaga	Mon Apr 12 16:56:26 +0000 2021	1	0	"@liarguero @JotaDO Si es tan obvio, porque no testearon masivamente en CABA, Mendoza, Corrientes, Jujuy. 
Lo que funciona para bajar los contagios es aislar a las personas antes de que hayan contagiado. El resto es engañar con consignas que suenan lindo y que no tienen efectos concretos."	https://twitter.com/jorgeluisaliaga/status/1381652439921741824	[]
jorgeluisaliaga	Mon Apr 12 16:51:47 +0000 2021	0	0	"@liarguero @JotaDO Venimos diciendo cosas desde hace un año.
Lo de testeo ya lo expliqué, hace un año.

https://t.co/cBBeoRKwXz"	https://twitter.com/jorgeluisaliaga/status/1381651272240074763	[]
jorgeluisaliaga	Mon Apr 12 16:48:54 +0000 2021	13	0	@rusosnith Para peor no tenemos la batería del módulo de mando para robarle unos amperes extras ...	https://twitter.com/jorgeluisaliaga/status/1381650543618236417	[]
jorgeluisaliaga	Mon Apr 12 12:55:22 +0000 2021	20	10	Comunicado de @RAIIS_ARG https://t.co/2B9nvVxJBd	https://twitter.com/jorgeluisaliaga/status/1381591774792183808	[]
jorgeluisaliaga	Mon Apr 12 12:42:27 +0000 2021	11	2	"@calcanic @Dianacos @fernandezsil Si, pero cada capa de protección baja el riesgo. En ambientes cerrados: 2 metros de distancia, tababocas bien ajustado, y ventilación continua, cruzada, distribuida y medida

Campaña #VentilAr

https://t.co/1TOEJOwF0y"	https://twitter.com/jorgeluisaliaga/status/1381588524995125249	[{'text': 'VentilAr', 'indices': [217, 226]}]
jorgeluisaliaga	Mon Apr 12 12:00:59 +0000 2021	87	6	"@claudiapineiro Varias veces les expliqué a los productores que no iba a piso. Algunos mandaron móvil a la puerta de casa, otros me sacaron por zoom o skype. Y algunos buscaron a otro. 
Puede ser que haya ventilación central adecuada, sin recircular, pero al menos no se ve controlada y medida."	https://twitter.com/jorgeluisaliaga/status/1381578088149041160	[]
jorgeluisaliaga	Mon Apr 12 11:47:30 +0000 2021	13	1	"Siempre interesante leer a @MazzucatoM 

https://t.co/luh1aE2xRi"	https://twitter.com/jorgeluisaliaga/status/1381574695292657669	[]
jorgeluisaliaga	Mon Apr 12 10:41:38 +0000 2021	1	0	@threadreaderapp unroll	https://twitter.com/jorgeluisaliaga/status/1381558120263061504	[]
jorgeluisaliaga	Mon Apr 12 10:41:21 +0000 2021	2	1	"Todos los informes e información en mi sitio

https://t.co/OOPfZIjwmV

La Tabla de datos informados por @msalnacion los puse en:

https://t.co/A6X5GTltVQ"	https://twitter.com/jorgeluisaliaga/status/1381558048179810305	[]
jorgeluisaliaga	Mon Apr 12 10:41:21 +0000 2021	1	0	Anoche la base no se actualizó correctamente, no puedo sacar la segunda parte. Veremos esta noche.	https://twitter.com/jorgeluisaliaga/status/1381558046900490246	[]
jorgeluisaliaga	Mon Apr 12 10:41:20 +0000 2021	1	0	"Sitios con datos / figuras

Gran info regional: Soledad Retamar @sole_reta 

https://t.co/LLv9J5EA7o

Rodrigo Castro @RodrigoD_Castro

https://t.co/9etT4FOHyf"	https://twitter.com/jorgeluisaliaga/status/1381558045549953027	[]
jorgeluisaliaga	Mon Apr 12 10:41:20 +0000 2021	2	0	"Hilos recomendados:

Semáforo: Martin Barrionuevo @mmbarrionuevo 

Rio Negro+Neuquen: Clari Cardozo Castro @ClariCardozoCas 

Diseño @TotinFraire Elaboración @Fedwr 

https://t.co/QHjAPVhfWw"	https://twitter.com/jorgeluisaliaga/status/1381558043834454022	[]
jorgeluisaliaga	Mon Apr 12 10:32:18 +0000 2021	1	0	"#BO
Crease en el ámbito de la Dirección Nacional de Ciberseguridad de la Subsecretaría de Tecnologías de la Información y Comunicación el Comité Asesor para el Desarrollo e Implementación de Aplicaciones Seguras

https://t.co/UqHjl4rxbT"	https://twitter.com/jorgeluisaliaga/status/1381555772375580674	[{'text': 'BO', 'indices': [0, 3]}]
jorgeluisaliaga	Mon Apr 12 10:32:18 +0000 2021	1	0	"#BO
Apruébase el Código de Buenas Prácticas Comerciales de Distribución Mayorista y Minorista

https://t.co/XSxnNBo5mB"	https://twitter.com/jorgeluisaliaga/status/1381555771108917248	[{'text': 'BO', 'indices': [0, 3]}]
jorgeluisaliaga	Mon Apr 12 10:32:18 +0000 2021	2	0	"#BO
Llámese a concurso de ingresos a la Carrera del Investigador Científico y Tecnológico, para incorporar hasta DOCE (12) investigadores en la Carrera del Investigador CyT, en el marco de la Convocatoria Proyectos Especiales – Red Veterinaria 2020

https://t.co/X3BN2v28tM"	https://twitter.com/jorgeluisaliaga/status/1381555769766739970	[{'text': 'BO', 'indices': [0, 3]}]
jorgeluisaliaga	Mon Apr 12 10:32:17 +0000 2021	1	0	"#BO
Llámese a concurso de ingresos a la Carrera del Investigador Científico y Tecnológico, para incorporar hasta 5 investigadores , en el marco de la Convocatoria Proyectos Especiales - Investigaciones Sociales sobre China 2020

https://t.co/qWZXxiNY3Q"	https://twitter.com/jorgeluisaliaga/status/1381555768361680900	[{'text': 'BO', 'indices': [0, 3]}]
jorgeluisaliaga	Mon Apr 12 10:32:17 +0000 2021	2	1	"#BO
Llámese a concurso de ingresos a la Carrera del Investigador Científico y Tecnológico, para incorporar hasta 24 investigadores en la Carrera del Investigador CyT, en el marco de la Convocatoria Proyectos Especiales – Ciencias del Mar 2020

https://t.co/xgtUgmUnGC"	https://twitter.com/jorgeluisaliaga/status/1381555766914646016	[{'text': 'BO', 'indices': [0, 3]}]
jorgeluisaliaga	Mon Apr 12 10:32:17 +0000 2021	14	5	"#BO
Llámese a concurso de ingresos a la Carrera del Investigador Científico y Tecnológico, para incorporar hasta 12 investigadores en Unidades Ejecutoras ubicadas en la Provincia de Entre Ríos, en el marco de la Convocatoria Proyectos Especiales 2020

https://t.co/GYpDItHlF6"	https://twitter.com/jorgeluisaliaga/status/1381555765622738945	[{'text': 'BO', 'indices': [0, 3]}]
jorgeluisaliaga	Sun Apr 11 22:31:35 +0000 2021	0	0	@JotaDO @liarguero Por supuesto. Pero es imposible rastrear con 20.000 contagios diarios. Implica hacer aprox 400.000 llamados, a 15 -20 min cada uno. Por eso CABA JAMÁS rastreo a nadie que no fuera conviviente. Por si no sabías, testean pero no rastrean.	https://twitter.com/jorgeluisaliaga/status/1381374394782650373	[]
jorgeluisaliaga	Sun Apr 11 22:29:12 +0000 2021	0	0	"@liarguero @JotaDO No recomendaría cosas que engañan demagógicamente, como ""testeos masivos"". Algunos quieren ser como los países que controlaron los brotes sin las medidas que aplicaron esos países. Raro."	https://twitter.com/jorgeluisaliaga/status/1381373797157208071	[]
jorgeluisaliaga	Sun Apr 11 22:21:26 +0000 2021	0	0	@JotaDO @batiaines @ernestorr Es cierto. Si lo hacés 100% durante 15 días, llevás los casos a cero. Cuanto menos excepciones, más cerca de eso. Si no hacés nada, duplica cada 12 días, como ahora. En el medio gama de grises.	https://twitter.com/jorgeluisaliaga/status/1381371842921955334	[]
jorgeluisaliaga	Sun Apr 11 22:19:32 +0000 2021	0	0	"@liarguero @JotaDO Yo no dije eso. Yo sólo dije que ""testeos masivos"" no baja los casos. Sólo engaña para que se crea que hay una solución mágica que no se usa por ignorancia.

https://t.co/itRaFbsYr5"	https://twitter.com/jorgeluisaliaga/status/1381371365970874368	[]
jorgeluisaliaga	Sun Apr 11 22:10:48 +0000 2021	0	0	@JotaDO @liarguero Podés no hacer nada y que los terapistas decidan a quien atienden en función de la probabilidad de sobrevivir. Porque negar la realidad no la cambia.	https://twitter.com/jorgeluisaliaga/status/1381369165135683585	[]
jorgeluisaliaga	Sun Apr 11 22:09:06 +0000 2021	1	0	"@Andy_PD Eso es lo que se ha venido haciendo hasta ahora, y parece que no funcionó.
Pueden pensar que acá se hizo mal, poco.
¿En UK también? 
Testear es medir. ¿proponen testear a todas las personas cada 48 hs? 

https://t.co/itRaFbsYr5"	https://twitter.com/jorgeluisaliaga/status/1381368740479131652	[]
jorgeluisaliaga	Sun Apr 11 21:39:22 +0000 2021	1	0	@Andy_PD Como nadie quiere hacer eso, porque TODOS asumen que no están contagiados, terminás colapsado y al final cerrando, tarde.	https://twitter.com/jorgeluisaliaga/status/1381361256473489413	[]
jorgeluisaliaga	Sun Apr 11 21:38:20 +0000 2021	3	0	@Andy_PD Es al revés, si toda persona con síntomas y sus contactos estrechos SIN SÍNTOMAS se aislan 10 días, SIN testeo, se cortan los contagios sin cerrar nada. Hoy no testean a los contactos si no tienen síntomas, no se aislan porque no los testearon y contagian.	https://twitter.com/jorgeluisaliaga/status/1381360995390590982	[]
jorgeluisaliaga	Sun Apr 11 21:35:17 +0000 2021	1	0	"@LeonardoNOEL @gustavolovrich @jljcolorado @Lunera_Luz @aireamos @ventilandoAND @COVIDWarriors Muy similar a las pruebas que hice 

https://t.co/U37AR3jSps"	https://twitter.com/jorgeluisaliaga/status/1381360226759237633	[]
jorgeluisaliaga	Sun Apr 11 21:31:46 +0000 2021	1	0	@lucholeveroni Las estimaciones son que por cada cada hay que rastrear 20 aprox. Hay que llamar 400.000 personas por día. Eso no se hizo en ningún lado. El rastreo funciona si los casos son centenas por día. Y hay que moverse aún con ese número. LLamar, conseguir datos, etc.	https://twitter.com/jorgeluisaliaga/status/1381359341744324613	[]
jorgeluisaliaga	Sun Apr 11 21:28:54 +0000 2021	0	0	@mirisapos @norabar https://t.co/b1fDNuy5wt	https://twitter.com/jorgeluisaliaga/status/1381358622077243397	[]
jorgeluisaliaga	Sun Apr 11 21:24:57 +0000 2021	0	0	@machi_1982 Y para lo que se puede usar es para rastrear a la mayor cantidad de contactos para aislarlos y que no contagien. Si no se va a hacer eso no cambia nada.	https://twitter.com/jorgeluisaliaga/status/1381357626898927617	[]
jorgeluisaliaga	Sun Apr 11 21:24:16 +0000 2021	1	0	"@machi_1982 ¿Para la persona o para controlar la epidemia?
a) no hay tratamiento específico, el médico no cambia nada porque trata los síntomas
b) testear es sacar una foto, si ese dato no se usa para algo son dólares tirados. 

(sigo)"	https://twitter.com/jorgeluisaliaga/status/1381357456064970754	[]
jorgeluisaliaga	Sun Apr 11 21:21:38 +0000 2021	3	0	"@achnav gracias. Hay MUCHO de contagio por aerosoles. 
Por eso está la Campaña Ventilar &gt;&gt; https://t.co/1TOEJOwF0y 

siguiendo las iniciativas de @jljcolorado y @aireamos"	https://twitter.com/jorgeluisaliaga/status/1381356794728042497	[]
jorgeluisaliaga	Sun Apr 11 21:19:41 +0000 2021	2	2	@fabriciomarcopp Conrado Estol dice que hay que testear más, pero aclara que es para aislar. Yo eso no es posible por la cantidad de casos, en ningún lugar se pudo.	https://twitter.com/jorgeluisaliaga/status/1381356303709257731	[]
jorgeluisaliaga	Sun Apr 11 21:15:25 +0000 2021	1	0	@zondafotos Me refiero a que ayer Mendoza cargó fallecidos que eran de enero y febrero.	https://twitter.com/jorgeluisaliaga/status/1381355226595258371	[]
jorgeluisaliaga	Sun Apr 11 21:11:47 +0000 2021	0	0	@MoranoAndres Es imposible hacerlo bien con este nivel de contagios.	https://twitter.com/jorgeluisaliaga/status/1381354315114291207	[]
jorgeluisaliaga	Sun Apr 11 21:11:19 +0000 2021	0	0	"@liarguero No hay mucho que inventar. UK cerró mientras vacunaban, porque ""testeo masivo"" no funcionaba."	https://twitter.com/jorgeluisaliaga/status/1381354198005059586	[]
jorgeluisaliaga	Sun Apr 11 20:40:56 +0000 2021	8	1	"A partir del 5/2/21 saco el informe en dos partes, la primera cuando sale el parte diario y el complemento cuando se actualiza la base de datos, después de las 21:30.

FIN PRIMERA PARTE."	https://twitter.com/jorgeluisaliaga/status/1381346549427494914	[]
jorgeluisaliaga	Sun Apr 11 20:40:55 +0000 2021	11	13	"Hoy se llegó a 57.779 (+132) personas fallecidas. 
Se reportaron 2.233.140 (+15357) personas recuperadas (88,2%). 
3789 (+28) en Terapia. 
Distintos estados de casos en escala semi-logaritmica. 
Lineal muertos y UTI para ver fácil subas. https://t.co/RgNwGKRB9i"	https://twitter.com/jorgeluisaliaga/status/1381346547481387010	[]
jorgeluisaliaga	Sun Apr 11 20:40:54 +0000 2021	4	2	Avance de la Vacunación por sector, por edad y marca de vacuna, por provincia y grupo etario y por provincia y sector. https://t.co/l9BzMsCDCJ	https://twitter.com/jorgeluisaliaga/status/1381346542435635203	[]
jorgeluisaliaga	Sun Apr 11 20:40:53 +0000 2021	3	1	Evolución de la vacunación en todo el país, CABA y PBA. Porcentaje de vacunas aplicadas en relación con las distribuidas. https://t.co/nfISDgBM2b	https://twitter.com/jorgeluisaliaga/status/1381346536228069377	[]
jorgeluisaliaga	Sun Apr 11 20:40:51 +0000 2021	0	0	Avance de la Vacunación por provincia según datos cargado hasta hoy a las 6 AM de &gt;&gt; https://t.co/bBb2CUzoT6 y https://t.co/TNJm7ZPDNK https://t.co/e2FjB8Mspr	https://twitter.com/jorgeluisaliaga/status/1381346530821603329	[]
jorgeluisaliaga	Sun Apr 11 20:40:50 +0000 2021	0	0	"Muestro ajuste.  Uso el crecimiento exponencial con que se ajustaban los datos al 25/3 para una logística, más adecuado en esta etapa de la epidemia, que explico en detalle en este documento (estimo infectados asumiendo un 70% de asintomáticos): 

https://t.co/xDGEjpspvW https://t.co/QP0Y5nDFkj"	https://twitter.com/jorgeluisaliaga/status/1381346525645844491	[]
jorgeluisaliaga	Sun Apr 11 20:40:49 +0000 2021	1	0	"Fallecidos por millón de habitantes por provincia.
Detalle de fecha del último caso de cada provincia. Todas las provincias activas. 
También muestro cantidad de días sin casos por provincia y provincias con casos y casos durante la epidemia. https://t.co/AYNTVABLWI"	https://twitter.com/jorgeluisaliaga/status/1381346520608468999	[]
jorgeluisaliaga	Sun Apr 11 20:40:48 +0000 2021	2	0	"Para los que les sirva, muestro datos más simples de leer de distribución de casos confirmados y muertos, y casos confirmados y muertos por millón de habitantes, por provincia.
También una página interactiva.

https://t.co/UoryUFDQ2D
-------------------------- https://t.co/a2HmgaMGgm"	https://twitter.com/jorgeluisaliaga/status/1381346515650764801	[]
jorgeluisaliaga	Sun Apr 11 20:40:46 +0000 2021	1	0	"Neuquén, Rio Negro, Chubut, Santa Cruz
Casos Diarios, Prom últimos 7 días, SUMA de últimos 14 días / 100.000 habitantes. Días de Duplicación, Log-Log Nuevos vs Total de Casos. 
INCIDENCIA y Factor de Crecimiento. Promedio de confirmados diarios últimas 15 semanas. https://t.co/jyzx2xsq58"	https://twitter.com/jorgeluisaliaga/status/1381346510118518786	[]
jorgeluisaliaga	Sun Apr 11 20:40:45 +0000 2021	0	0	"La Rioja, San Juan, San Luis, Mendoza
Casos Diarios, Prom últimos 7 días, SUMA de últimos 14 días / 100.000 habitantes. Días de Duplicación, Log-Log Nuevos vs Total de Casos. 
INCIDENCIA y Factor de Crecimiento. Promedio de confirmados diarios últimas 15 semanas. https://t.co/oEuWPR2adW"	https://twitter.com/jorgeluisaliaga/status/1381346505051795458	[]
jorgeluisaliaga	Sun Apr 11 20:40:44 +0000 2021	0	1	"Jujuy, Salta, Tucumán, Catamarca 
Casos Diarios, Prom últimos 7 días, SUMA de últimos 14 días / 100.000 habitantes. Días de Duplicación, Log-Log Nuevos vs Total de Casos. 
INCIDENCIA y Factor de Crecimiento. Promedio de confirmados diarios últimas 15 semanas. https://t.co/G3NpVxHRSU"	https://twitter.com/jorgeluisaliaga/status/1381346499867590664	[]
jorgeluisaliaga	Sun Apr 11 20:40:43 +0000 2021	0	0	"Entre Ríos, Corrientes, Misiones, Formosa
Casos Diarios, Prom últimos 7 días, SUMA de últimos 14 días / 100.000 habitantes. Días de Duplicación, Log-Log Nuevos vs Total de Casos. 
INCIDENCIA y Factor de Crecimiento. Promedio de confirmados diarios últimas 15 semanas. https://t.co/lUZbjg0TC7"	https://twitter.com/jorgeluisaliaga/status/1381346494549221381	[]
jorgeluisaliaga	Sun Apr 11 20:40:41 +0000 2021	0	0	"Santa Fé, Córdoba, Chaco, Santiago del Estero
Casos Diarios, Prom últimos 7 días, SUMA de últimos 14 días / 100.000 habitantes. Días de Duplicación, Log-Log Nuevos vs Total de Casos. 
INCIDENCIA y Factor de Crecimiento. Promedio de confirmados diarios últimas 15 semanas. https://t.co/gMHxQQjipa"	https://twitter.com/jorgeluisaliaga/status/1381346488979222529	[]
jorgeluisaliaga	Sun Apr 11 20:40:40 +0000 2021	0	0	"CABA, PBA, La Pampa, Tierra del Fuego 
Casos Diarios, Prom últimos 7 días, SUMA de últimos 14 días / 100.000 habitantes. Días de Duplicación, Log-Log Nuevos vs Total de Casos. 
INCIDENCIA y Factor de Crecimiento. Promedio de confirmados diarios últimas 15 semanas. https://t.co/ttJemm1X1L"	https://twitter.com/jorgeluisaliaga/status/1381346482956218371	[]
jorgeluisaliaga	Sun Apr 11 20:40:38 +0000 2021	0	0	"Muestro la evolución de la cantidad de días necesarios para duplicar (x2) y para decuplicar (x10) (Total y Activos).
La cantidad de días para duplicación aumento de entre 3 y 4 a 26 y ahora está en 80. Por 10 en 264 días. https://t.co/6pwN2HX3pj"	https://twitter.com/jorgeluisaliaga/status/1381346476144594948	[]
jorgeluisaliaga	Sun Apr 11 20:40:37 +0000 2021	0	0	"Evolución de la INCIDENCIA y del Factor de Crecimiento (ver Inf del 16/4). 
Muestro también la evolución de la tasa de variación de la cantidad de casos cada 2, 4, y 10 días (ver inf 4/4 y 5/4). También detalle desde el 20/02/21. https://t.co/ghI32dmdIL"	https://twitter.com/jorgeluisaliaga/status/1381346471409119232	[]
jorgeluisaliaga	Sun Apr 11 20:40:36 +0000 2021	0	0	Muestro en Log-Log Casos Nuevos vs Totales (promedio para cada día con los valores de los siete últimos) (si hay duda, ver inf 3/4). https://t.co/iEBLFvJEMm	https://twitter.com/jorgeluisaliaga/status/1381346466799685643	[]
jorgeluisaliaga	Sun Apr 11 20:40:35 +0000 2021	0	0	"9/1 rearmé el informe.
Total de casos según fecha de carga en escala semilogarítmica, para ver comportamiento exponencial y su velocidad.
Promedio de casos confirmados, UTI y fallecidos por fecha de carga por semana en las últimas 30 semanas. https://t.co/MuK2X5KjOT"	https://twitter.com/jorgeluisaliaga/status/1381346462789988361	[]
jorgeluisaliaga	Sun Apr 11 20:40:34 +0000 2021	1	1	"20 provincias con INCIDENCIA mayor a 150 casos / 100.000 en los últimos 14 días, y 23 provincias con Razón de Casos mayor a 1 (creciendo). 
Incidencia Nacional = 494 casos
Razón de Casos Nacional = 1,98
ALTO RIESGO SANITARIO https://t.co/VsMZf1CAt8"	https://twitter.com/jorgeluisaliaga/status/1381346457320587264	[]
jorgeluisaliaga	Sun Apr 11 20:40:33 +0000 2021	43	11	"Situación COVID-19 al 11/4

Hoy 15.262 nuevos casos confirmados.
Dieciocho provincias con ""alto riesgo sanitario"".
Empieza semana 15 con muy alta carga para domingo.
Desde 21/9 nuevo formato de informe, sin detalle de tipo de caso.
La cantidad total de casos es 2.532.562. https://t.co/2llESy0p53"	https://twitter.com/jorgeluisaliaga/status/1381346452371349509	[]
jorgeluisaliaga	Sun Apr 11 14:55:05 +0000 2021	23	1	"Felicidades y éxitos en la gestión a las nuevas autoridades de @RAdPC .
Y también felicitaciones a las salientes por el gran trabajo permanente y en especial en pandemia.
Se escucharían menos pifias en los medios si se contrataran más periodistas científicos. https://t.co/DB19Euhjtk"	https://twitter.com/jorgeluisaliaga/status/1381259513068711942	[]
jorgeluisaliaga	Sun Apr 11 02:13:30 +0000 2021	2301	602	Un año, y siguen hablando de testeos masivos. Testeo sirve sólo para rastrear. Con este número de contagios es imposible rastrear, y por lo tanto inútil testear. Lo que hay que hacer es bajar la cantidad de casos, el resto es demagogia. https://t.co/oQB1LDEA0W	https://twitter.com/jorgeluisaliaga/status/1381067856276819971	[]
jorgeluisaliaga	Sun Apr 11 01:58:42 +0000 2021	1	0	@threadreaderapp unroll	https://twitter.com/jorgeluisaliaga/status/1381064132187787269	[]
jorgeluisaliaga	Sun Apr 11 01:58:29 +0000 2021	4	1	"Todos los informes e información en mi sitio

https://t.co/OOPfZIjwmV

La Tabla de datos informados por @msalnacion los puse en:

https://t.co/A6X5GTltVQ"	https://twitter.com/jorgeluisaliaga/status/1381064076089028616	[]
jorgeluisaliaga	Sun Apr 11 01:58:28 +0000 2021	6	0	Casos confirmados por rango etario en CABA y PBA con detalle de edades escolares. https://t.co/ZPEPOadron	https://twitter.com/jorgeluisaliaga/status/1381064073576599556	[]
jorgeluisaliaga	Sun Apr 11 01:58:27 +0000 2021	6	2	"Edad promedio de confirmados y de mayores de 70 años por semana de inicio de síntoma.
Cantidad de fallecidos y su edad media, y fallecidos mayores de 70 años por semana de inicio de síntoma. https://t.co/YEWkPWtdSh"	https://twitter.com/jorgeluisaliaga/status/1381064067658489865	[]
jorgeluisaliaga	Sun Apr 11 01:58:26 +0000 2021	4	0	"Fallecidos por fecha síntoma y fallecimiento. Como El tiempo medio entre síntoma y fallecimiento es aprox 2 semanas, x fallecimiento ya predice x síntoma. 
Ya se ve suba. https://t.co/XvvUl2DaFu"	https://twitter.com/jorgeluisaliaga/status/1381064063166377984	[]
jorgeluisaliaga	Sun Apr 11 01:58:25 +0000 2021	2	0	"De los 297 informados como fallecidos, 75 fallecieron hace más de 14 días.
2 de AGOSTO Jujuy
7 de ENERO (6 Mendoza, Entre Ríos)
17 de FEBRERO (9 PBA, 8 Mendoza)
Se muestra días entre inicio de síntoma y fallecimiento, largas internaciones. https://t.co/wEOtuuycAn"	https://twitter.com/jorgeluisaliaga/status/1381064058770755585	[]
jorgeluisaliaga	Sun Apr 11 01:58:24 +0000 2021	2	0	"Casos confirmados y sospechosos por fecha de apertura en TOTAL, CABA y PBA.
Testeo y positividad por semana de apertura. https://t.co/BI7DqfrxGm"	https://twitter.com/jorgeluisaliaga/status/1381064054819717121	[]
jorgeluisaliaga	Sun Apr 11 01:58:23 +0000 2021	2	0	Detalles de Tests Confirmados, Descartados y Sospechosos según residencia en PBA y CABA por semana, con detalles según lugar de carga y sector público o privado. Amarillo es lo pendiente. https://t.co/OGT0aMf5bm	https://twitter.com/jorgeluisaliaga/status/1381064050163998724	[]
jorgeluisaliaga	Sun Apr 11 01:58:21 +0000 2021	2	0	"Ya se hicieron 7.667.455 Tests PCR de diagnóstico (error +/- 10 tests), 29,8% de positividad.
Hoy 37.160, 32,4% la positividad. 
Cuando teníamos 10% de positividad (10/5) había 250-300 casos por día. https://t.co/v4ipFt7EnE"	https://twitter.com/jorgeluisaliaga/status/1381064045294403584	[]
jorgeluisaliaga	Sun Apr 11 01:58:20 +0000 2021	2	0	"Los casos ordenados por fecha de síntoma, promediada cada día los últimos 7 en lineal y semi-log (ver inf 24/7). Y Por millón de habitantes.

DUPLICACIÓN DE CASOS NUEVOS EN AMBA: 12 DÍAS https://t.co/aEWxa1Nt5z"	https://twitter.com/jorgeluisaliaga/status/1381064040978518017	[]
jorgeluisaliaga	Sun Apr 11 01:58:19 +0000 2021	4	0	"Sitios con datos / figuras

Gran info regional: Soledad Retamar @sole_reta 

https://t.co/LLv9J5EA7o

Rodrigo Castro @RodrigoD_Castro

https://t.co/9etT4FOHyf"	https://twitter.com/jorgeluisaliaga/status/1381064036721303558	[]
jorgeluisaliaga	Sun Apr 11 01:58:19 +0000 2021	5	0	"Hilos recomendados:

Semáforo: Martin Barrionuevo @mmbarrionuevo 

Rio Negro+Neuquen: Clari Cardozo Castro @ClariCardozoCas 

Diseño @TotinFraire Elaboración @Fedwr 

https://t.co/5WxVuyDCKP"	https://twitter.com/jorgeluisaliaga/status/1381064034959683587	[]
jorgeluisaliaga	Sun Apr 11 00:58:54 +0000 2021	10	2	No se pierdan hoy a Sol Minoldo @SolAndaluz en @D_Conocimiento 23:30 @C5N https://t.co/ZEGtokYzt0	https://twitter.com/jorgeluisaliaga/status/1381049083507408898	[]
jorgeluisaliaga	Sat Apr 10 23:48:08 +0000 2021	39	9	Más allá de que es la única, recordar que si los casos crecen exponencialmente, la velocidad de crecimiento también. Lo que puede cambiar es cuan rápido es ese crecimiento exponencial, pero ES exponencial. https://t.co/pkqIkJ3I0s	https://twitter.com/jorgeluisaliaga/status/1381031275151122432	[]
jorgeluisaliaga	Sat Apr 10 23:17:30 +0000 2021	245	173	"En CABA se saturó el sector privado de salud y ya casi no quedan camas de terapia para prepagas y obras sociales
Por @Lantos para @eldestapeweb 

https://t.co/BSoBECWMhn"	https://twitter.com/jorgeluisaliaga/status/1381023564061679620	[]
jorgeluisaliaga	Sat Apr 10 23:07:02 +0000 2021	0	0	@Sr_Basta Si, ayuda la fecha del tweet 😶	https://twitter.com/jorgeluisaliaga/status/1381020930760175619	[]
jorgeluisaliaga	Sat Apr 10 23:05:12 +0000 2021	12	0	@FeosSuciosyMalo @NicoOlsze Hace 6 semanas que el crecimiento en CABA es exponencial (Razón de Casos mayor a UNO). Desde hace 2 es exponencial, pero más rápido, los casos nuevos se duplicaron en sólo 12 días.	https://twitter.com/jorgeluisaliaga/status/1381020469458010112	[]
jorgeluisaliaga	Sat Apr 10 21:15:57 +0000 2021	13	3	@NicoOlsze No, sólo que así como las semanas pasadas no tenían tan pocos casos como se cargaba ahora se compensa, pero igual subiendo. https://t.co/YA08EcC07p	https://twitter.com/jorgeluisaliaga/status/1380992974998372352	[]
jorgeluisaliaga	Sat Apr 10 21:12:50 +0000 2021	32	3	@NicoOlsze OJO, 50 de Mendoza, sin duda es carga atrasada en parte.	https://twitter.com/jorgeluisaliaga/status/1380992190252511241	[]
jorgeluisaliaga	Sat Apr 10 20:52:12 +0000 2021	59	25	"La principal forma de transmisión del coronavirus es por aire
Entrevista de Natalia Concina @nconcina11 a José Luis Jiménez @jljcolorado @aireamos 

https://t.co/54MjzQ7rc0"	https://twitter.com/jorgeluisaliaga/status/1380987000099123207	[]
jorgeluisaliaga	Sat Apr 10 20:37:53 +0000 2021	0	0	@4Dgifts Hoy razón de casos 2, duplicó en los últimos cada 14 días. Si se mantiene, da algo así.	https://twitter.com/jorgeluisaliaga/status/1380983393505177603	[]
jorgeluisaliaga	Sat Apr 10 20:33:41 +0000 2021	13	1	"A partir del 5/2/21 saco el informe en dos partes, la primera cuando sale el parte diario y el complemento cuando se actualiza la base de datos, después de las 21:30.

FIN PRIMERA PARTE."	https://twitter.com/jorgeluisaliaga/status/1380982337928855552	[]
jorgeluisaliaga	Sat Apr 10 20:33:40 +0000 2021	7	1	"Hoy se llegó a 57.647 (+297) personas fallecidas. 
Se reportaron 2.217.783 (+13857) personas recuperadas (88,1%). 
3761 (+43) en Terapia. 
Distintos estados de casos en escala semi-logaritmica. 
Lineal muertos y UTI para ver fácil subas. https://t.co/xfybpqtJJ1"	https://twitter.com/jorgeluisaliaga/status/1380982335844278276	[]
jorgeluisaliaga	Sat Apr 10 20:33:39 +0000 2021	5	1	Avance de la Vacunación por sector, por edad y marca de vacuna, por provincia y grupo etario y por provincia y sector. https://t.co/AfQjkCeM6y	https://twitter.com/jorgeluisaliaga/status/1380982331117338624	[]
jorgeluisaliaga	Sat Apr 10 20:33:38 +0000 2021	4	1	Evolución de la vacunación en todo el país, CABA y PBA. Porcentaje de vacunas aplicadas en relación con las distribuidas. https://t.co/dHslWgyoX9	https://twitter.com/jorgeluisaliaga/status/1380982325614350336	[]
jorgeluisaliaga	Sat Apr 10 20:33:37 +0000 2021	4	1	Avance de la Vacunación por provincia según datos cargado hasta hoy a las 6 AM de &gt;&gt; https://t.co/bBb2CUzoT6 y https://t.co/TNJm7ZPDNK https://t.co/B9t6YCshlP	https://twitter.com/jorgeluisaliaga/status/1380982319998193670	[]
jorgeluisaliaga	Sat Apr 10 20:33:35 +0000 2021	5	1	"Muestro ajuste.  Uso el crecimiento exponencial con que se ajustaban los datos al 25/3 para una logística, más adecuado en esta etapa de la epidemia, que explico en detalle en este documento (estimo infectados asumiendo un 70% de asintomáticos): 

https://t.co/xDGEjpspvW https://t.co/znf8m1HbF6"	https://twitter.com/jorgeluisaliaga/status/1380982314692440068	[]
jorgeluisaliaga	Sat Apr 10 20:33:34 +0000 2021	4	2	"Fallecidos por millón de habitantes por provincia.
Detalle de fecha del último caso de cada provincia. Todas las provincias activas. 
También muestro cantidad de días sin casos por provincia y provincias con casos y casos durante la epidemia. https://t.co/lVSIZiXvvM"	https://twitter.com/jorgeluisaliaga/status/1380982309281792001	[]
jorgeluisaliaga	Sat Apr 10 20:33:33 +0000 2021	4	2	"Para los que les sirva, muestro datos más simples de leer de distribución de casos confirmados y muertos, y casos confirmados y muertos por millón de habitantes, por provincia.
También una página interactiva.

https://t.co/UoryUFDQ2D
-------------------------- https://t.co/Zunoj173MN"	https://twitter.com/jorgeluisaliaga/status/1380982304479281154	[]
jorgeluisaliaga	Sat Apr 10 20:33:32 +0000 2021	4	1	"Neuquén, Rio Negro, Chubut, Santa Cruz
Casos Diarios, Prom últimos 7 días, SUMA de últimos 14 días / 100.000 habitantes. Días de Duplicación, Log-Log Nuevos vs Total de Casos. 
INCIDENCIA y Factor de Crecimiento. Promedio de confirmados diarios últimas 15 semanas. https://t.co/011LZdz8LV"	https://twitter.com/jorgeluisaliaga/status/1380982298846302213	[]
jorgeluisaliaga	Sat Apr 10 20:33:30 +0000 2021	4	1	"La Rioja, San Juan, San Luis, Mendoza
Casos Diarios, Prom últimos 7 días, SUMA de últimos 14 días / 100.000 habitantes. Días de Duplicación, Log-Log Nuevos vs Total de Casos. 
INCIDENCIA y Factor de Crecimiento. Promedio de confirmados diarios últimas 15 semanas. https://t.co/nD4qjrN1VF"	https://twitter.com/jorgeluisaliaga/status/1380982293595062278	[]
jorgeluisaliaga	Sat Apr 10 20:33:29 +0000 2021	4	1	"Jujuy, Salta, Tucumán, Catamarca 
Casos Diarios, Prom últimos 7 días, SUMA de últimos 14 días / 100.000 habitantes. Días de Duplicación, Log-Log Nuevos vs Total de Casos. 
INCIDENCIA y Factor de Crecimiento. Promedio de confirmados diarios últimas 15 semanas. https://t.co/JNlvzv2u5M"	https://twitter.com/jorgeluisaliaga/status/1380982288364765186	[]
jorgeluisaliaga	Sat Apr 10 20:33:28 +0000 2021	3	1	"Entre Ríos, Corrientes, Misiones, Formosa
Casos Diarios, Prom últimos 7 días, SUMA de últimos 14 días / 100.000 habitantes. Días de Duplicación, Log-Log Nuevos vs Total de Casos. 
INCIDENCIA y Factor de Crecimiento. Promedio de confirmados diarios últimas 15 semanas. https://t.co/cJnGszGrvg"	https://twitter.com/jorgeluisaliaga/status/1380982282882838531	[]
jorgeluisaliaga	Sat Apr 10 20:33:26 +0000 2021	4	1	"Santa Fé, Córdoba, Chaco, Santiago del Estero
Casos Diarios, Prom últimos 7 días, SUMA de últimos 14 días / 100.000 habitantes. Días de Duplicación, Log-Log Nuevos vs Total de Casos. 
INCIDENCIA y Factor de Crecimiento. Promedio de confirmados diarios últimas 15 semanas. https://t.co/YGABW15tyk"	https://twitter.com/jorgeluisaliaga/status/1380982277144989711	[]
jorgeluisaliaga	Sat Apr 10 20:33:25 +0000 2021	4	2	"CABA, PBA, La Pampa, Tierra del Fuego 
Casos Diarios, Prom últimos 7 días, SUMA de últimos 14 días / 100.000 habitantes. Días de Duplicación, Log-Log Nuevos vs Total de Casos. 
INCIDENCIA y Factor de Crecimiento. Promedio de confirmados diarios últimas 15 semanas. https://t.co/jf5VajmoX0"	https://twitter.com/jorgeluisaliaga/status/1380982271818235905	[]
jorgeluisaliaga	Sat Apr 10 20:33:24 +0000 2021	4	1	"Muestro la evolución de la cantidad de días necesarios para duplicar (x2) y para decuplicar (x10) (Total y Activos).
La cantidad de días para duplicación aumento de entre 3 y 4 a 26 y ahora está en 80. Por 10 en 264 días. https://t.co/HQ2ChA57EY"	https://twitter.com/jorgeluisaliaga/status/1380982266705420288	[]
jorgeluisaliaga	Sat Apr 10 20:33:23 +0000 2021	5	1	"Evolución de la INCIDENCIA y del Factor de Crecimiento (ver Inf del 16/4). 
Muestro también la evolución de la tasa de variación de la cantidad de casos cada 2, 4, y 10 días (ver inf 4/4 y 5/4). También detalle desde el 20/02/21. https://t.co/5B2DgSyWMV"	https://twitter.com/jorgeluisaliaga/status/1380982262657875970	[]
jorgeluisaliaga	Sat Apr 10 20:33:22 +0000 2021	4	2	Muestro en Log-Log Casos Nuevos vs Totales (promedio para cada día con los valores de los siete últimos) (si hay duda, ver inf 3/4). https://t.co/cJWNSAprnL	https://twitter.com/jorgeluisaliaga/status/1380982258232868872	[]
jorgeluisaliaga	Sat Apr 10 20:33:21 +0000 2021	4	2	"9/1 rearmé el informe.
Total de casos según fecha de carga en escala semilogarítmica, para ver comportamiento exponencial y su velocidad.
Promedio de casos confirmados, UTI y fallecidos por fecha de carga por semana en las últimas 30 semanas. https://t.co/36AOg1EYH8"	https://twitter.com/jorgeluisaliaga/status/1380982254218977280	[]
jorgeluisaliaga	Sat Apr 10 20:33:20 +0000 2021	5	4	"20 provincias con INCIDENCIA mayor a 150 casos / 100.000 en los últimos 14 días, y 23 provincias con Razón de Casos mayor a 1 (creciendo). 
Incidencia Nacional = 476 casos
Razón de Casos Nacional = 1,97
ALTO RIESGO SANITARIO https://t.co/HXMg7aIdIz"	https://twitter.com/jorgeluisaliaga/status/1380982248674050056	[]
jorgeluisaliaga	Sat Apr 10 20:33:18 +0000 2021	59	23	"Situación COVID-19 al 10/4

Hoy 19.419 nuevos casos confirmados.
Dieciocho provincias con ""alto riesgo sanitario"".
Cierra semana 14 con muy alta carga, sábado.
Desde 21/9 nuevo formato de informe, sin detalle de tipo de caso.
La cantidad total de casos es 2.517.300. https://t.co/OtZCpU2ROP"	https://twitter.com/jorgeluisaliaga/status/1380982243636678666	[]
jorgeluisaliaga	Sat Apr 10 19:16:21 +0000 2021	3	0	@Ulidevoto @GerardoRossel @Lemeit Si, eso es un problema. Cuando se pueda no estar en el mismo ambiente (menos tiempo, menos riesgo), tapabocas bien ajustado, y abrir un poco ventanas (de distintos ambientes) así con puertas abiertas circula aire. Riesgo cero no existe, pero eso lo hace menor.	https://twitter.com/jorgeluisaliaga/status/1380962878287704069	[]
jorgeluisaliaga	Sat Apr 10 19:12:45 +0000 2021	1	0	"@Seiscerodos1 @Mr_Bugman En la segunda parte del informe, que sale después que actualizan la base 21:30, porque los ""testeos"" que salen en el parte incluyen testeos de seguimiento, no sólo de diagnóstico. En la base se tiene el número correcto.

https://t.co/9cg8HnMuGW"	https://twitter.com/jorgeluisaliaga/status/1380961970548015110	[]
jorgeluisaliaga	Sat Apr 10 14:31:53 +0000 2021	31	5	Muy buen análisis de @aleberco sobre los cambios de mirada en función de quien gobierna. https://t.co/ff3IIfrQIv	https://twitter.com/jorgeluisaliaga/status/1380891287776284674	[]
jorgeluisaliaga	Sat Apr 10 14:29:11 +0000 2021	3	1	@GerardoRossel @Ulidevoto @Lemeit Bien. 450m3 para 8 personas en un buen margen de aire.  Una muy buena entrada de aire son 10 litros / seg / persona. Es central si las ventanas están enfrentadas (o una puerta). Buenas chances de que esté ok, pero midiendo uno se queda tranquilo.	https://twitter.com/jorgeluisaliaga/status/1380890607229530114	[]
jorgeluisaliaga	Sat Apr 10 14:20:47 +0000 2021	0	0	@GerardoRossel @Ulidevoto @Lemeit ok, 2,5 es una altura común. largo y ancho? Uso (el tipo de actividad importa)?	https://twitter.com/jorgeluisaliaga/status/1380888495208738822	[]
jorgeluisaliaga	Sat Apr 10 13:35:50 +0000 2021	1	0	"@GerardoRossel @Ulidevoto @Lemeit Ah, atención porque si el salud en alto, tipo tinglado, como el aire respirado está más caliente sube y si hay alguna banderola hace chimenea y ventila mejor. 
La altura del espacio (volumen) ayuda."	https://twitter.com/jorgeluisaliaga/status/1380877184596856834	[]
jorgeluisaliaga	Sat Apr 10 13:32:37 +0000 2021	2	0	@Seiscerodos1 @Mr_Bugman No entiendo, eso no es la positividad? https://t.co/MfZZXCcGnN	https://twitter.com/jorgeluisaliaga/status/1380876374962012162	[]
jorgeluisaliaga	Sat Apr 10 13:11:49 +0000 2021	5	0	@JorgeAPalacio1 @ernestorr @libros_librosok No se si @rquiroga777 estuvo leyendo eso del informe	https://twitter.com/jorgeluisaliaga/status/1380871139338108930	[]
jorgeluisaliaga	Sat Apr 10 13:11:10 +0000 2021	12	1	@carraspero Si, pero ojo que hoy las UTI están ocupadas con otras cosas también, el año pasado mucho menos por los cierres.	https://twitter.com/jorgeluisaliaga/status/1380870974808207362	[]
jorgeluisaliaga	Sat Apr 10 12:59:09 +0000 2021	1	0	"@Seiscerodos1 @Mr_Bugman Los datos mios son sólo los publicados por nación, en el parte o en la base.

Para nuevos confirmados vs total confirmados este gráfico es muy bueno. 
Esto de es de hace un año &gt; &gt;  https://t.co/vpjFa4BUbd https://t.co/BiiSjcSTpN"	https://twitter.com/jorgeluisaliaga/status/1380867950639517703	[]
jorgeluisaliaga	Sat Apr 10 12:55:43 +0000 2021	2	0	@Ulidevoto @GerardoRossel @Lemeit para casas no tiene sentido, es para oficinas, comercios, escuelas, restaurantes.	https://twitter.com/jorgeluisaliaga/status/1380867086222827524	[]
jorgeluisaliaga	Sat Apr 10 12:49:05 +0000 2021	0	0	"@MarianoMarziali creo que eso se ve mejor en esta de la segunda parte, en especial en la ultima figura

https://t.co/ztQyxuW79v"	https://twitter.com/jorgeluisaliaga/status/1380865418684997633	[]
jorgeluisaliaga	Sat Apr 10 12:45:42 +0000 2021	11	1	@ernestorr @libros_librosok Eso entendía, pero el que sabe sos vos.	https://twitter.com/jorgeluisaliaga/status/1380864565836181514	[]
jorgeluisaliaga	Sat Apr 10 12:33:54 +0000 2021	1	1	"#BO
Prórroga de requisitos de ingreso al territorio nacional para personas extranjeras no residentes en el país

https://t.co/QyZMu8BQvH"	https://twitter.com/jorgeluisaliaga/status/1380861597250433024	[{'text': 'BO', 'indices': [0, 3]}]
jorgeluisaliaga	Sat Apr 10 12:33:54 +0000 2021	0	0	"#BO
Autorizase a las Entidades de Medicina Prepaga un aumento general y complementario al aprobado para el mes de marzo de 2021 de hasta un 4,5% a partir del 1º de abril de 2021, y de hasta un 5,5% adicional a partir del 1º de mayo de 2021.

https://t.co/sJV2lYNTl5"	https://twitter.com/jorgeluisaliaga/status/1380861595878850560	[{'text': 'BO', 'indices': [0, 3]}]
jorgeluisaliaga	Sat Apr 10 12:33:53 +0000 2021	1	0	"#BO
Exceptúase de las prohibiciones dispuestas a los votantes y al personal afectado a los comicios correspondientes a las Elecciones Generales de la República del Perú.

https://t.co/R64Tcnnfyb"	https://twitter.com/jorgeluisaliaga/status/1380861594515685383	[{'text': 'BO', 'indices': [0, 3]}]
jorgeluisaliaga	Sat Apr 10 12:33:53 +0000 2021	7	1	"#BO
CIERRE DE FRONTERAS
Decisión Administrativa 342/2021 - Prórroga.

https://t.co/PaisNvtVPQ"	https://twitter.com/jorgeluisaliaga/status/1380861593253199879	[{'text': 'BO', 'indices': [0, 3]}]
jorgeluisaliaga	Sat Apr 10 02:10:52 +0000 2021	1	0	@jorgefantin Hasta ahora, de los casos que se detectaron, en ningún caso hubo 2 en el mismo grupo. Eso indicaría que el protocolo es adecuado. No es una demostración.	https://twitter.com/jorgeluisaliaga/status/1380704804381528069	[]
jorgeluisaliaga	Sat Apr 10 02:09:15 +0000 2021	1	0	"@jorgefantin Los turnos se reservan, hay que hacer una capacitación que incluye una declaración jurada

https://t.co/qBByaIALwJ"	https://twitter.com/jorgeluisaliaga/status/1380704397974441984	[]
jorgeluisaliaga	Sat Apr 10 02:06:53 +0000 2021	1	0	@jorgefantin https://t.co/jKZjY2PfRi	https://twitter.com/jorgeluisaliaga/status/1380703800823058442	[]
jorgeluisaliaga	Sat Apr 10 02:06:44 +0000 2021	1	0	"@jorgefantin Desde este cuatrimestre sólo hay presencial laboratorios y uso de computadoras (con turno previo).

https://t.co/dCWkvaJwiM"	https://twitter.com/jorgeluisaliaga/status/1380703766899482624	[]
jorgeluisaliaga	Sat Apr 10 02:04:54 +0000 2021	1	0	"@jorgefantin OJO, yo tengo más de 60, trabajo en casa.
Tenemos protocolo aprobado desde noviembre

https://t.co/gLUiwprKuB

En la Universidad: 2 mts y tapacocas, en lugares cerrados puertas y ventanas abiertas y 6 renovaciones de aire por hora.

(sigo)"	https://twitter.com/jorgeluisaliaga/status/1380703305786089475	[]
jorgeluisaliaga	Sat Apr 10 01:41:18 +0000 2021	2	1	"@FILIAUGUSTOARG @oscaratienza Exacto. Si estás a ciegas, abrís de más. Si medís, abrís sólo lo necesario.

Ver ejemplo de España en pleno invierno

https://t.co/HQXz7aBHjK"	https://twitter.com/jorgeluisaliaga/status/1380697365045252103	[]
jorgeluisaliaga	Sat Apr 10 01:39:25 +0000 2021	4	0	@threadreaderapp unroll	https://twitter.com/jorgeluisaliaga/status/1380696890136739844	[]
jorgeluisaliaga	Sat Apr 10 01:38:58 +0000 2021	8	1	"Todos los informes e información en mi sitio

https://t.co/OOPfZIjwmV

La Tabla de datos informados por @msalnacion los puse en:

https://t.co/A6X5GTltVQ"	https://twitter.com/jorgeluisaliaga/status/1380696775451930629	[]
jorgeluisaliaga	Sat Apr 10 01:38:57 +0000 2021	10	4	Casos confirmados por rango etario en CABA y PBA con detalle de edades escolares. https://t.co/hsn1n6V31l	https://twitter.com/jorgeluisaliaga/status/1380696772931170305	[]
jorgeluisaliaga	Sat Apr 10 01:38:55 +0000 2021	4	1	"Edad promedio de confirmados y de mayores de 70 años por semana de inicio de síntoma.
Cantidad de fallecidos y su edad media, y fallecidos mayores de 70 años por semana de inicio de síntoma. https://t.co/wMmUT6aLXQ"	https://twitter.com/jorgeluisaliaga/status/1380696766367076354	[]
jorgeluisaliaga	Sat Apr 10 01:38:54 +0000 2021	1	0	"Carga de fallecidos demorados de hoy:

1 de SEPTIEMBRE Tucumán
8 de OCTUBRE (4 Tucumán y Santa Fe)
8 de NOVIEMBRE (7 Santa Fe, Neuquén)
1 de DICIEMBRE Santa Fe
2 de FEBRERO Chubut"	https://twitter.com/jorgeluisaliaga/status/1380696762369908737	[]
jorgeluisaliaga	Sat Apr 10 01:38:54 +0000 2021	0	0	"De los 229 informados como fallecidos, 29 fallecieron hace más de 13 días.

Se muestra días entre inicio de síntoma y fallecimiento, largas internaciones. https://t.co/fyuHDdA8eb"	https://twitter.com/jorgeluisaliaga/status/1380696760570552321	[]
jorgeluisaliaga	Sat Apr 10 01:38:53 +0000 2021	0	0	"Casos confirmados y sospechosos por fecha de apertura en TOTAL, CABA y PBA.
Testeo y positividad por semana de apertura. https://t.co/1cl4hRRiVr"	https://twitter.com/jorgeluisaliaga/status/1380696756476858373	[]
jorgeluisaliaga	Sat Apr 10 01:38:52 +0000 2021	1	0	Detalles de Tests Confirmados, Descartados y Sospechosos según residencia en PBA y CABA por semana, con detalles según lugar de carga y sector público o privado. Amarillo es lo pendiente. https://t.co/WFIjfNw5dI	https://twitter.com/jorgeluisaliaga/status/1380696751997390848	[]
jorgeluisaliaga	Sat Apr 10 01:38:51 +0000 2021	1	0	"Ya se hicieron 7.612.468 Tests PCR de diagnóstico (error +/- 10 tests), 29,8% de positividad.
Hoy 41.650, 34,3% la positividad. 
Cuando teníamos 10% de positividad (10/5) había 250-300 casos por día. https://t.co/iYahIHJpTp"	https://twitter.com/jorgeluisaliaga/status/1380696747299733506	[]
jorgeluisaliaga	Sat Apr 10 01:38:50 +0000 2021	1	0	"Los casos ordenados por fecha de síntoma, promediada cada día los últimos 7 en lineal y semi-log (ver inf 24/7). Y Por millón de habitantes.
Las amarillas ""predicen"" lo que van a hacer las curvas x síntoma cuando entren casos de esas fechas.

x 5 en 5 días en CABA y AMBA https://t.co/lxla3NyDJ6"	https://twitter.com/jorgeluisaliaga/status/1380696743109607425	[]
jorgeluisaliaga	Sat Apr 10 01:38:49 +0000 2021	0	0	"Sitios con datos / figuras

Gran info regional: Soledad Retamar @sole_reta 

https://t.co/LLv9J5EA7o

Rodrigo Castro @RodrigoD_Castro

https://t.co/9etT4FOHyf"	https://twitter.com/jorgeluisaliaga/status/1380696739036942337	[]
jorgeluisaliaga	Sat Apr 10 01:38:48 +0000 2021	2	0	"Hilos recomendados:

Semáforo: Martin Barrionuevo @mmbarrionuevo 

https://t.co/KXsZHHzofE

Rio Negro+Neuquen: Clari Cardozo Castro @ClariCardozoCas 

Diseño @TotinFraire Elaboración @Fedwr 

https://t.co/9Kf1GUnSln"	https://twitter.com/jorgeluisaliaga/status/1380696736998559747	[]
jorgeluisaliaga	Fri Apr 09 21:15:16 +0000 2021	2	0	@CEC1963 @norabar Hubiera pasado lo mismo que UK o NY en marzo - abril 2020, 3 o 4 semanas más tarde.	https://twitter.com/jorgeluisaliaga/status/1380630416961458176	[]
jorgeluisaliaga	Fri Apr 09 21:13:57 +0000 2021	0	0	@marceevila Si, los médicos con los que comparto grupos dicen que ya mismo. Es una suba muy rápida sin haber suspendido con tiempo programadas.	https://twitter.com/jorgeluisaliaga/status/1380630085800243201	[]
jorgeluisaliaga	Fri Apr 09 21:12:29 +0000 2021	1	0	@luism_mza No, yo los tomo movil, salvo que sean datos de semana epidemiológica (empieza los domingos), que los publico en la segunda parte que sale a las 22 con datos de SISA.	https://twitter.com/jorgeluisaliaga/status/1380629712834285572	[]
jorgeluisaliaga	Fri Apr 09 21:11:02 +0000 2021	2	1	"@gabygaviotera En la primera parte del parte, que saco a eso de las 18, no hay edades porque eso lo armó por el parte diario

https://t.co/Zol7E0xzuU

A las 22 saco la segunda parte, con los datos de la base de SISA que tienen edades de cada caso. 

Acá evolución de conf en CABA 2021. https://t.co/7s9zNPwzTD"	https://twitter.com/jorgeluisaliaga/status/1380629350937157635	[]
jorgeluisaliaga	Fri Apr 09 21:07:24 +0000 2021	0	0	@Jul4829648 Mirá, si se quiere hacer difícil se hace. Y fácil también. Con que haya en la escuela un banco o silla libre lo ponés ahí. De hecho hay medidores comerciales de mano, es decir, lo podés tener en la mano y mientras que no les respires encima no pasa nada. https://t.co/OG2493xtoZ	https://twitter.com/jorgeluisaliaga/status/1380628437262553088	[]
jorgeluisaliaga	Fri Apr 09 20:53:47 +0000 2021	9	0	"A partir del 5/2/21 saco el informe en dos partes, la primera cuando sale el parte diario y el complemento cuando se actualiza la base de datos, después de las 21:30.

FIN PRIMERA PARTE."	https://twitter.com/jorgeluisaliaga/status/1380625009027260417	[]
jorgeluisaliaga	Fri Apr 09 20:53:47 +0000 2021	8	2	"Hoy se llegó a 57.350 (+228) personas fallecidas. 
Se reportaron 2.203.926 (+14943) personas recuperadas (88,2%). 
3718 (-24) en Terapia. 
Distintos estados de casos en escala semi-logaritmica. 
Lineal muertos y UTI para ver fácil subas. https://t.co/TToyShUOzJ"	https://twitter.com/jorgeluisaliaga/status/1380625006883958790	[]
jorgeluisaliaga	Fri Apr 09 20:53:45 +0000 2021	4	1	Avance de la Vacunación por sector, por edad y marca de vacuna, por provincia y grupo etario y por provincia y sector. https://t.co/qfnkGcbtHD	https://twitter.com/jorgeluisaliaga/status/1380625002060464135	[]
jorgeluisaliaga	Fri Apr 09 20:53:44 +0000 2021	4	1	Evolución de la vacunación en todo el país, CABA y PBA. Porcentaje de vacunas aplicadas en relación con las distribuidas. https://t.co/HVSYNeAB7X	https://twitter.com/jorgeluisaliaga/status/1380624996356268041	[]
jorgeluisaliaga	Fri Apr 09 20:53:43 +0000 2021	1	1	Avance de la Vacunación por provincia según datos cargado hasta hoy a las 6 AM de &gt;&gt; https://t.co/bBb2CUzoT6 y https://t.co/TNJm7ZPDNK https://t.co/QNlD1zoHj5	https://twitter.com/jorgeluisaliaga/status/1380624991314657280	[]
jorgeluisaliaga	Fri Apr 09 20:53:42 +0000 2021	2	1	"Muestro ajuste.  Uso el crecimiento exponencial con que se ajustaban los datos al 25/3 para una logística, más adecuado en esta etapa de la epidemia, que explico en detalle en este documento (estimo infectados asumiendo un 70% de asintomáticos): 

https://t.co/xDGEjpspvW https://t.co/v0BOKd7t0J"	https://twitter.com/jorgeluisaliaga/status/1380624985681756160	[]
jorgeluisaliaga	Fri Apr 09 20:53:40 +0000 2021	2	1	"Fallecidos por millón de habitantes por provincia.
Detalle de fecha del último caso de cada provincia. Todas las provincias activas. 
También muestro cantidad de días sin casos por provincia y provincias con casos y casos durante la epidemia. https://t.co/MyQtYNGmoN"	https://twitter.com/jorgeluisaliaga/status/1380624979344175107	[]
jorgeluisaliaga	Fri Apr 09 20:53:39 +0000 2021	4	1	"Para los que les sirva, muestro datos más simples de leer de distribución de casos confirmados y muertos, y casos confirmados y muertos por millón de habitantes, por provincia.
También una página interactiva.

https://t.co/UoryUFDQ2D
-------------------------- https://t.co/9jdrrKv3YK"	https://twitter.com/jorgeluisaliaga/status/1380624973992169474	[]
jorgeluisaliaga	Fri Apr 09 20:53:37 +0000 2021	5	2	"Neuquén, Rio Negro, Chubut, Santa Cruz
Casos Diarios, Prom últimos 7 días, SUMA de últimos 14 días / 100.000 habitantes. Días de Duplicación, Log-Log Nuevos vs Total de Casos. 
INCIDENCIA y Factor de Crecimiento. Promedio de confirmados diarios últimas 15 semanas. https://t.co/t98Y6lcMry"	https://twitter.com/jorgeluisaliaga/status/1380624968585777155	[]
jorgeluisaliaga	Fri Apr 09 20:53:36 +0000 2021	6	1	"La Rioja, San Juan, San Luis, Mendoza
Casos Diarios, Prom últimos 7 días, SUMA de últimos 14 días / 100.000 habitantes. Días de Duplicación, Log-Log Nuevos vs Total de Casos. 
INCIDENCIA y Factor de Crecimiento. Promedio de confirmados diarios últimas 15 semanas. https://t.co/YMRk7ia00p"	https://twitter.com/jorgeluisaliaga/status/1380624963347091463	[]
jorgeluisaliaga	Fri Apr 09 20:53:35 +0000 2021	3	1	"Jujuy, Salta, Tucumán, Catamarca 
Casos Diarios, Prom últimos 7 días, SUMA de últimos 14 días / 100.000 habitantes. Días de Duplicación, Log-Log Nuevos vs Total de Casos. 
INCIDENCIA y Factor de Crecimiento. Promedio de confirmados diarios últimas 15 semanas. https://t.co/Bu9E9ACteM"	https://twitter.com/jorgeluisaliaga/status/1380624957793783808	[]
jorgeluisaliaga	Fri Apr 09 20:53:34 +0000 2021	3	1	"Entre Ríos, Corrientes, Misiones, Formosa
Casos Diarios, Prom últimos 7 días, SUMA de últimos 14 días / 100.000 habitantes. Días de Duplicación, Log-Log Nuevos vs Total de Casos. 
INCIDENCIA y Factor de Crecimiento. Promedio de confirmados diarios últimas 15 semanas. https://t.co/oBpzKJb9Er"	https://twitter.com/jorgeluisaliaga/status/1380624952391577603	[]
jorgeluisaliaga	Fri Apr 09 20:53:32 +0000 2021	4	1	"Santa Fé, Córdoba, Chaco, Santiago del Estero
Casos Diarios, Prom últimos 7 días, SUMA de últimos 14 días / 100.000 habitantes. Días de Duplicación, Log-Log Nuevos vs Total de Casos. 
INCIDENCIA y Factor de Crecimiento. Promedio de confirmados diarios últimas 15 semanas. https://t.co/XqWrnMHYyX"	https://twitter.com/jorgeluisaliaga/status/1380624946922201093	[]
jorgeluisaliaga	Fri Apr 09 20:53:31 +0000 2021	4	1	"CABA, PBA, La Pampa, Tierra del Fuego 
Casos Diarios, Prom últimos 7 días, SUMA de últimos 14 días / 100.000 habitantes. Días de Duplicación, Log-Log Nuevos vs Total de Casos. 
INCIDENCIA y Factor de Crecimiento. Promedio de confirmados diarios últimas 15 semanas. https://t.co/s4dx5sYNBH"	https://twitter.com/jorgeluisaliaga/status/1380624941687713797	[]
jorgeluisaliaga	Fri Apr 09 20:53:30 +0000 2021	3	1	"Muestro la evolución de la cantidad de días necesarios para duplicar (x2) y para decuplicar (x10) (Total y Activos).
La cantidad de días para duplicación aumento de entre 3 y 4 a 26 y ahora está en 87. Por 10 en 288 días. https://t.co/FpyAJ2bZeu"	https://twitter.com/jorgeluisaliaga/status/1380624936885178376	[]
jorgeluisaliaga	Fri Apr 09 20:53:29 +0000 2021	2	1	"Evolución de la INCIDENCIA y del Factor de Crecimiento (ver Inf del 16/4). 
Muestro también la evolución de la tasa de variación de la cantidad de casos cada 2, 4, y 10 días (ver inf 4/4 y 5/4). También detalle desde el 20/02/21. https://t.co/vxuFchYPX6"	https://twitter.com/jorgeluisaliaga/status/1380624932435070978	[]
jorgeluisaliaga	Fri Apr 09 20:53:28 +0000 2021	3	1	Muestro en Log-Log Casos Nuevos vs Totales (promedio para cada día con los valores de los siete últimos) (si hay duda, ver inf 3/4). https://t.co/GTUb5BJ5Rs	https://twitter.com/jorgeluisaliaga/status/1380624927829721096	[]
jorgeluisaliaga	Fri Apr 09 20:53:27 +0000 2021	5	1	"9/1 rearmé el informe.
Total de casos según fecha de carga en escala semilogarítmica, para ver comportamiento exponencial y su velocidad.
Promedio de casos confirmados, UTI y fallecidos por fecha de carga por semana en las últimas 30 semanas. https://t.co/MGuTXyQGeM"	https://twitter.com/jorgeluisaliaga/status/1380624923559923715	[]
jorgeluisaliaga	Fri Apr 09 20:53:26 +0000 2021	8	2	"20 provincias con INCIDENCIA mayor a 150 casos / 100.000 en los últimos 14 días, y 23 provincias con Razón de Casos mayor a 1 (creciendo). 
Incidencia Nacional = 456 casos
Razón de Casos Nacional = 1,96
ALTO RIESGO SANITARIO

Los casos se duplicaron en 15 días. https://t.co/cBDgzVcWbt"	https://twitter.com/jorgeluisaliaga/status/1380624918518362118	[]
jorgeluisaliaga	Fri Apr 09 20:53:24 +0000 2021	72	29	"Situación COVID-19 al 9/4

Hoy 24.130 nuevos casos confirmados.
Dieciocho provincias con ""alto riesgo sanitario"".
Desde 21/9 nuevo formato de informe, sin detalle de tipo de caso.
Viernes y la carga no baja, mala señal.
La cantidad total de casos es 2.497.881. https://t.co/kKKX7ueK2C"	https://twitter.com/jorgeluisaliaga/status/1380624913329967108	[]
jorgeluisaliaga	Fri Apr 09 20:30:10 +0000 2021	7	0	"@GerardoRossel Como dice @Lemeit , lo importante es que el sensor sea NDIR.
El resto, depende de lo que busques. WeSense no tiene display, muestra colores y se lee y maneja desde app, por ej.
Otras opciones &gt;&gt; https://t.co/0pVpWmoC1O"	https://twitter.com/jorgeluisaliaga/status/1380619063605481473	[]
jorgeluisaliaga	Fri Apr 09 20:27:21 +0000 2021	0	0	@Jul4829648 Creo que te podés responder si pensás lo siguiente. ¿Querés hacer un mapa 3D de CO2 en el aula o tener una estimación de cuan respirado está el aire que vas a respirar? Si es la segunda, lo revelante es medir mas o menos a la altura de las cabezas.	https://twitter.com/jorgeluisaliaga/status/1380618357670567942	[]
jorgeluisaliaga	Fri Apr 09 20:24:39 +0000 2021	2	0	@libros_librosok Entiendo que es sólo a esenciales, no? No soy experto en eso, seguramente @ernestorr puede aportar.	https://twitter.com/jorgeluisaliaga/status/1380617676805001216	[]
jorgeluisaliaga	Fri Apr 09 11:38:08 +0000 2021	16	3	"La partícula rebelde
Columna semanal de Nora Bär @norabar 

https://t.co/gwXJ0GsEB5"	https://twitter.com/jorgeluisaliaga/status/1380485175684050947	[]
jorgeluisaliaga	Fri Apr 09 11:33:11 +0000 2021	0	0	"@Seiscerodos1 @Mr_Bugman Fijate ahora. Gracias por el comentario. Yo sólo subo los datos todas las noches de ese día, no trabajo en línea con ese archivo y no lo había notado.

https://t.co/A6X5GTltVQ"	https://twitter.com/jorgeluisaliaga/status/1380483927090065408	[]
jorgeluisaliaga	Fri Apr 09 11:30:11 +0000 2021	1	0	@Seiscerodos1 @Mr_Bugman gracias. Ahora lo hago	https://twitter.com/jorgeluisaliaga/status/1380483173600133123	[]
jorgeluisaliaga	Fri Apr 09 11:28:29 +0000 2021	1	0	@Vernica56861294 @sbassi Hace hace 2 semanas el crecimiento exponencial no era muy rápido. Se aceleró mucho los últimos 15 días. Puede ser x más movimiento de personas. Puede ser por mayor circulación de variantes más contagiosas. Si es esto último, gran error turismo de semana santa.	https://twitter.com/jorgeluisaliaga/status/1380482744917049346	[]
jorgeluisaliaga	Fri Apr 09 11:26:40 +0000 2021	0	0	@LeonardoNOEL @ACSSOingenieria @jljcolorado @aireamos @Lemeit @Seba_Martinezzz Lo tengo clarísimo. Te muestro el protocolo que sacó la @UBARectorado y la diferencia con el que escribí para @unahurlingham , ambos de noviembre 2020, en la parte de ventilación. https://t.co/lHFtIZnIND	https://twitter.com/jorgeluisaliaga/status/1380482287331065857	[]
jorgeluisaliaga	Fri Apr 09 11:17:57 +0000 2021	9	3	"#BO
Retorno a presencialidad de personal vacunado

https://t.co/10tZ0GdIcK"	https://twitter.com/jorgeluisaliaga/status/1380480093965930497	[{'text': 'BO', 'indices': [0, 3]}]
jorgeluisaliaga	Fri Apr 09 11:17:56 +0000 2021	9	2	"#BO
Adóptanse las recomendaciones formuladas por el Comité de Evaluación y Monitoreo del “Programa REPRO II”

https://t.co/USpveUmZiu"	https://twitter.com/jorgeluisaliaga/status/1380480092716077056	[{'text': 'BO', 'indices': [0, 3]}]
jorgeluisaliaga	Fri Apr 09 11:17:56 +0000 2021	6	2	"#BO
Autorízase la utilización del equipamiento de flameado utilizando Gas Licuado de Petróleo (GLP) propano como combustible, para su aplicación en el desmalezado de cultivos

https://t.co/MV1Cm3hzyS"	https://twitter.com/jorgeluisaliaga/status/1380480091403223040	[{'text': 'BO', 'indices': [0, 3]}]
jorgeluisaliaga	Fri Apr 09 11:17:56 +0000 2021	8	2	"#BO
INSTITUTO UNIVERSITARIO CIAS - Creación y funcionamiento.

https://t.co/JREzfACVGa

#BO
Disposiciones ante falta de sock de mercaderias

https://t.co/TZi3EI2RpR"	https://twitter.com/jorgeluisaliaga/status/1380480090052648963	[{'text': 'BO', 'indices': [0, 3]}, {'text': 'BO', 'indices': [88, 91]}]
jorgeluisaliaga	Fri Apr 09 11:17:55 +0000 2021	62	17	"#BO
Instrúyese a la PROCURACIÓN DEL TESORO DE LA NACION para que se constituya en parte querellante en la causa N° 3561/2019 “Macri Mauricio y otros s/ defraudación por administración fraudulenta y defraudación contra la administración pública”

https://t.co/3Ufw81UrE3"	https://twitter.com/jorgeluisaliaga/status/1380480088769236998	[{'text': 'BO', 'indices': [0, 3]}]
jorgeluisaliaga	Fri Apr 09 02:39:46 +0000 2021	1	0	@sbassi porque la de diciembre algunos la ven como un desliz 🤷‍♂️. Para mi es semántico, no discuto como lo quieran llamar. 😀	https://twitter.com/jorgeluisaliaga/status/1380349690051489793	[]
jorgeluisaliaga	Fri Apr 09 02:38:25 +0000 2021	3	0	@meddle2010 @rusosnith @aliexpress La norma europea para clases es 1.100 ppm. El CO2 elevado baja el rendimiento, adormece.	https://twitter.com/jorgeluisaliaga/status/1380349348916166656	[]
jorgeluisaliaga	Fri Apr 09 02:36:43 +0000 2021	1	0	"@silcacer10 @rusosnith @todoelamor @aliexpress El ozono es tóxico, no debe ser aplicado cuando hay ocupantes. 

https://t.co/GisQQBGOx4"	https://twitter.com/jorgeluisaliaga/status/1380348923018158086	[]
jorgeluisaliaga	Fri Apr 09 02:29:51 +0000 2021	3	0	@threadreaderapp unroll	https://twitter.com/jorgeluisaliaga/status/1380347194633564165	[]
jorgeluisaliaga	Fri Apr 09 02:29:36 +0000 2021	6	2	"Todos los informes e información en mi sitio

https://t.co/OOPfZIjwmV

La Tabla de datos informados por @msalnacion los puse en:

https://t.co/A6X5GTltVQ"	https://twitter.com/jorgeluisaliaga/status/1380347130460712962	[]
jorgeluisaliaga	Fri Apr 09 02:29:35 +0000 2021	4	3	Casos confirmados por rango etario en CABA y PBA con detalle de edades escolares. https://t.co/4ANOnS9huu	https://twitter.com/jorgeluisaliaga/status/1380347127994462208	[]
jorgeluisaliaga	Fri Apr 09 02:29:34 +0000 2021	5	2	"Edad promedio de confirmados y de mayores de 70 años por semana de inicio de síntoma.
Cantidad de fallecidos y su edad media, y fallecidos mayores de 70 años por semana de inicio de síntoma. https://t.co/7Ugo2FGUlM"	https://twitter.com/jorgeluisaliaga/status/1380347122571173890	[]
jorgeluisaliaga	Fri Apr 09 02:29:33 +0000 2021	3	1	"Lo que se carga cada día no es lo que pasó cada día. Acá fallecidos por fecha de carga y de fallecimiento.
Por fecha de carga se notan los días no laborables, por fallecimiento no. https://t.co/FyaFXGZkDr"	https://twitter.com/jorgeluisaliaga/status/1380347118053953536	[]
jorgeluisaliaga	Fri Apr 09 02:29:32 +0000 2021	0	1	"De los 290 informados como fallecidos, 63 fallecieron hace más de 12 días.
1 de SEPTIEMBRE Santa Fe
1 de NOVIEMBRE Santa Fe
1 de FEBRERO Neuquén
Se muestra días entre inicio de síntoma y fallecimiento, largas internaciones. https://t.co/XZRpZ5nIMy"	https://twitter.com/jorgeluisaliaga/status/1380347114199334913	[]
jorgeluisaliaga	Fri Apr 09 02:29:31 +0000 2021	1	1	"Casos confirmados y sospechosos por fecha de apertura en TOTAL, CABA y PBA.
Testeo y positividad por semana de apertura. https://t.co/0dgsdLwBfz"	https://twitter.com/jorgeluisaliaga/status/1380347109904371715	[]
jorgeluisaliaga	Fri Apr 09 02:29:30 +0000 2021	1	1	Detalles de Tests Confirmados, Descartados y Sospechosos según residencia en PBA y CABA por semana, con detalles según lugar de carga y sector público o privado. Amarillo es lo pendiente. https://t.co/v5wrnInOHO	https://twitter.com/jorgeluisaliaga/status/1380347104997048320	[]
jorgeluisaliaga	Fri Apr 09 02:29:28 +0000 2021	1	1	"Ya se hicieron 7.549.050 Tests PCR de diagnóstico (error +/- 10 tests), 29,8% de positividad.
Hoy 53.729, 28,7% la positividad. 
Cuando teníamos 10% de positividad (10/5) había 250-300 casos por día. https://t.co/8qBxe1sR0S"	https://twitter.com/jorgeluisaliaga/status/1380347100358176773	[]
jorgeluisaliaga	Fri Apr 09 02:29:27 +0000 2021	1	1	"Los casos ordenados por fecha de síntoma, promediada cada día los últimos 7 en lineal y semi-log (ver inf 24/7). Y Por millón de habitantes.
Hasta ahora las amarillas ""predicen"" lo que van a hacer las curvas x síntoma cuando entren casos de esas fechas, atención la suba. https://t.co/n0T5xPXC5h"	https://twitter.com/jorgeluisaliaga/status/1380347095949926403	[]
jorgeluisaliaga	Fri Apr 09 02:29:26 +0000 2021	1	1	"Sitios con datos / figuras

Gran info regional: Soledad Retamar @sole_reta 

https://t.co/LLv9J5EA7o

Rodrigo Castro @RodrigoD_Castro

https://t.co/9etT4FOHyf"	https://twitter.com/jorgeluisaliaga/status/1380347091436851200	[]
jorgeluisaliaga	Fri Apr 09 02:29:26 +0000 2021	2	1	"Hilos recomendados:

Semáforo: Martin Barrionuevo @mmbarrionuevo 

https://t.co/ajDhxdnCnQ

Rio Negro+Neuquen: Clari Cardozo Castro @ClariCardozoCas 

Diseño @TotinFraire Elaboración @Fedwr 

https://t.co/36OErBpiJS"	https://twitter.com/jorgeluisaliaga/status/1380347089683615745	[]
jorgeluisaliaga	Fri Apr 09 01:21:17 +0000 2021	0	0	@ACSSOingenieria @jljcolorado @aireamos @Lemeit @Seba_Martinezzz ¿en qué escala? Mostrame algún país que mencione como recomendación oficial al menos esto. No es perfecto, para eso están ustedes 😀	https://twitter.com/jorgeluisaliaga/status/1380329940919459842	[]
jorgeluisaliaga	Fri Apr 09 01:14:33 +0000 2021	3	0	@cebediaz @mmlamoyano @bigua2019 @MarceOzz @mmbarrionuevo @sole_reta Estamos analizando eso, pero incluso por edad	https://twitter.com/jorgeluisaliaga/status/1380328245116162049	[]
jorgeluisaliaga	Fri Apr 09 01:13:36 +0000 2021	3	0	"@rusosnith @todoelamor @aliexpress ABSOLUTAMENTE. Para mi, es el equivalente 03/20 a termómetros y alcohol. Yo compré sensores a fines de diciembre a $4.500. El costo es U$S 15. No entiendo cómo no quieren ganar plata ...

https://t.co/6l8DbrR558"	https://twitter.com/jorgeluisaliaga/status/1380328006552588288	[]
jorgeluisaliaga	Fri Apr 09 01:09:22 +0000 2021	0	0	@morhijo @mecasullo La forma de hacer eso es rastrear contactos. Tengo variadas referencias de responsables reputados que decían hace 10 meses que no creían en eso fuera de convivientes. ¿No @ischargro ?	https://twitter.com/jorgeluisaliaga/status/1380326939337035776	[]
jorgeluisaliaga	Fri Apr 09 01:05:48 +0000 2021	13	0	"@ACSSOingenieria @jljcolorado @aireamos @Lemeit @Seba_Martinezzz El DNU de hoy habla de ""ventilación adecuada y constante"" varias veces. Es un gran logro en escala de otros sitios. 

https://t.co/JYhbLz35YP"	https://twitter.com/jorgeluisaliaga/status/1380326043031060482	[]
jorgeluisaliaga	Fri Apr 09 01:03:09 +0000 2021	3	0	"@gabrielsanca @todoelamor @rusosnith @Intelligentgas Acá la lista de fabricantes de equipos que relevó @ciencia_ar 

Los sensores son importados, de bajo coso (U$S15-20) 

https://t.co/0pVpWmoC1O"	https://twitter.com/jorgeluisaliaga/status/1380325375109173252	[]
jorgeluisaliaga	Fri Apr 09 00:19:53 +0000 2021	1	0	"@Politilogica @Exactas_UBA @aireamos Hola. Los sensores que sirven son los DNIR de SO2.
Los que usé yo son estos, que salen U$S 15 (+costo de envío) y venden de a 2 mínimo. Por poca cantidad sale caro el envío. 
Las empresas que fabrican traen. No las electrónicas, se agotaron en enero.

https://t.co/hymqZfITvo"	https://twitter.com/jorgeluisaliaga/status/1380314486339477512	[]
jorgeluisaliaga	Fri Apr 09 00:17:16 +0000 2021	2	1	@enriquevetere @Exactas_UBA @Fisica_UBA @cnba La adaptación de mi desarrollo lo hizo Hernan Grecco @GreccoHernan con los pañoleros de @Fisica_UBA . El departamento tiene impresoras 3D. Yo use cajas de térmicas.	https://twitter.com/jorgeluisaliaga/status/1380313829213671430	[]
jorgeluisaliaga	Thu Apr 08 23:37:47 +0000 2021	2	0	"@bigua2019 @MarceOzz @mmlamoyano @mmbarrionuevo @sole_reta Hola Mariana.
Esto es por fecha de reporte, acumuladas. Y muertos por día según fecha de muerte (no de reporte). Y por fecha de muerte y reporte diarias, juntas. https://t.co/Sgsss9DQm7"	https://twitter.com/jorgeluisaliaga/status/1380303892680896514	[]
jorgeluisaliaga	Thu Apr 08 23:21:07 +0000 2021	8	1	"@bigua2019 @MarceOzz @mmlamoyano @mmbarrionuevo @sole_reta Hola Mariana.
Esto es por fecha de reporte, acumuladas. Y muertos por día según fecha de muerte (no de reporte). Y por fecha de muerte y reporte diarias, juntas. https://t.co/CIb5My5IDx"	https://twitter.com/jorgeluisaliaga/status/1380299700071452674	[]
jorgeluisaliaga	Thu Apr 08 23:15:27 +0000 2021	1	0	@GorositoIrene @rusosnith @aliexpress @MarianoMarziali 👏👏👏	https://twitter.com/jorgeluisaliaga/status/1380298271642509317	[]
jorgeluisaliaga	Thu Apr 08 23:14:52 +0000 2021	0	0	"@todoelamor @rusosnith @aliexpress De nada. Los sensores NDIR son bien conocidos desde la parte de la física, no hay secreto ahí. Lo difícil es hacerlos todos igual, en 33 mm×20 mm×9 mm pensando 20 gramos, con electrónica de comunicación etc.

https://t.co/UhwCLBedpW"	https://twitter.com/jorgeluisaliaga/status/1380298127400394753	[]
jorgeluisaliaga	Thu Apr 08 23:11:40 +0000 2021	1	0	"@rusosnith @todoelamor @aliexpress Reconozco que se lo dije a dos secretarios de estado de producción y a un subsecretrario.
Pero en la medida que las empresas podían importar, no vieron problema.
Y desconozco porqué las empresas de sensores para Arduino que en diciembre tenían no volvieron a traer. https://t.co/AN7h6DHQXC"	https://twitter.com/jorgeluisaliaga/status/1380297320617676801	[]
jorgeluisaliaga	Thu Apr 08 21:54:27 +0000 2021	5	1	"A partir del 5/2/21 saco el informe en dos partes, la primera cuando sale el parte diario y el complemento cuando se actualiza la base de datos, después de las 21:30.

FIN PRIMERA PARTE."	https://twitter.com/jorgeluisaliaga/status/1380277889178943488	[]
jorgeluisaliaga	Thu Apr 08 21:54:26 +0000 2021	8	1	"Hoy se llegó a 57.122 (+290) personas fallecidas. 
Se reportaron 2.188.983 (+14358) personas recuperadas (88,5%). 
3742 (+36) en Terapia. 
Distintos estados de casos en escala semi-logaritmica. 
Lineal muertos y UTI para ver fácil subas. https://t.co/xdcxM3t12M"	https://twitter.com/jorgeluisaliaga/status/1380277884321947651	[]
jorgeluisaliaga	Thu Apr 08 21:54:25 +0000 2021	4	3	Avance de la Vacunación por sector, por edad y marca de vacuna, por provincia y grupo etario y por provincia y sector. https://t.co/7StM1dX49e	https://twitter.com/jorgeluisaliaga/status/1380277879058087938	[]
jorgeluisaliaga	Thu Apr 08 21:54:23 +0000 2021	3	2	Evolución de la vacunación en todo el país, CABA y PBA. Porcentaje de vacunas aplicadas en relación con las distribuidas. https://t.co/yZjOiz6jcC	https://twitter.com/jorgeluisaliaga/status/1380277870002647046	[]
jorgeluisaliaga	Thu Apr 08 21:54:21 +0000 2021	1	1	Avance de la Vacunación por provincia según datos cargado hasta hoy a las 6 AM de &gt;&gt; https://t.co/bBb2CUzoT6 y https://t.co/TNJm7ZPDNK https://t.co/UdQaKSJ1R4	https://twitter.com/jorgeluisaliaga/status/1380277863979622405	[]
jorgeluisaliaga	Thu Apr 08 21:54:20 +0000 2021	3	1	"Muestro ajuste.  Uso el crecimiento exponencial con que se ajustaban los datos al 25/3 para una logística, más adecuado en esta etapa de la epidemia, que explico en detalle en este documento (estimo infectados asumiendo un 70% de asintomáticos): 

https://t.co/xDGEjpspvW https://t.co/Z19GK4ZYSe"	https://twitter.com/jorgeluisaliaga/status/1380277857625251850	[]
jorgeluisaliaga	Thu Apr 08 21:54:18 +0000 2021	3	2	"Fallecidos por millón de habitantes por provincia.
Detalle de fecha del último caso de cada provincia. Todas las provincias activas. 
También muestro cantidad de días sin casos por provincia y provincias con casos y casos durante la epidemia. https://t.co/WNGpy2NiSI"	https://twitter.com/jorgeluisaliaga/status/1380277851740602368	[]
jorgeluisaliaga	Thu Apr 08 21:54:17 +0000 2021	4	3	"Para los que les sirva, muestro datos más simples de leer de distribución de casos confirmados y muertos, y casos confirmados y muertos por millón de habitantes, por provincia.
También una página interactiva.

https://t.co/UoryUFDQ2D
-------------------------- https://t.co/m59TIce01l"	https://twitter.com/jorgeluisaliaga/status/1380277846015365123	[]
jorgeluisaliaga	Thu Apr 08 21:54:16 +0000 2021	3	3	"Neuquén, Rio Negro, Chubut, Santa Cruz
Casos Diarios, Prom últimos 7 días, SUMA de últimos 14 días / 100.000 habitantes. Días de Duplicación, Log-Log Nuevos vs Total de Casos. 
INCIDENCIA y Factor de Crecimiento. Promedio de confirmados diarios últimas 15 semanas. https://t.co/DfXy1znLu3"	https://twitter.com/jorgeluisaliaga/status/1380277839988199424	[]
jorgeluisaliaga	Thu Apr 08 21:54:14 +0000 2021	4	2	"La Rioja, San Juan, San Luis, Mendoza
Casos Diarios, Prom últimos 7 días, SUMA de últimos 14 días / 100.000 habitantes. Días de Duplicación, Log-Log Nuevos vs Total de Casos. 
INCIDENCIA y Factor de Crecimiento. Promedio de confirmados diarios últimas 15 semanas. https://t.co/f79kAaY2C7"	https://twitter.com/jorgeluisaliaga/status/1380277834053193729	[]
jorgeluisaliaga	Thu Apr 08 21:54:13 +0000 2021	4	2	"Jujuy, Salta, Tucumán, Catamarca 
Casos Diarios, Prom últimos 7 días, SUMA de últimos 14 días / 100.000 habitantes. Días de Duplicación, Log-Log Nuevos vs Total de Casos. 
INCIDENCIA y Factor de Crecimiento. Promedio de confirmados diarios últimas 15 semanas. https://t.co/cJoYiMi0xd"	https://twitter.com/jorgeluisaliaga/status/1380277827535265794	[]
jorgeluisaliaga	Thu Apr 08 21:54:11 +0000 2021	4	2	"Entre Ríos, Corrientes, Misiones, Formosa
Casos Diarios, Prom últimos 7 días, SUMA de últimos 14 días / 100.000 habitantes. Días de Duplicación, Log-Log Nuevos vs Total de Casos. 
INCIDENCIA y Factor de Crecimiento. Promedio de confirmados diarios últimas 15 semanas. https://t.co/CGKWlw8pve"	https://twitter.com/jorgeluisaliaga/status/1380277821755506690	[]
jorgeluisaliaga	Thu Apr 08 21:54:10 +0000 2021	4	2	"Santa Fé, Córdoba, Chaco, Santiago del Estero
Casos Diarios, Prom últimos 7 días, SUMA de últimos 14 días / 100.000 habitantes. Días de Duplicación, Log-Log Nuevos vs Total de Casos. 
INCIDENCIA y Factor de Crecimiento. Promedio de confirmados diarios últimas 15 semanas. https://t.co/ZCCYp4fF7X"	https://twitter.com/jorgeluisaliaga/status/1380277816227471370	[]
jorgeluisaliaga	Thu Apr 08 21:54:09 +0000 2021	4	2	"CABA, PBA, La Pampa, Tierra del Fuego 
Casos Diarios, Prom últimos 7 días, SUMA de últimos 14 días / 100.000 habitantes. Días de Duplicación, Log-Log Nuevos vs Total de Casos. 
INCIDENCIA y Factor de Crecimiento. Promedio de confirmados diarios últimas 15 semanas. https://t.co/6sKjVVAWrM"	https://twitter.com/jorgeluisaliaga/status/1380277810758041606	[]
jorgeluisaliaga	Thu Apr 08 21:54:07 +0000 2021	4	3	"Muestro la evolución de la cantidad de días necesarios para duplicar (x2) y para decuplicar (x10) (Total y Activos).
La cantidad de días para duplicación aumento de entre 3 y 4 a 26 y ahora está en 100. Por 10 en 332 días. https://t.co/UUTnFwvHGC"	https://twitter.com/jorgeluisaliaga/status/1380277804181389313	[]
jorgeluisaliaga	Thu Apr 08 21:54:06 +0000 2021	4	2	"Evolución de la INCIDENCIA y del Factor de Crecimiento (ver Inf del 16/4). 
Muestro también la evolución de la tasa de variación de la cantidad de casos cada 2, 4, y 10 días (ver inf 4/4 y 5/4). También detalle desde el 20/02/21. https://t.co/9geoFdEXNZ"	https://twitter.com/jorgeluisaliaga/status/1380277800251363331	[]
jorgeluisaliaga	Thu Apr 08 21:54:05 +0000 2021	4	2	Muestro en Log-Log Casos Nuevos vs Totales (promedio para cada día con los valores de los siete últimos) (si hay duda, ver inf 3/4). https://t.co/dySikF5Yan	https://twitter.com/jorgeluisaliaga/status/1380277795549544451	[]
jorgeluisaliaga	Thu Apr 08 21:54:04 +0000 2021	5	2	"9/1 rearmé el informe.
Total de casos según fecha de carga en escala semilogarítmica, para ver comportamiento exponencial y su velocidad.
Promedio de casos confirmados, UTI y fallecidos por fecha de carga por semana en las últimas 30 semanas. https://t.co/mceJPKMPZj"	https://twitter.com/jorgeluisaliaga/status/1380277791502036998	[]
jorgeluisaliaga	Thu Apr 08 21:54:03 +0000 2021	5	3	"20 provincias con INCIDENCIA mayor a 150 casos / 100.000 en los últimos 14 días, y 22 provincias con Razón de Casos mayor a 1 (creciendo). 
Incidencia Nacional = 431 casos
Razón de Casos Nacional = 1,95
ALTO RIESGO SANITARIO https://t.co/dGgJDzKjLd"	https://twitter.com/jorgeluisaliaga/status/1380277786015850496	[]
jorgeluisaliaga	Thu Apr 08 21:54:01 +0000 2021	54	17	"Situación COVID-19 al 8/4

Hoy 23.683 nuevos casos confirmados.
Diecisiete provincias con ""alto riesgo sanitario"".
Ya crece en casi todo el país, muy fuerte en AMBA.
Desde 21/9 nuevo formato de informe, sin detalle de tipo de caso.
La cantidad total de casos es 2.473.751. https://t.co/1BFCE0Hcmf"	https://twitter.com/jorgeluisaliaga/status/1380277780873687040	[]
jorgeluisaliaga	Thu Apr 08 21:35:25 +0000 2021	30	3	"@mecasullo lo traté de explicar hace un año, cuando decían que como iban a testear otros labos además del Malbran iban a subir los casos.

https://t.co/cBBeoRKwXz"	https://twitter.com/jorgeluisaliaga/status/1380273096930787334	[]
jorgeluisaliaga	Thu Apr 08 19:01:31 +0000 2021	6	3	"#BO 8/4 SUPLEMENTO
DNU 235/2021
COVID-19 MEDIDAS GENERALES DE PREVENCIÓN

https://t.co/JYhbLz35YP"	https://twitter.com/jorgeluisaliaga/status/1380234370053767170	[{'text': 'BO', 'indices': [0, 3]}]
jorgeluisaliaga	Thu Apr 08 18:13:07 +0000 2021	111	38	"Otro mito que cayó con el avance de la ciencia: el contacto con superficies es de bajo riesgo para contagiarse el coronavirus
Por Valeria Roman @ValeriaRoman 

https://t.co/bJaXkQvWGc"	https://twitter.com/jorgeluisaliaga/status/1380222189794947074	[]
jorgeluisaliaga	Thu Apr 08 13:30:33 +0000 2021	7	1	"@enriquevetere @Exactas_UBA @Fisica_UBA @cnba También podrían armarlos, es una pavada para ""el colegio"".

El código, soft e instrucciones que uso exactas-uba lo puse público

https://t.co/rSVjw8K2a7"	https://twitter.com/jorgeluisaliaga/status/1380151079380393994	[]
jorgeluisaliaga	Thu Apr 08 13:27:31 +0000 2021	123	21	En @Exactas_UBA tomaron el desarrollo que puse público y lo mejoraron. Avanza el ventilación continua, cruzada, distribuida y medida. @aireamos https://t.co/jvrl9DN8yr	https://twitter.com/jorgeluisaliaga/status/1380150312359624708	[]
jorgeluisaliaga	Thu Apr 08 12:00:22 +0000 2021	4	2	"#BO
Créase el Programa Nacional de Finalización de Viviendas denominado “PROGRAMA RECONSTRUIR”

https://t.co/ptFZBDEtlz"	https://twitter.com/jorgeluisaliaga/status/1380128383074459650	[{'text': 'BO', 'indices': [0, 3]}]
jorgeluisaliaga	Thu Apr 08 12:00:22 +0000 2021	6	2	"#BO
Convócase a la presentación de Proyectos de Desarrollo Empresarial PAC

https://t.co/34cHHq5JY6"	https://twitter.com/jorgeluisaliaga/status/1380128381858111488	[{'text': 'BO', 'indices': [0, 3]}]
jorgeluisaliaga	Thu Apr 08 03:09:03 +0000 2021	16	4	"@Envido32 @rusosnith @aliexpress Él usó el MH-Z14a, yo el MH-Z19b o c (todos de wisen)

https://t.co/O50WMdX5wz

Mi circuito, soft e instrucciones acá &gt;&gt; https://t.co/rSVjw8K2a7"	https://twitter.com/jorgeluisaliaga/status/1379994672723005441	[]
jorgeluisaliaga	Thu Apr 08 03:06:57 +0000 2021	1	0	"@todoelamor @rusosnith @aliexpress No se si entiendo la pregunta. Los sensores más baratos miden cambio de resistencia de un filamento caliente.
Estos son NDIR, miden cuanta luz es absorbida de un laser de una frecuencia específica que solo es atrapada por el CO2."	https://twitter.com/jorgeluisaliaga/status/1379994142911123458	[]
jorgeluisaliaga	Thu Apr 08 02:49:09 +0000 2021	11	1	"@todoelamor @rusosnith @aliexpress Hasta donde se los we sense estaban a $20.000. 
Si los sensores se vendieran al precio que los pagué en diciembre, armado por uno sale menos de la mitad.

https://t.co/rSVjw8K2a7

https://t.co/0pVpWmoC1O"	https://twitter.com/jorgeluisaliaga/status/1379989662417227779	[]
jorgeluisaliaga	Thu Apr 08 02:46:52 +0000 2021	1	0	"@JorgeAPalacio1 Hola. No hasta ahora. Este lo puse hoy.
El problema es que siempre los hospitales están casi completos, así funcionan. Si llega a haber una demanda súbita supera la capacidad.

https://t.co/cQfCqglyWV"	https://twitter.com/jorgeluisaliaga/status/1379989091085914117	[]
jorgeluisaliaga	Thu Apr 08 01:52:11 +0000 2021	4	1	@threadreaderapp unroll	https://twitter.com/jorgeluisaliaga/status/1379975329729687552	[]
jorgeluisaliaga	Thu Apr 08 01:51:52 +0000 2021	11	1	"Todos los informes e información en mi sitio

https://t.co/OOPfZIjwmV

La Tabla de datos informados por @msalnacion los puse en:

https://t.co/A6X5GTltVQ"	https://twitter.com/jorgeluisaliaga/status/1379975247156412417	[]
jorgeluisaliaga	Thu Apr 08 01:51:49 +0000 2021	4	3	Casos confirmados por grupo etario en CABA y PBA, con detalle de edades escolares. https://t.co/qOY6osPczb	https://twitter.com/jorgeluisaliaga/status/1379975237392076800	[]
jorgeluisaliaga	Thu Apr 08 01:51:47 +0000 2021	3	0	"Edad promedio de confirmados y de mayores de 70 años por semana de inicio de síntoma.
Cantidad de fallecidos y su edad media, y fallecidos mayores de 70 años por semana de inicio de síntoma. https://t.co/i4Wb0sxJAg"	https://twitter.com/jorgeluisaliaga/status/1379975226834960384	[]
jorgeluisaliaga	Thu Apr 08 01:51:46 +0000 2021	1	0	"Los casos cargados demorados hoy:

1 de DICIEMBRE Córdoba
5 de ENERO (4 PBA, Santa Fe)
35 de FEBRERO (30 PBA, 3 CABA, Chaco, Córdoba)"	https://twitter.com/jorgeluisaliaga/status/1379975221269106689	[]
jorgeluisaliaga	Thu Apr 08 01:51:44 +0000 2021	1	0	"De los 199 informados como fallecidos, 124 fallecieron hace más de 11 días.
Un caso reclasificado, el 2632205 cargado en Buenos Aires el 1/10/2020.
Se muestra días entre inicio de síntoma y fallecimiento, largas internaciones. https://t.co/J3UjyuYqRu"	https://twitter.com/jorgeluisaliaga/status/1379975215992729604	[]
jorgeluisaliaga	Thu Apr 08 01:51:43 +0000 2021	0	0	"Casos confirmados y sospechosos por fecha de apertura en CABA y PBA.
Testeo y positividad total por semana de apertura. https://t.co/rDOalHZQSv"	https://twitter.com/jorgeluisaliaga/status/1379975211483807744	[]
jorgeluisaliaga	Thu Apr 08 01:51:40 +0000 2021	1	0	Detalles de Tests Confirmados, Descartados y Sospechosos según residencia en PBA y CABA por semana, con detalles según lugar de carga y sector público o privado. Amarillo es lo pendiente. https://t.co/FNFTorZTyy	https://twitter.com/jorgeluisaliaga/status/1379975197357445122	[]
jorgeluisaliaga	Thu Apr 08 01:51:38 +0000 2021	2	0	"Ya se hicieron 7.473.729 Tests PCR de diagnóstico (error +/- 10 tests), 29,8% de positividad.
Hoy 37.973, 34,7% la positividad. 
Cuando teníamos 10% de positividad (10/5) había 250-300 casos por día. https://t.co/jOUWvLkRKt"	https://twitter.com/jorgeluisaliaga/status/1379975189308583943	[]
jorgeluisaliaga	Thu Apr 08 01:51:37 +0000 2021	1	0	"Los casos ordenados por fecha de síntoma, promediada cada día los últimos 7 en lineal y semi-log (ver inf 24/7). Y Por millón de habitantes.
Hasta ahora las amarillas ""predicen"" lo que van a hacer las curvas x síntoma cuando entren casos de esas fechas, atención la suba. https://t.co/xP0AhbYePP"	https://twitter.com/jorgeluisaliaga/status/1379975184090796032	[]
jorgeluisaliaga	Thu Apr 08 01:51:35 +0000 2021	1	0	"Sitios con datos / figuras

Gran info regional: Soledad Retamar @sole_reta 

https://t.co/LLv9J5EA7o

Rodrigo Castro @RodrigoD_Castro

https://t.co/9etT4FOHyf"	https://twitter.com/jorgeluisaliaga/status/1379975178642415616	[]
jorgeluisaliaga	Thu Apr 08 01:51:34 +0000 2021	3	1	"Hilos recomendados:

Semáforo: Martin Barrionuevo @mmbarrionuevo 

https://t.co/SbjUBWMhGo

Rio Negro+Neuquen: Clari Cardozo Castro @ClariCardozoCas 

Diseño @TotinFraire Elaboración @Fedwr 

https://t.co/RXxIriW1TQ"	https://twitter.com/jorgeluisaliaga/status/1379975172682354691	[]
jorgeluisaliaga	Wed Apr 07 23:24:02 +0000 2021	8	1	"A partir del 5/2/21 saco el informe en dos partes, la primera cuando sale el parte diario y el complemento cuando se actualiza la base de datos, después de las 21:30.

FIN PRIMERA PARTE."	https://twitter.com/jorgeluisaliaga/status/1379938044418125825	[]
jorgeluisaliaga	Wed Apr 07 23:24:01 +0000 2021	12	0	"Hoy se llegó a 56.832 (+199) personas fallecidas. 
Se reportaron 2.174.625 (+10580) personas recuperadas (88,8%). 
3706 (+64) en Terapia. 
Distintos estados de casos en escala semi-logaritmica. 
Lineal muertos y UTI para ver fácil subas. https://t.co/Jo7QSPiynH"	https://twitter.com/jorgeluisaliaga/status/1379938042442616832	[]
jorgeluisaliaga	Wed Apr 07 23:24:00 +0000 2021	3	0	Avance de la Vacunación por sector, por edad y marca de vacuna, por provincia y grupo etario y por provincia y sector. https://t.co/imqKXNSYuX	https://twitter.com/jorgeluisaliaga/status/1379938036541194243	[]
jorgeluisaliaga	Wed Apr 07 23:23:59 +0000 2021	3	0	Evolución de la vacunación en todo el país, CABA y PBA. Porcentaje de vacunas aplicadas en relación con las distribuidas. https://t.co/UFA7WNrUBd	https://twitter.com/jorgeluisaliaga/status/1379938031097032708	[]
jorgeluisaliaga	Wed Apr 07 23:23:57 +0000 2021	4	0	Avance de la Vacunación por provincia según datos cargado hasta hoy a las 6 AM de &gt;&gt; https://t.co/bBb2CUzoT6 y https://t.co/TNJm7ZPDNK https://t.co/HPtLRPPd8i	https://twitter.com/jorgeluisaliaga/status/1379938025346641921	[]
jorgeluisaliaga	Wed Apr 07 23:23:56 +0000 2021	4	0	"Muestro ajuste.  Uso el crecimiento exponencial con que se ajustaban los datos al 25/3 para una logística, más adecuado en esta etapa de la epidemia, que explico en detalle en este documento (estimo infectados asumiendo un 70% de asintomáticos): 

https://t.co/xDGEjpspvW https://t.co/R3LZIfTgWq"	https://twitter.com/jorgeluisaliaga/status/1379938020061810688	[]
jorgeluisaliaga	Wed Apr 07 23:23:55 +0000 2021	4	0	"Fallecidos por millón de habitantes por provincia.
Detalle de fecha del último caso de cada provincia. Todas las provincias activas. 
También muestro cantidad de días sin casos por provincia y provincias con casos y casos durante la epidemia. https://t.co/nKHFcsLmh1"	https://twitter.com/jorgeluisaliaga/status/1379938015519383563	[]
jorgeluisaliaga	Wed Apr 07 23:23:54 +0000 2021	4	0	"Para los que les sirva, muestro datos más simples de leer de distribución de casos confirmados y muertos, y casos confirmados y muertos por millón de habitantes, por provincia.
También una página interactiva.

https://t.co/UoryUFDQ2D
-------------------------- https://t.co/Um3tlogx3Y"	https://twitter.com/jorgeluisaliaga/status/1379938010595274755	[]
jorgeluisaliaga	Wed Apr 07 23:23:53 +0000 2021	4	0	"Neuquén, Rio Negro, Chubut, Santa Cruz
Casos Diarios, Prom últimos 7 días, SUMA de últimos 14 días / 100.000 habitantes. Días de Duplicación, Log-Log Nuevos vs Total de Casos. 
INCIDENCIA y Factor de Crecimiento. Promedio de confirmados diarios últimas 15 semanas. https://t.co/3wabB8netH"	https://twitter.com/jorgeluisaliaga/status/1379938005226491912	[]
jorgeluisaliaga	Wed Apr 07 23:23:51 +0000 2021	3	0	"La Rioja, San Juan, San Luis, Mendoza
Casos Diarios, Prom últimos 7 días, SUMA de últimos 14 días / 100.000 habitantes. Días de Duplicación, Log-Log Nuevos vs Total de Casos. 
INCIDENCIA y Factor de Crecimiento. Promedio de confirmados diarios últimas 15 semanas. https://t.co/2ODWAC5Msh"	https://twitter.com/jorgeluisaliaga/status/1379937999975243783	[]
jorgeluisaliaga	Wed Apr 07 23:23:50 +0000 2021	4	0	"Jujuy, Salta, Tucumán, Catamarca 
Casos Diarios, Prom últimos 7 días, SUMA de últimos 14 días / 100.000 habitantes. Días de Duplicación, Log-Log Nuevos vs Total de Casos. 
INCIDENCIA y Factor de Crecimiento. Promedio de confirmados diarios últimas 15 semanas. https://t.co/vFaqrjCpvk"	https://twitter.com/jorgeluisaliaga/status/1379937994816258048	[]
jorgeluisaliaga	Wed Apr 07 23:23:49 +0000 2021	4	0	"Entre Ríos, Corrientes, Misiones, Formosa
Casos Diarios, Prom últimos 7 días, SUMA de últimos 14 días / 100.000 habitantes. Días de Duplicación, Log-Log Nuevos vs Total de Casos. 
INCIDENCIA y Factor de Crecimiento. Promedio de confirmados diarios últimas 15 semanas. https://t.co/IXBNmd3Mxx"	https://twitter.com/jorgeluisaliaga/status/1379937989665640451	[]
jorgeluisaliaga	Wed Apr 07 23:23:48 +0000 2021	4	0	"Santa Fé, Córdoba, Chaco, Santiago del Estero
Casos Diarios, Prom últimos 7 días, SUMA de últimos 14 días / 100.000 habitantes. Días de Duplicación, Log-Log Nuevos vs Total de Casos. 
INCIDENCIA y Factor de Crecimiento. Promedio de confirmados diarios últimas 15 semanas. https://t.co/o44Ber8dZR"	https://twitter.com/jorgeluisaliaga/status/1379937983810396160	[]
jorgeluisaliaga	Wed Apr 07 23:23:46 +0000 2021	4	0	"CABA, PBA, La Pampa, Tierra del Fuego 
Casos Diarios, Prom últimos 7 días, SUMA de últimos 14 días / 100.000 habitantes. Días de Duplicación, Log-Log Nuevos vs Total de Casos. 
INCIDENCIA y Factor de Crecimiento. Promedio de confirmados diarios últimas 15 semanas. https://t.co/Uqw6UIOUC8"	https://twitter.com/jorgeluisaliaga/status/1379937977917394947	[]
jorgeluisaliaga	Wed Apr 07 23:23:45 +0000 2021	6	0	"Muestro la evolución de la cantidad de días necesarios para duplicar (x2) y para decuplicar (x10) (Total y Activos).
La cantidad de días para duplicación aumento de entre 3 y 4 a 26 y ahora está en 119. Por 10 en 394 días. https://t.co/wrbbQivNAE"	https://twitter.com/jorgeluisaliaga/status/1379937972884226050	[]
jorgeluisaliaga	Wed Apr 07 23:23:44 +0000 2021	5	0	"Evolución de la INCIDENCIA y del Factor de Crecimiento (ver Inf del 16/4). 
Muestro también la evolución de la tasa de variación de la cantidad de casos cada 2, 4, y 10 días (ver inf 4/4 y 5/4). También detalle desde el 20/02/21. https://t.co/ClweZia2AJ"	https://twitter.com/jorgeluisaliaga/status/1379937968232730626	[]
jorgeluisaliaga	Wed Apr 07 23:23:43 +0000 2021	5	0	Muestro en Log-Log Casos Nuevos vs Totales (promedio para cada día con los valores de los siete últimos) (si hay duda, ver inf 3/4). https://t.co/5TZMRZCtiU	https://twitter.com/jorgeluisaliaga/status/1379937963958800386	[]
jorgeluisaliaga	Wed Apr 07 23:23:42 +0000 2021	5	0	"9/1 rearmé el informe.
Total de casos según fecha de carga en escala semilogarítmica, para ver comportamiento exponencial y su velocidad.
Promedio de casos confirmados, UTI y fallecidos por fecha de carga por semana en las últimas 30 semanas. https://t.co/dfYBb6gR27"	https://twitter.com/jorgeluisaliaga/status/1379937959907098626	[]
jorgeluisaliaga	Wed Apr 07 23:23:41 +0000 2021	7	1	"20 provincias con INCIDENCIA mayor a 150 casos / 100.000 en los últimos 14 días, y 21 provincias con Razón de Casos mayor a 1 (creciendo). 
Incidencia Nacional = 397 casos
Razón de Casos Nacional = 1,80
ALTO RIESGO SANITARIO https://t.co/s2uqOEUo4g"	https://twitter.com/jorgeluisaliaga/status/1379937954605498373	[]
jorgeluisaliaga	Wed Apr 07 23:23:39 +0000 2021	59	23	"Situación COVID-19 al 7/4

Hoy 22.039 nuevos casos confirmados.
Quince provincias con ""alto riesgo sanitario"".
Muy alta carga y creciendo en la mayoría del país
Desde 21/9 nuevo formato de informe, sin detalle de tipo de caso.
La cantidad total de casos es 2.450.068. https://t.co/sZhFu3w9Qy"	https://twitter.com/jorgeluisaliaga/status/1379937949505224704	[]
jorgeluisaliaga	Wed Apr 07 20:26:53 +0000 2021	4	1	"@paoladipietro01 @rquiroga777 @Puglisi_AF La mejor es ventilación continua, cruzada, distribuida y medida.
Si se mide se sabe que alcanza para bajar el riesgo

@aireamos 

https://t.co/qHCcxCfL1c"	https://twitter.com/jorgeluisaliaga/status/1379893461546074116	[]
jorgeluisaliaga	Wed Apr 07 20:23:58 +0000 2021	95	35	"Excelente campaña de ventilación en colegios de San Luis, Argentina 

@jljcolorado @aireamos 

https://t.co/XIfxkiY6eY"	https://twitter.com/jorgeluisaliaga/status/1379892728926978048	[]
jorgeluisaliaga	Wed Apr 07 16:29:32 +0000 2021	2	0	@BulitDolores @lopeoryapaso530 @d_cholakian @somosradioam530 Gracias	https://twitter.com/jorgeluisaliaga/status/1379833733826682887	[]
jorgeluisaliaga	Wed Apr 07 16:28:32 +0000 2021	0	0	@fermolnar Mándame un DM por acá	https://twitter.com/jorgeluisaliaga/status/1379833482663366661	[]
jorgeluisaliaga	Wed Apr 07 13:58:34 +0000 2021	7	1	"#BO
Tómese conocimiento de la renuncia a la percepción de haberes correspondientes al cargo de Vicepresidenta de la Nación a partir del 01 de abril del 2021, realizada por la Dra. Cristina Elisabet Fernández de Kirchner.

https://t.co/KmSlMoxmF9"	https://twitter.com/jorgeluisaliaga/status/1379795739388305410	[{'text': 'BO', 'indices': [0, 3]}]
jorgeluisaliaga	Wed Apr 07 13:58:33 +0000 2021	3	1	"#BO
Créase el PROGRAMA PROMOVER TURISMO FEDERAL Y SOSTENIBLE

https://t.co/Hi5hctaE5q"	https://twitter.com/jorgeluisaliaga/status/1379795738113277957	[{'text': 'BO', 'indices': [0, 3]}]
jorgeluisaliaga	Wed Apr 07 13:58:33 +0000 2021	2	1	"#BO
Publíquese toda la documentación, antecedentes y estudios llevados a cabo con relación al Proyecto del Canal de Navegación Magdalena

https://t.co/vnKdlLkRsb"	https://twitter.com/jorgeluisaliaga/status/1379795736745885699	[{'text': 'BO', 'indices': [0, 3]}]
jorgeluisaliaga	Wed Apr 07 13:58:33 +0000 2021	2	0	"#BO
EDUCACIÓN - Convocar a la inscripción de la línea “Progresar Trabajo”

https://t.co/bSr7D5ns68"	https://twitter.com/jorgeluisaliaga/status/1379795735428878337	[{'text': 'BO', 'indices': [0, 3]}]
jorgeluisaliaga	Wed Apr 07 13:58:33 +0000 2021	1	0	"#BO
AGENCIA NACIONAL DE DISCAPACIDAD - Dar continuidad al estímulo económico de carácter excepcional establecido por la Resolución N° 438/2020

https://t.co/a5ykulzrZS"	https://twitter.com/jorgeluisaliaga/status/1379795734027964419	[{'text': 'BO', 'indices': [0, 3]}]
jorgeluisaliaga	Wed Apr 07 13:58:32 +0000 2021	8	1	"#BO
Créase el RÉGIMEN DE FOMENTO DE INVERSIÓN PARA LAS EXPORTACIONES

https://t.co/MZCAw35Qe7"	https://twitter.com/jorgeluisaliaga/status/1379795732794908675	[{'text': 'BO', 'indices': [0, 3]}]
jorgeluisaliaga	Wed Apr 07 02:16:00 +0000 2021	0	0	"@CidAnalia @jljcolorado Hola @CidAnalia 
Opciones:
- si se animan a armar, circuito y código libre &gt;&gt; https://t.co/rSVjw8K2a7
- fabricantes nacionales &gt;&gt; https://t.co/0pVpWmoC1O
- Consulta x #AireNuevo de @unahurlingham &gt;&gt; airenuevo@unahur.edu.ar"	https://twitter.com/jorgeluisaliaga/status/1379618933376966662	[{'text': 'AireNuevo', 'indices': [203, 213]}]
jorgeluisaliaga	Wed Apr 07 02:11:42 +0000 2021	0	0	@microagencia No se si entiendo la pregunta, la segunda figura de porcentajes por provincia son dosis aplicadas / población estimada por el INDEC para 2020.	https://twitter.com/jorgeluisaliaga/status/1379617849728241664	[]
jorgeluisaliaga	Wed Apr 07 02:08:21 +0000 2021	0	0	@Fran_D_Rosa Hemos hecho varias declaraciones en este año de COVID, algunas con bastante repercusión. Me parece que lo que pueda cambiar algo es si hay amenaza del sistema de salud. Sino, se va a privilegiar no cerrar nada.	https://twitter.com/jorgeluisaliaga/status/1379617009357426688	[]
jorgeluisaliaga	Wed Apr 07 02:04:34 +0000 2021	2	0	@threadreaderapp unroll	https://twitter.com/jorgeluisaliaga/status/1379616057854455808	[]
jorgeluisaliaga	Wed Apr 07 02:04:17 +0000 2021	3	1	"Todos los informes e información en mi sitio

https://t.co/OOPfZIjwmV

La Tabla de datos informados por @msalnacion los puse en:

https://t.co/A6X5GTltVQ"	https://twitter.com/jorgeluisaliaga/status/1379615986958139393	[]
jorgeluisaliaga	Wed Apr 07 02:04:17 +0000 2021	3	3	Casos confirmados por rango etario en CABA y PBA con detalle de edades escolares. https://t.co/UNmeZtl5Rv	https://twitter.com/jorgeluisaliaga/status/1379615984412147714	[]
jorgeluisaliaga	Wed Apr 07 02:04:16 +0000 2021	3	2	"Edad promedio de confirmados y de mayores de 70 años por semana de inicio de síntoma.
Cantidad de fallecidos y su edad media, y fallecidos mayores de 70 años por semana de inicio de síntoma. https://t.co/TAiOOkLA5o"	https://twitter.com/jorgeluisaliaga/status/1379615978905026575	[]
jorgeluisaliaga	Wed Apr 07 02:04:14 +0000 2021	0	0	"Detalle de los fallecidos cargados demorados de hoy:
1 de AGOSTO Salta
1 de OCTUBRE Santa Cruz
2 de NOVIEMBRE (Santa Cruz, Santa Fe)
1 de DICIEMBRE Santa Fe
4 de ENERO (3 Santa Fe, Santa Cruz)
2 de FEBRERO PBA"	https://twitter.com/jorgeluisaliaga/status/1379615974366842882	[]
jorgeluisaliaga	Wed Apr 07 02:04:14 +0000 2021	0	0	"De los 163 informados como fallecidos, 66 fallecieron hace más de 10 días.

Se muestra días entre inicio de síntoma y fallecimiento, largas internaciones. https://t.co/DiQVjbdByc"	https://twitter.com/jorgeluisaliaga/status/1379615972521357313	[]
jorgeluisaliaga	Wed Apr 07 02:04:13 +0000 2021	0	0	"Casos confirmados y sospechosos según fecha de apertura en CABA y PBA.
Todavía mucho sospechoso de la semana 13, y aun así gran suba. https://t.co/mxnPkjElTO"	https://twitter.com/jorgeluisaliaga/status/1379615968503197697	[]
jorgeluisaliaga	Wed Apr 07 02:04:12 +0000 2021	0	0	Detalles de Tests Confirmados, Descartados y Sospechosos según residencia en PBA y CABA por semana, con detalles según lugar de carga y sector público o privado. Amarillo es lo pendiente. https://t.co/yOosfEuQKR	https://twitter.com/jorgeluisaliaga/status/1379615964023681032	[]
jorgeluisaliaga	Wed Apr 07 02:04:11 +0000 2021	1	0	"Ya se hicieron 7.415.620 Tests PCR de diagnóstico (error +/- 10 tests), 29,7% de positividad.
Hoy 40.440, 31,7% la positividad. 
Cuando teníamos 10% de positividad (10/5) había 250-300 casos por día. https://t.co/gfD6PXDw7g"	https://twitter.com/jorgeluisaliaga/status/1379615959246311426	[]
jorgeluisaliaga	Wed Apr 07 02:04:10 +0000 2021	5	2	"Los casos ordenados por fecha de síntoma, promediada cada día los últimos 7 en lineal y semi-log (ver inf 24/7). Y Por millón de habitantes.
Hasta ahora las amarillas ""predicen"" lo que van a hacer las curvas x síntoma cuando entren casos de esas fechas, atención la suba. https://t.co/rJ0bCwQ9Sd"	https://twitter.com/jorgeluisaliaga/status/1379615954657804288	[]
jorgeluisaliaga	Wed Apr 07 02:04:09 +0000 2021	0	0	"Sitios con datos / figuras

Gran info regional: Soledad Retamar @sole_reta 

https://t.co/LLv9J5EA7o

Rodrigo Castro @RodrigoD_Castro

https://t.co/9etT4FOHyf"	https://twitter.com/jorgeluisaliaga/status/1379615950274756611	[]
jorgeluisaliaga	Wed Apr 07 02:04:08 +0000 2021	1	0	"Hilos recomendados:

Semáforo: Martin Barrionuevo @mmbarrionuevo 

https://t.co/3pneXMd0bJ

Rio Negro+Neuquen: Clari Cardozo Castro @ClariCardozoCas 

Diseño @TotinFraire Elaboración @Fedwr 

https://t.co/yxo6Lb2zK6"	https://twitter.com/jorgeluisaliaga/status/1379615948513087493	[]
jorgeluisaliaga	Tue Apr 06 21:50:45 +0000 2021	7	1	"A partir del 5/2/21 saco el informe en dos partes, la primera cuando sale el parte diario y el complemento cuando se actualiza la base de datos, después de las 21:30.

FIN PRIMERA PARTE."	https://twitter.com/jorgeluisaliaga/status/1379552182173896716	[]
jorgeluisaliaga	Tue Apr 06 21:50:45 +0000 2021	9	2	"Hoy se llegó a 56.634 (+163) personas fallecidas. 
Se reportaron 2.164.045 (+10536) personas recuperadas (89,1%). 
3642 (-10) en Terapia. 
Distintos estados de casos en escala semi-logaritmica. 
Lineal muertos y UTI para ver fácil subas. https://t.co/ZSmJ2SebqB"	https://twitter.com/jorgeluisaliaga/status/1379552180156399620	[]
jorgeluisaliaga	Tue Apr 06 21:50:43 +0000 2021	3	2	Avance de la Vacunación por sector, por edad y marca de vacuna, por provincia y grupo etario y por provincia y sector. https://t.co/JsYPygVHJO	https://twitter.com/jorgeluisaliaga/status/1379552174741536770	[]
jorgeluisaliaga	Tue Apr 06 21:50:42 +0000 2021	3	1	Evolución de la vacunación en todo el país, CABA y PBA. Porcentaje de vacunas aplicadas en relación con las distribuidas. https://t.co/2XAV1Plaqs	https://twitter.com/jorgeluisaliaga/status/1379552168743739397	[]
jorgeluisaliaga	Tue Apr 06 21:50:41 +0000 2021	3	1	Avance de la Vacunación por provincia según datos cargado hasta hoy a las 6 AM de &gt;&gt; https://t.co/bBb2CUzoT6 y https://t.co/TNJm7ZPDNK https://t.co/amr9PuHXMJ	https://twitter.com/jorgeluisaliaga/status/1379552162758410243	[]
jorgeluisaliaga	Tue Apr 06 21:50:39 +0000 2021	3	1	"Muestro ajuste.  Uso el crecimiento exponencial con que se ajustaban los datos al 25/3 para una logística, más adecuado en esta etapa de la epidemia, que explico en detalle en este documento (estimo infectados asumiendo un 70% de asintomáticos): 

https://t.co/xDGEjpspvW https://t.co/3Q1Ahp4z3O"	https://twitter.com/jorgeluisaliaga/status/1379552157595226115	[]
jorgeluisaliaga	Tue Apr 06 21:50:38 +0000 2021	3	1	"Fallecidos por millón de habitantes por provincia.
Detalle de fecha del último caso de cada provincia. Todas las provincias activas. 
También muestro cantidad de días sin casos por provincia y provincias con casos y casos durante la epidemia. https://t.co/c5Dhh3jtJA"	https://twitter.com/jorgeluisaliaga/status/1379552152952115208	[]
jorgeluisaliaga	Tue Apr 06 21:50:37 +0000 2021	6	1	"Para los que les sirva, muestro datos más simples de leer de distribución de casos confirmados y muertos, y casos confirmados y muertos por millón de habitantes, por provincia.
También una página interactiva.

https://t.co/UoryUFDQ2D
-------------------------- https://t.co/DccGZOZH7x"	https://twitter.com/jorgeluisaliaga/status/1379552147902230543	[]
jorgeluisaliaga	Tue Apr 06 21:50:36 +0000 2021	5	2	"Neuquén, Rio Negro, Chubut, Santa Cruz
Casos Diarios, Prom últimos 7 días, SUMA de últimos 14 días / 100.000 habitantes. Días de Duplicación, Log-Log Nuevos vs Total de Casos. 
INCIDENCIA y Factor de Crecimiento. Promedio de confirmados diarios últimas 15 semanas. https://t.co/FTySMNOMdQ"	https://twitter.com/jorgeluisaliaga/status/1379552142583812102	[]
jorgeluisaliaga	Tue Apr 06 21:50:34 +0000 2021	4	1	"La Rioja, San Juan, San Luis, Mendoza
Casos Diarios, Prom últimos 7 días, SUMA de últimos 14 días / 100.000 habitantes. Días de Duplicación, Log-Log Nuevos vs Total de Casos. 
INCIDENCIA y Factor de Crecimiento. Promedio de confirmados diarios últimas 15 semanas. https://t.co/3HrMsytKeR"	https://twitter.com/jorgeluisaliaga/status/1379552136158138368	[]
jorgeluisaliaga	Tue Apr 06 21:50:33 +0000 2021	4	1	"Jujuy, Salta, Tucumán, Catamarca 
Casos Diarios, Prom últimos 7 días, SUMA de últimos 14 días / 100.000 habitantes. Días de Duplicación, Log-Log Nuevos vs Total de Casos. 
INCIDENCIA y Factor de Crecimiento. Promedio de confirmados diarios últimas 15 semanas. https://t.co/pc1xw8kEUf"	https://twitter.com/jorgeluisaliaga/status/1379552130487451659	[]
jorgeluisaliaga	Tue Apr 06 21:50:32 +0000 2021	4	1	"Entre Ríos, Corrientes, Misiones, Formosa
Casos Diarios, Prom últimos 7 días, SUMA de últimos 14 días / 100.000 habitantes. Días de Duplicación, Log-Log Nuevos vs Total de Casos. 
INCIDENCIA y Factor de Crecimiento. Promedio de confirmados diarios últimas 15 semanas. https://t.co/DOBPXRHuih"	https://twitter.com/jorgeluisaliaga/status/1379552124862935041	[]
jorgeluisaliaga	Tue Apr 06 21:50:30 +0000 2021	4	2	"Santa Fé, Córdoba, Chaco, Santiago del Estero
Casos Diarios, Prom últimos 7 días, SUMA de últimos 14 días / 100.000 habitantes. Días de Duplicación, Log-Log Nuevos vs Total de Casos. 
INCIDENCIA y Factor de Crecimiento. Promedio de confirmados diarios últimas 15 semanas. https://t.co/s6iif5LdK4"	https://twitter.com/jorgeluisaliaga/status/1379552119259344898	[]
jorgeluisaliaga	Tue Apr 06 21:50:29 +0000 2021	6	2	"CABA, PBA, La Pampa, Tierra del Fuego 
Casos Diarios, Prom últimos 7 días, SUMA de últimos 14 días / 100.000 habitantes. Días de Duplicación, Log-Log Nuevos vs Total de Casos. 
INCIDENCIA y Factor de Crecimiento. Promedio de confirmados diarios últimas 15 semanas. https://t.co/Y6QWJcRptZ"	https://twitter.com/jorgeluisaliaga/status/1379552113374732288	[]
jorgeluisaliaga	Tue Apr 06 21:50:28 +0000 2021	4	1	"Muestro la evolución de la cantidad de días necesarios para duplicar (x2) y para decuplicar (x10) (Total y Activos).
La cantidad de días para duplicación aumento de entre 3 y 4 a 26 y ahora está en 134. Por 10 en 445 días. https://t.co/BE6oAobeXU"	https://twitter.com/jorgeluisaliaga/status/1379552108173783042	[]
jorgeluisaliaga	Tue Apr 06 21:50:27 +0000 2021	4	1	"Evolución de la INCIDENCIA y del Factor de Crecimiento (ver Inf del 16/4). 
Muestro también la evolución de la tasa de variación de la cantidad de casos cada 2, 4, y 10 días (ver inf 4/4 y 5/4). También detalle desde el 20/02/21. https://t.co/IljGt3rGF5"	https://twitter.com/jorgeluisaliaga/status/1379552103883010049	[]
jorgeluisaliaga	Tue Apr 06 21:50:25 +0000 2021	6	1	Muestro en Log-Log Casos Nuevos vs Totales (promedio para cada día con los valores de los siete últimos) (si hay duda, ver inf 3/4). https://t.co/jQTEh709qB	https://twitter.com/jorgeluisaliaga/status/1379552098895986697	[]
jorgeluisaliaga	Tue Apr 06 21:50:23 +0000 2021	6	1	"9/1 rearmé el informe.
Total de casos según fecha de carga en escala semilogarítmica, para ver comportamiento exponencial y su velocidad.
Promedio de casos confirmados, UTI y fallecidos por fecha de carga por semana en las últimas 30 semanas. https://t.co/a4cMOyUENO"	https://twitter.com/jorgeluisaliaga/status/1379552090670968834	[]
jorgeluisaliaga	Tue Apr 06 21:50:22 +0000 2021	6	1	"20 provincias con INCIDENCIA mayor a 150 casos / 100.000 en los últimos 14 días, y 20 provincias con Razón de Casos mayor a 1 (creciendo). 
Incidencia Nacional = 367 casos
Razón de Casos Nacional = 1,67
ALTO RIESGO SANITARIO https://t.co/BnmynQ9R3C"	https://twitter.com/jorgeluisaliaga/status/1379552083976855554	[]
jorgeluisaliaga	Tue Apr 06 21:50:20 +0000 2021	60	16	"Situación COVID-19 al 6/4

Hoy 20.870 nuevos casos confirmados.
Trece provincias con ""alto riesgo sanitario"".
Altísima carga de confirmados, esperable x fin de semana largo
Desde 21/9 nuevo formato de informe, sin detalle de tipo de caso.
La cantidad total de casos es 2.428.029. https://t.co/WtqJqL5Bhj"	https://twitter.com/jorgeluisaliaga/status/1379552077983145987	[]
jorgeluisaliaga	Tue Apr 06 18:06:53 +0000 2021	1	0	"@JacinPirre @barisonzi @ciencia_ar @jljcolorado @aireamos Si el equipo tiene una opción para abrir o cerrar la recirculación de aire del interior, se debe poner en NO RECIRCULAR.
Como en los autos.
Si no lo tiene sólo se debe prender si hay ventanas y puertas abiertas, midiendo CO2.
O con filtros HEPA.
https://t.co/ZvAkngm84k https://t.co/l4LzyxkN5t"	https://twitter.com/jorgeluisaliaga/status/1379495842021838852	[]
jorgeluisaliaga	Tue Apr 06 10:30:29 +0000 2021	2	0	"@nicarawita @ciencia_ar cruzada es óptima. Para saber si es suficiente lo importante es que sea medida.

Campaña Ventilar del Ministerio de Ciencia y Técnica Nacional.
Este es el micrositio &gt;&gt; https://t.co/1TOEJOwF0y

El lanzamiento se hizo en el marco de este webinar &gt;&gt; https://t.co/6DQ57YL6vp"	https://twitter.com/jorgeluisaliaga/status/1379380988241969152	[]
jorgeluisaliaga	Tue Apr 06 10:27:51 +0000 2021	6	0	"#BO
Apruébase el “PROTOCOLO NACIONAL DE ALERTA TEMPRANA DE DESALOJOS DE VIVIENDA ÚNICA Y FAMILIAR EN REGÍMENES DE ALQUILERES FORMALES”

https://t.co/mHPn99Yyne"	https://twitter.com/jorgeluisaliaga/status/1379380322224197632	[{'text': 'BO', 'indices': [0, 3]}]
jorgeluisaliaga	Tue Apr 06 10:27:50 +0000 2021	6	0	"#BO
Constitúyase el Fideicomiso Financiero y de Administración para la administración del Fondo Nacional del Manejo de Fuego

https://t.co/fnIPRAL77R"	https://twitter.com/jorgeluisaliaga/status/1379380320919822338	[{'text': 'BO', 'indices': [0, 3]}]
jorgeluisaliaga	Tue Apr 06 10:27:50 +0000 2021	5	0	"#BO
SECRETARIA DE GESTIÓN Y EMPLEO PÚBLICO
Llámese a convocatoria de inscripción al PREMIO NACIONAL A LA CALIDAD

https://t.co/1DFlZwK1dq"	https://twitter.com/jorgeluisaliaga/status/1379380319711793154	[{'text': 'BO', 'indices': [0, 3]}]
jorgeluisaliaga	Tue Apr 06 02:16:41 +0000 2021	2	0	@barisonzi @ciencia_ar Como dice @jljcolorado y @aireamos , lo que hay que hacer es ventilar. Y en todo caso, con asistencia de profesionales, complementar con filtrado. Nada más.	https://twitter.com/jorgeluisaliaga/status/1379256718589321216	[]
jorgeluisaliaga	Tue Apr 06 01:48:44 +0000 2021	4	0	"@barisonzi @ciencia_ar el ozono es tóxico. 

https://t.co/GisQQBGOx4"	https://twitter.com/jorgeluisaliaga/status/1379249685274230785	[]
jorgeluisaliaga	Tue Apr 06 01:44:33 +0000 2021	1	0	@PatriciaABazan @rquiroga777 @apinedarojas excelente! Bien que se sumen. 👏👏👏	https://twitter.com/jorgeluisaliaga/status/1379248629911846922	[]
jorgeluisaliaga	Tue Apr 06 01:36:34 +0000 2021	10	4	"@jljcolorado @primolouis @EJimenez_UCLM Como dice @jljcolorado , @EJimenez_UCLM probó varios en España.
Lista de fabricados en Argentina &gt;&gt; https://t.co/0pVpWmoC1O

Y en mi página una medición comparando el que armé con TemTop y con ARANET

https://t.co/rSVjw8K2a7"	https://twitter.com/jorgeluisaliaga/status/1379246622970937352	[]
jorgeluisaliaga	Tue Apr 06 01:33:24 +0000 2021	1	0	@GermanlSuberbie @sole_reta @Andrea_Gentil @Dianacos @norabar @frcudatalab hoy lunes, veremos martes y miércoles	https://twitter.com/jorgeluisaliaga/status/1379245826346745860	[]
jorgeluisaliaga	Tue Apr 06 01:31:33 +0000 2021	3	0	@threadreaderapp unroll	https://twitter.com/jorgeluisaliaga/status/1379245360892239874	[]
jorgeluisaliaga	Tue Apr 06 01:31:02 +0000 2021	7	0	"Todos los informes e información en mi sitio

https://t.co/OOPfZIjwmV

La Tabla de datos informados por @msalnacion los puse en:

https://t.co/A6X5GTltVQ"	https://twitter.com/jorgeluisaliaga/status/1379245228717146123	[]
jorgeluisaliaga	Tue Apr 06 01:31:01 +0000 2021	8	1	Casos confirmados por rango etario en CABA y PBA con detalle en edades escolares. (semana 13 aun incompleta) https://t.co/NlU4CqXALx	https://twitter.com/jorgeluisaliaga/status/1379245225772736514	[]
jorgeluisaliaga	Tue Apr 06 01:31:00 +0000 2021	16	2	"Edad promedio de confirmados y de mayores de 70 años por semana de inicio de síntoma.
Cantidad de fallecidos y su edad media, y fallecidos mayores de 70 años por semana de inicio de síntoma. https://t.co/y2eiiG0era"	https://twitter.com/jorgeluisaliaga/status/1379245219691036673	[]
jorgeluisaliaga	Tue Apr 06 01:30:58 +0000 2021	1	0	"De los 272 informados como fallecidos, 159 fallecieron hace más de 9 días.
1 de OCTUBRE Santa Fe
1 de DICIEMBRE San Luis
2 de FEBRERO PBA
Se muestra días entre inicio de síntoma y fallecimiento, largas internaciones. https://t.co/kI9zJncK5p"	https://twitter.com/jorgeluisaliaga/status/1379245211507888132	[]
jorgeluisaliaga	Tue Apr 06 01:30:56 +0000 2021	0	0	Casos confirmador y sospechosos por fecha de apertura en CABA y PBA. https://t.co/xmdmdhP86J	https://twitter.com/jorgeluisaliaga/status/1379245206038577153	[]
jorgeluisaliaga	Tue Apr 06 01:30:55 +0000 2021	0	0	Detalles de Tests Confirmados, Descartados y Sospechosos según residencia en PBA y CABA por semana, con detalles según lugar de carga y sector público o privado. Amarillo es lo pendiente. https://t.co/0GFgoqxudk	https://twitter.com/jorgeluisaliaga/status/1379245200678268931	[]
jorgeluisaliaga	Tue Apr 06 01:30:54 +0000 2021	1	1	"Ya se hicieron 7.356.390 Tests PCR de diagnóstico (error +/- 10 tests), 29,7% de positividad.
Hoy 26.016, 32,5% la positividad. 
Cuando teníamos 10% de positividad (10/5) había 250-300 casos por día.
Muy altas positividades hoy en PBA y CABA. https://t.co/MOiDHmFNIt"	https://twitter.com/jorgeluisaliaga/status/1379245194743312384	[]
jorgeluisaliaga	Tue Apr 06 01:30:52 +0000 2021	0	0	"Los casos ordenados por fecha de síntoma, promediada cada día los últimos 7 en lineal y semi-log (ver inf 24/7). Y Por millón de habitantes.
Hasta ahora las amarillas ""predicen"" lo que van a hacer las curvas x síntoma cuando entren casos de esas fechas, atención la suba. https://t.co/EEmSkJNW3v"	https://twitter.com/jorgeluisaliaga/status/1379245187671674880	[]
jorgeluisaliaga	Tue Apr 06 01:30:50 +0000 2021	1	0	"Sitios con datos / figuras

Gran info regional: Soledad Retamar @sole_reta 

https://t.co/LLv9J5EA7o

Rodrigo Castro @RodrigoD_Castro

https://t.co/9etT4FOHyf"	https://twitter.com/jorgeluisaliaga/status/1379245180386168833	[]
jorgeluisaliaga	Tue Apr 06 01:30:50 +0000 2021	2	0	"Hilos recomendados:

Semáforo: Martin Barrionuevo @mmbarrionuevo 

https://t.co/rrwcJLCgHx

Rio Negro+Neuquen: Clari Cardozo Castro @ClariCardozoCas 

Diseño @TotinFraire Elaboración @Fedwr 

https://t.co/urfPN6YwCE"	https://twitter.com/jorgeluisaliaga/status/1379245178561646597	[]
jorgeluisaliaga	Tue Apr 06 00:39:46 +0000 2021	1	0	@Elascoronel5 bastante	https://twitter.com/jorgeluisaliaga/status/1379232329546276870	[]
jorgeluisaliaga	Mon Apr 05 20:51:45 +0000 2021	9	0	"A partir del 5/2/21 saco el informe en dos partes, la primera cuando sale el parte diario y el complemento cuando se actualiza la base de datos, después de las 21:30.

FIN PRIMERA PARTE."	https://twitter.com/jorgeluisaliaga/status/1379174943829680135	[]
jorgeluisaliaga	Mon Apr 05 20:51:44 +0000 2021	5	1	"Hoy se llegó a 56.471 (+272) personas fallecidas. 
Se reportaron 2.153.509 (+13029) personas recuperadas (89,5%). 
3652 (+26) en Terapia. 
Distintos estados de casos en escala semi-logaritmica. 
Lineal muertos y UTI para ver fácil subas. https://t.co/sx4v7m15jp"	https://twitter.com/jorgeluisaliaga/status/1379174941841621000	[]
jorgeluisaliaga	Mon Apr 05 20:51:43 +0000 2021	7	1	Avance de la Vacunación por sector, por edad y marca de vacuna, por provincia y grupo etario y por provincia y sector. https://t.co/9AxJQ5pQBS	https://twitter.com/jorgeluisaliaga/status/1379174937269784582	[]
jorgeluisaliaga	Mon Apr 05 20:51:42 +0000 2021	5	0	Evolución de la vacunación en todo el país, CABA y PBA. Porcentaje de vacunas aplicadas en relación con las distribuidas. https://t.co/AGysLvUIdQ	https://twitter.com/jorgeluisaliaga/status/1379174931632697346	[]
jorgeluisaliaga	Mon Apr 05 20:51:40 +0000 2021	3	0	Avance de la Vacunación por provincia según datos cargado hasta hoy a las 6 AM de &gt;&gt; https://t.co/bBb2CUzoT6 y https://t.co/TNJm7ZPDNK https://t.co/7bYoa1xtP6	https://twitter.com/jorgeluisaliaga/status/1379174926482092041	[]
jorgeluisaliaga	Mon Apr 05 20:51:39 +0000 2021	3	0	"Muestro ajuste.  Uso el crecimiento exponencial con que se ajustaban los datos al 25/3 para una logística, más adecuado en esta etapa de la epidemia, que explico en detalle en este documento (estimo infectados asumiendo un 70% de asintomáticos): 

https://t.co/xDGEjpspvW https://t.co/eYTm4RcXtB"	https://twitter.com/jorgeluisaliaga/status/1379174920568070151	[]
jorgeluisaliaga	Mon Apr 05 20:51:38 +0000 2021	4	0	"Fallecidos por millón de habitantes por provincia.
Detalle de fecha del último caso de cada provincia. Todas las provincias activas. 
También muestro cantidad de días sin casos por provincia y provincias con casos y casos durante la epidemia. https://t.co/vUIdJglfuE"	https://twitter.com/jorgeluisaliaga/status/1379174915526553603	[]
jorgeluisaliaga	Mon Apr 05 20:51:37 +0000 2021	3	0	"Para los que les sirva, muestro datos más simples de leer de distribución de casos confirmados y muertos, y casos confirmados y muertos por millón de habitantes, por provincia.
También una página interactiva.

https://t.co/UoryUFDQ2D
-------------------------- https://t.co/idVwLH9YvR"	https://twitter.com/jorgeluisaliaga/status/1379174910736629769	[]
jorgeluisaliaga	Mon Apr 05 20:51:35 +0000 2021	2	0	"Neuquén, Rio Negro, Chubut, Santa Cruz
Casos Diarios, Prom últimos 7 días, SUMA de últimos 14 días / 100.000 habitantes. Días de Duplicación, Log-Log Nuevos vs Total de Casos. 
INCIDENCIA y Factor de Crecimiento. Promedio de confirmados diarios últimas 15 semanas. https://t.co/bfcfr4Pi1G"	https://twitter.com/jorgeluisaliaga/status/1379174905527341056	[]
jorgeluisaliaga	Mon Apr 05 20:51:34 +0000 2021	2	0	"La Rioja, San Juan, San Luis, Mendoza
Casos Diarios, Prom últimos 7 días, SUMA de últimos 14 días / 100.000 habitantes. Días de Duplicación, Log-Log Nuevos vs Total de Casos. 
INCIDENCIA y Factor de Crecimiento. Promedio de confirmados diarios últimas 15 semanas. https://t.co/BBsN1uVBeT"	https://twitter.com/jorgeluisaliaga/status/1379174900020219905	[]
jorgeluisaliaga	Mon Apr 05 20:51:33 +0000 2021	1	0	"Jujuy, Salta, Tucumán, Catamarca 
Casos Diarios, Prom últimos 7 días, SUMA de últimos 14 días / 100.000 habitantes. Días de Duplicación, Log-Log Nuevos vs Total de Casos. 
INCIDENCIA y Factor de Crecimiento. Promedio de confirmados diarios últimas 15 semanas. https://t.co/IZR2F0Rbev"	https://twitter.com/jorgeluisaliaga/status/1379174894592745486	[]
jorgeluisaliaga	Mon Apr 05 20:51:31 +0000 2021	1	0	"Entre Ríos, Corrientes, Misiones, Formosa
Casos Diarios, Prom últimos 7 días, SUMA de últimos 14 días / 100.000 habitantes. Días de Duplicación, Log-Log Nuevos vs Total de Casos. 
INCIDENCIA y Factor de Crecimiento. Promedio de confirmados diarios últimas 15 semanas. https://t.co/l5Jr9qHNx2"	https://twitter.com/jorgeluisaliaga/status/1379174888305483778	[]
jorgeluisaliaga	Mon Apr 05 20:51:30 +0000 2021	1	0	"Santa Fé, Córdoba, Chaco, Santiago del Estero
Casos Diarios, Prom últimos 7 días, SUMA de últimos 14 días / 100.000 habitantes. Días de Duplicación, Log-Log Nuevos vs Total de Casos. 
INCIDENCIA y Factor de Crecimiento. Promedio de confirmados diarios últimas 15 semanas. https://t.co/dGGMpkk83G"	https://twitter.com/jorgeluisaliaga/status/1379174881741451267	[]
jorgeluisaliaga	Mon Apr 05 20:51:28 +0000 2021	2	0	"CABA, PBA, La Pampa, Tierra del Fuego 
Casos Diarios, Prom últimos 7 días, SUMA de últimos 14 días / 100.000 habitantes. Días de Duplicación, Log-Log Nuevos vs Total de Casos. 
INCIDENCIA y Factor de Crecimiento. Promedio de confirmados diarios últimas 15 semanas. https://t.co/ylGMmgof0j"	https://twitter.com/jorgeluisaliaga/status/1379174874657271814	[]
jorgeluisaliaga	Mon Apr 05 20:51:27 +0000 2021	1	0	"Muestro la evolución de la cantidad de días necesarios para duplicar (x2) y para decuplicar (x10) (Total y Activos).
La cantidad de días para duplicación aumento de entre 3 y 4 a 26 y ahora está en 138. Por 10 en 459 días. https://t.co/k2yPiRIFRQ"	https://twitter.com/jorgeluisaliaga/status/1379174869875757060	[]
jorgeluisaliaga	Mon Apr 05 20:51:26 +0000 2021	1	0	"Evolución de la INCIDENCIA y del Factor de Crecimiento (ver Inf del 16/4). 
Muestro también la evolución de la tasa de variación de la cantidad de casos cada 2, 4, y 10 días (ver inf 4/4 y 5/4). También detalle desde el 20/02/21. https://t.co/CVavwIF2rF"	https://twitter.com/jorgeluisaliaga/status/1379174865861808136	[]
jorgeluisaliaga	Mon Apr 05 20:51:25 +0000 2021	1	0	Muestro en Log-Log Casos Nuevos vs Totales (promedio para cada día con los valores de los siete últimos) (si hay duda, ver inf 3/4). https://t.co/a9MCYPPwiH	https://twitter.com/jorgeluisaliaga/status/1379174861080305669	[]
jorgeluisaliaga	Mon Apr 05 20:51:24 +0000 2021	1	0	"9/1 rearmé el informe.
Total de casos según fecha de carga en escala semilogarítmica, para ver comportamiento exponencial y su velocidad.
Promedio de casos confirmados, UTI y fallecidos por fecha de carga por semana en las últimas 30 semanas. https://t.co/oimQUkFAAF"	https://twitter.com/jorgeluisaliaga/status/1379174856688873480	[]
jorgeluisaliaga	Mon Apr 05 20:51:23 +0000 2021	1	0	"20 provincias con INCIDENCIA mayor a 150 casos / 100.000 en los últimos 14 días, y 18 provincias con Razón de Casos mayor a 1 (creciendo). 
Incidencia Nacional = 342 casos
Razón de Casos Nacional = 1,59
ALTO RIESGO SANITARIO https://t.co/X7dRG1lQ4E"	https://twitter.com/jorgeluisaliaga/status/1379174851441725442	[]
jorgeluisaliaga	Mon Apr 05 20:51:21 +0000 2021	32	15	"Situación COVID-19 al 5/4

Hoy 13.667 nuevos casos confirmados.
Trece provincias con ""alto riesgo sanitario"".
Muy alta carga para lunes, mala señal.
Desde 21/9 nuevo formato de informe, sin detalle de tipo de caso.
La cantidad total de casos es 2.407.159. https://t.co/YnJDiHg5AV"	https://twitter.com/jorgeluisaliaga/status/1379174845716500481	[]
jorgeluisaliaga	Mon Apr 05 14:11:36 +0000 2021	99	27	"Algunos pedían trabajos revisados por pares para aceptar la transmisión de COVID por aerosoles.
Acá tienen. Gracias @jljcolorado https://t.co/UpxxMuyUdy"	https://twitter.com/jorgeluisaliaga/status/1379074244928233478	[]
jorgeluisaliaga	Mon Apr 05 11:49:46 +0000 2021	1	0	"@BaezMatu @rquiroga777 @apinedarojas ""ventilación suficiente"" o ""se procurará la ventilación natural de los espacios cerrados"" como puso la UBA es la nada misma.
Por eso en @unahurlingham pusimos 6 renovaciones de aire por hora, medido."	https://twitter.com/jorgeluisaliaga/status/1379038552168759302	[]
jorgeluisaliaga	Mon Apr 05 11:38:37 +0000 2021	8	1	"#BO
Repárese el legajo de Adriana Claudia SPACCAVENTO (D.N.I. N° 11.286.997) quien revistaba como agente del Instituto Nacional de Servicios Sociales para Jubilados y Pensionados (PAMI).

https://t.co/psAHRr3vy9"	https://twitter.com/jorgeluisaliaga/status/1379035746045198336	[{'text': 'BO', 'indices': [0, 3]}]
jorgeluisaliaga	Mon Apr 05 11:38:37 +0000 2021	7	1	"#BO
Declárase de interés de esta SUPERINTENDENCIA DE SERVICIOS DE SALUD el Curso titulado “Vacunas virales: fenómenos sanitarios, tecnológicos y sociales”

https://t.co/DgE0pRKkwD"	https://twitter.com/jorgeluisaliaga/status/1379035744753348610	[{'text': 'BO', 'indices': [0, 3]}]
jorgeluisaliaga	Mon Apr 05 11:38:37 +0000 2021	2	1	"#BO
Apruébase el Reglamento de Acceso al “Fondo Nacional de Desarrollo Productivo” (FONDEP)

https://t.co/gcySRIMXt9"	https://twitter.com/jorgeluisaliaga/status/1379035743499259905	[{'text': 'BO', 'indices': [0, 3]}]
jorgeluisaliaga	Mon Apr 05 11:38:36 +0000 2021	2	1	"#BO
Créase el PROGRAMA DE AYUDAS URGENTES EN EL MARCO DEL PLAN NACIONAL ACCIONAR en el ámbito del CONSEJO NACIONAL DE COORDINACIÓN DE POLÍTICAS SOCIALES

https://t.co/VeCYHMEa0s"	https://twitter.com/jorgeluisaliaga/status/1379035742182256643	[{'text': 'BO', 'indices': [0, 3]}]
jorgeluisaliaga	Mon Apr 05 11:38:36 +0000 2021	30	10	"#BO
Prórroga de teletrabajo para la Administración Pública Nacional hasta el 9 de abril de 2021 inclusive.

https://t.co/sJ6kSQIqBs"	https://twitter.com/jorgeluisaliaga/status/1379035740936536066	[{'text': 'BO', 'indices': [0, 3]}]
jorgeluisaliaga	Mon Apr 05 02:04:20 +0000 2021	6	1	@threadreaderapp unroll	https://twitter.com/jorgeluisaliaga/status/1378891221456842756	[]
jorgeluisaliaga	Mon Apr 05 02:03:38 +0000 2021	8	2	"Todos los informes e información en mi sitio

https://t.co/OOPfZIjwmV

La Tabla de datos informados por @msalnacion los puse en:

https://t.co/A6X5GTltVQ"	https://twitter.com/jorgeluisaliaga/status/1378891044532719616	[]
jorgeluisaliaga	Mon Apr 05 02:03:37 +0000 2021	9	3	Casos confirmados por rango etario en CABA y PBA con detalle de edades escolares. Semana 13 incompleta. https://t.co/mR2XGJHnyp	https://twitter.com/jorgeluisaliaga/status/1378891042011889667	[]
jorgeluisaliaga	Mon Apr 05 02:03:36 +0000 2021	5	1	"Edad promedio de confirmados y de mayores de 70 años por semana de inicio de síntoma.
Cantidad de fallecidos y su edad media, y fallecidos mayores de 70 años por semana de inicio de síntoma.
Semana 13 incompleta https://t.co/Bcu9YGldoB"	https://twitter.com/jorgeluisaliaga/status/1378891036542578690	[]
jorgeluisaliaga	Mon Apr 05 02:03:35 +0000 2021	0	0	"De los 93 informados como fallecidos, 65 fallecieron hace más de 8 días.
Se muestra días entre inicio de síntoma y fallecimiento, largas internaciones. https://t.co/6RzW9fakah"	https://twitter.com/jorgeluisaliaga/status/1378891032130170880	[]
jorgeluisaliaga	Mon Apr 05 02:03:34 +0000 2021	0	0	Casos confirmados y sospechosos por fecha de apertura en CABA y PBA https://t.co/h6IzL0BZXe	https://twitter.com/jorgeluisaliaga/status/1378891027927425024	[]
jorgeluisaliaga	Mon Apr 05 02:03:33 +0000 2021	0	0	Detalles de Tests Confirmados, Descartados y Sospechosos según residencia en PBA y CABA por semana, con detalles según lugar de carga y sector público o privado. Amarillo es lo pendiente. https://t.co/h1Y3vN80CY	https://twitter.com/jorgeluisaliaga/status/1378891023607291907	[]
jorgeluisaliaga	Mon Apr 05 02:03:32 +0000 2021	0	0	"Ya se hicieron 7.317.870 Tests PCR de diagnóstico (error +/- 10 tests), 29,7% de positividad.
Hoy 17.225, 34,9% la positividad. 
Cuando teníamos 10% de positividad (10/5) había 250-300 casos por día. https://t.co/ZiBkzWbBn9"	https://twitter.com/jorgeluisaliaga/status/1378891019383681026	[]
jorgeluisaliaga	Mon Apr 05 02:03:31 +0000 2021	0	0	"Los casos ordenados por fecha de síntoma, promediada cada día los últimos 7 en lineal y semi-log (ver inf 24/7). Y Por millón de habitantes.
Hasta ahora las amarillas ""predicen"" lo que van a hacer las curvas x síntoma cuando entren casos de esas fechas, atención la suba. https://t.co/YzJCyMl5Xo"	https://twitter.com/jorgeluisaliaga/status/1378891015105486848	[]
jorgeluisaliaga	Mon Apr 05 02:03:30 +0000 2021	0	0	"Sitios con datos / figuras

Gran info regional: Soledad Retamar @sole_reta 

https://t.co/LLv9J5EA7o

Rodrigo Castro @RodrigoD_Castro

https://t.co/9etT4FOHyf"	https://twitter.com/jorgeluisaliaga/status/1378891011062177792	[]
jorgeluisaliaga	Mon Apr 05 02:03:29 +0000 2021	4	0	"Hilos recomendados:

Semáforo: Martin Barrionuevo @mmbarrionuevo 

https://t.co/CdymlWUFNt

Rio Negro+Neuquen: Clari Cardozo Castro @ClariCardozoCas 

Diseño @TotinFraire Elaboración @Fedwr 

https://t.co/qIvYblCJXl"	https://twitter.com/jorgeluisaliaga/status/1378891009388646400	[]
jorgeluisaliaga	Mon Apr 05 01:25:25 +0000 2021	2	0	"@pukakarucha @heyroshu gracias por difundir

https://t.co/rSVjw8K2a7"	https://twitter.com/jorgeluisaliaga/status/1378881428516171784	[]
jorgeluisaliaga	Sun Apr 04 23:16:41 +0000 2021	175	57	"Aplastar la curva vs Aplanar la curva.

@rquiroga777 @ernestorr impulsaban lo primero, se predicó que sólo era posible lo segundo. Excelente compilación de argumentos que escuchamos también acá. https://t.co/6QWKVbiScs"	https://twitter.com/jorgeluisaliaga/status/1378849030713802752	[]
jorgeluisaliaga	Sun Apr 04 23:00:22 +0000 2021	1	0	@gasanchez58 y Catamarca. Por lejos.	https://twitter.com/jorgeluisaliaga/status/1378844924188168192	[]
jorgeluisaliaga	Sun Apr 04 22:58:30 +0000 2021	1	1	"@PepeFJTw @A24COM VENTILACION CONTINUA, CRUZADA, DISTRIBUIDA Y MEDIDA.

Campaña VentilAr del @ciencia_ar 

https://t.co/1TOEJOwF0y"	https://twitter.com/jorgeluisaliaga/status/1378844456565272580	[]
jorgeluisaliaga	Sun Apr 04 22:39:56 +0000 2021	8	2	"A partir del 5/2/21 saco el informe en dos partes, la primera cuando sale el parte diario y el complemento cuando se actualiza la base de datos, después de las 21:30.

FIN PRIMERA PARTE."	https://twitter.com/jorgeluisaliaga/status/1378839781816348682	[]
jorgeluisaliaga	Sun Apr 04 22:39:55 +0000 2021	10	4	"Hoy se llegó a 56.199 (+93) personas fallecidas. 
Se reportaron 2.140.480 (+9840) personas recuperadas (89,4%). 
3626 (+8) en Terapia. 
Distintos estados de casos en escala semi-logaritmica. 
Lineal muertos y UTI para ver fácil subas. https://t.co/la3Rl9zzgq"	https://twitter.com/jorgeluisaliaga/status/1378839779849166850	[]
jorgeluisaliaga	Sun Apr 04 22:39:47 +0000 2021	2	2	Avance de la Vacunación por sector, por edad y marca de vacuna, por provincia y grupo etario y por provincia y sector https://t.co/tQXDcniyNz	https://twitter.com/jorgeluisaliaga/status/1378839747011952641	[]
jorgeluisaliaga	Sun Apr 04 22:39:45 +0000 2021	1	1	Evolución de la vacunación en todo el país, CABA y PBA. Porcentaje de vacunas aplicadas en relación con las distribuidas. https://t.co/zHMmlQLzvq	https://twitter.com/jorgeluisaliaga/status/1378839737847447553	[]
jorgeluisaliaga	Sun Apr 04 22:39:44 +0000 2021	2	2	Avance de la Vacunación por provincia según datos cargado hasta hoy a las 6 AM de &gt;&gt; https://t.co/bBb2CUzoT6 y https://t.co/TNJm7ZPDNK https://t.co/F9Zhw2vJok	https://twitter.com/jorgeluisaliaga/status/1378839731585363977	[]
jorgeluisaliaga	Sun Apr 04 22:39:41 +0000 2021	1	1	"Muestro ajuste.  Uso el crecimiento exponencial con que se ajustaban los datos al 25/3 para una logística, más adecuado en esta etapa de la epidemia, que explico en detalle en este documento (estimo infectados asumiendo un 70% de asintomáticos): 

https://t.co/xDGEjpspvW https://t.co/n5TVAsd6Rv"	https://twitter.com/jorgeluisaliaga/status/1378839721951047683	[]
jorgeluisaliaga	Sun Apr 04 22:39:40 +0000 2021	2	1	"Fallecidos por millón de habitantes por provincia.
Detalle de fecha del último caso de cada provincia. Todas las provincias activas. 
También muestro cantidad de días sin casos por provincia y provincias con casos y casos durante la epidemia. https://t.co/Cforpi92Zt"	https://twitter.com/jorgeluisaliaga/status/1378839715667972108	[]
jorgeluisaliaga	Sun Apr 04 22:39:39 +0000 2021	3	2	"Para los que les sirva, muestro datos más simples de leer de distribución de casos confirmados y muertos, y casos confirmados y muertos por millón de habitantes, por provincia.
También una página interactiva.

https://t.co/UoryUFDQ2D
-------------------------- https://t.co/nGBheLDPs2"	https://twitter.com/jorgeluisaliaga/status/1378839709816868870	[]
jorgeluisaliaga	Sun Apr 04 22:39:37 +0000 2021	2	2	"Neuquén, Rio Negro, Chubut, Santa Cruz
Casos Diarios, Prom últimos 7 días, SUMA de últimos 14 días / 100.000 habitantes. Días de Duplicación, Log-Log Nuevos vs Total de Casos. 
INCIDENCIA y Factor de Crecimiento. Promedio de confirmados diarios últimas 15 semanas. https://t.co/yTHKVLuSDe"	https://twitter.com/jorgeluisaliaga/status/1378839702892072963	[]
jorgeluisaliaga	Sun Apr 04 22:39:32 +0000 2021	1	1	"La Rioja, San Juan, San Luis, Mendoza
Casos Diarios, Prom últimos 7 días, SUMA de últimos 14 días / 100.000 habitantes. Días de Duplicación, Log-Log Nuevos vs Total de Casos. 
INCIDENCIA y Factor de Crecimiento. Promedio de confirmados diarios últimas 15 semanas. https://t.co/3jxlsKBdUM"	https://twitter.com/jorgeluisaliaga/status/1378839682285453312	[]
jorgeluisaliaga	Sun Apr 04 22:39:30 +0000 2021	2	1	"Jujuy, Salta, Tucumán, Catamarca 
Casos Diarios, Prom últimos 7 días, SUMA de últimos 14 días / 100.000 habitantes. Días de Duplicación, Log-Log Nuevos vs Total de Casos. 
INCIDENCIA y Factor de Crecimiento. Promedio de confirmados diarios últimas 15 semanas. https://t.co/yzaNDg89wj"	https://twitter.com/jorgeluisaliaga/status/1378839675410976780	[]
jorgeluisaliaga	Sun Apr 04 22:39:28 +0000 2021	1	1	"Entre Ríos, Corrientes, Misiones, Formosa
Casos Diarios, Prom últimos 7 días, SUMA de últimos 14 días / 100.000 habitantes. Días de Duplicación, Log-Log Nuevos vs Total de Casos. 
INCIDENCIA y Factor de Crecimiento. Promedio de confirmados diarios últimas 15 semanas. https://t.co/mnRJbLjFgP"	https://twitter.com/jorgeluisaliaga/status/1378839667089498112	[]
jorgeluisaliaga	Sun Apr 04 22:39:27 +0000 2021	1	1	"Santa Fé, Córdoba, Chaco, Santiago del Estero
Casos Diarios, Prom últimos 7 días, SUMA de últimos 14 días / 100.000 habitantes. Días de Duplicación, Log-Log Nuevos vs Total de Casos. 
INCIDENCIA y Factor de Crecimiento. Promedio de confirmados diarios últimas 15 semanas. https://t.co/NhXToVgfuo"	https://twitter.com/jorgeluisaliaga/status/1378839660571545601	[]
jorgeluisaliaga	Sun Apr 04 22:39:25 +0000 2021	2	2	"CABA, PBA, La Pampa, Tierra del Fuego 
Casos Diarios, Prom últimos 7 días, SUMA de últimos 14 días / 100.000 habitantes. Días de Duplicación, Log-Log Nuevos vs Total de Casos. 
INCIDENCIA y Factor de Crecimiento. Promedio de confirmados diarios últimas 15 semanas. https://t.co/DZf0BZvflq"	https://twitter.com/jorgeluisaliaga/status/1378839651218243588	[]
jorgeluisaliaga	Sun Apr 04 22:39:23 +0000 2021	2	2	"Muestro la evolución de la cantidad de días necesarios para duplicar (x2) y para decuplicar (x10) (Total y Activos).
La cantidad de días para duplicación aumento de entre 3 y 4 a 26 y ahora está en 135. Por 10 en 449 días. https://t.co/wtMZuNKxh5"	https://twitter.com/jorgeluisaliaga/status/1378839644964597761	[]
jorgeluisaliaga	Sun Apr 04 22:39:22 +0000 2021	3	2	"Evolución de la INCIDENCIA y del Factor de Crecimiento (ver Inf del 16/4). 
Muestro también la evolución de la tasa de variación de la cantidad de casos cada 2, 4, y 10 días (ver inf 4/4 y 5/4). También detalle desde el 20/03/21. https://t.co/7lsFZzV3QL"	https://twitter.com/jorgeluisaliaga/status/1378839640317300739	[]
jorgeluisaliaga	Sun Apr 04 22:39:21 +0000 2021	1	2	Muestro en Log-Log Casos Nuevos vs Totales (promedio para cada día con los valores de los siete últimos) (si hay duda, ver inf 3/4). https://t.co/wUNLyLvHGB	https://twitter.com/jorgeluisaliaga/status/1378839634382368778	[]
jorgeluisaliaga	Sun Apr 04 22:39:19 +0000 2021	5	2	"9/1 rearmé el informe.
Total de casos según fecha de carga en escala semilogarítmica, para ver comportamiento exponencial y su velocidad.
Promedio de casos confirmados, UTI y fallecidos por fecha de carga por semana en las últimas 30 semanas. https://t.co/j4ZHV9qbSR"	https://twitter.com/jorgeluisaliaga/status/1378839629290430465	[]
jorgeluisaliaga	Sun Apr 04 22:39:17 +0000 2021	5	1	"19 provincias con INCIDENCIA mayor a 150 casos / 100.000 en los últimos 14 días, y 18 provincias con Razón de Casos mayor a 1 (creciendo). 
Incidencia Nacional = 326 casos
Razón de Casos Nacional = 1,54
ALTO RIESGO SANITARIO
La semana 13 tuvo un aumento del 35%. https://t.co/9mJRK5pZlP"	https://twitter.com/jorgeluisaliaga/status/1378839621363060739	[]
jorgeluisaliaga	Sun Apr 04 22:39:16 +0000 2021	69	23	"Situación COVID-19 al 4/4

Hoy 9.955 nuevos casos confirmados.
Doce provincias con ""alto riesgo sanitario"".
Inicia semana 14 con alta carga para domingo.
Desde 21/9 nuevo formato de informe, sin detalle de tipo de caso.
La cantidad total de casos es 2.393.492. https://t.co/F0OcDflKX7"	https://twitter.com/jorgeluisaliaga/status/1378839613138161664	[]
jorgeluisaliaga	Sun Apr 04 17:12:20 +0000 2021	1	0	@BaezMatu @norabar claro	https://twitter.com/jorgeluisaliaga/status/1378757338736304128	[]
jorgeluisaliaga	Sun Apr 04 16:54:47 +0000 2021	1	0	@BaezMatu @norabar Y si, suspenden todo lo que sea programable. Como en 2020	https://twitter.com/jorgeluisaliaga/status/1378752921320456199	[]
jorgeluisaliaga	Sun Apr 04 16:48:09 +0000 2021	3	1	"@Lia_en_UY @laurathomasset @carolaoberti @ElOjoChurrinche @ebalino @ANIIuy En Argentina, además de la iniciativa mía de publicar circuito y código libre para armar hay varias empresas fabricando, algunas de emprendedores, otras empresas más grandes.

https://t.co/0pVpWmoC1O"	https://twitter.com/jorgeluisaliaga/status/1378751255678439426	[]
jorgeluisaliaga	Sun Apr 04 16:45:56 +0000 2021	0	0	@daniblanco16 @UNQoficial https://t.co/FTrTKt6lyT	https://twitter.com/jorgeluisaliaga/status/1378750695537532931	[]
jorgeluisaliaga	Sun Apr 04 16:45:47 +0000 2021	2	0	"@daniblanco16 Si, lo hace desde hace meses un grupo de @UNQoficial 

https://t.co/XIPKrz2dIj"	https://twitter.com/jorgeluisaliaga/status/1378750656970944513	[]
jorgeluisaliaga	Sun Apr 04 02:47:09 +0000 2021	5	0	@mabaires No se logra inmunidad de rebaño. Ni siquiera eso. Sólo no parar la economía.	https://twitter.com/jorgeluisaliaga/status/1378539609349586949	[]
jorgeluisaliaga	Sun Apr 04 02:44:50 +0000 2021	44	10	"@mabaires Suspenden cirugías programadas. Ya se hizo en 2020. El objetivo es ""aplanar la curva"", no aplastarla. Que mueran los que tengan que morir, pero de a poco para que no colapse."	https://twitter.com/jorgeluisaliaga/status/1378539025796100096	[]
jorgeluisaliaga	Sun Apr 04 01:21:30 +0000 2021	3	0	@threadreaderapp unroll	https://twitter.com/jorgeluisaliaga/status/1378518056452960259	[]
jorgeluisaliaga	Sun Apr 04 01:21:21 +0000 2021	3	0	"Todos los informes e información en mi sitio

https://t.co/OOPfZIjwmV

La Tabla de datos informados por @msalnacion los puse en:

https://t.co/A6X5GTltVQ"	https://twitter.com/jorgeluisaliaga/status/1378518016372191234	[]
jorgeluisaliaga	Sun Apr 04 01:21:20 +0000 2021	1	0	Casos confirmados por grupo etario en CABA y PBA con detalle de edades escolares. https://t.co/JakoFRlcQ9	https://twitter.com/jorgeluisaliaga/status/1378518013985628165	[]
jorgeluisaliaga	Sun Apr 04 01:21:19 +0000 2021	3	0	"Edad promedio de confirmados y de mayores de 70 años por semana de inicio de síntoma.
Cantidad de fallecidos y su edad media, y fallecidos mayores de 70 años por semana de inicio de síntoma. https://t.co/At2xO0dx7c"	https://twitter.com/jorgeluisaliaga/status/1378518008545603584	[]
jorgeluisaliaga	Sun Apr 04 01:21:18 +0000 2021	2	0	"De los 83 informados como fallecidos, 42 fallecieron hace más de 14 días.

Se muestra días entre inicio de síntoma y fallecimiento, largas internaciones. https://t.co/I5ACFqm1YV"	https://twitter.com/jorgeluisaliaga/status/1378518004200275970	[]
jorgeluisaliaga	Sun Apr 04 01:15:42 +0000 2021	3	4	Casos confirmados y sospechosos según fecha de carga en CABA y PBA https://t.co/9z5UG9OmsZ	https://twitter.com/jorgeluisaliaga/status/1378516596776443906	[]
jorgeluisaliaga	Sun Apr 04 01:15:41 +0000 2021	0	0	Detalles de Tests Confirmados, Descartados y Sospechosos según residencia en PBA y CABA por semana, con detalles según lugar de carga y sector público o privado. Amarillo es lo pendiente. https://t.co/7LInmBkjQ3	https://twitter.com/jorgeluisaliaga/status/1378516592531812358	[]
jorgeluisaliaga	Sun Apr 04 01:15:40 +0000 2021	3	0	"Ya se hicieron 7.291.409 Tests PCR de diagnóstico (error +/- 10 tests), 29,7% de positividad.
Hoy 31.109, 23,7% la positividad. 
Cuando teníamos 10% de positividad (10/5) había 250-300 casos por día. https://t.co/6RJ8hEonXF"	https://twitter.com/jorgeluisaliaga/status/1378516588337434626	[]
jorgeluisaliaga	Sun Apr 04 01:15:39 +0000 2021	1	0	"Los casos ordenados por fecha de síntoma, promediada cada día los últimos 7 en lineal y semi-log (ver inf 24/7). Y Por millón de habitantes.
Hasta ahora las amarillas ""predicen"" lo que van a hacer las curvas x síntoma cuando entren casos de esas fechas, atención la suba. https://t.co/yaVQD33rHR"	https://twitter.com/jorgeluisaliaga/status/1378516583245570048	[]
jorgeluisaliaga	Sun Apr 04 01:15:38 +0000 2021	0	0	"Sitios con datos / figuras

Gran info regional: Soledad Retamar @sole_reta 

https://t.co/LLv9J5EA7o

Rodrigo Castro @RodrigoD_Castro

https://t.co/9etT4FOHyf"	https://twitter.com/jorgeluisaliaga/status/1378516579244249097	[]
jorgeluisaliaga	Sun Apr 04 01:15:38 +0000 2021	1	0	"Hilos recomendados:

Semáforo: Martin Barrionuevo @mmbarrionuevo 

https://t.co/y6GHikxJGG

Rio Negro+Neuquen: Clari Cardozo Castro @ClariCardozoCas 

Diseño @TotinFraire Elaboración @Fedwr"	https://twitter.com/jorgeluisaliaga/status/1378516577499426817	[]
jorgeluisaliaga	Sun Apr 04 00:14:03 +0000 2021	1	0	@Laurys_chitara Hola. Si, los caso en la segunda parte. La primera sale con el parte, y no tiene detalles de esas. La segunda sale de la base, que si lo tiene. La actualizan 21:30 aprox.	https://twitter.com/jorgeluisaliaga/status/1378501080733126661	[]
jorgeluisaliaga	Sat Apr 03 22:00:33 +0000 2021	19	3	@lourdeszuazo Que pase pronto y ante la duda controlar saturación de oxígeno en sangre sin dejarse estar.	https://twitter.com/jorgeluisaliaga/status/1378467482801963014	[]
jorgeluisaliaga	Sat Apr 03 21:57:19 +0000 2021	24	0	@mlaroton @oscaratienza Por lo pronto la que tiene 2 fabricas de respiradores es Córdoba, Argentina. Y está más cerca que Córdoba, España 😀	https://twitter.com/jorgeluisaliaga/status/1378466669421588484	[]
jorgeluisaliaga	Sat Apr 03 21:37:25 +0000 2021	16	2	"A partir del 5/2/21 saco el informe en dos partes, la primera cuando sale el parte diario y el complemento cuando se actualiza la base de datos, después de las 21:30.

FIN PRIMERA PARTE."	https://twitter.com/jorgeluisaliaga/status/1378461662961893376	[]
jorgeluisaliaga	Sat Apr 03 21:37:25 +0000 2021	12	6	"Hoy se llegó a 56.106 (+83) personas fallecidas. 
Se reportaron 2.130.640 (+8686) personas recuperadas (89,4%). 
3618 (-1) en Terapia. 
Distintos estados de casos en escala semi-logaritmica. 
Lineal muertos y UTI para ver fácil subas. https://t.co/73yYhsC3bR"	https://twitter.com/jorgeluisaliaga/status/1378461661032513545	[]
jorgeluisaliaga	Sat Apr 03 21:37:23 +0000 2021	3	1	Avance de la Vacunación por sector, por edad y marca de vacuna, por provincia y grupo etario y por provincia y sector. https://t.co/ahOoEIlyau	https://twitter.com/jorgeluisaliaga/status/1378461653612818433	[]
jorgeluisaliaga	Sat Apr 03 21:37:21 +0000 2021	3	1	Evolución de la vacunación en todo el país, CABA y PBA. Porcentaje de vacunas aplicadas en relación con las distribuidas. https://t.co/zExSso7KCG	https://twitter.com/jorgeluisaliaga/status/1378461646495092742	[]
jorgeluisaliaga	Sat Apr 03 21:37:19 +0000 2021	5	2	Avance de la Vacunación por provincia según datos cargado hasta hoy a las 6 AM de &gt;&gt; https://t.co/bBb2CUzoT6 y https://t.co/TNJm7ZPDNK https://t.co/lq87buTFB5	https://twitter.com/jorgeluisaliaga/status/1378461638211350530	[]
jorgeluisaliaga	Sat Apr 03 21:37:18 +0000 2021	3	1	"Muestro ajuste.  Uso el crecimiento exponencial con que se ajustaban los datos al 25/3 para una logística, más adecuado en esta etapa de la epidemia, que explico en detalle en este documento (estimo infectados asumiendo un 70% de asintomáticos): 

https://t.co/xDGEjpspvW https://t.co/NM9cLvrHk9"	https://twitter.com/jorgeluisaliaga/status/1378461632720953347	[]
jorgeluisaliaga	Sat Apr 03 21:37:17 +0000 2021	3	1	"Fallecidos por millón de habitantes por provincia.
Detalle de fecha del último caso de cada provincia. Todas las provincias activas. 
También muestro cantidad de días sin casos por provincia y provincias con casos y casos durante la epidemia. https://t.co/edKGuAYcUh"	https://twitter.com/jorgeluisaliaga/status/1378461627360641025	[]
jorgeluisaliaga	Sat Apr 03 21:37:15 +0000 2021	4	1	"Para los que les sirva, muestro datos más simples de leer de distribución de casos confirmados y muertos, y casos confirmados y muertos por millón de habitantes, por provincia.
También una página interactiva.

https://t.co/UoryUFDQ2D
-------------------------- https://t.co/vMuHMYrGhp"	https://twitter.com/jorgeluisaliaga/status/1378461622046502914	[]
jorgeluisaliaga	Sat Apr 03 21:37:14 +0000 2021	3	1	"Neuquén, Rio Negro, Chubut, Santa Cruz
Casos Diarios, Prom últimos 7 días, SUMA de últimos 14 días / 100.000 habitantes. Días de Duplicación, Log-Log Nuevos vs Total de Casos. 
INCIDENCIA y Factor de Crecimiento. Promedio de confirmados diarios últimas 15 semanas. https://t.co/DKAg2NvOiL"	https://twitter.com/jorgeluisaliaga/status/1378461615826341888	[]
jorgeluisaliaga	Sat Apr 03 21:37:12 +0000 2021	4	1	"La Rioja, San Juan, San Luis, Mendoza
Casos Diarios, Prom últimos 7 días, SUMA de últimos 14 días / 100.000 habitantes. Días de Duplicación, Log-Log Nuevos vs Total de Casos. 
INCIDENCIA y Factor de Crecimiento. Promedio de confirmados diarios últimas 15 semanas. https://t.co/IXYlxp0imj"	https://twitter.com/jorgeluisaliaga/status/1378461606489755658	[]
jorgeluisaliaga	Sat Apr 03 21:37:10 +0000 2021	3	1	"Jujuy, Salta, Tucumán, Catamarca 
Casos Diarios, Prom últimos 7 días, SUMA de últimos 14 días / 100.000 habitantes. Días de Duplicación, Log-Log Nuevos vs Total de Casos. 
INCIDENCIA y Factor de Crecimiento. Promedio de confirmados diarios últimas 15 semanas. https://t.co/1QHyMhCFou"	https://twitter.com/jorgeluisaliaga/status/1378461600923926532	[]
jorgeluisaliaga	Sat Apr 03 21:37:09 +0000 2021	3	1	"Entre Ríos, Corrientes, Misiones, Formosa
Casos Diarios, Prom últimos 7 días, SUMA de últimos 14 días / 100.000 habitantes. Días de Duplicación, Log-Log Nuevos vs Total de Casos. 
INCIDENCIA y Factor de Crecimiento. Promedio de confirmados diarios últimas 15 semanas. https://t.co/dWW4FUiNOa"	https://twitter.com/jorgeluisaliaga/status/1378461594892574725	[]
jorgeluisaliaga	Sat Apr 03 21:37:07 +0000 2021	3	1	"Santa Fé, Córdoba, Chaco, Santiago del Estero
Casos Diarios, Prom últimos 7 días, SUMA de últimos 14 días / 100.000 habitantes. Días de Duplicación, Log-Log Nuevos vs Total de Casos. 
INCIDENCIA y Factor de Crecimiento. Promedio de confirmados diarios últimas 15 semanas. https://t.co/E1tWgit8ZC"	https://twitter.com/jorgeluisaliaga/status/1378461588684992517	[]
jorgeluisaliaga	Sat Apr 03 21:37:06 +0000 2021	5	3	"CABA, PBA, La Pampa, Tierra del Fuego 
Casos Diarios, Prom últimos 7 días, SUMA de últimos 14 días / 100.000 habitantes. Días de Duplicación, Log-Log Nuevos vs Total de Casos. 
INCIDENCIA y Factor de Crecimiento. Promedio de confirmados diarios últimas 15 semanas. https://t.co/MV0OWVO9Z6"	https://twitter.com/jorgeluisaliaga/status/1378461582280261635	[]
jorgeluisaliaga	Sat Apr 03 21:37:05 +0000 2021	5	2	"Muestro la evolución de la cantidad de días necesarios para duplicar (x2) y para decuplicar (x10) (Total y Activos).
La cantidad de días para duplicación aumento de entre 3 y 4 a 26 y ahora está en 128. Por 10 en 425 días. https://t.co/RqhQa4reBx"	https://twitter.com/jorgeluisaliaga/status/1378461576622186497	[]
jorgeluisaliaga	Sat Apr 03 21:37:03 +0000 2021	7	2	"Evolución de la INCIDENCIA y del Factor de Crecimiento (ver Inf del 16/4). 
Muestro también la evolución de la tasa de variación de la cantidad de casos cada 2, 4, y 10 días (ver inf 4/4 y 5/4). También detalle desde el 20/02/21. https://t.co/pKDP4e7l5r"	https://twitter.com/jorgeluisaliaga/status/1378461569764503556	[]
jorgeluisaliaga	Sat Apr 03 21:37:02 +0000 2021	6	1	Muestro en Log-Log Casos Nuevos vs Totales (promedio para cada día con los valores de los siete últimos) (si hay duda, ver inf 3/4). https://t.co/OV6YbWGAuj	https://twitter.com/jorgeluisaliaga/status/1378461564081147907	[]
jorgeluisaliaga	Sat Apr 03 21:37:00 +0000 2021	7	2	"9/1 rearmé el informe.
Total de casos según fecha de carga en escala semilogarítmica, para ver comportamiento exponencial y su velocidad.
Promedio de casos confirmados, UTI y fallecidos por fecha de carga por semana en las últimas 30 semanas. https://t.co/C0zE2FnQSB"	https://twitter.com/jorgeluisaliaga/status/1378461559169679368	[]
jorgeluisaliaga	Sat Apr 03 21:36:59 +0000 2021	9	5	"19 provincias con INCIDENCIA mayor a 150 casos / 100.000 en los últimos 14 días, y 18 provincias con Razón de Casos mayor a 1 (creciendo). 
Incidencia Nacional = 312 casos
Razón de Casos Nacional = 1,49
ALTO RIESGO SANITARIO https://t.co/ktjQvnPnLh"	https://twitter.com/jorgeluisaliaga/status/1378461553758982148	[]
jorgeluisaliaga	Sat Apr 03 21:36:57 +0000 2021	77	25	"Situación COVID-19 al 3/4

Hoy 10.384 nuevos casos confirmados.
Doce provincias con ""alto riesgo sanitario"".
Alta carga para sábado de fin de semana largo.
Desde 21/9 nuevo formato de informe, sin detalle de tipo de caso.
La cantidad total de casos es 2.383.537. https://t.co/IdztqYrzdA"	https://twitter.com/jorgeluisaliaga/status/1378461546045661186	[]
jorgeluisaliaga	Sat Apr 03 19:43:32 +0000 2021	3	0	@MenendezPepe @JonatanViale @JSchmukler No se puede afirmar que es consecuencia, si que es lo estadísticamente esperable, ¿no?	https://twitter.com/jorgeluisaliaga/status/1378433003089760264	[]
jorgeluisaliaga	Sat Apr 03 19:39:47 +0000 2021	15	2	"@otrovega @germangfeler ""soportes antigravitatorios para material científico"" y ""transcriptores de fonemas"", según contaba Rolando García https://t.co/zn65B1MIhk"	https://twitter.com/jorgeluisaliaga/status/1378432060721934343	[]
jorgeluisaliaga	Sat Apr 03 18:52:47 +0000 2021	29	6	"Crecimiento exponencial: los casos de coronavirus subieron 65% en la última semana 
Por Natalia Concina @nconcina11 https://t.co/26aAfMHR0a"	https://twitter.com/jorgeluisaliaga/status/1378420231589220353	[]
jorgeluisaliaga	Sat Apr 03 18:26:59 +0000 2021	100	8	"Lindo día en AMBA, va a ayudar a que haya reuniones sociales en lugares abiertos, menos riesgo de contagio de COVID-19 por mala ventilación. 
Mejor con distancia y tapaboca. https://t.co/z7ucACNkXH"	https://twitter.com/jorgeluisaliaga/status/1378413738357895173	[]
jorgeluisaliaga	Sat Apr 03 17:07:24 +0000 2021	14	1	@JuliDus En especial si no sos populista. En ese caso la presunción es siempre de culpabilidad.	https://twitter.com/jorgeluisaliaga/status/1378393708291354626	[]
jorgeluisaliaga	Sat Apr 03 15:42:06 +0000 2021	1	0	"@LeonardoNOEL @ACSSOingenieria Yo tuve contacto con la SRT, de hecho escribí las normas actuales de HyS en ámbitos de investigación que se usan en el país.
Estos medidores son como el termómetro de una casa, es para tener una idea y quedarse tranquilo.
Para otra cosa están los profesionales matriculados."	https://twitter.com/jorgeluisaliaga/status/1378372244234248194	[]
jorgeluisaliaga	Sat Apr 03 14:29:02 +0000 2021	4	0	@ACSSOingenieria @LeonardoNOEL @jljcolorado @ernestorr @aireamos @PrevencinDocen1 @Lunera_Luz Es la diferencia entre un ingeniero y un físico 😀	https://twitter.com/jorgeluisaliaga/status/1378353855600209927	[]
jorgeluisaliaga	Sat Apr 03 14:03:15 +0000 2021	1	0	"@LeonardoNOEL @ACSSOingenieria @jljcolorado @ernestorr @aireamos @PrevencinDocen1 @Lunera_Luz Los sensores recomiendan calibrar el cero cada 4 meses aprox. Así que podés hacerlo cada tanto. No tiene sentido que una vez por día te vaya corriendo los 400ppm de lugar.
Saludos!"	https://twitter.com/jorgeluisaliaga/status/1378347367196397571	[]
jorgeluisaliaga	Sat Apr 03 14:01:25 +0000 2021	2	0	"@LeonardoNOEL @ACSSOingenieria @jljcolorado @ernestorr @aireamos @PrevencinDocen1 @Lunera_Luz Bien que tenga la opción. 
No estoy de acuerdo con que el uso ""normal"" es que se autocalibre. Porque en el uso normal no va a estar prendido siempre y la gente no lo va a sacar una hora por día al aire libre.  Creo que eso es un pequeño error de diseño (software)."	https://twitter.com/jorgeluisaliaga/status/1378346906762510337	[]
jorgeluisaliaga	Sat Apr 03 13:55:40 +0000 2021	3	0	@LeonardoNOEL @ACSSOingenieria @jljcolorado @ernestorr @aireamos @PrevencinDocen1 @Lunera_Luz Acaba de tomar el CO2 de tu exterior como 400ppm. Dado que el sensor tiene un error de +-50ppm + 5% de  lectura, está ok. El problema es si te calibra adentro 400ppm donde hay 650ppm.	https://twitter.com/jorgeluisaliaga/status/1378345458670665733	[]
jorgeluisaliaga	Sat Apr 03 13:54:26 +0000 2021	2	0	"@LeonardoNOEL @ACSSOingenieria @jljcolorado @ernestorr @aireamos @PrevencinDocen1 @Lunera_Luz Por eso digo. Yo al mío sólo le puse la calibración manual. Lo que leo es que con la automática y uso en lugares cerrados cambia el ""cero"" (400ppm) a cualquier valor que haya sido el mínimo en ese interior.
Me lo confirmaron mediciones con equipos en España."	https://twitter.com/jorgeluisaliaga/status/1378345149814685699	[]
jorgeluisaliaga	Sat Apr 03 12:19:19 +0000 2021	28	1	"@gabyspepe @luchothehouse Además no ""la vacuna Sputnik V"", todas las vacunas."	https://twitter.com/jorgeluisaliaga/status/1378321211076268032	[]
jorgeluisaliaga	Sat Apr 03 12:13:52 +0000 2021	1	0	@LeonardoNOEL @ACSSOingenieria @jljcolorado @ernestorr @aireamos @PrevencinDocen1 @Lunera_Luz OJO, el manual dice que por defecto viene el modo de calibración automática. Yo no creo que eso sea lo mejor.	https://twitter.com/jorgeluisaliaga/status/1378319838523883522	[]
jorgeluisaliaga	Sat Apr 03 12:06:28 +0000 2021	0	0	"@LeonardoNOEL @ACSSOingenieria @jljcolorado @ernestorr @aireamos @PrevencinDocen1 @Lunera_Luz Como el que armé yo, ok. 
Algunos que hicieron en España calibran automáticamente y genera problemas porque confunde."	https://twitter.com/jorgeluisaliaga/status/1378317979918729223	[]
jorgeluisaliaga	Sat Apr 03 12:01:35 +0000 2021	4	0	"@ACSSOingenieria @LeonardoNOEL @jljcolorado @ernestorr @aireamos @PrevencinDocen1 @Lunera_Luz ¿qué sería autocalibrable?
¿qué se calibra sólo o que se puede calibrar?
Algunos equipos se autocalibran y eso es un error, porque si al momento de autocalibrarse no están al aore libre toman cualquier valor como referencia.
Otros se pueden calibrar, cuando uno quiere."	https://twitter.com/jorgeluisaliaga/status/1378316747988738049	[]
jorgeluisaliaga	Sat Apr 03 02:17:16 +0000 2021	0	0	"@LeonardoNOEL Gracias por compartir. Es lo que vemos todos los que medimos. El CO2 subé muy rápido con mala ventilación, y baja muy rápido cuando se ventila.
El medidor hace visible lo invisible da tranquilidad."	https://twitter.com/jorgeluisaliaga/status/1378169699981275136	[]
jorgeluisaliaga	Sat Apr 03 01:39:54 +0000 2021	8	2	@threadreaderapp unroll	https://twitter.com/jorgeluisaliaga/status/1378160295860957185	[]
jorgeluisaliaga	Sat Apr 03 01:39:34 +0000 2021	7	2	"Todos los informes e información en mi sitio

https://t.co/OOPfZIjwmV

La Tabla de datos informados por @msalnacion los puse en:

https://t.co/A6X5GTltVQ"	https://twitter.com/jorgeluisaliaga/status/1378160212100714496	[]
jorgeluisaliaga	Sat Apr 03 01:39:33 +0000 2021	4	2	Casos confirmados por grupo etario en CABA y PBA con detalle de edades escolares. https://t.co/FcUP97Pkjf	https://twitter.com/jorgeluisaliaga/status/1378160209516974081	[]
jorgeluisaliaga	Sat Apr 03 01:39:32 +0000 2021	1	0	"Edad promedio de confirmados y de mayores de 70 años por semana de inicio de síntoma.
Cantidad de fallecidos y su edad media, y fallecidos mayores de 70 años por semana de inicio de síntoma. https://t.co/Ah7OHWLBOB"	https://twitter.com/jorgeluisaliaga/status/1378160203703668741	[]
jorgeluisaliaga	Sat Apr 03 01:39:30 +0000 2021	2	0	"De los 82 informados como fallecidos, 44 fallecieron hace más de 13 días.
1 de ENERO Córdoba
4 de FEBRERO (2 CABA, PBA, Córdoba)
Se muestra días entre inicio de síntoma y fallecimiento, largas internaciones. https://t.co/XcMP216y90"	https://twitter.com/jorgeluisaliaga/status/1378160198481801219	[]
jorgeluisaliaga	Sat Apr 03 01:39:29 +0000 2021	1	0	Casos confirmados y sospechosos por fecha de apertura en CABA y PBA https://t.co/pJnsTCG3qC	https://twitter.com/jorgeluisaliaga/status/1378160193402470400	[]
jorgeluisaliaga	Sat Apr 03 01:39:28 +0000 2021	1	0	Detalles de Tests Confirmados, Descartados y Sospechosos según residencia en PBA y CABA por semana, con detalles según lugar de carga y sector público o privado. Amarillo es lo pendiente. https://t.co/JG4iFvyxqj	https://twitter.com/jorgeluisaliaga/status/1378160188155387904	[]
jorgeluisaliaga	Sat Apr 03 01:39:27 +0000 2021	1	0	"Ya se hicieron 7.250.628 Tests PCR de diagnóstico (error +/- 10 tests), 29,7% de positividad.
Hoy 24.452, 27,7% la positividad. 
Cuando teníamos 10% de positividad (10/5) había 250-300 casos por día. https://t.co/iirotYRGxi"	https://twitter.com/jorgeluisaliaga/status/1378160182732193792	[]
jorgeluisaliaga	Sat Apr 03 01:39:25 +0000 2021	0	0	"Los casos ordenados por fecha de síntoma, promediada cada día los últimos 7 en lineal y semi-log (ver inf 24/7). Y Por millón de habitantes.
Hasta ahora las amarillas ""predicen"" lo que van a hacer las curvas x síntoma cuando entren casos de esas fechas, atención la suba. https://t.co/ZGZYTMl93D"	https://twitter.com/jorgeluisaliaga/status/1378160176423972866	[]
jorgeluisaliaga	Sat Apr 03 01:39:24 +0000 2021	0	0	"Sitios con datos / figuras

Gran info regional: Soledad Retamar @sole_reta 

https://t.co/LLv9J5EA7o

Rodrigo Castro @RodrigoD_Castro

https://t.co/9etT4FOHyf"	https://twitter.com/jorgeluisaliaga/status/1378160170392510465	[]
jorgeluisaliaga	Sat Apr 03 01:39:23 +0000 2021	1	0	"Hilos recomendados:

Semáforo: Martin Barrionuevo @mmbarrionuevo 

https://t.co/XLQhw4Xvh6

Rio Negro+Neuquen: Clari Cardozo Castro @ClariCardozoCas 

Diseño @TotinFraire Elaboración @Fedwr 

https://t.co/SOizCpShlK"	https://twitter.com/jorgeluisaliaga/status/1378160168656117761	[]
jorgeluisaliaga	Fri Apr 02 23:41:12 +0000 2021	17	7	"Medidas en Valencia y los resultados

https://t.co/wzzLO8ZS1S"	https://twitter.com/jorgeluisaliaga/status/1378130424518602757	[]
jorgeluisaliaga	Fri Apr 02 23:34:15 +0000 2021	1	0	@hernansoltz Pensá que tenemos muchos casos x hab. En CABA incidencia de 500. Con ese número toda actividad que junta gente puede generar contagios.	https://twitter.com/jorgeluisaliaga/status/1378128676508872716	[]
jorgeluisaliaga	Fri Apr 02 23:12:06 +0000 2021	0	0	"@hernansoltz Entiendo que esa es la idea de esto

https://t.co/xDUG2jNBoE"	https://twitter.com/jorgeluisaliaga/status/1378123100605329410	[]
jorgeluisaliaga	Fri Apr 02 23:10:58 +0000 2021	0	0	@hernansoltz Esta es la evolución de casos en CABA en edades escolares  y en los grupos de mayores. https://t.co/OB86hCfyre	https://twitter.com/jorgeluisaliaga/status/1378122818018291712	[]
jorgeluisaliaga	Fri Apr 02 22:13:01 +0000 2021	1	0	"@sergiovinate Eso en parte. 
Mirá esto de UK https://t.co/Cybk3bIiH3"	https://twitter.com/jorgeluisaliaga/status/1378108235006218245	[]
jorgeluisaliaga	Fri Apr 02 22:09:07 +0000 2021	9	1	@schvartz_nora @Mirtasmarcos47 Cuando hay feriados la carga se demora. Seguramente el martes 6 ya tendremos un panorama más claro.	https://twitter.com/jorgeluisaliaga/status/1378107253459410946	[]
jorgeluisaliaga	Fri Apr 02 21:08:22 +0000 2021	0	0	"@sergiovinate Las vacunas todavía no juegan en los contagiados, son pocos.
Bajó la positividad, se detectan casos más leves."	https://twitter.com/jorgeluisaliaga/status/1378091965607186443	[]
jorgeluisaliaga	Fri Apr 02 20:55:48 +0000 2021	11	1	"A partir del 5/2/21 saco el informe en dos partes, la primera cuando sale el parte diario y el complemento cuando se actualiza la base de datos, después de las 21:30.

FIN PRIMERA PARTE."	https://twitter.com/jorgeluisaliaga/status/1378088799616573450	[]
jorgeluisaliaga	Fri Apr 02 20:55:47 +0000 2021	12	4	"Hoy se llegó a 56.023 (+82) personas fallecidas. 
Se reportaron 2.121.954 (+9688) personas recuperadas (89,4%). 
3619 (-20) en Terapia. 
Distintos estados de casos en escala semi-logaritmica. 
Lineal muertos y UTI para ver fácil subas. https://t.co/vze6WLJZ1Y"	https://twitter.com/jorgeluisaliaga/status/1378088797779398658	[]
jorgeluisaliaga	Fri Apr 02 20:55:46 +0000 2021	5	1	Avance de la Vacunación por sector, por edad y marca de vacuna, por provincia y grupo etario y por provincia y sector. https://t.co/v9KeOSnTiB	https://twitter.com/jorgeluisaliaga/status/1378088793086038019	[]
jorgeluisaliaga	Fri Apr 02 20:55:45 +0000 2021	4	0	Evolución de la vacunación en todo el país, CABA y PBA. Porcentaje de vacunas aplicadas en relación con las distribuidas. https://t.co/eo1mv97N75	https://twitter.com/jorgeluisaliaga/status/1378088787717328901	[]
jorgeluisaliaga	Fri Apr 02 20:55:44 +0000 2021	4	1	Avance de la Vacunación por provincia según datos cargado hasta hoy a las 6 AM de &gt;&gt; https://t.co/bBb2CUzoT6 y https://t.co/TNJm7ZPDNK https://t.co/aFdiUBi9it	https://twitter.com/jorgeluisaliaga/status/1378088782709325831	[]
jorgeluisaliaga	Fri Apr 02 20:55:42 +0000 2021	3	0	"Muestro ajuste.  Uso el crecimiento exponencial con que se ajustaban los datos al 25/3 para una logística, más adecuado en esta etapa de la epidemia, que explico en detalle en este documento (estimo infectados asumiendo un 70% de asintomáticos): 

https://t.co/xDGEjpspvW https://t.co/xSBkZTqT40"	https://twitter.com/jorgeluisaliaga/status/1378088777760047104	[]
jorgeluisaliaga	Fri Apr 02 20:55:41 +0000 2021	3	0	"Fallecidos por millón de habitantes por provincia.
Detalle de fecha del último caso de cada provincia. Todas las provincias activas. 
También muestro cantidad de días sin casos por provincia y provincias con casos y casos durante la epidemia. https://t.co/O9G5yG8oUn"	https://twitter.com/jorgeluisaliaga/status/1378088773146267651	[]
jorgeluisaliaga	Fri Apr 02 20:55:40 +0000 2021	4	0	"Para los que les sirva, muestro datos más simples de leer de distribución de casos confirmados y muertos, y casos confirmados y muertos por millón de habitantes, por provincia.
También una página interactiva.

https://t.co/UoryUFDQ2D
-------------------------- https://t.co/7mWRJiJYhi"	https://twitter.com/jorgeluisaliaga/status/1378088768444456965	[]
jorgeluisaliaga	Fri Apr 02 20:55:39 +0000 2021	4	0	"Neuquén, Rio Negro, Chubut, Santa Cruz
Casos Diarios, Prom últimos 7 días, SUMA de últimos 14 días / 100.000 habitantes. Días de Duplicación, Log-Log Nuevos vs Total de Casos. 
INCIDENCIA y Factor de Crecimiento. Promedio de confirmados diarios últimas 15 semanas. https://t.co/YgA0YR3f1R"	https://twitter.com/jorgeluisaliaga/status/1378088763654615041	[]
jorgeluisaliaga	Fri Apr 02 20:55:38 +0000 2021	5	0	"La Rioja, San Juan, San Luis, Mendoza
Casos Diarios, Prom últimos 7 días, SUMA de últimos 14 días / 100.000 habitantes. Días de Duplicación, Log-Log Nuevos vs Total de Casos. 
INCIDENCIA y Factor de Crecimiento. Promedio de confirmados diarios últimas 15 semanas. https://t.co/DDENmT5wi5"	https://twitter.com/jorgeluisaliaga/status/1378088758722113536	[]
jorgeluisaliaga	Fri Apr 02 20:55:37 +0000 2021	5	0	"Jujuy, Salta, Tucumán, Catamarca 
Casos Diarios, Prom últimos 7 días, SUMA de últimos 14 días / 100.000 habitantes. Días de Duplicación, Log-Log Nuevos vs Total de Casos. 
INCIDENCIA y Factor de Crecimiento. Promedio de confirmados diarios últimas 15 semanas. https://t.co/SeT73gBe29"	https://twitter.com/jorgeluisaliaga/status/1378088753642737669	[]
jorgeluisaliaga	Fri Apr 02 20:55:35 +0000 2021	4	0	"Entre Ríos, Corrientes, Misiones, Formosa
Casos Diarios, Prom últimos 7 días, SUMA de últimos 14 días / 100.000 habitantes. Días de Duplicación, Log-Log Nuevos vs Total de Casos. 
INCIDENCIA y Factor de Crecimiento. Promedio de confirmados diarios últimas 15 semanas. https://t.co/NumXr7OALC"	https://twitter.com/jorgeluisaliaga/status/1378088748609630210	[]
jorgeluisaliaga	Fri Apr 02 20:55:34 +0000 2021	4	0	"Santa Fé, Córdoba, Chaco, Santiago del Estero
Casos Diarios, Prom últimos 7 días, SUMA de últimos 14 días / 100.000 habitantes. Días de Duplicación, Log-Log Nuevos vs Total de Casos. 
INCIDENCIA y Factor de Crecimiento. Promedio de confirmados diarios últimas 15 semanas. https://t.co/iYCkNKNAgH"	https://twitter.com/jorgeluisaliaga/status/1378088743471616015	[]
jorgeluisaliaga	Fri Apr 02 20:55:33 +0000 2021	4	0	"CABA, PBA, La Pampa, Tierra del Fuego 
Casos Diarios, Prom últimos 7 días, SUMA de últimos 14 días / 100.000 habitantes. Días de Duplicación, Log-Log Nuevos vs Total de Casos. 
INCIDENCIA y Factor de Crecimiento. Promedio de confirmados diarios últimas 15 semanas. https://t.co/U17WaPO3xP"	https://twitter.com/jorgeluisaliaga/status/1378088737561796609	[]
jorgeluisaliaga	Fri Apr 02 20:55:32 +0000 2021	3	0	"Muestro la evolución de la cantidad de días necesarios para duplicar (x2) y para decuplicar (x10) (Total y Activos).
La cantidad de días para duplicación aumento de entre 3 y 4 a 26 y ahora está en 129. Por 10 en 429 días. https://t.co/waYFdm1shC"	https://twitter.com/jorgeluisaliaga/status/1378088732524486661	[]
jorgeluisaliaga	Fri Apr 02 20:55:31 +0000 2021	3	0	"Evolución de la INCIDENCIA y del Factor de Crecimiento (ver Inf del 16/4). 
Muestro también la evolución de la tasa de variación de la cantidad de casos cada 2, 4, y 10 días (ver inf 4/4 y 5/4). También detalle desde el 20/02/21. https://t.co/Bh8jTPrMpR"	https://twitter.com/jorgeluisaliaga/status/1378088728481169412	[]
jorgeluisaliaga	Fri Apr 02 20:55:30 +0000 2021	3	1	Muestro en Log-Log Casos Nuevos vs Totales (promedio para cada día con los valores de los siete últimos) (si hay duda, ver inf 3/4). https://t.co/fh8fvkbiin	https://twitter.com/jorgeluisaliaga/status/1378088724030980098	[]
jorgeluisaliaga	Fri Apr 02 20:55:29 +0000 2021	3	0	"9/1 rearmé el informe.
Total de casos según fecha de carga en escala semilogarítmica, para ver comportamiento exponencial y su velocidad.
Promedio de casos confirmados, UTI y fallecidos por fecha de carga por semana en las últimas 30 semanas. https://t.co/LixOpWGqkK"	https://twitter.com/jorgeluisaliaga/status/1378088720121929736	[]
jorgeluisaliaga	Fri Apr 02 20:55:27 +0000 2021	5	1	"17 provincias con INCIDENCIA mayor a 150 casos / 100.000 en los últimos 14 días, y 19 provincias con Razón de Casos mayor a 1 (creciendo). 
Incidencia Nacional = 305 casos
Razón de Casos Nacional = 1,49
ALTO RIESGO SANITARIO https://t.co/PTXk1nsFno"	https://twitter.com/jorgeluisaliaga/status/1378088714971320321	[]
jorgeluisaliaga	Fri Apr 02 20:26:30 +0000 2021	52	24	"Situación COVID-19 al 2/4

Hoy 9.902 nuevos casos confirmados.
Doce provincias con ""alto riesgo sanitario"".
Mucha carga para feriado.
Desde 21/9 nuevo formato de informe, sin detalle de tipo de caso.
La cantidad total de casos es 2.373.153. https://t.co/LqDPWG1D0m"	https://twitter.com/jorgeluisaliaga/status/1378081428349591555	[]
jorgeluisaliaga	Fri Apr 02 19:00:43 +0000 2021	1	1	@DERPA_MADRID @FILIAUGUSTOARG @msalnacion @aireamos @jljcolorado @JbcLiftec @felisi2punto0 @EJimenez_UCLM @mc_minguillon @Mila_Rodenas @AJSchuhmy @patoripoll https://t.co/rSVjw8K2a7	https://twitter.com/jorgeluisaliaga/status/1378059838664675332	[]
jorgeluisaliaga	Fri Apr 02 19:00:04 +0000 2021	3	1	@norabar @juano_lagleyze No porcentaje, ocupación total país https://t.co/RNnxfRGlZ3	https://twitter.com/jorgeluisaliaga/status/1378059677141962752	[]
jorgeluisaliaga	Fri Apr 02 18:57:47 +0000 2021	1	0	"@fedezuber @norabar Si, es posible. 
En otras subidas el porcentaje no bajó. https://t.co/YVBzSEpAH4"	https://twitter.com/jorgeluisaliaga/status/1378059101008187400	[]
jorgeluisaliaga	Fri Apr 02 18:53:13 +0000 2021	0	0	@hernansoltz Es decir, con suba de casos es esperable que haya más contagios en todas las edades que tengan actividades donde se compartan espacios con otras personas.	https://twitter.com/jorgeluisaliaga/status/1378057952788152323	[]
jorgeluisaliaga	Fri Apr 02 18:52:28 +0000 2021	0	0	"@hernansoltz Es decir, los contagios en lugares cerrados son proporcionales a la probabilidad de que en ese espacio haya una persona contagiando.
Si hay más casos en una zona, más probable aunque el protocolo sea correcto y se cumpla.

(sigo)"	https://twitter.com/jorgeluisaliaga/status/1378057764816162818	[]
jorgeluisaliaga	Fri Apr 02 18:50:30 +0000 2021	0	0	"@hernansoltz Más si ahora, como van a los colegios, tienen OTRAS actividades sociales con menos protocolos.
Si antes de empezar el colegio estaban todo el tiempo haciendo actividades sin cuidado, no es esperable ver aumento de casos
(sigo)"	https://twitter.com/jorgeluisaliaga/status/1378057268147716096	[]
jorgeluisaliaga	Fri Apr 02 18:49:28 +0000 2021	0	0	"@hernansoltz Hay que entender una cosa. Si hasta el inicio de clases los menores de 18 estaban en sus casas encerrados y ahora salen, aunque los protocolos en los colegios sean perfectos, es esperable que suban los casos. 

(sigo)"	https://twitter.com/jorgeluisaliaga/status/1378057006553174017	[]
jorgeluisaliaga	Fri Apr 02 11:24:54 +0000 2021	16	2	"El efecto Matilda
Columna semanal de Nora Bär @norabar 

https://t.co/G1Iz7fHrm7"	https://twitter.com/jorgeluisaliaga/status/1377945128233533441	[]
jorgeluisaliaga	Fri Apr 02 02:13:01 +0000 2021	1	0	@threadreaderapp unroll	https://twitter.com/jorgeluisaliaga/status/1377806243981582340	[]
jorgeluisaliaga	Fri Apr 02 02:09:07 +0000 2021	2	0	"Todos los informes e información en mi sitio

https://t.co/OOPfZIjwmV

La Tabla de datos informados por @msalnacion los puse en:

https://t.co/A6X5GTltVQ"	https://twitter.com/jorgeluisaliaga/status/1377805262422163457	[]
jorgeluisaliaga	Fri Apr 02 02:09:07 +0000 2021	2	0	Casos confirmados por rango etario en CABA y PBA con detalle de edades escolares. https://t.co/d4r4kufCeA	https://twitter.com/jorgeluisaliaga/status/1377805260295639041	[]
jorgeluisaliaga	Fri Apr 02 02:09:05 +0000 2021	1	0	"Edad promedio de confirmados y de mayores de 70 años por semana de inicio de síntoma.
Cantidad de fallecidos y su edad media, y fallecidos mayores de 70 años por semana de inicio de síntoma. https://t.co/WKIDixjzeM"	https://twitter.com/jorgeluisaliaga/status/1377805255140913155	[]
jorgeluisaliaga	Fri Apr 02 02:09:04 +0000 2021	1	0	"De los 83 informados como fallecidos, 30 fallecieron hace más de 12 días.
2 de ENERO (Entre Ríos, PBA)
4 de FEBRERO (PBA, Córdoba, Mendoza, San Luis)
Se muestra días entre inicio de síntoma y fallecimiento, largas internaciones. https://t.co/QJhlEwLL0o"	https://twitter.com/jorgeluisaliaga/status/1377805250715918338	[]
jorgeluisaliaga	Fri Apr 02 02:09:03 +0000 2021	0	0	Casos confirmados y sospechosos por fecha de apertura en CABA y PBA https://t.co/edlHuT8Uk8	https://twitter.com/jorgeluisaliaga/status/1377805246387343360	[]
jorgeluisaliaga	Fri Apr 02 02:09:02 +0000 2021	0	0	Detalles de Tests Confirmados, Descartados y Sospechosos según residencia en PBA y CABA por semana, con detalles según lugar de carga y sector público o privado. Amarillo es lo pendiente. https://t.co/KDkFwnqmQx	https://twitter.com/jorgeluisaliaga/status/1377805241954013184	[]
jorgeluisaliaga	Fri Apr 02 02:09:01 +0000 2021	0	0	"Ya se hicieron 7.216.796 Tests PCR de diagnóstico (error +/- 10 tests), 29,7% de positividad.
Hoy 30.812, 30,5% la positividad. 
Cuando teníamos 10% de positividad (10/5) había 250-300 casos por día. https://t.co/jP26mOjfVr"	https://twitter.com/jorgeluisaliaga/status/1377805237239623685	[]
jorgeluisaliaga	Fri Apr 02 02:09:00 +0000 2021	0	0	"Los casos ordenados por fecha de síntoma, promediada cada día los últimos 7 en lineal y semi-log (ver inf 24/7). Y Por millón de habitantes.
Hasta ahora las amarillas ""predicen"" lo que van a hacer las curvas x síntoma cuando entren casos de esas fechas, atención la suba. https://t.co/QIQ2T1bfmg"	https://twitter.com/jorgeluisaliaga/status/1377805232873308163	[]
jorgeluisaliaga	Fri Apr 02 02:08:59 +0000 2021	0	0	"Sitios con datos / figuras

Gran info regional: Soledad Retamar @sole_reta 

https://t.co/LLv9J5EA7o

Rodrigo Castro @RodrigoD_Castro

https://t.co/9etT4FOHyf"	https://twitter.com/jorgeluisaliaga/status/1377805228939038723	[]
jorgeluisaliaga	Fri Apr 02 02:08:59 +0000 2021	1	0	"Hilos recomendados:

Semáforo: Martin Barrionuevo @mmbarrionuevo 

https://t.co/OH4SREy4co

Rio Negro+Neuquen: Clari Cardozo Castro @ClariCardozoCas 

Diseño @TotinFraire Elaboración @Fedwr 

https://t.co/Qxvs4ENlpN"	https://twitter.com/jorgeluisaliaga/status/1377805227093540864	[]
jorgeluisaliaga	Fri Apr 02 00:21:43 +0000 2021	5	1	"@katzce @abud_celi En los autos como en los viejos aires acondicionados cuadrados (no split) hay una opción para ventilar o recircular. 
Para decir si cada cosa es suficiente hay que medir.
Conceptos básicos &gt;&gt; https://t.co/oEARDWxfLQ"	https://twitter.com/jorgeluisaliaga/status/1377778231844159489	[]
jorgeluisaliaga	Thu Apr 01 23:52:45 +0000 2021	0	0	"@Jul4829648 @Sanquijam @wakundamm Si, claro.

Por eso dediqué tiempo a difundir las iniciativas de @jljcolorado y @aireamos 

https://t.co/rSVjw8K2a7"	https://twitter.com/jorgeluisaliaga/status/1377770942395469824	[]
jorgeluisaliaga	Thu Apr 01 23:51:37 +0000 2021	94	33	"Medidores de CO2, para  disminuir el riesgo de contagio de COVID-19 en espacios interiores.

https://t.co/wevKmsgLQU"	https://twitter.com/jorgeluisaliaga/status/1377770660303417346	[]
jorgeluisaliaga	Thu Apr 01 23:50:36 +0000 2021	47	33	"Covid-19: ¿cómo evitar contagios en el transporte público?
La entrevista de @abud_celi

https://t.co/uBCr9cplBn"	https://twitter.com/jorgeluisaliaga/status/1377770404115267590	[]
jorgeluisaliaga	Thu Apr 01 23:31:24 +0000 2021	2	0	"@paola_batt @msalnacion @aireamos @jljcolorado @JbcLiftec @felisi2punto0 @EJimenez_UCLM @mc_minguillon @Mila_Rodenas @AJSchuhmy @patoripoll @unahurlingham Si, estoy de acuerdo.
Mi experiencia, de medir, es que muchos afirman que ""no hay ventilación"", pero si se abre un poco cambia mucho. ¿cuánto abrir? Se ajusta midiendo CO2.

https://t.co/6DQ57YL6vp"	https://twitter.com/jorgeluisaliaga/status/1377765571215904768	[]
jorgeluisaliaga	Thu Apr 01 23:23:12 +0000 2021	0	0	@Jul4829648 @Sanquijam @wakundamm Igual, en una casa de familia no hace falta, esto es para oficinas, escuelas, transportes, restaurantes. Lo deben comprar empresarios o el estado.	https://twitter.com/jorgeluisaliaga/status/1377763508062986240	[]
jorgeluisaliaga	Thu Apr 01 23:22:08 +0000 2021	1	0	"@Jul4829648 @Sanquijam @wakundamm El MH-Z19C (es el que se vende hoy) cuesta U$S 15 en china, se venden de a 2 mínimo.

https://t.co/hymqZfITvo

Yo lo compré en diciembre a $4.500 en Monarca Electrónica. Se agotó y todavía no repusieron.

https://t.co/6l8DbrR558

(sigo)"	https://twitter.com/jorgeluisaliaga/status/1377763239354830854	[]
jorgeluisaliaga	Thu Apr 01 23:15:49 +0000 2021	5	2	"@Fernand59609860 @carovera_ar @ciencia_ar @msalnacion @CONICETDialoga @RCSalvarezza @jazcastano El ascensor es un tema especial. Por norma de seguridad no puede quedar la puerta abierta cuando está vacío. Por lo que no se ventila.
Al menos hay que viajar sólo con convivientes.
Lo mejor, que tenga un extractor en el techo, apuntando hacia arriba, para que el aire circule."	https://twitter.com/jorgeluisaliaga/status/1377761648245620739	[]
jorgeluisaliaga	Thu Apr 01 23:13:34 +0000 2021	1	0	"@agupatelli @ciencia_ar Y si se quiere armar,  instrucciones, circuito y código libre en

https://t.co/rSVjw8K2a7"	https://twitter.com/jorgeluisaliaga/status/1377761084074033156	[]
jorgeluisaliaga	Thu Apr 01 23:13:01 +0000 2021	1	0	"@agupatelli @ciencia_ar Hay opciones diferentes, algunos con display como para poner en una pared

(sigo)

https://t.co/pTiJzyxN7w"	https://twitter.com/jorgeluisaliaga/status/1377760946165321729	[]
jorgeluisaliaga	Thu Apr 01 23:12:21 +0000 2021	1	0	"@agupatelli Vos querés medidores (los sensores es sólo la parte que mide el CO2).
En la iniciativa #VentilAr el @ciencia_ar va poniendo lista de fabricantes.

(sigo)

https://t.co/0pVpWmoC1O"	https://twitter.com/jorgeluisaliaga/status/1377760779202613249	[{'text': 'VentilAr', 'indices': [99, 108]}]
jorgeluisaliaga	Thu Apr 01 23:10:03 +0000 2021	1	0	"@paola_batt @msalnacion @aireamos @jljcolorado @JbcLiftec @felisi2punto0 @EJimenez_UCLM @mc_minguillon @Mila_Rodenas @AJSchuhmy @patoripoll La @unahurlingham entrega los medidores #AireNuevo en Morón y Hurlingham, derivados de mi prototipo.

https://t.co/WYbF8VpcAZ"	https://twitter.com/jorgeluisaliaga/status/1377760197775609856	[{'text': 'AireNuevo', 'indices': [180, 190]}]
jorgeluisaliaga	Thu Apr 01 23:09:02 +0000 2021	0	0	"@paola_batt @msalnacion @aireamos @jljcolorado @JbcLiftec @felisi2punto0 @EJimenez_UCLM @mc_minguillon @Mila_Rodenas @AJSchuhmy @patoripoll El que quiera / pueda armar medidor, acá las instrucciones, circuito y código libre

https://t.co/rSVjw8K2a7"	https://twitter.com/jorgeluisaliaga/status/1377759942564790281	[]
jorgeluisaliaga	Thu Apr 01 23:08:20 +0000 2021	0	0	"@paola_batt @msalnacion @aireamos @jljcolorado @JbcLiftec @felisi2punto0 @EJimenez_UCLM @mc_minguillon @Mila_Rodenas @AJSchuhmy @patoripoll Como lo expliqué en esta nota, desde el 6/1

(sigo)

https://t.co/XYIP6fWDfQ"	https://twitter.com/jorgeluisaliaga/status/1377759766030782464	[]
jorgeluisaliaga	Thu Apr 01 23:07:51 +0000 2021	0	0	"@paola_batt @msalnacion @aireamos @jljcolorado @JbcLiftec @felisi2punto0 @EJimenez_UCLM @mc_minguillon @Mila_Rodenas @AJSchuhmy @patoripoll Acá se muestra el degrade. ¿cómo sabemos si con lo que hay alcanza?
Midiendo CO2.
(sigo) https://t.co/d73LUWH6CG"	https://twitter.com/jorgeluisaliaga/status/1377759645549363201	[]
jorgeluisaliaga	Thu Apr 01 23:06:49 +0000 2021	0	0	"@paola_batt @msalnacion @aireamos @jljcolorado @JbcLiftec @felisi2punto0 @EJimenez_UCLM @mc_minguillon @Mila_Rodenas @AJSchuhmy @patoripoll Pero la cruzada es la mejor.  Hay un degradé, como explicamos en la charla de lanzamiento

 https://t.co/6DQ57YL6vp

(sigo)"	https://twitter.com/jorgeluisaliaga/status/1377759386328793090	[]
jorgeluisaliaga	Thu Apr 01 23:04:39 +0000 2021	1	0	"@paola_batt @msalnacion @aireamos @jljcolorado @JbcLiftec @felisi2punto0 @EJimenez_UCLM @mc_minguillon @Mila_Rodenas @AJSchuhmy @patoripoll La cruzada es la mejor. Decir NO hay es falso. 
En ciencia si hay UNO, existe. Y yo fui a entregar medidores a una escuela de Villa Tesei que tenía ventanas de un lado y puerta enfrente = cruzada.
Puede ser que haya pocas.
(sigo)"	https://twitter.com/jorgeluisaliaga/status/1377758840393981953	[]
jorgeluisaliaga	Thu Apr 01 21:58:50 +0000 2021	0	0	"@cecy_soy88 @jljcolorado @ciencia_ar @unahurlingham Y el @msalnacion en conjunto con @ciencia_ar emitió estas recomendaciones

https://t.co/UDbTRrNQ08"	https://twitter.com/jorgeluisaliaga/status/1377742275191713799	[]
jorgeluisaliaga	Thu Apr 01 21:53:16 +0000 2021	0	0	"@cecy_soy88 @jljcolorado @ciencia_ar Además @unahurlingham está armando medidores para los municipios de Hurlingham y Morón

https://t.co/WYbF8VpcAZ"	https://twitter.com/jorgeluisaliaga/status/1377740876349341700	[]
jorgeluisaliaga	Thu Apr 01 21:51:55 +0000 2021	0	1	"@cecy_soy88 @jljcolorado @ciencia_ar En este sitio hay un listado de empresas que venden, para el que no quiere/puede armar

https://t.co/0pVpWmoC1O"	https://twitter.com/jorgeluisaliaga/status/1377740534261948417	[]
jorgeluisaliaga	Thu Apr 01 21:51:11 +0000 2021	0	0	"@cecy_soy88 @jljcolorado Y luego de mucho caminar (en sentido figurado) el viernes pasado el @ciencia_ar lanzó la campaña #VentilAr &gt;&gt; 
https://t.co/1TOEJOwF0y

El lanzamiento se hizo en el marco de este webinar &gt;&gt; https://t.co/6DQ57YL6vp"	https://twitter.com/jorgeluisaliaga/status/1377740352518553600	[{'text': 'VentilAr', 'indices': [122, 131]}]
jorgeluisaliaga	Thu Apr 01 21:50:01 +0000 2021	0	0	"@cecy_soy88 @jljcolorado Y puse de libre acceso para el que quiera el código y el circuito para armar equipos económicos

https://t.co/rSVjw8K2a7"	https://twitter.com/jorgeluisaliaga/status/1377740055750578184	[]
jorgeluisaliaga	Thu Apr 01 21:49:15 +0000 2021	0	0	"@cecy_soy88 @jljcolorado Hola.
El 6/1 empecé con el tema ventilación y medidores de CO2 en Argentina

https://t.co/XYIP6fWDfQ"	https://twitter.com/jorgeluisaliaga/status/1377739863244607496	[]
jorgeluisaliaga	Thu Apr 01 21:23:03 +0000 2021	3	1	"@Laura_Forte @msalnacion @aireamos @jljcolorado @JbcLiftec @felisi2punto0 @EJimenez_UCLM @mc_minguillon @Mila_Rodenas @AJSchuhmy @patoripoll Supongo que existe un organismo del estado que controla a los prestadores médicos. 
Más allá de eso, los establecimientos de salud deberían llevar tranquilidad a los pacientes, por ejemplo colocando medidores de CO2 para que todos puedan ver.

https://t.co/yqpxlcpSR9"	https://twitter.com/jorgeluisaliaga/status/1377733271010836483	[]
jorgeluisaliaga	Thu Apr 01 21:00:42 +0000 2021	11	1	"A partir del 5/2/21 saco el informe en dos partes, la primera cuando sale el parte diario y el complemento cuando se actualiza la base de datos, después de las 21:30.

FIN PRIMERA PARTE."	https://twitter.com/jorgeluisaliaga/status/1377727647304794113	[]
jorgeluisaliaga	Thu Apr 01 21:00:42 +0000 2021	8	2	"Hoy se llegó a 55.941 (+83) personas fallecidas. 
Se reportaron 2.112.266 (+9650) personas recuperadas (89,4%). 
3639 (+1) en Terapia. 
Distintos estados de casos en escala semi-logaritmica. 
Lineal muertos y UTI para ver fácil subas. https://t.co/YtTJYR1aPA"	https://twitter.com/jorgeluisaliaga/status/1377727645492854793	[]
jorgeluisaliaga	Thu Apr 01 21:00:41 +0000 2021	3	1	Avance de la Vacunación por sector, por edad y marca de vacuna, por provincia y grupo etario y por provincia y sector. https://t.co/xOsVetnEBL	https://twitter.com/jorgeluisaliaga/status/1377727640275140608	[]
jorgeluisaliaga	Thu Apr 01 21:00:39 +0000 2021	2	1	Evolución de la vacunación en todo el país, CABA y PBA. Porcentaje de vacunas aplicadas en relación con las distribuidas. https://t.co/bFzn8Oxhj3	https://twitter.com/jorgeluisaliaga/status/1377727635078414342	[]
jorgeluisaliaga	Thu Apr 01 21:00:38 +0000 2021	3	1	Avance de la Vacunación por provincia según datos cargado hasta hoy a las 6 AM de &gt;&gt; https://t.co/bBb2CUzoT6 y https://t.co/TNJm7ZPDNK https://t.co/LdrcvZedao	https://twitter.com/jorgeluisaliaga/status/1377727629114105863	[]
jorgeluisaliaga	Thu Apr 01 21:00:36 +0000 2021	2	0	"Muestro ajuste.  Uso el crecimiento exponencial con que se ajustaban los datos al 25/3 para una logística, más adecuado en esta etapa de la epidemia, que explico en detalle en este documento (estimo infectados asumiendo un 70% de asintomáticos): 

https://t.co/xDGEjpspvW https://t.co/nuT8uHaJXt"	https://twitter.com/jorgeluisaliaga/status/1377727622403211270	[]
jorgeluisaliaga	Thu Apr 01 21:00:35 +0000 2021	2	0	"Fallecidos por millón de habitantes por provincia.
Detalle de fecha del último caso de cada provincia. Todas las provincias activas. 
También muestro cantidad de días sin casos por provincia y provincias con casos y casos durante la epidemia. https://t.co/mP9d8E6AYw"	https://twitter.com/jorgeluisaliaga/status/1377727617298759688	[]
jorgeluisaliaga	Thu Apr 01 21:00:34 +0000 2021	2	0	"Para los que les sirva, muestro datos más simples de leer de distribución de casos confirmados y muertos, y casos confirmados y muertos por millón de habitantes, por provincia.
También una página interactiva.

https://t.co/UoryUFDQ2D
-------------------------- https://t.co/VyTvSWXZcm"	https://twitter.com/jorgeluisaliaga/status/1377727612311773186	[]
jorgeluisaliaga	Thu Apr 01 21:00:32 +0000 2021	3	1	"Neuquén, Rio Negro, Chubut, Santa Cruz
Casos Diarios, Prom últimos 7 días, SUMA de últimos 14 días / 100.000 habitantes. Días de Duplicación, Log-Log Nuevos vs Total de Casos. 
INCIDENCIA y Factor de Crecimiento. Promedio de confirmados diarios últimas 15 semanas. https://t.co/icbkwFSr8L"	https://twitter.com/jorgeluisaliaga/status/1377727605215002632	[]
jorgeluisaliaga	Thu Apr 01 21:00:30 +0000 2021	4	1	"La Rioja, San Juan, San Luis, Mendoza
Casos Diarios, Prom últimos 7 días, SUMA de últimos 14 días / 100.000 habitantes. Días de Duplicación, Log-Log Nuevos vs Total de Casos. 
INCIDENCIA y Factor de Crecimiento. Promedio de confirmados diarios últimas 15 semanas. https://t.co/D5fgjVh7De"	https://twitter.com/jorgeluisaliaga/status/1377727595765231617	[]
jorgeluisaliaga	Thu Apr 01 21:00:29 +0000 2021	3	1	"Jujuy, Salta, Tucumán, Catamarca 
Casos Diarios, Prom últimos 7 días, SUMA de últimos 14 días / 100.000 habitantes. Días de Duplicación, Log-Log Nuevos vs Total de Casos. 
INCIDENCIA y Factor de Crecimiento. Promedio de confirmados diarios últimas 15 semanas. https://t.co/13ksT86QQY"	https://twitter.com/jorgeluisaliaga/status/1377727590081966083	[]
jorgeluisaliaga	Thu Apr 01 21:00:27 +0000 2021	2	1	"Entre Ríos, Corrientes, Misiones, Formosa
Casos Diarios, Prom últimos 7 días, SUMA de últimos 14 días / 100.000 habitantes. Días de Duplicación, Log-Log Nuevos vs Total de Casos. 
INCIDENCIA y Factor de Crecimiento. Promedio de confirmados diarios últimas 15 semanas. https://t.co/CINcvm4UNL"	https://twitter.com/jorgeluisaliaga/status/1377727583178084361	[]
jorgeluisaliaga	Thu Apr 01 21:00:25 +0000 2021	3	1	"Santa Fé, Córdoba, Chaco, Santiago del Estero
Casos Diarios, Prom últimos 7 días, SUMA de últimos 14 días / 100.000 habitantes. Días de Duplicación, Log-Log Nuevos vs Total de Casos. 
INCIDENCIA y Factor de Crecimiento. Promedio de confirmados diarios últimas 15 semanas. https://t.co/7P7T0bp4tB"	https://twitter.com/jorgeluisaliaga/status/1377727576932818955	[]
jorgeluisaliaga	Thu Apr 01 21:00:24 +0000 2021	7	3	"CABA, PBA, La Pampa, Tierra del Fuego 
Casos Diarios, Prom últimos 7 días, SUMA de últimos 14 días / 100.000 habitantes. Días de Duplicación, Log-Log Nuevos vs Total de Casos. 
INCIDENCIA y Factor de Crecimiento. Promedio de confirmados diarios últimas 15 semanas. https://t.co/elSiH3dWUA"	https://twitter.com/jorgeluisaliaga/status/1377727570117017601	[]
jorgeluisaliaga	Thu Apr 01 21:00:23 +0000 2021	4	2	"Muestro la evolución de la cantidad de días necesarios para duplicar (x2) y para decuplicar (x10) (Total y Activos).
La cantidad de días para duplicación aumento de entre 3 y 4 a 26 y ahora está en 135. Por 10 en 447 días. https://t.co/iGbkWQoj2W"	https://twitter.com/jorgeluisaliaga/status/1377727564744163332	[]
jorgeluisaliaga	Thu Apr 01 21:00:21 +0000 2021	4	2	"Evolución de la INCIDENCIA y del Factor de Crecimiento (ver Inf del 16/4). 
Muestro también la evolución de la tasa de variación de la cantidad de casos cada 2, 4, y 10 días (ver inf 4/4 y 5/4). También detalle desde el 20/02/21. https://t.co/HwiiUUwNLE"	https://twitter.com/jorgeluisaliaga/status/1377727560201691137	[]
jorgeluisaliaga	Thu Apr 01 21:00:20 +0000 2021	3	2	Muestro en Log-Log Casos Nuevos vs Totales (promedio para cada día con los valores de los siete últimos) (si hay duda, ver inf 3/4). https://t.co/OnQ4kg7IPn	https://twitter.com/jorgeluisaliaga/status/1377727555487346695	[]
jorgeluisaliaga	Thu Apr 01 21:00:19 +0000 2021	8	2	"9/1 rearmé el informe.
Total de casos según fecha de carga en escala semilogarítmica, para ver comportamiento exponencial y su velocidad.
Promedio de casos confirmados, UTI y fallecidos por fecha de carga por semana en las últimas 30 semanas. https://t.co/HRBjrA0kli"	https://twitter.com/jorgeluisaliaga/status/1377727551037116422	[]
jorgeluisaliaga	Thu Apr 01 21:00:18 +0000 2021	6	3	"19 provincias con INCIDENCIA mayor a 150 casos / 100.000 en los últimos 14 días, y 18 provincias con Razón de Casos mayor a 1 (creciendo). 
Incidencia Nacional = 301 casos
Razón de Casos Nacional = 1,47
ALTO RIESGO SANITARIO https://t.co/HrYIii43kK"	https://twitter.com/jorgeluisaliaga/status/1377727544779243524	[]
jorgeluisaliaga	Thu Apr 01 21:00:16 +0000 2021	46	19	"Situación COVID-19 al 1/4

Hoy 14.430 nuevos casos confirmados.
Catorce provincias con ""alto riesgo sanitario"".
Otro día con muy alta carga.
Desde 21/9 nuevo formato de informe, sin detalle de tipo de caso.
La cantidad total de casos es 2.363.251. https://t.co/YDpe6oZhh2"	https://twitter.com/jorgeluisaliaga/status/1377727538940805126	[]
jorgeluisaliaga	Thu Apr 01 18:11:05 +0000 2021	2	1	"@Vic_Guma Se que vamos tarde, la primera nota salió el 6/1.
Pero si no empezamos informando es más difícil aplicar las medidas. 

https://t.co/XYIP6fWDfQ"	https://twitter.com/jorgeluisaliaga/status/1377684962665754631	[]
jorgeluisaliaga	Thu Apr 01 18:09:27 +0000 2021	3	0	"@AgJuanE Yo empezaría definiendo a un ""lugar cerrado y sin ventilación"" como un DEPOSITO. No es un ambiente laboral ni un aula, según código de edificación, por ejemplo. 
Por eso hay que empezar ventilando."	https://twitter.com/jorgeluisaliaga/status/1377684548331388940	[]
jorgeluisaliaga	Thu Apr 01 17:48:46 +0000 2021	111	50	"""dejá una ventilación cruzada y constante en cada ambiente de tu casa, trabajo o medio de transporte""
la recomendación de @msalnacion de Argentina

@aireamos @jljcolorado @JbcLiftec @felisi2punto0 @EJimenez_UCLM @mc_minguillon @Mila_Rodenas @AJSchuhmy @patoripoll https://t.co/caLY0rDQzD"	https://twitter.com/jorgeluisaliaga/status/1377679346010361858	[]
jorgeluisaliaga	Thu Apr 01 17:43:50 +0000 2021	5	1	"@mhlopez @carovera_ar @ciencia_ar @msalnacion @CONICETDialoga @RCSalvarezza @jazcastano Por eso hay que tener medidores de CO2 (no filtros HEPA). Porque en muchos casos con condiciones menos óptimas alcanza para una ventilación segura. Sin medir eso no se puede saber. Menos en invierno cuando se tiende a cerrar todo.

https://t.co/rSVjw8K2a7"	https://twitter.com/jorgeluisaliaga/status/1377678104106258434	[]
jorgeluisaliaga	Thu Apr 01 16:46:14 +0000 2021	1	0	"@JuanmanuelBay14 Creo que eso sólo lo va a cambiar si CABA dice de cerrar, y dejan sólo al ala dura, o si va a colapso el sistema de salud.
Sino, nadie va a querer decidir eso."	https://twitter.com/jorgeluisaliaga/status/1377663608214142983	[]
jorgeluisaliaga	Thu Apr 01 16:45:35 +0000 2021	1	0	"@JuanmanuelBay14 y eso se logró, hasta ahora.
No intentan que haya menos casos. Las autoridades creen que no es posible (no es mi opinión).
Se decidió tratar de no afectar la economía por cierres.
Y se decidió  priorizar presencialidad ante riesgos.
(sigo)"	https://twitter.com/jorgeluisaliaga/status/1377663442300076034	[]
jorgeluisaliaga	Thu Apr 01 16:43:16 +0000 2021	1	0	"@JuanmanuelBay14 Sobre la pregunta, uno podría decir ¿es razonable turismo en este contexto donde podés llevar variantes que circulen en CABA a todo el país? El ministro de Turismo dice que si.
Desde mayo de 2020 que las decisiones sobre salud sólo intentan que no colapse el sistema
(sigo)"	https://twitter.com/jorgeluisaliaga/status/1377662861296738308	[]
jorgeluisaliaga	Thu Apr 01 16:41:34 +0000 2021	1	0	"@JuanmanuelBay14 Lo que muestro en el informe son datos, para que cada uno los vea.
Muestra que suben los casos de edades escolares, que suelen estar subcontadas por muchos asintomáticos.
No suben más que los contagios comunitarios, parece.

(sigo)"	https://twitter.com/jorgeluisaliaga/status/1377662435272884231	[]
jorgeluisaliaga	Thu Apr 01 16:38:28 +0000 2021	13	9	"@Sanquijam @wakundamm Si la idea es armar, circuito y código libres en

https://t.co/rSVjw8K2a7

Listado de empresas locales

https://t.co/0pVpWmoC1O

Y montones de importados. 
Debe se Medidor de CO2 con sensor NDIR (infrarrojo no dispersivo). El resto son gustos."	https://twitter.com/jorgeluisaliaga/status/1377661651529383941	[]
jorgeluisaliaga	Thu Apr 01 16:36:31 +0000 2021	4	0	@wakundamm 👏👏👏👏	https://twitter.com/jorgeluisaliaga/status/1377661164495253506	[]
jorgeluisaliaga	Thu Apr 01 11:48:49 +0000 2021	16	4	"Siempre interesante la visión de @MazzucatoM 

https://t.co/OaHBZ4fhGA"	https://twitter.com/jorgeluisaliaga/status/1377588760792154117	[]
jorgeluisaliaga	Thu Apr 01 11:35:56 +0000 2021	3	0	"@deniseschilman @aireamos @jljcolorado @JbcLiftec @felisi2punto0 @EJimenez_UCLM @mc_minguillon @Mila_Rodenas @AJSchuhmy @patoripoll @MA_Campano De todas formas esos cálculos son asumiendo que se está a 2 metros. Si uno se pone pegado no hay forma de diluir el aire que respiró otro suficientemente rápido como para no respirar algo.
+info 
Campaña #VentilAr &gt;&gt; https://t.co/1TOEJOwF0y

Lanzamiento &gt;&gt; https://t.co/6DQ57YL6vp"	https://twitter.com/jorgeluisaliaga/status/1377585520163889154	[{'text': 'VentilAr', 'indices': [348, 357]}]
jorgeluisaliaga	Thu Apr 01 11:33:37 +0000 2021	3	0	"@deniseschilman @aireamos @jljcolorado @JbcLiftec @felisi2punto0 @EJimenez_UCLM @mc_minguillon @Mila_Rodenas @AJSchuhmy @patoripoll @MA_Campano No, a lo mejor fueron muchos números y no quedó claro.
Al aire libre hay entre 400 y 450ppm.
En 700ppm (300 sobre el exterior) la probabilidad de respirar aire del otro es 0.7%.
En 800ppm (400 sobre el exterior) la probabilidad de respirar aire del otro es 1%.

(sigo)"	https://twitter.com/jorgeluisaliaga/status/1377584936044138496	[]
jorgeluisaliaga	Thu Apr 01 10:31:22 +0000 2021	3	3	"@teoriantropolog @evanesag @carovera_ar @ciencia_ar @msalnacion @CONICETDialoga @RCSalvarezza @jazcastano Concuerdo 100% que gente sin máscara en TV es una mala imagen. Aún a 2 mts, en espacios cerrados con no convivientes se debe usar tapabocas:

#Ventilar  &gt;&gt; https://t.co/1TOEJOwF0y

Lanzamiento &gt;&gt; https://t.co/6DQ57YL6vp"	https://twitter.com/jorgeluisaliaga/status/1377569267663659008	[{'text': 'Ventilar', 'indices': [248, 257]}]
jorgeluisaliaga	Thu Apr 01 10:29:01 +0000 2021	3	0	"@lulacapriotti @ajrosotweet @carovera_ar @ciencia_ar @msalnacion @CONICETDialoga @RCSalvarezza @jazcastano Por si interesa:
Campaña Ventilar del Ministerio de Ciencia y Técnica Nacional @ciencia_ar 
Este es el micrositio &gt;&gt; https://t.co/1TOEJOwF0y

El lanzamiento se hizo en el marco de este webinar &gt;&gt; https://t.co/6DQ57YL6vp"	https://twitter.com/jorgeluisaliaga/status/1377568679001522177	[]
jorgeluisaliaga	Thu Apr 01 10:26:09 +0000 2021	0	0	@Condori63144539 Gracias por tu comentario, pero los graficos muestran que aún siendo en su mayoría asintomáticos o leves HAY un aumento.	https://twitter.com/jorgeluisaliaga/status/1377567957165998080	[]
jorgeluisaliaga	Thu Apr 01 10:23:52 +0000 2021	1	0	"@miricomunica @rquiroga777 @radioconvos899 En un hogar no es tan importante, salvo cuando estás con no convivientes. Si no se puede asegurar renovación de aire, las reuniones al aire libre.
Si me haces un simple plano de habitaciones y aberturas puedo darte una ayuda mejor."	https://twitter.com/jorgeluisaliaga/status/1377567381111865348	[]
jorgeluisaliaga	Thu Apr 01 10:18:41 +0000 2021	3	3	"#BO
ANSES - Establécese, excepcionalmente y por única vez, un incremento del CIEN POR CIENTO (100%) en el monto de las Asignaciones Familiares para afectados por incendios en Chubut

https://t.co/zn4ypApIpj"	https://twitter.com/jorgeluisaliaga/status/1377566076897230850	[{'text': 'BO', 'indices': [0, 3]}]
jorgeluisaliaga	Thu Apr 01 10:18:41 +0000 2021	1	0	"#BO
DISPO - ASPO - Decisión Administrativa 302/2021
Exceptúase a la celebración de la Asamblea General Ordinaria de la Sociedad Rural Argentina.

https://t.co/5JgB0DQ7h6"	https://twitter.com/jorgeluisaliaga/status/1377566075588579331	[{'text': 'BO', 'indices': [0, 3]}]
jorgeluisaliaga	Thu Apr 01 10:18:40 +0000 2021	2	0	"#BO
Dase por designada, a partir del 1° de febrero de 2021, a la licenciada Paola María ROSENFELDT como Titular del PARQUE TECNÓPOLIS DEL BICENTENARIO, CIENCIA, TECNOLOGÍA, CULTURA Y ARTE

https://t.co/lYMKtPdUu9"	https://twitter.com/jorgeluisaliaga/status/1377566074267394048	[{'text': 'BO', 'indices': [0, 3]}]
jorgeluisaliaga	Thu Apr 01 10:18:40 +0000 2021	6	3	"#BO
CONSEJO NACIONAL DE INVESTIGACIONES CIENTÍFICAS Y TÉCNICAS
Decreto 231/2021
Incremento de Suplemento Especial Remunerativo No Bonificable.

https://t.co/pxRN8UrpFr"	https://twitter.com/jorgeluisaliaga/status/1377566073000751104	[{'text': 'BO', 'indices': [0, 3]}]
jorgeluisaliaga	Thu Apr 01 01:41:46 +0000 2021	2	0	@threadreaderapp unroll	https://twitter.com/jorgeluisaliaga/status/1377435991095578626	[]
jorgeluisaliaga	Thu Apr 01 01:39:41 +0000 2021	10	1	"Todos los informes e información en mi sitio

https://t.co/OOPfZIB7et

La Tabla de datos informados por @msalnacion los puse en:

https://t.co/A6X5GTD4No"	https://twitter.com/jorgeluisaliaga/status/1377435465033281540	[]
jorgeluisaliaga	Thu Apr 01 01:39:39 +0000 2021	6	1	Casos confirmados por rango etario, con detalle de edades escolares, en CABA y PBA. https://t.co/cYLrwOPkiZ	https://twitter.com/jorgeluisaliaga/status/1377435459236753408	[]
jorgeluisaliaga	Thu Apr 01 01:39:38 +0000 2021	6	1	"Edad promedio de confirmados y de mayores de 70 años por semana de inicio de síntoma.
Cantidad de fallecidos y su edad media, y fallecidos mayores de 70 años por semana de inicio de síntoma. https://t.co/s0Gq4mwg1X"	https://twitter.com/jorgeluisaliaga/status/1377435453184385028	[]
jorgeluisaliaga	Thu Apr 01 01:39:37 +0000 2021	1	0	"Los fallecidos cargados demorados hoy:
3 de ENERO (Santa Cruz, Santa Fe, San Luis)
5 de FEBRERO (2 Mendoza y San Luis, PBA)"	https://twitter.com/jorgeluisaliaga/status/1377435448230903808	[]
jorgeluisaliaga	Thu Apr 01 01:39:35 +0000 2021	1	0	"De los 124 informados como fallecidos, 56 fallecieron hace más de 11 días.
2 casos reclasificados:
7457555 de Entre Ríos del 7/3/2021
5629972 de La Pampa del 25/3/2021

Se muestra días entre inicio de síntoma y fallecimiento, largas internaciones. https://t.co/Ahw6uTdp3D"	https://twitter.com/jorgeluisaliaga/status/1377435442656595968	[]
jorgeluisaliaga	Thu Apr 01 01:39:34 +0000 2021	1	0	Casos confirmados y sospechosos por fecha de apertura en CABA y PBA https://t.co/XcyH3LQg8M	https://twitter.com/jorgeluisaliaga/status/1377435436616802304	[]
jorgeluisaliaga	Thu Apr 01 01:39:33 +0000 2021	1	0	Detalles de Tests Confirmados, Descartados y Sospechosos según residencia en PBA y CABA por semana, con detalles según lugar de carga y sector público o privado. Amarillo es lo pendiente. https://t.co/C7hZxl8YGN	https://twitter.com/jorgeluisaliaga/status/1377435431826976776	[]
jorgeluisaliaga	Thu Apr 01 01:39:32 +0000 2021	1	0	"Ya se hicieron 7.172.447 Tests PCR de diagnóstico (error +/- 10 tests), 29,7% de positividad.
Hoy 37.531, 28,0% la positividad. 
Cuando teníamos 10% de positividad (10/5) había 250-300 casos por día. https://t.co/c4HJGG8z04"	https://twitter.com/jorgeluisaliaga/status/1377435427397849088	[]
jorgeluisaliaga	Thu Apr 01 01:39:31 +0000 2021	2	0	"Los casos ordenados por fecha de síntoma, promediada cada día los últimos 7 en lineal y semi-log (ver inf 24/7). Y Por millón de habitantes.
Hasta ahora las amarillas ""predicen"" lo que van a hacer las curvas x síntoma cuando entren casos de esas fechas, atención la suba. https://t.co/dFx9SgBypt"	https://twitter.com/jorgeluisaliaga/status/1377435423178362880	[]
jorgeluisaliaga	Thu Apr 01 01:39:30 +0000 2021	2	0	"Sitios con datos / figuras

Gran info regional: Soledad Retamar @sole_reta 

https://t.co/LLv9J5EA7o

Rodrigo Castro @RodrigoD_Castro

https://t.co/9etT4FOHyf"	https://twitter.com/jorgeluisaliaga/status/1377435419260895235	[]
jorgeluisaliaga	Thu Apr 01 01:39:29 +0000 2021	2	0	"Hilos recomendados:

Semáforo: Martin Barrionuevo @mmbarrionuevo 

https://t.co/NCUnE48kTZ

Rio Negro+Neuquen: Clari Cardozo Castro @ClariCardozoCas 

Diseño @TotinFraire Elaboración @Fedwr 

https://t.co/kNN5CrN8Gj"	https://twitter.com/jorgeluisaliaga/status/1377435417440448516	[]
jorgeluisaliaga	Wed Mar 31 23:25:45 +0000 2021	5	1	https://t.co/LxWA2jd5Kd	https://twitter.com/jorgeluisaliaga/status/1377401760705286146	[]
jorgeluisaliaga	Wed Mar 31 22:56:55 +0000 2021	1	0	@opesda Esta última semana AMBA pegó un salto.	https://twitter.com/jorgeluisaliaga/status/1377394504798326785	[]
jorgeluisaliaga	Wed Mar 31 22:13:26 +0000 2021	2	0	@vanipanno @aireamos @jljcolorado @JbcLiftec @felisi2punto0 @EJimenez_UCLM @mc_minguillon @Mila_Rodenas @AJSchuhmy @patoripoll @MA_Campano https://t.co/rSVjw8K2a7	https://twitter.com/jorgeluisaliaga/status/1377383560814993410	[]
jorgeluisaliaga	Wed Mar 31 22:13:10 +0000 2021	2	0	"@vanipanno @aireamos @jljcolorado @JbcLiftec @felisi2punto0 @EJimenez_UCLM @mc_minguillon @Mila_Rodenas @AJSchuhmy @patoripoll @MA_Campano Acá están las instrucciones del circuito y el código.

Está complicado conseguir los sensores. Se agotaron en enero y no veo que los vendedores minoristas hayan traído todavía. 
No se porqué."	https://twitter.com/jorgeluisaliaga/status/1377383497170489350	[]
jorgeluisaliaga	Wed Mar 31 20:50:50 +0000 2021	3	1	"A partir del 5/2/21 saco el informe en dos partes, la primera cuando sale el parte diario y el complemento cuando se actualiza la base de datos, después de las 21:30.

FIN PRIMERA PARTE."	https://twitter.com/jorgeluisaliaga/status/1377362773806489600	[]
jorgeluisaliaga	Wed Mar 31 20:50:49 +0000 2021	8	2	"Hoy se llegó a 55.858 (+124) personas fallecidas. 
Se reportaron 2.102.616 (+6763) personas recuperadas (89,5%). 
3636 (-64) en Terapia. 
Distintos estados de casos en escala semi-logaritmica. 
Lineal muertos y UTI para ver fácil subas. https://t.co/djOXlRXtvO"	https://twitter.com/jorgeluisaliaga/status/1377362771336175620	[]
jorgeluisaliaga	Wed Mar 31 20:50:47 +0000 2021	4	1	Avance de la Vacunación por sector, por edad y marca de vacuna, por provincia y grupo etario y por provincia y sector. https://t.co/t2tykTiO1U	https://twitter.com/jorgeluisaliaga/status/1377362764319109122	[]
jorgeluisaliaga	Wed Mar 31 20:50:46 +0000 2021	4	1	Evolución de la vacunación en todo el país, CABA y PBA. Porcentaje de vacunas aplicadas en relación con las distribuidas. https://t.co/ngv9DYb5j1	https://twitter.com/jorgeluisaliaga/status/1377362758900068354	[]
jorgeluisaliaga	Wed Mar 31 20:50:45 +0000 2021	4	1	Avance de la Vacunación por provincia según datos cargado hasta hoy a las 6 AM de &gt;&gt; https://t.co/bBb2CUQZKE y https://t.co/TNJm7Zy2pa https://t.co/1jLaNbJ74m	https://twitter.com/jorgeluisaliaga/status/1377362753220841473	[]
jorgeluisaliaga	Wed Mar 31 20:50:43 +0000 2021	4	0	"Muestro ajuste.  Uso el crecimiento exponencial con que se ajustaban los datos al 25/3 para una logística, más adecuado en esta etapa de la epidemia, que explico en detalle en este documento (estimo infectados asumiendo un 70% de asintomáticos): 

https://t.co/xDGEjpK0nu https://t.co/AFJwch9yXf"	https://twitter.com/jorgeluisaliaga/status/1377362744052084739	[]
jorgeluisaliaga	Wed Mar 31 20:50:41 +0000 2021	3	0	"Fallecidos por millón de habitantes por provincia.
Detalle de fecha del último caso de cada provincia. Todas las provincias activas. 
También muestro cantidad de días sin casos por provincia y provincias con casos y casos durante la epidemia. https://t.co/bsipGPJoKi"	https://twitter.com/jorgeluisaliaga/status/1377362738502983681	[]
jorgeluisaliaga	Wed Mar 31 20:50:40 +0000 2021	5	3	"Para los que les sirva, muestro datos más simples de leer de distribución de casos confirmados y muertos, y casos confirmados y muertos por millón de habitantes, por provincia.
También una página interactiva.

https://t.co/UoryUFmeE3
-------------------------- https://t.co/mPFvUpDYK2"	https://twitter.com/jorgeluisaliaga/status/1377362732761026563	[]
jorgeluisaliaga	Wed Mar 31 20:50:37 +0000 2021	2	0	"Neuquén, Rio Negro, Chubut, Santa Cruz
Casos Diarios, Prom últimos 7 días, SUMA de últimos 14 días / 100.000 habitantes. Días de Duplicación, Log-Log Nuevos vs Total de Casos. 
INCIDENCIA y Factor de Crecimiento. Promedio de confirmados diarios últimas 15 semanas. https://t.co/pFIfwtoWAS"	https://twitter.com/jorgeluisaliaga/status/1377362722812096512	[]
jorgeluisaliaga	Wed Mar 31 20:50:36 +0000 2021	3	0	"La Rioja, San Juan, San Luis, Mendoza
Casos Diarios, Prom últimos 7 días, SUMA de últimos 14 días / 100.000 habitantes. Días de Duplicación, Log-Log Nuevos vs Total de Casos. 
INCIDENCIA y Factor de Crecimiento. Promedio de confirmados diarios últimas 15 semanas. https://t.co/ZyRwPKePnF"	https://twitter.com/jorgeluisaliaga/status/1377362716659122176	[]
jorgeluisaliaga	Wed Mar 31 20:50:35 +0000 2021	3	2	"Jujuy, Salta, Tucumán, Catamarca 
Casos Diarios, Prom últimos 7 días, SUMA de últimos 14 días / 100.000 habitantes. Días de Duplicación, Log-Log Nuevos vs Total de Casos. 
INCIDENCIA y Factor de Crecimiento. Promedio de confirmados diarios últimas 15 semanas. https://t.co/KncMmhMb7E"	https://twitter.com/jorgeluisaliaga/status/1377362710569103362	[]
jorgeluisaliaga	Wed Mar 31 20:50:33 +0000 2021	2	0	"Entre Ríos, Corrientes, Misiones, Formosa
Casos Diarios, Prom últimos 7 días, SUMA de últimos 14 días / 100.000 habitantes. Días de Duplicación, Log-Log Nuevos vs Total de Casos. 
INCIDENCIA y Factor de Crecimiento. Promedio de confirmados diarios últimas 15 semanas. https://t.co/Tdtrct24ZD"	https://twitter.com/jorgeluisaliaga/status/1377362704231325698	[]
jorgeluisaliaga	Wed Mar 31 20:50:31 +0000 2021	3	0	"Santa Fé, Córdoba, Chaco, Santiago del Estero
Casos Diarios, Prom últimos 7 días, SUMA de últimos 14 días / 100.000 habitantes. Días de Duplicación, Log-Log Nuevos vs Total de Casos. 
INCIDENCIA y Factor de Crecimiento. Promedio de confirmados diarios últimas 15 semanas. https://t.co/WcPLr4LBVG"	https://twitter.com/jorgeluisaliaga/status/1377362695200985090	[]
jorgeluisaliaga	Wed Mar 31 20:50:29 +0000 2021	4	0	"CABA, PBA, La Pampa, Tierra del Fuego 
Casos Diarios, Prom últimos 7 días, SUMA de últimos 14 días / 100.000 habitantes. Días de Duplicación, Log-Log Nuevos vs Total de Casos. 
INCIDENCIA y Factor de Crecimiento. Promedio de confirmados diarios últimas 15 semanas. https://t.co/OVmgFxsviD"	https://twitter.com/jorgeluisaliaga/status/1377362685528969217	[]
jorgeluisaliaga	Wed Mar 31 20:50:27 +0000 2021	5	0	"Muestro la evolución de la cantidad de días necesarios para duplicar (x2) y para decuplicar (x10) (Total y Activos).
La cantidad de días para duplicación aumento de entre 3 y 4 a 26 y ahora está en 142. Por 10 en 471 días. https://t.co/7BTu3LWsYK"	https://twitter.com/jorgeluisaliaga/status/1377362678948130817	[]
jorgeluisaliaga	Wed Mar 31 20:50:26 +0000 2021	5	1	"Evolución de la INCIDENCIA y del Factor de Crecimiento (ver Inf del 16/4). 
Muestro también la evolución de la tasa de variación de la cantidad de casos cada 2, 4, y 10 días (ver inf 4/4 y 5/4). También detalle desde el 20/02/21. https://t.co/eZ5KwZYChB"	https://twitter.com/jorgeluisaliaga/status/1377362674346909696	[]
jorgeluisaliaga	Wed Mar 31 20:50:25 +0000 2021	5	2	Muestro en Log-Log Casos Nuevos vs Totales (promedio para cada día con los valores de los siete últimos) (si hay duda, ver inf 3/4). https://t.co/1D0CwY379B	https://twitter.com/jorgeluisaliaga/status/1377362669120839680	[]
jorgeluisaliaga	Wed Mar 31 20:50:24 +0000 2021	5	1	"9/1 rearmé el informe.
Total de casos según fecha de carga en escala semilogarítmica, para ver comportamiento exponencial y su velocidad.
Promedio de casos confirmados, UTI y fallecidos por fecha de carga por semana en las últimas 30 semanas. https://t.co/1cNDxYXb0n"	https://twitter.com/jorgeluisaliaga/status/1377362664440045569	[]
jorgeluisaliaga	Wed Mar 31 20:50:22 +0000 2021	5	1	"18 provincias con INCIDENCIA mayor a 150 casos / 100.000 en los últimos 14 días, y 18 provincias con Razón de Casos mayor a 1 (creciendo). 
Incidencia Nacional = 287 casos
Razón de Casos Nacional = 1,42
ALTO RIESGO SANITARIO https://t.co/CPgnnvjnts"	https://twitter.com/jorgeluisaliaga/status/1377362658769264641	[]
jorgeluisaliaga	Wed Mar 31 20:50:21 +0000 2021	75	28	"Situación COVID-19 al 31/3

Hoy 16.056 nuevos casos confirmados.
Doce provincias con ""alto riesgo sanitario"".
Muy alta carga, preocupante.
Desde 21/9 nuevo formato de informe, sin detalle de tipo de caso.
La cantidad total de casos es 2.348.821. https://t.co/EBQknSxC1g"	https://twitter.com/jorgeluisaliaga/status/1377362652893044738	[]
jorgeluisaliaga	Wed Mar 31 20:33:09 +0000 2021	2	0	@ChGaravaglia que te mejores pronto!	https://twitter.com/jorgeluisaliaga/status/1377358325105401858	[]
jorgeluisaliaga	Wed Mar 31 19:10:12 +0000 2021	2	0	"@pat_agonico @rquiroga777 @RaedMarianoA @radioconvos899 Ese es EL punto. 
Por alguna razón las electrónicas minoristas que tenían en diciembre no reponen.
Las empresas y @unahurlingham importan sin problemas directo del fabricante del sensor. Como las empresas tienen, para @produccion_arg no hay problema. 🤷‍♂️"	https://twitter.com/jorgeluisaliaga/status/1377337451170033670	[]
jorgeluisaliaga	Wed Mar 31 19:08:05 +0000 2021	47	22	"Campaña oficial #VentilAr para evitar contagios con COVID-19.

@aireamos @jljcolorado @JbcLiftec @felisi2punto0 @EJimenez_UCLM @mc_minguillon @Mila_Rodenas @AJSchuhmy @patoripoll @MA_Campano https://t.co/KGIi7lIfmF"	https://twitter.com/jorgeluisaliaga/status/1377336919021944832	[{'text': 'VentilAr', 'indices': [16, 25]}]
jorgeluisaliaga	Wed Mar 31 19:06:52 +0000 2021	16	7	"Campaña oficial de refuerzo de mensaje de cuidados para evitar contagios con COVID-19.

@aireamos @jljcolorado @JbcLiftec @felisi2punto0 @EJimenez_UCLM @mc_minguillon @Mila_Rodenas @AJSchuhmy @patoripoll @MA_Campano https://t.co/ag5nuRLYjF"	https://twitter.com/jorgeluisaliaga/status/1377336612334473225	[]
jorgeluisaliaga	Wed Mar 31 19:01:20 +0000 2021	2	0	@sebas_ontheway Si, como decís ese es otro tema.	https://twitter.com/jorgeluisaliaga/status/1377335220324630530	[]
jorgeluisaliaga	Wed Mar 31 19:00:47 +0000 2021	18	7	"@rquiroga777 @RaedMarianoA @radioconvos899 Acá hay una lista de fabricantes.
Y hay para todos los gustos

https://t.co/0pVpWmGcTm

Y si quieren armar, acá circuito y código libres

https://t.co/rSVjw8sqLx"	https://twitter.com/jorgeluisaliaga/status/1377335081610530817	[]
jorgeluisaliaga	Wed Mar 31 18:58:19 +0000 2021	2	0	"@alosroco Eso es lo que me gustaría saber. Pero eso lo sabe Salud. En el recorte que se publica de SISA no hay datos de ""sector"". 
En la próxima actualización de este reporte se debería notar

https://t.co/w5yKxsEmuZ"	https://twitter.com/jorgeluisaliaga/status/1377334461298171905	[]
jorgeluisaliaga	Wed Mar 31 18:54:51 +0000 2021	1	0	@JorgeAPalacio1 Fecha de Inicio de Síntoma, perdón.	https://twitter.com/jorgeluisaliaga/status/1377333588811599872	[]
jorgeluisaliaga	Wed Mar 31 13:11:34 +0000 2021	0	0	@danielrolla @norabar Todo un tema. Se debería ventilar abriendo un poco ventanas. Al moverse el vehículo ayuda a ventilar.	https://twitter.com/jorgeluisaliaga/status/1377247199315234819	[]
jorgeluisaliaga	Wed Mar 31 13:10:18 +0000 2021	8	2	"@normajuarezsi1 @rquiroga777 @radioconvos899 Yo con este puedo

https://t.co/WhjVDBeVH5"	https://twitter.com/jorgeluisaliaga/status/1377246877603790850	[]
jorgeluisaliaga	Wed Mar 31 13:09:37 +0000 2021	2	0	@alosroco Si, es cierto. Pero si la baja es por vacuna los mayores vacunados no deberían tener casos complicados, no?	https://twitter.com/jorgeluisaliaga/status/1377246705712791556	[]
jorgeluisaliaga	Wed Mar 31 12:26:24 +0000 2021	2	0	@gabriel78304564 @PatriciaABazan Si, FIS es la abreviatura de Fecha de Inicios de Síntoma, perdón.	https://twitter.com/jorgeluisaliaga/status/1377235830029320193	[]
jorgeluisaliaga	Wed Mar 31 12:25:18 +0000 2021	7	0	@JacinPirre @rquiroga777 @radioconvos899 Si son equipos de ventilación que inyectan aire del exterior y por otro ducto sacan aire del interior, sin recircular, no hay problema. Es una forma de ventilar.	https://twitter.com/jorgeluisaliaga/status/1377235552072826880	[]
jorgeluisaliaga	Wed Mar 31 12:24:06 +0000 2021	3	0	"@Lemeit @rusosnith @AlituxTDF @amilanese @droyktton @Mila_Rodenas @INTIargentina @ciencia_ar Si, varios investigadores que están en @aireamos han hecho eso, tambien @EJimenez_UCLM 

Y publicaron cosas 

https://t.co/mYcdlqZdQq"	https://twitter.com/jorgeluisaliaga/status/1377235250443616257	[]
jorgeluisaliaga	Wed Mar 31 10:29:32 +0000 2021	1	0	"#BO
SENASA - Sistema Nacional de Vigilancia Epidemiológica de enfermedades animales - Actualización

https://t.co/8tC3tR7AYy"	https://twitter.com/jorgeluisaliaga/status/1377206421272592385	[{'text': 'BO', 'indices': [0, 3]}]
jorgeluisaliaga	Wed Mar 31 10:29:32 +0000 2021	3	2	"#BO
Convócase a los miembros permanentes del CONSEJO FEDERAL HIDROVÍA

https://t.co/KNHFusiUw5"	https://twitter.com/jorgeluisaliaga/status/1377206420052004864	[{'text': 'BO', 'indices': [0, 3]}]
jorgeluisaliaga	Wed Mar 31 10:29:32 +0000 2021	0	0	"#BO
Transfiérese la RED NACIONAL DE VIGILANCIA DE ANOMALÍAS CONGÉNITAS (RENAC) desde el CENTRO NACIONAL DE GENÉTICA MÉDICA “DR. EDUARDO E. CASTILLA” al INSTITUTO NACIONAL DE EPIDEMIOLOGÍA “DR. JUAN H. JARA”

https://t.co/zex2JaUiDt"	https://twitter.com/jorgeluisaliaga/status/1377206418722410498	[{'text': 'BO', 'indices': [0, 3]}]
jorgeluisaliaga	Wed Mar 31 10:29:31 +0000 2021	2	0	"#BO
Créase en el ámbito de la SUBSECRETARÍA DE ACCIONES PARA LA DEFENSA DE LAS Y LOS CONSUMIDORES de la SECRETARÍA DE COMERCIO INTERIOR del MINISTERIO DE DESARROLLO PRODUCTIVO, el Sistema de Fiscalización de Rótulos y Etiquetas (SiFIRE)

https://t.co/afWwve4Nac"	https://twitter.com/jorgeluisaliaga/status/1377206417355112452	[{'text': 'BO', 'indices': [0, 3]}]
jorgeluisaliaga	Wed Mar 31 10:29:31 +0000 2021	2	0	"#BO
Apruébase el “Reglamento Unificado del Programa de Fomento al Consumo y a la Producción de Bienes y Servicios AHORA 12”

https://t.co/eGNfNy0d8w"	https://twitter.com/jorgeluisaliaga/status/1377206416038096896	[{'text': 'BO', 'indices': [0, 3]}]
jorgeluisaliaga	Wed Mar 31 10:29:31 +0000 2021	11	2	"#BO
MinCyT - Apruébense las Bases y Condiciones de la convocatoria “Proyectos de Cultura Científica”

https://t.co/EQIPhov07G"	https://twitter.com/jorgeluisaliaga/status/1377206414767230979	[{'text': 'BO', 'indices': [0, 3]}]
jorgeluisaliaga	Wed Mar 31 10:12:54 +0000 2021	10	3	@lindaalicia19 Argentina tiene un 4% de la población CONFIRMADA. El número de contagios no se conoce. Se sabe que hay muchos casos asintomáticos o leves que no se detectan. Hay algunas formas de estimar esa proporción. @rquiroga777 trabajó en eso.	https://twitter.com/jorgeluisaliaga/status/1377202234543505408	[]
jorgeluisaliaga	Wed Mar 31 10:10:38 +0000 2021	2	0	@gasanchez58 He hecho primero debería verse en personal de salud, que se vacunó primero, pero ese dato no está en el recorte de SISA que se sube público. Salud debería tenerlo.	https://twitter.com/jorgeluisaliaga/status/1377201664743071752	[]
jorgeluisaliaga	Wed Mar 31 10:09:30 +0000 2021	5	0	"@gasanchez58 Por ahora no es una caída de casos sólo que no subieron  manteniendo la proporción que había hasta ahora.
Me parece que podría ser. 
Hay que ver si cae la mortalidad, eso tarda un poco más en verse.
¿Pero podría ser, no?"	https://twitter.com/jorgeluisaliaga/status/1377201380746792967	[]
jorgeluisaliaga	Wed Mar 31 02:41:41 +0000 2021	2	0	@sandrusg Según @DPenazzi , si la razón de casos da 1,42 el R andaría por la raíz cúbica, del orden de 1,13, si no me equivoco.	https://twitter.com/jorgeluisaliaga/status/1377088679890538497	[]
jorgeluisaliaga	Wed Mar 31 02:29:49 +0000 2021	3	0	"@FedeBarabas @Exactas_UBA @aireamos @jljcolorado EL Pab I tiene sistema de ventilación con ingreso del aire exterior, ahora configurado para que no recircule. Puede ser que antes no estuviera siempre prendido, porque se usaba sólo para calefaccionar.
Con eso y 1 persona cada 2 mts el CO2 debería dar bien."	https://twitter.com/jorgeluisaliaga/status/1377085695639101444	[]
jorgeluisaliaga	Wed Mar 31 02:26:44 +0000 2021	1	0	@lamediatoronja1 @Exactas_UBA @aireamos @jljcolorado De caso que requiera internación o más, casi 100% seguro después de 3 semanas. Las vacunas funcionan!	https://twitter.com/jorgeluisaliaga/status/1377084918698758145	[]
jorgeluisaliaga	Wed Mar 31 02:25:09 +0000 2021	1	0	@droyktton A mi me gustó otra cosa: un medidor armado con cosas compradas por internet a $6.500  midió igual que uno que cuesta 200 euros. 😀	https://twitter.com/jorgeluisaliaga/status/1377084520697053188	[]
jorgeluisaliaga	Wed Mar 31 02:21:22 +0000 2021	3	0	@threadreaderapp unroll	https://twitter.com/jorgeluisaliaga/status/1377083567197589509	[]
jorgeluisaliaga	Wed Mar 31 02:20:35 +0000 2021	216	32	Del informe de esta noche: Los confirmados en las últimas 5 semanas subieron x FIS. Pero no los mayores de 70 ni de los de 80, y por lo tanto el % sobre el total baja. Parece una baja porcentual mayor a una fluctuación. Podría ser apresurado, pero esperanzador. https://t.co/ZZ9KX15XPp	https://twitter.com/jorgeluisaliaga/status/1377083373374570498	[]
jorgeluisaliaga	Wed Mar 31 02:14:25 +0000 2021	7	0	"Todos los informes e información en mi sitio

https://t.co/OOPfZIjwmV

La Tabla de datos informados por @msalnacion los puse en:

https://t.co/A6X5GTltVQ"	https://twitter.com/jorgeluisaliaga/status/1377081818776756224	[]
jorgeluisaliaga	Wed Mar 31 02:14:24 +0000 2021	8	1	Casos confirmador por rango etario y detalle de edad escolar en CABA y PBA. https://t.co/PnxPrZjTI7	https://twitter.com/jorgeluisaliaga/status/1377081816071409665	[]
jorgeluisaliaga	Wed Mar 31 02:14:21 +0000 2021	7	2	"Edad promedio de confirmados y de mayores de 70 años por semana de inicio de síntoma.
Cantidad de fallecidos y su edad media, y fallecidos mayores de 70 años por semana de inicio de síntoma. https://t.co/xXUhEeqFUh"	https://twitter.com/jorgeluisaliaga/status/1377081803010416641	[]
jorgeluisaliaga	Wed Mar 31 02:14:20 +0000 2021	7	1	"De los 125 informados como fallecidos, 67 fallecieron hace más de 10 días.
Ayer un reclasificado de San Juan cargado el 22/3/2021
1 de SEPTIEMBRE Entre Ríos
2 de OCTUBRE (Entre Ríos, Tucumán)
2 de ENERO PBA https://t.co/hP3elmdJZc"	https://twitter.com/jorgeluisaliaga/status/1377081797545242625	[]
jorgeluisaliaga	Wed Mar 31 02:14:19 +0000 2021	2	0	Casos confirmados y sospechosos según fecha de apertura en CABA y PBA https://t.co/e8ntACDJtv	https://twitter.com/jorgeluisaliaga/status/1377081793078263811	[]
jorgeluisaliaga	Wed Mar 31 02:14:17 +0000 2021	3	0	Detalles de Tests Confirmados, Descartados y Sospechosos según residencia en PBA y CABA por semana, con detalles según lugar de carga y sector público o privado. Amarillo es lo pendiente. https://t.co/n10ATwYtq1	https://twitter.com/jorgeluisaliaga/status/1377081788338683907	[]
jorgeluisaliaga	Wed Mar 31 02:14:16 +0000 2021	3	0	"Ya se hicieron 7.120.289 Tests PCR de diagnóstico (error +/- 10 tests), 29,7% de positividad.
Hoy 28.009, 24,5% la positividad. 
Cuando teníamos 10% de positividad (10/5) había 250-300 casos por día. https://t.co/5KTciAsrc2"	https://twitter.com/jorgeluisaliaga/status/1377081783502700548	[]
jorgeluisaliaga	Wed Mar 31 02:14:15 +0000 2021	3	1	"Los casos ordenados por fecha de síntoma, promediada cada día los últimos 7 en lineal y semi-log (ver inf 24/7). Y Por millón de habitantes.
Hasta ahora las amarillas ""predicen"" lo que van a hacer las curvas x síntoma cuando entren casos de esas fechas, atención la suba. https://t.co/aHMbzkzidI"	https://twitter.com/jorgeluisaliaga/status/1377081776112336897	[]
jorgeluisaliaga	Wed Mar 31 02:14:13 +0000 2021	3	0	"Sitios con datos / figuras

Gran info regional: Soledad Retamar @sole_reta 

https://t.co/LLv9J5EA7o

Rodrigo Castro @RodrigoD_Castro

https://t.co/9etT4FOHyf"	https://twitter.com/jorgeluisaliaga/status/1377081769451794435	[]
jorgeluisaliaga	Wed Mar 31 02:14:12 +0000 2021	5	1	"Hilos recomendados:

Semáforo: Martin Barrionuevo @mmbarrionuevo 

https://t.co/CGjr30liMo

Rio Negro+Neuquen: Clari Cardozo Castro @ClariCardozoCas 

Diseño @TotinFraire Elaboración @Fedwr 

https://t.co/BTibUAgvIW"	https://twitter.com/jorgeluisaliaga/status/1377081766368980996	[]
jorgeluisaliaga	Wed Mar 31 01:52:15 +0000 2021	2	0	@lamediatoronja1 @Exactas_UBA @aireamos @jljcolorado Con una sólo abertura la ventilacion es menor,  pero  el resto que describís no está mal. Complica que al menos uno habla, se exhalan más aerosoles. Habría que ver el tamaño del ambiente, incluído el alto. El aire respirado tiende a subir.	https://twitter.com/jorgeluisaliaga/status/1377076243527561219	[]
jorgeluisaliaga	Wed Mar 31 01:31:10 +0000 2021	2	0	"@MarMarZeta @KatzzMati @Exactas_UBA @aireamos @jljcolorado Lugares completamente cerrados, sólo con sistema mecánico que tome aire del exterior y saque el aire interior.
Si hay ventanas, se puede ayudar con ventiladores.
La clave es usar medidor de CO2 para saber cómo es la situación."	https://twitter.com/jorgeluisaliaga/status/1377070936722190345	[]
jorgeluisaliaga	Wed Mar 31 01:23:51 +0000 2021	2	0	@rusosnith @AlituxTDF @Lemeit @amilanese dale	https://twitter.com/jorgeluisaliaga/status/1377069094193745923	[]
jorgeluisaliaga	Wed Mar 31 01:22:38 +0000 2021	2	0	@rusosnith @AlituxTDF @Lemeit @amilanese Creo que estamos cerca, no tengo problemas. A dos cuadras de donado y congreso	https://twitter.com/jorgeluisaliaga/status/1377068789074919427	[]
jorgeluisaliaga	Wed Mar 31 01:18:12 +0000 2021	3	0	@Lemeit @ACSSOingenieria @Lunera_Luz @Mepe2790 @gonzycuervo @LeoBalbiani @InfoCNRT @droyktton @msalnacion @MuniParana @HCDParana @sole_reta @norabar @maxipaulin El España @JbcLiftec @felisi2punto0 y otros hacen esas mediciones en transportes.	https://twitter.com/jorgeluisaliaga/status/1377067673071333381	[]
jorgeluisaliaga	Wed Mar 31 01:16:33 +0000 2021	0	0	@NatyMartos Uf, que difícil. Seguramente para los chicos nada, porque si se contagian en general son asintomáticos. El peligro, como explica @apinedarojas es que en el exterior, a corta distancia, puede no alcanzar la ventilación natural. Y al hacer deportes exhalás mucho más.	https://twitter.com/jorgeluisaliaga/status/1377067258862780416	[]
jorgeluisaliaga	Wed Mar 31 01:12:01 +0000 2021	0	0	"@LejanaAReyes @ValeriaRoman Si el sistema toma aire del exterior y se puede configurar para que no recircule aire del interior está ok.
Si es como un aire acondicionado split, no.

Podés buscar material en la página de @aireamos 

https://t.co/ZvAkngm84k"	https://twitter.com/jorgeluisaliaga/status/1377066115747225600	[]
jorgeluisaliaga	Tue Mar 30 22:37:16 +0000 2021	6	0	"A partir del 5/2/21 saco el informe en dos partes, la primera cuando sale el parte diario y el complemento cuando se actualiza la base de datos, después de las 21:30.

FIN PRIMERA PARTE."	https://twitter.com/jorgeluisaliaga/status/1377027171580010499	[]
jorgeluisaliaga	Tue Mar 30 22:37:14 +0000 2021	10	1	"Hoy se llegó a 55.736 (+125) personas fallecidas. 
Se reportaron 2.095.853 (+7597) personas recuperadas (89,8%). 
3702 (+63) en Terapia. 
Distintos estados de casos en escala semi-logaritmica. 
Lineal muertos y UTI para ver fácil subas. https://t.co/NarvkjKHuw"	https://twitter.com/jorgeluisaliaga/status/1377027164818771972	[]
jorgeluisaliaga	Tue Mar 30 22:37:05 +0000 2021	2	0	Avance de la Vacunación por sector, por edad y marca de vacuna, por provincia y grupo etario y por provincia y sector. https://t.co/nTxr7879XL	https://twitter.com/jorgeluisaliaga/status/1377027127204274177	[]
jorgeluisaliaga	Tue Mar 30 22:37:04 +0000 2021	2	0	Evolución de la vacunación en todo el país, CABA y PBA. Porcentaje de vacunas aplicadas en relación con las distribuidas. https://t.co/NGOR4MX4V8	https://twitter.com/jorgeluisaliaga/status/1377027121416134660	[]
jorgeluisaliaga	Tue Mar 30 22:37:01 +0000 2021	1	0	Avance de la Vacunación por provincia según datos cargado hasta hoy a las 6 AM de &gt;&gt; https://t.co/bBb2CUzoT6 y https://t.co/TNJm7ZPDNK https://t.co/LWSTb1QxgO	https://twitter.com/jorgeluisaliaga/status/1377027111643398144	[]
jorgeluisaliaga	Tue Mar 30 22:37:00 +0000 2021	1	0	"Muestro ajuste.  Uso el crecimiento exponencial con que se ajustaban los datos al 25/3 para una logística, más adecuado en esta etapa de la epidemia, que explico en detalle en este documento (estimo infectados asumiendo un 70% de asintomáticos): 

https://t.co/xDGEjpspvW https://t.co/P5WxKtZQqL"	https://twitter.com/jorgeluisaliaga/status/1377027105872044036	[]
jorgeluisaliaga	Tue Mar 30 22:36:59 +0000 2021	1	0	"Fallecidos por millón de habitantes por provincia.
Detalle de fecha del último caso de cada provincia. Todas las provincias activas. 
También muestro cantidad de días sin casos por provincia y provincias con casos y casos durante la epidemia. https://t.co/cnYrbXTvL8"	https://twitter.com/jorgeluisaliaga/status/1377027100603990019	[]
jorgeluisaliaga	Tue Mar 30 22:36:58 +0000 2021	2	0	"Para los que les sirva, muestro datos más simples de leer de distribución de casos confirmados y muertos, y casos confirmados y muertos por millón de habitantes, por provincia.
También una página interactiva.

https://t.co/UoryUFDQ2D
-------------------------- https://t.co/28HOcwtc0y"	https://twitter.com/jorgeluisaliaga/status/1377027095231148037	[]
jorgeluisaliaga	Tue Mar 30 22:36:56 +0000 2021	3	0	"Neuquén, Rio Negro, Chubut, Santa Cruz
Casos Diarios, Prom últimos 7 días, SUMA de últimos 14 días / 100.000 habitantes. Días de Duplicación, Log-Log Nuevos vs Total de Casos. 
INCIDENCIA y Factor de Crecimiento. Promedio de confirmados diarios últimas 15 semanas. https://t.co/gb3HTN8igQ"	https://twitter.com/jorgeluisaliaga/status/1377027089715625987	[]
jorgeluisaliaga	Tue Mar 30 22:36:55 +0000 2021	2	0	"La Rioja, San Juan, San Luis, Mendoza
Casos Diarios, Prom últimos 7 días, SUMA de últimos 14 días / 100.000 habitantes. Días de Duplicación, Log-Log Nuevos vs Total de Casos. 
INCIDENCIA y Factor de Crecimiento. Promedio de confirmados diarios últimas 15 semanas. https://t.co/zFuheOYU8O"	https://twitter.com/jorgeluisaliaga/status/1377027083935830023	[]
jorgeluisaliaga	Tue Mar 30 22:36:54 +0000 2021	2	0	"Jujuy, Salta, Tucumán, Catamarca 
Casos Diarios, Prom últimos 7 días, SUMA de últimos 14 días / 100.000 habitantes. Días de Duplicación, Log-Log Nuevos vs Total de Casos. 
INCIDENCIA y Factor de Crecimiento. Promedio de confirmados diarios últimas 15 semanas. https://t.co/mMiPmNMpv3"	https://twitter.com/jorgeluisaliaga/status/1377027078189686786	[]
jorgeluisaliaga	Tue Mar 30 22:36:52 +0000 2021	2	0	"Entre Ríos, Corrientes, Misiones, Formosa
Casos Diarios, Prom últimos 7 días, SUMA de últimos 14 días / 100.000 habitantes. Días de Duplicación, Log-Log Nuevos vs Total de Casos. 
INCIDENCIA y Factor de Crecimiento. Promedio de confirmados diarios últimas 15 semanas. https://t.co/m7iFOg0omF"	https://twitter.com/jorgeluisaliaga/status/1377027071139020800	[]
jorgeluisaliaga	Tue Mar 30 22:36:51 +0000 2021	2	0	"Santa Fé, Córdoba, Chaco, Santiago del Estero
Casos Diarios, Prom últimos 7 días, SUMA de últimos 14 días / 100.000 habitantes. Días de Duplicación, Log-Log Nuevos vs Total de Casos. 
INCIDENCIA y Factor de Crecimiento. Promedio de confirmados diarios últimas 15 semanas. https://t.co/9EE8t0p7pa"	https://twitter.com/jorgeluisaliaga/status/1377027065669685249	[]
jorgeluisaliaga	Tue Mar 30 22:36:49 +0000 2021	3	0	"CABA, PBA, La Pampa, Tierra del Fuego 
Casos Diarios, Prom últimos 7 días, SUMA de últimos 14 días / 100.000 habitantes. Días de Duplicación, Log-Log Nuevos vs Total de Casos. 
INCIDENCIA y Factor de Crecimiento. Promedio de confirmados diarios últimas 15 semanas. https://t.co/FyUfQHI6f7"	https://twitter.com/jorgeluisaliaga/status/1377027060229677056	[]
jorgeluisaliaga	Tue Mar 30 22:36:48 +0000 2021	2	0	"Muestro la evolución de la cantidad de días necesarios para duplicar (x2) y para decuplicar (x10) (Total y Activos).
La cantidad de días para duplicación aumento de entre 3 y 4 a 26 y ahora está en 151. Por 10 en 503 días. https://t.co/GLdeVxSDr6"	https://twitter.com/jorgeluisaliaga/status/1377027055225860099	[]
jorgeluisaliaga	Tue Mar 30 22:36:32 +0000 2021	2	0	"Evolución de la INCIDENCIA y del Factor de Crecimiento (ver Inf del 16/4). 
Muestro también la evolución de la tasa de variación de la cantidad de casos cada 2, 4, y 10 días (ver inf 4/4 y 5/4). También detalle desde el 20/02/21. https://t.co/M6tzk6mW5C"	https://twitter.com/jorgeluisaliaga/status/1377026987810828288	[]
jorgeluisaliaga	Tue Mar 30 22:36:31 +0000 2021	2	0	Muestro en Log-Log Casos Nuevos vs Totales (promedio para cada día con los valores de los siete últimos) (si hay duda, ver inf 3/4). https://t.co/2r5mY2wl94	https://twitter.com/jorgeluisaliaga/status/1377026983410958336	[]
jorgeluisaliaga	Tue Mar 30 22:36:30 +0000 2021	2	0	"9/1 rearmé el informe.
Total de casos según fecha de carga en escala semilogarítmica, para ver comportamiento exponencial y su velocidad.
Promedio de casos confirmados, UTI y fallecidos por fecha de carga por semana en las últimas 30 semanas. https://t.co/eLXnBT1jpX"	https://twitter.com/jorgeluisaliaga/status/1377026979334123524	[]
jorgeluisaliaga	Tue Mar 30 22:36:29 +0000 2021	2	0	"16 provincias con INCIDENCIA mayor a 150 casos / 100.000 en los últimos 14 días, y 19 provincias con Razón de Casos mayor a 1 (creciendo). 
Incidencia Nacional = 270 casos
Razón de Casos Nacional = 1,34
ALTO RIESGO SANITARIO https://t.co/w4fcHv90kq"	https://twitter.com/jorgeluisaliaga/status/1377026974233849860	[]
jorgeluisaliaga	Tue Mar 30 22:36:27 +0000 2021	48	17	"Situación COVID-19 al 30/3

Hoy 10.054 nuevos casos confirmados.
Diez provincias con ""alto riesgo sanitario"".
12.000 confirmados promedio en las últimas 48 hs.
Desde 21/9 nuevo formato de informe, sin detalle de tipo de caso.
La cantidad total de casos es 2.332.765. https://t.co/1PftfXoG1c"	https://twitter.com/jorgeluisaliaga/status/1377026968823214080	[]
jorgeluisaliaga	Tue Mar 30 18:40:42 +0000 2021	21	5	En España https://t.co/qnJQPCgFQJ	https://twitter.com/jorgeluisaliaga/status/1376967638610550789	[]
jorgeluisaliaga	Tue Mar 30 18:40:00 +0000 2021	18	7	En Italia https://t.co/jnO4tT4MQB	https://twitter.com/jorgeluisaliaga/status/1376967461057269760	[]
jorgeluisaliaga	Tue Mar 30 10:31:04 +0000 2021	4	1	"#BO
ANMAT - Apruébase la CONTRATACIÓN POR EMERGENCIA COVID-19 N° 001/2021 que tiene por objeto la adquisición de kit Elisa IgG a la firma BIOARS S.A (CUIT 30-68999191-9) por $151.409,55

https://t.co/Sc27aNaThx"	https://twitter.com/jorgeluisaliaga/status/1376844417471033345	[{'text': 'BO', 'indices': [0, 3]}]
jorgeluisaliaga	Tue Mar 30 10:31:03 +0000 2021	2	1	"#BO
AFIP
Aporte Solidario y Extraordinario para ayudar a morigerar los efectos de la Pandemia - Norma complementaria

https://t.co/4jnU9IESzw"	https://twitter.com/jorgeluisaliaga/status/1376844416061693955	[{'text': 'BO', 'indices': [0, 3]}]
jorgeluisaliaga	Tue Mar 30 10:31:03 +0000 2021	1	0	"#BO
Créase la Ventanilla Única Federal en el ámbito de la Dirección Nacional de Defensa del Consumidor y Arbitraje del Consumo

https://t.co/jw4JR3ap3z"	https://twitter.com/jorgeluisaliaga/status/1376844414627250179	[{'text': 'BO', 'indices': [0, 3]}]
jorgeluisaliaga	Tue Mar 30 10:31:03 +0000 2021	2	0	"#BO
Créase la Escuela Argentina de Educación en Consumo (EAEC)

https://t.co/j97XD22ofp"	https://twitter.com/jorgeluisaliaga/status/1376844413268336641	[{'text': 'BO', 'indices': [0, 3]}]
jorgeluisaliaga	Tue Mar 30 10:31:02 +0000 2021	1	0	"#BO
Créase dentro del Registro de Empresas MiPyMES un segmento denominado “LEGAJO ÚNICO FINANCIERO Y ECONÓMICO”

https://t.co/CMO93VA0su"	https://twitter.com/jorgeluisaliaga/status/1376844411955478529	[{'text': 'BO', 'indices': [0, 3]}]
jorgeluisaliaga	Tue Mar 30 10:31:02 +0000 2021	2	0	"#BO
AMBIENTE Y DESARROLLO SOSTENIBLE - Créase el PROGRAMA GOBERNANZA AMBIENTAL

https://t.co/Ejnyf6Douz"	https://twitter.com/jorgeluisaliaga/status/1376844410596564993	[{'text': 'BO', 'indices': [0, 3]}]
jorgeluisaliaga	Tue Mar 30 10:31:02 +0000 2021	5	4	"#BO
Créase el PROGRAMA DE HUMEDALES

https://t.co/rzPN6bJBUx"	https://twitter.com/jorgeluisaliaga/status/1376844409191477253	[{'text': 'BO', 'indices': [0, 3]}]
jorgeluisaliaga	Tue Mar 30 10:31:02 +0000 2021	5	3	"#BO
Decisión Administrativa 281/2021 - Modificación presupuestaria.

https://t.co/8wACbo1LTw"	https://twitter.com/jorgeluisaliaga/status/1376844407945756672	[{'text': 'BO', 'indices': [0, 3]}]
jorgeluisaliaga	Tue Mar 30 09:28:07 +0000 2021	0	0	@threadreaderapp unroll	https://twitter.com/jorgeluisaliaga/status/1376828578395004929	[]
jorgeluisaliaga	Tue Mar 30 09:27:41 +0000 2021	4	0	"Todos los informes e información en mi sitio

https://t.co/OOPfZIjwmV

La Tabla de datos informados por @msalnacion los puse en:

https://t.co/A6X5GTltVQ"	https://twitter.com/jorgeluisaliaga/status/1376828465538813952	[]
jorgeluisaliaga	Tue Mar 30 09:27:40 +0000 2021	2	0	Finalmente la base no se actualizó, por lo que no puedo armar los gráficos que salen de ella.	https://twitter.com/jorgeluisaliaga/status/1376828464259547138	[]
jorgeluisaliaga	Tue Mar 30 09:27:40 +0000 2021	4	1	"Sitios con datos / figuras

Gran info regional: Soledad Retamar @sole_reta 

https://t.co/LLv9J5EA7o

Rodrigo Castro @RodrigoD_Castro

https://t.co/9etT4FOHyf"	https://twitter.com/jorgeluisaliaga/status/1376828462883815427	[]
jorgeluisaliaga	Tue Mar 30 09:27:40 +0000 2021	5	2	"Hilos recomendados:

Semáforo: Martin Barrionuevo @mmbarrionuevo 

https://t.co/P9nillj22I

Rio Negro+Neuquen: Clari Cardozo Castro @ClariCardozoCas 

Diseño @TotinFraire Elaboración @Fedwr 

https://t.co/wE93oUMSEH"	https://twitter.com/jorgeluisaliaga/status/1376828461105430528	[]
jorgeluisaliaga	Tue Mar 30 01:04:14 +0000 2021	13	7	"A partir del 5/2/21 saco el informe en dos partes, la primera cuando sale el parte diario y el complemento cuando se actualiza la base de datos, después de las 21:30.

HOY HUBO PROBLEMAS CON LA BASE, SE ACTUALIZA MUY TARDE, PARTE 2 SALE A LA MAÑANA.

FIN PRIMERA PARTE."	https://twitter.com/jorgeluisaliaga/status/1376701770836160513	[]
jorgeluisaliaga	Tue Mar 30 01:04:14 +0000 2021	10	7	"Hoy se llegó a 55.611 (+163) personas fallecidas. 
Se reportaron 2.088.256 (+8741) personas recuperadas (89,9%). 
3639 (+134) en Terapia. 
Distintos estados de casos en escala semi-logaritmica. 
Lineal muertos y UTI para ver fácil subas. https://t.co/84pt4JNTBn"	https://twitter.com/jorgeluisaliaga/status/1376701769053536256	[]
jorgeluisaliaga	Tue Mar 30 01:04:13 +0000 2021	6	7	Avance de la Vacunación por sector, por edad y marca de vacuna, por provincia y grupo etario y por provincia y sector. https://t.co/zZznfNh7GH	https://twitter.com/jorgeluisaliaga/status/1376701764649517060	[]
jorgeluisaliaga	Tue Mar 30 01:04:12 +0000 2021	6	6	Evolución de la vacunación en todo el país, CABA y PBA. Porcentaje de vacunas aplicadas en relación con las distribuidas. https://t.co/z5UJNjLwoi	https://twitter.com/jorgeluisaliaga/status/1376701759922577409	[]
jorgeluisaliaga	Tue Mar 30 01:04:10 +0000 2021	8	7	Avance de la Vacunación por provincia según datos cargado hasta hoy a las 6 AM de &gt;&gt; https://t.co/bBb2CUzoT6 y https://t.co/TNJm7ZPDNK https://t.co/wImrQ0wOnB	https://twitter.com/jorgeluisaliaga/status/1376701754864205824	[]
jorgeluisaliaga	Tue Mar 30 01:04:09 +0000 2021	5	6	"Muestro ajuste.  Uso el crecimiento exponencial con que se ajustaban los datos al 25/3 para una logística, más adecuado en esta etapa de la epidemia, que explico en detalle en este documento (estimo infectados asumiendo un 70% de asintomáticos): 

https://t.co/xDGEjpspvW https://t.co/jCL19SUXLq"	https://twitter.com/jorgeluisaliaga/status/1376701750246268928	[]
jorgeluisaliaga	Tue Mar 30 01:04:08 +0000 2021	4	5	"Fallecidos por millón de habitantes por provincia.
Detalle de fecha del último caso de cada provincia. Todas las provincias activas. 
También muestro cantidad de días sin casos por provincia y provincias con casos y casos durante la epidemia. https://t.co/w3ztw7DFZF"	https://twitter.com/jorgeluisaliaga/status/1376701745615794176	[]
jorgeluisaliaga	Tue Mar 30 01:04:07 +0000 2021	6	6	"Para los que les sirva, muestro datos más simples de leer de distribución de casos confirmados y muertos, y casos confirmados y muertos por millón de habitantes, por provincia.
También una página interactiva.

https://t.co/UoryUFDQ2D
-------------------------- https://t.co/mE3kkQrOtm"	https://twitter.com/jorgeluisaliaga/status/1376701741236883457	[]
jorgeluisaliaga	Tue Mar 30 01:04:06 +0000 2021	4	5	"Neuquén, Rio Negro, Chubut, Santa Cruz
Casos Diarios, Prom últimos 7 días, SUMA de últimos 14 días / 100.000 habitantes. Días de Duplicación, Log-Log Nuevos vs Total de Casos. 
INCIDENCIA y Factor de Crecimiento. Promedio de confirmados diarios últimas 15 semanas. https://t.co/oyjDSwHVDi"	https://twitter.com/jorgeluisaliaga/status/1376701736375701505	[]
jorgeluisaliaga	Tue Mar 30 01:04:05 +0000 2021	4	5	"La Rioja, San Juan, San Luis, Mendoza
Casos Diarios, Prom últimos 7 días, SUMA de últimos 14 días / 100.000 habitantes. Días de Duplicación, Log-Log Nuevos vs Total de Casos. 
INCIDENCIA y Factor de Crecimiento. Promedio de confirmados diarios últimas 15 semanas. https://t.co/HWM9EVhUTd"	https://twitter.com/jorgeluisaliaga/status/1376701730147164161	[]
jorgeluisaliaga	Tue Mar 30 01:03:59 +0000 2021	4	5	"Jujuy, Salta, Tucumán, Catamarca 
Casos Diarios, Prom últimos 7 días, SUMA de últimos 14 días / 100.000 habitantes. Días de Duplicación, Log-Log Nuevos vs Total de Casos. 
INCIDENCIA y Factor de Crecimiento. Promedio de confirmados diarios últimas 15 semanas. https://t.co/QZAKDYIOKX"	https://twitter.com/jorgeluisaliaga/status/1376701704981393411	[]
jorgeluisaliaga	Tue Mar 30 01:03:57 +0000 2021	5	6	"Entre Ríos, Corrientes, Misiones, Formosa
Casos Diarios, Prom últimos 7 días, SUMA de últimos 14 días / 100.000 habitantes. Días de Duplicación, Log-Log Nuevos vs Total de Casos. 
INCIDENCIA y Factor de Crecimiento. Promedio de confirmados diarios últimas 15 semanas. https://t.co/FvQNPG04Hl"	https://twitter.com/jorgeluisaliaga/status/1376701696605351945	[]
jorgeluisaliaga	Tue Mar 30 01:03:54 +0000 2021	4	5	"Santa Fé, Córdoba, Chaco, Santiago del Estero
Casos Diarios, Prom últimos 7 días, SUMA de últimos 14 días / 100.000 habitantes. Días de Duplicación, Log-Log Nuevos vs Total de Casos. 
INCIDENCIA y Factor de Crecimiento. Promedio de confirmados diarios últimas 15 semanas. https://t.co/jddfvy2diQ"	https://twitter.com/jorgeluisaliaga/status/1376701687533035524	[]
jorgeluisaliaga	Tue Mar 30 01:03:52 +0000 2021	5	5	"CABA, PBA, La Pampa, Tierra del Fuego 
Casos Diarios, Prom últimos 7 días, SUMA de últimos 14 días / 100.000 habitantes. Días de Duplicación, Log-Log Nuevos vs Total de Casos. 
INCIDENCIA y Factor de Crecimiento. Promedio de confirmados diarios últimas 15 semanas. https://t.co/7hqN0OcPm7"	https://twitter.com/jorgeluisaliaga/status/1376701675692564481	[]
jorgeluisaliaga	Tue Mar 30 01:03:49 +0000 2021	5	5	"Muestro la evolución de la cantidad de días necesarios para duplicar (x2) y para decuplicar (x10) (Total y Activos).
La cantidad de días para duplicación aumento de entre 3 y 4 a 26 y ahora está en 157. Por 10 en 520 días. https://t.co/ed0vOk8D4z"	https://twitter.com/jorgeluisaliaga/status/1376701667056496642	[]
jorgeluisaliaga	Tue Mar 30 01:03:48 +0000 2021	8	7	"Evolución de la INCIDENCIA y del Factor de Crecimiento (ver Inf del 16/4). 
Muestro también la evolución de la tasa de variación de la cantidad de casos cada 2, 4, y 10 días (ver inf 4/4 y 5/4). También detalle desde el 20/02/21. https://t.co/CGmSzO2WUb"	https://twitter.com/jorgeluisaliaga/status/1376701662337896448	[]
jorgeluisaliaga	Tue Mar 30 01:03:46 +0000 2021	4	5	Muestro en Log-Log Casos Nuevos vs Totales (promedio para cada día con los valores de los siete últimos) (si hay duda, ver inf 3/4). https://t.co/cVg5249aD7	https://twitter.com/jorgeluisaliaga/status/1376701654569992192	[]
jorgeluisaliaga	Tue Mar 30 01:03:45 +0000 2021	4	5	"9/1 rearmé el informe.
Total de casos según fecha de carga en escala semilogarítmica, para ver comportamiento exponencial y su velocidad.
Promedio de casos confirmados, UTI y fallecidos por fecha de carga por semana en las últimas 30 semanas. https://t.co/kUXATcOATm"	https://twitter.com/jorgeluisaliaga/status/1376701649213927425	[]
jorgeluisaliaga	Tue Mar 30 01:03:43 +0000 2021	6	5	"16 provincias con INCIDENCIA mayor a 150 casos / 100.000 en los últimos 14 días, y 20 provincias con Razón de Casos mayor a 1 (creciendo). 
Incidencia Nacional = 266 casos
Razón de Casos Nacional = 1,34
ALTO RIESGO SANITARIO

Muy alta carga, con 5 horas de más. https://t.co/f9fed0U6VS"	https://twitter.com/jorgeluisaliaga/status/1376701640170999809	[]
jorgeluisaliaga	Tue Mar 30 01:03:42 +0000 2021	47	21	"Situación COVID-19 al 29/3

Hoy 14.014 nuevos casos confirmados.
Diez provincias con ""alto riesgo sanitario"".
Hoy la base se actualizó 19:53, siempre lo hace a las 15.
Desde 21/9 nuevo formato de informe, sin detalle de tipo de caso.
La cantidad total de casos es 2.322.611. https://t.co/pbixXLiJd3"	https://twitter.com/jorgeluisaliaga/status/1376701635150422017	[]
jorgeluisaliaga	Mon Mar 29 23:21:13 +0000 2021	30	6	"Nota de @vidusky a @carovera_ar con la campaña Ventilar de @ciencia_ar 
@radioconvos899 @NoDejes899 

https://t.co/Di3si9WuqQ"	https://twitter.com/jorgeluisaliaga/status/1376675843804631042	[]
jorgeluisaliaga	Mon Mar 29 23:04:28 +0000 2021	7	3	@Vic_Guma Lo que se hace en España es medir. Sino no se sabe donde está uno parado.	https://twitter.com/jorgeluisaliaga/status/1376671629275766786	[]
jorgeluisaliaga	Mon Mar 29 22:37:36 +0000 2021	2	1	@silani2701 @ValeriaRoman Si, y no sólo que filtre bastante sino que ajuste. Si el aire se escapa por los costados es inútil lo que filtra.	https://twitter.com/jorgeluisaliaga/status/1376664868628094985	[]
jorgeluisaliaga	Mon Mar 29 22:19:53 +0000 2021	43	14	"Nota sobre la campaña Ventilar
Nota de @Soyfranreyes  

https://t.co/BKGcgyTZLe"	https://twitter.com/jorgeluisaliaga/status/1376660408900186125	[]
jorgeluisaliaga	Mon Mar 29 22:14:43 +0000 2021	49	23	"Nota sobre la campaña Ventilar
@ValeriaRoman 

https://t.co/BKGcgyTZLe"	https://twitter.com/jorgeluisaliaga/status/1376659111278956553	[]
jorgeluisaliaga	Mon Mar 29 19:59:45 +0000 2021	1	0	@silani2701 Gracias por el mensaje. Avanzamos bastante, pero falta. @produccion_arg tiene que ayudar a que haya sensores para que el que quiera pueda armar. Y el estado debe poner en lugares públicos cerrados.	https://twitter.com/jorgeluisaliaga/status/1376625143187918849	[]
jorgeluisaliaga	Mon Mar 29 19:58:02 +0000 2021	1	0	@hsanguinetti @norabar @martintetaz @minsal Estoy de acuerdo.	https://twitter.com/jorgeluisaliaga/status/1376624711514329091	[]
jorgeluisaliaga	Mon Mar 29 18:53:12 +0000 2021	30	16	"@hsanguinetti @norabar @martintetaz @minsal Hace un año trataba de explicar esto 👇. Lo único que cambió es que desde el verano CABA hace un mix: todo por síntoma salvo los que viajan y se quieren testear. Eso genera sesgos, distorciona.

https://t.co/cBBeoRKwXz"	https://twitter.com/jorgeluisaliaga/status/1376608395344642049	[]
jorgeluisaliaga	Mon Mar 29 18:48:28 +0000 2021	0	0	"@gastonlopezalem @el_pais @aireamos Y también esta recomendación elaborada en conjunto entre @msalnacion y @ciencia_ar 

https://t.co/UDbTRrNQ08"	https://twitter.com/jorgeluisaliaga/status/1376607203554177026	[]
jorgeluisaliaga	Mon Mar 29 18:47:51 +0000 2021	0	0	"@gastonlopezalem @el_pais @aireamos Juste la semana pasada acá salió la Campaña Ventilar del Ministerio de Ciencia y Técnica Nacional.
Este es el micrositio &gt;&gt; https://t.co/1TOEJOwF0y

El lanzamiento se hizo en el marco de este webinar &gt;&gt; https://t.co/6DQ57YL6vp"	https://twitter.com/jorgeluisaliaga/status/1376607050768257027	[]
jorgeluisaliaga	Mon Mar 29 18:46:59 +0000 2021	3	0	"@gastonlopezalem Muy bueno. Fue tapa de @el_pais .
Es por la campaña lanzada por @aireamos para intentar que los gobiernos de España tomen medidas sober ventilación

https://t.co/TT5Afs6gxV"	https://twitter.com/jorgeluisaliaga/status/1376606830277881857	[]
jorgeluisaliaga	Mon Mar 29 18:45:04 +0000 2021	1	0	@armandoria @PACOURONDO @APUBA @Exactas_UBA @carovera_ar así es.	https://twitter.com/jorgeluisaliaga/status/1376606349304401920	[]
jorgeluisaliaga	Mon Mar 29 18:44:06 +0000 2021	3	1	"@wakundamm @MarianoHDaVila Bastante info en (incluye circuito y códogo libre para el que quiera armar)

https://t.co/rSVjw8K2a7"	https://twitter.com/jorgeluisaliaga/status/1376606106894622724	[]
jorgeluisaliaga	Mon Mar 29 12:40:03 +0000 2021	31	16	"@Clorobles2 @norabar @hernanpablo Recomiendo este informe hecho en uns escuela de España, con frio. Dependiendo del día, con puerta abierta abriendo 5 cm la ventana del aula alcanzaba para tener suficientes renovación y najo riesgo.

https://t.co/WE1fzT88kJ"	https://twitter.com/jorgeluisaliaga/status/1376514492117483523	[]
jorgeluisaliaga	Mon Mar 29 12:39:14 +0000 2021	2	1	"@Clorobles2 @norabar @hernanpablo Si, a ciegas, porque uno no sabe cuánto es suficiente.
Por eso es central medir CO2.

https://t.co/rSVjw8K2a7"	https://twitter.com/jorgeluisaliaga/status/1376514285698965507	[]
jorgeluisaliaga	Mon Mar 29 11:45:09 +0000 2021	1	0	@Epicmosquito @Lemeit @D_Conocimiento @jaimeperczyk @uba_xxi Suele ser así, al menos en las grandes crísis (hiperinflación de fines de los 80, crisis del 2001).	https://twitter.com/jorgeluisaliaga/status/1376500672414298119	[]
jorgeluisaliaga	Mon Mar 29 11:44:04 +0000 2021	2	1	"@wakundamm @el_pais @aireamos @ciencia_ar Y @msalnacion publicó recomendaciones oficiales elaboradas en conjunto con MinCyT. Estamos un pasito adelante.
Falta que se asegure existencia de sensores de CO2 para que se puedan armar en escuelas y universidades.
Ya hay empresas faricando.

https://t.co/UDbTRrNQ08"	https://twitter.com/jorgeluisaliaga/status/1376500400552042496	[]
jorgeluisaliaga	Mon Mar 29 11:42:35 +0000 2021	2	2	"@wakundamm @el_pais @aireamos Acá el @ciencia_ar lanzó el portal Ventilar

https://t.co/1TOEJOwF0y"	https://twitter.com/jorgeluisaliaga/status/1376500028315996162	[]
jorgeluisaliaga	Mon Mar 29 11:41:50 +0000 2021	9	3	"@wakundamm Esta nota, tapa de @el_pais del domingo, es como consecuencia de esta movida de @aireamos para lograr que los gobiernos (nacional y regionales) de allá tomen acciones.

https://t.co/TT5Afs6gxV"	https://twitter.com/jorgeluisaliaga/status/1376499839203213316	[]
jorgeluisaliaga	Mon Mar 29 11:37:55 +0000 2021	0	0	@isem20142015 Si, ayer era casi todo de PBA. Me parece que el resto no cargó.	https://twitter.com/jorgeluisaliaga/status/1376498853910822914	[]
jorgeluisaliaga	Mon Mar 29 11:15:16 +0000 2021	2	0	"#BO
Declárese en desuso a las embarcaciones pertenecientes a la Dirección de Logística y Operaciones

https://t.co/gmb4SF8bMV"	https://twitter.com/jorgeluisaliaga/status/1376493155047063552	[{'text': 'BO', 'indices': [0, 3]}]
jorgeluisaliaga	Mon Mar 29 11:15:16 +0000 2021	3	0	"#BO
ANMAT - Intégrase la Comisión Permanente de la Farmacopea Argentina

https://t.co/yyRJWhhoLR"	https://twitter.com/jorgeluisaliaga/status/1376493153818120192	[{'text': 'BO', 'indices': [0, 3]}]
jorgeluisaliaga	Mon Mar 29 11:15:16 +0000 2021	1	0	"#BO
Suspéndase en forma transitoria el ingreso por cualquiera de los pasos fronterizos terrestres de aquellas personas que hayan egresado del Territorio Nacional por medio de pasos fronterizos terrestres

https://t.co/pIZXJkqW4i"	https://twitter.com/jorgeluisaliaga/status/1376493152488583168	[{'text': 'BO', 'indices': [0, 3]}]
jorgeluisaliaga	Mon Mar 29 11:15:15 +0000 2021	2	0	"#BO
Repárese el legajo de Edmundo Julio Leandro MAISONNAVE (L.E. N° 4.414.817) quien revistaba como agente de AEROLÍNEAS ARGENTINAS.

https://t.co/AgCSFqiuc4"	https://twitter.com/jorgeluisaliaga/status/1376493151129640961	[{'text': 'BO', 'indices': [0, 3]}]
jorgeluisaliaga	Mon Mar 29 11:15:15 +0000 2021	1	0	"#BO
Apruébase el pago a cuenta a los Agentes del Seguro de Salud en concepto de adelanto de fondos del SISTEMA ÚNICO DE REINTEGROS (S.U.R.) por la suma de $ 1.500.000.000

https://t.co/7OVnSbu0hu"	https://twitter.com/jorgeluisaliaga/status/1376493149787422723	[{'text': 'BO', 'indices': [0, 3]}]
jorgeluisaliaga	Mon Mar 29 11:15:15 +0000 2021	1	0	"#BO
Apruébase servicio de consultoría para la “Supervisión Técnica Externa de la ejecución de la obra: Viaducto elevado ferroviario en las vías del Ferrocarril General Belgrano Sur - Tramo calle Diógenes Taborda - Estación Constitución”

https://t.co/XmGMDyGFAu"	https://twitter.com/jorgeluisaliaga/status/1376493148441096197	[{'text': 'BO', 'indices': [0, 3]}]
jorgeluisaliaga	Mon Mar 29 11:15:14 +0000 2021	2	0	"#BO
Fijase los montos de la beca para el subsidio mensual en el marco del Plan Nacional de Primera Infancia.

https://t.co/1FmeBAV6LB"	https://twitter.com/jorgeluisaliaga/status/1376493147165954052	[{'text': 'BO', 'indices': [0, 3]}]
jorgeluisaliaga	Mon Mar 29 11:15:14 +0000 2021	2	0	"#BO
SECTOR PÚBLICO NACIONAL
Decisión Administrativa 280/2021 - Modalidad de trabajo remoto hasta el 31 de marzo de 2021 inclusive.

https://t.co/6iS2ineWd0"	https://twitter.com/jorgeluisaliaga/status/1376493145840574466	[{'text': 'BO', 'indices': [0, 3]}]
jorgeluisaliaga	Mon Mar 29 11:15:14 +0000 2021	12	0	"#BO
Desígnase al doctor Martín Ignacio SORIA en el cargo de Ministro de Justicia y Derechos Humanos.

https://t.co/tsLkhIBhWo"	https://twitter.com/jorgeluisaliaga/status/1376493144624279553	[{'text': 'BO', 'indices': [0, 3]}]
jorgeluisaliaga	Mon Mar 29 02:34:58 +0000 2021	3	0	@Lemeit @D_Conocimiento @jaimeperczyk @uba_xxi mi experiencia es que cuando hay crisis y falta de trabajo aumenta la matrícula. Puede ser eso.	https://twitter.com/jorgeluisaliaga/status/1376362216132317185	[]
jorgeluisaliaga	Mon Mar 29 02:22:14 +0000 2021	1	0	@matildas @Klodath Buen punto. Lo central ante la duda: MEDIR!!	https://twitter.com/jorgeluisaliaga/status/1376359012443303936	[]
jorgeluisaliaga	Mon Mar 29 02:14:13 +0000 2021	2	0	@threadreaderapp unroll	https://twitter.com/jorgeluisaliaga/status/1376356993171095554	[]
jorgeluisaliaga	Mon Mar 29 02:11:22 +0000 2021	9	2	"Todos los informes e información en mi sitio

https://t.co/OOPfZIjwmV

La Tabla de datos informados por @msalnacion los puse en:

https://t.co/A6X5GTltVQ"	https://twitter.com/jorgeluisaliaga/status/1376356278029725697	[]
jorgeluisaliaga	Mon Mar 29 02:11:22 +0000 2021	5	1	Casos confirmados por grupo etario en CABA y PBA con detalle de grupos en edad escolar (semana 12 todavía incompleta). https://t.co/Tma4FlHH6Q	https://twitter.com/jorgeluisaliaga/status/1376356275601121280	[]
jorgeluisaliaga	Mon Mar 29 02:11:21 +0000 2021	1	1	"Edad promedio de confirmados y de mayores de 70 y 80 años por semana de inicio de síntoma.
Cantidad de fallecidos y su edad media, y fallecidos mayores de 70 años por semana de inicio de síntoma. https://t.co/iMRcnPFEGO"	https://twitter.com/jorgeluisaliaga/status/1376356270517673985	[]
jorgeluisaliaga	Mon Mar 29 02:11:19 +0000 2021	1	1	"De los 81 informados como fallecidos, 66 fallecieron hace más de 8 días.
1 de DICIEMBRE PBA
1 de ENERO PBA
Se muestra días entre inicio de síntoma y fallecimiento, largas internaciones. https://t.co/HUg4TyavjA"	https://twitter.com/jorgeluisaliaga/status/1376356265962696711	[]
jorgeluisaliaga	Mon Mar 29 02:11:18 +0000 2021	1	1	Casos confirmados y sospechosos en CABA y PBA según fecha de apertura https://t.co/IlVnMFINAm	https://twitter.com/jorgeluisaliaga/status/1376356261277618176	[]
jorgeluisaliaga	Mon Mar 29 02:11:17 +0000 2021	4	1	Detalles de Tests Confirmados, Descartados y Sospechosos según residencia en PBA y CABA por semana, con detalles según lugar de carga y sector público o privado. Amarillo es lo pendiente. https://t.co/D3EkddHK4H	https://twitter.com/jorgeluisaliaga/status/1376356257137885185	[]
jorgeluisaliaga	Mon Mar 29 02:11:16 +0000 2021	1	1	"Ya se hicieron 7.032.432 Tests PCR de diagnóstico (error +/- 10 tests), 29,8% de positividad.
Hoy 22.865, 22,8% la positividad. 
Cuando teníamos 10% de positividad (10/5) había 250-300 casos por día. https://t.co/NZZ81qW7mO"	https://twitter.com/jorgeluisaliaga/status/1376356252746457088	[]
jorgeluisaliaga	Mon Mar 29 02:11:15 +0000 2021	1	1	"Los casos ordenados por fecha de síntoma, promediada cada día los últimos 7 en lineal y semi-log (ver inf 24/7). Y Por millón de habitantes.
Hasta ahora las amarillas ""predicen"" lo que van a hacer las curvas x síntoma cuando entren casos de esas fechas, atención la suba. https://t.co/GXSCpyx2q0"	https://twitter.com/jorgeluisaliaga/status/1376356247969132544	[]
jorgeluisaliaga	Mon Mar 29 02:11:14 +0000 2021	2	1	"Sitios con datos / figuras

Gran info regional: Soledad Retamar @sole_reta 

https://t.co/LLv9J5EA7o

Rodrigo Castro @RodrigoD_Castro

https://t.co/9etT4FOHyf"	https://twitter.com/jorgeluisaliaga/status/1376356243799949318	[]
jorgeluisaliaga	Mon Mar 29 02:11:14 +0000 2021	3	1	"Hilos recomendados:

Semáforo: Martin Barrionuevo @mmbarrionuevo 

https://t.co/2PgMOAnByQ

Rio Negro+Neuquen: Clari Cardozo Castro @ClariCardozoCas 

Diseño @TotinFraire Elaboración @Fedwr 

https://t.co/p2Lz9liilr"	https://twitter.com/jorgeluisaliaga/status/1376356242168418304	[]
jorgeluisaliaga	Mon Mar 29 01:29:28 +0000 2021	3	1	"@willyzubeldia @norabar @melquiadess @aireamos Lo aconsejable es:
- barbijo ajustado
- hablar lo menos posible
- la mayor ventilación posible
- la mayor distancia posible"	https://twitter.com/jorgeluisaliaga/status/1376345732458893312	[]
jorgeluisaliaga	Mon Mar 29 01:28:10 +0000 2021	1	0	@Klodath Gracias! Algo pasó y se me fue. Y no me di cuenta. Gracias! https://t.co/QnhIsHS6MD	https://twitter.com/jorgeluisaliaga/status/1376345404153925632	[]
jorgeluisaliaga	Mon Mar 29 01:25:25 +0000 2021	0	0	@Klodath Ahhhh, bien	https://twitter.com/jorgeluisaliaga/status/1376344713192689664	[]
jorgeluisaliaga	Mon Mar 29 00:14:30 +0000 2021	14	5	"Nota de @PACOURONDO a Gabriel Corvalan Delgado, hijo de Eduardo Corvalan, no-docente @APUBA en @Exactas_UBA 

El acto fue el primero oficial en la Facultad, en 2006 a 4 días de asumir con @carovera_ar. Ella con @armandoria y Diego Weinberg lo organizaron.

https://t.co/F8aoofopbt"	https://twitter.com/jorgeluisaliaga/status/1376326866655715328	[]
jorgeluisaliaga	Sun Mar 28 21:08:30 +0000 2021	1	0	"@BaezMatu @FerrarioJuan @norabar @ciencia_ar @msalnacion @BAeducacion En PBA el protocolo indica ventanas y puertas abiertas.
No es necesario abrir todo.

ver este excelente informe de España

https://t.co/WE1fzT88kJ"	https://twitter.com/jorgeluisaliaga/status/1376280058378223616	[]
jorgeluisaliaga	Sun Mar 28 21:06:38 +0000 2021	0	0	@Klodath no lo veo, ayudame, gracias	https://twitter.com/jorgeluisaliaga/status/1376279586317684737	[]
jorgeluisaliaga	Sun Mar 28 21:04:10 +0000 2021	1	0	"@willyzubeldia @norabar @melquiadess hay que ventilar de manera permanente y medir. Lo están haciendo en España.

@aireamos"	https://twitter.com/jorgeluisaliaga/status/1376278968551276549	[]
jorgeluisaliaga	Sun Mar 28 21:03:22 +0000 2021	1	0	"@secter @norabar @VirginiaPirola @ciencia_ar El concepto que tratamos de difundir en la charla del viernes es que riesgo CERO no existe, se trata de minimizar. Y si se relajan cuidado sube el riesgo.
Al aire libre hay mejor ventilación, PERO cerca y con poca corriente de aire no es seguro sin barbijo."	https://twitter.com/jorgeluisaliaga/status/1376278766998142983	[]
jorgeluisaliaga	Sun Mar 28 20:44:10 +0000 2021	19	2	"A partir del 5/2/21 saco el informe en dos partes, la primera cuando sale el parte diario y el complemento cuando se actualiza la base de datos, después de las 21:30.

FIN PRIMERA PARTE."	https://twitter.com/jorgeluisaliaga/status/1376273932131651592	[]
jorgeluisaliaga	Sun Mar 28 20:44:09 +0000 2021	14	2	"Hoy se llegó a 55.449 (+81) personas fallecidas. 
Se reportaron 2.079.515 (+7287) personas recuperadas (90,1%). 
3505 (-1) en Terapia. 
Distintos estados de casos en escala semi-logaritmica. 
Lineal muertos y UTI para ver fácil subas. https://t.co/rFE8DCIg5t"	https://twitter.com/jorgeluisaliaga/status/1376273930336534535	[]
jorgeluisaliaga	Sun Mar 28 20:44:08 +0000 2021	7	2	Avance de la Vacunación por sector, por edad y marca de vacuna, por provincia y grupo etario y por provincia y sector. https://t.co/Y6ygu31YwE	https://twitter.com/jorgeluisaliaga/status/1376273925756358661	[]
jorgeluisaliaga	Sun Mar 28 20:44:07 +0000 2021	7	1	Evolución de la vacunación en todo el país, CABA y PBA. Porcentaje de vacunas aplicadas en relación con las distribuidas. https://t.co/vsskQ1Hcjw	https://twitter.com/jorgeluisaliaga/status/1376273920786055171	[]
jorgeluisaliaga	Sun Mar 28 20:44:06 +0000 2021	5	1	Avance de la Vacunación por provincia según datos cargado hasta hoy a las 6 AM de &gt;&gt; https://t.co/bBb2CUzoT6 y https://t.co/TNJm7ZPDNK https://t.co/J7yr6scfRh	https://twitter.com/jorgeluisaliaga/status/1376273915501232136	[]
jorgeluisaliaga	Sun Mar 28 20:44:04 +0000 2021	6	2	"Muestro ajuste.  Uso el crecimiento exponencial con que se ajustaban los datos al 25/3 para una logística, más adecuado en esta etapa de la epidemia, que explico en detalle en este documento (estimo infectados asumiendo un 70% de asintomáticos): 

https://t.co/xDGEjpspvW https://t.co/1n4ttKBK2c"	https://twitter.com/jorgeluisaliaga/status/1376273910405140482	[]
jorgeluisaliaga	Sun Mar 28 20:44:03 +0000 2021	5	2	"Fallecidos por millón de habitantes por provincia.
Detalle de fecha del último caso de cada provincia. Todas las provincias activas. 
También muestro cantidad de días sin casos por provincia y provincias con casos y casos durante la epidemia. https://t.co/0mW80NdVz1"	https://twitter.com/jorgeluisaliaga/status/1376273905799852035	[]
jorgeluisaliaga	Sun Mar 28 20:44:02 +0000 2021	10	4	"Para los que les sirva, muestro datos más simples de leer de distribución de casos confirmados y muertos, y casos confirmados y muertos por millón de habitantes, por provincia.
También una página interactiva.

https://t.co/UoryUFDQ2D
-------------------------- https://t.co/AJWnHoW0G2"	https://twitter.com/jorgeluisaliaga/status/1376273901186080772	[]
jorgeluisaliaga	Sun Mar 28 20:44:01 +0000 2021	7	1	"Neuquén, Rio Negro, Chubut, Santa Cruz
Casos Diarios, Prom últimos 7 días, SUMA de últimos 14 días / 100.000 habitantes. Días de Duplicación, Log-Log Nuevos vs Total de Casos. 
INCIDENCIA y Factor de Crecimiento. Promedio de confirmados diarios últimas 15 semanas. https://t.co/XbNM5ZT42i"	https://twitter.com/jorgeluisaliaga/status/1376273896262008834	[]
jorgeluisaliaga	Sun Mar 28 20:44:00 +0000 2021	7	1	"La Rioja, San Juan, San Luis, Mendoza
Casos Diarios, Prom últimos 7 días, SUMA de últimos 14 días / 100.000 habitantes. Días de Duplicación, Log-Log Nuevos vs Total de Casos. 
INCIDENCIA y Factor de Crecimiento. Promedio de confirmados diarios últimas 15 semanas. https://t.co/Q6viBoJTb3"	https://twitter.com/jorgeluisaliaga/status/1376273890838777857	[]
jorgeluisaliaga	Sun Mar 28 20:43:58 +0000 2021	7	1	"Jujuy, Salta, Tucumán, Catamarca 
Casos Diarios, Prom últimos 7 días, SUMA de últimos 14 días / 100.000 habitantes. Días de Duplicación, Log-Log Nuevos vs Total de Casos. 
INCIDENCIA y Factor de Crecimiento. Promedio de confirmados diarios últimas 15 semanas. https://t.co/kMUsUBQ6HQ"	https://twitter.com/jorgeluisaliaga/status/1376273885088395267	[]
jorgeluisaliaga	Sun Mar 28 20:43:57 +0000 2021	8	1	"Entre Ríos, Corrientes, Misiones, Formosa
Casos Diarios, Prom últimos 7 días, SUMA de últimos 14 días / 100.000 habitantes. Días de Duplicación, Log-Log Nuevos vs Total de Casos. 
INCIDENCIA y Factor de Crecimiento. Promedio de confirmados diarios últimas 15 semanas. https://t.co/PMA2skxfJo"	https://twitter.com/jorgeluisaliaga/status/1376273879262502919	[]
jorgeluisaliaga	Sun Mar 28 20:43:56 +0000 2021	8	1	"Santa Fé, Córdoba, Chaco, Santiago del Estero
Casos Diarios, Prom últimos 7 días, SUMA de últimos 14 días / 100.000 habitantes. Días de Duplicación, Log-Log Nuevos vs Total de Casos. 
INCIDENCIA y Factor de Crecimiento. Promedio de confirmados diarios últimas 15 semanas. https://t.co/FuabDcUogz"	https://twitter.com/jorgeluisaliaga/status/1376273874166382592	[]
jorgeluisaliaga	Sun Mar 28 20:43:54 +0000 2021	7	1	"CABA, PBA, La Pampa, Tierra del Fuego 
Casos Diarios, Prom últimos 7 días, SUMA de últimos 14 días / 100.000 habitantes. Días de Duplicación, Log-Log Nuevos vs Total de Casos. 
INCIDENCIA y Factor de Crecimiento. Promedio de confirmados diarios últimas 15 semanas. https://t.co/OxGYVxRvHa"	https://twitter.com/jorgeluisaliaga/status/1376273868936126464	[]
jorgeluisaliaga	Sun Mar 28 20:43:53 +0000 2021	7	1	"Muestro la evolución de la cantidad de días necesarios para duplicar (x2) y para decuplicar (x10) (Total y Activos).
La cantidad de días para duplicación aumento de entre 3 y 4 a 26 y ahora está en 164. Por 10 en 544 días. https://t.co/9MlLT1yKac"	https://twitter.com/jorgeluisaliaga/status/1376273864251084802	[]
jorgeluisaliaga	Sun Mar 28 20:43:52 +0000 2021	7	1	"Evolución de la INCIDENCIA y del Factor de Crecimiento (ver Inf del 16/4). 
Muestro también la evolución de la tasa de variación de la cantidad de casos cada 2, 4, y 10 días (ver inf 4/4 y 5/4). También detalle desde el 20/02/21. https://t.co/c1o4SHp3d1"	https://twitter.com/jorgeluisaliaga/status/1376273859985432576	[]
jorgeluisaliaga	Sun Mar 28 20:43:51 +0000 2021	7	1	Muestro en Log-Log Casos Nuevos vs Totales (promedio para cada día con los valores de los siete últimos) (si hay duda, ver inf 3/4). https://t.co/QeESUaIwLK	https://twitter.com/jorgeluisaliaga/status/1376273855816302600	[]
jorgeluisaliaga	Sun Mar 28 20:43:50 +0000 2021	9	1	"9/1 rearmé el informe.
Total de casos según fecha de carga en escala semilogarítmica, para ver comportamiento exponencial y su velocidad.
Promedio de casos confirmados, UTI y fallecidos por fecha de carga por semana en las últimas 30 semanas. https://t.co/3XnBvELX2q"	https://twitter.com/jorgeluisaliaga/status/1376273851689107464	[]
jorgeluisaliaga	Sun Mar 28 20:43:49 +0000 2021	7	1	"16 provincias con INCIDENCIA mayor a 150 casos / 100.000 en los últimos 14 días, y 20 provincias con Razón de Casos mayor a 1 (creciendo). 
Incidencia Nacional = 249 casos
Razón de Casos Nacional = 1,28
ALTO RIESGO SANITARIO https://t.co/7NRmh3AL2k"	https://twitter.com/jorgeluisaliaga/status/1376273846681096201	[]
jorgeluisaliaga	Sun Mar 28 20:43:48 +0000 2021	72	33	"Situación COVID-19 al 28/3

Hoy 7.208 nuevos casos confirmados.
Cinco provincias con ""alto riesgo sanitario"".
Muy alta carga para domingo, muy baja de fallecidos.
Desde 21/9 nuevo formato de informe, sin detalle de tipo de caso.
La cantidad total de casos es 2.308.597. https://t.co/HjfZyXHZSQ"	https://twitter.com/jorgeluisaliaga/status/1376273841719275522	[]
jorgeluisaliaga	Sun Mar 28 20:13:07 +0000 2021	5	2	"@FerrarioJuan @norabar @ciencia_ar @msalnacion @BAeducacion El problema de implementar la ventilación es que no se acompaña con MEDICIÓN. Si se mide, se observa que NO es necesario abrir todo y pasar frio.

Recomiendo MUCHO esta hermosa medición de escuela de España

https://t.co/WE1fzT88kJ"	https://twitter.com/jorgeluisaliaga/status/1376266120475377665	[]
jorgeluisaliaga	Sun Mar 28 20:02:50 +0000 2021	13	4	"@FerrarioJuan @norabar @ciencia_ar y @msalnacion  sacó un documento oficial de recomendaciones sobre ventilación. 
@BAeducacion indica puertas y ventanas abiertas en aulas. Si se mide CO2 se puede regular ahora que viene el frio. 

https://t.co/UDbTRrNQ08"	https://twitter.com/jorgeluisaliaga/status/1376263531306360833	[]
jorgeluisaliaga	Sun Mar 28 20:01:31 +0000 2021	9	3	"@FerrarioJuan @norabar Se lanzó la Campaña Ventilar de @ciencia_ar &gt;&gt; https://t.co/1TOEJOwF0y

El lanzamiento se hizo en el marco de este webinar &gt;&gt; https://t.co/6DQ57YL6vp"	https://twitter.com/jorgeluisaliaga/status/1376263199109083139	[]
jorgeluisaliaga	Sun Mar 28 19:59:52 +0000 2021	1	0	"@GloriaMusMarDuj No soy médico, escuché que la recomendación es 15 días de separación, empezando por COVID.

Ver esta nota, saludos

https://t.co/J7OInhVtwG"	https://twitter.com/jorgeluisaliaga/status/1376262784657338369	[]
jorgeluisaliaga	Sun Mar 28 19:58:09 +0000 2021	3	0	"@ppicchio @norabar Es el ejemplo que siempre da @jljcolorado 

Se lanzó la Campaña Ventilar de @ciencia_ar &gt;&gt; https://t.co/1TOEJOwF0y

El lanzamiento se hizo en el marco de este webinar &gt;&gt; https://t.co/6DQ57YL6vp"	https://twitter.com/jorgeluisaliaga/status/1376262354162319361	[]
jorgeluisaliaga	Sun Mar 28 19:57:07 +0000 2021	1	0	"@aacine @norabar Sería importante MEDIR.

Se lanzó la Campaña Ventilar del Ministerio de Ciencia y Técnica Nacional.
Este es el micrositio &gt;&gt; https://t.co/1TOEJOwF0y

El lanzamiento se hizo en el marco de este webinar &gt;&gt; https://t.co/6DQ57YL6vp"	https://twitter.com/jorgeluisaliaga/status/1376262094484557835	[]
jorgeluisaliaga	Sun Mar 28 19:56:22 +0000 2021	1	0	"@secter @norabar @VirginiaPirola Es ambas cosas, porque el barbijo baja las emisiones y además evita el contagio por proximidad.

Campaña Ventilar del @ciencia_ar  &gt;&gt; https://t.co/1TOEJOwF0y

El lanzamiento se hizo en el marco de este webinar &gt;&gt; https://t.co/6DQ57YL6vp"	https://twitter.com/jorgeluisaliaga/status/1376261905619226625	[]
jorgeluisaliaga	Sun Mar 28 19:54:53 +0000 2021	2	1	"@Natinegri @norabar Se lanzó la Campaña Ventilar del Ministerio de Ciencia y Técnica Nacional.
Este es el micrositio &gt;&gt; https://t.co/1TOEJOwF0y

El lanzamiento se hizo en el marco de este webinar &gt;&gt; https://t.co/6DQ57YL6vp"	https://twitter.com/jorgeluisaliaga/status/1376261532380696579	[]
jorgeluisaliaga	Sun Mar 28 19:48:42 +0000 2021	31	13	"@celesterc @norabar OJO. El avión es crítico porque reparte los contagios lejos y rápido. No necesariamente porque los contagios sean en los aviones.
@jljcolorado explica que en vuelo la ventilación es muy buena. El peor momento es el embarque."	https://twitter.com/jorgeluisaliaga/status/1376259976822452225	[]
jorgeluisaliaga	Sun Mar 28 16:14:15 +0000 2021	12	0	@Gracielmoreno sobre el nivel, lo mediría con la botella abierta. Puede cambiar con la presión interior.	https://twitter.com/jorgeluisaliaga/status/1376206007039356929	[]
jorgeluisaliaga	Sun Mar 28 02:08:09 +0000 2021	6	0	@threadreaderapp unroll	https://twitter.com/jorgeluisaliaga/status/1375993081045090305	[]
jorgeluisaliaga	Sun Mar 28 02:07:35 +0000 2021	9	0	"Todos los informes e información en mi sitio

https://t.co/OOPfZIjwmV

La Tabla de datos informados por @msalnacion los puse en:

https://t.co/A6X5GTltVQ"	https://twitter.com/jorgeluisaliaga/status/1375992937083977734	[]
jorgeluisaliaga	Sun Mar 28 02:07:35 +0000 2021	0	0	Casos confirmados desagregados por edad en CABA y PBA con detalle de edades escolares. https://t.co/PK9jmy0KHH	https://twitter.com/jorgeluisaliaga/status/1375992935213322242	[]
jorgeluisaliaga	Sun Mar 28 02:07:34 +0000 2021	0	0	"Edad promedio de confirmados y de mayores de 70 años por semana de inicio de síntoma.
Cantidad de fallecidos y su edad media, y fallecidos mayores de 70 años por semana de inicio de síntoma. https://t.co/84fdNndmr2"	https://twitter.com/jorgeluisaliaga/status/1375992930813554694	[]
jorgeluisaliaga	Sun Mar 28 02:07:33 +0000 2021	0	0	"De los 133 informados como fallecidos, 89 fallecieron hace más de 14 días.
6 de NOVIEMBRE Santa Fe
2 de DICIEMBRE Santa Fe
1 de ENERO PBA
Se muestra días entre inicio de síntoma y fallecimiento, largas internaciones. https://t.co/kNwBm7b5aO"	https://twitter.com/jorgeluisaliaga/status/1375992926480785408	[]
jorgeluisaliaga	Sun Mar 28 02:07:31 +0000 2021	1	0	Casos confirmados y sospechosos por fecha de apertura en CABA y PBA. https://t.co/h8LFGDLOVu	https://twitter.com/jorgeluisaliaga/status/1375992922034819076	[]
jorgeluisaliaga	Sun Mar 28 02:07:30 +0000 2021	0	0	Detalles de Tests Confirmados, Descartados y Sospechosos según residencia en PBA y CABA por semana, con detalles según lugar de carga y sector público o privado. Amarillo es lo pendiente. https://t.co/PH3JpkKkFl	https://twitter.com/jorgeluisaliaga/status/1375992917823741952	[]
jorgeluisaliaga	Sun Mar 28 02:07:29 +0000 2021	0	0	"Ya se hicieron 7.002.836 Tests PCR de diagnóstico (error +/- 10 tests), 29,8% de positividad.
Hoy 27.661, 26,1% la positividad. 
Cuando teníamos 10% de positividad (10/5) había 250-300 casos por día. https://t.co/bO1swHrhnK"	https://twitter.com/jorgeluisaliaga/status/1375992913658839043	[]
jorgeluisaliaga	Sun Mar 28 02:07:28 +0000 2021	0	0	"Los casos ordenados por fecha de síntoma, promediada cada día los últimos 7 en lineal y semi-log (ver inf 24/7). Y Por millón de habitantes.
Hasta ahora las amarillas ""predicen"" lo que van a hacer las curvas x síntoma cuando entren casos de esas fechas, atención la suba. https://t.co/FpqrwWhhQv"	https://twitter.com/jorgeluisaliaga/status/1375992909447725059	[]
jorgeluisaliaga	Sun Mar 28 02:07:27 +0000 2021	0	0	"Sitios con datos / figuras

Gran info regional: Soledad Retamar @sole_reta 

https://t.co/LLv9J5EA7o

Rodrigo Castro @RodrigoD_Castro

https://t.co/9etT4FOHyf"	https://twitter.com/jorgeluisaliaga/status/1375992904561405952	[]
jorgeluisaliaga	Sun Mar 28 02:07:27 +0000 2021	1	1	"Hilos recomendados:

Semáforo: Martin Barrionuevo @mmbarrionuevo 

https://t.co/beTeZ9K11Y

Rio Negro+Neuquen: Clari Cardozo Castro @ClariCardozoCas 

Diseño @TotinFraire Elaboración @Fedwr 

https://t.co/FY9yC7EwYk"	https://twitter.com/jorgeluisaliaga/status/1375992902845874179	[]
jorgeluisaliaga	Sun Mar 28 01:22:31 +0000 2021	4	0	@pdenapo hoy se vencían los PCR que se habían hecho por la sesión que iba a ser el jueves.	https://twitter.com/jorgeluisaliaga/status/1375981596575199235	[]
jorgeluisaliaga	Sun Mar 28 01:19:43 +0000 2021	10	2	"@laurathomasset @ONVentura circuito y código libre

https://t.co/rSVjw8K2a7"	https://twitter.com/jorgeluisaliaga/status/1375980891885932546	[]
jorgeluisaliaga	Sun Mar 28 00:26:18 +0000 2021	2	0	"@KatzzMati @Exactas_UBA @aireamos @jljcolorado La UBA puso en su protocolo ""si se puede, ventilar"".
En UNAHUR, el protocolo que escribí dice ""ventilar 6 renovaciones de aire por hora, medido"".
E hice estos medidores de bajo costo
https://t.co/rSVjw8K2a7
Como en Exactas me conocen, los copiaron."	https://twitter.com/jorgeluisaliaga/status/1375967447635931141	[]
jorgeluisaliaga	Sun Mar 28 00:24:09 +0000 2021	7	0	@rusosnith @Lemeit @Exactas_UBA @aireamos @jljcolorado @amilanese @AlituxTDF @droyktton @pauespanol @GuilleMerediz @BercovichPablo Así es. @INETetp pudo haber ofrecido kits para armar a escuelas técnicas, por ejemplo. Tire esas ideas a gente de educacion en enero. Estar 8 años sobre una silla eléctrica te da entrenamiento.	https://twitter.com/jorgeluisaliaga/status/1375966908474855431	[]
jorgeluisaliaga	Sun Mar 28 00:21:26 +0000 2021	2	0	"@rusosnith @droyktton @Lemeit @Exactas_UBA @aireamos @jljcolorado @amilanese @AlituxTDF Si, yo compre 2 MH-Z19B en diciembre en https://t.co/RiLmic0wtM sin problemas, después se agotaron. 
Los 500 MH-Z19C que compró @unahurlingham fue directo al fabricante, obviamente mucho más barato, sin problemas."	https://twitter.com/jorgeluisaliaga/status/1375966223364718596	[]
jorgeluisaliaga	Sat Mar 27 21:50:33 +0000 2021	15	3	"A partir del 5/2/21 saco el informe en dos partes, la primera cuando sale el parte diario y el complemento cuando se actualiza la base de datos, después de las 21:30.

FIN PRIMERA PARTE."	https://twitter.com/jorgeluisaliaga/status/1375928253437915146	[]
jorgeluisaliaga	Sat Mar 27 21:50:33 +0000 2021	6	0	"Hoy se llegó a 55.368 (+133) personas fallecidas. 
Se reportaron 2.072.228 (+7749) personas recuperadas (90,0%). 
3506 (-2) en Terapia. 
Distintos estados de casos en escala semi-logaritmica. 
Lineal muertos y UTI para ver fácil subas. https://t.co/oLisNJ2HWq"	https://twitter.com/jorgeluisaliaga/status/1375928251563061254	[]
jorgeluisaliaga	Sat Mar 27 21:50:32 +0000 2021	2	0	Avance de la Vacunación por sector, por edad y marca de vacuna, por provincia y grupo etario y por provincia y sector. https://t.co/hE4IrIVmXq	https://twitter.com/jorgeluisaliaga/status/1375928246756376576	[]
jorgeluisaliaga	Sat Mar 27 21:50:31 +0000 2021	4	2	Evolución de la vacunación en todo el país, CABA y PBA. Porcentaje de vacunas aplicadas en relación con las distribuidas. https://t.co/YULXTlorHj	https://twitter.com/jorgeluisaliaga/status/1375928242083930113	[]
jorgeluisaliaga	Sat Mar 27 21:50:29 +0000 2021	2	0	Avance de la Vacunación por provincia según datos cargado hasta hoy a las 6 AM de &gt;&gt; https://t.co/bBb2CUzoT6 y https://t.co/TNJm7ZPDNK https://t.co/OUvwSr3DLJ	https://twitter.com/jorgeluisaliaga/status/1375928236316753924	[]
jorgeluisaliaga	Sat Mar 27 21:50:28 +0000 2021	3	0	"Muestro ajuste.  Uso el crecimiento exponencial con que se ajustaban los datos al 25/3 para una logística, más adecuado en esta etapa de la epidemia, que explico en detalle en este documento (estimo infectados asumiendo un 70% de asintomáticos): 

https://t.co/xDGEjpspvW https://t.co/Py865uV7Yj"	https://twitter.com/jorgeluisaliaga/status/1375928231380070408	[]
jorgeluisaliaga	Sat Mar 27 21:50:27 +0000 2021	3	0	"Fallecidos por millón de habitantes por provincia.
Detalle de fecha del último caso de cada provincia. Todas las provincias activas. 
También muestro cantidad de días sin casos por provincia y provincias con casos y casos durante la epidemia. https://t.co/Qh7Yjq4XXi"	https://twitter.com/jorgeluisaliaga/status/1375928226862792705	[]
jorgeluisaliaga	Sat Mar 27 21:50:26 +0000 2021	3	0	"Para los que les sirva, muestro datos más simples de leer de distribución de casos confirmados y muertos, y casos confirmados y muertos por millón de habitantes, por provincia.
También una página interactiva.

https://t.co/UoryUFDQ2D
-------------------------- https://t.co/c9pi9t9Z3G"	https://twitter.com/jorgeluisaliaga/status/1375928222127378435	[]
jorgeluisaliaga	Sat Mar 27 21:50:25 +0000 2021	2	0	"Neuquén, Rio Negro, Chubut, Santa Cruz
Casos Diarios, Prom últimos 7 días, SUMA de últimos 14 días / 100.000 habitantes. Días de Duplicación, Log-Log Nuevos vs Total de Casos. 
INCIDENCIA y Factor de Crecimiento. Promedio de confirmados diarios últimas 15 semanas. https://t.co/6ZwhR2jIjk"	https://twitter.com/jorgeluisaliaga/status/1375928217433993220	[]
jorgeluisaliaga	Sat Mar 27 21:50:23 +0000 2021	4	0	"La Rioja, San Juan, San Luis, Mendoza
Casos Diarios, Prom últimos 7 días, SUMA de últimos 14 días / 100.000 habitantes. Días de Duplicación, Log-Log Nuevos vs Total de Casos. 
INCIDENCIA y Factor de Crecimiento. Promedio de confirmados diarios últimas 15 semanas. https://t.co/qahnirvyDG"	https://twitter.com/jorgeluisaliaga/status/1375928212086263815	[]
jorgeluisaliaga	Sat Mar 27 21:50:22 +0000 2021	3	0	"Jujuy, Salta, Tucumán, Catamarca 
Casos Diarios, Prom últimos 7 días, SUMA de últimos 14 días / 100.000 habitantes. Días de Duplicación, Log-Log Nuevos vs Total de Casos. 
INCIDENCIA y Factor de Crecimiento. Promedio de confirmados diarios últimas 15 semanas. https://t.co/OJyv16jDuK"	https://twitter.com/jorgeluisaliaga/status/1375928206499450882	[]
jorgeluisaliaga	Sat Mar 27 21:50:21 +0000 2021	3	0	"Entre Ríos, Corrientes, Misiones, Formosa
Casos Diarios, Prom últimos 7 días, SUMA de últimos 14 días / 100.000 habitantes. Días de Duplicación, Log-Log Nuevos vs Total de Casos. 
INCIDENCIA y Factor de Crecimiento. Promedio de confirmados diarios últimas 15 semanas. https://t.co/EUORR7oWjW"	https://twitter.com/jorgeluisaliaga/status/1375928200455458818	[]
jorgeluisaliaga	Sat Mar 27 21:50:19 +0000 2021	4	0	"Santa Fé, Córdoba, Chaco, Santiago del Estero
Casos Diarios, Prom últimos 7 días, SUMA de últimos 14 días / 100.000 habitantes. Días de Duplicación, Log-Log Nuevos vs Total de Casos. 
INCIDENCIA y Factor de Crecimiento. Promedio de confirmados diarios últimas 15 semanas. https://t.co/vKhhUCVaAE"	https://twitter.com/jorgeluisaliaga/status/1375928194742763522	[]
jorgeluisaliaga	Sat Mar 27 21:50:18 +0000 2021	5	0	"CABA, PBA, La Pampa, Tierra del Fuego 
Casos Diarios, Prom últimos 7 días, SUMA de últimos 14 días / 100.000 habitantes. Días de Duplicación, Log-Log Nuevos vs Total de Casos. 
INCIDENCIA y Factor de Crecimiento. Promedio de confirmados diarios últimas 15 semanas. https://t.co/B9CoG7spZl"	https://twitter.com/jorgeluisaliaga/status/1375928188640038915	[]
jorgeluisaliaga	Sat Mar 27 21:50:17 +0000 2021	4	0	"Muestro la evolución de la cantidad de días necesarios para duplicar (x2) y para decuplicar (x10) (Total y Activos).
La cantidad de días para duplicación aumento de entre 3 y 4 a 26 y ahora está en 169. Por 10 en 561 días. https://t.co/NkIaNgVvvg"	https://twitter.com/jorgeluisaliaga/status/1375928183216803840	[]
jorgeluisaliaga	Sat Mar 27 21:50:16 +0000 2021	3	0	"Evolución de la INCIDENCIA y del Factor de Crecimiento (ver Inf del 16/4). 
Muestro también la evolución de la tasa de variación de la cantidad de casos cada 2, 4, y 10 días (ver inf 4/4 y 5/4). También detalle desde el 20/02/21. https://t.co/KaTXWhTYEr"	https://twitter.com/jorgeluisaliaga/status/1375928179035144196	[]
jorgeluisaliaga	Sat Mar 27 21:50:14 +0000 2021	4	0	Muestro en Log-Log Casos Nuevos vs Totales (promedio para cada día con los valores de los siete últimos) (si hay duda, ver inf 3/4). https://t.co/ZZ9UaRJcOb	https://twitter.com/jorgeluisaliaga/status/1375928174526267396	[]
jorgeluisaliaga	Sat Mar 27 21:50:14 +0000 2021	4	0	"9/1 rearmé el informe.
Total de casos según fecha de carga en escala semilogarítmica, para ver comportamiento exponencial y su velocidad.
Promedio de casos confirmados, UTI y fallecidos por fecha de carga por semana en las últimas 30 semanas. https://t.co/t9ENsMETrf"	https://twitter.com/jorgeluisaliaga/status/1375928170461999106	[]
jorgeluisaliaga	Sat Mar 27 21:50:12 +0000 2021	4	0	"15 provincias con INCIDENCIA mayor a 150 casos / 100.000 en los últimos 14 días, y 19 provincias con Razón de Casos mayor a 1 (creciendo). 

Incidencia Nacional = 241 casos
Razón de Casos Nacional = 1,25
ALTO RIESGO SANITARIO https://t.co/gjybiERR6U"	https://twitter.com/jorgeluisaliaga/status/1375928165286174721	[]
jorgeluisaliaga	Sat Mar 27 21:50:11 +0000 2021	51	16	"Situación COVID-19 al 27/3

Hoy 10.338 nuevos casos confirmados.
Cinco provincias con ""alto riesgo sanitario"".
Cierra semana 12 con alta carga.
Desde 21/9 nuevo formato de informe, sin detalle de tipo de caso.
La cantidad total de casos es 2.301.389. https://t.co/k4AlnpamKi"	https://twitter.com/jorgeluisaliaga/status/1375928160462774273	[]
jorgeluisaliaga	Sat Mar 27 12:14:34 +0000 2021	15	4	"Buena recomendación de @Dianacos 

Ventilemos

https://t.co/1TOEJOwF0y https://t.co/qxgg90lHjt"	https://twitter.com/jorgeluisaliaga/status/1375783303006019584	[]
jorgeluisaliaga	Sat Mar 27 12:13:46 +0000 2021	63	10	Felicidades @ernestorr https://t.co/zKjyviDHJy	https://twitter.com/jorgeluisaliaga/status/1375783100798664705	[]
jorgeluisaliaga	Sat Mar 27 12:12:53 +0000 2021	3	0	"@ACSSOingenieria @MoranoAndres @apinedarojas @AnaLauCavatorta @tomaydale @Lemeit @Lunera_Luz @proyectartv @JbcLiftec Pero así como las personas tiene un termómetro en la casa, e igual llaman al médico, saber que hay que ventilar y que se puede medir CO2, ayuda en tiempos de pandemia.
Sin intención de desmerecer a los matriculados, que de eso viven."	https://twitter.com/jorgeluisaliaga/status/1375782879666524165	[]
jorgeluisaliaga	Sat Mar 27 12:11:14 +0000 2021	2	0	"@ACSSOingenieria @MoranoAndres @apinedarojas @AnaLauCavatorta @tomaydale @Lemeit @Lunera_Luz @proyectartv @JbcLiftec Si, por supuesto que en todo tema laboral hay que contratar a un matriculado, sea ingeniero ambiental o higienista.
De hecho el nivel de CO2 que pide la SRT son 5.000 ppm, lejos de los 1.200 que se pide en Europa para escuelas."	https://twitter.com/jorgeluisaliaga/status/1375782462744317955	[]
jorgeluisaliaga	Sat Mar 27 12:09:11 +0000 2021	1	1	"@AHFranco2 gracias por el interés. 
Me parece que luego de este lanzamiento @ciencia_ar , @msalnacion y @SecMediosyCP van salir con campaña fuerte.

Mientras tanto, está este video de @ShellyMBoulder 

https://t.co/UjXWY74veY"	https://twitter.com/jorgeluisaliaga/status/1375781947675443203	[]
jorgeluisaliaga	Sat Mar 27 12:00:59 +0000 2021	3	1	@BarbaraGhiglio2 @Exactas_UBA @aireamos @jljcolorado Es España investigadores como @JbcLiftec o @felisi2punto0 hacen evaluaciones de CO2 en transporte. Seguro que hay que ventilar. Difícil saber si es suficiente sin medir. Y una forma simple es medir el nivel de CO2.	https://twitter.com/jorgeluisaliaga/status/1375779882836316171	[]
jorgeluisaliaga	Sat Mar 27 11:58:11 +0000 2021	3	0	"@ACSSOingenieria @MoranoAndres @apinedarojas @AnaLauCavatorta @tomaydale @Lemeit @Lunera_Luz @proyectartv @JbcLiftec Dicho de otra forma: pedir 12,5 litros / seg / persona no lleva a 700ppm CO2 para cualquier espacio (volumen). Sí para ocupaciones de espacio típicas. 
Si se pone 1 persona en una cancha de basket cubierta y se entran 12.5 l/s el CO2 no levanta de 400ppm."	https://twitter.com/jorgeluisaliaga/status/1375779176700112896	[]
jorgeluisaliaga	Sat Mar 27 11:54:26 +0000 2021	5	0	"@ACSSOingenieria @MoranoAndres @apinedarojas @AnaLauCavatorta @tomaydale @Lemeit @Lunera_Luz @proyectartv @JbcLiftec Gracias. Capacidad máxima (aforo) siempre existe, porque como explica @apinedarojas , a corta distancia hay otras vias de contagio.
Y de hecho para espacios con alturas ""comunes"" la cantidad de personas es lo que relaciona litros / seg / persona con CO2."	https://twitter.com/jorgeluisaliaga/status/1375778234789466112	[]
jorgeluisaliaga	Sat Mar 27 11:49:50 +0000 2021	1	0	"@mf_dangelo Hola, gracias por interesarte.
Si hay alguien que sapa lo mínimo de electrónica con Arduino, puede armar este que puse con circuito y código libre &gt;&gt; https://t.co/rSVjw8K2a7

Fabricantes locales &gt;&gt; https://t.co/0pVpWmoC1O

Aire Nuevo @unahurlingham airenuevo@unahur.edu.ar"	https://twitter.com/jorgeluisaliaga/status/1375777077912289280	[]
jorgeluisaliaga	Sat Mar 27 11:45:49 +0000 2021	17	2	"@charco @Exactas_UBA @aireamos @jljcolorado Si, no discuto eso. 
Mi punto es que si hay que hacer una actividad presencial, se debe hacer con ventilación cruzada, continua, distribuida y medida

https://t.co/1TOEJOwF0y"	https://twitter.com/jorgeluisaliaga/status/1375776068116832257	[]
jorgeluisaliaga	Sat Mar 27 11:42:29 +0000 2021	11	4	"@Lemeit @rusosnith @Exactas_UBA @aireamos @jljcolorado @amilanese @AlituxTDF @droyktton @pauespanol @GuilleMerediz @BercovichPablo Así como en abril de 2020 el estado garantizó que haya alcohol, termómetros, ... HOY debe garantizar que haya oferta minorista de sensores de CO2 de tecnología NDIR. 

Hasta enero las casas de electrónica que venden cosas para Arduino tenían. 
Se agotaron y no aparecen."	https://twitter.com/jorgeluisaliaga/status/1375775226512953348	[]
jorgeluisaliaga	Sat Mar 27 11:40:10 +0000 2021	6	2	"@Lemeit @rusosnith @Exactas_UBA @aireamos @jljcolorado @amilanese @AlituxTDF @droyktton Por eso le pedí a @pauespanol @GuilleMerediz @BercovichPablo que ayuden para que haya oferta de sensores para medir CO2 a un precio razonable acá.
Las empresas pueden importar.
Pero HOY no hay oferta para los que quieran armar el suyo. En China cuestan U$15!!!"	https://twitter.com/jorgeluisaliaga/status/1375774644955983881	[]
jorgeluisaliaga	Sat Mar 27 02:14:47 +0000 2021	4	0	@threadreaderapp unroll	https://twitter.com/jorgeluisaliaga/status/1375632361723981828	[]
jorgeluisaliaga	Sat Mar 27 02:14:39 +0000 2021	8	1	"Todos los informes e información en mi sitio

https://t.co/OOPfZIjwmV

La Tabla de datos informados por @msalnacion los puse en:

https://t.co/A6X5GTltVQ"	https://twitter.com/jorgeluisaliaga/status/1375632325254463491	[]
jorgeluisaliaga	Sat Mar 27 02:14:38 +0000 2021	1	0	Casos confirmados por grupo etario en CABA y PBA con detalle de edades escolares. https://t.co/nrLQBWaYXZ	https://twitter.com/jorgeluisaliaga/status/1375632322754646018	[]
jorgeluisaliaga	Sat Mar 27 02:14:36 +0000 2021	1	0	"Edad promedio de confirmados y de mayores de 70 años por semana de inicio de síntoma.
Cantidad de fallecidos y su edad media, y fallecidos mayores de 70 años por semana de inicio de síntoma. https://t.co/Eci3nTjz1E"	https://twitter.com/jorgeluisaliaga/status/1375632315045584899	[]
jorgeluisaliaga	Sat Mar 27 02:14:34 +0000 2021	1	0	"De los 143 informados como fallecidos, 52 fallecieron hace más de 13 días.
3 de NOVIEMBRE (2 Corrientes, Santa Fe)
3 de DICIEMBRE (Santa Cruz)
2 de ENERO (Santa Cruz)
Se muestra días entre inicio de síntoma y fallecimiento, largas internaciones. https://t.co/bCvh9RpoDj"	https://twitter.com/jorgeluisaliaga/status/1375632307680333824	[]
jorgeluisaliaga	Sat Mar 27 02:14:33 +0000 2021	2	0	Casos confirmados y sospechosos según fecha de carga en CABA y PBA. https://t.co/F3SDr0Zfvk	https://twitter.com/jorgeluisaliaga/status/1375632303075045378	[]
jorgeluisaliaga	Sat Mar 27 02:14:32 +0000 2021	1	0	Detalles de Tests Confirmados, Descartados y Sospechosos según residencia en PBA y CABA por semana, con detalles según lugar de carga y sector público o privado. Amarillo es lo pendiente. https://t.co/HzHEe4gP3u	https://twitter.com/jorgeluisaliaga/status/1375632297001693188	[]
jorgeluisaliaga	Sat Mar 27 02:14:31 +0000 2021	5	1	"Ya se hicieron 6.965.423 Tests PCR de diagnóstico (error +/- 10 tests), 29,8% de positividad.
Hoy 49.516, 19,4% la positividad. 
Cuando teníamos 10% de positividad (10/5) había 250-300 casos por día. https://t.co/XOzzpMTGXm"	https://twitter.com/jorgeluisaliaga/status/1375632292308213761	[]
jorgeluisaliaga	Sat Mar 27 02:14:29 +0000 2021	1	1	"Los casos ordenados por fecha de síntoma, promediada cada día los últimos 7 en lineal y semi-log (ver inf 24/7). Y Por millón de habitantes.
Hasta ahora las amarillas ""predicen"" lo que van a hacer las curvas x síntoma cuando entren casos de esas fechas, atención la suba. https://t.co/eoOs7sJuU2"	https://twitter.com/jorgeluisaliaga/status/1375632285035339780	[]
jorgeluisaliaga	Sat Mar 27 02:14:27 +0000 2021	2	0	"Sitios con datos / figuras

Gran info regional: Soledad Retamar @sole_reta 

https://t.co/LLv9J5EA7o

Rodrigo Castro @RodrigoD_Castro

https://t.co/9etT4FOHyf"	https://twitter.com/jorgeluisaliaga/status/1375632277317820419	[]
jorgeluisaliaga	Sat Mar 27 02:14:26 +0000 2021	3	0	"Hilos recomendados:

Semáforo: Martin Barrionuevo @mmbarrionuevo 

https://t.co/BW8fA77KKV

Rio Negro+Neuquen: Clari Cardozo Castro @ClariCardozoCas 

Diseño @TotinFraire Elaboración @Fedwr 

https://t.co/MgTFfcgtzC"	https://twitter.com/jorgeluisaliaga/status/1375632272154574860	[]
jorgeluisaliaga	Sat Mar 27 02:06:10 +0000 2021	3	0	"@rusosnith @Exactas_UBA @aireamos @jljcolorado @amilanese Hice uno con WIFI con WEMOS D1 Mini

https://t.co/rSVjw8K2a7"	https://twitter.com/jorgeluisaliaga/status/1375630193239457798	[]
jorgeluisaliaga	Sat Mar 27 01:24:00 +0000 2021	3	0	"@rusosnith @Exactas_UBA @aireamos @jljcolorado @amilanese Con el primero, seguramente bien porque es NDIR. Si tiene salida digital, mucho mejor que usando la salida analógica.
El segundo, ni punto de comparación. Casi de juguete."	https://twitter.com/jorgeluisaliaga/status/1375619579121139712	[]
jorgeluisaliaga	Sat Mar 27 01:14:07 +0000 2021	642	135	"En @Exactas_UBA se toman exámenes presenciales. Con distancia y barbijo. Y se monitorea el nivel de CO2 desde HyS con un derivado de la versión con WIFI que puse disponible en https://t.co/rSVjw8K2a7

Buen día para el lanzamiento de la Campaña VentilAr
https://t.co/1TOEJOwF0y https://t.co/o06gobyw6t"	https://twitter.com/jorgeluisaliaga/status/1375617094352506883	[]
jorgeluisaliaga	Sat Mar 27 00:59:27 +0000 2021	2	0	"@soylucasmarti @ValeriaRoman @ciencia_ar @apinedarojas En vuelo la ventilación es muy buena. Hay gran renovación de aire y filtrado. Se ha medido mala ventilación en pre-embarque y antes de decolar donde la ventilación está apagada.

Lo muestra @jljcolorado en entrevistas"	https://twitter.com/jorgeluisaliaga/status/1375613401209004033	[]
jorgeluisaliaga	Fri Mar 26 23:16:31 +0000 2021	1	0	@dmbatlle @mmbarrionuevo Es exponencial. La Razón de Casos es Mayor a 1 (hoy dio 1,2), y es uno de los estimadores simples del R.	https://twitter.com/jorgeluisaliaga/status/1375587497019838468	[]
jorgeluisaliaga	Fri Mar 26 22:06:07 +0000 2021	12	1	@dmbatlle @mmbarrionuevo La tendencia es criciente. Sólo marco que miércoles y jueves fue bajo en relación con el martes. Es razonable 2.500 -3.000 demorados que se sumaron hoy. https://t.co/sbrzkimbhe	https://twitter.com/jorgeluisaliaga/status/1375569782196596736	[]
jorgeluisaliaga	Fri Mar 26 22:02:42 +0000 2021	23	7	Esta iniciativa se suma a proyectos de diversos países, como el que impulsan @jljcolorado @felisi2punto0 @EJimenez_UCLM @JbcLiftec @mc_minguillon @Mila_Rodenas @AJSchuhmy @patoripoll y  @webmesura @COVIDWarriors @aireamos https://t.co/er6D28rUTu	https://twitter.com/jorgeluisaliaga/status/1375568922385248259	[]
jorgeluisaliaga	Fri Mar 26 21:58:06 +0000 2021	96	62	"Esta campaña busca concientizar sobre la importancia de la ventilación de los ambientes para evitar la propagación del COVID-19 por aerosoles y difundir el potencial uso de medidores de dióxido de carbono como instrumento de apoyo.

https://t.co/1TOEJOwF0y"	https://twitter.com/jorgeluisaliaga/status/1375567764597977090	[]
jorgeluisaliaga	Fri Mar 26 21:58:06 +0000 2021	159	73	"Hoy @ciencia_ar presentó la campaña Ventilar. 
Coordinó @carovera_ar , presentó @cesleiman
Dimos charlas con Sandra Cordo y @apinedarojas 

https://t.co/6DQ57YL6vp"	https://twitter.com/jorgeluisaliaga/status/1375567763234816000	[]
jorgeluisaliaga	Fri Mar 26 21:47:44 +0000 2021	6	1	"A partir del 5/2/21 saco el informe en dos partes, la primera cuando sale el parte diario y el complemento cuando se actualiza la base de datos, después de las 21:30.

FIN PRIMERA PARTE."	https://twitter.com/jorgeluisaliaga/status/1375565154369163264	[]
jorgeluisaliaga	Fri Mar 26 21:47:43 +0000 2021	5	0	"Hoy se llegó a 55.235 (+143) personas fallecidas. 
Se reportaron 2.064.479 (+8007) personas recuperadas (90,1%). 
3508 (-77) en Terapia. 
Distintos estados de casos en escala semi-logaritmica. 
Lineal muertos y UTI para ver fácil subas. https://t.co/9EEF6bqFnf"	https://twitter.com/jorgeluisaliaga/status/1375565152473522185	[]
jorgeluisaliaga	Fri Mar 26 21:47:42 +0000 2021	3	1	Avance de la Vacunación por sector, por edad y marca de vacuna, por provincia y grupo etario y por provincia y sector. https://t.co/6CIpdq1ofz	https://twitter.com/jorgeluisaliaga/status/1375565147985616901	[]
jorgeluisaliaga	Fri Mar 26 21:47:41 +0000 2021	3	0	Evolución de la vacunación en todo el país, CABA y PBA. Porcentaje de vacunas aplicadas en relación con las distribuidas. https://t.co/xRTMLK2Sv4	https://twitter.com/jorgeluisaliaga/status/1375565143086600203	[]
jorgeluisaliaga	Fri Mar 26 21:47:40 +0000 2021	3	0	Avance de la Vacunación por provincia según datos cargado hasta hoy a las 6 AM de &gt;&gt; https://t.co/bBb2CUzoT6 y https://t.co/TNJm7ZPDNK https://t.co/oUNCbjlFM5	https://twitter.com/jorgeluisaliaga/status/1375565137919283200	[]
jorgeluisaliaga	Fri Mar 26 21:47:39 +0000 2021	3	0	"Muestro ajuste.  Uso el crecimiento exponencial con que se ajustaban los datos al 25/3 para una logística, más adecuado en esta etapa de la epidemia, que explico en detalle en este documento (estimo infectados asumiendo un 70% de asintomáticos): 

https://t.co/xDGEjpspvW https://t.co/MpTGJnHbJ9"	https://twitter.com/jorgeluisaliaga/status/1375565133070602241	[]
jorgeluisaliaga	Fri Mar 26 21:47:38 +0000 2021	3	0	"Fallecidos por millón de habitantes por provincia.
Detalle de fecha del último caso de cada provincia. Todas las provincias activas. 
También muestro cantidad de días sin casos por provincia y provincias con casos y casos durante la epidemia. https://t.co/BYhcz4hQN0"	https://twitter.com/jorgeluisaliaga/status/1375565128570179591	[]
jorgeluisaliaga	Fri Mar 26 21:47:36 +0000 2021	3	0	"Para los que les sirva, muestro datos más simples de leer de distribución de casos confirmados y muertos, y casos confirmados y muertos por millón de habitantes, por provincia.
También una página interactiva.

https://t.co/UoryUFDQ2D
-------------------------- https://t.co/m1TlPLYOX6"	https://twitter.com/jorgeluisaliaga/status/1375565123864125440	[]
jorgeluisaliaga	Fri Mar 26 21:47:35 +0000 2021	4	0	"Neuquén, Rio Negro, Chubut, Santa Cruz
Casos Diarios, Prom últimos 7 días, SUMA de últimos 14 días / 100.000 habitantes. Días de Duplicación, Log-Log Nuevos vs Total de Casos. 
INCIDENCIA y Factor de Crecimiento. Promedio de confirmados diarios últimas 15 semanas. https://t.co/4zdC9BYTzf"	https://twitter.com/jorgeluisaliaga/status/1375565118814236673	[]
jorgeluisaliaga	Fri Mar 26 21:47:34 +0000 2021	4	0	"La Rioja, San Juan, San Luis, Mendoza
Casos Diarios, Prom últimos 7 días, SUMA de últimos 14 días / 100.000 habitantes. Días de Duplicación, Log-Log Nuevos vs Total de Casos. 
INCIDENCIA y Factor de Crecimiento. Promedio de confirmados diarios últimas 15 semanas. https://t.co/tmreRjIcYq"	https://twitter.com/jorgeluisaliaga/status/1375565113487470595	[]
jorgeluisaliaga	Fri Mar 26 21:47:33 +0000 2021	5	0	"Jujuy, Salta, Tucumán, Catamarca 
Casos Diarios, Prom últimos 7 días, SUMA de últimos 14 días / 100.000 habitantes. Días de Duplicación, Log-Log Nuevos vs Total de Casos. 
INCIDENCIA y Factor de Crecimiento. Promedio de confirmados diarios últimas 15 semanas. https://t.co/4WkaOksS95"	https://twitter.com/jorgeluisaliaga/status/1375565108500381701	[]
jorgeluisaliaga	Fri Mar 26 21:47:32 +0000 2021	4	0	"Entre Ríos, Corrientes, Misiones, Formosa
Casos Diarios, Prom últimos 7 días, SUMA de últimos 14 días / 100.000 habitantes. Días de Duplicación, Log-Log Nuevos vs Total de Casos. 
INCIDENCIA y Factor de Crecimiento. Promedio de confirmados diarios últimas 15 semanas. https://t.co/mbxKGhIIav"	https://twitter.com/jorgeluisaliaga/status/1375565103312015364	[]
jorgeluisaliaga	Fri Mar 26 21:47:30 +0000 2021	4	0	"Santa Fé, Córdoba, Chaco, Santiago del Estero
Casos Diarios, Prom últimos 7 días, SUMA de últimos 14 días / 100.000 habitantes. Días de Duplicación, Log-Log Nuevos vs Total de Casos. 
INCIDENCIA y Factor de Crecimiento. Promedio de confirmados diarios últimas 15 semanas. https://t.co/6vWu0clup7"	https://twitter.com/jorgeluisaliaga/status/1375565098006249475	[]
jorgeluisaliaga	Fri Mar 26 21:47:29 +0000 2021	5	0	"CABA, PBA, La Pampa, Tierra del Fuego 
Casos Diarios, Prom últimos 7 días, SUMA de últimos 14 días / 100.000 habitantes. Días de Duplicación, Log-Log Nuevos vs Total de Casos. 
INCIDENCIA y Factor de Crecimiento. Promedio de confirmados diarios últimas 15 semanas. https://t.co/xPxDIUKvGw"	https://twitter.com/jorgeluisaliaga/status/1375565091748392961	[]
jorgeluisaliaga	Fri Mar 26 21:47:28 +0000 2021	6	0	"Muestro la evolución de la cantidad de días necesarios para duplicar (x2) y para decuplicar (x10) (Total y Activos).
La cantidad de días para duplicación aumento de entre 3 y 4 a 26 y ahora está en 191. Por 10 en 634 días. https://t.co/koJfnaurGw"	https://twitter.com/jorgeluisaliaga/status/1375565087000440838	[]
jorgeluisaliaga	Fri Mar 26 21:47:27 +0000 2021	5	0	"Evolución de la INCIDENCIA y del Factor de Crecimiento (ver Inf del 16/4). 
Muestro también la evolución de la tasa de variación de la cantidad de casos cada 2, 4, y 10 días (ver inf 4/4 y 5/4). También detalle desde el 20/02/21. https://t.co/UOca3EGHwd"	https://twitter.com/jorgeluisaliaga/status/1375565083095531521	[]
jorgeluisaliaga	Fri Mar 26 21:47:26 +0000 2021	5	0	Muestro en Log-Log Casos Nuevos vs Totales (promedio para cada día con los valores de los siete últimos) (si hay duda, ver inf 3/4). https://t.co/VxF0V81T3V	https://twitter.com/jorgeluisaliaga/status/1375565078636945410	[]
jorgeluisaliaga	Fri Mar 26 21:47:25 +0000 2021	5	0	"9/1 rearmé el informe.
Total de casos según fecha de carga en escala semilogarítmica, para ver comportamiento exponencial y su velocidad.
Promedio de casos confirmados, UTI y fallecidos por fecha de carga por semana en las últimas 30 semanas. https://t.co/8xfM0BZXeT"	https://twitter.com/jorgeluisaliaga/status/1375565074589437963	[]
jorgeluisaliaga	Fri Mar 26 21:47:23 +0000 2021	6	0	"15 provincias con INCIDENCIA mayor a 150 casos / 100.000 en los últimos 14 días, y 19 provincias con Razón de Casos mayor a 1 (creciendo). 

Incidencia Nacional = 232 casos
Razón de Casos Nacional = 1,21
ALTO RIESGO SANITARIO https://t.co/nYN6yJCZh2"	https://twitter.com/jorgeluisaliaga/status/1375565069174595584	[]
jorgeluisaliaga	Fri Mar 26 21:47:22 +0000 2021	61	16	"Situación COVID-19 al 26/3

Hoy 12.936 nuevos casos confirmados.
Cuatro provincias con ""alto riesgo sanitario"".
Hoy mucha carga, puede haber efecto demora x feriado.
Desde 21/9 nuevo formato de informe, sin detalle de tipo de caso.
La cantidad total de casos es 2.291.051. https://t.co/ApvRCQdSnv"	https://twitter.com/jorgeluisaliaga/status/1375565064225312773	[]
jorgeluisaliaga	Fri Mar 26 21:25:53 +0000 2021	4	2	"@julimazapunta @piterburon @jljcolorado Hola. 
https://t.co/fMnSeG0yfS

No mide con técnica NDIR. Son muy económicos y no poco específicos. No son lo más recomendable

https://t.co/rSVjw8K2a7"	https://twitter.com/jorgeluisaliaga/status/1375559657201225730	[]
jorgeluisaliaga	Fri Mar 26 17:52:16 +0000 2021	23	6	"@piterburon @jljcolorado Por si no lo tenés, te paso mi diseño de circuito y soft libre

https://t.co/rSVjw8sqLx"	https://twitter.com/jorgeluisaliaga/status/1375505896558657537	[]
jorgeluisaliaga	Fri Mar 26 11:07:11 +0000 2021	0	0	"@DemianBellido @DarioColombatto No tengo datos como para hacer una estadística.

Se supone que este portal debería darlos

https://t.co/xDUG2jNBoE"	https://twitter.com/jorgeluisaliaga/status/1375403954306220032	[]
jorgeluisaliaga	Fri Mar 26 10:53:14 +0000 2021	7	1	"Lecciones a distancia para el superministro estudioso
Panorama semanal de Alejandro Bercovich @aleberco 

https://t.co/RhTdcxjl6l"	https://twitter.com/jorgeluisaliaga/status/1375400443480793097	[]
jorgeluisaliaga	Fri Mar 26 10:43:06 +0000 2021	3	1	"El ajedrez de la pandemia
Columna semanal de Nora Bär @norabar 

https://t.co/wEdygHopTp"	https://twitter.com/jorgeluisaliaga/status/1375397896275779591	[]
jorgeluisaliaga	Fri Mar 26 10:12:45 +0000 2021	3	1	"#BO
Inviación a elaborar y aprobar el “PROTOCOLO NACIONAL DE ALERTA TEMPRANA DE DESALOJOS DE VIVIENDA ÚNICA Y FAMILIAR EN RÉGIMENES DE ALQUILERES FORMALES”.

https://t.co/mdSo66ibzq"	https://twitter.com/jorgeluisaliaga/status/1375390256707608576	[{'text': 'BO', 'indices': [0, 3]}]
jorgeluisaliaga	Fri Mar 26 10:12:45 +0000 2021	7	1	"#BO
Prorrógase la suspensión del trámite de actualización de fe de vida por parte de los jubilados y las jubiladas y los pensionados y las pensionadas

https://t.co/EKz7IXMJzv"	https://twitter.com/jorgeluisaliaga/status/1375390255415754758	[{'text': 'BO', 'indices': [0, 3]}]
jorgeluisaliaga	Fri Mar 26 10:12:44 +0000 2021	3	1	"#BO
Apruébase la Licitación Pública N° 82-0019-LPU20 del MINISTERIO DE EDUCACIÓN, llevada a cabo para la adquisición de netbooks educativas en el marco del Plan Federal “Juana Manso”

https://t.co/tildAHHY7O"	https://twitter.com/jorgeluisaliaga/status/1375390254140694529	[{'text': 'BO', 'indices': [0, 3]}]
jorgeluisaliaga	Fri Mar 26 10:12:44 +0000 2021	2	1	"#BO
CIERRE DE FRONTERAS
Decisión Administrativa 268/2021 - Disposiciones.

https://t.co/uzxcdvzlQh"	https://twitter.com/jorgeluisaliaga/status/1375390252928483328	[{'text': 'BO', 'indices': [0, 3]}]
jorgeluisaliaga	Fri Mar 26 10:12:44 +0000 2021	8	1	"#BO
SEGURIDAD SOCIAL - Otórgase un subsidio extraordinario.

https://t.co/b1uj1ObzzY"	https://twitter.com/jorgeluisaliaga/status/1375390251733114883	[{'text': 'BO', 'indices': [0, 3]}]
jorgeluisaliaga	Fri Mar 26 03:21:59 +0000 2021	1	0	@opesda @TurcaRalli Si, vi esos separadores. Si él tiene la ventilación del tablero abierta, ok. El pasajero debería abrir un poco las ventanillas, 3 o 4 cm alcanza seguro. Al moverse el auto, ventila.	https://twitter.com/jorgeluisaliaga/status/1375286885430427660	[]
jorgeluisaliaga	Fri Mar 26 01:42:08 +0000 2021	1	0	@threadreaderapp unroll	https://twitter.com/jorgeluisaliaga/status/1375261757019729924	[]
jorgeluisaliaga	Fri Mar 26 01:36:36 +0000 2021	3	0	"Todos los informes e información en mi sitio

https://t.co/OOPfZIjwmV

La Tabla de datos informados por @msalnacion los puse en:

https://t.co/A6X5GTltVQ"	https://twitter.com/jorgeluisaliaga/status/1375260363806158848	[]
jorgeluisaliaga	Fri Mar 26 01:36:36 +0000 2021	1	0	Casos confirmados por rango etario en CABA y PBA, con detalle de edades escolares. https://t.co/3KxGofk052	https://twitter.com/jorgeluisaliaga/status/1375260361755099137	[]
jorgeluisaliaga	Fri Mar 26 01:36:34 +0000 2021	0	0	"Edad promedio de confirmados y de mayores de 70 años por semana de inicio de síntoma.
Cantidad de fallecidos y su edad media, y fallecidos mayores de 70 años por semana de inicio de síntoma. https://t.co/rsHwuLITJ4"	https://twitter.com/jorgeluisaliaga/status/1375260357405650949	[]
jorgeluisaliaga	Fri Mar 26 01:36:34 +0000 2021	1	0	"Los fallecidos cargados demorados hoy:
1 de OCTUBRE Chubut
1 de NOVIEMBRE Chubut
4 de DICIEMBRE (2 Chubut, Río Negro, Neuquén)
21 de ENERO (11 Neuquén, 5 Chubut, 3 Santa Fe, La Pampa, PBA)"	https://twitter.com/jorgeluisaliaga/status/1375260353462996997	[]
jorgeluisaliaga	Fri Mar 26 01:36:33 +0000 2021	2	0	"De los 146 informados como fallecidos, 78 fallecieron hace más de 12 días.

Se muestra días entre inicio de síntoma y fallecimiento, largas internaciones. https://t.co/flo09pdsDq"	https://twitter.com/jorgeluisaliaga/status/1375260351692996618	[]
jorgeluisaliaga	Fri Mar 26 01:36:32 +0000 2021	1	0	Casos confirmados y sospechosos por fecha de apertura en CABA y PBA. https://t.co/AMl8jzGQCN	https://twitter.com/jorgeluisaliaga/status/1375260347733512193	[]
jorgeluisaliaga	Fri Mar 26 01:36:31 +0000 2021	0	0	Detalles de Tests Confirmados, Descartados y Sospechosos según residencia en PBA y CABA por semana, con detalles según lugar de carga y sector público o privado. Amarillo es lo pendiente. https://t.co/pSj7E77ulp	https://twitter.com/jorgeluisaliaga/status/1375260343417589761	[]
jorgeluisaliaga	Fri Mar 26 01:36:30 +0000 2021	0	0	"Ya se hicieron 6.904.016 Tests PCR de diagnóstico (error +/- 10 tests), 29,9% de positividad.
Hoy 23.925, 23,8% la positividad. 
Cuando teníamos 10% de positividad (10/5) había 250-300 casos por día. https://t.co/3cQcKOdLc4"	https://twitter.com/jorgeluisaliaga/status/1375260339038777345	[]
jorgeluisaliaga	Fri Mar 26 01:36:29 +0000 2021	2	1	"Los casos ordenados por fecha de síntoma, promediada cada día los últimos 7 en lineal y semi-log (ver inf 24/7). Y Por millón de habitantes.
Hasta ahora las amarillas ""predicen"" lo que van a hacer las curvas x síntoma cuando entren casos de esas fechas, atención la suba. https://t.co/XBH01E650E"	https://twitter.com/jorgeluisaliaga/status/1375260334949294085	[]
jorgeluisaliaga	Fri Mar 26 01:36:28 +0000 2021	0	0	"Sitios con datos / figuras

Gran info regional: Soledad Retamar @sole_reta 

https://t.co/LLv9J5EA7o

Rodrigo Castro @RodrigoD_Castro

https://t.co/9etT4FOHyf"	https://twitter.com/jorgeluisaliaga/status/1375260331027664901	[]
jorgeluisaliaga	Fri Mar 26 01:36:28 +0000 2021	1	0	"Hilos recomendados:

Semáforo: Martin Barrionuevo @mmbarrionuevo 

https://t.co/QKl7s87Sfy

Rio Negro+Neuquen: Clari Cardozo Castro @ClariCardozoCas 

Diseño @TotinFraire Elaboración @Fedwr 

https://t.co/rMzbQHrCco"	https://twitter.com/jorgeluisaliaga/status/1375260329307947015	[]
jorgeluisaliaga	Fri Mar 26 00:57:41 +0000 2021	2	0	@opesda @TurcaRalli en vehículo, ideal abrir un poco las ventanas de adelante y atras, cruzadas de como están sentadas las personas.	https://twitter.com/jorgeluisaliaga/status/1375250571104563205	[]
jorgeluisaliaga	Thu Mar 25 23:17:27 +0000 2021	4	1	"@DemianBellido @DarioColombatto Los activos son los confirmados menos los fallecidos y los internados de 15 días atras (el resto deja de ser activo automáticamente). 
Los casos subieron 19% con respecto a los 15 días anteriores. Entonces hay más activos.
(cuando los casos bajan, bajan los activos a los 15 días) https://t.co/xsPSIijSbH"	https://twitter.com/jorgeluisaliaga/status/1375225344144314368	[]
jorgeluisaliaga	Thu Mar 25 23:13:23 +0000 2021	1	0	@DiegoZetelny Si, por eso no hubo más casos por ejemplo en PBA. Veremos mañana. Debería ser menor que jueves. Si es igual, es carga demorada.	https://twitter.com/jorgeluisaliaga/status/1375224323435290625	[]
jorgeluisaliaga	Thu Mar 25 23:06:08 +0000 2021	4	1	"@wakundamm @8d60666dca1440b Muy bien! 

El medidor sirve para dos cosas:
- estar tranquilo de que el aire se renueva
- si el CO2 regular cuanto abrir sin riesgo, sólo lo necesario."	https://twitter.com/jorgeluisaliaga/status/1375222499454152705	[]
jorgeluisaliaga	Thu Mar 25 21:13:25 +0000 2021	7	1	"A partir del 5/2/21 saco el informe en dos partes, la primera cuando sale el parte diario y el complemento cuando se actualiza la base de datos, después de las 21:30.

FIN PRIMERA PARTE."	https://twitter.com/jorgeluisaliaga/status/1375194132231118854	[]
jorgeluisaliaga	Thu Mar 25 21:13:24 +0000 2021	7	2	"Hoy se llegó a 55.092 (+146) personas fallecidas. 
Se reportaron 2.056.472 (+7437) personas recuperadas (90,3%). 
3585 (+11) en Terapia. 
Distintos estados de casos en escala semi-logaritmica. 
Lineal muertos y UTI para ver fácil subas. https://t.co/WMF4aUKJo1"	https://twitter.com/jorgeluisaliaga/status/1375194127403470856	[]
jorgeluisaliaga	Thu Mar 25 21:13:22 +0000 2021	3	1	Avance de la Vacunación por sector, por edad y marca de vacuna, por provincia y grupo etario y por provincia y sector. https://t.co/xlguWRXguW	https://twitter.com/jorgeluisaliaga/status/1375194119191007243	[]
jorgeluisaliaga	Thu Mar 25 21:13:21 +0000 2021	1	1	Evolución de la vacunación en todo el país, CABA y PBA. Porcentaje de vacunas aplicadas en relación con las distribuidas. https://t.co/XRg917QKEX	https://twitter.com/jorgeluisaliaga/status/1375194114061443073	[]
jorgeluisaliaga	Thu Mar 25 21:13:20 +0000 2021	2	0	Avance de la Vacunación por provincia según datos cargado hasta hoy a las 6 AM de &gt;&gt; https://t.co/bBb2CUzoT6 y https://t.co/TNJm7ZPDNK https://t.co/pnkyE5T0Ll	https://twitter.com/jorgeluisaliaga/status/1375194108923424774	[]
jorgeluisaliaga	Thu Mar 25 21:13:18 +0000 2021	3	0	"Muestro ajuste.  Uso el crecimiento exponencial con que se ajustaban los datos al 25/3 para una logística, más adecuado en esta etapa de la epidemia, que explico en detalle en este documento (estimo infectados asumiendo un 70% de asintomáticos): 

https://t.co/xDGEjpspvW https://t.co/8rxPUTeuq7"	https://twitter.com/jorgeluisaliaga/status/1375194103948935178	[]
jorgeluisaliaga	Thu Mar 25 21:13:17 +0000 2021	2	0	"Fallecidos por millón de habitantes por provincia.
Detalle de fecha del último caso de cada provincia. Todas las provincias activas. 
También muestro cantidad de días sin casos por provincia y provincias con casos y casos durante la epidemia. https://t.co/DPen2F7mFv"	https://twitter.com/jorgeluisaliaga/status/1375194099112886277	[]
jorgeluisaliaga	Thu Mar 25 21:13:16 +0000 2021	2	0	"Para los que les sirva, muestro datos más simples de leer de distribución de casos confirmados y muertos, y casos confirmados y muertos por millón de habitantes, por provincia.
También una página interactiva.

https://t.co/UoryUFDQ2D
-------------------------- https://t.co/qCwS7NG1VQ"	https://twitter.com/jorgeluisaliaga/status/1375194094134292484	[]
jorgeluisaliaga	Thu Mar 25 21:13:15 +0000 2021	2	0	"Neuquén, Rio Negro, Chubut, Santa Cruz
Casos Diarios, Prom últimos 7 días, SUMA de últimos 14 días / 100.000 habitantes. Días de Duplicación, Log-Log Nuevos vs Total de Casos. 
INCIDENCIA y Factor de Crecimiento. Promedio de confirmados diarios últimas 15 semanas. https://t.co/ANUqVyzD9O"	https://twitter.com/jorgeluisaliaga/status/1375194088731987986	[]
jorgeluisaliaga	Thu Mar 25 21:13:13 +0000 2021	3	0	"La Rioja, San Juan, San Luis, Mendoza
Casos Diarios, Prom últimos 7 días, SUMA de últimos 14 días / 100.000 habitantes. Días de Duplicación, Log-Log Nuevos vs Total de Casos. 
INCIDENCIA y Factor de Crecimiento. Promedio de confirmados diarios últimas 15 semanas. https://t.co/YJUpLXhQQS"	https://twitter.com/jorgeluisaliaga/status/1375194083312959494	[]
jorgeluisaliaga	Thu Mar 25 21:13:12 +0000 2021	2	0	"Jujuy, Salta, Tucumán, Catamarca 
Casos Diarios, Prom últimos 7 días, SUMA de últimos 14 días / 100.000 habitantes. Días de Duplicación, Log-Log Nuevos vs Total de Casos. 
INCIDENCIA y Factor de Crecimiento. Promedio de confirmados diarios últimas 15 semanas. https://t.co/ErJMbbRCEm"	https://twitter.com/jorgeluisaliaga/status/1375194077348696066	[]
jorgeluisaliaga	Thu Mar 25 21:13:11 +0000 2021	2	0	"Entre Ríos, Corrientes, Misiones, Formosa
Casos Diarios, Prom últimos 7 días, SUMA de últimos 14 días / 100.000 habitantes. Días de Duplicación, Log-Log Nuevos vs Total de Casos. 
INCIDENCIA y Factor de Crecimiento. Promedio de confirmados diarios últimas 15 semanas. https://t.co/eNavNfJnwC"	https://twitter.com/jorgeluisaliaga/status/1375194071510179848	[]
jorgeluisaliaga	Thu Mar 25 21:13:09 +0000 2021	2	0	"Santa Fé, Córdoba, Chaco, Santiago del Estero
Casos Diarios, Prom últimos 7 días, SUMA de últimos 14 días / 100.000 habitantes. Días de Duplicación, Log-Log Nuevos vs Total de Casos. 
INCIDENCIA y Factor de Crecimiento. Promedio de confirmados diarios últimas 15 semanas. https://t.co/zlF42yZEdO"	https://twitter.com/jorgeluisaliaga/status/1375194065818558465	[]
jorgeluisaliaga	Thu Mar 25 21:13:08 +0000 2021	3	0	"CABA, PBA, La Pampa, Tierra del Fuego 
Casos Diarios, Prom últimos 7 días, SUMA de últimos 14 días / 100.000 habitantes. Días de Duplicación, Log-Log Nuevos vs Total de Casos. 
INCIDENCIA y Factor de Crecimiento. Promedio de confirmados diarios últimas 15 semanas. https://t.co/NpTAkmsfZo"	https://twitter.com/jorgeluisaliaga/status/1375194059812311043	[]
jorgeluisaliaga	Thu Mar 25 21:13:07 +0000 2021	5	0	"Muestro la evolución de la cantidad de días necesarios para duplicar (x2) y para decuplicar (x10) (Total y Activos).
La cantidad de días para duplicación aumento de entre 3 y 4 a 26 y ahora está en 217. Por 10 en 721 días. https://t.co/wUuhzol07v"	https://twitter.com/jorgeluisaliaga/status/1375194054821023748	[]
jorgeluisaliaga	Thu Mar 25 21:13:06 +0000 2021	3	0	"Evolución de la INCIDENCIA y del Factor de Crecimiento (ver Inf del 16/4). 
Muestro también la evolución de la tasa de variación de la cantidad de casos cada 2, 4, y 10 días (ver inf 4/4 y 5/4). También detalle desde el 20/02/21. https://t.co/VAHs8C9YEK"	https://twitter.com/jorgeluisaliaga/status/1375194050312163331	[]
jorgeluisaliaga	Thu Mar 25 21:13:05 +0000 2021	3	1	Muestro en Log-Log Casos Nuevos vs Totales (promedio para cada día con los valores de los siete últimos) (si hay duda, ver inf 3/4). https://t.co/M8zTEkjXyd	https://twitter.com/jorgeluisaliaga/status/1375194046046613504	[]
jorgeluisaliaga	Thu Mar 25 21:13:04 +0000 2021	4	1	"9/1 rearmé el informe.
Total de casos según fecha de carga en escala semilogarítmica, para ver comportamiento exponencial y su velocidad.
Promedio de casos confirmados, UTI y fallecidos por fecha de carga por semana en las últimas 30 semanas. https://t.co/ycAj0ht4sX"	https://twitter.com/jorgeluisaliaga/status/1375194041588060164	[]
jorgeluisaliaga	Thu Mar 25 21:13:02 +0000 2021	5	1	"15 provincias con INCIDENCIA mayor a 150 casos / 100.000 en los últimos 14 días, y 19 provincias con Razón de Casos mayor a 1 (creciendo). 
Incidencia Nacional = 221 casos
Razón de Casos Nacional = 1,19 https://t.co/338gRl1CO7"	https://twitter.com/jorgeluisaliaga/status/1375194035711803395	[]
jorgeluisaliaga	Thu Mar 25 21:13:01 +0000 2021	63	12	"Situación COVID-19 al 25/3

Hoy 8.238 nuevos casos confirmados.
Cuatro provincias con ""alto riesgo sanitario"".
Sigue la lenta tendencia creciente, exponencial.
Desde 21/9 nuevo formato de informe, sin detalle de tipo de caso.
La cantidad total de casos es 2.278.115. https://t.co/UB47IR5Ixa"	https://twitter.com/jorgeluisaliaga/status/1375194029474865152	[]
jorgeluisaliaga	Thu Mar 25 10:55:44 +0000 2021	0	0	@TrikBek @ADickenstein Sabés que me pasó lo mismo cuando la leí. A pesar de que sabía que no porque me hubiera enterado antes de que saliera la nota.	https://twitter.com/jorgeluisaliaga/status/1375038684706275334	[]
jorgeluisaliaga	Thu Mar 25 10:50:31 +0000 2021	45	11	"Gracias Ali, Gracias por todo @ADickenstein
Por Adrián Paenza

https://t.co/R2U3UdBdY2"	https://twitter.com/jorgeluisaliaga/status/1375037373315227652	[]
jorgeluisaliaga	Thu Mar 25 10:35:05 +0000 2021	8	0	"#BO
Apruébase el Proyecto de Investigación sobre el cultivo de Cannabis con fines de investigación médica y científica presentado por el MUNICIPIO DE GENERAL LA MADRID

https://t.co/3YFcXQaqUb"	https://twitter.com/jorgeluisaliaga/status/1375033490828361731	[{'text': 'BO', 'indices': [0, 3]}]
jorgeluisaliaga	Thu Mar 25 10:35:05 +0000 2021	4	0	"#BO
Designar a la nómina de jurados que formarán parte del Comité de Validación para las postulaciones a la CONVOCATORIA al APOYO EXTRAORDINARIO CULTURA SOLIDARIA

https://t.co/tRiI51y2FC"	https://twitter.com/jorgeluisaliaga/status/1375033489452634114	[{'text': 'BO', 'indices': [0, 3]}]
jorgeluisaliaga	Thu Mar 25 10:35:05 +0000 2021	11	0	"#BO
Apruébase la Licitación Pública N° 14/20 del MINISTERIO DE SALUD, llevada a cabo para la adquisición de anticonceptivos orales e inyectables

https://t.co/dBCoNSIFok"	https://twitter.com/jorgeluisaliaga/status/1375033488093630465	[{'text': 'BO', 'indices': [0, 3]}]
jorgeluisaliaga	Thu Mar 25 02:18:11 +0000 2021	2	0	@threadreaderapp unroll	https://twitter.com/jorgeluisaliaga/status/1374908439130992642	[]
jorgeluisaliaga	Thu Mar 25 02:15:47 +0000 2021	6	0	"Todos los informes e información en mi sitio

https://t.co/OOPfZIjwmV

La Tabla de datos informados por @msalnacion los puse en:

https://t.co/A6X5GTltVQ"	https://twitter.com/jorgeluisaliaga/status/1374907836287885313	[]
jorgeluisaliaga	Thu Mar 25 02:15:46 +0000 2021	2	1	Casos confirmados por fecha de inicio de síntoma según grupo etario en CABA y PBA con detalles de edades escolares. (semana 11 todavía incompleta) https://t.co/fDw3waD8LU	https://twitter.com/jorgeluisaliaga/status/1374907833918103552	[]
jorgeluisaliaga	Thu Mar 25 02:15:45 +0000 2021	1	1	"Edad promedio de confirmados y de mayores de 70 años por semana de inicio de síntoma.
Cantidad de fallecidos y su edad media, y fallecidos mayores de 70 años por semana de inicio de síntoma. https://t.co/AlkkjA9Zii"	https://twitter.com/jorgeluisaliaga/status/1374907828696141826	[]
jorgeluisaliaga	Thu Mar 25 02:15:44 +0000 2021	0	0	"De los 123 informados como fallecidos HOY, 84 fallecieron hace más de 11 días.
3 de OCTUBRE (2 Córdoba, Corrientes)
16 de ENERO PBA
Se muestra días entre inicio de síntoma y fallecimiento, largas internaciones. https://t.co/SZeV6wkUES"	https://twitter.com/jorgeluisaliaga/status/1374907823688126466	[]
jorgeluisaliaga	Thu Mar 25 02:15:42 +0000 2021	0	0	"Los fallecidos demorados de ayer:
1 SEPTIEMBRE Córdoba
9 OCTUBRE (6 Chubut 3 Salta)
11 NOVIEMBRE (5 Salta y Chubut, TdF)
13 DICIEMBRE (10 Chubut, 2 TdF, Entre Ríos)
5 ENERO (2 Chubut y Río Negro, PBA)"	https://twitter.com/jorgeluisaliaga/status/1374907817052753922	[]
jorgeluisaliaga	Thu Mar 25 02:15:42 +0000 2021	0	0	"Detalle de los fallecidos de ayer que no había analizado por no estar la base:
De los 153 informados como fallecidos, 75 fallecieron hace más de 10 días.
Ayer se reclasificó el caso 2757916 de La Rioja cargado el 7/10/2020 https://t.co/2O6jdVQkKD"	https://twitter.com/jorgeluisaliaga/status/1374907814817239046	[]
jorgeluisaliaga	Thu Mar 25 02:15:40 +0000 2021	0	0	Casos confirmados y sospechosos por fecha de apertura en CABA y PBA. https://t.co/OhnO7btt5n	https://twitter.com/jorgeluisaliaga/status/1374907808265744384	[]
jorgeluisaliaga	Thu Mar 25 02:15:39 +0000 2021	0	0	Detalles de Tests Confirmados, Descartados y Sospechosos según residencia en PBA y CABA por semana, con detalles según lugar de carga y sector público o privado. Amarillo es lo pendiente. https://t.co/siyychA7AT	https://twitter.com/jorgeluisaliaga/status/1374907803106693124	[]
jorgeluisaliaga	Thu Mar 25 02:15:37 +0000 2021	0	0	"Ya se hicieron 6.872.610 Tests PCR de diagnóstico (error +/- 10 tests), 30,0% de positividad.
Hoy 27.916, 21,6% la positividad. 
Cuando teníamos 10% de positividad (10/5) había 250-300 casos por día. https://t.co/36slNoSH8Y"	https://twitter.com/jorgeluisaliaga/status/1374907795682816001	[]
jorgeluisaliaga	Thu Mar 25 02:15:35 +0000 2021	0	0	"Los casos ordenados por fecha de síntoma, promediada cada día los últimos 7 en lineal y semi-log (ver inf 24/7). Y Por millón de habitantes.
Hasta ahora las amarillas ""predicen"" lo que van a hacer las curvas x síntoma cuando entren casos de esas fechas, atención la suba. https://t.co/lZbsibmcSE"	https://twitter.com/jorgeluisaliaga/status/1374907788275634181	[]
jorgeluisaliaga	Thu Mar 25 02:15:34 +0000 2021	0	0	"Sitios con datos / figuras

Gran info regional: Soledad Retamar @sole_reta 

https://t.co/LLv9J5EA7o

Rodrigo Castro @RodrigoD_Castro

https://t.co/9etT4FOHyf"	https://twitter.com/jorgeluisaliaga/status/1374907781602541571	[]
jorgeluisaliaga	Thu Mar 25 02:15:32 +0000 2021	2	0	"Hilos recomendados:

Semáforo: Martin Barrionuevo @mmbarrionuevo 

https://t.co/my3WLxxmmu

Rio Negro+Neuquen: Clari Cardozo Castro @ClariCardozoCas 

Diseño @TotinFraire Elaboración @Fedwr 

https://t.co/STr5YA7Zmi"	https://twitter.com/jorgeluisaliaga/status/1374907773889183744	[]
jorgeluisaliaga	Thu Mar 25 00:41:34 +0000 2021	2	0	"@pat_agonico @ernestorr @rquiroga777 @DPenazzi @norabar gracias! Si, lo compartí hace unos días. Muy bueno.

https://t.co/PjAEY6LfKX"	https://twitter.com/jorgeluisaliaga/status/1374884125971202052	[]
jorgeluisaliaga	Wed Mar 24 20:49:54 +0000 2021	13	1	"A partir del 5/2/21 saco el informe en dos partes, la primera cuando sale el parte diario y el complemento cuando se actualiza la base de datos, después de las 21:30.

FIN PRIMERA PARTE."	https://twitter.com/jorgeluisaliaga/status/1374825824487145483	[]
jorgeluisaliaga	Wed Mar 24 20:49:53 +0000 2021	8	4	"Hoy se llegó a 54.946 (+123) personas fallecidas. 
Se reportaron 2.049.035 (+5078) personas recuperadas (90,3%). 
3574 (-17) en Terapia. 
Distintos estados de casos en escala semi-logaritmica. 
Lineal muertos y UTI para ver fácil subas. https://t.co/UTL1ayYt4t"	https://twitter.com/jorgeluisaliaga/status/1374825822507438085	[]
jorgeluisaliaga	Wed Mar 24 20:49:52 +0000 2021	4	3	Avance de la Vacunación por sector, por edad y marca de vacuna, por provincia y grupo etario y por provincia y sector. https://t.co/om0kYlMHKd	https://twitter.com/jorgeluisaliaga/status/1374825815310012416	[]
jorgeluisaliaga	Wed Mar 24 20:49:50 +0000 2021	2	3	Evolución de la vacunación en todo el país, CABA y PBA. Porcentaje de vacunas aplicadas en relación con las distribuidas. https://t.co/CjufdptaNB	https://twitter.com/jorgeluisaliaga/status/1374825809878392843	[]
jorgeluisaliaga	Wed Mar 24 20:49:49 +0000 2021	4	4	Avance de la Vacunación por provincia según datos cargado hasta hoy a las 6 AM de &gt;&gt; https://t.co/bBb2CUzoT6 y https://t.co/TNJm7ZPDNK https://t.co/72eLzWp3ez	https://twitter.com/jorgeluisaliaga/status/1374825804354482178	[]
jorgeluisaliaga	Wed Mar 24 20:49:48 +0000 2021	2	2	"Muestro ajuste.  Uso el crecimiento exponencial con que se ajustaban los datos al 25/3 para una logística, más adecuado en esta etapa de la epidemia, que explico en detalle en este documento (estimo infectados asumiendo un 70% de asintomáticos): 

https://t.co/xDGEjpspvW https://t.co/gT8IQ0jKDw"	https://twitter.com/jorgeluisaliaga/status/1374825799057080328	[]
jorgeluisaliaga	Wed Mar 24 20:49:46 +0000 2021	2	2	"Fallecidos por millón de habitantes por provincia.
Detalle de fecha del último caso de cada provincia. Todas las provincias activas. 
También muestro cantidad de días sin casos por provincia y provincias con casos y casos durante la epidemia. https://t.co/5KDBnXq3im"	https://twitter.com/jorgeluisaliaga/status/1374825794044895235	[]
jorgeluisaliaga	Wed Mar 24 20:49:45 +0000 2021	3	3	"Para los que les sirva, muestro datos más simples de leer de distribución de casos confirmados y muertos, y casos confirmados y muertos por millón de habitantes, por provincia.
También una página interactiva.

https://t.co/UoryUFDQ2D
-------------------------- https://t.co/fO5NMTkr3T"	https://twitter.com/jorgeluisaliaga/status/1374825786839068676	[]
jorgeluisaliaga	Wed Mar 24 20:49:43 +0000 2021	2	2	"Neuquén, Rio Negro, Chubut, Santa Cruz
Casos Diarios, Prom últimos 7 días, SUMA de últimos 14 días / 100.000 habitantes. Días de Duplicación, Log-Log Nuevos vs Total de Casos. 
INCIDENCIA y Factor de Crecimiento. Promedio de confirmados diarios últimas 15 semanas. https://t.co/kaDPN6LemO"	https://twitter.com/jorgeluisaliaga/status/1374825781042495490	[]
jorgeluisaliaga	Wed Mar 24 20:49:42 +0000 2021	2	2	"La Rioja, San Juan, San Luis, Mendoza
Casos Diarios, Prom últimos 7 días, SUMA de últimos 14 días / 100.000 habitantes. Días de Duplicación, Log-Log Nuevos vs Total de Casos. 
INCIDENCIA y Factor de Crecimiento. Promedio de confirmados diarios últimas 15 semanas. https://t.co/R4rPO7XxkD"	https://twitter.com/jorgeluisaliaga/status/1374825775501828101	[]
jorgeluisaliaga	Wed Mar 24 20:49:41 +0000 2021	2	2	"Jujuy, Salta, Tucumán, Catamarca 
Casos Diarios, Prom últimos 7 días, SUMA de últimos 14 días / 100.000 habitantes. Días de Duplicación, Log-Log Nuevos vs Total de Casos. 
INCIDENCIA y Factor de Crecimiento. Promedio de confirmados diarios últimas 15 semanas. https://t.co/Hz9zmlDHJL"	https://twitter.com/jorgeluisaliaga/status/1374825769139048449	[]
jorgeluisaliaga	Wed Mar 24 20:49:39 +0000 2021	2	2	"Entre Ríos, Corrientes, Misiones, Formosa
Casos Diarios, Prom últimos 7 días, SUMA de últimos 14 días / 100.000 habitantes. Días de Duplicación, Log-Log Nuevos vs Total de Casos. 
INCIDENCIA y Factor de Crecimiento. Promedio de confirmados diarios últimas 15 semanas. https://t.co/AceHawYdFi"	https://twitter.com/jorgeluisaliaga/status/1374825763359318020	[]
jorgeluisaliaga	Wed Mar 24 20:49:38 +0000 2021	2	2	"Santa Fé, Córdoba, Chaco, Santiago del Estero
Casos Diarios, Prom últimos 7 días, SUMA de últimos 14 días / 100.000 habitantes. Días de Duplicación, Log-Log Nuevos vs Total de Casos. 
INCIDENCIA y Factor de Crecimiento. Promedio de confirmados diarios últimas 15 semanas. https://t.co/K9dMmnVSun"	https://twitter.com/jorgeluisaliaga/status/1374825757445328897	[]
jorgeluisaliaga	Wed Mar 24 20:49:36 +0000 2021	4	3	"CABA, PBA, La Pampa, Tierra del Fuego 
Casos Diarios, Prom últimos 7 días, SUMA de últimos 14 días / 100.000 habitantes. Días de Duplicación, Log-Log Nuevos vs Total de Casos. 
INCIDENCIA y Factor de Crecimiento. Promedio de confirmados diarios últimas 15 semanas. https://t.co/Nb6lvv3ZNB"	https://twitter.com/jorgeluisaliaga/status/1374825748570202112	[]
jorgeluisaliaga	Wed Mar 24 20:49:34 +0000 2021	6	2	"Muestro la evolución de la cantidad de días necesarios para duplicar (x2) y para decuplicar (x10) (Total y Activos).
La cantidad de días para duplicación aumento de entre 3 y 4 a 26 y ahora está en 226. Por 10 en 751 días. https://t.co/ar78wVuz7M"	https://twitter.com/jorgeluisaliaga/status/1374825742945632258	[]
jorgeluisaliaga	Wed Mar 24 20:49:33 +0000 2021	5	2	"Evolución de la INCIDENCIA y del Factor de Crecimiento (ver Inf del 16/4). 
Muestro también la evolución de la tasa de variación de la cantidad de casos cada 2, 4, y 10 días (ver inf 4/4 y 5/4). También detalle desde el 20/02/21. https://t.co/000Fw059AT"	https://twitter.com/jorgeluisaliaga/status/1374825735727284230	[]
jorgeluisaliaga	Wed Mar 24 20:49:31 +0000 2021	7	2	Muestro en Log-Log Casos Nuevos vs Totales (promedio para cada día con los valores de los siete últimos) (si hay duda, ver inf 3/4). https://t.co/SDVV7loQrT	https://twitter.com/jorgeluisaliaga/status/1374825727988801538	[]
jorgeluisaliaga	Wed Mar 24 20:49:30 +0000 2021	9	2	"9/1 rearmé el informe.
Total de casos según fecha de carga en escala semilogarítmica, para ver comportamiento exponencial y su velocidad.
Promedio de casos confirmados, UTI y fallecidos por fecha de carga por semana en las últimas 30 semanas. https://t.co/cRzoNInGtq"	https://twitter.com/jorgeluisaliaga/status/1374825723416956929	[]
jorgeluisaliaga	Wed Mar 24 20:49:28 +0000 2021	10	3	"15 provincias con INCIDENCIA mayor a 150 casos / 100.000 en los últimos 14 días, y 20 provincias con Razón de Casos mayor a 1 (creciendo). 
Incidencia Nacional = 221 casos
Razón de Casos Nacional = 1,19 https://t.co/oskeyGVmny"	https://twitter.com/jorgeluisaliaga/status/1374825717494652930	[]
jorgeluisaliaga	Wed Mar 24 20:49:26 +0000 2021	58	30	"Situación COVID-19 al 24/3

Hoy 8.300 nuevos casos confirmados.
Cinco provincias con ""alto riesgo sanitario"".
Muy similar a la carga del miércoles pasado, siendo feriado.
Desde 21/9 nuevo formato de informe, sin detalle de tipo de caso.
La cantidad total de casos es 2.269.877. https://t.co/1GGGwdbAlh"	https://twitter.com/jorgeluisaliaga/status/1374825709345116161	[]
jorgeluisaliaga	Wed Mar 24 18:45:34 +0000 2021	2	0	@DiegoZetelny @IOMAgba @marcosclu gracias por el aporte. A lo mejor le ayuda a @marcosclu	https://twitter.com/jorgeluisaliaga/status/1374794537147756552	[]
jorgeluisaliaga	Wed Mar 24 18:25:30 +0000 2021	7	0	- @IOMAgba , acá un reclamo por un problema de un pariente de @marcosclu https://t.co/2JIFLRjLlF	https://twitter.com/jorgeluisaliaga/status/1374789487398690821	[]
jorgeluisaliaga	Wed Mar 24 14:07:40 +0000 2021	1	0	@diegovergeli @norabar Si, gracias. En realidad está mal la primera etiqueta. Es de   30-39. Los datos están bien.	https://twitter.com/jorgeluisaliaga/status/1374724598881718275	[]
jorgeluisaliaga	Wed Mar 24 13:54:43 +0000 2021	3	0	@CuestaArribo @Juli_Strada @VHMok No sólo cuidarse por el riesgo intrínseco, sino porque difunden un mensaje. Si todos ven que están cerca en lugares cerrados sin barbijo, el mensaje es que eso no es riesgoso. Aunque en ese lugar haya un equipo de ventilación forzada excelente.	https://twitter.com/jorgeluisaliaga/status/1374721341585248256	[]
jorgeluisaliaga	Wed Mar 24 13:52:51 +0000 2021	1	0	@MelodyyMirandaa @55Renata Son los mismos datos, mostrados de dos formas: el primero muestra la cantidad de vacunados por cada grupo etario y provincia, y el segundo es en porcentaje por grupo etario por provincia.	https://twitter.com/jorgeluisaliaga/status/1374720871395377155	[]
jorgeluisaliaga	Wed Mar 24 13:11:10 +0000 2021	1	0	"@sylvioromano Acá puse toda la info que fui juntando:
- como armarlos (para escuelas técnicas, universidades, ..)
- fabricantes locales que detecté
y demás información sobre ventilación y medición de CO2.

https://t.co/rSVjw8K2a7"	https://twitter.com/jorgeluisaliaga/status/1374710381390757894	[]
jorgeluisaliaga	Wed Mar 24 12:18:51 +0000 2021	32	5	"Ciencias de datos: la nueva Licenciatura que comenzó esta semana en la UBA @Exactas_UBA 
Entrevista de Pablo Esteban @pablooesteban a Pablo Groisman @pgroisma 

https://t.co/6zhgL1qO3z"	https://twitter.com/jorgeluisaliaga/status/1374697217374699521	[]
jorgeluisaliaga	Wed Mar 24 11:04:52 +0000 2021	67	8	"Ayer en la @unahurlingham se inauguró el Bosquecito de la Memoria

#PlantamosMemoria https://t.co/VQH5JeVP4D"	https://twitter.com/jorgeluisaliaga/status/1374678598179827715	[{'text': 'PlantamosMemoria', 'indices': [67, 84]}]
jorgeluisaliaga	Wed Mar 24 11:03:17 +0000 2021	4	1	"#BO
Apruébase el CONVENIO INTERADMINISTRATIVO suscripto entre el MINISTERIO DEL INTERIOR y el CORREO OFICIAL DE LA REPÚBLICA ARGENTINA S.A., para la prestación de un servicio de logística general para las Elecciones

https://t.co/bn9zziMwbZ"	https://twitter.com/jorgeluisaliaga/status/1374678198764589057	[{'text': 'BO', 'indices': [0, 3]}]
jorgeluisaliaga	Wed Mar 24 11:03:17 +0000 2021	7	3	"#BO
RÉGIMEN DE PROMOCIÓN DE GENERACIÓN DE EMPLEO EN EL NORTE GRANDE
Decreto 191/2021 - Disposiciones.

https://t.co/8CfI2aimSc"	https://twitter.com/jorgeluisaliaga/status/1374678197585993729	[{'text': 'BO', 'indices': [0, 3]}]
jorgeluisaliaga	Wed Mar 24 02:56:27 +0000 2021	5	2	@threadreaderapp unroll	https://twitter.com/jorgeluisaliaga/status/1374555684453371906	[]
jorgeluisaliaga	Wed Mar 24 02:55:43 +0000 2021	8	1	"Todos los informes e información en mi sitio

https://t.co/OOPfZIjwmV

La Tabla de datos informados por @msalnacion los puse en:

https://t.co/A6X5GTltVQ"	https://twitter.com/jorgeluisaliaga/status/1374555496485679107	[]
jorgeluisaliaga	Wed Mar 24 02:55:10 +0000 2021	0	0	Hoy la base de SISA está rota, no se puede sacar la segunda parte del informe	https://twitter.com/jorgeluisaliaga/status/1374555359470358528	[]
jorgeluisaliaga	Wed Mar 24 02:55:10 +0000 2021	1	0	"Sitios con datos / figuras

Gran info regional: Soledad Retamar @sole_reta 

https://t.co/LLv9J5EA7o

Rodrigo Castro @RodrigoD_Castro

https://t.co/9etT4FOHyf"	https://twitter.com/jorgeluisaliaga/status/1374555358103007240	[]
jorgeluisaliaga	Wed Mar 24 02:55:09 +0000 2021	1	0	"Hilos recomendados:

Semáforo: Martin Barrionuevo @mmbarrionuevo 

https://t.co/9rOLY20x77

Rio Negro+Neuquen: Clari Cardozo Castro @ClariCardozoCas 

Diseño @TotinFraire Elaboración @Fedwr 

https://t.co/mM6LAV4KP5"	https://twitter.com/jorgeluisaliaga/status/1374555356249079810	[]
jorgeluisaliaga	Wed Mar 24 02:32:22 +0000 2021	5	1	@haydeecinha @Exactas_UBA Salió con el impulso de @carovera_ar y fueron apareciendo cosas. Muy fuerte.	https://twitter.com/jorgeluisaliaga/status/1374549623252062212	[]
jorgeluisaliaga	Wed Mar 24 02:30:18 +0000 2021	39	3	@haydeecinha @Exactas_UBA Toda una movida poder armar la lista con la mayor cantidad de datos y el menor error posible. Nos falta una foto, que no pudimos encontrar, hasta ahora.	https://twitter.com/jorgeluisaliaga/status/1374549102185246721	[]
jorgeluisaliaga	Wed Mar 24 02:12:13 +0000 2021	6	0	@negrojoao @ernestorr @rquiroga777 @RaulJalil_ok Efectivamente con abrir un poco y ventilar se logra una enorme diferencia. 👏👏👏	https://twitter.com/jorgeluisaliaga/status/1374544552871264259	[]
jorgeluisaliaga	Wed Mar 24 02:08:33 +0000 2021	39	13	@negrojoao @ernestorr @rquiroga777 @RaulJalil_ok https://t.co/BO1OHyATTu	https://twitter.com/jorgeluisaliaga/status/1374543627905548291	[]
jorgeluisaliaga	Wed Mar 24 00:04:36 +0000 2021	7	3	"Un clasico de todos los años: la entrevista a un egresado de @Exactas_UBA sobre su experiencia durante la última dictadura.

#MemoriaVerdadYJusticia 
#PlantamosMemoria

https://t.co/Bxr7o85csQ"	https://twitter.com/jorgeluisaliaga/status/1374512436842143749	[{'text': 'MemoriaVerdadYJusticia', 'indices': [125, 148]}, {'text': 'PlantamosMemoria', 'indices': [150, 167]}]
jorgeluisaliaga	Tue Mar 23 23:39:14 +0000 2021	82	24	"Gente horrible que es capaz de hacer estas cosas. Repudio total.
Mi solidaridad con @vickyginzberg y su familia,

https://t.co/PEXGtqerdt"	https://twitter.com/jorgeluisaliaga/status/1374506050578046989	[]
jorgeluisaliaga	Tue Mar 23 22:23:51 +0000 2021	10	2	https://t.co/j9kmnQIdwg https://t.co/gtuqw9kHBd	https://twitter.com/jorgeluisaliaga/status/1374487081163001877	[]
jorgeluisaliaga	Tue Mar 23 22:10:08 +0000 2021	0	0	@cotyr2012 Si. Tiene más de 150 casos en los últimos 14 días cada 100.000 habitantes y creció entre los últimos 14 días y los 14 días anteriores más de 20%. https://t.co/OWlZEAxZoF	https://twitter.com/jorgeluisaliaga/status/1374483629930213385	[]
jorgeluisaliaga	Tue Mar 23 22:08:08 +0000 2021	35	9	@arilijalad 25 a precio de mercado. Si se compran los materiales y se arma, más.	https://twitter.com/jorgeluisaliaga/status/1374483124495679490	[]
jorgeluisaliaga	Tue Mar 23 21:35:34 +0000 2021	4	1	"A partir del 5/2/21 saco el informe en dos partes, la primera cuando sale el parte diario y el complemento cuando se actualiza la base de datos, después de las 21:30.

FIN PRIMERA PARTE."	https://twitter.com/jorgeluisaliaga/status/1374474928477540357	[]
jorgeluisaliaga	Tue Mar 23 21:35:33 +0000 2021	4	3	"Hoy se llegó a 54.823 (+153) personas fallecidas. 
Se reportaron 2.043.957 (+6271) personas recuperadas (90,4%). 
3591 (+61) en Terapia. 
Distintos estados de casos en escala semi-logaritmica. 
Lineal muertos y UTI para ver fácil subas. https://t.co/VMMyiMTxEx"	https://twitter.com/jorgeluisaliaga/status/1374474926371921921	[]
jorgeluisaliaga	Tue Mar 23 21:35:32 +0000 2021	4	3	Evolución de la vacunación en todo el país, CABA y PBA. Porcentaje de vacunas aplicadas en relación con las distribuidas. https://t.co/8xl1Rh1oHV	https://twitter.com/jorgeluisaliaga/status/1374474920411897863	[]
jorgeluisaliaga	Tue Mar 23 21:35:30 +0000 2021	2	2	Avance de la Vacunación por provincia según datos cargado hasta hoy a las 6 AM de &gt;&gt; https://t.co/bBb2CUQZKE https://t.co/WO5TF4rKvG	https://twitter.com/jorgeluisaliaga/status/1374474913965252610	[]
jorgeluisaliaga	Tue Mar 23 21:35:28 +0000 2021	2	2	"Muestro ajuste.  Uso el crecimiento exponencial con que se ajustaban los datos al 25/3 para una logística, más adecuado en esta etapa de la epidemia, que explico en detalle en este documento (estimo infectados asumiendo un 70% de asintomáticos): 

https://t.co/xDGEjpK0nu https://t.co/cn6VxbDpbc"	https://twitter.com/jorgeluisaliaga/status/1374474906935554056	[]
jorgeluisaliaga	Tue Mar 23 21:35:27 +0000 2021	3	3	"Fallecidos por millón de habitantes por provincia.
Detalle de fecha del último caso de cada provincia. Todas las provincias activas. 
También muestro cantidad de días sin casos por provincia y provincias con casos y casos durante la epidemia. https://t.co/euW835g3Ig"	https://twitter.com/jorgeluisaliaga/status/1374474900027502595	[]
jorgeluisaliaga	Tue Mar 23 21:35:26 +0000 2021	3	3	"Para los que les sirva, muestro datos más simples de leer de distribución de casos confirmados y muertos, y casos confirmados y muertos por millón de habitantes, por provincia.
También una página interactiva.

https://t.co/UoryUFmeE3
-------------------------- https://t.co/qFdJuXVBg5"	https://twitter.com/jorgeluisaliaga/status/1374474894629429260	[]
jorgeluisaliaga	Tue Mar 23 21:35:24 +0000 2021	2	2	"Neuquén, Rio Negro, Chubut, Santa Cruz
Casos Diarios, Prom últimos 7 días, SUMA de últimos 14 días / 100.000 habitantes. Días de Duplicación, Log-Log Nuevos vs Total de Casos. 
INCIDENCIA y Factor de Crecimiento. Promedio de confirmados diarios últimas 15 semanas. https://t.co/G47DkLa7Rh"	https://twitter.com/jorgeluisaliaga/status/1374474887075569672	[]
jorgeluisaliaga	Tue Mar 23 21:35:22 +0000 2021	2	2	"La Rioja, San Juan, San Luis, Mendoza
Casos Diarios, Prom últimos 7 días, SUMA de últimos 14 días / 100.000 habitantes. Días de Duplicación, Log-Log Nuevos vs Total de Casos. 
INCIDENCIA y Factor de Crecimiento. Promedio de confirmados diarios últimas 15 semanas. https://t.co/uu8PCiBIEg"	https://twitter.com/jorgeluisaliaga/status/1374474880691793929	[]
jorgeluisaliaga	Tue Mar 23 21:35:21 +0000 2021	2	2	"Jujuy, Salta, Tucumán, Catamarca 
Casos Diarios, Prom últimos 7 días, SUMA de últimos 14 días / 100.000 habitantes. Días de Duplicación, Log-Log Nuevos vs Total de Casos. 
INCIDENCIA y Factor de Crecimiento. Promedio de confirmados diarios últimas 15 semanas. https://t.co/WSJ86CAW7y"	https://twitter.com/jorgeluisaliaga/status/1374474874513592323	[]
jorgeluisaliaga	Tue Mar 23 21:35:19 +0000 2021	3	2	"Entre Ríos, Corrientes, Misiones, Formosa
Casos Diarios, Prom últimos 7 días, SUMA de últimos 14 días / 100.000 habitantes. Días de Duplicación, Log-Log Nuevos vs Total de Casos. 
INCIDENCIA y Factor de Crecimiento. Promedio de confirmados diarios últimas 15 semanas. https://t.co/AUL8hs96UE"	https://twitter.com/jorgeluisaliaga/status/1374474867802705923	[]
jorgeluisaliaga	Tue Mar 23 21:35:18 +0000 2021	3	2	"Santa Fé, Córdoba, Chaco, Santiago del Estero
Casos Diarios, Prom últimos 7 días, SUMA de últimos 14 días / 100.000 habitantes. Días de Duplicación, Log-Log Nuevos vs Total de Casos. 
INCIDENCIA y Factor de Crecimiento. Promedio de confirmados diarios últimas 15 semanas. https://t.co/rTvm5tkQUn"	https://twitter.com/jorgeluisaliaga/status/1374474861595090953	[]
jorgeluisaliaga	Tue Mar 23 21:35:16 +0000 2021	4	2	"CABA, PBA, La Pampa, Tierra del Fuego 
Casos Diarios, Prom últimos 7 días, SUMA de últimos 14 días / 100.000 habitantes. Días de Duplicación, Log-Log Nuevos vs Total de Casos. 
INCIDENCIA y Factor de Crecimiento. Promedio de confirmados diarios últimas 15 semanas. https://t.co/YbCaXskk3f"	https://twitter.com/jorgeluisaliaga/status/1374474854435495944	[]
jorgeluisaliaga	Tue Mar 23 21:35:15 +0000 2021	3	3	"Muestro la evolución de la cantidad de días necesarios para duplicar (x2) y para decuplicar (x10) (Total y Activos).
La cantidad de días para duplicación aumento de entre 3 y 4 a 26 y ahora está en 227. Por 10 en 755 días. https://t.co/E6SjQprdSD"	https://twitter.com/jorgeluisaliaga/status/1374474848370528261	[]
jorgeluisaliaga	Tue Mar 23 21:35:13 +0000 2021	6	4	"Evolución de la INCIDENCIA y del Factor de Crecimiento (ver Inf del 16/4). 
Muestro también la evolución de la tasa de variación de la cantidad de casos cada 2, 4, y 10 días (ver inf 4/4 y 5/4). También detalle desde el 20/02/21. https://t.co/J8a4J8pHaL"	https://twitter.com/jorgeluisaliaga/status/1374474843475701774	[]
jorgeluisaliaga	Tue Mar 23 21:35:12 +0000 2021	4	2	Muestro en Log-Log Casos Nuevos vs Totales (promedio para cada día con los valores de los siete últimos) (si hay duda, ver inf 3/4). https://t.co/uFMBxXb7Rb	https://twitter.com/jorgeluisaliaga/status/1374474837662461960	[]
jorgeluisaliaga	Tue Mar 23 21:35:11 +0000 2021	6	4	"9/1 rearmé el informe.
Total de casos según fecha de carga en escala semilogarítmica, para ver comportamiento exponencial y su velocidad.
Promedio de casos confirmados, UTI y fallecidos por fecha de carga por semana en las últimas 30 semanas. https://t.co/BBoWfb1Jbj"	https://twitter.com/jorgeluisaliaga/status/1374474831932968960	[]
jorgeluisaliaga	Tue Mar 23 21:35:09 +0000 2021	5	4	"15 provincias con INCIDENCIA mayor a 150 casos / 100.000 en los últimos 14 días, y 19 provincias con Razón de Casos mayor a 1 (creciendo). 
Incidencia Nacional = 219 casos
Razón de Casos Nacional = 1,17 https://t.co/g7e4xr2zQf"	https://twitter.com/jorgeluisaliaga/status/1374474826044239879	[]
jorgeluisaliaga	Tue Mar 23 21:35:08 +0000 2021	68	30	"Situación COVID-19 al 23/3

Hoy 9.405 nuevos casos confirmados.
Seis provincias con ""alto riesgo sanitario"".
Continua la suba exponencial, lenta.
Desde 21/9 nuevo formato de informe, sin detalle de tipo de caso.
La cantidad total de casos es 2.252.172. https://t.co/y0JBwrWtY0"	https://twitter.com/jorgeluisaliaga/status/1374474819811512334	[]
jorgeluisaliaga	Tue Mar 23 17:30:12 +0000 2021	36	2	"Hace 15 años organizábamos junto a @carovera_ar Diego Weinberg, @armandoria y equipo la primera conmemoración oficial del 24 de marzo en @Exactas_UBA 
Fue un actividad inolvidable, y que disparó muchísimas acciones de reparación.

https://t.co/zd2uU1383k"	https://twitter.com/jorgeluisaliaga/status/1374413182857478144	[]
jorgeluisaliaga	Tue Mar 23 17:15:48 +0000 2021	14	0	@negrojoao @ernestorr @rquiroga777 Se agradece, pero yo ya tuve cargos. Y es evidente que se pueden hacer muchas cosas positivas desde el llano.	https://twitter.com/jorgeluisaliaga/status/1374409559398260742	[]
jorgeluisaliaga	Tue Mar 23 10:33:24 +0000 2021	1	0	@sylvioromano No sabemos. Dos hipótesis: a) anotan por residencia gente que se vacunó en otra provincia por trabajo, b) han sacado algunas dosis más (no son tantas) de los viales. En Sputnik V con mucha habiildad se podían sacar 6 del frasco de 5.	https://twitter.com/jorgeluisaliaga/status/1374308288452509697	[]
jorgeluisaliaga	Tue Mar 23 10:31:32 +0000 2021	1	0	@Politilogica En SISA no hay datos de sector salud, pero eso se debería estar viendo ahora seguro.	https://twitter.com/jorgeluisaliaga/status/1374307818690478089	[]
jorgeluisaliaga	Tue Mar 23 10:27:25 +0000 2021	4	0	"#BO
Declárase de Interés Nacional al “XIV Congreso Argentino de Hemostasia y Trombosis” y “V Curso Educacional de la Sociedad Internacional de Hemostasia y Trombosis (ISTH)”

https://t.co/H5NbquPj64"	https://twitter.com/jorgeluisaliaga/status/1374306785448845315	[{'text': 'BO', 'indices': [0, 3]}]
jorgeluisaliaga	Tue Mar 23 10:27:25 +0000 2021	5	0	"#BO
Apruébanse los Lineamientos Generales del “PORTAL EMPLEO” del MINISTERIO DE TRABAJO, EMPLEO Y SEGURIDAD SOCIAL

https://t.co/Z8MnuefOL1"	https://twitter.com/jorgeluisaliaga/status/1374306784194727937	[{'text': 'BO', 'indices': [0, 3]}]
jorgeluisaliaga	Tue Mar 23 10:27:25 +0000 2021	3	0	"#BO
Apruébase la asignación de aportes y cupos de gas licuado de petróleo (GLP) butano, propano y/o mezcla para el año 2021 en el marco del Programa Hogares con Garrafas (Programa Hogar)

https://t.co/rQ8404fc30"	https://twitter.com/jorgeluisaliaga/status/1374306782856806400	[{'text': 'BO', 'indices': [0, 3]}]
jorgeluisaliaga	Tue Mar 23 10:27:24 +0000 2021	2	0	"#BO
Aprobar el monto de $90 por cada transacción válida en el sistema de Video a Demanda (TVOD) del INCAA denominada https://t.co/Bya3tclXg4 ESTRENOS

https://t.co/i5cVr3wX0y"	https://twitter.com/jorgeluisaliaga/status/1374306781418168320	[{'text': 'BO', 'indices': [0, 3]}]
jorgeluisaliaga	Tue Mar 23 10:27:24 +0000 2021	3	1	"#BO
Procédase al cambio de calificación del Aeródromo Público “EL CALAFATE” ubicado en la Ciudad del CALAFATE - Provincia de SANTA CRUZ a Aeropuerto Internacional

https://t.co/xbhgTnJ7U7"	https://twitter.com/jorgeluisaliaga/status/1374306780109537282	[{'text': 'BO', 'indices': [0, 3]}]
jorgeluisaliaga	Tue Mar 23 10:27:24 +0000 2021	5	1	"#BO
CÓDIGO ELECTORAL NACIONAL
Derógase Decreto N° 45/2019 - voto postal

https://t.co/CHFqJhdzI7"	https://twitter.com/jorgeluisaliaga/status/1374306778792493063	[{'text': 'BO', 'indices': [0, 3]}]
jorgeluisaliaga	Tue Mar 23 01:22:09 +0000 2021	5	0	@threadreaderapp unroll	https://twitter.com/jorgeluisaliaga/status/1374169564901179401	[]
jorgeluisaliaga	Tue Mar 23 01:21:08 +0000 2021	6	0	"Todos los informes e información en mi sitio

https://t.co/OOPfZIjwmV

La Tabla de datos informados por @msalnacion los puse en:

https://t.co/A6X5GTltVQ"	https://twitter.com/jorgeluisaliaga/status/1374169307677097990	[]
jorgeluisaliaga	Tue Mar 23 01:21:08 +0000 2021	0	0	Casos confirmados por grupo etario de CABA y PBA, con detalle de edad escolar según fecha de inicio de síntomas (semana 11, con datos incompletos). https://t.co/OqshbDJPa0	https://twitter.com/jorgeluisaliaga/status/1374169305844219908	[]
jorgeluisaliaga	Tue Mar 23 01:21:06 +0000 2021	2	0	"Edad promedio de confirmados y de mayores de 70 años por semana de inicio de síntoma.
Cantidad de fallecidos y su edad media, y fallecidos mayores de 70 años por semana de inicio de síntoma. https://t.co/G1MKugJsPM"	https://twitter.com/jorgeluisaliaga/status/1374169300232192005	[]
jorgeluisaliaga	Tue Mar 23 01:21:05 +0000 2021	1	0	"Los cargados demorados de hoy:
1 de SEPTIEMBRE Salta
3 de OCTUBRE Salta
2 de NOVIEMBRE (Mendoza, Salta)
4 de DICIEMBRE (2 Entre Ríos, Salta, PBA)
8 de ENERO (4 Entre Ríos, 2 PBA, San Luis, CABA)"	https://twitter.com/jorgeluisaliaga/status/1374169295001882632	[]
jorgeluisaliaga	Tue Mar 23 01:21:05 +0000 2021	1	0	"De los 146 informados como fallecidos, 46 fallecieron hace más de 9 días.
Se muestra días entre inicio de síntoma y fallecimiento, largas internaciones. https://t.co/YMc3xIRfFS"	https://twitter.com/jorgeluisaliaga/status/1374169293269663747	[]
jorgeluisaliaga	Tue Mar 23 01:21:03 +0000 2021	0	0	Casos confirmados y sospechosos según fecha de apertura en CABA y PBA https://t.co/a0nLOE6Ve8	https://twitter.com/jorgeluisaliaga/status/1374169288899244036	[]
jorgeluisaliaga	Tue Mar 23 01:21:02 +0000 2021	0	0	Detalles de Tests Confirmados, Descartados y Sospechosos según residencia en PBA y CABA por semana, con detalles según lugar de carga y sector público o privado. Amarillo es lo pendiente. https://t.co/PQDqpQsEWI	https://twitter.com/jorgeluisaliaga/status/1374169283446603783	[]
jorgeluisaliaga	Tue Mar 23 01:21:01 +0000 2021	0	0	"Ya se hicieron 6.799.107 Tests PCR de diagnóstico (error +/- 10 tests), 30,0% de positividad.
Hoy 24.494, 18,5% la positividad. 
Cuando teníamos 10% de positividad (10/5) había 250-300 casos por día. https://t.co/pBqRLTpfrb"	https://twitter.com/jorgeluisaliaga/status/1374169277784326144	[]
jorgeluisaliaga	Tue Mar 23 01:21:00 +0000 2021	0	0	"Los casos ordenados por fecha de síntoma, promediada cada día los últimos 7 en lineal y semi-log (ver inf 24/7). Y Por millón de habitantes.
Hasta ahora las amarillas ""predicen"" lo que van a hacer las curvas x síntoma cuando entren casos de esas fechas, atención la suba. https://t.co/WsfECA8Fvi"	https://twitter.com/jorgeluisaliaga/status/1374169272495247363	[]
jorgeluisaliaga	Tue Mar 23 01:20:58 +0000 2021	0	1	"Sitios con datos / figuras

Gran info regional: Soledad Retamar @sole_reta 

https://t.co/LLv9J5EA7o

Rodrigo Castro @RodrigoD_Castro

https://t.co/9etT4FOHyf"	https://twitter.com/jorgeluisaliaga/status/1374169266627489792	[]
jorgeluisaliaga	Tue Mar 23 01:20:58 +0000 2021	1	0	"Hilos recomendados:

Semáforo: Martin Barrionuevo @mmbarrionuevo 

Rio Negro+Neuquen: Clari Cardozo Castro @ClariCardozoCas 

Diseño @TotinFraire Elaboración @Fedwr 

https://t.co/jFC38kfjD8"	https://twitter.com/jorgeluisaliaga/status/1374169264945557507	[]
jorgeluisaliaga	Mon Mar 22 21:14:40 +0000 2021	1	0	"@Vernica56861294 Hay que machacar mucho con distancia, tapabocas y ventilación en espacios cerrados. Eso incluye escuelas, oficinas, transportes, restaurantes, centros de salud, ....
Y recordar que aire acondicionado split NO ventila."	https://twitter.com/jorgeluisaliaga/status/1374107284654153729	[]
jorgeluisaliaga	Mon Mar 22 21:00:45 +0000 2021	7	0	"@vviego @UNSbahiablanca Universidades y escuelas técnicas pueden armar lo suyos.
El circuito y el código es libre

https://t.co/rSVjw8K2a7"	https://twitter.com/jorgeluisaliaga/status/1374103782104125440	[]
jorgeluisaliaga	Mon Mar 22 20:57:53 +0000 2021	4	0	"A partir del 5/2/21 saco el informe en dos partes, la primera cuando sale el parte diario y el complemento cuando se actualiza la base de datos, después de las 21:30.

FIN PRIMERA PARTE."	https://twitter.com/jorgeluisaliaga/status/1374103058913824772	[]
jorgeluisaliaga	Mon Mar 22 20:57:53 +0000 2021	2	2	"Hoy se llegó a 54.671 (+126) personas fallecidas. 
Se reportaron 2.037.686 (+7533) personas recuperadas (90,5%). 
3530 (-4) en Terapia. 
Distintos estados de casos en escala semi-logaritmica. 
Lineal muertos y UTI para ver fácil subas. https://t.co/usxPFEQVvE"	https://twitter.com/jorgeluisaliaga/status/1374103057009672192	[]
jorgeluisaliaga	Mon Mar 22 20:57:51 +0000 2021	1	1	Evolución de la vacunación en todo el país, CABA y PBA. Porcentaje de vacunas aplicadas en relación con las distribuidas. https://t.co/ja5TAyzlPM	https://twitter.com/jorgeluisaliaga/status/1374103051234115595	[]
jorgeluisaliaga	Mon Mar 22 20:57:50 +0000 2021	1	1	Avance de la Vacunación por provincia según datos cargado hasta hoy a las 6 AM de &gt;&gt; https://t.co/bBb2CUzoT6 https://t.co/sYDlBd3SoK	https://twitter.com/jorgeluisaliaga/status/1374103045190062084	[]
jorgeluisaliaga	Mon Mar 22 20:57:48 +0000 2021	1	1	"Muestro ajuste.  Uso el crecimiento exponencial con que se ajustaban los datos al 25/3 para una logística, más adecuado en esta etapa de la epidemia, que explico en detalle en este documento (estimo infectados asumiendo un 70% de asintomáticos): 

https://t.co/xDGEjpspvW https://t.co/cnbCnq4OfS"	https://twitter.com/jorgeluisaliaga/status/1374103039594934273	[]
jorgeluisaliaga	Mon Mar 22 20:57:46 +0000 2021	1	1	"Fallecidos por millón de habitantes por provincia.
Detalle de fecha del último caso de cada provincia. Todas las provincias activas. 
También muestro cantidad de días sin casos por provincia y provincias con casos y casos durante la epidemia. https://t.co/ufGdBqVv4C"	https://twitter.com/jorgeluisaliaga/status/1374103030992363522	[]
jorgeluisaliaga	Mon Mar 22 20:57:45 +0000 2021	2	2	"Para los que les sirva, muestro datos más simples de leer de distribución de casos confirmados y muertos, y casos confirmados y muertos por millón de habitantes, por provincia.
También una página interactiva.

https://t.co/UoryUFDQ2D
-------------------------- https://t.co/4Fa5o6jJpc"	https://twitter.com/jorgeluisaliaga/status/1374103026277974016	[]
jorgeluisaliaga	Mon Mar 22 20:57:44 +0000 2021	1	1	"Neuquén, Rio Negro, Chubut, Santa Cruz
Casos Diarios, Prom últimos 7 días, SUMA de últimos 14 días / 100.000 habitantes. Días de Duplicación, Log-Log Nuevos vs Total de Casos. 
INCIDENCIA y Factor de Crecimiento. Promedio de confirmados diarios últimas 15 semanas. https://t.co/ABmanWIM1B"	https://twitter.com/jorgeluisaliaga/status/1374103020703715336	[]
jorgeluisaliaga	Mon Mar 22 20:57:43 +0000 2021	1	1	"La Rioja, San Juan, San Luis, Mendoza
Casos Diarios, Prom últimos 7 días, SUMA de últimos 14 días / 100.000 habitantes. Días de Duplicación, Log-Log Nuevos vs Total de Casos. 
INCIDENCIA y Factor de Crecimiento. Promedio de confirmados diarios últimas 15 semanas. https://t.co/900LhAf63s"	https://twitter.com/jorgeluisaliaga/status/1374103015397994502	[]
jorgeluisaliaga	Mon Mar 22 20:57:41 +0000 2021	1	1	"Jujuy, Salta, Tucumán, Catamarca 
Casos Diarios, Prom últimos 7 días, SUMA de últimos 14 días / 100.000 habitantes. Días de Duplicación, Log-Log Nuevos vs Total de Casos. 
INCIDENCIA y Factor de Crecimiento. Promedio de confirmados diarios últimas 15 semanas. https://t.co/JRicPTNP3g"	https://twitter.com/jorgeluisaliaga/status/1374103009765036040	[]
jorgeluisaliaga	Mon Mar 22 20:57:40 +0000 2021	1	1	"Entre Ríos, Corrientes, Misiones, Formosa
Casos Diarios, Prom últimos 7 días, SUMA de últimos 14 días / 100.000 habitantes. Días de Duplicación, Log-Log Nuevos vs Total de Casos. 
INCIDENCIA y Factor de Crecimiento. Promedio de confirmados diarios últimas 15 semanas. https://t.co/hr03TyrVjI"	https://twitter.com/jorgeluisaliaga/status/1374103004484399107	[]
jorgeluisaliaga	Mon Mar 22 20:57:39 +0000 2021	1	1	"Santa Fé, Córdoba, Chaco, Santiago del Estero
Casos Diarios, Prom últimos 7 días, SUMA de últimos 14 días / 100.000 habitantes. Días de Duplicación, Log-Log Nuevos vs Total de Casos. 
INCIDENCIA y Factor de Crecimiento. Promedio de confirmados diarios últimas 15 semanas. https://t.co/1nGVtAOzgC"	https://twitter.com/jorgeluisaliaga/status/1374102998901796869	[]
jorgeluisaliaga	Mon Mar 22 20:57:37 +0000 2021	2	1	"CABA, PBA, La Pampa, Tierra del Fuego 
Casos Diarios, Prom últimos 7 días, SUMA de últimos 14 días / 100.000 habitantes. Días de Duplicación, Log-Log Nuevos vs Total de Casos. 
INCIDENCIA y Factor de Crecimiento. Promedio de confirmados diarios últimas 15 semanas. https://t.co/ZG5v3UN0yS"	https://twitter.com/jorgeluisaliaga/status/1374102993373691906	[]
jorgeluisaliaga	Mon Mar 22 20:57:36 +0000 2021	1	1	"Muestro la evolución de la cantidad de días necesarios para duplicar (x2) y para decuplicar (x10) (Total y Activos).
La cantidad de días para duplicación aumento de entre 3 y 4 a 26 y ahora está en 221. Por 10 en 735 días. https://t.co/BLlUwabDVi"	https://twitter.com/jorgeluisaliaga/status/1374102987342233604	[]
jorgeluisaliaga	Mon Mar 22 20:57:35 +0000 2021	2	1	"Evolución de la INCIDENCIA y del Factor de Crecimiento (ver Inf del 16/4). 
Muestro también la evolución de la tasa de variación de la cantidad de casos cada 2, 4, y 10 días (ver inf 4/4 y 5/4). También detalle desde el 20/02/21. https://t.co/DRSok7GtXt"	https://twitter.com/jorgeluisaliaga/status/1374102982028095488	[]
jorgeluisaliaga	Mon Mar 22 20:57:33 +0000 2021	1	1	Muestro en Log-Log Casos Nuevos vs Totales (promedio para cada día con los valores de los siete últimos) (si hay duda, ver inf 3/4). https://t.co/OSzFw0ISEj	https://twitter.com/jorgeluisaliaga/status/1374102976730701827	[]
jorgeluisaliaga	Mon Mar 22 20:57:32 +0000 2021	1	1	"9/1 rearmé el informe.
Total de casos según fecha de carga en escala semilogarítmica, para ver comportamiento exponencial y su velocidad.
Promedio de casos confirmados, UTI y fallecidos por fecha de carga por semana en las últimas 30 semanas. https://t.co/olsNCtC3yi"	https://twitter.com/jorgeluisaliaga/status/1374102972184006660	[]
jorgeluisaliaga	Mon Mar 22 20:57:31 +0000 2021	1	1	"15 provincias con INCIDENCIA mayor a 150 casos / 100.000 en los últimos 14 días, y 18 provincias con Razón de Casos mayor a 1 (creciendo). 
Incidencia Nacional = 215 casos
Razón de Casos Nacional = 1,15"	https://twitter.com/jorgeluisaliaga/status/1374102967297658882	[]
jorgeluisaliaga	Mon Mar 22 20:57:31 +0000 2021	51	16	"Situación COVID-19 al 22/3

Hoy 6.401 nuevos casos confirmados.
Cinco provincias con ""alto riesgo sanitario"".
Desde 21/9 nuevo formato de informe, sin detalle de tipo de caso.
Sigue la suba, lenta pero exponencial.
La cantidad total de casos es 2.252.172. https://t.co/Bl95pbKByb"	https://twitter.com/jorgeluisaliaga/status/1374102964588195841	[]
jorgeluisaliaga	Mon Mar 22 18:41:20 +0000 2021	67	21	"Para consultas a la @unahur por los equipos de medición de CO2 Aire Nuevo (yo no estoy con eso) la casilla de correo es airenuevo@unahur.edu.ar  

@MarianaLestelle https://t.co/Sig2CDXYoh https://t.co/WE1q415Tf1"	https://twitter.com/jorgeluisaliaga/status/1374068695186731013	[]
jorgeluisaliaga	Mon Mar 22 14:57:33 +0000 2021	6	2	"@AlejoFerre Y puse circuito y código de acceso libre.

https://t.co/rSVjw8K2a7

Justamente para que no se crea que atrás hay un negocio. Escuelas técnicas, universidades, lo arman sin problema en un par de horas y a bajo costo."	https://twitter.com/jorgeluisaliaga/status/1374012377985921031	[]
jorgeluisaliaga	Mon Mar 22 14:55:56 +0000 2021	18	3	"@AlejoFerre Mi experiencia midiendo es que en general abriendo un poco puerto y ventana se ventila ok. Al contrario, midiendo en Hurlingham se pudieron usar MAS aulas, no menos.
Medir da tranquilidad y ayuda a ajustar cuanto se abre. En el peor caso, a ayudar con un ventilador."	https://twitter.com/jorgeluisaliaga/status/1374011970861604869	[]
jorgeluisaliaga	Mon Mar 22 14:53:33 +0000 2021	1	0	"@patricia_lai @gabyspepe No es necesario en hogares. No es para eso, porque en hogares hay convivientes.

Esto es para oficinas, escuelas, restaurantes, medios de transporte. Lugares donde se junta por mucho tiempo gente que no convive.
Lugares donde se puede adquirir esto sin problemas."	https://twitter.com/jorgeluisaliaga/status/1374011370757357580	[]
jorgeluisaliaga	Mon Mar 22 14:48:54 +0000 2021	0	0	"@MaritaG77 @jljcolorado @aireamos Saben que como no se testea asintomáticos la mayoría de esos contagios no se contabilizarán.

Pero se pueden medir las consecuencias de las políticas https://t.co/lOypOoHhjS"	https://twitter.com/jorgeluisaliaga/status/1374010201934856194	[]
jorgeluisaliaga	Mon Mar 22 14:45:55 +0000 2021	2	0	"@ervinfernandez @ezeforte @jljcolorado 🤦‍♂️

""Si, me hace sentir más tranquilo"" 😀"	https://twitter.com/jorgeluisaliaga/status/1374009449380204545	[]
jorgeluisaliaga	Mon Mar 22 10:54:36 +0000 2021	60	8	"Cada día que pasa se demora un día más la posibilidad de que cada escuela pueda saber si la ventilación es adecuada, y no cerrar ni de más ni de menos ahora que viene el frio.

Es lo que vienen proponiendo @jljcolorado y @aireamos 

8/8"	https://twitter.com/jorgeluisaliaga/status/1373951235959746561	[]
jorgeluisaliaga	Mon Mar 22 10:54:35 +0000 2021	72	15	"Medir CO2 es similar a medir temperatura. Nadie reemplaza a un médico ni a un enfermero por usar un termómetro. Pero nos ayuda a saber si necesitamos asistencia de especialistas, o si nos podemos quedar tranquilos.
Uno por escuela hace la diferencia.

7/8"	https://twitter.com/jorgeluisaliaga/status/1373951234764382212	[]
jorgeluisaliaga	Mon Mar 22 10:54:35 +0000 2021	30	5	"Una idea: @INETetp y cada universidad del @CINoficial  todavía pueden firmar convenios con cada jurisdicción para armar medidores. Sólo es necesario que el estado se ocupe de que haya provición a precio razonable de los sensores, que valen U$S 15.

6/8"	https://twitter.com/jorgeluisaliaga/status/1373951233514467330	[]
jorgeluisaliaga	Mon Mar 22 10:54:35 +0000 2021	23	4	"El 3/2 la @unahurlingham firmó convenios para proveer a escuelas de @MuniHurlingham y @MunicipioMoron 

https://t.co/jLM5SW7mAZ

5/8"	https://twitter.com/jorgeluisaliaga/status/1373951232319098881	[]
jorgeluisaliaga	Mon Mar 22 10:54:34 +0000 2021	54	15	"Desde fines de diciembre el circuito y el código para armar medidores de CO2 es de acceso libre

https://t.co/rSVjw8K2a7

4/8 https://t.co/EAfcOJZLhd"	https://twitter.com/jorgeluisaliaga/status/1373951230435790851	[]
jorgeluisaliaga	Mon Mar 22 10:54:33 +0000 2021	30	6	"Desde el 8/1 estamos difundiendo la iniciativa. Ya hubo más de 2 meses para avanzar.

https://t.co/XYIP6fWDfQ

3/8"	https://twitter.com/jorgeluisaliaga/status/1373951226497400832	[]
jorgeluisaliaga	Mon Mar 22 10:54:33 +0000 2021	29	9	"Entre otros temas se le preguntó por el uso de medidores de CO2 Aire Nuevo de @unahurlingham  para controlar la ventilación. 
El argumento ""No hay producción de medidores de CO2 para abastecer a todas las aulas"" es consecuencia, no causa.

2/8"	https://twitter.com/jorgeluisaliaga/status/1373951225264230407	[]
jorgeluisaliaga	Mon Mar 22 10:54:33 +0000 2021	53	23	"Nicolás Trotta (@trottanico), ministro de Educación, fue entrevistado por @arilijalad y @Lantos en #HabraConsecuencias @eldestape_radio

https://t.co/eQJibW72RT

1/8"	https://twitter.com/jorgeluisaliaga/status/1373951223934636033	[{'text': 'HabraConsecuencias', 'indices': [99, 118]}]
jorgeluisaliaga	Mon Mar 22 10:28:39 +0000 2021	3	0	"#BO
AFIP - REGISTRO NACIONAL DE BENEFICIARIOS DEL RÉGIMEN DE PROMOCIÓN DE LA ECONOMÍA DEL CONOCIMIENTO

https://t.co/m9rMug0SDp"	https://twitter.com/jorgeluisaliaga/status/1373944705868783616	[{'text': 'BO', 'indices': [0, 3]}]
jorgeluisaliaga	Mon Mar 22 10:28:38 +0000 2021	1	0	"#BO
Aprobar la nómina de proyectos seleccionados por el Jurado que pasarán a la instancia de coloquio correspondiente al Concurso Nacional de Documental denominado: “María Remedios del Valle: Capitana, Madre de la Patria”

https://t.co/ktl32T68qn"	https://twitter.com/jorgeluisaliaga/status/1373944704551772164	[{'text': 'BO', 'indices': [0, 3]}]
jorgeluisaliaga	Mon Mar 22 10:28:38 +0000 2021	0	0	"#BO
Adjudícase consultoría para el diseño y desarrollo de la comunicación Plan de Acción Nacional de Bosques y Cambio Climático , del Desarrollo del Marco de Gestión Ambiental y Social y los Mecanismos de Respuesta y Resolución de Reclamos y Sugerencias

https://t.co/KHKGvkXN5f"	https://twitter.com/jorgeluisaliaga/status/1373944703230566400	[{'text': 'BO', 'indices': [0, 3]}]
jorgeluisaliaga	Mon Mar 22 10:28:38 +0000 2021	0	0	"#BO
Adjudícase el procedimiento de Consultoría para la realización del “Proyecto Definición de la estructura organizacional (y capacitación) para la operación del nuevo Complejo Socio - Ambiental Ecoparque Quilmes”

https://t.co/YO2cdlcJlI"	https://twitter.com/jorgeluisaliaga/status/1373944701917757444	[{'text': 'BO', 'indices': [0, 3]}]
jorgeluisaliaga	Mon Mar 22 10:28:37 +0000 2021	0	0	"#BO
Apruébase la convocatoria para la realización del concurso https://t.co/wTLYqYDLd8 “videojuegos de Argentina” en perspectiva de género, diversidad e inclusión

https://t.co/PhvraMjouQ"	https://twitter.com/jorgeluisaliaga/status/1373944700609126400	[{'text': 'BO', 'indices': [0, 3]}]
jorgeluisaliaga	Mon Mar 22 10:28:37 +0000 2021	0	0	"#BO
Llámese a convocatoria de selección para renovar 3 vacantes para conformar la Junta de Jueces y Juezas que integrarán la Junta de Evaluación en el marco del PREMIO NACIONAL A LA CALIDAD

https://t.co/lEKNL9F8Dh"	https://twitter.com/jorgeluisaliaga/status/1373944699283767302	[{'text': 'BO', 'indices': [0, 3]}]
jorgeluisaliaga	Mon Mar 22 10:28:37 +0000 2021	2	0	"#BO
Declárase el Estado de Emergencia Vial por 365 DÍAS corridos, en la Ruta Nacional N° 40, Tramo: Tunuyán – Ciudad de Mendoza

https://t.co/M88qz3qseM"	https://twitter.com/jorgeluisaliaga/status/1373944697954127874	[{'text': 'BO', 'indices': [0, 3]}]
jorgeluisaliaga	Mon Mar 22 01:45:08 +0000 2021	1	0	"@Cristin98850108 @gabyspepe Se puede medir CO2, como se está haciendo es España.

https://t.co/c2LYSRcarz"	https://twitter.com/jorgeluisaliaga/status/1373812961534472193	[]
jorgeluisaliaga	Mon Mar 22 01:43:43 +0000 2021	2	1	"@patricia_lai @gabyspepe Vos llamás a un enfermero cada vez que te querés tonar la temperatura? O usas un termómetro y en todo caso si tenés fiebre consultas?

Es sólo leer un número, igual que tomar la tempratura

https://t.co/rSVjw8K2a7"	https://twitter.com/jorgeluisaliaga/status/1373812603382824962	[]
jorgeluisaliaga	Mon Mar 22 01:41:38 +0000 2021	1	0	@elciudadanobv @ezeforte https://t.co/mP3xnMnmeY	https://twitter.com/jorgeluisaliaga/status/1373812080441241601	[]
jorgeluisaliaga	Mon Mar 22 01:37:05 +0000 2021	2	0	"@elciudadanobv @ezeforte https://t.co/ZvAkngm84k

y las charlas que viene dando desde hace meses @jljcolorado por ejemplo."	https://twitter.com/jorgeluisaliaga/status/1373810935425597446	[]
jorgeluisaliaga	Mon Mar 22 01:34:50 +0000 2021	2	0	"@cochangasto @ezeforte gracias. Desde ya, hay ingenieros ambientales que viven de brindar el servicio de asesoramiento.

Nosotros con @aireamos difundimos recomendaciones generales

https://t.co/ZvAkngm84k"	https://twitter.com/jorgeluisaliaga/status/1373810368288526339	[]
jorgeluisaliaga	Mon Mar 22 01:33:02 +0000 2021	3	1	"@tfourcade @jorgenomefui @MaritaG77 @rquiroga777 @MaguiOliva27 @psantagapita @andyferreyra @CoronaConsultas @FabBallarini Te recomiendo el material de @aireamos 

https://t.co/ZvAkngm84k

en particular se recomienda menos de 700ppm. Cuanto más parecido al valor en el exterior, mejor. https://t.co/MC8s6fedrP"	https://twitter.com/jorgeluisaliaga/status/1373809913512738816	[]
jorgeluisaliaga	Mon Mar 22 01:29:58 +0000 2021	2	0	@threadreaderapp unroll	https://twitter.com/jorgeluisaliaga/status/1373809142771675138	[]
jorgeluisaliaga	Mon Mar 22 01:27:47 +0000 2021	6	1	"Todos los informes e información en mi sitio

https://t.co/OOPfZIjwmV

La Tabla de datos informados por @msalnacion los puse en:

https://t.co/A6X5GTltVQ"	https://twitter.com/jorgeluisaliaga/status/1373808594269921281	[]
jorgeluisaliaga	Mon Mar 22 01:27:46 +0000 2021	0	0	"Casos confirmados por rango etario en CABA y PBA con detalle de edades escolares.
Es por FIS, la semana 11 no está completa. https://t.co/BhjDXD3fXT"	https://twitter.com/jorgeluisaliaga/status/1373808587647111174	[]
jorgeluisaliaga	Mon Mar 22 01:27:44 +0000 2021	1	0	"Edad promedio de confirmados y de mayores de 70 años por semana de inicio de síntoma.
Cantidad de fallecidos y su edad media, y fallecidos mayores de 70 años por semana de inicio de síntoma. https://t.co/bDjVxxyKVL"	https://twitter.com/jorgeluisaliaga/status/1373808582790103044	[]
jorgeluisaliaga	Mon Mar 22 01:27:43 +0000 2021	1	0	"De los 28 informados como fallecidos, 6 fallecieron hace más de 8 días.
1 de DICIEMBRE PBA
Se muestra días entre inicio de síntoma y fallecimiento, largas internaciones. https://t.co/tBcXwdYkUX"	https://twitter.com/jorgeluisaliaga/status/1373808577945743360	[]
jorgeluisaliaga	Mon Mar 22 01:27:42 +0000 2021	1	0	Casos confirmados y sospechosos por fecha de apertura en CABA y PBA https://t.co/fQaNsPuDls	https://twitter.com/jorgeluisaliaga/status/1373808573277429772	[]
jorgeluisaliaga	Mon Mar 22 01:27:41 +0000 2021	0	0	Detalles de Tests Confirmados, Descartados y Sospechosos según residencia en PBA y CABA por semana, con detalles según lugar de carga y sector público o privado. Amarillo es lo pendiente. https://t.co/MwHXhC0sQ5	https://twitter.com/jorgeluisaliaga/status/1373808568391102465	[]
jorgeluisaliaga	Mon Mar 22 01:27:40 +0000 2021	0	0	"Ya se hicieron 6.769.052 Tests PCR de diagnóstico (error +/- 10 tests), 30,1% de positividad.
Hoy 22.426, 14,6% la positividad. 
Cuando teníamos 10% de positividad (10/5) había 250-300 casos por día. https://t.co/H7NtPHLQr5"	https://twitter.com/jorgeluisaliaga/status/1373808563638919169	[]
jorgeluisaliaga	Mon Mar 22 01:27:39 +0000 2021	0	0	"Los casos ordenados por fecha de síntoma, promediada cada día los últimos 7 en lineal y semi-log (ver inf 24/7). Y Por millón de habitantes.
Hasta ahora las amarillas ""predicen"" lo que van a hacer las curvas x síntoma cuando entren casos de esas fechas, atención la suba. https://t.co/e1PPIPBwcj"	https://twitter.com/jorgeluisaliaga/status/1373808558802939906	[]
jorgeluisaliaga	Mon Mar 22 01:27:37 +0000 2021	0	0	"Sitios con datos / figuras

Gran info regional: Soledad Retamar @sole_reta 

https://t.co/LLv9J5EA7o

Rodrigo Castro @RodrigoD_Castro

https://t.co/9etT4FOHyf"	https://twitter.com/jorgeluisaliaga/status/1373808553711046656	[]
jorgeluisaliaga	Mon Mar 22 01:27:37 +0000 2021	2	0	"Hilos recomendados:

Semáforo: Martin Barrionuevo @mmbarrionuevo 

xxxxxxxxxxxxxxxxxxxxxxx

Rio Negro+Neuquen: Clari Cardozo Castro @ClariCardozoCas 

xxxxxxxxxxxxx

Diseño @TotinFraire Elaboración @Fedwr 

xxxxxxxxxxxxxxxxxx."	https://twitter.com/jorgeluisaliaga/status/1373808551064444929	[]
jorgeluisaliaga	Sun Mar 21 20:38:47 +0000 2021	13	1	"A partir del 5/2/21 saco el informe en dos partes, la primera cuando sale el parte diario y el complemento cuando se actualiza la base de datos, después de las 21:30.

FIN PRIMERA PARTE."	https://twitter.com/jorgeluisaliaga/status/1373735863809609728	[]
jorgeluisaliaga	Sun Mar 21 20:38:46 +0000 2021	8	3	"Hoy se llegó a 54.545 (+28) personas fallecidas. 
Se reportaron 2.030.153 (+6489) personas recuperadas (90,4%). 
3534 (0) en Terapia. 
Distintos estados de casos en escala semi-logaritmica. 
Lineal muertos y UTI para ver fácil subas. https://t.co/5HOGFFvdKu"	https://twitter.com/jorgeluisaliaga/status/1373735860567412737	[]
jorgeluisaliaga	Sun Mar 21 20:38:45 +0000 2021	4	2	Evolución de la vacunación en todo el país, CABA y PBA. Porcentaje de vacunas aplicadas en relación con las distribuidas. https://t.co/JZIldqRKwT	https://twitter.com/jorgeluisaliaga/status/1373735855681105929	[]
jorgeluisaliaga	Sun Mar 21 20:38:44 +0000 2021	6	2	Avance de la Vacunación por provincia según datos cargado hasta hoy a las 6 AM de &gt;&gt; https://t.co/bBb2CUzoT6 https://t.co/z2Q21W6l1n	https://twitter.com/jorgeluisaliaga/status/1373735850614398977	[]
jorgeluisaliaga	Sun Mar 21 20:38:43 +0000 2021	2	1	"Muestro ajuste.  Uso el crecimiento exponencial con que se ajustaban los datos al 25/3 para una logística, más adecuado en esta etapa de la epidemia, que explico en detalle en este documento (estimo infectados asumiendo un 70% de asintomáticos): 

https://t.co/xDGEjpspvW https://t.co/bcYPK7P7sk"	https://twitter.com/jorgeluisaliaga/status/1373735845837086728	[]
jorgeluisaliaga	Sun Mar 21 20:38:41 +0000 2021	2	2	"Fallecidos por millón de habitantes por provincia.
Detalle de fecha del último caso de cada provincia. Todas las provincias activas. 
También muestro cantidad de días sin casos por provincia y provincias con casos y casos durante la epidemia. https://t.co/KMMpBrJ5cE"	https://twitter.com/jorgeluisaliaga/status/1373735840812253187	[]
jorgeluisaliaga	Sun Mar 21 20:38:40 +0000 2021	3	2	"Para los que les sirva, muestro datos más simples de leer de distribución de casos confirmados y muertos, y casos confirmados y muertos por millón de habitantes, por provincia.
También una página interactiva.

https://t.co/UoryUFDQ2D
-------------------------- https://t.co/PTaq9C7xJO"	https://twitter.com/jorgeluisaliaga/status/1373735836194340867	[]
jorgeluisaliaga	Sun Mar 21 20:38:39 +0000 2021	3	2	"Neuquén, Rio Negro, Chubut, Santa Cruz
Casos Diarios, Prom últimos 7 días, SUMA de últimos 14 días / 100.000 habitantes. Días de Duplicación, Log-Log Nuevos vs Total de Casos. 
INCIDENCIA y Factor de Crecimiento. Promedio de confirmados diarios últimas 15 semanas. https://t.co/bxxB8GyD2v"	https://twitter.com/jorgeluisaliaga/status/1373735830792105984	[]
jorgeluisaliaga	Sun Mar 21 20:38:37 +0000 2021	3	1	"La Rioja, San Juan, San Luis, Mendoza
Casos Diarios, Prom últimos 7 días, SUMA de últimos 14 días / 100.000 habitantes. Días de Duplicación, Log-Log Nuevos vs Total de Casos. 
INCIDENCIA y Factor de Crecimiento. Promedio de confirmados diarios últimas 15 semanas. https://t.co/uOedocBE2G"	https://twitter.com/jorgeluisaliaga/status/1373735823124922370	[]
jorgeluisaliaga	Sun Mar 21 20:38:35 +0000 2021	3	1	"Jujuy, Salta, Tucumán, Catamarca 
Casos Diarios, Prom últimos 7 días, SUMA de últimos 14 días / 100.000 habitantes. Días de Duplicación, Log-Log Nuevos vs Total de Casos. 
INCIDENCIA y Factor de Crecimiento. Promedio de confirmados diarios últimas 15 semanas. https://t.co/uKNs9G4j1P"	https://twitter.com/jorgeluisaliaga/status/1373735814384001032	[]
jorgeluisaliaga	Sun Mar 21 20:38:33 +0000 2021	3	1	"Entre Ríos, Corrientes, Misiones, Formosa
Casos Diarios, Prom últimos 7 días, SUMA de últimos 14 días / 100.000 habitantes. Días de Duplicación, Log-Log Nuevos vs Total de Casos. 
INCIDENCIA y Factor de Crecimiento. Promedio de confirmados diarios últimas 15 semanas. https://t.co/5h3rWv1ZrF"	https://twitter.com/jorgeluisaliaga/status/1373735806465155081	[]
jorgeluisaliaga	Sun Mar 21 20:38:32 +0000 2021	3	1	"Santa Fé, Córdoba, Chaco, Santiago del Estero
Casos Diarios, Prom últimos 7 días, SUMA de últimos 14 días / 100.000 habitantes. Días de Duplicación, Log-Log Nuevos vs Total de Casos. 
INCIDENCIA y Factor de Crecimiento. Promedio de confirmados diarios últimas 15 semanas. https://t.co/YlzFzBJhG6"	https://twitter.com/jorgeluisaliaga/status/1373735799628390406	[]
jorgeluisaliaga	Sun Mar 21 20:38:30 +0000 2021	3	1	"CABA, PBA, La Pampa, Tierra del Fuego 
Casos Diarios, Prom últimos 7 días, SUMA de últimos 14 días / 100.000 habitantes. Días de Duplicación, Log-Log Nuevos vs Total de Casos. 
INCIDENCIA y Factor de Crecimiento. Promedio de confirmados diarios últimas 15 semanas. https://t.co/95Y84AgiZ9"	https://twitter.com/jorgeluisaliaga/status/1373735792913305604	[]
jorgeluisaliaga	Sun Mar 21 20:38:28 +0000 2021	3	1	"Muestro la evolución de la cantidad de días necesarios para duplicar (x2) y para decuplicar (x10) (Total y Activos).
La cantidad de días para duplicación aumento de entre 3 y 4 a 26 y ahora está en 204. Por 10 en 679 días. https://t.co/XHu9HeiL0f"	https://twitter.com/jorgeluisaliaga/status/1373735786533765121	[]
jorgeluisaliaga	Sun Mar 21 20:38:27 +0000 2021	2	1	"Evolución de la INCIDENCIA y del Factor de Crecimiento (ver Inf del 16/4). 
Muestro también la evolución de la tasa de variación de la cantidad de casos cada 2, 4, y 10 días (ver inf 4/4 y 5/4). También detalle desde el 20/02/21. https://t.co/NcltW7Vwed"	https://twitter.com/jorgeluisaliaga/status/1373735781907464199	[]
jorgeluisaliaga	Sun Mar 21 20:38:25 +0000 2021	2	1	Muestro en Log-Log Casos Nuevos vs Totales (promedio para cada día con los valores de los siete últimos) (si hay duda, ver inf 3/4). https://t.co/kOyWzK2dNO	https://twitter.com/jorgeluisaliaga/status/1373735770222125060	[]
jorgeluisaliaga	Sun Mar 21 20:38:23 +0000 2021	2	1	"9/1 rearmé el informe.
Total de casos según fecha de carga en escala semilogarítmica, para ver comportamiento exponencial y su velocidad.
Promedio de casos confirmados, UTI y fallecidos por fecha de carga por semana en las últimas 30 semanas. https://t.co/1VUKA0sai0"	https://twitter.com/jorgeluisaliaga/status/1373735763658088453	[]
jorgeluisaliaga	Sun Mar 21 20:38:22 +0000 2021	3	1	"15 provincias con INCIDENCIA mayor a 150 casos / 100.000 en los últimos 14 días, y 17 provincias con Razón de Casos mayor a 1 (creciendo). 
Incidencia Nacional = 212 casos
Razón de Casos Nacional = 1,13"	https://twitter.com/jorgeluisaliaga/status/1373735758020902915	[]
jorgeluisaliaga	Sun Mar 21 20:38:21 +0000 2021	45	18	"Situación COVID-19 al 21/3

Hoy 4.032 nuevos casos confirmados.
Cuatro provincias con ""alto riesgo sanitario"".
Arranca semana 12 y sigue la suba.
Desde 21/9 nuevo formato de informe, sin detalle de tipo de caso.
La cantidad total de casos es 2.245.771. https://t.co/etO4uxBsaO"	https://twitter.com/jorgeluisaliaga/status/1373735755860807684	[]
jorgeluisaliaga	Sun Mar 21 19:48:59 +0000 2021	4	0	@mmbarrionuevo @JuanMilo https://t.co/vYQbKE0gO7	https://twitter.com/jorgeluisaliaga/status/1373723333250981889	[]
jorgeluisaliaga	Sun Mar 21 19:45:34 +0000 2021	97	16	"@gabyspepe Ni siquiera hay que abrir todo y pasar frio. Hay que abrir lo necesario.
Y eso se sabe midiendo el nivel de CO2 en el ambiente

https://t.co/rSVjw8K2a7"	https://twitter.com/jorgeluisaliaga/status/1373722472051277829	[]
jorgeluisaliaga	Sun Mar 21 16:14:43 +0000 2021	3	0	"@elciudadanobv @ezeforte No entiendo qué querés decir.
¿Sos de los que niegan el contagio por aerosoles?

https://t.co/ZvAkngm84k

https://t.co/khlAto6BvM"	https://twitter.com/jorgeluisaliaga/status/1373669411199025153	[]
jorgeluisaliaga	Sun Mar 21 16:11:47 +0000 2021	10	4	@Ayresdemandalas @ezeforte @produccion_arg También muchos comercios. Están sin barbijo y se lo ponen cuando entran los clientes. En el interín llenaron todo el aire interior de aerosoles.	https://twitter.com/jorgeluisaliaga/status/1373668671709675525	[]
jorgeluisaliaga	Sun Mar 21 16:09:02 +0000 2021	0	0	"@AnTeFe69 @BAeducacion @EducacionBA Hay más contagios por aire que por superficie. Debería haber un medidor por escuela

https://t.co/rSVjw8K2a7

https://t.co/qHCcxCfL1c"	https://twitter.com/jorgeluisaliaga/status/1373667977619501057	[]
jorgeluisaliaga	Sun Mar 21 16:07:57 +0000 2021	1	0	"@analuciamarti1 Tenemos más vacunados (2.514.480) que CONFIRMADOS (2.241.739). Infectados hay muchos más, asintomáticos y leves que no fueron detectados por el sistema de salud.

Fuentes: https://t.co/hEEA7EILIf y https://t.co/Zol7E0xzuU"	https://twitter.com/jorgeluisaliaga/status/1373667705631428609	[]
jorgeluisaliaga	Sun Mar 21 16:05:16 +0000 2021	5	0	"@mdounlz @ezeforte @ValeriaRoman Con UN medidor por escuela ya se puede controlar, verificar y que docentes y padres estén tranquilos.
Afuera cuestan entre U$S 50 y 200.
Acá arrancan por $ 20.000. Accesible.

Yo puse circuito y código para armarlos (así cuesta menos)

https://t.co/rSVjw8K2a7"	https://twitter.com/jorgeluisaliaga/status/1373667033276108802	[]
jorgeluisaliaga	Sun Mar 21 16:03:08 +0000 2021	1	0	@microagencia @norabar Subió un poco la positividad, se deberían confirmar un porcentaje un poco mayor. no mucho.	https://twitter.com/jorgeluisaliaga/status/1373666495998361601	[]
jorgeluisaliaga	Sun Mar 21 16:02:02 +0000 2021	1	0	"@ezeforte @BAeducacion @EducacionBA Gracias por el interés.
Yo puse público como hacerlos (circuito y código libre)

https://t.co/rSVjw8K2a7

Además en esa página lista de fabricantes que detecté.

Para consultas con @unahurlingham por los Aire Nuevo a la casilla airenuevo@unahur.edu.ar"	https://twitter.com/jorgeluisaliaga/status/1373666217093963779	[]
jorgeluisaliaga	Sun Mar 21 16:00:06 +0000 2021	0	0	"@psiaaperez @BAeducacion @EducacionBA Me encantaría que se midiera. Se puede ayudar a que el aire se mueva con un simple ventilador apuntando hacia afuera del ambiente.
Cosas simples y económicas en lugar de gastar  83 millones en comprar 400 filtros HEPA.

https://t.co/VeCwlgMt9c"	https://twitter.com/jorgeluisaliaga/status/1373665729795518470	[]
jorgeluisaliaga	Sun Mar 21 15:57:25 +0000 2021	2	0	@PaulaAbufager @mntartara @dariogimenezcba @jorgenomefui @rquiroga777 @MaguiOliva27 @psantagapita @andyferreyra @CoronaConsultas @FabBallarini @msalnacion Me parece que están trabajando en eso. Espero que haya novedades los próximos días.	https://twitter.com/jorgeluisaliaga/status/1373665057645735941	[]
jorgeluisaliaga	Sun Mar 21 14:40:13 +0000 2021	57	16	"Gracias @ezeforte por sumarte a la campaña de difusión de la necesidad de ventilación continua, cruzada, distribuida y MEDIDA.

Necesitamos que @produccion_arg asegure disponibilidad de sensores para los que quieran armar
https://t.co/rSVjw8K2a7

Ya fabrican medidores en Arg https://t.co/6SvABResxa"	https://twitter.com/jorgeluisaliaga/status/1373645627863805955	[]
jorgeluisaliaga	Sun Mar 21 02:03:17 +0000 2021	2	1	"@isem20142015 @BAeducacion @EducacionBA 👏👏👏 Buenísimo. Cuando los tengan cuenten. Van a ver la diferencia de poder ""ver"" la ventilación. Genera enorme tranquilidad."	https://twitter.com/jorgeluisaliaga/status/1373455138854162436	[]
jorgeluisaliaga	Sun Mar 21 01:46:55 +0000 2021	1	0	@Mirtasmarcos47 @msalnacion Hay claro aumento en AMBA y en algunas provincias. Fin de semana se carga menos, pero el promedio es claramente ascendente.	https://twitter.com/jorgeluisaliaga/status/1373451022492897282	[]
jorgeluisaliaga	Sun Mar 21 01:45:51 +0000 2021	2	0	"@gasanchez58 @BAeducacion @EducacionBA Sabés que NO. Es notable. Es sólo ignorancia. Es muy fácil tener mala ventilación. Y es muy fácil tener buena. 
Si abrís un poco ventila, más si hay diferencia térmica.
Pero como nunca midieron no saben.
Mirá esto en España

https://t.co/WE1fzT88kJ"	https://twitter.com/jorgeluisaliaga/status/1373450753361244161	[]
jorgeluisaliaga	Sun Mar 21 01:43:52 +0000 2021	1	0	"@CCinnamomum @schvartz_nora @fedkukso No, esto lo publicaron en septiembre

https://t.co/uedoHjZq9f

https://t.co/trzr1PNb1I"	https://twitter.com/jorgeluisaliaga/status/1373450253626642441	[]
jorgeluisaliaga	Sun Mar 21 01:41:50 +0000 2021	1	0	@isem20142015 @BAeducacion @EducacionBA Excelente. ¿Qué municipio?	https://twitter.com/jorgeluisaliaga/status/1373449739920883717	[]
jorgeluisaliaga	Sun Mar 21 01:41:23 +0000 2021	3	0	"@silansua @BAeducacion @EducacionBA Desde la reforma de 1994 la educación la maneja cada jurisdicción. Se aprueba a nivel general lo acordado en el Consejo Federal de Educación.
@INETetp podría haber ofrecido kits a las escuelas técnicas, pero parece que no lo vieron.
@MuniHurlingham y @MunicipioMoron van a tener."	https://twitter.com/jorgeluisaliaga/status/1373449628121718787	[]
jorgeluisaliaga	Sun Mar 21 01:37:18 +0000 2021	3	0	@threadreaderapp unroll	https://twitter.com/jorgeluisaliaga/status/1373448600856977411	[]
jorgeluisaliaga	Sun Mar 21 01:37:08 +0000 2021	8	0	"Todos los informes e información en mi sitio

https://t.co/OOPfZIjwmV

La Tabla de datos informados por @msalnacion los puse en:

https://t.co/A6X5GTltVQ"	https://twitter.com/jorgeluisaliaga/status/1373448559513722883	[]
jorgeluisaliaga	Sun Mar 21 01:37:08 +0000 2021	2	0	Confirmados en CABA y PBA según grupo etario, con detalle de edades escolares https://t.co/mJurTYmutZ	https://twitter.com/jorgeluisaliaga/status/1373448557739540485	[]
jorgeluisaliaga	Sun Mar 21 01:37:06 +0000 2021	2	0	"Edad promedio de confirmados y de mayores de 70 años por semana de inicio de síntoma.
Cantidad de fallecidos y su edad media, y fallecidos mayores de 70 años por semana de inicio de síntoma. https://t.co/mZGZfcVJ8X"	https://twitter.com/jorgeluisaliaga/status/1373448551238402050	[]
jorgeluisaliaga	Sun Mar 21 01:37:05 +0000 2021	2	0	"Los cargados demorados de hoy:
3 de SEPTIEMBRE Salta
9 de OCTUBRE Salta
3 de NOVIEMBRE Salta"	https://twitter.com/jorgeluisaliaga/status/1373448544535900166	[]
jorgeluisaliaga	Sun Mar 21 01:37:04 +0000 2021	2	0	"De los 42 informados como fallecidos, 16 fallecieron hace más de 14 días.
Un caso reclasificado, el 8779320 cargado por Formosa el 19/3/2021.
Se muestra días entre inicio de síntoma y fallecimiento, largas internaciones. https://t.co/SqVq3Nx2zz"	https://twitter.com/jorgeluisaliaga/status/1373448542791086084	[]
jorgeluisaliaga	Sun Mar 21 01:37:03 +0000 2021	1	0	Casos confirmados y sospechosos por fecha de apertura en CABA y PBA https://t.co/SowfZqbrK7	https://twitter.com/jorgeluisaliaga/status/1373448535727824897	[]
jorgeluisaliaga	Sun Mar 21 01:37:01 +0000 2021	1	0	Detalles de Tests Confirmados, Descartados y Sospechosos según residencia en PBA y CABA por semana, con detalles según lugar de carga y sector público o privado. Amarillo es lo pendiente. https://t.co/3ROG8Phttn	https://twitter.com/jorgeluisaliaga/status/1373448530552090630	[]
jorgeluisaliaga	Sun Mar 21 01:37:00 +0000 2021	1	0	"Ya se hicieron 6.742.796 Tests PCR de diagnóstico (error +/- 10 tests), 30,2% de positividad.
Hoy 38.436, 14,3% la positividad. 
Cuando teníamos 10% de positividad (10/5) había 250-300 casos por día. https://t.co/6leHiupNCZ"	https://twitter.com/jorgeluisaliaga/status/1373448525141438464	[]
jorgeluisaliaga	Sun Mar 21 01:36:59 +0000 2021	2	0	"Los casos ordenados por fecha de síntoma, promediada cada día los últimos 7 en lineal y semi-log (ver inf 24/7). Y Por millón de habitantes.
Hasta ahora las amarillas ""predicen"" lo que van a hacer las curvas x síntoma cuando entren casos de esas fechas, atención la suba. https://t.co/fs0NWJDC8U"	https://twitter.com/jorgeluisaliaga/status/1373448519902765056	[]
jorgeluisaliaga	Sun Mar 21 01:36:57 +0000 2021	2	0	"Sitios con datos / figuras

Gran info regional: Soledad Retamar @sole_reta 

https://t.co/LLv9J5EA7o

Rodrigo Castro @RodrigoD_Castro

https://t.co/9etT4FOHyf"	https://twitter.com/jorgeluisaliaga/status/1373448513309315077	[]
jorgeluisaliaga	Sun Mar 21 01:36:57 +0000 2021	3	0	"Hilos recomendados:

Semáforo: Martin Barrionuevo @mmbarrionuevo 

https://t.co/a7hDrdRLbW

Rio Negro+Neuquen: Clari Cardozo Castro @ClariCardozoCas 

Diseño @TotinFraire Elaboración @Fedwr 

https://t.co/ZlLGnNXFVv"	https://twitter.com/jorgeluisaliaga/status/1373448511627390978	[]
jorgeluisaliaga	Sun Mar 21 00:16:58 +0000 2021	2	0	@CCinnamomum @schvartz_nora @fedkukso No es igual en todo el país.	https://twitter.com/jorgeluisaliaga/status/1373428384068419584	[]
jorgeluisaliaga	Sun Mar 21 00:12:36 +0000 2021	223	74	"Una pena que no se haya decidido todavía avanzar con medir CO2 en los colegios.
Recomendar ventilar, y puertas y ventanas abiertas está ok.
Pero no se va a cumplir cuando haga frio. 
Si se mide se puede regular cuanto abrir y estar seguros.

@BAeducacion @EducacionBA https://t.co/BQRBoa5sKR"	https://twitter.com/jorgeluisaliaga/status/1373427283256610821	[]
jorgeluisaliaga	Sun Mar 21 00:05:22 +0000 2021	5	0	"@fofoquiroga @s_dipino @ezequielgalli @paulibottino @nachocerdera @alexisdechillar @martinchor @JorgeScotton @JosefinaB @mmbarrionuevo parece que se está complicando.
Hay que insistir con la ventilación en los lugares cerrados."	https://twitter.com/jorgeluisaliaga/status/1373425463671029763	[]
jorgeluisaliaga	Sun Mar 21 00:04:08 +0000 2021	3	0	"@Rory1584 @psantagapita @LataOxidada @CoronaConsultas @FabBallarini @jorgenomefui @rquiroga777 Hay que saber si el aire acondicionado toma aire el exterior (como cuando se pone el del auto en ventilación y no recirculando) y si hay ""rejillas"" que permitan que el aire salga. Con eso se podría generar corriente de aire. 
Una forma de sacarse la duda es medir CO2."	https://twitter.com/jorgeluisaliaga/status/1373425152839487489	[]
jorgeluisaliaga	Sun Mar 21 00:01:10 +0000 2021	2	0	@CCinnamomum @schvartz_nora @fedkukso Cuando tenés muchos casos tenés menos capacidad de detectar y sólo ves los casos mas complicados.	https://twitter.com/jorgeluisaliaga/status/1373424409919287297	[]
jorgeluisaliaga	Sat Mar 20 23:59:46 +0000 2021	2	0	@CCinnamomum @schvartz_nora @fedkukso En UK en abril de 2020 detectaban 1 de cada 50 contagiados. A fin de año era muchísimo mejor. Por eso la diferencia entre confirmados y fallecidos en los máximos https://t.co/nL8PnGFW0M	https://twitter.com/jorgeluisaliaga/status/1373424055706132485	[]
jorgeluisaliaga	Sat Mar 20 23:56:40 +0000 2021	2	0	"@SantosKrikorian @Andrea_Gentil @haydeecinha @TV_Publica @unahurlingham No, hay que abrir un poco todo el tiempo.
Lo mejor es VENTILACIÓN CONTINUA, DISTRIBUIDA, CRUZADA Y ... MEDIDA 😀, como dice @aireamos y @jljcolorado 

https://t.co/qHCcxCfL1c"	https://twitter.com/jorgeluisaliaga/status/1373423274986778630	[]
jorgeluisaliaga	Sat Mar 20 20:59:18 +0000 2021	9	2	En Irlanda también se minimiza el contagio por aire, a pesar de que los expertos lo alertan desde hace meses. https://t.co/im4UbjVnbL	https://twitter.com/jorgeluisaliaga/status/1373378639140642816	[]
jorgeluisaliaga	Sat Mar 20 20:56:09 +0000 2021	0	0	@mpaucol @mntartara @dariogimenezcba @jorgenomefui @rquiroga777 @MaguiOliva27 @psantagapita @andyferreyra @CoronaConsultas @FabBallarini @Exactas_UBA Zona Congreso y Donado.	https://twitter.com/jorgeluisaliaga/status/1373377847432253450	[]
jorgeluisaliaga	Sat Mar 20 20:55:34 +0000 2021	2	0	"@FrigeriMonica @psantagapita @dianamaffia @CoronaConsultas @FabBallarini @jorgenomefui @rquiroga777 es MUY común que haya mala ventilación en centros médicos. Prestan poca atención a eso. Y cierran si llueve o baja la temperatura en lugar de dejar un poco abierto para que circule aire. ¿cuanto? se sabe midiendo CO2

https://t.co/rSVjw8K2a7"	https://twitter.com/jorgeluisaliaga/status/1373377699918536709	[]
jorgeluisaliaga	Sat Mar 20 20:53:41 +0000 2021	6	2	"@SantosKrikorian @Andrea_Gentil @haydeecinha @TV_Publica Acá tenés como se pueden construir (fácil para escuela técnica o universidad).

https://t.co/rSVjw8K2a7

Además lista de empresas que ya están fabricando, además de importados. 
Y Notas que di, la primera el 8/1 en TV-Pública
Y @unahurlingham está haciendo para municipios."	https://twitter.com/jorgeluisaliaga/status/1373377225265979400	[]
jorgeluisaliaga	Sat Mar 20 20:47:49 +0000 2021	6	0	"A partir del 5/2/21 saco el informe en dos partes, la primera cuando sale el parte diario y el complemento cuando se actualiza la base de datos, después de las 21:30.

FIN PRIMERA PARTE."	https://twitter.com/jorgeluisaliaga/status/1373375751676960770	[]
jorgeluisaliaga	Sat Mar 20 20:47:49 +0000 2021	6	1	"Hoy se llegó a 54.517 (+42) personas fallecidas. 
Se reportaron 2.023.664 (+6935) personas recuperadas (90,3%). 
3534 (0) en Terapia. 
Distintos estados de casos en escala semi-logaritmica. 
Lineal muertos y UTI para ver fácil subas. https://t.co/a2laOHkO4Q"	https://twitter.com/jorgeluisaliaga/status/1373375749919539201	[]
jorgeluisaliaga	Sat Mar 20 20:47:48 +0000 2021	0	0	Evolución de la vacunación en todo el país, CABA y PBA. Porcentaje de vacunas aplicadas en relación con las distribuidas. https://t.co/2ZwSMZ4UTC	https://twitter.com/jorgeluisaliaga/status/1373375745238634499	[]
jorgeluisaliaga	Sat Mar 20 20:47:47 +0000 2021	0	0	Avance de la Vacunación por provincia según datos cargado hasta hoy a las 6 AM de &gt;&gt; https://t.co/bBb2CUzoT6 https://t.co/ibSRaIGJHx	https://twitter.com/jorgeluisaliaga/status/1373375739962228743	[]
jorgeluisaliaga	Sat Mar 20 20:47:45 +0000 2021	0	0	"Muestro ajuste.  Uso el crecimiento exponencial con que se ajustaban los datos al 25/3 para una logística, más adecuado en esta etapa de la epidemia, que explico en detalle en este documento (estimo infectados asumiendo un 70% de asintomáticos): 

https://t.co/xDGEjpspvW https://t.co/JFQCICRJHW"	https://twitter.com/jorgeluisaliaga/status/1373375734836822023	[]
jorgeluisaliaga	Sat Mar 20 20:47:44 +0000 2021	1	0	"Fallecidos por millón de habitantes por provincia.
Detalle de fecha del último caso de cada provincia. Todas las provincias activas. 
También muestro cantidad de días sin casos por provincia y provincias con casos y casos durante la epidemia. https://t.co/vhRaIjn1Ge"	https://twitter.com/jorgeluisaliaga/status/1373375730038546434	[]
jorgeluisaliaga	Sat Mar 20 20:47:43 +0000 2021	0	1	"Para los que les sirva, muestro datos más simples de leer de distribución de casos confirmados y muertos, y casos confirmados y muertos por millón de habitantes, por provincia.
También una página interactiva.

https://t.co/UoryUFDQ2D
-------------------------- https://t.co/BIu2OK3vhm"	https://twitter.com/jorgeluisaliaga/status/1373375725479284736	[]
jorgeluisaliaga	Sat Mar 20 20:47:42 +0000 2021	0	0	"Neuquén, Rio Negro, Chubut, Santa Cruz
Casos Diarios, Prom últimos 7 días, SUMA de últimos 14 días / 100.000 habitantes. Días de Duplicación, Log-Log Nuevos vs Total de Casos. 
INCIDENCIA y Factor de Crecimiento. Promedio de confirmados diarios últimas 15 semanas. https://t.co/6hzt2JVmp0"	https://twitter.com/jorgeluisaliaga/status/1373375719858917378	[]
jorgeluisaliaga	Sat Mar 20 20:47:41 +0000 2021	1	0	"La Rioja, San Juan, San Luis, Mendoza
Casos Diarios, Prom últimos 7 días, SUMA de últimos 14 días / 100.000 habitantes. Días de Duplicación, Log-Log Nuevos vs Total de Casos. 
INCIDENCIA y Factor de Crecimiento. Promedio de confirmados diarios últimas 15 semanas. https://t.co/Ux4Na1FMwD"	https://twitter.com/jorgeluisaliaga/status/1373375714230157317	[]
jorgeluisaliaga	Sat Mar 20 20:47:39 +0000 2021	0	0	"Jujuy, Salta, Tucumán, Catamarca 
Casos Diarios, Prom últimos 7 días, SUMA de últimos 14 días / 100.000 habitantes. Días de Duplicación, Log-Log Nuevos vs Total de Casos. 
INCIDENCIA y Factor de Crecimiento. Promedio de confirmados diarios últimas 15 semanas. https://t.co/MddVSTuxRs"	https://twitter.com/jorgeluisaliaga/status/1373375708819562497	[]
jorgeluisaliaga	Sat Mar 20 20:47:38 +0000 2021	0	0	"Entre Ríos, Corrientes, Misiones, Formosa
Casos Diarios, Prom últimos 7 días, SUMA de últimos 14 días / 100.000 habitantes. Días de Duplicación, Log-Log Nuevos vs Total de Casos. 
INCIDENCIA y Factor de Crecimiento. Promedio de confirmados diarios últimas 15 semanas. https://t.co/5NPfBVJGUu"	https://twitter.com/jorgeluisaliaga/status/1373375703601795074	[]
jorgeluisaliaga	Sat Mar 20 20:47:37 +0000 2021	0	0	"Santa Fé, Córdoba, Chaco, Santiago del Estero
Casos Diarios, Prom últimos 7 días, SUMA de últimos 14 días / 100.000 habitantes. Días de Duplicación, Log-Log Nuevos vs Total de Casos. 
INCIDENCIA y Factor de Crecimiento. Promedio de confirmados diarios últimas 15 semanas. https://t.co/Pmxmn9dBeE"	https://twitter.com/jorgeluisaliaga/status/1373375697910181896	[]
jorgeluisaliaga	Sat Mar 20 20:47:35 +0000 2021	0	0	"CABA, PBA, La Pampa, Tierra del Fuego 
Casos Diarios, Prom últimos 7 días, SUMA de últimos 14 días / 100.000 habitantes. Días de Duplicación, Log-Log Nuevos vs Total de Casos. 
INCIDENCIA y Factor de Crecimiento. Promedio de confirmados diarios últimas 15 semanas. https://t.co/KEbRuZspZd"	https://twitter.com/jorgeluisaliaga/status/1373375692180701186	[]
jorgeluisaliaga	Sat Mar 20 20:47:33 +0000 2021	1	0	"Muestro la evolución de la cantidad de días necesarios para duplicar (x2) y para decuplicar (x10) (Total y Activos).
La cantidad de días para duplicación aumento de entre 3 y 4 a 26 y ahora está en 195. Por 10 en 648 días. https://t.co/OLZ587TvR2"	https://twitter.com/jorgeluisaliaga/status/1373375684727480325	[]
jorgeluisaliaga	Sat Mar 20 20:47:32 +0000 2021	2	0	"Evolución de la INCIDENCIA y del Factor de Crecimiento (ver Inf del 16/4). 
Muestro también la evolución de la tasa de variación de la cantidad de casos cada 2, 4, y 10 días (ver inf 4/4 y 5/4). También detalle desde el 20/02/21. https://t.co/xDoC5b7Wce"	https://twitter.com/jorgeluisaliaga/status/1373375680541511681	[]
jorgeluisaliaga	Sat Mar 20 20:47:31 +0000 2021	4	2	Muestro en Log-Log Casos Nuevos vs Totales (promedio para cada día con los valores de los siete últimos) (si hay duda, ver inf 3/4). https://t.co/pMmJIDuFLK	https://twitter.com/jorgeluisaliaga/status/1373375676280156161	[]
jorgeluisaliaga	Sat Mar 20 20:47:31 +0000 2021	2	1	"9/1 rearmé el informe.
Total de casos según fecha de carga en escala semilogarítmica, para ver comportamiento exponencial y su velocidad.
Promedio de casos confirmados, UTI y fallecidos por fecha de carga por semana en las últimas 30 semanas. https://t.co/Q9o3i357dQ"	https://twitter.com/jorgeluisaliaga/status/1373375672329064450	[]
jorgeluisaliaga	Sat Mar 20 20:47:30 +0000 2021	1	0	"14 provincias con INCIDENCIA mayor a 150 casos / 100.000 en los últimos 14 días, y 16 provincias con Razón de Casos mayor a 1 (creciendo). 

Incidencia Nacional = 209 casos
Razón de Casos Nacional = 1,10"	https://twitter.com/jorgeluisaliaga/status/1373375668080234511	[]
jorgeluisaliaga	Sat Mar 20 20:47:29 +0000 2021	55	14	"Situación COVID-19 al 20/3

Hoy 6.826 nuevos casos confirmados.
Dos provincias con ""alto riesgo sanitario"".
Cierra semana 11 confirmando lenta suba.
Desde 21/9 nuevo formato de informe, sin detalle de tipo de caso.
La cantidad total de casos es 2.241.739. https://t.co/2eOWS5z8Ux"	https://twitter.com/jorgeluisaliaga/status/1373375664661872642	[]
jorgeluisaliaga	Sat Mar 20 20:34:34 +0000 2021	2	0	"@CCinnamomum @schvartz_nora @fedkukso Si, para el global de la epidemia suana a poco.
Algunos que miden respuesta inmune dicen que es menos, pero si es así tenemos una relación de muertos / contagios mucho peor que en Europa, y no es razonable, no colapsó nuestro sistema de salud."	https://twitter.com/jorgeluisaliaga/status/1373372416739672064	[]
jorgeluisaliaga	Sat Mar 20 20:29:23 +0000 2021	1	0	@mpaucol @mntartara @dariogimenezcba @jorgenomefui @rquiroga777 @MaguiOliva27 @psantagapita @andyferreyra @CoronaConsultas @FabBallarini @Exactas_UBA En CU siempre hay mucho viento. Es una zona muy despejada, no sólo por la proxiidad del rio sino por toda la zona baja por aeroparque y la autopista. Pero yo estoy en Villa Urquiza. Y midiendo aun abriendo poco se logra ventilar sin problemas. Hay que medir.	https://twitter.com/jorgeluisaliaga/status/1373371112449527811	[]
jorgeluisaliaga	Sat Mar 20 20:14:51 +0000 2021	2	0	"@mpaucol @mntartara @dariogimenezcba @jorgenomefui @rquiroga777 @MaguiOliva27 @psantagapita @andyferreyra @CoronaConsultas @FabBallarini Raro, del lado Rio en @Exactas_UBA no hay aulas. Son oficinas, laboratorios, biblioteca, bar, ... 
Nadie está diciendo que no debe haber ventanas, sólo abrir un poco para que corra aire."	https://twitter.com/jorgeluisaliaga/status/1373367453221273600	[]
jorgeluisaliaga	Sat Mar 20 20:12:22 +0000 2021	4	0	"@dariogimenezcba @mntartara @jorgenomefui @rquiroga777 @MaguiOliva27 @psantagapita @andyferreyra @CoronaConsultas @FabBallarini En @unahurlingham pusimos 6 renovaciones de Aire por hora

https://t.co/gLUiwprKuB 

Midiendo eso con medición de CO2, así

https://t.co/4Y2gphpg3F

Está tomado de España y Harvard."	https://twitter.com/jorgeluisaliaga/status/1373366829364695045	[]
jorgeluisaliaga	Sat Mar 20 20:11:35 +0000 2021	1	0	"@dariogimenezcba @mntartara @jorgenomefui @rquiroga777 @MaguiOliva27 @psantagapita @andyferreyra @CoronaConsultas @FabBallarini Si, es lo que ponen los ministerios de Educación. No quieren medir porque tienen miedo que de mal y tengan conflictos. Mi experiencia es que medir da bien, tranquiliza y ayuda a ajustar cuánto abrir ventanas y puertas.

(sigo)"	https://twitter.com/jorgeluisaliaga/status/1373366631792005124	[]
jorgeluisaliaga	Sat Mar 20 20:07:50 +0000 2021	1	0	"@CCinnamomum @schvartz_nora @fedkukso Eso era una estimación ""histórica"", de julio del año pasado basada en una medición que hizo CABA. No la mnodifiqué por un tema histórico.
Hay cálculos de contagiados en función de los fallecidos y el IFR según edad y sexo. Da entre 5 y 8 según la región. Ahora en CABA da menos."	https://twitter.com/jorgeluisaliaga/status/1373365686316175363	[]
jorgeluisaliaga	Sat Mar 20 19:08:25 +0000 2021	3	0	@sole_reta Uff	https://twitter.com/jorgeluisaliaga/status/1373350733635059714	[]
jorgeluisaliaga	Sat Mar 20 18:58:32 +0000 2021	3	0	"@tfourcade @jorgenomefui @MaritaG77 @rquiroga777 @MaguiOliva27 @psantagapita @andyferreyra @CoronaConsultas @FabBallarini El riesgo de contagio depende de la probabilidad de tener un caso entre las personas que están en el ambiente, de la acumulación de aire respirado, y de cuanto tiempo estás en el ambiente.
Sobre cuanto aire es recomendado ingresar, 12,5 litros / seg x persona del ambiente."	https://twitter.com/jorgeluisaliaga/status/1373348246576365570	[]
jorgeluisaliaga	Sat Mar 20 11:33:45 +0000 2021	3	0	"#BO
Exceptúase de la prohibición dispuesta, a la celebración de las elecciones de autoridades internas del partido político Unión Cívica Radical de la Provincia de Buenos Aires.

https://t.co/zC2LJ3DGbH"	https://twitter.com/jorgeluisaliaga/status/1373236314779312129	[{'text': 'BO', 'indices': [0, 3]}]
jorgeluisaliaga	Sat Mar 20 11:33:45 +0000 2021	7	2	"#BO
Institúyese, por única vez, el premio “JUANA AZURDUY A LA LUCHA POR LA DEFENSA DE LOS DERECHOS HUMANOS”, para reconocer a las MADRES Y ABUELAS DE PLAZA DE MAYO por su trayectoria al haber llevado adelante la lucha por la Memoria, Verdad y Justicia.

https://t.co/hN1QsK3qFc"	https://twitter.com/jorgeluisaliaga/status/1373236313479069702	[{'text': 'BO', 'indices': [0, 3]}]
