screen_name	date	fav	retweet	text	url	hashtags
plenque	Wed May 19 02:05:56 +0000 2021	0	0	@ind0mito @rusosnith @ConejoNoCanguro La demora es variable, pero no suele ser muy distinta a la de hoy. Esta es la distribución histórica hasta hoy. Acá se puede ver: https://t.co/0KPw0avhqy https://t.co/XnBjj2GjUG	https://twitter.com/plenque/status/1394836689298862093	[]
plenque	Wed May 19 01:40:55 +0000 2021	0	0	@ind0mito @rusosnith @ConejoNoCanguro Claro, la parte roja del segundo gráfico son los fallecidos de hoy en la curva general de fallecidos hasta ayer (azul). El otro gráfico son solo los de hoy por fecha.	https://twitter.com/plenque/status/1394830395695407108	[]
plenque	Wed May 19 01:32:55 +0000 2021	0	0	@ind0mito @rusosnith @ConejoNoCanguro Es el primer gráfico. Abajo están resaltados en rojo. https://t.co/ZtB44w9Uul	https://twitter.com/plenque/status/1394828381418659842	[]
plenque	Wed May 19 01:19:14 +0000 2021	0	0	@ind0mito @rusosnith @ConejoNoCanguro Resumen de novedades: https://t.co/svhF5ZB0yV	https://twitter.com/plenque/status/1394824938171797505	[]
plenque	Wed May 19 01:18:53 +0000 2021	26	5	"Diferencias en el dataset de hoy 18/05 para Argentina. Son 35.598 nuevos casos confirmados (35.546 neto) y 745 fallecidos (744 neto).

https://t.co/uzR5pQA803 https://t.co/0RpJpJIQp0"	https://twitter.com/plenque/status/1394824849575514112	[]
plenque	Wed May 19 01:17:32 +0000 2021	1	0	@ind0mito @rusosnith @ConejoNoCanguro Justo recién terminé de procesar el de hoy y me da 71771 fallecidos confirmados y un total de 85697 registros fallecidos.	https://twitter.com/plenque/status/1394824509836996615	[]
plenque	Wed May 19 01:09:04 +0000 2021	1	0	@ind0mito @rusosnith @ConejoNoCanguro Fijate que ya es muy grande el archivo. Seguro el Excel te lo cortó.	https://twitter.com/plenque/status/1394822379302424577	[]
plenque	Tue May 18 23:53:43 +0000 2021	0	0	@fabbler La diferencia viene de antes del inicio de vacunación. Eso podría acentuarlo a lo sumo.	https://twitter.com/plenque/status/1394803415637807114	[]
plenque	Tue May 18 22:42:14 +0000 2021	2	0	@SergioFelperin Puede que sea eso.... puede haber un tema temporal. Sinceramente no sé.	https://twitter.com/plenque/status/1394785426792136716	[]
plenque	Tue May 18 22:40:07 +0000 2021	53	17	En la PBA está pasando algo parecido a lo que ocurrió el año pasado y conviene al menos separarla en dos. El AMBA habría pasado por un pico con una bajada que se frenó, pero el interior viene subiendo. https://t.co/rg3JEjM7k6	https://twitter.com/plenque/status/1394784897173164036	[]
plenque	Tue May 18 21:54:19 +0000 2021	1	0	@resparis No a los casos detectados. Se pueden hacer estimaciones, pero nada exacto.	https://twitter.com/plenque/status/1394773368839233538	[]
plenque	Tue May 18 21:41:01 +0000 2021	2	0	@ivanzizou @cbuteler @MetodoCastro Claro. Right censoring. Lo que pasó en los últimos 10/15 días aprox. todavía no está cargado.	https://twitter.com/plenque/status/1394770021054918663	[]
plenque	Tue May 18 20:04:54 +0000 2021	0	0	@rouxmarine8 ¡Me alegro mucho! No creo que alcance, pero al menos una buena.	https://twitter.com/plenque/status/1394745832449232896	[]
plenque	Tue May 18 19:58:48 +0000 2021	1	0	@marceevila ¿De dónde sale el dato de trabajadores de salud a nivel país?	https://twitter.com/plenque/status/1394744296557920256	[]
plenque	Tue May 18 19:37:05 +0000 2021	14	0	"@secter @GabCaamano No tenemos certeza. Yo me inclino por lo primero porque en diciembre del año pasado la seroprevalencia era del 16%.

https://t.co/D3ZCK5qcDC"	https://twitter.com/plenque/status/1394738834672427011	[]
plenque	Tue May 18 19:32:15 +0000 2021	718	218	Otro modo de ver el efecto de la vacunación en los trabajadores de la salud. No creo que hoy exista una política de estado más importante que conseguir vacunas. https://t.co/MpmFpSGWXk	https://twitter.com/plenque/status/1394737615954485250	[]
plenque	Tue May 18 19:11:01 +0000 2021	0	0	@constant_hevia Sin conocer nada de la teoría, me parece que el supuesto en sentido amplio debería ser que las tendencias sean similares (paralelas sería simplificarlo). No digo que probarlo sea fácil y ni hablar si te metés en un SEIR.	https://twitter.com/plenque/status/1394732272285257730	[]
plenque	Tue May 18 14:01:56 +0000 2021	3	0	@rusosnith Gracias! 🙏	https://twitter.com/plenque/status/1394654489181831169	[]
plenque	Tue May 18 13:30:38 +0000 2021	0	0	"@jrncolon @fedetiberti Bueno... en mi mundo es original de Fede 😂

El problema es que depende de la ola, edad de la población, estrategia de vacunación, tipos de vacuna. No creo que se puedan sacar conclusiones simples."	https://twitter.com/plenque/status/1394646613004591110	[]
plenque	Tue May 18 13:04:52 +0000 2021	1	0	@ltornarolli @fedetiberti No sé... con X e Y nunca los pude recordar bien! 😜	https://twitter.com/plenque/status/1394640128216293382	[]
plenque	Tue May 18 13:01:39 +0000 2021	23	2	También permite combinar variables en ratios. Este gráfico ejemplo es el que compartí los otros días (no salía del sitio). Podemos ver la relación entre casos y fallecidos de PBA y CABA. https://t.co/fq2ZbCidme	https://twitter.com/plenque/status/1394639318833147905	[]
plenque	Tue May 18 13:01:37 +0000 2021	17	1	"El primer modo es graficar una variable en función de la otra. Acá podemos ver los fallecidos diarios en las ordenadas y el avance de la vacunación en las abscisas (idea original de @fedetiberti). Obviamente, depende mucho del momento de la ""ola"" en que se empezó a vacunar. https://t.co/7dYB9fZ3pW"	https://twitter.com/plenque/status/1394639311987953665	[]
plenque	Tue May 18 13:01:36 +0000 2021	64	6	"Ya no comparto mucho los cambios del sitio, pero este es interesante. Ahora el explorador permite que uno combine variables en un gráfico para lograr indicadores un poco más complejos y (esperemos) útiles.

https://t.co/VU50xt5xhF"	https://twitter.com/plenque/status/1394639306464038913	[]
plenque	Tue May 18 03:01:39 +0000 2021	0	0	@BenyiTratativa Solo 6 tienen FIS. La enorme mayoría no tiene.	https://twitter.com/plenque/status/1394488322391691266	[]
plenque	Tue May 18 02:55:01 +0000 2021	0	0	@rusosnith Y bastante focalizado en la capital. https://t.co/pJz4YKdgx0	https://twitter.com/plenque/status/1394486656737107972	[]
plenque	Tue May 18 02:46:49 +0000 2021	19	2	Así queda la curva. https://t.co/6SKLNmt7D0	https://twitter.com/plenque/status/1394484592464252935	[]
plenque	Tue May 18 02:39:43 +0000 2021	28	5	El día de hoy se incorporaron 5628 registros de Formosa que corresponden a estas fechas de diagnóstico. https://t.co/EOttrqISgb	https://twitter.com/plenque/status/1394482803304239105	[]
plenque	Tue May 18 02:39:41 +0000 2021	26	2	"Diferencias en el dataset de hoy 17/05 para Argentina. Son 28.757 nuevos casos confirmados (28.675 neto) y 505 fallecidos.

https://t.co/WHgeWfPeWI https://t.co/ih1bsBX7qL"	https://twitter.com/plenque/status/1394482796664610821	[]
plenque	Tue May 18 01:37:38 +0000 2021	5	0	@srodriguezrey Mirá si bajan los casos	https://twitter.com/plenque/status/1394467179173666816	[]
plenque	Mon May 17 22:55:49 +0000 2021	2	0	@quibaldova @silvinamarq Esos son los casos de ayer de Formosa. La fecha  de los de hoy recién se podrá saber cuando salga el dataset alrededor de las 23:20.	https://twitter.com/plenque/status/1394426456923680771	[]
plenque	Mon May 17 22:50:15 +0000 2021	5	0	@lucasllach El problema es que nadie lo pueda saber con la info que es pública.	https://twitter.com/plenque/status/1394425056462352390	[]
plenque	Mon May 17 22:41:01 +0000 2021	8	0	@lucasllach De UTI solo sabés la ocupación y no tenés datos de flujo como para saberlo. El dataset tiene ingresos, pero muy incompleto.	https://twitter.com/plenque/status/1394422733472161795	[]
plenque	Mon May 17 21:54:09 +0000 2021	17	1	@ProgramaAEDuns Es un camino peligroso porque habilita casi cualquier interpretación.	https://twitter.com/plenque/status/1394410939290685441	[]
plenque	Mon May 17 21:05:56 +0000 2021	2	0	@ltornarolli @Oxalix2 En el SISA, hasta ayer, figuran 163 (contra los 303 de esa captura). Los que están cargados no tienen mucha demora. https://t.co/rkWoAFft9m	https://twitter.com/plenque/status/1394398803411804165	[]
plenque	Mon May 17 20:27:32 +0000 2021	33	6	Los 1277 nuevos casos que aparecieron ayer en el dataset tienen estas fechas de diagnóstico. Por la noche veremos las fechas de los +5500 de hoy. https://t.co/btJ2fzMqUo https://t.co/t7rY37sFCH	https://twitter.com/plenque/status/1394389143485091840	[]
plenque	Mon May 17 17:48:37 +0000 2021	2	0	@BideMaximiliano @fedetiberti @CFGrin ¡Suponiendo que todos tienen DNI! Yo nunca laburé en el estado, pero me tocó ver datos de algunas cosas. El dataset siempre parece mucho más simple de lo que te imaginás.	https://twitter.com/plenque/status/1394349150670663681	[]
plenque	Mon May 17 17:37:58 +0000 2021	1	0	@fedetiberti @BideMaximiliano @CFGrin Sería fácil suponiendo que el cruce lo tengan. Se me ocurre que en la maraña de bases de datos del estado puede que no siempre sea así.	https://twitter.com/plenque/status/1394346470451687424	[]
plenque	Mon May 17 15:49:00 +0000 2021	14	0	@lucasllach Va el análisis limitado a sus áreas metropolitanas más grandes. Igual Colombia tiene una pirámide ligeramente más joven y habría que estandarizar. https://t.co/nnjEo5p9rL	https://twitter.com/plenque/status/1394319047999823873	[]
plenque	Mon May 17 11:38:45 +0000 2021	1	0	@ProgramaAEDuns Excelente. Gracias.	https://twitter.com/plenque/status/1394256067119419392	[]
plenque	Mon May 17 02:45:22 +0000 2021	52	7	"No salieron datos desde el jueves por la noche así que hoy incluyo información de 3 días acumulados. Diferencias en el dataset de 14/05, 15/05 y 16/05 para Argentina. Fueron 65321 nuevos casos confirmados (65183 neto) y 1271 fallecidos (1268 neto).

https://t.co/C394DuIb5G https://t.co/WbKN4aJd9N"	https://twitter.com/plenque/status/1394121839845298177	[]
plenque	Mon May 17 02:10:10 +0000 2021	1	0	@MarcosMac0 No lo creo porque hay solo registros desde los últimos días de diciembre y de esas hubo bastante antes. ¿Cambiarían mucho el número?	https://twitter.com/plenque/status/1394112980489547778	[]
plenque	Mon May 17 00:24:39 +0000 2021	2	0	@ltornarolli @UnTopo73 Dicho eso (había mirado en ese mismo momento) apareció un dataset. Creer o reventar. Veremos qué tiene.	https://twitter.com/plenque/status/1394086427961475074	[]
plenque	Mon May 17 00:13:17 +0000 2021	4	1	@ltornarolli @UnTopo73 Desde el jueves a las 23:20 que no aparecen datos nuevos y estoy empezando a preocuparme. Sin eso no podemos responder nada.	https://twitter.com/plenque/status/1394083567387426819	[]
plenque	Sun May 16 14:24:32 +0000 2021	2	0	@RPrimeros Efectivamente.	https://twitter.com/plenque/status/1393935402906566659	[]
plenque	Sun May 16 01:58:25 +0000 2021	11	1	@RegaCarlos Este sería nuestro equivalente. Acá habría mejorado un poco el testeo, pero no tanto. https://t.co/R89vZGp1Ua	https://twitter.com/plenque/status/1393747633487982594	[]
plenque	Sat May 15 22:17:16 +0000 2021	1	0	@SergioFelperin No tengo muchas más hipótesis.	https://twitter.com/plenque/status/1393691980601991171	[]
plenque	Sat May 15 21:56:53 +0000 2021	10	0	@ajmechet ¿Dónde salieron esos gráficos? Gracias.	https://twitter.com/plenque/status/1393686851928612867	[]
plenque	Sat May 15 21:21:05 +0000 2021	4	1	@baeles2 Siempre tenés que pensar en el contrafáctico. Difícil tener certezas, pero si no vacunabas 70+ podría haber sido un desastre.	https://twitter.com/plenque/status/1393677843016699913	[]
plenque	Sat May 15 21:08:56 +0000 2021	3	0	@efgodoy93 Todavía no tenemos datos de mortalidad 2020 así que es imposible saberlo con exactitud.	https://twitter.com/plenque/status/1393674782932185089	[]
plenque	Sat May 15 21:08:18 +0000 2021	3	0	@juvbeneguista Sería más que nada primera dosis porque hay poco de segunda. Hay de todas las vacunas así que es medio difícil saber. No podemos cruzar los fallecidos con la vacunación que sería lo ideal.	https://twitter.com/plenque/status/1393674623846391809	[]
plenque	Sat May 15 21:05:13 +0000 2021	3	0	@PedroPoliti Las velocidades fueron distintas y variables. 80+ fue relativamente lento al lado de 70-79. No olvidemos que es primera dosis así que menos exacto todavía. https://t.co/HqBw4ETRlC	https://twitter.com/plenque/status/1393673850097897487	[]
plenque	Sat May 15 20:52:51 +0000 2021	121	16	Hace tiempo que no lo compartía y ya se ve un poquito más del panorama en CABA. Los fallecimientos 70-79 crecieron bastante menos que 60-69 como antes había ocurrido con 80+. La franja 60+ representa ~88% de los fallecidos y creo que el cambio será importante cuando termine. https://t.co/RospaIV8MT	https://twitter.com/plenque/status/1393670735604944899	[]
plenque	Sat May 15 19:38:08 +0000 2021	1	0	@cociclo Tests (+ y -) que van al dataset y positivos por diagnóstico clínico epidemiológico (sin test). No tengo a mano la resta de estos últimos.	https://twitter.com/plenque/status/1393651933160820742	[]
plenque	Sat May 15 18:54:17 +0000 2021	4	1	@cociclo Tenemos los diagnósticos que se cargan al dataset que son la mayoría, pero ojo que lo que publican es por lugar de residencia y montones de personas se testean en CABA. Pero solo con esa división (lugar de residencia) te queda así por cada 100k habitantes. https://t.co/cfKF6r1Rke	https://twitter.com/plenque/status/1393640896730632192	[]
plenque	Sat May 15 14:03:04 +0000 2021	2	0	@TajerAndres @diegotajer Parece el de El Mago de Oz. Huelo conspiración!	https://twitter.com/plenque/status/1393567612924223489	[]
plenque	Sat May 15 14:00:04 +0000 2021	1	0	@andy_tow @rusosnith Eso sospechaba.	https://twitter.com/plenque/status/1393566857538457603	[]
plenque	Sat May 15 13:59:01 +0000 2021	2	0	@mjose_74 No tengo idea. Espero que no.	https://twitter.com/plenque/status/1393566592265490434	[]
plenque	Sat May 15 13:57:46 +0000 2021	1	0	@andy_tow @rusosnith También celebro que tu discusión con una entelequia vaya tan bien.	https://twitter.com/plenque/status/1393566278456123397	[]
plenque	Sat May 15 13:46:14 +0000 2021	1	0	@marcelobianco2 Epidemiológicamente es lo correcto porque uno busca saber cuándo fue el contagio y es lo más cercano. Pasa que el sistema de salud tarda en entregar la información. Siempre vemos el pasado.	https://twitter.com/plenque/status/1393563376308170756	[]
plenque	Sat May 15 13:35:18 +0000 2021	106	12	A diferencia del año pasado, mi miedo esta vez es que quede en el imaginario colectivo una idea de escuela peligrosa y el golpe sea doble. No tenemos mucho margen a esta altura.	https://twitter.com/plenque/status/1393560624953757696	[]
plenque	Sat May 15 13:35:18 +0000 2021	143	21	No solo eso. Necesitamos que cada padre sepa que el colegio no contagia más que muchas otras actividades que no frenaron, pero es más importante que prácticamente cualquiera y por mucho.	https://twitter.com/plenque/status/1393560622261014531	[]
plenque	Sat May 15 13:35:17 +0000 2021	88	9	Pero lo más importante es que se recurre a argumentos que pintan a los colegios como bombas de contagio que pueden esperar cuando es imperioso que las clases presenciales vuelvan cuanto antes. Ya pasó demasiado tiempo.	https://twitter.com/plenque/status/1393560620029595649	[]
plenque	Sat May 15 13:35:16 +0000 2021	54	6	"No compartiría, pero al menos entendería que expliquen la medida como de corto plazo y, por ser relativamente simple de implementar dada la incertidumbre, podría lograr el efecto ""martillo"" para frenar el contagio. Sin embargo, y creo que ya es evidente, no alcanza."	https://twitter.com/plenque/status/1393560616795783172	[]
plenque	Sat May 15 13:35:16 +0000 2021	160	40	Lo que a mi me preocupa más del tema escuelas es la comunicación. Para sustentar la medida (y el conflicto político asociado) se recurre a caminos que pueden ser peligrosos en lo inmediato.	https://twitter.com/plenque/status/1393560614635720707	[]
plenque	Sat May 15 13:30:20 +0000 2021	1	0	@marcelobianco2 Por FIS siempre es complicado por el right censoring (la información tarda en llegar). Baja más lento me parece.	https://twitter.com/plenque/status/1393559374992449539	[]
plenque	Sat May 15 00:37:21 +0000 2021	3	0	@Crst_C @ltornarolli Entiendo y estoy de acuerdo, pero me parecen dos discusiones distintas. Una es la calidad del informe y otras las políticas a seguir. Ya de movida, asumir que estamos ante un escenario de incertidumbre y transmitirlo es importante.	https://twitter.com/plenque/status/1393364845353897988	[]
plenque	Fri May 14 23:34:33 +0000 2021	4	0	@PabloRichly Se quedó ahí estancado. https://t.co/elLquOhIC8	https://twitter.com/plenque/status/1393349041887535104	[]
plenque	Fri May 14 19:42:48 +0000 2021	3	0	@fedetiberti @fromthewest86 Se animan a responder sí en una encuesta. Digamos todo.	https://twitter.com/plenque/status/1393290719259922442	[]
plenque	Fri May 14 17:22:30 +0000 2021	2	1	"@vaik92 @Matiasevan ¡Para nada! Se pueden usar ambas, solo que comparar letalidad depende de demasiadas cosas (testeo, momento de la curva, etc.). La mortalidad es un dato más ""duro""."	https://twitter.com/plenque/status/1393255413429284871	[]
plenque	Fri May 14 17:18:04 +0000 2021	1	0	@vaik92 @Matiasevan Ojo que eso es mortalidad más que letalidad. La segunda depende demasiado del testeo y es muy difícil de usar para comparaciones. Los otros días grafiqué la curva estandarizada de mortalidad en el tiempo para 3 provincias: https://t.co/TzqUKN9c8i	https://twitter.com/plenque/status/1393254296892977155	[]
plenque	Fri May 14 15:00:56 +0000 2021	1	0	@PabloRichly @JohnPernik Eso es lo que dice O'Driscoll, pero me parece que la IFR está un poco subestimada o al menos eso da la impresión cuando lo aplicamos a nuestros números. Necesitamos seroprevalencia.	https://twitter.com/plenque/status/1393219785589202945	[]
plenque	Fri May 14 02:42:55 +0000 2021	19	2	"Diferencias en el dataset de hoy 13/05 para Argentina. Son 26626 nuevos casos confirmados (26531 neto) y 448 fallecidos (447 neto).

https://t.co/oecPRYNOpQ https://t.co/xqtiGqEyUF"	https://twitter.com/plenque/status/1393034057404063748	[]
plenque	Thu May 13 20:36:16 +0000 2021	2	0	@valenzine @Apuntes_ Tienen un ticket que permite combinar SkyTrain, Bus y barquito... solo falta el avión!	https://twitter.com/plenque/status/1392941788940353540	[]
plenque	Thu May 13 16:23:02 +0000 2021	1	0	"@ndchiariello @Nicolas_Ajz @pdomingr Si normalizás con el check ""Por problación"" hace lo mismo teniendo en cuenta la cantidad de gente en cada franja (proporciones sobre datos por millón) que, creo yo, es lo más riguroso. Obvio que depende de lo que quieras analizar."	https://twitter.com/plenque/status/1392878057963335681	[]
plenque	Thu May 13 15:51:04 +0000 2021	1	0	"@ndchiariello @Nicolas_Ajz @pdomingr Tenés que entrar acá, sacar ""Heatmap"" y darle a ""Enviar"". Luego podés controlar si salen apiladas o no con los filtros de la segunda fila.

https://t.co/KgUargUzrD"	https://twitter.com/plenque/status/1392870015465103366	[]
plenque	Thu May 13 15:45:54 +0000 2021	1	0	@ndchiariello @Nicolas_Ajz @pdomingr Sí, tengo publicados los mismos mismos en el sitio. Igual no confiaría tanto en el de terapia porque los datos no son completos.	https://twitter.com/plenque/status/1392868712743591937	[]
plenque	Thu May 13 15:43:11 +0000 2021	1	0	@pdomingr @Nicolas_Ajz Perdón, pero no sé si entendí. ¿No deberían juntarse todas las líneas ahí?	https://twitter.com/plenque/status/1392868030401720321	[]
plenque	Thu May 13 15:22:09 +0000 2021	0	0	@rusosnith @Nicolas_Ajz @pdomingr El problema es que si fuera relativo a una fecha se juntarían todas en algún momento y no pude encontrarlo.	https://twitter.com/plenque/status/1392862736510595072	[]
plenque	Thu May 13 15:18:14 +0000 2021	0	0	@Nicolas_Ajz @pdomingr ¿Qué hay en el eje y?	https://twitter.com/plenque/status/1392861751906082821	[]
plenque	Thu May 13 14:20:31 +0000 2021	1	0	"@gaston___b No es que asigne valor, pero sería algo así. Acá está descripto en detalle si te interesa: https://t.co/ov89XAumPw

No sé si puedo acotar nada respecto a cuidados. Pasa que eso no se puede medir y este es un ejercicio descriptivo de los datos que tenemos."	https://twitter.com/plenque/status/1392847225705930755	[]
plenque	Thu May 13 03:19:33 +0000 2021	1	0	"@dagorret Buenas.

fa = fecha de apertura. el momento en que se inicia el caso (luego de fis).
fis = fecha de inicio de síntomas. como no todos la tienen, uso fa cuando no está.
fis_ajustada = igual a fis, pero cuando no está uso fis - 4 días (que es la demora promedio)."	https://twitter.com/plenque/status/1392680891076550660	[]
plenque	Thu May 13 03:12:46 +0000 2021	1	0	@pumbapupi Bueno.... entré a mirar y ya están los datos 2019. Ahora faltan 2020.	https://twitter.com/plenque/status/1392679181104857094	[]
plenque	Thu May 13 02:46:15 +0000 2021	20	7	"Diferencias en el dataset de hoy 12/05 para Argentina. Son 24549 nuevos casos confirmados (24477 neto) y 496 fallecidos.

https://t.co/g54Jil7qYM https://t.co/fWnRHNmKcj"	https://twitter.com/plenque/status/1392672510194458625	[]
plenque	Thu May 13 01:44:49 +0000 2021	1	0	@pumbapupi Por el momento no. Los últimos datos de mortalidad disponibles son de 2018.	https://twitter.com/plenque/status/1392657049113309185	[]
plenque	Thu May 13 01:35:55 +0000 2021	23	0	"El procedimiento que apliqué es el mismo que describí en este hilo. La única diferencia es que utilicé como estándar la pirámide de Argentina y no de varios países.

https://t.co/lDHT92MREv"	https://twitter.com/plenque/status/1392654809291968516	[]
plenque	Thu May 13 01:35:54 +0000 2021	36	1	Al poner a la par la mortalidad estandarizada y sin estandarizar se ve claramente el efecto de la edad de cada población. https://t.co/mlWi0oDVsc	https://twitter.com/plenque/status/1392654806192435202	[]
plenque	Thu May 13 01:35:53 +0000 2021	151	44	Me había quedado pendiente graficar la evolución de la mortalidad estandarizada. Aquí podemos ver que la primera ola, contemplando la edad de la población, generó picos bastante parecidos en CABA, PBA y Santa Fe. Pero en la segunda, hasta ahora, parece haber sido mayor en la PBA. https://t.co/nDgqRKmn8m	https://twitter.com/plenque/status/1392654799691210753	[]
plenque	Thu May 13 00:25:15 +0000 2021	2	0	@srodriguezrey @rusosnith maximus maximus the merciful	https://twitter.com/plenque/status/1392637023857659905	[]
plenque	Wed May 12 23:28:56 +0000 2021	85	10	Ahora toca prohibir el frío https://t.co/DLxfrf9XU2	https://twitter.com/plenque/status/1392622852491431938	[]
plenque	Wed May 12 21:17:35 +0000 2021	6	0	@guido__ce @martinvalak @fedetiberti @nicogrosman @rquiroga777 @primolouis @s_mosquera_ A partir de ahí generemos consensos sobre qué interacciones conviene restringir en base a la relación costo / beneficio que podamos estimar. Justificar con intuición medidas ya tomadas no ayuda y necesitamos que vuelvan las clases. No puede ser de largo plazo.	https://twitter.com/plenque/status/1392589797936537600	[]
plenque	Wed May 12 20:33:11 +0000 2021	1	0	@ivanfbf No pasa solo con los economistas. Pero también es cierto que siguen existiendo blogs y los que quedaron incluso mejoraron.	https://twitter.com/plenque/status/1392578622477766659	[]
plenque	Wed May 12 19:35:23 +0000 2021	19	1	@diegotajer https://t.co/2Xv6UMjMyl	https://twitter.com/plenque/status/1392564079777271814	[]
plenque	Wed May 12 17:25:34 +0000 2021	1	0	@luciobordenave Detalle metológico: sacale siempre los últimos 2 o 3 días porque la carga tiene sesgo hacia los positivos.  El gráfico está muy bueno, pero creo que lo vamos a entender muy pocos, jajajaja	https://twitter.com/plenque/status/1392531410548936707	[]
plenque	Wed May 12 12:33:24 +0000 2021	4	0	@condegaleto Exacto. Ahí estás viendo fallecimientos por fecha real mientras que en Worldometers y el resto los ves por fecha de reporte. La curva real ya pareciera empezar a bajar, pero es confiable hasta más o menos el 30/04.	https://twitter.com/plenque/status/1392457881790844929	[]
plenque	Wed May 12 11:11:48 +0000 2021	13	0	@fedetiberti @IvanWerning Hablaría más de pico local que de inmunidad de rebaño porque el asunto viene en olas. Y tb es parte de las tendencias preexistentes. A todo esto, teniendo en cuenta el déficit de testeo, me basaría más en la evolución de mortalidad estandarizada cuando se consoliden los datos.	https://twitter.com/plenque/status/1392437347749449729	[]
plenque	Wed May 12 03:17:13 +0000 2021	8	0	@Elber_T_Brado Yo no puedo saber cuándo los casos van a subir de nuevo, pero empezaron a bajar y es esperable que luego bajen los fallecidos. Trato de no hacer proyecciones. No sé cuánto tiempo durará la baja.	https://twitter.com/plenque/status/1392317915303645186	[]
plenque	Wed May 12 03:15:13 +0000 2021	1	0	@lucasbolotner 1505 fallecidos por millón de habitantes	https://twitter.com/plenque/status/1392317409252478976	[]
plenque	Wed May 12 02:45:37 +0000 2021	37	7	El 26/04/2021 pasó a ser el día con más fallecidos COVID de la pandemia hasta ahora con 421. Hasta ayer lo era el 09/10/2020 con 409. Al parecer, a nivel país el máximo de esta nueva ola va a rondar ese día y será bastante parecido al del año pasado.	https://twitter.com/plenque/status/1392309960554524674	[]
plenque	Wed May 12 02:45:36 +0000 2021	33	5	"Diferencias en el dataset de hoy 11/05 para Argentina. Son 26053 nuevos casos confirmados (25973 neto) y 490 fallecidos.

https://t.co/jtbfBujLoZ https://t.co/wJqXBAeNkc"	https://twitter.com/plenque/status/1392309956137848832	[]
plenque	Wed May 12 02:36:54 +0000 2021	1	0	@IvanWerning @martinmontane https://t.co/BR0Oc60Z7o	https://twitter.com/plenque/status/1392307766941954050	[]
plenque	Wed May 12 02:18:18 +0000 2021	8	0	@Gabiziblat Y que estaría bueno que el estado ocupe ese lugar. Casi que no vimos ningún análisis de brote en Argentina. Me parece un esfuerzo loable, pero estaría bueno que lo hagan profesionales y en cantidad.	https://twitter.com/plenque/status/1392303087734435844	[]
plenque	Tue May 11 18:39:11 +0000 2021	14	1	@guido__ce Lo importante es ser conscientes de las limitaciones. Supongo que con el tiempo se van a poder hacer estudios serios, pero ahora hay que decidir con una gran cuota de incertidumbre. Es importante transmitir eso.	https://twitter.com/plenque/status/1392187545207857159	[]
plenque	Tue May 11 18:12:46 +0000 2021	531	87	Acá me ven buscando el impacto de medidas sin analizar contrafácticos ni positividad ni nada. https://t.co/fU6H9T9C0c	https://twitter.com/plenque/status/1392180898834038786	[]
plenque	Tue May 11 15:21:30 +0000 2021	0	0	"@JaviA96 Entiendo. Es una manera de ver la mortalidad estandarizada ""por partes"". Efectivamente, es mayor independiente del rango que tomes."	https://twitter.com/plenque/status/1392137798753398786	[]
plenque	Tue May 11 15:12:40 +0000 2021	0	0	"@JaviA96 No entendí qué sería el ""normalizado por el total de franja etaria"". ¿Es la población de esa franja en cada lugar? O sea, ¿serían los fallecidos x100k de PBA / fallecidos x 100k de CABA en cada franja?"	https://twitter.com/plenque/status/1392135574283333639	[]
plenque	Tue May 11 13:19:34 +0000 2021	19	2	"Anteayer no hubo dataset así que van novedades acumuladas. Diferencias en el dataset del 09/05 + 10/05 para Argentina. Fueron 29087 nuevos casos confirmados (28967 neto) y 779 fallecidos.

https://t.co/n9Bb2UIeLs https://t.co/fpyRbThWpo"	https://twitter.com/plenque/status/1392107113405685768	[]
plenque	Tue May 11 11:43:04 +0000 2021	0	0	@mwaichman @d_olivaw Es que el MSAL está publicando el dataset con errores. Ayer liberaron uno intermedio (corte distinto) así que si no publican el correcto en un rato lo subo.	https://twitter.com/plenque/status/1392082830063284227	[]
plenque	Tue May 11 02:46:19 +0000 2021	2	0	@nohay_banda Lo subiría, pero el MSAL lo está liberando con errores (sale cortado). Hoy más temprano liberaron uno intermedio (con distinto corte horario que el oficial). Si no corrigen proceso ese.	https://twitter.com/plenque/status/1391947749021605890	[]
plenque	Mon May 10 21:54:40 +0000 2021	4	3	@Solchi1986 @jmcos Solo CABA libera esa info y del sector público. Es lo único con datos abiertos. https://t.co/mCM5BtE6KN	https://twitter.com/plenque/status/1391874356012191746	[]
plenque	Mon May 10 16:54:09 +0000 2021	10	1	@martintetaz Con algunas variaciones. No hay datos de los llamados al 148 publicados y la positividad del sector privado afloja, pero mucho menos. Google solo permite buscar por provincia así que no podemos discriminar conurbano o algo más chico. https://t.co/sSwd53tTCi	https://twitter.com/plenque/status/1391798728432959490	[]
plenque	Mon May 10 15:47:31 +0000 2021	10	0	@judiovirus No son descubrimientos míos eh. Son cosas que se han usado en varios lugares del mundo. Yo solo los recopilo y publico en el sitio.	https://twitter.com/plenque/status/1391781958401896449	[]
plenque	Mon May 10 15:44:29 +0000 2021	173	39	Los indicadores de CABA (llamados, positividad y búsquedas de Google) siguen apuntando levemente hacia abajo junto con los casos. https://t.co/Z0QZlx2cZj	https://twitter.com/plenque/status/1391781193520197635	[]
plenque	Mon May 10 11:37:19 +0000 2021	1	0	@fedelowe Es Disney metido en el sudeste asiático.	https://twitter.com/plenque/status/1391718994495873031	[]
plenque	Mon May 10 01:27:36 +0000 2021	1	0	@TajerAndres Me recordaste a esta escena y es mucho más valioso que discutir huevadas 😀 https://t.co/YaiVlxTOas	https://twitter.com/plenque/status/1391565554138353670	[]
plenque	Mon May 10 01:22:46 +0000 2021	0	0	"@CulebraRH @diazdiego11 En el listado hay unas cuantas de PBA y no sé cuál otra puede ser de LP, pero figura ""LA PLATA AERO"". https://t.co/WX35sVN0pW"	https://twitter.com/plenque/status/1391564337995726848	[]
plenque	Mon May 10 00:15:16 +0000 2021	0	0	@Andy_PD Sí, comparto que el sistema de testeo en sí está embebido en los determinantes sociales.	https://twitter.com/plenque/status/1391547348933808131	[]
plenque	Sun May 09 23:59:52 +0000 2021	1	0	@Ferodelga @ProgramaAEDuns En el explorador del sitio uno puede filtrar los datos y allí aparecen dos links que permiten bajarlos en JSON o CSV. No tengo gráficos semanales, pero sí medias móviles de 7d que sería parecido.	https://twitter.com/plenque/status/1391543475674435589	[]
plenque	Sun May 09 23:58:08 +0000 2021	1	0	@diazdiego11 No creo que sea tan fácil. Habría que calcular el R2. Hay que mirar bien el paper.	https://twitter.com/plenque/status/1391543039206768644	[]
plenque	Sun May 09 22:49:04 +0000 2021	3	0	@guido__ce @fedetiberti @lucasllach Perdón que me metí de paracaídista en el hilo. Solo vi el tuit de Fede y me recordó lo que publiqué el otro día. Escuelas es un análisis mucho (mucho mucho) más complicado.	https://twitter.com/plenque/status/1391525654693388288	[]
plenque	Sun May 09 22:47:02 +0000 2021	10	0	@ProgramaAEDuns Muchas gracias 🙏. Nadie está exento de sesgos, pero intento controlarlos.	https://twitter.com/plenque/status/1391525147014832131	[]
plenque	Sun May 09 22:30:20 +0000 2021	0	0	@mwaichman Nono, era un error de la consulta por funcionalidades que agrego. Shit happens.	https://twitter.com/plenque/status/1391520942812241923	[]
plenque	Sun May 09 22:29:34 +0000 2021	2	0	"@JaviA96 @emoyarzun Aviso que quedó corregido lo del AMBA y ahora sí habilité lo de Google. Recomiendo ver ""Síntomas COVID"" porque las otras búsquedas no ayudan demasiado."	https://twitter.com/plenque/status/1391520747982577665	[]
plenque	Sun May 09 22:28:14 +0000 2021	0	0	@mwaichman ¡Quedó corregido!	https://twitter.com/plenque/status/1391520414216634369	[]
plenque	Sun May 09 22:14:18 +0000 2021	15	3	@fedetiberti @lucasllach @guido__ce @IPostino Hay algunos partidos muy golpeados. https://t.co/bDZNQAp5Q9	https://twitter.com/plenque/status/1391516909288497168	[]
plenque	Sun May 09 16:47:00 +0000 2021	1	0	@gaston___b @SergioFelperin @eduardoyeyati Claro, salvo por los días en que no salió dataset o tuvo distinto corte. En esos no tenemos la fecha de reporte exacta.	https://twitter.com/plenque/status/1391434539780694023	[]
plenque	Sun May 09 16:06:03 +0000 2021	3	0	@fmendiguren Banco, pero me vino esta imagen a la cabeza. https://t.co/U2dECCwRrT	https://twitter.com/plenque/status/1391424233629171714	[]
plenque	Sun May 09 15:49:32 +0000 2021	5	0	@SergioFelperin @eduardoyeyati Comparto. Es probable que se dé todo eso, pero la diferencia de positividad habla también de cambios en el testeo.	https://twitter.com/plenque/status/1391420079695437825	[]
plenque	Sun May 09 13:46:49 +0000 2021	1	0	@martdominguez @srodriguezrey Exacto. Hay que ir recorriendo unos TXT que salen todos los días.	https://twitter.com/plenque/status/1391389193398538244	[]
plenque	Sun May 09 13:42:59 +0000 2021	0	0	@SergioFelperin ¡No creo que Crónica TV quiera competencia!	https://twitter.com/plenque/status/1391388232131227650	[]
plenque	Sun May 09 13:42:06 +0000 2021	0	0	@srodriguezrey Igual levanté desde 2020-01-01 nomás porque para el sitio me servía eso, pero se puede scrapear el resto.	https://twitter.com/plenque/status/1391388009975664643	[]
plenque	Sun May 09 13:27:20 +0000 2021	1	0	@NicoReggioOk Scrapear, pero es muy simple.	https://twitter.com/plenque/status/1391384293730000904	[]
plenque	Sun May 09 13:16:29 +0000 2021	16	0	Como siempre, los datos se pueden bajar en JSON o CSV. Gracias a @d_olivaw por darme una mano para entender los datos.	https://twitter.com/plenque/status/1391381559765344258	[]
plenque	Sun May 09 13:16:28 +0000 2021	156	24	"Luego de ver esta nota se me ocurrió incorporar al explorador del sitio la posibilidad de graficar humedad y temperatura para poder ponerlas a la par de las curvas de casos. Ya quedó habilitado (fuente SMN) así que habrá que investigar.

https://t.co/VU50xt5xhF https://t.co/gRskiIPYT0 https://t.co/jXb5tr6dnB"	https://twitter.com/plenque/status/1391381556338569219	[]
plenque	Sun May 09 02:48:15 +0000 2021	36	7	"Ayer no hubo dataset por lo que hoy se acumulan dos dias de datos. Diferencias en el dataset acumulado de ayer 07/05 y hoy 08/05 para Argentina. Son 40782 nuevos casos confirmados (40584 neto) y 781 fallecidos (779 neto).

https://t.co/HCsBSBzwWH https://t.co/dNVp3GndUg"	https://twitter.com/plenque/status/1391223459603271680	[]
plenque	Sat May 08 22:38:06 +0000 2021	1	0	@nohay_banda Sí, claro, pero esa novedad es bastante reciente y la diferencia parece venir de antes.	https://twitter.com/plenque/status/1391160507701374984	[]
plenque	Sat May 08 21:06:45 +0000 2021	2	0	@jorgrandinetti El GCBA hace su propio cruce para ubicar los casos por barrio. Para mí de ese modo tienen más residentes que los que tiene el SISA. Pasa que las diferencias vienen desde mediados del año pasado, eso ya no es demora. Luego paso gráfico.	https://twitter.com/plenque/status/1391137518750404610	[]
plenque	Sat May 08 21:00:44 +0000 2021	1	0	@jorgrandinetti No sé de dónde salen los 500, pero las diferencias entre dataset Nación y GCBA no son demoras sino que vienen así desde siempre. No me parece que falten informar sino más bien una diferencia metodológica. Arriesgo que es por geolocalización.	https://twitter.com/plenque/status/1391136006879989770	[]
plenque	Sat May 08 20:58:49 +0000 2021	5	0	@gabrielsantone @Epi_Net Sí, es una de las posibilidades que puse al final	https://twitter.com/plenque/status/1391135522886651904	[]
plenque	Sat May 08 19:09:10 +0000 2021	50	3	Como CABA tiene población mayor, uno esperaría mayor letalidad y esto parece mostrar lo contrario. Difícil saber el motivo, pero algunos podrían ser: subregistro (no demora) de muertes en CABA; subdetección en la PBA; determinantes sociales. Yo me inclino más por el tercero.	https://twitter.com/plenque/status/1391107928871026688	[]
plenque	Sat May 08 19:09:09 +0000 2021	30	1	En el conurbano no es tan distinto aunque obviamente con distintos múltiplos (entre 2 / 2,5 los casos mientras que muertes arriba de 3). La separación es un poco antes. https://t.co/hbs4gY7SHH	https://twitter.com/plenque/status/1391107925612040192	[]
plenque	Sat May 08 19:09:08 +0000 2021	37	7	A día de hoy los casos de la PBA son entre 3 y 4 veces los de CABA, mientras que los fallecidos están entre 5 y 6 veces. Lo interesante es que hasta fines del año pasado los ratios avanzaban juntos y luego se separaron.	https://twitter.com/plenque/status/1391107921753292804	[]
plenque	Sat May 08 19:09:07 +0000 2021	74	26	Por sugerencia de @Epi_Net armé este ejercicio de evolución comparada que me parece interesante para despejar el ruido de las olas. Lo que muestra es la razón entre los casos de la PBA y los de CABA y lo mismo para muertes. https://t.co/PHMe9SMW0v	https://twitter.com/plenque/status/1391107918154674177	[]
plenque	Sat May 08 13:34:47 +0000 2021	197	15	Qué ejercicio sano es aclarar limitaciones y plantear distintas hipótesis cuando compartimos datos de COVID. Es además un ejercicio de sinceridad porque, consciente o inconscientemente, elegimos qué mostrar y qué dejar afuera.	https://twitter.com/plenque/status/1391023777207791617	[]
plenque	Fri May 07 23:47:56 +0000 2021	2	0	@Ferodelga No hay datos abiertos de UTI en otro lugar que yo sepa. En CABA tampoco tenemos el sector privado.	https://twitter.com/plenque/status/1390815694732857348	[]
plenque	Fri May 07 19:22:19 +0000 2021	51	0	Bueno... hagan de cuenta que no puse dos veces acompañar dos veces dos.	https://twitter.com/plenque/status/1390748849732558848	[]
plenque	Fri May 07 19:18:40 +0000 2021	237	54	La incipiente baja de pacientes graves en el sector público de CABA viene acompañada de una baja en los moderados así que es probable que la acompañe. Esperemos que así sea. https://t.co/00uSFbbmVC	https://twitter.com/plenque/status/1390747931293143049	[]
plenque	Fri May 07 17:00:38 +0000 2021	0	0	@Chispatosti No, eso sería lo ideal para analizar, pero es imposible. Igual, aun si la data existiera, no es tan simple porque publicarlo implicaría un riesgo para la anonimización de los datos.	https://twitter.com/plenque/status/1390713196860907523	[]
plenque	Fri May 07 16:46:22 +0000 2021	1	0	@JaviA96 @emoyarzun Gracias. Eso no está terminado y quedó activo por error. Ya lo quité.	https://twitter.com/plenque/status/1390709606515625990	[]
plenque	Fri May 07 12:15:31 +0000 2021	1	0	@emoyarzun Muchas gracias. Me avisaron ayer y no tuve tiempo aún de revisar. Apenas pueda lo corrijo.	https://twitter.com/plenque/status/1390641444516503553	[]
plenque	Fri May 07 02:53:02 +0000 2021	0	0	@juanif__ Es que los números eran chicos y cualquier error obligaba a un negativo al día siguiente. Ahora sigue pasando, solo que en el acumulado ya no. Esto fue anteayer. https://t.co/kYM7AxEBst	https://twitter.com/plenque/status/1390499888740372480	[]
plenque	Fri May 07 02:47:25 +0000 2021	0	0	@juanif__ Sigue fallecido, pero parece que el diagnóstico confirmado fue falsa alarma (fijate el -1). https://t.co/ODHWU69iqQ	https://twitter.com/plenque/status/1390498477818384385	[]
plenque	Fri May 07 02:37:34 +0000 2021	32	5	"Diferencias en el dataset de hoy 06/05 para Argentina. Son 24170 nuevos casos confirmados (24074 neto) y 399 fallecidos (398 neto).

https://t.co/YI8NLUardD https://t.co/IVfyVzmXk4"	https://twitter.com/plenque/status/1390495996623392768	[]
plenque	Thu May 06 20:38:57 +0000 2021	2	0	@ugemitch @pantacha Aaahh.... Buen punto. En Wikipedia no dice cuánto tiempo pasó entre un evento y otro.	https://twitter.com/plenque/status/1390405749025685504	[]
plenque	Thu May 06 20:34:40 +0000 2021	1	0	@pantacha Y tiene varios detalles escabrosos más. Parece que la pedagogía cambió bastante con los años 😀	https://twitter.com/plenque/status/1390404672280793090	[]
plenque	Thu May 06 20:31:39 +0000 2021	1	0	@pantacha Ojo que según wikipedia, en el cuento original tenía 7 años.	https://twitter.com/plenque/status/1390403910922289163	[]
plenque	Thu May 06 19:19:08 +0000 2021	0	0	"@MedinaYanela07 Buenas. En el sitio sale. Van link e imagen de Mendoza Capital. 

https://t.co/Bsc8i8VOHp https://t.co/V8imoo0BEa"	https://twitter.com/plenque/status/1390385661274992643	[]
plenque	Thu May 06 17:15:54 +0000 2021	1	0	@JaviA96 Teniendo en cuenta que la enfermedad es más letal en 80+ yo creo que es un buen resultado. Acá el santo grial sería tener un campo que nos permita saber en qué fecha se vacunó cada caso.	https://twitter.com/plenque/status/1390354648289079300	[]
plenque	Thu May 06 16:52:43 +0000 2021	0	0	@MichaelZenteno2 @VacunasPeru Gracias por el aviso. Puede que las proyecciones de población o lo reportado no sea preciso. Lo publicado es el resultado de utilizar ambas fuentes de información y es lo que arroja.	https://twitter.com/plenque/status/1390348813051875338	[]
plenque	Thu May 06 15:42:28 +0000 2021	1	0	@JaviA96 El problema de la letalidad es que tiene mucho right censoring, sobre todo si usás la ajustada. Es la mejor porque no depende del movimiento de los casos, pero es difícil saber hasta cuándo confiar. Por eso prefiero los análisis comparados (70-79 vs 80+, por ejemplo).	https://twitter.com/plenque/status/1390331136853872649	[]
plenque	Thu May 06 13:37:58 +0000 2021	1	0	@mwaichman ¡Gracias! Lo reviso. Probablemente es demasiado dato junto.	https://twitter.com/plenque/status/1390299802957533186	[]
plenque	Thu May 06 03:16:16 +0000 2021	2	0	@BenyiTratativa @gabriel_pos Sí, no quise sugerir que hubieran terminado. De cuaqluier modo, tengo mis dudas sobre lo que indicaba esa nota porque CABA, desde el inicio, reporta más residentes en su dataset que el SISA. Hay algún tema metodológico (quizás geolocalización) me parece.	https://twitter.com/plenque/status/1390143348925685760	[]
plenque	Thu May 06 02:57:25 +0000 2021	3	0	@gabriel_pos Sí, parece que se pusieron al día	https://twitter.com/plenque/status/1390138604794568710	[]
plenque	Thu May 06 02:56:33 +0000 2021	2	0	"@juanmanuelclaus Acá podés ver toda la región sanitaria 8. Igual va imagen. Ojo que es lo que registran en el SISA y localmente pueden tener info más actualizada.

https://t.co/gbwvZhibDI https://t.co/Q2km6Jf1CA"	https://twitter.com/plenque/status/1390138385763811333	[]
plenque	Thu May 06 02:52:47 +0000 2021	31	3	"Diferencias en el dataset de hoy 05/05 para Argentina. Son 24185 nuevos casos confirmados (24081 neto) y 663 fallecidos.

https://t.co/bMQwmlCy6f https://t.co/RK1K1GQtP6"	https://twitter.com/plenque/status/1390137437830189056	[]
plenque	Thu May 06 01:28:13 +0000 2021	3	0	@omendiz @EstebanDL @JAMANetworkOpen @JAMANetwork Dejo algo también reciente que nos queda más cerca: https://t.co/7tAdzI0ez5	https://twitter.com/plenque/status/1390116157315854337	[]
plenque	Wed May 05 21:16:05 +0000 2021	3	0	@Crst_C @ugemitch El clima ayuda	https://twitter.com/plenque/status/1390052704152694788	[]
plenque	Wed May 05 20:43:43 +0000 2021	1	0	@Mepe2790 @PabloRichly El problema es que lo que reportan cada día no necesariamente se corresponde con los tests que efectivamente se realizaron ese día. Son los que se cargaron al sistema que, normalmente, corresponden a 2 o 3 días antes, pero a veces hay carga atrasada sobre todo de descartados.	https://twitter.com/plenque/status/1390044559409926147	[]
plenque	Wed May 05 20:15:11 +0000 2021	18	1	@PabloRichly Ya sé que me van a putear, pero no sirve de mucho calcular el ratio casos / testeo que se publica cada día.	https://twitter.com/plenque/status/1390037378975342600	[]
plenque	Wed May 05 16:46:12 +0000 2021	2	0	@ndchiariello No tenemos datos abiertos de UTI. Lo que hay en el dataset es solo una parte y no tenemos idea de cuan representativa es la muestra. Además son solo ingresos y no ocupación. No queda otra que leerlo de reportes a la prensa.	https://twitter.com/plenque/status/1389984787889332229	[]
plenque	Wed May 05 15:19:37 +0000 2021	3	0	@rouxmarine8 Veo muy poca gente que mencione diferencias demográficas y determinantes sociales. Sin conocer las limitaciones las curvas sirven de poco.	https://twitter.com/plenque/status/1389962995955085313	[]
plenque	Wed May 05 15:17:45 +0000 2021	2	0	"@UnTopo73 Ojo que en el AMBA completo ya estarías un poquito por arriba. Por lo de las variantes no estoy seguro. Habría que tener seroprevalencia.

https://t.co/wJFAeepqgR"	https://twitter.com/plenque/status/1389962526352359428	[]
plenque	Wed May 05 14:00:34 +0000 2021	1	0	@jorgrandinetti Con datos oficiales de CABA, cambia un poco, pero sigue parecido. No tengo otros datos para contrastar. https://t.co/k3teqDfhjk	https://twitter.com/plenque/status/1389943103956602885	[]
plenque	Wed May 05 13:45:19 +0000 2021	5	0	@matymontes_ @CuantasVacunas Teléfono para @fedetiberti !	https://twitter.com/plenque/status/1389939263941263362	[]
plenque	Wed May 05 13:38:07 +0000 2021	59	4	Invierno de ventanas abiertas y calzones largos.	https://twitter.com/plenque/status/1389937453671276545	[]
plenque	Wed May 05 13:18:38 +0000 2021	268	77	Por la edad de su población, CABA debería tener mayor mortalidad también en esta ola, pero está a la par del conurbano bonaerense y hay muchos partidos que están por encima. Supongo que esta novedad se puede explicar por el avance de la vacunación y los determinantes sociales. https://t.co/O2vMl1t5Gf	https://twitter.com/plenque/status/1389932551956045824	[]
plenque	Wed May 05 03:19:51 +0000 2021	1	0	"@sebanfield17 Acá salen. Por default son por millón, pero si destildás donde dice ""Por población"" y le das a enviar salen absolutos.

https://t.co/W2UENp2fDg"	https://twitter.com/plenque/status/1389781862474735619	[]
plenque	Wed May 05 02:58:31 +0000 2021	1	0	"@a_urizio Total país. En AMBA un poco arriba. CABA menos. Todos suponiendo que ya estemos ahí.

https://t.co/wJFAeepqgR"	https://twitter.com/plenque/status/1389776494516445184	[]
plenque	Wed May 05 02:53:35 +0000 2021	36	3	El cruce de fallecidos de la PBA, que hoy corrió para el 25/04, es el que suele dar forma a la curva. Como ya barrió el 25/04 y hay fechas anteriores con mayor cantidad, es posible que estemos viendo el pico alrededor del 23/04. https://t.co/SiFlJhuuTP	https://twitter.com/plenque/status/1389775251089862656	[]
plenque	Wed May 05 02:49:03 +0000 2021	32	1	"Diferencias en el dataset de hoy 04/05 para Argentina. Son 26332 nuevos casos confirmados (26238 neto) y 412 fallecidos (410 neto).

https://t.co/miGzAjj3G6 https://t.co/pwMg2ZbCSN"	https://twitter.com/plenque/status/1389774109777747969	[]
plenque	Wed May 05 01:52:57 +0000 2021	1	0	@Ferodelga En todo eso hay mucho de suposición y definitivamente no fue el modo en que se justificó la medida. Hay un menú enorme de restricciones y se indicó que se usaría una por un período acotado a modo de martillo cuando, si el objetivo era el que indicás, era claro que duraría más.	https://twitter.com/plenque/status/1389759994447474689	[]
plenque	Wed May 05 01:09:28 +0000 2021	0	0	@gbc02 No sé si tiene un propósito, pero esos datos están bastante desagregados en el gráfico que compartí si ese es el problema.	https://twitter.com/plenque/status/1389749048182251522	[]
plenque	Wed May 05 00:29:39 +0000 2021	1	0	@rquiroga777 @mschuliaquer @andyneumeyer Me parece que no estás respondiendo a lo que dije. En ese momento se indicó expresamente que era para parar la subida. No pasa por lo que yo crea o quiera.	https://twitter.com/plenque/status/1389739029718081542	[]
plenque	Wed May 05 00:00:22 +0000 2021	0	0	@mschuliaquer @andyneumeyer Va de nuevo porque quizás no fui claro. Te jugaste una carta muy pesada y ya tenías una tendencia preexistente. En ese momento la idea era que deje de subir y ya estaba en eso sin la medida.	https://twitter.com/plenque/status/1389731659537338370	[]
plenque	Tue May 04 23:00:43 +0000 2021	3	0	@PabloRichly @fedetiberti Uyuyuy a no pifiar con las causalidades en esta que sería tremendo.	https://twitter.com/plenque/status/1389716650426048519	[]
plenque	Tue May 04 22:09:18 +0000 2021	3	0	@andyneumeyer @mschuliaquer EMHO, lo importante es que es una medida muy costosa y su resultado debería ser mucho más evidente. Luego separar la paja del trigo siempre es complicado. Pasa que habría una tendencia a la baja preexistente.	https://twitter.com/plenque/status/1389703708964003844	[]
plenque	Tue May 04 21:08:00 +0000 2021	4	0	@fmendiguren No lo borres de nuevo porque le voy a tener que dar like de nuevo!	https://twitter.com/plenque/status/1389688281193922560	[]
plenque	Tue May 04 21:03:59 +0000 2021	1	0	@octaviobramajo Interesante. Me pregunto si el tema armas también tiene impacto.	https://twitter.com/plenque/status/1389687270710591490	[]
plenque	Tue May 04 20:49:40 +0000 2021	0	0	@DemianBellido Si tuviéramos info de mortalidad general podríamos investigar por ese lado. Acá solo podemos suponer y puede ser.	https://twitter.com/plenque/status/1389683671033171974	[]
plenque	Tue May 04 20:03:24 +0000 2021	0	0	@andyneumeyer @AleJeroz Probablemente, pero ya tiene un comportamiento distinto al del año pasado. CABA, si pensamos en estructura etaria de la población, debería dar más alto.	https://twitter.com/plenque/status/1389672027011829763	[]
plenque	Tue May 04 19:54:41 +0000 2021	0	0	"@BenyiTratativa Toma la mejor estimación que tenemos siempre que se pueda. Si filtrás edad por corte quinquenal y sin departamento también usa proyección. Si ponés de 4 a 7 años ahí sí es 2010 porque no hay otra.
Por ahora solo proyecciones 2020 porque son para el 01/07 de cada año."	https://twitter.com/plenque/status/1389669832346439686	[]
plenque	Tue May 04 19:46:30 +0000 2021	0	0	@BenyiTratativa Como acá no hay edades no afecta. Tenemos proyección por departamento total, pero no por grupo quinquenal.	https://twitter.com/plenque/status/1389667771626278922	[]
plenque	Tue May 04 19:10:57 +0000 2021	0	0	@AleJeroz @andyneumeyer Es porque en ese eje puedo mostrar ambas variables. Es un graficador genérico que tengo en el sitio. Pero en este caso habla siempre de fallecidos (cada métrica tiene la viñeta abajo).	https://twitter.com/plenque/status/1389658825196773380	[]
plenque	Tue May 04 19:02:47 +0000 2021	1	0	@AleJeroz @andyneumeyer Recién publiqué una comparativa de mortalidad que no depende tanto del testeo: https://t.co/wJFAeepqgR	https://twitter.com/plenque/status/1389656770793156610	[]
plenque	Tue May 04 18:45:03 +0000 2021	21	0	Mientras que el invierno pasado CABA tuvo mayor mortalidad ahora se mantiene en los mismos valores que el resto del AMBA y menores al año pasado. Veremos en unas semanas cuando se consoliden los datos si afectan las demoras u otra cosa. También falta estandarizar por edades.	https://twitter.com/plenque/status/1389652308980555785	[]
plenque	Tue May 04 18:45:02 +0000 2021	44	3	Mortalidad COVID actualizada en el AMBA. La mala noticia es que a nivel general diario ya supera los valores registrados en la primera ola (1,34 vs 1,24 fallecidos x 100.000 habitantes), pero hay una notoria diferencia en CABA. https://t.co/dbSzq6JWTm	https://twitter.com/plenque/status/1389652305432223746	[]
plenque	Tue May 04 18:24:17 +0000 2021	1	0	@mmbarrionuevo @norabar No cabe dudas. Ya se ve en fallecidos. En proporciones es esperables que sean más jóvenes, pero no confío mucho en lo que sale en el dataset.	https://twitter.com/plenque/status/1389647082139566085	[]
plenque	Tue May 04 18:18:10 +0000 2021	1	0	@juanif__ ¿Qué onda el jueves a las 19? ¿O veo mal el color?	https://twitter.com/plenque/status/1389645543098433542	[]
plenque	Tue May 04 18:14:31 +0000 2021	11	0	@martintetaz @fedetiberti @rquiroga777 A mi no me mires que yo solo hago grafiquitos. Eso es para epidemiólogos. Ahora, si querés intuición, me da la sensación de que las restricciones nocturnas algo causaron y se ve en los jóvenes, pero jamás estimé un contrafáctico (y nunca lo hago). https://t.co/fgNOS36MPi	https://twitter.com/plenque/status/1389644626634629125	[]
plenque	Tue May 04 17:16:33 +0000 2021	2	0	@lephcero @fedelowe ¡Es medicinal!	https://twitter.com/plenque/status/1389630037524193287	[]
plenque	Tue May 04 16:41:27 +0000 2021	33	3	@norabar Hice un ejercicio parecido en el sitio con los ingresos a terapia que se reportan. Creo que es más notoria la caída en mayores que el aumento en jóvenes. https://t.co/hLsl6mZlvY	https://twitter.com/plenque/status/1389621204026335243	[]
plenque	Tue May 04 16:32:01 +0000 2021	5	0	@rusosnith A mi no me gusta meterme en (más) quilombos.	https://twitter.com/plenque/status/1389618828343222274	[]
plenque	Tue May 04 15:48:08 +0000 2021	174	33	"Todavía no está terminado y no pude analizar mucho, pero al graficar la popularidad de la búsquedas ""Síntomas COVID"" en Google se ve claramente la correlación con las curvas de cada lugar. Las diferencias de amplitud entre cada ola podrían hablar de la capacidad de detección. https://t.co/YHMRT3KyDE"	https://twitter.com/plenque/status/1389607784627458048	[]
plenque	Tue May 04 13:58:18 +0000 2021	6	0	@fedetiberti Explicame por favor el punteado a mano de la línea de natalidad.	https://twitter.com/plenque/status/1389580143715311617	[]
plenque	Tue May 04 12:45:30 +0000 2021	1	0	@decabeza2s Si realmente fuera así, yo diría que por ahora. Nadie se salva.	https://twitter.com/plenque/status/1389561823469375488	[]
plenque	Tue May 04 12:42:03 +0000 2021	215	15	Algo interesante que va a dejar esta pandemia es abundante registro escrito de nuestras opiniones. Es muy probable que mucho de lo que decimos parezca ridículo o directamente una salvajada en unos años. Twitter va a ser una fiesta, eso seguro.	https://twitter.com/plenque/status/1389560957853110284	[]
plenque	Tue May 04 03:04:21 +0000 2021	2	0	@guillermomlopez Buenas. En esta página salen los diagnósticos que van al dataset total y por provincia. https://t.co/ZhGtuamvoo	https://twitter.com/plenque/status/1389415572128116739	[]
plenque	Tue May 04 02:46:08 +0000 2021	27	4	"Diferencias en el dataset de hoy 03/05 para Argentina. Son 16055 nuevos casos confirmados (15921 neto) y 540 fallecidos.

https://t.co/4PyMD0sLaP https://t.co/UKbVC9tt6h"	https://twitter.com/plenque/status/1389410990907928581	[]
plenque	Mon May 03 22:12:22 +0000 2021	3	1	@sershus Los testeos se corresponden con los casos, pero no necesariamente con el día. Hay veces que reportan tests negativos de varios meses o días atrás. Por lo general no pasa con los positivos. Esta es la distribución por fecha de los positivos de ayer. https://t.co/IUW1J7S0JQ	https://twitter.com/plenque/status/1389342094125420546	[]
plenque	Mon May 03 21:45:46 +0000 2021	0	0	@MenendezPepe 1918-2013! Ni me quiero imaginar la marea de papers que faltan. Y, personalmente, me cuesta creer que lleguen a un modelo potable. Ojalá me equivoque.	https://twitter.com/plenque/status/1389335400901185538	[]
plenque	Mon May 03 21:26:06 +0000 2021	33	1	@eduardoyeyati Es difícil zanjar las discusiones cuando se vincula la identidad con los argumentos.	https://twitter.com/plenque/status/1389330449118515209	[]
plenque	Mon May 03 21:19:42 +0000 2021	1	0	@MenendezPepe Pasa que en ese momento tenía la percepción de riesgo, pero andá a medir la movilidad!	https://twitter.com/plenque/status/1389328839231295488	[]
plenque	Mon May 03 20:30:01 +0000 2021	1	0	@GabCaamano Algo de eso hubo, pero yo no me animo a hablar de un solo motivo. En el verano me pareció más claro que después de las fiestas iba a bajar... ahora sinceramente no tengo idea.	https://twitter.com/plenque/status/1389316334908059648	[]
plenque	Mon May 03 17:33:28 +0000 2021	2	0	@ladygag02965055 Me parece muy temprano para evaluar eso. Creo que en unos días, pero las conclusiones son siempre difíciles. https://t.co/ZwfJLRatFY	https://twitter.com/plenque/status/1389271907992842246	[]
plenque	Mon May 03 15:37:39 +0000 2021	2	0	@rusosnith Ojo que esas son las personas atendidas y no los positivos (esos no están por edad). No pareciera que los niños vayan mucho a las UFU.	https://twitter.com/plenque/status/1389242760452997129	[]
plenque	Mon May 03 15:35:24 +0000 2021	8	0	@rusosnith Vos ya lo sabés usar... Laburá vago, jajajaja https://t.co/lVhhR8BSIC	https://twitter.com/plenque/status/1389242194117251072	[]
plenque	Mon May 03 15:17:32 +0000 2021	1	0	@GustArballo No podría haberlo dicho mejor.	https://twitter.com/plenque/status/1389237697840140290	[]
plenque	Mon May 03 15:06:37 +0000 2021	7	0	@GustArballo La verdad que no sé. Yo con las curvas hago como me decía mi bobe con el mar: se las respeta.	https://twitter.com/plenque/status/1389234949950251014	[]
plenque	Mon May 03 14:47:13 +0000 2021	3	0	@Lean78 @Gus_Noriega Para eso creo que habría que ver tests totales. Es muy parecido. https://t.co/nVMw0LzzOV	https://twitter.com/plenque/status/1389230069441351681	[]
plenque	Mon May 03 14:16:35 +0000 2021	13	0	@Gus_Noriega En los llamados seguro que no. Los tests de UFU son por fecha de reporte así que no cambiarían retroactivamente.  Lo que podés tener es la demora de carga en sí que desplazaría un poco la curva, pero es uno o dos días como mucho.	https://twitter.com/plenque/status/1389222356875350019	[]
plenque	Mon May 03 14:09:11 +0000 2021	6	0	@mschuliaquer Me imaginé que alguien lo diría. Creo que hay un error en los datos porque el 27/04 se registraron 0 llamados. Eso hizo que la media semanal baje muy de golpe. Probablemente suba unos días y, esperemos, luego siga bajando. https://t.co/6bDTYFhwVU	https://twitter.com/plenque/status/1389220495778852866	[]
plenque	Mon May 03 13:55:26 +0000 2021	256	62	Hacía tiempo que no se actualizaban los datos abiertos de unidades febriles de urgencia en CABA y ayer salieron nuevos. La tendencia parece acompañar a la de los llamados al 107. https://t.co/b7GdoAiVdf	https://twitter.com/plenque/status/1389217034240671745	[]
plenque	Mon May 03 13:19:46 +0000 2021	1	1	@ugemitch @ignaciomiri Es un poco temprano para analizar. Es probable que estemos viendo tendencias que venían de antes. Acá traté de explicar un poco: https://t.co/ZwfJLRatFY	https://twitter.com/plenque/status/1389208062255370240	[]
plenque	Mon May 03 13:11:03 +0000 2021	0	0	@Juampirocco Pasa con la mitad de los datos de la pandemia. Hay muchos (casos generales, vacunación) en que hay muy buena data y otros que poco y nada. Igual no creo que se termine la discusión, pero si elevaría la vara.	https://twitter.com/plenque/status/1389205868110036994	[]
plenque	Mon May 03 13:00:43 +0000 2021	0	0	@Juampirocco No, no la hay. Es algo que venimos reclamando.	https://twitter.com/plenque/status/1389203267977089028	[]
plenque	Mon May 03 03:17:49 +0000 2021	2	0	@a_urizio Si es un tema de carga mañana veremos. De cualquier manera, me parece que hay una baja que empieza a notarse más.	https://twitter.com/plenque/status/1389056573058830336	[]
plenque	Mon May 03 02:41:49 +0000 2021	40	5	"Diferencias en el dataset de hoy 02/05 para Argentina. Son 11426 nuevos casos confirmados (11392 neto) y 156 fallecidos.

https://t.co/tNTySxzfWw https://t.co/hQrTYKwfZg"	https://twitter.com/plenque/status/1389047515673149443	[]
plenque	Sun May 02 22:30:03 +0000 2021	3	0	@PabloRichly @rusosnith @mmbarrionuevo Solo faltaría seroprevalencia para saberlo. Igual creo que ese cálculo nunca va a funcionar bien sin un poco de info de comorbilidades.	https://twitter.com/plenque/status/1388984156412170241	[]
plenque	Sun May 02 22:23:06 +0000 2021	2	0	@PabloRichly @rusosnith @mmbarrionuevo Esa página solo aplica IFR por edad y sexo de O'Driscoll y Pastor-Barriuso, pero se puede poner una mejor si encuentran!	https://twitter.com/plenque/status/1388982405973872644	[]
plenque	Sun May 02 16:38:15 +0000 2021	2	0	@docalmiron Nada es taxativo mirando curvas. Si no sería muy fácil y está muy muy lejos de serlo.	https://twitter.com/plenque/status/1388895620816162816	[]
plenque	Sun May 02 16:12:56 +0000 2021	5	1	@mjose_74 Es que para analizar cuánto aporta cada actividad al contagio comunitario no alcanza con mirar curvas. Es algo que vengo repitiendo. El problema es que incluso haciendo eso hay que tener un poco de rigor.	https://twitter.com/plenque/status/1388889253287956480	[]
plenque	Sun May 02 16:07:30 +0000 2021	1	0	@srodriguezrey https://t.co/7Jx2ix9RZj	https://twitter.com/plenque/status/1388887884342730753	[]
plenque	Sun May 02 16:02:21 +0000 2021	39	2	El otro tema ineludible son las diferencias de testeo entre jurisdicciones. Me parece mucho más útil comparar cada una consigo misma.	https://twitter.com/plenque/status/1388886589342953473	[]
plenque	Sun May 02 16:02:20 +0000 2021	37	1	Desagregando por grupo quinquenal se ven más diferencias. Si tuviera que apuntar restricciones (tampoco es seguro), pensaría más en las nocturnas. Pero, como siempre, esas cosas no se demuestran mirando curvas. https://t.co/cf4u1ddfPG	https://twitter.com/plenque/status/1388886584842498048	[]
plenque	Sun May 02 16:02:19 +0000 2021	72	8	Veo mucha ansiedad por analizar el impacto de cierre de colegios, pero tengamos en cuenta que el tiempo entre contagio y anuncio para 0-19 ronda los 11 días en CABA y 13 en el conurbano. Si la tendencia es anterior habría que analizar otros motivos también.	https://twitter.com/plenque/status/1388886577867280389	[]
plenque	Sun May 02 14:30:41 +0000 2021	1	0	@ProgramaAEDuns Y del dólar?	https://twitter.com/plenque/status/1388863518208839680	[]
plenque	Sun May 02 13:39:21 +0000 2021	23	4	@mmbarrionuevo Si tomás solo los 24 partidos del conurbano la diferencia es mucho menor. Creo que hay mucho para analizar. https://t.co/coHuCTFkt7	https://twitter.com/plenque/status/1388850601153515521	[]
plenque	Sun May 02 02:49:11 +0000 2021	29	6	"Diferencias en el dataset de hoy 01/05 para Argentina. Son 16548 nuevos casos confirmados (16507 neto) y 231 fallecidos.

https://t.co/JTInhNLUVw https://t.co/l2wZUV3Iq2"	https://twitter.com/plenque/status/1388686979047596032	[]
plenque	Sat May 01 20:05:50 +0000 2021	4	0	@rostotona @JSchmukler A decir verdad, yo lo tomé del tuit fijado de @LMoscovich. Vanidad de vanidades, no hay nada nuevo bajo el sol.	https://twitter.com/plenque/status/1388585473866702851	[]
plenque	Sat May 01 17:01:43 +0000 2021	2	0	@M2March No hay datos abiertos de UTI y la mortalidad depende de parámetros demográficos que la hacen difícil de analizar. De cualquier modo, acá la idea no es analizar el impacto sino tener info para las medidas. Esos números llegan después.	https://twitter.com/plenque/status/1388539139444903937	[]
plenque	Sat May 01 16:53:11 +0000 2021	31	5	Me parece bien tener una definición clara de las situaciones de riesgo, pero así como están podrían incentivar a no testear. Incluir la positividad podría ayudar a mejorar tanto testeo como carga de datos.	https://twitter.com/plenque/status/1388536993488023558	[]
plenque	Sat May 01 12:35:57 +0000 2021	3	0	@gabwald @pablogonzalezt Lo vi, pero sigue siendo un poco temprano. Entre que una persona se contagia y sale confirmada en el dataset pasan como 12 días. Recién por estos días están empezando a llegar los datos relevantes.	https://twitter.com/plenque/status/1388472259166281729	[]
plenque	Sat May 01 03:03:32 +0000 2021	2	0	@EcheveriaValo Eso está en la última imagen abajo. Estos son los de hoy. https://t.co/WovChoyfx9	https://twitter.com/plenque/status/1388328202838360064	[]
plenque	Sat May 01 02:51:10 +0000 2021	1	0	"@marianaisola No estoy seguro porque no sale de manera directa. Hay una clasificación detallada que me comentaron que serviría para eso y dice, por ejemplo, ""activo sin resultado concluyente"", pero no es algo que hayan aclarado oficialmente."	https://twitter.com/plenque/status/1388325094196498438	[]
plenque	Sat May 01 02:47:09 +0000 2021	36	7	"Diferencias en el dataset de hoy 30/04 para Argentina. Son 22526 nuevos casos confirmados (22417 neto) y 357 fallecidos.

https://t.co/y91dYbpBV6 https://t.co/76fAUgmrf6"	https://twitter.com/plenque/status/1388324082039631874	[]
plenque	Sat May 01 01:30:13 +0000 2021	18	0	@manuvidalj Por favor, publiquen un dataset con esta información.	https://twitter.com/plenque/status/1388304718896812041	[]
plenque	Fri Apr 30 14:12:26 +0000 2021	5	0	"@fedezuber Me parece que lo importante no es mirar la caída sino la ""no subida"" de la segunda ola."	https://twitter.com/plenque/status/1388134151577030656	[]
plenque	Fri Apr 30 14:03:11 +0000 2021	1	0	@mschuliaquer No tengo idea. Lo que creo que habría que separar es cuánto aumenta el contagio y cuánto aumenta la detección. Y, lo más importante, cuánto aporta eso a la circulación comunitaria. No hay muchos datos que podamos mirar la verdad.	https://twitter.com/plenque/status/1388131824694661129	[]
plenque	Fri Apr 30 13:05:02 +0000 2021	1	0	@SandraV35556938 Depende mucho de lo que quieras ver. El otro día publiqué uno de proporciones. https://t.co/YjWeMbb4fG	https://twitter.com/plenque/status/1388117190939918336	[]
plenque	Fri Apr 30 12:33:10 +0000 2021	1	0	@exequielmaldo 16% de seroprevalencia a diciembre me informaron. La veo difícil.	https://twitter.com/plenque/status/1388109171367849985	[]
plenque	Fri Apr 30 12:28:22 +0000 2021	0	0	@Morticiargenti Me refería a datos abiertos. A tener la posibilidad de graficar la curva nosotros. De cualquier modo, creo que lo único que hay en la sala de situación de la PBA es esto y no alcanza para analizar mucho. https://t.co/mOqawKitiD	https://twitter.com/plenque/status/1388107962573541378	[]
plenque	Fri Apr 30 12:02:30 +0000 2021	0	0	@nuritw @GustArballo Sí, estaba hablando de su hilo nomás. Luego está la decisión de qué medida tomar que es una historia distinta.	https://twitter.com/plenque/status/1388101451889643529	[]
plenque	Fri Apr 30 11:51:57 +0000 2021	0	0	@GustArballo Eso ya me excede. Igual te la regalo tomar decisiones bajo ese supuesto.	https://twitter.com/plenque/status/1388098796660404225	[]
plenque	Fri Apr 30 11:43:08 +0000 2021	1	1	@ZinClaudio Se ve que primera dosis deja de subir a fines de marzo así que yo supongo que ahí se terminó el grueso.	https://twitter.com/plenque/status/1388096578179801092	[]
plenque	Fri Apr 30 11:41:13 +0000 2021	0	0	@GustArballo @pablotossi En un ratito sale el nuevo. Me parece que el 27/04 hubo un error en los datos porque 0 llamados es imposible. Veremos cuando actualicen.	https://twitter.com/plenque/status/1388096097302851589	[]
plenque	Fri Apr 30 11:38:40 +0000 2021	2	0	@ZinClaudio La fecha de inicio fue 29/12. Lo que no tengo claro es si finalizó y en qué momento porque no tengo el padrón. Esta es la curva de vacunación de personal de salud en CABA. Se aplicaron 190k primeras dosis y 120k de la segunda. https://t.co/nfzZ1Hyl60	https://twitter.com/plenque/status/1388095452491522051	[]
plenque	Fri Apr 30 11:25:08 +0000 2021	0	0	@pablotossi @GustArballo Acá expliqué cómo sacar ese dato del sitio: https://t.co/D0uxm7niJu	https://twitter.com/plenque/status/1388092047236730881	[]
plenque	Fri Apr 30 11:23:54 +0000 2021	2	0	@GustArballo Igual también es relevante la velocidad en que va a bajar. Me refiero a que una curva amesetada tan arriba también te podría saturar el sistema. En resumen... es difícil.	https://twitter.com/plenque/status/1388091739257331716	[]
plenque	Fri Apr 30 11:21:52 +0000 2021	0	0	@eli_duer No, con info pública no podemos cruzar vacunación con casos, por desgracia. Sería ideal.	https://twitter.com/plenque/status/1388091224343687169	[]
plenque	Fri Apr 30 11:21:15 +0000 2021	2	0	"@GustArballo La info nunca es clara cuando uno la ve ""en vivo"", pero aclararía que hay otros indicadores que tiene el gobierno. Creo que en ese momento ya se veía un poco de lo que luego pasó. Acá hay uno al que nosotros tenemos acceso: https://t.co/gBlmuOundL"	https://twitter.com/plenque/status/1388091070647578633	[]
plenque	Fri Apr 30 03:31:30 +0000 2021	2	0	@juanif__ El problema es que cambió el testeo. Sobre todo en CABA.	https://twitter.com/plenque/status/1387972855640608769	[]
plenque	Fri Apr 30 03:28:59 +0000 2021	4	0	@MenendezPepe @Oxalix2 @JaviA96 Acá complementaron con otro dato relevante: https://t.co/D3ZCK5qcDC	https://twitter.com/plenque/status/1387972220237058052	[]
plenque	Fri Apr 30 03:13:04 +0000 2021	2	0	@rusosnith 2,1GB -&gt; 136MB. Una ganga.	https://twitter.com/plenque/status/1387968216404742152	[]
plenque	Fri Apr 30 03:10:09 +0000 2021	49	1	Ahora liberan el dataset comprimido. Probablemente a nadie le interese, pero para los que lo bajamos ¡es una muy buena noticia!	https://twitter.com/plenque/status/1387967483085262850	[]
plenque	Fri Apr 30 03:08:38 +0000 2021	33	4	"Diferencias en el dataset de hoy 29/04 para Argentina. Son 26177 nuevos casos confirmados (26055 neto) y 561 fallecidos.

https://t.co/K5CFaal2AC https://t.co/SiSoIb9wR6"	https://twitter.com/plenque/status/1387967098593419267	[]
plenque	Fri Apr 30 03:04:23 +0000 2021	4	2	@cris_argatea CABA publica info propia por su lado. Acá podés ver los casos por barrio: https://t.co/xSOhnWUXmi	https://twitter.com/plenque/status/1387966031717703683	[]
plenque	Fri Apr 30 03:03:12 +0000 2021	3	0	@Epi_Net @RCar1968 Gracias. Ese era el dato que pensaba que no teníamos. Igual, con un número tan bajo ni creo que valga la pena calcular mucho.	https://twitter.com/plenque/status/1387965734731587585	[]
plenque	Fri Apr 30 02:36:18 +0000 2021	6	1	@SLondono00 Casualmente, busqué el dato porque justo hoy @ZulmaCucunuba compartió este tuit. Son muy buenas noticias. https://t.co/JMjklS5LmE	https://twitter.com/plenque/status/1387958963677900807	[]
plenque	Fri Apr 30 01:56:39 +0000 2021	3	0	@Carlos_Stortz @WillyDuran65 @nkreplak Igual ese gráfico parece ser de ocupación UTI y no hay datos abiertos, al menos que yo sepa. El otro día hice un ejercicio de ese estilo con los fallecidos de CABA con lo disponible: https://t.co/g9sQzaCJuN	https://twitter.com/plenque/status/1387948984682041345	[]
plenque	Fri Apr 30 01:47:38 +0000 2021	4	0	@JulianEchave @Bad_Sky Tenemos el dato de cuántos detectamos, no necesariamente cuántos se contagiaron. Para hacerlo seriamente se necesita seroprevalencia.	https://twitter.com/plenque/status/1387946714343034882	[]
plenque	Fri Apr 30 01:03:20 +0000 2021	2	0	@MenendezPepe @JaviA96 Si hubiera más datos de seroprevalencia al menos intentaría...	https://twitter.com/plenque/status/1387935567321645063	[]
plenque	Fri Apr 30 00:26:35 +0000 2021	23	4	@yaUle17 @ltornarolli https://t.co/VpTGXNo8F9	https://twitter.com/plenque/status/1387926316989755393	[]
plenque	Fri Apr 30 00:11:29 +0000 2021	4	0	"@RenzoCelestino Creo (no recuerdo) que usé descaradamente la paleta de colores de Tableau, pero el gráfico sale de mi sitio: https://t.co/7OK8mOK0Ty

Ese gráfico puntual solo se puede armar en el explorador: https://t.co/VU50xt5xhF"	https://twitter.com/plenque/status/1387922519504703491	[]
plenque	Thu Apr 29 23:54:56 +0000 2021	2	0	@gaingon 💪	https://twitter.com/plenque/status/1387918355496120325	[]
plenque	Thu Apr 29 22:42:55 +0000 2021	6	0	@rouxmarine8 Gracias por estar ahí	https://twitter.com/plenque/status/1387900232093028357	[]
plenque	Thu Apr 29 22:29:00 +0000 2021	1	0	@htrada Es una demora bastante razonable dentro de la que presentan todas las jurisdicciones. El tema es que la PBA tiene la mayor cantidad de fallecidos y se nota mucho. Desde el año pasado corren un proceso que cruza varias bases de datos y reporta fallecidos que supongo tiene ese lag.	https://twitter.com/plenque/status/1387896727479410696	[]
plenque	Thu Apr 29 22:19:55 +0000 2021	7	0	@Bad_Sky Es difícil saber cuánto pesa. Sinceramente no creo pueda explicarse tanto por eso.	https://twitter.com/plenque/status/1387894440166137858	[]
plenque	Thu Apr 29 22:16:52 +0000 2021	2	0	@MenendezPepe Sí, pero no sé si la comparación sería justa en ningún caso por los cambios de testeo y todo eso. Cuando pueda lo armo.	https://twitter.com/plenque/status/1387893675947175943	[]
plenque	Thu Apr 29 22:09:21 +0000 2021	1	0	@solamentepincha Amén	https://twitter.com/plenque/status/1387891783271600130	[]
plenque	Thu Apr 29 22:04:12 +0000 2021	1515	384	Hacía tiempo que no miraba el dato y me sorprendió. Con la nueva ola es evidente el efecto de la vacunación en los trabajadores de la salud en CABA. No pongo otra jurisdicción porque creo que es el único lugar que libera datos. https://t.co/935PrbuTZo	https://twitter.com/plenque/status/1387890486657044485	[]
plenque	Thu Apr 29 20:19:46 +0000 2021	4	0	@sangarciacorre imposible escuchar la música y no ponerse contento.	https://twitter.com/plenque/status/1387864205127208983	[]
plenque	Thu Apr 29 14:50:32 +0000 2021	0	0	@FreinquelLucas @pdvalentini @marcelobianco2 ¿Puede que fuera hace un ratito? Ya había corregido ahí. Esto es de ahora. Lo de PBA es un tema de cantidad... no creo que puedan salir todos los partidos juntos. https://t.co/2TIqKNmjVX	https://twitter.com/plenque/status/1387781351701630981	[]
plenque	Thu Apr 29 14:44:22 +0000 2021	1	0	@deviajesycosas Buenas. Habían dejado de bajar, pero retomaron la tendencia. Acá expliqué cómo sacar la info del sitio: https://t.co/D0uxm7niJu https://t.co/zSoyFMxlD9	https://twitter.com/plenque/status/1387779798387286038	[]
plenque	Thu Apr 29 14:12:14 +0000 2021	2	0	@marcelobianco2 @pdvalentini Listo. Ayer estuve haciendo cambios y me mandé un moco feo. ¡Gracias a ambos por el aviso!	https://twitter.com/plenque/status/1387771712306040832	[]
plenque	Thu Apr 29 14:01:22 +0000 2021	0	0	@marcelobianco2 @pdvalentini Claro, pero hay muchas páginas en el sitio. ¿En el panorama?	https://twitter.com/plenque/status/1387768978538385420	[]
plenque	Thu Apr 29 13:58:50 +0000 2021	0	0	@pdvalentini Buen día. ¿En qué página?	https://twitter.com/plenque/status/1387768340475678729	[]
plenque	Thu Apr 29 02:47:12 +0000 2021	32	6	"Diferencias en el dataset de hoy 28/04 para Argentina. Son 23808 nuevos casos confirmados (23716 neto) y 348 fallecidos.

https://t.co/wXIZPBbkn6 https://t.co/ADS71ii0iO"	https://twitter.com/plenque/status/1387599317607895041	[]
plenque	Thu Apr 29 01:55:45 +0000 2021	2	0	@GottigNatalia @mjose_74 Sí, pero analizar la positividad de CABA es un poco complicado. Hay operativos (turismo, docentes) que testean asintomáticos y bajan fuerte la positividad. Las personas mayores no participan de ellos y es posible que no sean comparables.	https://twitter.com/plenque/status/1387586370089140229	[]
plenque	Thu Apr 29 01:13:46 +0000 2021	0	0	"@maxmediavilla Eso es exactamente lo que quise decir. Cuando alguien dice ""abrieron escuelas y se cuadruplicaron los casos 0-19"" o ""cerraron escuelas y no bajaron los casos 0-19"" aporta muy poco a la discusión sobre causalidad."	https://twitter.com/plenque/status/1387575804243103745	[]
plenque	Thu Apr 29 01:03:06 +0000 2021	0	0	@maxmediavilla No estoy en contra de cerrar las escuelas si es necesario. Quizás el tuit no fue claro o no se entendió, pero no es eso lo que quise decir.	https://twitter.com/plenque/status/1387573119271964674	[]
plenque	Wed Apr 28 22:15:16 +0000 2021	2	0	@DoctorOmarSued Lo único que objeto es analizar la dinámica de transmisión comunitaria solo en base al crecimiento de casos. Sin dudas crecieron los casos en todas las franjas y es preocupante.	https://twitter.com/plenque/status/1387530882068754436	[]
plenque	Wed Apr 28 21:28:29 +0000 2021	1	0	@fedelowe Poné esa en los fichines y te llenás de guita	https://twitter.com/plenque/status/1387519112352514049	[]
plenque	Wed Apr 28 21:03:41 +0000 2021	3	0	@maryRwhite @Cosmeluichito Puede ser, pero es muy difícil verlo en casos. Creo haber encontrado alfo en fallecidos: https://t.co/g9sQzaCJuN	https://twitter.com/plenque/status/1387512871551184902	[]
plenque	Wed Apr 28 20:50:54 +0000 2021	3	0	@PabloRichly ¡Enhorabuena!	https://twitter.com/plenque/status/1387509654561951746	[]
plenque	Wed Apr 28 20:15:26 +0000 2021	1	0	@lephcero ¿Quiénes fueron los genios que votaron por Groot que no los encuentro?	https://twitter.com/plenque/status/1387500728156053506	[]
plenque	Wed Apr 28 19:32:09 +0000 2021	3	0	@PabloRichly No hay opción más barata que la vacuna. La que sea.	https://twitter.com/plenque/status/1387489832520273928	[]
plenque	Wed Apr 28 19:04:16 +0000 2021	0	0	@pier17ok @kgalperin No tengo ni idea, pero podía no sanatear. Eso es lo que me dio vergüenza.	https://twitter.com/plenque/status/1387482816238206980	[]
plenque	Wed Apr 28 18:32:43 +0000 2021	1	0	@kgalperin Ustedes los profesores seguro tienen práctica con esto. No pude llegar al final de la vergüenza.	https://twitter.com/plenque/status/1387474877477793800	[]
plenque	Wed Apr 28 17:59:52 +0000 2021	1	0	@ndchiariello Sí, algo de eso hay. El tema es que las restricciones empezaron por los chicos y no por otras cosas.	https://twitter.com/plenque/status/1387466610718486530	[]
plenque	Wed Apr 28 17:56:58 +0000 2021	12	1	@JuanJuanete @jorgrandinetti En mi escala de prioridades, y luego de un año tremendo, lo primero es el bienestar de los chicos. Quisiera buenas y contundentes razones para que ellos estén primeros en la fila de las restricciones.	https://twitter.com/plenque/status/1387465881882595338	[]
plenque	Wed Apr 28 17:49:20 +0000 2021	0	0	@Imprudente13 @martintetaz Respondo yo porque no soy economista. Es exactamente la crítica que hago en mi tuit. Los gráficos de crecimientos de caso por edad no sirven para analizar mucho.	https://twitter.com/plenque/status/1387463960811642883	[]
plenque	Wed Apr 28 17:06:41 +0000 2021	0	0	"@HolaMort1 Tenés que entrar acá: https://t.co/KgUargUzrD
1. Sacar heatmap, elegir Casos (DX), hacer que normalice por población y filtrar CABA  -&gt; Enviar.
2. Sacar curvas apiladas, ajustar fechas -&gt; Filtrar."	https://twitter.com/plenque/status/1387453227117973505	[]
plenque	Wed Apr 28 16:18:07 +0000 2021	0	0	@baronchojr Sería un buen comienzo para analizar. Lo único que dije es que las curvas no alcanzan para eso.	https://twitter.com/plenque/status/1387441004622585860	[]
plenque	Wed Apr 28 16:13:53 +0000 2021	1	0	@hbarugel Claro, se puede explicar de varias maneras. Si se pudiera cruzar vacunación con casos podríamos tener más idea, pero no tenemos esa posibilidad en los datos.	https://twitter.com/plenque/status/1387439939974057989	[]
plenque	Wed Apr 28 16:06:18 +0000 2021	3	1	@pablogonzalezt El otro día intenté algo de eso con la apertura escalonada. No creo que las curvas sirvan para confirmar o descartar, pero me parece que todavía falta un poco para analizar el cierre. https://t.co/YEsh5Cf7VI	https://twitter.com/plenque/status/1387438030110220299	[]
plenque	Wed Apr 28 16:04:56 +0000 2021	1	0	@herlopezherrero Sí, claro, separar grupos quinquenales ayudaría a confirmar o descartar. Hubo veces en que 15-19 se comportó muy distinto que 25-29. Recuerdo que viajes de egresados del verano habían hecho algo así.	https://twitter.com/plenque/status/1387437686223409153	[]
plenque	Wed Apr 28 16:00:43 +0000 2021	3	0	@hbarugel No miré, pero la letalidad tarda un montón en consolidarse. Encima los jóvenes tienen más tiempo de terapia. Lo que sí ya se ve es diferencias en el crecimiento de fallecidos por edad. El otro día publiqué esto. Es difícil separar ambos efectos. https://t.co/g9sQzaCJuN	https://twitter.com/plenque/status/1387436625068806150	[]
plenque	Wed Apr 28 15:47:31 +0000 2021	6	0	@herlopezherrero Se pegó un flor de baile. Voy a tratar de analizar si tiene que ver con turismo o con las restricciones nocturnas. Tengo el mismo gráfico por grupo quinquenal: unir 15-19 con 25-29 no tiene mucho sentido. Luego lo comparto.	https://twitter.com/plenque/status/1387433304127909890	[]
plenque	Wed Apr 28 15:43:52 +0000 2021	5	0	@tavos No quiero sacar conclusiones porque es super complejo. Imaginate encima que la vacunación, esperemos, debería hacer que las líneas de jóvenes crezcan. Obviamente la escuela haría lo mismo.  Solo quería mostrar que se trivializa el tema.	https://twitter.com/plenque/status/1387432383637504005	[]
plenque	Wed Apr 28 15:36:17 +0000 2021	10	0	"@mschuliaquer Mi problema es con las publicaciones que dicen ""los casos 0-19 no dejan de subir!!!"" o, si querés, ""los casos 0-19 igual no subieron"". La reacción de la gente frente a eso no tiene nada que ver con lo que realmente significa."	https://twitter.com/plenque/status/1387430475178954761	[]
plenque	Wed Apr 28 15:33:45 +0000 2021	7	0	@mjose_74 El problema es que la positividad de por sí es un ratio y no podés hacerlo en un gráfico como ese. Lo que tengo para eso es un heatmap. https://t.co/WzxUvXmirm	https://twitter.com/plenque/status/1387429840392007680	[]
plenque	Wed Apr 28 15:27:39 +0000 2021	23	0	@jorgrandinetti Eso de algún modo ayudaría a decir que el contagio no aumenta en la franja 0-14 sino que con las escuelas se detecta mejor, lo cual es perfectamente posible. Claro que veo correlación, pero estoy diciendo que necesitamos datos de causalidad para justificar las decisiones.	https://twitter.com/plenque/status/1387428305956114433	[]
plenque	Wed Apr 28 15:22:00 +0000 2021	288	88	Cada vez que veo análisis de crecimiento de casos por edades sugiriendo que las escuelas aportan a la circulación comunitaria pienso en esto. Sin entrar en detalles, pretender explicar los cambios de las otras con la línea azul de abajo es como mucho. https://t.co/OL9dP8ryv6	https://twitter.com/plenque/status/1387426884020056064	[]
plenque	Wed Apr 28 13:24:01 +0000 2021	3	0	@RobertoJArias @lucasllach Gracias. Ojalá publiquen datos. Hay muchísima tela para cortar.	https://twitter.com/plenque/status/1387397190012841989	[]
plenque	Wed Apr 28 13:17:29 +0000 2021	5	0	@RobertoJArias @lucasllach ¿Lo anunciaron del MSAL? Todavía no hay datos abiertos que permitan ver eso por desgracia.	https://twitter.com/plenque/status/1387395546592186372	[]
plenque	Wed Apr 28 13:05:51 +0000 2021	0	0	@RobertoCremaOfi @Gus_Noriega Te pedí que dejemos ahí. La retórica no define a quién elijo bloquear.	https://twitter.com/plenque/status/1387392617219084289	[]
plenque	Wed Apr 28 13:02:35 +0000 2021	0	0	@RobertoCremaOfi @Gus_Noriega Bueno. Dejemos ahí. Trato de no argumentar con gente que está muy segura.	https://twitter.com/plenque/status/1387391797069029376	[]
plenque	Wed Apr 28 12:53:47 +0000 2021	0	0	@RobertoCremaOfi @Gus_Noriega Sin tener en cuenta la población de niños 0-14, representan un 6% de los contagiados en CABA. Me parece muy temeraria esa afirmación. Que digas que aumentaron y sigue siendo baja ponele.	https://twitter.com/plenque/status/1387389580626759683	[]
plenque	Wed Apr 28 12:51:47 +0000 2021	2	0	@Gus_Noriega Claro, viene por ahí. Lo que sería relevante es poder vincular ese dato con la circulación comunitaria.	https://twitter.com/plenque/status/1387389080640573441	[]
plenque	Wed Apr 28 11:52:11 +0000 2021	25	2	@Gus_Noriega Creo que falta un poco para poder analizarlo y, por lo que vi, varía mucho según la franja que elijas. Lo relevante creo yo es que siempre hablás de pocos casos respecto a la general. Se puso de moda mirar un nro medio irrelevante. Encontrar vínculo con la comunitaria es difícil.	https://twitter.com/plenque/status/1387374080278646784	[]
plenque	Wed Apr 28 11:12:19 +0000 2021	0	0	@gauchodelcanton Supongo que sí, pero creo que no lo han hecho. Tenemos casos por un lado y datos de turismo por el otro.	https://twitter.com/plenque/status/1387364048900182021	[]
plenque	Wed Apr 28 03:00:12 +0000 2021	29	3	"Diferencias en el dataset de hoy 27/04 para Argentina. Son 25610 nuevos casos confirmados (25494 neto) y 516 fallecidos (512 neto).

https://t.co/Ile5LuxnGG https://t.co/aZywPkEEZO"	https://twitter.com/plenque/status/1387240201370669056	[]
plenque	Wed Apr 28 01:19:12 +0000 2021	1	0	@juvbeneguista Con el tema demoras es difícil de predecir, pero creo que algo de vacunación ya se puede ver: https://t.co/g9sQzaCJuN	https://twitter.com/plenque/status/1387214784127512580	[]
plenque	Wed Apr 28 00:42:30 +0000 2021	1	0	"@juvbeneguista En esta página sale todo. La PBA reporta una parte dentro de los pocos días y la otra con un proceso automático que abarca lo no reportado de una semana atrás. CABA reporta más a los pocos días, pero lo demorado es más heterogéneo.

https://t.co/0KPw0avhqy"	https://twitter.com/plenque/status/1387205550228844547	[]
plenque	Wed Apr 28 00:40:30 +0000 2021	1	0	@JonSnpEf La positividad se puede ver acá: https://t.co/riOT5s1ng3	https://twitter.com/plenque/status/1387205044924203008	[]
plenque	Tue Apr 27 22:31:51 +0000 2021	1	0	@exequielmaldo Si sumamos testeo se nota claro cómo ese 3% va perdiendo peso y es esperable que no influya tanto en la positividad total. https://t.co/cZjdiTDl3v	https://twitter.com/plenque/status/1387172670043742213	[]
plenque	Tue Apr 27 22:30:22 +0000 2021	0	0	@exequielmaldo Es muy baja en comparación. https://t.co/xOT2f39t2d	https://twitter.com/plenque/status/1387172295656058892	[]
plenque	Tue Apr 27 21:38:25 +0000 2021	2	0	@fromthewest86 Y... hay que tenerla para ponerle así a un libro 😂 https://t.co/j55xEhzyw9	https://twitter.com/plenque/status/1387159223587516419	[]
plenque	Tue Apr 27 21:30:39 +0000 2021	10	0	@fromthewest86 Qué jodido que es Bergstrom cuando se enoja!	https://twitter.com/plenque/status/1387157268723118088	[]
plenque	Tue Apr 27 21:16:41 +0000 2021	3	0	@a_urizio Se habían estancado y ahora parece que quieren bajar de nuevo. https://t.co/1DT39G73NK	https://twitter.com/plenque/status/1387153754781360129	[]
plenque	Tue Apr 27 21:10:03 +0000 2021	19	3	Lo aclaro porque varios me preguntaron. Algo más comparable en el tiempo sería la positividad del sector privado (sin operativos) que ahora presenta una leve baja, pero no queda claro cuánto representativa es. La general sube.	https://twitter.com/plenque/status/1387152084244570131	[]
plenque	Tue Apr 27 21:10:02 +0000 2021	50	6	La positividad de CABA se presta a errores de interpretación. Como se incluyen resultados de operativos con otra definición de sospechoso (asintomáticos), entonces no necesariamente es comparable en el tiempo. Cuando baja el turismo o el testeo a docentes, es esperable que suba. https://t.co/5C45R5WqaP	https://twitter.com/plenque/status/1387152079416868864	[]
plenque	Tue Apr 27 20:24:54 +0000 2021	2	0	@srodriguezrey @danytripoli Me falta uno del tridente https://t.co/mrIXulyrqY	https://twitter.com/plenque/status/1387140721262608389	[]
plenque	Tue Apr 27 18:24:15 +0000 2021	4	1	@srodriguezrey Que me acutalicen el dataset!	https://twitter.com/plenque/status/1387110359568420865	[]
plenque	Tue Apr 27 16:34:35 +0000 2021	1	0	@Diegoteoficial @Padresvtelopez Sí, claro que se puede obtener y de hecho existe ese delay que, según el lugar, varía un poco (5/6 días aprox.). El tema es que en este análisis no modifica demasiado.	https://twitter.com/plenque/status/1387082762528624641	[]
plenque	Tue Apr 27 16:24:43 +0000 2021	0	0	@Diegoteoficial @Padresvtelopez Fijate que abajo indica que es DX = fecha de diagnóstico (resultado). En la comparación lo importante sería ver similitudes desfasadas.	https://twitter.com/plenque/status/1387080276787015682	[]
plenque	Tue Apr 27 02:56:20 +0000 2021	24	4	"Diferencias en el dataset de hoy 26/04 para Argentina. Son 18884 nuevos casos confirmados (18791 neto) y 443 fallecidos.

https://t.co/SgEIlzULoZ https://t.co/SYwuB6t4lD"	https://twitter.com/plenque/status/1386876843161174021	[]
plenque	Tue Apr 27 00:01:05 +0000 2021	1	1	@sangerchu El reloj roto no se pone contento. Gran diferencia.	https://twitter.com/plenque/status/1386832737957470210	[]
plenque	Mon Apr 26 23:50:15 +0000 2021	0	0	@otromonotributo Hay muchas historias que se cruzan. Justo recién me consultaban por eso. https://t.co/qKpZ73XR8p	https://twitter.com/plenque/status/1386830010045063175	[]
plenque	Mon Apr 26 22:56:35 +0000 2021	4	1	@martintetaz @MgigB Creo que hay bastante tela para cortar ahí, pero entiendo el punto. A mi me cuesta sacar conclusiones muy duras de estas curvas.	https://twitter.com/plenque/status/1386816504755277824	[]
plenque	Mon Apr 26 22:49:11 +0000 2021	5	0	@martintetaz @MgigB El sector privado mete menos tests y por eso la positividad pega más saltos, pero es parecido. https://t.co/WvUvBjfphX	https://twitter.com/plenque/status/1386814645839835136	[]
plenque	Mon Apr 26 22:28:06 +0000 2021	0	0	"@Ferodelga @Padresvtelopez El ""experimento"" era ver si había algún patrón en dos lugares que abrieron con algún nivel de desfase. No creo que podamos encontrar el motivo en serio mirando curvas."	https://twitter.com/plenque/status/1386809338887553026	[]
plenque	Mon Apr 26 22:26:39 +0000 2021	11	0	@martintetaz @MgigB https://t.co/ZnzfKOoaS9	https://twitter.com/plenque/status/1386808972515151875	[]
plenque	Mon Apr 26 22:24:30 +0000 2021	0	0	@MgigB @JumaLazzati @gauchodelcanton @ernestorr @Padresvtelopez Más allá de cortar en 12 para que no te ensucie los datos el operativo turismo, yo no recomendaría intercambiar contagio con casos.	https://twitter.com/plenque/status/1386808431814787072	[]
plenque	Mon Apr 26 22:23:02 +0000 2021	9	0	@martintetaz @MgigB Turismo. El operativo testea a niños &gt; 12 y eso bajaba artificialmente la positividad. Termina el verano y arranca a subir de nuevo. Si te quedás con los niños hasta 12 la suba se produce recién el 20/03 aprox. https://t.co/iVxKeO0LLd	https://twitter.com/plenque/status/1386808064028856320	[]
plenque	Mon Apr 26 14:18:51 +0000 2021	3	0	@UnLibroPorMes ¡No hay nada que disculpar! El tema de prioridades también es complejo.	https://twitter.com/plenque/status/1386686212241608708	[]
plenque	Mon Apr 26 14:09:24 +0000 2021	5	1	"@UnLibroPorMes Las olas arrancaron por jóvenes con vacunas y sin vacunas. Como son escasas hay que priorizarlas y lo hicimos en la población que mayor riesgo tiene. Creo que ver que funcionan ""en la cancha"" es una buena noticia."	https://twitter.com/plenque/status/1386683834054451204	[]
plenque	Mon Apr 26 14:04:12 +0000 2021	1	0	@JaviA96 Ojo que al final entra en juego el right censoring: los fallecidos de estos últimos días no los conocés todavía. Hay que cortar 10 o 15 días antes.	https://twitter.com/plenque/status/1386682526094213126	[]
plenque	Mon Apr 26 13:08:26 +0000 2021	103	24	Comparto de nuevo porque hacen falta buenas noticias y creo que esta podría serlo. https://t.co/g9sQzaCJuN	https://twitter.com/plenque/status/1386668493018476549	[]
plenque	Mon Apr 26 13:06:59 +0000 2021	4	0	@Gus_Noriega @javierguevara Lunes 10 AM y ya me dio acidez.	https://twitter.com/plenque/status/1386668129619689475	[]
plenque	Mon Apr 26 12:54:13 +0000 2021	1	0	@marinaenba Se podría hacer algo así, pero creo que sería complicado sin saber cuáles están vacunados y cuáles no. No podemos cruzar casos con vacunación por desgracia.	https://twitter.com/plenque/status/1386664915553955840	[]
plenque	Mon Apr 26 12:52:54 +0000 2021	1	0	@javierguevara No lo sé. Supongo que para estimarlo deberíamos contar con la mortalidad general 2020 y no salió todavía.	https://twitter.com/plenque/status/1386664584786989057	[]
plenque	Mon Apr 26 12:23:20 +0000 2021	0	0	@CJVenturini Sí, la baja en promedio es esperable, pero las olas también arrancan por los más jóvenes. Por eso me concentré en comparar esos dos grupos que se parecen y tuvieron fechas de inicio distintas.	https://twitter.com/plenque/status/1386657143974158340	[]
plenque	Mon Apr 26 03:35:35 +0000 2021	1	0	@yoarg Es una demora relativamente baja comparando con el año pasado. Te diría que ahora la PBA está mejor que la mayoría de las jurisdicciones. Va gráfico de la demora de carga en fallecidos. Se puede investigar más acá:  https://t.co/0KPw0avhqy https://t.co/8Ak1OqVQ2G	https://twitter.com/plenque/status/1386524330587197441	[]
plenque	Mon Apr 26 02:59:07 +0000 2021	33	8	"Diferencias en el dataset de hoy 25/04 para Argentina. Son 15048 nuevos casos confirmados (15014 neto) y 170 fallecidos.

https://t.co/7KdF6NIrYb https://t.co/Mp0FFN0866"	https://twitter.com/plenque/status/1386515155165589505	[]
plenque	Mon Apr 26 00:31:25 +0000 2021	2	0	@BenyiTratativa @martinalalu 10 días ya entran en terreno de right censoring para fallecidos. Tranquilamente puede ser, pero yo espería un poco a que se consoliden los datos.	https://twitter.com/plenque/status/1386477982118776833	[]
plenque	Mon Apr 26 00:15:31 +0000 2021	6	0	@alefolgarait Ellos obviamente pueden separar vacunados del resto y es fácil computarlo, pero en los datos abiertos algo ya se puede ver: https://t.co/g9sQzaCJuN	https://twitter.com/plenque/status/1386473980983451650	[]
plenque	Mon Apr 26 00:13:48 +0000 2021	5	1	@PabloRichly Hasta donde sé solo tenemos AMBA completo en el parte de Nación. Y en CABA solo sector público.	https://twitter.com/plenque/status/1386473551570538504	[]
plenque	Mon Apr 26 00:10:32 +0000 2021	7	1	@martinalalu Sí, seguro depende de la velocidad y supongo que del tipo de vacuna. No creo que ese lapso sea un axioma ni mucho menos. Te agrego atrás la curva de % +80 con primera dosis. Podés jugar en el explorador del sitio si querés, sale de ahí! https://t.co/SKeOn8z8hm	https://twitter.com/plenque/status/1386472727838699521	[]
plenque	Sun Apr 25 20:10:36 +0000 2021	2	0	@Crst_C Quizás se cumple, pero bajo otros supuestos: inmunidad al hambre, al hastío, etc. etc. La cuarentena es un recurso escaso.	https://twitter.com/plenque/status/1386412347284103170	[]
plenque	Sun Apr 25 17:46:26 +0000 2021	17	1	@fedetiberti Quizás ya estamos en eso: https://t.co/g9sQzaCJuN	https://twitter.com/plenque/status/1386376066290397184	[]
plenque	Sun Apr 25 17:00:38 +0000 2021	133	30	Las olas parecen arrancar por los más jóvenes así que para mirar el efecto de la vacunación en fallecidos me pareció mejor comparar 70-79 con 80+ en CABA (estuvieron bien diferenciados). ¿Cuánto demora en verse el efecto? Creo que algo inicia el 09/04: sería mes y medio. https://t.co/3aB4vdiMn3	https://twitter.com/plenque/status/1386364539961319425	[]
plenque	Sun Apr 25 15:57:34 +0000 2021	0	0	@MenendezPepe @martintetaz @rquiroga777 Lo creería si hubiéramos intentado. Y todavía resta saber si funciona.	https://twitter.com/plenque/status/1386348667746013192	[]
plenque	Sun Apr 25 11:43:22 +0000 2021	2	0	@Oxalix2 @MetodoCastro @ladriguruok @msalnacion En números tan acotados tampoco podría descartar que fuera resultado de los efectores de CABA cargando mejor los datos. No creo que sirva de mucho esa info.	https://twitter.com/plenque/status/1386284699031584770	[]
plenque	Sun Apr 25 11:03:33 +0000 2021	0	0	@MenendezPepe Al final, esos lugares del infierno siempre tuvieron la culpa. Yo sabía!	https://twitter.com/plenque/status/1386274676427698176	[]
plenque	Sun Apr 25 02:58:29 +0000 2021	20	4	La curva de fallecidos por fecha real ya empieza a empinarse llegando a 262 el 16/04/21. Recordemos que el máximo hasta hoy fue el 09/10/2020 con 409.	https://twitter.com/plenque/status/1386152604904960006	[]
plenque	Sun Apr 25 02:51:24 +0000 2021	29	4	"Diferencias en el dataset de hoy 24/04 para Argentina. Son 21322 nuevos casos confirmados (21220 neto) y 298 fallecidos.

https://t.co/WpOASNSsBW https://t.co/HEJH7mLfTy"	https://twitter.com/plenque/status/1386150823672139779	[]
plenque	Sun Apr 25 02:42:33 +0000 2021	4	1	@octaviobramajo @Padresvtelopez Creo que ahí va mejor. cc @fedetiberti @fromthewest86 https://t.co/sfW7uMAxH9	https://twitter.com/plenque/status/1386148596123377664	[]
plenque	Sun Apr 25 01:48:34 +0000 2021	1	0	@MetodoCastro @ladriguruok @msalnacion Tiene atraso y muy probablemente no se registre la mayor parte de las internaciones. Habría que ver cuán representativo es. No lo sé.	https://twitter.com/plenque/status/1386135013394092037	[]
plenque	Sun Apr 25 01:47:03 +0000 2021	1	0	@J31383237 @Padresvtelopez Como poder se puede, pero La Patagonia tuvo curvas muy muy distintas a las del centro del país. Ya son demasiados factores los que pueden intervenir. Pongo esa y algunas más luego. https://t.co/htXyZifOAc	https://twitter.com/plenque/status/1386134628289982467	[]
plenque	Sat Apr 24 22:08:14 +0000 2021	4	2	@abueloeconomico @Elber_T_Brado Esta es la demora de ayer. Acá se puede investigar: https://t.co/0KPw0avhqy https://t.co/9MOhhCTArC	https://twitter.com/plenque/status/1386079560706445321	[]
plenque	Sat Apr 24 21:22:19 +0000 2021	4	2	@abueloeconomico @Elber_T_Brado Es que los 500 corresponden a una fecha distinta cada uno. Son 500 informados ayer distribuidos entre los últimos 12 días aprox. Luego te paso el gráfico que no lo tengo a mano.	https://twitter.com/plenque/status/1386068007848398857	[]
plenque	Sat Apr 24 21:14:24 +0000 2021	1	1	@abueloeconomico @Elber_T_Brado La demora de estos últimos días es similar a la de siempre: 10 / 12 días aprox. No habría carga acumulada.	https://twitter.com/plenque/status/1386066014425726978	[]
plenque	Sat Apr 24 19:14:23 +0000 2021	0	0	@MarceloReibach @Padresvtelopez Podría poner todas las barritas, pero lo relevante es que las diferencias temporales que existieron no parecen haber generado diferencias en la curva.	https://twitter.com/plenque/status/1386035812169572358	[]
plenque	Sat Apr 24 18:40:30 +0000 2021	12	0	@ArnaldoDMedina Para sacar conclusiones faltaría analizar cómo hubiera sido sin el inicio de clases y eso requiere análisis. Empezaría por agregar otros grupos etarios ponderando posibles cambios de testeo.	https://twitter.com/plenque/status/1386027285531201538	[]
plenque	Sat Apr 24 18:23:22 +0000 2021	3	1	@Elber_T_Brado Es el que sale en todos lados ese. Acá uno: https://t.co/QA2nzZMGY6	https://twitter.com/plenque/status/1386022973673549826	[]
plenque	Sat Apr 24 16:18:34 +0000 2021	0	0	@BariNicok @pao_gab @Gus_Noriega @Padresvtelopez Lo bueno es que el próximo análisis no lo vas a tener que sufrir.	https://twitter.com/plenque/status/1385991567136145413	[]
plenque	Sat Apr 24 14:55:44 +0000 2021	2	0	@elrafaargentino @fromthewest86 @fedetiberti Puede que el dato no se cargue bien en algunos lados. Habría que analizarlo bien.	https://twitter.com/plenque/status/1385970721810231299	[]
plenque	Sat Apr 24 13:47:11 +0000 2021	5	2	@Elber_T_Brado Porque los datos son por fecha real del suceso y las muertes demoran en ser reportadas. Gran parte de los fallecidos de estos días vendrán recién en una semana o más.	https://twitter.com/plenque/status/1385953468561637377	[]
plenque	Sat Apr 24 13:37:13 +0000 2021	5	0	@enriquearoman Que conste que también soy team invierno.	https://twitter.com/plenque/status/1385950962603511812	[]
plenque	Sat Apr 24 13:27:04 +0000 2021	7	0	@SergioFelperin Es como el viejo truco de la ilusión monetaria!	https://twitter.com/plenque/status/1385948404929474561	[]
plenque	Sat Apr 24 13:22:50 +0000 2021	145	15	En momentos de incertidumbre toca tomar medidas sin muchos datos así que propongo la mía: suspender feriados hasta nuevo aviso. Y también prohibir el frío. Qué grandeza la de Baglini.	https://twitter.com/plenque/status/1385947339538542596	[]
plenque	Sat Apr 24 12:33:24 +0000 2021	0	0	@fernandezpablo @lucasllach Es interesante el planteo, pero me supera analizarlo cuantitativamente. Quizás haya lugares con enorme mortalidad (TDF) en que se pueda.	https://twitter.com/plenque/status/1385934901241946118	[]
plenque	Sat Apr 24 12:31:20 +0000 2021	1	0	@elhipernauta Sí, algo ya se está viendo y quizás en varios lugares. Pasa que muchas personas hablan de cambios en el virus, cosa que no puedo descartar, pero tampoco hay que olvidar que era lo esperable.	https://twitter.com/plenque/status/1385934381022392321	[]
plenque	Sat Apr 24 10:55:41 +0000 2021	5	0	@octaviobramajo @fedetiberti Vos viste cómo está la calle, hay que rebuscarsela (me falta un emoji con escarbadientes en la boca)	https://twitter.com/plenque/status/1385910311589457922	[]
plenque	Sat Apr 24 10:49:23 +0000 2021	5	0	@octaviobramajo @Padresvtelopez Sí, ahora que lo pienso estaría bueno. Pasa que esto sale del explorador del sitio que es genérico y hacer algo así es bien jodido. Capaz que @fedetiberti se copa y me da una mano.	https://twitter.com/plenque/status/1385908726331236352	[]
plenque	Sat Apr 24 10:45:43 +0000 2021	36	0	@fromthewest86 @fedetiberti Nunca confié en la data de internaciones porque creo que no se carga bien, pero la diferencia es muy notoria como para ignorarla. Lindo dato que a @fedetiberti le puede interesar.	https://twitter.com/plenque/status/1385907800577122307	[]
plenque	Sat Apr 24 03:24:04 +0000 2021	0	0	@FreinquelLucas Gracias por avisar. Mañana miro. PBA tiene montones de partidos y se complica.	https://twitter.com/plenque/status/1385796657326002182	[]
plenque	Sat Apr 24 03:14:16 +0000 2021	4	0	@ernestorr @JumaLazzati @Padresvtelopez Es que el gráfico no pretende analizar eso. No pasa por el movimiento de la curva sino por el análisis comparado de dos lugares que presentaron diferencias en ese sentido.	https://twitter.com/plenque/status/1385794191641481219	[]
plenque	Sat Apr 24 03:11:51 +0000 2021	2	0	@ernestorr @JumaLazzati @Padresvtelopez Ambas curvas se ven casi iguales pese a las diferencias en ese sentido. Es un análisis comparado nomás.	https://twitter.com/plenque/status/1385793584318844936	[]
plenque	Sat Apr 24 03:08:59 +0000 2021	15	1	La gran mayoría de los fallecidos, nuevamente, son de los últimos 10 días. No hay mayores demoras.	https://twitter.com/plenque/status/1385792860969127936	[]
plenque	Sat Apr 24 03:08:58 +0000 2021	35	3	"Diferencias en el dataset de hoy 23/04 para Argentina. Son 28182 nuevos casos confirmados (28001 neto) y 557 fallecidos.

https://t.co/G4sTFgAQpm https://t.co/NtT0kCFIyJ"	https://twitter.com/plenque/status/1385792856703574023	[]
plenque	Sat Apr 24 01:25:42 +0000 2021	4	0	@gonzalofprado ¡Gracias!	https://twitter.com/plenque/status/1385766870305972225	[]
plenque	Sat Apr 24 00:28:03 +0000 2021	8	2	@JumaLazzati @Padresvtelopez No cambia mucho la verdad. Se ve que la curva de esa edad creció un poco más, pero sin novedades en el análisis comparado, digamos. https://t.co/2ktVXQvxKQ	https://twitter.com/plenque/status/1385752360178360326	[]
plenque	Fri Apr 23 23:21:12 +0000 2021	4	0	@QuikFCO ¡Gracias! 🙏	https://twitter.com/plenque/status/1385735537785544707	[]
plenque	Fri Apr 23 22:51:12 +0000 2021	2	1	@sebikaiser @pipstoch La segunda curva es por fecha real. Los fallecidos de hoy van a ir llegando los próximos días porque hay demora de carga.	https://twitter.com/plenque/status/1385727988805914628	[]
plenque	Fri Apr 23 21:31:56 +0000 2021	1	0	@22_helenita Hay uno del 04/2020 que me parece que es un error de carga. El grueso es reciente.	https://twitter.com/plenque/status/1385708038355660800	[]
plenque	Fri Apr 23 17:37:12 +0000 2021	2	0	@ndchiariello @Padresvtelopez Son casos de todas las edades. Quise ver si la diferencia en la apertura generó algo para analizar.	https://twitter.com/plenque/status/1385648967703269385	[]
plenque	Fri Apr 23 17:14:33 +0000 2021	5	0	@JGPArgentina @Padresvtelopez Sí, claro, por eso es tan difícil.	https://twitter.com/plenque/status/1385643268336144387	[]
plenque	Fri Apr 23 17:06:58 +0000 2021	0	0	@ivanfbf Sería proporción. Pasa que crecieron y queda más claro para transmitir la idea.	https://twitter.com/plenque/status/1385641358271127557	[]
plenque	Fri Apr 23 16:51:05 +0000 2021	12	0	@JumaLazzati @Padresvtelopez El gráfico se puede hacer en el sitio. Voy a ajustar la funcionalidad de crecimiento relativo a una fecha y la publico. Igual apenas pueda lo armo.	https://twitter.com/plenque/status/1385637362009575424	[]
plenque	Fri Apr 23 16:44:44 +0000 2021	0	0	@marymgpo Contactos estrechos con síntomas se dan por positivo por diagnóstico clínico epidemiológico, pero solo en algunas jurisdicciones. Principalmente PBA. En casi ningún lugar del país se testea asintomáticos así que no sabemos cuántos hay.	https://twitter.com/plenque/status/1385635762524278788	[]
plenque	Fri Apr 23 16:13:39 +0000 2021	1	0	@guido__ce Cuando los ves de más cerca le tenés un poco más de respeto a los datos: están llenos de problemas. El otro tema es que veo es que hay datasets mezclados. Quizás te conviene poner el de Argentina para todo (filtrando por CABA).	https://twitter.com/plenque/status/1385627942605266944	[]
plenque	Fri Apr 23 16:08:28 +0000 2021	7	0	@ejungman @Padresvtelopez Solo hablé de un offset de 14 días. Si existieron diferencias temporales no parecen tener mucho efecto en las curvas.	https://twitter.com/plenque/status/1385626638302556162	[]
plenque	Fri Apr 23 16:07:08 +0000 2021	2	0	@guido__ce El gráfico tiene algunas limitaciones propias de los datos del país que repercuten en el sitio. Para CABA se usa proyección 2020 mientras que para conurbano datos 2010 porque no tenemos proyecciones por edad y departamento. Perdón por las limitaciones, pero no queda otra.	https://twitter.com/plenque/status/1385626300581392389	[]
plenque	Fri Apr 23 15:53:10 +0000 2021	3	0	@fromthewest86 Dame un par de días che!	https://twitter.com/plenque/status/1385622785733578752	[]
plenque	Fri Apr 23 15:47:09 +0000 2021	1	0	@Quiquin1970 Es otro análisis interesante. Lo tengo pendiente.	https://twitter.com/plenque/status/1385621270394515459	[]
plenque	Fri Apr 23 15:46:23 +0000 2021	6	0	@romijuan17 Claro, pero ese es un análisis más profundo que los números crudos. Acá tenemos 14 días de diferencia en un hito puntual y quería ver si tenían impacto. No puedo descartarlo, pero no parece.	https://twitter.com/plenque/status/1385621077569810432	[]
plenque	Fri Apr 23 15:44:46 +0000 2021	2	1	@fromthewest86 En construcción. La habilité en una página en paralelo y la estoy ajustando para que sea apta para todo público. Te aviso.	https://twitter.com/plenque/status/1385620671301132290	[]
plenque	Fri Apr 23 15:43:18 +0000 2021	4	0	@BariNicok @Gus_Noriega @Padresvtelopez Es la idea. A veces no me da el tiempo para todo.	https://twitter.com/plenque/status/1385620305071198209	[]
plenque	Fri Apr 23 15:42:47 +0000 2021	2	0	@mschuliaquer Lo que me dijeron es que el nivel de apertura no superó el 20% del que luego fue el 01/03. De cualquier manera, insisto, no son conclusiones duras.	https://twitter.com/plenque/status/1385620172065607682	[]
plenque	Fri Apr 23 15:33:50 +0000 2021	112	15	El crecimiento de ambas curvas parece ser similar. Si bien no creo que mirando curvas se pueda analizar totalmente el impacto de las escuelas en la circulación comunitaria, en este análisis particular no parece haber evidencia clara de eso.	https://twitter.com/plenque/status/1385617921301438468	[]
plenque	Fri Apr 23 15:33:49 +0000 2021	303	108	En base a una idea de @Padresvtelopez armé este gráfico. Las escuelas abrieron el 17/02 en CABA y el 01/03 en el conurbano. Lo que muestro es el crecimiento relativo de casos respecto al 17/02 en ambos lugares para ver si esas dos semanas de diferencia impactaron de algún modo. https://t.co/gE5lRNZ8oJ	https://twitter.com/plenque/status/1385617918298370050	[]
plenque	Fri Apr 23 13:49:08 +0000 2021	2	0	@Quemeros Yo no descarto nada, pero para tener un argumento hay que separar una cosa de otra y eso no es fácil.	https://twitter.com/plenque/status/1385591570372648966	[]
plenque	Fri Apr 23 13:39:09 +0000 2021	3	1	@budinero_ Muy difícil con los datos que tenemos. Recordá que la mayoría tiene una sola dosis y de algunas no sabemos nada.	https://twitter.com/plenque/status/1385589058320142339	[]
plenque	Fri Apr 23 13:28:32 +0000 2021	1	0	@estalindoafuera @fergleiser @fernandezpablo @elDiarioAR Con datos de ayer. En el explorador del sitio lo pueden armar así. https://t.co/uYaJyRfluj	https://twitter.com/plenque/status/1385586389983678465	[]
plenque	Fri Apr 23 13:20:36 +0000 2021	2	0	"@CJVenturini @martdominguez @cuantaVacunaAr Sí, pero si quitás ""Por población"" y filtrás de nuevo salen absolutos."	https://twitter.com/plenque/status/1385584393079726080	[]
plenque	Fri Apr 23 13:20:13 +0000 2021	2	0	@guido__ce Es que es imposible graficar a ese nivel. Tengo que llevar la vacunación al panorama, eso sí.	https://twitter.com/plenque/status/1385584294362554370	[]
plenque	Fri Apr 23 13:17:12 +0000 2021	1	0	@guido__ce 💪 de a poco van usando el explorador!!!	https://twitter.com/plenque/status/1385583534459473922	[]
plenque	Fri Apr 23 13:13:45 +0000 2021	1	0	@estalindoafuera @fedetiberti Sí, en el acumulado está parejo. Ayer miré y eran 96k y 98k.	https://twitter.com/plenque/status/1385582666083311616	[]
plenque	Fri Apr 23 13:01:04 +0000 2021	5	0	@tflarre No hablaba de mortalidad sino de proporciones que es lo que está cambiando ahora. Para analizar la mortalidad creo que falta un poco por las demoras.	https://twitter.com/plenque/status/1385579474540957696	[]
plenque	Fri Apr 23 12:55:52 +0000 2021	12	0	@PabloRichly El gobierno tiene los datos para identificar a los vacunados. Me encantaría que publiquen algo.	https://twitter.com/plenque/status/1385578168023670787	[]
plenque	Fri Apr 23 12:54:10 +0000 2021	9	0	@Lean78 Desde el 31/03 el GCBA no actualiza los datos. Ya reclamé un par de veces. Hoy lo hago de nuevo.	https://twitter.com/plenque/status/1385577737864290304	[]
plenque	Fri Apr 23 12:48:57 +0000 2021	364	43	No está de más aclarar que, si el plan de vacunación funciona como esperamos y dadas las restricciones, en algún momento el porcentaje de &lt;40 fallecidos va a ser más alto que el resto. Que no se malentienda, pero un resultado distinto sería muy mala noticia.	https://twitter.com/plenque/status/1385576425089085441	[]
plenque	Fri Apr 23 12:18:50 +0000 2021	2	1	"@jmcos @Gus_Noriega @FernanQuirosBA Cuando suben los casos fuerte tb baja la letalidad ""común"" porque la licúan. Habría que ver bien la metodología."	https://twitter.com/plenque/status/1385568846938099719	[]
plenque	Fri Apr 23 11:56:25 +0000 2021	4	0	@Gus_Noriega @jmcos @FernanQuirosBA Ellos miden letalidad por cohorte: vacunados vs no vacunados. Es el santo grial de la información al que los mortales no tenemos acceso.	https://twitter.com/plenque/status/1385563207113269255	[]
plenque	Fri Apr 23 11:25:04 +0000 2021	1	0	@martdominguez @cuantaVacunaAr Es perspectiva no falta tanto, pero se hace infinito	https://twitter.com/plenque/status/1385555316008529923	[]
plenque	Fri Apr 23 11:20:55 +0000 2021	3	1	@martdominguez @cuantaVacunaAr Para la próxima, en esta página tenés la población y podes filtrar por lugar: https://t.co/W2UENp2fDg	https://twitter.com/plenque/status/1385554271148589056	[]
plenque	Fri Apr 23 03:08:12 +0000 2021	1	0	@cielo2009 Sí, están todos y luego detallo los que son sin PCR. Quedó así desde siempre.	https://twitter.com/plenque/status/1385430275233091587	[]
plenque	Fri Apr 23 02:51:36 +0000 2021	26	5	La mala noticia es que no hubo demoras particularmente altas. El grueso de los fallecidos fueron de los últimos 12 días. https://t.co/eRM8sAITWb	https://twitter.com/plenque/status/1385426096762523650	[]
plenque	Fri Apr 23 02:49:02 +0000 2021	52	6	"El 21/04 no hubo dataset así que se acumularon dos días. Diferencias en el dataset de ayer y hoy (21/04 y 22/04) para Argentina. Fueron 53220 nuevos casos confirmados (53036 neto) y 827 fallecidos.

https://t.co/NHz38XmdwS https://t.co/j0e1GdCEh6"	https://twitter.com/plenque/status/1385425452869763074	[]
plenque	Fri Apr 23 01:55:59 +0000 2021	1	0	@PabloRichly Edad simple en ambas cosas. Envidia total.	https://twitter.com/plenque/status/1385412100718215168	[]
plenque	Fri Apr 23 01:50:15 +0000 2021	12	0	@PabloRichly Sí, pero eso de mezclar grupos quinquenales, decenales y &lt;20 en el gráfico no te lo envidio nada. No entendía la pirámide!	https://twitter.com/plenque/status/1385410660151054336	[]
plenque	Thu Apr 22 21:40:25 +0000 2021	4	1	@jmcos @light__paradise No, eso solo en informes a la prensa.	https://twitter.com/plenque/status/1385347786380648452	[]
plenque	Thu Apr 22 21:31:18 +0000 2021	1	0	@elhipernauta Adoptar + perritos también está muy bien.	https://twitter.com/plenque/status/1385345491366461441	[]
plenque	Thu Apr 22 21:24:40 +0000 2021	4	0	@Facundo08749531 @fedetiberti @MetodoCastro @AlexVaismanKuc @CuantasVacunas No, son brazos	https://twitter.com/plenque/status/1385343823904223238	[]
plenque	Thu Apr 22 21:14:34 +0000 2021	1	0	@octaviobramajo @BenyiTratativa @JSchmukler @SergioFelperin @fedetiberti Eso es del sitio, pero si querés usar otra definición podés quitar o agregar a gusto 😀 https://t.co/H6XmdHanzE	https://twitter.com/plenque/status/1385341279396110342	[]
plenque	Thu Apr 22 21:10:48 +0000 2021	5	0	"@BenyiTratativa @octaviobramajo @JSchmukler @SergioFelperin @fedetiberti Ojo que a nivel departamental no tenemos datos proyectados por edad así que el AMBA lo grafico con datos 2010. Ahí no queda otra porque no hay datos. Podría usar proyecciones ""propias"", pero preferí no meter nada no oficial."	https://twitter.com/plenque/status/1385340335191113728	[]
plenque	Thu Apr 22 21:02:43 +0000 2021	3	0	@AlejandroCdia @AriCuervo1308 @pipstoch Está saliendo tipo 23:20 y lo tengo listo tipo 23:40. Van atrasando el horario. Encima ayer no salió dataset.	https://twitter.com/plenque/status/1385338299716444164	[]
plenque	Thu Apr 22 18:56:24 +0000 2021	10	0	@SergioFelperin @fedetiberti No tengo ni la menor idea. Supongo un poco de ambas. Eso es más para demógrafos.	https://twitter.com/plenque/status/1385306511660965893	[]
plenque	Thu Apr 22 18:47:31 +0000 2021	41	1	@fedetiberti 100%, ¡y nos hace falta un censo!	https://twitter.com/plenque/status/1385304273785925640	[]
plenque	Thu Apr 22 14:51:51 +0000 2021	2	0	@rusosnith @guido__ce Es que tampoco es secreto. Solo no quiero que lo más se vea sea info que no tiene fecha real. Todavía tengo pendiente poner la vacunación en el panorama.	https://twitter.com/plenque/status/1385244968537796614	[]
plenque	Thu Apr 22 14:47:33 +0000 2021	1	0	@rusosnith @guido__ce Lo que él dice es esta página que la saqué porque es por fecha de reporte y no por fecha real. Es la que usábamos cuando no había dataset. Sigue estando, pero no linkeada. https://t.co/mhmjGmYsfL	https://twitter.com/plenque/status/1385243883450388485	[]
plenque	Thu Apr 22 14:42:20 +0000 2021	3	0	@fedetiberti @Mero_5 @AlexVaismanKuc @CuantasVacunas Y en vacunación se compensarían bastante: https://t.co/o2TPQ30IVj	https://twitter.com/plenque/status/1385242573133041665	[]
plenque	Thu Apr 22 14:39:15 +0000 2021	7	1	@Mero_5 @AlexVaismanKuc @CuantasVacunas @fedetiberti Tomamos domicilio de residencia así que eso no debería afectar.	https://twitter.com/plenque/status/1385241797845192708	[]
plenque	Thu Apr 22 14:35:53 +0000 2021	26	1	@AlexVaismanKuc @CuantasVacunas @fedetiberti Las personas vacunadas superan a la proyección de población oficial. No hay mucho más que podamos hacer.	https://twitter.com/plenque/status/1385240950600081415	[]
plenque	Thu Apr 22 13:13:46 +0000 2021	0	0	@bernimercado @PabloRichly @AlberdianoArg @GabyLevinas Eso no tiene nada que ver con lo que estábamos hablando y tampoco es la manera de iniciar un intercambio. Me sumo a la lista de ilustres que ni conozco. Capaz que romperle las bolas a la gente no es mostrar un punto de vista diferente.	https://twitter.com/plenque/status/1385220283255164928	[]
plenque	Thu Apr 22 13:02:14 +0000 2021	0	0	@bernimercado @PabloRichly Por favor, no me obligues a bloquearte.	https://twitter.com/plenque/status/1385217383175004160	[]
plenque	Thu Apr 22 12:44:46 +0000 2021	11	0	@PabloRichly https://t.co/zoEX1uwKGf	https://twitter.com/plenque/status/1385212986973958148	[]
plenque	Thu Apr 22 01:43:42 +0000 2021	5	0	"@srodriguezrey @rusosnith ""ahí viene el pesado de las raspberry... estornudá bien fuerte"""	https://twitter.com/plenque/status/1385046625001877506	[]
plenque	Thu Apr 22 01:21:32 +0000 2021	3	0	@Gus_Noriega @cocodragan Mezclar 10-14 con 15-19 tampoco me pareció lógico. Son cortes muy arbitrarios en cualquier caso.	https://twitter.com/plenque/status/1385041042722988032	[]
plenque	Thu Apr 22 01:20:52 +0000 2021	3	0	"@Gus_Noriega @cocodragan Crecimiento aislado de un grupo etario no tengo porque nunca me pareció muy útil. Se podría armar. Está página, sacando ""heatmap"" y ""curvas apiladas"", permite ver un gráfico de proporciones que incluye 0-14 y 15-29.
https://t.co/KgUargUzrD https://t.co/sDnWuazQHn"	https://twitter.com/plenque/status/1385040875928133637	[]
plenque	Wed Apr 21 18:57:06 +0000 2021	2	0	@rusosnith @SalernoBr @replicas__ @louisdegrange No tenemos ni vacunados ni población proyectada por edad simple. Se podría hacer grupo decenal de edad. Acá salen los %: https://t.co/W2UENp2fDg	https://twitter.com/plenque/status/1384944300560105473	[]
plenque	Wed Apr 21 17:35:18 +0000 2021	3	0	@AGonzio @chaquetumate Exacto. Eso indicaba en el tuit siguiente. Algunos también hablan de cambios de letalidad en nuevas variantes y por las dudas lo mencioné.	https://twitter.com/plenque/status/1384923711497773057	[]
plenque	Wed Apr 21 15:02:52 +0000 2021	1	0	@alfaro2122 @ZulmaCucunuba @rundav5 Hacemos lo que podemos con la información que tenemos. Coincido en que lo ideal sería tener datos abiertos de vacunación.	https://twitter.com/plenque/status/1384885353790779392	[]
plenque	Wed Apr 21 14:32:13 +0000 2021	0	0	@rundav5 @ZulmaCucunuba Si te interesa, puedo armar ese gráfico para el dataset de hace un mes. Debería verse el mismo efecto si fuera así, ¿no?	https://twitter.com/plenque/status/1384877638112751617	[]
plenque	Wed Apr 21 14:31:17 +0000 2021	5	0	@judiovirus @fedetiberti @ivordonez Las muertes son por fecha real así que la demora no debería afectar mucho salvo que haya un sesgo de carga por edades (no lo había la última vez que vi). Probablemente entre en juego la vacunación.	https://twitter.com/plenque/status/1384877404817088513	[]
plenque	Wed Apr 21 14:15:32 +0000 2021	0	0	@rundav5 @ZulmaCucunuba ¡Buenas! Se empezaría a ver a fines de marzo. Como hablamos de proporciones, lo que debería existir para descartar esa parte es un sesgo de carga para alguna edad. ¿Vos decís que hay demora heterogénea en el reporte de acuerdo al rango etario?	https://twitter.com/plenque/status/1384873441728282627	[]
plenque	Wed Apr 21 12:32:28 +0000 2021	1	0	@rundav5 Tomando grupos ligeramente distintos y no apilados para mejorar proporciones creo que algo ya se puede ver. Fijate cómo compensan los grupos mayores con 30-44 y 45-59. Quizás a @ZulmaCucunuba le interese. https://t.co/MrC2Di5kBV	https://twitter.com/plenque/status/1384847504081145859	[]
plenque	Wed Apr 21 11:25:57 +0000 2021	2	0	@Estebanbusqueme @desimonemartin Habría que ver bien la metodología, pero se me ocurre que se puede mezclar lo que es con lo que debe ser. Incluso la autocrítica.	https://twitter.com/plenque/status/1384830761598177281	[]
plenque	Wed Apr 21 03:21:28 +0000 2021	0	0	@herlopezherrero Más o menos. Un poco menos marcada. Podés revisarlo acá: https://t.co/KgUargUzrD	https://twitter.com/plenque/status/1384708839052922881	[]
plenque	Wed Apr 21 02:54:41 +0000 2021	25	6	"Diferencias en el dataset de hoy 20/04 para Argentina. Son 29232 nuevos casos confirmados (29141 neto) y 316 fallecidos.

https://t.co/1rTui43CmQ https://t.co/vDkc9nXWFN"	https://twitter.com/plenque/status/1384702098139492352	[]
plenque	Wed Apr 21 02:16:15 +0000 2021	1	0	"@Fifonne ¡Exacto! Por eso en el segundo tuit puse ""eso se complementa""."	https://twitter.com/plenque/status/1384692426909040642	[]
plenque	Wed Apr 21 02:13:04 +0000 2021	0	0	@Fifonne El horizontal son fechas y el vertical son porcentajes. Hablé de porcentajes absolutos porque en otros hilos los normalicé por la población de cada franja. Con estos gráficos no se pueden comparar cantidades absolutas, pero no llegamos al menos aún a los niveles del año pasado.	https://twitter.com/plenque/status/1384691627218939904	[]
plenque	Wed Apr 21 01:46:04 +0000 2021	1	0	@MenendezPepe Comparto, pero me están talandrando todo el día con el tema de las variantes y yo no tengo ni la menos idea de cuánto pueden explicar.	https://twitter.com/plenque/status/1384684831842439168	[]
plenque	Wed Apr 21 01:37:34 +0000 2021	41	5	Finalmente, los grupos más jóvenes no parecen presentar cambios relevantes. https://t.co/VvBNoxzrdE	https://twitter.com/plenque/status/1384682690213994497	[]
plenque	Wed Apr 21 01:37:32 +0000 2021	46	4	Eso se complementa con una suba en los grupos 60-74, 45-59 (aquí más marcada) y 30-44. Creo que con los datos públicos no se puede determinar si esto obedece a cambios de letalidad o efectos de la vacunación. https://t.co/JogPyQEBbH	https://twitter.com/plenque/status/1384682681326243841	[]
plenque	Wed Apr 21 01:37:29 +0000 2021	96	25	Actualizo los gráficos con proporciones de fallecidos. Esta vez lo hago en % directos para que sea más claro. Tanto 75-89 como 90+ bajaron su proporción las últimas semanas para llegar a mínimos (~32% y ~6%, respectivamente). https://t.co/2XhwMsaDbG	https://twitter.com/plenque/status/1384682671532560386	[]
plenque	Tue Apr 20 20:51:46 +0000 2021	6	0	@fmendiguren Hay futuro	https://twitter.com/plenque/status/1384610766603661315	[]
plenque	Tue Apr 20 17:37:28 +0000 2021	1	0	@danoples Ojalá. Esa es una de las principales diferencias.	https://twitter.com/plenque/status/1384561869537615874	[]
plenque	Tue Apr 20 16:12:49 +0000 2021	0	0	@_caballero_rojo Por favor, si valorás mi trabajo y no querés que te bloquee no insistas.	https://twitter.com/plenque/status/1384540569234550784	[]
plenque	Tue Apr 20 16:11:36 +0000 2021	1	0	@_caballero_rojo Puede que el error sea el del suero equino. OMS,  EMA e incluso el propio fabricante desaconsejan  utilizarla fuera del contexto de ensayos clínicos. La ANMAT es un detalle. https://t.co/VV4nEiXG0Z	https://twitter.com/plenque/status/1384540261213253633	[]
plenque	Tue Apr 20 15:57:19 +0000 2021	4	0	@_caballero_rojo A mi me parece una desgracia que la gente ingrese a cuidados intensivos en cualquier caso. También lo es el uso y la difusión de medicamentos que carecen de consenso fuera del contexto de un ensayo clínico.	https://twitter.com/plenque/status/1384536667554467843	[]
plenque	Tue Apr 20 15:00:12 +0000 2021	1	0	@fromthewest86 Calculo que para análisis más serio se podría usar, pero la verdad que lo usaría solo como una herramienta chiquita más y no le daría tanta entidad. Tampoco soy experto en Google la verdad.	https://twitter.com/plenque/status/1384522294559756290	[]
plenque	Tue Apr 20 14:56:57 +0000 2021	1	0	@dewafu1 Interesante hipótesis. Habría que cruzarlo suponiendo que los positivos no se reinfectan (o al menos lo hacen mucho menos).	https://twitter.com/plenque/status/1384521477089865730	[]
plenque	Tue Apr 20 14:38:48 +0000 2021	1	0	@riverapomar Totalmente, pero con pinzas. Es un dato más nomás.	https://twitter.com/plenque/status/1384516907567652864	[]
plenque	Tue Apr 20 14:33:09 +0000 2021	11	1	"@PabloRichly A mi me preocupa que use esos datos para mostrar algo que no muestran. Eso que ahora ""sirve"" luego puede volverse muy en contra. Son obvias las limitaciones."	https://twitter.com/plenque/status/1384515483899244548	[]
plenque	Tue Apr 20 14:28:53 +0000 2021	1	0	@fabiomb Si funciona la correlación se puede usar, pero tengo mis dudas de que tenga el nivel de ese gráfico que muestro. Yo solo hablo de una correlación que existe y hasta ahora funcionó. Mucho más no se puede decir.	https://twitter.com/plenque/status/1384514410161524737	[]
plenque	Tue Apr 20 14:21:39 +0000 2021	4	0	@fabiomb Hasta ahora coincidió bastante con la curva. Lo mismo los llamados al 107. Ni hablar que no hay que tomarlo por seguro.	https://twitter.com/plenque/status/1384512593511997442	[]
plenque	Tue Apr 20 14:17:05 +0000 2021	4	0	@marb5l Ojo que esos son los ingresos a terapia que muestra el dataset de casos y tiene dos problemas: no es ocupación (no hay salidas); no todos los ingresos a terapia se reportan y encima se hace con muchísima demora. Recomiendo tomar el dato del reporte diario de CABA.	https://twitter.com/plenque/status/1384511441814921218	[]
plenque	Tue Apr 20 14:11:41 +0000 2021	96	30	Por desgracia, la cantidad de pacientes graves que informa CABA en el sistema público ya está a la par con el nivel del invierno pasado. Con asistencia respiratoria incluso un poco más. https://t.co/cTdKNzR7NW	https://twitter.com/plenque/status/1384510084659744775	[]
plenque	Tue Apr 20 14:10:38 +0000 2021	6	0	@constant_hevia Coming soon.	https://twitter.com/plenque/status/1384509818191372291	[]
plenque	Tue Apr 20 14:04:05 +0000 2021	146	16	El otro dato que a veces se anticipa a la curva de CABA son las búsquedas de síntomas COVID en Google. También podría verse una inflexión. https://t.co/rQSLCG4T77	https://twitter.com/plenque/status/1384508172388474886	[]
plenque	Tue Apr 20 02:55:32 +0000 2021	17	3	No parece haberse ejecutado el cruce periódico de la PBA y aún así el número de fallecidos es alto. Es probable que suba los próximos días.	https://twitter.com/plenque/status/1384339925374537728	[]
plenque	Tue Apr 20 02:52:45 +0000 2021	31	6	"Diferencias en el dataset de hoy 19/04 para Argentina. Son 20639 nuevos casos confirmados (20458 neto) y 248 fallecidos.

https://t.co/8JfR3c34oB https://t.co/iIfRDtXlE0"	https://twitter.com/plenque/status/1384339225164746759	[]
plenque	Tue Apr 20 01:19:32 +0000 2021	2	0	@MartnCenk1 @PIGutierrez Unidad Febril de Urgencia. Lugares destinados a hisopar sintomáticos.	https://twitter.com/plenque/status/1384315766888181765	[]
plenque	Mon Apr 19 23:20:33 +0000 2021	0	0	@ruper28034433 😀👍👍	https://twitter.com/plenque/status/1384285822367670284	[]
plenque	Mon Apr 19 22:46:33 +0000 2021	0	0	@MarianoFink Algunos entran porque la positividad se va a pique en CABA, pero al no tener nada discriminado no podemos saber cuánto o cuáles. Los que suman en el dataset siempre son menos de los de la sala de situación.	https://twitter.com/plenque/status/1384277267413495811	[]
plenque	Mon Apr 19 22:33:38 +0000 2021	1	0	"@edmundogs Data! data! data! I can't make bricks without clay.

Si te interesa, con un poco de maña, podés investigar por comorbilidad los datos de México en el sitio. Tenés un selector que te permite elegir y combinarlas.

https://t.co/NSEo18QSFv"	https://twitter.com/plenque/status/1384274015796097026	[]
plenque	Mon Apr 19 22:28:27 +0000 2021	1	0	@edmundogs Creo que solicitando el dato al MSAL lo entregan, pero no está disponible así nomás.	https://twitter.com/plenque/status/1384272711115964430	[]
plenque	Mon Apr 19 22:24:01 +0000 2021	0	0	@MarianoFink Es que no están todos los tests (no van todos al dataset) y también incluye diagnóstico clínico epidemiológico (sin test) que se usa principalmente en la PBA. No me hice el tiempo de agregarle una opción para quitarlo.	https://twitter.com/plenque/status/1384271597121331206	[]
plenque	Mon Apr 19 22:18:42 +0000 2021	1	0	@MarianoFink En el sitio publico los que van al dataset que son la mayoría: https://t.co/ZhGtua4TZO	https://twitter.com/plenque/status/1384270257531998208	[]
plenque	Mon Apr 19 22:06:42 +0000 2021	6	0	@MenendezPepe @decimononnica @martintetaz El problema es que las escuelas se cerraron casi un año. A ojo de buen cubero, te diría que ya tiraste mucho de esa cuerda.	https://twitter.com/plenque/status/1384267235661803524	[]
plenque	Mon Apr 19 22:00:59 +0000 2021	2	0	@MenendezPepe @decimononnica ¿Cuál puede ser bueno en este quilombo? En el baile hay que bailar.	https://twitter.com/plenque/status/1384265800605782022	[]
plenque	Mon Apr 19 21:51:49 +0000 2021	27	2	@MenendezPepe @decimononnica Si haberlos visto, lo que se suele señalar es que parten de supuestos matemáticos que no fueron convalidados de manera empírica. Que el modelo responde a reglas arbitrarias no necesariamente justificadas.	https://twitter.com/plenque/status/1384263490416697352	[]
plenque	Mon Apr 19 21:50:03 +0000 2021	1	0	@edmundogs En el SISA está la info, pero no hay datos abiertos y hace tiempo que no se publican reportes. El único país que publica eso es México.	https://twitter.com/plenque/status/1384263045581398021	[]
plenque	Mon Apr 19 21:36:25 +0000 2021	1	0	@WladimirMolin11 No estoy analizando causalidad y ni siquiera sugiero que exista. Solo que ambas curvas se movieron juntas hasta ahora, la de llamados no tiene right censoring y está bajando.	https://twitter.com/plenque/status/1384259616138092549	[]
plenque	Mon Apr 19 20:34:40 +0000 2021	2	0	@ltornarolli @anitaotero La verdad que ni la usaría. No tenemos mucha info de UTI.	https://twitter.com/plenque/status/1384244078041210882	[]
plenque	Mon Apr 19 20:01:14 +0000 2021	1	0	"@juanandresamor Igual está demasiado arriba y hay que tener cuidado con la saturación de testeo. Veremos cómo sigue.

https://t.co/II06k7OWbS"	https://twitter.com/plenque/status/1384235663218802701	[]
plenque	Mon Apr 19 19:43:33 +0000 2021	1	0	@pablowino Si es buena no creo que haya problema en indicarla y cuál sería el problema. La idea es compartir datos. Positividad y casos parecerían acompañar.	https://twitter.com/plenque/status/1384231213724885017	[]
plenque	Mon Apr 19 19:39:44 +0000 2021	1	0	@YodxYodx Es que los casos ya dejaron de subir como subían en media semanal. Esta semana supongo que tendremos más clara la tendencia.	https://twitter.com/plenque/status/1384230250318495745	[]
plenque	Mon Apr 19 18:40:29 +0000 2021	0	0	@moswestenra Hay que esperar un poquito.	https://twitter.com/plenque/status/1384215341803335683	[]
plenque	Mon Apr 19 18:18:45 +0000 2021	0	0	@__amnesiac_ Espereeeeemos	https://twitter.com/plenque/status/1384209872107892736	[]
plenque	Mon Apr 19 17:57:09 +0000 2021	8	0	@_L4C_ Curioso bias que me hace usarlo para detectar subas y bajas por igual: https://t.co/ECz8Ohjgrw	https://twitter.com/plenque/status/1384204436965187593	[]
plenque	Mon Apr 19 16:05:30 +0000 2021	1	0	"@fspotorno Lo podés bajar acá: https://t.co/XoKMvyqctT

O mirarlo en el sitio como expliqué acá: https://t.co/D0uxm75HkU"	https://twitter.com/plenque/status/1384176338429308931	[]
plenque	Mon Apr 19 14:43:27 +0000 2021	30	3	@fromthewest86 @martintetaz Sigo insistiendo en que el problema no es de contagio. Hay montones de intervenciones que pueden bajarlo y elegimos poner colegios al principio.	https://twitter.com/plenque/status/1384155691728838656	[]
plenque	Mon Apr 19 14:05:13 +0000 2021	2	0	@sbrusi La verdad que no quiero especular al respecto, pero tan mini no fue.	https://twitter.com/plenque/status/1384146067839545345	[]
plenque	Mon Apr 19 12:47:32 +0000 2021	1	0	@leocaravaggio No, los llamados son en azul. La curva de casos (naranja) siempre cae al final porque los diagnósticos de un día vienen los siguientes. Pero lo relevante es la caída de llamados.	https://twitter.com/plenque/status/1384126518662627333	[]
plenque	Mon Apr 19 12:19:21 +0000 2021	0	0	@Lija_No3 Acá publico los que van al dataset: https://t.co/ZhGtua4TZO	https://twitter.com/plenque/status/1384119425457029125	[]
plenque	Mon Apr 19 03:36:17 +0000 2021	1	0	@aleportasdalmau Por ahora en ninguno que yo sepa. La última info de mortalidad liberada disponible es 2018.	https://twitter.com/plenque/status/1383987790694600706	[]
plenque	Mon Apr 19 03:26:36 +0000 2021	1	0	@JaneiroParache Es que a nivel departamental no tenemos las proyecciones 2020 de población por edad y uso datos censo 2010. Probablemente estén cerca del 100% a población 2020 (que no la sabemos) y en 2010 se pasa.	https://twitter.com/plenque/status/1383985353652985864	[]
plenque	Mon Apr 19 03:23:32 +0000 2021	0	0	"@herlopezherrero La curva de casos es por fecha de diagnóstico y no está consolidada. Es confiable hasta 2 o 3 días antes de la fecha. La que realmente sabemos que cae es la de llamados y por eso me ""adelanto""."	https://twitter.com/plenque/status/1383984582714789898	[]
plenque	Mon Apr 19 03:21:22 +0000 2021	30	7	"Diferencias en el dataset de ayer 18/04 para Argentina. Fueron 16307 nuevos casos confirmados (16269 neto) y 65 fallecidos (64 neto).

https://t.co/r46G6nW4RD https://t.co/pznUX8rCxF"	https://twitter.com/plenque/status/1383984036708708353	[]
plenque	Mon Apr 19 03:03:40 +0000 2021	2	0	@EcoLedesma No hice la cuenta, pero desde contagio hasta diagnóstico serían: 6 días de incubación a FIS + 5 días desde FIS a DX. 11 días total aprox., siempre que hablemos de CABA.	https://twitter.com/plenque/status/1383979583515467777	[]
plenque	Mon Apr 19 02:53:29 +0000 2021	1	0	@microagencia La de casos sí (esa caída abrupta naranja sería confiable hasta 2 o 3 días antes). La de llamados no porque son del día. Esa caída es la que me interesa.	https://twitter.com/plenque/status/1383977021617758218	[]
plenque	Mon Apr 19 02:37:14 +0000 2021	2	0	@lules_glam @ncariola Sí, perdón, pasa que el dataset que liberan es de llamados COVID.	https://twitter.com/plenque/status/1383972931877830656	[]
plenque	Mon Apr 19 02:35:30 +0000 2021	3	0	@NicoOlsze @morhijo Confirmo que no soy apolítico. Te agradecería me guardes respeto. No creo habértelo faltado.	https://twitter.com/plenque/status/1383972497096265729	[]
plenque	Mon Apr 19 02:33:06 +0000 2021	13	0	"@Gus_Noriega Lo podés bajar acá: https://t.co/XoKMvyqctT

O mirarlo en el sitio como expliqué acá: https://t.co/D0uxm75HkU"	https://twitter.com/plenque/status/1383971892978098178	[]
plenque	Mon Apr 19 02:31:18 +0000 2021	51	2	"@marcelobianco2 1. Entrás acá: https://t.co/VU50xtn89d
2. Seleccionás ""Llamados CABA"" en lugar de ""Datos Argentina"".
3. Click ""Agregar datos"".
4. ""Llamados"" en métrica.
5. Click ""Agregar métrica"".
¡Laburen!"	https://twitter.com/plenque/status/1383971439842193415	[]
plenque	Mon Apr 19 02:29:01 +0000 2021	2	0	@ncariola Perdón por el porteñocentrismo. Es la línea de llamadas COVID que puso el GCBA.	https://twitter.com/plenque/status/1383970865117765632	[]
plenque	Mon Apr 19 02:28:20 +0000 2021	3	0	@RobertoJArias @MurgioMarcos Son muy parecidos pequeñas diferencias. Uno es el dataset que publica el GCBA y otro el MSAL. El GCBA pone fecha de hisopado (toma de muestra) mientras que nación diagnóstico (resultado). Ojo que en el de CABA también tenés que filtrar provincia porque testea gente de PBA.	https://twitter.com/plenque/status/1383970690018074625	[]
plenque	Mon Apr 19 02:23:46 +0000 2021	8	0	@Gaby_Casla No tenemos otro indicador que el dataset de casos. La positividad en CABA sector privado ya había dejado de subir furiosamente como venía subiendo, entonces sumo este otro dato. De PBA no hay datos abiertos de llamados o UFU para mirar.	https://twitter.com/plenque/status/1383969543073136644	[]
plenque	Mon Apr 19 02:21:50 +0000 2021	7	0	@danoples Lo llamados se actualizan diariamente. Pero a veces amaga. De hecho, todavía es medio temprano, pero lo vi y me dio esperanzas.	https://twitter.com/plenque/status/1383969056059916291	[]
plenque	Mon Apr 19 02:19:59 +0000 2021	1	0	@FabriFernecero No lo hice nunca. ¡Me piden cosas complicadas eh!	https://twitter.com/plenque/status/1383968590316019716	[]
plenque	Mon Apr 19 02:18:59 +0000 2021	1	0	@alemarven Las barras son el número concreto, la línea es el promedio de ese día y los 6 anteriores (para suavizar). De cualquier modo, tené en cuenta que hay demora en cargar los fallecidos. Te diría que ahora está completa hasta aproximadamente el 6/4.	https://twitter.com/plenque/status/1383968339190456323	[]
plenque	Mon Apr 19 02:17:22 +0000 2021	4	0	@MurgioMarcos @RobertoJArias Estrictamente hablando, los casos sí serían el doble. Lo que probablemente no tengamos sea el doble de contagio.	https://twitter.com/plenque/status/1383967933383122949	[]
plenque	Mon Apr 19 02:07:30 +0000 2021	1	0	@a_urizio @PIGutierrez No, nada de nada. Siempre me muero de ganas cuando veo que comparten gráficos desde la PBA.	https://twitter.com/plenque/status/1383965449944125443	[]
plenque	Mon Apr 19 02:06:40 +0000 2021	9	0	@docalmiron Sí, es una de las grandes diferencias con la situación del año pasado. Gracias a ustedes.	https://twitter.com/plenque/status/1383965238362398721	[]
plenque	Mon Apr 19 02:03:39 +0000 2021	4	0	@a_urizio @PIGutierrez No hay datos abiertos de PBA. La verdad que no sé si existen de otra jurisdicción a este nivel. El GCBA libera mucho.	https://twitter.com/plenque/status/1383964478476197896	[]
plenque	Mon Apr 19 01:59:50 +0000 2021	0	0	@eltanquemartins Empezaron a caer los llamados.	https://twitter.com/plenque/status/1383963521050832899	[]
plenque	Mon Apr 19 01:59:18 +0000 2021	1	0	@a_urizio @PIGutierrez Unidad Febril de Urgencia. Dícese del puestito en que te hisopan.	https://twitter.com/plenque/status/1383963383628591106	[]
plenque	Mon Apr 19 01:56:36 +0000 2021	12	0	@PIGutierrez Ojalá sea en todas. Hace varios días que no actualizan los datos abiertos de UFU. Ahora voy a reclamar.	https://twitter.com/plenque/status/1383962705258680322	[]
plenque	Mon Apr 19 01:49:23 +0000 2021	578	91	Hasta ahora los llamados al 107 de CABA correlacionaron muy bien con la curva de casos. Es muy temprano para saber, pero espero que esta vez no se equivoquen. https://t.co/UYIUKjYBjH	https://twitter.com/plenque/status/1383960890018463747	[]
plenque	Mon Apr 19 01:25:20 +0000 2021	2	0	"@SANTlAG0_ @rundav5 @INSColombia Claramente, podés hacer por tu cuenta cualquier cosa que sale en la página, pero creo que el explorador te puede servir para investigar (cruzar ciudades, países, etc.): https://t.co/VU50xtn89d
Sugerencias bienvenidas."	https://twitter.com/plenque/status/1383954836270436368	[]
plenque	Mon Apr 19 01:14:30 +0000 2021	17	3	"@SANTlAG0_ @rundav5 @INSColombia Les dejo link a un análisis del área metropolitana completa.

https://t.co/HWfo3ezgQv"	https://twitter.com/plenque/status/1383952112774639624	[]
plenque	Mon Apr 19 00:41:50 +0000 2021	29	2	@ltornarolli Comparto. No pido nada rebuscado, solo información. Explicame qué intervenciones se evaluaron y por qué esa es la mejor en costo / beneficio.	https://twitter.com/plenque/status/1383943891594878984	[]
plenque	Mon Apr 19 00:12:00 +0000 2021	1	0	@federicolois @Gus_Noriega Por si te sirve, en esta página tenés computado lo que demoran en cargar las 4 categorías principales (fallecidos, confirmados, descartados, uti) del dataset desde 17/06: https://t.co/0KPw0aMSi6	https://twitter.com/plenque/status/1383936382180098049	[]
plenque	Sun Apr 18 21:07:16 +0000 2021	1	0	@Gus_Noriega @JSchmukler Suponiendo que los números de O'driscoll sean correctos. No tenemos seroprevalencia propia para saberlo.	https://twitter.com/plenque/status/1383889893777043469	[]
plenque	Sun Apr 18 20:57:13 +0000 2021	5	0	@JSchmukler Siempre covid. Lo otro no lo tenemos. Es todo en base a IFR covid.	https://twitter.com/plenque/status/1383887362959101962	[]
plenque	Sun Apr 18 20:31:29 +0000 2021	6	0	@phytools_liam Muy bueno! Alguien me lo mencionó con ese nombre y ahora ya sé de dónde sale!	https://twitter.com/plenque/status/1383880886337249284	[]
plenque	Sun Apr 18 20:30:33 +0000 2021	0	0	@federicolois @Gus_Noriega Es que el mismo gobierno reconoce que la data de uti del dataset no es confiable. No tengo a mano la nota, pero salió hace unos meses. La demora de carga es incluso mayor a fallecidos. La data que publican sale de otro lado.	https://twitter.com/plenque/status/1383880653855281158	[]
plenque	Sun Apr 18 20:28:07 +0000 2021	2	0	@ltornarolli @PabloRichly Ayer la PBA no corrió el cruce rutinario y por eso no sumó muchos fallecidos. Pero viene subiendo.	https://twitter.com/plenque/status/1383880038852956164	[]
plenque	Sun Apr 18 20:19:07 +0000 2021	1	0	@lai_dama Claro, aplicó un lago para que se correspondan. Tomo el tiempo promedio entre diagnóstico y fallecimiento para cada franja.	https://twitter.com/plenque/status/1383877776738897930	[]
plenque	Sun Apr 18 19:47:29 +0000 2021	1	0	@florspagnoletti Sí, la demora en los datos es muy grande y gran parte de los fallecimientos se producen incluso pasado el pico porque tarda en bajar (o al menos eso ocurrió en la anterior). Yo no me animaría a poner fechas igual.	https://twitter.com/plenque/status/1383869812992999425	[]
plenque	Sun Apr 18 19:24:48 +0000 2021	2	0	@Gus_Noriega No creo que sirva para mucho ver el dato de ingresos a UTI del dataset de casos (para ningún tipo de conclusión). Informan que ingresaron nomás 14031 del total de 59164 fallecidos. En las proporciones de fallecidos sí se notan algunos cambios y ese dato sería más confiable.	https://twitter.com/plenque/status/1383864104759164929	[]
plenque	Sun Apr 18 18:15:47 +0000 2021	0	0	@javierguevara La de arriba es diagnóstico, pero en semejante escala no cambia demasiado. Abajo es fallecimiento aplicando el lag promedio con diagnóstico.	https://twitter.com/plenque/status/1383846738352500742	[]
plenque	Sun Apr 18 18:12:58 +0000 2021	9	0	@javierguevara Queda algo así, pero al achicar los números pega más saltos. Aplican todas las mismas limitaciones. https://t.co/cPUNBaWKsG	https://twitter.com/plenque/status/1383846027631886340	[]
plenque	Sun Apr 18 18:08:15 +0000 2021	1	0	@curcicastro @nuritw No, la verdad que ni idea.	https://twitter.com/plenque/status/1383844842321547271	[]
plenque	Sun Apr 18 17:58:09 +0000 2021	1	0	@BenyiTratativa Ojalá esa fuera la única limitación. Ni siquiera sabemos cuál es la letalidad en vacunados con una dosis y es la gran mayoría. Estás respondiendo al tuit en que precisamente indiqué que tenía limitaciones.	https://twitter.com/plenque/status/1383842298253828097	[]
plenque	Sun Apr 18 17:49:12 +0000 2021	4	0	@nuritw No lo calculé. Apenas pueda lo hago. Igual no estoy seguro de que las estimaciones de O'Driscoll apliquen del todo a Argentina, pero al menos permiten comparar el país con sí mismo en dos momentos distintos.	https://twitter.com/plenque/status/1383840045602271240	[]
plenque	Sun Apr 18 17:45:16 +0000 2021	37	1	Como siempre, es una simple estimación con montones de potenciales limitaciones (cambios de letalidad en el tiempo, subregistro de fallecidos, etc.), pero creo que es mejor que nada.	https://twitter.com/plenque/status/1383839059550740494	[]
plenque	Sun Apr 18 17:45:16 +0000 2021	29	0	Marco en el gráfico la fecha a partir de la que casi seguro faltan datos aprox. 6/4. Vale aclarar que a partir de allí la curva de casos creció sostenidamente así que ahora mismo la realidad probablemente sea muy distinta. En ese momento los casos estaban en 14k promedio semanal.	https://twitter.com/plenque/status/1383839056807665664	[]
plenque	Sun Apr 18 17:45:15 +0000 2021	27	1	Para la de estimados uso las probabilidades de deceso que calcula O'Driscoll et al según edad y sexo y las aplico a cada fallecido desplazándolo en el tiempo por la demora promedio entre diagnóstico y fallecimiento.	https://twitter.com/plenque/status/1383839053150265350	[]
plenque	Sun Apr 18 17:45:14 +0000 2021	269	52	Si bien es tardío, el dato de fallecidos es el que resulta más comparable en el tiempo. En este gráfico se ven dos curvas: una con los casos detectados por fecha de diagnóstico y otra con la de casos que puede estimarse desde los fallecidos. https://t.co/Oae4d4RKAY	https://twitter.com/plenque/status/1383839048788176896	[]
plenque	Sun Apr 18 14:31:13 +0000 2021	2	0	@zanngt @CuantasVacunas @fedetiberti No, es proyección 2020 Indec. Igual sospecho tiene algunos problemas.	https://twitter.com/plenque/status/1383790221586616332	[]
plenque	Sun Apr 18 14:30:20 +0000 2021	2	0	@vaik92 @nicokras @pablobelzun Me van a hacer agregarlo al sitio lpm	https://twitter.com/plenque/status/1383789999447896078	[]
plenque	Sun Apr 18 13:31:00 +0000 2021	58	8	Recomiendo leer a Carlos que, sin estridencias, se dedica a revisar novedades. No se trata de revolear papers por la cabeza sino de identificar consensos. https://t.co/MY9YzRgDvl	https://twitter.com/plenque/status/1383775067985702916	[]
plenque	Sun Apr 18 03:18:02 +0000 2021	2	0	@MaVero1986 Siempre hay casos de otros días. Lo que vos ves en el informe vespertino oficial son los reportados hoy que normalmente abarcan tests cuyo resultado fue entre hasta 3 o 4 días antes. Es así en todas las jurisdicciones. Son dos formas distintas de ver lo mismo.	https://twitter.com/plenque/status/1383620813157330949	[]
plenque	Sun Apr 18 03:03:39 +0000 2021	35	8	"Diferencias en el dataset de ayer 17/04 para Argentina. Fueron 19189 nuevos casos confirmados (19118 neto) y 80 fallecidos.

https://t.co/Be02hYlhL1 https://t.co/r3y8zYyGr4"	https://twitter.com/plenque/status/1383617192042790920	[]
plenque	Sun Apr 18 02:15:58 +0000 2021	0	0	@docalmiron ¡Gracias!	https://twitter.com/plenque/status/1383605192264880128	[]
plenque	Sun Apr 18 02:13:46 +0000 2021	2	0	@Rodri_LP @rusosnith @fbsisti No jodan que lo único que me faltaba es covid 26	https://twitter.com/plenque/status/1383604638180540422	[]
plenque	Sun Apr 18 02:00:26 +0000 2021	0	0	@SergioFelperin Sí, noté. Es bastante legible R para el que no conoce. @fedetiberti también me pasó código y anduve chusmeando.	https://twitter.com/plenque/status/1383601284704464899	[]
plenque	Sun Apr 18 01:54:27 +0000 2021	1	0	@SergioFelperin jajaja... qué grande... hermoso!	https://twitter.com/plenque/status/1383599775841353734	[]
plenque	Sun Apr 18 01:15:54 +0000 2021	6	0	@Gabiziblat jajaja... arranqué hablándole a programadores por eso, pero ¡muchas gracias!	https://twitter.com/plenque/status/1383590075003412482	[]
plenque	Sun Apr 18 00:15:45 +0000 2021	3	0	@TemponePablo ¡Muchas gracias!	https://twitter.com/plenque/status/1383574940213866507	[]
plenque	Sun Apr 18 00:14:44 +0000 2021	0	0	@martinalalu ¡Gracias! 🤗	https://twitter.com/plenque/status/1383574683765809156	[]
plenque	Sat Apr 17 23:19:57 +0000 2021	3	0	@Crst_C 🙏 gracias!	https://twitter.com/plenque/status/1383560894521565191	[]
plenque	Sat Apr 17 22:58:00 +0000 2021	18	0	Los pedidos se cachean y puede que el primero demore un poquito dependiendo del dataset. La respuesta es un JSON bastante simple que incluye datos de población (si es posible) con su fuente.	https://twitter.com/plenque/status/1383555370241519621	[]
plenque	Sat Apr 17 22:57:59 +0000 2021	17	1	Lo que habilité ahora es que muestra un iconito (dice JSON) con la URL del request para que puedan consultarlo y hacer sus propios informes. Con eso saben exactamente qué parámetros requiere cada filtro y modificarlos. https://t.co/Lkv7lziDmP	https://twitter.com/plenque/status/1383555366647078924	[]
plenque	Sat Apr 17 22:57:57 +0000 2021	22	1	"El explorador del sitio permite investigar todos los datasets que habilité y en la primera viñeta tiene los parámetros de filtro. Al darte a ""Agregar datos"" hace un request al webservice que corresponde.

https://t.co/VU50xtn89d https://t.co/10S7DwPGPP"	https://twitter.com/plenque/status/1383555359378317318	[]
plenque	Sat Apr 17 22:57:55 +0000 2021	177	35	Va hilo para programadores que quieran tomar datos del sitio. Hace un tiempo ofrecí hacer documentación para usar la API, pero me dio demasiada fiaca y nunca la terminé. Lo que habilité ahora es una manera bastante simple de autodocumentarla así que van los pasos.	https://twitter.com/plenque/status/1383555352721985538	[]
plenque	Sat Apr 17 20:04:53 +0000 2021	3	0	@rskiadaressis @Crst_C @bertholetnic Rastreo. Hay que usar el músculo del estado en serio.	https://twitter.com/plenque/status/1383511806505746432	[]
plenque	Sat Apr 17 18:54:11 +0000 2021	4	0	@gabrielzelpo @lucasllach Este video de Vox que andaba dando vueltas los otros días explica muy simple por qué los % de efectividad van variando según la situación y no son comparables: https://t.co/2CoGLtARjc	https://twitter.com/plenque/status/1383494012808536072	[]
plenque	Sat Apr 17 18:36:43 +0000 2021	5	0	@PabloRichly Velocidad de respuesta tiene que ser analizada junto con especificidad y sensibilidad.	https://twitter.com/plenque/status/1383489619467984900	[]
plenque	Sat Apr 17 18:21:42 +0000 2021	5	0	@licenlet Ayer el GCBA publicó el porcentaje de contagiados, a través de rastreo de estrechos, en los colegios. No pusieron mucho dato, pero indicaron que eran 0,012% https://t.co/hCHUXHwgyj	https://twitter.com/plenque/status/1383485838001020935	[]
plenque	Sat Apr 17 16:56:56 +0000 2021	3	0	@adrianhei 💪 bien ese Ubuntu ahí	https://twitter.com/plenque/status/1383464506198675457	[]
plenque	Sat Apr 17 16:02:08 +0000 2021	4	0	@srodriguezrey ¿Servirán guanacos? ¿Habrá que salir a correrlos?	https://twitter.com/plenque/status/1383450715645825030	[]
plenque	Sat Apr 17 14:59:08 +0000 2021	3	0	@AndyBabino @andresrieznik @gsolovey @joaconavajas A los que venimos siguiendo los números (hay muchos datasets para investigar) nos quedó claro eso. Necesitamos un poco de info de rastreo para analizar causalidad.	https://twitter.com/plenque/status/1383434859297660940	[]
plenque	Sat Apr 17 13:18:39 +0000 2021	2	0	@jorgrandinetti Justo al lado puse que no es la discusión que creo relevante. No vale la pena perder tiempo en eso en este momento.	https://twitter.com/plenque/status/1383409574946869250	[]
plenque	Sat Apr 17 12:14:44 +0000 2021	791	183	La escuelas no son drivers de la pandemia, pero la discusión no es sobre contagio. Arrancamos por sacrificar, de nuevo, el bienestar de los chicos. Eso para mi es imperdonable.	https://twitter.com/plenque/status/1383393486930530311	[]
plenque	Sat Apr 17 03:03:57 +0000 2021	24	1	Diferencias en el dataset de hoy 16/04 para Argentina. Son 29569 nuevos casos confirmados (29474 neto) y 160 fallecidos (159 neto). https://t.co/UauR6HXNt4	https://twitter.com/plenque/status/1383254879951458326	[]
plenque	Sat Apr 17 03:03:26 +0000 2021	1	0	@jorgefantin Gracias.	https://twitter.com/plenque/status/1383254750582370308	[]
plenque	Sat Apr 17 02:53:27 +0000 2021	37	0	@lucasllach Conocemos bastante las consecuencias a largo plazo de la falta de educación	https://twitter.com/plenque/status/1383252238227820545	[]
plenque	Sat Apr 17 01:05:58 +0000 2021	1	0	@Octubrista Exacto. La provincia en que se registró el caso. El cálculo oficial toma provincia de residencia o carga si no está porque no todos tienen la primera.	https://twitter.com/plenque/status/1383225188653748233	[]
plenque	Sat Apr 17 00:05:31 +0000 2021	5	0	@EcoLedesma Leo es hombre de pocas (pero certeras) palabras: https://t.co/hrcUONCA9U	https://twitter.com/plenque/status/1383209976827670528	[]
plenque	Fri Apr 16 23:59:07 +0000 2021	3	0	@MarinaL51100094 Aumentó, pero hay que ver si no hay carga de descartados atrasados como la otra vez. Se viene dando los viernes no sé por qué.	https://twitter.com/plenque/status/1383208363232792576	[]
plenque	Fri Apr 16 23:28:46 +0000 2021	1	0	@Octubrista Lo podés bajar comprimido de acá: https://t.co/sgjgLXbU4O	https://twitter.com/plenque/status/1383200727359754247	[]
plenque	Fri Apr 16 23:19:09 +0000 2021	0	0	@Octubrista Yo uso esa base para hacer mi sitio. Se actualiza todas las noches a las 21:20.	https://twitter.com/plenque/status/1383198305971277825	[]
plenque	Fri Apr 16 23:12:11 +0000 2021	0	0	@alejanrongo @fetcheves Ojalá se recuperen rápido!	https://twitter.com/plenque/status/1383196552504688643	[]
plenque	Fri Apr 16 23:11:35 +0000 2021	0	0	@alejanrongo @fetcheves Si es confirmada por diagnóstico clínico epidemiológico sí, pero depende de cada caso. Los números son siempre una aproximación.	https://twitter.com/plenque/status/1383196400968728576	[]
plenque	Fri Apr 16 22:08:20 +0000 2021	1	0	@yaUle17 Nunca podemos estar seguros, pero esta parece más una decisión central relacionada con los sistemas o servidores. Los efectores son montones y distribuidos. El sistema no deja de funcionar, solo se hace un corte para exportar los datos.	https://twitter.com/plenque/status/1383180486579736578	[]
plenque	Fri Apr 16 22:01:57 +0000 2021	1	0	@fmendiguren Si me apurás te digo top 3.	https://twitter.com/plenque/status/1383178879892922371	[]
plenque	Fri Apr 16 21:58:32 +0000 2021	1	0	@marceloameal https://t.co/U5U8EpQ0Ru	https://twitter.com/plenque/status/1383178019964063746	[]
plenque	Fri Apr 16 21:56:25 +0000 2021	2	0	@adrymanero Me dedico a hacer seguimiento minucioso de los datos y mucha gente me sigue por eso.	https://twitter.com/plenque/status/1383177486603849735	[]
plenque	Fri Apr 16 21:47:26 +0000 2021	5	0	@fmendiguren Solo por recordarme la peli merece un like	https://twitter.com/plenque/status/1383175225878138888	[]
plenque	Fri Apr 16 21:45:41 +0000 2021	22	2	Aclaro por las preguntas. El dataset para ver fechas reales sale 21:20 aprox. Mi impresión es que semejante salto de testeo puede ser por carga atrasada. La última vez se cargaron muchos descartados antiguos, pero no eran el grueso de los nuevos confirmados. https://t.co/BW7QVbWkSg	https://twitter.com/plenque/status/1383174782796070917	[]
plenque	Fri Apr 16 21:40:32 +0000 2021	0	0	@Octubrista Eso que respondiste es de ayer.	https://twitter.com/plenque/status/1383173487871864833	[]
plenque	Fri Apr 16 21:40:09 +0000 2021	0	0	@Octubrista De la sala de situación. A la noche analizo bien los datos por fecha. https://t.co/Nuz20pl2pe	https://twitter.com/plenque/status/1383173394124914698	[]
plenque	Fri Apr 16 21:38:12 +0000 2021	1	0	@LeoBalbiani Bueno... ya no me vas a sufrir más.	https://twitter.com/plenque/status/1383172901227147264	[]
plenque	Fri Apr 16 21:37:00 +0000 2021	1	0	@puchypisano Eso leí, pero hay que ver de qué fecha son. Puede haber carga atrasada.	https://twitter.com/plenque/status/1383172599958622213	[]
plenque	Fri Apr 16 21:36:34 +0000 2021	6	0	@estebanmagoja Comparto desde cemento: https://t.co/r0toIqycVO	https://twitter.com/plenque/status/1383172488939642881	[]
plenque	Fri Apr 16 21:35:55 +0000 2021	19	0	"@jorgefantin No creo que un tuit que arranca con ""el número es horrible"" se preste a esa interpretación."	https://twitter.com/plenque/status/1383172325156261889	[]
plenque	Fri Apr 16 21:33:43 +0000 2021	5	0	@NickTMills1 Ya veremos por la noche de cuándo son los tests.	https://twitter.com/plenque/status/1383171773642997766	[]
plenque	Fri Apr 16 21:32:04 +0000 2021	290	54	El número es horrible y no hay nada que se pueda hacer, pero ojo que los 29472 casos de hoy surgen de un corte hecho a las 17:42 mientras que el de ayer fue a las 15:16. Incluye aproximadamente dos horas y media adicionales de horario hábil.	https://twitter.com/plenque/status/1383171357362503684	[]
plenque	Fri Apr 16 21:22:44 +0000 2021	1	0	@LeoBalbiani Ya me pasaste un montón de veces ese paper que vi ya hace unos días. Por favor, no lo sigas haciendo. Gracias.	https://twitter.com/plenque/status/1383169009621860354	[]
plenque	Fri Apr 16 20:57:09 +0000 2021	0	0	@ExequielPM @ezequielat92 No lo desctarto, pero está lleno de contraejemplos respecto a la temperatura. Probablemente tenga estacionalidad, pero nos está costando engancharle la lógica.	https://twitter.com/plenque/status/1383162572577325063	[]
plenque	Fri Apr 16 20:20:28 +0000 2021	6	0	@AntiXL1 Yo no quiero suponer nada de quien tiene muchos más datos que yo. Lo que quisiera es que lo justifiquen bien porque para eso los tienen.	https://twitter.com/plenque/status/1383153337458167814	[]
plenque	Fri Apr 16 19:58:28 +0000 2021	2	0	@AniCalabrese Nada publicado que yo sepa.	https://twitter.com/plenque/status/1383147804202299395	[]
plenque	Fri Apr 16 19:09:02 +0000 2021	2	0	@cevillar_via40 @AdlaiSteven @johnnyalvarezj @HospUninorte @vcalvot Todos invitados a usarlo. Ese gráfico salió de esta página https://t.co/VU50xt5xhF, pero hay varias otras como esta: https://t.co/xvAoHaqeio	https://twitter.com/plenque/status/1383135361736531971	[]
plenque	Fri Apr 16 19:00:42 +0000 2021	3	0	@cevillar_via40 @AdlaiSteven @johnnyalvarezj @HospUninorte Gracias, pero el gráfico es de @vcalvot. Yo solo hice un sitio que permite graficar lo que quieran.	https://twitter.com/plenque/status/1383133265683484674	[]
plenque	Fri Apr 16 18:08:06 +0000 2021	1	0	@SoyTuMomia Claro, los distribuyeron a la prensa.	https://twitter.com/plenque/status/1383120026442534915	[]
plenque	Fri Apr 16 18:01:31 +0000 2021	123	21	No tengo ninguna duda de que, si existe, el gobierno tiene gente más que capaz de producir gráficos que expliquen el por qué de las medidas. No puedo creer los gráficos que publicaron.	https://twitter.com/plenque/status/1383118372980805635	[]
plenque	Fri Apr 16 17:40:01 +0000 2021	0	0	@MenendezPepe @norabar @SantiOlsze Probablemente. Y la estacionalidad también tendría un efecto similar. Es difícil, como siempre.	https://twitter.com/plenque/status/1383112960260857857	[]
plenque	Fri Apr 16 17:28:37 +0000 2021	1	0	@MenendezPepe @norabar @SantiOlsze No lo sé, pero es una buena idea para investigar.	https://twitter.com/plenque/status/1383110091537256454	[]
plenque	Fri Apr 16 17:22:11 +0000 2021	1	0	@nicoballarini @alferdez Ojo que si el tuit arranca con otra cuenta solo les sale a los que los siguen a los dos.	https://twitter.com/plenque/status/1383108472082939906	[]
plenque	Fri Apr 16 16:09:05 +0000 2021	7	0	@alefolgarait Totalmente de acuerdo, pero tampoco se ve un aumento significativo en proporción en los chicos. Las curvas no alcanzan para analizar los colegios.	https://twitter.com/plenque/status/1383090077706940430	[]
plenque	Fri Apr 16 15:15:28 +0000 2021	28	2	@martintetaz @norabar @SantiOlsze Va para CABA. La positividad también depende del momento de la curva, entonces la pongo a la par de la general. Tampoco sirve comparar la actual con la del año pasado porque cambió mucho el testeo. https://t.co/wP3mmkS99A	https://twitter.com/plenque/status/1383076585138483200	[]
plenque	Fri Apr 16 14:58:42 +0000 2021	9	0	@PabloRichly Corre por mi parte una aclaración: incluso así no podemos hacer inferencias duras sobre la transmisión comunitaria que generan las escuelas. No sirve solo mirar casos para eso.	https://twitter.com/plenque/status/1383072363034607620	[]
plenque	Fri Apr 16 14:49:58 +0000 2021	76	17	@norabar @SantiOlsze Agrego la evolución de la proporción de casos 0-14 y 15-29 para complementar independizando un poco del momento de la curva. https://t.co/QoOeDnVskt	https://twitter.com/plenque/status/1383070165483540481	[]
plenque	Fri Apr 16 13:27:43 +0000 2021	0	0	@genuinefafa @AleAlcover Sumale vacunas a la ecuación para hacerlo más incomparable. Yo no sé cómo hacen algunos para opinar sobre qué va a pasar.	https://twitter.com/plenque/status/1383049466131922947	[]
plenque	Fri Apr 16 13:24:34 +0000 2021	1	0	@genuinefafa @AleAlcover No, es muy muy difícil de comparar, pero sí podés comparar con el mes pasado y creo que eso es lo relevante para tomar decisiones. CABA cambió el testeo y es menos comparable, pero PBA ya está cerca de su positividad máxima. https://t.co/8YNeTVgaHT	https://twitter.com/plenque/status/1383048675136581634	[]
plenque	Fri Apr 16 13:12:47 +0000 2021	1	0	@genuinefafa @AleAlcover Acá salen los que van al dataset que son la mayoría: https://t.co/ZhGtuamvoo	https://twitter.com/plenque/status/1383045708379529217	[]
plenque	Fri Apr 16 13:04:33 +0000 2021	0	0	@Gaby_Casla No sé por qué fecha estás mirando, pero probablemente sea por fecha de diagnóstico. Los últimos 4 días no tienen info consolidada y por eso les pongo colorcito más claro. Es zona de datos incompletos.	https://twitter.com/plenque/status/1383043639107072002	[]
plenque	Fri Apr 16 11:10:36 +0000 2021	0	0	@senior_enduto Soy respetuoso. Te dejo con el universo de tuiter que no lo es. Esa es la grieta en esta cuenta.	https://twitter.com/plenque/status/1383014960922566660	[]
plenque	Fri Apr 16 01:46:21 +0000 2021	1	0	@ezzzzteban Diagnósticos clínicos. Son los que se dan por positivo sin un test por ser contacto estrecho con síntomas. Lo emplean más que nada PBA y Santa Fe.	https://twitter.com/plenque/status/1382872961166802944	[]
plenque	Fri Apr 16 01:43:31 +0000 2021	1	0	@ezzzzteban En esta página salen: https://t.co/ZhGtuamvoo	https://twitter.com/plenque/status/1382872251108880388	[]
plenque	Fri Apr 16 01:35:48 +0000 2021	3	0	@fromthewest86 @drolatico Sí, esa fue la nota que más me impresionó. Identificar una proteína o lo que sea y sacar adhoc un solución a la carta.	https://twitter.com/plenque/status/1382870308521189378	[]
plenque	Fri Apr 16 01:26:03 +0000 2021	10	0	@fromthewest86 Sé que la prioridad es covid y todo eso, pero qué ganas de ver todas las novedades que van a surgir de este avance.	https://twitter.com/plenque/status/1382867854106722306	[]
plenque	Fri Apr 16 01:07:35 +0000 2021	1	0	@a_urizio La sala de situación acusa 70299, en el dataset figuran 55241. Supuestamente hay muchos descartados que se reportan por otro lado en el SISA.	https://twitter.com/plenque/status/1382863206889222153	[]
plenque	Fri Apr 16 00:59:16 +0000 2021	0	0	@centro_half Vaya uno a saber... Ya no sube a las velocidades de antes, pero después del sacudón que hubo tampoco podés saber si el sistema de testeo está saturado. Veremos cómo sigue.	https://twitter.com/plenque/status/1382861115504345088	[]
plenque	Fri Apr 16 00:52:14 +0000 2021	24	5	"Diferencias en el dataset de hoy 15/04 para Argentina. Son 25125 nuevos casos confirmados (24999 neto) y 383 fallecidos.

https://t.co/IIJDvHlWWW https://t.co/ZjRg1Mjver"	https://twitter.com/plenque/status/1382859344778264583	[]
plenque	Thu Apr 15 21:48:31 +0000 2021	1	0	@drosophila__ @infobae No hay datos abiertos sobre el sistema privado. El público sube, pero no está saturado. Lo que indicó Quirós y ayer AF es que están empezando a postergar la atención común (como se hizo el año pasado) y todavía hay mucha ocupación no COVID.	https://twitter.com/plenque/status/1382813110621368321	[]
plenque	Thu Apr 15 20:49:02 +0000 2021	13	0	@ETagliazucchi Imagino que debe ser difícil decirlo desde adentro y te felicito hacerlo.	https://twitter.com/plenque/status/1382798139996930055	[]
plenque	Thu Apr 15 19:15:00 +0000 2021	4	0	@meddle2010 @MetodoCastro @Solanopo @msalnacion Ver casos por edades no es la manera de medir el contagio en los colegios. Para medir contagio en los colegios... hay que medir el contagio en los colegios! Si conocés los datos que se liberaron te das cuenta en seguida de eso (contagio joven por turismo, por ejemplo).	https://twitter.com/plenque/status/1382774477889605633	[]
plenque	Thu Apr 15 19:05:53 +0000 2021	0	0	@BorisLeonel Me refería a los adultos en general. Ellos no tienen la culpa.	https://twitter.com/plenque/status/1382772183840260097	[]
plenque	Thu Apr 15 18:34:37 +0000 2021	0	0	"@an81643186 Hubo carga de diciembre y enero de algunas provincias, pero en cantidad no modifican mucho el total.

https://t.co/MItkWYFuCe https://t.co/3OIEke3Sbf"	https://twitter.com/plenque/status/1382764311744032769	[]
plenque	Thu Apr 15 15:38:13 +0000 2021	4	0	@MarianoTappata @pbarbieri @lucasllach Serrat le escribió una oda a eso: https://t.co/Tyo2SCJe24	https://twitter.com/plenque/status/1382719922858524675	[]
plenque	Thu Apr 15 13:29:33 +0000 2021	0	0	@SantiagoAfonso @fedetiberti Decía reproducir exactamente esa tabla filtrada con lo mismo que ofrece el explorador. Lo voy a pensar bien.	https://twitter.com/plenque/status/1382687541355286529	[]
plenque	Thu Apr 15 13:23:19 +0000 2021	0	0	@SantiagoAfonso @fedetiberti No sé qué opina Fede, pero eso es más para el sitio poniendo filtros para investigar. Me gusta la idea.	https://twitter.com/plenque/status/1382685973918670852	[]
plenque	Thu Apr 15 13:12:29 +0000 2021	0	0	@marilp861 @NicoOlsze @rquiroga777 De acuerdo, pero si conseguimos la manera de que esa adaptación incluya salir a la calle y esté todo abierto estaría muy sorprendido. Podemos buscarle la vuelta que queramos, pero no se tomó como last resort.	https://twitter.com/plenque/status/1382683246165684225	[]
plenque	Thu Apr 15 13:02:29 +0000 2021	1	0	@NicoOlsze @rquiroga777 Te estás salteando lo más importante: las recomendaciones de los organismos internacionales que se dedican a eso.	https://twitter.com/plenque/status/1382680728098504706	[]
plenque	Thu Apr 15 12:59:47 +0000 2021	0	0	"@NicoOlsze @rquiroga777 Vos me estás preguntando cuáles cerrar y no lo sé. Te di un ejemplo que es absolutamente evidente. Debe haber miles que son fáciles como ese y otros miles difíciles. Probablemente ninguno se tomó a tiempo. Yo no soy quien debe decidir qué viene antes de ""last resort""."	https://twitter.com/plenque/status/1382680047824289796	[]
plenque	Thu Apr 15 12:52:17 +0000 2021	0	0	@NicoOlsze @rquiroga777 En absoluto. Estamos lejísimos de tener que tomar una decisión de última instancia como cerrar colegios porque está todo abierto. Yo no hago propuestas porque no tengo la información necesaria para tomarlas. El consenso que mencioné existe.	https://twitter.com/plenque/status/1382678160840523783	[]
plenque	Thu Apr 15 12:50:22 +0000 2021	3	0	@scrapista @rquiroga777 Comparto. Hablo de prioridades como sociedad. No creo que las restricciones deban tomarse nunca a la ligera.	https://twitter.com/plenque/status/1382677680697528321	[]
plenque	Thu Apr 15 12:49:32 +0000 2021	3	1	@rquiroga777 @NicoOlsze Eso dice más o menos lo que estoy diciendo. En mi opinión estamos lejísimos de un last resort. No lejos, lejísimos.	https://twitter.com/plenque/status/1382677468306345986	[]
plenque	Thu Apr 15 12:44:00 +0000 2021	5	1	"@NicoOlsze @rquiroga777 Algo así ya me preguntaron: https://t.co/wm8Abreqnl

Trato de basarme en las recomendaciones de agencias internacionales que condensan lo que sabemos. Hay consenso en que el cierre de escuelas es un recurso de última instancia."	https://twitter.com/plenque/status/1382676078473453568	[]
plenque	Thu Apr 15 12:19:14 +0000 2021	6	1	@NicoOlsze @rquiroga777 Se nota conocés bien todas las actividades que pueden cerrarse antes que la escuela. No perdamos tiempo.	https://twitter.com/plenque/status/1382669846626889737	[]
plenque	Thu Apr 15 12:06:47 +0000 2021	1	0	@Dr_Artola No se preocupe que solo incluía gente.	https://twitter.com/plenque/status/1382666713532137472	[]
plenque	Thu Apr 15 11:57:54 +0000 2021	2	0	@oscartoledo80 @rquiroga777 Nunca pedí que se cierre nada. Con gente que pone palabras en mi boca no converso.	https://twitter.com/plenque/status/1382664477389242369	[]
plenque	Thu Apr 15 11:57:12 +0000 2021	12	1	@rquiroga777 Y estoy diciendo que está mal y no me importa el signo político. No pueden pagarlo los chicos.	https://twitter.com/plenque/status/1382664300175753217	[]
plenque	Thu Apr 15 11:55:54 +0000 2021	7	1	@NicoOlsze @rquiroga777 Hay miles de actividades, estarán todas abiertas de día menos una.  Eso sin profundizar en cuánto afecta a la economía el cierre de clases, sobre todo de los que menos tienen.	https://twitter.com/plenque/status/1382663971925266439	[]
plenque	Thu Apr 15 11:40:19 +0000 2021	0	0	@senior_enduto Vos querés poner palabras en mi boca y seguir así no tiene mucho sentido.	https://twitter.com/plenque/status/1382660049810681857	[]
plenque	Thu Apr 15 11:39:31 +0000 2021	69	9	"Antes estaba bien priorizar salud por sobre economía. Ahora está bien priorizar economía por sobre salud y educación de los chicos. Las únicas palabras que cambiaron son ""chicos"", ""educación"" y ""futuro"", pero esta última no se ve tan fácil."	https://twitter.com/plenque/status/1382659851248078854	[]
plenque	Thu Apr 15 11:37:40 +0000 2021	1	0	@senior_enduto @rquiroga777 Yo no pido restricciones, pido prioridades.	https://twitter.com/plenque/status/1382659382702395398	[]
plenque	Thu Apr 15 10:49:57 +0000 2021	4	0	@mechi_do @rquiroga777 Sí hace falta porque está mal. Los restaurants cierran a las 19. Lo dejo acá porque no tiene sentido.	https://twitter.com/plenque/status/1382647377455112197	[]
plenque	Thu Apr 15 10:48:25 +0000 2021	0	0	@mechi_do @rquiroga777 Leé de nuevo las medidas.	https://twitter.com/plenque/status/1382646989876252674	[]
plenque	Thu Apr 15 10:47:46 +0000 2021	24	1	@rquiroga777 Con el mayor de los respetos, me importa poco y nada quien la implemente. La medida está mal.	https://twitter.com/plenque/status/1382646825472176131	[]
plenque	Thu Apr 15 10:45:06 +0000 2021	3	0	@mechi_do @rquiroga777 Cuando pases por un restaurant a puertas cerradas con gente mayor comiendo pensá en las canciones del sapo Pepe que se pierden por esa actividad. Las cambio en un segundo.	https://twitter.com/plenque/status/1382646156237410304	[]
plenque	Thu Apr 15 10:38:27 +0000 2021	112	5	@rquiroga777 Toda actividad comercial abierta de día, pero escuelas cerradas. Eso habla de nuestras prioridades.	https://twitter.com/plenque/status/1382644482202554373	[]
plenque	Thu Apr 15 10:34:23 +0000 2021	1	0	@nadiaromanud Más allá de que las medidas no son castigos, la decisión de cerrar escuelas la toman las autoridades y no la considero correcta. Bah, lo que yo crea es irrelevante, todas las guías de todos los organismos dicen que tienen que ser lo último en cerrar y lo primero en abrir.	https://twitter.com/plenque/status/1382643457794179074	[]
plenque	Thu Apr 15 03:10:53 +0000 2021	1	0	@vviego @SantiagoAfonso @fedetiberti ¡Esa es la idea! Yo pongo el código y todos ponemos el análisis. Cosas así debe haber miles.	https://twitter.com/plenque/status/1382531849742876674	[]
plenque	Thu Apr 15 02:53:39 +0000 2021	1	0	@ivokutzarida Borrado porque escribí antes de ver tu segundo tuit...	https://twitter.com/plenque/status/1382527509380620288	[]
plenque	Thu Apr 15 02:27:52 +0000 2021	5	1	@pablobelzun @CulebraRH El último paso tenía que ser cerrar colegios y todavía quedaban muchos por dar. No podemos postergar más la infancia.	https://twitter.com/plenque/status/1382521022541348867	[]
plenque	Thu Apr 15 02:25:53 +0000 2021	0	0	@SantiagoAfonso @fedetiberti No lo tengo muy estudiado en esa categoría, shame on me. Fijate en la tercera viñeta que tenés dos fechas. Si ponés la primera en 25/12/2020 y le das a filtrar vas a ser mucho más feliz.	https://twitter.com/plenque/status/1382520525281443847	[]
plenque	Thu Apr 15 02:11:23 +0000 2021	9	1	"@SantiagoAfonso @fedetiberti Sí, probá jugar con esto: https://t.co/VU50xt5xhF

Si necesitás una mano decime."	https://twitter.com/plenque/status/1382516873691082752	[]
plenque	Thu Apr 15 01:38:53 +0000 2021	2	0	@CulebraRH Yo no sé cómo lograrlo, pero no voy a poder evitar ver cientos de otras actividades y pensar que por no frenar eso los chicos pagan.	https://twitter.com/plenque/status/1382508695943266306	[]
plenque	Thu Apr 15 01:37:23 +0000 2021	1	0	@SergioFelperin Me refiero al mundo de los adultos.	https://twitter.com/plenque/status/1382508318711746560	[]
plenque	Thu Apr 15 01:34:08 +0000 2021	396	58	Es triste que no empecemos por donde tenemos que empezar. Es triste que los chicos paguen por nuestra incapacidad.	https://twitter.com/plenque/status/1382507501506166787	[]
plenque	Thu Apr 15 01:22:49 +0000 2021	16	1	"Diferencias en el dataset de hoy 14/04 para Argentina. Son 25217 nuevos casos confirmados (25154 neto) y 368 fallecidos.

https://t.co/l4auVcvGHk https://t.co/2Xh4qui7Kg"	https://twitter.com/plenque/status/1382504651354996736	[]
plenque	Wed Apr 14 22:31:24 +0000 2021	3	1	@mmbarrionuevo @norabar Son solo ingresos a terapia y no sabemos qué sesgos tiene la carga de lo que se carga ni si se mantienen en el tiempo. Habría que reclamar que liberen algo de info porque no hay forma de conocer el margen de error.	https://twitter.com/plenque/status/1382461512372133888	[]
plenque	Wed Apr 14 22:00:52 +0000 2021	1	0	@srodriguezrey @rusosnith Hacele zoom a la foto y se lo ve acampando ahí con una pancarta.	https://twitter.com/plenque/status/1382453828675633152	[]
plenque	Wed Apr 14 21:52:13 +0000 2021	0	0	@Octubrista @mmbarrionuevo @norabar No diría que es cualquiera sino que se hizo para algo distinto que el uso de la pandemia. Encima la demora de registro es alta, igual o mayor a la de fallecidos. https://t.co/CPiLnfVAk6	https://twitter.com/plenque/status/1382451654453297154	[]
plenque	Wed Apr 14 21:44:25 +0000 2021	3	0	@martinraiz1 @QuikFCO Lo calculé hace un par de meses por última vez. Nunca lo puse en el sitio la verdad. https://t.co/lDHT92MREv	https://twitter.com/plenque/status/1382449689975476225	[]
plenque	Wed Apr 14 21:41:07 +0000 2021	8	0	@mmbarrionuevo @norabar Gracias. Le decía a Rodrigo que en el dataset de 58174 fallecidos solo 13768 entraron a terapia. No creo que sea confiable el dato.	https://twitter.com/plenque/status/1382448858857345024	[]
plenque	Wed Apr 14 21:33:58 +0000 2021	3	0	@rquiroga777 @norabar @mmbarrionuevo Pero en ese caso serían ingresos a terapia más que en terapia. De los 58174 fallecidos hasta ayer solo 13768 habrían ingresado a terapia. No creo que el dataset de casos sirva para analizar eso.	https://twitter.com/plenque/status/1382447061778436104	[]
plenque	Wed Apr 14 21:21:55 +0000 2021	16	1	@norabar @mmbarrionuevo ¿Cuál es la fuente de los datos? ¿Hay datos abiertos de terapia?	https://twitter.com/plenque/status/1382444027610562564	[]
plenque	Wed Apr 14 21:07:42 +0000 2021	12	1	"@rquiroga777 @mmbarrionuevo De internación no hay datos abiertos, pero fallecidos por ahora solo encontré cambios a partir de 45-59.

https://t.co/c8u2WrrAeX"	https://twitter.com/plenque/status/1382440449395265536	[]
plenque	Wed Apr 14 15:59:10 +0000 2021	18	4	En lo referente a vacunación, los cruces entre lugar de residencia y aplicación serían más balanceados que en el testeo. En el acumulado hasta hoy se aplicaron 91103 dosis a residentes de la PBA en CABA y 82418 a la inversa. https://t.co/AlrXPxtGPf	https://twitter.com/plenque/status/1382362806608130048	[]
plenque	Wed Apr 14 13:03:37 +0000 2021	0	0	@CamiloGordonabo @lauradelasota @graleona Si lo vemos en porcentajes, va variando. El ratio no se mantiene constante y cambió a fines de febrero. Luego lo grafico y lo subo.	https://twitter.com/plenque/status/1382318624703193088	[]
plenque	Wed Apr 14 10:41:38 +0000 2021	0	0	@bernimercado @DatesFrancisco Por favor, leé mis respuestas porque lo aclaré varias veces. Justamente, lo que respondo es que no lean lo que quieren y aplica también en este caso.	https://twitter.com/plenque/status/1382282897177067521	[]
plenque	Wed Apr 14 03:25:04 +0000 2021	1	0	@bernimercado @DatesFrancisco Sí, claro, nunca dije lo contrario.	https://twitter.com/plenque/status/1382173029606813697	[]
plenque	Wed Apr 14 03:18:30 +0000 2021	0	0	@Makitakane Lo mismo me reportaron ayer. ¡Prometo que mañana lo reviso! Es algún tema de ajuste de fechas, pero me da fiaca porque tengo que cambiar la zona para probar.	https://twitter.com/plenque/status/1382171377172672515	[]
plenque	Wed Apr 14 03:15:39 +0000 2021	0	0	@Makitakane Ya me lo reportaron. ¿De casualidad estás en otra zona horaria?	https://twitter.com/plenque/status/1382170660533899270	[]
plenque	Wed Apr 14 02:37:31 +0000 2021	1	0	@bjsaenz_ Ya arreglé... van a ir expirando las versiones cacheadas. Para mañana seguro que sale bien.	https://twitter.com/plenque/status/1382161061474922497	[]
plenque	Wed Apr 14 02:31:47 +0000 2021	5	0	@bjsaenz_ Gracias. Pasa en las mejores familias.	https://twitter.com/plenque/status/1382159621167718403	[]
plenque	Wed Apr 14 02:27:05 +0000 2021	2	0	@mfces La verdad que no tengo idea.	https://twitter.com/plenque/status/1382158437518311424	[]
plenque	Wed Apr 14 02:23:08 +0000 2021	2	0	@CamiloGordonabo @graleona Los casos del reporte diario son por residencia. No hay forma de que una jurisdicción le suba los números a otra. Solo se están cruzando para testearse.	https://twitter.com/plenque/status/1382157443753521162	[]
plenque	Wed Apr 14 02:05:03 +0000 2021	7	0	@Mar_de_Liguria @DatesFrancisco Puede ser. Esa es la parte que en los datos no podemos ver. Subió mucho.	https://twitter.com/plenque/status/1382152891738304512	[]
plenque	Wed Apr 14 02:03:20 +0000 2021	9	2	@MartinAvendanio Dataset de casos que publica el MSAL. https://t.co/QU9gMfJS8R	https://twitter.com/plenque/status/1382152459171332104	[]
plenque	Wed Apr 14 02:02:29 +0000 2021	32	4	@DatesFrancisco ¡No quiero decir nada! Son los casos de personas residentes de PBA que se cargaron desde CABA y viceversa. Hay mucha gente de PBA que está cruzando a CABA a testearse al parecer.	https://twitter.com/plenque/status/1382152247820361735	[]
plenque	Wed Apr 14 01:58:38 +0000 2021	209	79	Leí bastante sobre gente que se moviliza para testearse y quise ver si los datos mostraban algo. Estos gráficos muestran los cruces entre residencia y carga para PBA y CABA. El primero es de casos confirmados y el segundo de diagnósticos (tests) totales. https://t.co/Jw1ATrGyu6	https://twitter.com/plenque/status/1382151280211193857	[]
plenque	Wed Apr 14 01:11:28 +0000 2021	1	0	@diegolpedro Son por fecha de reporte  y ahora con el nuevo dataset los tenemos por fecha real (de aplicación) así que lo oculté. Igual quedó la página funcionando: https://t.co/mhmjGmYsfL	https://twitter.com/plenque/status/1382139409911447556	[]
plenque	Wed Apr 14 01:10:22 +0000 2021	3	0	@deviajesycosas @cuantaVacunaAr En el explorador del sitio podés sacar este gráfico. https://t.co/tOVD6a4m3M	https://twitter.com/plenque/status/1382139130113589254	[]
plenque	Wed Apr 14 00:43:31 +0000 2021	24	3	"Diferencias en el dataset de hoy 13/04 para Argentina. Son 27163 nuevos casos confirmados (27002 neto) y 217 fallecidos.

https://t.co/NSYo2urwrW https://t.co/PPG6ZgUUpI"	https://twitter.com/plenque/status/1382132376311115777	[]
plenque	Wed Apr 14 00:36:31 +0000 2021	0	0	@pilimoren Sí, pero hay diferencias relevantes. En ese momento CABA no testeaba asintomáticos o al menos no lo hacía como ahora, entonces los números no son comparables. Es difícil comparar bien con un año de distancia.	https://twitter.com/plenque/status/1382130613923287042	[]
plenque	Wed Apr 14 00:11:11 +0000 2021	1	0	@CancionLogica Hasta donde sé, una persona que se reinfecta registra un nuevo caso por lo que no tenemos modo de saberlo con los datos publicados. Estaria bueno.	https://twitter.com/plenque/status/1382124237880754181	[]
plenque	Wed Apr 14 00:10:27 +0000 2021	0	0	@pilimoren Acá podés verlo. Son los que van al dataset que es la mayoría, pero no todos. https://t.co/ZhGtuamvoo	https://twitter.com/plenque/status/1382124051380965376	[]
plenque	Wed Apr 14 00:09:31 +0000 2021	1	0	@a_urizio Esto es 11/04 y 12/04 porque no habían publicado datos. En un rarito sale 13/04.	https://twitter.com/plenque/status/1382123819670835203	[]
plenque	Tue Apr 13 23:39:30 +0000 2021	0	0	@centro_half @ibanezsoy Claro, pero en positivos incluyo los diagnósticos clínicos (y el denominador va con paréntesis, obviamente).	https://twitter.com/plenque/status/1382116262143270913	[]
plenque	Tue Apr 13 23:38:32 +0000 2021	53	12	"El 11/04 no hubo dataset y recién publicaron datos hoy así que se ACUMULARON dos días. Diferencias en el dataset de 11/04 y 12/04 para Argentina. Fueron 34366 nuevos casos confirmados (34222 neto) y 311 fallecidos (310 neto).

https://t.co/w1SV4TolcL https://t.co/JK4pfsqZ4a"	https://twitter.com/plenque/status/1382116020714868742	[]
plenque	Tue Apr 13 22:58:31 +0000 2021	3	0	@lucasllach Salvando las horribles distancias, es como el asiento de avión que va vacío para no incentivar el comportamiento estratégico.	https://twitter.com/plenque/status/1382105951868760068	[]
plenque	Tue Apr 13 21:27:16 +0000 2021	1	0	@centro_half @ibanezsoy Depende de cómo calcules el número de tests. Yo los diagnósticos clínicos los incluyo y por eso hablo de diagnósticos y no solo tests. El dataset no incluye todos todos los tests así que no puedo asegurar cómo es lo que publica Nación.	https://twitter.com/plenque/status/1382082985080545283	[]
plenque	Tue Apr 13 21:02:10 +0000 2021	4	1	@Solchi1986 Ojo que la curva de fallecidos por fecha real tiene demora administrativa. Es difícil que no suba porque UTI se movió, pero habrá que estar atentos las próximas semanas. https://t.co/cXRNWOpKZX	https://twitter.com/plenque/status/1382076671780618243	[]
plenque	Tue Apr 13 20:45:31 +0000 2021	3	0	@arjuliansosa @anaradoblep @CuantasVacunas Es que no hay otro censo!	https://twitter.com/plenque/status/1382072481817755648	[]
plenque	Tue Apr 13 20:45:06 +0000 2021	1	0	@chechnight @anaradoblep @arjuliansosa @CuantasVacunas Claro... eso medio que sería parte de la (b). Estaría en el combo.	https://twitter.com/plenque/status/1382072374451965956	[]
plenque	Tue Apr 13 20:39:01 +0000 2021	1	0	@JuanitoCandanga @LuckyRagnar @banabenegas Nada que disculpar. El otro día estuve mirando un rato largo también.	https://twitter.com/plenque/status/1382070841920385027	[]
plenque	Tue Apr 13 20:37:05 +0000 2021	2	0	@JuanitoCandanga @LuckyRagnar @banabenegas En el reporte diario está poniendo la media de 7d CABA, me parece. Fijate. https://t.co/guNrj4p24P	https://twitter.com/plenque/status/1382070356261941250	[]
plenque	Tue Apr 13 20:31:29 +0000 2021	1	0	@LuckyRagnar @JuanitoCandanga @banabenegas Acá sale la que calculo con el dataset: https://t.co/riOT5s1ng3	https://twitter.com/plenque/status/1382068946803769347	[]
plenque	Tue Apr 13 20:26:25 +0000 2021	2	0	@anaradoblep @arjuliansosa @CuantasVacunas ¡No sé! Pero sumo las explicaciones que recuerdo me fueron pasando: (a) problemas de proyección (¡parte de censo 2010!); (b) a la gente grande le cuesta más anotarse / acceder al sistema; (c) hay reticencia por los efectos adversos. La única que leí de fuente oficial fue la (b).	https://twitter.com/plenque/status/1382067672104509443	[]
plenque	Tue Apr 13 19:19:41 +0000 2021	13	0	@ltornarolli @juanif__ ¡La cuarentena cambió mi centro de gravedad!	https://twitter.com/plenque/status/1382050878295785472	[]
plenque	Tue Apr 13 19:17:21 +0000 2021	13	0	@lucasllach Si nos permitieran cruzar los datos de casos con los de vacunados podríamos responder esa pregunta.	https://twitter.com/plenque/status/1382050293152677894	[]
plenque	Tue Apr 13 19:15:16 +0000 2021	2	0	@carmenmignola @LadyAAmado Quizás no fue bueno mi wording. Algunos hospitales dejan de vacunar porque se quedan sin dosis mientras que otros siguen. En la velocidad general de la jurisdicción se ve una baja.	https://twitter.com/plenque/status/1382049769456078853	[]
plenque	Tue Apr 13 19:03:36 +0000 2021	13	0	"@juanif__ ""Qué cara de boludo que tiene ese señor tan centrado!""

¡Gracias!"	https://twitter.com/plenque/status/1382046831220252676	[]
plenque	Tue Apr 13 18:32:06 +0000 2021	11	0	@LadyAAmado Desde la teoría, ocurre de facto porque es distribuido. Si vos tenés montones de efectores, algunos se van a ir quedando sin stock y baja el ritmo general. No es que se quedan sin dosis todos juntos.	https://twitter.com/plenque/status/1382038904367374339	[]
plenque	Tue Apr 13 17:21:37 +0000 2021	19	0	@rusosnith Más allá del resultado práctico hacerlo antes era una medida súper clara de qué hacer para cuidarse. Era una forma excelente de educar también.	https://twitter.com/plenque/status/1382021165040992263	[]
plenque	Tue Apr 13 17:09:22 +0000 2021	1	0	@CamiloGordonabo Fijate que tenés muchos lugares del interior bonaerense con 40% de vacunados justamente por eso. Creo que no hay info pública detallada como para entender del todo la logística.	https://twitter.com/plenque/status/1382018082214920202	[]
plenque	Tue Apr 13 16:47:36 +0000 2021	1	0	@ricardoibar En el Durand se acaban las vacunas, pero en los otros vacunatorios no. ¿Cómo hacés para mantener el ritmo? A eso me refiero.	https://twitter.com/plenque/status/1382012605406056455	[]
plenque	Tue Apr 13 16:39:20 +0000 2021	0	0	@ricardoibar Es inevitable bajar el ritmo. Los efectores se van quedando sin stock. La aplicación es distribuida.	https://twitter.com/plenque/status/1382010527128387584	[]
plenque	Tue Apr 13 16:01:59 +0000 2021	4	0	@ezequielat92 @lucasllach Sube la probabilidad, pero no conocemos su prevalencia. Es justamente parte de lo que quiero investigar. Nunca es blanco y negro.	https://twitter.com/plenque/status/1382001127290458113	[]
plenque	Tue Apr 13 15:58:11 +0000 2021	1	0	@55Renata No que yo sepa. Igual no sigo tanto eso.	https://twitter.com/plenque/status/1382000167986065408	[]
plenque	Tue Apr 13 15:53:07 +0000 2021	1	0	@CamiloGordonabo Pero CABA tiene varios centros de aplicación. Cada uno es un stockcito separado que se va acabando. La capilaridad tiene esa desventaja: si no mantenés flujo te vas quedando sin stock en cada lugar por separado.	https://twitter.com/plenque/status/1381998893861310466	[]
plenque	Tue Apr 13 15:50:34 +0000 2021	11	1	@lucasllach Esto es CABA en el acumulado. Más contagio podría significar menos susceptibilidad. https://t.co/7TP6u9R1jo	https://twitter.com/plenque/status/1381998251654705152	[]
plenque	Tue Apr 13 15:48:43 +0000 2021	28	0	@lucasllach De casos seguro y de contagios puede ser. Mi hipótesis es que cambió mucho el nivel socioeconómico de los contagiados y eso seguro cambia mucho la perspectiva. Ningún economista me ayuda con esos cruces!	https://twitter.com/plenque/status/1381997787206803462	[]
plenque	Tue Apr 13 15:38:23 +0000 2021	1	0	"@CamiloGordonabo Es cierto. Ojo que también podría haber problemas de carga de información. Es difícil sacar conclusiones 100% seguras... pasa que hablamos de 177k de dosis nomás.
Por lo de CABA, tené en cuenta que cada efector tiene un stock intermedio. No es solo por distancia."	https://twitter.com/plenque/status/1381995188009197568	[]
plenque	Tue Apr 13 15:34:32 +0000 2021	3	0	"@timoratos En las provincias ""grandes"" son sistemas complejos y el faltante stock se produce en algunos efectores al principio. En el agregado se ve baja de velocidad porque son menos efectores los que aplican."	https://twitter.com/plenque/status/1381994216528699395	[]
plenque	Tue Apr 13 15:21:28 +0000 2021	5	0	@CamiloGordonabo Habría que normalizar de algún modo por escala. Hay provincias que, por su tamaño, necesariamente tienen que tener stocks intermedios y tiempos de arranque. San Luis se puede comparar quizás con TDF o algunas otras, pero no con PBA o CABA.	https://twitter.com/plenque/status/1381990928727089159	[]
plenque	Tue Apr 13 15:20:12 +0000 2021	7	0	@alfredostaudt Ayer y anteayer hicieron un desastre con los datasets que todavía estoy acomodando. En un rato actualizo.	https://twitter.com/plenque/status/1381990611729969159	[]
plenque	Tue Apr 13 14:28:18 +0000 2021	91	39	Hace varios días que no se distribuyen vacunas y en breve habría jurisdicciones que van a tener que bajar el ritmo. CABA está cerca, a PBA le faltaría un poco más y San Luis estaría siempre al límite. https://t.co/tGVT6QPQZQ	https://twitter.com/plenque/status/1381977548591136770	[]
plenque	Tue Apr 13 03:02:36 +0000 2021	0	0	@AlejandrodeBar1 @VacunasPeru ¡Gracias! Estamos usando población 2020 porque normalmente las proyecciones son al 1ero de Julio de cada año. ¿Se sabe a qué fecha es el corte que hace el MINSA?	https://twitter.com/plenque/status/1381804989522268163	[]
plenque	Tue Apr 13 01:17:47 +0000 2021	5	0	@mesch El de atrás era grok! Vino después del señor televisor.	https://twitter.com/plenque/status/1381778610411991042	[]
plenque	Tue Apr 13 01:13:24 +0000 2021	4	0	@jmcastagnetto Con @fedetiberti ! Por favor, toda sugerencia que tengan será más que bienvenida. Ustedes siguen más de cerca la situación.	https://twitter.com/plenque/status/1381777506034933762	[]
plenque	Tue Apr 13 00:01:06 +0000 2021	0	0	@VacunasPeru cc @jmcastagnetto @AlejandrodeBar1 ¿Qué les parece este bot que armamos? Estamos en proceso de revisar los datos.	https://twitter.com/plenque/status/1381759312436027396	[]
plenque	Mon Apr 12 22:54:54 +0000 2021	44	3	@TajerAndres No puedo creer que haya gente que no note lo irracional que es cerrar las escuelas antes que un bar puertas adentro. Con eso no digo que sea fácil cerrar nada y todo es un dolor de huevos, pero no logro comprender lo de las escuelas.	https://twitter.com/plenque/status/1381742653574934528	[]
plenque	Mon Apr 12 20:14:32 +0000 2021	0	0	@sebikaiser @Gus_Noriega @eracucu Ingresos a UTI no le daría mucha bola porque la info es de muy mala calidad. Debería sacarlo. Hoy publiqué este hilo analizando tendencias de fallecidos que sale de ahí: https://t.co/vhoBAS9EmC	https://twitter.com/plenque/status/1381702296111874053	[]
plenque	Mon Apr 12 19:56:52 +0000 2021	1	0	@DCangallo Sí, pasa que también dicen que las nuevas variantes son más letales en jóvenes. Es difícil descartar algún motivo.	https://twitter.com/plenque/status/1381697848656429070	[]
plenque	Mon Apr 12 19:56:11 +0000 2021	1	0	"@sebikaiser @Gus_Noriega @eracucu El gráfico del tuit se puede armar en el explorador: https://t.co/VU50xt5xhF

El que vos decís me parece que es el que sale acá (sacando heatmap y seleccionando casos): https://t.co/KgUargUzrD"	https://twitter.com/plenque/status/1381697678208335872	[]
plenque	Mon Apr 12 19:48:08 +0000 2021	5	0	"@Gus_Noriega @eracucu 2021 vienen parecidas. Solo digo que siempre es más ""blando"" cuando nos acercamos a hoy."	https://twitter.com/plenque/status/1381695650199392258	[]
plenque	Mon Apr 12 19:46:52 +0000 2021	1	0	@eracucu @Gus_Noriega Sisi, debería cubrir, pero nunca tenemos certeza absoluta. Esta es la demora 2021 de CABA. https://t.co/uPqd1ocyA3	https://twitter.com/plenque/status/1381695332199903244	[]
plenque	Mon Apr 12 19:43:05 +0000 2021	7	1	@Gus_Noriega @eracucu Hacia al final también podría haber un poco de demoras de carga.	https://twitter.com/plenque/status/1381694380009009160	[]
plenque	Mon Apr 12 18:24:02 +0000 2021	9	0	@PabloRichly Síganme, no los voy a defraudar	https://twitter.com/plenque/status/1381674486399913984	[]
plenque	Mon Apr 12 18:02:05 +0000 2021	1	0	@MenendezPepe Hablando en serio, ni siquiera son comparables las efectividades que anuncian porque también dependen de las condiciones del ensayo, los endpoints y todo eso.	https://twitter.com/plenque/status/1381668960735748100	[]
plenque	Mon Apr 12 17:07:24 +0000 2021	1	0	@MenendezPepe Vos no entendés: mi vacuna nunca se fue a la B	https://twitter.com/plenque/status/1381655199413121026	[]
plenque	Mon Apr 12 16:05:53 +0000 2021	2	0	@cdbuc La mayoría tiene datos de ensayos clínicos publicados y no hay efectos adversos graves reportados.	https://twitter.com/plenque/status/1381639721105952776	[]
plenque	Mon Apr 12 14:53:41 +0000 2021	2	0	@juandemendieta No mucho. Quizás debería separar 80-89 en ese caso. Cuando tenga tiempo lo hago. https://t.co/jnQhAnjhs9	https://twitter.com/plenque/status/1381621548566650882	[]
plenque	Mon Apr 12 14:51:13 +0000 2021	5	1	@Argentinohabla Claro, ese es el dato que decía que no podemos tener. No hay forma (que yo sepa) de cruzar vacunados con casos. Es una pena.	https://twitter.com/plenque/status/1381620929986433026	[]
plenque	Mon Apr 12 14:49:48 +0000 2021	1	0	@_martingala_ En el explorador del sitio se puede sacar algo así que más o menos muestra eso. El mayor % de aplicaciones se lo lleva por lejos Sputnik y Sinopharm segunda. Ojo que el eje y está cortando un numerito... tengo que arreglarlo. https://t.co/r5pkkKRyEv	https://twitter.com/plenque/status/1381620571637698562	[]
plenque	Mon Apr 12 14:34:26 +0000 2021	0	0	@ivanfbf ¡Cada uno puede sacar sus conclusiones! Yo tengo dudas nomás.	https://twitter.com/plenque/status/1381616704137101315	[]
plenque	Mon Apr 12 14:27:23 +0000 2021	0	0	@ivanfbf Ojo que por eso al ppio también hablo de vacunación. La verdad que no estoy seguro.	https://twitter.com/plenque/status/1381614930453991432	[]
plenque	Mon Apr 12 14:08:02 +0000 2021	15	3	Las otras franjas no llegan a representar más del 0,5% de la población y no se ven muchos cambios. https://t.co/cNkZCb6Sva	https://twitter.com/plenque/status/1381610062599294976	[]
plenque	Mon Apr 12 14:08:01 +0000 2021	20	4	Y es mucho más notoria en la franja 45-59 que en las últimas semanas pasaron de ser entre 1,5% y 2% de los fallecidos a superar el 3%. Recordemos, siempre normalizado por población. https://t.co/QvnpbOSiAe	https://twitter.com/plenque/status/1381610056232411137	[]
plenque	Mon Apr 12 14:07:59 +0000 2021	13	3	Lo que sí parece estar más claro es una subida (siempre en proporción) en 60-74 que no se veía al menos desde fines de agosto. Pasaron del 8% al 12%. https://t.co/Vn4uJIVPew	https://twitter.com/plenque/status/1381610048762347527	[]
plenque	Mon Apr 12 14:07:57 +0000 2021	15	3	"Como siempre, normalizo por población. 

Las franjas superiores no parecen haber cambiado demasiado desde agosto. Hay una leve caída reciente en los 90+, pero es difícil sacar conclusiones. https://t.co/c0xLr7wU5q"	https://twitter.com/plenque/status/1381610041975971847	[]
plenque	Mon Apr 12 14:07:55 +0000 2021	96	22	En los datos públicos no podemos ver la letalidad de los vacunados y, además, la letalidad en sí es un dato inestable porque depende de los casos y tarda en consolidarse. Pero podemos ir viendo cómo varía la proporción de fallecidos por edades y hay cambios que podemos analizar.	https://twitter.com/plenque/status/1381610034505875456	[]
plenque	Mon Apr 12 13:52:33 +0000 2021	0	0	@DCangallo Ahora comparto algunos gráficos porque hay algunas cosas interesantes al hacer zoom.	https://twitter.com/plenque/status/1381606167173070852	[]
plenque	Mon Apr 12 13:44:20 +0000 2021	1	0	@DCangallo Esto es lo que tengo más a mano. El promedio se mueve muy lento y no ayuda demasiado a ver la evolución. https://t.co/mazMHObRqa	https://twitter.com/plenque/status/1381604098106097664	[]
plenque	Sun Apr 11 22:04:42 +0000 2021	2	0	"@joaquin_graham @ivanfbf @fedetiberti Es que eso está pasando. Cuando tenés una ""máquina"" grande hay stocks intermedios y tiempo de puesta en marcha. No es tan fácil llegar a velocidad máxima."	https://twitter.com/plenque/status/1381367629416398848	[]
plenque	Sun Apr 11 21:58:55 +0000 2021	8	1	@ivanfbf @fedetiberti Ese gráfico es por fecha de reporte, pero por fecha real pasa lo mismo. El tema es que la velocidad depende de la provisión y no sé si tiene sentido prender la máquina a todo ritmo si no podés asegurarla. https://t.co/xx8In5s0F2	https://twitter.com/plenque/status/1381366176937283592	[]
plenque	Sun Apr 11 18:53:42 +0000 2021	1	0	@PabloG43062527 Sí, el explorador del sitio ya permite graficar eso. La idea es agregarlo al panorama. https://t.co/ieE4HE4UIJ	https://twitter.com/plenque/status/1381319562617098255	[]
plenque	Sun Apr 11 17:28:16 +0000 2021	1	0	@maaadpchrl Sí, caso seguro es un lag de 1 día que mete al verlo desde otros países. Fui corrigiendo donde quedó ese moco y se ve que se me pasó ahí. Gracias por avisar.	https://twitter.com/plenque/status/1381298064946831364	[]
plenque	Sun Apr 11 17:17:54 +0000 2021	0	0	@maaadpchrl Me parece que es un bug de la página. Estás en otra zona horaria?	https://twitter.com/plenque/status/1381295455393484806	[]
plenque	Sun Apr 11 17:11:04 +0000 2021	0	0	@maaadpchrl No estoy seguro. Hay dos gráficos de fallecidos. La caída fuerte al final es porque es zona de datos no consolidados (los muertos de cada día se reportan bastante después).	https://twitter.com/plenque/status/1381293737591107591	[]
plenque	Sun Apr 11 16:39:29 +0000 2021	2	0	@ValeLaPenaPR1 @martintetaz Estaría bueno tener el que el gobierno tiene. Ni siquiera digo con el mismo nivel de detalle, pero no un número global para el AMBA como tenemos ahora.	https://twitter.com/plenque/status/1381285786549694464	[]
plenque	Sun Apr 11 16:38:41 +0000 2021	2	0	"@ndchiariello @afullHD @fedetiberti Ojo que los datos vistos por fecha ""real"" siempre tienen demora y caen al final. Un ejemplo práctico: los casos que inician síntomas hoy recién los veremos en el reporte diario en mínimo 7 u 8 días. Si no cae por FIS es porque está subiendo mucho."	https://twitter.com/plenque/status/1381285585869012999	[]
plenque	Sun Apr 11 15:52:20 +0000 2021	2	1	"@afullHD @fedetiberti Se puede ver lo que se reporta al dataset que es la mayoría. Acá tenés positividad por provincia:  https://t.co/IwI3Cs7JnF

Los diagnósticos puros se pueden ver en el explorador. Voy a ver si los pongo ahí mismo."	https://twitter.com/plenque/status/1381273920129667076	[]
plenque	Sun Apr 11 14:29:52 +0000 2021	6	2	@gragarciaap Residencia. Queda claro que los datos son aproximaciones. Luego lo subo por lugar de carga.	https://twitter.com/plenque/status/1381253167837483008	[]
plenque	Sun Apr 11 14:29:02 +0000 2021	0	0	@valenzine @rusosnith Aaahhh, no, de eso no vi nada. Yo pensaba en casos.	https://twitter.com/plenque/status/1381252959284170752	[]
plenque	Sun Apr 11 14:23:46 +0000 2021	3	0	@valenzine @rusosnith CABA discrimina personal de salud  en su dataset. En el explorador del sitio lo podés investigar. Si no aguantame que cuando llego a la compu te paso.	https://twitter.com/plenque/status/1381251632302845954	[]
plenque	Sun Apr 11 13:40:36 +0000 2021	51	6	Le damos de nuevo la bienvenida a los datos de los operativos testeo turismo y asintomáticos en CABA. Se nota en el quiebre de la positividad del sector público. Sería bueno poder discriminarlos en algún dataset para tener clara la positividad por cada criterio de sospechoso. https://t.co/oZIn58OE2O	https://twitter.com/plenque/status/1381240770200530946	[]
plenque	Sun Apr 11 13:33:22 +0000 2021	1	0	@jmcos @jrncolon @LadyAAmado Pero no liberaron demasiado de esa info. Esto necesitamos a nivel nacional: https://t.co/SrZ5b6pADO	https://twitter.com/plenque/status/1381238951315435521	[]
plenque	Sun Apr 11 13:14:04 +0000 2021	2	0	@banabenegas @gcba ¿Podrían agregar en el dataset de casos algo que permita filtrar el dispositivo: turismo, asintomáticos estrechos, definición nacional, etc.? Es para poder limpiar la positividad de acuerdo a la selección de sospechoso que le corresponde. Gracias.	https://twitter.com/plenque/status/1381234091551514624	[]
plenque	Sun Apr 11 13:00:57 +0000 2021	4	1	@LadyAAmado Algo de esa info tenemos en el dataset COVID-19. Incluyo una tablita chiquita abajo de todo en el reporte diario (adjunto ayer). Se puede armar otra info si querés. https://t.co/5bM6mFf5ev	https://twitter.com/plenque/status/1381230793192787978	[]
plenque	Sun Apr 11 12:47:23 +0000 2021	1	0	@cielo2009 Por fecha real no. Máximo 190 el 21/01.	https://twitter.com/plenque/status/1381227378089811970	[]
plenque	Sun Apr 11 11:07:01 +0000 2021	1	0	@fmendiguren Ese bajo en el arranque del disco es inconfundible	https://twitter.com/plenque/status/1381202119353597952	[]
plenque	Sun Apr 11 02:57:09 +0000 2021	1	0	"@segasi Dejo link para ver todas las entidades. Desde ahí mismo hay selector para ver entidades o zonas metropolitanas por municipio.

https://t.co/WtI5IuWYi9"	https://twitter.com/plenque/status/1381078842824089603	[]
plenque	Sun Apr 11 02:51:14 +0000 2021	1	0	@JuanJuanete Lo veo demasiado complicado, pero puede ser. Igual el gobierno tiene info de colegios que supuestamente están recolectando. Estaría bueno que la compartan con más detalle.	https://twitter.com/plenque/status/1381077352214634496	[]
plenque	Sun Apr 11 02:42:27 +0000 2021	0	0	@JuanJuanete Y que realmente no sabemos el modo de contagio. Por dar un ejemplo, hace 3 semanas tuviste una explosión en 15-19 que vino principalmente por turismo. Las curvas de casos no tienen toda la info que necesitamos. Hay que estudiar el contagio en los colegios en serio.	https://twitter.com/plenque/status/1381075140964941826	[]
plenque	Sun Apr 11 02:39:20 +0000 2021	1	0	@JuanJuanete Perdón, pensé que estabas respondiendo otro tuit. Solo veo que pese a cambiar las condiciones se sigue manteniendo parecido. No creo que esta sea la forma de chequear contagio en las escuelas, pero como se puso de moda analizarlo así quise ponerlo en perspectiva.	https://twitter.com/plenque/status/1381074356990836736	[]
plenque	Sun Apr 11 02:35:02 +0000 2021	2	0	"@PabloG43062527 La saqué porque es por fecha de reporte y no por fecha real cuando ya tenemos esa data en lo nuevo que publicaron. Igual la página sigue funcionando. En breve agrego la info por fecha real al panorama.

https://t.co/mhmjGmYsfL"	https://twitter.com/plenque/status/1381073276114440192	[]
plenque	Sun Apr 11 02:33:49 +0000 2021	1	0	@JuanJuanete No tengo ni idea... Si el indicador que vemos es UTI no me preocuparía solo por escuelas sino por cines, restaurants, oficinas y una lista infinita de actividades.	https://twitter.com/plenque/status/1381072970756538375	[]
plenque	Sun Apr 11 02:32:49 +0000 2021	1	0	@UnTopo73 UTI supuestamente es en tiempo real. Los efectores actualizan día a día la info.	https://twitter.com/plenque/status/1381072715633790983	[]
plenque	Sun Apr 11 01:28:00 +0000 2021	1	0	@NZubimendi Aaaahhh, claro. Sí, sin dudas tienen que tener algo para gestionar. Es una pena que no publiquen la info.	https://twitter.com/plenque/status/1381056405126397954	[]
plenque	Sun Apr 11 01:20:17 +0000 2021	0	0	@NZubimendi Gracias. ¿Tenés link?	https://twitter.com/plenque/status/1381054461553037317	[]
plenque	Sun Apr 11 00:51:00 +0000 2021	348	45	Uno de los grandes puntos débiles a nivel información es la ausencia de un dataset que muestre la disponibilidad de camas en cada lugar.	https://twitter.com/plenque/status/1381047096086818817	[]
plenque	Sun Apr 11 00:45:53 +0000 2021	28	3	"Diferencias en el dataset de hoy 10/04 para Argentina. Son 19485 nuevos casos confirmados (19420 neto) y 297 fallecidos.

https://t.co/OR2sV5yJFb https://t.co/jX7TKHkP85"	https://twitter.com/plenque/status/1381045808208957442	[]
plenque	Sun Apr 11 00:18:27 +0000 2021	9	1	@desimonemartin Es un excelente resumen. ¡Gracias!	https://twitter.com/plenque/status/1381038902270590976	[]
plenque	Sat Apr 10 22:27:16 +0000 2021	1	0	@martinvars Fuerza que cada vez falta menos.	https://twitter.com/plenque/status/1381010921062080515	[]
plenque	Sat Apr 10 20:20:47 +0000 2021	15	0	@octaviobramajo @fedetiberti @rquiroga777 Sinceramente no sé cuánto contagio aportan y menos en nuestro contexto, pero me baso en las recomendaciones más serias que pude leer. Por lo otro, estoy 100% de acuerdo con lo que decís.	https://twitter.com/plenque/status/1380979089759211520	[]
plenque	Sat Apr 10 20:12:50 +0000 2021	7	0	@fmendiguren Se resuelve con una low cost	https://twitter.com/plenque/status/1380977093220184073	[]
plenque	Sat Apr 10 19:32:37 +0000 2021	6	0	@cingolani_oscar Con casos mensuales, en Argentina queda más o menos así (recomiendo verlo desde la compu): https://t.co/8pJAqgPUew	https://twitter.com/plenque/status/1380966968623239171	[]
plenque	Sat Apr 10 16:59:55 +0000 2021	0	0	@srodriguezrey jajajaja... no te enojes.... yo solo me guío por lo que veo	https://twitter.com/plenque/status/1380928542796611585	[]
plenque	Sat Apr 10 16:53:17 +0000 2021	0	0	@eracucu No lo había visto. Tiene que ser por los operativos nuevos de Costa Salguero y todo eso.	https://twitter.com/plenque/status/1380926874617020424	[]
plenque	Sat Apr 10 16:52:06 +0000 2021	3	0	@srodriguezrey Creo que todavía no vimos el throughput en serio del sistema. Fijate que seguimos haciendo máximos. Garantizando la provisión quizás lleguemos a eso.	https://twitter.com/plenque/status/1380926576783728644	[]
plenque	Sat Apr 10 15:43:15 +0000 2021	7	1	@CheMendele @nicokras @decimononnica @PadresOrg El problema es que bajo ese criterio solo hubiera habido clases presenciales en CABA desde el 03/11 hasta el hasta el 20/12, lo cual suena extremo. Lo que tendríamos que discutir, emho, es cómo lograr llegar a &lt;200 con las escuelas abiertas. Se trata de prioridades, no de la SAP. https://t.co/lDDRld1gcm	https://twitter.com/plenque/status/1380909248188723204	[]
plenque	Sat Apr 10 15:00:47 +0000 2021	172	12	@rquiroga777 El preprint indica que no sirve como evidencia de causalidad (tampoco ausencia) y que se necesita investigarlo. Es un ladrillito limitado en la pared de conocimiento que hasta lo aclara. Yo recomendaría ver los resúmenes que arman las agencias internacionales que para eso están.	https://twitter.com/plenque/status/1380898561508974594	[]
plenque	Sat Apr 10 13:35:03 +0000 2021	1	0	@fmendiguren Qué fiesta haremos cuando termine esta distopía nefasta!	https://twitter.com/plenque/status/1380876984255983617	[]
plenque	Sat Apr 10 13:29:30 +0000 2021	5	1	@fmendiguren ¿Para cuándo el boliche en Valencia? Al menos una mesa de tuiteros al año te llenamos seguro.	https://twitter.com/plenque/status/1380875590635565057	[]
plenque	Sat Apr 10 13:06:25 +0000 2021	13	0	@diegotajer El gustito de lo prohibido	https://twitter.com/plenque/status/1380869781771980802	[]
plenque	Sat Apr 10 12:53:09 +0000 2021	0	0	@pantacha (pero guardan el mail, eso seguro)	https://twitter.com/plenque/status/1380866443236016130	[]
plenque	Sat Apr 10 12:52:36 +0000 2021	5	0	@pantacha Hermoso. El formulario lo procesan con este programita: Form2RecycleBin	https://twitter.com/plenque/status/1380866301221031938	[]
plenque	Sat Apr 10 12:50:14 +0000 2021	1	0	@ndchiariello Seguramente. Por eso puse foco en la evolución. Mientras no cambien esos sesgos (y algunos cambios hubo) debería mantenerse y eso es lo que se ve. No creo que UTI sirva porque el n sería muy chico, pero tampoco tenemos datos.	https://twitter.com/plenque/status/1380865706133164040	[]
plenque	Sat Apr 10 12:08:04 +0000 2021	0	0	@AliciaALink @mirisapos Me parece que era el viernes que viene. Esperemos que no.	https://twitter.com/plenque/status/1380855097425596416	[]
plenque	Sat Apr 10 12:05:25 +0000 2021	3	0	@JSchmukler Acelera cuando llegan y desacelera cuando se empiezan a terminar. Creo que no sabemos la velocidad máxima real todavía.	https://twitter.com/plenque/status/1380854430753554432	[]
plenque	Sat Apr 10 12:02:18 +0000 2021	17	0	Primero como tragedia y después como comedia. https://t.co/xwHmrtC51v	https://twitter.com/plenque/status/1380853644938117126	[]
plenque	Sat Apr 10 01:01:45 +0000 2021	35	9	"Diferencias en el dataset de hoy 09/04 para Argentina. Son 24195 nuevos casos confirmados (24130 neto) y 228 fallecidos.

https://t.co/HiRUJiSrCr https://t.co/9EZ8JjY9ex"	https://twitter.com/plenque/status/1380687410762280961	[]
plenque	Sat Apr 10 00:31:07 +0000 2021	1	0	@NZubimendi En realidad ni siquiera significa que ese 50% tenga inmunidad protectora, pero quizás podría ser útil para estrategias de vacunación.	https://twitter.com/plenque/status/1380679704202592256	[]
plenque	Fri Apr 09 23:25:26 +0000 2021	1	0	@a_urizio El tema restricciones no lo sigo mucho. Sé que están arrancando con un rebotre / ola y leí de algunas limitaciones de circulación, pero no conozco demasiado.	https://twitter.com/plenque/status/1380663172298899458	[]
plenque	Fri Apr 09 23:17:37 +0000 2021	6	0	@jm_arina Algunos lo están haciendo. Yo no estoy seguro porque hasta ahora, cuando se iniciaron las olas, arrancaron en jóvenes. Pero puede ser, ojalá.	https://twitter.com/plenque/status/1380661203811381250	[]
plenque	Fri Apr 09 23:16:18 +0000 2021	18	2	El Área Metropolitana de Bogotá tiene una seroprevalencia que ronda el 50%. El AMBA tiene algunas similitudes y me pregunto si estará muy lejos. https://t.co/YfwBxxcldS https://t.co/JE1fVfdCtT	https://twitter.com/plenque/status/1380660875464441856	[]
plenque	Fri Apr 09 23:03:15 +0000 2021	0	0	@solantropo Con seguridad. Por eso intento resalto que hay que hacer seguimiento de la proporción. No es muy distinta de la de otros momentos de la pandemia.	https://twitter.com/plenque/status/1380657591479599108	[]
plenque	Fri Apr 09 22:37:42 +0000 2021	6	0	@budinero_ Sí, está cayendo y esperemos que siga así.	https://twitter.com/plenque/status/1380651161200517124	[]
plenque	Fri Apr 09 22:02:56 +0000 2021	110	29	Los casos de 0 a 14 años suben, pero es importante hacer el seguimiento de cuánto representan frente al contagio total. Su proporción normalizada por población se mantuvo desde el inicio de la pandemia entre 1,5% y 2,5% del total. Ahora están en 2,3%. https://t.co/6nhmiB2z9E	https://twitter.com/plenque/status/1380642412704497668	[]
plenque	Fri Apr 09 20:42:51 +0000 2021	3	0	@xarkham Ojalá sea pronto. Seguro que sí.	https://twitter.com/plenque/status/1380622256498425856	[]
plenque	Fri Apr 09 20:06:21 +0000 2021	4	0	@Garuagarua @BetoMendeIeiev Todos los días publico la tabla de la fecha de diagnóstico (en que le dieron el resultado) a cada caso. El 75% de los casos son normalmente son de ese día y los 3 anteriores. Estos últimos días no vienen siendo muy distintos. Los datos de hoy salen por la noche.	https://twitter.com/plenque/status/1380613073715757056	[]
plenque	Fri Apr 09 20:03:03 +0000 2021	8	0	@elbuenLambrusco El monitor de vacunación publica las entregadas y tenemos las aplicadas. Como la aplicación tiene demoras de carga y seguro hay stocks intermedios, no se puede asegurar 100%, pero queda algo así. https://t.co/zFKLsLZssT	https://twitter.com/plenque/status/1380612240383090699	[]
plenque	Fri Apr 09 18:34:06 +0000 2021	2	0	@SLondono00 @MinSaludCol @JFernandeznino @Fruizgomez @Bogota @SectorSalud Ojalá. Tengo todo listo en el sitio para incorporar esa info.	https://twitter.com/plenque/status/1380589854136930307	[]
plenque	Fri Apr 09 17:57:17 +0000 2021	1	0	@pellegrinilomas Sí, claro, desde que publicaron dataset se puede analizar todo. Supuestamente distribuyen equitativamente por tipo también.	https://twitter.com/plenque/status/1380580589460463625	[]
plenque	Fri Apr 09 17:54:48 +0000 2021	3	0	@Awesome13008420 Es Sinovac en Chile. No hay mucho dato publicado en ningún caso así que es difícil asegurar.	https://twitter.com/plenque/status/1380579967101239303	[]
plenque	Fri Apr 09 17:29:35 +0000 2021	378	87	CABA está aplicando vacunas al rango 70-79 el equivalente a un 5% de la población por día en media semanal llegando a un 7% diario. La velocidad superó a lo que fue 80-89. De continuar a este ritmo, en menos de 10 días se terminaría de cubrir esa edad con primera dosis. https://t.co/vUCtxWYT32	https://twitter.com/plenque/status/1380573618191630336	[]
plenque	Fri Apr 09 14:03:32 +0000 2021	5	0	@Taberna_Siome @SantiOlsze Por desgracia sí. Creo que la mejor forma de verlo es hacer un heatmap de positividad. Igual la historia no está escrita y podría ser distinto ahora. https://t.co/TVrt1y711o	https://twitter.com/plenque/status/1380521767517708289	[]
plenque	Fri Apr 09 13:33:05 +0000 2021	2	0	@Chequeado @ecalvo68 @Rodri_LP para el que lo quiere seguir.	https://twitter.com/plenque/status/1380514104000020480	[]
plenque	Fri Apr 09 13:32:26 +0000 2021	1	0	@ZulmaCucunuba Gracias de nuevo.	https://twitter.com/plenque/status/1380513940887715840	[]
plenque	Fri Apr 09 13:14:34 +0000 2021	3	0	@ZulmaCucunuba ¿Sabés si existe información equivalente para Sinovac o Sinopharm? Muchas gracias.	https://twitter.com/plenque/status/1380509444476387329	[]
plenque	Fri Apr 09 12:15:55 +0000 2021	6	0	@melquiadess Como excepción voy a responder a una agresión. Estoy proponiendo un enfoque comunicacional que incluso debería mejorar la efectividad de las medidas (no se cumplen solas). Te dejo con un universo infinito de Tuiter que convalida ese nivel de diálogo.	https://twitter.com/plenque/status/1380494681470013441	[]
plenque	Fri Apr 09 11:57:15 +0000 2021	0	0	@melquiadess Que sean justificadas no cambia el mensaje.	https://twitter.com/plenque/status/1380489986563313665	[]
plenque	Fri Apr 09 03:10:06 +0000 2021	1	0	"@JuanMRosello @alemarven @Gus_Noriega Es difícil tener certezas, pero al tiempo biológico tenés que sumarle el administrativo para resultado y carga en el sistema. Como muy rápido alguien sale en el reporte diario unos 10 días después del contagio. 
¡Ojalá se recuperen pronto!"	https://twitter.com/plenque/status/1380357325026955270	[]
plenque	Fri Apr 09 02:17:45 +0000 2021	5	2	@cingolani_oscar En Brasil fue en personal de salud y puede meter ruido, pero de Chile ya llegan noticias de que da parecido. https://t.co/XvpL9Wk4r0	https://twitter.com/plenque/status/1380344148415418372	[]
plenque	Fri Apr 09 01:41:05 +0000 2021	3	0	@jpjviro @PabloRichly Mejor todavía sería que lo justifiquen bien	https://twitter.com/plenque/status/1380334922150383616	[]
plenque	Fri Apr 09 01:38:57 +0000 2021	5	0	"@MenendezPepe ¿De fallecidos? Pasa que ahí tenés que primero limpiar por contagio. No podés descartar que los mayores se guarden mejor o que la ""ola"" arranque por más jóvenes. Yo intentaba ir por el lado de la letalidad que sería más simple."	https://twitter.com/plenque/status/1380334386315399171	[]
plenque	Fri Apr 09 01:31:12 +0000 2021	5	0	@MenendezPepe Hoy dijo eso Quirós y estuve mirando, pero no encontré nada. Cuando pueda le voy a dedicar más tiempo. El gobierno tienen la posibilidad de comparar letalidad de vacunados vs no vacunados y así es otra historia.	https://twitter.com/plenque/status/1380332435083309057	[]
plenque	Fri Apr 09 01:09:06 +0000 2021	69	15	Por desgracia, la curva de fallecidos ya empezaría a mostrar que dejamos atrás el valle. Incluyo también PBA que es su principal componente y la que mejor se consolida por el cruce de base de datos que realiza. https://t.co/sNWCkQWu5l	https://twitter.com/plenque/status/1380326873784274944	[]
plenque	Fri Apr 09 01:01:41 +0000 2021	33	2	"Diferencias en el dataset de hoy 08/04 para Argentina. Son 23731 nuevos casos confirmados (23682 neto) y 290 fallecidos.

https://t.co/vOz99LUqyo https://t.co/9d50ox8uHq"	https://twitter.com/plenque/status/1380325007079972864	[]
plenque	Thu Apr 08 21:55:43 +0000 2021	0	0	"@apschi @Gus_Noriega A eso me refería con los ""cambios reales"". Eso que decís es puntual de CABA y hubiera estado bueno que lo incluyan en los datos que exporta nación."	https://twitter.com/plenque/status/1380278208663334922	[]
plenque	Thu Apr 08 21:09:08 +0000 2021	1	0	@alemarven @Gus_Noriega Seguramente, pero poco probable que les dé positivo por contagiarse en el viaje a esos. No da el tiempo de incubación.	https://twitter.com/plenque/status/1380266484795064325	[]
plenque	Thu Apr 08 20:46:09 +0000 2021	4	0	@Hernan_J_Lopez @Mr_Bugman Sí, yo no los pondría por fecha de reporte sino por fecha de diagnóstico, pero es muy muy parecido. Además una media 7d ayuda un poco. https://t.co/Ms2QWXtRpr	https://twitter.com/plenque/status/1380260700849897474	[]
plenque	Thu Apr 08 20:36:29 +0000 2021	7	0	@Gus_Noriega Sí, los datos son un lío. Ese montón de descartados con dos meses de antigüedad de hace un par semanas fue una buena prueba.	https://twitter.com/plenque/status/1380258266857488389	[]
plenque	Thu Apr 08 20:34:24 +0000 2021	4	0	@carocazes @Gus_Noriega Sí, claro, e incluso mejor mirarla por fecha real y no por fecha de reporte. El problema es que ningún indicador alcanza por sí solo.	https://twitter.com/plenque/status/1380257741822910464	[]
plenque	Thu Apr 08 20:21:29 +0000 2021	46	3	@Gus_Noriega Los tests tienen bastante de endógeno porque responden a la gente que presenta síntomas. Lo importante sería separar eso de los cambios reales de testeo y no es nada fácil.	https://twitter.com/plenque/status/1380254492961169410	[]
plenque	Thu Apr 08 20:00:48 +0000 2021	2	0	@PabloRichly qué fenómeno... me hizo llorar de risa	https://twitter.com/plenque/status/1380249287158853633	[]
plenque	Thu Apr 08 16:23:38 +0000 2021	1	0	@ndchiariello @mschuliaquer @rquiroga777 @mmbarrionuevo @SantiOlsze Te queda así. https://t.co/skb7ItrOFw	https://twitter.com/plenque/status/1380194633473519618	[]
plenque	Thu Apr 08 16:01:27 +0000 2021	3	0	@AndresKloster @gsvarzman @mschuliaquer @rquiroga777 @mmbarrionuevo @SantiOlsze Ese es uno de los componentes. Después tenés migraciones y no se cuántos líos más. Capaz que @octaviobramajo puede ayudar.	https://twitter.com/plenque/status/1380189054176788480	[]
plenque	Thu Apr 08 15:53:42 +0000 2021	4	0	@gsvarzman @mschuliaquer @rquiroga777 @mmbarrionuevo @SantiOlsze Ojo que estamos comparando con la población proyectada y no con padrones. Puede variar, pero no ser la mitad. También supongo que podría incidir lo de los médicos, pasa que puse la única respuesta oficial que leí.	https://twitter.com/plenque/status/1380187101027827717	[]
plenque	Thu Apr 08 15:48:29 +0000 2021	6	0	@mschuliaquer @rquiroga777 @mmbarrionuevo @SantiOlsze La única explicación oficial que leí fue de autoridades de Santa Fe que indican que las personas de esa edad no pueden anotarse y no necesariamente tienen quien los asista. Es un gran problema si es así.	https://twitter.com/plenque/status/1380185790022574082	[]
plenque	Thu Apr 08 13:28:10 +0000 2021	0	0	"@AleNasser Lo más más fácil para el que programa es abrir el debugger del browser y mirar el pedido cuando le das a ""Agregar datos"". Ahí está la URL del pedido con la info bastante simple de mirar en JSON."	https://twitter.com/plenque/status/1380150475736104965	[]
plenque	Thu Apr 08 11:35:38 +0000 2021	1	0	@Julian98022576 @RagnarToallin Un poco sí. Pasa que los 80+ son muy poquitos en comparación. https://t.co/wXcX3Tg95R	https://twitter.com/plenque/status/1380122158626529282	[]
plenque	Thu Apr 08 02:45:05 +0000 2021	1	0	@anaradoblep 🤗	https://twitter.com/plenque/status/1379988640663748611	[]
plenque	Thu Apr 08 02:23:50 +0000 2021	11	0	@anaradoblep Fuerza que cada vez falta menos. Y me dijeron que la angustia marida muy bien con helado de dulce de leche.	https://twitter.com/plenque/status/1379983290837389313	[]
plenque	Thu Apr 08 02:20:59 +0000 2021	1	0	@Gaviot_70 En ese tuit está la tablita. Por lo general son los resultados que obtuvieron los laboratorios entre 2 y 3 días antes. No hay mucha demora en la carga de casos.	https://twitter.com/plenque/status/1379982576866226176	[]
plenque	Thu Apr 08 02:06:09 +0000 2021	1	0	@bjsaenz_ @maaadpchrl ¡Debería! Pero me da demasiada fiaca incluso sabiendo todo lo que me ahorraría.	https://twitter.com/plenque/status/1379978842346037249	[]
plenque	Thu Apr 08 02:05:23 +0000 2021	0	0	"@AleNasser Sí, se puede filtrar por edad. No conozco ningún otro que publique microdatos con ese detalle. Te paso un ejemplo de cómo dejar los filtros y luego darle a ""Agregar datos"". Después elegís la métrica (casos, fallecidos, etc.) y le das a ""Agregar métrica"". https://t.co/4UcwLP1epk"	https://twitter.com/plenque/status/1379978649194143747	[]
plenque	Thu Apr 08 02:02:53 +0000 2021	1	0	@bjsaenz_ @maaadpchrl jajaja... yo lo puse parecido: https://t.co/NosjfjDi8y	https://twitter.com/plenque/status/1379978018970550272	[]
plenque	Thu Apr 08 01:41:58 +0000 2021	3	0	@EcoLedesma @RagnarToallin Sí, totalmente, yo estoy pensando Arg en su situación actual nomás. También entra en juego cuánto puedas aguantar la economía. La verdad que no me gustaría estar en los zapatos del que toma en serio la decisión.	https://twitter.com/plenque/status/1379972758071881730	[]
plenque	Thu Apr 08 01:30:21 +0000 2021	3	0	@RagnarToallin Sí, y un poco también el tiempo que demores. &gt;= 60 tenés 7.130.382 personas. 20 a 59 son 23.692.191.	https://twitter.com/plenque/status/1379969832712568832	[]
plenque	Thu Apr 08 01:25:23 +0000 2021	6	0	@RagnarToallin Es que los que se mueran van a ser siempre poquitos en comparación e igual vas a tardar un montón porque son muchos. Mirá la pirámide de fallecidos COVID por millón en Arg. https://t.co/PxzKIxQVNw	https://twitter.com/plenque/status/1379968584886145029	[]
plenque	Thu Apr 08 01:23:15 +0000 2021	0	0	@AleNasser ¡Alo señor! Acá en Argentina no publicaron nada, pero en México sí. No sé si servirán de otro país, pero se pueden chusmear en el sitio: https://t.co/VU50xt5xhF	https://twitter.com/plenque/status/1379968045569937409	[]
plenque	Thu Apr 08 01:19:06 +0000 2021	2	0	@EcoLedesma @RagnarToallin La verdad que no sigo las estrategias, pero si ya partís de que te faltan vacunas no te deja muchas opciones.	https://twitter.com/plenque/status/1379967002257805316	[]
plenque	Thu Apr 08 01:17:04 +0000 2021	1	0	@maaadpchrl En el dataset no están todos todos, pero viendo los que salen ahí son muchos más. https://t.co/Dtu6LCy17d	https://twitter.com/plenque/status/1379966490003263496	[]
plenque	Thu Apr 08 01:15:58 +0000 2021	2	0	@CancionLogica Ojalá supiera... 😭	https://twitter.com/plenque/status/1379966211828690946	[]
plenque	Thu Apr 08 01:08:23 +0000 2021	8	0	@RagnarToallin El riesgo aumenta exponencialmente con la edad y los de edad productiva son muchísimos más que los de arriba de la pirámide. Necesitás muchas más vacunas para lograr algo.	https://twitter.com/plenque/status/1379964305907531779	[]
plenque	Thu Apr 08 01:04:19 +0000 2021	40	6	"Diferencias en el dataset de hoy 07/04 para Argentina. Son 22113 nuevos casos confirmados (22039 neto) y 199 fallecidos (198 neto).

https://t.co/YIja6XLTv9 https://t.co/kIYivqAINb"	https://twitter.com/plenque/status/1379963281679511558	[]
plenque	Thu Apr 08 01:01:49 +0000 2021	1	0	@CarlosKabeza1 @TajerAndres CABA es la única jurisdicción que publica datos de llamadas telefónicas y UFU (o equivalente). Del resto del país, de lo que sale en ese gráfico, solo tenemos la positividad.	https://twitter.com/plenque/status/1379962652345122817	[]
plenque	Thu Apr 08 00:55:16 +0000 2021	2	0	"@lausalas_ 1. Le das a ""Agregar datos"".
2. En ""Métrica"" ponés ""Diagnósticos"".
3. Clickeás ""Agregar métrica"".
Fijate que hay muchas opciones, pero eso es lo básico."	https://twitter.com/plenque/status/1379961002872209408	[]
plenque	Thu Apr 08 00:55:00 +0000 2021	1	0	@lausalas_ En el dataset nunca suman los que informan en la web porque hay descartados que van por otro camino. La única forma en el sitio es con el explorador, que tiene sus vueltas: https://t.co/VU50xt5xhF	https://twitter.com/plenque/status/1379960935293591552	[]
plenque	Thu Apr 08 00:42:39 +0000 2021	1	0	"@RGlavinich @jrncolon Acá podés filtrar la provincia para ver la pirámide: https://t.co/W2UENp2fDg

Un gráfico como el que puse de CABA se puede armar en el explorador con un poco de maña:  https://t.co/VU50xt5xhF"	https://twitter.com/plenque/status/1379957829675679746	[]
plenque	Wed Apr 07 22:17:24 +0000 2021	0	0	@MgigB @PabloRichly @oscaratienza @rquiroga777 Más allá de que no hay chantas copiados, no creo que desenmascares a nadie publicando algo con limitaciones demasiado evidentes. Pero adelante si creés que conseguís algo.	https://twitter.com/plenque/status/1379921276828016640	[]
plenque	Wed Apr 07 21:50:46 +0000 2021	0	0	@MgigB @PabloRichly @oscaratienza @rquiroga777 No sé con quién discutías, pero me permito una recomendación: la mejor forma de acallar charlatanes es con argumentos sólidos. Mejor es aceptar las limitaciones y no reaccionar si te las indican. Los charlatanes no se convencen con RT y likes.	https://twitter.com/plenque/status/1379914571587158023	[]
plenque	Wed Apr 07 21:36:32 +0000 2021	0	0	@MgigB @PabloRichly @oscaratienza @rquiroga777 Sin ánimo de faltar el respeto, me parece que agregar comentarios como este al publicar los números es una invitación de decirte que estás comparando peras con manzanas. Vos mismo reconocés ahora las limitaciones. https://t.co/ILJJAHSI1E	https://twitter.com/plenque/status/1379910993283837961	[]
plenque	Wed Apr 07 21:24:30 +0000 2021	2	0	@MgigB @PabloRichly @oscaratienza @rquiroga777 ¿Que no sean perfectos para corregir es equivalente a que no debamos corregir? Cambió todo y hablar de crecimiento de casos a secas no dice mucho. Si se te ocurre otra manera de corregir buenísimo, pero el punto de intentar no comparar peras con manzanas se sostiene.	https://twitter.com/plenque/status/1379907964044185601	[]
plenque	Wed Apr 07 20:46:31 +0000 2021	19	1	No sé bien cómo llega al número ese exacto. Esta es la tabla de ayer (la publico todos los días). https://t.co/zlOQNf0uGa	https://twitter.com/plenque/status/1379898404470460420	[]
plenque	Wed Apr 07 20:38:35 +0000 2021	51	9	"Esto es así desde que empezó la pandemia. Normalmente el grueso de los casos son del día anterior y ayer fue bastante parecido.

https://t.co/7RLIraRec9 https://t.co/TP3ecWQxeD"	https://twitter.com/plenque/status/1379896409500049408	[]
plenque	Wed Apr 07 19:15:24 +0000 2021	1	0	@PabloRichly https://t.co/6xF2xFndGB	https://twitter.com/plenque/status/1379875472230715392	[]
plenque	Wed Apr 07 19:11:13 +0000 2021	2	0	@PabloRichly Me pone enormemente contento salvo por todos los informes que tendría que modificar.	https://twitter.com/plenque/status/1379874420118917121	[]
plenque	Wed Apr 07 19:06:00 +0000 2021	0	0	@TajerAndres vaffanculo... que te defienda magolla!	https://twitter.com/plenque/status/1379873110397190151	[]
plenque	Wed Apr 07 18:15:05 +0000 2021	4	0	@TajerAndres Sería más fácil si tuiter no se quedara siempre con la peor versión del prójimo. Hay que poner un poquito de ganas.	https://twitter.com/plenque/status/1379860296135806978	[]
plenque	Wed Apr 07 17:39:18 +0000 2021	11	0	@rskiadaressis Te lo dejo para futuros usos https://t.co/laOgj79WtF	https://twitter.com/plenque/status/1379851288318517250	[]
plenque	Wed Apr 07 16:55:16 +0000 2021	1	0	@SergioFelperin 701085 hasta hace un rato. Muy poquito. Acá podés jugar para ver los números: https://t.co/W2UENp2fDg	https://twitter.com/plenque/status/1379840208280170501	[]
plenque	Wed Apr 07 15:52:33 +0000 2021	6	0	@SergioFelperin Sisi, quedó chiquito en la leyenda. La segunda viene difícil. Esto es CABA. https://t.co/lmQc78Q7Dm	https://twitter.com/plenque/status/1379824424879337485	[]
plenque	Wed Apr 07 15:48:46 +0000 2021	11	1	A nivel país ambos grupos se solapan. https://t.co/bj5LbC5GdI https://t.co/QZ6BTJxP7k	https://twitter.com/plenque/status/1379823474932396037	[]
plenque	Wed Apr 07 14:43:18 +0000 2021	6	0	@ndchiariello Es un fenómeno nacional complejo. Parece que no van o no pueden ir a vacunarse. Llegó al ~70% y se planchó. https://t.co/WERcCMvUx4	https://twitter.com/plenque/status/1379806997613252609	[]
plenque	Wed Apr 07 14:30:22 +0000 2021	1	0	@jrncolon Se solaparon un poco ambos grupos. https://t.co/8XUj5vVS6v	https://twitter.com/plenque/status/1379803744548831232	[]
plenque	Wed Apr 07 14:27:00 +0000 2021	38	7	"En el avance diario se ve como una ""montaña"" reemplaza la otra. https://t.co/knFBdb9ohA"	https://twitter.com/plenque/status/1379802896959746051	[]
plenque	Wed Apr 07 14:24:36 +0000 2021	171	46	El avance de la franja 70-79 en la vacunación de CABA ya permite ver el resultado de priorizar por edad. 80-89 está en +90% mientras que 70-79 sube muy rápido. https://t.co/FTmZuH8p0B	https://twitter.com/plenque/status/1379802291138609152	[]
plenque	Wed Apr 07 12:52:27 +0000 2021	19	0	@lucasllach Sí, y también de las campañas de concientización y del lugar en que esté el foco de la enfermedad con sus aspectos socioeconómicos. A eso sumale los operativos de turismo, docentes, etc. Es muy difícil comparar bien.	https://twitter.com/plenque/status/1379779100844380166	[]
plenque	Wed Apr 07 01:47:44 +0000 2021	2	0	"@Awesome13008420 Por fecha de diagnóstico sería esto. Fijate que los gráficos tienen una lupita para hacer zoom.

https://t.co/NbpXmpfZLt"	https://twitter.com/plenque/status/1379611818017091584	[]
plenque	Wed Apr 07 01:23:25 +0000 2021	4	1	@erisliberta @rominamanguel En total tenés como 12/13 días entre contagio y que sale en el reporte diario. El tiempo biológico hasta que se manifiestan síntomas es aprox. 5 días.	https://twitter.com/plenque/status/1379605699190210562	[]
plenque	Wed Apr 07 00:54:20 +0000 2021	35	9	"Diferencias en el dataset de hoy 06/04 para Argentina. Son 20924 nuevos casos confirmados (20871 neto) y 163 fallecidos.

https://t.co/NMYu0KNGKa https://t.co/9dz657qNLi"	https://twitter.com/plenque/status/1379598379756498944	[]
plenque	Wed Apr 07 00:24:38 +0000 2021	2	0	@MgigB @PabloRichly @oscaratienza @rquiroga777 Todos más o menos sabemos que la apertura aumenta la prevalencia de otras enfermedades con síntomas cruzados. El testeo puede ser endógeno, pero si cambia el contexto no podemos dar nada por sentado. Esa trampa de complejidad exige prudencia.	https://twitter.com/plenque/status/1379590909193519109	[]
plenque	Wed Apr 07 00:15:24 +0000 2021	1	0	@ceci_neo Sí, son los que salen en el reporte diario del GCBA.	https://twitter.com/plenque/status/1379588585108688902	[]
plenque	Wed Apr 07 00:00:13 +0000 2021	25	0	@JSchmukler @decimononnica Gracias, pero me da un poco de pudor estar en una lista en la que figura @fedetiberti . Es otra liga.	https://twitter.com/plenque/status/1379584762474598401	[]
plenque	Tue Apr 06 23:54:25 +0000 2021	3	0	@decimononnica ¡Gracias!! 🙏	https://twitter.com/plenque/status/1379583301996969990	[]
plenque	Tue Apr 06 21:17:10 +0000 2021	2	0	@juvbeneguista Es la definición de quién se testea. Si vos testeás asintomáticos la positividad cae, si decidís no hacerlo es otra cosa.	https://twitter.com/plenque/status/1379543728935862275	[]
plenque	Tue Apr 06 21:13:35 +0000 2021	35	8	"Los casos no son comparables y ni siquiera estoy seguro de que la positividad lo sea (cambió la definición de sospechoso al menos en CABA), pero hay lugares del conurbano en que ya reportan valores arriba del 55%.

https://t.co/spCjro8iDj https://t.co/EHXWKmR4qx"	https://twitter.com/plenque/status/1379542827298922499	[]
plenque	Tue Apr 06 21:05:23 +0000 2021	7	0	@dfejgelis @mariaFFreijo Sería la positividad. Como el reporte de datos no es bueno y la definición de sospechoso fue cambiando, más que tomar valores yo miraría los cambios de tendencia. Acá pueden ir viendo para todo el país: https://t.co/IwI3Cs7JnF	https://twitter.com/plenque/status/1379540762409508866	[]
plenque	Tue Apr 06 17:29:09 +0000 2021	3	0	@Crst_C @octaviobramajo Hay que tomar riesgos. El tema es criticar con fervor (para el lado proactivo o lo contrario, da igual) cuando es un contexto de incertidumbre. Baglini predijo Tuiter.	https://twitter.com/plenque/status/1379486346335686658	[]
plenque	Tue Apr 06 17:24:52 +0000 2021	12	0	@ltornarolli La posta es quedarse en casa negando la pandemia. Así dejás a todos contentos.	https://twitter.com/plenque/status/1379485268462436353	[]
plenque	Tue Apr 06 17:24:01 +0000 2021	3	0	@solantropo ¿UTI? Recién empieza. No me arriesgaría porque las condiciones no son las mismas en muchos sentidos. Tampoco tenemos datos de conurbano que necesariamente impacta. Es demasiado difícil.	https://twitter.com/plenque/status/1379485057585385474	[]
plenque	Tue Apr 06 17:15:17 +0000 2021	210	33	Después de tanto tiempo me resulta increíble que alguien piense que lo que funcionó en un lugar necesariamente sirva para otro. No hablo de las medidas sino de sus resultados. Hablamos de fenómenos multicausales bastante caóticos. Hay una sola medida universal: vacunar.	https://twitter.com/plenque/status/1379482857517809667	[]
plenque	Tue Apr 06 16:46:46 +0000 2021	4	0	"@UnTopo73 La ocupación UTI que reportan, en teoría, es en tiempo real. No creo que el gráfico que pasé sirva para meter miedo. Lo que grafico es exactamente la evolución del apartado ""Camas ocupadas""."	https://twitter.com/plenque/status/1379475680702955521	[]
plenque	Tue Apr 06 16:06:55 +0000 2021	3	2	@fromthewest86 Tal cual. Es el momento en que empieza a desacelerar, pero si venís a 300km/h obviamente tarda. Tiene como un año, pero este artículo fue el que más me aclaró de números por si te interesa: https://t.co/PPMqHDWIus	https://twitter.com/plenque/status/1379465654558986246	[]
plenque	Tue Apr 06 16:00:29 +0000 2021	16	1	Esto es sector público. No se comparte info del sector privado.	https://twitter.com/plenque/status/1379464032663572485	[]
plenque	Tue Apr 06 16:00:05 +0000 2021	2	0	@Mstaaravin Público. Debería haber aclarado, gracias por la pregunta. No publican info del sector privado.	https://twitter.com/plenque/status/1379463933992525826	[]
plenque	Tue Apr 06 15:54:32 +0000 2021	58	8	Eel dataset de reporte diario de CABA incluye los pacientes con respirador. Todavía estamos lejos de los peores momentos del año pasado, pero la suba parece ser rápida. https://t.co/zgoKhsYMUI	https://twitter.com/plenque/status/1379462538228809730	[]
plenque	Tue Apr 06 15:46:36 +0000 2021	3	1	@danytripoli Yo lo vi acá, ¿no está en la web? https://t.co/IbOfw2ECHi	https://twitter.com/plenque/status/1379460541933043716	[]
plenque	Tue Apr 06 15:36:14 +0000 2021	19	0	El día de ayer ese proceso se habría ejecutado para los días 23, 24 y 25 de marzo así que fue con una demora de entre 11 y 13 días. Es probable que sigamos con algunos días de alta carga que se sumará a la probable suba que cause el aumento de contagio. https://t.co/ZCXBfUeH4n	https://twitter.com/plenque/status/1379457932170035202	[]
plenque	Tue Apr 06 15:36:13 +0000 2021	29	3	Desde hace ya tiempo se hace un cruce automático de base de datos en la PBA para el reporte de fallecidos. En este gráfico podemos ver que normalmente, para cada día, se ejecuta para los decesos ocurridos entre 7 y 10 días antes. https://t.co/IfDYdZW6w7	https://twitter.com/plenque/status/1379457924989394944	[]
plenque	Tue Apr 06 14:23:39 +0000 2021	2	0	@juanif__ @rusosnith @aguirrejuani_ En el explorador se puede investigar mucho más de lo que me da mi tiempo. El resto del sitio tiene información relativamente masticada, pero ahí se descubren cosas en serio.	https://twitter.com/plenque/status/1379439663660855303	[]
plenque	Tue Apr 06 13:01:55 +0000 2021	15	0	@cingolani_oscar ¿Tiene mayor letalidad o genera más mortalidad por ser más contagiosa? A veces no me queda claro de lo que leo en la prensa. Es todo un lío.	https://twitter.com/plenque/status/1379419094563352582	[]
plenque	Tue Apr 06 11:48:49 +0000 2021	3	0	@fromthewest86 En general nadie contempla el overshooting. Podés pasarte por mucho del umbral teórico.	https://twitter.com/plenque/status/1379400698903810050	[]
plenque	Tue Apr 06 01:11:21 +0000 2021	5	0	@drpablocorral @nperezbalino @foxmackalister @curcicastro @cragut @bmj_latest @NatureNews Esta nota, apta para legos como yo, me hizo entender el potencial. Va un paso más allá todavía. https://t.co/5WH0rlQMrl	https://twitter.com/plenque/status/1379240274745028608	[]
plenque	Tue Apr 06 00:43:36 +0000 2021	20	0	Por desgracia, los fallecidos tuvieron menos demora de la que esperaba cuando vi el número.	https://twitter.com/plenque/status/1379233291820277761	[]
plenque	Tue Apr 06 00:42:30 +0000 2021	35	6	"Diferencias en el dataset de hoy 05/04 para Argentina. Son 13709 nuevos casos confirmados (13667 neto) y 272 fallecidos.

https://t.co/C4GuYZnQS9 https://t.co/piJnwmv6Cw"	https://twitter.com/plenque/status/1379233016032165889	[]
plenque	Mon Apr 05 14:32:14 +0000 2021	6	0	@alefolgarait @CuantasVacunas Es porque va en orden. Los últimos días empezó a subir 70-79 y esperemos que siga así.	https://twitter.com/plenque/status/1379079438244188168	[]
plenque	Mon Apr 05 13:34:07 +0000 2021	11	2	A diferencia del verano, por motivos obvios, casi no hubo positivos en Ezeiza. La mayoría estuvieron en La Rural y Aeroparque. https://t.co/6ArTlzujSV	https://twitter.com/plenque/status/1379064811338801153	[]
plenque	Mon Apr 05 13:34:05 +0000 2021	17	2	Al igual que en el verano, al analizar por grupos etarios se ve que la mayoría de los positivos fueron jóvenes con el grupo 20-29 primero, pero cerca están 12-19 (no se testea a los chiquitos) y 30-39. https://t.co/SAg8pP86te	https://twitter.com/plenque/status/1379064804518809604	[]
plenque	Mon Apr 05 13:34:04 +0000 2021	36	5	Los positivos del operativo turismo de CABA informados en semana santa alcanzaron niveles similares a los del verano. Es interesante notar que la suba arrancó incluso antes del feriado. https://t.co/JaBAy2TzDY	https://twitter.com/plenque/status/1379064797334011910	[]
plenque	Mon Apr 05 13:01:26 +0000 2021	2	0	@rquiroga777 Gracias. Agregué las variables del reporte diario que me parecieron interesantes, pero no todas porque son un montón. Voy agregando las que me piden.	https://twitter.com/plenque/status/1379056585960472577	[]
plenque	Mon Apr 05 12:41:42 +0000 2021	5	1	@rquiroga777 Justo recién saqué el gráfico: https://t.co/iB4MKJYC00	https://twitter.com/plenque/status/1379051621456486404	[]
plenque	Mon Apr 05 12:30:26 +0000 2021	1	0	@GabyBrusotti Pero en el verano también subió fuera de CABA donde no se testea asintomáticos. Coincido en que lo de ahora es muy distinto, pero algo pasó en el verano.	https://twitter.com/plenque/status/1379048785897197569	[]
plenque	Mon Apr 05 12:25:25 +0000 2021	4	0	@jorgrandinetti Depende del momento. Tuve oportunidad de ver una foto que pasaron a la prensa y así fue durante el verano, pero no tanto en el invierno. También depende del lugar en que se focaliza el contagio que fue cambiando.	https://twitter.com/plenque/status/1379047520995835908	[]
plenque	Mon Apr 05 12:16:06 +0000 2021	41	4	Creo que ya deberíamos tener datos abiertos a nivel nacional con esta información.	https://twitter.com/plenque/status/1379045178862931968	[]
plenque	Mon Apr 05 12:16:05 +0000 2021	90	26	Parecería empezar a notarse impacto del incremento de contagio en los pacientes graves del sistema público de CABA. En diciembre / enero, el incrementó derivó en más pacientes leves y moderados, pero no tanto en graves. https://t.co/CHBJOZkfKN	https://twitter.com/plenque/status/1379045175104770055	[]
plenque	Mon Apr 05 02:28:35 +0000 2021	8	1	@SergioFelperin @fromthewest86 País sin CABA anda en 32% (semanal). Lo que pasa es que ahora CABA testea asintomáticos y la tira para abajo: 20% (siempre semanal).	https://twitter.com/plenque/status/1378897325620408324	[]
plenque	Mon Apr 05 01:07:44 +0000 2021	2	0	@MaVero1986 Sí, los casos tienen todos los datos. Podés investigarlo en el sitio (con un poco de maña) o en la semana seguro algo posteo.	https://twitter.com/plenque/status/1378876977692733444	[]
plenque	Mon Apr 05 00:42:48 +0000 2021	32	7	"Diferencias en el dataset de hoy 04/04 para Argentina. Son 9979 nuevos casos confirmados (9954 neto) y 93 fallecidos.

https://t.co/ALsj2hVHwR https://t.co/OGmZ4tRiwf"	https://twitter.com/plenque/status/1378870702594535427	[]
plenque	Sun Apr 04 23:55:40 +0000 2021	2	0	@rusosnith Se actualiza en un momento indeterminado entre las 0030 y las 900. Mí voluntad no llegó a tanto como para rastrearlo más. Igual si te fijás ahora en el explorador tenés los datos hasta ayer.	https://twitter.com/plenque/status/1378858839978696706	[]
plenque	Sun Apr 04 23:51:30 +0000 2021	5	0	@rusosnith Veremos qué sale mañana el dataset de CABA	https://twitter.com/plenque/status/1378857794305208331	[]
plenque	Sun Apr 04 23:47:35 +0000 2021	3	0	@PabloRichly @Epi_Net Sí, están, pero no todos. Los tests que anuncian son un poquito más de los que salen en la base. Le atribuyo la diferencia a un reporte rápido de descartados que anunciaron hace algunos meses y nunca abrieron datos.	https://twitter.com/plenque/status/1378856806500433928	[]
plenque	Sun Apr 04 18:47:23 +0000 2021	6	0	@Alegutierrez79 @norabar Te dejo la tablita que se publica diariamente: https://t.co/hsR1SpSU1E	https://twitter.com/plenque/status/1378781258931695620	[]
plenque	Sun Apr 04 15:56:36 +0000 2021	6	0	@pricatti Un secreto a voces	https://twitter.com/plenque/status/1378738279881846788	[]
plenque	Sun Apr 04 12:49:19 +0000 2021	1	0	@RobertoAKatz Blanco y negro no hay nada, pero casi todos los que venimos viendo los números esperábamos la suba por estas fechas. Al menos en este país se notó un efecto estacional. Cuánto aportan las clases es difícil de saber sin tener info mucho más detallada que solo tiene el gobierno.	https://twitter.com/plenque/status/1378691148760375300	[]
plenque	Sun Apr 04 01:35:11 +0000 2021	3	0	@srodriguezrey @fedetiberti https://t.co/Vs86vCACZg	https://twitter.com/plenque/status/1378521497954844673	[]
plenque	Sun Apr 04 00:42:44 +0000 2021	23	7	"Diferencias en el dataset de hoy 03/04 para Argentina. Son 10402 nuevos casos confirmados (10384 neto) y 83 fallecidos.

https://t.co/9PahY7vYUc https://t.co/Nx6VwfFMRU"	https://twitter.com/plenque/status/1378508300350787586	[]
plenque	Sat Apr 03 19:38:08 +0000 2021	0	0	@exequielmaldo @martintetaz No vi info de Argentina	https://twitter.com/plenque/status/1378431643703242752	[]
plenque	Sat Apr 03 19:29:03 +0000 2021	11	0	@martintetaz contagiado sintomático	https://twitter.com/plenque/status/1378429358570897408	[]
plenque	Sat Apr 03 18:53:19 +0000 2021	2	0	@MenendezPepe @rquiroga777 No sé si es la mayoría. Nos faltan muchos datos para poder sacar conclusiones. A mi me gustaría poder dividirlo por tipo de vacuna. Un ID que vincule ambos datasets sería la gloria.	https://twitter.com/plenque/status/1378420363516899328	[]
plenque	Sat Apr 03 18:34:05 +0000 2021	2	0	@Nicolas_Ajz @franarroyo89 No hay datos para transmisión asintomática, entonces el vacunado se tiene que cuidar lo mismo para no contagiar. Resultado: ensalada.	https://twitter.com/plenque/status/1378415524158267397	[]
plenque	Sat Apr 03 18:28:59 +0000 2021	4	0	@MenendezPepe @rquiroga777 Lo mismo pensé. No hay indicación temporal así que es imposible de saber, pero el grueso de las vacunas se dio más bien recientemente con los casos subiendo así que puede ser eso.	https://twitter.com/plenque/status/1378414242597076992	[]
plenque	Sat Apr 03 18:26:16 +0000 2021	1	0	@juvbeneguista @fedetiberti Sí, claro, solo ellos pueden hacerlo al menos hasta ahora. La ficha del SISA tiene todo.	https://twitter.com/plenque/status/1378413558438957059	[]
plenque	Sat Apr 03 18:20:23 +0000 2021	4	0	"@juvbeneguista @fedetiberti Hay una base públlica de vacunados, pero ojalá se pudiera cruzar con la de casos. Eso por ahora no se puede.

https://t.co/R0gsKqrtLb"	https://twitter.com/plenque/status/1378412075228278792	[]
plenque	Sat Apr 03 17:46:29 +0000 2021	4	0	@palamago @data__coso @INDECArgentina Acá tenés un poco más de detalle, pero solo hasta 2018: https://t.co/id6y2Yl7kU	https://twitter.com/plenque/status/1378403543959416839	[]
plenque	Sat Apr 03 14:19:17 +0000 2021	3	0	@rusosnith @PabloRichly @cragut @yaUle17 Peor que los papelones es la desconfianza. Qué pena.	https://twitter.com/plenque/status/1378351403714895876	[]
plenque	Sat Apr 03 13:22:24 +0000 2021	2	0	@rusosnith @Nicolas_Ajz @ivokutzarida @tcalderon92 Y encima los endpoints entre las distintas vacunas no son necesariamente comparables así que la efectividad no es tan fácil de leer.	https://twitter.com/plenque/status/1378337087062167552	[]
plenque	Sat Apr 03 01:32:30 +0000 2021	3	0	@choosenombre Todas las noches el MSAL publica una foto de la base de datos con la que se registran casos confirmados y defunciones. Ese vuelco de información se llama dataset. Lo proceso y computo diferencias que normalmente son casi iguales al reporte vespertino.	https://twitter.com/plenque/status/1378158434663727109	[]
plenque	Sat Apr 03 01:29:48 +0000 2021	24	4	"Diferencias en el dataset de hoy 02/04 para Argentina. Son 9925 nuevos casos confirmados (9902 neto) y 82 fallecidos.

https://t.co/V5zxGkyig3 https://t.co/pb5sW7kVbX"	https://twitter.com/plenque/status/1378157756792848388	[]
plenque	Sat Apr 03 01:08:51 +0000 2021	0	0	"@CamiloGordonabo Van los pasos:
1. Entrás acá: https://t.co/VU50xt5xhF
2. Seleccionás ""Vacunados Argentina"".
3. Clickeás ""Agregar datos"".
4. En métricas elegís ""Aplicaciones de vacunas"".
5. Clickeás ""Agregar métrica"".
6. Ponés fecha desde 25/12/2020 y le das a ""Filtrar"".

Ese es el mismo. https://t.co/jB822o1dPf"	https://twitter.com/plenque/status/1378152483147632641	[]
plenque	Sat Apr 03 01:05:13 +0000 2021	1	0	@Ardase_ Certezas no tenemos, pero si me preguntabas en noviembre del año pasado ya te decía que por esta época subirían los contagios. Al menos en este país se manifestó claramente una suerte de estacionalidad.	https://twitter.com/plenque/status/1378151567468138498	[]
plenque	Sat Apr 03 00:28:19 +0000 2021	0	0	@CamiloGordonabo El gráfico que está a la izquierda en el monitor es por fecha real de aplicación. Ese lo podés sacar en el Explorador únicamente. En la página de vacunados solo están por fecha de reporte que es lo que teníamos antes de que abran los datos. En breve la despublico.	https://twitter.com/plenque/status/1378142283179175945	[]
plenque	Sat Apr 03 00:05:49 +0000 2021	0	0	@CamiloGordonabo En el sitio tengo datos de las tres fuentes publicadas hasta ahora. Normalmente las variaciones son por el horario de corte. El monitor lo hace a las 6 y las 18 aprox.	https://twitter.com/plenque/status/1378136621447585793	[]
plenque	Fri Apr 02 22:28:46 +0000 2021	4	0	@fromthewest86 @jpjviro @alefolgarait ¡Despacio despacio que para el resto de los mortales esto es chino!	https://twitter.com/plenque/status/1378112198954917892	[]
plenque	Fri Apr 02 20:02:21 +0000 2021	1	0	@fmendiguren Me tienen cagando!	https://twitter.com/plenque/status/1378075348143849476	[]
plenque	Fri Apr 02 20:00:42 +0000 2021	2	0	@fmendiguren Gracias.... tampoco exageremos que son datos públicos!	https://twitter.com/plenque/status/1378074936116449291	[]
plenque	Fri Apr 02 19:31:40 +0000 2021	3	0	@gustocol La historia se está escribiendo. En las olas que vi en otros países al principio el contagio eran jóvenes. Ojalá no llegue a gente mayor u ocurra cuando ya haya suficientes vacunados, pero no creo que se pueda anticipar fácilmente.	https://twitter.com/plenque/status/1378067627696873484	[]
plenque	Fri Apr 02 19:20:58 +0000 2021	8	0	@pgerchunoff Ojalá sea pronto.	https://twitter.com/plenque/status/1378064933879943172	[]
plenque	Fri Apr 02 19:18:11 +0000 2021	3	0	@gustocol Existe lag entre los casos y los ingresos a terapia así que es pronto como para sacar conclusiones. Estos son los pacientes graves que reporta CABA. https://t.co/3LqWhL1o9e	https://twitter.com/plenque/status/1378064235490643974	[]
plenque	Fri Apr 02 16:27:44 +0000 2021	2	0	@epulv Esos vienen después. Esperemos que el efecto edades vacunación o algo hagan que sean los menos posibles.	https://twitter.com/plenque/status/1378021340784041984	[]
plenque	Fri Apr 02 15:36:06 +0000 2021	4	0	@JulianIBurgo @martintetaz La positividad la tiene implícitamente. El testeo parece haber mejorado bastante y por eso digo que los números no son comparables.	https://twitter.com/plenque/status/1378008346205302789	[]
plenque	Fri Apr 02 15:35:02 +0000 2021	0	0	@DDGALLIANO No encontré los datos de los indicadores para más jurisdicciones. De los que están ahí solo positividad.	https://twitter.com/plenque/status/1378008077732040705	[]
plenque	Fri Apr 02 15:06:32 +0000 2021	4	0	"@elhipernauta Ojo que no es tan fácil verla en vivo. Algunas curvas se van armando para atrás y otras tienen ruido por eventos particulares. Igual todos medio que esperábamos el efecto ""estacionalidad"""	https://twitter.com/plenque/status/1378000903257620481	[]
plenque	Fri Apr 02 14:37:28 +0000 2021	4	0	@Anarco_Gorila Solo en el dataset de CABA y muy poco. Esa información es difícil de publicar al detalle sin riesgo de violar privacidad.	https://twitter.com/plenque/status/1377993592145379328	[]
plenque	Fri Apr 02 14:36:52 +0000 2021	35	2	@martintetaz Sí, pero los indicadores no son comparables. Ahora tenés testeo de asintomáticos (turismo, docentes, etc.) que te cambian la positividad. Antes no tenías tantos llamados ni UFU. Por eso agarré datos recientes. No sé si se puede hacer algo comparable sin más datos. https://t.co/auGhTGW2B7	https://twitter.com/plenque/status/1377993439460126720	[]
plenque	Fri Apr 02 14:34:36 +0000 2021	13	1	@morhijo De conurbano solo tenemos positividad. No hay datos abiertos de llamados o UFU (o equivalente) que yo sepa.	https://twitter.com/plenque/status/1377992869760397318	[]
plenque	Fri Apr 02 14:30:12 +0000 2021	254	66	Disculpen la maraña de curvas y ejes, pero metí en un solo gráfico la mayoría los indicadores de CABA que suelo mirar además de los casos. No parecen dejar lugar a dudas. https://t.co/VD0BvAPvLy	https://twitter.com/plenque/status/1377991760450838528	[]
plenque	Fri Apr 02 01:22:05 +0000 2021	0	0	@SergioFelperin @gonzalovazquez @wrameerez @valenzine @iplanliv Por ahora, jajaja... Ya va a ser un caño	https://twitter.com/plenque/status/1377793427027357700	[]
plenque	Fri Apr 02 01:20:32 +0000 2021	0	0	@gonzalovazquez @SergioFelperin @wrameerez @valenzine @iplanliv Ahora todos tienen fibra óptica menos yo 😭	https://twitter.com/plenque/status/1377793035359166465	[]
plenque	Fri Apr 02 01:11:33 +0000 2021	3	0	@joreze17 Hay un proceso automático de la PBA (el famoso cruce) que no se hace siempre. A veces pasan varios días. Nunca es confiable el dato de fallecidos diarios, por desgracia.	https://twitter.com/plenque/status/1377790776239919106	[]
plenque	Fri Apr 02 01:05:28 +0000 2021	35	3	"Diferencias en el dataset de hoy 01/04 para Argentina. Son 14466 nuevos casos confirmados (14433 neto) y 83 fallecidos.

https://t.co/NKzLnyax0g https://t.co/S6dTdUordk"	https://twitter.com/plenque/status/1377789243184054275	[]
plenque	Fri Apr 02 00:06:55 +0000 2021	0	0	@info_vacunas @Gus_Noriega @Janfitwitero @fedetiberti Claro... El criterio oficial con los datasets de la pandemia que vi hasta ahora es residencia y si no está aplicación / carga	https://twitter.com/plenque/status/1377774507872694275	[]
plenque	Fri Apr 02 00:02:22 +0000 2021	0	0	@info_vacunas @Gus_Noriega @Janfitwitero @fedetiberti Pasa que la población por lugar de aplicación no la sabés. Imagino que en CABA vas a superar el 100%	https://twitter.com/plenque/status/1377773365939802117	[]
plenque	Thu Apr 01 23:48:47 +0000 2021	1	0	@info_vacunas @Gus_Noriega @Janfitwitero @fedetiberti Eso es residencia y si no está aplicación que sería lo mismo que usa el monitor oficial. Se puede hacer el otro tb.	https://twitter.com/plenque/status/1377769947422720007	[]
plenque	Thu Apr 01 22:18:32 +0000 2021	0	0	@Epi_Net @ltornarolli Pero tenés 3/4 días entre resultado de diagnóstico y carga. El test se hace unos días después de la FIS. Ni siendo incubación automática llegás.	https://twitter.com/plenque/status/1377747235614683136	[]
plenque	Thu Apr 01 21:52:35 +0000 2021	2	0	@fmendiguren Genial	https://twitter.com/plenque/status/1377740701543374853	[]
plenque	Thu Apr 01 21:14:29 +0000 2021	0	0	@JuanitoCandanga Había de ambos e incluso saliva. Por desgracia nunca discriminaron en la data.	https://twitter.com/plenque/status/1377731114551377921	[]
plenque	Thu Apr 01 21:12:16 +0000 2021	0	0	@JuanitoCandanga Sí, no estoy seguro cómo, pero si hay disponibilidad deberían hacerlo fácil y rápido.	https://twitter.com/plenque/status/1377730555362545666	[]
plenque	Thu Apr 01 21:10:00 +0000 2021	3	0	@ltornarolli Si es por los contactos es más adelante, pero casi seguro que la semana próxima compensa.	https://twitter.com/plenque/status/1377729985469878273	[]
plenque	Thu Apr 01 21:06:16 +0000 2021	0	0	@mys1111 No conozco SARS, pero con covid no creo que sirva tanto porque es difícil de diagnosticar. No lo vi nunca igual.	https://twitter.com/plenque/status/1377729048583999491	[]
plenque	Thu Apr 01 21:04:39 +0000 2021	0	0	@JuanitoCandanga Sisisi... Bajó mucho el volumen, pero se sigue testeando turismo. Leí que esté finde aumentan disponibilidad de nuevo.	https://twitter.com/plenque/status/1377728639576510475	[]
plenque	Thu Apr 01 20:14:25 +0000 2021	2	0	@SergioFelperin @valenzine @iplanliv Entregue lo que entregue el proveedor, yo siempre pongo atrás un router para evitar hacerme mala sangre. Este me funciona 10 puntos: https://t.co/JYzR4Q3ngr	https://twitter.com/plenque/status/1377716000666361859	[]
plenque	Thu Apr 01 18:58:57 +0000 2021	0	0	@SergioFelperin @iplanliv @valenzine Está maravillado y yo profundamente envidioso. Pero claro, el amor es eterno mientras dura 😀	https://twitter.com/plenque/status/1377697007297515522	[]
plenque	Thu Apr 01 18:55:41 +0000 2021	0	0	@SergioFelperin @iplanliv Me vas a hacer llorar. Hace algo @valenzine !	https://twitter.com/plenque/status/1377696186879082501	[]
plenque	Thu Apr 01 18:20:54 +0000 2021	3	0	@uadlup Mejoramos. Con eso seguro deja de salir en el diccionario de uso.	https://twitter.com/plenque/status/1377687429734400008	[]
plenque	Thu Apr 01 18:02:54 +0000 2021	0	0	@Epi_Net @Atreyu25655805 No creo que pueda ayudar, pero yo apostaría por la gente de Marolio sin dudarlo.	https://twitter.com/plenque/status/1377682902528442375	[]
plenque	Thu Apr 01 17:31:08 +0000 2021	3	0	@Appleelperro @JSchmukler Y suponiendo que CABA hiciera todo bien (ni quiero entrar en esa discusión) es irrelevante epidemiológicamente. La mano de una avenida no dirige la epidemia.	https://twitter.com/plenque/status/1377674906188582912	[]
plenque	Thu Apr 01 17:28:30 +0000 2021	5	0	@Atreyu25655805 Sí, pero creo que los conocemos los que los buscamos. Todo ese conocimiento debería estar en la cabeza de todos como un jingle de la radio.	https://twitter.com/plenque/status/1377674244734193666	[]
plenque	Thu Apr 01 16:33:33 +0000 2021	4	0	@ernestorr @PabloRichly El punto para mi es discutible, pero la argumentación entre alguien que duda y alguien que está seguro es improductiva. La dejamos para otro tema.	https://twitter.com/plenque/status/1377660417183473667	[]
plenque	Thu Apr 01 16:16:17 +0000 2021	1	0	@ernestorr @PabloRichly Dudar no es ser ambiguo. Me faltan datos para poder tener una opinión.	https://twitter.com/plenque/status/1377656068512354306	[]
plenque	Thu Apr 01 15:56:14 +0000 2021	2	0	@ernestorr @PabloRichly A mi no me alcanza para llegar a conclusiones tajantes, pero no me parece mal que las tengas.	https://twitter.com/plenque/status/1377651024157147136	[]
plenque	Thu Apr 01 15:46:01 +0000 2021	1	0	@CamiloGordonabo @MESanna4 @norabar @mmbarrionuevo Los positivos siempre subieron, pero la positividad venía en baja y se dio vuelta. Ahora sube en todas las franjas. Coincido en que es muy difícil llegar a conclusiones sin más info.	https://twitter.com/plenque/status/1377648453422092293	[]
plenque	Thu Apr 01 15:39:27 +0000 2021	0	0	@Mstaaravin @PabloRichly La naranja es el porcentaje de positivos sobre el total de diagnósticos. Esto que muestro es solo 0 a 10. La curva de contagio está subiendo en todas las franjas y no hay muchas dudas. Normalmente demora en reflejarse en las otras variables.	https://twitter.com/plenque/status/1377646799297638400	[]
plenque	Thu Apr 01 15:34:16 +0000 2021	0	0	@Mstaaravin @PabloRichly Que en esa franja de edad se duplicó el testeo y es muy difícil saber con certeza la información que contienen algunas métricas.	https://twitter.com/plenque/status/1377645496169345028	[]
plenque	Thu Apr 01 15:13:49 +0000 2021	4	1	@PabloRichly Justo miraba este gráfico. https://t.co/Mh8vrTMbcr	https://twitter.com/plenque/status/1377640352388153349	[]
plenque	Thu Apr 01 14:40:37 +0000 2021	1	0	@FernandoMarull @constant_hevia La REM un poroto	https://twitter.com/plenque/status/1377631996646723585	[]
plenque	Thu Apr 01 14:27:01 +0000 2021	77	6	Si no conocés la respuesta a alguna de esas preguntas, entonces falta mejorar la accesibilidad. No sé cómo lograrlo, pero hubo tiempo para mejorarlo. Si todos lo tuviéramos claro creo que mejoraría mucho el testeo.	https://twitter.com/plenque/status/1377628572920250368	[]
plenque	Thu Apr 01 14:27:00 +0000 2021	141	20	"Todos hablamos de ""aumentar el testeo"" y eso parece ser una decisión, pero el problema es llevarla a la práctica. Si mañana tenés alguna duda, ¿sabés a dónde ir? ¿es lejos? ¿demora? ¿es pago? ¿quién se hace cargo? ¿qué hacés mientras esperás el resultado? ¿y si das positivo?"	https://twitter.com/plenque/status/1377628569971609613	[]
plenque	Thu Apr 01 01:30:32 +0000 2021	1	0	@alemarven Y en el explorador, pero con un poquito más de trabajo.	https://twitter.com/plenque/status/1377433165355053065	[]
plenque	Thu Apr 01 01:30:13 +0000 2021	1	0	@alemarven En el mapa también salen: https://t.co/QXipijMMt4	https://twitter.com/plenque/status/1377433085353017350	[]
plenque	Thu Apr 01 01:29:36 +0000 2021	1	0	@alemarven El dato de testeo nunca fue fidedigno y por eso no lo uso tanto. A nivel panorama podés ver este informe que muestra casos contra testeos en una escala ajustada para compararlos a un 3% de positividad: https://t.co/jetaFKkGj1	https://twitter.com/plenque/status/1377432928167297025	[]
plenque	Thu Apr 01 01:28:03 +0000 2021	4	0	@matydisanti @mbulacio Probablemente tenga el dato un poco atrasado porque al día de ayer me da 23,46% con una dosis en es rango. Va subiendo. Con dos dosis sí es muy bajo: 2,32%.	https://twitter.com/plenque/status/1377432538260463618	[]
plenque	Thu Apr 01 00:46:47 +0000 2021	28	4	"Diferencias en el dataset de hoy 31/03 para Argentina. Son 16087 nuevos casos confirmados (16055 neto) y 124 fallecidos.

https://t.co/PesnqOfWYM https://t.co/TAAYuzByJq"	https://twitter.com/plenque/status/1377422152274640899	[]
plenque	Wed Mar 31 21:39:52 +0000 2021	1	0	@SergioFelperin No digo que los casos sean comparables con el año pasado sino con el mes pasado. Quitando CABA, que testea asintomáticos (ahí sí cambió), andamos en 30%.	https://twitter.com/plenque/status/1377375115088850945	[]
plenque	Wed Mar 31 21:34:04 +0000 2021	14	0	@SergioFelperin El testeo es endógeno si no cambia la política. Conservando las mismas reglas sube la positividad desde hace semanas y eso no es buena señal.	https://twitter.com/plenque/status/1377373657501143046	[]
plenque	Wed Mar 31 21:32:04 +0000 2021	2	0	@MartinGRozada Muy bueno... ¿de casualidad el dato está a nivel departamental?	https://twitter.com/plenque/status/1377373151999356930	[]
plenque	Wed Mar 31 21:00:45 +0000 2021	0	0	@Tonga23 @EcoLedesma @bPanighel Voy al detalle porque me metí mucho en los datos y ya demasiadas personas están con los grafiquitos clásicos. Pero creo que la mayoría de la gente no necesita profundizar. Con enterarse cuando algo anda muy muy mal alcanza.	https://twitter.com/plenque/status/1377365269870338055	[]
plenque	Wed Mar 31 20:39:34 +0000 2021	6	2	@EcoLedesma @bPanighel Ojo con la positividad que resulta del cociente de los datos de cada día porque incluyen datos de muchas fechas y no es muy confiable. Mejor calcularla por fecha real con el dataset. La semana pasada hubo un ejemplo: cargaron montones de descartados de enero y bajó fuerte.	https://twitter.com/plenque/status/1377359940918992897	[]
plenque	Wed Mar 31 20:35:52 +0000 2021	1	0	@EcoLedesma Definitivamente no. También los llamados a las líneas 107 (CABA) 148 (PBA).	https://twitter.com/plenque/status/1377359007002726403	[]
plenque	Wed Mar 31 20:34:02 +0000 2021	3	1	@EcoLedesma Sube sube... Acá todas las provincias: https://t.co/IwI3Cspkfd https://t.co/h6I2ij2kKR	https://twitter.com/plenque/status/1377358548389138434	[]
plenque	Wed Mar 31 19:52:07 +0000 2021	0	0	@RobertoCremaOfi Sí, pero estaba bajando la curva. Bajaba la ocupación. Lo puse porque en ese preciso momento estábamos saliendo (es un tuit de octubre).	https://twitter.com/plenque/status/1377347999655809028	[]
plenque	Wed Mar 31 19:27:19 +0000 2021	1	0	@elhipernauta @guarda_la_moto Está febrero más abajo. Puede ser muy interesante la verdad.	https://twitter.com/plenque/status/1377341756132450309	[]
plenque	Wed Mar 31 19:24:01 +0000 2021	1	0	@elhipernauta @guarda_la_moto Vos querés que yo me separe	https://twitter.com/plenque/status/1377340928122359813	[]
plenque	Wed Mar 31 19:16:59 +0000 2021	1	0	@JuanJuanete No sabemos nada. Si se da, probablemente lo sepamos cuando sea tarde o antes si lo informan oficialmente.	https://twitter.com/plenque/status/1377339155462651921	[]
plenque	Wed Mar 31 19:15:47 +0000 2021	0	0	@elhipernauta @guarda_la_moto No sé che, está bueno para investigar, pero no me da el cuero. Voy a consultar a alguien que sabe.	https://twitter.com/plenque/status/1377338856517763073	[]
plenque	Wed Mar 31 19:13:40 +0000 2021	0	0	@JuanJuanete Perdón,  aclaro algo. En el dataset de casos está el dato de terapia, pero es evidente que está incompleto. No es un dato confiable y de ahí no sale la ocupación que publican.	https://twitter.com/plenque/status/1377338322733907970	[]
plenque	Wed Mar 31 19:11:36 +0000 2021	1	0	@JuanJuanete No hay datos abiertos de terapia y no podemos calcularlo. Eso debería publicarlo cada jurisdicción. Pero igual yo me refería a la letalidad general.	https://twitter.com/plenque/status/1377337804447870984	[]
plenque	Wed Mar 31 18:56:10 +0000 2021	13	4	"Hoy leí en una nota: ""durante la primera ola hubo un aumento de la letalidad en CABA y una hipótesis es que ese aumento haya tenido que ver con la sobrecarga de las terapias intensivas”. Esa interpretación fue la que inspiró este tuit: https://t.co/AC2yuk30QN"	https://twitter.com/plenque/status/1377333918420979715	[]
plenque	Wed Mar 31 10:39:26 +0000 2021	0	0	@RosanaToro5 Tal cual. Eso es lo que me vienen contando. Está pensado para situaciones menos demandantes supongo.	https://twitter.com/plenque/status/1377208911304998914	[]
plenque	Wed Mar 31 02:39:52 +0000 2021	2	0	@kgalperin @Pau86925256 @CheMendele Estos serían los vacunados. En esta página se puede ver general o filtrar provincia: https://t.co/W2UENpjQuO https://t.co/39B62HoVQK	https://twitter.com/plenque/status/1377088223202058242	[]
plenque	Wed Mar 31 01:48:10 +0000 2021	1	0	@a_urizio Sisisi, hay subida, pero ese subibaja es muy artificial	https://twitter.com/plenque/status/1377075215734349825	[]
plenque	Wed Mar 31 01:43:13 +0000 2021	18	0	@fedetiberti Hollywood es pura sabiduría: If you build it, they will come	https://twitter.com/plenque/status/1377073968897736706	[]
plenque	Wed Mar 31 01:26:51 +0000 2021	0	0	@Marianoam6 Si bien no podemos asegurar que vayan a subir igual que el año pasado (en el verano no ocurrió) todavía falta tiempo para que la suba de casos se traslade a fallecidos por la suma de demora biológica y administrativa (lo que tarda en reportarse).	https://twitter.com/plenque/status/1377069847738220548	[]
plenque	Wed Mar 31 00:40:27 +0000 2021	25	6	"Diferencias en el dataset de hoy 30/03 para Argentina. Son 10202 nuevos casos confirmados (10153 neto) y 125 fallecidos.

https://t.co/R5Mfg3aweP https://t.co/irsgFooaHr"	https://twitter.com/plenque/status/1377058174310682625	[]
plenque	Wed Mar 31 00:20:44 +0000 2021	6	0	@rusosnith @PabloRichly Los gobiernos son los únicos que tienen información suficiente como para analizar la dinámica de los contagios. Y por privacidad está bien que sea así. El problema es que están informando poco y nada sobre eso.	https://twitter.com/plenque/status/1377053211597627401	[]
plenque	Tue Mar 30 22:27:47 +0000 2021	1	0	"@Gaby_Casla @TajerAndres ¿El dataset de casos? Te paso link, pero tené en cuenta que ya pesa ~1.7GB. No es que esté dañado sino que el Excel no puede con eso. https://t.co/QU9gMfJS8R

Hice una herramienta para investigarlo: https://t.co/VU50xt5xhF"	https://twitter.com/plenque/status/1377024785704706048	[]
plenque	Tue Mar 30 20:29:17 +0000 2021	1	0	@gaston___b Sí, claro, con un pequeño desplazamiento.	https://twitter.com/plenque/status/1376994962739433474	[]
plenque	Tue Mar 30 20:17:42 +0000 2021	2	0	@a_urizio Varios lo aclararon eh, pero el lector rápido no pasa del título.	https://twitter.com/plenque/status/1376992048243441671	[]
plenque	Tue Mar 30 20:14:33 +0000 2021	32	3	Hoy volvimos al horario habitual. Ni los 14000 de ayer ni los 10000 de hoy pueden tomarse como referencia. Como siempre: recomiendo usar fecha de diagnóstico o, de mínima, medias semanales.	https://twitter.com/plenque/status/1376991255113129984	[]
plenque	Tue Mar 30 19:45:01 +0000 2021	1	0	"@Gus_Noriega @fedetiberti @Mero_5 Acá dos datos relevantes:

https://t.co/iNMSNVRiYm

https://t.co/GlZY8XL1s3"	https://twitter.com/plenque/status/1376983822454128648	[]
plenque	Tue Mar 30 19:34:49 +0000 2021	1	0	@ibenit Acá sale la positividad de los diagnósticos que se informan en datos abiertos: https://t.co/IwI3Cs7JnF	https://twitter.com/plenque/status/1376981258186719238	[]
plenque	Tue Mar 30 19:16:02 +0000 2021	5	0	@diegotajer https://t.co/10wlrEaT62	https://twitter.com/plenque/status/1376976528966365188	[]
plenque	Tue Mar 30 16:05:13 +0000 2021	4	0	@martintetaz Qué bueno sería que la PBA comparta esos datos.	https://twitter.com/plenque/status/1376928508354695175	[]
plenque	Tue Mar 30 15:52:09 +0000 2021	3	0	@Hernan_J_Lopez jajajaja... yo tampoco entiendo bien qué sería eso, pero mejor no opinar si no tengo idea. Mirá si sale alianza @Oracle @Satellogic .. heads up @earlkman	https://twitter.com/plenque/status/1376925221270196229	[]
plenque	Tue Mar 30 15:49:41 +0000 2021	9	0	@ltornarolli Es un quilombo que preferiría ver desde afuera. Ni me quiero imaginar el quilombo de bucrocracia, integraciones con otros aplicativos y legacy acumulado. Me queda grande!	https://twitter.com/plenque/status/1376924600743960576	[]
plenque	Tue Mar 30 15:43:05 +0000 2021	4	0	@rusosnith @msalnacion Sí, cuando lo escribí pensaba en vos y todas esas personas que estudiaron para que nosotros no hagamos tanta cagada con la UI.	https://twitter.com/plenque/status/1376922939250053125	[]
plenque	Tue Mar 30 15:40:27 +0000 2021	24	5	Ver el output del sistema desde afuera y lo que me cuentan los usuarios me permite sugerir que la mejora de arquitectura debería venir acompañada de otra en usabilidad. Todo parece indicar que mucha info no se carga porque es engorroso. https://t.co/7cLJgxnJM8	https://twitter.com/plenque/status/1376922277141475336	[]
plenque	Tue Mar 30 15:26:50 +0000 2021	1	0	@marcez1989 Estamos con una curva que viene en subida. No me animo a hacer predicciones.	https://twitter.com/plenque/status/1376918848511819780	[]
plenque	Tue Mar 30 15:22:34 +0000 2021	30	2	Para dimensionar el impacto del cambio de horario de corte podemos ver qué porcentaje de los casos del día fueron diagnósticos del mismo día en los últimos lunes: 8/3 32,29%; 15/03 33,89%; 22/03 35,67%; ayer 46,79%. Veremos si hoy vuelve al horario de corte de siempre.	https://twitter.com/plenque/status/1376917775151722497	[]
plenque	Tue Mar 30 15:22:33 +0000 2021	25	4	"Diferencias en el dataset de ayer 29/03 para Argentina. Fueron 14066 nuevos casos confirmados (14013 neto) y 163 fallecidos (162 neto).

https://t.co/QwxqfdVzr4 https://t.co/p6jBKfLrpP"	https://twitter.com/plenque/status/1376917770361786368	[]
plenque	Tue Mar 30 14:00:22 +0000 2021	0	0	@ndchiariello Lo que quisiera es que la PBA publique esos datos para poder analizarlos. Estoy haciendo lo mismo con los datos del 107 de CABA.	https://twitter.com/plenque/status/1376897089112784908	[]
plenque	Tue Mar 30 12:15:40 +0000 2021	1	0	"@Gaby_Casla @TajerAndres Es que nunca ves los ""positivos"" limpios porque, sobre todo en chicos, el testeo es escaso. Es importante mirar la positividad para saber si es un artefacto. Pero, incluso así, tampoco podemos saber quién contagió a quién y cómo."	https://twitter.com/plenque/status/1376870740717416448	[]
plenque	Tue Mar 30 01:11:45 +0000 2021	2	0	"@RosanaToro5 No hay dudas de que hay una importante suba, pero me estoy dedicando a ""curar"" los datos y trato de aclarar anomalías nomás."	https://twitter.com/plenque/status/1376703661351575564	[]
plenque	Tue Mar 30 00:18:06 +0000 2021	1	0	@srodriguezrey ¡¡¡Felicidades!!!	https://twitter.com/plenque/status/1376690160725864449	[]
plenque	Mon Mar 29 23:49:30 +0000 2021	1	0	@ltornarolli Sí, está subiendo fuerte.	https://twitter.com/plenque/status/1376682961240797187	[]
plenque	Mon Mar 29 23:45:31 +0000 2021	14	2	@marcelobianco2 Lo relevante no es el horario en que corte sino que sea siempre a la misma hora para guardar coherencia. Si no, tenés días inflados y otros lo contrario. El año pasado ni publicaban el horario de corte así que ni idea.	https://twitter.com/plenque/status/1376681959808770055	[]
plenque	Mon Mar 29 23:43:28 +0000 2021	5	0	@JuanJuanete Trato de discutir con ideas y argumentos, no con personas.	https://twitter.com/plenque/status/1376681445687709707	[]
plenque	Mon Mar 29 23:34:14 +0000 2021	213	46	Más allá de la innegable suba, ojo que los casos de hoy surgen de un corte a las 19:53 cuando venía siendo a las 15:05.	https://twitter.com/plenque/status/1376679122102059013	[]
plenque	Mon Mar 29 22:36:15 +0000 2021	73	7	Quién necesita escuelas si tiene bares. https://t.co/BAv8l60qA1	https://twitter.com/plenque/status/1376664529598316544	[]
plenque	Mon Mar 29 21:44:38 +0000 2021	0	0	@yelyangel22 Por eso digo que hasta ahora hubo correlación. No sé si hubo algún cambio que la rompió.	https://twitter.com/plenque/status/1376651540438659074	[]
plenque	Mon Mar 29 17:42:44 +0000 2021	0	0	@Koba0k @fedetiberti Acá te dejo la data cruda de aplicaciones de primera dosis para la PBA. Se podría meter algo de eso al bot... hay que pensarlo bien. https://t.co/ryDoWYyfhj	https://twitter.com/plenque/status/1376590662498451459	[]
plenque	Mon Mar 29 16:03:38 +0000 2021	7	0	@ivokutzarida @lucasllach 11 años del último censo nos pasan factura.	https://twitter.com/plenque/status/1376565722420281348	[]
plenque	Mon Mar 29 15:59:56 +0000 2021	9	3	"La positividad ya venía insinuando eso desde antes. En el sector público de CABA se solapaba con el final del turismo (no viene ""limpia"") y en el sector privado venía estable. Pero en el conurbano arrancó la suba a fines de febrero. https://t.co/DtZ7B8WlQR"	https://twitter.com/plenque/status/1376564790689140740	[]
plenque	Mon Mar 29 15:56:07 +0000 2021	9	0	@lucasllach @horaciorlarreta Subsiste la duda de por qué el % es bajo en 90+ en todo el país. Hay muchas teorías (¿mal las proyecciones de población?), pero no escuché explicación oficial.	https://twitter.com/plenque/status/1376563833670623235	[]
plenque	Mon Mar 29 15:51:01 +0000 2021	2	0	"@Epi_Net @MESanna4 @norabar @mmbarrionuevo No, son los positivos y negativos (resultado) que se registran en el dataset. No uso la palabra ""test"" porque no en todos los casos hay PCR y no todos los tests se cargan."	https://twitter.com/plenque/status/1376562549571907584	[]
plenque	Mon Mar 29 14:49:19 +0000 2021	1	0	@raulor1974 @martintetaz Pasa que esa referencia sin un marco de tiempo es medio difícil. Como la data es pública podemos analizarla como nos guste. Nos faltaría que publiquen los datos del 148 de la PBA.	https://twitter.com/plenque/status/1376547021625102345	[]
plenque	Mon Mar 29 14:43:43 +0000 2021	81	16	Si se mantiene la correlación entre llamados al 107 y casos en CABA, entonces es de esperar que los casos suban. Los casos (línea naranja) caen al final porque están por fecha de diagnóstico. https://t.co/DwUCoRxpMl	https://twitter.com/plenque/status/1376545613412716547	[]
plenque	Mon Mar 29 14:03:02 +0000 2021	16	0	@mschuliaquer Es que siempre debiera ser así. Incentivos y ayuda, buscando habilitar lo que se pueda para que sea sostenible.	https://twitter.com/plenque/status/1376535375359844352	[]
plenque	Mon Mar 29 13:38:26 +0000 2021	117	18	Parece que podrían venir restricciones. Por favor, si las pedimos, que sea sabiendo (y que se note) que le podríamos pedir a alguien que arriesgue algún proyecto de vida, su formación o incluso su desarrollo. Son una herramienta y no un fin en sí mismo.	https://twitter.com/plenque/status/1376529183862579200	[]
plenque	Mon Mar 29 13:09:42 +0000 2021	17	2	@MESanna4 @norabar @mmbarrionuevo Te dejo media semanal de diagnósticos, positividad y casos para esa franja en CABA. https://t.co/uSrKDQ8yTe	https://twitter.com/plenque/status/1376521951221538823	[]
plenque	Mon Mar 29 01:58:15 +0000 2021	0	0	@SergioFelperin ¡Bemvindo!	https://twitter.com/plenque/status/1376352974277074948	[]
plenque	Mon Mar 29 01:39:18 +0000 2021	1	0	@jpjviro Sisi, pero la verdad que el devenir de la pandemia ha sido tan disímil, incluso en lugares que a priori uno consideraría parecidos, que estaría bueno contar info propia sobre este tipo de cosas.	https://twitter.com/plenque/status/1376348206750183432	[]
plenque	Mon Mar 29 01:20:44 +0000 2021	54	2	Sin dudas va a generar menos ocupación en el transporte público. Lo que nunca quedó del todo claro es cuánto contagio viene por ese lado.	https://twitter.com/plenque/status/1376343533548933127	[]
plenque	Mon Mar 29 01:20:43 +0000 2021	118	15	Sin estar seguro de nada, una de las cosas que creo aprendimos en diciembre es que las juntadas pueden complicar el asunto. No está mal eximir de presencialidad, pero si eso implica feriados de facto corremos el riesgo de que funcione al revés generando encuentros más peligrosos.	https://twitter.com/plenque/status/1376343531158126592	[]
plenque	Mon Mar 29 00:55:19 +0000 2021	25	4	"Diferencias en el dataset de hoy 28/03 para Argentina. Son 7251 nuevos casos confirmados (7233 neto) y 81 fallecidos.

https://t.co/bqymqrgTjz https://t.co/th9jT5KlN1"	https://twitter.com/plenque/status/1376337138422321152	[]
plenque	Sun Mar 28 23:58:37 +0000 2021	3	0	@rusosnith @FernanQuirosBA México publica microdatos de mortalidad: podés analizar lo que quieras. Vienen lento con los datos de vacunación, eso sí.	https://twitter.com/plenque/status/1376322869693677571	[]
plenque	Sun Mar 28 23:10:03 +0000 2021	1	0	@rusosnith @mmbarrionuevo Por eso puse 10-19. No se puede dividir mucho más. Los chiquititos son muy pocos, muy subdiagnosticados y con el aumento del testeo me parece casi imposible analizar bien.	https://twitter.com/plenque/status/1376310647353380866	[]
plenque	Sun Mar 28 23:08:32 +0000 2021	3	0	@Rodri_LP @SantiOlsze @Romy13_ @dons0borno Hubo edades negativas también. Muy curioso hasta que te rompe los procesos!	https://twitter.com/plenque/status/1376310264933535751	[]
plenque	Sun Mar 28 23:06:02 +0000 2021	3	0	@mmbarrionuevo El crecimiento de 10-19 en las semanas 5, 6 y 11  se debe en parte a casos detectados por el operativo turismo. Recomiendo de mínima analizar por grupo quinquenal los casos porque se mueven muy distintas las curvas en esas franjas. Casi todo el aumento es 15-19. https://t.co/fjsqhbJ3St	https://twitter.com/plenque/status/1376309635230142474	[]
plenque	Sun Mar 28 22:41:41 +0000 2021	14	2	@ivokutzarida Me agarró curiosidad y busqué Pellegrini. Las dieron todas en un solo día. https://t.co/ic1JskW5wv	https://twitter.com/plenque/status/1376303506668335104	[]
plenque	Sun Mar 28 19:43:13 +0000 2021	1	1	@DCangallo Promedio 72,66. Mediana 74.	https://twitter.com/plenque/status/1376258597034811396	[]
plenque	Sun Mar 28 19:15:07 +0000 2021	1	0	@Ken_Lawton ¡Exacto!	https://twitter.com/plenque/status/1376251524842713088	[]
plenque	Sun Mar 28 19:10:44 +0000 2021	0	0	@Ken_Lawton Es a nivel Argentina nomás. De hecho, lo que es de cada jurisdicción es tomando únicamente los datos de ella.	https://twitter.com/plenque/status/1376250420390158342	[]
plenque	Sun Mar 28 19:06:53 +0000 2021	0	0	@Ken_Lawton Cada barrita es la cantidad de personas que fallecieron por millón de habitantes en esa franja. Por ejemplo, la mortalidad en hombres 90+ es tomar todos los fallecidos y relacionarnos con la población total, siempre 90+ y hombres. Sirve para poner el contexto cada número.	https://twitter.com/plenque/status/1376249450738417668	[]
plenque	Sun Mar 28 18:44:45 +0000 2021	1	0	@marcevw En términos absolutos hay más mujeres fallecidas, pero como son muchas más a nivel población la mortalidad es menor. La verdad que no sé el motivo. Supongo que hay motivos sociales, pero también biológicos (la letalidad es mayor en hombres).	https://twitter.com/plenque/status/1376243883298938887	[]
plenque	Sun Mar 28 18:35:39 +0000 2021	0	0	"@marcez1989 La verdad que no me animo a opinar sobre eso. En la ""cancha"" hay millones de problemas que haciendo números no tenemos que resolver. Pero me parece que tener el objetivo ""perfecto"" bien definido ayuda."	https://twitter.com/plenque/status/1376241593427111941	[]
plenque	Sun Mar 28 18:29:45 +0000 2021	7	0	@sebacampanario En tu lugar le pondría helado de dulce de leche. Nada puede seguir siendo fatídico después de eso.	https://twitter.com/plenque/status/1376240106290438144	[]
plenque	Sun Mar 28 18:26:01 +0000 2021	2	0	@mirisapos ¡Entusiasta más que experto!	https://twitter.com/plenque/status/1376239167361929218	[]
plenque	Sun Mar 28 18:20:24 +0000 2021	2	0	@mirisapos En números absolutos hay más fallecidas mujeres que hombres en 80+, pero como las mujeres son muchas más la mortalidad es menor en ellas. Hay que mirar con cuidado los números.	https://twitter.com/plenque/status/1376237755936673800	[]
plenque	Sun Mar 28 17:54:42 +0000 2021	18	2	"En el sitio ya se pueden sacar estos informes filtrando por lugar: https://t.co/MICXCqSLs6

Nota: a la franja 20-29 le estoy asignando los vacunados de 18 y 19 años porque no están discriminados en la fuente: tiene rango 18-29. No modifica las conclusiones."	https://twitter.com/plenque/status/1376231284465352708	[]
plenque	Sun Mar 28 17:54:41 +0000 2021	28	9	En la PBA sería más fuerte el peso de los grupos estratégicos hasta ahora (edades menores) y también se nota la feminización. https://t.co/5ttvWGQUbV	https://twitter.com/plenque/status/1376231281474867207	[]
plenque	Sun Mar 28 17:54:39 +0000 2021	23	2	Esto se ve en CABA. El impacto de los grupos estratégicos a nivel edad pareciera ser menor (siempre mirando la forma), pero se nota su feminización y eso nos desvía un poco de la mortalidad que es mayor en hombres. https://t.co/ywEwrS9xvg	https://twitter.com/plenque/status/1376231275158179842	[]
plenque	Sun Mar 28 17:54:38 +0000 2021	24	2	Si ponemos ambas pirámides a la par, más allá del avance, en un plan de vacunación perfecto (e imposible) deberían tener la misma forma. A nivel país es claro que iniciar por grupos estratégicos nos desvía  de ese objetivo. No necesariamente implica que no esté justificado. https://t.co/gQn3jScP0V	https://twitter.com/plenque/status/1376231269697265675	[]
plenque	Sun Mar 28 17:54:37 +0000 2021	24	0	Ya habrán notado que a mi me gustan mucho las pirámides y es porque incluyen simultáneamente edad y sexo que son dos parámetros siempre disponibles y muy relevantes al medir mortalidad. https://t.co/JUPdzMhDqG	https://twitter.com/plenque/status/1376231264009789441	[]
plenque	Sun Mar 28 17:54:35 +0000 2021	77	16	Como el objetivo declarado de la vacunación es la reducción de la mortalidad, una buena manera de analizar si el avance está alineado es hacer la comparación vacunación / mortalidad.	https://twitter.com/plenque/status/1376231258078986241	[]
plenque	Sun Mar 28 15:53:49 +0000 2021	0	0	@juvbeneguista Buenas. Por el momento no hay manera y no creo que las vinculen. Debe ser un infierno burocrático poder cruzar esa info.	https://twitter.com/plenque/status/1376200864214441988	[]
plenque	Sun Mar 28 12:09:47 +0000 2021	2	0	@Epi_Net @rusosnith @PabloRichly Perdón por la liviandad. Se le escapó avisarnos en todo caso y es bastante preocupante. Ojo que no hablo de quien la ejecuta sino del sistema en su conjunto.	https://twitter.com/plenque/status/1376144485533487106	[]
plenque	Sun Mar 28 02:24:21 +0000 2021	0	0	"@romijuan17 El monitor de vacunación informa 44828
https://t.co/Nuz20pl2pe"	https://twitter.com/plenque/status/1375997155522052096	[]
plenque	Sun Mar 28 01:20:42 +0000 2021	25	4	"Diferencias en el dataset de hoy 27/03 para Argentina. Son 10367 nuevos casos confirmados (10317 neto) y 133 fallecidos.

https://t.co/Ap295TVM6Y https://t.co/4l3BmH66Xn"	https://twitter.com/plenque/status/1375981140088086530	[]
plenque	Sun Mar 28 00:53:27 +0000 2021	3	0	@MaxShreck90 La de ayer seguro que es peor. No tiene mucho sentido calcularla con lo del reporte diario en mi opinión. En el sitio yo la publico usando la fecha de diagnóstico (la del resultado del test).	https://twitter.com/plenque/status/1375974280522039296	[]
plenque	Sat Mar 27 23:12:19 +0000 2021	2	0	@rusosnith @PabloRichly @fromthewest86 NO ESTIGMATICEMOS 😂	https://twitter.com/plenque/status/1375948830580039684	[]
plenque	Sat Mar 27 22:36:46 +0000 2021	3	0	@Gus_Noriega Fueron varios. Mea culpa.	https://twitter.com/plenque/status/1375939882296705033	[]
plenque	Sat Mar 27 22:31:51 +0000 2021	63	18	Me dijeron que esto no se entendió así que aclaro un poco. El dato de tests que anuncian cada día no corresponde a los que realmente se hicieron ese día sino a los resultados que se cargan. Ayer se cargaron muchos resultados negativos de hace tiempo y eso lo infló. https://t.co/wxHUVVpqgG	https://twitter.com/plenque/status/1375938644201111553	[]
plenque	Sat Mar 27 22:21:00 +0000 2021	4	1	Si alguien guarda el link mejor que sea este porque el otro incluye la fecha fija: https://t.co/nTTwuRi509	https://twitter.com/plenque/status/1375935916586500099	[]
plenque	Sat Mar 27 21:25:31 +0000 2021	0	0	@teoriantropolog Si es por el porcentaje de la comuna 1 fíjate que ya me consultaron y el problema está en los datos que publica el MSAL. Los datos de CABA se imputan casi todos a esa jurisdicción.	https://twitter.com/plenque/status/1375921952821493774	[]
plenque	Sat Mar 27 21:14:30 +0000 2021	1	0	@queresaber2 @mmbarrionuevo @norabar La verdad que no lo sé. Creo que no hay mucho publicado en general de Sinopharm y Sinovac. Me guío por lo que informan los expertos como Zulma.	https://twitter.com/plenque/status/1375919181493854210	[]
plenque	Sat Mar 27 20:50:35 +0000 2021	8	0	@mmbarrionuevo @norabar Ojo que las comparaciones son muy difíciles: https://t.co/PFj3ttrw3p	https://twitter.com/plenque/status/1375913162055286785	[]
plenque	Sat Mar 27 20:37:33 +0000 2021	7	0	@christilcara Yo con la ayuda de @plenque 😀	https://twitter.com/plenque/status/1375909881501323268	[]
plenque	Sat Mar 27 20:30:52 +0000 2021	2	0	@PabloRichly @rusosnith O viendo solo por fecha real cortando cuando uno sabe que los datos son preliminares	https://twitter.com/plenque/status/1375908198184538112	[]
plenque	Sat Mar 27 20:28:25 +0000 2021	1	0	@nahuelcianciod @FlorBallarino @msalnacion Espero que llegue muy pronto	https://twitter.com/plenque/status/1375907580980170752	[]
plenque	Sat Mar 27 20:27:44 +0000 2021	5	0	@rusosnith @PabloRichly Los testeos que anuncian sábado son mayormente de viernes y jueves. Creo que no hay muchas dudas de que sube. En el terreno de la especulación, si esto fuera consecuencia de la P.1, a la vigilancia genómica se le escapó mal.	https://twitter.com/plenque/status/1375907409789587456	[]
plenque	Sat Mar 27 20:24:06 +0000 2021	1	1	@FlorBallarino @msalnacion De Sinopharm recibimos 1M y se aplicaron 754357 primeras dosis arrancando a principios de marzo. Si no llega lo anunciado se va a postergar la segunda dosis de facto.	https://twitter.com/plenque/status/1375906496115048448	[]
plenque	Sat Mar 27 19:57:32 +0000 2021	4	0	@AlexVaismanKuc Gracias. Fue un efecto no deseado de la cuarentena.	https://twitter.com/plenque/status/1375899809018744836	[]
plenque	Sat Mar 27 19:42:56 +0000 2021	4	0	@MenendezPepe @PabloRichly Butantan, eso mismo leí. https://t.co/PFj3ttrw3p	https://twitter.com/plenque/status/1375896137689874439	[]
plenque	Sat Mar 27 18:47:12 +0000 2021	8	0	@bocaexpat @CuantasVacunas Esa elección la hizo @fedetiberti y yo soy muy respetuoso del asunto de que equipo que gana no se toca	https://twitter.com/plenque/status/1375882111895416834	[]
plenque	Sat Mar 27 18:44:26 +0000 2021	0	0	"@ivanfbf El problema es que las comunas &lt;&gt; 1 no tienen datos y ahí mucho no puedo inventar. Podés poner ""AMBA sin CABA"" (hay una opción) y creo que vas a ver lo que buscás."	https://twitter.com/plenque/status/1375881412595814408	[]
plenque	Sat Mar 27 18:43:03 +0000 2021	8	0	@PabloRichly Qué épocas las de Chevrolet y Ford	https://twitter.com/plenque/status/1375881064674164744	[]
plenque	Sat Mar 27 18:41:00 +0000 2021	3	0	@ivanfbf No es que se rompa. En CABA le imputan todo a la Comuna 1 y así viene en el dataset. Es un error de origen en los datos que tengo que ver como subsanar de mi lado (probablemente calcular el tope con el décil 9).	https://twitter.com/plenque/status/1375880550674759682	[]
plenque	Sat Mar 27 18:35:00 +0000 2021	130	32	"El mapa del sitio ya permite seguir el porcentaje de población vacunada en Argentina.

https://t.co/FbBCaIvLto https://t.co/TWnKmjvkJX"	https://twitter.com/plenque/status/1375879039005646850	[]
plenque	Sat Mar 27 15:53:28 +0000 2021	3	0	@martintetaz @SantiOlsze Parte del testeo alto de ayer corresponde a carga atrasada de descartados. No puedo asegurar la cantidad exacta porque habría tests que no van por el dataset. https://t.co/wxHUVVpqgG	https://twitter.com/plenque/status/1375838390340485125	[]
plenque	Sat Mar 27 15:43:37 +0000 2021	3	0	"Nota: El gráfico de este último tuit debía decir ""para el 26/03/2021""."	https://twitter.com/plenque/status/1375835910521155586	[]
plenque	Sat Mar 27 15:05:43 +0000 2021	2	0	@Gaby_Casla @TajerAndres No vi evidencia de eso y no creo que podamos encontrarla viendo las curvas de casos nomás. Eso tiene que estudiarse en serio.	https://twitter.com/plenque/status/1375826371646226432	[]
plenque	Sat Mar 27 15:04:30 +0000 2021	0	0	@Gaby_Casla Hay que tomar todo por fecha real. En el sitio grafico la positividad semanal de esa manera: https://t.co/IwI3Cs7JnF	https://twitter.com/plenque/status/1375826064379936778	[]
plenque	Sat Mar 27 13:55:16 +0000 2021	2	0	@ndchiariello Son casi 15 días arriba de 1000. Luego te paso el número exacto.	https://twitter.com/plenque/status/1375808644546228224	[]
plenque	Sat Mar 27 13:27:39 +0000 2021	1	0	@d_olivaw Sí, pero negativos principalmente.	https://twitter.com/plenque/status/1375801692898402309	[]
plenque	Sat Mar 27 13:20:04 +0000 2021	1	0	@uadlup @CuantasVacunas Lo mismo es ir al detalle 😀. Recién ahora Argentina liberó datos en serio así que estoy empezando a acomodar el sitio. El único país que había liberado era Perú.	https://twitter.com/plenque/status/1375799783978323973	[]
plenque	Sat Mar 27 13:15:14 +0000 2021	0	0	@uadlup @CuantasVacunas Es solo intra Arg 😂. Regiones de Arg decía, jajaja	https://twitter.com/plenque/status/1375798569718980624	[]
plenque	Sat Mar 27 13:10:06 +0000 2021	2	0	@uadlup En @CuantasVacunas mantenemos actualizada mucha data de Argentina por regiones!	https://twitter.com/plenque/status/1375797277835546631	[]
plenque	Sat Mar 27 13:05:20 +0000 2021	3	0	@TajerAndres Con números podés justificar cualquier cosa si no le ponés un poco de autocrítica.	https://twitter.com/plenque/status/1375796076368773122	[]
plenque	Sat Mar 27 13:02:29 +0000 2021	7	0	@CmaraMario Nunca hay que quedarse con un solo día, pero creo que no hay dudas de que está subiendo la cantidad de casos.	https://twitter.com/plenque/status/1375795358190731264	[]
plenque	Sat Mar 27 12:36:16 +0000 2021	1	0	@gaston___b No che, ni idea.	https://twitter.com/plenque/status/1375788764153458690	[]
plenque	Sat Mar 27 12:31:26 +0000 2021	17	1	Una última aclaración adicional es que la mayoría de esos tests descartados con demora fueron reportaron desde PBA y Corrientes. https://t.co/Rv5xzaQ1Fe	https://twitter.com/plenque/status/1375787547884982272	[]
plenque	Sat Mar 27 12:31:25 +0000 2021	21	2	"Pero si vemos los descartados la cosa cambia. Hay una ""montañita"" al final de la curva de distribución que muestra muchos tests negativos de &gt;75 días de demora. Eso explicaría, al menos en parte, el número alto de tests informados. https://t.co/OFphOFKUfY"	https://twitter.com/plenque/status/1375787543007006721	[]
plenque	Sat Mar 27 12:31:24 +0000 2021	44	5	Qué paso ayer desde la demora de carga. Lo primero a notar es que los confirmados informados son recientes. Si comparamos las demoras generales de 2021 con las de ayer vemos que con 4 días capturamos un 90% de lo cargado. El promedio es un poco mayor, pero no demasiado. https://t.co/DiQ932IQoT	https://twitter.com/plenque/status/1375787537848021001	[]
plenque	Sat Mar 27 11:29:15 +0000 2021	5	0	@PabloRichly El problema es que los tests totales me dan +60k y ellos informan 80k. Está ese reporte nuevo acelerado de negativos del que nunca se compartieron datos.	https://twitter.com/plenque/status/1375771897691000832	[]
plenque	Sat Mar 27 11:24:55 +0000 2021	14	0	@PabloRichly Ayer se cargaron muchos descartados con atraso y confirmados mayormente recientes	https://twitter.com/plenque/status/1375770806702198784	[]
plenque	Sat Mar 27 02:25:00 +0000 2021	4	1	@jpjviro @AlejandrodeBar1 @carlavizzotti La verdad que el tema me excede, pero te dejo el dato. 15,72% hasta ayer. https://t.co/TDDYZ6lQCs	https://twitter.com/plenque/status/1375634932891054088	[]
plenque	Sat Mar 27 01:23:11 +0000 2021	5	0	@ergasto https://t.co/VMliKmeF9M	https://twitter.com/plenque/status/1375619376611741697	[]
plenque	Sat Mar 27 01:16:41 +0000 2021	0	0	@TiratelHugo Es difícil de saberlo viendo solo números. Muchas veces leí que la carga es compleja y la postergan, pero no tenemos mucha certeza.	https://twitter.com/plenque/status/1375617740065665025	[]
plenque	Sat Mar 27 01:13:23 +0000 2021	1	0	@MaVero1986 CABA publica info de UFU, pero tienen un problema con las fechas y no incluye info reciente. Voy a reclamar. Gracias por recordármelo.	https://twitter.com/plenque/status/1375616908024811532	[]
plenque	Sat Mar 27 00:53:34 +0000 2021	19	2	Y aquí una tabla de los diagnósticos de este mes por día (incluyendo descartados). Al menos 10969 serían de los últimos 3 días así que habría una suba independiente de los tests descartados atrasados. https://t.co/KLjr39lNMI	https://twitter.com/plenque/status/1375611922037477377	[]
plenque	Sat Mar 27 00:48:13 +0000 2021	2	1	@alemarven En el sitio: https://t.co/IwI3Cspkfd	https://twitter.com/plenque/status/1375610577301606405	[]
plenque	Sat Mar 27 00:41:01 +0000 2021	27	5	Hubo muchísima carga de diagnósticos descartados atrasados. Aquí una tabla que muestra las novedades de hoy por mes. https://t.co/11JacZPw2b	https://twitter.com/plenque/status/1375608765186183170	[]
plenque	Sat Mar 27 00:37:45 +0000 2021	32	4	"Diferencias en el dataset de hoy 26/03 para Argentina. Son 12962 nuevos casos confirmados (12932 neto) y 143 fallecidos.

https://t.co/gz6WcA9UeN https://t.co/SRHpQxKkMl"	https://twitter.com/plenque/status/1375607941563359234	[]
plenque	Fri Mar 26 22:59:10 +0000 2021	5	0	@AlejandrodeBar1 Hay un poco de controversia porque la decisión se tomaría con todas las vacunas y no solo con las que tienen evidencia. Veremos cómo sigue.	https://twitter.com/plenque/status/1375583131613470722	[]
plenque	Fri Mar 26 22:49:08 +0000 2021	5	0	@Gus_Noriega 21:18 para ser exactos 😀	https://twitter.com/plenque/status/1375580608039108614	[]
plenque	Fri Mar 26 22:45:15 +0000 2021	29	1	@Gus_Noriega Probablemente haya remanente del feriado. A las 21:15 lo sabremos. Pero incluso con eso parece demasiado.	https://twitter.com/plenque/status/1375579630397231106	[]
plenque	Fri Mar 26 21:39:49 +0000 2021	21	1	Contingencia https://t.co/5945hFhZS2	https://twitter.com/plenque/status/1375563165153509383	[]
plenque	Fri Mar 26 20:58:15 +0000 2021	2	0	@lephcero Hermoso el Parque Chacabuco. Lástima esa cosota que lo sobrevuela.	https://twitter.com/plenque/status/1375552704622252034	[]
plenque	Fri Mar 26 20:57:42 +0000 2021	1	0	@jmcos Necestiamos ver los datos por fecha real. A las 21:15 vamos a saber mejor cómo se compone todo esto.	https://twitter.com/plenque/status/1375552564800933894	[]
plenque	Fri Mar 26 20:52:00 +0000 2021	1	0	@sebafreille @PabloRichly Fijate lo que son las demoras en reporte de fallecidos, por dar un ejemplo. Salta no reporta durante 1 mes y de repente tenés 30 o 40 en un día. Es muy difícil si no se mejoran los sistemas informáticos (no me meto con lo que viene antes porque no conozco).	https://twitter.com/plenque/status/1375551128356667392	[]
plenque	Fri Mar 26 20:47:00 +0000 2021	1	0	@sebafreille @PabloRichly Mi impresión es que el dato no es tan confiable y por eso prefieren no publicarlo. Se ven cosas raras la verdad. Por eso trato más de mirar tendencia que el dato en sí.	https://twitter.com/plenque/status/1375549870698852352	[]
plenque	Fri Mar 26 20:43:19 +0000 2021	2	0	@Ken_Lawton @mecasullo Sí, es el gran enigma, pero ya venís con suba fuerte de antes.	https://twitter.com/plenque/status/1375548943619272705	[]
plenque	Fri Mar 26 20:39:56 +0000 2021	2	0	@PabloRichly Por eso pienso de una semana a la otra nomás. No logro identificar qué pasó. Quizás los datos de hoy incluyan mucho del feriado, lo único que se me ocurre. A las 21 veremos.	https://twitter.com/plenque/status/1375548094692139015	[]
plenque	Fri Mar 26 20:38:39 +0000 2021	1	0	@fer9dic @QuikFCO Es que los testeos nunca son del día. Puede que hoy compenses con lo que no se reportó en el feriado incluso. Pero la subida es notable en media semanal.	https://twitter.com/plenque/status/1375547771353190403	[]
plenque	Fri Mar 26 20:35:52 +0000 2021	3	0	@PabloRichly Comparar con septiembre no tiene sentido, pero con la semana pasada, sin mediar cambios en la definición de sospechoso, tendría sentido. No es que testeaste más porque saliste a buscar gente ni que la gente salió a testearse por gusto.	https://twitter.com/plenque/status/1375547070954754051	[]
plenque	Fri Mar 26 20:32:58 +0000 2021	12	1	@QuikFCO Se te cortó PBA con 5686. Tuvo una tremenda subida hoy.	https://twitter.com/plenque/status/1375546337949810688	[]
plenque	Fri Mar 26 20:26:51 +0000 2021	8	0	@PabloRichly Igual, creo, no cambió la política de testeo. Hay una relación inevitable entre cantidad de testeo y casos si no cambia la definición de sospechoso. A las 21 (cuando salen los datos) me gustaría ver de qué día son los diagnósticos.	https://twitter.com/plenque/status/1375544802218029059	[]
plenque	Fri Mar 26 19:43:37 +0000 2021	0	0	@SergioFelperin @wsosaescudero kiss	https://twitter.com/plenque/status/1375533921086103555	[]
plenque	Fri Mar 26 17:15:28 +0000 2021	3	0	@CFGrin @ManuGuisone @fedetiberti Trabajamos con proyecciones de población 2020. Se me ocurre que no son tantas las personas de esa edad y puede que las proyecciones no sean precisas.	https://twitter.com/plenque/status/1375496635510308864	[]
plenque	Fri Mar 26 15:30:02 +0000 2021	1	0	@SergioFelperin ¡Muchas gracias! 🙏	https://twitter.com/plenque/status/1375470105317023749	[]
plenque	Fri Mar 26 15:17:30 +0000 2021	0	0	@SergioFelperin ¡Sería un lujo! Mi foco es hacer accesibles los datos. ¡Media pila!	https://twitter.com/plenque/status/1375466951082934273	[]
plenque	Fri Mar 26 15:07:15 +0000 2021	3	0	@miotroyo77 Es un buen tema para investigar. Sinceramente no lo sé. También hay que analizar cada distrito por proporción de los grupos (docentes, salud, etc.) y franjas etarias. No es tan simple.	https://twitter.com/plenque/status/1375464371988664324	[]
plenque	Fri Mar 26 15:06:00 +0000 2021	0	0	@faq1983 La única explicación oficial que leí hasta ahora es que en los envíos se incluyen dosis adicionales previendo merma y algunas provincias las reaprovechan si se puede.	https://twitter.com/plenque/status/1375464055809400833	[]
plenque	Fri Mar 26 14:45:01 +0000 2021	0	0	@radichetayajo ¿Lo de CABA? No lo sé. Supongo que es una falencia en el proceso de ingreso de datos.	https://twitter.com/plenque/status/1375458775029723140	[]
plenque	Fri Mar 26 14:44:28 +0000 2021	2	0	@SergioFelperin Sisisi. Están recién saliditos los datos así que iremos investigando. La idea es agregar al sitio para que lo hagamos todos.	https://twitter.com/plenque/status/1375458638169530374	[]
plenque	Fri Mar 26 14:41:16 +0000 2021	9	0	Por desgracia, la mayoría de las aplicaciones reportadas en CABA se imputan a la Comuna 1 por lo que es imposible saber el avance de cada una de modo independiente. https://t.co/WMwi3n0MUU	https://twitter.com/plenque/status/1375457829692317698	[]
plenque	Fri Mar 26 14:41:14 +0000 2021	10	2	Córdoba y Santa Fe también presentan disparidad aunque en ningún caso superan el 8%. https://t.co/r7I5uHLNvw	https://twitter.com/plenque/status/1375457824218701827	[]
plenque	Fri Mar 26 14:41:13 +0000 2021	10	1	Al focalizarnos solo en el conurbano bonaerense vemos que la zona oeste tiene los partidos con mayor cantidad de población con primera dosis que llegan al 9% (Hurlingham). Avellaneda se destaca en el sur con el 7,5%. Tigre y Malvinas Argentinas no llegan al 4%. https://t.co/CrqAZNujhK	https://twitter.com/plenque/status/1375457818988384262	[]
plenque	Fri Mar 26 14:41:12 +0000 2021	11	3	La PBA es muy dispar y presenta partidos con avance de +30% (Tordillo, General Guido, Pila) con partidos en 3% en el otro extremo. https://t.co/Cf0w7RwdOg	https://twitter.com/plenque/status/1375457813258985476	[]
plenque	Fri Mar 26 14:41:10 +0000 2021	55	21	Ya estoy ajustando el mapita del sitio para que muestre vacunados así que sale un preview. A nivel provincias vemos que con primera dosis hay un avance en el rango de 4% al 8%. CABA, La Pampa y San Luis son las más adelantadas. https://t.co/iNe0fgZSJV	https://twitter.com/plenque/status/1375457807919616001	[]
plenque	Fri Mar 26 01:51:43 +0000 2021	1	0	@TajerAndres @rusosnith Todos pensamos en Disneylandia	https://twitter.com/plenque/status/1375264166169182208	[]
plenque	Fri Mar 26 01:01:16 +0000 2021	21	3	"Diferencias en el dataset de hoy 25/03 para Argentina. Son 8263 nuevos casos confirmados (8238 neto) y 146 fallecidos.

https://t.co/XwgDM5FP27 https://t.co/aAB2i1fPuL"	https://twitter.com/plenque/status/1375251470745006080	[]
plenque	Fri Mar 26 01:00:12 +0000 2021	1	0	@jmayalar Porque es sobre la PBA. Los otros días ya compartí info de CABA.	https://twitter.com/plenque/status/1375251203072913410	[]
plenque	Fri Mar 26 00:55:10 +0000 2021	1	0	@fromthewest86 Después del tuit le agregué la distribución y el stock disponible (a nivel provincia). Ahora sí tenemos buena info.	https://twitter.com/plenque/status/1375249938737721346	[]
plenque	Fri Mar 26 00:43:39 +0000 2021	2	0	@fromthewest86 Es que en el sitio también muestro datos de Perú que la está usando. Me dio fiaca hacer parametrizaciones especiales por país. Acá muestra 0 y listo!	https://twitter.com/plenque/status/1375247036807843853	[]
plenque	Fri Mar 26 00:42:22 +0000 2021	2	0	@kgalperin Es claro viéndolo en mortalidad, creo yo. Si la proyección de población es correcta, en la CABA fallecieron 4,1% del total de hombres +90 y 2,7% en el caso de las mujeres. https://t.co/Q1T84kcZlZ	https://twitter.com/plenque/status/1375246716740505608	[]
plenque	Thu Mar 25 21:09:55 +0000 2021	22	5	La PBA es heterogénea y se nota en los datos de vacunación. Fuera del AMBA un 8,26% de la población ya tiene una dosis mientras que en el conurbano ese número es 4,81%. https://t.co/U1mgH1p85y	https://twitter.com/plenque/status/1375193249539891203	[]
plenque	Thu Mar 25 20:53:34 +0000 2021	1	0	@elhipernauta Listo che.. ahí quedó. https://t.co/z3LoInYVff	https://twitter.com/plenque/status/1375189137893036038	[]
plenque	Thu Mar 25 20:17:21 +0000 2021	11	0	@PabloRichly Espero que lleguen más porque del millón ya se usaron 732.471 y probablemente otras tantas aún no reportadas.	https://twitter.com/plenque/status/1375180022152060932	[]
plenque	Thu Mar 25 18:04:14 +0000 2021	0	0	@mareubu @Rodri_LP @FernanQuirosBA Sí, claro, pero no olvidemos que esto que vemos es, seguramente, la recopilación de muchos sistemas incluidos lugares en que seguro escriben a mano primero. ¿No le dejamos ingresar lo que figura en el papel? Es difícil.	https://twitter.com/plenque/status/1375146520123736069	[]
plenque	Thu Mar 25 17:47:38 +0000 2021	1	0	"@Rodri_LP @FernanQuirosBA En el dataset de hoy hay 7774 registros que pertenecen a ""Personas de 60 o más años"" y figuran con menos de 60. Y también 2396 mayores de 60 que pertenecen a ""Personas de 18 a 59 años con Factores de Riesgo"". Qué lío."	https://twitter.com/plenque/status/1375142344165588993	[]
plenque	Thu Mar 25 17:44:16 +0000 2021	4	0	@Rodri_LP @FernanQuirosBA Pensando en el data entry, me parece más probable que pifien en la asignación de categoría que en la edad. Son poquitas y tiene lógica.	https://twitter.com/plenque/status/1375141498577158144	[]
plenque	Thu Mar 25 16:00:27 +0000 2021	0	0	@ltornarolli @eracucu Medio difícil con el nivel de vacunación que tienen.	https://twitter.com/plenque/status/1375115372643414025	[]
plenque	Thu Mar 25 15:54:41 +0000 2021	1	0	@a_urizio @Gus_Noriega No tengo idea. Supongo que no mucho porque donde más avanzaste es en personal de salud y la mayoría de los fallecidos no vienen de ahí.	https://twitter.com/plenque/status/1375113921288372232	[]
plenque	Thu Mar 25 15:47:39 +0000 2021	1	0	@a_urizio @Gus_Noriega La suma de demora biológica y administrativa hace que todavía no podamos saber con certeza el impacto de la suba en la curva de fallecidos. No descarto que suba poco como en el verano, pero no lo sabemos todavía.	https://twitter.com/plenque/status/1375112151468285962	[]
plenque	Thu Mar 25 14:47:04 +0000 2021	5	0	@PabloRichly Ojalá tuviera tu capacidad de síntesis: https://t.co/1irHmWyin9	https://twitter.com/plenque/status/1375096902258135051	[]
plenque	Thu Mar 25 14:19:37 +0000 2021	0	0	@BoliGrafica @SaludDeportesBo @mauforonda ¡Gracias!	https://twitter.com/plenque/status/1375089994063298561	[]
plenque	Thu Mar 25 14:14:46 +0000 2021	0	0	@elhipernauta En breve habilito las zonas. Permiten hacer filtros prearmados por partido. Fijate que en el dataset de casos ya lo hice. Si llego hoy lo armo. https://t.co/09ItqGmLyA	https://twitter.com/plenque/status/1375088775626424325	[]
plenque	Thu Mar 25 13:53:47 +0000 2021	4	1	@BoliGrafica @SaludDeportesBo Perdón la molestia, ¿existe algún link a un dataset con datos abiertos de casos / fallecidos COVID-19 en Bolivia? Quisiera analizar la posibilidad de incluirlo en mi sitio.	https://twitter.com/plenque/status/1375083494624362501	[]
plenque	Thu Mar 25 12:48:38 +0000 2021	1	0	"@HLost2 @ergasto Argentina no libera datos de comorbilidades. Creo que el único país que lo hace es México, pero el testeo es bastante poco así que habría que tomarlo con limitaciones. Acá permite filtrar por eso: https://t.co/NSEo198u45
El dato de IFR habría que buscarlo en journals de medicina."	https://twitter.com/plenque/status/1375067097684979714	[]
plenque	Thu Mar 25 11:02:54 +0000 2021	1	0	@LadyAAmado ¡Gracias!	https://twitter.com/plenque/status/1375040489695678469	[]
plenque	Thu Mar 25 03:12:55 +0000 2021	3	0	@ken4rab ¡Gracias!	https://twitter.com/plenque/status/1374922214626234370	[]
plenque	Thu Mar 25 03:00:55 +0000 2021	5	2	"@juanof9 @data__coso Muy bueno. Te dejo algo un poco más artesanal que armé para investigar. La data de población la toma de proyecciones siempre que se puede y censo 2010 si no (por departamento + edad no tenemos proyección). Si mirás los pedidos podés chuparte el JSON.

https://t.co/XbtJb0jIkU"	https://twitter.com/plenque/status/1374919195536789505	[]
plenque	Thu Mar 25 02:36:52 +0000 2021	1	0	@ltornarolli @fedetiberti Castellanos tiene 1,2% con dos dosis y 5,8% con una. Viene lento. https://t.co/Bk0CzlbXQT	https://twitter.com/plenque/status/1374913141612642315	[]
plenque	Thu Mar 25 02:25:39 +0000 2021	14	0	"@ergasto Acá en Argentina, diagnosticados (letalidad) sería la que sale acá: https://t.co/W2UENp2fDg

Si lo que buscás es la tasa general (IFR) hay análisis como O'Driscoll: https://t.co/nCH34oO5Nt https://t.co/tPBnA19Egq"	https://twitter.com/plenque/status/1374910318825107456	[]
plenque	Thu Mar 25 02:19:10 +0000 2021	136	40	"El explorador del sitio ya permite investigar el nuevo dataset de vacunación que liberó el MSAL. Se puede filtrar por sexo, grupos etarios, tipos de vacuna, grupos de vacunación y lugar. Refleja números absolutos o porcentaje de la población.

https://t.co/VU50xt5xhF https://t.co/Keil4NGTwh"	https://twitter.com/plenque/status/1374908686196412416	[]
plenque	Thu Mar 25 01:48:44 +0000 2021	0	0	@bjsaenz_ También en CABA. Viene feo.	https://twitter.com/plenque/status/1374901029230247937	[]
plenque	Thu Mar 25 01:27:25 +0000 2021	1	0	@mareubu ¡Gracias!	https://twitter.com/plenque/status/1374895663142555650	[]
plenque	Thu Mar 25 01:27:11 +0000 2021	17	2	"Diferencias en el dataset de hoy 24/03 para Argentina. Son 8325 nuevos casos confirmados (8302 neto) y 123 fallecidos.

https://t.co/Xw4HKEHg18 https://t.co/ll1zItsvDt"	https://twitter.com/plenque/status/1374895606108463108	[]
plenque	Wed Mar 24 22:02:45 +0000 2021	6	1	@fedetiberti @chesscom La salida es exportar	https://twitter.com/plenque/status/1374844158414848001	[]
plenque	Wed Mar 24 21:35:28 +0000 2021	1	0	@jmcos @msalnacion @fedetiberti @Rodri_LP @LANACION Pará pará que en esta yo no tuve nada que ver. Todo mérito de los otros dos.	https://twitter.com/plenque/status/1374837294553833472	[]
plenque	Wed Mar 24 21:33:53 +0000 2021	1	0	@eracucu @fedetiberti @ltornarolli La positividad viene subiendo en general. Supongo que en la 31 será cómo decís, pero sin mucha seroprevalencia es difícil imaginar el resto. https://t.co/zBWwvYYrse	https://twitter.com/plenque/status/1374836895402881027	[]
plenque	Wed Mar 24 19:09:27 +0000 2021	1	0	@gaingon Ojalá la tuviera. Seguramente sea una mezcla de factores que involucra variantes, clima, comportamiento social y otras cosas más. Me parece, ojalá me equivoque, que nunca lo vamos a tener del todo claro.	https://twitter.com/plenque/status/1374800548323598344	[]
plenque	Wed Mar 24 19:03:00 +0000 2021	1	0	@gaingon Sisisi... es un quilombo. Estamos en el piso mientras nos patean y no sabemos bien de dónde cada golpe.	https://twitter.com/plenque/status/1374798923626381326	[]
plenque	Wed Mar 24 18:44:56 +0000 2021	3	0	@EstebanDL Ningún criterio es perfecto y algunos razonables no son factibles. Hay montones para analizar: https://t.co/tjlMxJrEty	https://twitter.com/plenque/status/1374794377734848517	[]
plenque	Wed Mar 24 18:33:45 +0000 2021	9	0	@EstebanDL Si solo de riesgo hablamos tendría lógica porque aumenta con la edad, pero puede entorpecer la logística un grupo muy reducido. Hay que buscar un balance entre riesgo y masividad.	https://twitter.com/plenque/status/1374791561041612802	[]
plenque	Wed Mar 24 18:26:22 +0000 2021	7	0	@fedetiberti @desimonemartin @EcarleF @gabriel78304564 @pensandoalpedo Igual es difícil tuiter para todos los públicos al mismo tiempo. Se hace lo que se puede.	https://twitter.com/plenque/status/1374789705741504512	[]
plenque	Wed Mar 24 18:02:32 +0000 2021	3	0	@Gaby_Casla Sissi, incluso de septiembre. El primer gráfico lo muestra más claro. Más que nada fueron Chubut y Salta las provincias de carga atrasada. https://t.co/rTMGdA6d4g	https://twitter.com/plenque/status/1374783704955031553	[]
plenque	Wed Mar 24 17:47:42 +0000 2021	20	5	"Diferencias en el dataset de ayer 23/03 para Argentina. Fueron 9437 nuevos casos confirmados (9404 neto) y 153 fallecidos (152 neto).

https://t.co/ogmApFOdOZ https://t.co/5TQPIZT8oc"	https://twitter.com/plenque/status/1374779973840560131	[]
plenque	Wed Mar 24 15:59:09 +0000 2021	1	0	@franarroyo89 @OurWorldInData ¡Felicitaciones! Enorme logro!	https://twitter.com/plenque/status/1374752655021576195	[]
plenque	Wed Mar 24 13:56:43 +0000 2021	5	0	@decimononnica @vir4444 @Rodri_LP Está toooodo, pero hay que laburarlo!	https://twitter.com/plenque/status/1374721843584585729	[]
plenque	Wed Mar 24 10:20:26 +0000 2021	3	0	@srodriguezrey El de covid va rumbo a los 2 GB. Este va a ser enorme. Deberían hacer como en México: todo codificado y diccionario de datos aparte, además de zipeado.	https://twitter.com/plenque/status/1374667413371957248	[]
plenque	Wed Mar 24 02:58:35 +0000 2021	1	0	@ivokutzarida Totalmente. Un detalle es que no tienen ID así que no puedo calcular demoras.	https://twitter.com/plenque/status/1374556221760491520	[]
plenque	Wed Mar 24 02:18:16 +0000 2021	1	0	@luchoespitia Hasta ayer teníamos poco acá. Ojalá liberen pronto.	https://twitter.com/plenque/status/1374546074329833476	[]
plenque	Wed Mar 24 02:17:30 +0000 2021	4	0	@gsolovey jajajaja.... me va a llevar un poquito más, pero los muchachos que sacan reportes ad hoc seguro consiguen algo rápido.	https://twitter.com/plenque/status/1374545879227588612	[]
plenque	Wed Mar 24 02:01:58 +0000 2021	5	0	@ZulmaCucunuba ¡Síiiii! Llevo meses rezongando. Es una gran noticia.	https://twitter.com/plenque/status/1374541971168038912	[]
plenque	Wed Mar 24 01:59:29 +0000 2021	192	20	"A partir de hoy vamos a poder analizar en serio la campaña de vacunación. ¡Salió un dataset con microdatos!

https://t.co/R0gsKqrtLb"	https://twitter.com/plenque/status/1374541346686562304	[]
plenque	Wed Mar 24 01:34:17 +0000 2021	6	0	@gusludmer @rquiroga777 Sinceramente no lo creo. Es un tema muy serio como para mantenerlo oculto. A mi me parece que un cierre de fronteras es algo muy muy complejo e imagino que hay miles de cosas involucradas que no conocemos.	https://twitter.com/plenque/status/1374535003946643458	[]
plenque	Wed Mar 24 01:02:21 +0000 2021	1	0	@bjsaenz_ https://t.co/R23iTHtW4C	https://twitter.com/plenque/status/1374526969098870791	[]
plenque	Wed Mar 24 00:56:26 +0000 2021	1	0	@mesch ¡Llevo 3 años buscándole el botón de apagado a mi alarma!	https://twitter.com/plenque/status/1374525480410357764	[]
plenque	Wed Mar 24 00:54:33 +0000 2021	1	0	@MenendezPepe No queda otra que reirse para no amargarse	https://twitter.com/plenque/status/1374525004855996423	[]
plenque	Wed Mar 24 00:51:33 +0000 2021	1	0	@55Renata Que yo sepa ninguna.	https://twitter.com/plenque/status/1374524250682314759	[]
plenque	Wed Mar 24 00:47:14 +0000 2021	38	9	"¿Cómo puede ser que el dato exista y haya que ""pedirlo"" actualizado? https://t.co/uSu7ohtFFC"	https://twitter.com/plenque/status/1374523164403716098	[]
plenque	Tue Mar 23 20:34:37 +0000 2021	2	0	@srodriguezrey Las personas son buenas. Jamás harían eso.	https://twitter.com/plenque/status/1374459591665229830	[]
plenque	Tue Mar 23 17:42:33 +0000 2021	1	0	@glagomarsino @ropavese Es que es un JSON. Te bajás algún plugin para el browser y se ve fácil. https://t.co/dfL6YuPcWD	https://twitter.com/plenque/status/1374416291361005573	[]
plenque	Tue Mar 23 17:19:28 +0000 2021	4	0	cc @fedetiberti @rusosnith @SantiOlsze	https://twitter.com/plenque/status/1374410481616621578	[]
plenque	Tue Mar 23 17:19:27 +0000 2021	19	1	La idea es poder armar gráficos de evolución como el de @CuantasVacunas, pero también la distribución o incluso el stock remanente (distribuido - aplicado). https://t.co/GiNfXbLCqA	https://twitter.com/plenque/status/1374410477686562826	[]
plenque	Tue Mar 23 17:19:25 +0000 2021	7	2	Para la tabla de provincias está la información disponible desde el 26/02 gracias a la contribución de @j_e_d . El resto de los datos los estoy recopilando desde el 20/03. https://t.co/aSSunGMicZ	https://twitter.com/plenque/status/1374410467389497351	[]
plenque	Tue Mar 23 17:19:23 +0000 2021	53	8	Tuit para los que trabajan con datos de vacunación COVID-19 en Argentina. El problema que tiene el monitor es que solo muestra totales con poca info de velocidad. Estoy levantando los datos cada vez que cambia y publicando la diferencia en este webservice: https://t.co/PzAQUmQhVZ	https://twitter.com/plenque/status/1374410460733136897	[]
plenque	Tue Mar 23 11:26:00 +0000 2021	1	0	@budinero_ Eso es porque las provincias tendrían sistemas propios y luego vuelcan la info al NOMIVAC. Es medio un chino.	https://twitter.com/plenque/status/1374321526892326915	[]
plenque	Tue Mar 23 11:24:34 +0000 2021	1	0	@cxndxlxrix Un estudio de la CABA que mencionó la ministra por la radio. No sé si está publicado.	https://twitter.com/plenque/status/1374321168279343108	[]
plenque	Tue Mar 23 01:33:00 +0000 2021	1	0	@mesch https://t.co/JVHP0P996W	https://twitter.com/plenque/status/1374172292775882753	[]
plenque	Tue Mar 23 00:41:15 +0000 2021	25	3	"Diferencias en el dataset de hoy 22/03 para Argentina. Son 6423 nuevos casos confirmados (6400 neto) y 126 fallecidos.

https://t.co/QmF9hGoVWW https://t.co/s3DLoAN70I"	https://twitter.com/plenque/status/1374159271642955776	[]
plenque	Mon Mar 22 21:48:03 +0000 2021	0	0	@SeryoRojo Sí, es el término que usan las autoridades. La repetí porque la dijo exactamente así.	https://twitter.com/plenque/status/1374115682628030473	[]
plenque	Mon Mar 22 19:50:59 +0000 2021	2	0	@elhipernauta @GabrielGruber Solo CABA está publicando por grupo edad. https://t.co/ZrOIAjbEsf	https://twitter.com/plenque/status/1374086221610299394	[]
plenque	Mon Mar 22 19:25:55 +0000 2021	1	0	@deviajesycosas Creo que lo más amplio es acá: https://t.co/X1wbPr9PAe	https://twitter.com/plenque/status/1374079914681507845	[]
plenque	Mon Mar 22 17:35:57 +0000 2021	1	0	@rusosnith @SaludBAP @subsegestionsal Para el resto del país también. Creo que no tenemos nada de eso.	https://twitter.com/plenque/status/1374052238725898250	[]
plenque	Mon Mar 22 16:12:54 +0000 2021	0	0	@jmcastagnetto @FlanB1 Total país. En la CABA es bastante menor.	https://twitter.com/plenque/status/1374031341998764039	[]
plenque	Mon Mar 22 15:22:48 +0000 2021	27	0	"@melquiadess Shoppings es el extremo. En lo personal, creo que cualquier cosa tiene que cerrar antes. Por acá muchos me han dicho que ""las escuelas lo empeoran"" como si esa fuera una excusa para no abrirlas. En todo caso es una excusa para cerrar todo lo otro y eso habría que pedir."	https://twitter.com/plenque/status/1374018732117352449	[]
plenque	Mon Mar 22 15:17:51 +0000 2021	6	0	@budinero_ Sinceramente no lo sé. Prefiero no opinar demasiado porque es algo muy complejo. Pero me parece muy evidente esta prioridad como para no decir nada.	https://twitter.com/plenque/status/1374017487784833033	[]
plenque	Mon Mar 22 15:14:25 +0000 2021	566	92	Evaluaron que 4 de cada 10 estudiantes de secundario están en condición de repitencia. Hasta quienes están a favor de las medidas de restricción más estrictas deberían pedir a gritos que se cierren cines, restaurantes o prácticamente cualquier cosa antes que colegios.	https://twitter.com/plenque/status/1374016623154188294	[]
plenque	Mon Mar 22 14:50:51 +0000 2021	1	0	@MaVero1986 No hay datos suficientes para auditar a ninguna provincia. Lo que tenemos en el monitor de vacunación es esto. El resto son cuestiones que informa la prensa. https://t.co/Eplzxy9yGB	https://twitter.com/plenque/status/1374010692332892161	[]
plenque	Mon Mar 22 14:36:25 +0000 2021	33	3	"Tampoco se pueden hacer cortes por grupo de riesgo,  edades o incluso fechas reales. Lo poco que tenemos es lo que publica CABA.

No encuentro explicación razonable para que esté la información y no la publiquen."	https://twitter.com/plenque/status/1374007060153647112	[]
plenque	Mon Mar 22 14:36:24 +0000 2021	17	0	El sitio muestra pocos datos de vacunación porque la información que tenemos es escasa. Llegar al nivel provincial nos impide analizar el AMBA en su conjunto cuando el conurbano se vincula mucho más con CABA que, por ejemplo, Tordillo.	https://twitter.com/plenque/status/1374007056991191042	[]
plenque	Mon Mar 22 14:01:00 +0000 2021	1	0	@constant_hevia Estamos todos un poco obsesionados con eso: https://t.co/ZluM2jWYeN	https://twitter.com/plenque/status/1373998147182149637	[]
plenque	Mon Mar 22 02:02:55 +0000 2021	1	0	@romijuan17 Así es. Sábados baja un poco, domingos y feriados más todavía. El martes sube mientras que miércoles y jueves suelen ser los días con más casos.	https://twitter.com/plenque/status/1373817437192384514	[]
plenque	Mon Mar 22 00:37:35 +0000 2021	24	4	"Diferencias en el dataset de hoy 21/03 para Argentina. Son 4040 nuevos casos confirmados (4032 neto) y 28 fallecidos.

https://t.co/AHzrjJ6Tvf https://t.co/C9E1dFPCpL"	https://twitter.com/plenque/status/1373795959445073922	[]
plenque	Sun Mar 21 16:09:36 +0000 2021	2	0	@juvbeneguista Nono... Es que personal de salud y población &gt;80 también tienen mayoría femenina	https://twitter.com/plenque/status/1373668123161792515	[]
plenque	Sun Mar 21 15:22:37 +0000 2021	1	0	@xarkham Sisisi... El otro día compartí eso: https://t.co/yDGpXI4qDZ	https://twitter.com/plenque/status/1373656296696741889	[]
plenque	Sun Mar 21 12:58:06 +0000 2021	0	0	@fer9dic Mayores de 60 sin dudas, pero no encontré nada publicado respecto a personal de salud.	https://twitter.com/plenque/status/1373619928780136449	[]
plenque	Sun Mar 21 12:44:07 +0000 2021	59	2	Otro derivado de que los grupos priorizado posean mayoría femenina es que en CABA el 10,2% de esa población ya tiene aplicada primera dosis mientras que en la masculina es el 5,2%.	https://twitter.com/plenque/status/1373616409889099776	[]
plenque	Sun Mar 21 11:10:23 +0000 2021	1	0	@Marian0___ No hice el matcheo, pero ayer pasaron a sospechoso 22 casos fallecidos que antes eran confirmados. Más que ponerse al día pareciera que están limpiando los datos con idas y vueltas.	https://twitter.com/plenque/status/1373592820196511751	[]
plenque	Sun Mar 21 00:34:04 +0000 2021	24	2	"Diferencias en el dataset de hoy 20/03 para Argentina. Son 6859 nuevos casos confirmados (6827 neto) y 42 fallecidos (41 neto).

https://t.co/iBe46GtzOb https://t.co/bcFqwuLpRo"	https://twitter.com/plenque/status/1373432688472907779	[]
plenque	Sat Mar 20 22:25:13 +0000 2021	2	0	@RosanaToro5 @rusosnith El problema era la incertidumbre. Países como Ecuador ya tenían circulación comunitaria y no lo sabían. Nosotros no sabíamos dónde estábamos.	https://twitter.com/plenque/status/1373400262669389836	[]
plenque	Sat Mar 20 22:02:31 +0000 2021	4	0	@fedetiberti @TuQmano Igual el webservice le da la bienvenida a cuantos quieran consumirlo!	https://twitter.com/plenque/status/1373394549461164032	[]
plenque	Sat Mar 20 21:55:10 +0000 2021	3	0	@toxvaerd1 Compromiso es la mejor, pero no creo que alcance.	https://twitter.com/plenque/status/1373392701043974148	[]
plenque	Sat Mar 20 20:41:32 +0000 2021	0	0	@o_asper @MgigB @martintetaz @ernestorr @rquiroga777 Es también difícil de saber sin discriminar turismo porque el criterio de sospechoso es distinto. Lo que publica el GCBA muestra que menos.	https://twitter.com/plenque/status/1373374167584796681	[]
plenque	Sat Mar 20 20:36:59 +0000 2021	7	0	@HaceroH Claro, también docentes ahora.	https://twitter.com/plenque/status/1373373024519471113	[]
plenque	Sat Mar 20 19:48:06 +0000 2021	10	0	(no incluyo todos los grupos etarios porque conseguir las proyecciones de población que coincidan con lo que publica el GCBA es más difícil de lo que parece!)	https://twitter.com/plenque/status/1373360720931385344	[]
plenque	Sat Mar 20 19:48:05 +0000 2021	100	25	CABA es la única jurisdicción que publica datos abiertos de vacunación así que solo tengo este ejemplo. Entiendo el contexto, pero con lo que vacunamos hasta ahora la población de 31 a 50 está más cubierta con primera dosis que la población general. Tenemos que mejorarlo. https://t.co/RU4mPm0d6h	https://twitter.com/plenque/status/1373360717869543424	[]
plenque	Sat Mar 20 19:03:23 +0000 2021	1	0	@PabloMarras @MgigB @martintetaz @ernestorr @rquiroga777 Sí, habría que hacer algo en serio o al menos reclamar la metodología del GCBA si no confían. Discutir por 2 puntos de positividad con cambios de testeo en el medio no tiene sentido. Creo que lo único que más o menos sabemos es que no se desmadró.	https://twitter.com/plenque/status/1373349468360310787	[]
plenque	Sat Mar 20 18:33:45 +0000 2021	1	1	@ZulmaCucunuba Y la mayoría de los trade off también incluyen cuestiones subjetivas. No es necesario hacerlos pasar por verdades absolutas.	https://twitter.com/plenque/status/1373342010858467330	[]
plenque	Sat Mar 20 16:40:16 +0000 2021	1	0	@MgigB @martintetaz @ernestorr @rquiroga777 En cualquier caso, solo con positividad no podemos asegurar si hay mayor o menor prevalencia y mucho menos saber si hubo contagios en los colegios. Eso es lo que informa el GCBA y en todo caso habría que reclamarles la metodología. Si hubiera sido un desastre se notaría, eso sí.	https://twitter.com/plenque/status/1373313451037179906	[]
plenque	Sat Mar 20 16:36:04 +0000 2021	12	0	@fedetiberti Supongo que son los stocks de seguridad que llevan los transportes. Si sobra se aprovecha.	https://twitter.com/plenque/status/1373312396744400896	[]
plenque	Sat Mar 20 16:28:32 +0000 2021	0	0	"@MgigB @martintetaz @ernestorr @rquiroga777 A mi 0-9 me da con tendencia a la baja, no muy distinto al gráfico que compartió Martín que supongo es de fuentes oficiales. Otra posible diferencia es que el gráfico habla de ""Fecha de muestra"" y en los datasets públicos solo está la de diagnóstico."	https://twitter.com/plenque/status/1373310500944105474	[]
plenque	Sat Mar 20 16:26:02 +0000 2021	2	0	@MgigB @martintetaz @ernestorr @rquiroga777 Desempato con los tres grupos de edad. Es positividad semanal (positivos última semana / diagnósticos última semana). El 19/03 hay que tomarlo con pinzas porque hay un sesgo a la carga de positivos el mismo día. https://t.co/UNtOfGm73b	https://twitter.com/plenque/status/1373309869357477890	[]
plenque	Sat Mar 20 15:42:12 +0000 2021	3	0	"@MgigB @martintetaz @ernestorr @rquiroga777 Es imposible verificar con los datos públicos la positividad de &gt;12 ""limpia"" porque el turismo está bajando y cambia la definición de sospechoso. Es esperable que suba porque se testean muchos menos asintomáticos."	https://twitter.com/plenque/status/1373298839101247489	[]
plenque	Sat Mar 20 02:36:03 +0000 2021	2	0	@Rodri_LP @GguidoMuni @TordilloPrensa @haolivera En tu cara Gibraltar	https://twitter.com/plenque/status/1373100996474322945	[]
plenque	Sat Mar 20 02:28:52 +0000 2021	1	0	@maaadpchrl Si, hay una subida que por ahora parece leve, pero la positividad viene en alza a nivel país. No estoy seguro de cómo normalizar casos por testeo, pero el ratio de casos / tests (positividad) lo podés ver acá para país y provincias: https://t.co/IwI3Cs7JnF	https://twitter.com/plenque/status/1373099190914539523	[]
plenque	Sat Mar 20 01:59:01 +0000 2021	5	0	@mesch https://t.co/AndnJQ4dWB	https://twitter.com/plenque/status/1373091679964643333	[]
plenque	Sat Mar 20 01:43:24 +0000 2021	1	0	@carlos_m_blanco Nono... solo no son COVID confirmado. Igual hubo resucitados por errores de carga, pero 22 en un día sería demasiado.	https://twitter.com/plenque/status/1373087747049730050	[]
plenque	Sat Mar 20 01:35:41 +0000 2021	16	3	Hoy hubo un suceso raro. 22 casos fallecidos confirmados de Salta pasaron a estado sospechoso y por eso la diferencia entre fallecidos nuevos y neto.	https://twitter.com/plenque/status/1373085807448358914	[]
plenque	Sat Mar 20 01:34:13 +0000 2021	31	7	"Diferencias en el dataset de hoy 19/03 para Argentina. Son 8257 nuevos casos confirmados (8159 neto) y 113 fallecidos (90 neto).

https://t.co/YmxvYOuiqD https://t.co/nowZ75ULDp"	https://twitter.com/plenque/status/1373085435170263040	[]
plenque	Fri Mar 19 22:40:33 +0000 2021	1	0	@deviajesycosas Fijate acá. También podés ver otros países. https://t.co/MICXCqSLs6	https://twitter.com/plenque/status/1373041731273379846	[]
plenque	Fri Mar 19 22:17:51 +0000 2021	10	0	@martintetaz @ernestorr @rquiroga777 @PadresOrg ¿El gráfico lo compartió el GCBA?	https://twitter.com/plenque/status/1373036021517058049	[]
plenque	Fri Mar 19 22:11:23 +0000 2021	0	0	@JuanJuanete @ltornarolli Sí, porque incluye total de camas. Podés usarlo para graficar acá:  https://t.co/VU50xt5xhF https://t.co/fygVtK7JVX	https://twitter.com/plenque/status/1373034392575217664	[]
plenque	Fri Mar 19 22:08:05 +0000 2021	2	0	"@JuanJuanete @ltornarolli CABA publica un dataset en que incluye la info que vuelca en el reporte diario. Es mejor que nada, pero tampoco es demasiado.

https://t.co/qbtAf2KiQo https://t.co/mcPrOmT9Cp"	https://twitter.com/plenque/status/1373033562052657153	[]
plenque	Fri Mar 19 21:34:22 +0000 2021	4	0	@fmendiguren ¡Gracias!	https://twitter.com/plenque/status/1373025076573044749	[]
plenque	Fri Mar 19 21:31:13 +0000 2021	7	0	@ltornarolli Hizo muchos movimientos raros y no hay datos abiertos. Es muy difícil de entenderlo.	https://twitter.com/plenque/status/1373024281987317761	[]
plenque	Fri Mar 19 17:38:14 +0000 2021	0	0	@saavibal @Epi_Net @Lmas94230039 @FernanQuirosBA @Soledad_Acunia No dije que tuviera razón. Dije que no le iba a responder y lo mismo voy a hacer yo a partir de ahora. Igual tiene todo internet para aprender sobre epidemiología y lo recomiendo.	https://twitter.com/plenque/status/1372965649815900164	[]
plenque	Fri Mar 19 17:00:12 +0000 2021	0	0	@saavibal @Epi_Net @Lmas94230039 @FernanQuirosBA @Soledad_Acunia Le está indicando a una cuenta especializada en epidemiología que un método clásico y básico de esa ciencia, comprobable por todo internet o con cualquier profesional, es un artilugio. Yo no esperaría respuesta.	https://twitter.com/plenque/status/1372956079370424322	[]
plenque	Fri Mar 19 14:20:27 +0000 2021	3	0	@damiancalabresi @CuantasVacunas Es que CABA no recibió 500k de Sinopharm. Creo que no sabemos con certeza cuántas recibió cada jurisdicción por tipo. Pongo como ejemplo a CABA porque es la que va más avanzada nomás.	https://twitter.com/plenque/status/1372915877344067584	[]
plenque	Fri Mar 19 14:13:54 +0000 2021	1	0	@wd40guille Pero es un tema serio que a la gente la preocupa. Si fueran las vacaciones de Pampita lo entiendo, pero acá falta información.	https://twitter.com/plenque/status/1372914231218176008	[]
plenque	Fri Mar 19 14:03:14 +0000 2021	25	3	Mucha especulación en las respuestas. Falta información. https://t.co/UTBPchHu4U	https://twitter.com/plenque/status/1372911543214608385	[]
plenque	Fri Mar 19 13:40:09 +0000 2021	0	0	@Tonga23 @CuantasVacunas Entiendo, pero el cálculo es independiende de a quién se le aplique. Ya aplicamos más de la mitad del disponible y solo primeras dosis.	https://twitter.com/plenque/status/1372905735693172743	[]
plenque	Fri Mar 19 13:35:19 +0000 2021	1	0	@Tonga23 @CuantasVacunas Lo que digo es que no dan los tiempos para aplicar segunda dosis y ya aplicaste más de 500k.	https://twitter.com/plenque/status/1372904521253392387	[]
plenque	Fri Mar 19 13:33:44 +0000 2021	2	0	@Tonga23 @CuantasVacunas Entonces, simplificando, ¿aplicaron 500k y se guardaron 500k para la segunda? Pasa que en CABA, que es la que va más rápido, todavía no se aplicaron segundas dosis y ya superaste los 500k.	https://twitter.com/plenque/status/1372904122228297731	[]
plenque	Fri Mar 19 13:26:25 +0000 2021	58	12	"Los últimos días parece haber disminuido el ritmo de aplicación de Sinopharm. Lo extraño es que llevamos reportadas 651.293 aplicaciones y en total eran 1 millón.  Lo mismo se ve en CABA. Puede que se trate de demoras de reporte.

(El primer gráfico es de @CuantasVacunas) https://t.co/YWNu3DrO6g"	https://twitter.com/plenque/status/1372902280794677256	[]
plenque	Fri Mar 19 01:19:53 +0000 2021	0	0	@rusosnith Sí, estuve investigando (poquito) y no encontré nada. Lo otro que se me ocurrió es buscar en México, a igual comorbilidad, la letalidad para ambos sexos. También da  un poquito más. Está página permite filtrar por comorbilidad: https://t.co/NSEo198u45	https://twitter.com/plenque/status/1372719442153648130	[]
plenque	Fri Mar 19 01:11:02 +0000 2021	0	0	@SergioSergue Sí, eso de los grupos puse en el tuit siguiente. Me faltaron los docentes nomás. Yo no creo que los que definieron la política pública ignoraran esto así que imagino que no debe ser tan fácil.	https://twitter.com/plenque/status/1372717216450412546	[]
plenque	Fri Mar 19 00:55:59 +0000 2021	5	0	@rusosnith Eso incidiría más que nada en el contagio, pero entre los ya contagiados la letalidad es mayor en hombres que mujeres. No me animaría a descartar factores biológicos.	https://twitter.com/plenque/status/1372713428184403976	[]
plenque	Fri Mar 19 00:48:17 +0000 2021	24	7	"Diferencias en el dataset de hoy 18/03 para Argentina. Son 8362 nuevos casos confirmados (8328 neto) y 155 fallecidos.

https://t.co/ULFtkeHDer https://t.co/N79xbGEDnB"	https://twitter.com/plenque/status/1372711489849688067	[]
plenque	Thu Mar 18 22:45:31 +0000 2021	1	0	@ndchiariello Sí, es parecido. https://t.co/NX1ndcDLn8	https://twitter.com/plenque/status/1372680595030036485	[]
plenque	Thu Mar 18 21:01:25 +0000 2021	1	0	@gragarciaap Es que si son más se anotan más para vacunarse. Lo de los cuidados podría ser, pero no tengo manera de chequearlo.	https://twitter.com/plenque/status/1372654397008793611	[]
plenque	Thu Mar 18 20:25:09 +0000 2021	4	0	@a_urizio Yo creo que sí, pero viene de unos días antes así que supongo que hubo varias situaciones de ese tipo.	https://twitter.com/plenque/status/1372645268684963840	[]
plenque	Thu Mar 18 20:21:44 +0000 2021	0	0	@diegobillon @AlejandrodeBar1 Es difícil poder asegurarlo. Los datos de México incluyen comorbilidades y permiten calcular la letalidad para esos dos escenarios. Pareciera ser más alta en la persona de 80 años. Las otras consideraciones son más subjetivas. https://t.co/M3eUB3dB1y	https://twitter.com/plenque/status/1372644410534559752	[]
plenque	Thu Mar 18 20:16:50 +0000 2021	73	17	El operativo turismo de CABA incluye jóvenes a partir de 12 años. Ahora que se publicó la info podemos verificar que el pico que vimos a inicios de febrero y la suba de estos últimos días estuvo, al menos en parte, relacionada con el turismo. https://t.co/AVHXhIhMQq	https://twitter.com/plenque/status/1372643174783537152	[]
plenque	Thu Mar 18 18:17:18 +0000 2021	2	0	@JaviA96 Primero habría que comprobar si la diferencia es por comportamiento. No recuerdo haber leído nada al respecto.	https://twitter.com/plenque/status/1372613096452337666	[]
plenque	Thu Mar 18 18:03:33 +0000 2021	1	0	@alvarezegonzalo Sí, claro, lo puse en el tuit siguiente. Además tienen mayor expectativa de vida.	https://twitter.com/plenque/status/1372609636755460098	[]
plenque	Thu Mar 18 16:11:42 +0000 2021	2	0	@Tipazo94 No tengo ni la menor idea la verdad.	https://twitter.com/plenque/status/1372581485040037907	[]
plenque	Thu Mar 18 16:11:13 +0000 2021	0	0	@Tonga23 La decisión va más allá de los riesgos. No creo que esto no haya sido tenido en cuenta, pero es bueno conocerlo.	https://twitter.com/plenque/status/1372581365733003264	[]
plenque	Thu Mar 18 15:53:23 +0000 2021	1	0	@AlejandrodeBar1 Muy buen punto. No sé si se puede extrapolar, pero México incluye comorbilidades en el dataset. Si busco solo fallecidos con EPOC dan un poco menos las mujeres, pero parecido. https://t.co/q7VbRpzdi8	https://twitter.com/plenque/status/1372576876179423240	[]
plenque	Thu Mar 18 15:43:48 +0000 2021	25	1	Las causas por las que se vacunan más mujeres son la feminización del sistema de salud y su mayor expectativa de vida.	https://twitter.com/plenque/status/1372574466883092483	[]
plenque	Thu Mar 18 15:43:47 +0000 2021	60	14	Imagino montones de complicaciones, pero tendría lógica incluir el sexo en las prioridades de vacunación. En CABA se vacunan más mujeres que hombres cuando los fallecimientos por decil muestran que el riesgo de cada uno en hombres se aproxima al siguiente en mujeres. https://t.co/h3EAeGVICn	https://twitter.com/plenque/status/1372574463682822148	[]
plenque	Thu Mar 18 12:21:24 +0000 2021	13	2	@pasantemossad Hasta el 15/03 se aplicaron 210233 (83,48%) en el sistema público y 41610 (16,52%) en el sistema privado. La verdad que no entiendo mucho esa discusión. A mi personalmente me da lo mismo el dueño del boliche mientras se maximicen los pinchazos y de eso estamos lejos.	https://twitter.com/plenque/status/1372523531439894537	[]
plenque	Thu Mar 18 02:49:26 +0000 2021	1	0	@PicassoBursatil 🙏	https://twitter.com/plenque/status/1372379587968131074	[]
plenque	Thu Mar 18 00:38:00 +0000 2021	22	3	"Diferencias en el dataset de hoy 17/03 para Argentina. Son 8317 nuevos casos confirmados (8304 neto) y 195 fallecidos.

https://t.co/C1UewcMxsh https://t.co/l7pljluAVL"	https://twitter.com/plenque/status/1372346512190099460	[]
plenque	Wed Mar 17 22:08:34 +0000 2021	1	0	@LFaigon @fedetiberti @CuantasVacunas Los filtros que brinda el dataset de CABA son sector origen, grupo etario y tipo de vacuna. No tiene ni sede ni categoría de riesgo.	https://twitter.com/plenque/status/1372308908186992641	[]
plenque	Wed Mar 17 22:08:01 +0000 2021	1	0	"@LFaigon @fedetiberti @CuantasVacunas Como es de CABA puse la info solo en el explorador.  Deberías seleccionar que el origen de los datos es ""Vacunados CABA"" y ahí ya trae los filtros como en la imagen. Luego le das a ""Agregar datos"" y en la fila siguiente seleccionás métrica y la agregás.

https://t.co/VU50xt5xhF https://t.co/PCgyB84lqc"	https://twitter.com/plenque/status/1372308767153459215	[]
plenque	Wed Mar 17 19:55:32 +0000 2021	3	0	@ltornarolli La semana pasada aparecieron casos con edades negativas... ni para aforismo da. Todavía quedan algunos. Este señor pasó de tener 84 a -15 años: https://t.co/f3FF6Z9pXI	https://twitter.com/plenque/status/1372275427700584452	[]
plenque	Wed Mar 17 19:44:34 +0000 2021	15	1	@PabloRichly Los que seguimos el día a día de bases de COVID podemos dar fe. Por eso siempre contemplo que puedo estar frente a un error cuando veo algo raro.	https://twitter.com/plenque/status/1372272666980331528	[]
plenque	Wed Mar 17 19:41:27 +0000 2021	2	0	@diegonomic @ajmechet ¡No tengo ni idea! Todo esto salió hoy y todavía ni tuve tiempo de ver. Datos abiertos creo que no hay.	https://twitter.com/plenque/status/1372271885950533634	[]
plenque	Wed Mar 17 16:30:59 +0000 2021	1	0	@fromthewest86 Puede ser. También pueden entrar médicos en actividad privada y cosas así. Es una pena que no discrimine eso.	https://twitter.com/plenque/status/1372223953352163330	[]
plenque	Wed Mar 17 14:55:02 +0000 2021	3	0	"@ProgramaAEDuns Totalmente. Ya varias veces cerré discusiones con ""si pensás que X es Gárgamel no hay mucho que podamos analizar""."	https://twitter.com/plenque/status/1372199805464772608	[]
plenque	Wed Mar 17 14:21:22 +0000 2021	2	0	@WinogradVictor @lucasllach Totalmente. El otro día lo quise poner en números: https://t.co/LQSNjvu78z	https://twitter.com/plenque/status/1372191331599138820	[]
plenque	Wed Mar 17 14:08:52 +0000 2021	9	1	@lucasllach Entre docentes y sistema de salud ya tenés 135k de vacunados sub 80 en CABA. Es una pena que en la info no permitan discriminar la categoría. https://t.co/4grnWCDdNY	https://twitter.com/plenque/status/1372188186147950595	[]
plenque	Wed Mar 17 13:58:42 +0000 2021	2	0	@queresaber2 Fijate que lo puse en uno de los tuits. Podemos filtrar por edad y sector (público nacional, público ciudad, privado), pero no podemos distinguir si es salud o docentes. La enorme mayoría de &gt;80 son en el sistema público de la ciudad. https://t.co/L3bXot6NZ1	https://twitter.com/plenque/status/1372185627056308225	[]
plenque	Wed Mar 17 13:46:43 +0000 2021	0	0	"@marcez1989 Ojalá. Por ahora, la info que tenemos solo llega a lo que muestra el monitor. Por eso no armé nada elaborado en el sitio.

https://t.co/XReJ119Ok3"	https://twitter.com/plenque/status/1372182614317092866	[]
plenque	Wed Mar 17 13:43:15 +0000 2021	13	0	Además se puede filtrar por tipo de vacuna. Aquí podemos comprobar que Sinopharm se aplica casi únicamente a menores de 60. Hay 45 excepciones que probablemente sean errores. https://t.co/U9qlFz6rK5	https://twitter.com/plenque/status/1372181742111621124	[]
plenque	Wed Mar 17 13:43:14 +0000 2021	12	2	También se puede ver el avance por grupos etarios. 81-90 se lleva la mayoría, pero hay de todas las edades y es lógico por la mezcla con personal de salud y docentes. Por desgracia, no se puede filtrar por estas categorías. https://t.co/5IegyGfkWy	https://twitter.com/plenque/status/1372181735883018245	[]
plenque	Wed Mar 17 13:43:12 +0000 2021	38	8	"El explorador del sitio ya permite investigar el dataset de vacunación que publicó CABA. Aquí una imagen que muestra que la mayoría de las aplicaciones se realizaron en efectores del sistema público de la ciudad.

https://t.co/VU50xt5xhF https://t.co/gCRzbqaEwT"	https://twitter.com/plenque/status/1372181728731758598	[]
plenque	Wed Mar 17 13:17:30 +0000 2021	33	6	"@RubinsteinOk Hace unos días salió esta nota interesante sobre el tema, pero no contempla el escenario de escasez.

https://t.co/AmnX1qSt9T"	https://twitter.com/plenque/status/1372175259802214402	[]
plenque	Wed Mar 17 12:58:51 +0000 2021	1	0	@ltornarolli https://t.co/bwMCjWtTkp	https://twitter.com/plenque/status/1372170565633638401	[]
plenque	Wed Mar 17 12:53:15 +0000 2021	25	6	Creo que el exceso de respuestas viene acompañado de la falta de preguntas.	https://twitter.com/plenque/status/1372169156221616130	[]
plenque	Wed Mar 17 12:23:58 +0000 2021	1	0	"@J3busD @quibaldova ¿16/06 del año pasado? Creo que no tengo datos para eso porque el reporte diario lo calculo desde más o menos esa fecha. Pero si te refería al día de ayer, te dejo el link al reporte diario. Si uno clickea en las viñetas se ""apagan"" las otras provincias.

https://t.co/TIwm9UB6JR https://t.co/VciTnHVin1"	https://twitter.com/plenque/status/1372161787194400776	[]
plenque	Wed Mar 17 02:27:54 +0000 2021	2	0	@PabloRichly Falta para que salga algo relacionado con la nueva variante, ¿no?	https://twitter.com/plenque/status/1372011782244536321	[]
plenque	Wed Mar 17 02:24:41 +0000 2021	1	0	@choosenombre Claro, pero estamos en máximos de 10k aprox. por estos días. Yo no puedo saber si a 30k no llegan por decisión o por no tener producto, pero desagregando por producto pareciera que uno se acaba y siguen con los otros.	https://twitter.com/plenque/status/1372010972433485826	[]
plenque	Wed Mar 17 02:20:19 +0000 2021	1	0	@choosenombre La verdad que no lo puedo saber. Trato de interpretar los gráficos nomás, pero es imposible tener certezas.	https://twitter.com/plenque/status/1372009873903353860	[]
plenque	Wed Mar 17 02:18:12 +0000 2021	6	0	@a_urizio Sí, pero yo siempre trato de chequear lo que dicen contra los datos publicados. Y tiene lógica viendo todos esos vaivenes. Obvio que es imposible saberlo con certeza.	https://twitter.com/plenque/status/1372009343651098627	[]
plenque	Wed Mar 17 02:12:20 +0000 2021	14	2	Va también la suma total de aplicaciones diarias. https://t.co/GDK7f0nVaO	https://twitter.com/plenque/status/1372007866991849473	[]
plenque	Wed Mar 17 02:00:33 +0000 2021	103	23	Viendo la evolución de las aplicaciones de primera dosis por tipo de vacuna en CABA parecería ser bastante claro que la limitante es la disponibilidad. https://t.co/vK6cfvl8Ee	https://twitter.com/plenque/status/1372004898192158730	[]
plenque	Wed Mar 17 01:29:59 +0000 2021	0	0	@anaradoblep @mesch https://t.co/e8srNXlWCs	https://twitter.com/plenque/status/1371997208174854149	[]
plenque	Wed Mar 17 00:50:03 +0000 2021	3	0	@Nicolas_Ajz No sé si estás ahí, pero qué lugar hermoso el DF.	https://twitter.com/plenque/status/1371987157976498182	[]
plenque	Wed Mar 17 00:36:01 +0000 2021	31	2	"Diferencias en el dataset de hoy 16/03 para Argentina. Son 8258 nuevos casos confirmados (8235 neto) y 202 fallecidos (200 neto).

https://t.co/qDJA6x9ztE https://t.co/nlPC9Wi5pf"	https://twitter.com/plenque/status/1371983625785315329	[]
plenque	Tue Mar 16 23:18:37 +0000 2021	0	0	@ivanfbf Sí, algo de eso hay. Fíjate que a ppios de febrero también hubo una subida fuerte en adolescentes y ahora sabemos que algo de turismo hubo también.	https://twitter.com/plenque/status/1371964148351897606	[]
plenque	Tue Mar 16 22:30:54 +0000 2021	2	0	@a_urizio @sek1982 Esto es por fecha de reporte así que sería baja... pero hay que darle unos días.	https://twitter.com/plenque/status/1371952141284282372	[]
plenque	Tue Mar 16 22:21:39 +0000 2021	1	0	@a_urizio @sek1982 Sobre una población que incluye asintomáticos es bastante, pero pareciera más bien un problema circunstancial por esos vuelos llenos de pibes que se contagiaron.	https://twitter.com/plenque/status/1371949813441368066	[]
plenque	Tue Mar 16 22:20:51 +0000 2021	1	0	"@alxprince @andy_tow Creo que todo eso está publicado menos el % de prevalencia de comorbilidades. De eso no encontré nada.  Acá la distribución (acumulada): https://t.co/XReJ119Ok3

Tampoco encontré el % de personal de salud, solo este resumen: https://t.co/bosOAlCLYR"	https://twitter.com/plenque/status/1371949612903378944	[]
plenque	Tue Mar 16 22:15:49 +0000 2021	3	0	@sek1982 Ojo que la que pega el salto grande grande es la de positividad. Supongo que tiene que ver con esos viajes de Cancún que salieron en la prensa.	https://twitter.com/plenque/status/1371948343392342022	[]
plenque	Tue Mar 16 20:57:19 +0000 2021	0	0	@bjsaenz_ 0 de 13 para ser exactos. Esperemos que siga así.	https://twitter.com/plenque/status/1371928588304416773	[]
plenque	Tue Mar 16 20:51:50 +0000 2021	1	0	@bjsaenz_ Son datos hasta ayer porque todavía no actualicé, jajaja. Era actualizar o meter la info en el explorador. Dame un ratito!	https://twitter.com/plenque/status/1371927208441360386	[]
plenque	Tue Mar 16 20:39:43 +0000 2021	0	0	@bjsaenz_ Calculo que mañana agrego el de vacunación.	https://twitter.com/plenque/status/1371924158486089733	[]
plenque	Tue Mar 16 20:37:54 +0000 2021	1	0	cc @bjsaenz_	https://twitter.com/plenque/status/1371923703697707009	[]
plenque	Tue Mar 16 20:35:18 +0000 2021	28	1	"El explorador del sitio ya permite graficar la información del dataset de turismo que publicó el GCBA. La información se puede filtrar por sexo, grupo etario y dispositivo. 

https://t.co/VU50xt5xhF https://t.co/SFsxiDr1xv"	https://twitter.com/plenque/status/1371923047209394184	[]
plenque	Tue Mar 16 12:14:02 +0000 2021	1	0	@Remamos2 @Estefi_Peralta Tomaría seriamente esa posición si se estuviera poniendo el mismo ahínco en que cierren los cines. Pero si pongo un post pidiendo eso nadie me va a dar bola y me van a tratar de loco.	https://twitter.com/plenque/status/1371796899632648194	[]
plenque	Tue Mar 16 12:10:08 +0000 2021	1	0	@Remamos2 @Estefi_Peralta No, no va cambiando la cosa porque esa fue siempre mi opinión. Y no, no sirve no priorizar actividades como si todo fuera lo mismo.	https://twitter.com/plenque/status/1371795921084817419	[]
plenque	Tue Mar 16 11:31:36 +0000 2021	1	0	@Remamos2 @Estefi_Peralta No estoy en contra de cerrar colegios si es necesario. Estoy en contra de que esté todo abierto y solo hablemos de cuánto contagio causan los colegios como si el resto no existiera.	https://twitter.com/plenque/status/1371786221354106880	[]
plenque	Tue Mar 16 00:38:10 +0000 2021	29	9	"Diferencias en el dataset de hoy 15/03 para Argentina. Son 6205 nuevos casos confirmados (6164 neto) y 166 fallecidos.

https://t.co/1qeUYHyp00 https://t.co/ZnnPwvJWZV"	https://twitter.com/plenque/status/1371621781539319812	[]
plenque	Mon Mar 15 21:47:07 +0000 2021	2	0	@Crst_C @octaviobramajo Qué sería de nosotros sin Octavio, el demógrafo oficial de Tuiter.	https://twitter.com/plenque/status/1371578734336208896	[]
plenque	Mon Mar 15 21:21:43 +0000 2021	0	0	@AEpidemiologa @ZulmaCucunuba with a little help from the beer	https://twitter.com/plenque/status/1371572342908977156	[]
plenque	Mon Mar 15 17:00:26 +0000 2021	12	0	@uadlup Ojalá fuera solo epidemiología lo que hay que evaluar. Es un tema super complejo.	https://twitter.com/plenque/status/1371506588813565956	[]
plenque	Mon Mar 15 14:40:40 +0000 2021	3	0	@libertadargenti Sinceramente no sé cómo y cuándo, pero comparto que las prioridades las tenemos que fijar bien claras antes.	https://twitter.com/plenque/status/1371471413304041474	[]
plenque	Mon Mar 15 14:34:53 +0000 2021	2	0	@taecano Sinceramente no lo sé. La info es muy compleja.	https://twitter.com/plenque/status/1371469957595340800	[]
plenque	Mon Mar 15 14:31:08 +0000 2021	35	5	Primeros análisis del nuevo dataset del GCBA. Habría una  reciente subida de casos 0-19 asociados al turismo. No alcanzan las curvas para entender la dinámica de las escuelas. https://t.co/gn8NpkkYIC	https://twitter.com/plenque/status/1371469013797208065	[]
plenque	Mon Mar 15 00:34:55 +0000 2021	26	3	"Diferencias en el dataset de hoy 14/03 para Argentina. Son 3700 nuevos casos confirmados (3697 neto) y 24 fallecidos.

https://t.co/oBnZnC9hZ9 https://t.co/VjEFxOgohJ"	https://twitter.com/plenque/status/1371258574794600457	[]
plenque	Sun Mar 14 22:55:25 +0000 2021	0	0	@bjsaenz_ @ken4rab @rquiroga777 Muy bueno che. Prometo que en breve lo agrego, pero esta vez le tocó al laburo titular.	https://twitter.com/plenque/status/1371233535072342016	[]
plenque	Sun Mar 14 20:56:15 +0000 2021	0	0	@andrestesone Arrancamos por el sistema de salud que tiene mayormente personal femenino.	https://twitter.com/plenque/status/1371203546071326721	[]
plenque	Sun Mar 14 14:43:59 +0000 2021	14	3	@Apuntes_ 36,3% del rango 51-60 tienen primera dosis. Hay un tablerito publicado: https://t.co/MavuC9py2q	https://twitter.com/plenque/status/1371109858980806663	[]
plenque	Sun Mar 14 14:35:37 +0000 2021	1	0	@ltornarolli @ivanfbf @elpais_america @octaviobramajo En México y Perú tenés microdatos con causa de muerte así que es bastante simple llegar a algo razonable. Imperfecto, pero más cercano. Si seguís a gente de esos países algo ya están armando.	https://twitter.com/plenque/status/1371107754841153542	[]
plenque	Sun Mar 14 12:50:02 +0000 2021	2	0	@gabrielzelpo Con mucho avance de vacunación la curva de casos ya no es tan útil y hay que enfocarse en internaciones. No veo la hora.	https://twitter.com/plenque/status/1371081184290177028	[]
plenque	Sun Mar 14 12:10:58 +0000 2021	4	0	@MenendezPepe @rquiroga777 No reniego de la discusión y es interesante, pero hay que verla en un contexto. Aquí no tenemos ni la menor idea del impacto en la transmisión comunitaria de nada y está todo abierto. La idea es saber qué conviene cerrar y solo analizamos la actividad más beneficiosa.	https://twitter.com/plenque/status/1371071351709122562	[]
plenque	Sun Mar 14 12:06:23 +0000 2021	0	0	@melquiadess Espero que no sea así. Estaríamos usando tiempo valioso para analizar una sola actividad cuando hay otras más riesgosas e infinitamente menos beneficiosas.	https://twitter.com/plenque/status/1371070200104284162	[]
plenque	Sun Mar 14 01:35:59 +0000 2021	0	0	@rskiadaressis @ferbercovich @srodriguezrey jajajaja.... no... cruzamos unos mensajes por acá. Perdón la confusión.	https://twitter.com/plenque/status/1370911553529217024	[]
plenque	Sun Mar 14 01:32:27 +0000 2021	3	0	@rskiadaressis @ferbercovich El otro día hablamos del tema con @srodriguezrey ... capaz que le interesa.	https://twitter.com/plenque/status/1370910666073239562	[]
plenque	Sun Mar 14 00:44:46 +0000 2021	1	0	@mesch A la vuelta de la Madonina. Hace rato que no voy, pero era bueno. No sé si para ir con chicos.	https://twitter.com/plenque/status/1370898664361754626	[]
plenque	Sun Mar 14 00:37:05 +0000 2021	20	4	"Diferencias en el dataset de hoy 13/03 para Argentina. Son 6319 nuevos casos confirmados (6278 neto) y 68 fallecidos.

https://t.co/ecjjQ8h2Ek https://t.co/tIgzwXw0Tb"	https://twitter.com/plenque/status/1370896731282538498	[]
plenque	Sun Mar 14 00:32:35 +0000 2021	3	0	@sebacampanario A Yatay, pero ya hace unos años. Técnico en sistemas. Gran colegio realmente.	https://twitter.com/plenque/status/1370895599730626562	[]
plenque	Sun Mar 14 00:29:26 +0000 2021	2	0	@sebacampanario ¿Yatay o Montañeses?	https://twitter.com/plenque/status/1370894807959285767	[]
plenque	Sat Mar 13 20:14:45 +0000 2021	1	0	@JuanitoCandanga @eduardoyeyati @ArtanaDaniel Excelente noticia! Imagino personal de salud... Debe darle tranquilidad.	https://twitter.com/plenque/status/1370830712773951489	[]
plenque	Sat Mar 13 19:07:39 +0000 2021	2	0	@rquiroga777 No puedo hablar por ellos.	https://twitter.com/plenque/status/1370813827449774080	[]
plenque	Sat Mar 13 19:07:03 +0000 2021	3	0	@ernestorr @hitchpster @ivancarrino @decimononnica No está en mis capacidades cambiar o corregir la opinión de todo el mundo en tuiter. Hice un sitio para compartir información veraz y lo comparto con todos, incluso con los que no opinan lo mismo que yo.  Si eso no te  alcanza como explicación no hay problema.	https://twitter.com/plenque/status/1370813676991696901	[]
plenque	Sat Mar 13 19:04:04 +0000 2021	2	0	@romijuan17 Sí, es una posibilidad. La positividad baja en el rango 0-11 y quizás sea por eso.	https://twitter.com/plenque/status/1370812924906901509	[]
plenque	Sat Mar 13 18:54:43 +0000 2021	10	0	@rquiroga777 Tu hilo está entre todos los que leí al respecto. Comparto las preocupaciones, pero me gustaría que busquemos y reclamemos ese escrutinio miniucioso en todas las actividades. Le haría bien a la discusión.	https://twitter.com/plenque/status/1370810573659705347	[]
plenque	Sat Mar 13 18:50:00 +0000 2021	1	0	@ernestorr @hitchpster @ivancarrino @decimononnica Solo respondo por el uso del plural. Si querés leer mi opinión personal sobre el tema podés leerla acá: https://t.co/1irHmWyin9	https://twitter.com/plenque/status/1370809383286870018	[]
plenque	Sat Mar 13 18:31:52 +0000 2021	2	0	@sebas_libertad Me parece bien cerrarlas si es necesario. No estoy en contra de eso. El hilo habla de prioridades nomás.	https://twitter.com/plenque/status/1370804820119060485	[]
plenque	Sat Mar 13 18:29:59 +0000 2021	1	0	@verytoan No estoy al tanto la verdad. No he visto. Yo no entiendo demasiado sobre el contagio, pero me gustaría tener algún análisis sobre riesgo por actividad para que sea bien claro. De acá no vi nada.	https://twitter.com/plenque/status/1370804348893204481	[]
plenque	Sat Mar 13 18:23:15 +0000 2021	15	0	@arimartg @rquiroga777 No respondo a nadie en particular. Son varias semanas en que veo personas muy preocupadas por la transmisión comunitaria que pueden generar las escuelas. La comparto, pero está todo demasiado focalizado en ellas.	https://twitter.com/plenque/status/1370802651810648068	[]
plenque	Sat Mar 13 16:09:08 +0000 2021	89	23	El fin de semana pasado 100.000 personas fueron a los cines. Algo así como el 25% de los vacunados con 2 dosis. ¿Por qué nadie está preguntando cómo eso aumentará la circulación comunitaria? https://t.co/0f2ZLFPfAB	https://twitter.com/plenque/status/1370768902104485892	[]
plenque	Sat Mar 13 15:51:16 +0000 2021	1	0	@hmp140467 Podrán demostrar que aumentan, pero la causalidad no es nada simple. Los números no están y dudo que vayan a llegar a esta altura. La discusión pasa a ser de prioridades.	https://twitter.com/plenque/status/1370764407110766599	[]
plenque	Sat Mar 13 15:50:09 +0000 2021	1	0	@ArtanaDaniel Así es. Se actualiza aquí: https://t.co/XReJ119Ok3	https://twitter.com/plenque/status/1370764126138535940	[]
plenque	Sat Mar 13 15:22:05 +0000 2021	3	0	@AJFG10 Sí, cuesta, hay un tema de confianza. Igual en mi caso no es que no confíe sino que estemos hablando de cosas irrelevantes en la relación costo / beneficio.	https://twitter.com/plenque/status/1370757061005479937	[]
plenque	Sat Mar 13 15:18:40 +0000 2021	10	0	@eduardoyeyati @ArtanaDaniel Muy poco. Saco del monitor porque es el único lugar en que sale por fecha real de vacunación. https://t.co/7roPXePtBy	https://twitter.com/plenque/status/1370756201575763969	[]
plenque	Sat Mar 13 15:15:07 +0000 2021	85	6	"Toda la info suma, pero no sabemos cuánto nos ""cuesta"" nada en términos de transmisión y estamos contándole las costillas a la actividad que más nos cuesta de cara al futuro."	https://twitter.com/plenque/status/1370755307358543873	[]
plenque	Sat Mar 13 15:15:06 +0000 2021	170	32	Lo que me parece bastante ridículo es que estemos buscándole el pelo al huevo en una actividad específica (¡que para mi es la más importante!) y nadie esté reclamando saber cuánta gente se contagia por cines, teatros, restaurants y todo lo que está abierto que es casi todo.	https://twitter.com/plenque/status/1370755304758112271	[]
plenque	Sat Mar 13 15:15:06 +0000 2021	77	4	En mi escala personal de prioridades, y sobre todo después del año que tuvimos, las escuelas primarias están primero. Sabemos que el riesgo disminuye con la edad así que analizar la relación costo / beneficio para ellos no es tan complejo.	https://twitter.com/plenque/status/1370755302048604163	[]
plenque	Sat Mar 13 15:15:05 +0000 2021	54	5	Me parece obvio que habrá contagios en los colegios. Las dos preguntas importantes son: ¿cuánto incidirán en el nivel de circulación comunitaria? ¿valen la pena?	https://twitter.com/plenque/status/1370755299435499526	[]
plenque	Sat Mar 13 15:15:04 +0000 2021	49	3	Lo que necesitamos son estudios en serio que analicen el nivel de transmisión que implica cada actividad en nuestro contexto. Hablo de estudios de situaciones reales acá.	https://twitter.com/plenque/status/1370755296885403653	[]
plenque	Sat Mar 13 15:15:04 +0000 2021	39	4	Está bien interpretarlos, pero con limitaciones. No sabemos la dinámica que encierra cada puntito o barra: quién contagió a quién, cómo lo hizo, cómo se podría haber evitado e incluso si valía la pena hacerlo.	https://twitter.com/plenque/status/1370755294033281024	[]
plenque	Sat Mar 13 15:15:03 +0000 2021	49	6	Los datos que vemos casi nunca son, ni de cerca, demostraciones. Gracias que llegan a ser una representación hiper simplificada que encima pasa por el tamiz de un sistema de salud imperfecto.	https://twitter.com/plenque/status/1370755289746710528	[]
plenque	Sat Mar 13 15:15:02 +0000 2021	154	37	Ayer me quedé pensando y llegué a este hilo sobre datos y escuelas. Disculpen los que no los prefieren.	https://twitter.com/plenque/status/1370755287259484166	[]
plenque	Sat Mar 13 15:01:31 +0000 2021	2	0	@luciobordenave @lucasllach Interesante. Algo parecido me pasaron ayer. Igual yo no lo veo como una trampa sino una razón por la que ser cautelosos. Probablemente no lo vio.	https://twitter.com/plenque/status/1370751883502043137	[]
plenque	Sat Mar 13 14:55:42 +0000 2021	2	0	@rusosnith Lo mismo con la transmisión. No entendemos por qué son tan distintas las curvas en cada país, pero nos confiamos en un análisis de cualquier otro lado.	https://twitter.com/plenque/status/1370750421388644354	[]
plenque	Sat Mar 13 14:05:28 +0000 2021	1	0	@hitchpster @ivancarrino @decimononnica Ya te expliqué que mi intención no era refutarlo. A él le respondí en su propio hilo, pero no vas a poder verlo.	https://twitter.com/plenque/status/1370737780242980864	[]
plenque	Sat Mar 13 13:55:04 +0000 2021	0	0	@hitchpster @ivancarrino @decimononnica En el link que pasé está para varios países y mucha gente la considera interesante. Puede que sea inútil para vos. Lo ideal sería que dejes de seguirme.	https://twitter.com/plenque/status/1370735164129734658	[]
plenque	Sat Mar 13 13:51:26 +0000 2021	1	0	@hitchpster @ivancarrino @decimononnica Si la respuesta es para mi, no comparto ese punto. Me interesa difundir información útil.	https://twitter.com/plenque/status/1370734248773173251	[]
plenque	Sat Mar 13 12:55:01 +0000 2021	1	0	@SergioFelperin @wsosaescudero @CableFibertel cómo te envidio esa fibra óptica	https://twitter.com/plenque/status/1370720052480241664	[]
plenque	Sat Mar 13 12:27:20 +0000 2021	0	0	@konazor91 @gl____________1 @_martingala_ @JulietaVenturaM Con total respeto por las creencias, también le daría mucho crédito a la ciencia y a la organización del sistema de salud.	https://twitter.com/plenque/status/1370713086009688065	[]
plenque	Sat Mar 13 02:06:02 +0000 2021	4	0	@lephcero Hace 10 minutos caminé por Acoyte. No sé che...	https://twitter.com/plenque/status/1370556729663102976	[]
plenque	Sat Mar 13 01:33:19 +0000 2021	50	7	@ivancarrino @decimononnica Te dejo algo parecido que aplica a nuestro país. Mucha más info en este link: https://t.co/W2UENp2fDg https://t.co/o9xRl8fW4a	https://twitter.com/plenque/status/1370548494142951426	[]
plenque	Sat Mar 13 01:05:17 +0000 2021	0	0	"@curcicastro Es que están testeando mucho menos asintomático porque baja el turismo. Es difícil ver ese número ""limpio"". Si mirás solo sector privado sigue bajando, pero levemente.

https://t.co/w6OYiUgcfa"	https://twitter.com/plenque/status/1370541440632295424	[]
plenque	Sat Mar 13 00:45:46 +0000 2021	22	3	"Diferencias en el dataset de hoy 12/03 para Argentina. Son 7894 nuevos casos confirmados (7850 neto) y 86 fallecidos (85 neto).

https://t.co/gmlq4cPEPs https://t.co/PYKtrgF4s9"	https://twitter.com/plenque/status/1370536530486366208	[]
plenque	Sat Mar 13 00:44:03 +0000 2021	0	0	"@uadlup (Me cuesta decidir qué parte copiar)

Palabra del sentimiento,
Sonora lengua del alma,
Madre y patria de mis hijos,
Sonido de mi esperanza."	https://twitter.com/plenque/status/1370536098947067908	[]
plenque	Sat Mar 13 00:42:08 +0000 2021	0	0	@uadlup No sé si es tu estilo, pero este tema puede gustarte: https://t.co/4QTbfgynzR	https://twitter.com/plenque/status/1370535615679315973	[]
plenque	Sat Mar 13 00:35:51 +0000 2021	1	0	@bjsaenz_ @ken4rab @rquiroga777 Es la idea. Cuando tenga un poco de tiempo.	https://twitter.com/plenque/status/1370534033684361216	[]
plenque	Sat Mar 13 00:34:43 +0000 2021	5	0	@JohnGalt_is_www BTC. No tengo idea, pero me van a putear lindo.	https://twitter.com/plenque/status/1370533749134331907	[]
plenque	Fri Mar 12 22:49:21 +0000 2021	10	0	@rquiroga777 Tenés un delta de 10 casos diarios en toda una ciudad. Los intervalos de confianza son infinitos.	https://twitter.com/plenque/status/1370507231553290242	[]
plenque	Fri Mar 12 22:29:42 +0000 2021	3	0	@riverapomar @rquiroga777 100.000 espectadores concurrieron a los cines este fin de semana. El número representa un cuarto de los vacunados con dos dosis.	https://twitter.com/plenque/status/1370502285177069577	[]
plenque	Fri Mar 12 21:50:00 +0000 2021	1	0	@rquiroga777 Sabemos que subió el testeo porque la vigilancia en colegios existe. La positividad (el ratio relevante) baja. Lo que estoy diciendo es que no hay forma de saber qué es más plausible sin datos adicionales.	https://twitter.com/plenque/status/1370492294512709635	[]
plenque	Fri Mar 12 21:44:56 +0000 2021	1	0	@rusosnith @ken4rab @rquiroga777 Creo, tocando de oído, que el problema es de logística. Se me ocurre que se podría llevar el testeo a los colegios. Y empezar a usar tests rápidos regulares en serio.	https://twitter.com/plenque/status/1370491021524660230	[]
plenque	Fri Mar 12 21:43:19 +0000 2021	2	0	@rquiroga777 Quise decir que para poder tener más mayor certeza debería subir. En esta situación no hay manera. Obvio que el ideal es info de rastreo, pero a esta altura ya no lo veo factible.	https://twitter.com/plenque/status/1370490613368565761	[]
plenque	Fri Mar 12 21:34:29 +0000 2021	5	2	@gabrielzelpo Recién hace muy poquito los aprobó la FDA. Me suena a que va a ser uno de los grandes aprendizajes de esta pandemia. Seguilo a @michaelmina_lab si te interesa el tema.	https://twitter.com/plenque/status/1370488389062045705	[]
plenque	Fri Mar 12 21:33:14 +0000 2021	3	0	"@rquiroga777 Pero hay una leve tendencia a la baja en la positividad. Si realmente subiera la prevalencia debería subir. No digo que no vaya a pasar, solo que todavía no se ve.

En los diagnósticos que uso no hay sospechosos (S), son solo con resultado (C / N)."	https://twitter.com/plenque/status/1370488077454573571	[]
plenque	Fri Mar 12 21:20:51 +0000 2021	5	0	@ken4rab @rquiroga777 100% de acuerdo. Toda medida vale la pena. Supongo que el testeo a docentes puede ayudar, pero no hay info pública de eso (que yo sepa). Recién ahora liberaron un dataset de turismo.	https://twitter.com/plenque/status/1370484958901452800	[]
plenque	Fri Mar 12 21:13:31 +0000 2021	1	0	@lephcero Además, antes de Acoyte está el puente de Ambrosetti muy subutilizado.	https://twitter.com/plenque/status/1370483115689447428	[]
plenque	Fri Mar 12 21:10:39 +0000 2021	1	0	@senior_enduto @rquiroga777 Claro. Sin eso no se puede calcular la positividad. Suben los diagnósticos más de lo que suben los casos. https://t.co/IXVbEybq8N	https://twitter.com/plenque/status/1370482394776674309	[]
plenque	Fri Mar 12 21:05:28 +0000 2021	13	0	@rquiroga777 Ojo... existe la posibilidad de que haya un genuino aumento (de prevalencia, no de casos), pero por ahora no queda del todo claro.	https://twitter.com/plenque/status/1370481089429573633	[]
plenque	Fri Mar 12 21:01:27 +0000 2021	1	0	@senior_enduto @rquiroga777 Es que justamente digo que no queda claro que aumenta la prevalencia (no los casos) porque probablemente se hagan más tests por el comienzo de clases. Es muy difícil llegar a esa conclusión sin info de rastreo.	https://twitter.com/plenque/status/1370480079483121664	[]
plenque	Fri Mar 12 20:46:44 +0000 2021	89	8	@rquiroga777 Las clases probablemente mejoren el testeo. Me parece un poco temerario suponer que pasar de 18 a 28 casos diarios en la franja 0 a 12 implique aumento en la prevalencia. De hecho, la positividad viene en baja. No incluyo 12 años porque los afecta el testeo de turismo. https://t.co/gz0DOJ5TMW	https://twitter.com/plenque/status/1370476373844840448	[]
plenque	Fri Mar 12 20:18:50 +0000 2021	16	0	En Colombia o Argentina, gobernar es explicar. Aplica también a las vacunas. https://t.co/Vv7kLCpSEU	https://twitter.com/plenque/status/1370469351422300166	[]
plenque	Fri Mar 12 20:02:11 +0000 2021	7	0	@_martingala_ @JulietaVenturaM La verdad que no lo sé. Los únicos datos de efectividad que he visto son de Pfizer en Israel y algunos datos de AZ en UK, pero de Sinovac nada de nada.	https://twitter.com/plenque/status/1370465162705133574	[]
plenque	Fri Mar 12 19:49:30 +0000 2021	62	9	@JulietaVenturaM Más importante todavía, están en 85% en &gt;70. 75% en &gt;60. https://t.co/hX6m6UODBK	https://twitter.com/plenque/status/1370461970562973702	[]
plenque	Fri Mar 12 19:33:28 +0000 2021	2	0	@ndchiariello La verdad que no sé. Como no hay datos abiertos sobre eso no tenemos mucho para analizar. Solo seguir el número que informan. Va el gráfico de lo que comparte CABA. https://t.co/R9SgL76fgs	https://twitter.com/plenque/status/1370457934426206213	[]
plenque	Fri Mar 12 17:05:37 +0000 2021	16	1	@Nicolas_Ajz Venimos de varios días por arriba de 100k. Hoy 180k de aplicaciones. Me inclino por lo primero. Hay que asegurar la provisión para que no se enfríe la logística.	https://twitter.com/plenque/status/1370420729112592386	[]
plenque	Fri Mar 12 17:00:21 +0000 2021	0	0	@ezeburgo @lucasllach Es darle un poco al cebador para los animal spirits distraidos	https://twitter.com/plenque/status/1370419403012108297	[]
plenque	Fri Mar 12 16:34:29 +0000 2021	1	0	@dionogadano @norabar Claro, pero tiene el acumulado por provincia, no el día a día.	https://twitter.com/plenque/status/1370412893066440710	[]
plenque	Fri Mar 12 15:50:10 +0000 2021	1	0	@thealchemist37 @PabloRichly https://t.co/rVAkeaaOJT	https://twitter.com/plenque/status/1370401742286946313	[]
plenque	Fri Mar 12 15:48:17 +0000 2021	1	0	@thealchemist37 @PabloRichly Hay que educarlo. La justicia es la que actúa si le cabe algún delito tipificado en el código penal.	https://twitter.com/plenque/status/1370401267537821701	[]
plenque	Fri Mar 12 15:36:34 +0000 2021	22	1	@PabloRichly https://t.co/Qu2xd7Txks	https://twitter.com/plenque/status/1370398319059537927	[]
plenque	Fri Mar 12 13:33:59 +0000 2021	2	0	@norabar Gracias. ¿Informa el MSAL en algún lado las aplicadas / reportadas diarias por provincia?	https://twitter.com/plenque/status/1370367467462230021	[]
plenque	Fri Mar 12 12:53:51 +0000 2021	4	0	@lucasllach No juegues con fuego que todo esto queda grabado.	https://twitter.com/plenque/status/1370357370174472201	[]
plenque	Fri Mar 12 12:52:06 +0000 2021	2	0	@RegaCarlos Una salvedad a aclarar es que en CABA es esperable que suba porque el operativo turismo testea asintomáticos y se está terminando.	https://twitter.com/plenque/status/1370356928291946501	[]
plenque	Fri Mar 12 12:51:54 +0000 2021	4	0	@RegaCarlos Sí, para cada día son los positivos de esa semana contra los diagnósticos de igual período. Es más relevante la tendencia que el número porque sabemos que no se reportan todos los tests negativos.	https://twitter.com/plenque/status/1370356878295887873	[]
plenque	Fri Mar 12 12:40:29 +0000 2021	1	0	@ElbaMangiante Claro, es el porcentaje de diagnósticos positivos sobre el total que se hicieron. Un ejemplo: yo puedo tener 1 solo caso habiendo hecho 2 tests y puedo tener 1 solo caso habiendo hecho 100. En el segundo la positividad es mucho más baja y el número de casos más confiable.	https://twitter.com/plenque/status/1370354004824363014	[]
plenque	Fri Mar 12 01:41:47 +0000 2021	1	0	@bjsaenz_ @a_urizio @marcelobianco2 Es que no tendría lógica pensar eso. Al menos en mi experiencia, en CABA está todo relajado. Me parece que todos los nenes en una plaza son más complicados que con un mínimo protocolo en el colegio. Tienen menos contactos desconocidos de hecho.	https://twitter.com/plenque/status/1370188238246264832	[]
plenque	Fri Mar 12 01:36:19 +0000 2021	1	0	@sek1982 Y sí.... También hay que tener en cuenta que ahora se testea más así que no sé cuán comparable es la situación con la de noviembre. Por eso miro más cambios de tendencias que valores puntuales.	https://twitter.com/plenque/status/1370186862069956609	[]
plenque	Fri Mar 12 01:34:42 +0000 2021	1	0	@a_urizio @marcelobianco2 Están estables. Tenés que descartar 2 o 3 días al final por fecha de diagnóstico porque los datos de hoy llegan mañana y pasado. Al final final siempre cae.	https://twitter.com/plenque/status/1370186455931367425	[]
plenque	Fri Mar 12 01:32:44 +0000 2021	16	4	Con un poco de maña, todos estos gráficos se pueden armar y customizar en el explorador del sitio: https://t.co/VU50xt5xhF	https://twitter.com/plenque/status/1370185962685366276	[]
plenque	Fri Mar 12 01:32:44 +0000 2021	23	2	CABA tiene una situación particular por el tema turismo. Es esperable que suba la positividad del sector público porque se testean menos asintomáticos, pero la del sector privado pareciera seguir bajando levemente. Los llamados al 107 tampoco parecen haber cambiado mucho. https://t.co/uvPMC1WRny	https://twitter.com/plenque/status/1370185960881844225	[]
plenque	Fri Mar 12 01:32:43 +0000 2021	12	1	"La mala noticia es que la positividad parece estar subiendo. 

(Resto del país: https://t.co/nftOdxkVZ0) https://t.co/22JnUyLBSs"	https://twitter.com/plenque/status/1370185956339367936	[]
plenque	Fri Mar 12 01:32:42 +0000 2021	47	5	"Breve update de situación. A nivel país y AMBA los casos parecen haberse estabilizado. 

(Resto del país, como siempre, se puede ver en el sitio: https://t.co/Sn28vwXqco) https://t.co/VJoPG8eWxL"	https://twitter.com/plenque/status/1370185951570460675	[]
plenque	Fri Mar 12 01:05:45 +0000 2021	1	0	"@marcelobianco2 Ups. En el que tiene título ""Argentina"" puse datos del Conurbano. Va de nuevo ese. https://t.co/y9ztT4Cca7"	https://twitter.com/plenque/status/1370179169183801346	[]
plenque	Fri Mar 12 00:47:29 +0000 2021	0	0	@elhipernauta jajajaja... pero funciona en todos los browsers más o menos igual! eso era tremendo!	https://twitter.com/plenque/status/1370174574311137284	[]
plenque	Fri Mar 12 00:46:44 +0000 2021	2	0	@marcelobianco2 A nivel país no tanto. CABA viene amagando. Ya veremos. https://t.co/zyBWTTye0F	https://twitter.com/plenque/status/1370174384330190855	[]
plenque	Fri Mar 12 00:37:28 +0000 2021	20	5	"Diferencias en el dataset de hoy 11/03 para Argentina. Son 8238 nuevos casos confirmados (8203 neto) y 134 fallecidos.

https://t.co/hYqCXBpeU1 https://t.co/vjEj0ukHQM"	https://twitter.com/plenque/status/1370172054054506497	[]
plenque	Thu Mar 11 23:52:46 +0000 2021	1	0	@elhipernauta ¡Duró tan poco y fue hace tanto que casi ni cuenta! Épocas de mierda para el frontend... horas y horas acomodando píxeles en 3 o 4 browsers.	https://twitter.com/plenque/status/1370160801399603203	[]
plenque	Thu Mar 11 23:34:47 +0000 2021	1	0	@elhipernauta Pensar que Firefox primero fue Firebird y tuvieron que cambiarlo por la DB.	https://twitter.com/plenque/status/1370156277851164674	[]
plenque	Thu Mar 11 19:17:35 +0000 2021	2	0	@rusosnith @GigiLevit @donpowa @carlavizzotti No fui claro. Me estoy preguntando cuánto afectan inmoralidad y corrupción al funcionamiento del sistema formal. No creo que se pueda medir fácilmente.	https://twitter.com/plenque/status/1370091549225226240	[]
plenque	Thu Mar 11 19:12:13 +0000 2021	0	0	@rusosnith @GigiLevit @donpowa @carlavizzotti Queda pendiente determinar cuánto afecta ese suceso a la línea titular.	https://twitter.com/plenque/status/1370090201817739275	[]
plenque	Thu Mar 11 19:03:39 +0000 2021	1	0	@fmendiguren Es que en ese contexto no hay verdades. Cada uno es un mundo.	https://twitter.com/plenque/status/1370088045521829896	[]
plenque	Thu Mar 11 19:00:17 +0000 2021	6	0	@ProgramaAEDuns Es difícil medir el acatamiento. Los índices de movilidad que se pusieron de moda son bastante controvertidos. Lo que más me preocupa a mi es lo injustas que pueden ser.	https://twitter.com/plenque/status/1370087196301144067	[]
plenque	Thu Mar 11 18:44:58 +0000 2021	2	0	@fmendiguren Creo que tiene lógica en el contexto de la canción. Con el Nano no eh...	https://twitter.com/plenque/status/1370083344420110336	[]
plenque	Thu Mar 11 18:40:36 +0000 2021	7	1	@MenendezPepe Es medio opaco para los que no conocemos el sistema de logística, pero las conversaciones que leo por acá me parece que subestiman el problema. Investigación operativa pura.	https://twitter.com/plenque/status/1370082245780893705	[]
plenque	Thu Mar 11 18:33:36 +0000 2021	0	0	@TajerAndres Es muy linda la idea, pero hay uno que me causó dolor solo de verlo. Qué difícil.	https://twitter.com/plenque/status/1370080481010708485	[]
plenque	Thu Mar 11 14:48:43 +0000 2021	13	1	@estebanrafele @martinkalos Ojo que el tablero muestra por fecha real y la carga genera right censoring. Probablemente se vacunó más ayer y lo sabremos los próximos días. Ojalá compartieran esos datos.	https://twitter.com/plenque/status/1370023889321926662	[]
plenque	Thu Mar 11 14:32:42 +0000 2021	1	0	@srodriguezrey @danyscht Interesante. ¿Tenés algo de info para pasar? A mi se me hace que eso sería posible, pero hablamos de varios órdenes de magnitud comparando con una central nuclear. ¡El DeLorean lo compro con los ojos cerrados!	https://twitter.com/plenque/status/1370019858755112960	[]
plenque	Thu Mar 11 14:24:34 +0000 2021	1	0	@srodriguezrey @danyscht @OurWorldInData Hablando en serio, la eficiencia de un motor de combustión interna en producir energía es paupérrima. Es muy difícil que su fabricación compense. Este artículo es larguísimo, pero lo explica muy bien: https://t.co/a89f1LkpHv	https://twitter.com/plenque/status/1370017809741271041	[]
plenque	Thu Mar 11 14:12:51 +0000 2021	1	0	@srodriguezrey @danyscht @OurWorldInData ¡Y la energía consumida para producir las fuentes que produjeron esas fuentes de energía! Dudo que esté calculado por una cuestión de proporciones.	https://twitter.com/plenque/status/1370014863305609218	[]
plenque	Thu Mar 11 13:24:06 +0000 2021	0	0	@crisevon @JaviSchur Los datos de distribución no los comparten más que en este tablero: https://t.co/XReJ119Ok3	https://twitter.com/plenque/status/1370002592949018631	[]
plenque	Thu Mar 11 00:57:28 +0000 2021	1	0	@ElbaMangiante Ojalá, pero no tengo idea.	https://twitter.com/plenque/status/1369814697101438977	[]
plenque	Thu Mar 11 00:34:44 +0000 2021	23	3	"Diferencias en el dataset de hoy 10/03 para Argentina. Son 7734 nuevos casos confirmados (7695 neto) y 107 fallecidos.

https://t.co/MHVQlQowP6 https://t.co/vvsL1mEdC4"	https://twitter.com/plenque/status/1369808977693974529	[]
plenque	Thu Mar 11 00:16:58 +0000 2021	0	0	@ZulmaCucunuba ¿Se sabe si compartirán algún dataset? Gracias.	https://twitter.com/plenque/status/1369804504670076937	[]
plenque	Wed Mar 10 23:50:23 +0000 2021	0	0	@JuanJuanete No sé. No leí nada al respecto.	https://twitter.com/plenque/status/1369797816650960906	[]
plenque	Wed Mar 10 21:53:07 +0000 2021	2	0	@lito1203 Los de 80 tienen mucho más riesgo, pero no pueden usar la Sinopharm por desgracia.	https://twitter.com/plenque/status/1369768304450150404	[]
plenque	Wed Mar 10 19:03:43 +0000 2021	1	0	@JuanLuisBe @SaludBAP No conozco datos publicados. La última vez que hubo una controversia al respecto fue porque se referenciaba al % de inscriptos y no del total.	https://twitter.com/plenque/status/1369725673808494593	[]
plenque	Wed Mar 10 17:41:18 +0000 2021	1	0	@AlvarezMorenoC cc @LadyAAmado	https://twitter.com/plenque/status/1369704933046456320	[]
plenque	Wed Mar 10 16:40:59 +0000 2021	1	0	@flor_laporte Es sobre la población que pertenece a cada franja. Acá está el detalle: https://t.co/W2UENp2fDg	https://twitter.com/plenque/status/1369689754455994369	[]
plenque	Wed Mar 10 16:39:49 +0000 2021	1	0	@srodriguezrey Por prescripción médica solo sigo datasets. Mi cerebro no da para más.	https://twitter.com/plenque/status/1369689459931967492	[]
plenque	Wed Mar 10 16:06:37 +0000 2021	4	1	@alichechu @adri15340071 La prioridad siempre tiene que contemplar el criterio de edad, pero mi observación viene a cuento de que tenemos una vacuna no autorizada para personas mayores de 60. https://t.co/G5Ai8lmo2b	https://twitter.com/plenque/status/1369681105608204291	[]
plenque	Wed Mar 10 15:02:20 +0000 2021	2	0	@Crowleyjpg Mi tuit apunta al uso de la vacuna Sinopharm que no está autorizada para mayores de 60. Mayores de 70, e incluso 80, obviamente son mucho más prioritarios. Por desgracia, no tenemos datos de aplicaciones por edad para contrastar jurisdicciones. https://t.co/KyKW0XvePZ	https://twitter.com/plenque/status/1369664927124832256	[]
plenque	Wed Mar 10 15:00:07 +0000 2021	27	6	Perú comenzó a utilizar la vacuna Pfizer. Hoy se reportaron  14777 primeras dosis aplicadas ayer y anteayer.	https://twitter.com/plenque/status/1369664369282473988	[]
plenque	Wed Mar 10 14:40:23 +0000 2021	2	0	@emiarce15 @OteguiMaria En Argentina no hay datos, pero podría usar los de México para revisarlo. Es una buena idea. Voy a dedicarle un rato apenas pueda.	https://twitter.com/plenque/status/1369659405348855809	[]
plenque	Wed Mar 10 14:27:04 +0000 2021	0	0	@facumairal @martintetaz La población 2020 proyectada de esa franja es 4,381,897. Fijate que está en el link que te pasé. ¿Qué número estás usando?	https://twitter.com/plenque/status/1369656051600158725	[]
plenque	Wed Mar 10 14:20:10 +0000 2021	1	0	"@facumairal @martintetaz Proyección población 2020 del INDEC. Pasame el número que te da así veo si hay un error. En esta página está por decil.

https://t.co/W2UENp2fDg"	https://twitter.com/plenque/status/1369654316571762701	[]
plenque	Wed Mar 10 14:08:45 +0000 2021	1	0	@Atreyu25655805 @OteguiMaria No hay datos abiertos que yo sepa. Hay informes aislados que reportan a la prensa, pero habría que buscar en los diarios.	https://twitter.com/plenque/status/1369651442018095104	[]
plenque	Wed Mar 10 14:01:37 +0000 2021	1	0	@OteguiMaria ¡Justo te escribí eso mismo simultáneamente!	https://twitter.com/plenque/status/1369649649582305280	[]
plenque	Wed Mar 10 14:01:13 +0000 2021	2	0	@OteguiMaria Habría que cruzar prevalencia de comorbilidades por edad y todo eso, pero ese sería un análisis rápido.	https://twitter.com/plenque/status/1369649545664208908	[]
plenque	Wed Mar 10 13:52:39 +0000 2021	9	1	@OteguiMaria Quizás te interese que México libera datos de comorbilidades. Si ordenamos por letalidad da: EPOC, Diabetes, Inmunosupresión, Hipertensión, Obesidad, Tabaquismo, Cardio y Asma. https://t.co/SNRgc4GMMB	https://twitter.com/plenque/status/1369647390031048707	[]
plenque	Wed Mar 10 13:37:40 +0000 2021	0	0	@CATUSMAGNA Es que hay una vacuna no autorizada para mayores de 60.	https://twitter.com/plenque/status/1369643619540434948	[]
plenque	Wed Mar 10 13:36:57 +0000 2021	0	0	@VeliaEkstrm2 @decimononnica Claro, pero la vacuna Sinopharm no se da a partir de los 60. Creo que en ese caso también son importantes las prioridades.	https://twitter.com/plenque/status/1369643439067955200	[]
plenque	Wed Mar 10 13:26:21 +0000 2021	13	1	@OteguiMaria Sí, en relación al sexo también hay diferencias, pero, al menos hasta 60, es mayor la diferencia que genera un cambio de decil. Igual me parece más complicado establecer prioridades por sexo. https://t.co/1L6Ed3zBFS	https://twitter.com/plenque/status/1369640771821928448	[]
plenque	Wed Mar 10 13:00:12 +0000 2021	0	0	@GonzaRomeroV Supongo que algo muy difícil de medir, pero el vínculo entre confianza y éxito de políticas públicas está bien documentado más allá de la pandemia. No creo que cambie demasiado.	https://twitter.com/plenque/status/1369634193035194378	[]
plenque	Wed Mar 10 12:51:01 +0000 2021	1	0	@martdominguez Probablemente. Ojalá tuviéramos datos sobre eso.	https://twitter.com/plenque/status/1369631879637446662	[]
plenque	Wed Mar 10 12:48:46 +0000 2021	0	0	@jrncolon No tengo idea, pero lo han llevado tan bien que pueden darse el lujo de esperar.	https://twitter.com/plenque/status/1369631315327389697	[]
plenque	Wed Mar 10 12:46:51 +0000 2021	8	0	@mschuliaquer Ya existiendo una vacuna probada me parece prioritario salvar vidas. No igualaría todas esas categorías porque conservar personal de salud equivale a salvar vidas en el corto plazo también.	https://twitter.com/plenque/status/1369630833309589514	[]
plenque	Wed Mar 10 12:44:33 +0000 2021	1	0	@Sofiaaa70572672 @jrncolon 6275. Esa es la prioridad absoluta y creo que no hay dudas.	https://twitter.com/plenque/status/1369630252629114880	[]
plenque	Wed Mar 10 12:41:59 +0000 2021	3	1	@jrncolon Sin meterme en la asignación, los fallecidos por millón de habitantes en la franja 18-39 son 85 hasta ahora.	https://twitter.com/plenque/status/1369629606316302342	[]
plenque	Wed Mar 10 12:35:31 +0000 2021	762	183	Hasta ayer en Argentina los fallecidos por millón de habitantes en la franja 50-59 eran 1172. En la franja 18-49 eran 168. Creo que tenemos que lograr que la vacuna priorice ese primer grupo de edad.	https://twitter.com/plenque/status/1369627981702893570	[]
plenque	Wed Mar 10 11:36:27 +0000 2021	0	0	@PabloRichly Ayer salió nota que decía que en EUA están aplicando tercera dosis en algunos casos, pero no sé cuál de las dos Sinopharm usaron.	https://twitter.com/plenque/status/1369613116204580865	[]
plenque	Wed Mar 10 11:23:05 +0000 2021	35	7	Testeo y rastreo no solo tienen como finalidad controlar la epidemia sino que sirven para entenderla. Son la forma de tener datos para justificar las medidas. No alcanza con la confianza cuando se pide demasiado. https://t.co/yENKgVOdv4	https://twitter.com/plenque/status/1369609751924006912	[]
plenque	Wed Mar 10 01:01:38 +0000 2021	0	0	@JaviA96 El paper es de O'Driscoll et al https://t.co/nCH34oO5Nt	https://twitter.com/plenque/status/1369453359435022343	[]
plenque	Wed Mar 10 00:35:28 +0000 2021	22	2	"Diferencias en el dataset de hoy 09/03 para Argentina. Son 7356 nuevos casos confirmados (7305 neto) y 131 fallecidos.

https://t.co/mxKaiVXGUF https://t.co/xHnAawGxgq"	https://twitter.com/plenque/status/1369446773069070336	[]
plenque	Tue Mar 09 23:46:22 +0000 2021	0	0	@basmartin_ Habría que analizarlo bien. El problema es que puede tener menos riesgo personal, pero el de transmisión todavía no está claro. Es probable que una persona de 60 conviva con otra de edad parecida. Estamos con porcentajes muy bajos.	https://twitter.com/plenque/status/1369434417190551554	[]
plenque	Tue Mar 09 19:33:23 +0000 2021	0	0	"@basmartin_ Listado de vacunados no hay, pero podés ver los totales en la sala de situación de la PBA. No creo que el avance de vacunación actual alcance para cambiar las medidas de prevención.

https://t.co/zQOlwSKYrj"	https://twitter.com/plenque/status/1369370752663838720	[]
plenque	Tue Mar 09 17:27:50 +0000 2021	3	0	@anlopez1962 Drexler dice que no hay pueblo que no se haya creído el pueblo elegido	https://twitter.com/plenque/status/1369339155575103488	[]
plenque	Tue Mar 09 16:03:31 +0000 2021	4	0	"@fedetiberti No estoy seguro de que los problemas de registro sean los mismos en otros países. Hoy Rubinstein tuiteó algo al respecto. Hay un tema de arquitectura / integración de los sistemas.

https://t.co/yw12RsZxV4"	https://twitter.com/plenque/status/1369317938017280001	[]
plenque	Tue Mar 09 15:38:11 +0000 2021	13	0	@fedetiberti Y algo de registro.	https://twitter.com/plenque/status/1369311561727287296	[]
plenque	Tue Mar 09 15:19:25 +0000 2021	19	3	"Qué bueno que de a poco aparezcan respuestas para algunos interrogantes.

https://t.co/YkPkC5dDFV https://t.co/REJBq9cGjs"	https://twitter.com/plenque/status/1369306840526426127	[]
plenque	Tue Mar 09 15:10:41 +0000 2021	5	0	"@Epi_Net @norabar @FernanQuirosBA @GamarnikLab Gran noticia. Algo se notaba / intuía viendo los números y es bueno tener una confirmación. ¡Felicitaciones!

cc @PabloRichly"	https://twitter.com/plenque/status/1369304639288512517	[]
plenque	Tue Mar 09 02:46:54 +0000 2021	1	0	"@carlos_m_blanco Ojalá sea eso porque hay interpretaciones menos benignas. Igual no entraría en la categoría de ""buenos motivos""."	https://twitter.com/plenque/status/1369117460188790786	[]
plenque	Tue Mar 09 00:38:36 +0000 2021	19	4	"Diferencias en el dataset de hoy 08/03 para Argentina. Son 5091 nuevos casos confirmados (5058 neto) y 241 fallecidos.

https://t.co/yQ5NCpgwzJ https://t.co/uSWgMsBjQo"	https://twitter.com/plenque/status/1369085172390502400	[]
plenque	Tue Mar 09 00:20:34 +0000 2021	0	0	@FGRouco Hace un tiempo quise ver la letalidad comparada por barrios y no conocer la subdetección me complica, pero los números son muy distintos: https://t.co/uXt1B9tsjg	https://twitter.com/plenque/status/1369080635625775105	[]
plenque	Tue Mar 09 00:17:49 +0000 2021	1	0	@FGRouco Diferencias de ese tipo se pueden ver incluso dentro de CABA.	https://twitter.com/plenque/status/1369079943502700544	[]
plenque	Mon Mar 08 23:54:12 +0000 2021	2	0	@rusosnith @FernanQuirosBA Es esperable que suba la positividad porque bajan los tests de turismo que incluían asintomáticos. Mirala solo del sector privado. Todavía no me puse a mirar el nuevo dataset que capaz que ayuda con eso. https://t.co/ROTG73gOmH	https://twitter.com/plenque/status/1369074002111631367	[]
plenque	Mon Mar 08 17:50:11 +0000 2021	9	7	@PabloRichly México libera información de comorbilidades. La letalidad para  obesidad está por encima de tabaquismo y asma. Diabetes y EPOC están muy por arriba. https://t.co/VsBTT3D7U7	https://twitter.com/plenque/status/1368982391545597958	[]
plenque	Mon Mar 08 17:23:50 +0000 2021	1	0	@ltornarolli La primera la viste de cerca. Un año ya pasó... increíble.	https://twitter.com/plenque/status/1368975760606826500	[]
plenque	Mon Mar 08 16:34:26 +0000 2021	1	0	@JuanLuisBe Sí, claro. Me refería a datos anonimizados como los de casos.	https://twitter.com/plenque/status/1368963330266849280	[]
plenque	Mon Mar 08 15:45:56 +0000 2021	1	0	@AlejandrodeBar1 @ugemitch ¡Perdón! No vi que estaba con candadito. Preguntaba por qué había tan pocos vacunados &gt; 70 así que está respondida. Gracias!	https://twitter.com/plenque/status/1368951123432910856	[]
plenque	Mon Mar 08 15:33:58 +0000 2021	1	0	@ugemitch La verdad que no sé. Quizás @AlejandrodeBar1 pueda aclarar. Como van por prioridades, se me ocurre que hay poco personal de salud &gt;70 en ejercicio.	https://twitter.com/plenque/status/1368948112883089410	[]
plenque	Mon Mar 08 15:32:55 +0000 2021	0	0	@mirtapsp @ivanfbf Igual yo me refería a datos anonimizados como los de la enfermedad. Eso tampoco me gustaría.	https://twitter.com/plenque/status/1368947848230940675	[]
plenque	Mon Mar 08 15:14:33 +0000 2021	1	0	@morhijo Se podría filtrar por tipo de vacuna, pero como en Perú por ahora usan solo una no lo armé porque no aporta.	https://twitter.com/plenque/status/1368943224954499077	[]
plenque	Mon Mar 08 15:10:37 +0000 2021	33	8	"Este es el avance de vacunación en el Perú. Me gustaría poder armar este gráfico para Argentina, sus provincias y sus departamentos.

https://t.co/86BIynvQ1G https://t.co/zmtxKFhjVr"	https://twitter.com/plenque/status/1368942234591236101	[]
plenque	Mon Mar 08 14:58:18 +0000 2021	1	0	@afullHD @nkreplak @fedetiberti @CuantasVacunas Es que en el acumulado CABA tiene mucho más, pero el ritmo subió en todos lados. Las comparaciones no tienen mucho sentido porque los indicadores en la PBA siempre van a dar un  peor. Es gastar pólvora en chimangos.	https://twitter.com/plenque/status/1368939136980291589	[]
plenque	Mon Mar 08 14:56:39 +0000 2021	0	0	@marcelobianco2 ¡Gracias! Para ser justos, el problema es que no hay muchas.  Falta info oficial. Mirá lo que es el sitio de Colombia: https://t.co/Bl6NQuYXvS	https://twitter.com/plenque/status/1368938721744150540	[]
plenque	Mon Mar 08 14:51:28 +0000 2021	0	0	@marcelobianco2 La curva por FIS tiene mucha más demora. Tenés que descartar muchos días al final. Por fecha de DX con descartar 3 días aprox. alcanza. Los casos parecerían estabilizarse.	https://twitter.com/plenque/status/1368937416959139841	[]
plenque	Mon Mar 08 14:50:09 +0000 2021	2	0	@lucasllach @ugemitch @Margotinn En Perú están dando Sinopharm hasta 75 años. Vaya uno a saber por qué tienen distinto criterio.	https://twitter.com/plenque/status/1368937085235789830	[]
plenque	Mon Mar 08 14:43:18 +0000 2021	7	0	@afullHD @nkreplak @fedetiberti @CuantasVacunas El gráfico del bot @CuantasVacunas sale de los datos oficiales del MSAL. Tiene retraso respecto a lo que informa cada jurisdicción (solo PBA y CABA informan), pero el ritmo aumentó en todos lados esta última semana.	https://twitter.com/plenque/status/1368935361024561160	[]
plenque	Mon Mar 08 14:25:47 +0000 2021	1	0	"@jmcastagnetto Te dejo esta página en que se pueden ver los datos por población o absolutos e incluye vacunados. Se puede filtrar por varias cosas.

https://t.co/86BIynvQ1G"	https://twitter.com/plenque/status/1368930952391630852	[]
plenque	Mon Mar 08 13:11:12 +0000 2021	3	0	@hernofm @gonzalotw @QuikFCO @CuantasVacunas Yo puse los datos, el bot es del nro 1 titular @fedetiberti. La data cruda está acá: https://t.co/mhmjGmYsfL	https://twitter.com/plenque/status/1368912184059772929	[]
plenque	Mon Mar 08 12:50:47 +0000 2021	1	0	@ivanfbf En este caso están en el NOMIVAC que es el módulo del SISA del que salen los datos agregados (esos que muestran los bots). Tiene algo de demora respecto a la info de cada provincia, pero supuestamente están.	https://twitter.com/plenque/status/1368907045857026049	[]
plenque	Mon Mar 08 12:43:18 +0000 2021	121	14	A esta altura ya no se me ocurren buenos motivos por los que no publicar microdatos de vacunados. El argumento de la privacidad es relevante, pero hicimos pública la información de la enfermedad que es mucho más sensible.	https://twitter.com/plenque/status/1368905162098610178	[]
plenque	Mon Mar 08 02:44:46 +0000 2021	1	0	@a_urizio Es que procesan la base y publican las novedades, pero no comparten los datos con que lo hicieron. A veces comparten un corte distinto y a veces se saltean el día como ayer.	https://twitter.com/plenque/status/1368754536442171393	[]
plenque	Mon Mar 08 02:25:04 +0000 2021	1	0	@a_urizio Ayer no hubo dataset. Lo que reporto hoy es la suma de los archivos de los dos días.	https://twitter.com/plenque/status/1368749578774806530	[]
plenque	Mon Mar 08 01:56:27 +0000 2021	24	3	"Ayer no se publicaron datos así que incluyo el acumulado de dos días. Diferencias en el dataset de ayer y hoy 07/03 para Argentina. Fueron 7809 nuevos casos confirmados (7784 neto) y 96 fallecidos.

https://t.co/z67imJPlaf https://t.co/iUSspTn5LD"	https://twitter.com/plenque/status/1368742376433455107	[]
plenque	Sun Mar 07 22:25:18 +0000 2021	3	0	@fmendiguren Prioridades	https://twitter.com/plenque/status/1368689238473064454	[]
plenque	Sun Mar 07 18:54:09 +0000 2021	2	0	@matias_1433 Se ve lejos, pero es cuestión de perspectiva.	https://twitter.com/plenque/status/1368636102400172039	[]
plenque	Sun Mar 07 18:51:02 +0000 2021	46	6	Se ve luz al final del túnel. https://t.co/CsLC2KYAcf	https://twitter.com/plenque/status/1368635318791004167	[]
plenque	Sun Mar 07 16:40:02 +0000 2021	1	1	@mmbarrionuevo Son datos locales o nacionales? Con los del MSAL no tenemos fecha real de vacunación y no sabemos cuánto es demora de carga. En el tablero de CABA y PBA se nota.	https://twitter.com/plenque/status/1368602349187588102	[]
plenque	Sun Mar 07 12:53:00 +0000 2021	3	0	@wsosaescudero @LANACION @Crst_C @MartinGRozada @sebacampanario @EconUdesa Excelente.	https://twitter.com/plenque/status/1368545215041200128	[]
plenque	Sun Mar 07 03:18:46 +0000 2021	0	1	@albinstromber @larroschi Perdón la intromisión. Este tuit de un pediatra e investigador me pareció elocuente: https://t.co/9HNDPqq3zn	https://twitter.com/plenque/status/1368400707162955779	[]
plenque	Sat Mar 06 18:36:36 +0000 2021	2	0	"@xarkham Estos son los casos por fecha de diagnóstico que informan al SISA. Si tienen demora habría que mirar en los partes locales, pero no lo sé.

https://t.co/5i8OeZ45do"	https://twitter.com/plenque/status/1368269299685720068	[]
plenque	Sat Mar 06 18:28:16 +0000 2021	19	1	"Publicaron hoy la info de ayer. Diferencias en el dataset de ayer 05/03 para Argentina. Fueron 7930 nuevos casos confirmados (7890 neto) y 140 fallecidos.

https://t.co/rIc2LuvT0a https://t.co/uswed3JWd2"	https://twitter.com/plenque/status/1368267202261094402	[]
plenque	Sat Mar 06 17:56:06 +0000 2021	4	0	@marcelobianco2 Claro, pero si cortaran a las ~15:05. El tema es que van y vienen con el horario y hacen un lío bárbaro. Si los cambios fueran entre 20 y 22 supongo que no afectaría demasiado porque a esa hora no debe haber gente ingresando datos, pero a las 15 es otra historia.	https://twitter.com/plenque/status/1368259106558054403	[]
plenque	Sat Mar 06 17:48:50 +0000 2021	34	4	El número del vespertino de ayer me pareció alto y recién me di cuenta que ayer cortaron 2 horas y media después que los días anteriores (~15:05). Mucha gente solo mira los casos por fecha de reporte y estas cosas marean mucho. https://t.co/3kLM4Ojkp9	https://twitter.com/plenque/status/1368257275635318785	[]
plenque	Sat Mar 06 14:20:27 +0000 2021	81	7	En general me sorprende cuando se opina livianamente sobre otros, pero especular o juzgar livianamente decisiones individuales de salud directamente me asusta.	https://twitter.com/plenque/status/1368204837045862408	[]
plenque	Sat Mar 06 13:59:51 +0000 2021	34	0	@rquiroga777 Si la medida no funciona sin represión tampoco tiene sentido. El plan tiene que incluir a la gente si su objetivo es cuidarla.	https://twitter.com/plenque/status/1368199650549919744	[]
plenque	Sat Mar 06 12:03:58 +0000 2021	2	0	@PabloRichly Pena de muerte por desobedecer. No creo que lo digan en serio.	https://twitter.com/plenque/status/1368170490532147202	[]
plenque	Sat Mar 06 11:50:20 +0000 2021	2	0	@AlejandrodeBar1 El secreto como parte del proceso ha sido más común de lo que me gustaría en muchos de los productos que estamos usando. Es una pena porque daña la confianza.	https://twitter.com/plenque/status/1368167057745920001	[]
plenque	Fri Mar 05 22:40:19 +0000 2021	5	0	@fromthewest86 @mmeJW El problema es que en ningún lado encontré este tema en blanco sobre negro. Tendría que haber una tabla bien clara que muestre cómo se llega al número que se distribuyó a cada jurisdicción y no hay que yo sepa.	https://twitter.com/plenque/status/1367968244561289225	[]
plenque	Fri Mar 05 22:35:15 +0000 2021	1	0	"@rusosnith @blejman @cuantaVacunaAr La info sale del dataset oficial del MSAL. Cada jurisdicción puede tener demora en volcar sus datos al NoMiVac. 

https://t.co/efROToMTB4"	https://twitter.com/plenque/status/1367966966493904897	[]
plenque	Fri Mar 05 21:19:59 +0000 2021	3	0	@alefolgarait Era hora.	https://twitter.com/plenque/status/1367948025532911616	[]
plenque	Fri Mar 05 12:49:10 +0000 2021	24	4	"La info salió hoy. Diferencias en el dataset de ayer 04/03 para Argentina. Fueron 7473 nuevos casos confirmados (7431 neto) y 191 fallecidos.

https://t.co/7RBBavf4X4 https://t.co/5L2aGcQObF"	https://twitter.com/plenque/status/1367819474510954501	[]
plenque	Fri Mar 05 00:48:49 +0000 2021	3	0	@rusosnith @andresmalamud @Rodri_LP lil' monster https://t.co/ONXHPqgYxj	https://twitter.com/plenque/status/1367638194393673729	[]
plenque	Fri Mar 05 00:46:08 +0000 2021	2	0	@ZulmaCucunuba Eso mismo estaba escribiendo. Va a ser difícil saber bien qué pasó.	https://twitter.com/plenque/status/1367637517181345793	[]
plenque	Fri Mar 05 00:36:00 +0000 2021	1	0	@andresmalamud @Rodri_LP Sí, fijate que la fuente es la sala de situación de la PBA. No incluye CABA.	https://twitter.com/plenque/status/1367634969405833221	[]
plenque	Thu Mar 04 20:08:27 +0000 2021	6	0	@srodriguezrey ¡Agarrate Israel que ahí viene Tordillo!	https://twitter.com/plenque/status/1367567635349721093	[]
plenque	Thu Mar 04 20:01:13 +0000 2021	11	0	@Rodri_LP @srodriguezrey @ivokutzarida @felipegalzaga ¡Abran los datos así Rodrigo puede dejar de tipear!	https://twitter.com/plenque/status/1367565816259084298	[]
plenque	Thu Mar 04 19:47:01 +0000 2021	1	0	@fromthewest86 Claro. Si luego de la distribución por personal de salud se usa el criterio de población se ven perjudicadas las jurisdicciones más longevas.	https://twitter.com/plenque/status/1367562244356255747	[]
plenque	Thu Mar 04 19:40:48 +0000 2021	5	0	@martinlionelal1 @fromthewest86 ¿Es más o es menos de lo que le correspondería según estas ponderaciones? Los datos no están claros y es medio complicado tener una opinión sin eso. Ese era mi punto.	https://twitter.com/plenque/status/1367560677204844544	[]
plenque	Thu Mar 04 19:35:19 +0000 2021	7	0	@fromthewest86 El otro problema es que tampoco están del todo claros los criterios y los números que se usaron luego de definidos.	https://twitter.com/plenque/status/1367559299573157889	[]
plenque	Thu Mar 04 19:31:58 +0000 2021	2	0	@sebacampanario un gran abrazo	https://twitter.com/plenque/status/1367558456635449345	[]
plenque	Thu Mar 04 17:39:46 +0000 2021	3	0	@ProgramaAEDuns En la edad media no era así?	https://twitter.com/plenque/status/1367530221591810052	[]
plenque	Thu Mar 04 17:05:02 +0000 2021	5	0	@TajerAndres Esas son las del tablero del MSAL me pa. Ambos distritos informan más aplicaciones en sus páginas. Hay demoras de carga. Y además llegaron un montón la semana pasada.	https://twitter.com/plenque/status/1367521479970152454	[]
plenque	Thu Mar 04 16:54:33 +0000 2021	0	0	@julianmedina Creo que tiene que ver con dos cosas: la semana pasada llegaron un montón y ahora arranca; y además tardan en reportar al MSAL (en sus páginas informan más aplicado).	https://twitter.com/plenque/status/1367518839219568647	[]
plenque	Thu Mar 04 16:20:45 +0000 2021	1	0	@Santiox25 Sí, ayer fue un día medio feo, pero los anteriores lo contrario. Ya veremos.	https://twitter.com/plenque/status/1367510335415017476	[]
plenque	Thu Mar 04 16:18:26 +0000 2021	1	0	@Santiox25 Ayer coincidió con el vespertino que fue a las 15:05 si mal no recuerdo. Ya ni aclaro porque la semana pasada me volvieron loco.	https://twitter.com/plenque/status/1367509751253389314	[]
plenque	Thu Mar 04 16:05:28 +0000 2021	3	0	@fmendiguren Parece eterno, pero cada vez falta menos para que salgan de tapas al terminar la reunión.	https://twitter.com/plenque/status/1367506487900315649	[]
plenque	Thu Mar 04 15:39:08 +0000 2021	4	0	@ivokutzarida Split the monster?	https://twitter.com/plenque/status/1367499860728029184	[]
plenque	Thu Mar 04 15:18:04 +0000 2021	3	0	@ernestommarcos No están claros los números exactos de personal de salud así que no puedo asegurar eso, pero si el criterio fuera ese debería recibir más que el resto. Estaría bueno que publiquen y sea transparente.	https://twitter.com/plenque/status/1367494559853408260	[]
plenque	Thu Mar 04 14:45:05 +0000 2021	0	0	@kgalperin @andy_tow Ahí ya entramos en detalles que se me escapan. Habría que analizar la pirámide partido por partido (no están todos juntos como en CABA) y ni siquiera hay info pública de eso. Imaginate que el último censo fue 2010 y tenemos solo estimaciones.	https://twitter.com/plenque/status/1367486260152053767	[]
plenque	Thu Mar 04 14:34:43 +0000 2021	2	0	@diegotajer @mschuliaquer Perdón, estaba pensando en Alemania. De Francia no tengo ni la menor idea.	https://twitter.com/plenque/status/1367483649919234049	[]
plenque	Thu Mar 04 14:28:37 +0000 2021	0	0	"@mschuliaquer @diegotajer Es que llegar a esa conclusión es difícil sin conocer bien del tema. Imaginate si realmente la vacuna era ""mala"". No sé si está bien evaluar con lo que sabemos hoy. No es fácil."	https://twitter.com/plenque/status/1367482116674637826	[]
plenque	Thu Mar 04 14:26:26 +0000 2021	0	0	@kgalperin @andy_tow PBA no tiene tanta población +80 como CABA y podría ser razonable por un tema de logística. Es un grupo muy chico en comparación. https://t.co/0KSMzeo38g	https://twitter.com/plenque/status/1367481565559857159	[]
plenque	Thu Mar 04 14:23:28 +0000 2021	5	0	@diegotajer Entiendo y no puedo juzgar la precaución para demorar la aplicación. El problema es que la vacuna no salió ilesa de ese proceso.	https://twitter.com/plenque/status/1367480820760539140	[]
plenque	Thu Mar 04 14:12:59 +0000 2021	3	0	@ivokutzarida La proyección de población por edad está. Si querés no tener que levantar el excel te paso por DM. No sé si los números de personal de salud por provincia los tenemos. Solo encontré esos grafiquitos acá: https://t.co/bosOAlCLYR	https://twitter.com/plenque/status/1367478180089655298	[]
plenque	Thu Mar 04 13:50:49 +0000 2021	3	0	@daniellziraldo @anaradoblep @carlavizzotti Mi intuición es que el MSAL todavía no jugó su carta en el asunto. Creo que los va a publicar, pero quizás mis ganas me sesgan.	https://twitter.com/plenque/status/1367472602210533384	[]
plenque	Thu Mar 04 13:47:31 +0000 2021	2	0	@GonzaloBenjamn9 No están claros los criterios por lo que es difícil saber si recibió más o menos de lo que le correspondía. Mi tuit apuntaba a no banalizar la discusión.	https://twitter.com/plenque/status/1367471772627566592	[]
plenque	Thu Mar 04 13:28:51 +0000 2021	2	0	"@ndchiariello La ""pelea"" política tiene una dinámica compleja que a mi me excede. Solo me pareció relevante aclarar porque obviar estas diferencias solo sirve para avivar el fuego."	https://twitter.com/plenque/status/1367467073601961994	[]
plenque	Thu Mar 04 13:24:53 +0000 2021	0	0	"@SergioSergue Te paso link porque lo ubiqué super rápido en Google: https://t.co/bosOAlCLYR

Abajo linkea a aclaraciones metodológicas que incluyen este párrafo. https://t.co/wnyzxFb2RA"	https://twitter.com/plenque/status/1367466077198901250	[]
plenque	Thu Mar 04 13:15:13 +0000 2021	50	1	Estas diferencias van mucho más allá de los dirigentes de turno y las políticas que apliquen. Son la base sobre la que deben trabajar.	https://twitter.com/plenque/status/1367463645018529792	[]
plenque	Thu Mar 04 13:13:50 +0000 2021	14	1	@anaradoblep A partir de ayer tenemos datos abiertos de CABA, pero nos harían falta datos de otras provincias para poder hacerlo. Lo que no sé si tenemos es el personal de salud por provincia y edad. Voy a buscar.	https://twitter.com/plenque/status/1367463294743818251	[]
plenque	Thu Mar 04 12:58:46 +0000 2021	306	97	Comparar CABA y PBA sin ser consciente de sus diferencias de antemano es algo completamente inútil. Ya pasó con la mortalidad y ahora pasa con la distribución de vacunas. La ventaja ahora es que se soluciona comprando muchas. https://t.co/CRhV1PvZC3	https://twitter.com/plenque/status/1367459502031790086	[]
plenque	Thu Mar 04 12:31:03 +0000 2021	4	0	@PabloRichly Tengo entendido, aunque no vi nada oficial, que la distribución inicial fue por personal de salud y en la de mayores fue por población total. Por esa segunda sería el reclamo... creo.	https://twitter.com/plenque/status/1367452530247106562	[]
plenque	Thu Mar 04 01:32:24 +0000 2021	14	0	@haydeecinha Hoy se publicó algo de info que puede interesarte: https://t.co/mnRAbnWqOt	https://twitter.com/plenque/status/1367286773466955777	[]
plenque	Thu Mar 04 01:26:05 +0000 2021	2	0	"@bjsaenz_ @AndyPanda2611 Creo que debés ser el único que usa la ""máquina del tiempo"" para graficar!"	https://twitter.com/plenque/status/1367285184832430086	[]
plenque	Thu Mar 04 01:07:51 +0000 2021	1	0	@MenendezPepe Ojo que podría estar equivocado: https://t.co/evv7FQN4we	https://twitter.com/plenque/status/1367280596456767488	[]
plenque	Thu Mar 04 01:01:52 +0000 2021	3	0	@AndyPanda2611 Fijate que son mayormente de la PBA. Ellos hacen un cruce de base de datos que mantiene baja las demoras y hace muchos días que no lo hacían (ayer me lo hizo notar @bjsaenz_ ). Hoy se pusieron al día.	https://twitter.com/plenque/status/1367279088281538563	[]
plenque	Thu Mar 04 00:36:37 +0000 2021	33	8	"Diferencias en el dataset de hoy 03/03 para Argentina. Son 7896 nuevos casos confirmados (7856 neto) y 262 fallecidos (261 neto).

https://t.co/fK7p5Usn6X https://t.co/kDEKrJjtzk"	https://twitter.com/plenque/status/1367272733642481666	[]
plenque	Wed Mar 03 23:39:02 +0000 2021	0	0	@KamradLegasov Los datasets de COVID-19 son anonimizados y con mucha más información. Creo que este caso sería menos sensible la info.	https://twitter.com/plenque/status/1367258243660136449	[]
plenque	Wed Mar 03 17:02:06 +0000 2021	0	0	@GustavoEsfumado Huelo una simpatía que va más allá del sistema de salud....	https://twitter.com/plenque/status/1367158353445666820	[]
plenque	Wed Mar 03 14:45:46 +0000 2021	5	0	@drpablocorral Además es imposible, o al menos muy difícil, cuantificar el daño que le causa a la campaña de vacunación un suceso así.	https://twitter.com/plenque/status/1367124041291677704	[]
plenque	Wed Mar 03 14:09:50 +0000 2021	1	0	@jrncolon No tengo idea, pero ningún precio es mucho al lado de la alternativa. Supongo que el problema es haber llegado a la instancia de negociación en que te cobran lo que quieren.	https://twitter.com/plenque/status/1367114998326173702	[]
plenque	Wed Mar 03 14:01:53 +0000 2021	2	0	@danytripoli CABA en su dataset nuevito informa unas poquitas. Pasa que estas son las reportadas al MSAL y puede existir algún delay. Igual pensé que eran solo para docentes, pero ni idea.	https://twitter.com/plenque/status/1367113001422184452	[]
plenque	Wed Mar 03 13:58:50 +0000 2021	74	4	Hoy se reportaron las primeras 904 aplicaciones de Sinopharm en Argentina. Jujuy fue la provincia que más aplicó / reportó con 306 primeras dosis.	https://twitter.com/plenque/status/1367112230412685316	[]
plenque	Wed Mar 03 13:51:13 +0000 2021	5	0	@mesch El error hoy es que no lo sean.	https://twitter.com/plenque/status/1367110316883116036	[]
plenque	Wed Mar 03 13:26:22 +0000 2021	0	0	@anajiar Está el tablero de la sala de situación de la PBA que muestra por partido, pero no hay datos abiertos. https://t.co/zQOlwSKYrj	https://twitter.com/plenque/status/1367104063083544576	[]
plenque	Wed Mar 03 13:20:29 +0000 2021	20	1	Y hay un nuevo dataset con el testeo relacionado al turismo. Este hubiera venido bien hace un par de meses. https://t.co/45uvJ1MBrt	https://twitter.com/plenque/status/1367102579344355330	[]
plenque	Wed Mar 03 12:29:44 +0000 2021	20	1	El dataset de turnos es el que mayor detalle tiene. Intuyo que se debe a que es información propia del distrito. https://t.co/LJBn4ZGyoc	https://twitter.com/plenque/status/1367089808447852545	[]
plenque	Wed Mar 03 12:24:22 +0000 2021	19	1	Siguiendo la recorrida encuentro que ya publicaron su tablero de vacunación: https://t.co/mnRAbnWqOt	https://twitter.com/plenque/status/1367088460226584578	[]
plenque	Wed Mar 03 12:18:22 +0000 2021	154	34	"CABA publicó un dataset con datos de vacunación mucho más detallados que los que brinda el MSAL. No llegan a ser microdatos, pero hay mucho más para analizar: fecha real, grupo etario y sector público / privado. En breve irá al sitio.

https://t.co/ZrOIAjbEsf"	https://twitter.com/plenque/status/1367086946942672898	[]
plenque	Wed Mar 03 11:35:11 +0000 2021	1	0	@pablovommaro @Breogan66 @CasandraOrejana Sinopharm todavía no tiene aplicaciones reportadas. Recién por estos días deberíamos empezar a analizar la capacidad. Hasta ahora fue el faltante de vacunas la traba.	https://twitter.com/plenque/status/1367076082390863876	[]
plenque	Wed Mar 03 02:52:38 +0000 2021	12	1	@Breogan66 @CasandraOrejana Ojo que hay demoras en la carga de información. Las provincias habrían aplicado más de lo que informan al MSAL. Queda claro en la PBA porque en su tablero de situación muestra más aplicaciones.	https://twitter.com/plenque/status/1366944576326492165	[]
plenque	Wed Mar 03 01:49:43 +0000 2021	2	0	@a_urizio No, no parece. Seguramente es porque solo miran los datos por fecha de reporte. El finde super largo primero y los horarios de corte distintos luego complicaron todo para mirar por fecha de reporte.	https://twitter.com/plenque/status/1366928745190277122	[]
plenque	Wed Mar 03 01:08:39 +0000 2021	0	0	@bjsaenz_ Sí, es bastante tiempo. Igual ya hubo algunas veces en que no lo hicieron varios días, aunque no sé si tanto. También es cierto que la curva viene en bajada. En casos falta, pero en fallecidos ya debe andar por abajo de diciembre.	https://twitter.com/plenque/status/1366918407757717508	[]
plenque	Wed Mar 03 01:01:49 +0000 2021	2	0	@a_urizio Por fecha de reporte está difícil supongo, pero por fecha de diagnóstico se puede. Pasa que podés hacerlo hasta más o menos el domingo porque cada día se cargan casos de días anteriores. Estos son los casos por fecha de diagnóstico con los de hoy en rojo. https://t.co/CN7J7pOabU	https://twitter.com/plenque/status/1366916690009817090	[]
plenque	Wed Mar 03 00:35:54 +0000 2021	9	3	"Diferencias en el dataset de hoy 02/03 para Argentina. Son 6693 nuevos casos confirmados (6653 neto) y 116 fallecidos (115 neto).

https://t.co/dIcx07cZy9 https://t.co/Mdng4o1xWo"	https://twitter.com/plenque/status/1366910168123006982	[]
plenque	Tue Mar 02 22:10:33 +0000 2021	1	0	@rusosnith Sí, estos también estaban con sus hijos. No pude hacer mucho más que irme masticando bronca.	https://twitter.com/plenque/status/1366873587685220355	[]
plenque	Tue Mar 02 22:05:45 +0000 2021	1	0	@rusosnith El otro día había un par de energúmenos fumando habanos en la plaza de juegos. Vaya uno a saber qué tienen en la cabeza.	https://twitter.com/plenque/status/1366872379822063618	[]
plenque	Tue Mar 02 22:02:44 +0000 2021	5	0	@lucasllach Recontra a favor de que se vacune los fines de semana, pero cargar datos quizás no valga la pena.	https://twitter.com/plenque/status/1366871621970124805	[]
plenque	Tue Mar 02 22:01:47 +0000 2021	3	0	@lucasllach Hay dos problemas simultáneos: se vacuna menos y se reportan menos datos. OWID incluye lo que se reporta cada día y no la fecha real de vacunación (que solo puede tenerse con datos abiertos), entonces le pegan ambos.	https://twitter.com/plenque/status/1366871383255449605	[]
plenque	Tue Mar 02 16:46:46 +0000 2021	2	0	@gaingon Supongo que algo de eso hay. El problema es que en el dataset nunca se discriminó turismo del resto y por ahora tests a docentes tampoco.	https://twitter.com/plenque/status/1366792105419497476	[]
plenque	Tue Mar 02 15:58:44 +0000 2021	37	2	Sería bueno que esa capacidad de testeo adicional que tenemos se pueda canalizar hacia otros grupos con mayor prevalencia que la población general.	https://twitter.com/plenque/status/1366780019905884165	[]
plenque	Tue Mar 02 15:58:44 +0000 2021	56	6	¿La positividad en CABA sube? Recordemos que había bajado porque el operativo turismo incluye asintomáticos así que, ahora que termina el verano, es esperable que tienda a subir. Si la desagregamos en sector público (turismo) y privado, se ve que en este último sigue cayendo. https://t.co/YllxDIdQNK	https://twitter.com/plenque/status/1366780015954771972	[]
plenque	Tue Mar 02 01:09:41 +0000 2021	3	0	@marcelobianco2 No puedo estar seguro, pero hasta el sábado que fue la última vez que revisé más en detalle, no me pareció que la tendencia a la baja se interrumpiera. Pasa que estas últimas dos semanas hubo mucho ruido.	https://twitter.com/plenque/status/1366556279557263364	[]
plenque	Tue Mar 02 01:08:15 +0000 2021	1	0	@pablocaps1989 @LadyAAmado Es algo común y sucede prácticamente todos los días desde que publican datos. Pueden deberse a errores de carga. Tené en cuenta que son miles de personas ingresando datos. En este recuadro se ve cómo se llega al número. https://t.co/fiYjpLCfhD	https://twitter.com/plenque/status/1366555920390569986	[]
plenque	Tue Mar 02 01:06:21 +0000 2021	0	0	"@mapisaro @rundav5 @MinSaludCol Es exactamente lo que pasó aquí. Con los nuevos envíos se hace muy difícil seguir los números. Ahora pusieron un informe online que algo permite ver, pero ni se acerca a los datos abiertos que publicó el Perú. Es lo ideal.

https://t.co/0kFyqKag10"	https://twitter.com/plenque/status/1366555442227347458	[]
plenque	Tue Mar 02 00:42:16 +0000 2021	29	9	"Diferencias en el dataset de hoy 01/03 para Argentina. Son 4675 nuevos casos confirmados (4657 neto) y 112 fallecidos.

https://t.co/0SOI8ydQ2m https://t.co/6h13M3tTyd"	https://twitter.com/plenque/status/1366549383626563584	[]
plenque	Mon Mar 01 23:52:50 +0000 2021	1	0	@rundav5 @mapisaro @MinSaludCol Aquí en Argentina tenemos pocos datos abiertos de vacunación (más bien simbólico por el momento). Perú es por ahora el único que hizo los deberes.	https://twitter.com/plenque/status/1366536939747311617	[]
plenque	Mon Mar 01 23:51:07 +0000 2021	1	0	@rundav5 @mapisaro @MinSaludCol ¿No hay dataset de vacunación a la vista?	https://twitter.com/plenque/status/1366536510812610560	[]
plenque	Mon Mar 01 22:13:25 +0000 2021	1	0	@Oximorona @cuantaVacunaAr Ojo que esa es la primera dosis y aquí reporta la segunda.	https://twitter.com/plenque/status/1366511923781636110	[]
plenque	Mon Mar 01 19:44:50 +0000 2021	0	0	"@pgerchunoff @alferdez Efectivamente dijo: ""la verdad es sinfónica, compuesta de voces, intereses y miradas diversas"". Acá compartieron ese discurso y muchos más: https://t.co/fGfOKYyIq2"	https://twitter.com/plenque/status/1366474528671621123	[]
plenque	Mon Mar 01 19:32:35 +0000 2021	2	1	@norabar cc @ndchiariello	https://twitter.com/plenque/status/1366471446533443587	[]
plenque	Mon Mar 01 11:04:35 +0000 2021	1	0	@AndyPanda2611 Ojo que es solo para el reporte diario. Todo lo que es análisis lo hago tomando fecha de diagnóstico o inicio de síntomas que no dependen del horario de corte del dataset.	https://twitter.com/plenque/status/1366343605716213763	[]
plenque	Mon Mar 01 10:46:04 +0000 2021	9	0	@GabrielSnchez17 @Nicolas_Ajz Mismo motivo por el que las hinchadas siempre entonan.	https://twitter.com/plenque/status/1366338944967860225	[]
plenque	Mon Mar 01 02:05:50 +0000 2021	15	2	"Diferencias en el dataset de hoy 28/02 para Argentina. Son 5591 nuevos casos confirmados (5572 neto) y 57 fallecidos.

https://t.co/Z7rk0p5rJH https://t.co/iCiM1TJT20"	https://twitter.com/plenque/status/1366208022436073472	[]
plenque	Mon Mar 01 01:43:24 +0000 2021	24	0	@SantiOlsze La previa fue una semana con fin de semana de 4 días. Creo que hay que esperar un poquito para entender la tendencia.	https://twitter.com/plenque/status/1366202377678843907	[]
plenque	Sun Feb 28 23:45:42 +0000 2021	1	0	@curcicastro Tranqui. Es complicado seguir todas las fechas si uno no mete mano en la base. Debería escribir algo la verdad.	https://twitter.com/plenque/status/1366172760028946433	[]
plenque	Sun Feb 28 23:38:51 +0000 2021	0	0	@curcicastro No, perate. No los tengo por fecha de reporte, pero sí por todas las otras que no dependen del corte de base de datos: diagnóstico, inicio de síntomas, etc. Todo eso sigue igual.	https://twitter.com/plenque/status/1366171034777444354	[]
plenque	Sun Feb 28 23:17:59 +0000 2021	2	0	@a_urizio Es imposible de seguir. Hacen cortes en distintos horarios y publican el archivo del corte que más les gusta. Esta semana ni siquiera tuvieron mismo horario los cortes oficiales. Así no puedo computar diferencias.	https://twitter.com/plenque/status/1366165784263880704	[]
plenque	Sun Feb 28 23:11:43 +0000 2021	29	1	"Novedades en el dataset de AYER 27/02 para Argentina. Fueron 3073 nuevos casos confirmados (3065 neto) y 21 fallecidos.

https://t.co/IKaBr8uYY8 https://t.co/hV7LSLVNB6"	https://twitter.com/plenque/status/1366164204051431431	[]
plenque	Sun Feb 28 23:11:41 +0000 2021	53	6	A partir de hoy dejo de aclarar porque están publicando archivos en distintos horarios desordenadamente. Mis reportes diarios solo van a incluir la diferencia entre el dataset actual y alguno del día anterior por lo que NO necesariamente van a coincidir con el reporte vespertino.	https://twitter.com/plenque/status/1366164197269254153	[]
plenque	Sun Feb 28 22:19:07 +0000 2021	12	0	"@rquiroga777 Miércoles y jueves cambió el horario de corte (17 y 18 horas) de la base de datos y se sumaron casos de un intervalo más largo. El viernes volvió al horario normal (15 / 15:30) y tuvimos un día ""corto""."	https://twitter.com/plenque/status/1366150968157622276	[]
plenque	Sun Feb 28 20:56:09 +0000 2021	0	0	@vcalvot Ya llegarán... Espero.	https://twitter.com/plenque/status/1366130088538963969	[]
plenque	Sun Feb 28 19:18:41 +0000 2021	3	0	@elhipernauta Agrego que al futuro yo siempre le va a parecer feo el código, pero mientras lo entienda estamos bien.	https://twitter.com/plenque/status/1366105563407515648	[]
plenque	Sun Feb 28 15:20:07 +0000 2021	1	0	@Epi_Net @PabloRichly También tenés ~2,1 millones de casos diagnosticados. Todo suma.	https://twitter.com/plenque/status/1366045522738507783	[]
plenque	Sun Feb 28 13:11:05 +0000 2021	1	0	@ndchiariello Definitivamente es importante y los protocolos argentinos vienen siendo bastante conservadores al respecto. Igual la realidad se impone. La verdad que no leí nada al respecto, pero si veo le paso.	https://twitter.com/plenque/status/1366013053108682757	[]
plenque	Sun Feb 28 11:18:55 +0000 2021	3	0	@JumaLazzati @jmcastagnetto @carobotero @LoyolaSteev Totalmente. Lo que más me interesa es cruzar curvas de casos o fallecidos con las de vacunación filtrando variables como esas que vienen de Israel por estos días. En el explorador del sitio se puede hacer para Perú ahora, pero recién arrancan.	https://twitter.com/plenque/status/1365984824574550016	[]
plenque	Sun Feb 28 03:37:02 +0000 2021	3	0	cc @jmcastagnetto @carobotero @LoyolaSteev	https://twitter.com/plenque/status/1365868585642561543	[]
plenque	Sun Feb 28 03:29:52 +0000 2021	76	21	"Perú publicó microdatos de vacunados COVID-19 y eso permite generar cualquier tipo de informe: por lugar, edad, fecha, grupo de riesgo, etc. Han vacunado con Sinopharm mayormente personal de salud de hasta 75 años. Ojalá liberemos en Argentina los datos.

https://t.co/ZwUZ4oPFPE https://t.co/sMiaaIM0Mc"	https://twitter.com/plenque/status/1365866782628659202	[]
plenque	Sat Feb 27 19:40:25 +0000 2021	1	0	@FernandoMarull Era joda nomás. Ya me comí más de un doble piso.	https://twitter.com/plenque/status/1365748641214906374	[]
plenque	Sat Feb 27 19:27:39 +0000 2021	4	0	@isabelrodbar @rundav5 @carobotero @INSColombia @MinSaludCol Perú tomó la delantera entre los 4 países latinoamericanos que liberaron microdatos COVID-19 (Argentina, Colombia, México y Perú). Esperemos que el resto acompañe.	https://twitter.com/plenque/status/1365745429745385474	[]
plenque	Sat Feb 27 18:15:55 +0000 2021	12	0	@FernandoMarull No jodas que me lleno de guita	https://twitter.com/plenque/status/1365727376630505473	[]
plenque	Sat Feb 27 13:05:48 +0000 2021	4	0	@gabrielzelpo Lo entiendo, pero no logro dimensionar cuáles serán los efectos de la epidemia con los mayores protegidos.	https://twitter.com/plenque/status/1365649332423299076	[]
plenque	Sat Feb 27 13:02:24 +0000 2021	80	22	@gabrielzelpo Chile tiene el 80% de los mayores de 70 vacunados. Me parece que va a ser una ola muy distinta en cuanto a efectos. https://t.co/tUBlcEwAaf	https://twitter.com/plenque/status/1365648477183696897	[]
plenque	Sat Feb 27 11:01:37 +0000 2021	7	1	@Epi_Net En un ratito miro. Igual, en el caso del personal de salud lo otro a tener en cuenta es que un contagio disminuye la capacidad del sistema. Puede que sea no covid e igual dar una mano en caso de saturación.	https://twitter.com/plenque/status/1365618081750466560	[]
plenque	Sat Feb 27 02:57:00 +0000 2021	6	0	@JSchmukler @PabloRichly Te odio por decisión personal	https://twitter.com/plenque/status/1365496123192934400	[]
plenque	Sat Feb 27 02:07:38 +0000 2021	1	0	@bjsaenz_ Buen dato. No sé por qué no publican esa base la verdad.	https://twitter.com/plenque/status/1365483699932921857	[]
plenque	Sat Feb 27 01:36:28 +0000 2021	1	0	@microagencia Lo que yo hago es calcular la positividad semanal. En lugar de tomar casos y diagnósticos de un día sumo ambas variables para toda la semana. La verdad que no sé si hay otra manera.	https://twitter.com/plenque/status/1365475857909833734	[]
plenque	Sat Feb 27 01:34:04 +0000 2021	1	0	@poliedral ¡Gracias!	https://twitter.com/plenque/status/1365475253376409601	[]
plenque	Sat Feb 27 01:33:49 +0000 2021	13	1	Los casos parecen estabilizarse, pero no me parece que esté claro un cambio en la tendencia de fondo. Los llamados al 107 de CABA subieron un poco, junto con la positividad del AMBA, pero no tanto la del sector privado de CABA (sin turismo). https://t.co/RA35dXk74w	https://twitter.com/plenque/status/1365475189069406215	[]
plenque	Sat Feb 27 01:33:47 +0000 2021	21	4	Estas últimas dos semanas fueron muy difíciles de analizar. La semana pasada tuvo un fin de semana largo que cambia todo y esta semana el MSAL fue cambiando el horario en que hace los cortes diarios así que por fecha de reporte fue imposible (8200 miércoles y jueves, 5000 hoy). https://t.co/lAoi0jaZFJ	https://twitter.com/plenque/status/1365475181741899776	[]
plenque	Sat Feb 27 01:04:01 +0000 2021	10	0	Espero que a partir de hoy el dataset vuelva a coincidir con el vespertino porque se hace muy difícil seguirlo así.	https://twitter.com/plenque/status/1365467689632808962	[]
plenque	Sat Feb 27 01:02:30 +0000 2021	22	6	"Los datos publicados hoy por el MSAL compensan el corte adelantado de ayer y por eso dan mucho más que el vespertino. Reporte diario de hoy 26/02 para Argentina. Son 10597 nuevos casos confirmados (10542 neto) y 207 fallecidos.

https://t.co/445UJUk3dk https://t.co/wxZFn4LCe6"	https://twitter.com/plenque/status/1365467310140641289	[]
plenque	Sat Feb 27 01:01:53 +0000 2021	2	0	@epinh Es que están haciendo dos cortes en la sala de situación, pero a nivel dataset (los datos que publican y yo proceso) dejan solo uno de los dos y se hace una ensalada.	https://twitter.com/plenque/status/1365467155328819203	[]
plenque	Fri Feb 26 23:18:31 +0000 2021	11	2	"El día de ayer salió un dataset con corte anterior (menos casos) que el vespertino. Seguramente hoy compensará con un número superior. Reporte diario parcial de AYER 25/02 para Argentina. Fueron 2783 nuevos casos confirmados (2776 neto) y 30 fallecidos.

https://t.co/ssRLwNs6b7 https://t.co/7EZL9EYKpS"	https://twitter.com/plenque/status/1365441140800028673	[]
plenque	Fri Feb 26 23:16:14 +0000 2021	1	0	"@poliedral Acá lo explica bien en detalle. Es una regla de tres muy muy grandota 😀

https://t.co/ov89XAumPw"	https://twitter.com/plenque/status/1365440565807087622	[]
plenque	Fri Feb 26 22:08:01 +0000 2021	2	0	@alefolgarait Mirá! https://t.co/JdpSL5gsuj	https://twitter.com/plenque/status/1365423398206263296	[]
plenque	Fri Feb 26 21:13:32 +0000 2021	4	0	@marcelobianco2 @mmbarrionuevo Yo esperaría al dataset para ver por fecha de diagnóstico o solo analizaría tendencia de 14 días. Cuando hay lío en los datos hay que tener paciencia.	https://twitter.com/plenque/status/1365409687173287942	[]
plenque	Fri Feb 26 21:10:53 +0000 2021	3	0	@mmbarrionuevo Ojo que fueron 2 días. El 24 salió 17:14 y ayer 18 y pico. Hubo un lío bárbaro.	https://twitter.com/plenque/status/1365409020178296832	[]
plenque	Fri Feb 26 20:54:12 +0000 2021	0	0	@FlorBallarino @carlavizzotti ¿Lo borró?	https://twitter.com/plenque/status/1365404822053269512	[]
plenque	Fri Feb 26 20:46:52 +0000 2021	16	4	Hoy la sala de situación parece haber vuelto al horario habitual de corte y reporta 5083 casos. No recomiendo analizar esta semana por fecha de reporte. https://t.co/bmBoPkoFf4 https://t.co/MreB7pQAj4	https://twitter.com/plenque/status/1365402975758344195	[]
plenque	Fri Feb 26 20:10:51 +0000 2021	0	0	@Cosmeluichito ¡Gracias!	https://twitter.com/plenque/status/1365393912907640843	[]
plenque	Fri Feb 26 15:34:26 +0000 2021	3	0	Gráfico de @fedetiberti por supuesto!	https://twitter.com/plenque/status/1365324353022402566	[]
plenque	Fri Feb 26 15:33:42 +0000 2021	3	0	Aquí explico un poco el método para los interesados: https://t.co/lDHT92MREv	https://twitter.com/plenque/status/1365324165641883651	[]
plenque	Fri Feb 26 15:33:41 +0000 2021	12	1	"Comparto gráfico de mortalidad COVID-19 estandarizada para los departamentos de Colombia. La situación de Amazonas suma gravedad y hay otros como Caldas o La Guajira que cambian bastante al tener en cuenta la edad de su población.

cc @wdcmaya @ZulmaCucunuba @rundav5 https://t.co/CYa3UXsp5R"	https://twitter.com/plenque/status/1365324162244505604	[]
plenque	Fri Feb 26 14:12:02 +0000 2021	1	0	@hernofm @RobertoPico @sole_reta @FernanQuirosBA @mmbarrionuevo ¡Me quiere matar de un infarto!	https://twitter.com/plenque/status/1365303613040586752	[]
plenque	Fri Feb 26 14:05:31 +0000 2021	1	0	@elpolloreyes_cl @vir4444 ¡Es muy bueno! Encontré otro tablero más operativo que tiene más info así que liberan un montón. Igual les faltaría liberar microdatos y no creo que lo hagan porque con contagios / fallecidos no lo hicieron. En algún momento hubo reclamos por eso: https://t.co/QRYiTyZSQC	https://twitter.com/plenque/status/1365301973566844932	[]
plenque	Fri Feb 26 13:57:46 +0000 2021	3	0	"@lucasllach Perá perá que yo no dije que disminuyen. Para mi un ""no se sabe"" es un ""no se sabe""! Lo vas a hacer enojar a @PabloRichly"	https://twitter.com/plenque/status/1365300025446834179	[]
plenque	Fri Feb 26 13:56:21 +0000 2021	1	0	@LuckyRagnar La que da muy diferente es la sala de situación de la PBA. Supongo que son demoras de carga... de nuevo.	https://twitter.com/plenque/status/1365299668775796741	[]
plenque	Fri Feb 26 13:55:50 +0000 2021	2	0	@RobertoPico @sole_reta @FernanQuirosBA @mmbarrionuevo Quiero creer que es un error. Los últimos días CABA viene con problemas en los dataset que consumo. De hecho, el MSAL también. Capaz que hay algo de infraestructura o algo así.	https://twitter.com/plenque/status/1365299537150173184	[]
plenque	Fri Feb 26 13:53:06 +0000 2021	1	0	@LuckyRagnar Ayer revisé y en los acumulados me da casi igual. Si la diferencia es chica puede deberse a que el horario en que actualizan el tablero no es el mismo en el que actualizan el dataset. ¿Ahora es mucha?	https://twitter.com/plenque/status/1365298849821114369	[]
plenque	Fri Feb 26 13:38:58 +0000 2021	16	0	@lucasllach Lo que se suele decir es que no fueron evaluadas para eso, pero ya están en marcha los ensayos. Bienvenidas sean las evidencias directas.	https://twitter.com/plenque/status/1365295291805667330	[]
plenque	Fri Feb 26 12:47:25 +0000 2021	10	0	@PabloRichly Todavía no lo pude leer, pero me pareció que puede interesarte: https://t.co/DUhFvYWtYH	https://twitter.com/plenque/status/1365282321679724545	[]
plenque	Fri Feb 26 11:04:37 +0000 2021	1	0	@exequielmaldo Sisi. En breve publico.	https://twitter.com/plenque/status/1365256448637362176	[]
plenque	Fri Feb 26 02:37:30 +0000 2021	9	0	Aquí explico un poco el método para los interesados: https://t.co/lDHT92MREv	https://twitter.com/plenque/status/1365128830545985536	[]
plenque	Fri Feb 26 02:37:29 +0000 2021	23	1	En México pasa algo similar a Argentina aunque no tan marcado. Cuando estandarizamos mortalidad por edad el DF deja de ser el lugar con mayor tasa. Quintana Roo, con una población joven, es la entidad que más cambia. Gráfico de @fedetiberti https://t.co/wUSvCVez8Q	https://twitter.com/plenque/status/1365128826741743616	[]
plenque	Fri Feb 26 02:12:29 +0000 2021	2	0	"@riverapomar ¡Gracias! Genial lo del ""serostatus"". Yo no entiendo nada, pero ya varias veces leí que sería algo interesante de analizar."	https://twitter.com/plenque/status/1365122532098072585	[]
plenque	Fri Feb 26 01:51:46 +0000 2021	1	0	@faunalocal @TajerAndres @decimononnica AVPP = años de vida potencialmente perdidos. El cálculo es muy muy difícil, pero hay rangos en que la IFR es ridículamente baja como para tenerlos en cuenta y la alternativa no es no vacunar sino esperar un poquito.	https://twitter.com/plenque/status/1365117318926192640	[]
plenque	Fri Feb 26 01:48:40 +0000 2021	2	0	@sershus ¡Tengo laburo pendiente para 3 años post pandemia!	https://twitter.com/plenque/status/1365116540895567872	[]
plenque	Fri Feb 26 01:46:07 +0000 2021	5	1	@sershus Ojo con los conocidos chinos https://t.co/ZlFvYNl9ks	https://twitter.com/plenque/status/1365115900643467264	[]
plenque	Fri Feb 26 01:29:17 +0000 2021	3	0	@decimononnica @isabelrodbar Por el contrario. Tuiter es para compartir!	https://twitter.com/plenque/status/1365111660365697024	[]
plenque	Fri Feb 26 01:28:36 +0000 2021	4	0	@SergioFelperin @TajerAndres @decimononnica Sí, probablemente. Igual gente que sabe me dijo que cree que el estudio de O'Driscoll subestima un poco la IFR. Pero hablamos de diferencias enormes por edad igual.	https://twitter.com/plenque/status/1365111489502265348	[]
plenque	Fri Feb 26 01:25:21 +0000 2021	6	0	@decimononnica Todo el mérito del gráfico es de @isabelrodbar. Yo lo compartí nomás.	https://twitter.com/plenque/status/1365110673970237440	[]
plenque	Thu Feb 25 22:32:20 +0000 2021	2	0	"@a_urizio Claro. Imaginate que es un ejército de personas cargando datos no solo de hoy sino de días anteriores, pero se reportan acumulados (diferencia con el último reporte). Cambiar horario en que ""cortes el chorro"" te podría sumar o restar casos acumulados artificialmente."	https://twitter.com/plenque/status/1365067129888903168	[]
plenque	Thu Feb 25 22:30:13 +0000 2021	0	0	@goodcitizenAR Solo lo cuentan en CABA si hizo el cambio de residencia. Efectivamente, CABA atiende MUCHA más gente que sus residentes. https://t.co/Ofars3WjRn	https://twitter.com/plenque/status/1365066599540142081	[]
plenque	Thu Feb 25 22:27:58 +0000 2021	3	0	@a_urizio No estoy seguro, pero me parece que ayer y hoy tuvo un corte distinto la base de datos. Fijate que, por reporte, CABA tuvo 1000 un miércoles y 880 un jueves, lo cual es bastante raro. Quiero que salgan los datos de hoy (espero que bien) para poder analizar por fecha de DX.	https://twitter.com/plenque/status/1365066033825013761	[]
plenque	Thu Feb 25 22:15:20 +0000 2021	30	4	"Los datos del vespertino de ayer llegaron recién hoy por la tarde. Reporte diario de AYER 24/02 para Argentina. Fueron 8217 nuevos casos confirmados (8182 neto) y 141 fallecidos (140 neto).

https://t.co/nTYevAKBvJ https://t.co/mmgx4g96Qh"	https://twitter.com/plenque/status/1365062852768374787	[]
plenque	Thu Feb 25 19:18:09 +0000 2021	2	0	@morhijo @fedetiberti Sí, había publicado lo mismo hace unos días. Seguramente son demoras de carga, pero no podemos saberlo si no aclaran.	https://twitter.com/plenque/status/1365018261939699716	[]
plenque	Thu Feb 25 19:08:09 +0000 2021	3	0	@fromthewest86 Ahí lo encontré. Todo el mérito es de @isabelrodbar: https://t.co/kzfIsiucb2	https://twitter.com/plenque/status/1365015745491587079	[]
plenque	Thu Feb 25 19:02:30 +0000 2021	3	0	@fromthewest86 Es una simplificación, pero muestra muy bien la diferencia de riesgo por edades.	https://twitter.com/plenque/status/1365014324662726660	[]
plenque	Thu Feb 25 18:57:12 +0000 2021	5	0	@martinmoline @TajerAndres @decimononnica El eje izquierdo tiene la letalidad por infectados (IFR) que es la probabilidad de encontrar un fallecido en ese grupo. El derecho es básicamente la inversa: cantidad de vacunas por un fallecido. Es una simplificación y surge del estudio de O'Driscoll: https://t.co/nCH34oO5Nt	https://twitter.com/plenque/status/1365012991582892034	[]
plenque	Thu Feb 25 18:46:01 +0000 2021	6	1	@fedetiberti Y parece que se reportan al NOMIVAC menos que las aplicadas. La sala de situación de la PBA tiene muchas más.	https://twitter.com/plenque/status/1365010176328220672	[]
plenque	Thu Feb 25 17:49:46 +0000 2021	2	0	@marcelo_ila @gustavocastroba Corregir por densidad no estoy seguro de que se pueda hacer, pero sí tengo la comparación con la Zona Metropolitana de Lima y el Área Metropolitana de Bogotá. En breve las comparto.	https://twitter.com/plenque/status/1364996019520344069	[]
plenque	Thu Feb 25 16:39:08 +0000 2021	11	0	@JumaLazzati Algunos usan tuiter para molestar. No debería responder, pero de carne somos.	https://twitter.com/plenque/status/1364978246983573508	[]
plenque	Thu Feb 25 16:38:24 +0000 2021	2	0	@lucasllach @Carlosmazi El problema que tengo con Arg es que no tenemos proyecciones por edad por departamento para 2020, entonces es un poco más difícil tomar todo el AMBA en lugar de CABA. México, Colombia y Perú no tienen ese problema.	https://twitter.com/plenque/status/1364978061452730373	[]
plenque	Thu Feb 25 16:37:40 +0000 2021	1	0	@lucasllach @Carlosmazi Sin dudas. Pasa que la mayoría de los contagios en todos lados, lejos, son en personas menores de 40/45, entonces el efecto edad en la mortalidad es más importante. Igual tengo las comparaciones de ciudades. Luego las actualizo y te aviso.	https://twitter.com/plenque/status/1364977877935087618	[]
plenque	Thu Feb 25 16:34:51 +0000 2021	3	0	@erix2604 Eso seguro influyó, pero tené en cuenta que llegó de golpe. Acá hicimos cuarentena mucho antes. Ellos hacían vida normal.	https://twitter.com/plenque/status/1364977169433325572	[]
plenque	Thu Feb 25 16:06:00 +0000 2021	10	0	@CrisMur2 @martintetaz Cuantificamos y hacemos modelos para poder entender la realidad. Para no quedarnos en opiniones. Estaría bueno tener un modelo que relacione flujo de personas y mortalidad.	https://twitter.com/plenque/status/1364969909420195849	[]
plenque	Thu Feb 25 15:57:33 +0000 2021	6	0	"@DKeybiz @martintetaz Controlar por densidad aplica más al contagio que a la mortalidad. Obviamente el contagio tiene incidencia en esta última, pero mucho más tiene la edad.
Eso que sugiere lo hice acá hace un tiempito (debería actualizar): https://t.co/62IUkFVXxW"	https://twitter.com/plenque/status/1364967779640745984	[]
plenque	Thu Feb 25 15:44:07 +0000 2021	5	0	@AndiBiondo Buen punto. Sugiero le avise también al MSAL. https://t.co/LQ382XT96Z	https://twitter.com/plenque/status/1364964401091125251	[]
plenque	Thu Feb 25 15:13:47 +0000 2021	1	0	@JorgeNorberto15 La info que se publica en los reportes nacionales es por lugar de residencia así que saldrían donde corresponde. Igual es cierto que en CABA se atiende mucha más gente además de los residentes. Va gráfico. https://t.co/HOLDrz9E1A	https://twitter.com/plenque/status/1364956766623182853	[]
plenque	Thu Feb 25 14:56:03 +0000 2021	4	0	@lucasllach @ugemitch Además del riesgo individual, en el caso del personal de salud tenés que tener en cuenta que el contagio reduce la capacidad de atención del sistema. CABA publica estadísticas específicas de ese grupo. https://t.co/RyH8AnMoY2	https://twitter.com/plenque/status/1364952302696685579	[]
plenque	Thu Feb 25 13:15:05 +0000 2021	1	0	@ndchiariello No estoy seguro. El fin de semana largo ensucia mucho los datos y quería dejar pasar unos días más. Encima CABA tuvo unos días en que no actualizó datasets y me quede sin info por ese lado. Hoy voy a revisar bien.	https://twitter.com/plenque/status/1364926895662456832	[]
plenque	Thu Feb 25 13:01:52 +0000 2021	14	0	@lagloriosa_jm A eso habría que agregarle si efectivamente se saturó el sistema. En realidad, hay millones de variables para controlar, pero la edad sería la que más impacto tiene y es fácil de cuantificar.	https://twitter.com/plenque/status/1364923566861516802	[]
plenque	Thu Feb 25 12:41:59 +0000 2021	16	0	El dataset oficial que liberaron corte distinto (7 AM) así que es imposible verificarlo todavía. Por eso siempre me parece recomendable ver los datos por fecha de diagnóstico o cualquier otra que no dependa del procesamiento de datos.	https://twitter.com/plenque/status/1364918563014930435	[]
plenque	Thu Feb 25 12:41:58 +0000 2021	22	1	Ojo con los números del vespertino de ayer 24/05. En la sala de situación el horario normal de corte es entre 15:00 y 15:30. Los números que se liberaron ayer son de las 17:15. Eso implicaría que se incluyeron aproximadamente 2 horas adicionales (parte del horario laboral).	https://twitter.com/plenque/status/1364918559571390465	[]
plenque	Thu Feb 25 03:25:57 +0000 2021	0	0	@mamez @animalspirit Nono... No todavía	https://twitter.com/plenque/status/1364778635765415939	[]
plenque	Thu Feb 25 03:11:35 +0000 2021	0	0	@mamez @animalspirit La mortalidad COVID sí la tenemos y la conclusión es parecida.	https://twitter.com/plenque/status/1364775018056581122	[]
plenque	Thu Feb 25 03:01:28 +0000 2021	4	0	@fromthewest86 @fedetiberti @Renato_ataca @estebanscu Ahí acotaría que Argentina tuvo una tremenda cuarentena que retrasó mucho la llegada del virus por fuera del AMBA. Es difícil separar una cosa de la otra.	https://twitter.com/plenque/status/1364772473951170562	[]
plenque	Thu Feb 25 02:23:18 +0000 2021	6	0	@Carlosmazi No, mortalidad por edad de la población. Lo que habría que estandarizar por densidad, creo yo, es la cantidad de contagios, pero desconozco si es posible.	https://twitter.com/plenque/status/1364762867401187328	[]
plenque	Thu Feb 25 02:20:44 +0000 2021	27	8	@TajerAndres @decimononnica Hoy compartieron este gráfico que, con sus limitaciones, creo que muestra bien el costo de oportunidad de vacunar a una persona de 30 años. https://t.co/VglP2buMdt	https://twitter.com/plenque/status/1364762223562928131	[]
plenque	Thu Feb 25 02:10:45 +0000 2021	2	0	@nachabal Promedio 72,59. Mediana 74. En esta página podés ver más info y filtrar por lugar: https://t.co/W2UENp2fDg	https://twitter.com/plenque/status/1364759710604414976	[]
plenque	Thu Feb 25 02:05:00 +0000 2021	1	0	@melquiadess @gramontani Sí, también, pero pareciera algo presente en toda La Patagonia. Creo que hay mucha tela para cortar ahí... pero ese ya no es laburo amateur como el mío!	https://twitter.com/plenque/status/1364758264890728448	[]
plenque	Thu Feb 25 01:57:07 +0000 2021	3	0	@danielmvega Probablemente existan muchos más factores por los que normalizar. Pasa que la edad es el más fácil de cuantificar. Creo que habría que saber mucho más de la enfermedad para poder usar la densidad en un cálculo así.	https://twitter.com/plenque/status/1364756279009415173	[]
plenque	Thu Feb 25 01:55:00 +0000 2021	1	0	@Epi_Net ¡Gracias!	https://twitter.com/plenque/status/1364755746940928000	[]
plenque	Thu Feb 25 01:21:13 +0000 2021	0	0	"@Crst_C 2018... todavía ni salió 2019!

https://t.co/id6y2Yl7kU"	https://twitter.com/plenque/status/1364747244453449729	[]
plenque	Thu Feb 25 01:13:36 +0000 2021	1	0	@Crst_C Sería genial, pero no está la info y no pinta que vaya a estar por un buen tiempo.	https://twitter.com/plenque/status/1364745327044009988	[]
plenque	Thu Feb 25 00:37:18 +0000 2021	4	0	@gramontani Es un gran enigma y no muchos lo están mirando. Puede que el clima tenga que ver, pero es solo especulación.	https://twitter.com/plenque/status/1364736190440738827	[]
plenque	Thu Feb 25 00:36:24 +0000 2021	1	0	@juvbeneguista Ahí me mataste. Ni idea.	https://twitter.com/plenque/status/1364735965118541828	[]
plenque	Thu Feb 25 00:30:23 +0000 2021	4	0	@estebanscu @fedetiberti Podría ser. Hay otras variables por las que estandarizar, pero creo que no tenemos datos suficientes como para hacerlo. Sin seroprevalencia detallada no podemos calcular nuestra IFR por edades.	https://twitter.com/plenque/status/1364734450643439622	[]
plenque	Thu Feb 25 00:28:28 +0000 2021	0	0	"@juvbeneguista INDEC. Hay que levantar el Excel. Si lo querés ""digerido"" mandame DM que te lo paso.

https://t.co/1n8zSfq8La"	https://twitter.com/plenque/status/1364733971129597953	[]
plenque	Thu Feb 25 00:25:15 +0000 2021	6	0	@JSchmukler @fedetiberti uuuhhh loco.... cómo pegan los colores...	https://twitter.com/plenque/status/1364733159947067392	[]
plenque	Thu Feb 25 00:21:00 +0000 2021	96	3	Nota: creo no hace falta mencionar que la magia del último gráfico la aportó @fedetiberti, pero lo aclaro para los distraídos.	https://twitter.com/plenque/status/1364732091850760193	[]
plenque	Thu Feb 25 00:20:59 +0000 2021	143	35	Si estandarizamos la mortalidad por provincia el resultado  es muy distinto. La mortalidad de CABA es alta, pero comparable e incluso menor que la de otras provincias si tenemos en cuenta la edad de su población. https://t.co/LcY8GPmxL8	https://twitter.com/plenque/status/1364732088130363401	[]
plenque	Thu Feb 25 00:20:56 +0000 2021	34	2	El método directo de estandarización es una herramienta clásica de la epidemiología que ayuda con las comparaciones. Lo que calculamos es la mortalidad esperada en un lugar para una pirámide estándar dada la cantidad de fallecidos que presentó. https://t.co/cF9PO25rlR	https://twitter.com/plenque/status/1364732074633134087	[]
plenque	Thu Feb 25 00:20:55 +0000 2021	42	3	Entonces, ¿no es esperable que cuanto más longeva sea una población mayor sea la mortalidad? Va gráfico de algunas pirámides de provincias en que se ve muy clara la diferencia. https://t.co/d5HlNVULF5	https://twitter.com/plenque/status/1364732067775475716	[]
plenque	Thu Feb 25 00:20:52 +0000 2021	51	2	Sabemos que COVID-19 es particularmente letal en los mayores. Aquí dos gráficos que muestran (¡en escala logarítmica!) que las diferencias de letalidad son importantes. https://t.co/1EudfTDYqk	https://twitter.com/plenque/status/1364732058594140161	[]
plenque	Thu Feb 25 00:20:50 +0000 2021	275	73	"¿Es CABA la provincia argentina con mayor mortalidad por COVID-19 hasta ahora?

Sí... y no. Sale hilo sobre estandarización de tasas de mortalidad.

🧵👇"	https://twitter.com/plenque/status/1364732049056276481	[]
plenque	Wed Feb 24 23:15:54 +0000 2021	1	0	@vir4444 Están liberando edad, residencia y otros datos de cada persona vacunada. No permite identificar la persona, pero sí generar los informes que uno quiera.	https://twitter.com/plenque/status/1364715709088083969	[]
plenque	Wed Feb 24 23:02:15 +0000 2021	34	4	Perú liberó microdatos de vacunación COVID-19. Creo que este es el camino a seguir. https://t.co/A0dAuDdCLS	https://twitter.com/plenque/status/1364712271507845123	[]
plenque	Wed Feb 24 23:00:08 +0000 2021	0	0	@AlejandrodeBar1 @JesusEduardoG @rburhum @mchocobar ¡¡¡Mil gracias!!! Bajando nomás.	https://twitter.com/plenque/status/1364711741326770177	[]
plenque	Wed Feb 24 22:54:53 +0000 2021	0	0	@Gaviot_70 Aaahh.. Algunos datos que usan en ese tablero no son públicos. Lo que querría es que los publiquen y actualicen así podemos analizarlos todos por nuestra cuenta.	https://twitter.com/plenque/status/1364710417247973380	[]
plenque	Wed Feb 24 22:37:12 +0000 2021	2	0	@bjsaenz_ Tiene la distribución y totales por grupo y sexo. Algo es algo.	https://twitter.com/plenque/status/1364705966923644931	[]
plenque	Wed Feb 24 21:39:29 +0000 2021	1	0	"@rusosnith @diegotajer @ugemitch Edad y letalidad. Luego hace la inversa: cantidad de infectados por fallecido para esa edad. Si querés ver los números exactos fijate el paper: https://t.co/nCH34oO5Nt
Por ejemplo, la probabilidad de encontrar un fallecido de 5-9 años es de 0.001 (100000 contagiados)."	https://twitter.com/plenque/status/1364691444909375491	[]
plenque	Wed Feb 24 21:32:25 +0000 2021	4	1	@diegotajer @ugemitch Para curiosos, los números salen de este estudio https://t.co/nCH34oO5Nt . Los números específicos de Argentina no los tenemos.	https://twitter.com/plenque/status/1364689663777263619	[]
plenque	Wed Feb 24 21:30:17 +0000 2021	6	2	"@diegotajer @ugemitch Buen grafiquito para poner en contexto el ""valor"" de una vacuna.  El eje derecho. https://t.co/zbEfdtmGkc"	https://twitter.com/plenque/status/1364689130127564800	[]
plenque	Wed Feb 24 20:12:13 +0000 2021	3	0	@martinmontane @SergioFelperin Eso no existía, pero no te imaginás lo que era instalar un Oracle hace 20 años. Te podía llevar muchos días si no sabías hacerlo. Puede ser críptico, pero ahora en la web está todo para copiar y listo.	https://twitter.com/plenque/status/1364669481948246019	[]
plenque	Wed Feb 24 17:39:35 +0000 2021	8	0	"@CuantasVacunas @fedetiberti Ahora quiero una pelea de bots con @cuantaVacunaAr ! Fight! 

cc @rusosnith"	https://twitter.com/plenque/status/1364631070801559553	[]
plenque	Wed Feb 24 17:38:25 +0000 2021	0	0	@Gaviot_70 ¡Hola! Creo que no entendí bien la pregunta. ¿Vos querrías saber qué es lo que yo creo que deberían publicar? ¿Es eso?	https://twitter.com/plenque/status/1364630776558551043	[]
plenque	Wed Feb 24 17:24:05 +0000 2021	2	0	@SergioFelperin Podemos discutir punto por punto, pero en el fondo tb hay una cuestión de gustos y experiencia. Tengo más de 20 años tirando consultas y es un gusto adquirido 😀	https://twitter.com/plenque/status/1364627170627383306	[]
plenque	Wed Feb 24 17:19:18 +0000 2021	12	0	@SergioFelperin Usted se debe arrepentir de lo que ha dicho!	https://twitter.com/plenque/status/1364625964144148481	[]
plenque	Wed Feb 24 17:02:10 +0000 2021	1	0	@jrncolon @Claudiashein @ISSSTE_mx @SSaludCdMx @SEDENAmx Nono... estuve buscando datos abiertos para incorporar la info al sitio y no encontré nada. No busqué tableros oficiales la verdad.	https://twitter.com/plenque/status/1364621652454215681	[]
plenque	Wed Feb 24 16:05:13 +0000 2021	1	0	@fromthewest86 @ivanfbf @eduardoyeyati @lucasllach ¡Más despacio cerebrito! https://t.co/pju7F36Gef	https://twitter.com/plenque/status/1364607322958553091	[]
plenque	Wed Feb 24 15:59:46 +0000 2021	1	0	@ivanfbf @eduardoyeyati @lucasllach Me parece que sí usa adenovirus (Ad26 puntualmente). Acá @fromthewest86 hizo un hilo: https://t.co/evngxjsVWH	https://twitter.com/plenque/status/1364605951651815427	[]
plenque	Wed Feb 24 13:28:58 +0000 2021	2	0	@BideMaximiliano Fijate que ahí compartí un nuevo tablero en que ponen cuántas distribuyeron. No es mucho, pero vamos sumando datos.	https://twitter.com/plenque/status/1364567998984577024	[]
plenque	Wed Feb 24 13:15:54 +0000 2021	0	0	@jmcos @elcarpo @LadyAAmado @fedeaikawa ¡Intento con ejemplo práctico! Me contagio y aparezco en la base con 40 años hoy. En el dataset del año que viene voy a figurar con 41 años pese a que al momento de contagiarme tenía 40. Incluso si fallezco ocurriría lo mismo.	https://twitter.com/plenque/status/1364564710981533701	[]
plenque	Wed Feb 24 13:12:59 +0000 2021	9	2	"Hay un nuevo tablero nacional que coincide con los datos que publica el MSAL. Sería bueno que publiquen datos abiertos del resto de las variables que utilizan.

https://t.co/XReJ119Ok3 https://t.co/NfdsS0Hder"	https://twitter.com/plenque/status/1364563977230045189	[]
plenque	Wed Feb 24 13:12:14 +0000 2021	1	0	"@elcarpo @jmcos @LadyAAmado @fedeaikawa Ojo que ese caso que pasó cambió de edad en el medio. Eso es porque los casos ""envejecen"" incluso luego de fallecidos. Es un error que ya reporté. Informan la edad al día de hoy en lugar de hacerlo contra la fecha de apertura del caso."	https://twitter.com/plenque/status/1364563791472640004	[]
plenque	Wed Feb 24 01:01:35 +0000 2021	1	0	@JosLuisAlvarez8 Es muy difícil que diga algo ese número porque hay mucha demora. La curva de fallecidos en este momento viene en baja (depende mayormente de la PBA), pero hay provincias que de repente cargan datos atrasados.	https://twitter.com/plenque/status/1364379917585174529	[]
plenque	Wed Feb 24 00:50:19 +0000 2021	1	0	@jmcastagnetto https://t.co/otnp8zeuHf	https://twitter.com/plenque/status/1364377080214003713	[]
plenque	Wed Feb 24 00:45:21 +0000 2021	2	0	@a_urizio Sí, dio parecido, pero veníamos en baja. La positividad está que sube y baja. Está todo medio raro.	https://twitter.com/plenque/status/1364375832156925962	[]
plenque	Wed Feb 24 00:37:19 +0000 2021	1	0	@Santiox25 Sisisi... ayer y hoy cambió el asunto.	https://twitter.com/plenque/status/1364373806958149633	[]
plenque	Wed Feb 24 00:32:14 +0000 2021	24	4	"Reporte diario de hoy 23/02 para Argentina. Son 7517 nuevos casos confirmados (7477 neto) y 155 fallecidos (151 neto).

https://t.co/3KGm6aaCkK https://t.co/2L2spIpIAU"	https://twitter.com/plenque/status/1364372528324575233	[]
plenque	Wed Feb 24 00:28:17 +0000 2021	3	0	@fromthewest86 @julioglezcobos @ivokutzarida No tengo ni la menor idea. Lo leí en la prensa: https://t.co/n3JummzNAG	https://twitter.com/plenque/status/1364371537390936066	[]
plenque	Tue Feb 23 23:32:54 +0000 2021	1	0	@julioglezcobos @ivokutzarida Hay lugares en que sí y otros que no, pero me refería a la Sinopharm que supuestamente ANMAT recomendó para menores de 60 y se daría a personal docente.	https://twitter.com/plenque/status/1364357599529943041	[]
plenque	Tue Feb 23 22:16:25 +0000 2021	3	0	@morhijo @PabloRichly La nota que copió Pablo insinúa que la recibirían antes los docentes que esos grupos. Por eso todo el hilo.	https://twitter.com/plenque/status/1364338348509249540	[]
plenque	Tue Feb 23 22:06:51 +0000 2021	2	0	@morhijo @PabloRichly ¿antes que a las personas menores de 60 con comorbilidades?	https://twitter.com/plenque/status/1364335943461859336	[]
plenque	Tue Feb 23 21:58:22 +0000 2021	7	0	@ivokutzarida Parece que la ANMAT todavía no la recomendó para mayores de 60. Igual no explica por qué a ese grupo específico.	https://twitter.com/plenque/status/1364333808032579587	[]
plenque	Tue Feb 23 21:51:16 +0000 2021	2	0	@ndchiariello @EcoLedesma @fedetiberti En prevenir lo que importa son todas buenas. Eso sí, estaría bueno tener el detalle de los datos de fase 3. https://t.co/TzBY58ljXC	https://twitter.com/plenque/status/1364332022861299712	[]
plenque	Tue Feb 23 21:34:26 +0000 2021	1	0	@BideMaximiliano @fedetiberti @EcoLedesma Ya le pasé mi teoría a Fede. Habilitaron en el NOMIVAC la opción de seleccionar el tipo de vacuna y hay pifies esperables.	https://twitter.com/plenque/status/1364327786496811008	[]
plenque	Tue Feb 23 21:32:30 +0000 2021	1	0	@bernimercado @morhijo @PabloRichly Hay grupos de riesgo con menos de 60 años.	https://twitter.com/plenque/status/1364327300158918666	[]
plenque	Tue Feb 23 21:23:35 +0000 2021	3	0	@EcoLedesma @fedetiberti Las llegadas de Sputnik ya son un lío de seguir la verdad.	https://twitter.com/plenque/status/1364325052649533441	[]
plenque	Tue Feb 23 21:22:32 +0000 2021	3	0	"@EcoLedesma @fedetiberti Yo no lo sigo, pero te paso dos observaciones:

 * Creo que las dosis de Covishield (AZ) son iguales así que la asignación podría no ser así.

 * Las que vamos a recibir son la Sinopharm, no Sinovac. Primero 0,904 y luego 0,096."	https://twitter.com/plenque/status/1364324789071060997	[]
plenque	Tue Feb 23 20:49:38 +0000 2021	3	0	@rusosnith @PabloRichly Igual hay personas menores de 60 con comorbilidades. Qué difícil.	https://twitter.com/plenque/status/1364316509338800131	[]
plenque	Tue Feb 23 20:43:23 +0000 2021	4	0	@rusosnith @PabloRichly Quiero creer que no es esa la justificación. Es un tema muy serio.	https://twitter.com/plenque/status/1364314937418518539	[]
plenque	Tue Feb 23 20:41:45 +0000 2021	1	0	@morhijo @PabloRichly Me refería a la justificación de vacunar antes a los docentes.	https://twitter.com/plenque/status/1364314527215550467	[]
plenque	Tue Feb 23 20:13:24 +0000 2021	12	0	@PabloRichly ¿Hay justificación epidemiológica?	https://twitter.com/plenque/status/1364307393862127623	[]
plenque	Tue Feb 23 17:56:18 +0000 2021	1	0	@rusosnith @nico_macchione @cuantaVacunaAr https://t.co/KeRrFzCzvt	https://twitter.com/plenque/status/1364272891672621067	[]
plenque	Tue Feb 23 17:51:13 +0000 2021	1	0	"@nico_macchione @cuantaVacunaAr @rusosnith Hoy justo respondí eso. No tengo idea.

https://t.co/NfdsS0Hder"	https://twitter.com/plenque/status/1364271612074328067	[]
plenque	Tue Feb 23 13:13:46 +0000 2021	35	7	En este momento la PBA informa 252 215 aplicaciones de primera dosis mientras que el MSAL, para la provincia, arroja tan solo 155 712. Para la segunda dosis la diferencia no es tanta. Lo atribuyo a demoras de carga, pero no puedo asegurar el motivo.	https://twitter.com/plenque/status/1364201789520809984	[]
plenque	Tue Feb 23 13:13:46 +0000 2021	64	14	Varios me consultaron así que aclaro. Los únicos datos abiertos de vacunación que tenemos los publica el MSAL e incluyen el total de vacunados por provincia. La PBA además publica info más detallada (sin datos abiertos) en su sala de situación, pero los totales no coinciden.	https://twitter.com/plenque/status/1364201786307997700	[]
plenque	Tue Feb 23 12:49:35 +0000 2021	11	0	@PabloRichly Salud somos todos.	https://twitter.com/plenque/status/1364195700901359620	[]
plenque	Tue Feb 23 12:22:39 +0000 2021	1	0	@luciobordenave Buenas. No tengo ni la menor idea. Varios nos preguntamos eso. En la sala de situación cambia retroactivamente así que es por fecha real de vacunación y no por fecha de reporte. Supongo que tienen importantes demoras de carga.	https://twitter.com/plenque/status/1364188923967209474	[]
plenque	Tue Feb 23 01:10:18 +0000 2021	2	1	"@afullHD @fedetiberti @payitoweb Acá podés verlo: https://t.co/W2UENp2fDg
Por defecto salen los datos por millón, pero si destildás ""Por población"" y le das a ""Enviar"" entre los gráficos hay uno muy parecido."	https://twitter.com/plenque/status/1364019719657897984	[]
plenque	Tue Feb 23 00:33:07 +0000 2021	25	4	"Reporte diario de hoy 22/02 para Argentina. Son 5440 nuevos casos confirmados (5417 neto) y 163 fallecidos (161 neto).

https://t.co/HhHVv6NpBd https://t.co/hkcvpTS1XI"	https://twitter.com/plenque/status/1364010363289796614	[]
plenque	Mon Feb 22 23:59:58 +0000 2021	4	0	@IvanWerning Ojalá se recupere pronto	https://twitter.com/plenque/status/1364002022354223106	[]
plenque	Mon Feb 22 22:39:47 +0000 2021	5	0	@payitoweb @cristiannmillo El punto no deja de ser válido, pero fueron 637. https://t.co/4u4WPmySUO	https://twitter.com/plenque/status/1363981841796104197	[]
plenque	Mon Feb 22 18:13:13 +0000 2021	3	0	@LMoscovich Si no fuera porque no puede, pensaría que tiene ganas de otro mandato.	https://twitter.com/plenque/status/1363914759620427777	[]
plenque	Mon Feb 22 17:33:20 +0000 2021	0	0	@bernimercado @AdamJKucharski The criteria do not require predictions but rather potential scenarios. It may even contemplate being reevaluated after a certain time.	https://twitter.com/plenque/status/1363904723921883138	[]
plenque	Mon Feb 22 17:18:33 +0000 2021	0	0	@AdamJKucharski It is something that should be done with any restriction	https://twitter.com/plenque/status/1363901001741254659	[]
plenque	Mon Feb 22 16:43:43 +0000 2021	1	0	"@fedetiberti @UnaPreguntona Me faltó leer la última oración... ""de público acceso""... ojalá."	https://twitter.com/plenque/status/1363892234987466757	[]
plenque	Mon Feb 22 16:06:23 +0000 2021	1	0	@UnaPreguntona @fedetiberti El sistema existe, el problema es que no se publican muchos datos. Este es el menú de ayuda en que se ven las pantallas: https://t.co/IAuyz5Rmtl	https://twitter.com/plenque/status/1363882842065948680	[]
plenque	Mon Feb 22 14:30:14 +0000 2021	0	0	@guido__ce Ahí me fijé en la sala de situación de la PBA. Los últimos días subió el ritmo y supongo que esos 85k vienen de sumar la última semana. https://t.co/4PzDjmAoXz	https://twitter.com/plenque/status/1363858642387296259	[]
plenque	Mon Feb 22 14:15:17 +0000 2021	0	0	@ivanfbf Accountability. Qué pena no tener una palabra en español que transmita toda la idea tan fácil y rápido.	https://twitter.com/plenque/status/1363854880910307329	[]
plenque	Mon Feb 22 14:11:42 +0000 2021	34	3	Los datos de compra, distribución y aplicación de vacunas deberían ser abiertos con buen nivel de detalle. No creo que sea la solución, pero sí parte del camino para construir confianza. https://t.co/HTgACoRyLM	https://twitter.com/plenque/status/1363853977473974276	[]
plenque	Mon Feb 22 13:30:16 +0000 2021	2	0	@55Renata @noricris05 @Furio_sl2 @cuantaVacunaAr @mmbarrionuevo La fuente original de los datos es el dataset que publica el MSAL que solo da totales cada día: https://t.co/efROToMTB4	https://twitter.com/plenque/status/1363843550849470464	[]
plenque	Mon Feb 22 11:37:34 +0000 2021	1	0	@guido__ce Podrían tener demoras de carga y pasar los que les anticipan de los vacunatorios. Debería ir compensando los próximos días.	https://twitter.com/plenque/status/1363815190786158592	[]
plenque	Mon Feb 22 11:34:45 +0000 2021	2	0	@guido__ce Buenas. Ni idea che. El sistema NOMIVAC (parte del SISA) sería centralizado así que no creo que tengan otro. No sé por qué podría dar distinto el total acumulado de lo que informa el MSAL. La cantidad diaria podría ser porque no se publica por día.	https://twitter.com/plenque/status/1363814480505958407	[]
plenque	Mon Feb 22 00:33:25 +0000 2021	23	3	"Reporte diario de hoy 21/02 para Argentina. Son 3721 nuevos casos confirmados (3709 neto) y 77 fallecidos (76 neto).

https://t.co/kkwjgNOrCX https://t.co/9tIxgpHSr6"	https://twitter.com/plenque/status/1363648053467631617	[]
plenque	Mon Feb 22 00:10:39 +0000 2021	5	0	@noricris05 @cuantaVacunaAr @mmbarrionuevo Está en el link de la bio: https://t.co/FIhMfBECQv	https://twitter.com/plenque/status/1363642320126631937	[]
plenque	Sun Feb 21 23:44:59 +0000 2021	1	0	@Pizicosis @BideMaximiliano @animalspirit También es mayor la letalidad en hombres. https://t.co/AhzHSRZ6qt	https://twitter.com/plenque/status/1363635862261620737	[]
plenque	Sun Feb 21 23:07:03 +0000 2021	21	3	@diegotajer Link con info cruda día a día: https://t.co/mhmjGmYsfL	https://twitter.com/plenque/status/1363626317640564737	[]
plenque	Sun Feb 21 23:01:16 +0000 2021	1	0	@jpjviro @marinaenba @jorgeluisaliaga @sole_reta @rquiroga777 Por ahora no. Todavía no salió la mortalidad 2019 así que supongo que falta bastante.	https://twitter.com/plenque/status/1363624860191227912	[]
plenque	Sun Feb 21 23:00:34 +0000 2021	2	0	@BideMaximiliano @animalspirit Es un patrón mundial que viene desde el principio. Vi muchos artículos que hablan de cuestiones biológicas y sociales, pero creo que no se sabe con certeza. O al menos hasta hace un tiempo era así.	https://twitter.com/plenque/status/1363624686433804288	[]
plenque	Sun Feb 21 22:55:12 +0000 2021	1	0	@jpjviro @marinaenba @jorgeluisaliaga @sole_reta @rquiroga777 Con la info de covid se pudo. Creo que estamos a tiempo.	https://twitter.com/plenque/status/1363623333376512002	[]
plenque	Sun Feb 21 22:52:23 +0000 2021	21	2	@animalspirit Esto es fallecidos por millón para Argentina. https://t.co/Gm1Hc9IGzy	https://twitter.com/plenque/status/1363622627517079557	[]
plenque	Sun Feb 21 20:29:10 +0000 2021	1	0	@DatavizAdventuR @jmcastagnetto Gracias. Es algo que me quedó pendiente y siempre olvido. En todos los casos es el dataset oficial de cada país.	https://twitter.com/plenque/status/1363586583547568128	[]
plenque	Sun Feb 21 20:02:36 +0000 2021	7	0	@diegotajer Es que no hay gurúes de pandemia. El covid es una partecita chiquitita nomás del asunto.	https://twitter.com/plenque/status/1363579899248848897	[]
plenque	Sun Feb 21 19:59:44 +0000 2021	2	0	@JuanJuanete @mschuliaquer La verdad que sería un golazo porque, más allá de cuestiones técnicas, sería un boost de confianza que quizás ayude a acelerar la producción.	https://twitter.com/plenque/status/1363579175475494912	[]
plenque	Sun Feb 21 19:57:09 +0000 2021	0	0	@jmcastagnetto ¡Gracias! Voy a revisar.	https://twitter.com/plenque/status/1363578528529285121	[]
plenque	Sun Feb 21 19:54:32 +0000 2021	0	0	@JuanJuanete @mschuliaquer ¿No falta mucho para eso?	https://twitter.com/plenque/status/1363577867947376643	[]
plenque	Sun Feb 21 19:53:52 +0000 2021	2	1	"@jmcastagnetto Te dejo algo web parecido que armé con los datos de COVID-19. Hay que darle al botón de play. Tengo pendiente revisar SINADEF.

https://t.co/a0sdYbUc8D"	https://twitter.com/plenque/status/1363577699776749574	[]
plenque	Sun Feb 21 18:55:09 +0000 2021	2	0	"@melquiadess @primolouis @lasoleceballos En todo caso serían ""100 potenciales vacunables"", pero una vez que arranque masivamente ya no ocurre. Ese riesgo lo corrimos con el dataset de COVID-19 y creo que no hubo problemas al respecto. De hecho, hay errores que permiten desanonimizar y creo que nadie los aprovechó."	https://twitter.com/plenque/status/1363562923965222914	[]
plenque	Sun Feb 21 18:50:48 +0000 2021	1	0	@primolouis @lasoleceballos ¿Incluso anonimizada? Yo pienso en un dataset de vacunados con sexo, edad, departamento, fecha, tipo de vacuna, nro. de dosis y no mucho más.	https://twitter.com/plenque/status/1363561829147041793	[]
plenque	Sun Feb 21 18:24:36 +0000 2021	8	0	@martinmontane @ezeburgo @pgerchunoff Dejo link para los vagos... https://t.co/CvnQaXLSuh	https://twitter.com/plenque/status/1363555237513019396	[]
plenque	Sun Feb 21 18:15:18 +0000 2021	4	0	"@fabiojquetglas @HernaniiBA @RevistaSeul @LeoAchilli Muy interesante. El párrafo ""El presente"" me pareció sintético y profundo simultáneamente. Algo poco común."	https://twitter.com/plenque/status/1363552894486724611	[]
plenque	Sun Feb 21 17:46:06 +0000 2021	17	0	@marinaenba @jorgeluisaliaga @sole_reta @rquiroga777 Vot sí completamente. Siempre a favor de liberar datos. Igual no creo que con eso alcance para salir de este embrollo. La confianza se construye de a poquito.	https://twitter.com/plenque/status/1363545546930151435	[]
plenque	Sun Feb 21 14:49:09 +0000 2021	13	1	El análisis unidimensional de costos no alcanza. No podemos robarles la prioridad. https://t.co/Hw8Ai1Hpcn	https://twitter.com/plenque/status/1363501015308337156	[]
plenque	Sun Feb 21 14:05:31 +0000 2021	5	0	@lephcero @iplanliv @CableFibertel Avísales que en Caballito les damos facturas y sanguchitos de miga.	https://twitter.com/plenque/status/1363490037250277384	[]
plenque	Sun Feb 21 13:13:17 +0000 2021	69	8	"Que no se enoje @cuantaVacunaAr, pero ayer Argentina llegó al 1% de su población vacunada con primera dosis. 456929 personas.

https://t.co/mhmjGmYsfL"	https://twitter.com/plenque/status/1363476890208600064	[]
plenque	Sun Feb 21 11:45:45 +0000 2021	0	0	@arnal_soyer Lo que publica el MSAL son los totales acumulados diarios y yo computo las diferencias día a día. El portal de la PBA cambia retroactivamente así que ahí ves por fecha real de vacunación, pero de eso no tenemos datos abiertos. Es fecha de reporte vs fecha real como con los casos.	https://twitter.com/plenque/status/1363454861904400384	[]
plenque	Sun Feb 21 09:49:54 +0000 2021	1	0	@mschuliaquer Tenía entendido que las dosis de Sinopharm eran iguales. Eso al menos simplificaría un poco.	https://twitter.com/plenque/status/1363425705254617092	[]
plenque	Sun Feb 21 09:48:46 +0000 2021	0	0	@CMonczar Supuestamente Sinopharm	https://twitter.com/plenque/status/1363425420826312705	[]
plenque	Sun Feb 21 09:43:31 +0000 2021	0	0	@JuanJuanete Los 580k de AZ ya llegaron hace unos días	https://twitter.com/plenque/status/1363424099553456129	[]
plenque	Sun Feb 21 09:40:39 +0000 2021	0	0	@ZulmaCucunuba @butantanoficial Gracias!	https://twitter.com/plenque/status/1363423378028322817	[]
plenque	Sun Feb 21 02:05:08 +0000 2021	0	0	@ZulmaCucunuba @butantanoficial ¿Este fue el ensayo que se hizo en personal de salud? En ese caso, ¿podría ser que la eficacia fuera mayor en población general?	https://twitter.com/plenque/status/1363308745284079618	[]
plenque	Sun Feb 21 01:08:15 +0000 2021	1	0	@JSchmukler @nicogimb Sí, de acuerdo. Por eso dije que no es tan importante. Hay que regular el esfuerzo para cuando se necesita más porque no es infinito.	https://twitter.com/plenque/status/1363294429721858048	[]
plenque	Sun Feb 21 01:04:08 +0000 2021	0	0	@JSchmukler @nicogimb 4 contagiados tienen mayor probabilidad de transmitir a alguien los días siguientes que solo 2. Conste que lo digo sin emitir juicio y tampoco me parece algo tan importante. En esa situación probablemente también me relajaría un poco.	https://twitter.com/plenque/status/1363293392759848960	[]
plenque	Sun Feb 21 01:01:22 +0000 2021	1	0	@JosLuisAlvarez8 @curcicastro Hay que esperar unos días para analizar la tendencia. Es esperable que hoy todavía tengas en el dato un poco de arrastre del feriado largo.	https://twitter.com/plenque/status/1363292695880486917	[]
plenque	Sun Feb 21 00:58:35 +0000 2021	2	0	@MariaSalomealib La positividad de todo el país para la última semana me da 14,72%. La acumulada desde el inicio %32,92. Hay que tener en cuenta que con el cambio de testeo en CABA (asintomáticos por turismo) los números de ahora no son comparables con los anteriores.	https://twitter.com/plenque/status/1363291997545586690	[]
plenque	Sun Feb 21 00:34:33 +0000 2021	34	8	"Reporte diario de hoy 20/02 para Argentina. Son 5973 nuevos casos confirmados (5945 neto) y 122 fallecidos.

https://t.co/oCROiMpC3L https://t.co/G0xMfvspXz"	https://twitter.com/plenque/status/1363285950265249794	[]
plenque	Sat Feb 20 22:14:15 +0000 2021	2	0	"@ivokutzarida @srodriguezrey Y en general se olvidan de que todavía no sabemos si impiden la transmisión (""para cuidar al resto""). Es una ensalada comunicacional."	https://twitter.com/plenque/status/1363250643184607236	[]
plenque	Sat Feb 20 20:53:44 +0000 2021	2	0	@mato @fedetiberti @rusosnith @Nicolas_Ajz Por si no querés preocuparte por los datos: https://t.co/uRVI1yfXo0	https://twitter.com/plenque/status/1363230378962657281	[]
plenque	Sat Feb 20 20:31:16 +0000 2021	1	0	"@mato @fedetiberti @rusosnith @Nicolas_Ajz No hay por qué. Si querés los históricos podés buscarlos en este link. Cuando lo veas vas a entender por qué lo digo 😀

https://t.co/sgjgLXbU4O"	https://twitter.com/plenque/status/1363224726366216197	[]
plenque	Sat Feb 20 20:29:42 +0000 2021	1	0	@mato @fedetiberti @rusosnith @Nicolas_Ajz Acá ta! https://t.co/efROToMTB4	https://twitter.com/plenque/status/1363224328540721154	[]
plenque	Sat Feb 20 20:28:24 +0000 2021	1	0	@santi_monse @bjsaenz_ Pispealo y cualquier cosa decime porque si no sería un error en el mío. Supongo que no porque darían mal los totales, pero nunca se sabe.	https://twitter.com/plenque/status/1363224002802688005	[]
plenque	Sat Feb 20 20:24:23 +0000 2021	0	0	@santi_monse @bjsaenz_ De hecho, borré mi tuit original porque tiene que ser por fecha de reporte. ¡Si no tiene fecha!	https://twitter.com/plenque/status/1363222993070080000	[]
plenque	Sat Feb 20 20:23:44 +0000 2021	0	0	@santi_monse @bjsaenz_ ¿Seguro? Porque no cambia retroactivamente la info. El dataset solo incluye el total acumulado diario y yo computo las diferencias.	https://twitter.com/plenque/status/1363222830469513216	[]
plenque	Sat Feb 20 20:18:53 +0000 2021	1	0	@BideMaximiliano Ahí mucho no podemos hacer. Cuando el error es de origen es difícil. En el dataset de casos hay muchos con más de 120 años.	https://twitter.com/plenque/status/1363221608064778241	[]
plenque	Sat Feb 20 20:16:02 +0000 2021	2	0	"@LaOtra13 Sí, lo compartí hace un rato. Gracias.

https://t.co/B46ynsxRV1"	https://twitter.com/plenque/status/1363220889739939841	[]
plenque	Sat Feb 20 20:06:51 +0000 2021	4	0	@cingolani_oscar https://t.co/MqYxTod6KP	https://twitter.com/plenque/status/1363218578946818057	[]
plenque	Sat Feb 20 20:04:12 +0000 2021	45	9	"Actualizaron. La novedad es que se incluyen unas poquitas dosis (29) aplicadas de AstraZeneca (""COVISHIELD ChAdOx1nCoV COVID 19""). Luego haré que salgan discriminadas en el sitio.

https://t.co/mhmjGmYsfL https://t.co/T2MFEN4kLt"	https://twitter.com/plenque/status/1363217913222750213	[]
plenque	Sat Feb 20 19:08:54 +0000 2021	2	0	@Nicolas_Ajz @fedetiberti Si tuvieran un solo dataset de covid los metería en el sitio, pero encontré por estado y es un perno.	https://twitter.com/plenque/status/1363203996664659978	[]
plenque	Sat Feb 20 19:07:21 +0000 2021	1	0	@Nicolas_Ajz we can't make bricks without clay!	https://twitter.com/plenque/status/1363203605818454016	[]
plenque	Sat Feb 20 19:05:56 +0000 2021	11	0	@Nicolas_Ajz Solo totales diarios por provincia. A mi gusto, faltan fechas, departamentos, entregas (stock) y edades.	https://twitter.com/plenque/status/1363203249134833673	[]
plenque	Sat Feb 20 18:33:10 +0000 2021	4	0	@QuikFCO No me termina de cerrar cómo puede ser más efectiva en prevenir enfermedad grave que muerte.	https://twitter.com/plenque/status/1363195002298511361	[]
plenque	Sat Feb 20 18:15:05 +0000 2021	0	0	@rusosnith @fedetiberti @cuantaVacunaAr @j_e_d Tranca que él separa en dosis.	https://twitter.com/plenque/status/1363190451998760962	[]
plenque	Sat Feb 20 17:58:11 +0000 2021	0	0	@PieNPi Usé el término para englobar todos los sucesos que luego enumeré.	https://twitter.com/plenque/status/1363186199368785926	[]
plenque	Sat Feb 20 17:56:01 +0000 2021	2	0	@rusosnith @fedetiberti @cuantaVacunaAr Me parece que vos estás sumando el % que recibió la 1ra al % que recibió la segunda y eso no estaría bien porque se repite la persona. Pero por separado da igual.	https://twitter.com/plenque/status/1363185655380144130	[]
plenque	Sat Feb 20 17:50:54 +0000 2021	1	0	@ltornarolli @econ_climb lpm... pensé que había pifiado yo, jajaja	https://twitter.com/plenque/status/1363184365862346754	[]
plenque	Sat Feb 20 17:35:05 +0000 2021	4	0	@econ_climb Lo valioso, por su escasez, es la introspección	https://twitter.com/plenque/status/1363180386080153600	[]
plenque	Sat Feb 20 17:23:28 +0000 2021	1	0	@Estebanbusqueme Creo que todavía no la pusimos a prueba. Espero.	https://twitter.com/plenque/status/1363177463942180866	[]
plenque	Sat Feb 20 16:31:39 +0000 2021	2	0	@gaingon Sí, yo pensé en anotarme en el de Cansino y al final no lo hice por colgado. Ojo que no cambia en nada a nivel comportamiento porque no sabés si te dieron el placebo. Tampoco sabés si previene transmisión.	https://twitter.com/plenque/status/1363164422135504899	[]
plenque	Sat Feb 20 16:23:02 +0000 2021	1	0	@jorgefantin No creo que sea blanco y negro, pero las escasez seguro tiene su efecto en el juego de incentivos.	https://twitter.com/plenque/status/1363162254963847172	[]
plenque	Sat Feb 20 14:34:40 +0000 2021	171	35	No pretendo minimizar las irregularidades, pero el problema que me preocupa es que faltan vacunas y no queda claro cuándo las tendremos. El embajador en China, los favorecidos acá y los problemas de producción en Rusia son piezas de ese rompecabezas.	https://twitter.com/plenque/status/1363134981372071939	[]
plenque	Sat Feb 20 14:14:44 +0000 2021	3	0	@AleNasser ¡No descarto ninguna hipótesis!	https://twitter.com/plenque/status/1363129965437411330	[]
plenque	Sat Feb 20 14:03:44 +0000 2021	1	0	@amparos2015 @ardiarg2017 Los datos están igual en el NOMIVAC. El dataset no tiene info que pueda mostrar datos individualizados.	https://twitter.com/plenque/status/1363127197461004291	[]
plenque	Sat Feb 20 13:48:24 +0000 2021	2	0	@GabrielBurin @Nicolas_Ajz @fedetiberti La vi porque usaron los datos que comparto 😀. Dice que llegarían 2.8M en marzo que igual es poco. El problema es que son lo que se declara y por ahora no se viene cumpliendo así que no sé.	https://twitter.com/plenque/status/1363123339171155970	[]
plenque	Sat Feb 20 13:42:21 +0000 2021	1	0	@aguscuervo_ Eso y departamento sería ideal. Por eso lo bajo todos los días para sacar diferencias y que falte me rompe todo.	https://twitter.com/plenque/status/1363121818631090183	[]
plenque	Sat Feb 20 13:39:16 +0000 2021	0	0	@aguscuervo_ Es un dataset con totales por provincia. Imposible sacar detalle de ahí.	https://twitter.com/plenque/status/1363121042735177730	[]
plenque	Sat Feb 20 13:38:46 +0000 2021	11	0	@DavidKohn_16 Tenía turno para el lunes. Un giorno tristissimo.	https://twitter.com/plenque/status/1363120915446456321	[]
plenque	Sat Feb 20 13:37:26 +0000 2021	0	0	@GabrielBurin @Nicolas_Ajz @fedetiberti La verdad que no tengo mucha idea porque hay pocos datos publicados, pero por lo que sale en la prensa parece ser así. Los 580k de AZ que llegaron desde India serían un sobrante no asignado y luego tenemos lo que viene llegando desde Rusia que no es mucho.	https://twitter.com/plenque/status/1363120579868524544	[]
plenque	Sat Feb 20 13:30:41 +0000 2021	182	42	Normalmente, el dataset de vacunación se actualiza todos los días a las 10AM y hoy apareció vacío. Esperemos que mañana se regularice.	https://twitter.com/plenque/status/1363118879598407681	[]
plenque	Sat Feb 20 12:57:24 +0000 2021	2	0	@PabloRichly Los beneficios se pueden analizar, pero mi impresión es que se falla bastante en el análisis de costos. Alguna materia de economía ayudaría.	https://twitter.com/plenque/status/1363110505351675904	[]
plenque	Sat Feb 20 02:49:24 +0000 2021	3	0	@curcicastro Sí, claro, hacen falta unos días para saber si hubo cambio de tendencia. Por ahora no necesariamente. La positividad subió un pelín en el sector privado de CABA y en el conurbano, pero nada para asustarse. A nivel país sigue bajando. https://t.co/sMNIgea3xO	https://twitter.com/plenque/status/1362957495556268035	[]
plenque	Sat Feb 20 01:11:39 +0000 2021	3	0	@TajerAndres @diegotajer Por como se dieron las cosas tendría bastante lógica.	https://twitter.com/plenque/status/1362932898995843076	[]
plenque	Sat Feb 20 00:41:24 +0000 2021	2	0	@Santiox25 Los datos por fecha de reporte pueden engañar cuando venimos de un finde super largo. Todavía no pude revisar bien por fecha de diagnóstico porque el dataset recién sale. Igual hay que esperar unos días.	https://twitter.com/plenque/status/1362925285256142852	[]
plenque	Sat Feb 20 00:36:34 +0000 2021	22	5	"Reporte diario de hoy 19/02 para Argentina. Son 7930 nuevos casos confirmados (7886 neto) y 143 fallecidos.

https://t.co/QJKXA3nZOJ https://t.co/5kXidJWqZ4"	https://twitter.com/plenque/status/1362924067356106755	[]
plenque	Fri Feb 19 21:41:51 +0000 2021	1	0	@rusosnith @carlavizzotti En la radio dijeron que ya estaría confirmada.	https://twitter.com/plenque/status/1362880097758437380	[]
plenque	Fri Feb 19 17:44:29 +0000 2021	124	6	Jamás pensé que los gritos insoportables del colegio de en frente me iban a poner contento.	https://twitter.com/plenque/status/1362820364066197507	[]
plenque	Fri Feb 19 01:06:45 +0000 2021	1	0	"@toxvaerd1 Sí, lo que pasa es que tenemos la base ""cruda"" y diariamente se incorporan casos nuevos y se borran / modifican otros. Lo que sale en el vespertino es la diferencia (le digo neto) y yo informo ambos valores. En la segunda imagen, abajo, está el modo al que llego al número."	https://twitter.com/plenque/status/1362569277321187330	[]
plenque	Fri Feb 19 00:32:13 +0000 2021	33	5	"Reporte diario de hoy 18/02 para Argentina. Son 7704 nuevos casos confirmados (7670 neto) y 242 fallecidos (241 neto).

https://t.co/65M1gQwBwO https://t.co/QhiZ5tJ2VF"	https://twitter.com/plenque/status/1362560584907112449	[]
plenque	Thu Feb 18 22:52:03 +0000 2021	1	0	@alexmilberg @apsmunro Ojo que si el tuit arranca arrobándolo a él le sale en su TL a los que siguen a ambos. Ponele un puntito o algo al principio.	https://twitter.com/plenque/status/1362535379392430080	[]
plenque	Thu Feb 18 22:22:48 +0000 2021	1	0	@gabrielzelpo @Nicolas_Ajz Arrancó después de fin de año. Encima los fallecidos directamente los siguen por el dato de mortalidad porque parece que mucho va por fuera del sistema de vigilancia.	https://twitter.com/plenque/status/1362528017977909257	[]
plenque	Thu Feb 18 20:47:10 +0000 2021	5	1	Spoiler alert https://t.co/4FOOyTEXo6	https://twitter.com/plenque/status/1362503950273032194	[]
plenque	Thu Feb 18 18:59:39 +0000 2021	4	0	@ivanfbf @fedetiberti Destacaría la vigilancia genómica. Saben la prevalencia de las variantes en cada lugar.	https://twitter.com/plenque/status/1362476893468041221	[]
plenque	Thu Feb 18 17:41:37 +0000 2021	1	0	@Awesome13008420 Estoy de acuerdo en que la mejor estrategia no necesariamente es la imposición. Sin embargo, en el caso de las vacunas existe la evidencia que producen los ensayos clínicos y no estaría atado a la fe. Pero también puede existir gente que desconfíe.	https://twitter.com/plenque/status/1362457253807333377	[]
plenque	Thu Feb 18 17:34:51 +0000 2021	27	4	Pensé que las vacunas ayudarían, pero la discusión sobre estrategias COVID sigue parecida a las de religión. No tengo ningún problema con las religiones, pero no está bueno tratar de imponerlas. https://t.co/u8YcT6JU04	https://twitter.com/plenque/status/1362455550676631552	[]
plenque	Thu Feb 18 15:52:41 +0000 2021	2	0	@javiermdq @JSchmukler @Gus_Noriega @fedetiberti Se ve por todo el país e incluso en muchos lugares del mundo un cambio por esos mismos días.	https://twitter.com/plenque/status/1362429840490651650	[]
plenque	Thu Feb 18 15:40:04 +0000 2021	0	0	@valenzine Me pasé a Tuenti y no tengo quejas. Creo que es la misma red.	https://twitter.com/plenque/status/1362426668107915269	[]
plenque	Thu Feb 18 15:21:13 +0000 2021	8	0	@JSchmukler @Gus_Noriega @fedetiberti No descarto ninguna hipótesis.	https://twitter.com/plenque/status/1362421923259551749	[]
plenque	Thu Feb 18 13:26:26 +0000 2021	1	0	@TajerAndres Noooo, lo decían hace mucho (cuando yo elegí) los alumnos. No creo que lo diga la universidad.	https://twitter.com/plenque/status/1362393037503086593	[]
plenque	Thu Feb 18 13:21:12 +0000 2021	1	0	@TajerAndres Es como en el ITBA que dicen que arman el cronograma para que no puedas laburar... solo pifiaron de persona!	https://twitter.com/plenque/status/1362391717375270912	[]
plenque	Thu Feb 18 13:07:01 +0000 2021	1	0	@uadlup @Nicolas_Ajz Totalmente, pasa que no me animo a generalizar si meto otros países. En promedio, en CABA hoy tendrás 12 días entre contagio y que salga en el reporte. Si mirás por fecha de DX serían 10.	https://twitter.com/plenque/status/1362388148341403654	[]
plenque	Thu Feb 18 12:58:02 +0000 2021	3	0	"@Nicolas_Ajz @uadlup Ojo que para mi ""fiestas"" no son solo 25 y 31 sino toda la ceremonia (compras, reuniones, despedidas). La dinámica social debe ser tan distinta como la monetaria.
El otro tema es que tenés lags y la cena de fin de año se ve no antes del 7/1."	https://twitter.com/plenque/status/1362385888194547715	[]
plenque	Thu Feb 18 12:49:04 +0000 2021	3	0	@uadlup @Nicolas_Ajz Yo creo que algo de eso tiene que haber. Es muy difícil limpiar otros efectos en cada lugar (lockdowns, variantes, etc.). Sería interesante poder comprobarlo porque permitiría conocer mejor la enfermedad.	https://twitter.com/plenque/status/1362383634129444865	[]
plenque	Thu Feb 18 12:45:15 +0000 2021	1	0	@Nicolas_Ajz 10 de enero y alrededores aparece en muuuuuuchos países.	https://twitter.com/plenque/status/1362382671830278144	[]
plenque	Thu Feb 18 12:35:18 +0000 2021	1	0	@Epiploico Hay muchos lugares con más de 2000 muertos por millón, pero la mortalidad esperada de cada lugar depende de varias cosas. No creo que haya un número mágico. Acá podés ver los departamentos: https://t.co/FTBJYmBRfo	https://twitter.com/plenque/status/1362380166710837248	[]
plenque	Thu Feb 18 00:31:31 +0000 2021	23	6	"Reporte diario de hoy 17/02 para Argentina. Son 6097 nuevos casos confirmados (6064 neto) y 184 fallecidos.

https://t.co/k2gTqP2xDC https://t.co/1JgnCuhgmi"	https://twitter.com/plenque/status/1362198023258976264	[]
plenque	Wed Feb 17 20:49:54 +0000 2021	1	0	@PabloRichly Pasa que a nivel escalas no están tan lejos. Leticia tiene población de 49737 personas mientras que TDF 173432. Siempre 2020.	https://twitter.com/plenque/status/1362142252211011584	[]
plenque	Wed Feb 17 20:42:10 +0000 2021	0	0	"@PabloRichly Por provincia (departamento Col) no, pero fijate Leticia en Colombia (municipio) acá: https://t.co/9NCyNi1ZgE
Ojo que son lugares con muy poca población."	https://twitter.com/plenque/status/1362140304011390980	[]
plenque	Wed Feb 17 20:37:18 +0000 2021	0	0	@PabloRichly De Brasil no porque no hay microdatos a nivel nacional y debería procesar cada estado por separado. Perú tiene muchísima subdetección y los números de muertes por COVID están demasiado lejos de la mortalidad oficial SINADEF, entonces no dice demasiado. Sería Loreto. https://t.co/k84whVb3KX	https://twitter.com/plenque/status/1362139079266226179	[]
plenque	Wed Feb 17 20:26:33 +0000 2021	5	0	"@ZulmaCucunuba Aquí calculé las tasas estandarizadas para departamentos y municipios de Colombia. Usé la suma de varios países latinoamericanos (Arg, Col, Mex y Perú) como estándar.

https://t.co/3cA0t5nzvO"	https://twitter.com/plenque/status/1362136374019784712	[]
plenque	Wed Feb 17 12:20:55 +0000 2021	165	12	Todos los días bajo las novedades esperando ver bajas. A partir de hoy tengo más motivos. Respetemos, cuidemos y ventilemos para que los chicos puedan recuperar una parte de su vida.	https://twitter.com/plenque/status/1362014158905090050	[]
plenque	Wed Feb 17 00:34:52 +0000 2021	20	3	"Reporte diario de hoy 16/02 para Argentina. Son 4024 nuevos casos confirmados (4003 neto) y 106 fallecidos (105 neto).

https://t.co/ZeLBtxao4d https://t.co/wxufuWk2u5"	https://twitter.com/plenque/status/1361836475508269065	[]
plenque	Wed Feb 17 00:10:29 +0000 2021	2	0	@wsosaescudero @rayovirtual Lo mío hubiera sido parecido, pero von Neumann seguro entraba.	https://twitter.com/plenque/status/1361830340671770626	[]
plenque	Tue Feb 16 22:48:17 +0000 2021	1	0	@sebacampanario El nene la descose	https://twitter.com/plenque/status/1361809654112784386	[]
plenque	Tue Feb 16 20:06:20 +0000 2021	2	0	@Sebas_Dagrosa @rusosnith @cuantaVacunaAr Creo que no hay ninguna nueva que sobrepasara 1%.	https://twitter.com/plenque/status/1361768896638947328	[]
plenque	Tue Feb 16 20:05:06 +0000 2021	19	3	Cómo funcionan las vacunas ARN mensajero... ¡Estilo Star Wars! https://t.co/lISmm5NJkU	https://twitter.com/plenque/status/1361768587418103809	[]
plenque	Tue Feb 16 19:56:24 +0000 2021	1	0	@WWelberb Con densidad se podría hacer algo supongo. A mi me supera!	https://twitter.com/plenque/status/1361766398280802305	[]
plenque	Tue Feb 16 19:43:01 +0000 2021	0	0	@MatiSBlanco CSV no hay. La PBA casi no publica datos crudos.	https://twitter.com/plenque/status/1361763032343474176	[]
plenque	Tue Feb 16 19:42:26 +0000 2021	0	0	@MatiSBlanco La sala de la PBA te permite ir a nivel departamento (mayor detallle), pero solo te muestra el avance diario. Acá tenés cobertura por grupos de edad y otros informes muy piolas. Capaz que Argentina los publique cuando arranquemos con vacunación masiva.	https://twitter.com/plenque/status/1361762884095799297	[]
plenque	Tue Feb 16 19:30:48 +0000 2021	1	0	"@gaston40662600 No sé si es un ranking, pero OWID tiene info de varios países. De por sí es difícil tener el dato, pero sí además querés estandarizar necesitás las edades de los fallecidos y ahí ya son muy pocos los que publican (México lo hace, por ejemplo).

https://t.co/fCcZRhz6RC"	https://twitter.com/plenque/status/1361759956366749697	[]
plenque	Tue Feb 16 19:07:31 +0000 2021	8	1	@PabloRichly Casi toda La Patagonia tiene números altos. Pareciera haber bastante correlación entre mortalidad estandarizada y latitud (no la calculé). https://t.co/EYwjlWZQ17	https://twitter.com/plenque/status/1361754097435762688	[]
plenque	Tue Feb 16 18:57:26 +0000 2021	1	0	@curcicastro Totalmente. Por ejemplo, en Colombia hay muchos fallecidos contagiados en el dataset que no se reportan en las cifras oficiales porque el motivo no fue COVID. Esos detalles son muy difíciles de contemplar. México es el único que incluye comorbilidades en los datos abiertos.	https://twitter.com/plenque/status/1361751557595881473	[]
plenque	Tue Feb 16 18:47:00 +0000 2021	1	0	@mollfederico Así le va a los blanqueos	https://twitter.com/plenque/status/1361748933324787717	[]
plenque	Tue Feb 16 18:45:10 +0000 2021	14	0	Para tener un panorama más completo sería necesario conocer el exceso de mortalidad (con microdatos) y todavía no está disponible en todos los casos. Repito algo que ya mencioné: seguramente existan otras variables para normalizar.	https://twitter.com/plenque/status/1361748471980638218	[]
plenque	Tue Feb 16 18:45:09 +0000 2021	30	3	Comparto la mortalidad COVID (detectada) estandarizada por edad para los 4 países que sigo. Si bien Argentina está por detrás en valores por millón, al tener en cuenta la edad de su población la diferencia se incrementa. https://t.co/q45mKwobhy	https://twitter.com/plenque/status/1361748467337617410	[]
plenque	Tue Feb 16 18:28:53 +0000 2021	3	0	@TajerAndres @decimononnica Creo que eso se puede generalizar: el esfuerzo es finito y hay que apuntarlo a lo que genere mayor beneficio. Si no alcanza o no hay tiempo para generar infraestructura que al menos se concientice sobre ventilación.	https://twitter.com/plenque/status/1361744374548299777	[]
plenque	Tue Feb 16 15:50:42 +0000 2021	2	0	@cielo2009 @_franCBA Claro, es así, pero los datos están anonimizados y no podemos saber con ese nivel de detalle. Solo sabemos a nivel departamento y si es sector público o privado.	https://twitter.com/plenque/status/1361704567096938496	[]
plenque	Tue Feb 16 14:36:00 +0000 2021	1	0	@lephcero Ahí ya dependemos de que incluyan la discriminación que ahora mismo no está. CABA en el dataset separa trabajadores de la salud así que puede que tb lo incluyan. Ojalá.	https://twitter.com/plenque/status/1361685768184422402	[]
plenque	Tue Feb 16 12:30:39 +0000 2021	1	0	@cielo2009 @_franCBA La base es única y el MSAL tienen la info. El problema es cuando generan el archivo de datos que liberan al público. A veces no lo hacen, otros días tiene otro corte y se complica hacer un reporte diario independiente.	https://twitter.com/plenque/status/1361654220332613633	[]
plenque	Tue Feb 16 00:32:47 +0000 2021	22	4	"Ayer el MSAL incluyó menos casos en los datos liberados que se compensan con números superiores al vespertino de hoy. Reporte diario de hoy 15/02 para Argentina. Son 4686 nuevos casos confirmados (4668 neto) y 103 fallecidos.

https://t.co/0wRF843CcM https://t.co/ntSOK5fyZ7"	https://twitter.com/plenque/status/1361473565221085186	[]
plenque	Mon Feb 15 11:41:01 +0000 2021	14	0	@NegroYoma Argentina es lo que es gracias a los inmigrantes. La conforman también unos pocos intolerantes.	https://twitter.com/plenque/status/1361279343184535559	[]
plenque	Mon Feb 15 02:13:53 +0000 2021	21	1	Ayer el MSAL no actualizó el dataset así que el reporte de hoy incluye datos de ambos días. Igual no coincide con el vespertino. Reporte diario de ayer 13/02 y hoy 14/02 para Argentina. Son 8952 nuevos casos confirmados (8894 neto) y 195 fallecidos. https://t.co/a1jVzaVFEi	https://twitter.com/plenque/status/1361136620527828993	[]
plenque	Sun Feb 14 22:10:20 +0000 2021	21	0	@fedetiberti @LucaSartorio 13. Si Palacio le pegaba por arriba.	https://twitter.com/plenque/status/1361075327460667396	[]
plenque	Sun Feb 14 21:12:45 +0000 2021	1	0	@d_olivaw @fedetiberti Nada oficial que yo sepa. Del primer envío se notificó nomás, pero las provincias dieron números que no coincidían.	https://twitter.com/plenque/status/1361060839026003970	[]
plenque	Sun Feb 14 20:00:34 +0000 2021	1	0	@GustArballo @pgerchunoff @LucaSartorio Conservarla llegó a ser promesa de campaña	https://twitter.com/plenque/status/1361042670609698817	[]
plenque	Sun Feb 14 18:44:40 +0000 2021	7	0	@askomartin @CasandraOrejana ¿Tenían Paraguay y Uruguay suficiente circulación comunitaria como para ser parte de una fase 3?	https://twitter.com/plenque/status/1361023570806247426	[]
plenque	Sun Feb 14 15:02:44 +0000 2021	3	0	@LucaSartorio Ojalá fuera tan simple, pero muchos quisiéramos conocerla.	https://twitter.com/plenque/status/1360967719735201795	[]
plenque	Sun Feb 14 11:59:20 +0000 2021	1	0	@ElbaMangiante Es que ayer el MSAL no actualizó de nuevo. Es una pena. Por los datos del reporte pareciera que si.	https://twitter.com/plenque/status/1360921566670950402	[]
plenque	Sun Feb 14 11:50:10 +0000 2021	8	0	@JSchmukler Requiere de una organización de la información que al menos acá en Argentina nos queda muy lejos. Encima había leído que la cantidad de Ct no significa lo mismo dependiendo del labo. Me pa que quedará para la próxima pandemia (?).	https://twitter.com/plenque/status/1360919258407047169	[]
plenque	Sun Feb 14 00:07:05 +0000 2021	5	0	@JSchmukler Los datos están y la verdad que no parece muy complicado de armar. Me suena más un problema de voluntad u organización.	https://twitter.com/plenque/status/1360742320715554817	[]
plenque	Sat Feb 13 19:56:43 +0000 2021	31	6	"Chile publicó un tablero para el seguimiento de la vacunación. No son microdatos, pero es bastante completo. 

https://t.co/xJp8eXcPch https://t.co/VsiycFNBYt"	https://twitter.com/plenque/status/1360679316577779715	[]
plenque	Sat Feb 13 19:33:50 +0000 2021	24	7	@lucasllach Ya en niveles altísimos para los mayores. https://t.co/1G6jRnDkVg	https://twitter.com/plenque/status/1360673554631692291	[]
plenque	Sat Feb 13 18:52:08 +0000 2021	0	0	@Crst_C El tema es que en este caso tiene toda una vida para planificarla.	https://twitter.com/plenque/status/1360663061909143554	[]
plenque	Sat Feb 13 18:46:20 +0000 2021	2	0	@Crst_C Sería razonable. Varias veces me comentaron que es impracticable y termina siendo un gran incentivo a la elusión. No conozco experiencias reales la verdad.	https://twitter.com/plenque/status/1360661600609439746	[]
plenque	Sat Feb 13 18:14:01 +0000 2021	1	0	@xarkham @ProgramaAEDuns Exacto. Quise decir que es solo un requisito burocrático.	https://twitter.com/plenque/status/1360653470081183745	[]
plenque	Sat Feb 13 17:40:34 +0000 2021	0	0	@ProgramaAEDuns La tesis de maestría es incluso peor. En algunos casos es un requisito burocrático.	https://twitter.com/plenque/status/1360645052054335492	[]
plenque	Sat Feb 13 14:38:23 +0000 2021	2	0	@PabloRichly Bastante razonable lo que pasó en las fiestas	https://twitter.com/plenque/status/1360599205081993217	[]
plenque	Sat Feb 13 14:22:20 +0000 2021	2	0	@elhipernauta Jajaja... Lo llevaste a un nivel cosa nostra. Yo con tener la info anonimizada ya estoy.	https://twitter.com/plenque/status/1360595165845544962	[]
plenque	Sat Feb 13 13:04:07 +0000 2021	2	0	@nuritw @SergioFelperin Es solo mal uso del término por parte de la prensa  (supongo). Tampoco estaría mal cada 24 horas la verdad.	https://twitter.com/plenque/status/1360575480198549506	[]
plenque	Sat Feb 13 13:01:54 +0000 2021	4	0	@kgalperin Una típica y apacible mañana en tuiter	https://twitter.com/plenque/status/1360574923366952966	[]
plenque	Sat Feb 13 12:48:25 +0000 2021	0	0	"@Epi_Net @PabloRichly @Negrodan47 ""neozelandesa"" 😥"	https://twitter.com/plenque/status/1360571527641579521	[]
plenque	Sat Feb 13 12:41:32 +0000 2021	1	0	@Epi_Net @PabloRichly @Negrodan47 ¡Los genes mongoles hicieron lo suyo en la población neozelandeza! Hablando en serio, yo también espero investigaciones, pero hay maneras de vencer al virus y muchos de esos países ya tenían mucha experiencia en epidemias.	https://twitter.com/plenque/status/1360569798657273858	[]
plenque	Sat Feb 13 12:35:25 +0000 2021	2	0	@jrncolon @dieguez_ Qué pena que no publiquen los datos. Quizás no algo tan profesional, pero no es algo difícil de armar. Muy bueno el de Perú: https://t.co/KWKInLqaNB	https://twitter.com/plenque/status/1360568256067751946	[]
plenque	Sat Feb 13 12:25:58 +0000 2021	1	0	@GonzaloRMDT @pbarbieri Entiendo. Del tope ni hablar. Mi problema con los escalones son los incentivos. Siempre la distribución de sueldos está alrededor.	https://twitter.com/plenque/status/1360565878899814402	[]
plenque	Sat Feb 13 12:23:56 +0000 2021	1	0	@FranBajomadera Sí, entiendo, yo lo atributo a los determinantes sociales. Simplificando, la gente en Latam no se puede guardar como allá aunque quiera. https://t.co/IZutYYMa4s	https://twitter.com/plenque/status/1360565368750759937	[]
plenque	Sat Feb 13 12:12:53 +0000 2021	0	0	"@FranBajomadera Las curvas de Latam (de leeeejos) se parecen bastante entre ellas. Nosotros seríamos de los que más ""valle"" tenemos, pero ni nos acercamos a Europa que durante el verano casi no tuvo casos."	https://twitter.com/plenque/status/1360562587952443395	[]
plenque	Sat Feb 13 12:09:30 +0000 2021	0	0	@sandrutravers @galgo25582 Estas son las tasas de mortalidad estandarizadas por edad: https://t.co/5vzCCaVbvW	https://twitter.com/plenque/status/1360561735258824706	[]
plenque	Sat Feb 13 12:07:29 +0000 2021	3	0	"@AlejandrodeBar1 ¡Gracias! Sí, los vi y solo armé algo muy muy simple a la espera de que publiquen algo más sustancioso: https://t.co/mhmjGmYsfL
Si te interesa, publiqué los datos en un webservice: https://t.co/uRVI1yfXo0"	https://twitter.com/plenque/status/1360561229991981059	[]
plenque	Sat Feb 13 12:04:03 +0000 2021	1	0	@TajerAndres Mi amor... es chiquito todavía.	https://twitter.com/plenque/status/1360560363260043269	[]
plenque	Sat Feb 13 11:35:01 +0000 2021	2	0	@GonzaloRMDT @pbarbieri Las escalas solo se justificaban hace décadas. Podés decirme que una continua es más difícil de entender, pero ¿quién revisa y entiende las escalas? Es un lío.	https://twitter.com/plenque/status/1360553058527248384	[]
plenque	Sat Feb 13 11:31:14 +0000 2021	5	0	@SergioFelperin Jajaja... Además dice que actualiza cada 12 horas. Tenía un profesor de SO que era cardíaco; lee eso y pasa de largo.	https://twitter.com/plenque/status/1360552105958866946	[]
plenque	Sat Feb 13 11:26:03 +0000 2021	2	0	@TajerAndres El secreto es la cunita con cama abajo. Yo pifié y compré una con cajones que casi no uso.	https://twitter.com/plenque/status/1360550803367469057	[]
plenque	Sat Feb 13 11:23:35 +0000 2021	222	27	"¿No deberíamos tener todos acceso a ese tablero?

https://t.co/S3JfvtjYa4 https://t.co/PZ3EyxdIRl"	https://twitter.com/plenque/status/1360550181536731144	[]
plenque	Sat Feb 13 11:17:38 +0000 2021	0	0	@ivanfbf Sí, es una posibilidad. El tema es que la positividad también cae y si dejaran de testear asintomáticos debería subir. En el conurbano no hay operativo turismo y pasa lo mismo. Es una pena que CABA no diferencie el operativo en su dataset.	https://twitter.com/plenque/status/1360548685143285762	[]
plenque	Sat Feb 13 11:14:02 +0000 2021	0	0	@sandrutravers @galgo25582 En términos absolutos (solo normalizando por millón de habitantes) CABA es la segunda detrás de TDF. Es algo esperable porque tiene un alto porcentaje de su población mayor de 60. Si normalizás por estructura etaria está a la par de varias.	https://twitter.com/plenque/status/1360547776518569986	[]
plenque	Sat Feb 13 11:09:31 +0000 2021	0	0	@BorisLeonel Sí, bajó mucho la letalidad y la curva de fallecidos no estuvo ni cerca de la del invierno por suerte.	https://twitter.com/plenque/status/1360546640797593602	[]
plenque	Sat Feb 13 11:07:17 +0000 2021	1	0	@martinaltieri7 Yo creo lo mismo, pero todos los grupos quinquenales dejaron de subir alrededor del 11/01 y los de 15-19 recién el 01/02 aprox. Esa diferencia es difícil de interpretar.	https://twitter.com/plenque/status/1360546076512710667	[]
plenque	Sat Feb 13 01:48:59 +0000 2021	5	0	@PabloRichly A mi me gustaba más a mano alzada: https://t.co/k8Fi9qIZKJ	https://twitter.com/plenque/status/1360405577021685761	[]
plenque	Sat Feb 13 01:47:40 +0000 2021	0	0	@pensandoalpedo Normalmente se publicaban a fines del año siguiente. Los de 2019 ya deberían estar, pero ni idea qué pasó.	https://twitter.com/plenque/status/1360405247290716161	[]
plenque	Sat Feb 13 01:45:12 +0000 2021	4	0	@bjsaenz_ No tengo ni la menor idea. Para mi fue algo con youtubers y por eso los viejos no entendemos.	https://twitter.com/plenque/status/1360404624981831684	[]
plenque	Sat Feb 13 01:07:12 +0000 2021	225	49	Esta semana se aceleró la baja de casos en CABA. También se incorporaron a esa tendencia los jóvenes de 15 a 19 años. Creo que fue una buena semana. https://t.co/gS9NtQKviM	https://twitter.com/plenque/status/1360395063898046480	[]
plenque	Sat Feb 13 00:53:56 +0000 2021	5	0	"@fedetiberti @bocaexpat Igual es medio raro porque es confirmado por criterio epidemiológico y se abrió el caso hoy mismo. Es como que no existió por 9 meses y hoy apareció.
https://t.co/RBKCFE6cw7"	https://twitter.com/plenque/status/1360391723302666241	[]
plenque	Sat Feb 13 00:31:06 +0000 2021	40	6	"Reporte diario de hoy 12/02 para Argentina. Son 7191 nuevos casos confirmados (7150 neto) y 155 fallecidos.

https://t.co/dpJqo7eJe2 https://t.co/HADGbVCWQY"	https://twitter.com/plenque/status/1360385975793446912	[]
plenque	Fri Feb 12 22:34:45 +0000 2021	0	0	@rusosnith @Rodri_LP @cuantaVacunaAr dejá de robar con ese bot!	https://twitter.com/plenque/status/1360356698255458309	[]
plenque	Fri Feb 12 21:45:58 +0000 2021	2	0	"@sangarciacorre ""es trabajo"""	https://twitter.com/plenque/status/1360344420118384640	[]
plenque	Fri Feb 12 18:42:06 +0000 2021	1	0	@mollfederico https://t.co/G3EYXQez56	https://twitter.com/plenque/status/1360298147637993475	[]
plenque	Fri Feb 12 16:32:57 +0000 2021	1	0	@ergasto @AlejTeran Total vacunados tenés alrededor de 600k. Ni idea qué lo frena. https://t.co/mhmjGmYsfL	https://twitter.com/plenque/status/1360265649088528384	[]
plenque	Fri Feb 12 15:59:56 +0000 2021	1	0	@ergasto Perdón. LN dice que son de la primera dosis. https://t.co/btdVZLhDcK	https://twitter.com/plenque/status/1360257340130422785	[]
plenque	Fri Feb 12 15:57:02 +0000 2021	1	0	@ergasto 400k dijeron ayer en la radio. me parece que 200 y 200.	https://twitter.com/plenque/status/1360256610065649668	[]
plenque	Fri Feb 12 14:08:23 +0000 2021	1	0	@fedelowe tiene buscador che!	https://twitter.com/plenque/status/1360229265489428480	[]
plenque	Fri Feb 12 12:30:55 +0000 2021	22	1	Por dar un ejemplo, la PBA anuncia que los llamados al 148 son un gran predictor de la curva de casos. ¿Cómo podría ser peor que contemos con esa información para graficarla por partido, fecha o superponerla con otras curvas? https://t.co/RFRpjHpIvs	https://twitter.com/plenque/status/1360204737451335683	[]
plenque	Fri Feb 12 12:30:54 +0000 2021	38	4	Si los intereses de los funcionarios electos estuvieran alineados con los de sus electores, se me ocurren muy pocas situaciones en que no convendría publicar datos abiertos. Hay un problema de incentivos. No deberíamos pedir que publiquen ni agradecer cuando lo hacen.	https://twitter.com/plenque/status/1360204731566718976	[]
plenque	Fri Feb 12 02:15:03 +0000 2021	2	0	@wsosaescudero impresionante	https://twitter.com/plenque/status/1360049750997876739	[]
plenque	Fri Feb 12 01:21:32 +0000 2021	1	0	@quibaldova No es molestia!	https://twitter.com/plenque/status/1360036282034970626	[]
plenque	Fri Feb 12 01:10:21 +0000 2021	1	0	"@quibaldova Porque yo puse otro número de córdoba ayer. No es que junté los dos días sino que hubo otro corte. No var a dar exacto porque yo informo solo nuevos casos (no neteo los que borran), pero muy parecido.

https://t.co/0panWNcKbM"	https://twitter.com/plenque/status/1360033467426344968	[]
plenque	Fri Feb 12 01:02:19 +0000 2021	1	0	@quibaldova Fijate que explicaba el motivo en mi tuit. Ayer el MSAL publicó una base de datos con menos novedades que hoy se compensó y por eso tiene más casos. Cuando publican datos con distinto corte no me queda otra.	https://twitter.com/plenque/status/1360031444802928641	[]
plenque	Fri Feb 12 00:32:52 +0000 2021	33	3	"Ayer el MSAL publicó menos datos que los que incluyó en el vespertino así que hoy compensa y los números son mayores. Reporte diario de hoy 11/02 para Argentina. Son 11243 nuevos casos confirmados (11183 neto) y 244 fallecidos (243 neto).

https://t.co/IhTk5XKVNq https://t.co/xdasXQudll"	https://twitter.com/plenque/status/1360024034084347906	[]
plenque	Fri Feb 12 00:28:21 +0000 2021	1	0	@d_olivaw Y los grupos de riesgo muchísimo antes.	https://twitter.com/plenque/status/1360022898673614853	[]
plenque	Fri Feb 12 00:24:11 +0000 2021	3	0	@carlosbueno_arg @PabloRichly Genial ese hilo. Debe haber pocas situaciones en que aplique menos el one-size-fits-all.	https://twitter.com/plenque/status/1360021850311585795	[]
plenque	Thu Feb 11 20:17:24 +0000 2021	14	1	"Los datos del MSAL ayer tuvieron un corte distinto al informe vespertino y vinieron números inferiores. Hoy seguramente compensará. Reporte diario de ayer 10/02 para Argentina. Fueron 3888 nuevos casos confirmados (3868 neto) y 65 fallecidos.

https://t.co/BojDJ4wbdk https://t.co/1Hcex24pan"	https://twitter.com/plenque/status/1359959742848921601	[]
plenque	Thu Feb 11 18:48:37 +0000 2021	2	0	@diegotajer @Bleuitup Asintomáticos!	https://twitter.com/plenque/status/1359937402257739777	[]
plenque	Thu Feb 11 16:04:52 +0000 2021	0	0	@rusosnith ¿por qué no usás siempre el n95?	https://twitter.com/plenque/status/1359896191010504705	[]
plenque	Thu Feb 11 15:44:47 +0000 2021	0	0	@FernandoMarull en ese nivel la compuesta no es poco... 60%.	https://twitter.com/plenque/status/1359891139168460803	[]
plenque	Thu Feb 11 14:34:52 +0000 2021	1	0	@anon60779362 Eso suponiendo que hubiésemos detectado todas las muertes por COVID y no hubiera otras respiratorias fatales. Hay un montón de cosas para analizar además de totales. Es una pena no tener la info.	https://twitter.com/plenque/status/1359873543547322368	[]
plenque	Thu Feb 11 14:11:13 +0000 2021	3	0	@JumaLazzati Me encantaría poder hacer eso en Argentina. En Colombia y México están los datos, pero como no los tengo para nuestro país nunca me puse a laburarlos.	https://twitter.com/plenque/status/1359867589292351491	[]
plenque	Thu Feb 11 14:01:15 +0000 2021	44	13	Análisis de exceso de mortalidad 2020 en Colombia. Son las curvas que nos permitirían entender mejor lo que pasó y deberíamos tener en Argentina. https://t.co/Q3YjHhmEe4	https://twitter.com/plenque/status/1359865083011215365	[]
plenque	Thu Feb 11 12:54:48 +0000 2021	4	0	@lucasmmedrano07 Guarda con México que también tiene mucha demora en reporte, entonces tienen outliers como ayer. Hoy tb reportaron 1328, pero el máximo diario hasta ahora es de 1161. https://t.co/p4kfLh02i4	https://twitter.com/plenque/status/1359848359083835399	[]
plenque	Thu Feb 11 10:18:53 +0000 2021	2	0	@carlos_m_blanco La caída comienza el 01/02 por lo que serían casos que se contagiaron antes del 20/01. No creo que coincida con final de vacaciones la baja.	https://twitter.com/plenque/status/1359809122376577030	[]
plenque	Thu Feb 11 02:20:47 +0000 2021	1	0	@MisterIndi3 No tenemos manera de saberlo con precisión, pero hay subdiagnóstico como en casi todo el mundo. Es muy difícil que lleguemos a 20M porque no dan los números, pero 10M podría ser. Con la info que tenemos es muy difícil estimarlo.	https://twitter.com/plenque/status/1359688805809336322	[]
plenque	Thu Feb 11 01:45:04 +0000 2021	0	0	@FernandaCamino Creo que ahora sí: https://t.co/UfcGepbE2e	https://twitter.com/plenque/status/1359679814966378498	[]
plenque	Thu Feb 11 01:21:33 +0000 2021	4	0	@AlejandrodeBar1 R2D2! https://t.co/PxUbZqbtEe	https://twitter.com/plenque/status/1359673896413364228	[]
plenque	Thu Feb 11 01:12:21 +0000 2021	57	4	Desde que comenzaron a bajar los casos el único grupo quinquenal de edad que no había seguido la tendencia era el de jóvenes entre 15 y 19 años. Por suerte, esta semana parece haber cambiado. https://t.co/yic5FEi2CF	https://twitter.com/plenque/status/1359671583061782528	[]
plenque	Wed Feb 10 22:10:38 +0000 2021	1	0	@mesch @somosDP @frbautn ¡qué lindo ver el siga después de tanto tiempo!	https://twitter.com/plenque/status/1359625852749758466	[]
plenque	Wed Feb 10 21:44:38 +0000 2021	1	0	@ndchiariello Claro, pero ahí estarías mirando factores biológicos. He visto informes de otros países en que asocian mayor letalidad a distintos niveles socioeconómicos más allá de la edad. Me parece interesante para analizar.	https://twitter.com/plenque/status/1359619310499545093	[]
plenque	Wed Feb 10 21:28:34 +0000 2021	3	0	"@MenendezPepe @LANACION La verdad que no justifica demasiado. Parece de esas situaciones del tipo ""mejor hablalo porque por email te vas a pelear""."	https://twitter.com/plenque/status/1359615267551215616	[]
plenque	Wed Feb 10 20:53:18 +0000 2021	0	0	"@eracucu Grosso modo, que la letalidad entre ambos barrios fue parecida ""limpiando"" edad y subdiagnóstico. Hay otros países en que dio distinta la letalidad haciendo eso."	https://twitter.com/plenque/status/1359606388851437568	[]
plenque	Wed Feb 10 20:50:45 +0000 2021	0	0	"@LadyAAmado @CJVenturini Lo que vi es principalmente en villas. Como este: 
https://t.co/Uvzq9zUcAT
Quizás @PabloRichly conozca más."	https://twitter.com/plenque/status/1359605750943936514	[]
plenque	Wed Feb 10 20:44:35 +0000 2021	1	0	@juanif__ @fedetiberti 🙏	https://twitter.com/plenque/status/1359604197574991874	[]
plenque	Wed Feb 10 20:42:55 +0000 2021	4	0	"@juanif__ @fedetiberti No conozco adentro, pero seguro que tienen gente que sabe en serio (como Fede). El problema, emho, es que se comunica poco. Igual convengamos que tampoco van a salir a decir ""¡hola! ¡falta seroprevalencia o no la queremos publicar!""."	https://twitter.com/plenque/status/1359603776672452611	[]
plenque	Wed Feb 10 20:35:20 +0000 2021	0	0	@CJVenturini México incluye comorbilidades en el dataset, pero igual tenemos el problema del subdiagnóstico (que allá probablemente sea más importante). Son todas variables que hay que ir despejando.	https://twitter.com/plenque/status/1359601867874062346	[]
plenque	Wed Feb 10 20:14:32 +0000 2021	23	1	La seroprevalencia nos daría herramientas para ajustar la diferencia y a partir de allí intentar conocer cuánto de la letalidad realmente depende del barrio (y todas las variables socioeconómicas relacionadas) y cuánto de la subdetección.	https://twitter.com/plenque/status/1359596634091487237	[]
plenque	Wed Feb 10 20:14:31 +0000 2021	15	0	¿Esto quiere decir que una persona de 70-79 que se contagió en Nueva Pompeya tiene el doble de chances de morir? No necesariamente. La letalidad depende de los casos detectados y si hay muchos (en esa franja) que no fueron diagnosticados, entonces estaría sobreestimada.	https://twitter.com/plenque/status/1359596631813947395	[]
plenque	Wed Feb 10 20:14:31 +0000 2021	11	0	Pero sabemos que ese dato depende mucho de la edad de su población. Entonces podemos mirar esa misma tasa restringida a los casos entre 70 y 79 años. Nos arroja 20,94% en Nueva Pompeya y 8,91%. https://t.co/hJiEcOKmje	https://twitter.com/plenque/status/1359596628982824961	[]
plenque	Wed Feb 10 20:14:29 +0000 2021	37	4	Breve hilo para entender para qué podría ser útil la seroprevalencia. En este gráfico se ve la evolución de la tasa de letalidad de Palermo y Nueva Pompeya. A día de hoy, la letalidad es 2,62% y 3,01%, respectivamente. https://t.co/u2Z2bIEcig	https://twitter.com/plenque/status/1359596620644507653	[]
plenque	Wed Feb 10 17:12:47 +0000 2021	1	0	@xarkham Sí, es una diferencia para analizar, pero es muy difícil verificarlo en números. Vengo pidiendo que CABA separe los casos de turismo para poder inspeccionar por ahí.	https://twitter.com/plenque/status/1359550897420984328	[]
plenque	Wed Feb 10 13:24:26 +0000 2021	3	0	@Crst_C @fedetiberti Fijate... es sistemáticamente negativa la diferencia. https://t.co/6AYSD40UmJ	https://twitter.com/plenque/status/1359493430263611396	[]
plenque	Wed Feb 10 13:23:20 +0000 2021	3	0	@Crst_C @fedetiberti Sí, pero calculo que no con tanta diferencia como ese. Hay provincias como Córdoba que, al menos hasta hace unos meses, cargaban el caso (apertura) después de que tenía resultado. Me imagino que viene por ahí.	https://twitter.com/plenque/status/1359493154429407234	[]
plenque	Wed Feb 10 13:21:01 +0000 2021	2	0	@Crst_C @fedetiberti Ojo que la semana epi se reseteó con el cambio de año. Es la semana de la apertura.	https://twitter.com/plenque/status/1359492568652918787	[]
plenque	Wed Feb 10 13:20:40 +0000 2021	2	0	"@Crst_C @fedetiberti El problema es la de DX, veo. Yo los tomo como confirmados, pero en lo que es curvas de evolución son ""saldo inicial"" digamos. 
A veces los van corrigiendo. En esta URL (reemplazando el ID) podés ver el historial de cada caso: https://t.co/SwVZDixLfl"	https://twitter.com/plenque/status/1359492483982495748	[]
plenque	Wed Feb 10 13:15:39 +0000 2021	4	0	@Crst_C @fedetiberti Buenas. Pasame algún ID de caso ejemplo así te confirmo. La verdad que hay de todo.	https://twitter.com/plenque/status/1359491218632278024	[]
plenque	Wed Feb 10 13:14:55 +0000 2021	0	0	@camilocr3 @martintetaz @mapolo1978 @BajoConsumo nvidia tiene lógica. skin in the game.	https://twitter.com/plenque/status/1359491036402311172	[]
plenque	Wed Feb 10 00:32:41 +0000 2021	28	2	"Reporte diario de hoy 09/02 para Argentina. Son 7833 nuevos casos confirmados (7793 neto) y 168 fallecidos.

https://t.co/XUdMairpSc https://t.co/oPYPtsYN4e"	https://twitter.com/plenque/status/1359299213268561920	[]
plenque	Tue Feb 09 22:57:38 +0000 2021	2	0	@mesch @fedelowe Moneda encontrada en la calle es casi el crossover perfecto para vos.	https://twitter.com/plenque/status/1359275293748436995	[]
plenque	Tue Feb 09 22:55:17 +0000 2021	6	0	@MenendezPepe Sí, ese inicio en Flores y la 31 fue tremendo. Yo no descartaría que, siendo que el primer Detectar fue ahí, eso mismo pasara en otros lugares y lo agarramos después.	https://twitter.com/plenque/status/1359274702800363525	[]
plenque	Tue Feb 09 22:51:27 +0000 2021	2	0	@fedetiberti Ahí me fijé... no tiene edades. https://t.co/uRVmWq2rXf	https://twitter.com/plenque/status/1359273735484751873	[]
plenque	Tue Feb 09 22:47:03 +0000 2021	20	5	@fedetiberti No recuerdo quién la compartió, pero hoy me guardé esta imagen que vi pasar. Fijate la cobertura de mayores. https://t.co/juCOPPg9ln	https://twitter.com/plenque/status/1359272630281453571	[]
plenque	Tue Feb 09 22:34:02 +0000 2021	18	3	En Perú publicaron un mapa con avance (todavía incipiente) y metas de la vacunación por departamento, provincia y distrito. Estaría muy bueno tener una herramienta así (¡o los datos para hacerla!). https://t.co/1NRZaPcl95	https://twitter.com/plenque/status/1359269353364066308	[]
plenque	Tue Feb 09 22:31:38 +0000 2021	1	0	@AlejandrodeBar1 ¡Es muy buena! ¿Publicarán datos abiertos?	https://twitter.com/plenque/status/1359268751284264961	[]
plenque	Tue Feb 09 22:21:40 +0000 2021	1	0	@Gandlaz Ponele... ¡Pero rodeados!	https://twitter.com/plenque/status/1359266242893410307	[]
plenque	Tue Feb 09 22:20:52 +0000 2021	1	0	@lules_glam 😘	https://twitter.com/plenque/status/1359266038983110658	[]
plenque	Tue Feb 09 22:17:32 +0000 2021	0	0	@bjsaenz_ No tengo idea. No vi mucho. Estaría bueno que se hagan investigaciones más rigurosas.	https://twitter.com/plenque/status/1359265202341085185	[]
plenque	Tue Feb 09 22:11:04 +0000 2021	13	1	Otra pregunta interesante para analizar es por qué los casos no subieron tanto en el sur. En el acumulado la incidencia sigue siendo mucho mayor allí y quizás exista algo de inmunidad. Ojo, aunque así fuera, no conocemos su duración. https://t.co/jRGA04aizB	https://twitter.com/plenque/status/1359263572421918721	[]
plenque	Tue Feb 09 22:11:02 +0000 2021	16	1	No estoy seguro de que esas dos variables alcancen para explicar la baja de letalidad y me parece un buen interrogante. Hay otros países que encontraron correlación entre letalidad y nivel socioeconómico.	https://twitter.com/plenque/status/1359263566671597571	[]
plenque	Tue Feb 09 22:11:02 +0000 2021	13	1	Ya sabemos que cambiaron edad y proporción entre sexos, pero hay otras variables que se modificaron y creo que ese análisis va a poder explicarnos mucho de la enfermedad y nuestro comportamiento.	https://twitter.com/plenque/status/1359263563735576582	[]
plenque	Tue Feb 09 22:11:01 +0000 2021	139	29	Va animación con los casos mensuales de CABA en que se ve cómo el contagio se pasó del sur al norte. Los casos en verano subieron muy rápido, pero no llegaron a la elevada incidencia previa. https://t.co/nFdmWxYJFa	https://twitter.com/plenque/status/1359263559931359244	[]
plenque	Tue Feb 09 21:28:12 +0000 2021	2	0	@gabrielzelpo @fmendiguren Sí, las fechas coinciden.	https://twitter.com/plenque/status/1359252787041873920	[]
plenque	Tue Feb 09 21:09:13 +0000 2021	2	0	@fmendiguren es tremendo. en muchos lugares lo mismo.	https://twitter.com/plenque/status/1359248007573753863	[]
plenque	Tue Feb 09 20:07:08 +0000 2021	10	0	"@uadlup En lenguaje académico, se le denomina ""síndrome de querer irse a la mierda"""	https://twitter.com/plenque/status/1359232383719989253	[]
plenque	Tue Feb 09 19:32:21 +0000 2021	26	0	"@diegotajer Mi hijo está yendo al jardín y la colonia desde hace 2 meses y pico. Cuenta que su compañerito dice ""aguaguá"" cuando la seño les pide guardar todo."	https://twitter.com/plenque/status/1359223632451563523	[]
plenque	Tue Feb 09 18:30:10 +0000 2021	0	0	@nuritw Por eso no quería generalizar, pero en la mía tenías filtro de los dos lados. Siempre sospeché planificación, no te miento.	https://twitter.com/plenque/status/1359207983520047105	[]
plenque	Tue Feb 09 18:20:53 +0000 2021	2	0	@SergioFelperin @fedetiberti @pablomarzocca No quiero hablar de todas las carreras, pero en la mía te aseguro eran las más difíciles. Creo que era algo de toda la UTN porque eran las comunes. Eso que decís me parece que pasa en el CBC.	https://twitter.com/plenque/status/1359205646617489414	[]
plenque	Tue Feb 09 18:02:49 +0000 2021	2	0	@fedetiberti @pablomarzocca El título intermedio existe en muchas ingenierías. Es más complejo todavía: las materias filtro suelen estar al ppio. de la carrera (¿presupuesto?) y si llegás al intermedio lo más probable es que la termines.	https://twitter.com/plenque/status/1359201098167427072	[]
plenque	Tue Feb 09 12:30:08 +0000 2021	2	0	@JasonSalemi Glad to see someone else sharing this information. At least in my country, very few people notice this problem in comparisons. I've been sharing similar tables.	https://twitter.com/plenque/status/1359117375547834371	[]
plenque	Tue Feb 09 11:13:36 +0000 2021	13	0	Buena explicación de la estandarización de tasas de mortalidad. Con suerte vamos a empezar a ver más análisis de este tipo. https://t.co/JEB1sujM6T	https://twitter.com/plenque/status/1359098117413560322	[]
plenque	Tue Feb 09 01:59:23 +0000 2021	1	0	@JuanJuanete Aaahhh, ya te entendí. Eso se puede hacer siempre y cuando la tendencia continúe siendo la misma. Creo que directamente mirando la curva de casos lográs algo parecido.	https://twitter.com/plenque/status/1358958645594226690	[]
plenque	Tue Feb 09 01:51:22 +0000 2021	43	3	Pasados algunos días de demora, ya empezaría a notarse el cambio de tendencia en la curva de fallecidos de la PBA. https://t.co/1iepXVElSi https://t.co/qqzrnmZvEn	https://twitter.com/plenque/status/1358956624921174016	[]
plenque	Tue Feb 09 01:50:46 +0000 2021	1	0	@JuanJuanete En esta paginita que armé creo que se puede hacer eso que estás buscando. https://t.co/0KPw0avhqy	https://twitter.com/plenque/status/1358956476631498753	[]
plenque	Tue Feb 09 01:43:27 +0000 2021	2	0	@JuanJuanete Sisisi... right censoring. El final de las curvas por fecha real siempre está incompleto porque los datos vienen luego. Uno tiene que conocer más o menos la demora promedio para interpretarlas.	https://twitter.com/plenque/status/1358954632802951173	[]
plenque	Tue Feb 09 01:36:46 +0000 2021	1	0	@JuanJuanete Exacto. Además, el 07/01 tiene un quiebre grande porque es la fecha hasta la que llegaría el cruce de base de datos automático de la PBA. En la vigente se ve lo mismo al 30/01.	https://twitter.com/plenque/status/1358952949913956355	[]
plenque	Tue Feb 09 01:33:34 +0000 2021	1	0	@JuanJuanete @PedroPoliti Sí, podría ser, pero me parece que algo así podría pasar desapercibido por poco tiempo.	https://twitter.com/plenque/status/1358952145136066565	[]
plenque	Tue Feb 09 01:31:39 +0000 2021	2	0	@JuanJuanete Sí, si no entendí mal, en el sitio se puede hacer eso. Acá pongo juntas la curva de fallecidos hoy con la que era el 15/01. La diferencia entre ambas son atrasos de carga. https://t.co/E9jpJ8Ary3	https://twitter.com/plenque/status/1358951664020037632	[]
plenque	Tue Feb 09 01:15:27 +0000 2021	3	0	@PedroPoliti Tendrá que ver con youtubers o  cosas que la edad no me permiten entender, pero, si no hay algo raro con la carga, la franja 15-19 más que caer pareciera que se vino a pique. https://t.co/wrrN7ksYzt	https://twitter.com/plenque/status/1358947589077536774	[]
plenque	Tue Feb 09 01:03:02 +0000 2021	4	0	@PedroPoliti No tengo ni la menor idea. La semana pasada noté que la franja de jóvenes que venía subiendo (15-19) empezó a frenar, pero no es tanto lo que aportan. Voy a revisar por edades de nuevo.	https://twitter.com/plenque/status/1358944461775118373	[]
plenque	Tue Feb 09 00:57:20 +0000 2021	10	0	@JSchmukler Sí, te diría que arrancó 15 días antes incluso. Esta semana parece estar bajando más rápido si no hay ningún sesgo raro y nuevo en la carga.	https://twitter.com/plenque/status/1358943029185433604	[]
plenque	Tue Feb 09 00:35:42 +0000 2021	2	1	@curcicastro Si no hay atrasos de carga ni nada raro, esta semana pareciera tener una baja más marcada que las anteriores.	https://twitter.com/plenque/status/1358937583632461825	[]
plenque	Tue Feb 09 00:31:11 +0000 2021	40	5	"Reporte diario de hoy 08/02 para Argentina. Son 5215 nuevos casos confirmados (5154 neto) y 227 fallecidos.

https://t.co/CB5jnIFyzu https://t.co/iIWwF0EpYQ"	https://twitter.com/plenque/status/1358936446539857921	[]
plenque	Tue Feb 09 00:23:50 +0000 2021	1	0	@fedetiberti @QuikFCO 💪	https://twitter.com/plenque/status/1358934598546321408	[]
plenque	Tue Feb 09 00:21:13 +0000 2021	2	0	@fedetiberti @QuikFCO Daaaaale.... hacé el grafiquito diario	https://twitter.com/plenque/status/1358933939281354752	[]
plenque	Mon Feb 08 22:02:41 +0000 2021	0	0	@rusosnith Ni idea... recién veo. Ojalá se expanda y podamos saber más. Evidencia anecdótica sugiere que el acceso al testeo es lento y difícil.	https://twitter.com/plenque/status/1358899074813079552	[]
plenque	Mon Feb 08 21:54:35 +0000 2021	0	0	@rusosnith Te leen parece: https://t.co/YPkesghgDb	https://twitter.com/plenque/status/1358897035764719619	[]
plenque	Mon Feb 08 17:09:24 +0000 2021	5	0	@Gus_Noriega Sumales a ellos lo que pesen estacionalidad y variantes. Calza muy bien con la dinámica del virus: miles de pequeñas reuniones son más peligrosas que una gigante.	https://twitter.com/plenque/status/1358825269700816902	[]
plenque	Mon Feb 08 17:05:08 +0000 2021	10	0	"@Gus_Noriega Claro, por eso puse los domingos anteriores. Ojalá no, pero sería raro que caiga tan de golpe.
Vi lo de EEUU. Yo creo que fin de año tiene más peso del que creemos, al menos en los países occidentales."	https://twitter.com/plenque/status/1358824193824092165	[]
plenque	Mon Feb 08 17:00:44 +0000 2021	18	0	A nivel país también hay caída, pero menos pronunciada. https://t.co/5nNpLbNYQv	https://twitter.com/plenque/status/1358823089614782467	[]
plenque	Mon Feb 08 17:00:43 +0000 2021	61	8	Me llamó la atención lo bajo del número de casos de ayer. En este gráfico comparo la curva de este domingo en CABA con los anteriores y se ve la magnitud. Los casos del sábado previo venían siendo ~600 y pasaron a ~450. Ojo que podría deberse a un problema en la carga de datos. https://t.co/GLxxu941cO	https://twitter.com/plenque/status/1358823084405448709	[]
plenque	Mon Feb 08 01:17:06 +0000 2021	0	0	@MenendezPepe La verdad que no lo sé. No tengo graficada la evolución de esa demora, pero viendo la evolución de los días entre diagnóstico y fallecimiento da parecido (es promedio semanal). https://t.co/UhoRPfE4Kh	https://twitter.com/plenque/status/1358585615986679808	[]
plenque	Mon Feb 08 00:33:14 +0000 2021	30	4	"Reporte diario de hoy 07/02 para Argentina. Son 3671 nuevos casos confirmados (3658 neto) y 61 fallecidos.

https://t.co/BkXDodCmXR https://t.co/zc2MpgYXHh"	https://twitter.com/plenque/status/1358574574233919488	[]
plenque	Sun Feb 07 18:53:18 +0000 2021	3	0	"@MenendezPepe @SantiagoAfonso @JosefinaCanale @SFGaliani @stillCeci Los problemas no necesariamente son técnicos. La confianza va más allá de eso. Con que algunos crean a Maduro al sugerir que tiene el listado de quienes votaron en contra alcanza para lastimar el proceso.
Ojo que soy técnico y hay muchos argumentos de ese lado."	https://twitter.com/plenque/status/1358489028992118787	[]
plenque	Sun Feb 07 02:37:53 +0000 2021	0	0	@estoyhastaaca @nkreplak @BAProvincia ¿Podría facilitarme el link? Hace tiempo que los busco sin éxito.	https://twitter.com/plenque/status/1358243558579437568	[]
plenque	Sun Feb 07 02:22:14 +0000 2021	0	0	@oscar_montanes ¡Buenas! ¿Podrías enviarme un DM para hacerte una consultita sobre los datos abiertos de COVID Uruguay? Muchas gracias!	https://twitter.com/plenque/status/1358239617330409472	[]
plenque	Sun Feb 07 02:02:20 +0000 2021	3	0	@estoyhastaaca @nkreplak @BAProvincia Perdón si no fui claro. Me refiero a los datos con los que armó el gráfico. Pudo incorporar los otros países porque liberan los datos crudos para que uno calcule.	https://twitter.com/plenque/status/1358234610015096834	[]
plenque	Sun Feb 07 00:41:25 +0000 2021	1	0	@JumaLazzati No que yo sepa. En la prensa salió la primera entrega (igual algunas provincias confirmaron otro número), pero luego no leí nada.	https://twitter.com/plenque/status/1358214247495401473	[]
plenque	Sun Feb 07 00:30:24 +0000 2021	29	1	"Reporte diario de hoy 06/02 para Argentina. Son 6709 nuevos casos confirmados (6680 neto) y 125 fallecidos.

https://t.co/72QSkfelM3 https://t.co/wD6HejnqXK"	https://twitter.com/plenque/status/1358211474980802565	[]
plenque	Sun Feb 07 00:26:12 +0000 2021	1	0	@TajerP @SpaceX https://t.co/NnOl0r3vsS	https://twitter.com/plenque/status/1358210418330730499	[]
plenque	Sat Feb 06 22:47:17 +0000 2021	1	0	@lucasllach Por lo general le salen así	https://twitter.com/plenque/status/1358185524427710466	[]
plenque	Sat Feb 06 19:26:44 +0000 2021	9	0	@fedemalamud @nkreplak @BAProvincia Que cada cual analice como quiera. Otro punto a tener en cuenta es la metodología de conteo de fallecidos COVID-19 en cada país porque varía mucho. El punto es que con los datos todos podemos aportar al análisis.	https://twitter.com/plenque/status/1358135056166961155	[]
plenque	Sat Feb 06 19:17:00 +0000 2021	27	1	@nkreplak @BAProvincia Por favor, publiquen los datos	https://twitter.com/plenque/status/1358132606676725761	[]
plenque	Sat Feb 06 18:57:00 +0000 2021	1	0	@santi_monse @FacundoArguello ¡Muy bueno!	https://twitter.com/plenque/status/1358127571125362688	[]
plenque	Sat Feb 06 18:37:25 +0000 2021	0	0	@FernandaCamino Los cambios de tendencia tardan en confirmarse y una semana es poco tiempo.	https://twitter.com/plenque/status/1358122644466524162	[]
plenque	Sat Feb 06 18:35:21 +0000 2021	5	0	@diegotajer tuiter es servicio https://t.co/D3yHRw8aaj	https://twitter.com/plenque/status/1358122122434985992	[]
plenque	Sat Feb 06 18:03:35 +0000 2021	3	0	@fbsisti @riverapomar De Argentina no vi nada. Sí, la verdad es que está todo medio descontrolado. Mi intuición es que la estacionalidad nos ayuda por el momento.	https://twitter.com/plenque/status/1358114129937104896	[]
plenque	Sat Feb 06 18:01:22 +0000 2021	1	0	@santi_monse @FacundoArguello Fue el domingo pasado y no actualizaron datos. Los datos del lunes equivalen a la suma de los dos días. Ahí no hay mucho que podamos hacer por desgracia.	https://twitter.com/plenque/status/1358113570777612291	[]
plenque	Sat Feb 06 14:49:28 +0000 2021	2	0	@Aleja_Alonso66 @cuantaVacunaAr @rusosnith @j_e_d No encontré el dato. Tampoco busqué demasiado, debo admitir.	https://twitter.com/plenque/status/1358065276202409987	[]
plenque	Sat Feb 06 13:11:54 +0000 2021	18	1	"Llegaron nomás CABA y TDF al 1%. @cuantaVacunaAr va a tuitear estas novedades gracias al aporte de @rusosnith
y @j_e_d

https://t.co/mhmjGmYsfL https://t.co/RbdZP9gmQV"	https://twitter.com/plenque/status/1358040724961447936	[]
plenque	Sat Feb 06 12:47:22 +0000 2021	44	4	@norabar @SantiOlsze El fenómeno estaría concentrado en la franja 15-19. Particularmente en los jóvenes de de 17, 18 y 19 años. Esta semana podría haber comenzado a ceder. https://t.co/83WUvwU4re	https://twitter.com/plenque/status/1358034548857196547	[]
plenque	Sat Feb 06 00:47:59 +0000 2021	0	0	@Mariano_Serra Hoy fueron particularmente de Santa Fe. Era esperable que junto con Córdoba tenga fallecidos por reportar.	https://twitter.com/plenque/status/1357853509673222147	[]
plenque	Sat Feb 06 00:33:08 +0000 2021	29	5	"Los datos publicados por el MSAL ayer fueron incompletos y lo que faltó se suma hoy, por eso los números son superiores al vespertino. Reporte diario de hoy 05/02 para Argentina. Son 12797 nuevos casos confirmados (12705 neto) y 418 fallecidos.

https://t.co/62F3XwaXws https://t.co/1D3xlHw6TT"	https://twitter.com/plenque/status/1357849776000229376	[]
plenque	Fri Feb 05 23:52:14 +0000 2021	0	0	@cecimarh Me parece que usted quiere tener una discusión diferente a la de mi planteo. Calculo que habrá mucha gente en tuiter que va a querer conversar sobre eso, pero no es mi caso.	https://twitter.com/plenque/status/1357839480397434880	[]
plenque	Fri Feb 05 23:39:19 +0000 2021	0	0	@cecimarh No es que yo defina prioridades. Son varias las agencias internacionales (CDC, ECDC, etc.) que recomiendan que las clases de los más chicos sean lo último en cerrar y lo primero en abrir. Esas recomendaciones las elaboran en base a la suma de la evidencia disponible.	https://twitter.com/plenque/status/1357836231757946882	[]
plenque	Fri Feb 05 23:07:24 +0000 2021	2	0	@curcicastro @norabar @msalnacion Sale a las 21:15 ahora así que falta un ratito.	https://twitter.com/plenque/status/1357828198768275459	[]
plenque	Fri Feb 05 22:58:41 +0000 2021	1	0	"@curcicastro @norabar @msalnacion La imagen dice ""Total fallecidos: N/A"""	https://twitter.com/plenque/status/1357826003289145344	[]
plenque	Fri Feb 05 22:58:30 +0000 2021	0	0	"@alfbru @norabar @msalnacion La imagen dice ""Total fallecidos: N/A"""	https://twitter.com/plenque/status/1357825959370625024	[]
plenque	Fri Feb 05 22:57:45 +0000 2021	0	0	@santi_monse @FacundoArguello ¡Después pasá el tablero!	https://twitter.com/plenque/status/1357825768408178698	[]
plenque	Fri Feb 05 22:52:56 +0000 2021	3	0	@norabar @msalnacion Parece que hubo un problema en el total de fallecidos	https://twitter.com/plenque/status/1357824558959575043	[]
plenque	Fri Feb 05 22:51:31 +0000 2021	1	0	@santi_monse @FacundoArguello No tengo ni idea che. Lo levanté con JS y con plugin de Firefox y no tuve problemas. ¿Estás seguro que desde el server en que probaste tenés conectividad al sitio?	https://twitter.com/plenque/status/1357824201550401538	[]
plenque	Fri Feb 05 22:08:57 +0000 2021	3	0	@fmendiguren piano piano	https://twitter.com/plenque/status/1357813489130237958	[]
plenque	Fri Feb 05 20:58:59 +0000 2021	2	0	"@Lulitas87 En la sala de situación de la PBA tenés mucho más detalladas las aplicaciones, pero creo que nada de lo que recibieron. No hay datos abiertos y no me quiero poner a scrappear. 

https://t.co/zQOlwSKYrj"	https://twitter.com/plenque/status/1357795882004013057	[]
plenque	Fri Feb 05 20:33:03 +0000 2021	2	0	@Lulitas87 @msalnacion Solo vi lo que se anunció en su momento, pero luego algunas jurisdicción indicaron que recibieron cantidades distintas. Ya del segundo envío reciente no vi nada. Se me hace que si no publican datos abiertos va a ser imposible de seguir.	https://twitter.com/plenque/status/1357789353574080513	[]
plenque	Fri Feb 05 19:02:47 +0000 2021	1	0	@vwandres anamá ferreira ya probó con elon sin suerte.  no hay que perder las esperanzas.	https://twitter.com/plenque/status/1357766637601095683	[]
plenque	Fri Feb 05 18:54:17 +0000 2021	21	2	"Ayer los datos que liberó el MSAL no coincidieron con el vespertino y por eso demoré la publicación. Hoy debería compensar. Reporte diario de ayer 04/02 para Argentina. Fueron 4582 nuevos casos confirmados (4561 neto) y 29 fallecidos.

https://t.co/dn0Z4PDpfY https://t.co/57JUNAHd1I"	https://twitter.com/plenque/status/1357764498317279232	[]
plenque	Fri Feb 05 18:38:08 +0000 2021	1	0	"@RegaCarlos Había encontrado este grafiquito que lo resumía bien: https://t.co/9rlIOim4Wi
El problema es la dispersión (K) que es mucho más difícil de estimar."	https://twitter.com/plenque/status/1357760435014037506	[]
plenque	Fri Feb 05 15:42:28 +0000 2021	2	0	@PabloRichly Qué pena que no incluya menores de 10	https://twitter.com/plenque/status/1357716227695771654	[]
plenque	Fri Feb 05 15:37:52 +0000 2021	6	0	@rusosnith Certeza no tenemos, pero es un patrón que se vio en un montón de países la subida desde fines de noviembre hasta mediados de enero. Incluso en los que tendrían estacionalidad distinta (si es que influye). Es muy difícil descartar.	https://twitter.com/plenque/status/1357715072009838595	[]
plenque	Fri Feb 05 14:53:43 +0000 2021	4	0	@FacundoArguello Acá publiqué una tablita simplona legible: https://t.co/mhmjGmYsfL	https://twitter.com/plenque/status/1357703961340477441	[]
plenque	Fri Feb 05 14:53:18 +0000 2021	2	0	@FacundoArguello Claro, es JSON. Es un webservice con la info para que puedan armar informes.	https://twitter.com/plenque/status/1357703855715332097	[]
plenque	Fri Feb 05 14:20:19 +0000 2021	3	0	@MaxCRoser great job from @ArielKarlinsky	https://twitter.com/plenque/status/1357695555229597703	[]
plenque	Fri Feb 05 14:05:34 +0000 2021	65	13	Para dateros. La info de vacunados se actualiza con totales por provincia día a día y voy calculando la evolución diaria (siempre que actualicen). Publiqué un webservice para el que necesite la info: https://t.co/uRVI1yfXo0	https://twitter.com/plenque/status/1357691842339430400	[]
plenque	Fri Feb 05 13:38:29 +0000 2021	1	0	@a_urizio @banabenegas @gcba &gt;31% llegó	https://twitter.com/plenque/status/1357685026079539211	[]
plenque	Fri Feb 05 13:34:23 +0000 2021	1	0	@a_urizio @banabenegas @gcba Semanal, mirando SISA, me da 25,7% con leve tendencia a la baja.	https://twitter.com/plenque/status/1357683996272988167	[]
plenque	Fri Feb 05 13:28:34 +0000 2021	1	0	"@a_urizio @banabenegas @gcba Claro, pero si comparás sector privado con público (donde están los de turismo) la disparidad es amplia. Por eso quiero poder ""limpiarla"" y tener los dos indicadores."	https://twitter.com/plenque/status/1357682530581889024	[]
plenque	Fri Feb 05 13:24:59 +0000 2021	53	6	Ayer La Pampa fue la primera provincia en llegar a vacunar el 1% de su población con la primera dosis. Probablemente hoy CABA llegue a ese hito.	https://twitter.com/plenque/status/1357681626843611143	[]
plenque	Fri Feb 05 12:50:40 +0000 2021	1	0	"@madbydm @cecimarh Hay evidencia, pero todavía no consenso sólido. Las agencias internacionales usan frases como ""younger children appear to be less susceptible to infection"". Estoy de acuerdo en que es la recomendación vigente, pero tampoco hablamos de consenso absoluto. Lleva tiempo. https://t.co/EkHwoViiN7"	https://twitter.com/plenque/status/1357672990994010116	[]
plenque	Fri Feb 05 12:05:08 +0000 2021	0	0	@ElbaMangiante Es que el dataset vino con un corte distinto (muchos menos casos) y esperé a ver si lo corregían. Si en un rato no lo hacen actualizo. Dependo de que el MSAL publique la info.	https://twitter.com/plenque/status/1357661533451526146	[]
plenque	Fri Feb 05 11:13:25 +0000 2021	6	0	@banabenegas @gcba Estaría muy bueno que discriminaran los casos del operativo turismo. Gracias.	https://twitter.com/plenque/status/1357648517595090945	[]
plenque	Fri Feb 05 10:22:52 +0000 2021	4	0	@cecimarh De esos dos temas podemos argumentar mucho, pero no son el punto principal de mi mensaje. Hay montones de actividades con mayor transmisión que están habilitadas. Estoy hablando de prioridades.	https://twitter.com/plenque/status/1357635796925374466	[]
plenque	Fri Feb 05 01:16:48 +0000 2021	0	0	@WWelberb No tengo con qué contrastarlo. Todavía no hay consenso sólido sobre la susceptibilidad incluso sin tener en cuenta las nuevas variantes. Cuando exista algo se puede ver, pero no creo que sea motivo para congelarse. Si fuese así, cerremos todo ya mismo. No hay salidas fáciles.	https://twitter.com/plenque/status/1357498374346440704	[]
plenque	Fri Feb 05 01:00:25 +0000 2021	0	0	@WWelberb Bueno	https://twitter.com/plenque/status/1357494252054458373	[]
plenque	Thu Feb 04 22:57:46 +0000 2021	1	0	@gicade De acuerdo. El tema es cómo llegamos a la situación de escuelas abiertas desde ahí. Creo que si esperamos a cerrar todo no abren más.	https://twitter.com/plenque/status/1357463386846552064	[]
plenque	Thu Feb 04 22:54:18 +0000 2021	4	0	@gicade Jamás cuestionaría decisiones individuales. Lo que estoy cuestionando son nuestras prioridades. Tenemos que cerrar todo si no podemos abrir las escuelas después de tanto tiempo.	https://twitter.com/plenque/status/1357462515320553473	[]
plenque	Thu Feb 04 22:49:43 +0000 2021	87	8	Pero si no funcionara, espero que tengamos la madurez de lograr que las escuelas sean lo último en cerrar. Esa misma madurez es la que debería hacernos reconocer la anomalía y no impedir su apertura.	https://twitter.com/plenque/status/1357461360469291009	[]
plenque	Thu Feb 04 22:49:42 +0000 2021	55	1	Pese a que algo de evidencia hay, nadie puede tener certeza del impacto que tendrán en la transmisión comunitaria. Ojalá que las cosas funcionen, no digo para reparar, pero para frenar algo del daño que causa la falta de presencialidad.	https://twitter.com/plenque/status/1357461357839470593	[]
plenque	Thu Feb 04 22:49:42 +0000 2021	276	48	Más allá de cómo llegamos hasta acá, en este momento hay una gran anomalía en Argentina: está casi todo abierto menos las escuelas. Creo que hay poco margen para aplicar restricciones con una curva decreciente, pero eso no debería hacernos perder de vista las prioridades.	https://twitter.com/plenque/status/1357461355914293248	[]
plenque	Thu Feb 04 18:35:03 +0000 2021	1	0	@TajerAndres en su cara guardapolvos!	https://twitter.com/plenque/status/1357397270346543105	[]
plenque	Thu Feb 04 16:42:33 +0000 2021	2	0	@fedelowe @Bleuitup @constant_hevia 10315989... a veces se me mezcla con el legajo de la facu que vino después!	https://twitter.com/plenque/status/1357368962116431883	[]
plenque	Thu Feb 04 16:09:57 +0000 2021	1	0	@rusosnith @Nicolas_Ajz Es que los constraints son enormes. Te quedaste sin nafta. La salida era la vacuna y de nuevo sopa. Leo que el problema sería su costo y no me cierra por ningún lado: nada es más caro que no tenerla.	https://twitter.com/plenque/status/1357360755864141825	[]
plenque	Thu Feb 04 16:04:46 +0000 2021	0	0	@rusosnith @Nicolas_Ajz No estoy defendiendo lo que se hizo. Digo que con lockdown únicamente era muy poco probable que tengas buenos resultados. Ahora la estamos piloteando, seamos realistas. No creo que puedas hacer mucho.	https://twitter.com/plenque/status/1357359450307330051	[]
plenque	Thu Feb 04 15:58:36 +0000 2021	2	0	"@rusosnith @Nicolas_Ajz El ""algo no funcionó"" es la moneda común en casi todo Latam. Hay que buscar el lockdown que se pueda hacer, no el que funcionaría y no es factible."	https://twitter.com/plenque/status/1357357898926555138	[]
plenque	Thu Feb 04 14:45:47 +0000 2021	2	0	@diegotajer @TajerAndres ¡Pasen!	https://twitter.com/plenque/status/1357339576902164486	[]
plenque	Thu Feb 04 14:02:22 +0000 2021	3	0	@alefolgarait cc @diegotajer @TajerAndres	https://twitter.com/plenque/status/1357328648173420546	[]
plenque	Thu Feb 04 13:30:22 +0000 2021	2	0	@rusosnith @tamtenenbaum @ugemitch @sdmorresi La verdad que no puedo evaluarlos desde mi lugar. Lo interesante será ver la reacción si fallan: quisiera que las restricciones empiecen en otro lado y no en la escuela. Es lo recomendado.	https://twitter.com/plenque/status/1357320594526765060	[]
plenque	Thu Feb 04 13:26:00 +0000 2021	1	0	@rusosnith @tamtenenbaum @ugemitch @sdmorresi No creo que sea simple en ningún caso. Entiendo que te referís a nivel estrategia, pero detrás de eso hay de todo. Todas las decisiones de restricción son complejas y me sorprende leer gente que pide que los niños no se eduquen o que alguien quiebre tan livianamente.	https://twitter.com/plenque/status/1357319497674326018	[]
plenque	Thu Feb 04 13:16:11 +0000 2021	1	0	"@tamtenenbaum @ugemitch @sdmorresi Es que ni en ese momento tenía sustento. 22/03 del año pasado.

https://t.co/3VpdnI63F8 https://t.co/oc1WGxmTFY"	https://twitter.com/plenque/status/1357317026872713219	[]
plenque	Thu Feb 04 12:27:37 +0000 2021	0	0	@marcosibarra @cingolani_oscar Solo pasé estadísticas oficiales. Si hablamos de susceptibilidad, trato de basarme en el consenso (y su nivel) que tenemos hasta ahora. Las agencias internacionales por el momento sugieren (adjunto ECDC) que los más pequeños son menos. Todavía no hay mucho de las nuevas variante. https://t.co/irOIMVHlWR	https://twitter.com/plenque/status/1357304804985430016	[]
plenque	Thu Feb 04 11:43:58 +0000 2021	31	3	@diegotajer Yo no puedo creer que alguien que la viviera piense que no se cumplió. Mucho menos que pueda sostenerse en ese nivel por mucho tiempo. Y soy de los que pueden.	https://twitter.com/plenque/status/1357293817360220162	[]
plenque	Thu Feb 04 02:54:00 +0000 2021	1	0	"@Mariano_Serra Casi seguro porque tiene fecha de diagnóstico en noviembre: https://t.co/4Nyw2iwPBw

También hay algunos casos de enero y febrero de 2020 que seguro son lo mismo."	https://twitter.com/plenque/status/1357160448009924608	[]
plenque	Thu Feb 04 02:32:22 +0000 2021	1	0	@juanmaafm cc @fmendiguren	https://twitter.com/plenque/status/1357155005363585026	[]
plenque	Thu Feb 04 02:28:04 +0000 2021	4	0	@cingolani_oscar México 1.08%, Perú 3.01%, Colombia 3.12%. Imagino que las diferencias vienen dadas por las políticas y capacidades de testeo, pero son todos números parecidos.	https://twitter.com/plenque/status/1357153922708889600	[]
plenque	Thu Feb 04 02:21:15 +0000 2021	10	2	@cingolani_oscar En Argentina, en términos absolutos, los niños de 0-9 representan el 2,52% de los casos detectados. Al normalizar por la población de esa franja un poco menos todavía. Esa proporción se mantiene estable en el tiempo. https://t.co/jwS2M51rKR	https://twitter.com/plenque/status/1357152208522010626	[]
plenque	Thu Feb 04 00:47:43 +0000 2021	27	2	"Reporte diario de hoy 03/02 para Argentina. Son 9256 nuevos casos confirmados (9195 neto) y 113 fallecidos (112 neto).

https://t.co/aq24ifVVD5 https://t.co/vYnl0GpNaZ"	https://twitter.com/plenque/status/1357128669584572416	[]
plenque	Wed Feb 03 21:55:26 +0000 2021	2	0	@guido__ce @rusosnith @srodriguezrey 18/20k por día. acá voy dejando el progreso (todos los días publican el total y hay que sacar la diferencia): https://t.co/mhmjGmYsfL	https://twitter.com/plenque/status/1357085311663226886	[]
plenque	Wed Feb 03 21:52:34 +0000 2021	0	0	@rusosnith @srodriguezrey ¿de dónde sacás el dato? yo tengo que que dieron 288860 de la primera dosis y 131270 de la segunda.	https://twitter.com/plenque/status/1357084590461059072	[]
plenque	Wed Feb 03 20:55:09 +0000 2021	1	0	@elhipernauta Bueno de conocer. Hay pocas cosas de PgSQL que no me gusten. Y encima hay extensiones para todo.	https://twitter.com/plenque/status/1357070139838115840	[]
plenque	Wed Feb 03 19:17:24 +0000 2021	0	0	@elhipernauta No lo tenía. La forma jerárquica me recuerda LDAP.	https://twitter.com/plenque/status/1357045540555530240	[]
plenque	Wed Feb 03 01:40:10 +0000 2021	2	0	@gaingon @jorgrandinetti Es cierto, pero no sé si se estancó, baja más leeeento	https://twitter.com/plenque/status/1356779481038540801	[]
plenque	Wed Feb 03 01:12:14 +0000 2021	1	0	@jorgrandinetti Que hubo algo fuerte por esos días no hay duda, pero hace ya unos días la positividad dejó de bajar. Veremos cómo sigue.	https://twitter.com/plenque/status/1356772451926040578	[]
plenque	Wed Feb 03 00:53:10 +0000 2021	26	4	"Reporte diario de hoy 02/02 para Argentina. Son 9754 nuevos casos confirmados (9696 neto) y 177 fallecidos.

https://t.co/H09UnIfBWh https://t.co/41TsGIj9RC"	https://twitter.com/plenque/status/1356767654384726017	[]
plenque	Wed Feb 03 00:06:31 +0000 2021	25	0	El otro día me consultaban si no se podían superponer las curvas de casos y fallecidos en CABA como hice con la PBA. Como no tenemos certeza de la demora en el reporte de fallecidos, lo que podemos hacer es graficar la curva de pacientes graves. El resultado es parecido. https://t.co/8Lc86z2ecL	https://twitter.com/plenque/status/1356755913374318592	[]
plenque	Tue Feb 02 18:05:37 +0000 2021	0	0	@ValloneMarcelo Supongo iremos sabiendo más con el tiempo. Al ritmo que vamos me parece que hay que tener un ojo puesto en en cosas así. Yo no sé si se está evaluando sistemáticamente la generación de ac con la primera dosis acá. Estaría buenísimo.	https://twitter.com/plenque/status/1356665088195837955	[]
plenque	Tue Feb 02 17:45:05 +0000 2021	2	0	@diegotajer @matiask ¡Holis!	https://twitter.com/plenque/status/1356659920251281418	[]
plenque	Tue Feb 02 17:21:27 +0000 2021	0	0	@MenendezPepe Las distancias son siderales, pero creo que entiendo al pobre hombre. ¡Gran anécdota!	https://twitter.com/plenque/status/1356653976113074189	[]
plenque	Tue Feb 02 17:13:38 +0000 2021	2	0	@MenendezPepe En iPLan Liv, pero no llega a casa.	https://twitter.com/plenque/status/1356652005696155653	[]
plenque	Tue Feb 02 15:17:24 +0000 2021	3	0	@toxvaerd1 Is it possible to achieve the level of prevalence required for TTI to be effective only with lockdown in emerging countries? They do not seem to have had the same success as in developed countries.	https://twitter.com/plenque/status/1356622754880053249	[]
plenque	Tue Feb 02 11:47:08 +0000 2021	9	4	Agregaría complejidad al asunto, pero faltando vacunas habría que estar atentos a estas novedades. Sobre todo en los países que vienen más retrasados. https://t.co/8kj2rDPfm4	https://twitter.com/plenque/status/1356569841877057542	[]
plenque	Tue Feb 02 00:34:01 +0000 2021	2	0	@elpibedg Vaya uno a saber. Yo creo que son adolescentes siendo adolescentes. En el largo plazo no podés impedir eso.	https://twitter.com/plenque/status/1356400446202589187	[]
plenque	Tue Feb 02 00:32:29 +0000 2021	1	0	@NZubimendi La verdad que yo no sé. Quizás @jpjviro pueda ayudar.	https://twitter.com/plenque/status/1356400059684941830	[]
plenque	Tue Feb 02 00:31:39 +0000 2021	27	0	"Reporte diario de hoy 01/02 para Argentina. Son 6664 nuevos casos confirmados (6613 neto) y 275 fallecidos.

https://t.co/42YxSow7Va https://t.co/nZ3Zm8eaLg"	https://twitter.com/plenque/status/1356399850208788480	[]
plenque	Mon Feb 01 23:14:06 +0000 2021	24	1	Sin embargo, si miramos los más jóvenes, pareciera que la franja 15-19 no sigue ese patrón y sigue subiendo. 20-24 estaría en algún punto intermedio mientras que 10-14 aporta pocos casos. Me parece útil encontrar una diferencia específica en un rango bien definido. https://t.co/Oc0MGCc3Wc	https://twitter.com/plenque/status/1356380334070390785	[]
plenque	Mon Feb 01 23:09:21 +0000 2021	46	13	Los otros días @bjsaenz_ me hizo notar algo muy interesante al ver casos por grupo quinquenal en CABA. Todas las franjas de mayores (&gt; 25) tienen una curva similar que podría estar relacionada con las fiestas (por las fechas) y la que aporta más casos es 25-29. https://t.co/70spH4jPZd	https://twitter.com/plenque/status/1356379136168755201	[]
plenque	Mon Feb 01 21:27:40 +0000 2021	2	0	"@MgigB @JSchmukler Claro, por eso creo que necesitamos comorbilidades. Fijate que en muchos grupos me da que el 100% de la población está contagiada. 
Creo que voy a esperar a nuestra propia seroprevalencia. Fijate que en la página se puede poner a dedo la que uno quiera. https://t.co/nfREjehmXL"	https://twitter.com/plenque/status/1356353546774523906	[]
plenque	Mon Feb 01 21:13:06 +0000 2021	1	0	"@MgigB @JSchmukler Eso que decís es lo que armé acá: https://t.co/KbwFnmSVB0

¿Estás usando una sola IFR general? Traté de no hacer eso porque, por distinta estructura etaria, quizás no sirva la de otros lugares para nosotros.  Ya de movida no confío en la que viene por edades."	https://twitter.com/plenque/status/1356349884379648004	[]
plenque	Mon Feb 01 21:09:47 +0000 2021	2	0	@fmendiguren Ojota que si durante el verano ponen vacunatorios en cada lugar de tapas a Israel lo dejan chiquito.	https://twitter.com/plenque/status/1356349046303154179	[]
plenque	Mon Feb 01 21:04:04 +0000 2021	3	0	@fmendiguren Ojalá el clima ayude. El año pasado parece haber tenido un efecto fuerte en Europa. No digo que necesariamente fuera así, pero es una opción.	https://twitter.com/plenque/status/1356347607711408128	[]
plenque	Mon Feb 01 21:01:27 +0000 2021	4	0	@fmendiguren Ojalá tercera y última.	https://twitter.com/plenque/status/1356346952787619845	[]
plenque	Mon Feb 01 20:59:38 +0000 2021	1	0	"@MongoAurelios @martintetaz En el hilo original que publiqué hay un link a un artículo académico que explica cómo funciona y cuándo se usa: https://t.co/ov89XAumPw
Es importante buscar e informarse antes de acusar al otro. Yo no estoy evaluando ninguna gestión con este análisis."	https://twitter.com/plenque/status/1356346495105167362	[]
plenque	Mon Feb 01 20:46:10 +0000 2021	1	0	@MongoAurelios @martintetaz Es el método que me recomendaron demógrafos y epidemiólogos. No lo inventé yo.	https://twitter.com/plenque/status/1356343106304692227	[]
plenque	Mon Feb 01 19:29:40 +0000 2021	14	0	@JSchmukler ¡Gracias! Igual somos unos cuantos mirando los datos eh.  Acá el problema, creo yo, fue que los tiraron crudos sin muchas herramientas de análisis.	https://twitter.com/plenque/status/1356323851232301064	[]
plenque	Mon Feb 01 19:24:48 +0000 2021	1	0	@PedroPoliti Para ir por ese lado necesitaríamos info de comorbilidades que no está publicada. Supongo que a nivel MSAL analizan cosas así porque la data la tienen.	https://twitter.com/plenque/status/1356322628752060417	[]
plenque	Mon Feb 01 17:49:01 +0000 2021	1	0	@eduardoyeyati Así es. Mortalidad reportada por COVID-19. Cometí el error de no aclararlo de nuevo. Pasa que no tenemos mortalidad por fuera de eso.	https://twitter.com/plenque/status/1356298522266660864	[]
plenque	Mon Feb 01 17:48:15 +0000 2021	4	0	@ltornarolli Un negocio redondo. Qué sería del déficit fiscal sin mi.	https://twitter.com/plenque/status/1356298332726026242	[]
plenque	Mon Feb 01 17:41:50 +0000 2021	3	0	@bjsaenz_ @UltraMartin76 @andokaf @DoctorKruz Creo haber sido amable en la respuesta pese a que él no lo fue tanto. Pero ahora veo que me bloqueó. Qué difícil.	https://twitter.com/plenque/status/1356296714148319237	[]
plenque	Mon Feb 01 17:25:17 +0000 2021	2	0	@MenendezPepe Quedate tranquilo que tengo una colección de tuits ruidosos por día y el tuyo ni se acerca a esa categoría.	https://twitter.com/plenque/status/1356292552958353412	[]
plenque	Mon Feb 01 17:19:55 +0000 2021	1	0	@matta_ale Todavía ni tenemos las defunciones 2019. Falta bastante para eso.	https://twitter.com/plenque/status/1356291201121529857	[]
plenque	Mon Feb 01 17:19:15 +0000 2021	2	0	"@MenendezPepe ¡Claro! Pero es al revés. Si encuentro un fallecido joven, espero que haya muchos más casos por su baja probabilidad de ocurrencia. Las IFR que uso son de este paper: https://t.co/AdhZ1WjLwr
Fijate en la figura 2a. En el material complementario están los datos."	https://twitter.com/plenque/status/1356291033118765057	[]
plenque	Mon Feb 01 17:15:51 +0000 2021	0	0	@matta_ale Perdón que no aclaré. Es mortalidad COVID.	https://twitter.com/plenque/status/1356290175459012610	[]
plenque	Mon Feb 01 17:09:21 +0000 2021	75	22	Pasaron unas semanas de que compartí las tasas de mortalidad estandarizadas por provincia argentina así que actualizo el cuadro (todavía no pude publicarlo en la web). En el tuit que referencio está la explicación de cómo se calculan. https://t.co/VyAdYjSksY https://t.co/bOrfblk7DC	https://twitter.com/plenque/status/1356288539881779200	[]
plenque	Mon Feb 01 16:13:29 +0000 2021	8	0	@DoctorKruz No creo que ninguno de los factores sea blanco o negro: estacionalidad, cantidad de reuniones, heterogeneidad de los que se juntan, etc. Es todo especulación, pero me parece que el invierno podría ser muy jodido.	https://twitter.com/plenque/status/1356274482546143232	[]
plenque	Mon Feb 01 15:55:10 +0000 2021	0	0	"@DoctorKruz Creo que es mucho peor tener 1000 reuniones de 5 personas que 5 reuniones de 1000. Supongo que hubo muchos ""cruces"" de gente que no se ve periódicamente."	https://twitter.com/plenque/status/1356269870556573697	[]
plenque	Mon Feb 01 15:53:58 +0000 2021	2	0	"@DoctorKruz Yo no tuve en cuenta casos menores de 30 años porque es muy difícil contemplarlos sin usar comorbilidades. Ahí puede haber una diferencia importante.
Yo atribuyo la suba a las reuniones de fin de año. Se ve el mismo patrón en muchos países."	https://twitter.com/plenque/status/1356269568654778368	[]
plenque	Mon Feb 01 15:28:00 +0000 2021	6	0	@UltraMartin76 @DoctorKruz Hice lo que pude con lo que tengo. Sirve para que alguien consiga algo mejor, podamos comparar y obtener mejores resultados. Usted me podría ayudar si quiere.	https://twitter.com/plenque/status/1356263034365366274	[]
plenque	Mon Feb 01 15:24:11 +0000 2021	5	0	@JSchmukler @LeoBoschiazzo No me expresé bien. Habría menos fallecidos porque se contagian más jóvenes. Tendría lógica pensar que los jóvenes se estén testeando más que antes, pero no creo que haya cambiado demasiado la política de testeo. Yo buscaría explicaciones socioeconómicas, pero me excede.	https://twitter.com/plenque/status/1356262073488044032	[]
plenque	Mon Feb 01 15:18:50 +0000 2021	2	0	@exequielmaldo @JSchmukler @LeoBoschiazzo @phytools_liam Así es, pero creo que no tenemos datos para hacer eso acá. Igual me parece que mete mucho más ruido usar una sola IFR general sin tener en cuenta edades, pero para eso se necesitan microdatos.	https://twitter.com/plenque/status/1356260730127970306	[]
plenque	Mon Feb 01 15:17:19 +0000 2021	7	0	@DoctorKruz Primero aclaro que es una estimación muy imprecisa por el método en sí y por su input (uso seroprevalencia de otros países). Pero es lo que hay / pude. Me da algo así como 8.5M.	https://twitter.com/plenque/status/1356260348597297158	[]
plenque	Mon Feb 01 15:05:55 +0000 2021	1	0	@JSchmukler @LeoBoschiazzo Solo uso fallecidos para los casos estimados así que la relación casos detectados / fallecidos no cambia la estimación. Por cada fallecido reportado lo que hago es buscar su IFR teórica y en base a eso suponer cuántos casos reales hubo.	https://twitter.com/plenque/status/1356257477730459649	[]
plenque	Mon Feb 01 14:50:09 +0000 2021	3	0	@JSchmukler @LeoBoschiazzo La estimación que hago es sobre fallecidos. Lo que pasó recientemente fue muy distinto a la ola del invierno (tema jóvenes, más mujeres que hombres, etc.). Además de que algo quizás cambie por estacionalidad. Yo personalmente no creo que se explique por cambios de testeo.	https://twitter.com/plenque/status/1356253509847572483	[]
plenque	Mon Feb 01 02:33:37 +0000 2021	3	0	@jm_arina @lucasmmedrano07 Sinceramente no sé. Imagino que a nivel gobiernos tienen cosas mucho más serias. El problema es que no se publica mucho. Este mismo tipo de gráfico lo vi publicado por Sanidad de España hace unos meses.	https://twitter.com/plenque/status/1356068153621676034	[]
plenque	Mon Feb 01 02:24:57 +0000 2021	5	1	"@jm_arina El otro día @lucasmmedrano07 compartió un sitio que hace algo similar y por eso recordé que lo tenía: https://t.co/pfogVP3Rod
La diferencia es que ese sitio toma una IFR general y yo lo hice por edades."	https://twitter.com/plenque/status/1356065975326674946	[]
plenque	Mon Feb 01 01:42:16 +0000 2021	10	0	@fbsisti Sin tener en cuenta los fallecidos menores de 30, me da 8.5M de casos. No la tomaría como una estimación sería.	https://twitter.com/plenque/status/1356055232652967939	[]
plenque	Mon Feb 01 01:35:20 +0000 2021	3	0	@JSchmukler Yo no sé mucho, pero conozco a los que saben!	https://twitter.com/plenque/status/1356053488787197953	[]
plenque	Mon Feb 01 01:28:51 +0000 2021	1	0	@JSchmukler jajajaja... no pasa nada. Pasa que son estimaciones elaboradas y no sé bien a quién preguntarle. En cualquier momento me anoto en un master de epidemiología.	https://twitter.com/plenque/status/1356051854799593472	[]
plenque	Mon Feb 01 01:21:56 +0000 2021	1	0	@JSchmukler Sisisi... habría que pensar un modo de vincular esto con positividad. En otro comentario me lo habían sugerido y quiero pensarlo bien.	https://twitter.com/plenque/status/1356050115702759427	[]
plenque	Mon Feb 01 01:16:40 +0000 2021	0	0	@JSchmukler Así pareciera. Digamos que el pico.	https://twitter.com/plenque/status/1356048791225442306	[]
plenque	Mon Feb 01 00:30:28 +0000 2021	33	4	"Reporte diario de hoy 31/01 para Argentina. Son 5010 nuevos casos confirmados (4975 neto) y 43 fallecidos.

https://t.co/cHnxEYRZuq https://t.co/MRdPZb8rrO"	https://twitter.com/plenque/status/1356037164128227331	[]
plenque	Sun Jan 31 23:12:36 +0000 2021	1	0	@gusludmer Claro. Estaría muy bueno que liberen info de comorbilidades. Al menos un flag 0/1.	https://twitter.com/plenque/status/1356017567240957956	[]
plenque	Sun Jan 31 22:35:41 +0000 2021	1	0	@ken4rab ¡Gracias!	https://twitter.com/plenque/status/1356008278371823621	[]
plenque	Sun Jan 31 22:27:26 +0000 2021	3	0	@MenendezPepe No, para nada. Solo fallecidos. Son un montón de reglas de tres simple con edad y sexo para buscar la IFR de cada caso.	https://twitter.com/plenque/status/1356006202635919362	[]
plenque	Sun Jan 31 22:08:29 +0000 2021	27	1	Tuve que quitar los fallecidos de menos de 30 años porque la probabilidad del suceso es tan baja que genera demasiado ruido. Creo que la única manera de tenerlos en cuenta es con algo más de información sobre comorbilidades.	https://twitter.com/plenque/status/1356001432227508226	[]
plenque	Sun Jan 31 22:08:28 +0000 2021	22	1	Pienso incoporar la posibilidad de modificar estos parámetros en el informe para usar otros estudios de seroprevalencia. Ojalá podamos contar con uno local.	https://twitter.com/plenque/status/1356001429819953162	[]
plenque	Sun Jan 31 22:08:28 +0000 2021	19	1	Como tenemos la edad, al aplicar esa probabilidad a cada fallecido obtenemos la forma de esta curva hipotética. Luego aplico la media de 14 días para suavizarla. También desplazo la curva unos días para tener en cuenta el lag entre detección y fallecimiento.	https://twitter.com/plenque/status/1356001427945115650	[]
plenque	Sun Jan 31 22:08:27 +0000 2021	26	1	No la había compartido porque seguro es super imprecisa. Utilizo el estudio de seroprevalencia de O'Driscoll et al. Lo que nos da es, en base a los datos de varios países, la probabilidad de encontrar un fallecido en las distintas franjas etarias.	https://twitter.com/plenque/status/1356001424983912450	[]
plenque	Sun Jan 31 22:08:27 +0000 2021	147	33	"Los otros días me pidieron que comparta esta estimación que hice hace un tiempo. En la parte superior de cada gráfico se ven los casos detectados y en la inferior los que pude estimar en base a los datos de fallecidos. 

https://t.co/wlo9gZwPFX https://t.co/pYrkHao4bH"	https://twitter.com/plenque/status/1356001422261833733	[]
plenque	Sun Jan 31 19:20:20 +0000 2021	2	0	"@AlvaroM_ENG @vcalvot @jhonbarrero @Nebiros96 Es un análisis complejo que lleva su tiempo y ahora no puedo, pero en el explorador de mi sitio pueden graficar especificando la fecha del dataset que quieran para investigarlo.

https://t.co/VU50xt5xhF https://t.co/wjjwWySFyB"	https://twitter.com/plenque/status/1355959118281003010	[]
plenque	Sun Jan 31 19:15:30 +0000 2021	1	0	"@ArielKarlinsky @LAVOZcomar Just in Buenos Aires. There's nothing more up to date.
I'd be glad to translate anything. Just send me a DM."	https://twitter.com/plenque/status/1355957901853143040	[]
plenque	Sun Jan 31 15:26:04 +0000 2021	3	0	@MBattaglia07 Sin dudas. El estado tiene que estar en lo que aporta valor social y no necesariamente es rentable. Lo interesante para discutir son modo y nivel de intervención para no caer en una dicotomía anacrónica entre público / privado.	https://twitter.com/plenque/status/1355900162091184129	[]
plenque	Sun Jan 31 15:14:40 +0000 2021	1	0	"@ArielKarlinsky @LAVOZcomar Here's the article: https://t.co/q3ediNvI6c

Let me know if you need some help with the translation."	https://twitter.com/plenque/status/1355897293115969536	[]
plenque	Sun Jan 31 15:08:57 +0000 2021	2	0	@ArielKarlinsky @LAVOZcomar The press is asking for the information constantly and some provinces release some numbers (partial processed info) but no raw data. It's a pitty.	https://twitter.com/plenque/status/1355895852712255489	[]
plenque	Sun Jan 31 15:05:00 +0000 2021	10	0	@rquiroga777 Creo que viene por acá: https://t.co/OrQt3NWLlL	https://twitter.com/plenque/status/1355894861472346112	[]
plenque	Sun Jan 31 15:03:31 +0000 2021	4	1	@ArielKarlinsky Thanks for your answer and sorry if it sounded offensive. I've been asking for that information for months. It has not been published and that was my point. You've done a superb job. Sorry again.	https://twitter.com/plenque/status/1355894485784391680	[]
plenque	Sun Jan 31 15:01:00 +0000 2021	33	5	@rquiroga777 ¿El cuadro es correcto? No es el que figura en la nota de la BBC: https://t.co/xhSlIScLvV https://t.co/5BstYZkoMf	https://twitter.com/plenque/status/1355893852855558150	[]
plenque	Sun Jan 31 14:47:47 +0000 2021	3	0	@Rita95834016 @bianchiOK Si liberáramos datos figuraríamos. El problema es que no están los datos.	https://twitter.com/plenque/status/1355890526801829888	[]
plenque	Sun Jan 31 14:39:43 +0000 2021	2	0	@eracucu Eso ya es muy avanzado. Yo tan solo quiero saber la forma de nuestra curva.	https://twitter.com/plenque/status/1355888495726886913	[]
plenque	Sun Jan 31 14:33:48 +0000 2021	27	7	Falta Argentina https://t.co/VeMXJhjPl9	https://twitter.com/plenque/status/1355887006845456385	[]
plenque	Sun Jan 31 13:11:03 +0000 2021	3	0	@RosanaToro5 @jorgeluisaliaga @norabar @fedetiberti @rusosnith @PipStochPremium Me pareció que se referían a la conferencia de prensa que se hace algunos días y no al reporte de números. Quizás estoy confundido.	https://twitter.com/plenque/status/1355866181471789057	[]
plenque	Sun Jan 31 01:18:30 +0000 2021	1	0	@srepetto No, creo que no hay manera de distinguir cada caso viendo solo los datos abiertos.	https://twitter.com/plenque/status/1355686865664421889	[]
plenque	Sun Jan 31 00:47:44 +0000 2021	1	0	@a_urizio Sí, tal cual. Es difícil saber con certeza. La positividad del sector privado (supuestamente sin turismo) está estancada así que puede que no sea solo testeo.	https://twitter.com/plenque/status/1355679120424886276	[]
plenque	Sun Jan 31 00:35:37 +0000 2021	40	6	"Reporte diario de hoy 30/01 para Argentina. Son 6925 nuevos casos confirmados (6902 neto) y 156 fallecidos.

https://t.co/kl8ARaJIX0 https://t.co/KVTre05Quy"	https://twitter.com/plenque/status/1355676070658277380	[]
plenque	Sat Jan 30 19:34:06 +0000 2021	1	0	@MenendezPepe @apsmunro 😂	https://twitter.com/plenque/status/1355600191097868292	[]
plenque	Sat Jan 30 15:28:09 +0000 2021	8	0	@sangerchu La mejor explicación es que nos vamos poniendo viejos	https://twitter.com/plenque/status/1355538297519562753	[]
plenque	Sat Jan 30 15:27:13 +0000 2021	3	0	@ProgramaAEDuns Otra vez arrancamos con el asunto de la carta orgánica	https://twitter.com/plenque/status/1355538061879353352	[]
plenque	Sat Jan 30 14:28:07 +0000 2021	1	0	@SergioFelperin @santiagollach Comparto varios... pero digo... no se enojen... ¿Puede entrar Federer?	https://twitter.com/plenque/status/1355523188046917633	[]
plenque	Sat Jan 30 14:20:29 +0000 2021	17	2	@JSchmukler ¿Pedirle ayuda a alguien que te juzga? ¿Confiar en alguien que te juzga? Aplica a médicos y cualquier relación de autoridad (en sentido amplio).	https://twitter.com/plenque/status/1355521270742458368	[]
plenque	Sat Jan 30 13:16:17 +0000 2021	5	2	"@lualque Los datos abiertos que están publicando hablan ya de 85361. Los podés bajar de acá: https://t.co/efROToMTB4

Yo voy actualizando una tablita diaria acá: https://t.co/mhmjGmYsfL"	https://twitter.com/plenque/status/1355505112433766401	[]
plenque	Sat Jan 30 00:31:30 +0000 2021	28	5	"Reporte diario de hoy 29/01 para Argentina. Son 9899 nuevos casos confirmados (9838 neto) y 174 fallecidos.

https://t.co/di5EcVgBwC https://t.co/iAIfz2tD7y"	https://twitter.com/plenque/status/1355312647147814913	[]
plenque	Fri Jan 29 23:16:36 +0000 2021	7	1	Evitemos trivializar algo muy complejo. https://t.co/iV2KK1Vd3a	https://twitter.com/plenque/status/1355293797253591044	[]
plenque	Fri Jan 29 20:31:56 +0000 2021	0	0	@SergioFelperin @fedetiberti @a_mouzo 2 hasta donde sé. Creo que son iguales.	https://twitter.com/plenque/status/1355252358209544208	[]
plenque	Fri Jan 29 20:26:41 +0000 2021	1	0	@SergioFelperin @fedetiberti @a_mouzo Dice el diario que el domingo otros 2	https://twitter.com/plenque/status/1355251039222558727	[]
plenque	Fri Jan 29 20:21:47 +0000 2021	2	0	@martinmontane @fedetiberti Comparto bastante. Creo que los jugadores con los que salimos a la cancha (determinantes sociales) ya vienen dados. Hay honrosas excepciones, pero llegado cierto punto se hace lo que se puede.	https://twitter.com/plenque/status/1355249804578840580	[]
plenque	Fri Jan 29 19:31:33 +0000 2021	4	0	@fedetiberti ¿Dice a cuánto vendía los datos?	https://twitter.com/plenque/status/1355237164704006148	[]
plenque	Fri Jan 29 18:23:45 +0000 2021	2	0	@fedelowe @srodriguezrey @arschipani No hay dudas de que hay que cambiar la matriz energética, pero la eficiencia de una planta de carbón es infinitamente más alta que la de un motor clásico. Se puede avanzar por ambos flancos.	https://twitter.com/plenque/status/1355220102849957891	[]
plenque	Fri Jan 29 17:53:35 +0000 2021	0	0	@exequielmaldo ¿15% no es demasiado? Encima hay algunas jurisdicciones que reportan más de lo que supuestamente recibieron.	https://twitter.com/plenque/status/1355212511189073921	[]
plenque	Fri Jan 29 15:47:25 +0000 2021	1	0	"@55Renata Las columnas ""Primera dosis"" y ""Segunda dosis"" son diarias. El 19/01 tiene un montón porque fue el primer día que publicaron datos. A partir de ahí tenemos el diario. Las columnas con ""acumulada"" al final creo que son las que querés ver."	https://twitter.com/plenque/status/1355180758286139393	[]
plenque	Fri Jan 29 15:43:06 +0000 2021	1	0	@55Renata Eso que puse es solo primera dosis. Fijate que en el link salen las aplicaciones de segunda dosis.  Al día de ayer eran 51451, pero hoy ya pasaron a 65583.	https://twitter.com/plenque/status/1355179670560333829	[]
plenque	Fri Jan 29 15:36:49 +0000 2021	1	0	@Rodri_LP @MatiasSmz @nacho_schor Calculo que la diferencia 24272 y 24208 es un tema de momento de corte o error de registro. ¡Lo de las asignadas ni idea!	https://twitter.com/plenque/status/1355178092331986948	[]
plenque	Fri Jan 29 15:26:17 +0000 2021	0	0	@JumaLazzati Ni idea. Igual no es que no avanzan ahora, pero es lento. La PBA es un lugar grande y complejo.	https://twitter.com/plenque/status/1355175440227438594	[]
plenque	Fri Jan 29 14:35:05 +0000 2021	2	0	@juanmzalazar @RegaCarlos La nota es similar. Cuando digo info más seria me refiero a la publicación o la revisión de alguna agencia. Creo que por ahora solo hay anuncios de prensa.	https://twitter.com/plenque/status/1355162555791118339	[]
plenque	Fri Jan 29 14:31:46 +0000 2021	1	0	@PabloRichly Esperemos que avancen con la prueba de dos dosis.	https://twitter.com/plenque/status/1355161720654802946	[]
plenque	Fri Jan 29 14:25:22 +0000 2021	0	0	@PabloRichly ¿son comparables los endpoints con  las otras?	https://twitter.com/plenque/status/1355160109840822281	[]
plenque	Fri Jan 29 13:53:07 +0000 2021	2	0	"@Epi_Net @nacho_schor @MatiasSmz @carlavizzotti Parece que los envíos incluyen extra por merma y se puede utilizar. Sería por eso.

https://t.co/AXHoq0ra4S"	https://twitter.com/plenque/status/1355151994441375744	[]
plenque	Fri Jan 29 13:37:46 +0000 2021	4	0	@MatiasSmz Yo quisiera que eso esté en los datos abiertos junto con la división por departamentos e incluso el desagregado por fecha. No me parece que sea demasiado pedir si la info está.	https://twitter.com/plenque/status/1355148129595748352	[]
plenque	Fri Jan 29 13:31:48 +0000 2021	1	0	@RegaCarlos Habrá que esperar a que salga info más seria.	https://twitter.com/plenque/status/1355146630895431685	[]
plenque	Fri Jan 29 13:30:42 +0000 2021	2	0	@nacho_schor @MatiasSmz Viene despacio. https://t.co/4kpIHhYSUY	https://twitter.com/plenque/status/1355146353052184579	[]
plenque	Fri Jan 29 13:26:43 +0000 2021	4	0	@nacho_schor Esto es con datos de ayer que compartió @MatiasSmz. Supongo que con el nuevo envío se va a complicar más seguir esto. https://t.co/3agjyhE3Im	https://twitter.com/plenque/status/1355145348541542400	[]
plenque	Fri Jan 29 13:20:24 +0000 2021	18	1	@RegaCarlos El artículo también habla de 85% de eficacia para reducir infección severa y 100% en hospitalizaciones y muertes. Con una sola dosis, barata y sin requisitos complejos de refrigeración, podría cambiar todo. Esperemos que se verifique y puedan producir en masa.	https://twitter.com/plenque/status/1355143759013539841	[]
plenque	Fri Jan 29 13:18:17 +0000 2021	1	0	@ivanfbf Hay provincias que aplicaron más de las que recibieron porque incluyen dosis previendo merma. Supongo que compensa eso.	https://twitter.com/plenque/status/1355143227830128642	[]
plenque	Fri Jan 29 13:17:44 +0000 2021	1	0	@vviego Pero hay provincias que reaprovecharon dosis extra que venían de más (el envío contempla merma). Creo que empataría.	https://twitter.com/plenque/status/1355143090256941060	[]
plenque	Fri Jan 29 13:07:40 +0000 2021	47	9	"Ayer se aplicaron 1.903 primeras dosis de la vacuna totalizando 278.451. Es como que se frenó. ¿Alguien qué pasó con las ~ 20 mil restantes? Supongo que será difícil comparar a partir de hoy por la llegada del nuevo envío.

https://t.co/mhmjGmYsfL"	https://twitter.com/plenque/status/1355140558071730179	[]
plenque	Fri Jan 29 00:31:23 +0000 2021	28	5	"Reporte diario de hoy 28/01 para Argentina. Son 9517 nuevos casos confirmados (9471 neto) y 166 fallecidos.

https://t.co/So0aucYQ79 https://t.co/GpO0P5DZWU"	https://twitter.com/plenque/status/1354950229750112266	[]
plenque	Thu Jan 28 22:33:42 +0000 2021	5	0	@JSchmukler @fromthewest86 🙏	https://twitter.com/plenque/status/1354920614755266571	[]
plenque	Thu Jan 28 22:33:05 +0000 2021	4	0	@lucasmmedrano07 @MenendezPepe Eso es de anteayer. Pisaron el acelerador mal! https://t.co/63YDxUs1n2	https://twitter.com/plenque/status/1354920460048281604	[]
plenque	Thu Jan 28 22:31:29 +0000 2021	8	0	@fromthewest86 @JSchmukler Espero que J&amp;J esté a la altura. Lo de AZ en Alemania me reventó los ánimos. Necesitamos una simple y barata que pueda llegar a todo el mundo.	https://twitter.com/plenque/status/1354920056942170121	[]
plenque	Thu Jan 28 22:21:48 +0000 2021	1	0	@microagencia @ernestorr @MenendezPepe Sigue sin tener sentido. Normalizado estamos casi igual (nos pasan mañana probablemente). Estamos hablando de 5 personas vacunadas. Es un problema general de Latam.	https://twitter.com/plenque/status/1354917619879583749	[]
plenque	Thu Jan 28 22:18:48 +0000 2021	7	0	@ernestorr @MenendezPepe No servían antes ni ahora las declaraciones triunfalistas. Mi intención no era comparar sino mostrar cómo las comparaciones pierden vigencia rápido.	https://twitter.com/plenque/status/1354916864204406786	[]
plenque	Thu Jan 28 19:53:44 +0000 2021	2	0	@fromthewest86 @MenendezPepe Creo que la de Sinovac. Lo leí por acá igual.	https://twitter.com/plenque/status/1354880358756610048	[]
plenque	Thu Jan 28 19:37:27 +0000 2021	31	7	@MenendezPepe Y Brasil ya nos pasó. https://t.co/l1gT1hTicB	https://twitter.com/plenque/status/1354876259667496962	[]
plenque	Thu Jan 28 19:35:11 +0000 2021	1	0	@MenendezPepe Eso habla de lo complicado que está Latam. Viene muy lento.	https://twitter.com/plenque/status/1354875690315870208	[]
plenque	Thu Jan 28 16:59:12 +0000 2021	2	0	@vaik92 El ritmo que llevamos ahora no es de vacunación masiva. Llevaría mucho mucho tiempo. Creo que hay que esperar a que arranquen en serio.	https://twitter.com/plenque/status/1354836435283693570	[]
plenque	Thu Jan 28 16:11:16 +0000 2021	2	0	@ndchiariello @jmtelechea Cuando hablé de decisión política hablé de la administración de un bien escaso en base a prioridades. Es inevitable. Yo tampoco creo que sea un mensaje a los docentes, pero esas son cuestiones subjetivas.	https://twitter.com/plenque/status/1354824372263940102	[]
plenque	Thu Jan 28 15:12:22 +0000 2021	2	0	@marcelobianco2 Perú también tiene mucho exceso de mortalidad. En muchos países de Europa, sobre todo en la primera ola, tuvieron exceso con CFR alta. En Europa porque los agarró desprevenidos, acá, probablemente, por los determinantes sociales.	https://twitter.com/plenque/status/1354809550549880835	[]
plenque	Thu Jan 28 15:09:51 +0000 2021	2	0	@jmtelechea Es que no sé si hay duda. No hay evidencia de eso. Los ensayos, hasta donde sé, fueron para demostrar la eficacia en prevención de enfermedad grave. No hay dudas de que toda definición de prioridad tiene parte política.	https://twitter.com/plenque/status/1354808918032060419	[]
plenque	Thu Jan 28 15:07:08 +0000 2021	1	0	@marcelobianco2 Principalmente subdetección. Ellos tienen publicada la info de exceso de mortalidad y hay muchos más muertos que los detectados.	https://twitter.com/plenque/status/1354808233873948676	[]
plenque	Thu Jan 28 14:58:49 +0000 2021	3	0	@jmtelechea No está comprobado que las vacunas reduzcan la transmisión. Creo que seguramente tiene algo que ver con eso.	https://twitter.com/plenque/status/1354806138550718464	[]
plenque	Thu Jan 28 14:25:10 +0000 2021	1	0	@constant_hevia A ese cuchillo seguro que no lo agarra nadie	https://twitter.com/plenque/status/1354797672113303554	[]
plenque	Thu Jan 28 14:13:53 +0000 2021	37	1	@martintetaz Seamos justos: https://t.co/TZ9qwg4yrg	https://twitter.com/plenque/status/1354794833580351494	[]
plenque	Thu Jan 28 12:34:59 +0000 2021	1	0	"@CT_Bergstrom Maybe you missed this article released yesterday (""Resurgence of COVID-19 in Manaus, Brazil, despite high seroprevalence""). A few hypothesis.
https://t.co/pzxqjonftV"	https://twitter.com/plenque/status/1354769941577261058	[]
plenque	Thu Jan 28 11:14:37 +0000 2021	1	0	@banabenegas Buen día. Van a agregar algo de información sobre vacunados? Gracias.	https://twitter.com/plenque/status/1354749717251575816	[]
plenque	Thu Jan 28 02:38:19 +0000 2021	5	0	@PabloRichly @mmeJW @fedetiberti Yo no encontré información de fallecidos en geriátricos en ninguna base de datos de CABA. Solo los tests rápidos en el dataset del reporte diario (shameless plug, ¡se puede graficar en el sitio!).	https://twitter.com/plenque/status/1354619789092777988	[]
plenque	Thu Jan 28 01:25:05 +0000 2021	9	1	El enigma de Manaos. https://t.co/EXeo3oNt12	https://twitter.com/plenque/status/1354601355839729666	[]
plenque	Thu Jan 28 01:22:10 +0000 2021	0	0	@bjsaenz_ Un detalle por las dudas: se te solapan en el borde. Quiero decir que ahí sumás dos veces los casos de 20, por ejemplo.	https://twitter.com/plenque/status/1354600623044440065	[]
plenque	Thu Jan 28 01:08:03 +0000 2021	1	0	@bjsaenz_ No tengo ni idea, supongo que cuidarse menos, jajaja. La verdad que así no lo había visto. Me sorprende más la caída brutal de 25-30. Eso son reuniones de fin de año me parece.	https://twitter.com/plenque/status/1354597071169482757	[]
plenque	Thu Jan 28 00:48:02 +0000 2021	3	0	@lucasmmedrano07 Ahí estuve viendo. En realidad eso es más simple porque no tiene en cuenta la edad de los fallecidos. Pero seguramente más inexacto todavía. Es un tema difícil.	https://twitter.com/plenque/status/1354592033827151872	[]
plenque	Thu Jan 28 00:34:30 +0000 2021	40	6	"Reporte diario de hoy 27/01 para Argentina. Son 10918 nuevos casos confirmados (10844 neto) y 182 fallecidos.

https://t.co/p9mUCPkzmf https://t.co/nRGVYzcO38"	https://twitter.com/plenque/status/1354588627284742145	[]
plenque	Thu Jan 28 00:32:43 +0000 2021	2	0	@rquiroga777 Ni leí todavía.... recién recién lo compartieron!	https://twitter.com/plenque/status/1354588177537839108	[]
plenque	Thu Jan 28 00:28:39 +0000 2021	3	0	@rquiroga777 fyi... https://t.co/1zsz5dYuVL	https://twitter.com/plenque/status/1354587155998228481	[]
plenque	Wed Jan 27 20:09:02 +0000 2021	1	0	@RegaCarlos Claro, quitando los tests de turismo debería andar por ahí, quizás un poquito más. Es difícil saber con precisión.	https://twitter.com/plenque/status/1354521818577694730	[]
plenque	Wed Jan 27 18:29:01 +0000 2021	3	0	@lucasmmedrano07 El problema son los fallecidos jóvenes porque al tener una IFR muy muy baja mueven demasiado. Voy a leer a ver su metodología para ver qué hicieron.	https://twitter.com/plenque/status/1354496649813520388	[]
plenque	Wed Jan 27 17:55:26 +0000 2021	7	0	@lucasmmedrano07 Tengo algo así armado para Argentina usando IFR. Me parece que es demasiado impreciso como para publicarlo. Quizás con seroprevalencia propia como tienen ellos sea un poco mejor.	https://twitter.com/plenque/status/1354488200715239427	[]
plenque	Wed Jan 27 15:17:48 +0000 2021	1	0	@tomaspueyo Another option is that the seroprevalence study had problems. I read objections about the way they recruited people.	https://twitter.com/plenque/status/1354448529515835393	[]
plenque	Wed Jan 27 14:11:08 +0000 2021	2	0	"@mecasullo @srodriguezrey @primolouis @ana_natalucci No hay datos abiertos de lo que se entregó (y con las sucesivas entregas va a ser difícil de seguir el dato). Acá dejo el detalle de lo que se fue aplicando: https://t.co/mhmjGmYsfL
Estoy esperando para ver si publican más info antes de dejarlo ""lindo""."	https://twitter.com/plenque/status/1354431750819225610	[]
plenque	Wed Jan 27 14:01:23 +0000 2021	2	0	@cielo2009 En realidad, lo que quiero decir es que no tiene mucho sentido seguir el ritmo en este momento porque no estamos en vacunación masiva. Es algo chiquito y específico. El plan masivo debería venir después. El cálculo da eso, pero es solo para mostrar el punto.	https://twitter.com/plenque/status/1354429297394647046	[]
plenque	Wed Jan 27 01:29:46 +0000 2021	4	0	"@a_urizio Creo que serían mucho más parecidos. Es difícil saber cuánto porque la info no viene discriminada. Me encantaría que separaran el operativo turismo para ""limpiarla""."	https://twitter.com/plenque/status/1354240147924135937	[]
plenque	Wed Jan 27 01:25:44 +0000 2021	5	0	@a_urizio Tené en cuenta que en CABA se testean residentes de ambos lados. Creo que la mayor parte de la diferencia se tiene que explicar por el turismo. Una forma de verlo es separar CABA por sector público y privado. Va gráfico. https://t.co/xIzWfamkpi	https://twitter.com/plenque/status/1354239134425092098	[]
plenque	Wed Jan 27 01:22:33 +0000 2021	0	0	@rusosnith jajajaj... ojo que eso es población general. Va +20. https://t.co/jBRpoFVuwj	https://twitter.com/plenque/status/1354238331106844672	[]
plenque	Wed Jan 27 01:19:31 +0000 2021	35	6	Desde hace unos pocos días la positividad del conurbano parece haber dejado de bajar y se mantiene estable. Ojo los que vienen siguiendo el día a día porque pareciera que están priorizando la carga de positivos y eso la sesga al alza. Por eso todos los días pareciera que despega. https://t.co/52XQzqqiet	https://twitter.com/plenque/status/1354237570545299462	[]
plenque	Wed Jan 27 01:01:56 +0000 2021	2	0	@MisterIndi3 No tengo ni idea. Me imagino que son casos archivados que se olvidaron de cargar o algo así.	https://twitter.com/plenque/status/1354233142924767232	[]
plenque	Wed Jan 27 01:01:22 +0000 2021	2	0	@marcelobianco2 Sisisi... ya viendo por todas las fechas estamos en presencia de una baja. Esperemos dure mucho.	https://twitter.com/plenque/status/1354233001022992391	[]
plenque	Wed Jan 27 00:31:47 +0000 2021	37	10	"Reporte diario de hoy 26/01 para Argentina. Son 10567 nuevos casos confirmados (10409 neto) y 219 fallecidos.

https://t.co/QUU3TKyBxC https://t.co/DCnh0PodXg"	https://twitter.com/plenque/status/1354225554887766016	[]
plenque	Tue Jan 26 19:32:23 +0000 2021	1	0	"@marcosclu Sí, pero no tenemos tanta certeza del momento en que se consolida la curva de fallecidos. No tiene esa marca evidente de la PBA. Sale del sitio.

https://t.co/VU50xt5xhF https://t.co/nPLgYZqWKF"	https://twitter.com/plenque/status/1354150208268021760	[]
plenque	Tue Jan 26 19:03:46 +0000 2021	1	0	@marcosclu Es que justamente eso es lo que pareciera haber cambiado. Veremos en otros lugares cuando se consolide la curva de fallecidos.	https://twitter.com/plenque/status/1354143007851864064	[]
plenque	Tue Jan 26 18:39:05 +0000 2021	1	0	@marcosclu La PBA corre un cruce automático entre bases de datos que hasta ahora eliminó la mayoría de las demoras. Hice que el gráfico corte el día hasta el que llega ese proceso. Acá se ve: https://t.co/0BN6aSvB10	https://twitter.com/plenque/status/1354136795370426369	[]
plenque	Tue Jan 26 18:03:14 +0000 2021	2	0	"@fedelowe ese ""de pecho"" no fue inocente"	https://twitter.com/plenque/status/1354127772256514048	[]
plenque	Tue Jan 26 17:58:56 +0000 2021	1	0	@JumaLazzati Mayores de 60 tenemos la proyección 2020. La verdad que no busqué personal de salud. Es una buena opción.	https://twitter.com/plenque/status/1354126691568906243	[]
plenque	Tue Jan 26 17:09:40 +0000 2021	1	0	@decabeza2s La verdad que no lo sigo como para confirmarlo. Leí por acá que ya se nota en internaciones, pero no tengo idea. Ojalá.	https://twitter.com/plenque/status/1354114292832940033	[]
plenque	Tue Jan 26 17:00:40 +0000 2021	37	6	No creo que tenga sentido usar como indicador el porcentaje de la población vacunada todavía. Si nos guiamos por el avance de la segunda dosis de los últimos 6 días (los datos que tenemos) a la provincia con menos demora le llevaría más de 5 años. https://t.co/TavGOaEOof	https://twitter.com/plenque/status/1354112029724971008	[]
plenque	Tue Jan 26 13:39:08 +0000 2021	30	6	"Ayer fue, desde el 20/01 que podemos hacer seguimiento diario, el día en que más primeras dosis se aplicaron con 6847. La segunda dosis parecía empezar a acelerar (principalmente en Córdoba y Tucumán), pero avanza parecido. Viene lento.

https://t.co/mhmjGmYsfL https://t.co/tdwpOz8rd2"	https://twitter.com/plenque/status/1354061310573555716	[]
plenque	Tue Jan 26 12:36:41 +0000 2021	1	0	@poliedral @Gus_Noriega @cnnradioarg ¡Gracias!	https://twitter.com/plenque/status/1354045594852061190	[]
plenque	Tue Jan 26 12:35:16 +0000 2021	3	0	@redgrob @MatiasSmz @norabar @sole_reta @jorgeluisaliaga @mmbarrionuevo @rquiroga777 @FlorBallarino El otro día me aclaraban que esta sería la explicación: https://t.co/AXHoq0ra4S	https://twitter.com/plenque/status/1354045238663381002	[]
plenque	Tue Jan 26 02:19:53 +0000 2021	3	0	@JSchmukler Igual me intriga saber qué entendió, jajaja.	https://twitter.com/plenque/status/1353890372456427522	[]
plenque	Tue Jan 26 01:56:44 +0000 2021	1	0	"@Epi_Net ¡Gracias! Estoy dejando las actualizaciones (comparo versiones) acá por si quieren ver velocidad: https://t.co/mhmjGmYsfL
Si publican algo más de info armo algo más elaborado."	https://twitter.com/plenque/status/1353884544785649664	[]
plenque	Tue Jan 26 00:30:35 +0000 2021	36	7	"Reporte diario de hoy 25/01 para Argentina. Son 7660 nuevos casos confirmados (7577 neto) y 208 fallecidos (207 neto).

https://t.co/Mb1teH1tWY https://t.co/jA6nkbv1nJ"	https://twitter.com/plenque/status/1353862865854345216	[]
plenque	Mon Jan 25 19:41:46 +0000 2021	9	0	@ProgramaAEDuns La opción más barata por lejos.	https://twitter.com/plenque/status/1353790184761028609	[]
plenque	Mon Jan 25 19:12:56 +0000 2021	1	0	@dr_rdebbag ¡Gracias!	https://twitter.com/plenque/status/1353782927109316608	[]
plenque	Mon Jan 25 16:39:25 +0000 2021	1	0	@usama_bilal @NatureMedicine @LACUrbanHealth @DrexelUHC @adiezroux @jjaimemiranda @drexelpubhealth @DrexelUniv @philipp_hessel @gutafriche cc @octaviobramajo	https://twitter.com/plenque/status/1353744294335705090	[]
plenque	Mon Jan 25 14:58:03 +0000 2021	0	0	@jl_alvarez La verdad que no estoy seguro. Si tuviera que arriesgar, creo que es la suma de varios factores.	https://twitter.com/plenque/status/1353718784872374273	[]
plenque	Mon Jan 25 12:30:06 +0000 2021	2	0	@gaston40662600 Ahí va. Estos últimos días tuvo un repunte que me preocupa. https://t.co/clwSGg2f0L	https://twitter.com/plenque/status/1353681550462902272	[]
plenque	Mon Jan 25 02:43:57 +0000 2021	0	0	@bjsaenz_ Ojo que me refería a la cantidad de susceptibles. Eso cambiaría por inmunidad natural si antes se contagiaron más hombres, pero es recontra tirado de los pelos. La verdad que no tengo idea.	https://twitter.com/plenque/status/1353534042810044416	[]
plenque	Mon Jan 25 02:30:44 +0000 2021	3	0	@diegoagarciaf El tema me excede, pero supongo que puede ser. Para analizar la letalidad quiero esperar a tener datos más consolidados.	https://twitter.com/plenque/status/1353530715665801217	[]
plenque	Mon Jan 25 02:26:51 +0000 2021	2	0	@nahuelmbenitez No tengo idea. Supongo que lo meditaré luego de finalizada la resaca por 10 noches de fiesta... Aunque ya estoy para 1 noche de fiesta y 10 días de resaca, pero bueh.	https://twitter.com/plenque/status/1353529739709964291	[]
plenque	Mon Jan 25 02:15:13 +0000 2021	1	0	@bjsaenz_ ¿Y antes no lo era? El tema es que algo cambió.	https://twitter.com/plenque/status/1353526811288854529	[]
plenque	Mon Jan 25 02:06:54 +0000 2021	1	0	@bjsaenz_ Lo que sí vi es que pasa lo mismo en otros países. ¿Más susceptibles? No tengo ni la menor idea del motivo.	https://twitter.com/plenque/status/1353524716976431105	[]
plenque	Mon Jan 25 02:05:35 +0000 2021	1	0	@bjsaenz_ Buen dato. La verdad que no lo miré. Hay un montón para analizar.	https://twitter.com/plenque/status/1353524386612076544	[]
plenque	Mon Jan 25 02:00:26 +0000 2021	1	0	"@Santiox25 @LaOtra13 @Giri_1992 Va el link. Es un CSV que abre bien el Excel. 

https://t.co/efROToMTB4"	https://twitter.com/plenque/status/1353523091813625856	[]
plenque	Mon Jan 25 01:57:57 +0000 2021	6	0	@Kali_De_Nadie Gracias. Hay que aprovechar bien el tiempo. Está lleno de gente que aporta e incluso hace crítica constructiva como para dedicarse a la otra.	https://twitter.com/plenque/status/1353522463712321536	[]
plenque	Mon Jan 25 01:47:01 +0000 2021	2	0	@fromthewest86 Tiene impacto, pero este creo que es más informativo.	https://twitter.com/plenque/status/1353519713570217984	[]
plenque	Mon Jan 25 01:46:35 +0000 2021	12	0	@MaruMarisa05 Gracias por tu opinión.	https://twitter.com/plenque/status/1353519602479878146	[]
plenque	Mon Jan 25 01:35:37 +0000 2021	10	0	@GastonBrogna Sí, pero el lag biológico ya lo tenemos estimado bastante bien y la PBA ahora tiene una demora administrativa (de carga) baja. Igual todo es provisional porque los datos se consolidan con tiempo.	https://twitter.com/plenque/status/1353516844204883968	[]
plenque	Mon Jan 25 01:33:43 +0000 2021	29	2	Y otro que me había olvidado. Pareciera haber mayor contagio femenino. https://t.co/YvUnVQYzrx	https://twitter.com/plenque/status/1353516364602994689	[]
plenque	Mon Jan 25 01:31:00 +0000 2021	2	0	@JumaLazzati El otro día noté una tendencia de mayor contagio femenino. También hay algo de eso. Hay mucho para analizar. https://t.co/VBXgnaNe1e	https://twitter.com/plenque/status/1353515682076487683	[]
plenque	Mon Jan 25 01:21:44 +0000 2021	47	5	Agrego este gráfico con la evolución en la proporción por edades. El cambio en la franja 15-29 se empezó a notar a finales de noviembre. https://t.co/hHwI7G4sm7	https://twitter.com/plenque/status/1353513351733764105	[]
plenque	Mon Jan 25 01:20:06 +0000 2021	1	0	@JumaLazzati Sin apilar, en la franja 15-29 se ve más claro. https://t.co/b7udIA4zgO	https://twitter.com/plenque/status/1353512941115604993	[]
plenque	Mon Jan 25 01:19:04 +0000 2021	3	0	@JumaLazzati La PBA viene con poco lag en fallecidos y por eso usé esa curva nomás. Yo me inclinaría por alguna de las otras razones. Va el gráfico de la evolución de proporción edades; cambia un poco a partir de finales de noviembre. https://t.co/B2ZywbZKD3	https://twitter.com/plenque/status/1353512677872721921	[]
plenque	Mon Jan 25 01:08:51 +0000 2021	2	0	@Epi_Net @lemonpi64563626 Lo mismo si vemos números absolutos de pacientes graves. https://t.co/SdCHijMp78	https://twitter.com/plenque/status/1353510109385814017	[]
plenque	Mon Jan 25 01:06:13 +0000 2021	2	0	@Epi_Net @lemonpi64563626 Esa es mi impresión amateur también. Esta es la evolución de la ocupación de camas que publica CABA en el reporte diario. https://t.co/T1PpigmeSt	https://twitter.com/plenque/status/1353509446081794048	[]
plenque	Mon Jan 25 01:01:09 +0000 2021	0	0	"@Epi_Net @marisa_riccardi @rayovirtual @horaciorlarreta @GugaLusto @gcba @FernanQuirosBA Lo hice para cada partido del conurbano (con el mismo estándar), pero tiene la limitación de que no hay proyección por edades 2020 a nivel departamento así que la armé con ayuda de alquien que sabe.

https://t.co/skFQMpEopV

https://t.co/nBrTTeQJ57"	https://twitter.com/plenque/status/1353508168622624769	[]
plenque	Mon Jan 25 00:57:41 +0000 2021	2	0	@Epi_Net @lemonpi64563626 Subieron en proporción los casos  jóvenes aunque el impacto en el promedio no es tanto. Esto es PBA. https://t.co/NJlIhrLlXX	https://twitter.com/plenque/status/1353507297784426496	[]
plenque	Mon Jan 25 00:34:33 +0000 2021	2	0	@RodrigoJRolando Sí, justo conversaba sobre eso. Es posible, pero creo que no hubo mucho cambio exógeno en la PBA. Además, hay que esperar que la info se consolide. Solo voy viendo lo que ya tenemos.	https://twitter.com/plenque/status/1353501475708825601	[]
plenque	Mon Jan 25 00:33:21 +0000 2021	36	3	"Reporte diario de hoy 24/01 para Argentina. Son 5069 nuevos casos confirmados (5031 neto) y 90 fallecidos.

https://t.co/VztxUAHHaY https://t.co/gb5xkyZmR1"	https://twitter.com/plenque/status/1353501175409221632	[]
plenque	Mon Jan 25 00:18:19 +0000 2021	1	0	@lemonpi64563626 Sí, algo de eso hay. Cambiaron las proporciones.	https://twitter.com/plenque/status/1353497389190045699	[]
plenque	Mon Jan 25 00:17:32 +0000 2021	2	0	@adrfed Sí, más que la positividad creo que habría que normalizar por testeo. Me parece que en la PBA no cambió tanto. Quiero decir que es esperable que la positividad suba si suben los casos... el tema es que no se desbande (como si fuera fácil).	https://twitter.com/plenque/status/1353497194205241345	[]
plenque	Mon Jan 25 00:14:00 +0000 2021	0	0	@lemonpi64563626 Sí, no cambia demasiado. Va promedio / mediana de las últimas semanas. https://t.co/5b7kZnnuvx	https://twitter.com/plenque/status/1353496303242801153	[]
plenque	Sun Jan 24 23:50:41 +0000 2021	4	0	@ugemitch @loreinsanchez @GustArballo Exacto. La ceremonia de festejar un corte arbitrario en el tiempo. Perdón, el cuadrado ya se va.	https://twitter.com/plenque/status/1353490436107677697	[]
plenque	Sun Jan 24 23:49:09 +0000 2021	1	0	@pfebolo Los datos se están consolidando. Incluso habría que ver otros lugares. Tomo PBA porque la curva de fallecidos se forma más ordenadamente.	https://twitter.com/plenque/status/1353490050915454978	[]
plenque	Sun Jan 24 23:31:15 +0000 2021	2	0	@Crst_C Es que en otros lugares no es tan fácil de analizar porque el corte de fechas no es tan claro y no sabemos si ya está consolidada la curva. Hay que esperar un poco. Mirá este otro gráfico: https://t.co/0BN6aSvB10	https://twitter.com/plenque/status/1353485548019712000	[]
plenque	Sun Jan 24 23:28:05 +0000 2021	4	0	@Crst_C Sisisi... el otro día lo compartí y nadie me dijo nada. El tema es que ahora la PBA hace cruces de bases de datos, la curva de fallecidos sería confiable (¡espero que no haya sorpresas!) y la verdad que se ve eso.	https://twitter.com/plenque/status/1353484749029957639	[]
plenque	Sun Jan 24 23:16:11 +0000 2021	78	5	Sería un indicio de que, al menos por períodos cortos, el contagio comunitario podría no trasladarse a grupos de riesgo. No hablo de jugar con fuego sino de pensar en estrategias sostenibles en el mediano / largo plazo.	https://twitter.com/plenque/status/1353481754699563009	[]
plenque	Sun Jan 24 23:16:10 +0000 2021	166	32	En este gráfico que compartí el otro día hay otro detalle importante. La curva de fallecidos de la PBA ya estaría bastante consolidada y es notorio cómo la suba de casos habría impactado distinto en la de fallecidos comparado con el invierno. https://t.co/mJd3XQqTdx	https://twitter.com/plenque/status/1353481752380108802	[]
plenque	Sun Jan 24 23:11:54 +0000 2021	9	0	@MenendezPepe Si al menos se comunicara.	https://twitter.com/plenque/status/1353480677023481857	[]
plenque	Sun Jan 24 22:45:14 +0000 2021	2	0	@fmendiguren @avedurazno @RevistaSeul Doy fe de que sigue vivo, pero no le digas a naides.	https://twitter.com/plenque/status/1353473967940632576	[]
plenque	Sun Jan 24 22:44:25 +0000 2021	6	0	@ugemitch Te diría que la subida en casi todos lados arrancó antes de las fiestas en sí. Fines de noviembre / principios de diciembre. Supongo que son las fiestas y lo que las rodea.	https://twitter.com/plenque/status/1353473759194341376	[]
plenque	Sun Jan 24 20:41:48 +0000 2021	3	0	@PabloRichly @JSchmukler Es cierto, pero hay que estar ahí. Yo no sé si podría.	https://twitter.com/plenque/status/1353442904442810370	[]
plenque	Sun Jan 24 18:27:34 +0000 2021	1	0	@fmendiguren muy buen efecto (?)	https://twitter.com/plenque/status/1353409123564597249	[]
plenque	Sun Jan 24 18:23:53 +0000 2021	10	0	@fmendiguren Che... ¿ese vaso está volando?	https://twitter.com/plenque/status/1353408196635881473	[]
plenque	Sun Jan 24 18:17:31 +0000 2021	0	0	@MgigB Los fallecidos entre 0 y 39 años representan el 0,44% de las muertes hasta ahora. No creo que cambien mucho la forma de la curva.	https://twitter.com/plenque/status/1353406592335671301	[]
plenque	Sun Jan 24 18:03:40 +0000 2021	2	0	@ndchiariello @PabloRichly Lo vi. Es un excelente resumen que actualizaron recientemente. Se parece bastante a los lineamientos del CDC y otras agencias internacionales. Sinceramente no sé la mejor manera de llegar partiendo desde nuestra situación actual porque las prioridades se dieron vuelta.	https://twitter.com/plenque/status/1353403107397533696	[]
plenque	Sun Jan 24 17:34:28 +0000 2021	1	0	@anaradoblep para mi que no entiendo nada estuvo buena. ni me quiero imaginar lo que fue para vos!	https://twitter.com/plenque/status/1353395760499482624	[]
plenque	Sun Jan 24 16:55:11 +0000 2021	1	0	@anaradoblep jajajaja... siii... hasta me entró la duda de si yo había sacado la foto porque algunas me pidieron. tu cara de admiración por álvarez no me la olvido más.	https://twitter.com/plenque/status/1353385874193436672	[]
plenque	Sun Jan 24 16:49:20 +0000 2021	1	0	@anaradoblep yo la vi en vivo 😀	https://twitter.com/plenque/status/1353384399224532992	[]
plenque	Sun Jan 24 11:59:44 +0000 2021	15	0	@JSchmukler Dale campiooon. No sé cómo se verá lo de transpirar la camiseta allá. Por las dudas decile que no lo traté de roñoso cuando laburen juntos.	https://twitter.com/plenque/status/1353311520688660481	[]
plenque	Sun Jan 24 11:57:44 +0000 2021	1	0	@lucasramil @PabloRichly En el mismo artículo cita las limitaciones. Para mí lo relevante no son tanto las conclusiones (que igual son interesantes) sino el enfoque no binario. Tenemos evidencia para empezar a tomar decisiones porque toda postura tiene costos altos.	https://twitter.com/plenque/status/1353311016394887170	[]
plenque	Sun Jan 24 11:54:56 +0000 2021	1	0	@PabloRichly La principal novedad es que llegué a un estudio antes que vos.	https://twitter.com/plenque/status/1353310310770352128	[]
plenque	Sun Jan 24 11:23:18 +0000 2021	29	6	Muy interesante editorial sobre un estudio de seroprevalencia para analizar contagio y transmisión en niños. Cc @PabloRichly https://t.co/6oCgSe8tSv	https://twitter.com/plenque/status/1353302352720252929	[]
plenque	Sun Jan 24 01:40:16 +0000 2021	0	0	@Giri_1992 No tengo idea. Igual hablamos de una primera tanda muy chiquita. No sé de cuánto sirve el análisis.	https://twitter.com/plenque/status/1353155628550778882	[]
plenque	Sun Jan 24 01:01:56 +0000 2021	2	0	@BorisLeonel Eso es un dedo mal metido de acá a la China. Son comunes por estas épocas. A mi me pasa todo el tiempo.	https://twitter.com/plenque/status/1353145978178711554	[]
plenque	Sun Jan 24 00:39:56 +0000 2021	32	8	"Reporte diario de hoy 23/01 para Argentina. Son 8417 nuevos casos confirmados (8362 neto) y 162 fallecidos.

https://t.co/oZmdbaMCH9 https://t.co/GLkjOkAd1V"	https://twitter.com/plenque/status/1353140442376896513	[]
plenque	Sat Jan 23 23:17:16 +0000 2021	3	0	@srodriguezrey El juego de la silla vino con pocas. Acá voy publicando los datos que liberaron hasta ahora. No es mucho. https://t.co/mhmjGmYsfL	https://twitter.com/plenque/status/1353119638595526658	[]
plenque	Sat Jan 23 23:08:09 +0000 2021	10	2	@morhijo @RegaCarlos @CoronavirusArgg @DoctorKruz @rquiroga777 @cragut @HectorDLFuente @FernanQuirosBA @nperezbalino @diazdiego11 @norabar @drclaudiosalud @mmbarrionuevo @JSchmukler @lucasmmedrano07 La demora en fallecidos en la PBA está bien acotada ahora y ya podemos ver cómo impactó la suba de casos. El cambio del promedio de edad en contagiados seguramente tenga que ver. Este rebrote fue muy distinto a lo que vimos en el invierno. https://t.co/5p1ErIdbtC	https://twitter.com/plenque/status/1353117344005038083	[]
plenque	Sat Jan 23 22:53:27 +0000 2021	3	0	@lucasmmedrano07 La Pampa era uno de los lugares más preocupantes porque venían de tener muy pocos casos en 2020. Por suerte, parece haber estado relacionado con las fiestas.	https://twitter.com/plenque/status/1353113645564243975	[]
plenque	Sat Jan 23 22:38:34 +0000 2021	1	0	@maaadpchrl Publican acumulados. Significa que en días sucesivos bajó la cantidad total. Probablemente sean rectificaciones. Por ejemplo, que cargaran segunda dosis y en realidad era la primera, entonces corrigen.	https://twitter.com/plenque/status/1353109900222730240	[]
plenque	Sat Jan 23 22:22:23 +0000 2021	1	0	@marinaenba Sisi, 2020. Si mejoran un poco la info la meto en gráficos. Microdatos sería genial, pero al menos totales por departamento estaría bueno.	https://twitter.com/plenque/status/1353105827591299072	[]
plenque	Sat Jan 23 21:34:14 +0000 2021	2	0	@andrewleedr @mugecevik @ECDC_EU Cc @carlosbueno_arg @fromthewest86	https://twitter.com/plenque/status/1353093711450791949	[]
plenque	Sat Jan 23 21:26:16 +0000 2021	1	0	@ceneon Es que la info ni tiene fechas. Calculo el diario por diferencias.	https://twitter.com/plenque/status/1353091707198439432	[]
plenque	Sat Jan 23 20:17:46 +0000 2021	2	0	@gusludmer ¡Listo!	https://twitter.com/plenque/status/1353074465412792320	[]
plenque	Sat Jan 23 19:13:58 +0000 2021	80	12	Los datos abiertos que publicaron de vacunados no tienen mucho detalle. Voy a darles seguimiento, pero prefiero no armar nada elaborado por si luego agregan más info. Dejo esta paginita básica que se irá actualizando: https://t.co/mhmjGng37j https://t.co/qR4OcTjrlj	https://twitter.com/plenque/status/1353058410619576321	[]
plenque	Sat Jan 23 18:28:55 +0000 2021	1	0	@NicoJoseIsola Piloto automático. Quedan los otros.	https://twitter.com/plenque/status/1353047072170274822	[]
plenque	Sat Jan 23 12:57:47 +0000 2021	2	0	@Rodri_LP Fue raro lo que pasó con la Sputnik. Espero que la aprueben en breve. Es una cagada que no se pueda saber nada.	https://twitter.com/plenque/status/1352963741713920001	[]
plenque	Sat Jan 23 12:47:56 +0000 2021	1	0	@Rodri_LP ¿Cuál están dando? ¿O hay varias?	https://twitter.com/plenque/status/1352961262259490817	[]
plenque	Sat Jan 23 12:05:54 +0000 2021	3	0	@marb5l Está lleno de contraejemplos, pero hubo lugares en que fue muy marcado. Creo que acá abona un poco esa suposición el hecho de que cuando empezó a bajar en ~ septiembre nunca supimos bien por qué.	https://twitter.com/plenque/status/1352950686418399233	[]
plenque	Sat Jan 23 02:48:42 +0000 2021	1	0	@JSchmukler @cingolani_oscar Sin dudas. EEUU es algo tan heterogéneo y grande que ni me animaría, pero habría que ver lugar por lugar.	https://twitter.com/plenque/status/1352810460907790336	[]
plenque	Sat Jan 23 02:46:11 +0000 2021	5	0	"@cingolani_oscar Y todavía es poco probable que tenga que ver con la vacuna. ""Lucky Joe"" como he leído por acá."	https://twitter.com/plenque/status/1352809826989047812	[]
plenque	Sat Jan 23 02:44:57 +0000 2021	3	0	@jorgefantin El output de las simulaciones tiene la calidad de su input. Con el tema de las variantes, sin mucha seroprevalencia, incertidumbre con las vacunas, etc. creo que es muy difícil saber con certeza la magnitud que podría tener la segunda ola. Espero que sea menor, eso seguro.	https://twitter.com/plenque/status/1352809516937699329	[]
plenque	Sat Jan 23 02:41:03 +0000 2021	5	0	@gicade Siempre se testeó poco. Es lo que hay.	https://twitter.com/plenque/status/1352808537253142532	[]
plenque	Sat Jan 23 02:39:59 +0000 2021	1	0	@Santiox25 Difícil tener certezas, pero también lo creo probable. Por eso es importante llegar lo mejor posible al invierno.	https://twitter.com/plenque/status/1352808269069344768	[]
plenque	Sat Jan 23 01:57:59 +0000 2021	148	21	Se confirmó nomás. Ojalá se acelere la baja para llegar bien abajo al cambio de estación. https://t.co/XRvKOvBsMv https://t.co/OQBxiAIl2W	https://twitter.com/plenque/status/1352797698341138437	[]
plenque	Sat Jan 23 01:57:46 +0000 2021	1	0	@JSchmukler Agarrate. Le soltás un poco de presupuesto y te empuja cualquier cosa.	https://twitter.com/plenque/status/1352797640862408705	[]
plenque	Sat Jan 23 01:13:07 +0000 2021	1	0	"@FernandoMarull te faltó un ""buen fin de semana!"" al final"	https://twitter.com/plenque/status/1352786405290889218	[]
plenque	Sat Jan 23 00:39:53 +0000 2021	0	0	@Gaby_Casla Son pocos países los que publican microdatos. Algunos publican la estadística por edad por separado. La verdad que no conozco ninguna fuente que agrupe todo eso, pero estaría buenísimo.	https://twitter.com/plenque/status/1352778043857768451	[]
plenque	Sat Jan 23 00:29:49 +0000 2021	42	6	"Reporte diario de hoy 22/01 para Argentina. Son 10844 nuevos casos confirmados (10755 neto) y 220 fallecidos.

https://t.co/JrXyIUkdfh https://t.co/ksmE004Lqy"	https://twitter.com/plenque/status/1352775511639027712	[]
plenque	Fri Jan 22 23:16:00 +0000 2021	2	0	@PabloRichly Espero que no empecemos con las comparaciones de nuevo.	https://twitter.com/plenque/status/1352756934508748810	[]
plenque	Fri Jan 22 23:08:22 +0000 2021	0	0	@curcicastro Es una semana nomás. Supongo que ya veremos la novedad en los titulares si es así. Todo cambia muy rápido.	https://twitter.com/plenque/status/1352755011860787200	[]
plenque	Fri Jan 22 22:58:44 +0000 2021	1	0	@curcicastro Es que si se contagia más gente la mortalidad podría ser mayor. Eso puede ocurrir siendo igual la letalidad (¡incluso menor!). Lo raro es que se suponía que tenía mayor transmisión y ahora bajaría.	https://twitter.com/plenque/status/1352752587125248001	[]
plenque	Fri Jan 22 21:09:25 +0000 2021	0	0	@gaingon Me corrijo. Creo que no hay evidencia aún de que sea más letal.	https://twitter.com/plenque/status/1352725075288535042	[]
plenque	Fri Jan 22 19:41:41 +0000 2021	2	0	@gaingon Lo que leí es que tiene más transmisión y eso lleva a una mayor cantidad de muertes, pero creo que no es más letal.	https://twitter.com/plenque/status/1352702997244112896	[]
plenque	Fri Jan 22 17:27:32 +0000 2021	10	1	@elperritoyyo_ @lules_glam Va la evolución. https://t.co/XBGKADzAsK	https://twitter.com/plenque/status/1352669240202031112	[]
plenque	Fri Jan 22 16:58:50 +0000 2021	14	1	¿Baja la proporción de casos con la nueva variante en Londres? https://t.co/Ph3Nfgppdj	https://twitter.com/plenque/status/1352662015437910020	[]
plenque	Fri Jan 22 16:49:58 +0000 2021	2	0	@fromthewest86 Naaah... si igual tienen pocos casos. Hay que mirar mortalidad por causas. En algún momento lo agregaré al sitio.	https://twitter.com/plenque/status/1352659785615872002	[]
plenque	Fri Jan 22 16:00:21 +0000 2021	3	0	"@fromthewest86 Claro, yo creo que viene por ese lado. Subdiagnóstico de casos y fallecidos. Perú publica datos a nivel distrito y en el explorador se llega a ver que Iquitos no tiene tanto diagnosticado.

Ya ni quiero hablar de los datos de mortalidad en Argentina. Es inentendible. https://t.co/BgZWIfuZD8"	https://twitter.com/plenque/status/1352647299688706054	[]
plenque	Fri Jan 22 15:49:15 +0000 2021	2	0	"@MenendezPepe @andresmalamud @jmtelechea @cenitalcom Alcance de mando. Eso un ratio que de cada provincia consigo misma, pero PBA es un monstruo heterogéneo ingobernable. En valores absolutos cualquier ""barrita"" de PBA deja afuera al resto del país."	https://twitter.com/plenque/status/1352644505686716416	[]
plenque	Fri Jan 22 15:35:08 +0000 2021	1	0	@procustoeljusto Claro, eso quise decir con departamentos. El ideal, si vamos a pedir, sería microdatos como los casos de covid (para ver por edad).	https://twitter.com/plenque/status/1352640950363967488	[]
plenque	Fri Jan 22 15:23:22 +0000 2021	1	0	@hernofm no hay datos abiertos de pacientes en uti (ocupación) y los ingresos a uti que figuran en el sisa tienen incluso más demora de carga que los fallecidos así que no sirven de mucho. ni siquiera parecen estar registrados todos los ingresos.	https://twitter.com/plenque/status/1352637990103883776	[]
plenque	Fri Jan 22 14:29:31 +0000 2021	2	0	@MatiSBlanco @rskiadaressis @rquiroga777 @SantiOlsze @lucasmmedrano07 @TotinFraire Acabo de buscar y ya está actualizado. Cambió el horario o sale temprano.	https://twitter.com/plenque/status/1352624439830192128	[]
plenque	Fri Jan 22 14:25:42 +0000 2021	2	1	@cielo2009 @CaliMinu @valle_nora @norabar @msalnacion Los publican por provincia, pero solo los totales. Para ir analizando día a día hay que calcular diferencias. Planeo publicar algo en breve, pero estaba esperando a ver si lo hacen día a día. Acá alguien ya lo hizo: https://t.co/FkXU08aWUe	https://twitter.com/plenque/status/1352623478680264705	[]
plenque	Fri Jan 22 13:34:30 +0000 2021	32	5	El aumento de fallecidos comenzó unos 12 días después que el de casos por lo que sería esperable que el pico de fallecidos por el rebrote comience pasado ese período del pico de casos. Aproximadamente el 23/01. https://t.co/CPNSK9GWc3	https://twitter.com/plenque/status/1352610595372216327	[]
plenque	Fri Jan 22 13:34:29 +0000 2021	61	6	Al ser automatizado, el cruce de base de datos que hace la PBA nos permite ver con más precisión hasta qué momento es confiable la curva de fallecidos. Se siguen sumando antiguos, pero no son la norma. Ahora sabemos que alcanzan 10 días para tener el dato consolidado. https://t.co/v1P009nTOJ	https://twitter.com/plenque/status/1352610590091595776	[]
plenque	Fri Jan 22 13:08:18 +0000 2021	0	0	@Gaby_Casla Buenas. Lo que se informa cada día son casos que fueron diagnosticados (recibieron resultado) en días anteriores y demora la carga. Fijate que el 21/01 solo tiene ~3000 casos.  Eso es porque hoy y mañana llegarán el resto. Por eso los últimos días están con un color clarito.	https://twitter.com/plenque/status/1352604001695633413	[]
plenque	Fri Jan 22 11:59:43 +0000 2021	3	0	@AlejandrodeBar1 Es algo que veo en casi todos los países que sigo días más días menos. Creo que las fiestas jugaron su parte.	https://twitter.com/plenque/status/1352586738934407168	[]
plenque	Fri Jan 22 11:42:32 +0000 2021	2	0	@fromthewest86 Ojo que parece que tienen un subregistro de muertes fenomenal. Publicaron datos de mortalidad y todavía no pude revisarlos. Argentina es el único que no publicó nada de los que sigo.	https://twitter.com/plenque/status/1352582416817414146	[]
plenque	Fri Jan 22 03:13:52 +0000 2021	1	0	@fedelowe La escena de family guy lo resume todo	https://twitter.com/plenque/status/1352454406990651397	[]
plenque	Fri Jan 22 02:53:54 +0000 2021	1	0	@JSchmukler Creo que hay muchos que exageran y en algunas personas causa el efecto opuesto. Falta, pero en el largo plazo supongo que un importante aprendizaje de esta pandemia va a terminar siendo cómo comunicar.	https://twitter.com/plenque/status/1352449381115506688	[]
plenque	Fri Jan 22 02:47:19 +0000 2021	3	2	"@JSchmukler Creo que este es el mejor gráfico para ver la IFR por franjas etarias que conocemos hasta ahora. Ojo que la escala es logarítmica.

https://t.co/1NYKdkNXYs"	https://twitter.com/plenque/status/1352447726328414211	[]
plenque	Fri Jan 22 02:42:07 +0000 2021	4	0	@cingolani_oscar Tal cual. Es todo dudas con CFR altísima y sistema de salud muy estresado.	https://twitter.com/plenque/status/1352446414106873858	[]
plenque	Fri Jan 22 02:39:39 +0000 2021	0	0	@d_olivaw @alefolgarait Si estás muy seguro no creo que podamos llegar a ningún lado argumentando. Para mi todo es muy personal cuando se trata de confianza.	https://twitter.com/plenque/status/1352445793920282628	[]
plenque	Fri Jan 22 02:35:09 +0000 2021	3	0	@cingolani_oscar Leí dudas sobre el muestreo (voluntarios) que se hizo en Manaos para la seroprevalencia. ¿Es confiable el 70% del que hablaban?	https://twitter.com/plenque/status/1352444662028627968	[]
plenque	Fri Jan 22 02:14:01 +0000 2021	1	0	@d_olivaw @alefolgarait Supongo que lo dice desde la desconfianza. Yo me la daría, pero sin datos creo que no se pueden objetar los criterios personales.	https://twitter.com/plenque/status/1352439345844789249	[]
plenque	Fri Jan 22 02:09:24 +0000 2021	2	0	@MenendezPepe Lo dice con cada músculo de su cara	https://twitter.com/plenque/status/1352438182869159937	[]
plenque	Fri Jan 22 00:36:35 +0000 2021	35	4	"Ayer no hubo dataset. Hoy salió una versión tarde que ya incluía demasiados casos de hoy así que preferí omitirla. Reporte acumulado de ayer y hoy (20+21/01) para Argentina. Fueron 23679 nuevos casos confirmados (23506 neto) y 291 (289 neto) fallecidos.

https://t.co/rwnPaxdo5R https://t.co/XCDU0hmaE3"	https://twitter.com/plenque/status/1352414822948872202	[]
plenque	Fri Jan 22 00:00:49 +0000 2021	4	0	@fromthewest86 Lo que ha transpirado la camiseta ese señor	https://twitter.com/plenque/status/1352405822836535299	[]
plenque	Fri Jan 22 00:00:01 +0000 2021	1	0	@bjsaenz_ @LaTVHoy @mariogaloppo @GobSantaFe Sí, confirmo que en el dataset los diferencian y serían esos. Tiene lógica que sean más en proporción cuando el sistema está exigido.	https://twitter.com/plenque/status/1352405621648273413	[]
plenque	Thu Jan 21 23:08:27 +0000 2021	0	0	@rskiadaressis @mollfederico @estipozzo @cbuteler Las elecciones son año por medio. Es complicado que, si hay consenso de que la decisión es la correcta, dependa de eso. Y claro está que el problema no es la democracia.	https://twitter.com/plenque/status/1352392644882784259	[]
plenque	Thu Jan 21 22:28:18 +0000 2021	2	0	@PabloRichly https://t.co/G0ifwNFcei	https://twitter.com/plenque/status/1352382542637375488	[]
plenque	Thu Jan 21 22:27:43 +0000 2021	0	0	@PabloAlvasep Ojo que no hablé de vacunar a menos sino de ordenar prioridades. De acuerdo, ni de cerca puedo asegurar que logísticamente sea practicable, pero, por ejemplo, ya tenés casi 2 millones de personas con diagnóstico positivo.	https://twitter.com/plenque/status/1352382393622155270	[]
plenque	Thu Jan 21 22:20:47 +0000 2021	0	0	@PabloAlvasep Quizás no estoy siendo claro. Estoy diciendo que siendo seropositivo es mucho más probable que tengas ac neutralizantes. ¿En eso estamos de acuerdo? El resto es probabilidad y estadística.	https://twitter.com/plenque/status/1352380648145747968	[]
plenque	Thu Jan 21 22:14:22 +0000 2021	0	0	@PabloAlvasep Es que, por lo que veo, la diferencia sería estadística y no clínica. Independientemente de los ac, si son seronegativos seguro no tienen ninguno. Obviamente, tiene implicancias éticas, pero su análisis es relevante.	https://twitter.com/plenque/status/1352379033086996485	[]
plenque	Thu Jan 21 22:06:10 +0000 2021	0	0	@PabloAlvasep En una leída rápida del estudio no encontré referencia. De cualquier modo, no me parece mal analizar alternativas que puedan agilizar. Incluyendo en ese análisis la factibilidad.	https://twitter.com/plenque/status/1352376970869354497	[]
plenque	Thu Jan 21 21:56:17 +0000 2021	1	0	@PabloAlvasep Esas parecen ser las conclusiones del estudio. Sugieren que con tests serológicos, seleccionando a los vacunados, se podrían reducir infecciones y mortalidad.	https://twitter.com/plenque/status/1352374481839390723	[]
plenque	Thu Jan 21 21:32:01 +0000 2021	25	3	Los tests serológicos podrían ayudar mucho al proceso de vacunación. https://t.co/b0DzKsRRaW	https://twitter.com/plenque/status/1352368375515770881	[]
plenque	Thu Jan 21 20:52:08 +0000 2021	9	0	@MatiSBlanco @rskiadaressis @rquiroga777 @SantiOlsze @lucasmmedrano07 @TotinFraire Hay que engancharle el horario. Igual espero que lo aperturen por fecha y departamento para que sea más fácil. Por si sirve, los archivos se van a ir acumulando acá: https://t.co/sgjgLXbU4O	https://twitter.com/plenque/status/1352358339934564353	[]
plenque	Thu Jan 21 17:33:33 +0000 2021	1	0	@srodriguezrey @LBTaikonauta @rusosnith Sissii... gracias. Ayer lo compartí. No discrimina por departamento y tiempo así que faltará lo primero y habrá que ir comparando para lo segundo.	https://twitter.com/plenque/status/1352308364815040516	[]
plenque	Thu Jan 21 15:26:19 +0000 2021	3	0	"@JorgeIII @decimononnica lo que me recuerda
https://t.co/kKrckj7Y8U"	https://twitter.com/plenque/status/1352276345066295300	[]
plenque	Thu Jan 21 14:01:05 +0000 2021	10	0	@lephcero Ellos no lo saben, pero son responsables de parte de mi ingreso.	https://twitter.com/plenque/status/1352254897014665216	[]
plenque	Thu Jan 21 13:58:58 +0000 2021	2	0	@srodriguezrey @rusosnith Con los casos también tienen mucha info, pero estado por estado. Mucha fiaca levantar muchos datasets por separado.	https://twitter.com/plenque/status/1352254361506897921	[]
plenque	Thu Jan 21 11:35:05 +0000 2021	0	0	@haploidentico @AlejandrodeBar1 Aaahhh. Entiendo. Están solo los diagnosticados. El tema es que todos los países tienen ese mismo problema, pero no todos han publicado datos de mortalidad aparte. Las diferencias en indicadores (ej. letalidad) ayudan.	https://twitter.com/plenque/status/1352218155188428800	[]
plenque	Thu Jan 21 11:21:28 +0000 2021	0	0	@AlejandrodeBar1 ¡Gracias!	https://twitter.com/plenque/status/1352214726869200897	[]
plenque	Thu Jan 21 11:15:59 +0000 2021	0	0	@AlejandrodeBar1 Gracias. ¿Los datos abiertos tienen información parcial o solo tardan más en ser actualizados? Me pregunto si la diferencia está en que se use la fecha real de defunción o la de reporte.	https://twitter.com/plenque/status/1352213348943876097	[]
plenque	Thu Jan 21 01:16:59 +0000 2021	1	0	@nmattano17 Ni idea. Supongo que todavía no se aplicaron. Esta info está recién salida.	https://twitter.com/plenque/status/1352062604362084355	[]
plenque	Thu Jan 21 00:39:01 +0000 2021	5	0	"@redouad There's a new daily updated csv from Argentina with totals by province. Doses are separated.

https://t.co/zj3jffc48Q"	https://twitter.com/plenque/status/1352053047439073280	[]
plenque	Thu Jan 21 00:15:56 +0000 2021	47	1	Salió un dataset con el total de vacunas por provincia. Espero que agreguen fechas y departamentos, pero algo es algo. https://t.co/lzL7tWBezI	https://twitter.com/plenque/status/1352047241595400195	[]
plenque	Wed Jan 20 22:47:23 +0000 2021	2	0	@fromthewest86 Pensé exactamente lo mismo. Igual debe estar re podrido de esa frase.	https://twitter.com/plenque/status/1352024956503265282	[]
plenque	Wed Jan 20 15:36:40 +0000 2021	1	0	"@diegokantor Es que dice ""a pocos días"". Viendo su declaración en tuiter igual es confuso si se refiere a medidas tomadas hace tres semanas. En cualquier caso, es importante fundamentar la causalidad y no lo están haciendo."	https://twitter.com/plenque/status/1351916562060615683	[]
plenque	Wed Jan 20 15:24:42 +0000 2021	1	0	@diegokantor Es que lo leí acá también: https://t.co/k7xWAX72vQ	https://twitter.com/plenque/status/1351913549484929025	[]
plenque	Wed Jan 20 14:40:12 +0000 2021	5	0	@FrancoLopez288 @ana34s54o @Gus_Noriega Eso es de septiembre. Yo quiero saber cómo llegamos a la conclusión de que las restricciones anunciadas el 9/1 tuvieron ese efecto a los muy poquitos días. Solo se me ocurre que su evaluación (antes) tuviera un efecto disuasorio, pero andá a demostrar eso.	https://twitter.com/plenque/status/1351902352291352579	[]
plenque	Wed Jan 20 14:27:47 +0000 2021	1	0	@ndchiariello Totalmente. En eso estamos todos de acuerdo.	https://twitter.com/plenque/status/1351899228654759944	[]
plenque	Wed Jan 20 14:18:58 +0000 2021	1	0	@ndchiariello No, perdón que no lo vi, la verdad que no vengo siguiendo ese tema de cerca.	https://twitter.com/plenque/status/1351897007242272772	[]
plenque	Wed Jan 20 14:18:42 +0000 2021	5	0	@ndchiariello Es que seguramente varios indicadores mejoraron. Yo quiero entender cómo se vinculan con las restricciones.	https://twitter.com/plenque/status/1351896943224623107	[]
plenque	Wed Jan 20 14:15:56 +0000 2021	0	0	@FrancoLopez288 Sale del dataset que publica el MSAL.	https://twitter.com/plenque/status/1351896247083429888	[]
plenque	Wed Jan 20 14:14:21 +0000 2021	8	0	@FrancoLopez288 @Gus_Noriega ¿Tenés a mano algo para pasar? No da ni el tiempo de incubación de la enfermedad.	https://twitter.com/plenque/status/1351895846133125120	[]
plenque	Wed Jan 20 14:07:52 +0000 2021	5	0	@a_urizio No lo escuché. Pasa que es bastante probable que necesitemos retricciones de nuevo y su acatamiento depende en parte de que comuniquemos bien.	https://twitter.com/plenque/status/1351894215316426752	[]
plenque	Wed Jan 20 13:58:23 +0000 2021	70	19	"Deberían publicar el fundamento de esta conclusión. No parece posible que pasara el tiempo necesario: las disposiciones salieron el 9/1 y el cambio lo notamos por esos días. Necesitamos generar confianza.

https://t.co/ErwFhqjd9b https://t.co/JxM9YefxZX"	https://twitter.com/plenque/status/1351891828413493249	[]
plenque	Wed Jan 20 13:53:56 +0000 2021	3	0	@ArgerichCosme @martintetaz En este asunto puntual el indicador vino un poco después que otros, pero es un claro predictor.	https://twitter.com/plenque/status/1351890708492333057	[]
plenque	Wed Jan 20 13:21:22 +0000 2021	5	2	"@martintetaz Es bueno, pero hay que mirar todos los indicadores 😉
https://t.co/bFoLhamSLW"	https://twitter.com/plenque/status/1351882512730120196	[]
plenque	Wed Jan 20 12:46:57 +0000 2021	62	13	"Todavía no fueron publicadas las defunciones de 2019. Creo que amerita un esfuerzo contingente para entender mejor lo que pasó en 2020 sin tener que esperar a 2022.

https://t.co/id6y2Yl7kU"	https://twitter.com/plenque/status/1351873849806229505	[]
plenque	Wed Jan 20 12:37:03 +0000 2021	49	4	PBA ya publicó en su sala de situación la cantidad de vacunados por partido. CABA en breve seguramente lo haga. Lo ideal sería que el MSAL publique datos abiertos porque el sistema tiene alcance nacional.	https://twitter.com/plenque/status/1351871358477737984	[]
plenque	Wed Jan 20 00:29:51 +0000 2021	39	6	"Reporte diario de hoy 19/01 para Argentina. Son 12258 nuevos casos confirmados (12144 neto) y 235 fallecidos (234 neto).

https://t.co/AWDEOWW6wS https://t.co/cJAcQ5jb5p"	https://twitter.com/plenque/status/1351688353385746436	[]
plenque	Tue Jan 19 22:57:38 +0000 2021	0	0	@JPAperiodista La base de datos la liberan a las 21:15. Publico apenas la proceso y ahí se ven las fechas. En el vespertino no dice nada por lo que vi.	https://twitter.com/plenque/status/1351665149254496257	[]
plenque	Tue Jan 19 22:53:46 +0000 2021	2	0	@JPAperiodista En el vespertino de ayer informaron que fueron cruces adicionales entre bases de datos que hicieron PBA y Santa Fe. Al analizar por fecha encontré que la mayoría eran de PBA entre noviembre y diciembre.	https://twitter.com/plenque/status/1351664175957864450	[]
plenque	Tue Jan 19 22:40:54 +0000 2021	2	0	@wdcmaya @vcalvot ¡No había notado ese cambio para ninguno de los países! Hay que revisar eso. Me intriga mucho saber si hay algo que lo explique.	https://twitter.com/plenque/status/1351660936130605063	[]
plenque	Tue Jan 19 21:53:15 +0000 2021	5	0	"@PabloRichly Todavía tengo que revisar bien para ver qué otros datos ""ocultos"" tiene."	https://twitter.com/plenque/status/1351648943030099971	[]
plenque	Tue Jan 19 21:44:18 +0000 2021	61	6	"CABA publicó la información del reporte diario en formato de datos abiertos y ya sale en el explorador del sitio. Por ahora solo algunas métricas. Tiene datos que no figuran en el impreso como la cantidad de pacientes con asistencia respiratoria.

https://t.co/VU50xt5xhF https://t.co/XU3zY5XXX3"	https://twitter.com/plenque/status/1351646694107176961	[]
plenque	Tue Jan 19 21:05:50 +0000 2021	1	0	@Zavalita_1975 Yo pensé que era nasofaríngeo. Con razón nadie se testea.	https://twitter.com/plenque/status/1351637010793029632	[]
plenque	Tue Jan 19 21:05:07 +0000 2021	2	0	@Adrian_Jacobo @SergioFelperin @ETagliazucchi Por ahora... falta todavía. Están inventando noticia donde no hay tanta.	https://twitter.com/plenque/status/1351636830400208896	[]
plenque	Tue Jan 19 21:02:23 +0000 2021	0	0	@SergioFelperin @ETagliazucchi Ni idea, pero lo que publicó The Guardian es muy distinto: https://t.co/lEQvFXWSZ3	https://twitter.com/plenque/status/1351636145642352640	[]
plenque	Tue Jan 19 21:00:49 +0000 2021	7	1	@ETagliazucchi El título es medio un clickbait. Se refiere a la generación de anticuerpos con la primera dosis.	https://twitter.com/plenque/status/1351635750790553618	[]
plenque	Tue Jan 19 19:30:45 +0000 2021	2	0	@mesch ¡Ahí tenés energía renovable!	https://twitter.com/plenque/status/1351613082171281412	[]
plenque	Tue Jan 19 18:35:43 +0000 2021	0	0	@maurette79 En Montevideo hay poetas.	https://twitter.com/plenque/status/1351599232365568000	[]
plenque	Tue Jan 19 17:18:29 +0000 2021	11	1	@alfonsopratgay La inflación no necesariamente es el contexto cultural e histórico. No me parece bien incorporarla a nuestra identidad.	https://twitter.com/plenque/status/1351579798628409345	[]
plenque	Tue Jan 19 15:34:34 +0000 2021	4	0	@ltornarolli Zoom a la cara podría convertirse en un gran meme.	https://twitter.com/plenque/status/1351553647906349056	[]
plenque	Tue Jan 19 15:31:15 +0000 2021	3	0	@ltornarolli ¿Qué respondió????	https://twitter.com/plenque/status/1351552809259433986	[]
plenque	Tue Jan 19 15:21:03 +0000 2021	1	0	@ProgramaAEDuns @lucasllach Totalmente. Y no solo es la música. En las ciudades normalizamos el ruido del transporte (sobre todo colectivos) como si fuera inocuo. Será de largo plazo, pero el motor eléctrico también me entusiasma por esa ventaja.	https://twitter.com/plenque/status/1351550246304808966	[]
plenque	Tue Jan 19 14:45:24 +0000 2021	39	1	@lucasllach La contaminación acústica debe ser la más subestimada.	https://twitter.com/plenque/status/1351541272159391745	[]
plenque	Tue Jan 19 00:56:04 +0000 2021	1	0	@marcelobianco2 En realidad es la suma de varios indicadores, pero se ve eso que decís. Solo que en el gráfico del reporte diario es difícil por la escala.	https://twitter.com/plenque/status/1351332565714669577	[]
plenque	Tue Jan 19 00:54:39 +0000 2021	3	0	@Chule_DP Sí, en el vespertino aclararo que PBA y Santa Fe hicieron cruces adicionales de base de datos. Son mayormente fallecidos de noviembre y diciembre de la PBA.	https://twitter.com/plenque/status/1351332206678056960	[]
plenque	Tue Jan 19 00:33:09 +0000 2021	44	6	"Reporte diario de hoy 18/01 para Argentina. Son 8283 nuevos casos confirmados (8183 neto) y 425 fallecidos.

https://t.co/2WMGcaW3OO https://t.co/9WxOrbF7Xg"	https://twitter.com/plenque/status/1351326798274060289	[]
plenque	Mon Jan 18 20:36:27 +0000 2021	2	0	@martinvars Si tuviera que arriesgar, hablaría de una combinación de ambas. Es muy notorio el patrón de suba en diciembre y caída por estos días en un montón de lugares.	https://twitter.com/plenque/status/1351267227597746180	[]
plenque	Mon Jan 18 13:34:24 +0000 2021	16	2	"@norabar Desde hace unos días ya se puede ver el dato en la sala de situación. También permite filtrar por partido. 

https://t.co/0GiCGZbffB"	https://twitter.com/plenque/status/1351161015707295747	[]
plenque	Mon Jan 18 01:22:35 +0000 2021	1	0	@bjsaenz_ Sí, la macana es que la proporción por edades es la de 2010 proyectada al 2020. Ojalá el INDEC publicara algún cálculo más completo.	https://twitter.com/plenque/status/1350976850122711041	[]
plenque	Mon Jan 18 01:10:02 +0000 2021	1	0	@bjsaenz_ Claro. Es la idea. Voy a publicar una página en el sitio. Estos son los datos rápido que saco cuando voy armando la info.	https://twitter.com/plenque/status/1350973689995661315	[]
plenque	Mon Jan 18 00:55:32 +0000 2021	1	0	@a_urizio No tengo ni la menor idea.	https://twitter.com/plenque/status/1350970043312599041	[]
plenque	Mon Jan 18 00:39:32 +0000 2021	2	0	@a_urizio ¡Hay uno de CABA de Junio!	https://twitter.com/plenque/status/1350966015962861570	[]
plenque	Mon Jan 18 00:29:59 +0000 2021	34	7	"Reporte diario de hoy 17/01 para Argentina. Son 7346 nuevos casos confirmados (7263 neto) y 112 fallecidos.

https://t.co/R0GLJJHydu https://t.co/pFz3Qmsvqs"	https://twitter.com/plenque/status/1350963611070554112	[]
plenque	Mon Jan 18 00:25:09 +0000 2021	1	0	@bjsaenz_ Exacto. Estos valores son comparables con los de la tabla de provincias que puse la otra vez. Habría que actualizarla, pero cambió muy poquito.	https://twitter.com/plenque/status/1350962394017767425	[]
plenque	Sun Jan 17 23:59:17 +0000 2021	56	8	Usando las tablas que fui publicando calculé la mortalidad estandarizada para los 24 partidos del conurbano. El próximo paso es comparar áreas metropolitanas entre países. https://t.co/ENZY6I5n6Z	https://twitter.com/plenque/status/1350955886999691266	[]
plenque	Sun Jan 17 23:40:27 +0000 2021	2	0	@fbsisti @fedetiberti La parte aburrida se las dejo a ustedes que investigan!	https://twitter.com/plenque/status/1350951147222294536	[]
plenque	Sun Jan 17 23:11:20 +0000 2021	19	1	Se trata de una estimación y seguramente tiene múltiples problemas, pero en ausencia de datos creo que es lo mejor que puedo usar.	https://twitter.com/plenque/status/1350943820960194560	[]
plenque	Sun Jan 17 23:11:20 +0000 2021	18	0	"@lauri9090 (aka, alguien que sabe del tema) me pasó una planilla del ""US Census Bureau"" que usa esos dos datos y estima la distribución por edad para 2020. Como voy a publicar tablas que la utilizan dejo link para que sean replicables: https://t.co/qY1BhcpD1p"	https://twitter.com/plenque/status/1350943818921750530	[]
plenque	Sun Jan 17 23:11:19 +0000 2021	42	4	Para estandarizar mortalidad por departamento en Argentina es necesario tener la población 2020 proyectada por edad y el dato no está disponible. A ese nivel solo tenemos la población total 2020 además de la distribución por edades del censo 2010.	https://twitter.com/plenque/status/1350943816719720451	[]
plenque	Sun Jan 17 20:09:39 +0000 2021	4	0	@fedelowe @fedetiberti @srodriguezrey @alucardi1 Miraría de cerca los followers. Pa mí perdieron algunos.	https://twitter.com/plenque/status/1350898098608943105	[]
plenque	Sun Jan 17 19:53:49 +0000 2021	1	0	"@SergioFelperin Tiendo a creer que, salvo obvias excepciones, la pandemia ""pasa"" y los gobiernos pueden cambiar un poco más o menos el rumbo, pero dependen mucho de características previas de la población. Ojo que los autos están regulados para que sea razonable la competencia."	https://twitter.com/plenque/status/1350894111465861120	[]
plenque	Sun Jan 17 19:24:24 +0000 2021	0	0	"@lucasllach @MenendezPepe Sí, comparto un poco lo de ""Lucky Joe""... esto es tema de unos meses."	https://twitter.com/plenque/status/1350886708171182080	[]
plenque	Sun Jan 17 19:15:57 +0000 2021	8	0	@jsylvie8 @fedetiberti Si así fuera, lo importante es que no por mucho tiempo. Menos que el resto seguro.	https://twitter.com/plenque/status/1350884582602780673	[]
plenque	Sun Jan 17 18:49:50 +0000 2021	2	0	@SergioFelperin ¿Vos creés que un país con todos sus individuos menores de 40 merece estar primero en el ranking? Japón es un extermo y ese sería el otro. Creo que se puede normalizar por ese dato. Como ejemplo, en la métrica bruta Colombia da mejor que Argentina, pero normalizando no.	https://twitter.com/plenque/status/1350878011957121025	[]
plenque	Sun Jan 17 18:30:33 +0000 2021	0	0	@SergioFelperin Es que la métrica castiga injustamente en el ranking a un país envejecido. Dicho de otro modo, si todos los países tuvieran exactamente la misma efectividad en sus políticas, Japón sería el peor. ¿O entendí mal?	https://twitter.com/plenque/status/1350873157540999168	[]
plenque	Sun Jan 17 18:21:47 +0000 2021	0	0	@SergioFelperin Arrancaría por estructuras etarias que es lo que vengo analizando. En países tan parecidos como Colombia y Argentina ya genera diferencias con la tasa cruda. Pero creo que hay que meter determinantes sociales que son todavía más difíciles.	https://twitter.com/plenque/status/1350870949579599877	[]
plenque	Sun Jan 17 17:26:41 +0000 2021	2	0	@SergioFelperin El otro día me preguntaron por eso. Ojalá fuera tan fácil como comparar muertos por millón. Creo que a lo único que vamos a llegar por ese camino es a opiniones y rankings arbitrarios.	https://twitter.com/plenque/status/1350857084418609153	[]
plenque	Sun Jan 17 15:42:22 +0000 2021	2	0	@tonchi45 En los países que vengo siguiendo pasa en todos. Creo que es común en todos lados y no solo carga sino también menos testeo (se ve lo mismo por fecha de diagnóstico).	https://twitter.com/plenque/status/1350830835101003776	[]
plenque	Sun Jan 17 15:35:20 +0000 2021	3	0	"@Estebanbusqueme @cingolani_oscar Es que yo no quiero por fecha de reporte, pero veo que también está por fecha de diagnóstico (tiene right censoring). ¡Gracias!
https://t.co/KhamZRnPuF"	https://twitter.com/plenque/status/1350829061879291904	[]
plenque	Sun Jan 17 15:31:49 +0000 2021	1	0	@Estebanbusqueme @cingolani_oscar Son países en que, por su positividad, los números de contagiados deben estar más cerca de la realidad. A mi me gustaría poder analizar no por fecha de reporte, pero no sé dónde.	https://twitter.com/plenque/status/1350828176423981059	[]
plenque	Sun Jan 17 15:23:25 +0000 2021	1	0	@anajiar @cingolani_oscar Son fenómenos multicausales. A esta altura es ridículo negar al menos algo de estacionalidad en Europa. Las medidas de restricción obviamente tienen su efecto. Lo difícil es separar la paja del trigo.	https://twitter.com/plenque/status/1350826063165878274	[]
plenque	Sun Jan 17 15:13:21 +0000 2021	21	0	@cingolani_oscar También coincide con que pasaron un par de semanas de las fiestas. Es un patrón que estoy viendo en muchos lugares muy distintos. Difícil de analizar.	https://twitter.com/plenque/status/1350823531228098564	[]
plenque	Sun Jan 17 13:18:25 +0000 2021	1	0	@lules_glam Qué cosas raras tiene la mente. A Leticia casi no la recordaba, pero vi la foto y automáticamente me sonó su voz en la cabeza.	https://twitter.com/plenque/status/1350794606263365632	[]
plenque	Sun Jan 17 13:13:10 +0000 2021	0	0	@lules_glam Sabés que no estoy seguro. Ahora que pusiste fotos también me acordaba de Leticia, pero estoy casi seguro de que mi seño era Nancy. La de primer grado era Mónica, seguro seguro. Capaz que compartimos grado a partir de 5to. ¿Puede ser?	https://twitter.com/plenque/status/1350793285082750979	[]
plenque	Sun Jan 17 12:16:17 +0000 2021	1	0	@lules_glam La única de TW que recordaba 😀. Atrás, si no me equivoco, está mí seño Nancy de preescolar. Lo que no recordaba era tu ida y vuelta a otro colegio!	https://twitter.com/plenque/status/1350778969310818304	[]
plenque	Sun Jan 17 00:29:44 +0000 2021	44	5	"Reporte diario de hoy 16/01 para Argentina. Son 9073 nuevos casos confirmados (8933 neto) y 68 fallecidos.

https://t.co/DuJyR6cybL https://t.co/PnuRM8XgNs"	https://twitter.com/plenque/status/1350601159552208899	[]
plenque	Sat Jan 16 23:04:35 +0000 2021	3	0	@fmendiguren No sé si es la mejor, pero me vino a la mente esta escena https://t.co/y7YFqzKVWW	https://twitter.com/plenque/status/1350579731100528643	[]
plenque	Sat Jan 16 19:29:21 +0000 2021	3	0	@lagravaar Ojo... hay que esperar un poquito para saber bien.	https://twitter.com/plenque/status/1350525565980307456	[]
plenque	Sat Jan 16 18:47:38 +0000 2021	1	0	"@AndyPanda2611 No se me ocurre frase más débil que ""se insinúa"". La verdad que no sé qué va a pasar, pero hace muchas semanas que no había baja intersemanal."	https://twitter.com/plenque/status/1350515070908977152	[]
plenque	Sat Jan 16 16:37:57 +0000 2021	2	0	@mschuliaquer Con cuidarse alcanza che. Lo importante es no salir en el gráfico.	https://twitter.com/plenque/status/1350482435071475713	[]
plenque	Sat Jan 16 14:27:04 +0000 2021	0	0	@mollfederico Al de cow boys le gasté las teclas	https://twitter.com/plenque/status/1350449494769459200	[]
plenque	Sat Jan 16 13:19:58 +0000 2021	1	0	@javierguevara Trato de mirar la positividad más que cantidad de tests porque son endógenos (es esperable que caigan si caen los casos). En CABA es un poco más difícil por el operativo turismo, pero parece estar cambiando de tendencia en general.	https://twitter.com/plenque/status/1350432607167770626	[]
plenque	Sat Jan 16 13:15:31 +0000 2021	3	0	@JumaLazzati Es que mirar únicamente casos no alcanza. Estuve revisando la cantidad de sospechosos acumulados (en espera de test), las demoras de diagnóstico, llamados al 107 de CABA y la positividad (desagregada por sector público / privado). Es difícil llevar eso a un solo indicador.	https://twitter.com/plenque/status/1350431488471310341	[]
plenque	Sat Jan 16 03:01:22 +0000 2021	1	0	@riverapomar @fromthewest86 También espero que la inmunidad por infección NO natural dure un poco más.	https://twitter.com/plenque/status/1350276933347586050	[]
plenque	Sat Jan 16 01:50:43 +0000 2021	2	0	@bjsaenz_ @QuikFCO @Jose21082155 Si mal no recuerdo, la mayor incidencia en Perú es en un lugar con clima desértico. Is very dificul.	https://twitter.com/plenque/status/1350259154309537792	[]
plenque	Sat Jan 16 01:28:09 +0000 2021	3	0	@bjsaenz_ @Jose21082155 @QuikFCO ¡Al menos en verano! Y por ahora... baby steps...	https://twitter.com/plenque/status/1350253473342877696	[]
plenque	Sat Jan 16 01:25:43 +0000 2021	10	1	@sevienelahiper @QuikFCO Gracias. No lo sabía. Lo mismo se ve en el 107 de CABA. https://t.co/vDFPnLf0LX	https://twitter.com/plenque/status/1350252861611978755	[]
plenque	Sat Jan 16 01:11:18 +0000 2021	8	0	@Jose21082155 @QuikFCO Yo le ponía una ficha a esa posibilidad. Espero que sea así.	https://twitter.com/plenque/status/1350249233811701762	[]
plenque	Sat Jan 16 01:05:44 +0000 2021	0	0	@jpjviro 🙏	https://twitter.com/plenque/status/1350247833912410112	[]
plenque	Sat Jan 16 01:03:57 +0000 2021	246	39	Me preguntan así que confirmo que ya se insinúa una baja que se ve más clara por fecha de diagnóstico. Un poco más pronunciada en CABA que en el conurbano y también presente en el resto de la PBA. Esperemos que la semana próxima se confirme. https://t.co/oT6wLF8IKq	https://twitter.com/plenque/status/1350247385151246338	[]
plenque	Sat Jan 16 00:43:40 +0000 2021	0	0	@NormaNicolau @jorgrandinetti Gracias. Yo reporto lo que sale en la base de datos que publican y ese es el número. Hay un fallecido que pasó de confirmado a descartado (algo no usual) así que ese puede ser el motivo.	https://twitter.com/plenque/status/1350242278690992131	[]
plenque	Sat Jan 16 00:37:55 +0000 2021	3	0	@jorgrandinetti Pareciera. Ojalá siga así.	https://twitter.com/plenque/status/1350240831832264706	[]
plenque	Sat Jan 16 00:29:52 +0000 2021	30	1	"Reporte diario de hoy 15/01 para Argentina. Son 12481 nuevos casos confirmados (12332 neto) y 103 fallecidos.

https://t.co/1b6j0WrAiB https://t.co/9AEiKZpGqz"	https://twitter.com/plenque/status/1350238806788755457	[]
plenque	Sat Jan 16 00:15:42 +0000 2021	10	1	@fromthewest86 Pero además es lo que recomiendan CDC, ECDC y no sé cuántas agencias más. Lo último en cerrar y lo primero en abrir. Yo veo muchas otras cosas abiertas.	https://twitter.com/plenque/status/1350235240795693060	[]
plenque	Fri Jan 15 21:22:15 +0000 2021	2	0	@VictimOfMaths @octaviobramajo cc @ltornarolli	https://twitter.com/plenque/status/1350191590044807170	[]
plenque	Fri Jan 15 20:20:57 +0000 2021	0	0	@Oliver_Rolo @martintetaz @FucciniGaston Si comparamos con otras metrópolis de Latam, los números de mortalidad de CABA, ajustados por estructura etaria, son bastante razonables. Aun así, me parece extremadamente difícil juzgar el manejo de la pandemia y serían necesarios más datos para semejante afirmación.	https://twitter.com/plenque/status/1350176164971769857	[]
plenque	Fri Jan 15 19:19:44 +0000 2021	7	0	@MenendezPepe @Epi_Net @PabloRichly @norabar El que logre encontrar un parámetro que permita separar reuniones de fin de año de las vacaciones se lleva el premio. Un detalle: creo que se empieza a ver una baja y las vacaciones no terminaron. Sería genial que CABA separe operativo turismo en su propio dataset.	https://twitter.com/plenque/status/1350160761553874947	[]
plenque	Fri Jan 15 18:48:52 +0000 2021	2	0	@PabloRichly @Epi_Net Esa es la gran pregunta. Llevamos meses sin elevar el nivel de testeo y no veo con malos ojos probar algo nuevo si sabemos que el grupo tiene mayor prevalencia (con todo el lío de datos que me genera!).	https://twitter.com/plenque/status/1350152990267731968	[]
plenque	Fri Jan 15 16:06:01 +0000 2021	1	0	@JSchmukler @PabloRichly @michaelmina_lab Me encantaría probarlo. La relación costo / potencial beneficio es un no-brainer. Pero lo veo a años luz de nuestro país.	https://twitter.com/plenque/status/1350112010592268296	[]
plenque	Fri Jan 15 15:54:10 +0000 2021	6	0	@PabloRichly Hace tiempo vengo pensando en eso. ¿Cómo  lograr que los sospechosos se acerquen más y más rápido? Me parece una pregunta para las ciencias sociales.	https://twitter.com/plenque/status/1350109026781171713	[]
plenque	Fri Jan 15 15:34:57 +0000 2021	3	0	@JSchmukler @ltornarolli ¡Puse todos los que publican microdatos! Hay que llamar a Piñera o Lacalle Pou. Seguro que a Leo le atienden el teléfono.	https://twitter.com/plenque/status/1350104191151333377	[]
plenque	Fri Jan 15 15:17:58 +0000 2021	2	0	@JSchmukler Vos sabés que le vengo pidiendo a los que saben en serio (ejem, @ltornarolli) que me den una mano con eso. Yo ya excedí por bastante mis saberes.	https://twitter.com/plenque/status/1350099917956673538	[]
plenque	Fri Jan 15 15:14:15 +0000 2021	0	0	@anon60779362 La edad ayuda con eso. Compará el mapa de casos de CABA con el de fallecidos. https://t.co/iZh4L5LkoX	https://twitter.com/plenque/status/1350098982123544579	[]
plenque	Fri Jan 15 15:08:53 +0000 2021	48	1	Es imposible analizar curvas sin pensar en los determinantes sociales. No es fácil cuantificarlos como con la edad, pero es imposible analizar sin tenerlos en cuenta. Latam estuvo lleno de brotes furiosos en lugares carenciados. Muy difícil comparar con Europa.	https://twitter.com/plenque/status/1350097632228741121	[]
plenque	Fri Jan 15 13:30:44 +0000 2021	0	0	"@pagurtom @riverapomar @rburhum @teozka Iquitos no parece tener ni de cerca los casos necesarios para eso. ¿La seroprevalencia dio alta?

https://t.co/WaTRqsuTcs"	https://twitter.com/plenque/status/1350072931674693632	[]
plenque	Fri Jan 15 01:47:47 +0000 2021	0	0	@fromthewest86 https://t.co/vMp0OPiYxP	https://twitter.com/plenque/status/1349896028221288449	[]
plenque	Fri Jan 15 01:41:41 +0000 2021	1	0	@pbarbieri @lucasllach 🙏	https://twitter.com/plenque/status/1349894491256352772	[]
plenque	Fri Jan 15 01:21:23 +0000 2021	1	0	@a_urizio Falta, pero puede ser. Crucemos los dedos.	https://twitter.com/plenque/status/1349889381922963465	[]
plenque	Fri Jan 15 00:39:13 +0000 2021	8	2	En el reporte de fallecidos hubo algo de demora de Córdoba y Santa Fe y un llamativo caso de Junio en Misiones: https://t.co/JFPT5CyIlp	https://twitter.com/plenque/status/1349878773668311040	[]
plenque	Fri Jan 15 00:37:41 +0000 2021	45	6	"Reporte diario de hoy 14/01 para Argentina. Son 13398 nuevos casos confirmados (13286 neto) y 142 fallecidos.

https://t.co/gvea1aiEI0 https://t.co/J6U0RaUV3Z"	https://twitter.com/plenque/status/1349878387335114753	[]
plenque	Thu Jan 14 22:12:13 +0000 2021	1	0	@ndchiariello No... ni idea. No sigo mucho Brasil. Igual recuerdo haber visto info sobre exceso de mortalidad, pero capaz que eran preliminar.	https://twitter.com/plenque/status/1349841777281347584	[]
plenque	Thu Jan 14 22:10:46 +0000 2021	1	0	@JuanitoCandanga @NicoJoseIsola No tengo idea. Me da la sensación de que en Latam deben existir más variantes y no lo sabemos. Mirá este hilo: https://t.co/PlyaVy49L0	https://twitter.com/plenque/status/1349841412221710339	[]
plenque	Thu Jan 14 22:04:29 +0000 2021	6	0	@NicoJoseIsola Con seroprevalencia arriba de 70% si mal no recuerdo. Tremendo asunto para estudiar.	https://twitter.com/plenque/status/1349839830616838147	[]
plenque	Thu Jan 14 01:17:27 +0000 2021	31	2	"Reporte diario de hoy 13/01 para Argentina. Son 12841 nuevos casos confirmados (12724 neto) y 135 fallecidos.

https://t.co/FUkQesXEY9 https://t.co/htBPkF8T3d"	https://twitter.com/plenque/status/1349526004566528002	[]
plenque	Thu Jan 14 00:36:28 +0000 2021	2	0	@rusosnith @MgigB @SantiOlsze @gcba @BAinnovacion @Rodri_LP Es un proxy, probablemente no exacto, pero mejor que el público. El testeo privado también subió fuerte hasta aprox. navidad aunque menos.	https://twitter.com/plenque/status/1349515691586695168	[]
plenque	Thu Jan 14 00:24:42 +0000 2021	2	0	@SantiOlsze @MgigB @rusosnith @gcba @BAinnovacion @Rodri_LP Tampoco digo que no esté bueno y recontra comparto que deberían limpiar la info, pero sonó a que la ocultaban.	https://twitter.com/plenque/status/1349512729221017603	[]
plenque	Thu Jan 14 00:22:30 +0000 2021	4	0	@MgigB @rusosnith @gcba @BAinnovacion @SantiOlsze Che... el gráfico lo mostró esta mañana Quirós en conferencia de prensa.	https://twitter.com/plenque/status/1349512179310063618	[]
plenque	Wed Jan 13 22:58:59 +0000 2021	2	0	@rquiroga777 @dotor_k @SantiOlsze Creo que terminaste diciendo más o menos lo mismo que dije. Igual no es un tema que maneje demasiado, pero vengo leyendo a @michaelmina_lab que cree mucho en su rol para la vigilancia (no para el diagnóstico clínico).	https://twitter.com/plenque/status/1349491158901280776	[]
plenque	Wed Jan 13 22:46:09 +0000 2021	1	0	@dotor_k @SantiOlsze @rquiroga777 Lo que leí es que son muy sensibles mientras es contagioso.	https://twitter.com/plenque/status/1349487930037981200	[]
plenque	Wed Jan 13 22:15:52 +0000 2021	4	1	@MenendezPepe Creo que se va a entender más con el tiempo. El número de Argentina cambia mucho cuando calculo la mortalidad estandarizada por edad. https://t.co/me6DpMUmGX	https://twitter.com/plenque/status/1349480309419601920	[]
plenque	Wed Jan 13 21:53:46 +0000 2021	7	0	@TajerAndres Totalmente. También separaría bares y restoranes al aire libre. No quiero decir que cerraría nada, pero tenemos las prioridades trastocadas.	https://twitter.com/plenque/status/1349474748149989379	[]
plenque	Wed Jan 13 21:02:42 +0000 2021	32	0	@diegotajer Te acepto todo eso si el resto está cerrado. Están abriendo los cines che.	https://twitter.com/plenque/status/1349461897503011043	[]
plenque	Wed Jan 13 20:25:58 +0000 2021	4	0	@curcicastro @LMoscovich Quizás podemos llegar a un compromiso, pero entiendo el punto. Lo que seguro no podemos esperar es tenerlos meses encerrados y que al abrir esté todo controlado.	https://twitter.com/plenque/status/1349452653466681350	[]
plenque	Wed Jan 13 20:21:44 +0000 2021	3	0	@GonzaRomeroV @Gabiziblat Ahí tenés Gabriel. ¡Eso es trabajo de campo! Media pila!	https://twitter.com/plenque/status/1349451585861115904	[]
plenque	Wed Jan 13 20:02:24 +0000 2021	2	0	@Atreyu25655805 @LMoscovich Me parece que nadie pude juzgar cuánto valen los años ajenos.	https://twitter.com/plenque/status/1349446722901200899	[]
plenque	Wed Jan 13 19:36:57 +0000 2021	1	0	@jorroman @LMoscovich Gracias!	https://twitter.com/plenque/status/1349440318589054978	[]
plenque	Wed Jan 13 19:12:01 +0000 2021	100	13	Todos estamos haciendo lo que podemos. ¿Cuánto hablaban con sus viejos a los 18? ¿Hubieran aguantado meses encerrados así? Es difícil levantar el dedo sin ser un poco injusto. Tomo prestado de @LMoscovich la imagen que creo lo resume. https://t.co/B4yiuLkuJY	https://twitter.com/plenque/status/1349434042551296002	[]
plenque	Wed Jan 13 18:52:46 +0000 2021	9	1	@andresmalamud Lo último que cierra y lo primero que abre. Ojalá no haga falta.	https://twitter.com/plenque/status/1349429199212322816	[]
plenque	Wed Jan 13 18:40:52 +0000 2021	6	0	@valenzine @gcba @BASalud Bien che... cambiando el mundo en pequeñitas cuotas.	https://twitter.com/plenque/status/1349426200800845825	[]
plenque	Wed Jan 13 15:46:19 +0000 2021	1	0	@J3busD @rquiroga777 Me interesa más poder separar turismo del resto que la técnica en sí. Quizás por ese lado se podría.	https://twitter.com/plenque/status/1349382277030150146	[]
plenque	Wed Jan 13 15:41:41 +0000 2021	2	0	@SantiOlsze @rquiroga777 El problema es no poder separar los sospechosos de siempre (no pun intended) de los nuevos. Muy difícil analizar los datos.	https://twitter.com/plenque/status/1349381111068164097	[]
plenque	Wed Jan 13 15:39:12 +0000 2021	2	0	@rquiroga777 Gracias. Igual mi duda no era por el uso de la técnica sino por los datos. Según me dicen hay positivos de antígeno (serían sin PCR) que van al dataset.	https://twitter.com/plenque/status/1349380484283977733	[]
plenque	Wed Jan 13 15:03:25 +0000 2021	1	0	@JuanitoCandanga @Gabiziblat Pasa que no debería depender de que nos contactemos. Yo de comunicación no entiendo mucho, pero estoy en tema y me di cuenta por ese textito en el reporte diario.	https://twitter.com/plenque/status/1349371479792746498	[]
plenque	Wed Jan 13 14:52:40 +0000 2021	1	0	@a_urizio @mschuliaquer @MenendezPepe No tengo idea. No tenemos ese nivel de info.	https://twitter.com/plenque/status/1349368775720710144	[]
plenque	Wed Jan 13 14:19:37 +0000 2021	1	0	@JuanitoCandanga @Gabiziblat El único contacto es el mail de datos abiertos, pero estas son dudas que les responden a la prensa. Siempre nos enteramos por ellos.	https://twitter.com/plenque/status/1349360456167809025	[]
plenque	Wed Jan 13 14:10:38 +0000 2021	1	0	@Gabiziblat Sin evaluar la medida en sí, esto hace imposible comparar los datos. Qué lío.	https://twitter.com/plenque/status/1349358198222954504	[]
plenque	Wed Jan 13 14:06:46 +0000 2021	1	0	@Gabiziblat ¿Arrancó el 31/12? ¿No había de antígenos antes del 31/12 o no iban al dataset? ¿Se sabe si son solo para turismo o se usan en general? ¡Me lleno de dudas!	https://twitter.com/plenque/status/1349357222069989376	[]
plenque	Wed Jan 13 14:01:06 +0000 2021	17	4	¿Alguien sabe si se están reportando diagnósticos no PCR (antígenos supongo) a alguno de los datasets? Me llamó la atención este cambio que se dio entre 30 y 31 de diciembre en el reporte diario de CABA. https://t.co/boKh4w4CRZ	https://twitter.com/plenque/status/1349355798762283008	[]
plenque	Wed Jan 13 13:01:03 +0000 2021	5	1	"@mmeJW @SergioFelperin @LadyAAmado @osvaldobazan La gran mayoría de los tests adicionales vendrían por turismo y a la prensa se informó que no había tantos casos por ese lado: https://t.co/4lS23r2Twb
La proporción de contagio comunitario contra estrecho viene bastante quieta en el tiempo según el dataset de CABA."	https://twitter.com/plenque/status/1349340685623816192	[]
plenque	Wed Jan 13 12:47:45 +0000 2021	4	0	@SergioFelperin @LadyAAmado @mmeJW @osvaldobazan No se puede descartar nada con los datos que tenemos. Estoy por meter al sitio algo de info de barrios populares de CABA que podría ayudar con esa pregunta.	https://twitter.com/plenque/status/1349337336497250304	[]
plenque	Wed Jan 13 12:38:55 +0000 2021	3	1	@SergioFelperin @LadyAAmado @mmeJW @osvaldobazan El testeo cambió seguro, pero como dicen que muy pocos casos vienen por turismo es difícil saber qué relevancia tiene.	https://twitter.com/plenque/status/1349335115659358209	[]
plenque	Wed Jan 13 12:25:12 +0000 2021	2	0	"@pfebolo @marcevw Sí, yo creo que tiene lógica. El problema es que no tenemos datos para contrastarlo. Igual ojo que el lugar de residencia es un dato ""blando"" y  nunca podríamos hablar de inmunidad de rebaño localizada."	https://twitter.com/plenque/status/1349331663877271552	[]
plenque	Wed Jan 13 12:01:54 +0000 2021	2	0	@LadyAAmado @mmeJW @osvaldobazan Por desgracia no. Está todo anonimizado. La única manera de inferirlo es el lugar geográfico.	https://twitter.com/plenque/status/1349325797358776324	[]
plenque	Wed Jan 13 12:00:47 +0000 2021	2	0	@tustovsky Sí, pero en los barrios del sur de CABA arrancó junto con el conurbano. Cuando eso ocurrió casi que no había casos. Es muy distinta la dinámica.	https://twitter.com/plenque/status/1349325518550802433	[]
plenque	Wed Jan 13 11:54:57 +0000 2021	9	0	@osvaldobazan Es posible e incluso pensé lo mismo al ppio. El aumento de testeo sería principalmente por el turismo y al menos en la prensa indicaron que vienen muy pocos casos por ese lado. Estaría bueno que diferencien ese operativo en los datos.	https://twitter.com/plenque/status/1349324051609751553	[]
plenque	Wed Jan 13 03:03:00 +0000 2021	2	0	"@marcevw No, ojo son los contagios mensuales. La primera imagen son los del mes que va del 15/07 al 15/08. La segunda es del 11/12 al 11/01.
En acumulados el sur sigue teniendo muchos más. https://t.co/U6rdhSmGJz"	https://twitter.com/plenque/status/1349190180889128961	[]
plenque	Wed Jan 13 02:26:52 +0000 2021	8	0	@Rikipincha Sí, la hipótesis de que ya están contagiados los que no se pueden guardar suena razonable. Nos falta mucha seroprevalencia para saber esas cosas.	https://twitter.com/plenque/status/1349181089508679682	[]
plenque	Wed Jan 13 02:12:03 +0000 2021	1	0	@mschuliaquer @MenendezPepe Ojo que es lo que supongo porque dudo que pifie y eso tendría algo de lógica.	https://twitter.com/plenque/status/1349177359954489345	[]
plenque	Wed Jan 13 02:05:00 +0000 2021	0	0	@gaingon @MenendezPepe Sí, me pregunto cuánto aporta a eso la cantidad de susceptibles que van quedando. Hay mucho para analizar.	https://twitter.com/plenque/status/1349175583457107968	[]
plenque	Wed Jan 13 02:04:10 +0000 2021	1	0	@mschuliaquer @MenendezPepe Creo que se refería a la prevalencia. Lo que creo que quiso decir es que esperaba que en una población asintomática la positividad fuera aún menos.	https://twitter.com/plenque/status/1349175375008587777	[]
plenque	Wed Jan 13 02:03:10 +0000 2021	1	0	@SoyTodus Puede ser, pero no creo que hagan tanto la diferencia. Tengo que analizarlo. En el dataset tenemos provincia de residencia y provincia de carga.	https://twitter.com/plenque/status/1349175124939976705	[]
plenque	Wed Jan 13 02:02:23 +0000 2021	3	0	@baeles2 Sí, es algo esperable. Encima no hay datos públicos de esa parte del sistema.	https://twitter.com/plenque/status/1349174924095746048	[]
plenque	Wed Jan 13 02:01:35 +0000 2021	3	0	@judiovirus Creo entender la idea y supongo que algo de eso hay, pero no lo simplificaría tanto. Todos hacemos lo que podemos.	https://twitter.com/plenque/status/1349174726594322432	[]
plenque	Wed Jan 13 01:57:53 +0000 2021	1	0	@mschuliaquer @MenendezPepe Eso pensé inicialmente, pero dicen que los casos positivos por turismo no son tantos.	https://twitter.com/plenque/status/1349173791772073984	[]
plenque	Wed Jan 13 01:55:17 +0000 2021	2	0	@MenendezPepe La verdad la verdad que ni se me ocurrió ese. Me parece que el turismo a Europa en este momento no es tanto, pero todo puede ser.	https://twitter.com/plenque/status/1349173139167731713	[]
plenque	Wed Jan 13 01:51:30 +0000 2021	129	35	Creo que la principal razón para tener prudencia al comparar es que esta nueva suba de casos en CABA se da en lugares muy distintos. Los motivos pueden ser obvios, pero no me parece tan obvia la forma en que va a avanzar. Va el mapa de casos mensuales al 15/08 y al 11/01. https://t.co/1pL2A6AdNg	https://twitter.com/plenque/status/1349172189153669121	[]
plenque	Wed Jan 13 01:45:00 +0000 2021	2	0	@Epi_Net @scooby16rc @aleberco @FernanQuirosBA @C5N La tasa de CABA es alta, pero al estandarizar la estructura demográfica por edad, CABA da en línea con otras provincias: https://t.co/VyAdYjSksY	https://twitter.com/plenque/status/1349170549788975105	[]
plenque	Wed Jan 13 01:35:32 +0000 2021	3	0	@deviajesycosas @aleberco @FernanQuirosBA Sí, claro, los diagnósticos (tests a sospechosos) subieron MUCHO. Va gráfico. https://t.co/LMaJC8HRmV	https://twitter.com/plenque/status/1349168168745500673	[]
plenque	Wed Jan 13 01:32:44 +0000 2021	0	0	@deviajesycosas @aleberco @FernanQuirosBA Se testea mucho más y eso hace que baje la tasa de positividad. Los tests adicionales serían por turismo y, como los datos no están discriminados, no tenemos certeza de cuántos casos corresponden a eso y cuántos no. De lo que trascendió en los medios, no son tantos por turismo.	https://twitter.com/plenque/status/1349167463108399106	[]
plenque	Wed Jan 13 01:21:03 +0000 2021	0	0	"@Fifonne Eso está pensado para ver la evolución y los momentos de más incidencia. Para verlo numéricamente recomiendo esta página: https://t.co/W2UENp2fDg
Por defecto salen los datos por millón, pero si destildás la opción que dice ""Por población"" y das a ""Enviar"" salen números absolutos."	https://twitter.com/plenque/status/1349164523975008256	[]
plenque	Wed Jan 13 00:35:19 +0000 2021	2	0	@erisliberta Sisisi... son errores. Este link muestra el detalle: https://t.co/EJBfuDFhB4	https://twitter.com/plenque/status/1349153016457342976	[]
plenque	Wed Jan 13 00:31:02 +0000 2021	11	0	Hay un fallecido de Córdoba de febrero de 2020 que seguro es un error de carga y desarma un poco el gráfico. Más allá de eso, Mendoza reportó fallecidos antiguos de septiembre en adelante.	https://twitter.com/plenque/status/1349151936377987073	[]
plenque	Wed Jan 13 00:27:47 +0000 2021	38	5	"Reporte diario de hoy 12/01 para Argentina. Son 13867 nuevos casos confirmados (13785 neto) y 194 fallecidos.

https://t.co/9WrSSUlTx1 https://t.co/EInwkkyAUZ"	https://twitter.com/plenque/status/1349151117691785219	[]
plenque	Tue Jan 12 22:52:15 +0000 2021	2	0	@Crst_C No sé qué lenguaje usás. En línea de comandos alguna vez usé pdftotext y expresiones regulares con lo que devolvía (no eran URLs, pero sa igual)	https://twitter.com/plenque/status/1349127079133147139	[]
plenque	Tue Jan 12 21:38:22 +0000 2021	4	0	@riverapomar @martintetaz @gabrielzelpo Totalmente. Los números durante las fiestas, con tanto feriado, fueron una calesita.	https://twitter.com/plenque/status/1349108483858313217	[]
plenque	Tue Jan 12 21:37:29 +0000 2021	3	0	@nmattano17 Lo que veo en el dataset es cuántos casos sospechosos se diagnostican que es quizás más relevante para entender la pandemia, siempre que se cargue bien la info. Va el gráfico. https://t.co/iiaY7Q6lL8	https://twitter.com/plenque/status/1349108261241421825	[]
plenque	Tue Jan 12 21:27:01 +0000 2021	1	0	@MgigB Aaah, la positividad la saco con el de casos como vos decís. El problema es que al cambiar el criterio de testeo no puedo saber bien dónde estamos. Dicen que los turistas tienen 1% de positividad.	https://twitter.com/plenque/status/1349105628694908932	[]
plenque	Tue Jan 12 21:22:15 +0000 2021	1	0	@MgigB ¿Vos decís el de determinaciones? Pasa que la residencia es la del laboratorio. La verdad que hace mucho tiempo que ni lo miro.	https://twitter.com/plenque/status/1349104427890831360	[]
plenque	Tue Jan 12 21:21:09 +0000 2021	6	0	@martintetaz @gabrielzelpo Ahí lo saqué un cachito actualizado. Ojo que hay un punto de inflexión, pero capaz que toma envión! https://t.co/c6DQkHanBB	https://twitter.com/plenque/status/1349104149363912708	[]
plenque	Tue Jan 12 21:11:35 +0000 2021	4	0	@mbarberia @pricatti la citrola era parecida	https://twitter.com/plenque/status/1349101744916213762	[]
plenque	Tue Jan 12 20:41:02 +0000 2021	5	0	@martintetaz @gabrielzelpo Igual eso es todo Argentina, ¿no? Yo estaba viendo solo PBA. Igual es pura especulación.	https://twitter.com/plenque/status/1349094056341725184	[]
plenque	Tue Jan 12 20:34:06 +0000 2021	2	0	@riverapomar @rquiroga777 No pude evitarlo. https://t.co/50XNB6nkw0	https://twitter.com/plenque/status/1349092309137240064	[]
plenque	Tue Jan 12 20:27:56 +0000 2021	3	0	@ndchiariello Yo solo hago grafiquitos. El resto es solo una expresión de deseo.	https://twitter.com/plenque/status/1349090760239374339	[]
plenque	Tue Jan 12 20:25:57 +0000 2021	1	0	@Ardase_ Claro, fijate que está en el primer tuit. Eso cambió todo.	https://twitter.com/plenque/status/1349090258311327744	[]
plenque	Tue Jan 12 20:23:48 +0000 2021	1	0	@dardotrento Es una de las tantas hipótesis. Ojalá sea así, pero no tengo idea.	https://twitter.com/plenque/status/1349089719834042369	[]
plenque	Tue Jan 12 20:19:08 +0000 2021	22	0	Más allá del número en sí, lo interesante siempre es analizar la tendencia suponiendo que los problemas de registro se mantienen constantes. CABA cambió el testeo en diciembre y eso es lo que hace difícil leer la tendencia.	https://twitter.com/plenque/status/1349088544363581441	[]
plenque	Tue Jan 12 20:19:07 +0000 2021	71	8	La positividad de CABA es difícil de seguir por los tests de turismo, pero en el conurbano y más aún en el resto de la provincia (sin AMBA) pareciera estar cambiando la tendencia. Esperemos que siga así. https://t.co/xwq8gvgWLR	https://twitter.com/plenque/status/1349088542128025601	[]
plenque	Tue Jan 12 19:36:32 +0000 2021	6	0	@LeaSBianco @Breogan66 @fedetiberti @PabloRichly Pero lo queremos igual. Te dejo un link para profundizar en el tema: https://t.co/pvbpMWez87	https://twitter.com/plenque/status/1349077822804013056	[]
plenque	Tue Jan 12 19:16:17 +0000 2021	2	0	@EcoLedesma @fedetiberti Sisisi... el final. Te diría que en CABA son punta a punta 13 días. Todo estamos mirando lo mismo 😀	https://twitter.com/plenque/status/1349072726653341696	[]
plenque	Tue Jan 12 19:10:28 +0000 2021	0	0	@EcoLedesma @fedetiberti El problema de la FA es que algunas provincias cargan retroactivamente y genera mucho ruido. La más razonable de seguir es FIS - DX.	https://twitter.com/plenque/status/1349071265311690764	[]
plenque	Tue Jan 12 19:09:01 +0000 2021	2	0	"@EcoLedesma @fedetiberti Me meto por la ventana. Las fechas que tenemos son:
FIS - Inicio de síntomas (la reporta la persona)
FA - Apertura (carga en el sistema)
FDX - Diagnóstico (resultado)
Carga de DX positivo  (la calculamos por diferencias)
Acá la evolución de algunas: https://t.co/h86PfGBuJB"	https://twitter.com/plenque/status/1349070900432429056	[]
plenque	Tue Jan 12 17:46:37 +0000 2021	2	0	@gaingon Entonces, si aparecen síntomas, les harían el PCR porque CABA casi que no usa diagnóstico epi. Mientras tanto ni figuran como caso sospechoso. Todo en teoría, obviamente.	https://twitter.com/plenque/status/1349050160970674176	[]
plenque	Tue Jan 12 17:40:20 +0000 2021	1	0	@gaingon @PerfectamenteNo @norabar Depende de si están o no en una jurisdicción que use diagnóstico epidemiológico. En PBA, si arrancaran con síntomas compatibles, las darían por positivo sin un PCR. Pero tienen que tener síntomas.	https://twitter.com/plenque/status/1349048579277664258	[]
plenque	Tue Jan 12 15:28:01 +0000 2021	0	0	@Epi_Net Quizás @octaviobramajo pueda aclarar un poco más. Lo que entendí es que si el estándar es muy distinto a los países que uno quiere analizar puede generar ruido. Como tengo datos de esos 4 países usé la suma de ellos.	https://twitter.com/plenque/status/1349015280459141121	[]
plenque	Tue Jan 12 15:22:09 +0000 2021	4	0	@ltornarolli Hice el cálculo a fines de diciembre y me dio que terminábamos en 2432 +- 4.	https://twitter.com/plenque/status/1349013804223488000	[]
plenque	Tue Jan 12 15:18:47 +0000 2021	1	0	@mollfederico Esta escena me hizo muy mal la primera vez que la vi: https://t.co/DbylZN6aQG	https://twitter.com/plenque/status/1349012958647644168	[]
plenque	Tue Jan 12 14:23:35 +0000 2021	4	2	Como tenemos la proyección 2020 por edades, también hice el cálculo para municipios. Estos son los 30 con mayor mortalidad estandarizada. https://t.co/QhdpUIt71R	https://twitter.com/plenque/status/1348999069159534592	[]
plenque	Tue Jan 12 14:23:34 +0000 2021	17	3	"Continuando con este análisis, calculé la tasa estandarizada de mortalidad para los departamentos de Colombia. Como usé el mismo estándar que para Argentina, los números estandarizados serían, dentro de las limitaciones que aclaré, comparables.

@wdcmaya @rundav5 @ZulmaCucunuba https://t.co/VyAdYjSksY https://t.co/ANObgnOIGg"	https://twitter.com/plenque/status/1348999063564386306	[]
plenque	Tue Jan 12 13:58:54 +0000 2021	3	0	@PerfectamenteNo @norabar No hay nada seguro, pero se cree que los más chiquitos serían menos susceptibles y contagiarían menos. Acá un reporte reciente del ECDC: https://t.co/eCUzdRGoS1	https://twitter.com/plenque/status/1348992855797362691	[]
plenque	Tue Jan 12 13:28:09 +0000 2021	1	0	@_nicosan Claro. Esa es la lógica. Y lo mismo a la inversa. Las que se mantienen parecido tienen una estructura similar a la del estándar.	https://twitter.com/plenque/status/1348985115725209603	[]
plenque	Tue Jan 12 11:08:56 +0000 2021	2	0	@Iron_Hic_Man @jmtelechea Por el contrario, pero una gaviota no hace verano.	https://twitter.com/plenque/status/1348950081165283328	[]
plenque	Tue Jan 12 10:58:45 +0000 2021	0	0	@vcalvot @rodriguez_val Y vale recordar lo que pasó en Manaos. Me parece que por el camino natural va a ser muy difícil.	https://twitter.com/plenque/status/1348947518391001093	[]
plenque	Tue Jan 12 02:44:56 +0000 2021	1	0	@spinaguillermo Es la suma de las pirámides de los 4 países que trabajo en el sitio: Argentina, Colombia, México y Perú.	https://twitter.com/plenque/status/1348823245823348738	[]
plenque	Tue Jan 12 00:29:04 +0000 2021	35	4	"Reporte diario de hoy 11/01 para Argentina. Son 8832 nuevos casos confirmados (8701 neto) y 160 fallecidos (159 neto).

https://t.co/bOyHIVgck2 https://t.co/t19ddkgIwh"	https://twitter.com/plenque/status/1348789052888199168	[]
plenque	Mon Jan 11 23:51:30 +0000 2021	3	0	@eracucu @octaviobramajo En breve. El problema que tengo es que la proyección de población 2020 por departamento no está por edad quinquenal. Tengo que pensar bien cómo resolverlo (aka, el otro copiado me va a ayudar).	https://twitter.com/plenque/status/1348779601271644160	[]
plenque	Mon Jan 11 22:51:13 +0000 2021	15	0	@Epi_Net @octaviobramajo En el sitio tengo Argentina, Colombia, México y Perú. Planeo empezar a publicar comparaciones entre áreas metropolitanas, departamentos, etc.	https://twitter.com/plenque/status/1348764428431450113	[]
plenque	Mon Jan 11 22:48:16 +0000 2021	1	1	"@rodriguez_val @rundav5 @agaviriau @JorgeATovar @simongerman600 @QuotesforGoal @GermnBarrero1 @lamorenolam Ojo que los promedios pueden engañar. Puede que eso ocurra en algunas zonas, pero casi seguro que no en todas. Sobre todo en países grandes. Dejo link al mapa de incidencia acumulada del Perú.

https://t.co/Potlgm0KJk"	https://twitter.com/plenque/status/1348763686404579328	[]
plenque	Mon Jan 11 22:42:29 +0000 2021	3	0	@octaviobramajo La sabiduría es toda suya	https://twitter.com/plenque/status/1348762233279545350	[]
plenque	Mon Jan 11 22:32:42 +0000 2021	1	0	@octaviobramajo @melquiadess Supongo que tener un censo tan lejano con poca población hacen que la proyección no sea tan precisa, ¿no?	https://twitter.com/plenque/status/1348759771663511552	[]
plenque	Mon Jan 11 22:20:18 +0000 2021	42	1	Vale aclarar que, si bien la edad es el principal factor de riesgo asociado a la enfermedad, existen otros parámetros por los que normalizar (nivel socioeconómico, prevalencia de comorbilidades, etc.) así que queda mucho por analizar.	https://twitter.com/plenque/status/1348756647934631938	[]
plenque	Mon Jan 11 22:20:17 +0000 2021	34	2	Como estándar elegí la suma de la población 2020 de los países del sitio para poder armar comparaciones a distintos niveles (ciudades, áreas metropolitanas, etc.). La idea es incorporar una funcionalidad que permita elegir lugares. https://t.co/X8hmnXhxyz	https://twitter.com/plenque/status/1348756645195767808	[]
plenque	Mon Jan 11 22:20:16 +0000 2021	33	2	La tabla estandarizada debe leerse como la mortalidad esperada en cada lugar si su pirámide fuera la del estándar elegido. Este link permite leer un poco más sobre el método: https://t.co/ov89XAumPw	https://twitter.com/plenque/status/1348756640095481859	[]
plenque	Mon Jan 11 22:20:15 +0000 2021	197	44	El genio de @octaviobramajo me pasó un método para estandarizar tasas de mortalidad para lugares con estructura etaria distinta. Van las tablas de mortalidad (x 100000 habitantes) y la estandarizada. https://t.co/XTYTG1Qx3L	https://twitter.com/plenque/status/1348756637574713348	[]
plenque	Mon Jan 11 20:12:06 +0000 2021	4	0	@uadlup Al principio no me gustó tanto que use un arma, pero en ningún momento apela su función sino a su resistencia. Igual creo que es un recurso para que se viralice!	https://twitter.com/plenque/status/1348724387969691649	[]
plenque	Mon Jan 11 17:23:28 +0000 2021	5	1	@fromthewest86 @rquiroga777 De acuerdo. El tema es que tampoco sabemos si los problemas son logísticos y la ocupación que generaría la aplicación de segunda dosis podría ser empleado para aplicaciones adicionales de la primera. En todo caso, deberían aclarar bien la lógica de todo esto.	https://twitter.com/plenque/status/1348681948298883074	[]
plenque	Mon Jan 11 16:50:07 +0000 2021	1	0	@diegotajer a quién le importa la utilidad... seguro son de una ñoñez hermosa.	https://twitter.com/plenque/status/1348673553915387905	[]
plenque	Mon Jan 11 16:13:29 +0000 2021	1	0	@ProgramaAEDuns 🙏 ¡Muchas gracias!	https://twitter.com/plenque/status/1348664336877826049	[]
plenque	Mon Jan 11 15:48:30 +0000 2021	6	1	@rquiroga777 En ningún caso tenemos datos fehacientes, pero he visto info de AZ para eficacia de una sola dosis.	https://twitter.com/plenque/status/1348658051373531136	[]
plenque	Mon Jan 11 15:38:45 +0000 2021	6	0	@cingolani_oscar Escribí esto en ese mismo sentido: https://t.co/F2B1iXPvq1	https://twitter.com/plenque/status/1348655597319819265	[]
plenque	Mon Jan 11 15:22:56 +0000 2021	4	0	@rquiroga777 Claro, pero la pregunta hay que hacerla una por una. La respuesta puede no ser la misma. En algunas tenemos algún dato del esquema alternativo y en otras no.	https://twitter.com/plenque/status/1348651617244082183	[]
plenque	Mon Jan 11 15:17:56 +0000 2021	9	0	"@rquiroga777 Fijate acá lo que ponía Pablo. Creo que esa es la pregunta clave.

https://t.co/ITxfJWcGzv"	https://twitter.com/plenque/status/1348650357757505541	[]
plenque	Mon Jan 11 14:35:58 +0000 2021	12	0	@JSchmukler Quizás plantea que el cuello de botella es la aplicación y no el producto.	https://twitter.com/plenque/status/1348639797670195202	[]
plenque	Mon Jan 11 14:29:14 +0000 2021	3	0	@SergioFelperin @lualque J'Accuse…!	https://twitter.com/plenque/status/1348638100747124738	[]
plenque	Mon Jan 11 12:42:08 +0000 2021	1	0	@kakape cc  @sek1982	https://twitter.com/plenque/status/1348611149571436544	[]
plenque	Mon Jan 11 01:31:57 +0000 2021	2	0	@Coloboren ¡Fue más olfato que datos!	https://twitter.com/plenque/status/1348442489980596228	[]
plenque	Mon Jan 11 01:28:25 +0000 2021	1	0	@Coloboren ¿TDF?	https://twitter.com/plenque/status/1348441603661324289	[]
plenque	Mon Jan 11 00:29:15 +0000 2021	41	4	"Reporte diario de hoy 10/01 para Argentina. Son 7865 nuevos casos confirmados (7808 neto) y 78 fallecidos.

https://t.co/LHwxM4alVF https://t.co/SOVngXVOjG"	https://twitter.com/plenque/status/1348426713227780096	[]
plenque	Sun Jan 10 22:31:35 +0000 2021	0	0	"@Tonga23 No te olvides de darle a ""Enviar"". Estas son las dos imágenes que obtengo de Argentina y CABA en valores absolutos. https://t.co/b7uxKxscAi"	https://twitter.com/plenque/status/1348397099868631045	[]
plenque	Sun Jan 10 21:55:25 +0000 2021	1	0	"@Tonga23 Podés filtrar por CABA los datos de Argentina. La diferencia era poca y no tenía sentido publicar ambos. Queda así. El checkbox ""Por población"" controla que muestre fallecidos por millón o fallecidos absolutos. https://t.co/8POQ1KQuhK"	https://twitter.com/plenque/status/1348387997264306180	[]
plenque	Sun Jan 10 19:11:02 +0000 2021	2	0	@gonzalomari @merkelista_ @ergasto La mía se llama Florencia así que todo bien 😂	https://twitter.com/plenque/status/1348346631725445120	[]
plenque	Sun Jan 10 18:27:55 +0000 2021	12	0	@merkelista_ @ergasto Qué linda que sos, Florencia	https://twitter.com/plenque/status/1348335779462963200	[]
plenque	Sun Jan 10 18:15:45 +0000 2021	3	0	@GonzaloRMDT The dark side I sense in you	https://twitter.com/plenque/status/1348332717189042176	[]
plenque	Sun Jan 10 02:44:57 +0000 2021	1	0	@lucasmmedrano07 ¡¡Gracias!! 💪	https://twitter.com/plenque/status/1348098473435009026	[]
plenque	Sun Jan 10 02:27:40 +0000 2021	0	0	@CulebraRH @tonchi45 Totalmente. Varios me comentario lo mismo por acá. Hablan de una enormidad de clicks para cargar algún dato básico.	https://twitter.com/plenque/status/1348094126420611073	[]
plenque	Sun Jan 10 02:06:39 +0000 2021	1	0	@Lemeit Buenas. Estoy tomando los casos por fecha de diagnóstico que son los que viajan al SISA. Uso ese mismo ratio, pero puede que el reporte al SISA esté mucho más atrasado.	https://twitter.com/plenque/status/1348088835264180226	[]
plenque	Sun Jan 10 00:38:02 +0000 2021	2	0	@BorisLeonel Cambia mucho, de golpe y encima la demora es muy grande. Es difícil saber.	https://twitter.com/plenque/status/1348066533596135428	[]
plenque	Sun Jan 10 00:29:23 +0000 2021	19	3	Hoy Neuquén con muchos fallecidos antiguos arrancando desde septiembre.	https://twitter.com/plenque/status/1348064360145575937	[]
plenque	Sun Jan 10 00:28:06 +0000 2021	43	10	"Reporte diario de hoy 09/01 para Argentina. Son 11122 nuevos casos confirmados (11061 neto) y 144 fallecidos.

https://t.co/v7gitiS5hW https://t.co/5FPiELkDxs"	https://twitter.com/plenque/status/1348064033627377664	[]
plenque	Sat Jan 09 22:34:30 +0000 2021	1	0	@ProgramaAEDuns Parece tan burdo si uno se abstrae. Pero en el barro no hay perspectiva.	https://twitter.com/plenque/status/1348035447331676161	[]
plenque	Sat Jan 09 21:31:48 +0000 2021	1	0	@_mintyflavor En el recontra horno. Güer Aike me da 894 de incidencia x 100k para los últimos 14 días (máximo 150 pusieron) y 1,71 el ratio de crecimiento (1,2 pusieron).	https://twitter.com/plenque/status/1348019667982553092	[]
plenque	Sat Jan 09 21:28:10 +0000 2021	2	0	@AJFG10 No, por desgracia no hay datos abiertos de eso. Solo está lo que se comunica a la prensa diariamente (no todos los lugares) y hay que ir recopilando a mano. Creo que el único que publica ese dato es CABA para las camas públicas.	https://twitter.com/plenque/status/1348018755490762757	[]
plenque	Sat Jan 09 21:26:54 +0000 2021	1	0	@_mintyflavor La métrica de ratios no les da tan mal. Lo que pasa es que están con un crecimiento sostenido de hace un montón que no cede. Creo que las reglas que definieron los dejan mejor parados de lo que están.	https://twitter.com/plenque/status/1348018436149014530	[]
plenque	Sat Jan 09 21:23:44 +0000 2021	1	0	@esemarcusse Son las métricas de riesgo que definió el gobierno. Las que salieron ayer en los diarios.	https://twitter.com/plenque/status/1348017637243105282	[]
plenque	Sat Jan 09 20:44:56 +0000 2021	1	0	@diegotajer El mundo occidental pende de tu pluma.	https://twitter.com/plenque/status/1348007875533221892	[]
plenque	Sat Jan 09 20:34:54 +0000 2021	1	0	@tirmanSL @DraC_2020 Todavía no habilité las nuevas métricas para el informe por barrios, pero esta es la curva de casos: https://t.co/AYlpT0Sbih	https://twitter.com/plenque/status/1348005347290701845	[]
plenque	Sat Jan 09 20:33:19 +0000 2021	2	0	@ndchiariello Sí, claro, la incidencia de los últimos 14 días es mucho más alta que eso. Estoy tomando los casos por fecha de diagnóstico hasta hace 3 días que es cuando se estabiliza la curva. La población es la proyección 2020 del INDEC.	https://twitter.com/plenque/status/1348004950870257668	[]
plenque	Sat Jan 09 20:31:42 +0000 2021	1	0	@rquiroga777 ¡Muchas gracias!	https://twitter.com/plenque/status/1348004545406914560	[]
plenque	Sat Jan 09 20:31:10 +0000 2021	7	1	@tonchi45 El problema, según comunicaron del MSAL hace unos meses, es que se prioriza la carga de positivos y dejan para después los negativos. Eso mete un sesgo fuerte al alza.	https://twitter.com/plenque/status/1348004409792471041	[]
plenque	Sat Jan 09 20:30:06 +0000 2021	1	0	@Facundo_Chaco ¡Muchas gracias!	https://twitter.com/plenque/status/1348004138790039553	[]
plenque	Sat Jan 09 20:29:40 +0000 2021	0	0	@vcalvot ¡Gracias!	https://twitter.com/plenque/status/1348004030002429954	[]
plenque	Sat Jan 09 19:57:56 +0000 2021	1	0	@rusosnith ¡Gracias!	https://twitter.com/plenque/status/1347996046157295618	[]
plenque	Sat Jan 09 19:57:35 +0000 2021	4	0	@HConurbanensis El problema es que CABA tiene montones de casos que no tienen comuna y quedan en el limbo. Es uno de los principales defectos del dataset nación que CABA corrigió en el propio con georreferenciación.	https://twitter.com/plenque/status/1347995958320181253	[]
plenque	Sat Jan 09 19:45:59 +0000 2021	145	27	"Habilité en el panorama un nuevo modo ""Riesgo"" que permite ver evolución y situación actual (colores) en base a las dos nuevas métricas que definió el gobierno. La idea es tenerlas en todos los niveles hasta el departamental.

https://t.co/Gu6xydiQCw https://t.co/mFKqQDwq5e"	https://twitter.com/plenque/status/1347993036731650048	[]
plenque	Sat Jan 09 15:54:16 +0000 2021	4	0	@albinstromber No quiero invadir tu terreno, pero a veces twitter es una cárcel 😀	https://twitter.com/plenque/status/1347934725671948289	[]
plenque	Sat Jan 09 15:52:40 +0000 2021	0	0	@alxprince @fabiojquetglas @FlavioBuccino Sería interesante contar con datos abiertos de vacunación por departamento, al mismo nivel que tenemos la información epidemiológica.	https://twitter.com/plenque/status/1347934320443457543	[]
plenque	Sat Jan 09 14:27:04 +0000 2021	3	0	@RegaCarlos @OurWorldInData Llevo meses queriendo graficar eso para Argentina	https://twitter.com/plenque/status/1347912780163264513	[]
plenque	Sat Jan 09 13:00:52 +0000 2021	2	0	@sek1982 Ojalá. Me pasaron link y ahora lo miro seguido por eso: https://t.co/BCuj6F8oMq	https://twitter.com/plenque/status/1347891086908395523	[]
plenque	Sat Jan 09 12:47:20 +0000 2021	2	0	@jjcruces Si @fmendiguren no puede ayudarte, nadie puede.	https://twitter.com/plenque/status/1347887680705671168	[]
plenque	Sat Jan 09 12:29:18 +0000 2021	25	1	@PabloRichly Desde mi óptica, el escándalo incluye enterarnos por 3 o 4 cuentas informadas en Twitter.	https://twitter.com/plenque/status/1347883141319503872	[]
plenque	Sat Jan 09 12:24:24 +0000 2021	1	0	@ProgramaAEDuns Totalmente. Acá el mismo argumento: https://t.co/q0zlpVxrOV	https://twitter.com/plenque/status/1347881912107495428	[]
plenque	Sat Jan 09 00:29:35 +0000 2021	36	6	"Reporte diario de hoy 08/01 para Argentina. Son 13420 nuevos casos confirmados (13346 neto) y 151 fallecidos.

https://t.co/MgPxO9hTrs https://t.co/nDEgwPsATN"	https://twitter.com/plenque/status/1347702021013581826	[]
plenque	Fri Jan 08 22:50:18 +0000 2021	4	0	@anlopez1962 Del mismo tipo, a mi me mata este: https://t.co/03sZAgIusX	https://twitter.com/plenque/status/1347677034596737034	[]
plenque	Fri Jan 08 20:52:56 +0000 2021	0	0	"@NormaNicolau Claro, por eso la aclaración. En esta página se puede ver la demora de lo cargado hasta ahora: https://t.co/0KPw0avhqy

Corrientes parece mucho peor que Chubut."	https://twitter.com/plenque/status/1347647497263570947	[]
plenque	Fri Jan 08 17:49:36 +0000 2021	2	0	@ilmattomato @martintetaz Los datos crudos los podés bajar de acá: https://t.co/5Ggd8KQG4Q	https://twitter.com/plenque/status/1347601360787795971	[]
plenque	Fri Jan 08 17:49:06 +0000 2021	9	8	@ilmattomato @martintetaz Los datos que publica CABA los incluyo en esta página: https://t.co/KfScrOs9YV	https://twitter.com/plenque/status/1347601233863962631	[]
plenque	Fri Jan 08 16:59:23 +0000 2021	1	0	@LoyolaSteev ¡Gracias! Si querés, en el sitio ya tenés ese gráfico para los datos abiertos del Perú: https://t.co/86BIynvQ1G	https://twitter.com/plenque/status/1347588723093987330	[]
plenque	Fri Jan 08 16:24:11 +0000 2021	0	0	@leandroferreyro @silm1982 @rusosnith Habrá que mejorarlo si es así. De cualquier modo, nunca puede ser peor que todos sueltos en la plaza. Creo que eso es básico.	https://twitter.com/plenque/status/1347579865671860226	[]
plenque	Fri Jan 08 16:11:11 +0000 2021	54	15	@martintetaz En los datos abiertos no hay información sobre el modo de contagio. Solo CABA publica aperturado diferenciando comunitario / contacto estrecho / trabajador salud, pero no permite llegar a eso. De las encuestas creo que no hay nada público.	https://twitter.com/plenque/status/1347576593309458433	[]
plenque	Fri Jan 08 15:46:43 +0000 2021	0	0	@silm1982 @rusosnith Ese es justamente el peligro. Protocolizado nunca puede ser peor.	https://twitter.com/plenque/status/1347570435760807936	[]
plenque	Fri Jan 08 15:30:31 +0000 2021	1	0	@Lemeit ¡Igualita la fórmula!	https://twitter.com/plenque/status/1347566358872158208	[]
plenque	Fri Jan 08 15:14:24 +0000 2021	1	0	@Lemeit En el sitio tenés del departamento, pero obvio que los reportes locales te van a dar info más actualizada. https://t.co/CrfBynFGnE	https://twitter.com/plenque/status/1347562304741773312	[]
plenque	Fri Jan 08 15:01:59 +0000 2021	1	0	@Lemeit El Rt es un proxy armado con la variación de casos entre semanas. Este paper explica que es bastante similar a los cálculos más robustos: https://t.co/oNDuEFR38K	https://twitter.com/plenque/status/1347559179066736640	[]
plenque	Fri Jan 08 15:01:30 +0000 2021	1	0	@Lemeit El tiempo de duplicación es una fórmula prestablecida. Lo hago con una ventana de 7 días: 7 * Log(2) / (Log(casosAcumulados) - Log(casosAcumuladosSemanaAnterior))	https://twitter.com/plenque/status/1347559059151532035	[]
plenque	Fri Jan 08 14:46:39 +0000 2021	1	0	@Nicolas_Ajz La miraba y pensaba en right censoring. Maldita costumbre.	https://twitter.com/plenque/status/1347555320915177473	[]
plenque	Fri Jan 08 14:30:36 +0000 2021	1	0	@jorgefantin Buenísimo. Aclaro por las dudas que los campos que probablemente quieras usar son casos_dx, casos_fis y/o fallecidos. El contenido tiene un montón de cosas que uso en el sitio.	https://twitter.com/plenque/status/1347551281808859136	[]
plenque	Fri Jan 08 14:21:30 +0000 2021	0	0	@jorgefantin Tengo pendiente mejorar un poco esa expo para que admita zonas. Si te das maña con JSON podés tomar los datos directo del webservice. Esto sería el AMBA: https://t.co/aGnpIwJXg8	https://twitter.com/plenque/status/1347548992150925313	[]
plenque	Fri Jan 08 14:14:47 +0000 2021	2	0	@Raul02 No me atrevo a decir algo así porque hay departamentos que tuvieron una curva muy empinada y otros casi nada. Seguro que la incidencia acumulada tiene algún impacto, pero no sé cuánto.	https://twitter.com/plenque/status/1347547300743278597	[]
plenque	Fri Jan 08 14:09:08 +0000 2021	4	0	"Tucumán: 

Casos: https://t.co/zNJuGvfUWu

Fallecidos: https://t.co/M0Lm98dq3H

Nota: los reportes locales, cuando existen, pueden tener más información por las demoras de carga en el SISA."	https://twitter.com/plenque/status/1347545879046139905	[]
plenque	Fri Jan 08 14:09:07 +0000 2021	3	0	"Santiago del Estero: 

Casos: https://t.co/ex4IHyUBuw

Fallecidos: https://t.co/DqqRmXrBOs

Tierra del Fuego: 

Casos: https://t.co/K5QEafcQUq

Fallecidos: https://t.co/WbDwB1gHiL"	https://twitter.com/plenque/status/1347545876944846851	[]
plenque	Fri Jan 08 14:09:07 +0000 2021	3	0	"Santa Cruz: 

Casos: https://t.co/iBb5jjEayA

Fallecidos: https://t.co/fBk989FHCc

Santa Fe: 

Casos: https://t.co/ItbqesA0jA

Fallecidos: https://t.co/V4eGx2QPrs"	https://twitter.com/plenque/status/1347545874566701057	[]
plenque	Fri Jan 08 14:09:06 +0000 2021	2	0	"San Juan: 

Casos: https://t.co/rGWTvVq7Ul

Fallecidos: https://t.co/hrbDB8TZ2D

San Luis: 

Casos: https://t.co/lVE47y9gF5

Fallecidos: https://t.co/ufHb0J9nSg"	https://twitter.com/plenque/status/1347545872503078917	[]
plenque	Fri Jan 08 14:09:06 +0000 2021	2	0	"Río Negro: 

Casos: https://t.co/hIr6egzuZp

Fallecidos: https://t.co/EGSgU7NQFU

Salta: 

Casos: https://t.co/rZndApym6u

Fallecidos: https://t.co/4TfOXqk9xI"	https://twitter.com/plenque/status/1347545870493954048	[]
plenque	Fri Jan 08 14:09:05 +0000 2021	2	0	"Misiones: 

Casos: https://t.co/mD9hkcdtDW

Fallecidos: https://t.co/dVfitrFP8t

Neuquén: 

Casos: https://t.co/M35Hpe1vMc

Fallecidos: https://t.co/hfV1D9cMJx"	https://twitter.com/plenque/status/1347545868371636233	[]
plenque	Fri Jan 08 14:09:05 +0000 2021	2	0	"La Rioja: 

Casos: https://t.co/KSoyXiOYCX

Fallecidos: https://t.co/y37wlCEwud

Mendoza: 

Casos: https://t.co/kdXdgIs4a9

Fallecidos: https://t.co/uNXF5Z1GKs"	https://twitter.com/plenque/status/1347545865972559873	[]
plenque	Fri Jan 08 14:09:04 +0000 2021	3	1	"Jujuy: 

Casos: https://t.co/NgegTk3pOZ

Fallecidos: https://t.co/OH3OXo596l

La Pampa: 

Casos: https://t.co/4OVMq06nLz

Fallecidos: https://t.co/rPaR7jI1aB"	https://twitter.com/plenque/status/1347545863623729152	[]
plenque	Fri Jan 08 14:09:04 +0000 2021	2	0	"Entre Ríos: 

Casos: https://t.co/mFibkSBAUt

Fallecidos: https://t.co/6g55f8oRgX

Formosa: 

Casos: https://t.co/BQSN0zkUIK

Fallecidos: https://t.co/6pWX9XElUb"	https://twitter.com/plenque/status/1347545861656608769	[]
plenque	Fri Jan 08 14:09:03 +0000 2021	3	0	"Corrientes: 

Casos: https://t.co/iY1p0MomIl

Fallecidos: https://t.co/TEXJGp0aQm

Córdoba: 

Casos: https://t.co/ZdDyAyhTkc

Fallecidos: https://t.co/soOygCPvfb"	https://twitter.com/plenque/status/1347545859408486400	[]
plenque	Fri Jan 08 14:09:03 +0000 2021	2	0	"Chaco: 

Casos: https://t.co/DQg3fspU8k

Fallecidos: https://t.co/LVRY4UNhOy

Chubut: 

Casos: https://t.co/bOZ9kekmHi

Fallecidos: https://t.co/Sxmk4MDvrs"	https://twitter.com/plenque/status/1347545857189670917	[]
plenque	Fri Jan 08 14:09:02 +0000 2021	3	1	"CABA: 

Casos: https://t.co/AXJGSCGYMb

Fallecidos: https://t.co/TkXpam7DDO

Catamarca:

Casos: https://t.co/CYyaL5c8e3

Fallecidos: https://t.co/Jk2S7Incvp"	https://twitter.com/plenque/status/1347545855105134596	[]
plenque	Fri Jan 08 14:09:02 +0000 2021	7	1	"AMBA completo:

Casos: https://t.co/OHz2xGR85M

Fallecidos: https://t.co/zCyiQBMjgl

PBA sin AMBA:

Casos: https://t.co/g57Gb6mYy1

Fallecidos: https://t.co/aAEm7vuAfk

(En el selector del sitio también se pueden filtrar por región sanitaria y sectores del conurbano)"	https://twitter.com/plenque/status/1347545852357836801	[]
plenque	Fri Jan 08 14:09:01 +0000 2021	42	17	"Veo seguido gente que pide datos de su provincia así que voy a dejar links directos a cada zona relevante para que puedan ver las curvas actualizadas cuando quieran. Perdón por el hilo largo.

País completo:

Casos: https://t.co/0oHXVh3ESc

Fallecidos: https://t.co/KCjPX7pJZB"	https://twitter.com/plenque/status/1347545850222944258	[]
plenque	Fri Jan 08 13:34:49 +0000 2021	7	0	@lucasmmedrano07 Creo que en la Patagonia nunca llegó a bajar del todo. Lo de Santa Cruz y TDF es tremendo.	https://twitter.com/plenque/status/1347537241363668995	[]
plenque	Fri Jan 08 12:37:06 +0000 2021	0	0	@LauraMa08879131 Es que una cosa no invalida a la otra. Jóvenes es algo demasiado abarcativo, pero ahí te pasé las recomendaciones del CDC en cuanto a escuelas. Mismo el ECDC. No es excepción ni de cerca.	https://twitter.com/plenque/status/1347522717021560836	[]
plenque	Fri Jan 08 12:32:27 +0000 2021	1	0	@pensandoalpedo @nicobue Por favor, te pido que no insistas así no tengo que bloquearte.	https://twitter.com/plenque/status/1347521548534616064	[]
plenque	Fri Jan 08 12:29:42 +0000 2021	0	0	@pensandoalpedo @nicobue Listo che. Te dejo un saludo.	https://twitter.com/plenque/status/1347520854385684485	[]
plenque	Fri Jan 08 12:24:59 +0000 2021	2	1	"@LauraMa08879131 Casi todas las actividades tienen riesgo. En el análisis de costo / beneficio, son muchos los organismos internacionales que recomiendan que primarias sean lo último en cerrar y lo primero en abrir. Va uno.
https://t.co/20Mmkh7fpa"	https://twitter.com/plenque/status/1347519669121523714	[]
plenque	Fri Jan 08 12:22:30 +0000 2021	1	0	@pensandoalpedo @nicobue No, no le faltó. Aun si todo eso fuera preciso, me sigue pareciendo injusto el costo que pagan. Sobran organismos internacionales que recomiendan que escuelas sean lo último en cerrar y lo primero en abrir, no es una opinión suelta. Si bajás el tono va a ser más fácil.	https://twitter.com/plenque/status/1347519042261815298	[]
plenque	Fri Jan 08 11:26:08 +0000 2021	3	0	@fedelowe Hay un antes y un después. Ahora con el barbijo igual es más difícil, pero ya volverán al 100%.	https://twitter.com/plenque/status/1347504860556652546	[]
plenque	Fri Jan 08 11:19:53 +0000 2021	1	0	@andyneumeyer @UnPontifisex Es parte del combo. El subdiagnóstico se dan porque tienen mucho menos riesgos.	https://twitter.com/plenque/status/1347503287344508930	[]
plenque	Fri Jan 08 11:18:20 +0000 2021	0	0	@erisliberta @EcoLedesma No sé. El otro día leía la experiencia de una maestra jardinera que me dio mucho miedo. No eran contenidos académicos sino hitos de desarrollo. Es muy difícil de medir.	https://twitter.com/plenque/status/1347502894480814080	[]
plenque	Fri Jan 08 11:16:36 +0000 2021	1	0	@Epi_Net @Atreyu25655805 Excelente. Creo que todo el hilo estaba relacionado con eso. Soporte cuantitativo para poder hacer ese análisis.	https://twitter.com/plenque/status/1347502460714278916	[]
plenque	Fri Jan 08 11:14:29 +0000 2021	1	0	@klobuk70 Es imposible cerrar 100% por mucho tiempo. Perjudica a los que menos tienen porque igual van a salir. Tener más información permitiría hacer intervenciones inteligentes viendo costo / beneficio de cada una.	https://twitter.com/plenque/status/1347501927429505030	[]
plenque	Fri Jan 08 03:08:01 +0000 2021	3	0	@MundopineAxel Es muy difícil prohibir todo. Saber cuál de todos los eventos fue el principal driver de contagio nos permitiría direccionar correctamente las medidas. Ese es el sentido del tuit.	https://twitter.com/plenque/status/1347379505896292352	[]
plenque	Fri Jan 08 02:30:31 +0000 2021	0	0	@nami442 @PabloRichly @rusosnith ¿Dónde me tengo que anotar para recibir esa preciosura?	https://twitter.com/plenque/status/1347370067902816256	[]
plenque	Fri Jan 08 01:53:23 +0000 2021	3	0	"@fromthewest86 @PabloRichly @rusosnith Serían PCR de saliva. Un detalle que me hicieron notar es  que CABA en el reporte diario cambió ""hisopados diarios"" por ""PCR diarios"". Igual hay que andar adivinando."	https://twitter.com/plenque/status/1347360720334295040	[]
plenque	Fri Jan 08 01:48:01 +0000 2021	6	0	@nicobue Estás suponiendo que dije lo que vos querés y la verdad que no quiero seguir discutiendo por discutir. Hay mucha otra gente con la que podés hablar en Tuiter.	https://twitter.com/plenque/status/1347359371756503040	[]
plenque	Fri Jan 08 01:29:30 +0000 2021	0	0	@nicobue Entonces estás de acuerdo con el contenido del tuit. ¡Enhorabuena!	https://twitter.com/plenque/status/1347354710492250113	[]
plenque	Fri Jan 08 01:27:19 +0000 2021	0	0	@PabloRichly @mstrazzaboschi1 Es que no vi datos más que los de esa nota de LN. ¿Hay?	https://twitter.com/plenque/status/1347354161285914627	[]
plenque	Fri Jan 08 01:19:29 +0000 2021	2	0	@PabloRichly @rusosnith No, los tests de viaje meten ruido en la positividad hasta donde sé. Cambió el termómetro digamos.	https://twitter.com/plenque/status/1347352189514211328	[]
plenque	Fri Jan 08 01:15:59 +0000 2021	2	0	@rusosnith @PabloRichly Aahhh... yo pensé que decía de contrastar los sospechosos comunes con los de turismo. Tampoco sabía que existieran si es así.	https://twitter.com/plenque/status/1347351311780601858	[]
plenque	Fri Jan 08 01:09:05 +0000 2021	21	0	@cingolani_oscar Reclamo fervorosamente datos, pero haría lo mismo. Los pido para que muchos lo hagan porque eso necesitamos.	https://twitter.com/plenque/status/1347349571740037120	[]
plenque	Fri Jan 08 01:06:39 +0000 2021	0	0	@PabloRichly Sí, es baja por lo que leí: https://t.co/4lS23r2Twb	https://twitter.com/plenque/status/1347348963024887811	[]
plenque	Fri Jan 08 01:04:18 +0000 2021	4	0	@nicobue Esa parece una definición arbitraria más que un argumento. Solo puedo decir que no lo comparto. No creo que tantos chicos puedan tener más de un año sin presencialidad si tienen muy bajo riesgo. Podemos cerrar un montón de cosas antes.	https://twitter.com/plenque/status/1347348371577696263	[]
plenque	Fri Jan 08 00:30:24 +0000 2021	38	7	"Reporte diario de hoy 07/01 para Argentina. Son 13929 nuevos casos confirmados (13835 neto) y 146 fallecidos.

https://t.co/CQSiNMrgle https://t.co/98TEQrZ2fA"	https://twitter.com/plenque/status/1347339840480800770	[]
plenque	Fri Jan 08 00:19:37 +0000 2021	3	0	@cielo2009 @totanetti Yo sirvo atrás de una compu, jajaja	https://twitter.com/plenque/status/1347337126279606272	[]
plenque	Fri Jan 08 00:18:33 +0000 2021	1	0	@cielo2009 @gaingon @nicolas09F9 Me declaro culpable. Miro poca tele.	https://twitter.com/plenque/status/1347336854853591042	[]
plenque	Thu Jan 07 23:25:18 +0000 2021	0	0	@mapolo1978 @EcoLedesma Sí, los diagnósticos por nexo epi están, siempre que los dieran por positivos. Igual hay montón de subdiagnóstico justamente porque no tienen síntomas y riesgo bajísimo.	https://twitter.com/plenque/status/1347323457218998272	[]
plenque	Thu Jan 07 23:24:04 +0000 2021	2	0	@diegonomic Lo hay seguro. Justamente porque no tienen síntomas. Es la parte de la ecuación de no tener riesgos -&gt; tampoco beneficios significativos, pero muchos costos.	https://twitter.com/plenque/status/1347323146676928513	[]
plenque	Thu Jan 07 23:00:17 +0000 2021	4	0	@nicobue Ese es el punto. Tienen mucho menos riesgo y pagan los mismos costos. Tenemos que mejorar esa ecuación.	https://twitter.com/plenque/status/1347317161543557121	[]
plenque	Thu Jan 07 22:40:07 +0000 2021	6	0	@ViajarOmorir @flandivar Es que es parte del argumento. Cayó sobre ellos una enorme parte del costo sin tener riesgo.	https://twitter.com/plenque/status/1347312084602802178	[]
plenque	Thu Jan 07 22:37:43 +0000 2021	6	1	"@CJVenturini Van las dos curvas juntas por millón de habitantes. En el sitio podés filtrar para el lugar que quieras.
https://t.co/W2UENp2fDg https://t.co/d1Z3GzoPPH"	https://twitter.com/plenque/status/1347311480312635395	[]
plenque	Thu Jan 07 22:35:10 +0000 2021	1	0	@EcoLedesma Ya está normalizado por población. El numerito es de casos por millón de habitantes.	https://twitter.com/plenque/status/1347310839192313856	[]
plenque	Thu Jan 07 22:34:15 +0000 2021	38	4	@EcoLedesma Quiero creer que no, espero que no. Igual lo importante es hacer algo ahora. Me pongo personal: que cierren cualquier cosa, pero dejen que mi hijo vuelva a tener amigos.	https://twitter.com/plenque/status/1347310606903336961	[]
plenque	Thu Jan 07 22:30:06 +0000 2021	2	0	@fmendiguren ¡Gracias!	https://twitter.com/plenque/status/1347309565772226561	[]
plenque	Thu Jan 07 22:29:08 +0000 2021	4	0	@gusludmer Fueron los que menos salieron. Aun si fueran igual de susceptibles fueron los menos expuestos.	https://twitter.com/plenque/status/1347309320686469120	[]
plenque	Thu Jan 07 22:19:42 +0000 2021	409	121	Los que menos se contagiaron (y detectamos) son los que menos riesgo tenían. Creo que tuvieron la peor relación costo / beneficio, pero no van a levantar la voz. Tiene que haber otras opciones antes de pedirles más. https://t.co/iFh4GxX0po	https://twitter.com/plenque/status/1347306945150128128	[]
plenque	Thu Jan 07 22:10:32 +0000 2021	1	0	@agusstosca @Jack_flax ¡Gracias!	https://twitter.com/plenque/status/1347304640120049665	[]
plenque	Thu Jan 07 21:58:02 +0000 2021	1	0	@agusstosca @Jack_flax ¿Sabés si hubo resultados?	https://twitter.com/plenque/status/1347301494694010883	[]
plenque	Thu Jan 07 21:39:30 +0000 2021	1	0	@NabetseOss Hay algunos sitios que hacen eso, pero si la info epidemiológica es muy difícil de comparar, me parece que las medidas de ese tipo son más difíciles aún. Yo buscaría más por el lado de papers y estudios serios.	https://twitter.com/plenque/status/1347296831802404867	[]
plenque	Thu Jan 07 21:23:29 +0000 2021	1	0	@gaingon @nicolas09F9 No lo ubico. Luego voy a buscar. Gracias.	https://twitter.com/plenque/status/1347292801084624896	[]
plenque	Thu Jan 07 21:16:44 +0000 2021	0	0	@gaingon @nicolas09F9 Pero es la única epidemióloga, ¿o me equivoco? El otro que sale en los medios es Rubinstein. ¿Hay alguno más?	https://twitter.com/plenque/status/1347291101904957441	[]
plenque	Thu Jan 07 21:10:41 +0000 2021	1	0	@gaingon @nicolas09F9 Hay pocos epidemiólogos en los medios y es una pena. Medio que todo se confunde con todo y  creo que su visión podría aportar. ¡Es su área, no jodamos!	https://twitter.com/plenque/status/1347289577992704000	[]
plenque	Thu Jan 07 20:30:04 +0000 2021	0	0	@nicolas09F9 La verdad que era una buena frase para poner en el hilo y no se me ocurrió.	https://twitter.com/plenque/status/1347279354716426244	[]
plenque	Thu Jan 07 20:19:40 +0000 2021	10	0	@totanetti El tema es que se sabe cómo se frena, pero es casi imposible lograr un lockdown completo. Hay que poner foco en el costo / beneficio muy finito y sin datos es muy jodido.	https://twitter.com/plenque/status/1347276738741624833	[]
plenque	Thu Jan 07 20:15:49 +0000 2021	1	0	@Gabiziblat ¡Gracias!	https://twitter.com/plenque/status/1347275770557825031	[]
plenque	Thu Jan 07 20:15:03 +0000 2021	7	0	"@Jack_flax Sisi... Vi en varios lugares. Así de memoria Australia y EEUU. Acá tenés un estudio: https://t.co/U6dH2ZPNIo
De que se hiciera acá no leí nada."	https://twitter.com/plenque/status/1347275575891800065	[]
plenque	Thu Jan 07 20:05:23 +0000 2021	0	0	@pablomarzocca Muchas gracias!	https://twitter.com/plenque/status/1347273145208741888	[]
plenque	Thu Jan 07 19:56:47 +0000 2021	2	0	@curcicastro Totalmente. Hay mucho de caótico e impredecible, son sistemas muy complejos. Por eso hay que justificar bien las medidas.	https://twitter.com/plenque/status/1347270978850713603	[]
plenque	Thu Jan 07 19:35:05 +0000 2021	0	0	@CJVenturini Totalmente. No dudo de que las medidas se toman con fundamento. Esa explicación detallada ayudaría mucho.	https://twitter.com/plenque/status/1347265521352396808	[]
plenque	Thu Jan 07 18:43:24 +0000 2021	101	7	"Todos los datos que los gobiernos dejan trascender por la prensa o estudios ""cerrados"" deberían ser de acceso público. Arriesgarse a fracasar por bajo acatamiento  generaría aún más incertidumbre."	https://twitter.com/plenque/status/1347252511183433730	[]
plenque	Thu Jan 07 18:43:23 +0000 2021	114	9	Llego entonces al punto. Todos tenemos que estar alineados tras un mismo objetivo y para eso necesitamos saber dónde estamos. Testear y rastrear más nos permitiría informar mejor y justificar las medidas. Odio repetirme, pero siempre llego a la confianza.	https://twitter.com/plenque/status/1347252509405028359	[]
plenque	Thu Jan 07 18:43:23 +0000 2021	91	7	Me gasté los ojos mirando curvas y me sorprende que alguien pueda asegurar, solo con los datos públicos, cuál es el mecanismo subyacente que dio inicio a este rebrote y, mucho menos, cuándo va a terminar. Nuestra positividad habla de que mucho pasa por fuera del radar.	https://twitter.com/plenque/status/1347252507639246849	[]
plenque	Thu Jan 07 18:43:22 +0000 2021	36	0	Desde que arrancamos con la epidemia muchos discuten si testeo y/o rastreo sirven o no para controlarla, pero a mi me interesa analizar la otra función que cumple que es la informativa. Por estos días se ve claro.	https://twitter.com/plenque/status/1347252505269448705	[]
plenque	Thu Jan 07 18:43:22 +0000 2021	132	25	Leo por acá innumerables teorías para explicar el aumento de casos: turismo, nueva variante, reuniones por fiestas, velorios, manifestaciones, jóvenes de joda, irradiación geográfica y seguro me olvido varias.	https://twitter.com/plenque/status/1347252503071625219	[]
plenque	Thu Jan 07 17:09:33 +0000 2021	11	0	Mucho pasa por fuera del radar cuando los sistemas de vigilancia no están desarrollados. https://t.co/PlyaVy49L0	https://twitter.com/plenque/status/1347228895276388355	[]
plenque	Thu Jan 07 16:33:19 +0000 2021	1	0	@johnfrunciente Me parece que no hay otra opción. Son errores esperables. A mi ya me pasó unas cuantas veces en mi laburo.	https://twitter.com/plenque/status/1347219775013990401	[]
plenque	Thu Jan 07 15:54:59 +0000 2021	1	0	@JPVarsky Es un genio	https://twitter.com/plenque/status/1347210131386363905	[]
plenque	Thu Jan 07 15:34:13 +0000 2021	0	0	@SergioFelperin @HernaniiBA ¡Me vas a hacer llorar!	https://twitter.com/plenque/status/1347204903786205185	[]
plenque	Thu Jan 07 15:11:31 +0000 2021	2	0	@rusosnith Tenemos un brote joven que no queda del todo claro y al día siguiente toque de queda. Estamos avanzando espasmódicamente y va a ser difícil lograr algo así.	https://twitter.com/plenque/status/1347199191697809409	[]
plenque	Thu Jan 07 14:46:38 +0000 2021	0	0	"@lauri9090 Utilizando las proyecciones 2020 del INDEC. Puede que tengan algún error en esa franja (tiene pocos individuos y mucha incidencia), pero es algo que veo parecido en otros países. Esto es Colombia con las proyecciones del DANE. Podés ver números acá:
https://t.co/W2UENp2fDg https://t.co/b9oAyCzeTI"	https://twitter.com/plenque/status/1347192927462821894	[]
plenque	Thu Jan 07 14:22:58 +0000 2021	42	4	@constant_hevia Ese es el problema de no tener datos. Dependemos de la confianza. Cualquier escenario que tiene sentido puede darse y cada cual elige a quien creerle.	https://twitter.com/plenque/status/1347186973975392257	[]
plenque	Thu Jan 07 14:06:44 +0000 2021	2	0	@PabloRichly Las curvas de casos no se llevan bien con los indicadores de movilidad esos. Vaya uno a saber.	https://twitter.com/plenque/status/1347182887230173184	[]
plenque	Thu Jan 07 11:56:08 +0000 2021	13	0	@LMoscovich Veo personas mayores sin barbijo comiendo en lugar cerrado con ventanas cerradas y no lo puedo creer. Algo falló si pasa eso.	https://twitter.com/plenque/status/1347150020076851203	[]
plenque	Thu Jan 07 01:47:55 +0000 2021	1	0	"@guillermomlopez Podés ver diariamente el reporte diario o la tenés en ""chiquito"" acá: https://t.co/a9LGlB7saB"	https://twitter.com/plenque/status/1346996958754459650	[]
plenque	Thu Jan 07 01:43:43 +0000 2021	1	0	@guillermomlopez UTI pareciera estar cambiando la tendencia ahora, al menos en CABA. Por desgracia lleva tiempo, pero si no aflojan los casos es difícil evitarlo.	https://twitter.com/plenque/status/1346995900636422147	[]
plenque	Thu Jan 07 01:39:40 +0000 2021	1	0	@guillermomlopez También puede ser lag biológico + lag administrativo (demora de carga). Hay que esperar un poco.	https://twitter.com/plenque/status/1346994883567865858	[]
plenque	Thu Jan 07 01:33:30 +0000 2021	1	0	@gabrielzelpo @AmericaTV @michaelmina_lab Totalmente. Ese ejemplo puntual está en la nota.	https://twitter.com/plenque/status/1346993328613711878	[]
plenque	Thu Jan 07 01:24:31 +0000 2021	4	0	@gabrielzelpo @AmericaTV El debate pasa por el uso que se les dé. Una cosa es tomarlos para diagnóstico clínico y otra distinta como herramienta de vigilancia epidemiológica. Acá @michaelmina_lab (muy a favor) lo resume: https://t.co/IJQufBRyON	https://twitter.com/plenque/status/1346991070446546946	[]
plenque	Thu Jan 07 00:27:08 +0000 2021	37	3	"Reporte diario de hoy 06/01 para Argentina. Son 13527 nuevos casos confirmados (13442 neto) y 191 fallecidos.

https://t.co/iI3t8hhYxu https://t.co/gxL6A036Mk"	https://twitter.com/plenque/status/1346976630019940352	[]
plenque	Wed Jan 06 23:59:10 +0000 2021	2	0	@drpablocorral @alefolgarait Gracias!	https://twitter.com/plenque/status/1346969589230555141	[]
plenque	Wed Jan 06 23:46:39 +0000 2021	1	0	@alefolgarait Perdón por la ignorancia, pero si no pudieron demostrar reducción de mortalidad, por qué dice que puede salvar vidas?	https://twitter.com/plenque/status/1346966439534747653	[]
plenque	Wed Jan 06 22:12:34 +0000 2021	0	0	@AlejandrodeBar1 ¿Se sabe si habrá datos abiertos de eso?	https://twitter.com/plenque/status/1346942762269220865	[]
plenque	Wed Jan 06 19:54:20 +0000 2021	3	0	@srodriguezrey @SoleGuilera @LBTaikonauta @fedetiberti Yo lo que quiero es cruzar la curva de casos con la de vacunas aplicadas. Bah, también lo quiero meter en el mapa. Es mucho lo que se puede hacer con esa info.	https://twitter.com/plenque/status/1346907976397975555	[]
plenque	Wed Jan 06 19:48:27 +0000 2021	1	0	@srodriguezrey @LBTaikonauta @SoleGuilera @fedetiberti Todavía no hay datos abiertos que yo sepa. Los espero ansioso. Lo único que hay son reportes esporádicos a la prensa con totales.	https://twitter.com/plenque/status/1346906497163403264	[]
plenque	Wed Jan 06 19:19:36 +0000 2021	7	1	@chaquetumate @ugemitch Cuando la única herramienta que tenés es un martillo, todo problema se parece a un clavo	https://twitter.com/plenque/status/1346899235199975426	[]
plenque	Wed Jan 06 18:54:09 +0000 2021	16	1	Luego podríamos aclarar que esto depende de la detección y que los jóvenes tienen mayor nivel de subdiagnóstico, pero esa es una discusión aparte.	https://twitter.com/plenque/status/1346892831743488001	[]
plenque	Wed Jan 06 18:54:09 +0000 2021	21	1	En el acumulado, normalizado por población y tomando grupos decenales de edad, se puede ver que las franjas con mayor cantidad de casos son 30-39, 40-49 y 90+. https://t.co/Ah5FVNs4li	https://twitter.com/plenque/status/1346892829101092864	[]
plenque	Wed Jan 06 18:54:07 +0000 2021	8	1	El problema es que, en la proyección 2020, un 23% de la población argentina pertenece a esa franja. Entonces, al estar más representada que otras, es razonable que tenga más contagiados. Si normalizamos ese dato da un 22% de los contagiados (como decía, la tendencia no cambia). https://t.co/b8zHJXpuk3	https://twitter.com/plenque/status/1346892823933677571	[]
plenque	Wed Jan 06 18:54:06 +0000 2021	26	4	Los otros días salió publicado un gráfico del sitio parecido a este con todas las franjas. Me parece útil para mostrar la tendencia, pero creo que quedarnos en que a la fecha el 29% de los contagiados tienen entre 15 y 29 años no alcanza. https://t.co/7e9hFsD0fb	https://twitter.com/plenque/status/1346892818711801860	[]
plenque	Wed Jan 06 18:24:49 +0000 2021	1	0	@fmendiguren Nunca se equivoca y menos en un tema tan sensible	https://twitter.com/plenque/status/1346885447331573760	[]
plenque	Wed Jan 06 16:27:26 +0000 2021	8	0	@SolMsol19 El panorama no es alentador, por desgracia. Mi intención no es minimizar la situación ni de cerca, solo analizar bien.	https://twitter.com/plenque/status/1346855909373468673	[]
plenque	Wed Jan 06 15:54:16 +0000 2021	0	0	@rusosnith @RosanaToro5 @rominalbruno ¿Estoy en eso qué sería? ¿Estás laburando con el MSAL? Mirá que colgo y me moiro.	https://twitter.com/plenque/status/1346847560238059520	[]
plenque	Wed Jan 06 15:32:02 +0000 2021	2	0	@RosanaToro5 @rominalbruno No puedo hablar de primera mano porque no he visto el sistema, pero me da la sensación de que trabajando la usabilidad la calidad de los datos que genera sería notoriamente superior. @rusosnith se haría un festín.	https://twitter.com/plenque/status/1346841967192403968	[]
plenque	Wed Jan 06 14:29:35 +0000 2021	4	0	@morhijo Sí, claro, es lo mismo. Lo importante es no quedarnos con un solo día.	https://twitter.com/plenque/status/1346826251953123329	[]
plenque	Wed Jan 06 14:20:14 +0000 2021	202	26	Miremos medias semanales si no queremos volvernos locos. Venimos de tres fines de semana super largos casi pegados. Los números tienen mucho ruido como para quedarnos con un solo día (sea bajo o alto).	https://twitter.com/plenque/status/1346823895865839617	[]
plenque	Wed Jan 06 02:25:55 +0000 2021	0	0	@rominalbruno Totalmente. Ayer también hubo. Los dedos se acostumbran!	https://twitter.com/plenque/status/1346644131548946433	[]
plenque	Wed Jan 06 01:11:36 +0000 2021	2	0	@Tostadomixto Ojo que los casos son siempre bastante recientes (entrega de resultado).	https://twitter.com/plenque/status/1346625431391367171	[]
plenque	Wed Jan 06 00:35:37 +0000 2021	43	9	"Reporte diario de hoy 05/01 para Argentina. Son 13870 nuevos casos confirmados (13790 neto) y 151 fallecidos.

https://t.co/OlkpWdUa56 https://t.co/kXZWKeotti"	https://twitter.com/plenque/status/1346616377176633351	[]
plenque	Tue Jan 05 22:09:01 +0000 2021	31	0	@rquiroga777 Qué bueno estaría que liberen esos datos para poder analizarlos.	https://twitter.com/plenque/status/1346579481532768256	[]
plenque	Tue Jan 05 21:22:45 +0000 2021	2	0	@TajerAndres @diegotajer ¿Los 3 son buenos jugadores? Con @TajerP hemos tenido duelos bastante dignos!	https://twitter.com/plenque/status/1346567838971158528	[]
plenque	Tue Jan 05 19:53:33 +0000 2021	1	0	@EzequielElias1 Probablemente sean errores de carga. Son esperables en un sistema grande y distribuido.	https://twitter.com/plenque/status/1346545389042806785	[]
plenque	Tue Jan 05 17:31:06 +0000 2021	6	0	@ezeferrero @norabar Eso último sería lo ideal para poder analizar el impacto. Ojalá sea pronto.	https://twitter.com/plenque/status/1346509540704051202	[]
plenque	Tue Jan 05 17:13:20 +0000 2021	1	0	@xoel_fv Quizás en tuiter se note menos, pero soy muy bueno en eso de errar.	https://twitter.com/plenque/status/1346505070825844736	[]
plenque	Tue Jan 05 16:41:29 +0000 2021	5	0	@PabloMarras Creo que el SISA ya tiene un apartado para rastreo. La info no es pública y tampoco queda clara cómo la utilizan.	https://twitter.com/plenque/status/1346497054340771840	[]
plenque	Tue Jan 05 16:06:22 +0000 2021	168	28	No hay nada mejor que datos claros para justificar las medidas. Métricas que permitan entender por qué se toman y establecer metas para saber si se cumplió el objetivo. Quizás sea ambicioso, pero reglas consensuadas y definidas de antemano permitirían evitar mucho desgaste.	https://twitter.com/plenque/status/1346488217147764737	[]
plenque	Tue Jan 05 15:31:50 +0000 2021	1	0	@EricTopol @jbloom_lab cc @PabloRichly	https://twitter.com/plenque/status/1346479529879998465	[]
plenque	Tue Jan 05 14:26:53 +0000 2021	1	0	@rusosnith @norabar Si no me equivoco, en la captura figuran los datos de @eniogarcia80. Quizás él sepa si se van a liberar al público los datos.	https://twitter.com/plenque/status/1346463181980332032	[]
plenque	Tue Jan 05 14:15:32 +0000 2021	3	0	@rusosnith @norabar Sí, es un QlikView. Probé la URL y pide login.	https://twitter.com/plenque/status/1346460324849979392	[]
plenque	Tue Jan 05 14:09:18 +0000 2021	4	0	@norabar ¡Gracias! ¿Hay link oficial?	https://twitter.com/plenque/status/1346458757337853952	[]
plenque	Tue Jan 05 13:08:21 +0000 2021	4	1	"@morhijo @drclaudiosalud @cragut @RegaCarlos @rquiroga777 @mmbarrionuevo @HectorDLFuente @FernanQuirosBA @nperezbalino @DoctorKruz @pabloconp @ploscri @LNdata @norabar La letalidad está muy asociada al testeo (edades de los detectados), el momento de la curva (el ascenso la baja) y la demora de carga. Recomiendo, de mínima, hacer cortes por edades para analizarla. Acá yo había intentado ""limpiar"" esos problemas: https://t.co/62IUkFVXxW"	https://twitter.com/plenque/status/1346443418747219968	[]
plenque	Tue Jan 05 12:55:12 +0000 2021	3	1	"@Gus_Noriega @decabeza2s Los testeos ""crudos"" solo los publican totales en el vespertino y creo que no tienen datos abiertos. En esa bolsa, en teoría, están los que se hacen por cualquier motivo (ej, fútbol!).
Lo que tengo son los diagnósticos diarios que se hacen a sospechosos en la base de casos. https://t.co/RZ0O6zU7po"	https://twitter.com/plenque/status/1346440110217326592	[]
plenque	Tue Jan 05 03:25:35 +0000 2021	2	0	@matitzz Por desgracia, los datos de internación UTI que tiene el SISA no parecen ser correctos. Tienen mucha demora y no se registran todos los casos. En el vespertino incluyen info que no está disponible en datos abiertos.	https://twitter.com/plenque/status/1346296760512245761	[]
plenque	Tue Jan 05 02:26:08 +0000 2021	1	0	@bjsaenz_ ¡Gracias a vos por avisar!	https://twitter.com/plenque/status/1346281801006931968	[]
plenque	Tue Jan 05 02:23:39 +0000 2021	0	0	@bjsaenz_ Ya debería salir bien. Le agregué el año. Antes salía, pero no estaba bien la etiqueta.	https://twitter.com/plenque/status/1346281176806383624	[]
plenque	Tue Jan 05 02:03:53 +0000 2021	2	0	@MariaSalomealib No es que yo lo piense. El corte de la base de datos es en distinto horario y por eso los números que publico son distintos que los del vespertino (informaron más de 8000 casos). Cuando es el mismo corte los números dan prácticamente igual.	https://twitter.com/plenque/status/1346276199534891008	[]
plenque	Tue Jan 05 02:00:09 +0000 2021	37	2	"El corte de hoy fue irregular y los números son menores a los del vespertino. Esperemos que ya mañana se regularice. Reporte diario de hoy 04/01 para Argentina. Son 5708 nuevos casos confirmados (5641 neto) y 140 fallecidos (139 neto).

https://t.co/Kbqz0Ymyz5 https://t.co/Pm8FzadW4B"	https://twitter.com/plenque/status/1346275260497276928	[]
plenque	Mon Jan 04 22:01:11 +0000 2021	1	0	@fmendiguren Y después dicen que los jueguitos no educan. En su cara!	https://twitter.com/plenque/status/1346215122226847744	[]
plenque	Mon Jan 04 21:53:11 +0000 2021	1	0	@fmendiguren Este video me hizo muy feliz: https://t.co/i7UylGBH2V	https://twitter.com/plenque/status/1346213108604428290	[]
plenque	Mon Jan 04 21:18:52 +0000 2021	0	0	@pbendersky Por el momento no vi nada. Estaría buenísimo.	https://twitter.com/plenque/status/1346204473904005122	[]
plenque	Mon Jan 04 19:31:29 +0000 2021	1	0	@ALANS2002 @morhijo ¡Espero que se recupere pronto!	https://twitter.com/plenque/status/1346177448011051011	[]
plenque	Mon Jan 04 19:29:32 +0000 2021	0	0	"@INLOVEWITHLIVE7 @QuikFCO @checho3011 En el acumulado, incluso con el aumento reciente, es de los barrios con poca incidencia. Va link:
https://t.co/QHBd5v59oH"	https://twitter.com/plenque/status/1346176959819223044	[]
plenque	Mon Jan 04 19:01:47 +0000 2021	7	0	@QuikFCO @checho3011 Para cuando estés en la compu. Este es el mapa de casos por barrio del último mes en CABA: https://t.co/iYWxPVPSrd	https://twitter.com/plenque/status/1346169977464909824	[]
plenque	Mon Jan 04 18:59:22 +0000 2021	3	0	@QuikFCO @checho3011 Puede ser. Tené en cuenta que los barrios del norte de CABA son los que ahora tienen más contagio.	https://twitter.com/plenque/status/1346169365838917635	[]
plenque	Mon Jan 04 18:57:02 +0000 2021	4	0	@Germito40 El dataset incluye todo, no diferencia por fecha de publicación. Lo que yo computo es la diferencia entre el último que habían publicado y el nuevo que salió. Normalmente coincide con lo que anuncian en el vespertino, pero hay días en que hay problemas.	https://twitter.com/plenque/status/1346168781991792645	[]
plenque	Mon Jan 04 18:54:46 +0000 2021	22	1	Repito: es la suma de varios días.	https://twitter.com/plenque/status/1346168207992909825	[]
plenque	Mon Jan 04 18:53:40 +0000 2021	38	8	"Al mediodía salió un dataset que incluye muy poquitos casos de hoy (04/01) y los datos de ayer (03/01) y anteayer (02/01). Lo imputo arbitrariamente al 03/01 por no tener un corte claro. Son 14905 nuevos casos confirmados (14814 neto) y 178 fallecidos.

https://t.co/f5wBYBsi7A https://t.co/IAJKop7F1A"	https://twitter.com/plenque/status/1346167934968881154	[]
plenque	Mon Jan 04 18:05:48 +0000 2021	0	0	@rusosnith Algo no funciona en nuestro sistema porque con 30% de positividad el testeo igual bajaba con los casos. Si tan solo pudiéramos discriminar los casos que surgen de rastreo.	https://twitter.com/plenque/status/1346155888076271619	[]
plenque	Mon Jan 04 17:58:52 +0000 2021	2	0	@rusosnith Claro. Si cambiás el medidor ya la medida no te dice tanto al menos durante la transición. Yo no creo que esté mal cambiar la definición de sospechoso, pero hay que dejarlo bien claro.	https://twitter.com/plenque/status/1346154141584936962	[]
plenque	Mon Jan 04 17:49:49 +0000 2021	8	0	@rusosnith Ojo que al principio (hasta antes de las fiestas) los casos subían y la positividad bajaba. Creo que lo que pasó es que los casos empezaron a subir más rápido que el testeo incluso con ese cambio.	https://twitter.com/plenque/status/1346151864363077633	[]
plenque	Mon Jan 04 16:49:14 +0000 2021	2	0	@ProgramaAEDuns @ValeArvejita Algo que a casi todo programador con experiencia le ha generado muchos dolores de cabeza.	https://twitter.com/plenque/status/1346136618214817792	[]
plenque	Mon Jan 04 13:40:02 +0000 2021	1	0	@pablodf76 @_franCBA Sí, y agregaría que no solo cargando. Si uno ve por fecha de resultado del test también cae. Medio que frena el sistema en su conjunto (no solo el informático).	https://twitter.com/plenque/status/1346089002814889984	[]
plenque	Mon Jan 04 13:29:47 +0000 2021	2	0	@_franCBA Sí, claro, muchos fines de semana largos juntos. Es todo un tema.	https://twitter.com/plenque/status/1346086425775759361	[]
plenque	Mon Jan 04 02:35:22 +0000 2021	1	0	@lucasmmedrano07 Y por departamento: https://t.co/Zhki4nz4xi	https://twitter.com/plenque/status/1345921734818590721	[]
plenque	Mon Jan 04 02:34:08 +0000 2021	1	0	@lucasmmedrano07 Te paso algo parecido de provincias argentinas aunque con el último mes (no última semana): https://t.co/DnDT4b72Aq	https://twitter.com/plenque/status/1345921424523976704	[]
plenque	Mon Jan 04 01:12:02 +0000 2021	83	6	Ayer el dataset tenía errores y hoy está vacío. Venimos con una mala racha. Apenas actualicen saldrá reporte acumulado.	https://twitter.com/plenque/status/1345900763164368896	[]
plenque	Sun Jan 03 21:29:47 +0000 2021	2	0	@mesch 💪💪💪	https://twitter.com/plenque/status/1345844831713636352	[]
plenque	Sun Jan 03 17:47:47 +0000 2021	4	0	@marioriorda @perfildiario @perfilcom Me gustaría que vieras este hilo. Creo que va en la misma línea aunque fundamentado dentro de mi alcance. https://t.co/F2B1iXPvq1	https://twitter.com/plenque/status/1345788963991248898	[]
plenque	Sun Jan 03 17:27:05 +0000 2021	2	0	@uadlup @marioriorda Muy bueno	https://twitter.com/plenque/status/1345783757475876864	[]
plenque	Sun Jan 03 13:16:19 +0000 2021	10	0	@Gus_Noriega ¡Gracias! Capaz que algo saben, pero con la info liberada al público no creo que sea posible determinarlo.	https://twitter.com/plenque/status/1345720649201889285	[]
plenque	Sun Jan 03 12:56:57 +0000 2021	1	0	"@ndchiariello @MenendezPepe Claro. Lo ideal para mi serían los datos por departamento así podemos graficar la curva junto con los casos y ver cómo ""interactúan"". Soñar no cuesta nada."	https://twitter.com/plenque/status/1345715775680765952	[]
plenque	Sun Jan 03 12:23:59 +0000 2021	0	0	@atenea2604 ¡Gracias!	https://twitter.com/plenque/status/1345707480299560960	[]
plenque	Sun Jan 03 11:39:09 +0000 2021	1	0	@diegotajer Sí, es medio raro porque eso incentiva las juntadas más peligrosas.	https://twitter.com/plenque/status/1345696196606754818	[]
plenque	Sun Jan 03 11:31:22 +0000 2021	9	0	@diegotajer ¿Era posible prohibir eso? Pregunto porque leí que son jodidos aceptando limitaciones.	https://twitter.com/plenque/status/1345694237095059456	[]
plenque	Sun Jan 03 02:11:18 +0000 2021	0	0	@chirogonza Los agnósticos no podemos darnos el lujo de compartir esa última afirmación. Pero sí puedo asegurar que lo intento.	https://twitter.com/plenque/status/1345553290617090051	[]
plenque	Sun Jan 03 01:47:33 +0000 2021	2	0	@eracucu Igual ya revisé y tiene cualquier cosa. Queda esperar a que corrijan o se saltee el día.	https://twitter.com/plenque/status/1345547315856240641	[]
plenque	Sun Jan 03 01:08:09 +0000 2021	4	0	@MenendezPepe No... ya quisiera. Estoy esperando un dataset porque darle seguimiento a los reportes a la prensa es un lío.	https://twitter.com/plenque/status/1345537400420917248	[]
plenque	Sun Jan 03 01:07:27 +0000 2021	5	0	@eracucu En un ratito. Pasa que el dataset de hoy pesa menos que el de ayer y lo estoy revisando. ¡Me tienen cagando!	https://twitter.com/plenque/status/1345537221462552576	[]
plenque	Sun Jan 03 00:54:43 +0000 2021	219	6	Breve pausa para un anuncio: https://t.co/gJHste0a7j está al mismo tiempo en las notas principales de La Nación y Clarín. Riquelme está feliz.	https://twitter.com/plenque/status/1345534016594866178	[]
plenque	Sun Jan 03 00:35:36 +0000 2021	2	0	@taecano @PabloRichly Totalmente. Encima lo tienen casi en vivo y para el período que no tienen datos hacen una estimación.	https://twitter.com/plenque/status/1345529208081174529	[]
plenque	Sun Jan 03 00:28:33 +0000 2021	7	0	@PabloRichly De los mejores sitios para buscar info que hay disponibles.	https://twitter.com/plenque/status/1345527434742009856	[]
plenque	Sat Jan 02 23:15:29 +0000 2021	1	0	@Sancho_SA Acá ta: https://t.co/DfFBshv8SJ	https://twitter.com/plenque/status/1345509044241502209	[]
plenque	Sat Jan 02 22:13:53 +0000 2021	10	0	"@rquiroga777 Incluso si lo hacemos para consumo irónico o como desmentida, hay que tener cuidado con compartir cosas así porque difundimos el mensaje y alguien más puede ""picar""."	https://twitter.com/plenque/status/1345493544564363265	[]
plenque	Sat Jan 02 18:58:33 +0000 2021	1	0	@diegotajer Es obvio que querés hacer tu propio meme de Julie Andrews	https://twitter.com/plenque/status/1345444385958277122	[]
plenque	Sat Jan 02 17:54:52 +0000 2021	2	0	"@matildas Porque la información en el sitio sale por fecha ""real"" y no de carga. Lo que reportan cada día corresponde a sucesos de días anteriores que se cargan retroactivamente. Así se ve la curva por fecha de diagnóstico (resultado) de los últimos 4 días. Fijate cómo cambia ""para atras"". https://t.co/KQgdYo8gFh"	https://twitter.com/plenque/status/1345428361208848384	[]
plenque	Sat Jan 02 17:49:15 +0000 2021	6	0	@rusosnith @ondazenzual @4Dgifts Respondiendo a la pregunta, es una librería en JavaScript que se llama Chart.js. No está pensada para hacer heatmaps, pero con un poco de maña, y mucho Google, se puede.	https://twitter.com/plenque/status/1345426946256232449	[]
plenque	Sat Jan 02 13:39:33 +0000 2021	188	14	El problema no es la ideología, inevitable, sino el partidismo. Hay que intentar que nuestras opiniones no estén atadas a nuestra postura política. Es incómodo, requiere introspección y no siempre se puede. Creo que todos deberían intentarlo.	https://twitter.com/plenque/status/1345364108569440259	[]
plenque	Sat Jan 02 02:07:28 +0000 2021	0	0	@fromthewest86 ¡Feliz año! ¡Abrazo!	https://twitter.com/plenque/status/1345189939634438144	[]
plenque	Sat Jan 02 01:29:52 +0000 2021	1	0	@GuilloteMcGrerg @fromthewest86 Creo que puede ser. Me parece una pregunta más para sociólogos.	https://twitter.com/plenque/status/1345180476173115392	[]
plenque	Sat Jan 02 01:28:45 +0000 2021	8	0	@fromthewest86 Agrego que diciembre parece haber sido un mes complicado en muchos lugares de Latam. No creo que despedidas de año y festejos hayan sido inocuos.	https://twitter.com/plenque/status/1345180194827612162	[]
plenque	Sat Jan 02 01:27:18 +0000 2021	8	0	@fromthewest86 Coincido en lo primero. No me da el cuero para animarme a decir lo segundo, pero ya lo leí muchas veces y me parece un argumento atendible.	https://twitter.com/plenque/status/1345179832204857345	[]
plenque	Sat Jan 02 01:16:41 +0000 2021	0	0	@M2March @mollfederico Es anterior. El tiempo promedio de incubación es de 5/6 días y la demora entre FIS y la carga del caso confirmado en la base de datos es de mínima otros 5 días más.	https://twitter.com/plenque/status/1345177159179120645	[]
plenque	Sat Jan 02 01:02:37 +0000 2021	2	0	@LauPaolant El dataset de acceso público tienen todos los casos, pero anonimizados. No tiene información que permita individualizar un caso. Espero que tu abuelo se encuentre bien.	https://twitter.com/plenque/status/1345173618200875009	[]
plenque	Sat Jan 02 00:59:10 +0000 2021	2	0	@NormaNicolau Los horarios de corte pueden ser distintos. Lo que yo publico surge del dataset que se actualiza diariamente y tiene, normalmente, el mismo corte que el reporte vespertino. Se baja de aquí: https://t.co/QU9gMfJS8R	https://twitter.com/plenque/status/1345172749547950080	[]
plenque	Sat Jan 02 00:56:02 +0000 2021	1	0	@sandrusg ¡Gracias! Buen año para vos también.	https://twitter.com/plenque/status/1345171962994319365	[]
plenque	Sat Jan 02 00:38:08 +0000 2021	4	0	@mollfederico Esa es la pregunta del millón.	https://twitter.com/plenque/status/1345167457749753857	[]
plenque	Sat Jan 02 00:29:46 +0000 2021	13	0	Como hoy no salió el vespertino, los dejo también con el cómputo que en ese informe utilizan (incluyendo reclasificaciones y borrados). https://t.co/SK3x4GUSGA	https://twitter.com/plenque/status/1345165353119326212	[]
plenque	Sat Jan 02 00:27:06 +0000 2021	51	10	"Reporte diario de hoy 01/01 para Argentina. Son 2994 nuevos casos confirmados (2970 neto) y 72 fallecidos.

https://t.co/oaEDloKLEF https://t.co/IIoC63NMFJ"	https://twitter.com/plenque/status/1345164682760515587	[]
plenque	Sat Jan 02 00:04:56 +0000 2021	3	0	@cielo2009 ¡Gracias!	https://twitter.com/plenque/status/1345159100326359047	[]
plenque	Fri Jan 01 23:28:51 +0000 2021	0	0	@javiermdq @gmontenegro_ok @SBonifatti Ni sabía que existían. Los hubiera metido en la página. Ahora que lo pienso, menos mal que no los vi.	https://twitter.com/plenque/status/1345150022829154310	[]
plenque	Fri Jan 01 19:42:41 +0000 2021	2	0	"@QuikFCO Perdón, metí mal el dedo. Lo borré. 1337 serían.

https://t.co/AhQjEeorxn"	https://twitter.com/plenque/status/1345093105461112833	[]
plenque	Fri Jan 01 18:48:41 +0000 2021	1	0	@SergioFelperin 🙏 ¡Gracias!	https://twitter.com/plenque/status/1345079514792153088	[]
plenque	Fri Jan 01 15:57:33 +0000 2021	1	0	@lualque @GabyLevinas Lo son. Provienen del dataset que libera el MSAL todos los días. Ese no deja de publicarse.	https://twitter.com/plenque/status/1345036446424559620	[]
plenque	Fri Jan 01 15:46:41 +0000 2021	4	0	@rquiroga777 lo que usted merece no puede faltar en ninguna siesta	https://twitter.com/plenque/status/1345033713034403840	[]
plenque	Fri Jan 01 13:49:51 +0000 2021	1	0	@elpochoclos1 Igual publican la base y los tenemos. Pero es cierto que no sería muy complicado. Con aclarar que están incompletos por la baja carga alcanza.	https://twitter.com/plenque/status/1345004311726731264	[]
plenque	Fri Jan 01 13:46:28 +0000 2021	4	0	@Apuntes_ La mayoría de los bancos ya te sacan el informe retroactivo. Son sádicos si no lo tienen.	https://twitter.com/plenque/status/1345003461344112643	[]
plenque	Fri Jan 01 13:43:04 +0000 2021	25	2	Mi reporte diario muestra los nuevos casos sin netear reclasificados o borrados. Para los que quieran completar el 31/12 con el mismo formato que el vespertino (lo que yo llamo neto), esta sería la tabla. https://t.co/1HCiHXp7Od https://t.co/qMGvFnsNh1	https://twitter.com/plenque/status/1345002605894889472	[]
plenque	Fri Jan 01 12:06:56 +0000 2021	0	0	@Krisargentia ¡Gracias!	https://twitter.com/plenque/status/1344978411589148672	[]
plenque	Fri Jan 01 12:06:29 +0000 2021	1	0	@jpjviro También vamos a entender mejor con el tiempo. Toda comparación, a veces necesaria e inevitable, es un poco apresurada porque casi todo lo fue este año.	https://twitter.com/plenque/status/1344978298858835974	[]
plenque	Fri Jan 01 12:03:48 +0000 2021	1	0	@morhijo Gracias! Muy feliz año!	https://twitter.com/plenque/status/1344977621126443009	[]
plenque	Fri Jan 01 12:02:56 +0000 2021	1	0	@ariloye Antes de que existiera Tuiter!	https://twitter.com/plenque/status/1344977405186875393	[]
plenque	Fri Jan 01 12:01:40 +0000 2021	4	0	@QuikFCO Gracias Quique! Todos nos acompañamos en este antro hermoso. Que tengas un enorme 2021. No digo mejor que el 2020 porque eso va de suyo.	https://twitter.com/plenque/status/1344977088080699393	[]
plenque	Fri Jan 01 11:56:09 +0000 2021	0	0	@vcalvot En todos lados se cuecen habas. Un gran trabajo el tuyo también. Todos aportamos nuestro granito de arena. ¡Feliz 2021!	https://twitter.com/plenque/status/1344975699535409152	[]
plenque	Fri Jan 01 00:27:22 +0000 2021	79	9	"Reporte diario de hoy 31/12 para Argentina. Son 11673 nuevos casos confirmados (11587 neto) y 82 fallecidos.

https://t.co/GLNx3pX6pK https://t.co/5DDy1Vh70P"	https://twitter.com/plenque/status/1344802359168401408	[]
plenque	Fri Jan 01 00:04:44 +0000 2021	1	0	@jpjviro E incluso puede no alcanzar: https://t.co/wU6ONb66Ne	https://twitter.com/plenque/status/1344796665086160896	[]
plenque	Thu Dec 31 21:15:37 +0000 2020	5	0	@J3busD ¡Muchas gracias! Twitter es un gran lugar de referencia gracias al aporte de todos. Hay que quedarse con lo bueno.	https://twitter.com/plenque/status/1344754106292961281	[]
plenque	Thu Dec 31 20:12:08 +0000 2020	0	0	@ndchiariello ¡Igualmente! El próximo será más tranquilo.	https://twitter.com/plenque/status/1344738128880410624	[]
plenque	Thu Dec 31 20:08:46 +0000 2020	1	0	@ltornarolli guilty as charged	https://twitter.com/plenque/status/1344737280846684169	[]
plenque	Thu Dec 31 20:04:33 +0000 2020	1	0	@ltornarolli ¡Gracias genio!	https://twitter.com/plenque/status/1344736219436113921	[]
plenque	Thu Dec 31 20:00:36 +0000 2020	1	0	@ndchiariello ¡Gracias!	https://twitter.com/plenque/status/1344735227328016390	[]
plenque	Thu Dec 31 19:50:05 +0000 2020	2	0	@fromthewest86 🙏 ¡Gracias!	https://twitter.com/plenque/status/1344732579707170818	[]
plenque	Thu Dec 31 19:31:33 +0000 2020	9	0	@Gus_Noriega Totalmente, si hay un cambio en el testeo se complica analizar tendencias.	https://twitter.com/plenque/status/1344727916601610240	[]
plenque	Thu Dec 31 19:26:57 +0000 2020	14	1	@Gus_Noriega Subieron fuerte los testeos porque CABA empezó con el operativo turismo que incluye casos por fuera de la definición de sospechoso que teníamos (entran asintomáticos). Pero los positivos de ese operativo son muy pocos y licuaron la positividad.	https://twitter.com/plenque/status/1344726756910125056	[]
plenque	Thu Dec 31 19:24:12 +0000 2020	0	0	@ayjblog ¡Gracias!	https://twitter.com/plenque/status/1344726063704924160	[]
plenque	Thu Dec 31 18:56:32 +0000 2020	1	0	@MenendezPepe ¡En absoluto! Solo que no entiendo nada del tema. ¡Vos tenés más experiencias vividas!	https://twitter.com/plenque/status/1344719104532480006	[]
plenque	Thu Dec 31 18:53:51 +0000 2020	1	0	@ivanfbf @fedetiberti ¡Gracias!	https://twitter.com/plenque/status/1344718427559256065	[]
plenque	Thu Dec 31 18:49:06 +0000 2020	2	0	@LadyAAmado ¡Muchas gracias!	https://twitter.com/plenque/status/1344717232505552899	[]
plenque	Thu Dec 31 18:48:52 +0000 2020	2	0	@vaik92 Al hurgar un poquito más profundo (provincias o departamentos) se encuentran vaivenes, pero es cierto que se mantiene igual desde hace un montón.	https://twitter.com/plenque/status/1344717175689519105	[]
plenque	Thu Dec 31 18:45:38 +0000 2020	1	0	@soyprati @Gus_Noriega @fedetiberti @PadresOrg ¡Gracias!	https://twitter.com/plenque/status/1344716361617055745	[]
plenque	Thu Dec 31 18:44:19 +0000 2020	1	0	@MenendezPepe Apuntaba a algo mucho más coyuntural 😂, pero gracias por los elogios!	https://twitter.com/plenque/status/1344716030241886213	[]
plenque	Thu Dec 31 18:42:44 +0000 2020	1	0	@curcicastro ¡Gracias! ¡Feliz año!	https://twitter.com/plenque/status/1344715630080090112	[]
plenque	Thu Dec 31 14:58:28 +0000 2020	1	0	@Dariogal1 No creo que sean comparables entre sí, pero tampoco los conozco en detalle. Por lo que leo de EEUU, creo que se trata de un problema de mensajes cruzados y grieta. Definitivamente se cuidan poco. Me gustó mucho cómo encaró la campaña de concientización Biden (lo que vi por acá).	https://twitter.com/plenque/status/1344659190191693827	[]
plenque	Thu Dec 31 14:50:59 +0000 2020	6	0	@marianoheller @Fatinoriega Demasiada presión. Eso no puede terminar bien.	https://twitter.com/plenque/status/1344657308865998851	[]
plenque	Thu Dec 31 14:37:14 +0000 2020	1	0	@fedelowe Es la más floja de las tres y solo con una imagen tengo ganas de ponerme a verla.	https://twitter.com/plenque/status/1344653846740684802	[]
plenque	Thu Dec 31 14:19:49 +0000 2020	2	0	@lolacalavera ¡Muchas gracias!	https://twitter.com/plenque/status/1344649465056157696	[]
plenque	Thu Dec 31 14:16:11 +0000 2020	0	0	@juliohmacias 💪 ¡gracias!	https://twitter.com/plenque/status/1344648552635629571	[]
plenque	Thu Dec 31 14:12:35 +0000 2020	3	0	@fmendiguren 3	https://twitter.com/plenque/status/1344647646678540299	[]
plenque	Thu Dec 31 14:05:25 +0000 2020	1	0	@anaradoblep 💛💚💛	https://twitter.com/plenque/status/1344645840539942914	[]
plenque	Thu Dec 31 14:04:48 +0000 2020	1	0	@gusludmer 🙏 muchas gracias!	https://twitter.com/plenque/status/1344645687997308929	[]
plenque	Thu Dec 31 14:02:40 +0000 2020	4	0	@anaradoblep Quisiera sentir la mitad de la satisfacción que debés sentir al verlo. Un solo tuit y ya sentí un montón.	https://twitter.com/plenque/status/1344645150396588033	[]
plenque	Thu Dec 31 13:36:16 +0000 2020	208	22	"En síntesis, creo que la transparencia es crucial para poder transmitir confianza y eso necesitamos si queremos controlar la epidemia. No hacen falta discursos triunfalistas porque la epidemia pegó duro en casi todo el mundo. La realidad alcanza y los datos dan confianza.

8/8"	https://twitter.com/plenque/status/1344638505008443395	[]
plenque	Thu Dec 31 13:36:15 +0000 2020	61	0	"Y hacia adelante nos queda poder hacer el seguimiento de la cantidad de personas vacunadas. Es importante aprovechar esta nueva oportunidad.

7/8"	https://twitter.com/plenque/status/1344638502856773632	[]
plenque	Thu Dec 31 13:36:15 +0000 2020	73	0	"Ni hace falta hablar de la vacuna. Venimos de un año repleto de angustias y decepciones. Mejor no seguir tirando de la cuerda de la confianza. Sobre todo sabiendo que los datos están. Se necesita un esfuerzo para encontrar la manera de publicarlos cuanto antes.

6/8"	https://twitter.com/plenque/status/1344638500696633344	[]
plenque	Thu Dec 31 13:36:14 +0000 2020	60	0	"CABA y PBA hicieron reportes a la prensa sobre seroprevalencia y tampoco publicaron los datos. Siendo que los números parecen no coincidir con las conclusiones de otros estudios, creo que era absolutamente necesario ver dónde estaba la diferencia.

5/8"	https://twitter.com/plenque/status/1344638498842750979	[]
plenque	Thu Dec 31 13:36:14 +0000 2020	60	2	"Pero ese impulso se agotó. Con el exceso de mortalidad se podría haber generado algún esfuerzo contingente para recopilar información provisoria. Pero nada. La PBA incluso publicó un estudio y nunca liberó los datos. Del resto, alguna nota, pero poco y nada.

4/8"	https://twitter.com/plenque/status/1344638497102192640	[]
plenque	Thu Dec 31 13:36:14 +0000 2020	86	2	"Gracias a eso detectamos demoras en el reporte de fallecidos y problemas con la positividad. Son todos temas que debieron ser comunicados antes, pero teníamos los datos y pudimos verlos. No hay mejor ejemplo de por qué la apertura por sí sola genera confianza.

3/8"	https://twitter.com/plenque/status/1344638495353171968	[]
plenque	Thu Dec 31 13:36:13 +0000 2020	60	0	"En mayo se tomó la increíble decisión de liberar microdatos de casos. Eso permitió que algunos tomáramos la posta de generar informes y además nos dejó escudriñar las entrañas de los reportes diarios que no decían demasiado.

2/8"	https://twitter.com/plenque/status/1344638493104943107	[]
plenque	Thu Dec 31 13:36:13 +0000 2020	448	87	"De a poco se fueron agotando las herramientas que teníamos y queda esperar que la gente se cuide lo mejor posible. Pero si el objetivo es influenciar su comportamiento no queda otra que generar confianza. Voy a repasar el tema datos que es el que veo de cerca.

1/8"	https://twitter.com/plenque/status/1344638491234336769	[]
plenque	Thu Dec 31 12:09:16 +0000 2020	1	0	@apsmunro @mugecevik This especially true for non developed countries	https://twitter.com/plenque/status/1344616610418589697	[]
plenque	Thu Dec 31 11:53:15 +0000 2020	0	0	@MenendezPepe Esas dudas deberían ser respondidas o corregidas para generar confianza en los expertos que son formadores de opinión. Es el camino que hay que transitar.	https://twitter.com/plenque/status/1344612581852512258	[]
plenque	Thu Dec 31 01:18:19 +0000 2020	4	0	@jfrachi Espero que ellos tengan más datos que los abiertos, pero esa misma impresión tengo: https://t.co/Fklyyt2NPn	https://twitter.com/plenque/status/1344452795240493058	[]
plenque	Thu Dec 31 00:26:36 +0000 2020	40	4	"Reporte diario de hoy 30/12 para Argentina. Son 11823 nuevos casos confirmados (11767 neto) y 145 fallecidos.

https://t.co/xXytVb925o https://t.co/8kV54fOqfl"	https://twitter.com/plenque/status/1344439779124011009	[]
plenque	Wed Dec 30 22:48:54 +0000 2020	3	0	@diegotajer @PabloRichly Mirá qué lindas curvas: https://t.co/YofwKvPIRN	https://twitter.com/plenque/status/1344415192944414725	[]
plenque	Wed Dec 30 22:30:48 +0000 2020	2	0	"@fmendiguren Sí, puede ser, igual tené en cuenta que la positividad tampoco dice demasiado acá. Ahora ""tranquilos"" está en 29% a nivel país (promedio semanal)."	https://twitter.com/plenque/status/1344410637192069132	[]
plenque	Wed Dec 30 22:28:21 +0000 2020	2	0	@gabrielzelpo Lo raro es que no parecen venir de una subida de casos.	https://twitter.com/plenque/status/1344410019706626054	[]
plenque	Wed Dec 30 22:16:59 +0000 2020	3	0	"@fmendiguren Encima, con tanto finde extra large los casos por fecha de reporte son un caos. Por ej., el 25/12 no hubo reporte diario, pero fueron 2800 nomás. Los días ""quietos"" luego se compensan con subidones."	https://twitter.com/plenque/status/1344407160420265984	[]
plenque	Wed Dec 30 22:15:01 +0000 2020	3	0	"@fmendiguren Los otros días puse unos tuits. CABA está haciendo muuuuchos más tests por el tema turismo. Aparentemente la mayoría de los nuevos casos no vienen de ahí, pero te hacen una baja ""artificial"" de la positividad."	https://twitter.com/plenque/status/1344406665186193409	[]
plenque	Wed Dec 30 19:12:15 +0000 2020	1	0	@diegotajer La MHRA te lee che	https://twitter.com/plenque/status/1344360669714505729	[]
plenque	Wed Dec 30 16:51:43 +0000 2020	1	0	@redouad developed world problems!	https://twitter.com/plenque/status/1344325302906978308	[]
plenque	Wed Dec 30 15:38:23 +0000 2020	1	0	@werbine @PabloRichly Trato de separar mis decisiones de la esperanza, si a eso se refiere. Pero estas son variables bastante caóticas e impredecibles en el corto plazo. Los buenos deseos son un detalle.	https://twitter.com/plenque/status/1344306847227011072	[]
plenque	Wed Dec 30 15:34:08 +0000 2020	46	0	@MenendezPepe Los famosos gauchos brasileros patagónicos	https://twitter.com/plenque/status/1344305780598697986	[]
plenque	Wed Dec 30 15:29:46 +0000 2020	1	0	@TajerAndres Para vos también, solo que todavía no lo viste! 😀	https://twitter.com/plenque/status/1344304680009138179	[]
plenque	Wed Dec 30 15:28:57 +0000 2020	3	0	@rusosnith No lo conozco, pero supongo que eso describe mejor lo que querés decir.  No parece muy liberal la verdad.	https://twitter.com/plenque/status/1344304475805200385	[]
plenque	Wed Dec 30 15:24:08 +0000 2020	5	0	@rusosnith Yo no usaría la palabra liberal	https://twitter.com/plenque/status/1344303263131316225	[]
plenque	Wed Dec 30 14:18:24 +0000 2020	5	0	@LMoscovich La clandestinidad forzada nos condena a la ignorancia. Salvando las distancias, supongo que algo similar debe pasar con las drogas.	https://twitter.com/plenque/status/1344286721945559040	[]
plenque	Wed Dec 30 14:11:13 +0000 2020	1	0	@Epi_Net ¿Cómo se comparan con los de AstraZeneca? Creo que son las dos opciones que tendremos a mano en lor próximos meses.	https://twitter.com/plenque/status/1344284913906970625	[]
plenque	Wed Dec 30 13:38:13 +0000 2020	1	0	@joreze17 @PabloRichly Es una hipótesis razonable, pero los estudios de seroprevalencia de ambos lados de la Gral. Paz (que nunca publicaron) hablaban de 15%. No podemos asegurar nada.	https://twitter.com/plenque/status/1344276608597843968	[]
plenque	Wed Dec 30 13:15:03 +0000 2020	0	0	@jmcos @PabloRichly Se confirmará en enero, pero ¡pasame la fuente!	https://twitter.com/plenque/status/1344270777110196225	[]
plenque	Wed Dec 30 13:09:11 +0000 2020	4	0	@PabloRichly En otros países de Latam veo subidas y bajadas, pero no necesariamente olas como en el AMBA. Tengo la esperanza de que se trate de un diciembre movido.	https://twitter.com/plenque/status/1344269301122027520	[]
plenque	Wed Dec 30 01:00:28 +0000 2020	2	0	@mschuliaquer Tenés muchos resultados de ayer. Siempre pasa con los fin de semanas largos, yo supongo que los laboratorios procesan las muestras los días siguientes. Y ahora viene otro. Son números muy difíciles de seguir. Igual ya no hay mucha duda de que sube.	https://twitter.com/plenque/status/1344085912653885440	[]
plenque	Wed Dec 30 00:40:52 +0000 2020	3	0	@mschuliaquer ¿Fallecidos? PBA no es tanto, capaz que se te confunde son Santa Fe que es color parecido. Se viene alternando con Córdoba y La Rioja.	https://twitter.com/plenque/status/1344080983721713664	[]
plenque	Wed Dec 30 00:27:09 +0000 2020	55	9	"Reporte diario de hoy 29/12 para Argentina. Son 11740 nuevos casos confirmados (11647 neto) y 151 fallecidos (150 neto).

https://t.co/b7vrmTdY3k https://t.co/bNhk6ymM8M"	https://twitter.com/plenque/status/1344077530488328193	[]
plenque	Tue Dec 29 23:03:04 +0000 2020	12	0	@PabloRichly Si sirve de atenuante, tampoco tenemos clara la cantidad de tests.	https://twitter.com/plenque/status/1344056370627280902	[]
plenque	Tue Dec 29 22:30:41 +0000 2020	1	0	"@cecilia_teacher @rquiroga777 No quiero ser mala onda, pero al menos en México que libera los datos, el EPOC fue la comorbilidad que encontré con más letalidad. 
https://t.co/uRhjygMfHu"	https://twitter.com/plenque/status/1344048220075397122	[]
plenque	Tue Dec 29 22:28:56 +0000 2020	2	0	"@rquiroga777 No es optimismo sino duda. El fenómeno de ""ola"" se vio más claro acá, pero en los otros países no fue tan así."	https://twitter.com/plenque/status/1344047779551850503	[]
plenque	Tue Dec 29 22:18:01 +0000 2020	1	0	@rquiroga777 El tema es que no siempre se traduce en una nueva ola. Diciembre fue muy movido con acontecimientos atípicos. Esperemos que los meses que vienen sean más tranquilos.	https://twitter.com/plenque/status/1344045033528446982	[]
plenque	Tue Dec 29 22:13:24 +0000 2020	7	1	@rquiroga777 Se da el mismo patrón en todos lados y en todo nivel (por ciudades es lo mismo). https://t.co/TyiQWvZMLx	https://twitter.com/plenque/status/1344043872213757952	[]
plenque	Tue Dec 29 18:22:25 +0000 2020	1	0	"@AlejandrodeBar1 ¡Gracias! Nació para Argentina y luego fui adaptando. Lástima que no hay más países que publiquen microdatos. 
El ""Explorador"" del sitio permite cruzar países. Me parece mucho más interesante comparar áreas metropolitanas que países completos."	https://twitter.com/plenque/status/1343985742264098818	[]
plenque	Tue Dec 29 18:07:56 +0000 2020	2	0	@lai_dama Sisisi, tranqui que hago de esas todo el tiempo. Pasa que esos datos deberían estar. Los países que vengo siguiendo todos liberaron algo.	https://twitter.com/plenque/status/1343982098080800769	[]
plenque	Tue Dec 29 18:04:29 +0000 2020	3	0	@lai_dama Es una pregunta que no podemos responder sin esos datos. Los fallecidos por covid diagnosticados no necesariamente reflejan lo que ocurrió. Incluso hay que analizarlo por períodos.	https://twitter.com/plenque/status/1343981228521893891	[]
plenque	Tue Dec 29 17:31:45 +0000 2020	28	2	Todavía entro cada tanto para ver si hay datos de exceso de mortalidad. Esta es una nueva oportunidad para generar confianza que no habría que desperdiciar. https://t.co/UMUVKnZ5Wj	https://twitter.com/plenque/status/1343972988849418246	[]
plenque	Tue Dec 29 17:22:22 +0000 2020	3	0	@PabloRichly Intuyo que sería bastante compleja la logística asociada a esa distinción. Pero podría incentivarse a través de sugerencias o recomendaciones.	https://twitter.com/plenque/status/1343970628420907011	[]
plenque	Tue Dec 29 16:02:21 +0000 2020	9	0	@TuQmano No es muy informativo la verdad. El asunto de land doesn't vote.	https://twitter.com/plenque/status/1343950491840110593	[]
plenque	Tue Dec 29 15:29:46 +0000 2020	2	0	@ltornarolli Sabés cómo le pondría exceso de mortalidad si hubiera. Conseguí los datos de Colombia y México, pero me da mucha fiaca meterlos sin tener Argentina.	https://twitter.com/plenque/status/1343942294391705600	[]
plenque	Tue Dec 29 15:27:15 +0000 2020	54	12	Los datos de CABA muestran que en el acumulado el contagio se concentró en los barrios del sur, pero el último mes se suman más casos desde otros lugares. https://t.co/5zVVgDwEkv	https://twitter.com/plenque/status/1343941657427927041	[]
plenque	Tue Dec 29 15:13:24 +0000 2020	3	0	@ltornarolli Euromomo sigue siendo la mejor fuente que encontré. Para España en la segunda ola es muy inferior el exceso. En el resto de Europa es menor aunque no tanto.	https://twitter.com/plenque/status/1343938173299253249	[]
plenque	Tue Dec 29 15:08:56 +0000 2020	1	0	@Nicolas_Ajz Tremendo.	https://twitter.com/plenque/status/1343937048923807752	[]
plenque	Tue Dec 29 15:05:22 +0000 2020	0	0	@Nicolas_Ajz ¿Qué período abarca? Medir satisfacción en 2020 me parece una trampa mortal.	https://twitter.com/plenque/status/1343936153456668675	[]
plenque	Tue Dec 29 14:59:31 +0000 2020	1	0	@ndchiariello @curcicastro Sigue siendo poca información, pero al menos queda claro que la mayor parte de la subida reciente no viene de ahí.	https://twitter.com/plenque/status/1343934679255298049	[]
plenque	Tue Dec 29 14:42:56 +0000 2020	6	0	@JSchmukler @mugecevik La cruzada infinita de @michaelmina_lab para diferenciar vigilancia epidemiológica de medicina.	https://twitter.com/plenque/status/1343930505184604160	[]
plenque	Tue Dec 29 14:37:57 +0000 2020	1	0	@mschuliaquer Me parece que no es blanco y negro. Cuanto más pulcro el proceso mejor.	https://twitter.com/plenque/status/1343929250643136520	[]
plenque	Tue Dec 29 14:25:33 +0000 2020	2	0	@PabloRichly Qué buena noticia, por costo y disponibilidad, sería que que esa estuviera lista. Espero que sea pronto.	https://twitter.com/plenque/status/1343926133222465538	[]
plenque	Tue Dec 29 14:14:30 +0000 2020	1	0	@mschuliaquer Hay un daño de credibilidad que queda. No en mi ni en los que estamos informados. Es difícil dimensionarlo. Por eso siempre insisto en que tienen que vacunarse todos incluso los que están completamente equivocados.	https://twitter.com/plenque/status/1343923349328687105	[]
plenque	Tue Dec 29 14:01:21 +0000 2020	1	0	"@curcicastro Este es el dato escrito que encontré. 

https://t.co/7bTIr9buQl

Pareciera muchos tests vienen por ese lado, pero pocos confirmados. Más bien 0,75 de cada 100."	https://twitter.com/plenque/status/1343920041272766466	[]
plenque	Tue Dec 29 13:18:14 +0000 2020	0	0	"@AlejandrodeBar1 Te dejo algunos informes que armé desde los datasets (no hay positividad) y voy actualizando. Arriba hay links a otros.

https://t.co/AffqqjhRie
https://t.co/saXyMC4zd9"	https://twitter.com/plenque/status/1343909190100779009	[]
plenque	Tue Dec 29 12:55:53 +0000 2020	1	0	@mschuliaquer Mi pedido no es que atrasen nada sino que liberen la info cuanto antes. El problema no es individual sino colectivo: más gente se vacunaría con la info validada y en manos del público. Tampoco creamos que todo este manoseo informativo es gratis. El problema es de planificación.	https://twitter.com/plenque/status/1343903566881304582	[]
plenque	Tue Dec 29 02:01:45 +0000 2020	1	0	@javierpetrozzi ¡Gracias!	https://twitter.com/plenque/status/1343738946996604933	[]
plenque	Tue Dec 29 01:02:56 +0000 2020	1	0	@Ardase_ Yo trato de no hacer predicciones porque me supera, pero no hay dudas de que está subiendo en algunos lugares. Además me parece difícil que la cosa mejore con las fiestas.	https://twitter.com/plenque/status/1343724145247457288	[]
plenque	Tue Dec 29 00:57:59 +0000 2020	4	1	@PalacioJuanM Estos son los fallecidos de Santa Fe hoy con su fecha real. Las demoras se han notado en todo el país por lo que asumo que el sistema no es lo más amigable. https://t.co/fXCgShHfVe	https://twitter.com/plenque/status/1343722902168940545	[]
plenque	Tue Dec 29 00:28:00 +0000 2020	37	7	"Reporte diario de hoy 28/12 para Argentina. Son 7265 nuevos casos confirmados (7216 neto) y 218 fallecidos.

https://t.co/cbOUkx0ZPi https://t.co/TpPQrNaa7x"	https://twitter.com/plenque/status/1343715357731790849	[]
plenque	Tue Dec 29 00:27:09 +0000 2020	1	0	@lor1706 Siempre suponiendo que la inmunidad dura y todo el bla bla. Es muy muy en el aire.	https://twitter.com/plenque/status/1343715141712539648	[]
plenque	Tue Dec 29 00:26:42 +0000 2020	1	0	@lor1706 El problema es que no tenemos claro los previamente contagiados por no tener seroprevalencia. Sería un cálculo muy en el aire. Si suponemos 65% de 45M sería 29,25M y si restamos los detectados (1.5) nos da algo así como 27,75M. Ponele multiplicamos por 5, son como 22M. Mucho.	https://twitter.com/plenque/status/1343715027476475906	[]
plenque	Mon Dec 28 22:58:05 +0000 2020	2	0	@redouad To be fair, everyone is speaking about everything.	https://twitter.com/plenque/status/1343692727171604483	[]
plenque	Mon Dec 28 22:28:16 +0000 2020	1	0	@fromthewest86 @cingolani_oscar Cada regla que se te ocurra tiene excepciones. Difícil de encontrarle la vuelta.	https://twitter.com/plenque/status/1343685222219526146	[]
plenque	Mon Dec 28 22:18:57 +0000 2020	1	0	@fromthewest86 No para el público. En el SISA se registran por lo que pude ver en capturas y manuales. En algún momento el tablero de la PBA tenía algo de info, pero no muy detallada. Lo mismo el boletín epidemiológico de CABA.	https://twitter.com/plenque/status/1343682880023765001	[]
plenque	Mon Dec 28 20:52:58 +0000 2020	0	0	@CJVenturini Si te referís a los datos crudos de comorbilidades, por desgracia no fueron liberados al público. Solo podemos ver los informes que publican.	https://twitter.com/plenque/status/1343661242712551425	[]
plenque	Mon Dec 28 20:51:48 +0000 2020	3	0	"@Jorghenrys @lucasmmedrano07 @msalnacion Acá podés ver la región sanitaria 8. El problema es que en el SISA tienen demora de carga así que los reportes locales seguro tienen más.

https://t.co/0G9diEi5nY"	https://twitter.com/plenque/status/1343660946343006209	[]
plenque	Mon Dec 28 20:00:00 +0000 2020	1	0	@CJVenturini Como no es mi área, no sé si la info es extrapolable a nuestra población. Igual en el SISA está la info argentina, pero creo que no fue publicada con detalle.	https://twitter.com/plenque/status/1343647909737336839	[]
plenque	Mon Dec 28 19:51:32 +0000 2020	9	0	@fedetiberti @fromthewest86 @morgana_77 Es que es muy berreta lo tuyo	https://twitter.com/plenque/status/1343645782004662273	[]
plenque	Mon Dec 28 19:20:34 +0000 2020	9	1	"La EPOC encabeza la lista por bastante diferencia (~34%), seguida por diabetes (~24%) y el resto. El explorador del sitio ya permite filtrar por cada una y combinarlas para comparar.

https://t.co/VU50xt5xhF"	https://twitter.com/plenque/status/1343637987821842432	[]
plenque	Mon Dec 28 19:20:33 +0000 2020	27	6	Los datos liberados por México incluyen comorbilidades. Eso nos permite, con las limitaciones del caso, comparar métricas asociadas a ellas. El gráfico muestra la evolución de la tasa de letalidad para casos que presentaron algunas. https://t.co/EMjSXqfs9l	https://twitter.com/plenque/status/1343637985334616067	[]
plenque	Mon Dec 28 18:20:25 +0000 2020	3	0	@MenendezPepe Creo que se les da mucha más relevancia de la que tienen.	https://twitter.com/plenque/status/1343622849785966593	[]
plenque	Mon Dec 28 16:53:08 +0000 2020	11	0	@diegotajer La grieta tiene Rt &gt; 1. Se va a reproducir de otra manera.	https://twitter.com/plenque/status/1343600884442419202	[]
plenque	Mon Dec 28 16:13:31 +0000 2020	2	0	@NoSoyHariSeldon Pero el subidón igual es importante. La verdad que algo deberían meter.	https://twitter.com/plenque/status/1343590912987901953	[]
plenque	Mon Dec 28 15:56:55 +0000 2020	0	0	@d_olivaw 100%!	https://twitter.com/plenque/status/1343586735620546568	[]
plenque	Mon Dec 28 15:55:58 +0000 2020	0	0	@ghpedoja Esas son cuestiones operativas que no puedo ver en los números. Habría que preguntar a los funcionarios.	https://twitter.com/plenque/status/1343586497300193280	[]
plenque	Mon Dec 28 15:54:03 +0000 2020	0	0	@d_olivaw Excelente. Son muchísimos y se deja ver porque tengo varios conocidos igual.	https://twitter.com/plenque/status/1343586015190130690	[]
plenque	Mon Dec 28 15:49:17 +0000 2020	5	0	@ghpedoja El testeo depende de la definición de caso y la tecnología disponible. No estoy seguro de que los tests de saliva estuvieran disponibles antes. Ni siquiera tengo claro cuántos son de saliva.	https://twitter.com/plenque/status/1343584814553849856	[]
plenque	Mon Dec 28 15:47:50 +0000 2020	1	0	@yanina_aranda1 Exacto. El tema es poder separar la paja del trigo.	https://twitter.com/plenque/status/1343584451197083649	[]
plenque	Mon Dec 28 15:31:14 +0000 2020	27	0	"Ya sea en el dataset o en el reporte diario, deberíamos tener algo que nos permita entender mejor los datos porque si cambia el ""termómetro"" la medición nos da información distinta."	https://twitter.com/plenque/status/1343580273330548738	[]
plenque	Mon Dec 28 15:31:13 +0000 2020	14	1	En el conurbano también se ve un aumento reciente que puede deberse al aumento de casos, a los cruces por lugar de residencia o ambos. https://t.co/V3Q1KBWZIB	https://twitter.com/plenque/status/1343580270918774785	[]
plenque	Mon Dec 28 15:31:12 +0000 2020	119	20	Para poner en perspectiva el aumento de testeo, en CABA nunca se cargaron tantos diagnósticos como ahora desde el inicio de la pandemia. Necesitaríamos alguna manera de poder discriminar la información que viene del operativo turismo para poder entender. https://t.co/8oVB7no7Mv	https://twitter.com/plenque/status/1343580266028269580	[]
plenque	Mon Dec 28 13:23:20 +0000 2020	7	0	@PabloRichly Comportamiento ejemplar el de los que solo toman cerveza.	https://twitter.com/plenque/status/1343548087931981824	[]
plenque	Mon Dec 28 13:02:47 +0000 2020	1	0	@nuly1906 Sí, son todas aprobaciones de emergencia. La discusión pasa por cuántos datos tenemos relacionados con la aprobación.	https://twitter.com/plenque/status/1343542914962628613	[]
plenque	Mon Dec 28 11:58:07 +0000 2020	0	0	@martinvars ¿No tenía un costo exorbitante?	https://twitter.com/plenque/status/1343526640408797184	[]
plenque	Mon Dec 28 01:05:48 +0000 2020	2	0	@JSchmukler @fedetiberti @Gus_Noriega Totalmente. Creo que es imposible saberlo con los datos que tenemos.	https://twitter.com/plenque/status/1343362482413428738	[]
plenque	Mon Dec 28 01:01:40 +0000 2020	5	0	@JSchmukler @fedetiberti @Gus_Noriega En los datos liberados al público no hay manera de discriminar eso. En la base de datos del SISA me han comentado que están al menos varias de esas.	https://twitter.com/plenque/status/1343361440703512577	[]
plenque	Mon Dec 28 00:56:15 +0000 2020	4	0	@curcicastro @fedemalamud @morhijo No solo aumentaron sino que cambió la definición de caso sospechoso. Deberían discriminar de algún modo, al menos en el reporte diario, cuáles surgen del nuevo operativo. Probablemente exista una suba genuina, pero es difícil separar la paja del trigo.	https://twitter.com/plenque/status/1343360078729142273	[]
plenque	Mon Dec 28 00:26:56 +0000 2020	24	5	"Reporte diario de hoy 27/12 para Argentina. Son 5071 nuevos casos confirmados (5030 neto) y 149 fallecidos.

https://t.co/U8g9lTG0aA https://t.co/2MHiZtRvwf"	https://twitter.com/plenque/status/1343352700818386944	[]
plenque	Sun Dec 27 22:53:45 +0000 2020	2	0	@Crst_C @ugemitch Es que están. Esta es una aprobación de emergencia en que el riesgo justifica su uso. Es natural que los expertos quieran entender: es una decisión muy finita que necesita transparencia, emho. Luego tenés a la gente que hace eco, pero la situación de base es esa.	https://twitter.com/plenque/status/1343329248073932813	[]
plenque	Sun Dec 27 22:39:47 +0000 2020	0	0	@Crst_C @ugemitch No te miento, leo pocos medios locales, pero probablemente existan líneas editoriales. No reniego de eso. Pasa que yo sinceramente creo correcto pedir datos entonces me cuesta asociarlo a una postura ideológica.	https://twitter.com/plenque/status/1343325732261548032	[]
plenque	Sun Dec 27 22:34:06 +0000 2020	0	0	@AlejandrodeBar1 Es una pena porque no podemos discriminar con exactitud el lag biológico del lag administrativo. Muchas gracias por tu respuesta.	https://twitter.com/plenque/status/1343324303442522113	[]
plenque	Sun Dec 27 22:25:58 +0000 2020	0	0	@gaingon Ojo que una respuesta así te puede descolocar. Es difícil responder con altura sin ofender incluso sin tener la intención. Es un tema difícil.	https://twitter.com/plenque/status/1343322257473605632	[]
plenque	Sun Dec 27 22:20:05 +0000 2020	1	0	@gaingon No parece un argumento ni para ser tenido en cuenta. Todavía no escuché ninguno razonable a decir verdad.	https://twitter.com/plenque/status/1343320775395311618	[]
plenque	Sun Dec 27 22:19:07 +0000 2020	0	0	@AlejandrodeBar1 ¿Hay manera de computar las demoras de carga? Los datasets solo incluyen la fecha de defunción / diagnóstico y, como los registros no conservan el ID, me es imposible identificar unívocamente las novedades.	https://twitter.com/plenque/status/1343320532956160001	[]
plenque	Sun Dec 27 21:27:26 +0000 2020	0	0	@Crst_C @ugemitch ¿No creés que debería publicarse al menos algo de info? Todo lo que leo de medios especializados internacionales son dudas. Estaría bueno fundamentarlo.	https://twitter.com/plenque/status/1343307525169573891	[]
plenque	Sun Dec 27 20:38:08 +0000 2020	6	0	@ndchiariello Es que no emití opinión al respecto. Creo que todos deberíamos estar de acuerdo en que es mejor liberar datos técnicos que respalden la decisión antes de usarla.	https://twitter.com/plenque/status/1343295118426701824	[]
plenque	Sun Dec 27 20:28:52 +0000 2020	1	0	@ugemitch @Crst_C Elegir a los antivacunas para discutir es la salida fácil.	https://twitter.com/plenque/status/1343292787425484802	[]
plenque	Sun Dec 27 20:26:35 +0000 2020	4	0	@ndchiariello Lo creo. Solo me parece que eso debería estar antes de empezar a usarla.	https://twitter.com/plenque/status/1343292213380456448	[]
plenque	Sun Dec 27 19:14:51 +0000 2020	0	0	@Atreyu25655805 @mv_asoc El documento de ANMAT dice que tuvo acceso a información. La que sea es mejor que nada.	https://twitter.com/plenque/status/1343274163193212929	[]
plenque	Sun Dec 27 19:07:55 +0000 2020	1	0	@mv_asoc Sí, concuerdo en que no debería depender solo de la confianza. De eso se trata el pedido. Ni siquiera me parecen necesarias las comparaciones.	https://twitter.com/plenque/status/1343272417477668866	[]
plenque	Sun Dec 27 18:59:10 +0000 2020	2	0	@mv_asoc Yo, sin pruebas, prefiero creer que todo fue evaluado correctamente. Justamente por eso quiero que liberen datos así ayudamos un poco a la confianza.	https://twitter.com/plenque/status/1343270215581396993	[]
plenque	Sun Dec 27 18:57:09 +0000 2020	5	0	@ALANS2002 No estoy en condiciones de afirmar eso. El problema es que los que sí lo están tampoco tienen la info como para hacerlo. Quisiera más transparencia en el proceso.	https://twitter.com/plenque/status/1343269707852505088	[]
plenque	Sun Dec 27 18:41:27 +0000 2020	83	11	Los países que han comenzado a vacunar sin existir algún tipo de información técnica de fase 3 disponible para el público serían Rusia (con Bielorrusia) y China. Desarrollos propios. La información existe. Estamos a tiempo.	https://twitter.com/plenque/status/1343265757023637504	[]
plenque	Sun Dec 27 14:39:57 +0000 2020	1	0	@pgerchunoff @ralbrieu La poca popularidad no lo hace menos acertado	https://twitter.com/plenque/status/1343204982309474306	[]
plenque	Sun Dec 27 13:27:38 +0000 2020	2	0	@constant_hevia @vwandres Tiene impronta de estandapero el ñato	https://twitter.com/plenque/status/1343186781911588865	[]
plenque	Sun Dec 27 10:37:12 +0000 2020	12	2	@juanif__ Hay que ir viendo por lugar porque el promedio general oculta mucho. En algunas provincias los datos son un caos. Armé este panelito para investigar: https://t.co/qOSQtW0YRj	https://twitter.com/plenque/status/1343143891168612353	[]
plenque	Sun Dec 27 01:49:17 +0000 2020	4	1	@Zavalita_1975 Esa regresión a la media que nos gusta	https://twitter.com/plenque/status/1343011033955397645	[]
plenque	Sun Dec 27 01:11:15 +0000 2020	33	5	"Reporte diario de hoy 26/12 para Argentina. Son 3753 nuevos casos confirmados (3713 neto) y 79 fallecidos.

https://t.co/RIqvfoHiAF https://t.co/caYIpGvKTW"	https://twitter.com/plenque/status/1343001462880788481	[]
plenque	Sat Dec 26 22:57:18 +0000 2020	6	0	@gabrielzelpo @animalspirit Ya aprobar sin datos publicados en ningún lado es complicado. Quiero creer que no van a empezar a aplicarla sin liberar algo.	https://twitter.com/plenque/status/1342967756187168771	[]
plenque	Sat Dec 26 21:01:57 +0000 2020	0	0	@Oscar31953617 La Pfizer te genera rechazo? No sé por qué respondes a algo que no dije.	https://twitter.com/plenque/status/1342938727086223360	[]
plenque	Sat Dec 26 19:54:06 +0000 2020	23	0	Me parece que algunos no me entendieron. No creí necesario aclarar que se necesita transparencia. Hasta con eso a veces no alcanza. https://t.co/4dEjlrKu1f	https://twitter.com/plenque/status/1342921651567136772	[]
plenque	Sat Dec 26 19:36:15 +0000 2020	1	0	@DraC_2020 Incluso con eso puede no alcanzar. Necesitamos todo y más.	https://twitter.com/plenque/status/1342917157114490880	[]
plenque	Sat Dec 26 18:55:13 +0000 2020	5	0	@diegotajer Why is the dark side so tempting?	https://twitter.com/plenque/status/1342906833976102913	[]
plenque	Sat Dec 26 18:44:23 +0000 2020	1	0	@apschi Sí, probablemente sería más fácil.	https://twitter.com/plenque/status/1342904105015119877	[]
plenque	Sat Dec 26 18:41:16 +0000 2020	1	0	@MarianoNowotny Puede que ni con eso alcance. Por eso propongo empezar por ese camino cuanto antes.	https://twitter.com/plenque/status/1342903320239861762	[]
plenque	Sat Dec 26 18:25:10 +0000 2020	19	2	No reniego del like fácil, pero si tengo que elegir, me quedo con el que duele. Ese es el que hace que Twitter valga la pena.	https://twitter.com/plenque/status/1342899270513528833	[]
plenque	Sat Dec 26 18:18:47 +0000 2020	1	0	@apschi No, no es fácil generar confianza. A veces las vacunas archiprobadas tienen muchos detractores. Necesitamos que se vacunen esos también.	https://twitter.com/plenque/status/1342897664309014530	[]
plenque	Sat Dec 26 18:17:20 +0000 2020	0	0	@Atreyu25655805 Eso es absolutamente necesario, pero a veces tampoco alcanza.	https://twitter.com/plenque/status/1342897299874340865	[]
plenque	Sat Dec 26 17:28:30 +0000 2020	5	1	@spitta1969 Ni dije cómo se genera. Eso es absolutamente necesario, comparto.	https://twitter.com/plenque/status/1342885008973955072	[]
plenque	Sat Dec 26 17:21:23 +0000 2020	2	0	@a_urizio No digo que esté mal, pero no alcanza solo con eso. Ojalá fuera tan fácil generar confianza.	https://twitter.com/plenque/status/1342883219318988803	[]
plenque	Sat Dec 26 17:17:36 +0000 2020	135	9	Generar confianza requiere tiempo y esfuerzo. Necesitamos que se den la vacuna incluso aquellos con los que estamos profundamente en desacuerdo. Llevar la discusión a una pelea tribal es lo peor que podemos hacer. Hay que empezar a generar confianza ya.	https://twitter.com/plenque/status/1342882265341304833	[]
plenque	Sat Dec 26 16:46:10 +0000 2020	14	0	@LucaSartorio La confianza es algo que se gana. Puede que demore incluso cuando esté la publicación.	https://twitter.com/plenque/status/1342874355261440000	[]
plenque	Sat Dec 26 13:21:52 +0000 2020	1	0	@atribinu @Nicolas_Ajz Muy interesante. De cualquier modo, la letalidad (personas ya contagiadas) es mucho menor en mujeres que hombres (1,89% contra 3,43% en Colombia) así que supongo que los otros factores que menciona tienen que tener bastante relevancia.	https://twitter.com/plenque/status/1342822941705310210	[]
plenque	Sat Dec 26 00:30:57 +0000 2020	0	0	@vcalvot @rquiroga777 @Rodri_LP Es un dataset específico de CABA, Argentina relacionado con los llamados por consultas. Descartados en este contexto serían los que llamaron y no hizo falta testear ni nada.	https://twitter.com/plenque/status/1342628936619085824	[]
plenque	Sat Dec 26 00:29:36 +0000 2020	2	0	@rquiroga777 @Rodri_LP Es lo que publican. Solo podemos hipotetizar.	https://twitter.com/plenque/status/1342628592879079424	[]
plenque	Sat Dec 26 00:28:29 +0000 2020	29	0	Es evidente que la carga fue muy baja por el feriado.	https://twitter.com/plenque/status/1342628315241312256	[]
plenque	Sat Dec 26 00:28:07 +0000 2020	35	3	"Reporte diario de hoy 25/12 para Argentina. Son 2883 nuevos casos confirmados (2874 neto) y 30 fallecidos.

https://t.co/GlnspaR50W https://t.co/tRCCqLaOrf"	https://twitter.com/plenque/status/1342628221091774470	[]
plenque	Sat Dec 26 00:22:43 +0000 2020	2	0	"@rquiroga777 @Rodri_LP Sí, es raro. La suba arranca el 8/12. Una hipótesis es que son llamados relacionados con el operativo turismo del tipo ""¿dónde me testeo?""."	https://twitter.com/plenque/status/1342626864066678789	[]
plenque	Sat Dec 26 00:13:57 +0000 2020	2	0	@sandrusg @Rodri_LP Sí, hay un aumento de casos. La idea es ir viendo qué variables están asociadas. No estoy seguro de que los llamados estén relacionados.	https://twitter.com/plenque/status/1342624656541573124	[]
plenque	Fri Dec 25 23:36:18 +0000 2020	7	0	@microagencia Son las llamadas a la línea covid de CABA. Hubo un aumento, pero parece que se explica por descartados (asumo no testeados). Arrancan el 8/12 así que quizás sean preguntas administrativas relacionadas con el turismo. Todo suposición.	https://twitter.com/plenque/status/1342615182552559616	[]
plenque	Fri Dec 25 23:05:03 +0000 2020	42	5	"Por sugerencia de @Rodri_LP incorporé los llamados a la línea COVID de CABA al explorador del sitio. Lo que encontré es que la suba se explica por el aumento de llamados descartados.

https://t.co/VU50xt5xhF https://t.co/sY2FzvRWfP"	https://twitter.com/plenque/status/1342607317087514633	[]
plenque	Fri Dec 25 15:40:08 +0000 2020	5	0	@tucusus @mariodeberlin @rquiroga777 La efectividad nunca es 100% y no todos pueden hacerlo. Vacunarse no es un acto individual por la inmunidad colectiva. Le dejo este artículo que lo explica en detalle: https://t.co/YhRQuA0D6Z	https://twitter.com/plenque/status/1342495351060762625	[]
plenque	Fri Dec 25 15:27:51 +0000 2020	3	0	@tucusus @mariodeberlin @rquiroga777 Eso nos perjudica a todos. Es lo que debemos evitar.	https://twitter.com/plenque/status/1342492256985559040	[]
plenque	Fri Dec 25 15:03:23 +0000 2020	15	0	@rquiroga777 A mi con esos (el equivalente en este caso) me alcanzaría. Me parece importante reconocer que no hay nada.	https://twitter.com/plenque/status/1342486103647989760	[]
plenque	Fri Dec 25 15:00:56 +0000 2020	0	0	@ndchiariello @rquiroga777 Por favor, no nos desviemos. Me refiero a la aprobación de emergencia de un corte preliminar de la fase 3. No tenemos datos de eso.	https://twitter.com/plenque/status/1342485485210447872	[]
plenque	Fri Dec 25 14:59:29 +0000 2020	1	0	@ndchiariello @rquiroga777 La discusión supera las cuestiones técnicas porque es de confianza. La fase 3 es necesaria para vacunar al público y yo personalmente no dudo, por eso estaría bueno tener más datos.	https://twitter.com/plenque/status/1342485119823704068	[]
plenque	Fri Dec 25 14:51:15 +0000 2020	33	4	"@rquiroga777 Es que no es lo mismo. Vos fijate lo que es el informe de la FDA sobre esa vacuna. Eso es lo que necesitamos para sembrar confianza.

https://t.co/b6nU8n9opz"	https://twitter.com/plenque/status/1342483047694925829	[]
plenque	Fri Dec 25 14:07:07 +0000 2020	61	3	@rquiroga777 Seamos pragmáticos. Faltan datos para que puedan verlos los que no confían en la palabra de ambos gobiernos. El objetivo es que se dé la vacuna la mayor cantidad de gente posible y eso ayudaría. No me parecería bien que arrancaran sin publicar al menos un documento técnico.	https://twitter.com/plenque/status/1342471940863373312	[]
plenque	Fri Dec 25 13:59:33 +0000 2020	0	0	@Anarco_Gorila Hace unos meses indicaron que no todos los negativos se cargaban e iban a implementar carga alternativa. No hubo más noticias. Yo creo que hay lugares más confiables que otros porque algunos dan valores de positividad imposibles.	https://twitter.com/plenque/status/1342470035525263363	[]
plenque	Fri Dec 25 03:43:59 +0000 2020	2	0	@fmendiguren Felices 40!	https://twitter.com/plenque/status/1342315126389661696	[]
plenque	Fri Dec 25 01:39:52 +0000 2020	3	0	@fedetiberti @juanif__ @Apuntes_ Ahora es 2115	https://twitter.com/plenque/status/1342283890573127680	[]
plenque	Fri Dec 25 01:22:17 +0000 2020	9	0	@jorgeluisaliaga @msalnacion Dejo el que proceso desde el dataset: https://t.co/6a0VCVLpsc	https://twitter.com/plenque/status/1342279465007779840	[]
plenque	Fri Dec 25 00:42:24 +0000 2020	0	0	@pedroblasco99 Yo proceso la base de datos que salió igual	https://twitter.com/plenque/status/1342269427761508352	[]
plenque	Fri Dec 25 00:30:15 +0000 2020	46	6	"Reporte diario de hoy 24/12 para Argentina. Son 7882 nuevos casos confirmados (7815 neto) y 78 fallecidos.

https://t.co/mKXN5RnHdV https://t.co/LSVNrRrhJS"	https://twitter.com/plenque/status/1342266369786716161	[]
plenque	Thu Dec 24 18:21:07 +0000 2020	3	0	@edmundogs @Nicolas_Ajz David Melech Yisrael	https://twitter.com/plenque/status/1342173473813241865	[]
plenque	Thu Dec 24 17:40:28 +0000 2020	5	0	@PabloRichly Ni quisiera normalizar por pirámide para no llorar.	https://twitter.com/plenque/status/1342163243758981120	[]
plenque	Thu Dec 24 16:16:14 +0000 2020	3	0	@lephcero @tamtenenbaum A una cuadra de mi secundaria. Qué manera de castigarse.	https://twitter.com/plenque/status/1342142045268430850	[]
plenque	Thu Dec 24 13:34:52 +0000 2020	2	0	"@morhijo Los datos por fecha de reporte son los del vespertino. Yo sigo los que tiene el dataset por fecha real así que no me modifica demasiado. Pero me rompe el reporte diario y siempre tengo que dar un montón de explicaciones.
¡Felicidades para usted tb!"	https://twitter.com/plenque/status/1342101436046471171	[]
plenque	Thu Dec 24 12:52:20 +0000 2020	2	0	@Zavalita_1975 @fedetiberti Faltaba más. La ocupación UTI tiene lag así que faltaría para ver el efecto, pero si los testeos son a gente más joven probablemente el efecto sea menor.	https://twitter.com/plenque/status/1342090735382835200	[]
plenque	Thu Dec 24 12:50:13 +0000 2020	0	0	"@Zavalita_1975 @fedetiberti Buenas. Sería porque aumentó fuerte el testeo por el tema turismo (los de saliva). Seguramente parte dela suba se explica por eso. Hice algunos posteos:
https://t.co/LIpRf847Y2
https://t.co/19DU7krtOF
https://t.co/DyBXyI6UT7"	https://twitter.com/plenque/status/1342090200143568902	[]
plenque	Thu Dec 24 11:51:12 +0000 2020	1	0	@diegotajer Sí, te entiendo, solo que me sorprende tanta diferencia en valores tan bajos. Veremos qué pasa en unas semanas.	https://twitter.com/plenque/status/1342075348968759298	[]
plenque	Thu Dec 24 11:45:51 +0000 2020	12	1	@fromthewest86 Seamos pragmáticos. Yo quiero que los liberen para que se vacunen los que confían en el gobierno sin datos y los que no lo hacen. La inmunidad de rebaño necesita de ambos.	https://twitter.com/plenque/status/1342074001699594242	[]
plenque	Thu Dec 24 11:43:10 +0000 2020	2	0	@diegotajer Pero creo que en Madrid era 18% que sería mucho menos que lo necesario estimado. Es difícil sacarle la ficha.	https://twitter.com/plenque/status/1342073329713344518	[]
plenque	Thu Dec 24 11:36:45 +0000 2020	3	1	@diegotajer ¿Por qué bajó en España? Ojo eh que es difícil saber.	https://twitter.com/plenque/status/1342071711810916354	[]
plenque	Thu Dec 24 01:27:46 +0000 2020	4	1	@fraangiangraso Buen punto. ~9% de los casos que hoy informó la PBA fueron de agosto. Creo que nunca había habido tanta demora.	https://twitter.com/plenque/status/1341918457361813504	[]
plenque	Thu Dec 24 00:48:14 +0000 2020	25	1	"Parte de la información de hoy fue incluida en el dataset parcial liberado esta mañana y por eso los números son inferiores al vespertino. Reporte diario de hoy 23/12 para Argentina. Son 4384 nuevos casos confirmados (4325 neto) y 46 fallecidos.

https://t.co/DmQWNGBD6Y https://t.co/MuTUChnzAs"	https://twitter.com/plenque/status/1341908506392338432	[]
plenque	Thu Dec 24 00:24:00 +0000 2020	0	0	@ruinasdigitales Se puede automatizar, pero cada tanto tiene errores.	https://twitter.com/plenque/status/1341902408608325632	[]
plenque	Wed Dec 23 23:35:11 +0000 2020	3	0	@mmbarrionuevo ¡Gracias!	https://twitter.com/plenque/status/1341890124100100098	[]
plenque	Wed Dec 23 23:19:32 +0000 2020	65	5	Al menos hasta ahora, hoy no se actualizó el dataset. Se hace muy cuesta arriba el seguimiento diario sin una rutina fija.	https://twitter.com/plenque/status/1341886184876814336	[]
plenque	Wed Dec 23 22:35:03 +0000 2020	3	0	@pantacha Yo entiendo que existen situaciones de emergencia y temas burocráticos, pero me gustaría que al menos fundamenten la decisión con datos antes de iniciar el uso.	https://twitter.com/plenque/status/1341874993643352064	[]
plenque	Wed Dec 23 22:22:21 +0000 2020	1	0	@gusludmer Son los datos de ayer + un parcial de hoy. Es lo que liberaron por desgracia.	https://twitter.com/plenque/status/1341871796958732296	[]
plenque	Wed Dec 23 21:57:38 +0000 2020	1	0	@ndchiariello @fedemalamud A los totales que da mi informe hay que restarle el reporte diario de ayer. Entonces 12402 - 8141 = 4261. Esos están de más y hoy, en mi informe, deberían salir de menos.	https://twitter.com/plenque/status/1341865575883169792	[]
plenque	Wed Dec 23 21:51:04 +0000 2020	6	0	@morhijo Son los datos de ayer más algunos parciales de hoy. Es porque generaron mal el dataset ayer y lo actualizaron esta mañana.	https://twitter.com/plenque/status/1341863924107456512	[]
plenque	Wed Dec 23 21:49:36 +0000 2020	2	0	@ndchiariello Ojo que incluye los datos de ayer y algunos de hoy. Es porque liberaron la información con distinto corte.	https://twitter.com/plenque/status/1341863554257924102	[]
plenque	Wed Dec 23 21:48:49 +0000 2020	5	0	@fedemalamud Fijate porfa lo que aclaré. Incluye los datos de ayer y un poco de hoy. No puedo hacer nada porque lo liberaron así.	https://twitter.com/plenque/status/1341863355645046784	[]
plenque	Wed Dec 23 21:42:44 +0000 2020	42	5	"Hoy por la mañana se actualizó el dataset que incluyó algunos datos de hoy. Lo imputo al día de ayer así que el de hoy tendrá menos datos. Reporte diario de ayer 22/12 para Argentina. Fueron 12633 nuevos casos confirmados (12402 neto) y 271 fallecidos.

https://t.co/tHS3ewXwAf https://t.co/r8Hycfex3c"	https://twitter.com/plenque/status/1341861826301202432	[]
plenque	Wed Dec 23 21:06:27 +0000 2020	1	0	@FernandoMarull Epa.... ojo que estoy viendo una veta de negocios...	https://twitter.com/plenque/status/1341852693174898690	[]
plenque	Wed Dec 23 21:03:43 +0000 2020	0	0	"@ghpedoja @SantiOlsze Va de nuevo. Ambos tienen el reporte oficial del sistema de vigilancia COVID-19 de cada país (OWID es más riguroso hasta donde sé), pero además OWID publica el exceso de mortalidad. Lo hacen por separado.
https://t.co/fCcZRhz6RC"	https://twitter.com/plenque/status/1341852005317423107	[]
plenque	Wed Dec 23 17:35:45 +0000 2020	2	0	@valenzine A veces me tomo el agnosticismo muy a pecho.	https://twitter.com/plenque/status/1341799668477509640	[]
plenque	Wed Dec 23 17:23:54 +0000 2020	4	0	@florspagnoletti @BorisLeonel @IreHartmann @ANMATsalud Quiero aclarar que yo no lo hice. Solo me gustaría tener datos que respalden algo tan importante.	https://twitter.com/plenque/status/1341796686918774790	[]
plenque	Wed Dec 23 17:13:33 +0000 2020	3	0	"@valenzine Lo que leí es que no lo sabemos. Podría ser, pero los estudios no fueron diseñados para buscar ese dato.

https://t.co/YBlKHFWDwx"	https://twitter.com/plenque/status/1341794082226647040	[]
plenque	Wed Dec 23 17:00:57 +0000 2020	15	1	@IreHartmann @ANMATsalud Sí, claro, a eso me refiero. La transparencia es la mejor manera de generar confianza. No entiendo cómo la confindencialidad puede ayudar en este proceso.	https://twitter.com/plenque/status/1341790914331742208	[]
plenque	Wed Dec 23 16:55:28 +0000 2020	174	18	La apruebe quien la apruebe, quiero creer que lo hicieron con datos. ¿No estaría bueno que los publiquen?	https://twitter.com/plenque/status/1341789530987393024	[]
plenque	Wed Dec 23 16:47:07 +0000 2020	0	0	@rquiroga777 @lucasmmedrano07 Creo que falta tiempo para poder tener certeza porque hubo muchos cambios simultáneos. Solo es llamativo que aparezca esa fecha varias veces y en lugares distantes.	https://twitter.com/plenque/status/1341787432296075266	[]
plenque	Wed Dec 23 15:35:24 +0000 2020	10	1	@lucasmmedrano07 @rquiroga777 El 8 de diciembre aparece en varios lugares. El finde largo.	https://twitter.com/plenque/status/1341769381966213120	[]
plenque	Wed Dec 23 14:43:23 +0000 2020	0	0	@ghpedoja @SantiOlsze worldometers no lo sigo, pero creo que no. owid tiene.	https://twitter.com/plenque/status/1341756294357725185	[]
plenque	Wed Dec 23 14:27:29 +0000 2020	2	0	@SantiOlsze Corrijo porque pifié de archivo y puse solo España. https://t.co/N79jHSyGdm	https://twitter.com/plenque/status/1341752290110304258	[]
plenque	Wed Dec 23 14:18:47 +0000 2020	1	0	@SantiOlsze Yo la sigo desde abril / mayo, pero es cierto que no tuvo mucha difusión. Lo mejor que tiene es la separación por edades. Es fantástico el tablero que armaron.	https://twitter.com/plenque/status/1341750102118031362	[]
plenque	Wed Dec 23 14:15:16 +0000 2020	3	0	@sotoklsl @SantiOlsze La mejor forma es que pase el tiempo y comparar con la info consolidada y corregida. Pero cuando eso ocurra ya no va a ser tan interesante para el público. Mientras tanto hay que incluir todo lo que podamos.	https://twitter.com/plenque/status/1341749217388355584	[]
plenque	Wed Dec 23 14:13:36 +0000 2020	1	0	@SantiOlsze Fijate que son poquitas semanas que tienen lag y las corrigen con estimaciones.	https://twitter.com/plenque/status/1341748798914179072	[]
plenque	Wed Dec 23 14:12:12 +0000 2020	2	1	@SantiOlsze No sé si entendí. El exceso de mortalidad en Europa sale muy muy rápido. Está todo informatizado. https://t.co/i5Kqsmcs49	https://twitter.com/plenque/status/1341748445137264642	[]
plenque	Wed Dec 23 14:07:08 +0000 2020	16	0	@SantiOlsze El problema es que la primera ola fue un caos. La diferencia por exceso de mortalidad cambia tanto que las hace medio incomparables. https://t.co/5RKXaxXK2w	https://twitter.com/plenque/status/1341747168521170947	[]
plenque	Wed Dec 23 12:51:08 +0000 2020	3	0	@rusosnith @poloscience @saintdesud El orden, grosso modo, es positividad -&gt; casos -&gt; internaciones -&gt; uti -&gt; fallecidos. El problema es que los datos en cada parte de la cadena tienen sus problemas y hay que ir investigando.	https://twitter.com/plenque/status/1341728044885663746	[]
plenque	Wed Dec 23 12:38:04 +0000 2020	2	0	@saintdesud @poloscience ¡Todos estamos aprendiendo! El problema es que estamos mirando datos muy muy recientes y esos todavía no impactan en letalidad o mortalidad. Para un análisis más riguroso obviamente es como decís (solo ojo con las demoras de carga).	https://twitter.com/plenque/status/1341724757474091009	[]
plenque	Wed Dec 23 02:37:41 +0000 2020	15	0	"Hoy el dataset salió con errores 2 veces así que dejo el que tengo para no perder la costumbre. Reporte diario de hoy 22/12 para México. Son 12593 nuevos casos confirmados (12511 neto) y 905 fallecidos (897 neto).

https://t.co/ZUKXD61fTA https://t.co/EWTciZ8T5A"	https://twitter.com/plenque/status/1341573662571442176	[]
plenque	Tue Dec 22 22:48:02 +0000 2020	10	0	@alefolgarait Ahora todo sale en la prensa y ahí queda. Todavía estoy esperando los datos de exceso de mortalidad de la PBA y el estudio de seroprevalencia de CABA.	https://twitter.com/plenque/status/1341515872427454466	[]
plenque	Tue Dec 22 20:54:11 +0000 2020	1	0	@alefolgarait Volvió nomás	https://twitter.com/plenque/status/1341487220897804292	[]
plenque	Tue Dec 22 20:46:34 +0000 2020	0	0	@alefolgarait Vamos carajo que yo estoy cerca	https://twitter.com/plenque/status/1341485304247672838	[]
plenque	Tue Dec 22 19:47:00 +0000 2020	3	0	@Facundo_Chaco @tamtenenbaum Sí, pero eso no necesariamente genera confianza. Estaría bueno que los datos de los estudios fueran públicos como con las otras. No deberían hacer falta viajes solo para aprobar.	https://twitter.com/plenque/status/1341470313192808453	[]
plenque	Tue Dec 22 19:42:51 +0000 2020	18	0	@tamtenenbaum Es que a nivel costos nada es más barato que terminar la pandemia cuanto antes. Vacuna, testeo o cualquier intervención es la nada misma al lado del parate de acitivdad.	https://twitter.com/plenque/status/1341469270300119040	[]
plenque	Tue Dec 22 19:38:57 +0000 2020	16	0	@tamtenenbaum Sé tanto como vos, pero no me molestaría ya tenerla acá si se aprueba y cuando ocurra. De última la tiramos.	https://twitter.com/plenque/status/1341468288308621315	[]
plenque	Tue Dec 22 19:23:53 +0000 2020	2	0	@a_urizio @anaradoblep @OficialEdesur https://t.co/OytPyN10z7	https://twitter.com/plenque/status/1341464496611749889	[]
plenque	Tue Dec 22 19:12:41 +0000 2020	3	0	@jmcos https://t.co/uneEtiD66i	https://twitter.com/plenque/status/1341461675829063684	[]
plenque	Tue Dec 22 19:08:58 +0000 2020	3	0	@mesch @celestineia parece. Va mi agradecimiento.	https://twitter.com/plenque/status/1341460743296864257	[]
plenque	Tue Dec 22 19:08:05 +0000 2020	24	15	@mesch Alguien hizo algo muy útil: https://t.co/uneEtiD66i	https://twitter.com/plenque/status/1341460520407343104	[]
plenque	Tue Dec 22 19:02:56 +0000 2020	2	0	@PabloRichly Sinceramente no lo entiendo.	https://twitter.com/plenque/status/1341459224103182357	[]
plenque	Tue Dec 22 18:54:12 +0000 2020	1	0	@anaradoblep @OficialEdesur Caballito. Tampoco. Villa Crespo me dicen que sí así que se ve que es Edesur.	https://twitter.com/plenque/status/1341457025306398720	[]
plenque	Tue Dec 22 18:52:17 +0000 2020	2	0	@laGarzarosa @lules_glam @celesmonaco Recién mencionaron Barracas. Es enorme.	https://twitter.com/plenque/status/1341456541359218690	[]
plenque	Tue Dec 22 18:51:42 +0000 2020	3	0	@anaradoblep @OficialEdesur ¿Vos dónde andás? ¿Soy yo o es gigante?	https://twitter.com/plenque/status/1341456397192597511	[]
plenque	Tue Dec 22 18:45:39 +0000 2020	2	1	@lules_glam @celesmonaco Sumale Liniers y Tablada me avisaron.	https://twitter.com/plenque/status/1341454873422946306	[]
plenque	Tue Dec 22 18:44:18 +0000 2020	3	0	@alefolgarait Menciones de personas en Parque Chacabuco, Flores, Liniers e incluso Tablada igual. Parece que es grande.	https://twitter.com/plenque/status/1341454535366225927	[]
plenque	Tue Dec 22 17:48:41 +0000 2020	1	0	@matildas Aaahh... claro. Quizás la conexión es un poco lenta y por departamentos es bien pesado. Ni te cuento si pedís México. Gracias por el aviso.	https://twitter.com/plenque/status/1341440536759181313	[]
plenque	Tue Dec 22 17:24:47 +0000 2020	0	0	@matildas Confirmame por favor qué navegador y, si es posible, versión así lo pruebo.	https://twitter.com/plenque/status/1341434524157300744	[]
plenque	Tue Dec 22 17:22:39 +0000 2020	0	0	"@matildas Perdón, pero ¿qué país? Para Argentinas deberías dejar el selector así y darle a ""Enviar"". La otra opción es cambiar ""País completo"" por una zona específica. https://t.co/bcl9TDyrpH"	https://twitter.com/plenque/status/1341433986313293830	[]
plenque	Tue Dec 22 16:08:21 +0000 2020	1	0	@alirazabal Sinceramente no lo sé. No hay mucha info sobre rastreo. Pero podría ser una buena explicación.	https://twitter.com/plenque/status/1341415286487060480	[]
plenque	Tue Dec 22 16:03:25 +0000 2020	0	0	"@AlejandrodeBar1 Prácticamente todos los países y lugares que analicé muestran ese patrón en los casos: se transmite de jóvenes a mayores. Se ve bien en el mapa de calor.

https://t.co/4yiSPaRpq0 https://t.co/HdWaZ5tOEI"	https://twitter.com/plenque/status/1341414045866455041	[]
plenque	Tue Dec 22 15:40:59 +0000 2020	1	0	@GonzaRomeroV Sumale a que, me parece, las fiestas cambian todo de nuevo.	https://twitter.com/plenque/status/1341408400220057600	[]
plenque	Tue Dec 22 15:36:08 +0000 2020	0	0	@Tonga23 Creo que tienen que ir en auto, pero ni idea.	https://twitter.com/plenque/status/1341407179228721160	[]
plenque	Tue Dec 22 15:35:11 +0000 2020	5	0	"@decimononnica @eracucu Es la segunda columna de esta tablita: https://t.co/W2UENp2fDg
(obviá todo lo de covid!)"	https://twitter.com/plenque/status/1341406939901784081	[]
plenque	Tue Dec 22 15:29:25 +0000 2020	1	0	@GonzaRomeroV Igual ojo que yo no digo que subieron los reportados porque subió el testeo. Es una afirmación demasiado categórica para los datos que tenemos.	https://twitter.com/plenque/status/1341405491214372864	[]
plenque	Tue Dec 22 15:20:35 +0000 2020	1	0	@GonzaRomeroV Sí, es posible, pero la oscilación en conurbano es sospechosa. Además, sabemos que CABA empezó a testear distinto (las pruebas de saliva por turismo).	https://twitter.com/plenque/status/1341403266253541386	[]
plenque	Tue Dec 22 15:19:13 +0000 2020	1	0	@elhipernauta Imagino que es la semana del finde largo. Eso también trastocó mucho los números.	https://twitter.com/plenque/status/1341402924010893317	[]
plenque	Tue Dec 22 15:09:53 +0000 2020	2	0	@luciobordenave La verdad que sí. En parte seguramente tiene que ver con los cruces por residencia, pero es difícil saber.	https://twitter.com/plenque/status/1341400573862703104	[]
plenque	Tue Dec 22 14:50:50 +0000 2020	4	0	@GonzaRomeroV Bajo condiciones constantes, la positividad debería asociarse a la prevalencia. Lo único que digo es que las condiciones no son constantes y en CABA subió fuerte el testeo (no la positividad). En el conurbano tuviste una semana con baja de testeo y la siguiente subió.	https://twitter.com/plenque/status/1341395778418434053	[]
plenque	Tue Dec 22 14:36:37 +0000 2020	5	0	@LeaFernandez91 Totalmente. Hay contraejemplos para todo. Las teorías no me duran ni 3 minutos.	https://twitter.com/plenque/status/1341392203088801792	[]
plenque	Tue Dec 22 14:33:53 +0000 2020	5	0	@LeaFernandez91 Puede ser. Pasa que entre los países que analicé, a nivel equivalente, le sigue el departamento de Moquegua en Perú con 8,2% y tiene un clima subtropical desértico. Hay de todo.	https://twitter.com/plenque/status/1341391513952145416	[]
plenque	Tue Dec 22 14:25:41 +0000 2020	77	4	Veo mucha obsesión con la curva de casos y poco foco en los testeos. Viene cambiando bastante esta última curva y es imposible analizarlas por separado. Estamos buscando una hormiga con un telescopio. https://t.co/VNv3dgSvGE	https://twitter.com/plenque/status/1341389451034058753	[]
plenque	Tue Dec 22 14:04:45 +0000 2020	1	0	"@ndchiariello Exceso no tenemos que yo sepa. En esta página podés filtrar TDF y ver datos por población o absolutos: https://t.co/W2UENp2fDg
Fallecidos por millón 1424, absolutos 247."	https://twitter.com/plenque/status/1341384184632360960	[]
plenque	Tue Dec 22 13:58:26 +0000 2020	0	0	@Tonga23 Lo veo optimista. Ojalá.	https://twitter.com/plenque/status/1341382591417597955	[]
plenque	Tue Dec 22 13:56:24 +0000 2020	1	0	@SoyTuMomia No tengo ni idea. De los 4 países que levanté, a nivel provincial o equivalente, TDF es el que más casos por millón tiene. Es muchísimo.	https://twitter.com/plenque/status/1341382082791141376	[]
plenque	Tue Dec 22 13:48:06 +0000 2020	61	2	Tierra del Fuego tiene 18.203 casos diagnosticados. Es un 10,5% de su población proyectada. Me pregunto qué arrojaría un estudio de seroprevalencia.	https://twitter.com/plenque/status/1341379991909634048	[]
plenque	Tue Dec 22 13:04:36 +0000 2020	1	0	@PabloRichly ¿Cuántas variantes habrá en Argentina? ¿Se sabe algo?	https://twitter.com/plenque/status/1341369046554578944	[]
plenque	Tue Dec 22 02:47:58 +0000 2020	2	0	@LMoscovich ¡qué grande! hay que aprovechar el tiempo. ojalá vuelva a la normalidad 100% cuanto antes.	https://twitter.com/plenque/status/1341213865170919424	[]
plenque	Tue Dec 22 02:40:45 +0000 2020	2	0	@LMoscovich ¿Sigue laburando?	https://twitter.com/plenque/status/1341212050341711873	[]
plenque	Mon Dec 21 23:19:31 +0000 2020	1	0	@Emi1990E La curva de fallecidos tiene muchísimo lag. No sirve para ver el día a día.	https://twitter.com/plenque/status/1341161405765087233	[]
plenque	Mon Dec 21 23:06:54 +0000 2020	28	1	"Reporte diario de hoy 21/12 para Argentina. Son 6040 nuevos casos confirmados (5853 neto) y 184 fallecidos.

https://t.co/e9FwGNhniO https://t.co/t8QoOuuy4W"	https://twitter.com/plenque/status/1341158231331225600	[]
plenque	Mon Dec 21 22:05:39 +0000 2020	5	0	"@pedrobek ""el dedo chiquito del pie va a desaparecer, ¿no?"""	https://twitter.com/plenque/status/1341142818916544512	[]
plenque	Mon Dec 21 21:55:22 +0000 2020	18	0	@pedrobek indignado porque no están las tortugas https://t.co/eSXyGU8U31	https://twitter.com/plenque/status/1341140231299485696	[]
plenque	Mon Dec 21 21:44:16 +0000 2020	2	0	@curcicastro Yo sinceramente no sé si justifica o no. Lo que me parece es que seguramente existan más situaciones así y nos enteramos de esta porque tienen buena vigilancia.	https://twitter.com/plenque/status/1341137436802473984	[]
plenque	Mon Dec 21 21:04:32 +0000 2020	1	0	@srodriguezrey ¡Me hiciste elegir regalo de Navidad! https://t.co/DcQ6cuZPoC	https://twitter.com/plenque/status/1341127438240198656	[]
plenque	Mon Dec 21 20:56:54 +0000 2020	1	0	@srodriguezrey 😍	https://twitter.com/plenque/status/1341125516083011592	[]
plenque	Mon Dec 21 20:51:01 +0000 2020	2	0	@srodriguezrey @grumpygamer @thimbleweedpark Todo lo que diga Monkey Island merece un like. Tu tentáculo lo sigue de cerca, pero me quedo con Guybrush.	https://twitter.com/plenque/status/1341124035439185931	[]
plenque	Mon Dec 21 20:34:14 +0000 2020	3	0	"@MenendezPepe Claro, es posible. Hay muchas trampas empezando por que no tenemos claro cuál es el R0. Los ingleses seguramente descubren porque miran a lo loco, pero andá a saber cuántas hay dando vueltas. Y ni hablemos del nro. K.
Como siempre digo, se sabra más cuando ya a nadie le importe."	https://twitter.com/plenque/status/1341119810604822530	[]
plenque	Mon Dec 21 20:23:07 +0000 2020	31	2	"Nada está confirmado, pero que una nueva cepa sea más contagiosa implica un umbral más alto para llegar a la inmunidad de rebaño. La letalidad no es lo único relevante.
La fórmula simplificada es Rt = 1 - (1 / R0). https://t.co/8P3BrtFMXn"	https://twitter.com/plenque/status/1341117013868097542	[]
plenque	Mon Dec 21 18:17:19 +0000 2020	1	0	@ndchiariello Los partes locales casi siempre son distintos. Es una pena.	https://twitter.com/plenque/status/1341085353864773633	[]
plenque	Mon Dec 21 17:07:32 +0000 2020	1	0	"@ndchiariello En esta página sale General Pueyrredón: https://t.co/LZn8XtR0VG

También se puede mirar con más detalle en el explorador del sitio: https://t.co/VU50xt5xhF

O directamente exportar un CSV filtrando ese departamento: https://t.co/E4SIaen45S"	https://twitter.com/plenque/status/1341067793756811266	[]
plenque	Mon Dec 21 16:07:26 +0000 2020	1	0	"@guido__ce Creo que lo principal son las reuniones. Es un super evento super propagador.
Vengo mirando Gral. Pueyrredón y es así. Se me ocurre que quizás tenga que ver con que sea el principal destino turístico. Y obvio el relajamiento."	https://twitter.com/plenque/status/1341052666990964736	[]
plenque	Mon Dec 21 16:00:35 +0000 2020	2	0	"@guido__ce Solo digo que es difícil saber hacia dónde vamos porque cambió la forma en que medimos. Trato de entender si lo que vemos es el comienzo de una nueva ola u otra cosa.
El problema es que creo que las fiestas van a distorsionar todavía más."	https://twitter.com/plenque/status/1341050946735005701	[]
plenque	Mon Dec 21 15:55:15 +0000 2020	1	0	@SissiWindsor01 El virus ingresó por CABA al país, pero no veo por qué eso debería repetirse ahora. Igual creo que las fiestas no nos van a dejar comprobar nada.	https://twitter.com/plenque/status/1341049601126780929	[]
plenque	Mon Dec 21 15:49:34 +0000 2020	17	0	Un detalle más. Si vemos los casos cortados por edades el cambio cae exactamente en ese día. https://t.co/MWRrPCZLDg	https://twitter.com/plenque/status/1341048170667790336	[]
plenque	Mon Dec 21 15:44:21 +0000 2020	9	0	El turismo va a ser un gran desafío.	https://twitter.com/plenque/status/1341046858177802244	[]
plenque	Mon Dec 21 15:44:20 +0000 2020	5	0	Lo otro interesante es que en el conurbano el fenómeno se da en menor proporción (¿cruces por residencia?) y menos aún mirando la PBA completa. https://t.co/XNKkv2jdJG	https://twitter.com/plenque/status/1341046855757684738	[]
plenque	Mon Dec 21 15:44:19 +0000 2020	6	1	Esto no quiere decir que el aumento posteriormente no se propague a personas mayores. En cualquier caso, creo importante el mensaje que dio Quirós: https://t.co/kyqJY0Y7f1	https://twitter.com/plenque/status/1341046850808365059	[]
plenque	Mon Dec 21 15:44:18 +0000 2020	23	2	El cambio de testeo en CABA puede verse mejor en la evolución de casos por franjas etarias. La suba es más notoria en personas hasta 65 años. El cambio coincide con el día en que se inició el operativo. https://t.co/2iw8ZaSL3d	https://twitter.com/plenque/status/1341046848329568259	[]
plenque	Mon Dec 21 11:24:08 +0000 2020	7	0	@diegotajer Imaginate para los chicos. Fue una tortura.	https://twitter.com/plenque/status/1340981372643663874	[]
plenque	Mon Dec 21 02:52:22 +0000 2020	2	0	@martinalalu Tiene varios plugins que le podés meter. Desde el popcorntime hasta tener un NAS y organizar tu librería de pelis, te baja subtítulos, muestra calificaciones, etc.	https://twitter.com/plenque/status/1340852582114349056	[]
plenque	Mon Dec 21 02:41:43 +0000 2020	0	0	@martinalalu No tener que prender la compu es un golazo. Incluso, sin disco externo, la podés alimentar con algún USB de la tele.	https://twitter.com/plenque/status/1340849905699598336	[]
plenque	Mon Dec 21 02:34:32 +0000 2020	6	0	@martinalalu Atrás de la tele con esto hace maravillas: https://t.co/PXYBrlUfM4	https://twitter.com/plenque/status/1340848096167813120	[]
plenque	Mon Dec 21 01:02:26 +0000 2020	3	0	@SebastianMaril gizmooo kaka! https://t.co/dJkkxsDBp5	https://twitter.com/plenque/status/1340824918011899904	[]
plenque	Mon Dec 21 00:59:52 +0000 2020	15	1	@fromthewest86 Vos no entendés. El virus olió la vacuna y mutó.	https://twitter.com/plenque/status/1340824271719903232	[]
plenque	Sun Dec 20 23:02:16 +0000 2020	36	3	"Reporte diario de hoy 20/12 para Argentina. Son 4162 nuevos casos confirmados (4116 neto) y 50 fallecidos.

https://t.co/lntm1HVxe9 https://t.co/5wyKlXRjMM"	https://twitter.com/plenque/status/1340794677327519745	[]
plenque	Sun Dec 20 20:54:52 +0000 2020	0	0	@FernandoMarull Pffff el MEP	https://twitter.com/plenque/status/1340762617254653952	[]
plenque	Sun Dec 20 20:28:33 +0000 2020	0	0	@Mariano_Serra ¡Si es así, no lo hagas a mano por favor! Pasame un mail por DM que cuando pueda te mando un Excel.	https://twitter.com/plenque/status/1340755994880708608	[]
plenque	Sun Dec 20 20:24:33 +0000 2020	0	0	@Mariano_Serra Aaahh... pero esos son recientes no? Yo tengo todo en una DB desde el 16/06. Lo que podría cambiar un pelín es que hay casos que se borran, pero es poco probable. Igual es un dato anecdótico nomás.	https://twitter.com/plenque/status/1340754987220148227	[]
plenque	Sun Dec 20 20:13:46 +0000 2020	0	0	@Mariano_Serra Efectivamente, la primera vez en mucho tiempo. ¡No lo había notado! El 6/12 se reportó solo 1. La vez anterior que no hubo ninguno fue el 28/08.	https://twitter.com/plenque/status/1340752274470154241	[]
plenque	Sun Dec 20 17:32:07 +0000 2020	3	0	@solantropo No tengo ni la menor idea. Yo solo quiero que todas funcionen y darme la primera que pueda cuanto antes. Es en ese sentido que no ayuda. No es un juego de suma cero.	https://twitter.com/plenque/status/1340711594347651074	[]
plenque	Sun Dec 20 17:06:15 +0000 2020	8	0	@rusosnith Yo ni paper quiero porque te dejan más preguntas que respuestas. Quiero la data.	https://twitter.com/plenque/status/1340705080975237121	[]
plenque	Sun Dec 20 16:57:04 +0000 2020	1	0	@pap1958 Leí en los medios que es auténtica. Me sorprendió.	https://twitter.com/plenque/status/1340702772577132545	[]
plenque	Sun Dec 20 16:56:47 +0000 2020	1	0	@Clandestina__ Reproducirlo es una elección y no creo que sean ellos los que deban hacerlo. EMO, no ayuda con el propósito que describía en mi mensaje original.	https://twitter.com/plenque/status/1340702698526683136	[]
plenque	Sun Dec 20 16:54:40 +0000 2020	5	0	"@eduardoyeyati Leí que hay condiciones especiales por ser una aprobación de emergencia. De cualquier modo, no entiendo mucho de cuestiones legales, pero no creo que sea una ""competidora"" la que deba hacerse eco del titular."	https://twitter.com/plenque/status/1340702168215642115	[]
plenque	Sun Dec 20 16:24:15 +0000 2020	67	5	No entiendo el propósito de este mensaje. Lo que necesitamos es confianza y llegará con transparencia y datos sólidos. Pensé que la cuenta era fake. https://t.co/2AiEOMttvs	https://twitter.com/plenque/status/1340694514219008000	[]
plenque	Sun Dec 20 14:21:00 +0000 2020	1	0	@LoyolaSteev @exequielmaldo @jmcastagnetto Luego jugá un poco con panorama y explorador del sitio. Permiten llegar a nivel distrito.	https://twitter.com/plenque/status/1340663497705832448	[]
plenque	Sun Dec 20 14:14:35 +0000 2020	1	0	@exequielmaldo @LoyolaSteev @jmcastagnetto Sin dudas. El mapa global oculta demasiado. Incluso con las diferencias de políticas se pueden ver diferencias claras en los patrones de ataque. Intuyo que los determinantes socioeconómicos tienen mayor preponderancia de la que les solemos dar.	https://twitter.com/plenque/status/1340661882231943168	[]
plenque	Sun Dec 20 13:15:26 +0000 2020	16	2	"Varias páginas del sitio ya permiten ver los microdatos del Perú. El gráfico muestra la evolución de los fallecidos (detectados) en las áreas metropolitanas principales de los países habilitados.

Gracias a @LoyolaSteev y @jmcastagnetto por su ayuda.

https://t.co/saXyMC4zd9 https://t.co/shqdCYUCxc"	https://twitter.com/plenque/status/1340646996076605440	[]
plenque	Sun Dec 20 11:36:12 +0000 2020	7	0	@fromthewest86 Sí y me encantó. Cosas así a nivel subnacional quisiera hacer, pero temo que no haya mucho dato.	https://twitter.com/plenque/status/1340622021290577924	[]
plenque	Sun Dec 20 11:34:10 +0000 2020	5	0	@GonHuertas Muy bueno che. Nada mejor que aclarar que no hay un camino fácil cuando ese es el caso.	https://twitter.com/plenque/status/1340621509434482690	[]
plenque	Sun Dec 20 01:10:10 +0000 2020	2	0	@rquiroga777 @Andy_PD @rusosnith @MgigB @mschuliaquer @martintetaz Yo opino lo mismo en relación a la estacionalidad (al menos climática), pero me parece que ese grafico no lo sustenta del todo. Perú, Colombia y Ecuador son muy distintos; Paraguay / Uruguay recién arrancan con la curva.	https://twitter.com/plenque/status/1340464478597640193	[]
plenque	Sun Dec 20 00:48:43 +0000 2020	0	0	@xarkham @norabar @jorgeluisaliaga Es que la apertura de casos (todos todos) no subió la barbaridad que en CABA en otros lados. Pero sí hubo subidón de confirmados y positividad.	https://twitter.com/plenque/status/1340459077508460544	[]
plenque	Sun Dec 20 00:34:14 +0000 2020	9	0	@norabar @jorgeluisaliaga Leí que el testeo adicional se produjo por el turismo y los nuevos PCR de saliva. Eso explicaría, al menos en parte, mayor apertura de casos.	https://twitter.com/plenque/status/1340455433824329737	[]
plenque	Sun Dec 20 00:29:35 +0000 2020	2	0	@rusosnith @rquiroga777 @MgigB @Andy_PD @mschuliaquer @martintetaz A mi me gustaría llegar de los números al relajamiento y no la inversa. Nuestros indicadores son frágiles y les caben muchas hipótesis.	https://twitter.com/plenque/status/1340454262627840002	[]
plenque	Sun Dec 20 00:27:00 +0000 2020	0	0	"@Andy_PD @rquiroga777 @MgigB @mschuliaquer Sí, pero ahí también bajó un poco el testeo. Y esta semana vi que venía subiendo.
Igual, todas las conclusiones que saquemos tienen fecha de vencimiento por las fiestas. Creo que son game changer."	https://twitter.com/plenque/status/1340453614838554631	[]
plenque	Sun Dec 20 00:23:50 +0000 2020	0	0	@rquiroga777 @MgigB @Andy_PD @mschuliaquer Me decía @martintetaz que del GCBA indicaban que el 107 no es tan confiable porque entran llamados por otras cosas, pero algo similar se ve en Google con gente buscando síntomas.	https://twitter.com/plenque/status/1340452817295847424	[]
plenque	Sun Dec 20 00:17:23 +0000 2020	4	0	"@rquiroga777 @MgigB @Andy_PD @mschuliaquer Es que, de hecho, hasta hace unos días seguía bajando positividad. Quizás simultáneamente aumentan testeo y prevalencia. Habrá que esperar un poquito para estar seguros.

https://t.co/LIpRf847Y2"	https://twitter.com/plenque/status/1340451194087612416	[]
plenque	Sat Dec 19 23:16:43 +0000 2020	0	0	@RegaCarlos A esto me refería: https://t.co/GGVvbHyjtz	https://twitter.com/plenque/status/1340435927357943811	[]
plenque	Sat Dec 19 23:15:47 +0000 2020	10	0	En números absolutos no es demasiado, pero esto es lo que pasó en 3 días con la letalidad de la Rioja. https://t.co/oev17cssGh	https://twitter.com/plenque/status/1340435692766322691	[]
plenque	Sat Dec 19 23:04:10 +0000 2020	13	0	La Rioja sigue con la carga antigua que inició ayer y ahora se suma Chubut con fallecidos de Octubre. La heterogeneidad de las demoras es lo que no permite proyectar fácilmente ni confiar demasiado en la letalidad.	https://twitter.com/plenque/status/1340432766014545921	[]
plenque	Sat Dec 19 23:02:23 +0000 2020	23	2	"Reporte diario de hoy 19/12 para Argentina. Son 5849 nuevos casos confirmados (5795 neto) y 91 fallecidos.

https://t.co/UgmUErrHYr https://t.co/m1cgJ4HjWm"	https://twitter.com/plenque/status/1340432318331273218	[]
plenque	Sat Dec 19 22:36:16 +0000 2020	1	0	@mschuliaquer @rquiroga777 De eso no tengo ni idea. La parte de cuidados es muy difícil de entender.	https://twitter.com/plenque/status/1340425745496158209	[]
plenque	Sat Dec 19 22:32:43 +0000 2020	6	0	@mschuliaquer @rquiroga777 En CABA seguramente porque los casos subieron y no la positividad (testear asintomáticos causa eso). Quirós anunció que mucha gente vuelve contagiada sin saberlo. Yo solo espero que no sea el comienzo de una nueva ola. Pasa que la semana que viene nos cambia todo.	https://twitter.com/plenque/status/1340424851450978304	[]
plenque	Sat Dec 19 19:24:35 +0000 2020	1	0	@octaviobramajo Yo compré un par che	https://twitter.com/plenque/status/1340377505845436416	[]
plenque	Sat Dec 19 18:56:30 +0000 2020	2	0	"@rusosnith ¿No le llegaban a nadie hasta 2023? Ni idea che, son muchos ""si"" demasiado jodidos."	https://twitter.com/plenque/status/1340370439554682880	[]
plenque	Sat Dec 19 17:29:41 +0000 2020	3	0	@YVLesR @NicoJoseIsola Se llama chiste y lo hice con ironía. Ya quisiera yo tener esa vista desde la plaza. No hagan de tuiter un lugar nefasto.	https://twitter.com/plenque/status/1340348593056731136	[]
plenque	Sat Dec 19 17:23:17 +0000 2020	3	0	@NicoJoseIsola Te odio. Con el mayor de los respetos eh.	https://twitter.com/plenque/status/1340346981571551237	[]
plenque	Sat Dec 19 17:14:49 +0000 2020	1	0	@fedelowe Lo votaría con gusto y mirá que creo que nunca me pasó eso	https://twitter.com/plenque/status/1340344848772153347	[]
plenque	Sat Dec 19 17:13:31 +0000 2020	2	0	@RegaCarlos La aceleración de casos es medio reciente como para que se note en los fallecidos. Pero también llegará. Con tanto lag hay demasiado ruido.	https://twitter.com/plenque/status/1340344521960398850	[]
plenque	Sat Dec 19 17:05:17 +0000 2020	8	1	@fedelowe Me encanta porque da a entender que el error fue bajo su mando y lo asume. No delega responsabilidad.	https://twitter.com/plenque/status/1340342451379331072	[]
plenque	Sat Dec 19 16:53:57 +0000 2020	1	0	@RegaCarlos Es medio difícil de estimar porque varían mucho las demoras y también varía la curva de casos. Tengo la sensación de que Córdoba, y sobre todo Santa Fe, tienen bastantes fallecidos por reportar porque sus tasas de letalidad caen mucho incluso dejando un mes de distancia. https://t.co/CUjYDrkSlZ	https://twitter.com/plenque/status/1340339597545451520	[]
plenque	Sat Dec 19 13:23:16 +0000 2020	14	0	@mollfederico Mi duda es epistemológica: dice que mueren todas las teorías y a continuación enuncia una.	https://twitter.com/plenque/status/1340286579504517120	[]
plenque	Sat Dec 19 12:56:43 +0000 2020	3	0	@diegotajer Se mezcla un poco todo, pero creo entender a lo que apunta. Las agrupaciones docentes, sobre todo las ligadas a la política, fueron un poco indulgentes frente a esas exageraciones. Comparto que no las generaron.	https://twitter.com/plenque/status/1340279897432928258	[]
plenque	Sat Dec 19 00:47:09 +0000 2020	0	0	@sek1982 rna	https://twitter.com/plenque/status/1340096297873911810	[]
plenque	Fri Dec 18 23:10:14 +0000 2020	12	0	Hoy se sumó La Rioja a las demoras con fallecidos de agosto.	https://twitter.com/plenque/status/1340071905513103361	[]
plenque	Fri Dec 18 23:07:45 +0000 2020	29	3	"Reporte diario de hoy 18/12 para Argentina. Son 7252 nuevos casos confirmados (7002 neto) y 138 fallecidos.

https://t.co/rLNxI0paDa https://t.co/LcEipmeLNg"	https://twitter.com/plenque/status/1340071282289881097	[]
plenque	Fri Dec 18 22:18:46 +0000 2020	4	0	"@fromthewest86 @Apuntes_ @ndchiariello @Diecale Son PCR por lo que leí. Lo que me hicieron notar en otro mensaje es que el reporte diario de CABA pasó de decir ""fecha de hisopado"" a ""fecha de PCR"". Eso sumado al alza de casos con menos positividad me parece que sería confirmación."	https://twitter.com/plenque/status/1340058952978092034	[]
plenque	Fri Dec 18 21:00:02 +0000 2020	1	0	@ZulmaCucunuba @angie_rasmussen cc @fromthewest86	https://twitter.com/plenque/status/1340039138834313222	[]
plenque	Fri Dec 18 18:45:03 +0000 2020	1	0	@fmendiguren life is like a box of chocolates	https://twitter.com/plenque/status/1340005172081254400	[]
plenque	Fri Dec 18 18:43:22 +0000 2020	1	0	@fmendiguren Para el que le va el folklore. Podría ser cualquiera de las canciones del mismo disco. https://t.co/1N3HGTLBCh	https://twitter.com/plenque/status/1340004748305559554	[]
plenque	Fri Dec 18 18:06:50 +0000 2020	0	0	@MgigB @fedetiberti ¿Tenés el link de la población estimada 2020 por grupo quinquenal y departamento? Hace tiempo que lo estoy buscando.	https://twitter.com/plenque/status/1339995552956768257	[]
plenque	Fri Dec 18 17:34:56 +0000 2020	1	0	@Apuntes_ @ndchiariello @Diecale Eso le agrega una capa adicional de complejidad para entender el problema. Que no se malentienda, ojalá las capas de complejidad siempre fueran mucho más testeos.	https://twitter.com/plenque/status/1339987525331501056	[]
plenque	Fri Dec 18 17:04:52 +0000 2020	3	0	@diegotajer Sería más gracioso si no diera ganas de llorar	https://twitter.com/plenque/status/1339979958349926400	[]
plenque	Fri Dec 18 15:56:41 +0000 2020	1	0	@mschuliaquer @Gabiziblat La semana anterior y ahora pareciera repuntar. Igual yo solo miro dataset y Gabriel busca en los partes locales.	https://twitter.com/plenque/status/1339962800853151745	[]
plenque	Fri Dec 18 15:54:10 +0000 2020	1	0	@a_urizio Sí, no veo manera de descartar nada. Solo quiero asegurarme de tener toda la foto y esto de los tests de saliva era un dato más.	https://twitter.com/plenque/status/1339962168301776896	[]
plenque	Fri Dec 18 15:45:31 +0000 2020	1	0	@a_urizio Distorsiona un poco los números: en CABA hay menos positividad. Lo que queda claro es que los tests subieron más que los casos, pero puede que en breve los casos los superen y veamos la suba de positividad.	https://twitter.com/plenque/status/1339959991160238081	[]
plenque	Fri Dec 18 15:18:50 +0000 2020	0	0	"@zorinaq Absolutely. The problem is that it takes a little time to understand the concept of administrative lag. The animation allows you to present the topic and can then be expanded.
BTW, is it posibble to download microdata (individual anonymized cases) from Florida?"	https://twitter.com/plenque/status/1339953276683337730	[]
plenque	Fri Dec 18 15:03:48 +0000 2020	0	0	@curcicastro Sí, pero ojo que descarta que venga un subidón. Complica el análisis nomás.	https://twitter.com/plenque/status/1339949489466032130	[]
plenque	Fri Dec 18 15:00:01 +0000 2020	0	0	@curcicastro Yo estoy mirando por residencia y carga en CABA y veo lo mismo. Fijate mi tuit siguiente porque me dicen que hubo confirmación de que los incluyen.	https://twitter.com/plenque/status/1339948538432774146	[]
plenque	Fri Dec 18 14:53:41 +0000 2020	1	0	@gusludmer @martintetaz @Gabiziblat Claro, debería retomar la tendencia que tenía. Lástima que es probable que las fiestas nos caguen cualquier análisis.	https://twitter.com/plenque/status/1339946947063537669	[]
plenque	Fri Dec 18 14:48:36 +0000 2020	1	0	@matildas ¡Gracias!	https://twitter.com/plenque/status/1339945667071004674	[]
plenque	Fri Dec 18 14:47:51 +0000 2020	1	0	@Lean78 Nooooo... perate. No necesariamente. Solo quiero analizar todo.	https://twitter.com/plenque/status/1339945479052914689	[]
plenque	Fri Dec 18 14:46:44 +0000 2020	0	0	@tipstonga @Gabiziblat Quisiera poder sustentar eso con más datos.	https://twitter.com/plenque/status/1339945197455745025	[]
plenque	Fri Dec 18 14:45:42 +0000 2020	9	1	"Bueno... tenemos dos datos relevantes:

https://t.co/gVpztpwTYD

https://t.co/ZaVq5wV1vz https://t.co/LIpRf847Y2"	https://twitter.com/plenque/status/1339944936427405314	[]
plenque	Fri Dec 18 14:42:59 +0000 2020	1	0	@ivokutzarida good catch!	https://twitter.com/plenque/status/1339944250881040384	[]
plenque	Fri Dec 18 14:41:51 +0000 2020	0	0	@morhijo Todos tenemos sesgos. Solo hay que intentar domarlos.	https://twitter.com/plenque/status/1339943965559312388	[]
plenque	Fri Dec 18 14:35:19 +0000 2020	1	0	@martintetaz @gusludmer @Gabiziblat Sí, eso se suma a los llamados a la línea telefónica.	https://twitter.com/plenque/status/1339942323090829312	[]
plenque	Fri Dec 18 14:31:20 +0000 2020	0	0	@tipstonga @Gabiziblat No descarto lo que indicás, pero el registro de fallecidos tiene lags mucho más amplios que lo que pasó desde el período que estoy analizando (8 días). Falta para que se noten las consecuencias.	https://twitter.com/plenque/status/1339941322984202247	[]
plenque	Fri Dec 18 14:28:52 +0000 2020	2	0	@gusludmer @Gabiziblat Si no hubo cambio en el testeo puede ser. Quiero exprimir la opción optimista.	https://twitter.com/plenque/status/1339940700532707330	[]
plenque	Fri Dec 18 14:24:53 +0000 2020	0	0	@xarkham No tengo ni idea. Es un tema del que no pude leer mucho y por eso quiero saber. A nivel datos creo que no cambiaron nada en el dataset.	https://twitter.com/plenque/status/1339939698836451328	[]
plenque	Fri Dec 18 14:23:17 +0000 2020	6	0	@Diecale Sí, vi la suba y la positividad es una forma indirecta de ver eso. Por eso pregunto por los tests de saliva. Quiero entender qué cambió.	https://twitter.com/plenque/status/1339939293444403202	[]
plenque	Fri Dec 18 14:20:02 +0000 2020	19	0	Los otros días @Gabiziblat publicó una nota indicando que subieron los tests en CABA y bajaron en el Conurbano. Eso podría explicarlo, pero es difícil saber.	https://twitter.com/plenque/status/1339938477618675712	[]
plenque	Fri Dec 18 14:20:01 +0000 2020	62	5	Me sigue llamando la atención que la suba de casos en CABA, al menos hasta ahora, no fuera acompañada por una suba de positividad. ¿Hubo algún cambio en el testeo? ¿Podrán tener que ver los nuevos tests de saliva? ¿Van al dataset? https://t.co/k1lGFiUTow	https://twitter.com/plenque/status/1339938474980499459	[]
plenque	Fri Dec 18 14:18:08 +0000 2020	1	0	@morhijo Sí, es bien rara. También hay que tener en cuenta que ellos tuvieron mucho  subdiagnóstico así que los números pueden ser menos precisos. Tienen publicados datos crudos de exceso de mortalidad y planeo agregarlos para cruzar el análisis.	https://twitter.com/plenque/status/1339937999430307840	[]
plenque	Fri Dec 18 13:29:39 +0000 2020	14	3	Me había quedado pendiente subir el mapa animado de incidencia (fallecidos diagnosticados) en México. Al igual que Colombia, el avance fue distribuido geográficamente. https://t.co/5n55cOOyuA	https://twitter.com/plenque/status/1339925797277151236	[]
plenque	Fri Dec 18 12:21:17 +0000 2020	2	0	@pantacha En esto estamos. El que la tiene atada ahí es Octavio. Yo estoy recopilando los datos subnacionales de varios países que es más complicado de lo que parece. Si te interesa algún dato, pedí nomás.	https://twitter.com/plenque/status/1339908591294287872	[]
plenque	Fri Dec 18 12:10:35 +0000 2020	6	1	@pantacha No es fácil ser riguroso, pero con saber la limitación alcanza para no tirar comparaciones al aire. Acá un pequeño aporte que está en camino: https://t.co/UGgAavS3YC	https://twitter.com/plenque/status/1339905901747183616	[]
plenque	Fri Dec 18 01:40:09 +0000 2020	0	0	@rusosnith @fedetiberti 😂	https://twitter.com/plenque/status/1339747246343151623	[]
plenque	Fri Dec 18 01:21:34 +0000 2020	1	0	@ProgramaAEDuns Tremendo. Mirá @PabloRichly	https://twitter.com/plenque/status/1339742570184896513	[]
plenque	Fri Dec 18 00:59:17 +0000 2020	6	0	@fedetiberti La primera encuesta que hago. Novato.	https://twitter.com/plenque/status/1339736963704889345	[]
plenque	Fri Dec 18 00:24:59 +0000 2020	40	1	Hoy le mostré a @fedetiberti cómo usar los webservices de covidstats y surgió la idea de publicar documentación. ¿La armo o a nadie le interesa? Entregan JSON para generar gráficos propios a gusto. El mismo sitio los consume. Con 100 votos lo hago.	https://twitter.com/plenque/status/1339728332120854529	[]
plenque	Thu Dec 17 23:01:05 +0000 2020	36	5	"Reporte diario de hoy 17/12 para Argentina. Son 7443 nuevos casos confirmados (7349 neto) y 169 fallecidos.

https://t.co/9TGG4NSwFk https://t.co/7ajCI3iaLb"	https://twitter.com/plenque/status/1339707215293390850	[]
plenque	Thu Dec 17 22:08:44 +0000 2020	2	0	@ltornarolli @fedetiberti juro que me había olvidado	https://twitter.com/plenque/status/1339694042980999170	[]
plenque	Thu Dec 17 21:57:45 +0000 2020	7	0	@Tipazo94 @fedetiberti En eso estoy. La idea es agregarlo al sitio para comparar cualquier lugar con otro. Un poco dependo de los hechizos de @octaviobramajo .	https://twitter.com/plenque/status/1339691277064032258	[]
plenque	Thu Dec 17 20:54:18 +0000 2020	5	0	"@zorinaq Have you tried this animation? I think it easier for people to understand it.

https://t.co/ItB9AjyacF"	https://twitter.com/plenque/status/1339675310502100993	[]
plenque	Thu Dec 17 19:12:47 +0000 2020	1	0	"@fmendiguren Notable que quitaran la opción ""1 year"". Las cosas por su nombre."	https://twitter.com/plenque/status/1339649761624944640	[]
plenque	Thu Dec 17 19:01:43 +0000 2020	1	0	@MenendezPepe @lucasllach Sinceramente no lo sé. Era pregunta porque es un tema que no manejo.	https://twitter.com/plenque/status/1339646978540654593	[]
plenque	Thu Dec 17 18:55:06 +0000 2020	1	0	@lucasllach ¿Por qué no transferencias directas?	https://twitter.com/plenque/status/1339645312089153537	[]
plenque	Thu Dec 17 17:39:00 +0000 2020	0	0	@fmendiguren https://t.co/NRzptJm2Tn	https://twitter.com/plenque/status/1339626159160569857	[]
plenque	Thu Dec 17 17:08:59 +0000 2020	1	0	"@50_dani Sí, estoy de acuerdo. Igual la nota se mete con un tema más ""liviano"" que son los casos en la base. Los fallecidos tienen otras implicancias y pueden generar sospechas... pero también existen errores, no hay dudas."	https://twitter.com/plenque/status/1339618605554655233	[]
plenque	Thu Dec 17 15:01:41 +0000 2020	3	0	@PabloRichly Y ojalá podamos ponerle zoom.	https://twitter.com/plenque/status/1339586570026827786	[]
plenque	Thu Dec 17 13:55:49 +0000 2020	1	0	@pantacha Tremendo tuit cabalístico	https://twitter.com/plenque/status/1339569994544365570	[]
plenque	Thu Dec 17 13:54:18 +0000 2020	3	0	@rquiroga777 Convengamos que incluso con un cambio de tendencia puede deberse a otra cosa. Solo quiero ser un poco riguroso.	https://twitter.com/plenque/status/1339569611344408579	[]
plenque	Thu Dec 17 13:50:38 +0000 2020	6	0	@rquiroga777 Todavía no queda del todo claro si hubo o no un cambio de tendencia. La positividad (que tenemos) en el conurbano sí tuvo un cambio, pero andá a asociarla con eso. Es difícil descartar que el episodio desencadenara tranmisión comunitaria. Yo también creo que no.	https://twitter.com/plenque/status/1339568689318924288	[]
plenque	Thu Dec 17 13:38:16 +0000 2020	96	9	Tema velorio. Seamos conscientes de que es imposible tener más que una opinión livianamente fundada porque nuestro nivel de testeo es muy bajo y lo mismo el rastreo. Nos faltan seroprevalencia, exceso de mortalidad, positividad. La epidemia avanza y la vemos después.	https://twitter.com/plenque/status/1339565579632521218	[]
plenque	Thu Dec 17 13:28:58 +0000 2020	2	0	@SergioFelperin Lo perfecto es enemigo de lo bueno. No por trillada deja de ser cierta.	https://twitter.com/plenque/status/1339563237956874247	[]
plenque	Thu Dec 17 13:25:49 +0000 2020	1	0	@matildas Sí, pero no todo es necesariamente lo mismo. Las demoras en reporte son problemas del sistema en su conjunto que pueden solaparse con ocultamiento (ejemplo: https://t.co/aQytAW1w08). En este caso me parece muy tirado de los pelos.	https://twitter.com/plenque/status/1339562447363923968	[]
plenque	Thu Dec 17 12:32:11 +0000 2020	16	1	Aclaro que no reniego de seguir el dato (¡lo hago todos los días!) porque para eso sirve tener datos abiertos.	https://twitter.com/plenque/status/1339548947061362688	[]
plenque	Thu Dec 17 12:32:10 +0000 2020	11	1	"Por dar un ejemplo, Neuquén figura segunda en el ranking, probablemente, por lo que sucedió el 3 de Noviembre en que registraron +2100 casos en un día cuando en el vespertino se reportaron 934. Shit happens.

https://t.co/H3pbtCXUut"	https://twitter.com/plenque/status/1339548944473464832	[]
plenque	Thu Dec 17 12:32:10 +0000 2020	56	7	"No me gustó el tono acusatorio de esta nota que sacó LN. Cualquiera que haya trabajado con sistemas transaccionales sabe que se cometen errores. En este caso hablamos de un sistema de alcance nacional con gente que trabaja a la carrera.

https://t.co/Akr40Owf9X"	https://twitter.com/plenque/status/1339548942225334273	[]
plenque	Thu Dec 17 01:13:58 +0000 2020	2	0	@Mariano_Serra @joreze17 Creo que en prácticamente ningún lugar de Argentina se testeó bien lo que se dice bien. Por el resto, prefiero no comparar jurisdicciones porque las pirámides poblacionales son muy distintas. En breve voy a ponerme con un informe que pretende normalizar eso.	https://twitter.com/plenque/status/1339378269280415744	[]
plenque	Thu Dec 17 00:15:41 +0000 2020	4	0	"@curcicastro @fedetiberti Son los que reporto todos los días en las tablitas de ""Novedades"". Para mi la nota mete un aire catastrófico a errores esperables de un sistema transaccional. Por dar un ejemplo, Neuquén está segunda porque un día mandaron como 1000 casos por error. Shit happens."	https://twitter.com/plenque/status/1339363600947929088	[]
plenque	Wed Dec 16 23:36:39 +0000 2020	3	0	@fromthewest86 Con nuestro nivel de testeo es todo especulación. Yo creo que no, pero me parece imposible descartar nada.	https://twitter.com/plenque/status/1339353780547178499	[]
plenque	Wed Dec 16 23:35:52 +0000 2020	2	0	@nahuelmbenitez Yo no me la juego por nada la verdad. Hay que esperar un  poco más. Igual no me gusta nada la subida de positividad en el conurbano.	https://twitter.com/plenque/status/1339353582034956289	[]
plenque	Wed Dec 16 23:34:09 +0000 2020	2	0	@MATichno Hay mecanismos de anonimización como con el dataset de casos. No propongo que liberen datos que permitan individualizar.	https://twitter.com/plenque/status/1339353148490735616	[]
plenque	Wed Dec 16 23:19:34 +0000 2020	1	0	@joreze17 También pueden tener contagios más jóvenes. Las pirámides son muuuuuuy distintas. No hay que apresurarse.	https://twitter.com/plenque/status/1339349477958840320	[]
plenque	Wed Dec 16 23:07:30 +0000 2020	14	1	Córdoba y Santa Fe siguen con las demoras en fallecidos. Hoy se sumó San Luis.	https://twitter.com/plenque/status/1339346442729762817	[]
plenque	Wed Dec 16 23:02:01 +0000 2020	39	5	"Reporte diario de hoy 16/12 para Argentina. Son 7172 nuevos casos confirmados (6820 neto) y 162 fallecidos (161 neto).

https://t.co/ZFQTFPN5HZ https://t.co/mwj8rfYKDW"	https://twitter.com/plenque/status/1339345061298008064	[]
plenque	Wed Dec 16 22:50:00 +0000 2020	0	0	@jusanvia No los conozco en profundidad como para asegurarlo, pero yo creo que se podría mejorar mucho con poco esfuerzo. Me refiero a los sistemas de información eh.	https://twitter.com/plenque/status/1339342038244990976	[]
plenque	Wed Dec 16 21:48:10 +0000 2020	0	0	@marinaenba Yo laburé mucho en el mundo web en que un producto que no se entiende perece. En este caso es de uso obligatorio, pero la diferencia entre hacerle fácil la vida al usuario y jodérsela seguro seguro se ve reflejada en los datos.	https://twitter.com/plenque/status/1339326479369441280	[]
plenque	Wed Dec 16 21:06:30 +0000 2020	1	0	@fmendiguren mi reino por una tosta con tomate	https://twitter.com/plenque/status/1339315991562625024	[]
plenque	Wed Dec 16 20:55:33 +0000 2020	0	0	@ivanfbf Lo vi... es genial. Quisiera tener los datos para llenar el mapita de Argentina. Todavía tengo vacío el de exceso de mortalidad.	https://twitter.com/plenque/status/1339313236924043265	[]
plenque	Wed Dec 16 20:41:30 +0000 2020	1	0	@marinaenba Ojalá la interfaz de usuario sea amigable y rápida. Me da la impresión de que eso complicó mucho el registro COVID-19.	https://twitter.com/plenque/status/1339309700232470529	[]
plenque	Wed Dec 16 16:58:20 +0000 2020	0	0	@xarkham ¿Vos decís que todos los sistemas de vacunación fallan?	https://twitter.com/plenque/status/1339253537528827905	[]
plenque	Wed Dec 16 16:52:00 +0000 2020	56	1	La buena noticia es que tendremos más tiempo para organizar esto. https://t.co/UMUVKnZ5Wj	https://twitter.com/plenque/status/1339251946897682432	[]
plenque	Wed Dec 16 15:38:28 +0000 2020	1	0	@mschuliaquer @matildas No tengo idea de si esos negativos van al dataset.	https://twitter.com/plenque/status/1339233441997578240	[]
plenque	Wed Dec 16 15:36:09 +0000 2020	1	0	@ivokutzarida Exacto. Algo pasó que distorsiona los números. Yo pensé que era regresión a la media por el finde super largo, pero son muchos.	https://twitter.com/plenque/status/1339232858175647750	[]
plenque	Wed Dec 16 15:33:30 +0000 2020	0	0	@martinlionelal1 @matildas Van los confirmados, ya sea por epi o con PCR, pero no estoy seguro de esos. Supongo que les hacen un PCR después. Mucho no informaron.	https://twitter.com/plenque/status/1339232190610149376	[]
plenque	Wed Dec 16 15:18:00 +0000 2020	1	0	@matildas Es que ese ratio muestra el primer gráfico de positividad solo que sale de los datos del SISA. Las diferencias con los datos de CABA son pocas.	https://twitter.com/plenque/status/1339228289383149568	[]
plenque	Wed Dec 16 15:16:20 +0000 2020	1	0	@morhijo @drclaudiosalud @LNdata Por es motivo no confío mucho en los sitios que agregan datos internacionales, al menos para info de países en desarrollo. De ahí que agregara más países en el sitio.	https://twitter.com/plenque/status/1339227868220567553	[]
plenque	Wed Dec 16 15:12:00 +0000 2020	1	0	"@matildas Al menos en los datos que libera CABA no son la inmensa mayoría sino más bien parejos. Va imagen.
Sí, todo negativo (que se carga) y positivo reportan igual el lugar de residencia. El problema es que no todos los negativos se registran. https://t.co/i38ShcsYa5"	https://twitter.com/plenque/status/1339226780079710211	[]
plenque	Wed Dec 16 15:01:07 +0000 2020	2	0	@morhijo @drclaudiosalud @LNdata Desde hace meses lo incluyo en el reporte diario y nunca nadie le dio mucha pelota. https://t.co/sgdE8wrYa5	https://twitter.com/plenque/status/1339224042231001090	[]
plenque	Wed Dec 16 14:57:07 +0000 2020	0	0	@matildas Claro, por eso sugería ver solo la tendencia suponiendo que esas distorsiones se mantienen estables. Por otro lado, tené en cuenta que en CABA se testea mucha gente del conurbano y en ese gráfico aparecen en la otra línea por su residencia.	https://twitter.com/plenque/status/1339223032733323280	[]
plenque	Wed Dec 16 14:48:55 +0000 2020	47	13	Sabemos que la positividad no tiene todos los tests así que, más alla de su valor, me interesa focalizarme en la tendencia. Pareciera que en CABA baja más lentamente mientras que en el conurbano dejó de bajar a principios de diciembre y comenzó a subir los últimos días. https://t.co/dTKeroJbsk	https://twitter.com/plenque/status/1339220969605435392	[]
plenque	Wed Dec 16 13:46:59 +0000 2020	0	0	@uadlup @revistaguinaldo jajajaja... quise decir que solo con eso ya me enganchó	https://twitter.com/plenque/status/1339205384645566464	[]
plenque	Wed Dec 16 13:04:21 +0000 2020	1	0	"@radio2rosario @RegaCarlos Desde hace unos días Córdoba reporta fallecidos ""en bloque"" del mes de octubre. El fenómeno sería similar, pero mucho más chico en números absolutos."	https://twitter.com/plenque/status/1339194654189899778	[]
plenque	Wed Dec 16 02:35:38 +0000 2020	3	0	"@vviego @alirazabal 100%. Por eso yo la miro y deje algunas opciones ""ocultas"" para seguirla. Pero es difícil transmitir eso al usuario."	https://twitter.com/plenque/status/1339036432976015361	[]
plenque	Wed Dec 16 02:34:28 +0000 2020	2	0	@andyferreyra Gracias. Aclaro que los datos vienen del dataset del MSAL de la Nación y surgen de lo que cada efector reporta al SISA.	https://twitter.com/plenque/status/1339036139701854209	[]
plenque	Wed Dec 16 02:09:52 +0000 2020	2	0	"@alirazabal El problema es que en algún momento aclararon que no todos los tests negativos van al dataset y ya no confío tanto. Acá se puede ver. Es la línea verde.
https://t.co/koqsdrug0E"	https://twitter.com/plenque/status/1339029948888207363	[]
plenque	Wed Dec 16 00:59:12 +0000 2020	16	2	@QuikFCO Y evitar lugares cerrados / ventilar todo lo que se pueda.	https://twitter.com/plenque/status/1339012166343651328	[]
plenque	Wed Dec 16 00:57:30 +0000 2020	2	0	@rusosnith Estaría bueno que si ese es el problema que lo aclaren. Poco se habla los motivos del escaso testeo.	https://twitter.com/plenque/status/1339011736318390275	[]
plenque	Wed Dec 16 00:55:33 +0000 2020	2	0	@jrncolon https://t.co/Nw0GAa2Yj4	https://twitter.com/plenque/status/1339011247707189248	[]
plenque	Wed Dec 16 00:36:07 +0000 2020	1	0	@FMActivaVera De los 9 fallecidos cargados 2 fueron el mismo día, 6 fueron al día siguiente y el restante tardó 3 días. En lo que tienen reportado no hay mucha demora.	https://twitter.com/plenque/status/1339006358083997703	[]
plenque	Wed Dec 16 00:32:29 +0000 2020	4	0	@mstrazzaboschi1 Al menos está siempre el dato en el reporte diario. Creo que es lo único que miro sin falta.	https://twitter.com/plenque/status/1339005443558039554	[]
plenque	Wed Dec 16 00:22:50 +0000 2020	0	0	@FMActivaVera Ojo que una cosa son demoras y otra mentir. Por desgracia, nosotros solo podemos ver lo que se reporta al dataset. Va el gráfico: a día de hoy tienen reportados 9 fallecidos y 657 casos. Ahí no queda otra que ver los reportes locales y comparar. https://t.co/yEjmSOIc5n	https://twitter.com/plenque/status/1339003011742527488	[]
plenque	Wed Dec 16 00:20:31 +0000 2020	111	6	Tenemos la duda de si la curva comenzará a subir o no y casi ni se menciona la positividad. Eso habla muy mal de nuestros datos.	https://twitter.com/plenque/status/1339002429665325056	[]
plenque	Wed Dec 16 00:17:35 +0000 2020	2	0	@ndchiariello @hernan_vf Sí, no reniego del dato, pero me preocupa que esa sea la herramienta a nivel información que manejemos. La positividad debería ser lo adecuado en este caso.	https://twitter.com/plenque/status/1339001691757301761	[]
plenque	Tue Dec 15 23:40:10 +0000 2020	1	0	@mschuliaquer Sí, de corto plazo creo que es el principal motivo por el que esperar unos días.	https://twitter.com/plenque/status/1338992277486702593	[]
plenque	Tue Dec 15 23:18:14 +0000 2020	3	0	@hernan_vf Desde mi lugar solo puedo sugerir esperar a que se confirme bien la tendencia, pero no sé si tienen otra info.	https://twitter.com/plenque/status/1338986757384179712	[]
plenque	Tue Dec 15 23:13:47 +0000 2020	2	0	@mschuliaquer También leve https://t.co/iyfeVhKJwY	https://twitter.com/plenque/status/1338985635223375877	[]
plenque	Tue Dec 15 23:08:10 +0000 2020	1	0	@SissiWindsor01 Todos los días se incorporan casos nuevos y se borran / modifican otros. Yo reporto el bruto que serían las novedades y luego le restó lo borrado. En la segunda hay una tablita que explica el cómputo.	https://twitter.com/plenque/status/1338984223462584320	[]
plenque	Tue Dec 15 23:07:10 +0000 2020	30	9	Hoy Córdoba superó a PBA en fallecidos porque continúa con la carga atrasada. Los casos en CABA parecen confirmar un leve aumento.	https://twitter.com/plenque/status/1338983972680896513	[]
plenque	Tue Dec 15 23:03:38 +0000 2020	41	5	"Reporte diario de hoy 15/12 para Argentina. Son 7195 nuevos casos confirmados (6989 neto) y 165 fallecidos (163 neto).

https://t.co/iaHWTMBWAM https://t.co/uPUaNE8fVJ"	https://twitter.com/plenque/status/1338983083576614912	[]
plenque	Tue Dec 15 21:26:43 +0000 2020	3	0	@valenzine @iplanliv Te doy mi título si hacés que lleguen a mi casa	https://twitter.com/plenque/status/1338958691937251351	[]
plenque	Tue Dec 15 21:23:21 +0000 2020	1	0	"@ivanfbf La preocupación es porque esta última semana dejó de bajar como venía bajando. Quedó estabilizado. En la home del sitio tenés el botoncito de zoom de CABA y se llega a ver:
https://t.co/mC0EkdfmY9
Algo parecido en el conurbano:
https://t.co/h2B7Dil3go"	https://twitter.com/plenque/status/1338957844197027842	[]
plenque	Tue Dec 15 21:21:20 +0000 2020	1	0	"@ivanfbf No sé si se refiere a un día puntual, pero el mismo reporte diario del GCBA viene rondando 10/12%: https://t.co/OVh2b67Bla
En el dataset da más o menos lo mismo. Pasa que ellos computan por fecha de reporte y yo lo hago por fecha real."	https://twitter.com/plenque/status/1338957339173511169	[]
plenque	Tue Dec 15 18:02:12 +0000 2020	0	0	@pricatti No conozco esos datos como para asegurarlo, pero supongo que puede ser.	https://twitter.com/plenque/status/1338907223649644547	[]
