screen_name	date	fav	retweet	text	url	hashtags
SantiOlsze	Tue May 18 21:00:40 +0000 2021	3	0	@_Agatalaz 3 de cada 10 en el interior, 1 de cada 4 en AMBA.	https://twitter.com/SantiOlsze/status/1394759865999007751	[]
SantiOlsze	Tue May 18 20:41:36 +0000 2021	301	190	5813 camas de terapia intensiva ocupadas por pacientes con coronavirus en Argentina. Quinto día consecutivo de récord. https://t.co/fHkNHnXMYc	https://twitter.com/SantiOlsze/status/1394755069049032706	[]
SantiOlsze	Mon May 17 20:39:37 +0000 2021	165	81	8 de los 10 días con más fallecimientos por coronavirus en Argentina son de 2021. En menores de 60 años, los 10 días con más fallecimientos fueron este año. En mayores de 60 años, solo 3 de los 10 días con más fallecimientos son de 2021. https://t.co/anyXujXgrb	https://twitter.com/SantiOlsze/status/1394392181914456071	[]
SantiOlsze	Mon May 17 20:23:28 +0000 2021	1	0	@Giovanna_HR No. Con esos 5600 llega a aprox 14.000, O sea, hoy cargó el 40% de los casos totales que tiene.	https://twitter.com/SantiOlsze/status/1394388117206020098	[]
SantiOlsze	Mon May 17 20:11:10 +0000 2021	28	10	5630 casos corresponden a Formosa, que cargó casos atrasados (40% los casos acumulados totales de esa provincia hasta hoy).	https://twitter.com/SantiOlsze/status/1394385023265030147	[]
SantiOlsze	Mon May 17 20:09:29 +0000 2021	128	84	28.680 casos, 505 nuevos fallecidos y nuevo récord en la ocupación de camas de terapia intensiva de coronavirus. Arrancó con toda la semana. https://t.co/dXWlipKGZy	https://twitter.com/SantiOlsze/status/1394384598663110660	[]
SantiOlsze	Mon May 17 13:27:11 +0000 2021	182	66	Argentina superó las 10 millones de dosis aplicadas de vacunas contra el coronavirus, cubriendo así al 17.7% de su población con al menos una dosis y al 4.3% con dos dosis. https://t.co/UYu8PpYPtt	https://twitter.com/SantiOlsze/status/1394283356385329153	[]
SantiOlsze	Mon May 17 12:17:16 +0000 2021	248	100	70.522 fallecidos en Argentina con diagnóstico confirmado de coronavirus. Los cuatro días con más fallecimientos desde que empezó la pandemia fueron en 2021. En este gráfico, cada punto es uno de esas 70.522 personas según su edad y fecha de fallecimiento. https://t.co/cwGcS7sTuK	https://twitter.com/SantiOlsze/status/1394265760764153863	[]
SantiOlsze	Mon May 17 11:01:00 +0000 2021	56	32	Otra vez récord: 5538 camas de terapia intensiva ocupadas por pacientes con coronavirus en Argentina. https://t.co/Hq0GCUew1r	https://twitter.com/SantiOlsze/status/1394246567922700300	[]
SantiOlsze	Sun May 16 22:17:46 +0000 2021	2	0	@Epi_Net Un desastre. De hacerlo, había que hacerlo en horario de toque de queda y listo, no?	https://twitter.com/SantiOlsze/status/1394054493277507588	[]
SantiOlsze	Sun May 16 22:16:45 +0000 2021	20	0	@Ing_Torta Exactamente. Pasó en muchos muchos lugares.	https://twitter.com/SantiOlsze/status/1394054240201580544	[]
SantiOlsze	Sun May 16 22:11:11 +0000 2021	59	7	De fondo, en gris, las curvas de más de 150 países desde que empezó la pandemia.	https://twitter.com/SantiOlsze/status/1394052840121831429	[]
SantiOlsze	Sun May 16 22:07:51 +0000 2021	5	0	@mschuliaquer Excelente aporte. No tenía la información. Hace 3 días que no tenemos base de datos así que no podemos desglosar a nivel sub-provincial la info.	https://twitter.com/SantiOlsze/status/1394052000887758852	[]
SantiOlsze	Sun May 16 22:04:36 +0000 2021	616	302	Argentina es actualmente el segundo país del mundo que más muertes por millón de habitantes reporta a diario. El primero es Uruguay. Paraguay es el tercero, Colombia el cuarto y Brasil el séptimo. https://t.co/x88RqjHtgg	https://twitter.com/SantiOlsze/status/1394051181387845635	[]
SantiOlsze	Sun May 16 20:35:48 +0000 2021	460	165	Cierra la semana con casi 4% de aumento de casos en CABA y PBA respecto a la semana anterior. En el resto del país, el aumento fue del 22%.	https://twitter.com/SantiOlsze/status/1394028833922240513	[]
SantiOlsze	Sat May 15 14:58:18 +0000 2021	308	180	5457 camas de terapia intensiva ocupadas por pacientes con coronavirus. Nuevo récord. https://t.co/uNiwaRfdsu	https://twitter.com/SantiOlsze/status/1393581512046649351	[]
SantiOlsze	Fri May 14 15:47:34 +0000 2021	2	1	"@silvinacas1 @mareubu Por edad, los ""riesgo"" de ayer en todo el país. Claramente hay errores de carga de mayores cargados como riesgo. https://t.co/TT9wzOg8vL"	https://twitter.com/SantiOlsze/status/1393231522270941189	[]
SantiOlsze	Fri May 14 15:37:41 +0000 2021	1	0	@otrovega Lo bueno es que en mayores de 60 ya sabés que aprox el 80% de la población se vacunó, o sea, como máximo el 20% no quiso (puede no haber podido u otras causas). Me suena que en personal de salud fue más alto el rechazo. 1 &lt; n &lt; n_significativo.	https://twitter.com/SantiOlsze/status/1393229034184749062	[]
SantiOlsze	Fri May 14 15:34:44 +0000 2021	3	0	@mareubu Ayer. https://t.co/D4y3Ram245	https://twitter.com/SantiOlsze/status/1393228292552019973	[]
SantiOlsze	Fri May 14 15:31:31 +0000 2021	3	0	@otrovega No leí nada al respecto, pero intuiría que es inversamente proporcional al riesgo individual de morirse.	https://twitter.com/SantiOlsze/status/1393227484141871112	[]
SantiOlsze	Fri May 14 15:22:40 +0000 2021	15	1	@jorgeluisaliaga Sí, muchas. Entiendo que hasta que se libere ese millón de Sputnik que recién llegó tenemos, mayoritariamente, segundas dosis.	https://twitter.com/SantiOlsze/status/1393225254923816960	[]
SantiOlsze	Fri May 14 14:56:36 +0000 2021	569	158	Ayer, por primera vez desde que empezó la campaña de vacunación en Argentina, la mayor parte de las dosis se aplicaron en personas de 18-59 con factores de riesgo. En mayores de 60 años la cobertura alcanza ya al 77% de la población. https://t.co/xc8ZsfcYLR	https://twitter.com/SantiOlsze/status/1393218694554259456	[]
SantiOlsze	Thu May 13 18:19:50 +0000 2021	7	0	@cabe1816 Un detalle solo para molestar a los pfizeristas	https://twitter.com/SantiOlsze/status/1392907455324200963	[]
SantiOlsze	Thu May 13 15:12:44 +0000 2021	1	0	@Laurabonofiglio Docentes, FFSS, funcionarios...	https://twitter.com/SantiOlsze/status/1392860369857691650	[]
SantiOlsze	Thu May 13 13:55:30 +0000 2021	11	0	"@dzavallo Python! Código inspirrobado de
https://t.co/KdjtMpkkyB"	https://twitter.com/SantiOlsze/status/1392840932936982535	[]
SantiOlsze	Thu May 13 12:55:00 +0000 2021	243	65	¿Para qué se usó cada vacuna? En mayores de 60 y personal de salud, Sputnik V seguido de AstraZeneca/Covishield. En personal estratégico y grupo de riesgo destaca el uso de Sinopharm. https://t.co/kYTMK1xXTa	https://twitter.com/SantiOlsze/status/1392825705935867908	[]
SantiOlsze	Thu May 13 02:04:09 +0000 2021	1	0	@DoctorOmarSued 😔	https://twitter.com/SantiOlsze/status/1392661915864870912	[]
SantiOlsze	Thu May 13 00:49:46 +0000 2021	60	45	Argentina escala posiciones en el Top10 y ya es el 6to país del mundo que más muertes por coronavirus reporta por día. Está detrás de Uruguay (1°), Paraguay (2°) y por delante de Brasil (8°) y Colombia (9°). https://t.co/O2KG3xXY4V	https://twitter.com/SantiOlsze/status/1392643196300234754	[]
SantiOlsze	Wed May 12 22:25:55 +0000 2021	60	25	El valor máximo de ocupación de camas de terapia intensiva lo alcanzamos el 3 de mayo con 5426. Después de eso bajó 4 días seguidos y luego subió por 5 días. Hoy son 5394 camas de terapia intensiva ocupadas por pacientes con coronavirus, el segundo valor más alto. https://t.co/QoRfVr5Zc0	https://twitter.com/SantiOlsze/status/1392606995207888907	[]
SantiOlsze	Wed May 12 22:13:08 +0000 2021	0	0	@CavallaroLuciaV ❤️	https://twitter.com/SantiOlsze/status/1392603776830353415	[]
SantiOlsze	Wed May 12 21:17:15 +0000 2021	329	193	El día que más gente falleció con coronavirus es, por ahora, el 26 de abril de 2021. Sin embargo, mientras que 8 de los 10 días con más muertes en mayores de 60 años fueron en 2020, 9 de los 10 días con más muertes en menores de 60 años fueron en 2021. https://t.co/GpglkxQwCO	https://twitter.com/SantiOlsze/status/1392589715082186754	[]
SantiOlsze	Wed May 12 14:56:27 +0000 2021	128	30	Con una excelente cobertura con primera dosis en los mayores de 60 años (77%), la vacunación empieza de a poco a moverse hacia la siguiente etapa: 18-59 años con factores de riesgo. Ayer, casi el 40% de las vacunas aplicadas fueron para este grupo. https://t.co/yFOJVGChtQ	https://twitter.com/SantiOlsze/status/1392493884006150150	[]
SantiOlsze	Wed May 12 12:29:29 +0000 2021	136	42	Entre las 490 muertes reportados ayer, 16 tienen fecha real de fallecimiento el 26 de abril de 2021. Ese día ahora totaliza 421, superando al máximo anterior del 9 de octubre de 2020 para convertirse en el día con más fallecimientos por coronavirus en Argentina al momento.	https://twitter.com/SantiOlsze/status/1392456895382888448	[]
SantiOlsze	Tue May 11 18:34:27 +0000 2021	335	76	Al momento se aplicaron 1.660.151 dosis de AstraZeneca entre las producidas en India y las recibidas por el acuerdo COVAX. Las dosis a recibir de AstraZeneca en mayo alcanzarían para cubrir las segundas dosis de todos ellos y vacunar con primera dosis a 3 millones más.	https://twitter.com/SantiOlsze/status/1392186356705734656	[]
SantiOlsze	Tue May 11 14:18:13 +0000 2021	377	150	El 17% de la población de Argentina está vacunado con al menos una dosis de vacunas contra el coronavirus. Del total de dosis que se aplicaron al momento, el 56% son Sputnik V (🇷🇺), el 26% de Sinopharm (🇨🇳) y el 18% de AstraZeneca (🇬🇧). https://t.co/AKzbVN7e6d	https://twitter.com/SantiOlsze/status/1392121872674852868	[]
SantiOlsze	Mon May 10 20:08:02 +0000 2021	1	0	@DraAlegra @_kamikazeeeee Un abrazo inmenso.	https://twitter.com/SantiOlsze/status/1391847519567634435	[]
SantiOlsze	Mon May 10 19:24:38 +0000 2021	3	0	@emizeppelin @f_reiven Es correcto.	https://twitter.com/SantiOlsze/status/1391836595930664961	[]
SantiOlsze	Mon May 10 13:33:10 +0000 2021	3	0	@dxsviado @JECaraballo @leavovchuk Me meto para aportar info. A la izquierda pueden ver perfecto el ranking de dosis distribuidas de acuerdo a la población total de cada provincia. https://t.co/RAcYRApcru	https://twitter.com/SantiOlsze/status/1391748148775821314	[]
SantiOlsze	Mon May 10 13:19:59 +0000 2021	35	2	@UnaOruga Python (seaborn y matplotlib)	https://twitter.com/SantiOlsze/status/1391744831815356423	[]
SantiOlsze	Mon May 10 11:57:49 +0000 2021	9366	1923	67.325 personas fallecidas por coronavirus en Argentina desde el comienzo de la pandemia. Decidí mostrar a todas y cada una de ellas, según su edad y su fecha de fallecimiento. Cada fallecido es un punto en este gráfico. https://t.co/Q0XElEc2Fw	https://twitter.com/SantiOlsze/status/1391724151606546432	[]
SantiOlsze	Sun May 09 23:06:31 +0000 2021	108	43	10 días de estabilidad e incluso una pequeña baja en la cantidad de camas de terapia intensiva ocupadas por pacientes con coronavirus en Argentina, todavía en valores más altos que en el pico del año pasado. https://t.co/V31CVD8gMm	https://twitter.com/SantiOlsze/status/1391530046347784199	[]
SantiOlsze	Sun May 09 14:02:00 +0000 2021	247	79	Superamos las 9 millones de dosis aplicadas en Argentina. Casi el 17% de la población recibió al menos una dosis y el 3% recibió ambas. De los mayores de 60 años, 3 de cada 4 están cubiertos con la primera dosis. https://t.co/WNW6QgTrwI	https://twitter.com/SantiOlsze/status/1391393014728302599	[]
SantiOlsze	Sun May 09 01:37:27 +0000 2021	73	22	Promedio de muertes diarias reportadas por mes en Argentina. https://t.co/HOb5HADq7Z	https://twitter.com/SantiOlsze/status/1391205642489171973	[]
SantiOlsze	Fri May 07 15:29:41 +0000 2021	455	245	Uruguay es actualmente el país que más muertes por millón de habitantes reporta a diario por coronavirus en el mundo. El resto de sudamérica lo sigue de cerca: Paraguay (4°), Brasil (7°), Perú (8°), Colombia (9°) y Argentina (11°). https://t.co/g398o4UYWg	https://twitter.com/SantiOlsze/status/1390690304630661126	[]
SantiOlsze	Fri May 07 12:06:25 +0000 2021	2	0	"@diegommadrid De acuerdo, pero nobleza obliga: Alberto salió inmediatamente a desautorizarla a Carla también
."	https://twitter.com/SantiOlsze/status/1390639151880589315	[]
SantiOlsze	Thu May 06 14:35:18 +0000 2021	4	0	@fetcheves @pe_diazm Pero se puede comprar más primeras y postergar la compra de segundas.	https://twitter.com/SantiOlsze/status/1390314234467295235	[]
SantiOlsze	Thu May 06 13:58:38 +0000 2021	5	0	@MaxxiDiaz https://t.co/lTvpuNfZtR	https://twitter.com/SantiOlsze/status/1390305003554836483	[]
SantiOlsze	Thu May 06 13:42:56 +0000 2021	1196	253	Los resultados de efectividad presentados para monodosis de Sputnik hoy (79%) y Sinopharm ayer (65%) vienen a demostrar que la decisión de priorizar la inmunización con primera dosis y postergar (no suspender, postergar) la segunda es absolutamente correcta.	https://twitter.com/SantiOlsze/status/1390301053380284417	[]
SantiOlsze	Thu May 06 12:49:34 +0000 2021	2	0	@faustinagut_ @cesarjavmendo @queresaber2 Momento de bloquear a Cesar https://t.co/0tL27XUsrs	https://twitter.com/SantiOlsze/status/1390287623298723840	[]
SantiOlsze	Thu May 06 12:14:01 +0000 2021	19	1	@salganal_sol El intervalo de tres meses es mínimo, no máximo https://t.co/M6shDfJbX4 https://t.co/gzVdUPl18c	https://twitter.com/SantiOlsze/status/1390278677926141954	[]
SantiOlsze	Thu May 06 12:06:19 +0000 2021	311	85	"""Desde el mecanismo COVAX nos informaron que el día 19/05 estarán liberadas 861.600 dosis de AstraZeneca para que ingresen al país a partir del 21/05 y así asegurar completar los esquemas de quienes ya iniciaron y estén cumpliendo los tres meses"", dijo Vizzotti recién. https://t.co/flr6pOyYSm"	https://twitter.com/SantiOlsze/status/1390276740279410688	[]
SantiOlsze	Wed May 05 13:14:30 +0000 2021	385	107	El 16% de la población argentina está vacunada con al menos una dosis contra el coronavirus. Considerando solo a la población adulta, la cobertura es del 23.5%. Más del 70% de los mayores de 60 años recibió su primera dosis. https://t.co/VS3uM822uS	https://twitter.com/SantiOlsze/status/1389931508840996867	[]
SantiOlsze	Tue May 04 23:25:07 +0000 2021	1	0	@VeroVigli111 Si!	https://twitter.com/SantiOlsze/status/1389722789553348612	[]
SantiOlsze	Tue May 04 22:52:48 +0000 2021	13	0	@VeroVigli111 Mi papá y mis cuatro abuelos 😳	https://twitter.com/SantiOlsze/status/1389714657577930752	[]
SantiOlsze	Tue May 04 22:33:22 +0000 2021	99	20	La esperanza está en que finalmente llegue al menos el primer envío de AstraZeneca argento-mexicana. Siempre se habló de un primer envío de 900.000 dosis, que alcanzaría para cubrir a los vacunados con Covishield. Habría, también, resto para continuar con primeras dosis.	https://twitter.com/SantiOlsze/status/1389709764616196100	[]
SantiOlsze	Tue May 04 22:33:21 +0000 2021	149	42	Unas 600.000 personas recibieron la vacuna de AstraZeneca producida en India (Covishield), país que confirmó que no enviará más en el corto plazo. En 15 días comienzan a cumplirse los 90 días estipulados entre dosis. En el país hay solo 100.000 dosis de AstraZeneca sin aplicar. https://t.co/yW3z3GWGAv	https://twitter.com/SantiOlsze/status/1389709761118150670	[]
SantiOlsze	Tue May 04 22:17:10 +0000 2021	9	0	@jpjviro Estás citando el último tuit de un hilo que recorre la cobertura en todos los rangos etarios y, encima, el tuit dice por qué se excluye (para ese solo tuit): porque no son elegibles para vacunarse todavía.	https://twitter.com/SantiOlsze/status/1389705691380785159	[]
SantiOlsze	Tue May 04 14:12:38 +0000 2021	2	0	@ErnstGallegos 30 + 47 - 2	https://twitter.com/SantiOlsze/status/1389583751500419073	[]
SantiOlsze	Tue May 04 13:55:48 +0000 2021	11	0	@melquiadess Absolutamente. Ni quise meterme ahí ni a cuestionar dónde están esas camas ni cómo siempre podés tener números redondos de camas operativas.	https://twitter.com/SantiOlsze/status/1389579516138360835	[]
SantiOlsze	Tue May 04 13:52:42 +0000 2021	286	110	El viernes pasado el Ministro de Salud de CABA informó que se agregaron 50 camas nuevas de terapia intensiva al sistema público. En 4 días ya se ocuparon 31. Ningún sistema de salud alcanzará frente al crecimiento exponencial de casos sin otras medidas que los controlen. https://t.co/beAHYXeHLy	https://twitter.com/SantiOlsze/status/1389578734311821319	[]
SantiOlsze	Tue May 04 12:00:38 +0000 2021	195	126	"6 países sudamericanos entre los 15 países que más muertes por millón reportan a diario en el mundo. 
Son:
-Uruguay (2°)
-Paraguay (4°)
-Brasil (5°)
-Perú (7°)
-Colombia (9°)
-Argentina (12°) https://t.co/DrjX1o1tsM"	https://twitter.com/SantiOlsze/status/1389550535792025601	[]
SantiOlsze	Mon May 03 20:40:02 +0000 2021	32	14	Es esperable que esto ocurra por la demora típica entre casos - ingresos a terapia - muerte. Acá las tres cosas graficadas juntas para CABA https://t.co/eZOsGuAa3e	https://twitter.com/SantiOlsze/status/1389318855663788039	[]
SantiOlsze	Mon May 03 20:39:14 +0000 2021	139	85	Nuevo valor máximo en la cantidad de camas de terapia intensiva ocupadas por pacientes con coronavirus: 5426. https://t.co/2rZWRXAziS	https://twitter.com/SantiOlsze/status/1389318654756524039	[]
SantiOlsze	Mon May 03 16:39:43 +0000 2021	0	0	@and5fc Sí, pero perdemos información reciente porque la demora de carga.	https://twitter.com/SantiOlsze/status/1389258379181412354	[]
SantiOlsze	Mon May 03 14:27:04 +0000 2021	388	140	"El ""delay"" de las curvas es fundamental para entender lo que pasará en los próximos días con el coronavirus. Así como el uso de terapias y las muertes tardaron en subir cuando aumentaban los casos, ahora seguirán creciendo o tardarán en bajar aún con casos bajando. https://t.co/IQrjvC3bbx"	https://twitter.com/SantiOlsze/status/1389224996338339840	[]
SantiOlsze	Mon May 03 13:31:38 +0000 2021	85	19	Si excluímos a la población menor de 18 años, no elegible para vacunarse aún, la vacunación ya alcanzó a más del 22% de los adultos.	https://twitter.com/SantiOlsze/status/1389211046385266692	[]
SantiOlsze	Mon May 03 13:31:37 +0000 2021	68	18	Finalmente, quiero cerrar con la velocidad de vacunación. Alcanzar el primer 1% de la población vacunada demoró 51 días. Luego, en promedio, se tardó una semana hasta el 7%. Pero después aceleró: en una semana (21/4-28/4) se vacunó al 2% de la población para llegar al 15%. https://t.co/sFS8bOJpj0	https://twitter.com/SantiOlsze/status/1389211044179030021	[]
SantiOlsze	Mon May 03 13:31:36 +0000 2021	40	12	Entrando en más detalle podemos ver la cobertura al momento de la vacunación por edad y sexo. En los mayores de 60 años la cobertura es prácticamente del 70%. Es del 80% en mayores de 70 y del 60% en aquellos de entre 60 y 69 años. https://t.co/0a6IToixvQ	https://twitter.com/SantiOlsze/status/1389211039485644806	[]
SantiOlsze	Mon May 03 13:31:35 +0000 2021	34	9	La distribución (izquierda) no fue acorde a la población total de cada distrito, por lo que hay que tener cierto cuidado en la interpretación del gráfico anterior. Acá comparo el ranking de vacunas recibidas versus el de aplicadas. https://t.co/9SwIpxwBJP	https://twitter.com/SantiOlsze/status/1389211033072545793	[]
SantiOlsze	Mon May 03 13:31:33 +0000 2021	39	11	Dado que se priorizó la cobertura con primera dosis, al menos el 15% de la población argentina recibió su primera dosis y el 2% ambas. En cada provincia, el porcentaje varía. Acá ordenados por personas vacunadas con al menos primera dosis respecto de la población general. https://t.co/yRBCaU6seO	https://twitter.com/SantiOlsze/status/1389211027355705345	[]
SantiOlsze	Mon May 03 13:31:32 +0000 2021	37	12	Al día de hoy se aplicaron 8.039.793 dosis en Argentina. El 57% fueron Sputnik V (🇷🇺), el 24% Sinopharm (🇨🇳) y el resto de AstraZeneca (🇬🇧). https://t.co/JJDlXIXslG	https://twitter.com/SantiOlsze/status/1389211023060701188	[]
SantiOlsze	Mon May 03 13:31:31 +0000 2021	41	11	Habiendo logrado una muy buena cobertura en personal de salud y mayores de 60 años, parece empezar a cobrar peso la vacunación del siguiente grupo prioritario: personas de entre 18 y 59 años con factores de riesgo. https://t.co/nOCFWMRjeU	https://twitter.com/SantiOlsze/status/1389211018853818374	[]
SantiOlsze	Mon May 03 13:31:30 +0000 2021	218	58	Argentina alcanzó las 10 millones de de dosis recibidas y las 8 millones de dosis aplicadas de vacunas contra el coronavirus. Abro un pequeño hilo con datos del avance de la vacunación hasta ahora, empezando por el plan original. ¿A quiénes apuntamos a vacunar? https://t.co/VOXp8t0mgl	https://twitter.com/SantiOlsze/status/1389211013841567754	[]
SantiOlsze	Mon May 03 13:00:44 +0000 2021	26	5	Habiendo terminado abril, podemos ver gráficamente las muertes reportadas por mes en Argentina. Abril 2021 fue altísimo y solo es superado ampliamente por Octubre del año pasado, cuando se reportaron 3000 fallecimientos demorados en un solo día. https://t.co/F43tkdB8dJ	https://twitter.com/SantiOlsze/status/1389203272569917444	[]
SantiOlsze	Sun May 02 14:38:32 +0000 2021	81	2	Domingo con @CientificasAca ❤️ https://t.co/QJpYHGBKIy	https://twitter.com/SantiOlsze/status/1388865495315660801	[]
SantiOlsze	Sat May 01 13:32:05 +0000 2021	0	0	@romanouks Ojo. Dicen que agregaron 50 más (500 total)	https://twitter.com/SantiOlsze/status/1388486383237488641	[]
SantiOlsze	Fri Apr 30 21:03:57 +0000 2021	146	83	5369 camas de terapia intensiva ocupadas hoy por pacientes con coronavirus. Son un 45% más que hace un mes. https://t.co/X0EubdVC6N	https://twitter.com/SantiOlsze/status/1388237710998048768	[]
SantiOlsze	Fri Apr 30 00:31:39 +0000 2021	4	0	@walkingconurban Hermoso	https://twitter.com/SantiOlsze/status/1387927595610775555	[]
SantiOlsze	Thu Apr 29 23:31:14 +0000 2021	1	0	@LuchoBuchanan Hermoso	https://twitter.com/SantiOlsze/status/1387912389593636866	[]
SantiOlsze	Thu Apr 29 23:15:24 +0000 2021	1	0	@gato_cheshire @Spiousas @pato_17 @sn_axis Dolor país.	https://twitter.com/SantiOlsze/status/1387908406242066435	[]
SantiOlsze	Thu Apr 29 23:14:46 +0000 2021	480	84	Ensayando maneras diferentes de mostrar los datos. En este caso, casos detectados según población en lo que va del mes por provincia. https://t.co/lcgf7JXAtS	https://twitter.com/SantiOlsze/status/1387908246795694081	[]
SantiOlsze	Thu Apr 29 23:07:03 +0000 2021	2	0	@gato_cheshire @Spiousas @pato_17 @sn_axis Solo me meto para decir (nuevamente) que @Spiousas tiene razón.	https://twitter.com/SantiOlsze/status/1387906305558470657	[]
SantiOlsze	Thu Apr 29 20:11:07 +0000 2021	377	235	5317 camas de terapia intensiva ocupadas por pacientes con coronavirus. Tercer día consecutivo de récord a nivel nacional en este indicador. https://t.co/7iWqnOFGUS	https://twitter.com/SantiOlsze/status/1387862030087081985	[]
SantiOlsze	Thu Apr 29 13:59:14 +0000 2021	38	11	Con 7.715.006 vacunas aplicadas, Argentina tiene ya inmunizado con al menos una dosis al 15% de la población y 2% con ambas dosis. El gráfico muestra el avance por provincia separando según la población que recibió al menos una dosis y quienes recibieron dos. https://t.co/CUj5EjLf5O	https://twitter.com/SantiOlsze/status/1387768439075393537	[]
SantiOlsze	Thu Apr 29 13:55:05 +0000 2021	151	41	Con 7.715.006 vacunas aplicadas, Argentina tiene ya inmunizado con al menos una dosis al 15% de la población. Para más detalle, el gráfico muestra los porcentajes por grupo etario y sexo. https://t.co/tjPkFsVYNK	https://twitter.com/SantiOlsze/status/1387767397365555209	[]
SantiOlsze	Wed Apr 28 22:21:16 +0000 2021	10	0	@Spiousas @sn_axis Tal cual dice @Spiousas	https://twitter.com/SantiOlsze/status/1387532392764694529	[]
SantiOlsze	Wed Apr 28 21:14:36 +0000 2021	66	17	"Aclaraciones:
- Todos los datos salen de https://t.co/0v298nmSFz
- El eje X está en escala logarítmica.
- El gráfico está inspirado en (clonado/plagiado de) esta hermosísima página https://t.co/ppQK3BwoWC."	https://twitter.com/SantiOlsze/status/1387515618006552576	[]
SantiOlsze	Wed Apr 28 21:14:36 +0000 2021	335	112	En función del PBI per cápita separé a 165 países en 4 grupos: alto, medio-alto, medio-bajo y bajo. Este gráfico muestra para cada uno de esos países el porcentaje de población vacunada (eje x) según su PBI (eje y) donde el tamaño del punto representa la población del país. https://t.co/IcP8eVU91U	https://twitter.com/SantiOlsze/status/1387515616265973763	[]
SantiOlsze	Wed Apr 28 13:06:57 +0000 2021	130	64	Hoy hay casi un 50% más de personas con asistencia respiratoria mecánica en CABA comparado con el máximo valor de 2020. De los 388 pacientes graves en terapia intensiva en el sistema público, hoy 331 están con respirador. https://t.co/uiOOMyIQbo	https://twitter.com/SantiOlsze/status/1387392895708237827	[]
SantiOlsze	Wed Apr 28 12:31:50 +0000 2021	1	0	@romanouks Qué pena, abrazo.	https://twitter.com/SantiOlsze/status/1387384058959876101	[]
SantiOlsze	Wed Apr 28 12:23:38 +0000 2021	0	0	@romanouks No dice 388 el parte de hoy?	https://twitter.com/SantiOlsze/status/1387381996188471301	[]
SantiOlsze	Wed Apr 28 00:33:52 +0000 2021	2	0	@Luciencia_ 😘	https://twitter.com/SantiOlsze/status/1387203374056157194	[]
SantiOlsze	Tue Apr 27 23:04:40 +0000 2021	3	0	@cpenna1995 https://t.co/C4NfI81Wsf	https://twitter.com/SantiOlsze/status/1387180928808673280	[]
SantiOlsze	Tue Apr 27 20:29:58 +0000 2021	653	308	Se veía venir y vino: récord absoluto en la cantidad de camas ocupadas por pacientes con coronavirus en Argentina. En solo un mes pasamos de la meseta en torno a los 3500 al récord de hoy en 5134. https://t.co/f0Illj7Rer	https://twitter.com/SantiOlsze/status/1387141995676815361	[]
SantiOlsze	Tue Apr 27 14:20:20 +0000 2021	77	18	El avance de la vacunación sobre la pirámide poblacional de Argentina desde el inicio de la campaña. Hoy el 64% de los mayores de 60 años ya recibió al menos su primera dosis y se superó el 50% en el rango 60-69. https://t.co/PveWE36zmE	https://twitter.com/SantiOlsze/status/1387048976549965824	[]
SantiOlsze	Tue Apr 27 13:54:58 +0000 2021	316	58	El 14% de la población argentina está vacunado con al menos una dosis de vacunas contra el coronavirus. https://t.co/xO6GGvETNC	https://twitter.com/SantiOlsze/status/1387042589782593543	[]
SantiOlsze	Tue Apr 27 13:46:58 +0000 2021	26	11	Ocho días consecutivos de récord en la cantidad de personas con asistencia respiratoria mecánica (ventilador) en el sistema público de CABA. https://t.co/NDVyZaI8uK	https://twitter.com/SantiOlsze/status/1387040579805089792	[]
SantiOlsze	Tue Apr 27 12:05:00 +0000 2021	223	112	Seis días consecutivos de récord de ocupación de camas de terapia intensiva en el sistema público de CABA. Hoy son 378 las ocupadas (84%) cuando el máximo valor antes de esta ola era de 308 (68%) en agosto del año pasado. https://t.co/k7v2Q1Nw5A	https://twitter.com/SantiOlsze/status/1387014915869794306	[]
SantiOlsze	Tue Apr 27 01:58:14 +0000 2021	11	1	Es el dato actualizado a hoy, @pabloduggan! En unos días seguramente sí pasemos el máximo de 2020.	https://twitter.com/SantiOlsze/status/1386862221716774913	[]
SantiOlsze	Mon Apr 26 20:26:45 +0000 2021	181	94	Las camas de terapia intensiva ocupadas por paciente con coronavirus siguen creciendo y ya son 5036. El máximo histórico está muy cerca: 5119. https://t.co/XKBxmla1OS	https://twitter.com/SantiOlsze/status/1386778798369214468	[]
SantiOlsze	Mon Apr 26 15:28:12 +0000 2021	1	0	@aanitaleon Yo no pero @mmbarrionuevo (siempre) sí. De hace unos días: https://t.co/CeSFYbanlm	https://twitter.com/SantiOlsze/status/1386703666279821314	[]
SantiOlsze	Mon Apr 26 15:22:11 +0000 2021	1	0	@aanitaleon Pob. general	https://twitter.com/SantiOlsze/status/1386702153700499461	[]
SantiOlsze	Mon Apr 26 13:41:46 +0000 2021	41	6	@pablooesteban Después de un año y pico de pandemia, es inaceptable que hayan esperado a ver que colapsen las UTI para que prime la cordura.	https://twitter.com/SantiOlsze/status/1386676882544889857	[]
SantiOlsze	Mon Apr 26 13:11:15 +0000 2021	1	0	@Envido32 Hoy ya 376	https://twitter.com/SantiOlsze/status/1386669200236810241	[]
SantiOlsze	Sun Apr 25 18:49:40 +0000 2021	0	0	@palamago No vi que se haya publicado más data 😕	https://twitter.com/SantiOlsze/status/1386391980658237440	[]
SantiOlsze	Sun Apr 25 15:21:37 +0000 2021	1	0	@BeCreativeJuan Deben estar atrasados con la carga en el sistema nacional	https://twitter.com/SantiOlsze/status/1386339623262113792	[]
SantiOlsze	Sun Apr 25 15:14:29 +0000 2021	7	0	@BeCreativeJuan https://t.co/T9AmnfhyTN	https://twitter.com/SantiOlsze/status/1386337827554746370	[]
SantiOlsze	Sun Apr 25 15:13:42 +0000 2021	3	0	@amri_strebor Ambas cosas.	https://twitter.com/SantiOlsze/status/1386337627905875969	[]
SantiOlsze	Sun Apr 25 15:11:40 +0000 2021	66	29	Acá comparo el ranking de dosis distribuidas con el de aplicadas en función de la población (dosis, no personas). CABA es el distrito que más aplicó porque es el que más recibió. Misiones, el que menos aplicó y el que menos recibió. https://t.co/saqzGzfNn9	https://twitter.com/SantiOlsze/status/1386337116079149061	[]
SantiOlsze	Sun Apr 25 14:39:54 +0000 2021	333	94	Más de 7 millones de dosis aplicadas en Argentina. CABA supera el 20% de la población vacunada con al menos una dosis. Misiones aún no llega al 10%. https://t.co/gQ1VS4aoN1	https://twitter.com/SantiOlsze/status/1386329124621402114	[]
SantiOlsze	Sun Apr 25 14:34:04 +0000 2021	138	71	Hace CINCO días Larreta decía que tenían 260 camas ocupadas y que en el peor momento del año pasado eran 320 ocupadas. Simplemente mentira: tenían 303 ocupadas y el máximo de 2020 fue 308. Hoy, cinco días después, las ocupadas son 368 (82% del total). https://t.co/xgzHRL7B2y https://t.co/0XnrG4d89m	https://twitter.com/SantiOlsze/status/1386327657613168646	[]
SantiOlsze	Sat Apr 24 19:29:26 +0000 2021	1	0	@MickTaylor1969 Sí	https://twitter.com/SantiOlsze/status/1386039601308086275	[]
SantiOlsze	Sat Apr 24 19:05:52 +0000 2021	307	69	Argentina superó las 7 millones de dosis aplicadas con 4 vacunas diferentes: 🇷🇺🇨🇳🇮🇳🇬🇧 https://t.co/1oIms00UiW	https://twitter.com/SantiOlsze/status/1386033668842479616	[]
SantiOlsze	Sat Apr 24 17:22:36 +0000 2021	337	185	289 pacientes graves con respirador en el sector público en CABA, casi un 30% más que en el peor momento de 2020. https://t.co/MGLCd98ScA	https://twitter.com/SantiOlsze/status/1386007678867197953	[]
SantiOlsze	Fri Apr 23 22:20:20 +0000 2021	71	40	4805 camas de terapia intensiva ocupadas por pacientes con coronavirus. Hace un mes eran 3591. Estamos acercándonos vertiginosamente al máximo de 5119 camas ocupadas el primero de noviembre del año pasado. https://t.co/JylFFftp3Q	https://twitter.com/SantiOlsze/status/1385720217981050885	[]
SantiOlsze	Fri Apr 23 15:27:13 +0000 2021	208	110	77% de ocupación (348 de 450) en las camas de terapia intensiva del sistema público en CABA. El máximo de 2020 había sido de 68%, con 308 de 450 ocupadas. Y no para de crecer. https://t.co/XSSGbesZTD	https://twitter.com/SantiOlsze/status/1385616255110033410	[]
SantiOlsze	Fri Apr 23 13:36:42 +0000 2021	1	0	"@queresaber2 @matias_eh79 Habitantes, por eso dice ""población"" varias veces."	https://twitter.com/SantiOlsze/status/1385588444538286082	[]
SantiOlsze	Fri Apr 23 13:09:22 +0000 2021	569	160	El 13% de los argentinos está vacunado con al menos una dosis. Es el 19% si solo consideramos los mayores de 18 años. De los mayores de 70 años, más del 75% ya recibió su primera dosis y de los de entre 60 y 69 años ya se inoculó al 40%. https://t.co/kR5z8AsLU7	https://twitter.com/SantiOlsze/status/1385581563048562691	[]
SantiOlsze	Thu Apr 22 15:57:29 +0000 2021	318	28	Por supuesto, hay países menos poblados con más vacunas aplicadas que muchos de esta lista, pero está enfocado a los países con más población el análisis como indica el tweet y el título del gráfico.	https://twitter.com/SantiOlsze/status/1385261483399974921	[]
SantiOlsze	Thu Apr 22 15:54:09 +0000 2021	55	0	@Ernestou Quedó hecho un quilombo bárbaro	https://twitter.com/SantiOlsze/status/1385260645889855494	[]
SantiOlsze	Thu Apr 22 15:51:09 +0000 2021	4676	1134	Los 40 países más poblados del mundo ordenados a la izquierda por población y a la derecha, por cantidad de vacunas aplicadas. https://t.co/dG71JATuP8	https://twitter.com/SantiOlsze/status/1385259889820381191	[]
SantiOlsze	Thu Apr 22 15:40:35 +0000 2021	2	0	@pablooesteban También es el tercer país del mundo que más vacunas aplicó (129.582.412) https://t.co/fCwUFwsyiW	https://twitter.com/SantiOlsze/status/1385257232519028737	[]
SantiOlsze	Thu Apr 22 11:58:53 +0000 2021	6	1	@Matias_Nahuel Si de alguna manera te tranquiliza, acá va. https://t.co/56DjaXSlin	https://twitter.com/SantiOlsze/status/1385201439459393546	[]
SantiOlsze	Thu Apr 22 11:56:10 +0000 2021	1	0	@Matias_Nahuel El reporte de CABA sale como base de datos desde agosto, así que no tengo los datos desde el principio.	https://twitter.com/SantiOlsze/status/1385200754881974275	[]
SantiOlsze	Thu Apr 22 11:30:26 +0000 2021	757	419	Es récord histórico la ocupación de camas de terapia intensiva en CABA. El único dato que es ṕublico indica que hay 323 camas ocupadas hoy, superando al máximo anterior (308 ocupadas) en agosto del año pasado. https://t.co/PuH5F7m926	https://twitter.com/SantiOlsze/status/1385194279522508804	[]
SantiOlsze	Wed Apr 21 20:30:01 +0000 2021	186	115	Sigue aumentando la ocupación de camas de terapia intensiva por COVID a un ritmo vertiginoso. Hoy son 4492. En AMBA, el 75.4% de las camas de terapia intensiva están ocupadas. https://t.co/IFZXLro1XA	https://twitter.com/SantiOlsze/status/1384967681766567943	[]
SantiOlsze	Wed Apr 21 13:43:08 +0000 2021	174	62	Avance de la vacunación por edad y sexo en Argentina. El 18% de los los mayores de dieciocho años recibió al menos una dosis. En los mayores de 60 años, el 55% fue vacunado y de los +70, casi el 74%. https://t.co/u6jIEM8FN2	https://twitter.com/SantiOlsze/status/1384865286285930496	[]
SantiOlsze	Wed Apr 21 01:16:53 +0000 2021	1	0	@NatyyJT Según baja o sube la tendencia	https://twitter.com/SantiOlsze/status/1384677484726267911	[]
SantiOlsze	Wed Apr 21 00:05:27 +0000 2021	14	3	Uruguay y Brasil siguen liderando a nivel continental las muertes por millón de habitantes reportadas por día y son el 3° y el 7° país del mundo en ese ránking, respectivamente. https://t.co/KogXTJPR25	https://twitter.com/SantiOlsze/status/1384659507868012545	[]
SantiOlsze	Wed Apr 21 00:05:26 +0000 2021	59	22	Argentina es el país que más creció en casos detectados en los últimos 30 días en latinoamérica. Los valores son un 230% mayores que el 19 de marzo. Le sigue Uruguay que alcanzó valores cercanos al 200% y hoy está en 112%. https://t.co/snwHPxBnQR	https://twitter.com/SantiOlsze/status/1384659504168673287	[]
SantiOlsze	Tue Apr 20 22:23:51 +0000 2021	167	21	"El domingo era ""la Justicia"" y hoy es ""un juez"". #lexicos https://t.co/pclk4UP8Tx"	https://twitter.com/SantiOlsze/status/1384633939168477185	[{'text': 'lexicos', 'indices': [49, 57]}]
SantiOlsze	Tue Apr 20 21:50:25 +0000 2021	523	250	En el momento más duro de 2020, CABA llegó a tener 226 pacientes graves con respirador en terapia intensiva. Hoy, tiene 238. Sí, peor que en el peor momento del año pasado. https://t.co/CEaqVuZdcv	https://twitter.com/SantiOlsze/status/1384625528624369666	[]
SantiOlsze	Tue Apr 20 14:47:41 +0000 2021	1	0	@tetustt Solo por edad. Hoy por hoy tenés aprox 250-300 casos por día en menores de 18 años en CABA.	https://twitter.com/SantiOlsze/status/1384519142733139976	[]
SantiOlsze	Tue Apr 20 14:09:19 +0000 2021	214	35	Más del 50% de la población de mayores de 60 años está vacunada con al menos una dosis tras un mes de vacunación exclusiva e ininterrumpidamente a ese grupo. https://t.co/WcWYi2MRHW	https://twitter.com/SantiOlsze/status/1384509486077992960	[]
SantiOlsze	Tue Apr 20 11:56:20 +0000 2021	0	0	@CaroTorr @tefi_pap 🥰	https://twitter.com/SantiOlsze/status/1384476022289096705	[]
SantiOlsze	Tue Apr 20 11:46:25 +0000 2021	48	26	Hay 306 camas de terapia intensiva ocupadas en el subsistema público de CABA, más del doble que hace un mes. En el peor momento de 2020 eran 308 las camas ocupadas. https://t.co/WWiEFMYaYe	https://twitter.com/SantiOlsze/status/1384473527064084489	[]
SantiOlsze	Mon Apr 19 23:04:29 +0000 2021	2	0	@tefi_pap Se emocionó @CaroTorr	https://twitter.com/SantiOlsze/status/1384281778001616904	[]
SantiOlsze	Mon Apr 19 21:51:03 +0000 2021	227	94	En CABA hubo 29306 casos confirmados en los últimos 10 días. Si consideramos un período de contagiosidad de 10 días y solo tenemos en cuenta la punta del iceberg que son los casos detectados, casi 1 de cada 100 porteños está infectado y contagiando en este momento.	https://twitter.com/SantiOlsze/status/1384263300838354946	[]
SantiOlsze	Mon Apr 19 20:50:40 +0000 2021	4	1	@Brunobian Perdón, me equivoqué (borré tweet). Me da que faltan 3.370.021 mayores de 60 años. Pero en realidad serán menos. Parece tener techo cerca del 70% la adherencia, fijate cómo cae la velocidad de vacunación en +70 ya https://t.co/JsUoRj5LWs	https://twitter.com/SantiOlsze/status/1384248101712523267	[]
SantiOlsze	Mon Apr 19 20:13:44 +0000 2021	165	75	4304 camas de terapia intensiva ocupadas por pacientes COVID en Argentina. Para encontrar un valor así de alto hay que volver a noviembre de 2020. https://t.co/0x7STPsxSU	https://twitter.com/SantiOlsze/status/1384238809441656834	[]
SantiOlsze	Mon Apr 19 14:58:19 +0000 2021	45	10	De las más de 6 millones de dosis aplicadas al momento en Argentina, casi el 90% fueron aplicadas de lunes a viernes. https://t.co/ytLL3i0H4L	https://twitter.com/SantiOlsze/status/1384159432217481220	[]
SantiOlsze	Mon Apr 19 14:04:56 +0000 2021	47	27	@vidusky Es tremenda la tendencia y estamos muy cerca del máximo de 2020. https://t.co/CSJcDHvyla	https://twitter.com/SantiOlsze/status/1384145997756960774	[]
SantiOlsze	Mon Apr 19 12:41:17 +0000 2021	141	59	Los casos crecieron en el último mes en todos los grupos etarios en CABA y PBA. En los mayores de 70 años el crecimiento es, al menos por ahora, de menor magnitud. https://t.co/LdDlrbkwdn	https://twitter.com/SantiOlsze/status/1384124944095711233	[]
SantiOlsze	Sat Apr 17 15:32:41 +0000 2021	151	41	El 50% de los mayores de 60 años del país recibió al menos su primera dosis. Es el 71% en los mayores de 70 años y el 32% en los que tienen entre 60 y 69 años. El avance la vacunación día a día sobre la pirámide poblacional, con la fecha hasta hoy en el título de la animación. https://t.co/tTcNyHMhC3	https://twitter.com/SantiOlsze/status/1383443305753501711	[]
SantiOlsze	Fri Apr 16 21:22:39 +0000 2021	61	51	En el último mes las camas de terapia intensiva ocupadas por pacientes con coronavirus en Argentina subieron de 3469 a 3971. El porcentaje de ocupación en AMBA por todo tipo de patologías es récord: el máximo en 2020 fue de 69,1% y hoy es de 73.8%. https://t.co/uUQufH18OR	https://twitter.com/SantiOlsze/status/1383168989925416960	[]
SantiOlsze	Fri Apr 16 17:30:01 +0000 2021	3	0	@Luciencia_ Ja! Nadie puede contra el paso del tiempo.	https://twitter.com/SantiOlsze/status/1383110442768289796	[]
SantiOlsze	Fri Apr 16 15:59:43 +0000 2021	13	0	@gravep Están prohibidas también las reuniones sociales.	https://twitter.com/SantiOlsze/status/1383087720516489219	[]
SantiOlsze	Fri Apr 16 15:26:17 +0000 2021	1	0	@nifortu Re-contra coincido. De hecho, siempre pensé que suspender las clases no iba a ser tan necesario porque al tener control por proto-burbujas se controlan solas.	https://twitter.com/SantiOlsze/status/1383079304473481223	[]
SantiOlsze	Fri Apr 16 15:18:43 +0000 2021	10	1	@romero_mm Ya están suspendidas por 15 días las clases. Aclaré cuando me salieron a consultar, antes no me di cuenta que requería aclaración.	https://twitter.com/SantiOlsze/status/1383077401995919363	[]
SantiOlsze	Fri Apr 16 15:17:58 +0000 2021	2	0	@plenque @martintetaz @norabar Gracias por los datos de proporción y positividad.	https://twitter.com/SantiOlsze/status/1383077211088039942	[]
SantiOlsze	Fri Apr 16 15:15:02 +0000 2021	5	0	@norabar gráfico de @jorgeluisaliaga !	https://twitter.com/SantiOlsze/status/1383076476535328770	[]
SantiOlsze	Fri Apr 16 15:12:41 +0000 2021	162	57	Esto no demuestra que se contagian más ni que se contagian menos que la gente mayor. Tampoco demuestra dónde se contagian y si es entre ellos, de sus padres o a sus padres. Sí demuestra que se contagian y cada vez más (como los adultos) porque la positividad también sube. https://t.co/4l5Qvb9APi	https://twitter.com/SantiOlsze/status/1383075882735124480	[]
SantiOlsze	Fri Apr 16 15:09:57 +0000 2021	1	0	@Mayspe wow! hay código para compartir? 😍	https://twitter.com/SantiOlsze/status/1383075196446326788	[]
SantiOlsze	Fri Apr 16 15:08:25 +0000 2021	15	6	@martintetaz @norabar Postividad en CABA en sub18 sube desde hace más de un mes. https://t.co/fOM9JDlE1n	https://twitter.com/SantiOlsze/status/1383074810847170562	[]
SantiOlsze	Fri Apr 16 15:07:41 +0000 2021	3	0	@martintetaz @pabloduggan La positividad sube como en todos los grupos etarios. No me propuse mostrar que son vectores. Lo que queda claro es que se contagian y cada vez más (como el resto de la población), evidenciado por la suba de casos y positividad. Gracias a @jorgeluisaliaga, la positividad: https://t.co/akMjUAmJ8d	https://twitter.com/SantiOlsze/status/1383074626402672641	[]
SantiOlsze	Fri Apr 16 14:30:09 +0000 2021	969	578	Entre CABA y PBA se detectan más de 1000 casos por día en menores de 18 años. https://t.co/pcX9f6XrqF	https://twitter.com/SantiOlsze/status/1383065178699350018	[]
SantiOlsze	Thu Apr 15 17:03:32 +0000 2021	504	275	Mientras tanto, sigue subiendo la ocupación de camas de terapia intensiva. https://t.co/JsxpZOaTsQ	https://twitter.com/SantiOlsze/status/1382741393475579909	[]
SantiOlsze	Thu Apr 15 15:03:18 +0000 2021	0	0	@franpnc @Carantxa_mc Exacto!	https://twitter.com/SantiOlsze/status/1382711131777695744	[]
SantiOlsze	Thu Apr 15 15:00:47 +0000 2021	21	12	La foto final  a hoy en este otro tweet https://t.co/vDEWHFMFkD	https://twitter.com/SantiOlsze/status/1382710500023271425	[]
SantiOlsze	Thu Apr 15 14:54:55 +0000 2021	0	0	@marianopuntobe Sí, coincido.	https://twitter.com/SantiOlsze/status/1382709024785858560	[]
SantiOlsze	Thu Apr 15 14:40:46 +0000 2021	30	7	"En formato animación en este otro tweet
https://t.co/w2UN23dRIq"	https://twitter.com/SantiOlsze/status/1382705462274064392	[]
SantiOlsze	Thu Apr 15 14:40:23 +0000 2021	206	81	El avance de la vacunación por grupo etario en una animación. Empezó por personal de salud de 30 a 59 años, luego aceleró con los mayores de 70 años y en los últimos días aceleró la vacunación de los de entre 60 y 69 años. https://t.co/IP8iusCEKN	https://twitter.com/SantiOlsze/status/1382705365259796485	[]
SantiOlsze	Thu Apr 15 13:45:56 +0000 2021	374	131	El 11% de la población argentina recibió al menos una dosis de vacunas contra el coronavirus. Este número es del 68% en los mayores de 70 años. De los de entre 60 y 69 años, el 28% está vacunado en Argentina con al menos una dosis. https://t.co/9o4hLiYktF	https://twitter.com/SantiOlsze/status/1382691665228537861	[]
SantiOlsze	Thu Apr 15 00:18:51 +0000 2021	262	43	Queremos contagiar https://t.co/9xCHII231I	https://twitter.com/SantiOlsze/status/1382488556275392516	[]
SantiOlsze	Wed Apr 14 02:29:20 +0000 2021	16	1	@ernestorr Mientras dé trombosis todo bien	https://twitter.com/SantiOlsze/status/1382159002101022724	[]
SantiOlsze	Wed Apr 14 02:17:31 +0000 2021	134	14	Los aerosoles con coronavirus viendo los barbijos de plástico que no ajustan a la cara https://t.co/oMvog7Oxp2	https://twitter.com/SantiOlsze/status/1382156031426449414	[]
SantiOlsze	Wed Apr 14 01:55:26 +0000 2021	42	0	@ernestorr Ponele Olszevicki a la vacuna polaca	https://twitter.com/SantiOlsze/status/1382150472845426690	[]
SantiOlsze	Tue Apr 13 16:37:29 +0000 2021	0	0	"@MatiasASeoane @marianocarlos @Mariano_radio A las pruebas ...
https://t.co/vDJF9kJ7ZB"	https://twitter.com/SantiOlsze/status/1382010058335252481	[]
SantiOlsze	Tue Apr 13 14:36:55 +0000 2021	2	0	@MgigB CABA no habilitó las vacunas para ese grupo y PBA vacunó a docentes que viven en CABA y trabajan en PBA. Además, no sé cómo se computa la residencia pero tal vez la residencia va por DNI y en VacunatePBA funciona como declaración jurada.	https://twitter.com/SantiOlsze/status/1381979718816251906	[]
SantiOlsze	Tue Apr 13 14:31:04 +0000 2021	9	2	@MgigB @Kicillofok @horaciorlarreta CABA no abrió la inscripción para esos! Y PBA vacunó docentes que viene en CABA y trabajan en PBA.	https://twitter.com/SantiOlsze/status/1381978246682656772	[]
SantiOlsze	Tue Apr 13 10:47:56 +0000 2021	8	0	@ernestorr I don't speak french, desolé.	https://twitter.com/SantiOlsze/status/1381922094229946372	[]
SantiOlsze	Tue Apr 13 02:37:36 +0000 2021	1	0	@MatiasASeoane @VascoAmonda @mmbarrionuevo https://t.co/bhezjb794d	https://twitter.com/SantiOlsze/status/1381798695209930752	[]
SantiOlsze	Tue Apr 13 02:13:56 +0000 2021	2	0	"@MatiasASeoane @VascoAmonda @mmbarrionuevo El tweet dice ""a diario"", además."	https://twitter.com/SantiOlsze/status/1381792741584207876	[]
SantiOlsze	Tue Apr 13 02:11:59 +0000 2021	72	26	El 65% de los mayores de 80 años y el 60% de aquellos entre 70 y 79 años recibieron al menos la primera dosis de la vacuna contra el coronavirus. En la población de 60-69 el porcentaje de cobertura supera por poco el 20%. https://t.co/uKgScMFRnt	https://twitter.com/SantiOlsze/status/1381792251664330758	[]
SantiOlsze	Tue Apr 13 02:03:16 +0000 2021	119	25	Aprovecho la redondez del número para actualizar la información. Se aplicaron 5.390.000 dosis de vacunas contra el coronavirus en Argentina. El 63% son Sputnik V, el 24% Sinopharm y 13% AstraZeneca, con 11% producidas en India (Covishield) y 2% recibidas por COVAX. https://t.co/DlCNdawd6d	https://twitter.com/SantiOlsze/status/1381790054570463235	[]
SantiOlsze	Tue Apr 13 01:57:40 +0000 2021	2	0	@BrunoVuan @mmbarrionuevo 🙁. Donde miro yo https://t.co/mtCzbyAyba todavía no actualizó con los datos de hoy. https://t.co/ki1XM2q322	https://twitter.com/SantiOlsze/status/1381788646647476225	[]
SantiOlsze	Tue Apr 13 01:44:51 +0000 2021	278	152	Uruguay superó a Brasil y es el país que más muertes por millón de habitantes reporta a diario en el continente. Es, también, el 6to país del mundo en ese ranking. https://t.co/RWwmpdPvlL	https://twitter.com/SantiOlsze/status/1381785419927412740	[]
SantiOlsze	Mon Apr 12 23:47:14 +0000 2021	191	45	@ernestorr Ojo con los nuevos hisopos asesinos que de tanto testear te mandan a UTI https://t.co/t1wdEEDCtF	https://twitter.com/SantiOlsze/status/1381755824138301442	[]
SantiOlsze	Mon Apr 12 23:25:55 +0000 2021	130	65	En los últimos 15 días la cantidad de camas de terapia intensiva ocupadas en el subsector público en CABA subió un 77%. https://t.co/h3pMmKHmPK	https://twitter.com/SantiOlsze/status/1381750459438862340	[]
SantiOlsze	Mon Apr 12 22:28:53 +0000 2021	0	0	@matias1917 era 1/1000!	https://twitter.com/SantiOlsze/status/1381736102986407936	[]
SantiOlsze	Mon Apr 12 01:19:47 +0000 2021	98	13	#TVConBarbijos https://t.co/kziRiszqzr	https://twitter.com/SantiOlsze/status/1381416724088639495	[{'text': 'TVConBarbijos', 'indices': [0, 14]}]
SantiOlsze	Mon Apr 12 01:12:01 +0000 2021	2	0	@daniel_devalle @elmillo84 Uf no. Para nada la intención. Lo voy a borrar.	https://twitter.com/SantiOlsze/status/1381414771728191490	[]
SantiOlsze	Mon Apr 12 01:09:11 +0000 2021	0	0	"@daniel_devalle @elmillo84 ""Una pena"" puede haber sonado irónico?"	https://twitter.com/SantiOlsze/status/1381414059665416193	[]
SantiOlsze	Mon Apr 12 01:07:32 +0000 2021	0	0	@bocaexpat Lamentar la muerte de alguien que alentó a todos a cuidarse desde su rol de comunicador está mal?	https://twitter.com/SantiOlsze/status/1381413642554466305	[]
SantiOlsze	Mon Apr 12 01:06:50 +0000 2021	2	0	@elmillo84 Lo lamento muchísimo. Me parece que lo malinterpretaste.	https://twitter.com/SantiOlsze/status/1381413466758602756	[]
SantiOlsze	Mon Apr 12 01:06:26 +0000 2021	2	0	@apablosebas 15/21 días más.	https://twitter.com/SantiOlsze/status/1381413363863932929	[]
SantiOlsze	Sun Apr 11 14:22:18 +0000 2021	489	139	El 10% de la población argentina está vacunada con al menos una dosis. La velocidad continúa aumentando: el último 1% vacunado se alcanzó en tan solo 3 días. https://t.co/7bp0DBsIXR	https://twitter.com/SantiOlsze/status/1381251264286101507	[]
SantiOlsze	Sun Apr 11 00:05:20 +0000 2021	4	0	"@bocaexpat Este tipo de cosas, de PAMI y de muchos hospitales más. 
https://t.co/S5TTm02g39"	https://twitter.com/SantiOlsze/status/1381035603454746624	[]
SantiOlsze	Sat Apr 10 23:27:45 +0000 2021	145	40	¿Dónde están las 234 camas de terapia intensiva libres en CABA? https://t.co/0a8wcdxhzK	https://twitter.com/SantiOlsze/status/1381026143516684296	[]
SantiOlsze	Sat Apr 10 16:37:28 +0000 2021	52	37	Siguen aumentando los casos y con ello las muertes en Sudamérica. En este momento, Brasil (6to) y Uruguay (7mo) están entre los países que más muertes por millón de habitantes reportan a diario en el mundo. https://t.co/RtJP7cjg5m	https://twitter.com/SantiOlsze/status/1380922890749681668	[]
SantiOlsze	Sat Apr 10 16:31:37 +0000 2021	223	80	Solo 22 países en el mundo concentran el 90% de las vacunas aplicadas. Brasil, Chile y Argentina forman parte de ese grupo. https://t.co/G53jKCajKh	https://twitter.com/SantiOlsze/status/1380921420914495489	[]
SantiOlsze	Fri Apr 09 23:06:11 +0000 2021	3	0	@rquiroga777 @Moli_Malone Indeed	https://twitter.com/SantiOlsze/status/1380658326929833984	[]
SantiOlsze	Fri Apr 09 20:34:15 +0000 2021	3	0	@cuervaje Paciencia que pronto llegará. CABA viene a toda velocidad con mayores de 70 https://t.co/lbL5QELwDM	https://twitter.com/SantiOlsze/status/1380620092766048259	[]
SantiOlsze	Fri Apr 09 15:35:45 +0000 2021	1497	358	"Se acelera la vacunación en Argentina.
El primer 1% tardó 52 días.
Del 2 al 7%, cada 1% llevó 6.5 días en promedio.
Alcanzar el 8% y el 9% llevó 4 días cada uno. https://t.co/tfEzE12Qqs"	https://twitter.com/SantiOlsze/status/1380544974643679232	[]
SantiOlsze	Fri Apr 09 14:06:38 +0000 2021	3	0	@plenque @Taberna_Siome Pocas cosas más lindas que un heatmap	https://twitter.com/SantiOlsze/status/1380522545573679105	[]
SantiOlsze	Fri Apr 09 13:56:11 +0000 2021	0	0	@LataOxidada Oh sí, quedó en formato mes-dia-año. Pero es primero de marzo.	https://twitter.com/SantiOlsze/status/1380519917678628869	[]
SantiOlsze	Fri Apr 09 13:49:03 +0000 2021	87	53	Aumentan los casos en todos los grupos etarios pero no de la misma manera. En PBA, aumentaron los casos un 200% en menores de 18 años desde el primero de marzo. En el mismo período, los casos en mayores de 80 aumentaron un 50%. El mismo patrón se manifiesta en CABA. https://t.co/1IK8iSAEQ6	https://twitter.com/SantiOlsze/status/1380518122294239232	[]
SantiOlsze	Thu Apr 08 12:02:00 +0000 2021	2	0	"@Brunobian Supuestamente 450, muchas de las cuales están tratando de ser ""recuperadas"" del uso por otras patologías, según Quiros ayer."	https://twitter.com/SantiOlsze/status/1380128792144982019	[]
SantiOlsze	Thu Apr 08 11:56:34 +0000 2021	112	59	Las camas de terapia intensiva covid ocupadas en CABA suben en forma constante desde fines de marzo según los datos oficiales. https://t.co/OhM3s4iMg2	https://twitter.com/SantiOlsze/status/1380127425896517634	[]
SantiOlsze	Wed Apr 07 18:46:58 +0000 2021	105	27	Argentina es uno de los países del continente en los que más aumentaron los casos y uno de los que menos redujo la movilidad en el último mes. https://t.co/czg4cL7MLW	https://twitter.com/SantiOlsze/status/1379868318321025030	[]
SantiOlsze	Wed Apr 07 14:29:11 +0000 2021	312	60	https://t.co/RRfeQcPZ5s	https://twitter.com/SantiOlsze/status/1379803445071339520	[]
SantiOlsze	Wed Apr 07 14:16:28 +0000 2021	280	79	El 50% de los mayores de 70 años en el país está vacunado con al menos la primera dosis. Este valor ronda el 60% para los mayores de 80 años y el 45% para aquellos que tienen entre 70 y 79 años. https://t.co/JyLAIV9CIm	https://twitter.com/SantiOlsze/status/1379800242997104643	[]
SantiOlsze	Tue Apr 06 23:15:28 +0000 2021	2	0	@rociomed @melquiadess Para negar la realidad.	https://twitter.com/SantiOlsze/status/1379573499413602309	[]
SantiOlsze	Tue Apr 06 21:41:46 +0000 2021	5	0	@mariaFFreijo https://t.co/s8Zb9GIi5Y	https://twitter.com/SantiOlsze/status/1379549921926340613	[]
SantiOlsze	Tue Apr 06 21:39:03 +0000 2021	133	48	"Hay dos realidades superpuestas:
1) La cantidad de casos está subiendo vertiginosamente y no porque se esté testeando más, sino porque hay mucha más circulación viral. 
2) Los niveles de casos detectados de hoy no son estrictamente comparables con los de 2020. https://t.co/x1UEwlvbPk"	https://twitter.com/SantiOlsze/status/1379549237407592454	[]
SantiOlsze	Tue Apr 06 20:06:54 +0000 2021	226	95	"2 0 8 7 0.
Récord absoluto de casos reportados.
10402 en PBA, 2281 en CABA, 1843 en Córdoba."	https://twitter.com/SantiOlsze/status/1379526047805403150	[]
SantiOlsze	Tue Apr 06 14:09:06 +0000 2021	5	0	@manudv89 Esta semana va a cambiar la pendiente. Solo PBA dio turno para vacunar al 1% de la población del país entre lunes y viernes.	https://twitter.com/SantiOlsze/status/1379436003924926467	[]
SantiOlsze	Tue Apr 06 13:59:23 +0000 2021	99	16	El 8% de la población argentina está vacunada con al menos una dosis de vacunas contra el coronavirus. El 30% de los mayores de 60 años y 48% de los mayores de 70 años ya fueron vacunados. https://t.co/PmNn0xNf4N	https://twitter.com/SantiOlsze/status/1379433558318575621	[]
SantiOlsze	Mon Apr 05 20:07:27 +0000 2021	119	50	"13667 casos nuevos en el día de hoy.
2428 casos nuevos en CABA.
6243 en la Provincia de Buenos Aires."	https://twitter.com/SantiOlsze/status/1379163796808294405	[]
SantiOlsze	Mon Apr 05 17:20:31 +0000 2021	168	109	En el último mes los casos aumentaron casi 300% en Uruguay, 110% en Argentina y 80% en Chile. Los países del continente que empezaron la segunda ola antes están entre los que más muertes/millón reportan a diario en el mundo: Brasil (8°), Uruguay(14°), Paraguay(18°) y Chile(19°). https://t.co/q1FX2Myiv6	https://twitter.com/SantiOlsze/status/1379121786709753860	[]
SantiOlsze	Sun Apr 04 22:13:15 +0000 2021	0	0	@tefi_pap @CamiKalaydjian Vuelve Cami a CABA? 😮	https://twitter.com/SantiOlsze/status/1378833069524783111	[]
SantiOlsze	Sun Apr 04 17:02:11 +0000 2021	990	233	Casi el 60% de los mayores de 80 años y el 40% de los mayores de entre 70 y 79 años ya recibieron al menos su primera dosis. https://t.co/khfD106iyz	https://twitter.com/SantiOlsze/status/1378754784245727233	[]
SantiOlsze	Sun Apr 04 15:44:30 +0000 2021	166	78	Tres días seguidos con más de 100 casos reportados en barrios populares de CABA. No se reportaban tantos desde septiembre de 2020. https://t.co/ki8o1fRfjC	https://twitter.com/SantiOlsze/status/1378735234066305028	[]
SantiOlsze	Sat Apr 03 16:35:36 +0000 2021	757	84	91.6% ≠ 100%	https://twitter.com/SantiOlsze/status/1378385708201693190	[]
SantiOlsze	Fri Apr 02 15:15:57 +0000 2021	5	0	@plenque Clarísimo	https://twitter.com/SantiOlsze/status/1378003273517568001	[]
SantiOlsze	Thu Apr 01 22:37:51 +0000 2021	1	0	@ulisesnemo Dale!!	https://twitter.com/SantiOlsze/status/1377752095084937218	[]
SantiOlsze	Wed Mar 31 13:53:59 +0000 2021	60	9	Bueno, se me tocaron los números, le sumé un caso de más en algún lado. Con el segundo grupo serían 14 positivos (70%) de positividad y con el tercero, 15 positivos (50% de positividad). La lógica del análisis se mantiene idéntica.	https://twitter.com/SantiOlsze/status/1377257872501968896	[]
SantiOlsze	Wed Mar 31 13:49:31 +0000 2021	121	26	El 7% de la población argentina está vacunada contra el coronavirus. Se aplicaron 3.891.932 dosis de 4 vacunas: Sputnik V (66%), Sinopharm (20%), Covishield (14%) y unas poquitas de las AstraZeneca aterrizadas el domingo. https://t.co/pEou3icDaV	https://twitter.com/SantiOlsze/status/1377256747866406914	[]
SantiOlsze	Wed Mar 31 13:29:17 +0000 2021	95	28	El aumento de testeos no alcanza la magnitud del aumento de contagios y los casos que se testean son más probables (no menos, como vimos en los ejemplos). Estas tendencias en contexto de positividad en ascenso solo puede implicar una cosa: mayor circulación viral.	https://twitter.com/SantiOlsze/status/1377251654223941632	[]
SantiOlsze	Wed Mar 31 13:29:16 +0000 2021	91	32	Lo que está ocurriendo en Argentina ahora es exactamente al revés. Aparecen más casos y se hacen más tests, pero la positividad está en aumento. A nivel país pasó del 15 al 25%. Acá pueden ver las tendencias en CABA y PBA. https://t.co/36nIt6eVgs	https://twitter.com/SantiOlsze/status/1377251651912933381	[]
SantiOlsze	Wed Mar 31 13:29:15 +0000 2021	45	11	Ampliando aún más el testeo a las 30 personas, tendríamos aún más casos: 16. La positividad sería bastante menor: 16/30 = 53%. https://t.co/pgiFD4Qvih	https://twitter.com/SantiOlsze/status/1377251647232094211	[]
SantiOlsze	Wed Mar 31 13:29:14 +0000 2021	45	12	Si se decidiera ampliar el testeo para incluir a un nuevo grupo con pocos síntomas y sin contacto estrecho, tendríamos 20 tests. Resultarían en 15 casos positivos. Es decir, con aumento de testeo pueden aumentar los casos. ¿Pero qué pasa con la positividad? Baja. 15/20 = 75%. https://t.co/0YSBA5wARh	https://twitter.com/SantiOlsze/status/1377251642924544002	[]
SantiOlsze	Wed Mar 31 13:29:13 +0000 2021	45	12	Si solo se testeara a los primeros, es decir, a aquellos con muchos síntomas y solo contactos, tendríamos 10 tests y 9 casos. La positividad sería del 90%. https://t.co/ePia4rgzBp	https://twitter.com/SantiOlsze/status/1377251638944104448	[]
SantiOlsze	Wed Mar 31 13:29:12 +0000 2021	47	11	De los primeros, 9 tienen coronavirus. De los segundos, cinco. De los últimos, solo uno.  Todos entendemos que mientras más “sospechoso” sea el caso, más chances de que efectivamente tenga coronavirus. Veámoslo en positividad. https://t.co/3pykGyuME9	https://twitter.com/SantiOlsze/status/1377251634758160389	[]
SantiOlsze	Wed Mar 31 13:29:11 +0000 2021	51	11	"Planteo una población modelo:

10 personas con tos, fiebre, pérdida de gusto y olfato siendo contactos estrechos de COVID.
10 personas con fiebre. 
10 personas sin síntomas. https://t.co/hjECIm5T8q"	https://twitter.com/SantiOlsze/status/1377251629150388227	[]
SantiOlsze	Wed Mar 31 13:29:10 +0000 2021	75	14	La positividad es el porcentaje de tests que dan positivos. Es el reflejo de la probabilidad de que un test individual dé positivo, por lo que indica indirectamente cuán probable es que el caso promedio que se está testeando sea positivo.  Veamos un par de situaciones de ejemplo.	https://twitter.com/SantiOlsze/status/1377251624947683335	[]
SantiOlsze	Wed Mar 31 13:29:09 +0000 2021	847	201	"Con la segunda ola llega también el déjà vu de “aumentan los casos porque aumentan los testeos”. 
Esto podría ser verdad, siempre y cuando al aumento de testeos y de casos lo acompañara un descenso de un indicador clave: la positividad."	https://twitter.com/SantiOlsze/status/1377251623404208131	[]
SantiOlsze	Tue Mar 30 21:26:42 +0000 2021	80	14	São Pablo tiene la misma población que Argentina. https://t.co/Zsll2iabOf	https://twitter.com/SantiOlsze/status/1377009413245054984	[]
SantiOlsze	Tue Mar 30 20:54:11 +0000 2021	45	24	Entre lunes y martes de la semana pasada se reportaron 7004 casos en PBA y 2075 en CABA. Entre ayer y hoy, 11396 (+63%) en PBA y 3121 (+50%) en CABA.	https://twitter.com/SantiOlsze/status/1377001229478473735	[]
SantiOlsze	Tue Mar 30 20:48:29 +0000 2021	43	21	Otro salto en las hospitalizaciones en Argentina. Son 3702 camas de terapia intensiva ocupadas por pacientes con coronavirus, el valor más alto desde el 8 de diciembre de 2020. https://t.co/kAajcCJk2D	https://twitter.com/SantiOlsze/status/1376999796737773576	[]
SantiOlsze	Tue Mar 30 13:37:54 +0000 2021	94	45	Los casos venían subiendo desde fines de febrero pero esta semana la aceleración en AMBA fue brutal. https://t.co/nbEYKu5qfx	https://twitter.com/SantiOlsze/status/1376891435333644289	[]
SantiOlsze	Tue Mar 30 12:01:35 +0000 2021	0	0	@PatricioBoda El primero de marzo es el 0%. Fijate que todos parten del mismo punto.	https://twitter.com/SantiOlsze/status/1376867195670659077	[]
SantiOlsze	Tue Mar 30 11:58:14 +0000 2021	86	34	"En el último mes, los casos aumentaron:

190% en Uruguay 
83% en Paraguay 
73% en Chile 
66% en Argentina 
34% en Brasil

Solo en Bolivia el nivel de casos es menor (22%). https://t.co/MwK9Ne5ugL"	https://twitter.com/SantiOlsze/status/1376866354226204674	[]
SantiOlsze	Mon Mar 29 14:52:34 +0000 2021	137	27	Con la llegada de vacunas acelerándose, arriba del 70% (y en los últimos días, más del 90%) de las dosis aplicadas todos los días en Argentina son a mayores de 60 años. Esto es fundamental: la letalidad aumenta exponencialmente con la edad. https://t.co/ZLXfWDI68M	https://twitter.com/SantiOlsze/status/1376547837249478656	[]
SantiOlsze	Sun Mar 28 23:01:15 +0000 2021	1	0	@Romy13_ @dons0borno Puede ser un error de carga	https://twitter.com/SantiOlsze/status/1376308431385206785	[]
SantiOlsze	Sun Mar 28 22:44:07 +0000 2021	463	109	Más del 80% de los fallecidos por coronavirus en Argentina eran mayores de 60 años. El plan de vacunación estima a esta población en 7.3 millones de personas. Ya se vacunaron casi un millón y medio de personas mayores de 60 años, el 20% del total. https://t.co/Ddkupn0DTW	https://twitter.com/SantiOlsze/status/1376304120651481090	[]
SantiOlsze	Sun Mar 28 20:13:15 +0000 2021	98	40	Hoy nuevamente CABA por encima de 1000 casos. El promedio de esta semana fue de 1186 casos por día, un 33% más alto que la semana anterior. En PBA hoy 3257 casos. El promedio semanal fue de 4125, 32% más que la semana pasada.	https://twitter.com/SantiOlsze/status/1376266153354465288	[]
SantiOlsze	Sun Mar 28 14:38:12 +0000 2021	332	189	Argentina y Colombia se suman a la ola de crecimiento de casos en Latinoamérica. Brasil, Chile, Paraguay, Perú, Uruguay y Venezuela ya están hace rato en sus valores máximos de los últimos dos meses. https://t.co/Dlx9FcUloA	https://twitter.com/SantiOlsze/status/1376181835017900034	[]
SantiOlsze	Sun Mar 28 14:23:23 +0000 2021	1	0	@MgigB Genial	https://twitter.com/SantiOlsze/status/1376178105736368129	[]
SantiOlsze	Sat Mar 27 16:50:27 +0000 2021	2	1	@martintetaz Tiende a subir https://t.co/rEAoxIB4MC	https://twitter.com/SantiOlsze/status/1375852730602950656	[]
SantiOlsze	Sat Mar 27 16:49:17 +0000 2021	81	29	Brasil, con el 2.7% de la población mundial reportó ayer 3650 muertes, casi el 30% de lo reportado en todo el mundo.  Lleva 307.112 fallecidos registrados. Tardó 144 días en alcanzar 100.000, otros 152 días en llegar a 200.000 y tan solo 76 días para los 300.000. https://t.co/rpNJJznu3T	https://twitter.com/SantiOlsze/status/1375852437865648143	[]
SantiOlsze	Sat Mar 27 14:32:46 +0000 2021	59	24	"Suben en forma muy evidente los casos en CABA y PBA en todos los grupos etarios.

Los muestro de diferentes maneras:
- Diario general
- Promedios semanales
- Diario por grupo etario
- Dario en menores de 18 y 15 años https://t.co/eXrnjcj7jj"	https://twitter.com/SantiOlsze/status/1375818081675702272	[]
SantiOlsze	Sat Mar 27 14:26:25 +0000 2021	3	0	¿Cómo gustan más los gráficos?	https://twitter.com/SantiOlsze/status/1375816480521076736	[]
SantiOlsze	Fri Mar 26 22:05:09 +0000 2021	7	0	@mmbarrionuevo No estamos tan lejos 🦾	https://twitter.com/SantiOlsze/status/1375569538834644996	[]
SantiOlsze	Fri Mar 26 14:40:47 +0000 2021	0	0	@RRafaelyurk Datos oficiales: ver La Pampa https://t.co/0bCzx4gKE8	https://twitter.com/SantiOlsze/status/1375457708283985932	[]
SantiOlsze	Fri Mar 26 14:34:03 +0000 2021	15	4	Y así se ven comparativamente los rankings de dosis distribuidas versus aplicadas ambos como porcentaje de la población local. La Pampa, por ejemplo, es la segunda provincia que más dosis aplicó a pesar de haber sido la cuarta que más recibió. https://t.co/rsIWrHNe70	https://twitter.com/SantiOlsze/status/1375456014846328837	[]
SantiOlsze	Fri Mar 26 14:34:02 +0000 2021	23	4	Ahora estamos en 6,2% de personas vacunadas con al menos una dosis. Se distribuyen en las provincias así: https://t.co/Kvwl4W5Qm3	https://twitter.com/SantiOlsze/status/1375456013114089474	[]
SantiOlsze	Fri Mar 26 14:31:45 +0000 2021	2	0	@elmursa2 sí, solo primeras dosis	https://twitter.com/SantiOlsze/status/1375455434765701130	[]
SantiOlsze	Fri Mar 26 14:27:06 +0000 2021	277	55	"¿Cuánto tardamos en alcanzar cada % de vacunados?

1%: 52 días (19-feb)
2%: 7 días  (26-feb)
3% 8 días  (06-mar)
4%: 5 días  (11-mar)
5%: 6 días (17-mar)
6%: 7 días (24-mar)

Con la llegada de nuevas vacunas, esperamos poder acelerar y acercarnos al millón de dosis por semana. https://t.co/XBq119AYzr"	https://twitter.com/SantiOlsze/status/1375454267994218501	[]
SantiOlsze	Fri Mar 26 13:08:00 +0000 2021	118	28	"Una manera de ver si la curva está creciendo es comparar los casos de hoy con los de hace una semana. Al cociente de eso lo llamamos ""factor de crecimiento"". Si es mayor a 1 (rojo), los casos están creciendo. Si es menor (verde), están bajando. ¿Marzo? Rojo🔴. https://t.co/EkWrpBpZvd"	https://twitter.com/SantiOlsze/status/1375434359470235648	[]
SantiOlsze	Thu Mar 25 21:52:56 +0000 2021	64	11	1 de cada 2100 brasileños fue reportado como un caso positivo de coronavirus hoy. Más de 100.000 casos nuevos y cerca de 3000 muertes nuevamente en Brasil.	https://twitter.com/SantiOlsze/status/1375204076720418816	[]
SantiOlsze	Thu Mar 25 20:32:21 +0000 2021	205	37	Una buenísima y una malisima noticia llegan con pocos minutos de diferencia. Se aprueba la vacuna de Sinopharm para mayores de 60 años y reportan 1398 casos en CABA.	https://twitter.com/SantiOlsze/status/1375183798057500674	[]
SantiOlsze	Thu Mar 25 15:37:25 +0000 2021	4	1	@Richar_Vera Dosis aplicadas o distribuidas como porcentaje de la población. Si una provincia tiene 200 habitantes y recibió 10 vacunas tiene 5% (10/100) en distribuidas. Si aplicó 5 de esas, tiene 2.5% de aplicadas (5/200).	https://twitter.com/SantiOlsze/status/1375109576492773386	[]
SantiOlsze	Thu Mar 25 14:54:18 +0000 2021	1	0	@maxidaga Es verdad.	https://twitter.com/SantiOlsze/status/1375098722946801674	[]
SantiOlsze	Thu Mar 25 14:49:15 +0000 2021	1	0	@maxidaga No es infalible analizarlo así. Por ejemplo, se vacunaron 1.3M de trabajadores de la salud y en la población objetivo se consideraban 800.000.	https://twitter.com/SantiOlsze/status/1375097452915785729	[]
SantiOlsze	Thu Mar 25 14:48:08 +0000 2021	50	18	Si todas las provincias aplicaran las dosis a la misma velocidad, el ranking de dosis recibidas y el de aplicadas serían idénticos. Como este no es el caso, los podemos comparar para monitorear cómo avanza la vacunación (aplicadas) considerando las dosis recibidas (distribuidas). https://t.co/UTWRXsVnfL	https://twitter.com/SantiOlsze/status/1375097170089611275	[]
SantiOlsze	Thu Mar 25 14:40:29 +0000 2021	1	0	@SebaAuguM total!	https://twitter.com/SantiOlsze/status/1375095244891492352	[]
SantiOlsze	Thu Mar 25 14:36:07 +0000 2021	0	0	@SebaAuguM Entiendo que no.	https://twitter.com/SantiOlsze/status/1375094146084519941	[]
SantiOlsze	Thu Mar 25 14:18:14 +0000 2021	135	52	El 6% de la población argentina está vacunada contra el coronavirus. Se aplicaron 3.365.839 dosis de las cuales 2.089.422 son Sputnik V 🇷🇺(62%), 732471 son Sinopharm 🇨🇳 (22%) y 543946 son CoviShield 🇮🇳🇬🇧 (16%). https://t.co/SZh2eldY0S	https://twitter.com/SantiOlsze/status/1375089645244022785	[]
SantiOlsze	Tue Mar 23 17:23:55 +0000 2021	2	0	@jmcos @plenque @fedetiberti @rusosnith Gracias, Mauro!	https://twitter.com/SantiOlsze/status/1374411600388517899	[]
SantiOlsze	Tue Mar 23 11:16:59 +0000 2021	0	0	@GregoTatian Exacto. Cada un par de días publico este gráfico actualizado https://t.co/36vA024thx	https://twitter.com/SantiOlsze/status/1374319257991974914	[]
SantiOlsze	Tue Mar 23 11:16:01 +0000 2021	36	10	La escalada de casos y fallecimientos en Brasil, acelerada en febrero y marzo, hasta convertirse en el único país latinoamericano entre los 10 países que más muertes por millón de habitantes reporta a diario 👇 https://t.co/qRAbxgKYlO	https://twitter.com/SantiOlsze/status/1374319017050173441	[]
SantiOlsze	Mon Mar 22 20:20:02 +0000 2021	3	0	"@anitafidalgo El cuadro no es intencionado. Por redondeo parece que están ""igual"" pero en realidad no lo están y tienen diferencias decimales. Para ver mis ""intenciones"" (imagino, referidas a mi orientación política) podés recorrer un poco mi perfil. Saludos."	https://twitter.com/SantiOlsze/status/1374093534098259978	[]
SantiOlsze	Mon Mar 22 16:16:42 +0000 2021	3	0	"@anitafidalgo @bicisybarcos Bs As: 8.527410%
San Luis: 8.518122%"	https://twitter.com/SantiOlsze/status/1374032298287464449	[]
SantiOlsze	Mon Mar 22 13:29:38 +0000 2021	8	0	"@JoseMasson Sí, pero no jaja.  Es el dato oficial, pero evidentemente es ""raro"" que tenga más aplicadas que recibidas https://t.co/25ToKb9jBI"	https://twitter.com/SantiOlsze/status/1373990255154593796	[]
SantiOlsze	Mon Mar 22 13:28:33 +0000 2021	25	4	"Para los más detallistas, San Luis y La Pampa reportan más dosis aplicadas que recibidas. Hipótesis hay varias pero a ciencia cierta no sabemos por qué. 

https://t.co/25ToKb9jBI"	https://twitter.com/SantiOlsze/status/1373989981962833923	[]
SantiOlsze	Mon Mar 22 13:23:35 +0000 2021	0	0	@marianopuntobe Según si mejora o empeora su posición en el ranking.	https://twitter.com/SantiOlsze/status/1373988729510100992	[]
SantiOlsze	Mon Mar 22 13:23:09 +0000 2021	23	4	Para evaluar exclusivamente la aplicación, alcanzaría con medir el % de aplicadas sobre distribuidas. Creo que verlo de esta otra manera da información simultanea de performance en la aplicación y del avance de la vacunación.	https://twitter.com/SantiOlsze/status/1373988622232383501	[]
SantiOlsze	Mon Mar 22 13:20:36 +0000 2021	0	0	@marianopuntobe No es cuánto aplicó de lo que recibió sino cuánto aplicó para su población. Si todas aplicaran igual, el ranking de izquierda sería igual al de la derecha. A PBA la supera San Luis que a pesar de haber recibido menos, vacunó más.	https://twitter.com/SantiOlsze/status/1373987979618873349	[]
SantiOlsze	Mon Mar 22 13:16:09 +0000 2021	34	3	Las provincias en verde son aquellas que superan en vacunas aplicadas a provincias que recibieron más dosis y por eso suben en el ranking. Las amarillas, mantienen su posición. En rojo, las que a pesar de haber recibido más dosis, empeoran su desempeño en la aplicación.	https://twitter.com/SantiOlsze/status/1373986858821165065	[]
SantiOlsze	Mon Mar 22 13:16:08 +0000 2021	305	70	A veces comparamos cuán bien está vacunando una provincia por sus vacunas aplicadas sin tener en cuenta diferencias en la distribución. A la izquierda, el ranking de vacunas distribuidas y a la derecha, el de vacunas aplicadas como porcentaje de la población local. https://t.co/vE0gALEfdq	https://twitter.com/SantiOlsze/status/1373986856292003848	[]
SantiOlsze	Sat Mar 20 19:04:50 +0000 2021	91	43	10 países dan cuenta del 70% de las muertes reportadas en el día de ayer en el mundo. Solo Brasil fue el responsable del 27% de las muertes que se reportaron ayer y es uno de los países que más muertes por millón de habitantes tiene por día en el mundo. https://t.co/MJQ6obnbhs	https://twitter.com/SantiOlsze/status/1373349833122185227	[]
SantiOlsze	Sat Mar 20 18:00:01 +0000 2021	237	84	Se aplicaron más de 3 millones de dosis de vacunas contra el coronavirus. CABA aplicó el 82% de las vacunas que recibió, lo que alcanzó para el 8.0% de su población con al menos una dosis. PBA aplicó el 83% de las vacunas que recibió permitiéndole cubrir al 5.5% de la población. https://t.co/5lIZG0fZwM	https://twitter.com/SantiOlsze/status/1373333520484077568	[]
SantiOlsze	Sat Mar 20 14:39:01 +0000 2021	22	4	@NicoOlsze https://t.co/7UVONWMNnB	https://twitter.com/SantiOlsze/status/1373282939186909185	[]
SantiOlsze	Fri Mar 19 21:19:41 +0000 2021	185	27	Actualizamos: ya hay más dosis de Sputnik V aplicadas en el país que votos a Lavagna en 2019. https://t.co/VccahFwHx5 https://t.co/L3QmmZFZ1C	https://twitter.com/SantiOlsze/status/1373021382695587851	[]
SantiOlsze	Fri Mar 19 12:56:08 +0000 2021	18	2	Son pocas más de 300.000 primeras dosis, según informa @tunykollmann	https://twitter.com/SantiOlsze/status/1372894658884481024	[]
SantiOlsze	Fri Mar 19 12:36:16 +0000 2021	247	174	"El panorama parece complejo en la entrada del otoño a América del Sur. En los últimos 30 días los casos aumentaron:

155% en Uruguay
98% en Paraguay
59% en Chile
56% en Brasil
23% en Argentina https://t.co/XRaQdGrEbH"	https://twitter.com/SantiOlsze/status/1372889658594578432	[]
SantiOlsze	Fri Mar 19 12:17:32 +0000 2021	1	0	@Dianacos ~ 300.000?	https://twitter.com/SantiOlsze/status/1372884943819436032	[]
SantiOlsze	Fri Mar 19 12:11:11 +0000 2021	123	18	El vuelo que trae las nuevas dosis de Sputnik V está sobrevolando Brasil. Se estima que aterrice a las 15 horas en Ezeiza. Todavía es una incógnita, al menos para mí, la cantidad de vacunas que trae. https://t.co/KOHA3Thhgm	https://twitter.com/SantiOlsze/status/1372883347475734535	[]
SantiOlsze	Wed Mar 17 14:55:13 +0000 2021	1	0	@sapelli83 @norabar Misiones aplicó poco más del 50% de las dosis recibidas.	https://twitter.com/SantiOlsze/status/1372199850612297732	[]
SantiOlsze	Wed Mar 17 14:41:26 +0000 2021	238	58	"En Argentina ya se aplicaron 2.668.103 dosis contra el coronavirus, correspondiente el 4,8% de la población con al menos una dosis.

CABA aplicó el 76% de las dosis que recibió y PBA el 73%. Con esas vacunas, CABA inmunizó ya al 7% de su población y PBA a casi el 5%. https://t.co/ks4bpEISY5"	https://twitter.com/SantiOlsze/status/1372196384217174027	[]
SantiOlsze	Tue Mar 16 23:28:12 +0000 2021	0	0	@ezeferrero Se desarma una maquinaria. Solo con vacunas en stock constante logramos dar 800.000 vacunas en una semana. Se aceita un mecanismo que solo se mantiene así si está constantemente funcionando, o eso parece.	https://twitter.com/SantiOlsze/status/1371966559715987458	[]
SantiOlsze	Tue Mar 16 23:19:25 +0000 2021	1	0	@palermoahora La semana que viene llegan 3M de Sinopharm.	https://twitter.com/SantiOlsze/status/1371964349414277125	[]
SantiOlsze	Tue Mar 16 23:09:55 +0000 2021	1	0	@palermoahora Pues claro que se habla. Demoradisimos.	https://twitter.com/SantiOlsze/status/1371961959755698185	[]
SantiOlsze	Tue Mar 16 23:06:55 +0000 2021	4	1	@JonHeguier Mínima aclaración: no hay 5.3 personas vacunadas cada 100 sino que se administraron 5.3 dosis cada 100 personas. En Argentina hay ~4.3 personas vacunadas cada 100, pasa que 1/100 recibió doble dosis ya.	https://twitter.com/SantiOlsze/status/1371961203929591810	[]
SantiOlsze	Tue Mar 16 23:02:28 +0000 2021	154	21	"Sin lugar a dudas es la noticia del día. Las dosis ""en stock"" no alcanzarían ni a cubrir la semana que viene. Gana un poco (solo un poco) de aire el plan de vacunación. https://t.co/odnubJYddz"	https://twitter.com/SantiOlsze/status/1371960085816209409	[]
SantiOlsze	Tue Mar 16 14:29:10 +0000 2021	0	0	@campanit72 Estimada 2020 uso!	https://twitter.com/SantiOlsze/status/1371830907116650502	[]
SantiOlsze	Tue Mar 16 13:07:05 +0000 2021	105	36	"Vacunación en Argentina🇦🇷:

4,55% de población vacunada con al menos una dosis.

1,05% de la población con ambas dosis.

Más de 2,5M de dosis aplicadas en el país.

Más de 1M de dosis aplicadas en PBA (4,8%).

CABA, La Pampa y San Luis por encima del 6%. https://t.co/f6GISsZjGP"	https://twitter.com/SantiOlsze/status/1371810251717160960	[]
SantiOlsze	Mon Mar 15 00:43:39 +0000 2021	1	0	"@k_alle_va @mechacorta80 ""Le repito entiendo sus tiempos pero nada puedo hacer hasta que este todo para poder enviar su trámite a la UBA"" hace un mes. https://t.co/duI6I4lSg9"	https://twitter.com/SantiOlsze/status/1371260773469712384	[]
SantiOlsze	Mon Mar 15 00:31:56 +0000 2021	8	0	@mechacorta80 ¡¿En la primera posición?! No me dejan ni pedir un certificado de título en trámite porque todavía no pasó esa etapa.	https://twitter.com/SantiOlsze/status/1371257821992484869	[]
SantiOlsze	Mon Mar 15 00:30:23 +0000 2021	215	15	La UBA cumple 200 años, mi título cumple 100 días sin avanzar del primer casillero. https://t.co/ObGaL9VTZE	https://twitter.com/SantiOlsze/status/1371257433126019079	[]
SantiOlsze	Fri Mar 12 22:50:02 +0000 2021	1008	248	Toma ritmo la campaña de vacunación en Argentina. El primer 1% de la población vacunado tardó 56 días en alcanzarse. 11 días después era el 2%. 6 días después alcanzamos el 3%. Mañana, 3 días después, alcanzaremos el 4% de la población vacunada. https://t.co/Iq3qt66Uil	https://twitter.com/SantiOlsze/status/1370507403133865994	[]
SantiOlsze	Fri Mar 12 22:02:22 +0000 2021	55	30	"Actualizo con los nuevos casos reportados: 

- Aumentaron  116% en Paraguay
- Aumentaron  94% en Uruguay
- Aumentaron un 53% en Brasil
- Aumentaron un 38% en Chile

- Se redujeron un 12% en Argentina
- Se redujeron un 53% en Bolivia"	https://twitter.com/SantiOlsze/status/1370495406661115904	[]
SantiOlsze	Fri Mar 12 00:07:47 +0000 2021	73	16	"Fe de erratas: 
- 110%, no más de 110% en Paraguay. 
- 50%, no 45% en Bolivia."	https://twitter.com/SantiOlsze/status/1370164582094884864	[]
SantiOlsze	Thu Mar 11 23:52:37 +0000 2021	1222	470	"En el último mes, los nuevos casos diarios:

- Aumentaron más de un 110% en Paraguay
- Aumentaron un 80% en Uruguay
- Aumentaron un 50% en Brasil
- Aumentaron un 35% en Chile

- Se redujeron un 15% en Argentina
- Se redujeron un 45% en Bolivia

¿Momento de cuidar las fronteras? https://t.co/wixxYa2Q8X"	https://twitter.com/SantiOlsze/status/1370160765878075393	[]
SantiOlsze	Thu Mar 11 15:21:24 +0000 2021	15	1	@EloinFirenze https://t.co/QScqryTBrs	https://twitter.com/SantiOlsze/status/1370032115451052045	[]
SantiOlsze	Wed Mar 10 21:57:10 +0000 2021	407	32	¿Sarlo pidió perdón y Quirós se autocrítica fuertemente o al revés? Ya me mezclé.	https://twitter.com/SantiOlsze/status/1369769323296854026	[]
SantiOlsze	Wed Mar 10 19:57:15 +0000 2021	81	2	Yo cada vez que llega un lote de Sputnik a otro país me pongo celoso. https://t.co/nfPbZbCBIA	https://twitter.com/SantiOlsze/status/1369739145871032322	[]
SantiOlsze	Tue Mar 09 23:29:19 +0000 2021	204	81	"124 países comenzaron la vacunación🌎.

- 9 países concentran el 75% de las dosis aplicadas. 
- 10 países concentran el siguiente 15%. 
- 10 países concentran el 5% que le sigue (🇦🇷).

Los 95 países restantes (no mostrados) aplicaron, entre todos, el 5% de las vacunas. https://t.co/8f581JfOQL"	https://twitter.com/SantiOlsze/status/1369430128128892935	[]
SantiOlsze	Tue Mar 09 23:08:55 +0000 2021	27	11	En Italia se observa en los últimos 15 días un aumento de los pacientes internados en terapia intensiva por coronavirus. Es probable que en los próximos días aumenten los fallecidos reportados allí. https://t.co/KqQjGXOh7Y	https://twitter.com/SantiOlsze/status/1369424993793306628	[]
SantiOlsze	Tue Mar 09 14:20:29 +0000 2021	262	53	Más del 3% de la población argentina ya está vacunada contra el coronavirus con al menos una dosis. En CABA y La Pampa el porcentaje de población vacunada supera el 4%. En total se llevan aplicadas 1.745.122 dosis, de las cuales 726.665 corresponden a PBA. https://t.co/klf84TAp8w	https://twitter.com/SantiOlsze/status/1369292007894626305	[]
SantiOlsze	Mon Mar 08 19:37:35 +0000 2021	3300	893	Si no se enteran de que chocó el Ministro de Salud de Corrientes con vacunas Sputnik V en su auto es porque en Corrientes gobierna la UCR. República y coso.	https://twitter.com/SantiOlsze/status/1369009422081593354	[]
SantiOlsze	Mon Mar 08 13:39:53 +0000 2021	62	15	"Según los datos del Ministerio de Salud de la Nación, se aplicaron al momento 1.546.699 dosis. Son:

- 1.032.199 Sputnik V (67%)
- 375.945 Covishield (24%)
- 138.555 Sinopharm (9%)

La PBA tiene unas 100.000 dosis aplicadas todavía no cargadas al sistema nacional."	https://twitter.com/SantiOlsze/status/1368919401848856585	[]
SantiOlsze	Mon Mar 08 12:53:00 +0000 2021	97	22	Argentina, por supuesto, está en el ranking de vacunas aplicadas como todo país que comenzó la vacunación. Está tercero en la región después de Chile, de impresionante campaña, y Brasil. https://t.co/75A832RFxY	https://twitter.com/SantiOlsze/status/1368907602793529345	[]
SantiOlsze	Sun Mar 07 16:37:57 +0000 2021	305	85	Muchas fotos en redes sociales de juntadas adentro sin ventilación este fin de semana. La mampara de este dibujo de @numeroteca es análoga a sentarse a dos metros. Sin ventilación, el coronavirus está en todos lados. https://t.co/cKZAkhIQ2V	https://twitter.com/SantiOlsze/status/1368601828510797824	[]
SantiOlsze	Sat Mar 06 22:28:34 +0000 2021	14	0	@ernestorr Sos un faro, Ernesto. Gracias a vos❤️	https://twitter.com/SantiOlsze/status/1368327675652276224	[]
SantiOlsze	Sat Mar 06 22:05:14 +0000 2021	276	24	Yo? Ernestista. https://t.co/zcWbqlTIeh	https://twitter.com/SantiOlsze/status/1368321804247433220	[]
SantiOlsze	Thu Mar 04 21:06:29 +0000 2021	1	0	@norabar @bouchi_analaura No 😔	https://twitter.com/SantiOlsze/status/1367582241954684937	[]
SantiOlsze	Thu Mar 04 15:33:41 +0000 2021	0	0	@Mrporkinson @norabar Gracias!!! Lo voy a incorporar.	https://twitter.com/SantiOlsze/status/1367498491304554503	[]
SantiOlsze	Thu Mar 04 14:28:22 +0000 2021	125	24	https://t.co/bsKmLwEjmq	https://twitter.com/SantiOlsze/status/1367482052518494213	[]
SantiOlsze	Thu Mar 04 13:07:30 +0000 2021	109	27	"🇦🇷Mi primer millón🇦🇷

Más de 1.000.000 de personas recibieron su primera dosis de vacunas contra el coronavirus. En total, se aplicaron al menos 1.352.935 dosis. Según los datos locales, más actualizados, PBA ya superó las 500.000 aplicaciones y CABA aplicó casi 150.000 dosis. https://t.co/Tnp9GonoVm"	https://twitter.com/SantiOlsze/status/1367461701977833477	[]
SantiOlsze	Tue Mar 02 22:16:31 +0000 2021	143	31	"Argentina recibirá 1.944.000 de dosis de AstraZeneca entre marzo y mayo por el mecanismo COVAX de la Organización Mundial de la Salud. Esta semana estará disponible el número de dosis a esperar para cada uno de los meses venideros.

La fuente: https://t.co/kn8CIyZ8XC https://t.co/XPcWjrtQJR"	https://twitter.com/SantiOlsze/status/1366875089799696386	[]
SantiOlsze	Tue Mar 02 13:39:47 +0000 2021	181	32	"La vacunación del primer 1% tardó más de un mes. Alcanzar el 2% demoró poco más de una semana. 
(@tetustt)"	https://twitter.com/SantiOlsze/status/1366745048046534660	[]
SantiOlsze	Tue Mar 02 13:31:25 +0000 2021	2	0	@guido__ce @elmursa2 @otro_coso Retrasos hay seguro. No revisé parte por parte el de cada provincia para comparar. En PBA es muy grande y te mueve mucho los números del país.	https://twitter.com/SantiOlsze/status/1366742943516815363	[]
SantiOlsze	Tue Mar 02 13:09:27 +0000 2021	228	50	En Argentina, el 2% de la población está vacunada con al menos una dosis contra el coronavirus. CABA tiene al 3% de su población vacunada y La Pampa está muy cerca de ese valor. La Provincia de Buenos Aires ya aplicó 495.010 dosis (2.2%). https://t.co/8Ysn66SuuY	https://twitter.com/SantiOlsze/status/1366737415252099072	[]
SantiOlsze	Mon Mar 01 22:06:02 +0000 2021	234	28	Excelente noticia! Entre los dos vuelos son 1.250.000 dosis de Sputnik V las que llegaron en estos días. https://t.co/C6aB7vSsWl	https://twitter.com/SantiOlsze/status/1366510062324301831	[]
SantiOlsze	Mon Mar 01 14:31:47 +0000 2021	2	0	@ms_arg @lauti_babi Si hay una vacuna similar que con una dosis tiene una eficacia buenísima (medida en la fase 3 de J&amp;J y con lo que FDA aprueba), es bastante probable que SpV y AZ tengan eficacia parecida con una sola dosis. Solo que no se midió porque no se hizo fase 3 con monodosis.	https://twitter.com/SantiOlsze/status/1366395748582125574	[]
SantiOlsze	Mon Mar 01 14:30:58 +0000 2021	2	0	@ms_arg @lauti_babi Es una vacuna contra el mismo antígeno y con diseño similar. SpV y AZ decidieron hacerla a dos dosis. J&amp;J, tal vez para zafar que venía tarde en la carrera, lo lanzó a una dosis. No quiere decir que SpV y AZ no sirvan a monodosis, solo se midió su eficacia con dos.	https://twitter.com/SantiOlsze/status/1366395543069597698	[]
SantiOlsze	Mon Mar 01 14:16:29 +0000 2021	254	34	Con la vacuna de J&amp;J monodosis aprobada y eficacia altísima para casos graves-muerte, ¿no es hora de volver a tener la discusión sobre postergar la segunda dosis de aquellas vacunas en que son idénticas ambas para priorizar vacunar a más personas?	https://twitter.com/SantiOlsze/status/1366391897057550338	[]
SantiOlsze	Mon Mar 01 13:34:00 +0000 2021	2	0	@AbueloHo 4 de las aplicadas calculé, jeje	https://twitter.com/SantiOlsze/status/1366381208683315201	[]
SantiOlsze	Mon Mar 01 13:15:27 +0000 2021	0	0	@elcuevass 4 / 158374 * 100 = 0.00252566709	https://twitter.com/SantiOlsze/status/1366376538145509378	[]
SantiOlsze	Mon Mar 01 13:03:09 +0000 2021	389	16	Ya se aplicaron 158.374 de las 580.000 dosis de CoviShield (AZ - India) que llegaron al país. El 0.0025% fueron para mis cuatro abuelos (&gt; 80) y no podría estar más contento.	https://twitter.com/SantiOlsze/status/1366373443122442240	[]
SantiOlsze	Mon Mar 01 10:56:15 +0000 2021	325	77	Hoy hace un año llegaba a la Argentina desde Milán quien sería el primer caso detectado de coronavirus en el país dos días después. Un año después, detectamos más de 2 millones de casos de coronavirus y murieron más de 50.000 personas. https://t.co/3oir0aZeTT	https://twitter.com/SantiOlsze/status/1366341506169266182	[]
SantiOlsze	Mon Mar 01 01:58:17 +0000 2021	21	11	En Argentina fallecieron con coronavirus más de cien menores de 18 años. No tenemos información de patologías de base en los datos públicos como para hilar más fino. https://t.co/PM7G9HJ4oQ	https://twitter.com/SantiOlsze/status/1366206124916146178	[]
SantiOlsze	Mon Mar 01 01:46:25 +0000 2021	3	0	@plenque Absolutamente.	https://twitter.com/SantiOlsze/status/1366203136629694466	[]
SantiOlsze	Mon Mar 01 00:37:53 +0000 2021	14	1	@_Mulva @ernestorr Y entre los cien pibes en el recreo circula tranqui. Solo estás frenanado a un vector de los cien. El virus esquiva y pasa por otro lado.	https://twitter.com/SantiOlsze/status/1366185890880630784	[]
SantiOlsze	Sun Feb 28 23:56:51 +0000 2021	46	2	@ernestorr ¿Y bastantes menos si son 1 millón de docentes, no?  🤐	https://twitter.com/SantiOlsze/status/1366175563791106048	[]
SantiOlsze	Fri Feb 26 16:39:16 +0000 2021	0	0	@alm2025 PBA tiene muchas más aplicadas que lo que dice el monitor.	https://twitter.com/SantiOlsze/status/1365340669062045697	[]
SantiOlsze	Fri Feb 26 16:32:37 +0000 2021	99	7	Rusia se vuelve a comprometer con el envío de un millón de dosis por semana. ¿La segunda será la vencida? 🤞 https://t.co/HZTGoEx4IZ	https://twitter.com/SantiOlsze/status/1365338992858791940	[]
SantiOlsze	Fri Feb 26 14:14:27 +0000 2021	23	4	Como anticipaba, fuerte actualización de carga en CABA que también rompe la barrera del 2% y lidera junto con La Pampa en la aplicación de segundas dosis. https://t.co/skxJPS68RU	https://twitter.com/SantiOlsze/status/1365304221298475009	[]
SantiOlsze	Fri Feb 26 00:07:02 +0000 2021	57	10	Muchos distritos parecen tener demoras en la carga de vacunados. Ese evidente en PBA, donde sus datos propios dan cuenta de un avance mucho más allá. Lo mismo pasaría en CABA, dado que hubo muy poca carga en los últimos días.	https://twitter.com/SantiOlsze/status/1365090965212520456	[]
SantiOlsze	Thu Feb 25 23:56:57 +0000 2021	872	187	"¡Un millón de dosis aplicadas! 

La Argentina ya aplicó 1 000 434 dosis de vacunas contra el coronavirus. El 1,6% de la población recibió al menos una dosis. La Pampa. Neuquén y Río Negro superan el 2% mientras que PBA y Santa Cruz están muy cerca de superar esa barrera. https://t.co/zZV02IgHLd"	https://twitter.com/SantiOlsze/status/1365088425074970625	[]
SantiOlsze	Thu Feb 25 00:25:24 +0000 2021	334	64	El Senado convirtió en Ley el plan de cuadruplicar gradualmente la inversión en CyT para llegar al 1% del PBI en 2032 👏🏼 https://t.co/IVCYFx9oOm	https://twitter.com/SantiOlsze/status/1364733195808301060	[]
SantiOlsze	Wed Feb 24 23:39:43 +0000 2021	3	0	@quiquebollati @rquiroga777 @norabar @Andrea_Gentil Está muy bueno. Ojo con el fuerte atraso de PBA en la carga de primeras dosis aplicadas.	https://twitter.com/SantiOlsze/status/1364721699426566149	[]
SantiOlsze	Tue Feb 23 16:46:45 +0000 2021	1	0	@Rodri_LP Linda tendencia! Lo sacas a mano de la sala de situación?	https://twitter.com/SantiOlsze/status/1364255388217073668	[]
SantiOlsze	Tue Feb 23 13:50:55 +0000 2021	42	22	La PBA tiene un sistema de registro propio que parece estar más actualizado. Según el mismo, ya se aplicaron 252.215 primeras dosis que cubren al 1.44% de la población. https://t.co/ksscSliVrO	https://twitter.com/SantiOlsze/status/1364211136971825156	[]
SantiOlsze	Tue Feb 23 13:48:46 +0000 2021	2	0	@ndchiariello @MatiSBlanco Gracias a ambos. Ahí lo aclaro.	https://twitter.com/SantiOlsze/status/1364210594463809540	[]
SantiOlsze	Tue Feb 23 13:26:53 +0000 2021	325	76	Se aplicaron 746.615 dosis de vacunas (99.5% Sputnik V) contra el COVID-19 en Argentina. Más del 1% de la población del país recibió su primera dosis. La Pampa ya superó el 2% y se acercan al mismo valor Neuquén y CABA. https://t.co/c56UFSiPCu	https://twitter.com/SantiOlsze/status/1364205089922121729	[]
SantiOlsze	Fri Feb 12 13:31:29 +0000 2021	2117	340	Para distender: ya hay más dosis de Sputnik V aplicadas en el país que votos a Del Caño o Espert en 2019. Vamos por Lavagna. https://t.co/UEArx9ygGZ	https://twitter.com/SantiOlsze/status/1360219978478350340	[]
SantiOlsze	Fri Feb 12 12:31:50 +0000 2021	199	40	Excelente noticia la media sanción a la Ley de Financiamiento del Sistema Nacional de CyT. Crecimiento sostenido a mediano plazo para llevar la inversión anual al 1% del PBI en 2032, cuando nunca superó el 0,35%. La CyT deberá crecer, no importa quién gobierne. https://t.co/iIUqZa2g0E	https://twitter.com/SantiOlsze/status/1360204967722770432	[]
SantiOlsze	Fri Feb 12 00:39:22 +0000 2021	177	32	Un mes de casos a la baja en CABA y PBA. La positividad de los testeos también viene bajando a la par. https://t.co/4hJg1PedSo	https://twitter.com/SantiOlsze/status/1360025671968423941	[]
SantiOlsze	Thu Feb 11 21:57:55 +0000 2021	1	2	¿En qué contexto epidemiológico respecto al COVID-19 te sentís más seguro/a?  Con curva ...	https://twitter.com/SantiOlsze/status/1359985038704726019	[]
SantiOlsze	Thu Feb 11 11:59:53 +0000 2021	2	0	@alesitoide Escribir un tuit, hacer Ctrl-F de doble espacios, corregir, tuitear.	https://twitter.com/SantiOlsze/status/1359834540521517056	[]
SantiOlsze	Tue Feb 09 20:53:02 +0000 2021	0	0	"@morhijo @serrggio @msalnacion ¿Triunfalismo? ¿Dónde? ¿Por usar el adverbio ""ya""?  Está discutiendo con lo que cree (equivocadamente) que yo pienso, no con lo que yo digo."	https://twitter.com/SantiOlsze/status/1359243935101632527	[]
SantiOlsze	Tue Feb 09 15:54:23 +0000 2021	1	0	@matiasminici @msalnacion Manejas datos desactualizados. Son 337772 primeras y 197531 segundas dosis aplicadas. Las puede consultar usted mismo en https://t.co/LdHWi8hK8P.	https://twitter.com/SantiOlsze/status/1359168778609823754	[]
SantiOlsze	Tue Feb 09 15:31:25 +0000 2021	0	0	"@morhijo @serrggio @msalnacion Se confundió usted solo, Prof Dr. Hablar de dosis totales no es falso, por favor. Tampoco hablemos pavadas. Puede ser ""mejor"" a gustó suyo usar otro número, pero es absolutamente verdadero el número del tuit y cómo está expresado."	https://twitter.com/SantiOlsze/status/1359162998984687623	[]
SantiOlsze	Tue Feb 09 11:07:15 +0000 2021	300	59	"Si todo sale como deseamos (y como cuenta @tunykollmann en Página 12) tendríamos que esperar:

- 400.000 Sputnik V antes del lunes 14.
- 580.000 AZ antes del martes 15.
- 1.000.000 Sputnik V por semana desde el lunes.
- 500.000 Sinopharm antes de fin de mes. 

¿Arrancamos? 💉❤️ https://t.co/U8Y6JrSo1i"	https://twitter.com/SantiOlsze/status/1359096519715147777	[]
SantiOlsze	Tue Feb 09 10:54:20 +0000 2021	429	127	Ya se aplicaron más de 500.000 dosis en Argentina. En vísperas del ingreso de aproximadamente 1 millón de dosis más (580.000 AstraZeneca, 400.000 Sputnik V) en la próxima semana, comparto nuevamente los grupos prioritarios y el orden propuesto por @msalnacion. https://t.co/F88m5Z1Gqh	https://twitter.com/SantiOlsze/status/1359093268357804035	[]
SantiOlsze	Mon Feb 08 18:56:08 +0000 2021	108	65	"""El FRID y el Instituto Gamaleya prometieron el envío esta semana de 400.000 dosis 1 antes del próximo lunes"" (...) ""AstraZeneca cumpliría esta misma semana con el envío también de la primera partida de las 580.000 dosis acordadas""  Ahora en @pagina12 
https://t.co/pOoY21M6hX"	https://twitter.com/SantiOlsze/status/1358852129054728194	[]
SantiOlsze	Mon Feb 08 15:03:40 +0000 2021	328	56	"Permitimos actividades con estrictos protocolos. 

Los estrictos protocolos: https://t.co/6z2RGITCWq"	https://twitter.com/SantiOlsze/status/1358793626277588992	[]
SantiOlsze	Sat Feb 06 21:51:47 +0000 2021	301	54	Llevamos tres semanas de baja consecutiva en los casos detectados. En CABA y en PBA los valores ya son similares a los de la última semana de 2020. https://t.co/wzoBMha3Y1	https://twitter.com/SantiOlsze/status/1358171557848301570	[]
SantiOlsze	Sat Feb 06 21:13:12 +0000 2021	104	36	Ya se aplicaron más de 500.000 dosis de Sputnik V en Argentina. El 0.7% de la población recibió una dosis y el 0.4%, las dos. En CABA, La Pampa y Tierra del Fuego, más del 1% de las personas recibió la primera dosis. https://t.co/jd3o418brO	https://twitter.com/SantiOlsze/status/1358161845786411008	[]
SantiOlsze	Sat Feb 06 13:41:19 +0000 2021	2	0	@pe_diazm @norabar @ernestorr @rquiroga777 @NicoOlsze @Andrea_Gentil @jorgeluisaliaga 🥺😃	https://twitter.com/SantiOlsze/status/1358048125508845569	[]
SantiOlsze	Thu Feb 04 00:36:08 +0000 2021	369	110	Argentina lleva aplicadas 420.130 dosis de Sputnik V. Son 288.860 primeras dosis y 131.270 segundas dosis. En Formosa, Catamarca y Jujuy más del 90% de los vacunados recibió ya sus dos dosis. https://t.co/xxTU1vqjJF	https://twitter.com/SantiOlsze/status/1357125755197661189	[]
SantiOlsze	Tue Feb 02 23:36:41 +0000 2021	2	0	@dagorret Yo también deseaba la publicación!	https://twitter.com/SantiOlsze/status/1356748406270668805	[]
SantiOlsze	Tue Feb 02 22:07:25 +0000 2021	1	0	@Spiousas Se celebra, claro!	https://twitter.com/SantiOlsze/status/1356725941259624449	[]
SantiOlsze	Tue Feb 02 21:36:31 +0000 2021	0	0	@melquiadess https://t.co/XnsBVGwv9o	https://twitter.com/SantiOlsze/status/1356718164365762562	[]
SantiOlsze	Tue Feb 02 21:07:04 +0000 2021	220	67	Dos meses más tarde, mismas datos y mismas conclusiones. Para quienes eran férreos anti-sputnik porque no estaban estos datos publicados, sepan que hicieron mella y lo mínimo que pueden hacer es duplicar el esfuerzo para militar a favor de esta y todas las vacunas. https://t.co/yHGgjg76VY	https://twitter.com/SantiOlsze/status/1356710751147347969	[]
SantiOlsze	Tue Feb 02 20:46:20 +0000 2021	2	0	@melquiadess Si, se agranda en los extremos.	https://twitter.com/SantiOlsze/status/1356705534385209349	[]
SantiOlsze	Tue Feb 02 20:45:20 +0000 2021	25	1	@ana34s54o Ya los tenía.	https://twitter.com/SantiOlsze/status/1356705283133816833	[]
SantiOlsze	Tue Feb 02 20:41:26 +0000 2021	108	30	Adicionalmente, 100% de eficacia en casos graves. Hubo  CERO casos moderados o severos en los casi 15.000 sujetos vacunados contra 20 en los casi 5000 del placebo.	https://twitter.com/SantiOlsze/status/1356704299779313666	[]
SantiOlsze	Tue Feb 02 20:35:56 +0000 2021	346	97	La eficacia de una vacuna se mide como el porcentaje de reducción de casos en el grupo vacunado respecto al placebo. La eficacia de Sputnik V es del 91.6%, muy similar a lo que decía el informe de recomendación de ANMAT en base a los informes que le enviara el Instituto Gamaleya. https://t.co/px0nXQumus	https://twitter.com/SantiOlsze/status/1356702915935764480	[]
SantiOlsze	Tue Feb 02 19:24:34 +0000 2021	2	0	@JTartaglione Grande, @JTartaglione! Abrazo 💉	https://twitter.com/SantiOlsze/status/1356684958530740224	[]
SantiOlsze	Tue Feb 02 13:25:01 +0000 2021	140	8	https://t.co/DQ53LfNUxx	https://twitter.com/SantiOlsze/status/1356594473355145216	[]
SantiOlsze	Tue Feb 02 12:32:30 +0000 2021	56	10	"Aparentemente, los datos que a ANMAT le parecieron excelentes con fines regulatorios también lo son a nivel científico-académico para The Lancet. 
https://t.co/4aJDhMz5xw"	https://twitter.com/SantiOlsze/status/1356581258718027776	[]
SantiOlsze	Tue Feb 02 12:05:00 +0000 2021	15	6	Desde hace unos meses predominan los casos detectados en mujeres y representan el 49,5% del total detectado a nivel país. Los hombres, el 49,2% y los casos sin sexo registrado el 1,2%. En algunas provincias, sin embargo, predominan los casos detectados en hombres. https://t.co/iUk7OH9w1l	https://twitter.com/SantiOlsze/status/1356574336245669890	[]
SantiOlsze	Tue Feb 02 10:45:50 +0000 2021	5	0	@MnavarraNick https://t.co/qArFwsMRBo	https://twitter.com/SantiOlsze/status/1356554413838651393	[]
SantiOlsze	Tue Feb 02 10:26:35 +0000 2021	74	6	¿Resultados de fase 3? ¿Aprobación en Europa? https://t.co/WSUrXH9BJK	https://twitter.com/SantiOlsze/status/1356549568985518080	[]
SantiOlsze	Mon Feb 01 22:56:27 +0000 2021	34	4	@fedepav Exacto. Se le suma menor positividad (más casos leves detectados) para configurar un rebrote de menos muertes por más que haya igual cantidad de casos.	https://twitter.com/SantiOlsze/status/1356375893137125377	[]
SantiOlsze	Mon Feb 01 22:26:55 +0000 2021	89	34	En PBA el fenómeno es similar. También pasaron a ser mayoría los sub30, aunque sin superar valores de 2020. Gran reducción en 30-60 y 20% menos casos en mayores de 60 años. https://t.co/5ieRXymg4I	https://twitter.com/SantiOlsze/status/1356368457655332866	[]
SantiOlsze	Mon Feb 01 22:26:54 +0000 2021	601	172	La segunda ola en CABA alcanzó la misma altura que la primera pero la distribución etaria fue muy diferente. Los sub-30 ahora son mayoría, cuando en la primera dominaban los de 30-45. Hay, además, 30% menos casos en el grupo de mayor letalidad, fundamental para ver menos muertes. https://t.co/CRcAWrRD7i	https://twitter.com/SantiOlsze/status/1356368453339406339	[]
SantiOlsze	Mon Feb 01 22:01:53 +0000 2021	88	26	Portugal se acerca a 30 muertos/millón diarios. En Argentina, el equivalente sería más de 1200 muertos por coronavirus por día. https://t.co/nxVoX89hc5	https://twitter.com/SantiOlsze/status/1356362158913843200	[]
SantiOlsze	Mon Feb 01 11:42:38 +0000 2021	11	3	Imprescindible hilo sobre barbijos. ¿Las claves? Calidad del filtro y ajuste. https://t.co/wNrnACMALc	https://twitter.com/SantiOlsze/status/1356206321369014279	[]
SantiOlsze	Sun Jan 31 23:24:08 +0000 2021	0	0	@M2March Uhhhh, decís ya todos me saltean? No niego que fue un finde calmo de notificaciones...	https://twitter.com/SantiOlsze/status/1356020471217709057	[]
SantiOlsze	Sun Jan 31 23:14:31 +0000 2021	33	8	Por supuesto, cada provincia tiene su realidad. Algunas están en sus valores máximos ahora (rojos) y otras los están dejando atrás (amarillo). Algunas nunca subieron hasta ahora y otras no bajaron nunca. https://t.co/RzVcWuCQwZ	https://twitter.com/SantiOlsze/status/1356018052144500738	[]
SantiOlsze	Sun Jan 31 23:14:31 +0000 2021	106	30	La primera ola de coronavirus en Argentina arrancó en CABA, pasó a PBA y luego estalló en el interior. La segunda, en cambio, viene siendo sincrónica. https://t.co/qvYckSsL4g	https://twitter.com/SantiOlsze/status/1356018049686638595	[]
SantiOlsze	Sun Jan 31 20:41:40 +0000 2021	1	0	@edemiguel Belleza	https://twitter.com/SantiOlsze/status/1355979585939189761	[]
SantiOlsze	Sun Jan 31 20:35:32 +0000 2021	29	2	Off topic: qué fruta noble la sudestada.	https://twitter.com/SantiOlsze/status/1355978041231552513	[]
SantiOlsze	Fri Jan 29 13:18:24 +0000 2021	1	0	@romanouks Me encantó ese plot! Pido permiso para replicarlo 👏🏼	https://twitter.com/SantiOlsze/status/1355143255063744512	[]
SantiOlsze	Fri Jan 29 11:47:00 +0000 2021	109	29	Llevamos ya dos semanas cerradas de lento descenso de casos a nivel nacional, en CABA y en PBA. Los máximos se registraron en la primera semana epidemiológica de 2021. https://t.co/LiW8LR33aE	https://twitter.com/SantiOlsze/status/1355120254679040000	[]
SantiOlsze	Fri Jan 29 01:28:13 +0000 2021	530	60	La TV arrancó con los invitados por videollamada, después los invitaron al piso a 3 metros de distancia y ahora ya se sientan directamente al lado. En marzo, a upa.	https://twitter.com/SantiOlsze/status/1354964534189051904	[]
SantiOlsze	Thu Jan 28 20:42:06 +0000 2021	1	0	@josujosuu Vos sabés que sí	https://twitter.com/SantiOlsze/status/1354892528542240771	[]
SantiOlsze	Thu Jan 28 17:03:29 +0000 2021	226	90	"Solo 54 de los más de 150 países del mundo comenzaron la vacunación. De mayor a menor según la cantidad de vacunas aplicadas:

75% de las vacunas aplicadas: 5 países.
🇺🇸🇨🇳🇬🇧🇮🇱🇦🇪

15% siguiente: 8 países.
🇮🇳🇩🇪🇮🇹🇹🇷🇪🇸🇧🇷🇫🇷🇷🇺

5% siguiente: 6 países.
🇵🇱🇨🇦🇲🇽🇷🇴🇷🇸🇦🇷

5% final: 35 países. https://t.co/N2Tqymx9or"	https://twitter.com/SantiOlsze/status/1354837511336566792	[]
SantiOlsze	Wed Jan 27 19:42:24 +0000 2021	45	18	El mundo que está vacunando (44 de 194 países) lo está haciendo a un ritmo mucho más lento del esperado y ansiado. Solo 3 países vacunaron a más del 10% de la población: Israel, Emiratos Árabes Unidos y el Reino Unido. https://t.co/lQ7lRxeHTv	https://twitter.com/SantiOlsze/status/1354515117556301832	[]
SantiOlsze	Wed Jan 27 19:42:23 +0000 2021	40	13	"Europa amenaza con restringir exportaciones de vacunas tras los problemas de producción de AstraZeneca y Pfizer.
https://t.co/P9sMQMey6o"	https://twitter.com/SantiOlsze/status/1354515113420726273	[]
SantiOlsze	Wed Jan 27 19:42:22 +0000 2021	38	12	"Italia envía carta de advertencia a Pfizer sobre las demoras en la vacuna COVID. 
https://t.co/htm9WPTJyc"	https://twitter.com/SantiOlsze/status/1354515111860432902	[]
SantiOlsze	Wed Jan 27 19:42:22 +0000 2021	39	18	"Madrid suspende la campaña de vacunación por dos semanas tras quedarse sin dosis. 
https://t.co/fMOvlH3QMg"	https://twitter.com/SantiOlsze/status/1354515110270816259	[]
SantiOlsze	Wed Jan 27 19:42:22 +0000 2021	180	31	Triste porque pensé por un momento que ibamos a zafar de los problemas de abastecimiento de vacunas que afectan a todo el mundo. No queda del todo claro cómo afectará a la Argentina pero sí que el cronograma de entrega de Sputnik V será reajustado. https://t.co/tcftkXxo8v	https://twitter.com/SantiOlsze/status/1354515107859017728	[]
SantiOlsze	Wed Jan 27 18:27:29 +0000 2021	2	0	@gdoratto https://t.co/FBFtnLdavZ	https://twitter.com/SantiOlsze/status/1354496266596724736	[]
SantiOlsze	Wed Jan 27 16:57:45 +0000 2021	6	1	@lucasmmedrano07 Tremendo el de NY	https://twitter.com/SantiOlsze/status/1354473684635967492	[]
SantiOlsze	Wed Jan 27 15:29:49 +0000 2021	0	0	@fran_landu Claro, mientras menos casos en mayores, mejor.	https://twitter.com/SantiOlsze/status/1354451553067954185	[]
SantiOlsze	Wed Jan 27 12:14:00 +0000 2021	144	61	Sigue profundizándose semana a semana una tendencia que adevertimos a principios de mes: los casos en menores de 30 años representan cada vez más proporción en los casos detectados acercándose al 40% (PBA) e incluso superándolo (CABA). https://t.co/lpaDfto0Js	https://twitter.com/SantiOlsze/status/1354402273611272193	[]
SantiOlsze	Tue Jan 26 20:12:37 +0000 2021	55	7	"Lo que no me queda claro cuando dicen que ""las clases son prioridad"" es por sobre qué otra cosa las están priorizando. https://t.co/80hD2JSGi2"	https://twitter.com/SantiOlsze/status/1354160333204697095	[]
SantiOlsze	Tue Jan 26 14:08:08 +0000 2021	421	116	Argentina superó las 300.000 dosis de Sputnik V aplicadas con 266969 primeras y 38911 segundas dosis. El avance de la aplicación de cada dosis por provincia, acá: https://t.co/zo05C78Zkp	https://twitter.com/SantiOlsze/status/1354068609895706624	[]
SantiOlsze	Tue Jan 26 13:01:54 +0000 2021	0	0	@Petupos Hola Pablo! Abrazo enorme. Saludos de la familia!	https://twitter.com/SantiOlsze/status/1354051942192979979	[]
SantiOlsze	Mon Jan 25 18:47:06 +0000 2021	1210	396	Desde 1980 a esta parte, la cobertura de vacunas para la poliomielitis pasó de menos del 50% a casi el 90%. Así, los casos anuales en el mundo bajaron de más de un 1.000.000 a menos de 1.000. Parece increible sentir la necesidad de decirlo todavía, pero las vacunas salvan vidas. https://t.co/tu23FJtyhC	https://twitter.com/SantiOlsze/status/1353776423639670788	[]
SantiOlsze	Mon Jan 25 12:35:13 +0000 2021	30	14	Gran Bretaña y Portugal son los dos países que más muertes por millón de habitantes reportan a diario en el mundo en los últimos días. https://t.co/3R2Olr0cV7	https://twitter.com/SantiOlsze/status/1353682840060383232	[]
SantiOlsze	Mon Jan 25 11:38:59 +0000 2021	4	0	"@rccflorencia Adhiero 1000%. Solo no le puedo perdonar ""Me haces bien"". Esa canción es demasiado hasta para él."	https://twitter.com/SantiOlsze/status/1353668686125658112	[]
SantiOlsze	Mon Jan 25 11:36:00 +0000 2021	24	8	"Acumulamos 1.867.223 casos con edad más frecuente en 29 años en hombres (50%) y mujeres (50%).

Fallecieron 46.827 personas de los cuales el 58% son hombres y el 42% mujeres. La edad más frecuente de fallecimiento por COVID es de 75 años en hombres y 87 en mujeres. https://t.co/2eEdvfyHuO"	https://twitter.com/SantiOlsze/status/1353667934846070784	[]
SantiOlsze	Sun Jan 24 15:20:44 +0000 2021	9	0	@FabricioDiazC No, capo. Vas a tardar un poco más en recibirte porque hay una fucking pandemia.	https://twitter.com/SantiOlsze/status/1353362104024227846	[]
SantiOlsze	Sat Jan 23 20:59:25 +0000 2021	221	13	Algunxs piensan que digo que las clases siguieron con total normalidad. LA VIDA cambió, mirá si un año de facu no va a ser diferente.	https://twitter.com/SantiOlsze/status/1353084949373591552	[]
SantiOlsze	Sat Jan 23 20:58:12 +0000 2021	6	0	@alesitoide Fíjate de matar los hipervínculos que tenga el archivo. A mí me pasó con las referencias, un garrón, pero le sacás la propiedad de click al link y va.	https://twitter.com/SantiOlsze/status/1353084641633304576	[]
SantiOlsze	Sat Jan 23 15:17:37 +0000 2021	0	0	@GiuliCioci No, claro que no todos tuvieron mi suerte. Sin embargo, la gran mayoría pudo avanzar con sus carreras durante una pandemia bestial. No hay que perder el foco del contexto, tampoco.	https://twitter.com/SantiOlsze/status/1352998931563745281	[]
SantiOlsze	Sat Jan 23 01:06:50 +0000 2021	23	0	@BioFaku Te regalo QAI yendo al laboratorio	https://twitter.com/SantiOlsze/status/1352784824709369857	[]
SantiOlsze	Fri Jan 22 23:51:53 +0000 2021	9077	839	Cursé mis últimas 3 materias y me recibí rindiendo los 7 finales que me faltaban en pandemia. La Universidad no tiene que abrir porque nunca cerró. https://t.co/dWAN45lR0I	https://twitter.com/SantiOlsze/status/1352765962068643840	[]
SantiOlsze	Fri Jan 22 13:55:08 +0000 2021	5	2	@dagorret Sí! https://t.co/unC0k3HrRR	https://twitter.com/SantiOlsze/status/1352615787673096193	[]
SantiOlsze	Fri Jan 22 12:41:27 +0000 2021	172	30	Después de 4 semanas de crecimiento consecutivo, la semana pasada tuvo menos casos que la anterior. Ansiemos que se consolide la tendencia y seamos prudentes, que sabemos lo rápido que puede cambiar todo. https://t.co/abbOPRTGPp	https://twitter.com/SantiOlsze/status/1352597241962393601	[]
SantiOlsze	Thu Jan 21 23:58:17 +0000 2021	5	0	@ernestorr @Andrea_Gentil Ojo, @ernestorr. Los Olsze somos hinchas de ferro.	https://twitter.com/SantiOlsze/status/1352405184727691264	[]
SantiOlsze	Thu Jan 21 20:14:51 +0000 2021	40	17	El 20 de enero, ayer, fue el nuevo récord de muertes diarias reportadas a nivel mundial por coronavirus. Fueron 17549 fallecimientos. 8 de los 10 días con más muertes, incluyendo los 4 valores más altos, fueron en enero. https://t.co/BXSpxkJ3PB	https://twitter.com/SantiOlsze/status/1352348955628208131	[]
SantiOlsze	Thu Jan 21 11:16:11 +0000 2021	0	0	@PabloRichly Por ahora no. Por eso hice la aclaración. Armé una visualización que quede para ir comparando el avance de la vacunación. En definitiva, para que deje de circular el virus sí es relevante el % de población vacunada.	https://twitter.com/SantiOlsze/status/1352213395924275200	[]
SantiOlsze	Thu Jan 21 11:10:08 +0000 2021	0	0	@PabloRichly Un comentario: no se repartió por población sino por cantidad estimada de personal de salud. Para mí, es más un medida de personal de salud / 100hab que otra cosa. Por ahora, al menos. Pero lo mismo debería pasar con los grupos de riesgo por la pirámide poblacional de CABA.	https://twitter.com/SantiOlsze/status/1352211875753242625	[]
SantiOlsze	Thu Jan 21 01:51:45 +0000 2021	604	195	Argentina lleva 243.539 primeras dosis y 4.394 segundas dosis aplicadas de @sputnikvaccine y lidera en Latinoamérica el ranking de porcentaje de población vacunada. En el gráfico, el porcentaje y la cantidad de dosis aplicadas por provincia. https://t.co/bToqT6l6Kp	https://twitter.com/SantiOlsze/status/1352071353898323969	[]
SantiOlsze	Wed Jan 20 22:10:02 +0000 2021	2	1	@martinschus Asincrónicas pero no logran bajar del todo y varios vuelven a subir. https://t.co/B1XafDiovT	https://twitter.com/SantiOlsze/status/1352015555885207552	[]
SantiOlsze	Wed Jan 20 22:02:31 +0000 2021	3	1	Si no me falla la memoria, fue a @martinschus.	https://twitter.com/SantiOlsze/status/1352013666439327755	[]
SantiOlsze	Wed Jan 20 22:01:40 +0000 2021	79	18	"En septiembre empezaron a subir los casos en Europa y le dije a alguien acá que mi miedo no era tanto el ""pico agudo"" como en la primera ola sino una curva que crece lento y se ameseta muy alto, como le pasó a Argentina. Ahora se ve clarito: valores máximos hace más de dos meses. https://t.co/jZc6Ror4u5"	https://twitter.com/SantiOlsze/status/1352013449459601408	[]
SantiOlsze	Wed Jan 20 11:43:00 +0000 2021	18	5	Las curvas de casos por provincia en los últimos 60 días por fecha de diagnóstico y los dos indicadores propuestos para vigilar el avance de la pandemia: razón de casos e incidencia cada 100.000 habitantes. https://t.co/26LuLeHi0C	https://twitter.com/SantiOlsze/status/1351857757130006528	[]
SantiOlsze	Wed Jan 20 02:14:26 +0000 2021	45	4	@melquiadess ¿Acá es cuando te dicen que escuelas cerradas y casinos abiertos no da, vos les decís que hay que cerrar todo y después retrucan hablando de libertad?	https://twitter.com/SantiOlsze/status/1351714671859011584	[]
SantiOlsze	Tue Jan 19 15:10:20 +0000 2021	118	33	"Cuando uno confía en los responsables locales, el miedo está en que la otra parte no cumpla. Ya están las primeras 5 millones de vacunas Sputnik V para ir a buscarlas y, con eso, un enorme alivio. Abran paso que tenemos que vacunar💉❤️.
https://t.co/H1206bj41E"	https://twitter.com/SantiOlsze/status/1351547547752542211	[]
SantiOlsze	Tue Jan 19 12:06:00 +0000 2021	103	43	"Comparando con el peor momento tenemos hoy:

En CABA

- 35% más casos en menores de 30 años.
- 10% menos casos entre 30 y 60 años.
- 35% menos en mayores de 60 años.

En PBA

- 10% menos en menores de 30 años.
- 35% menos entre 30 y 60 años.
- 20% menos en mayores de 60 años. https://t.co/oeU6xKjlsW"	https://twitter.com/SantiOlsze/status/1351501157563158530	[]
SantiOlsze	Tue Jan 19 11:46:01 +0000 2021	4	0	@Sr_Basta Por ahora figura en 0, pero aparentemente está empezando.	https://twitter.com/SantiOlsze/status/1351496131331710979	[]
SantiOlsze	Tue Jan 19 11:20:47 +0000 2021	49	18	El mapa de porcentaje de población vacunada y más información se puede consultar en https://t.co/whkfeTMac9 https://t.co/E7DPwYrKkO	https://twitter.com/SantiOlsze/status/1351489777330245632	[]
SantiOlsze	Tue Jan 19 11:17:42 +0000 2021	133	37	Son 40 los países que ya comenzaron la vacunación, con Israel y los Emiratos Árabes Unidos liderando en porcentaje de población vacunada. En América, solo 6 países comenzaron la vacunación. Estados Unidos, Canadá, Costa Rica, México, Argentina y Chile. https://t.co/fRF5EzjCai	https://twitter.com/SantiOlsze/status/1351489002529026049	[]
SantiOlsze	Tue Jan 19 00:57:49 +0000 2021	35	17	Las curvas de casos para residentes en los departamentos de la Costa Argentina. Recordemos: porteño que se infecta en Pinamar y se detecta en Pinamar cuenta como caso para CABA en este análisis. No podemos aún saber el lugar de carga de cada caso a nivel de departamento. https://t.co/wO81HNIXqR	https://twitter.com/SantiOlsze/status/1351333005424553984	[]
SantiOlsze	Mon Jan 18 16:52:39 +0000 2021	3	0	@rquiroga777 @igncferreiro @FedeBarabas @Rodri_LP Eso!	https://twitter.com/SantiOlsze/status/1351210906353594378	[]
SantiOlsze	Mon Jan 18 16:32:27 +0000 2021	2	0	"@FedeBarabas @igncferreiro @rquiroga777 @Rodri_LP Lo que era contradictorio era lo que mostraba a nivel provincial con esto
https://t.co/RJKV9bRrlj"	https://twitter.com/SantiOlsze/status/1351205824589398019	[]
SantiOlsze	Sun Jan 17 18:11:03 +0000 2021	2	0	@marinaofernan Sí, coincido. Además, mejoró (no muchísimo pero algo) el tema testeo y se pescan más asintomáticos.	https://twitter.com/SantiOlsze/status/1350868249198665731	[]
SantiOlsze	Sun Jan 17 17:51:13 +0000 2021	3	0	@marinaofernan Lo puedo armar y compartirlo! Está bueno. Igualmente, más allá del valor absoluto y cuál es es el bloque de 15 años con más incidencia, para mí lo más llamativo es la tendencia.	https://twitter.com/SantiOlsze/status/1350863259155501056	[]
SantiOlsze	Sun Jan 17 13:56:54 +0000 2021	2208	297	Africanizado conurbano https://t.co/omoCEFHUUc	https://twitter.com/SantiOlsze/status/1350804292903571457	[]
SantiOlsze	Sun Jan 17 13:53:39 +0000 2021	32	14	Esta semana tuvimos los dos máximos históricos de muertes por coronavirus reportadas a nivel mundial. Se informaron 17.330 el martes y 16.378 el miércoles, a un promedio de casi 12 muertes por minuto. https://t.co/XFKX2cTYzf	https://twitter.com/SantiOlsze/status/1350803474917822464	[]
SantiOlsze	Sun Jan 17 13:46:22 +0000 2021	42	19	En CABA y PBA este switch se dio antes y es más marcado que a nivel nacional. https://t.co/VO8yCgkAYQ	https://twitter.com/SantiOlsze/status/1350801639419097089	[]
SantiOlsze	Sun Jan 17 13:46:21 +0000 2021	305	139	Se consolidó la tendencia que empezaba a verse hace un par de semanas: los menores de 30 años representan el mayor porcentaje de casos detectados por primera vez a nivel nacional al compararlos con los grupos 30-45, 45-60 y 60+. https://t.co/3jfGXAGIhB	https://twitter.com/SantiOlsze/status/1350801637347119104	[]
SantiOlsze	Sat Jan 16 17:14:56 +0000 2021	3	0	@Luciencia_ Felicitaciones!!!!!!!	https://twitter.com/SantiOlsze/status/1350491742387253249	[]
SantiOlsze	Fri Jan 15 15:03:27 +0000 2021	25	8	¿Segunda ola? En Santa Cruz los casos no bajaron nunca. Ahora está en sus valores máximos donde aproximadamente uno de cada 800 habitantes tuvo diagnóstico confirmado de COVID-19 en los últimos 14 días. https://t.co/3qozhhHqoM	https://twitter.com/SantiOlsze/status/1350096262922698756	[]
SantiOlsze	Thu Jan 14 14:09:12 +0000 2021	0	0	@paupKa @Andrea_Gentil El de CABA está bastante bien. Salvo por la curva de fallecidos que es ilegible y porque no hay chances de que el número total de camas sea tan redondo, tiene bastante data. El de PBA entra en un tuit de texto, para saber algo hay que entrar a la Sala de Situación.	https://twitter.com/SantiOlsze/status/1349720222111059972	[]
SantiOlsze	Thu Jan 14 00:23:32 +0000 2021	2	0	@plenque @MgigB @rusosnith @gcba @BAinnovacion Jaja si! Me lo mandó @Rodri_LP y solo lo repliqué para las diferentes provincias. No descubrí nada.	https://twitter.com/SantiOlsze/status/1349512438346100737	[]
SantiOlsze	Wed Jan 13 23:17:31 +0000 2021	52	17	En PBA, como no hay un operativo tan marcado de testeo a un grupo de personas no sospechosas, no se ven tantas diferencias entre sectores y la positividad general es del 35%. En privados, del 40%. https://t.co/ZyBZ59HUU9	https://twitter.com/SantiOlsze/status/1349495825429311490	[]
SantiOlsze	Wed Jan 13 23:17:30 +0000 2021	310	123	"La ""nueva"" es decir que hay más casos en CABA porque se testea más. Una manera simple de ver que NO es así es ver la positividad del sector privado, que no se ve afectada por el operativo de testeo a viajeros. La positividad ahí es mayor al 30% y viene subiendo desde diciembre. https://t.co/UT8EIfSXni"	https://twitter.com/SantiOlsze/status/1349495820824018944	[]
SantiOlsze	Wed Jan 13 22:23:03 +0000 2021	53	26	La cantidad de camas de terapia intensiva ocupadas por pacientes con coronavirus ya supera el valor de hace un mes y se aleja del mínimo al que llegó el 26/12. https://t.co/MvSisUnw6R	https://twitter.com/SantiOlsze/status/1349482117248524290	[]
SantiOlsze	Wed Jan 13 22:18:00 +0000 2021	2	0	"@sofi_ag_99 @carlavizzotti Están los dos problemas, en mi opinión.

(1) Cómo dicen lo que dicen
(2) Qué dicen los otros que dijeron

Titular ""marcha atrás"" y ""cortocircuito"" es mucho más (2) que (1). Coincido en que no hacía falta decirlo y menos en ese contexto, pero el escándalo, de nuevo, fue por (2)."	https://twitter.com/SantiOlsze/status/1349480847779487746	[]
SantiOlsze	Wed Jan 13 21:57:50 +0000 2021	68	8	Si yo estoy pensando en tal vez cortarme el pelo y al final no me lo corto, ¿es una marcha atrás? ¿Una contradicción? Porque eso hicieron con @carlavizzotti y la cuestión de diferir la segunda dosis. Y sí, era diferirla en el tiempo, no dejar de darla.	https://twitter.com/SantiOlsze/status/1349475770029191168	[]
SantiOlsze	Wed Jan 13 16:25:32 +0000 2021	1	0	@ViggianoMila ❤️	https://twitter.com/SantiOlsze/status/1349392145388601344	[]
SantiOlsze	Wed Jan 13 15:42:29 +0000 2021	1	0	@plenque @rquiroga777 Sí, abosolutamente.	https://twitter.com/SantiOlsze/status/1349381312411529216	[]
SantiOlsze	Wed Jan 13 15:38:59 +0000 2021	4	0	@rquiroga777 @plenque Ojo, solo para viajeros es eso, Rodri. Para casos sospechosos está bien (PCR a negativos de antígeno) y tendría sentido que los positivos de antígeno vayan a esa misma cuenta sin PCR.	https://twitter.com/SantiOlsze/status/1349380431846789122	[]
SantiOlsze	Wed Jan 13 14:36:00 +0000 2021	137	72	Así está el panorama por provincia de los indicadores que planteó el Gobierno y sus umbrales. Aquellos en rojo exceden el 20% de crecimiento quincenal o la incidencia de 150 casos/100.000 habitantes. https://t.co/1bGrCnFRou	https://twitter.com/SantiOlsze/status/1349364578908475392	[]
SantiOlsze	Wed Jan 13 11:32:00 +0000 2021	48	14	La curva de casos diarios en PBA 📈, totales y separados por franja etaria. https://t.co/WkozdB45R7	https://twitter.com/SantiOlsze/status/1349318273922461696	[]
SantiOlsze	Wed Jan 13 11:31:00 +0000 2021	35	10	La curva de casos diarios en CABA 📈, totales y separados por franja etaria. https://t.co/tGG2QGeiIR	https://twitter.com/SantiOlsze/status/1349318022159159299	[]
SantiOlsze	Wed Jan 13 01:38:19 +0000 2021	2	0	@MenendezPepe Está creciendo mucho. Lo de Irlanda, igualmente, es impresionante.  CABA alrededor del 50% semanal en los últimos días. PBA un poco menos pero también alto. https://t.co/9rODlaYx7y	https://twitter.com/SantiOlsze/status/1349168868921630721	[]
SantiOlsze	Wed Jan 13 01:28:30 +0000 2021	4	0	@DrLucasArriola Поехали!	https://twitter.com/SantiOlsze/status/1349166398665338880	[]
SantiOlsze	Wed Jan 13 01:21:37 +0000 2021	4	2	"@ViggianoMila Para mi el problema está ahí. Ya hay ""restricciones"". Acortaron dos horas el horario nocturno... No me queda claro qué pasa si no mejora la situación con las medidas tomadas ni cuánto changüí tienen para corregir."	https://twitter.com/SantiOlsze/status/1349164665474002946	[]
SantiOlsze	Wed Jan 13 01:18:03 +0000 2021	8	3	@ViggianoMila Pésimo en ambas, como muchas provincias. CABA rondando el 100% más que los últimos 14 días y 500 casos/100.000 habitantes. Mañana lo hago y lo publico.	https://twitter.com/SantiOlsze/status/1349163770292166657	[]
SantiOlsze	Wed Jan 13 01:01:10 +0000 2021	136	71	Todos los barrios porteños (y todos los municipios del Conurbano) están en sus valores máximos de casos detectados los últimos dos meses. Adicionalmente, varios barrios de CABA están en sus valores máximos históricos: Palermo, Belgrano y Recoleta, entre otros. https://t.co/XONOtpod7z	https://twitter.com/SantiOlsze/status/1349159519243423745	[]
SantiOlsze	Wed Jan 13 00:29:17 +0000 2021	1	0	@AgNoiz 60.000, pero difícil comparar por el testeo.	https://twitter.com/SantiOlsze/status/1349151495871197185	[]
SantiOlsze	Tue Jan 12 22:45:25 +0000 2021	6	0	"@alesitoide Tal vez es una remera de ""No, no está bien. Está mal"""	https://twitter.com/SantiOlsze/status/1349125359875338240	[]
SantiOlsze	Tue Jan 12 22:40:24 +0000 2021	123	47	"Con la variante del Reino Unido (aka ""la nueva cepa"") volviéndose mayoritaria, la curva de casos de Irlanda crece casi vertical. Solo para comparar la tendencia, agrego la de Argentina. https://t.co/hFCEEBcjK8"	https://twitter.com/SantiOlsze/status/1349124096865562624	[]
SantiOlsze	Tue Jan 12 15:10:59 +0000 2021	3	0	@juanugalde1973 Leé tu primer tweet y fijate si el tono no era insultante y desmerecedor. Creo comunicar (siempre con mi opinión, por supuesto) en forma responsable. Podemos discutir si mi opinión es acertada o no, tal vez intercambios de 140 caracteres no sirva pero tengo el chat abierto.	https://twitter.com/SantiOlsze/status/1349010994765430795	[]
SantiOlsze	Tue Jan 12 15:01:57 +0000 2021	3	0	@LeDeEstocolmo77 Coincido, salvo en la agresión final. ¿Qué hacemos para que vuelvan? ¿Dejamos que la curva crezca y los chicos vayan a la escuela, se contagien y contagien a sus padres? ¿O hacemos un esfuerzo todos para que la curva baje y los chicos vayan en un contexto más seguro a estudiar?	https://twitter.com/SantiOlsze/status/1349008721339412481	[]
SantiOlsze	Tue Jan 12 14:56:07 +0000 2021	1	0	@juanugalde1973 Me dijiste que hablo pseudocientíficamente sin saber nada de microbiología y de patogénesis. No me jacto de tener credenciales de nada. Además, si no se puede opinar en twitter...	https://twitter.com/SantiOlsze/status/1349007254129930241	[]
SantiOlsze	Tue Jan 12 14:41:35 +0000 2021	4	0	@juanugalde1973 Soy bioquímico así que de todo eso  algo sé. No hay nada pseudocientífico en lo que digo.	https://twitter.com/SantiOlsze/status/1349003597623787524	[]
SantiOlsze	Tue Jan 12 13:45:19 +0000 2021	3	0	"@CulebraRH Por ahora no hay ""apuro"" porque tenemos 300.000 dosis. Cuando lleguen millones, ahí se pondrá prueba al sistema y su preparación. Antes de ver qué pasa no podemos criticar la ""falta de preparación""."	https://twitter.com/SantiOlsze/status/1348989437817061382	[]
SantiOlsze	Tue Jan 12 13:00:30 +0000 2021	11	4	"Reino Unido por día:

- 60.000 casos
- 1000 fallecidos
- 3000 hospitalizados en UTI
- Tests a casi el 1% de la población (600.000)
- 13% de positividad https://t.co/0Vt8s3uc1L"	https://twitter.com/SantiOlsze/status/1348978157278396416	[]
SantiOlsze	Tue Jan 12 12:36:05 +0000 2021	1119	243	"""Argentina rezagada"" en la vacunación para La Nación. Argentina es uno de los pocos países que empezó la vacunación y el país que más vacunó de América Latina y de todo el Hemisferio Sur. ¿Más lento de lo que nos gustaría? Claro que sí. ¿Más que muchos países? También. https://t.co/iMJvXy8HUw"	https://twitter.com/SantiOlsze/status/1348972015567466498	[]
SantiOlsze	Tue Jan 12 11:53:18 +0000 2021	2	0	@GGonzalezMoreno @ernestorr @NicoOlsze @rquiroga777 Gracias!💪🏼	https://twitter.com/SantiOlsze/status/1348961246603862017	[]
SantiOlsze	Tue Jan 12 11:31:47 +0000 2021	5	0	@leonardo_avila_ En muchos lugares hubo clases suspendidas, sobretodo en  Latinoamérica. Te recomiendo las reflexiones de @rquiroga777 y @SolAndaluz al respecto de la vuelta a clases.  https://t.co/4SV4HVsmj7	https://twitter.com/SantiOlsze/status/1348955831384092674	[]
SantiOlsze	Tue Jan 12 11:23:24 +0000 2021	160	48	Sube la curva en menores de 18 años como todas las demás. ¿Alcanza solo con vacunar a los docentes para volver a las aulas? En mi opinión, la única manera es reducir la circulación viral. El resto es chamuyo. https://t.co/JwlWvRsr5R	https://twitter.com/SantiOlsze/status/1348953724425793536	[]
SantiOlsze	Mon Jan 11 22:42:26 +0000 2021	212	80	Estados Unidos: 2.000.000 de tests y 4000 muertos por día. https://t.co/PWDP6Awtpz	https://twitter.com/SantiOlsze/status/1348762218633035778	[]
SantiOlsze	Mon Jan 11 18:21:13 +0000 2021	1	0	@tomaswainer Personal de salud! Al menos yo no ví iniciativa aún para mayores. Espero ansioso.	https://twitter.com/SantiOlsze/status/1348696481478406144	[]
SantiOlsze	Mon Jan 11 18:04:04 +0000 2021	673	7	Mamá vacunada ❤️💉 https://t.co/f6BhatzDeM	https://twitter.com/SantiOlsze/status/1348692166814670852	[]
SantiOlsze	Mon Jan 11 17:57:38 +0000 2021	1	0	@otrovega jajajaja, YA se la estoy mandando.	https://twitter.com/SantiOlsze/status/1348690548291416065	[]
SantiOlsze	Mon Jan 11 14:26:27 +0000 2021	16	0	@MarianaLestelle Y hay gente a la que le molesta eso! Qué lindo mi país.	https://twitter.com/SantiOlsze/status/1348637402236116994	[]
SantiOlsze	Mon Jan 11 12:55:00 +0000 2021	554	328	"Desde principios de diciembre los casos nuevos en CABA...

- Se triplicaron en mayores de 60.
- Se cuadriplicaron en personas de 30-60.
- Se quintuplicaron en menores de 30, alcanzando el máximo valor en toda la pandemia. https://t.co/LRmTNATXsb"	https://twitter.com/SantiOlsze/status/1348614385699151873	[]
SantiOlsze	Mon Jan 11 01:52:12 +0000 2021	7	0	@segurodelluvia Lo ví. Debería ser así por todos lados y prohibir el adentro.	https://twitter.com/SantiOlsze/status/1348447588014575621	[]
SantiOlsze	Sun Jan 10 23:41:23 +0000 2021	0	0	@Dvargen1 @NicoOlsze @MgigB Si! Un desastre	https://twitter.com/SantiOlsze/status/1348414668092682243	[]
SantiOlsze	Sun Jan 10 23:28:17 +0000 2021	408	38	En enero se vacía la CABA, incluso en pandemia. ¿Tan loco es pedir que corten calles para que todos los gastronomicos y similares atiendan solo al aire libre?	https://twitter.com/SantiOlsze/status/1348411371839479808	[]
SantiOlsze	Sun Jan 10 22:10:18 +0000 2021	151	84	Empieza a verse la segunda ola en la ocupación de camas de terapia intensiva por coronavirus. Ya estamos en valores similares a un mes atrás después de haber llegado a un mínimo de 3262 el 26/12. https://t.co/RCZT2DXJqZ	https://twitter.com/SantiOlsze/status/1348391743809531907	[]
SantiOlsze	Sun Jan 10 21:32:00 +0000 2021	3	0	@NicoOlsze @MgigB @Dvargen1 https://t.co/wJBj1d5kTl	https://twitter.com/SantiOlsze/status/1348382106515345408	[]
SantiOlsze	Sun Jan 10 21:18:47 +0000 2021	36	6	América Latinova https://t.co/RuPVRuhyKE	https://twitter.com/SantiOlsze/status/1348378779052290048	[]
SantiOlsze	Sun Jan 10 21:13:00 +0000 2021	25	14	Bogotá, Colombia, con el 90% de sus camas UTI ocupadas. Pueden explorar más en este excelente sitio que recién me compartieron:  https://t.co/bZiPFPpfQE https://t.co/VP9UcWVMUQ	https://twitter.com/SantiOlsze/status/1348377323616292868	[]
SantiOlsze	Sun Jan 10 20:11:58 +0000 2021	134	74	COVID-19 en Sudamérica en los últimos dos meses. En rojo, los países que tuvieron el máximo de ese período en los últimos 15 días. https://t.co/oVnKNKaMVX	https://twitter.com/SantiOlsze/status/1348361966801346562	[]
SantiOlsze	Sun Jan 10 18:22:28 +0000 2021	9	3	Enorme trabajo del @ProyectoPAIS4 ! https://t.co/UZEO0YWBJU	https://twitter.com/SantiOlsze/status/1348334410156941314	[]
SantiOlsze	Sun Jan 10 12:56:52 +0000 2021	218	139	Casi 10 personas mueren por coronavirus POR MINUTO en el mundo. La curva de muertes a nivel mundial está en sus valores máximos desde fines de diciembre. https://t.co/uu72q6tzLv	https://twitter.com/SantiOlsze/status/1348252467725697026	[]
SantiOlsze	Sun Jan 10 12:49:53 +0000 2021	71	34	Movilidad y fallecidos por COVID en  🇬🇧🇫🇷🇮🇹🇩🇪 https://t.co/z7if1tdAcv	https://twitter.com/SantiOlsze/status/1348250711000297474	[]
SantiOlsze	Sat Jan 09 13:15:39 +0000 2021	115	47	Tomando los indicadores que sugiere el DNU 4/21 y considerando los casos por fecha de diagnóstico, Buenos Aires, CABA, Chaco, Chubut, Córdoba, Entre Ríos, La Pampa, Neuquén, Río Negro, Santa Cruz y Tierra del Fuego deberían tomar medidas de restricción de circulación. https://t.co/fBQaRr57q7	https://twitter.com/SantiOlsze/status/1347894806358454273	[]
SantiOlsze	Sat Jan 09 01:11:51 +0000 2021	509	41	"Y paremos un poco también con lo ""clandestino"". Hay 1800 actividades permitidas de altísimo riesgo en condiciones de crecimiento exponencial."	https://twitter.com/SantiOlsze/status/1347712655834968069	[]
SantiOlsze	Sat Jan 09 00:04:38 +0000 2021	0	0	@Andy_PD Pero obvio que la diurna es más alta! El tema es que a lo único que se puede aspirar a controlar hoy (y ni siquiera) es la nocturna. Es eso o nada.	https://twitter.com/SantiOlsze/status/1347695741553106944	[]
SantiOlsze	Fri Jan 08 23:28:35 +0000 2021	1	0	@melquiadess @mmbarrionuevo Se dieron cuenta que testeando mucho a pocos parece que hacen TTI tipo Corea del Sur.	https://twitter.com/SantiOlsze/status/1347686669588307968	[]
SantiOlsze	Fri Jan 08 22:35:40 +0000 2021	106	35	"La positividad en CABA desde que empezó el operativo de testeo a viajeros es del 14%. Pero, si desagregamos, la positividad es del 1% para viajeros y del 29% para el resto. Por ahora, ""testeo masivo"" solo para viajeros. https://t.co/cMsRT8Eqh5"	https://twitter.com/SantiOlsze/status/1347673351779725313	[]
SantiOlsze	Fri Jan 08 21:12:21 +0000 2021	43	7	¿Es la decisión definitiva entre vuelta a clases o temporada de verano a favor de la segunda?	https://twitter.com/SantiOlsze/status/1347652387360698370	[]
SantiOlsze	Fri Jan 08 21:06:42 +0000 2021	5	0	@AlejandroFiliOK Pregunto lo mismo.	https://twitter.com/SantiOlsze/status/1347650961892913157	[]
SantiOlsze	Fri Jan 08 20:50:48 +0000 2021	318	34	Si no molesta a nadie, no sirve. Nos vemos en la cuarentena de verdad cuando se pique todo aún más. Espero de todo corazón estar equivocado.	https://twitter.com/SantiOlsze/status/1347646961378357248	[]
SantiOlsze	Fri Jan 08 02:07:26 +0000 2021	120	21	Mal que nos pese, los casos de coronavirus no ceden sin restricciones. https://t.co/VmGqG0xxRX	https://twitter.com/SantiOlsze/status/1347364258879860736	[]
SantiOlsze	Fri Jan 08 01:38:03 +0000 2021	1	0	@Andy_PD @rquiroga777 Jaja, con razón no te entendía.	https://twitter.com/SantiOlsze/status/1347356861255872513	[]
SantiOlsze	Fri Jan 08 00:25:17 +0000 2021	4	0	@Andy_PD Correlación de qué con qué? No muestro ninguna correlación.	https://twitter.com/SantiOlsze/status/1347338550778482690	[]
SantiOlsze	Thu Jan 07 23:39:17 +0000 2021	68	27	Hoy se reporta el valor más alto de camas ocupadas por pacientes con coronavirus en Argentina desde el 12 de diciembre del 2020. https://t.co/uAYrRdqxFW	https://twitter.com/SantiOlsze/status/1347326974134530048	[]
SantiOlsze	Thu Jan 07 22:08:42 +0000 2021	5	0	@alesitoide Coincido con todo. En lo personal, dudo que alcance. Pero todos sabemos que la solución real es la cuarentena estricta que es inviable política, económica y socialmente. Es lo máximo factible y ojalá que funcione.	https://twitter.com/SantiOlsze/status/1347304179631591424	[]
SantiOlsze	Thu Jan 07 20:55:17 +0000 2021	3	0	@josujosuu @corbantec Qué paciencia, @josujosuu. Para que le quede al catador de medidas, trabajo en el sector privado. Salu2.	https://twitter.com/SantiOlsze/status/1347285703940517893	[]
SantiOlsze	Thu Jan 07 19:48:04 +0000 2021	113	26	Mi preocupación de hace unos meses parece ser real en Europa, o al menos en Italia. Pasó el momento más agudo de la segunda ola pero se instaló una meseta altísima. https://t.co/JGqT4JrS16	https://twitter.com/SantiOlsze/status/1347268786865508352	[]
SantiOlsze	Thu Jan 07 18:46:01 +0000 2021	1	0	@DoctorOmarSued 💪🏼💉❤️	https://twitter.com/SantiOlsze/status/1347253172532867078	[]
SantiOlsze	Thu Jan 07 17:57:04 +0000 2021	669	258	La movilidad nocturna en CABA, medida en cantidad de autos circulando por varios radares en diversos puntos de la ciudad, es la que más rápidamente aumentó en los últimos meses. https://t.co/Ge8IGF1X1X	https://twitter.com/SantiOlsze/status/1347240852670844932	[]
SantiOlsze	Wed Jan 06 21:26:31 +0000 2021	4	0	@EKucich @Lunera_Luz https://t.co/vUceYT92j8	https://twitter.com/SantiOlsze/status/1346931175449743360	[]
SantiOlsze	Wed Jan 06 21:09:07 +0000 2021	157	69	300 casos por día en promedio (y subiendo) en Santa Cruz para una población de 320.000 personas. Para comparar, sería equivalente a observar 3000 casos por día en CABA. Además, según el reporte provincial de hoy, la ocupación de UTI en Río Gallegos es del 100%. https://t.co/YDzf16CQHc	https://twitter.com/SantiOlsze/status/1346926794570690561	[]
SantiOlsze	Wed Jan 06 12:19:00 +0000 2021	255	127	Los menores de 30 años ahora representan el mayor porcentaje de los casos diarios detectados en CABA y en PBA. Hasta hace algunas semanas, y durante la mayor parte de la pandemia, la franja de 30 a 45 años era la predominante. https://t.co/W11gKTLJ2u	https://twitter.com/SantiOlsze/status/1346793386620149765	[]
SantiOlsze	Wed Jan 06 01:27:25 +0000 2021	11	0	@norabar @jorgeluisaliaga Yo diría curvas para la derecha 😜	https://twitter.com/SantiOlsze/status/1346629410762461184	[]
SantiOlsze	Tue Jan 05 21:14:03 +0000 2021	38	2	Pero con un par de horas de laburo te compras un iPhone https://t.co/vP1JQWsnnj	https://twitter.com/SantiOlsze/status/1346565651012399106	[]
SantiOlsze	Tue Jan 05 17:18:24 +0000 2021	25	4	Excelente noticia! https://t.co/AJY2NjmEid	https://twitter.com/SantiOlsze/status/1346506346519277569	[]
SantiOlsze	Tue Jan 05 14:42:28 +0000 2021	3	0	@jorgeluisaliaga Seguramente influya. No es lo mismo juntarse afuera con 20 grados que con 30.	https://twitter.com/SantiOlsze/status/1346467105906954242	[]
SantiOlsze	Tue Jan 05 14:01:19 +0000 2021	101	31	La idea de la segunda ola inevitable y exclusivamente después del verano hizo mucho daño. Empezó a levantar con a mediados de diciembre con 30°C, cuando se empezó a descuidar mucha gente que se había cuidado mucho y muy bien. https://t.co/bL0p6OtSK6	https://twitter.com/SantiOlsze/status/1346456750006935552	[]
SantiOlsze	Tue Jan 05 12:22:49 +0000 2021	1	0	@romanouks @rquiroga777 🥺	https://twitter.com/SantiOlsze/status/1346431962345594880	[]
SantiOlsze	Mon Jan 04 16:33:48 +0000 2021	68	18	La situación en el Reino Unido sigue siendo alarmante. Casi 60.000 casos a diario empujan, con el delay característico, las curvas de hospitalizaciones y fallecimientos. https://t.co/4QrY5IUjyQ	https://twitter.com/SantiOlsze/status/1346132736264826880	[]
SantiOlsze	Sat Jan 02 16:38:32 +0000 2021	3	0	@M2March @quiquebollati @PolvitoDelAmor Por fecha de diagnóstico pueden faltar casos aún. Esperemos que pasen estos feriados. Yo tampoco me esperanzaria por ahora.	https://twitter.com/SantiOlsze/status/1345409150164094982	[]
SantiOlsze	Sat Jan 02 15:48:34 +0000 2021	1	0	@SebaAuguM ❤️	https://twitter.com/SantiOlsze/status/1345396574189465601	[]
SantiOlsze	Sat Jan 02 14:42:18 +0000 2021	2	0	@PolvitoDelAmor @M2March No es el R, técnicamente. Es un indicador más sencillo y limitado con el mismo espíritu. Cada punto es el FDC diario (vs semana eanterior) y la línea, la media móvil de FDC.	https://twitter.com/SantiOlsze/status/1345379899914264576	[]
SantiOlsze	Sat Jan 02 13:30:43 +0000 2021	168	63	"Una manera de ver si la curva está creciendo es comparar los casos de hoy con los de hace una semana. Al cociente de eso algunos lo llamamos ""factor de crecimiento"". Si es mayor a 1 (rojo), los casos están creciendo. Si es menor (verde), están bajando. ¿Diciembre? Rojo. https://t.co/77C1hmspyL"	https://twitter.com/SantiOlsze/status/1345361882601893889	[]
SantiOlsze	Sat Jan 02 12:12:39 +0000 2021	169	50	¿Se acuerdan cuando defendieron con alma y vida el 2% del patrimonio del 0,02% más rico por unica vez mientras aprobaban un presupuesto con un 1,2% de impuesto para todo el mundo? Rige desde hoy.  https://t.co/KBh10DXIzk	https://twitter.com/SantiOlsze/status/1345342238210068480	[]
SantiOlsze	Sat Jan 02 02:48:57 +0000 2021	19	3	@jorgenomefui @NicoOlsze @RegaCarlos @alejandroferron @muycarba No hace falta ser candidato par hacer política, tampoco. Desde PAMI le sacó la gratuidad de algunos medicamentos a los jubilados. Si eso no es político ... https://t.co/PE5X7BgAm8	https://twitter.com/SantiOlsze/status/1345200379529728000	[]
SantiOlsze	Sat Jan 02 00:05:30 +0000 2021	3	0	@NicoOlsze @NicoOlszeBOT	https://twitter.com/SantiOlsze/status/1345159245822636037	[]
SantiOlsze	Fri Jan 01 21:58:46 +0000 2021	3	0	@Bathurst_Arg Es un efecto adverso leve bastante frecuente en muchas vacunas. Esta no sería la excepción. Le estás metiendo algo extraño al cuerpo y responde con fiebre y otras cosas (mientras se generan los anticuerpos).	https://twitter.com/SantiOlsze/status/1345127350736998412	[]
SantiOlsze	Fri Jan 01 21:48:29 +0000 2021	8	0	"@RegaCarlos El informe de recomendación de ANMAT dice esto. Nadie tiene que ""llamar a Rusia"", ya vieron los datos de seguridad. Pero eso ya lo sabemos todos, solo decidiste ignorarlo para hacer ruido. https://t.co/HWywKkPh9A"	https://twitter.com/SantiOlsze/status/1345124764327800833	[]
SantiOlsze	Fri Jan 01 21:40:09 +0000 2021	115	11	Dentro de los médicos que operan están los cirujanos y los operadores. https://t.co/7B781NzTXB	https://twitter.com/SantiOlsze/status/1345122667314229252	[]
SantiOlsze	Fri Jan 01 18:39:12 +0000 2021	1	0	@DPenazzi Y con 300 millones de personas. Es una estrategia para San Marino, no para Indonesia.	https://twitter.com/SantiOlsze/status/1345077127453011972	[]
SantiOlsze	Fri Jan 01 18:36:29 +0000 2021	1	0	@DPenazzi Wow, no había leído😳	https://twitter.com/SantiOlsze/status/1345076447229173760	[]
SantiOlsze	Fri Jan 01 18:17:25 +0000 2021	0	0	@julielffman Yo solo preguntaba ...	https://twitter.com/SantiOlsze/status/1345071645338296320	[]
SantiOlsze	Fri Jan 01 18:00:46 +0000 2021	0	0	@cnavone57 ❤️	https://twitter.com/SantiOlsze/status/1345067458458226688	[]
SantiOlsze	Fri Jan 01 16:43:54 +0000 2021	83	13	El documento del ECDC lo pueden consultar acá https://t.co/kZg1OQXt5J.  No ahondo en este hilo, pero es importante para quien quiera concluir a partir de esto leer las limitaciones y consideraciones del modelo.  Gracias @humbertodebat por compartirlo.	https://twitter.com/SantiOlsze/status/1345048112818237443	[]
SantiOlsze	Fri Jan 01 16:43:54 +0000 2021	59	16	El Plan de Argentina se puede consultar acá https://t.co/9uuZgCfyTC	https://twitter.com/SantiOlsze/status/1345048110762962947	[]
SantiOlsze	Fri Jan 01 16:43:53 +0000 2021	83	20	En Argentina, el plan de vacunación publicado en los últimos días combina las mismas consideraciones de este documento para definir una lista de prioridades de arriba a abajo, definiendo un universo de entre 15 y 20 millones de personas a vacunar en forma prioritaria. https://t.co/HvGj7AxipT	https://twitter.com/SantiOlsze/status/1345048107520839688	[]
SantiOlsze	Fri Jan 01 16:43:51 +0000 2021	36	10	Por ser indirecta, dependiente de conocimiento que aún no es claro y de las limitaciones de abastecimiento, es muy poco probable que algún país vacune sólo a adultos menores de 60 como estrategia de priorización.	https://twitter.com/SantiOlsze/status/1345048101741068289	[]
SantiOlsze	Fri Jan 01 16:43:51 +0000 2021	47	9	Es muy dependiente de la eficacia contra la infección, ya que una vacuna que no prevenga de la infección y sí la enfermedad podría aumentar el contagio asintomático y así incrementar las muertes en mayores de 60 no vacunados por esta estrategia. https://t.co/DdHFgycUuE	https://twitter.com/SantiOlsze/status/1345048099807494145	[]
SantiOlsze	Fri Jan 01 16:43:50 +0000 2021	47	11	Estrategia 3: Vacunar a todos los adultos de 18 a 59 años. En Argentina, son más de 20 millones. No es la más rápida, ni la más efectiva, ni la más ética para reducir hospitalizaciones y muertes. Apunta a reducir la circulación viral e indirectamente cuidar a los de riesgo. https://t.co/pf2HSwsNcl	https://twitter.com/SantiOlsze/status/1345048095541833728	[]
SantiOlsze	Fri Jan 01 16:43:49 +0000 2021	43	10	Estrategia 2: Vacunar solo al personal de salud. En Argentina, cerca de 800 mil personas. Si la vacuna no protege del contagio, solo prevendría 3% de las muertes y 1% de los años de vida perdidos. Si protege también contra la infección, prevendría entre 20 y 40% de las muertes. https://t.co/QnFmwwrfSn	https://twitter.com/SantiOlsze/status/1345048091179819018	[]
SantiOlsze	Fri Jan 01 16:43:48 +0000 2021	49	13	Agregar a esta estrategia de vacunación a los mayores de 18 años con comorbilidades implicaría en Argentina unas 5,6 millones de personas más al plan de vacunación. Según este modelo, vacunar a mayores de 60 y a adultos en riesgo prevendría el 97% de las muertes. https://t.co/Iw24JKqjbg	https://twitter.com/SantiOlsze/status/1345048086847107072	[]
SantiOlsze	Fri Jan 01 16:43:47 +0000 2021	54	10	En términos de años de vida salvados, vacunar solo a mayores de 80 salvaría solo el 2% de los años de vida perdidos, mientras que vacunar desde los 60 años salvaría el 59% de los años de vida. De nuevo, el 100% de la comparación es la vacunación de todos los adultos. https://t.co/q3aFBFFHro	https://twitter.com/SantiOlsze/status/1345048082141097984	[]
SantiOlsze	Fri Jan 01 16:43:46 +0000 2021	57	11	Según el modelo, incluso con una vacuna con solo 70% de eficacia frente a cuadros graves en este grupo etario, la vacunación de solo este grupo etario prevendría el 90% de las muertes. Solo a mayores de 80, sería del 43%. https://t.co/zjYoRrIdNs	https://twitter.com/SantiOlsze/status/1345048077858709504	[]
SantiOlsze	Fri Jan 01 16:43:45 +0000 2021	50	12	Estrategia 1: Vacunar solo a personas en riesgo por su edad. En Argentina, se estima que hay poco más de 7 millones de adultos mayores de 60 años. El 83% de las muertes ocurrieron en mayores de 60 años y casi el 35% en mayores de 80 años. En la UE es 95% y 60%, respectivamente. https://t.co/Vmm03bK5m7	https://twitter.com/SantiOlsze/status/1345048073257553920	[]
SantiOlsze	Fri Jan 01 16:43:44 +0000 2021	48	9	La forma de comparación es simple. Sabemos que lo más efectivo sería vacunar a todo el mundo, pero que la logística, el costo y el abastecimiento lo hacen imposible por ahora. Ese es el 100%. Entonces, ¿a quién vacunamos si no podemos vacunar a todos?	https://twitter.com/SantiOlsze/status/1345048068954198018	[]
SantiOlsze	Fri Jan 01 16:43:43 +0000 2021	50	13	La vacuna hipotética del modelo tiene 95% de eficacia en adultos de 18-59 para prevenir cuadros graves y 50% para prevenir toda enfermedad sintomática. En adultos mayores, 70% y 30% respectivamente. https://t.co/9jbuNKUql6	https://twitter.com/SantiOlsze/status/1345048067117113344	[]
SantiOlsze	Fri Jan 01 16:43:42 +0000 2021	58	11	Si además de prevenir la enfermedad, la vacuna previene la infección (y por lo tanto, posteriores contagios), cobran más relevancia las estrategias de vacunación masiva sin priorización o las de personas con alta exposición, como el personal de salud.	https://twitter.com/SantiOlsze/status/1345048062557900804	[]
SantiOlsze	Fri Jan 01 16:43:42 +0000 2021	58	13	¿A quień vacunamos? Algo que afectará toda conclusión es contra qué protege la vacuna. Si previene enfermedad grave o muerte únicamente, será mayor el beneficio de vacunar personas con alto riesgo. La vacuna tendría un efecto individual.	https://twitter.com/SantiOlsze/status/1345048060884344832	[]
SantiOlsze	Fri Jan 01 16:43:41 +0000 2021	504	182	El CDC europeo evaluó mediante modelado matemático el impacto de las diferentes estrategias de vacunación. ¿Sólo mayores de 80? ¿Mayores de 60? ¿Personal de salud? ¿Todos los adultos? Resumo los puntos principales de este documento en este hilo: https://t.co/CUxiGV5iA6	https://twitter.com/SantiOlsze/status/1345048058615234561	[]
SantiOlsze	Fri Jan 01 14:14:30 +0000 2021	186	8	Feliz 2021 a esta comunidad. Hasta la vacuna, siempre❤️.	https://twitter.com/SantiOlsze/status/1345010513453981697	[]
SantiOlsze	Fri Jan 01 14:05:39 +0000 2021	1	0	@MarianaLestelle Excelente! 💉💚	https://twitter.com/SantiOlsze/status/1345008288212119552	[]
SantiOlsze	Fri Jan 01 13:59:20 +0000 2021	0	0	@MarianaLestelle Qué bueno! Ya sos de la KGB? O tardan más esos efectos?	https://twitter.com/SantiOlsze/status/1345006698285690881	[]
SantiOlsze	Fri Jan 01 13:54:12 +0000 2021	1	0	@MarianaLestelle Gracias, Mariana. Feliz comienzo de año para vos!	https://twitter.com/SantiOlsze/status/1345005407786426368	[]
SantiOlsze	Fri Jan 01 13:01:28 +0000 2021	567	53	"01/01/2021. ¿Ya se dieron cuenta que ""sin ideología"" es una ideología en sí misma? ¿O lo dejamos para 2022?"	https://twitter.com/SantiOlsze/status/1344992135259574273	[]
SantiOlsze	Thu Dec 31 23:41:09 +0000 2020	3	0	@lucasmmedrano07 @ernestorr @rquiroga777 @norabar @mmbarrionuevo @ValeriaRoman @Andrea_Gentil @jorgeluisaliaga Felicidades, Lucas! Abrazo enorme	https://twitter.com/SantiOlsze/status/1344790729911107586	[]
SantiOlsze	Thu Dec 31 19:23:46 +0000 2020	22	0	@ernestorr @jorgeluisaliaga @rquiroga777 @sole_reta @mmbarrionuevo @ClariCardozoCas @TotinFraire @Rodri_LP @WillyDuran65 @SolAndaluz @RodrigoD_Castro @rober_etche @LozanoMarioE @diegogUBA @DanielFeiers @leandrocahn @DPenazzi @humbertodebat Abrazo enorme para todos. Participar en esos grupos de discusión y análisis fue lo más enriquecedor de este año. Seguiremos en 2021. Hasta la vacuna, siempre.	https://twitter.com/SantiOlsze/status/1344725956590764032	[]
SantiOlsze	Thu Dec 31 18:47:16 +0000 2020	1	0	@ferwen @Andrea_Gentil @ernestorr @fedkukso @FlorBallarino @jorgeluisaliaga @norabar @rquiroga777 @NicoOlsze @anti__fakenews @ValeriaRoman @RAdPC 💚	https://twitter.com/SantiOlsze/status/1344716772268765184	[]
SantiOlsze	Thu Dec 31 15:01:00 +0000 2020	28	4	@rinconet Y ni en pedo las iban a dar, además. https://t.co/YOUlDKBxjS	https://twitter.com/SantiOlsze/status/1344659829181337600	[]
SantiOlsze	Thu Dec 31 14:58:04 +0000 2020	6	2	@kate_peds @ValeriaRoman https://t.co/0OiBCx2kNH	https://twitter.com/SantiOlsze/status/1344659090325331968	[]
SantiOlsze	Thu Dec 31 13:42:05 +0000 2020	4	0	@norabar @paupKa @Andrea_Gentil Al podio, qué honor💚	https://twitter.com/SantiOlsze/status/1344639967230910464	[]
SantiOlsze	Thu Dec 31 12:44:17 +0000 2020	116	42	"""Dejar el 2020 atrás"" no parece tal cuando tenemos las curvas en ascenso. Creo que todavía tenemos ""2020"" para rato. https://t.co/Hp8ZPgJpM9"	https://twitter.com/SantiOlsze/status/1344625425188843520	[]
SantiOlsze	Thu Dec 31 12:31:01 +0000 2020	1	0	@ViggianoMila 👋😂	https://twitter.com/SantiOlsze/status/1344622084786425856	[]
SantiOlsze	Thu Dec 31 12:21:07 +0000 2020	45	3	Piri yi quieri li Pfizir https://t.co/PF9ATdjyvQ	https://twitter.com/SantiOlsze/status/1344619592287711237	[]
SantiOlsze	Thu Dec 31 02:54:35 +0000 2020	14	0	@rquiroga777 @jorgeluisaliaga @ernestorr @TotinFraire @mmbarrionuevo @sole_reta @SolAndaluz @NicoOlsze @WillyDuran65 @RodrigoD_Castro @Rodri_LP @humbertodebat @leandrocahn @DoctorOmarSued A todxs, y especialmente a vos Rodri, gracias por dejarme leerlos y hasta meter algún bocado. Abrazo enorme. 2021 será mejor.	https://twitter.com/SantiOlsze/status/1344477021842259968	[]
SantiOlsze	Wed Dec 30 23:19:54 +0000 2020	235	53	Más que el número absoluto de casos, para mí lo más preocupante es la tendencia. Casos en ascenso implica que cada persona infectada contagia a más de uno. La curva creciendo nos interpela directamente a cuidarnos más.	https://twitter.com/SantiOlsze/status/1344422994903527436	[]
SantiOlsze	Wed Dec 30 16:58:19 +0000 2020	58	28	Nuevo récord de muertes reportadas a nivel mundial: 15518 en un día. https://t.co/b1eCn8Jmv6	https://twitter.com/SantiOlsze/status/1344326963452932096	[]
SantiOlsze	Wed Dec 30 12:30:56 +0000 2020	0	0	@julielffman Vamos 💉💚	https://twitter.com/SantiOlsze/status/1344259676989435904	[]
SantiOlsze	Wed Dec 30 12:12:17 +0000 2020	72	1	Sí a todo💉💚 https://t.co/ynhJx4rvww	https://twitter.com/SantiOlsze/status/1344254983416459264	[]
SantiOlsze	Tue Dec 29 13:19:03 +0000 2020	446	96	"""El gobierno miente diciendo que van a vacunar en diciembre"", decía Jorge Lanata a Infobae. https://t.co/Nob8eMQIhj"	https://twitter.com/SantiOlsze/status/1343909396670197761	[]
SantiOlsze	Tue Dec 29 12:31:17 +0000 2020	1	0	@LuchoBrum El chip es plenamente funcional	https://twitter.com/SantiOlsze/status/1343897375740452864	[]
SantiOlsze	Tue Dec 29 12:08:02 +0000 2020	517	53	Empezamos 💉❤️ https://t.co/YTn5BTl0w5	https://twitter.com/SantiOlsze/status/1343891524992557056	[]
SantiOlsze	Tue Dec 29 11:27:50 +0000 2020	12	7	En PBA también se ven valores máximos en los últimos 60 días (rojo) en algunos municipios, en particular en zona norte. https://t.co/T2FFxp0piz	https://twitter.com/SantiOlsze/status/1343881408817868800	[]
SantiOlsze	Tue Dec 29 11:27:49 +0000 2020	20	9	Varios barrios de CABA en sus valores máximos de los últimos 60 días (rojo) y otros, aunque todavía no, van claramente camino a eso. En Palermo hubo en estas semanas algunos días con casi 100 casos. https://t.co/q9xxBRC3sW	https://twitter.com/SantiOlsze/status/1343881403323318275	[]
SantiOlsze	Tue Dec 29 11:27:48 +0000 2020	47	19	Anoche se reportaron 2873 nuevos casos en PBA y 863 en CABA. Ordenado por fecha de diagnóstico, así se ven las curvas actualizadas. https://t.co/BrNcY5DpYV	https://twitter.com/SantiOlsze/status/1343881398546006017	[]
SantiOlsze	Mon Dec 28 22:50:28 +0000 2020	10	0	@MarianaLestelle jaja! Me lo perdí. Excelente.	https://twitter.com/SantiOlsze/status/1343690810676621314	[]
SantiOlsze	Mon Dec 28 22:48:18 +0000 2020	58	10	"Estamos en una pan - de -mia 
https://t.co/jqEywdShGD"	https://twitter.com/SantiOlsze/status/1343690264645410817	[]
SantiOlsze	Mon Dec 28 22:45:40 +0000 2020	1077	302	Acá dejo la lista de efectos adversos del rivotril, que muchos usan sin prescripción médica como caramelo para bajar un cambio. https://t.co/x0iyMtPNMH	https://twitter.com/SantiOlsze/status/1343689604151566336	[]
SantiOlsze	Mon Dec 28 18:10:12 +0000 2020	140	7	¿Países del mundo donde los principales multimedios operen contra las vacunas en plena pandemia?	https://twitter.com/SantiOlsze/status/1343620277893296128	[]
SantiOlsze	Mon Dec 28 17:40:44 +0000 2020	29	0	@ischargro @rodisrecalt Es de Vizzotti	https://twitter.com/SantiOlsze/status/1343612864473554946	[]
SantiOlsze	Mon Dec 28 12:20:59 +0000 2020	1	0	@paupKa Jajajaja por contexto salía. Qué honor la recomendación 😌	https://twitter.com/SantiOlsze/status/1343532394205356033	[]
SantiOlsze	Mon Dec 28 12:14:23 +0000 2020	0	0	@paupKa ¿Qué se siente? 😅❤️	https://twitter.com/SantiOlsze/status/1343530734703804417	[]
SantiOlsze	Mon Dec 28 12:13:24 +0000 2020	11	0	@paupKa Python. Matplotlib y paciencia 🙃	https://twitter.com/SantiOlsze/status/1343530488301039616	[]
SantiOlsze	Mon Dec 28 11:36:55 +0000 2020	154	55	"Son 1.583.297 los casos confirmados en el país, mitad y mitad entre hombres y mujeres con frecuencia máxima a los 30 años.

Son 42.650 las personas fallecidas. El 57% son hombres con edad más frecuente cerca de los 75 años. La edad más frecuente en mujeres ronda los 87 años. https://t.co/2YR2oncr8f"	https://twitter.com/SantiOlsze/status/1343521304541077505	[]
SantiOlsze	Mon Dec 28 01:59:30 +0000 2020	4	0	@ernestorr Esperamos, no hay problema 😂	https://twitter.com/SantiOlsze/status/1343375994795786240	[]
SantiOlsze	Mon Dec 28 01:44:09 +0000 2020	71	3	Mi lectura dominguera es @ernestorr https://t.co/cMpZvN8bCZ	https://twitter.com/SantiOlsze/status/1343372133716656128	[]
SantiOlsze	Sun Dec 27 22:40:17 +0000 2020	570	76	"Por un 2021 en el que las fake news NO pasen por ""errores de comunicación del gobierno"". Este gobierno tiene serios problemas en la comunicación oficial, pero las fake news son responsabilidad exclusiva de quienes publican y amplifican."	https://twitter.com/SantiOlsze/status/1343325860288487432	[]
SantiOlsze	Sun Dec 27 22:16:06 +0000 2020	61	26	"¿Qué tiene que pasar para que el COVID se vuelva una realmente ""gripecita""? De mínima, tiene que bajar más de 13 veces la letalidad por infectado en mayores de 60 y un poco menos en el resto de los grupos etarios. Para eso las vacunas.

La fuente: https://t.co/xZnQiW5yBU https://t.co/Vfdo0zwaeL"	https://twitter.com/SantiOlsze/status/1343319776043655170	[]
SantiOlsze	Sun Dec 27 17:00:25 +0000 2020	5	0	@Elobser21185856 @PolvitoDelAmor Sí, señor. Otra fake news de desprestigio.	https://twitter.com/SantiOlsze/status/1343240329504432128	[]
SantiOlsze	Sun Dec 27 16:58:38 +0000 2020	6	0	@PolvitoDelAmor Lo dice el documento. Haters gonna hate.	https://twitter.com/SantiOlsze/status/1343239881745702913	[]
SantiOlsze	Sun Dec 27 16:33:14 +0000 2020	0	0	@alesitoide @HernanElantiguo @jorixine Si, es verdad	https://twitter.com/SantiOlsze/status/1343233489672548359	[]
SantiOlsze	Sun Dec 27 16:30:42 +0000 2020	3	0	@alesitoide @HernanElantiguo @jorixine Con la prevalencia de diabetes y obesidad en PEA, no me sorprende para nada el número	https://twitter.com/SantiOlsze/status/1343232850536116229	[]
SantiOlsze	Sun Dec 27 16:18:36 +0000 2020	1	0	@Luciencia_ Bioqué?	https://twitter.com/SantiOlsze/status/1343229805014228992	[]
SantiOlsze	Sun Dec 27 15:28:18 +0000 2020	282	94	"Hace unos días se publicó el Plan Estratégico para la Vacunación COVID en Argentina 💉🇦🇷. Quedan definidas la población objetivo y la prioridades por función estratégica y riesgo. Se puede ver completo en https://t.co/caXILpDh7G.

Así se distribuye: https://t.co/aF8ZYu5nKy"	https://twitter.com/SantiOlsze/status/1343217149108695043	[]
SantiOlsze	Sun Dec 27 13:22:00 +0000 2020	328	26	El martes 29/12 comienza la campaña de vacunación COVID y se vota en senadores la IVE. Si todo sale bien, tenemos nueva fecha para el Día de la Salud Pública 🟢💉.	https://twitter.com/SantiOlsze/status/1343185363595091969	[]
SantiOlsze	Sat Dec 26 18:26:54 +0000 2020	9	0	@ernestorr Mini homenaje. https://t.co/LMsoo7lOak	https://twitter.com/SantiOlsze/status/1342899706817556488	[]
SantiOlsze	Sat Dec 26 17:56:39 +0000 2020	305	15	Si twitter me limitara los follows a 1, yo lo seguiría a Ernesto sin dudarlo. Otra lectura obligada. https://t.co/cmtvqByUM9	https://twitter.com/SantiOlsze/status/1342892093975523330	[]
SantiOlsze	Fri Dec 25 14:50:01 +0000 2020	410	192	Más de 800 casos en CABA y casi 3000 casos en PBA en la actualización de anoche. Ordenados por fecha de diagnóstico se ve claramente la tendencia creciente de los últimos días. https://t.co/XHXtHUdXYm	https://twitter.com/SantiOlsze/status/1342482739140976640	[]
SantiOlsze	Thu Dec 24 17:04:30 +0000 2020	113	47	Llegamos a las fiestas con aproximadamente dos semanas de casos en ascenso en CABA y PBA. https://t.co/p4phMHyjmN	https://twitter.com/SantiOlsze/status/1342154195869298693	[]
SantiOlsze	Thu Dec 24 13:35:44 +0000 2020	3	0	@otrovega @NicoOlsze Hisopos afilados, no se explica de otra manera.	https://twitter.com/SantiOlsze/status/1342101654838124550	[]
SantiOlsze	Thu Dec 24 13:34:08 +0000 2020	49	5	Gracias! https://t.co/mx4wLWURWi	https://twitter.com/SantiOlsze/status/1342101253577453569	[]
SantiOlsze	Thu Dec 24 13:15:51 +0000 2020	152	46	Alemania llega a las fiestas con el peor escenario epidemiológico que tuvo. Está en sus valores máximos de casos, hospitalizaciones y fallecimientos por coronavirus. https://t.co/PyyX1leJbH	https://twitter.com/SantiOlsze/status/1342096651096383493	[]
SantiOlsze	Thu Dec 24 12:10:00 +0000 2020	57	16	Las dos olas europeas fueron bastante diferentes. Mientras las muertes en la primera ola las concentraban unos pocos países. la segunda fue mucho más ubicua. https://t.co/aLnvbzZAAi	https://twitter.com/SantiOlsze/status/1342080079346733056	[]
SantiOlsze	Wed Dec 23 20:43:54 +0000 2020	1	0	@cafferatajm Pasá link de mercadopago	https://twitter.com/SantiOlsze/status/1341847018298368001	[]
SantiOlsze	Wed Dec 23 20:41:41 +0000 2020	105	14	"La gente que cuestiona el mecanismo de aprobación de Sputnik V ""porque no entiende la diferencia"" tampoco buscó nada al respecto, no? Son como el orador en diputados que dijo que nadie le explicó por qué el aborto era hasta los 1000 días."	https://twitter.com/SantiOlsze/status/1341846461382836229	[]
SantiOlsze	Wed Dec 23 17:58:12 +0000 2020	126	12	💉❤️✈️❤️💉 https://t.co/fK4A1QeRzQ	https://twitter.com/SantiOlsze/status/1341805322038599683	[]
SantiOlsze	Wed Dec 23 17:47:27 +0000 2020	71	1	@ernestorr Me hiciste escupir el agua, Ernesto	https://twitter.com/SantiOlsze/status/1341802615634587648	[]
SantiOlsze	Wed Dec 23 16:38:12 +0000 2020	10	7	¿Cuándo creen que habrá algo parecido a la normalidad?	https://twitter.com/SantiOlsze/status/1341785186707656705	[]
SantiOlsze	Wed Dec 23 15:50:26 +0000 2020	111	12	Lo bueno es que en Rusia las vacunas casi que se pueden almacenar a temperatura ambiente. https://t.co/VtKd36QAMM	https://twitter.com/SantiOlsze/status/1341773166952247296	[]
SantiOlsze	Wed Dec 23 15:21:25 +0000 2020	193	21	Ojo que a la loca delirante antivacunas que faltó al 75% de las sesiones como legisladora después la vota media CABA, eh.	https://twitter.com/SantiOlsze/status/1341765863209353216	[]
SantiOlsze	Wed Dec 23 15:06:13 +0000 2020	12	6	Ayer el mundo superó un nuevo récord de muertes por coronavirus reportadas con 14459 decesos. https://t.co/tqzB0Yl0k6	https://twitter.com/SantiOlsze/status/1341762040633933825	[]
SantiOlsze	Wed Dec 23 14:20:26 +0000 2020	1	0	@plenque Impresionante	https://twitter.com/SantiOlsze/status/1341750517442228225	[]
SantiOlsze	Wed Dec 23 14:16:13 +0000 2020	0	0	@plenque @sotoklsl 105% de acuerdo con @plenque	https://twitter.com/SantiOlsze/status/1341749456727904259	[]
SantiOlsze	Wed Dec 23 14:15:31 +0000 2020	1	0	@plenque Tal vez la herramienta estaba y no la tenía (¿mos?) en cuenta tan pronto en el primer pico. Yo recuerdo mirar las muertes reportadas, no el exceso durante la primera ola. Al menos hasta que salió el tema vía NYT.	https://twitter.com/SantiOlsze/status/1341749278914596864	[]
SantiOlsze	Wed Dec 23 14:08:40 +0000 2020	2	0	@plenque Solo en nuestra visión de ambas es comparable. Porque del exceso nos enteramos mucho después. Ahora se está muriendo en Europa la misma cantidad de gente que pensábamos que se estaba muriendo en abril (aunque era mucho más)	https://twitter.com/SantiOlsze/status/1341747554875273217	[]
SantiOlsze	Wed Dec 23 14:04:50 +0000 2020	126	12	"Me llega esta foto en un grupo vía @humbertodebat. 
Qué manera linda de empezar la mañana! ✈️💉❤️ https://t.co/MEZ2sZKUJW"	https://twitter.com/SantiOlsze/status/1341746593381425155	[]
SantiOlsze	Wed Dec 23 13:43:33 +0000 2020	86	38	En Europa las muertes reportadas a diario por coronavirus están estabilizadas en torno a las 5000 hace bastantes días. En la primera ola, aunque hubo mucha mortalidad en exceso por COVID no reportado, las muertes reportadas alcanzaron los 4000 y por pocos días. https://t.co/s4aBnrtkrY	https://twitter.com/SantiOlsze/status/1341741234365341696	[]
SantiOlsze	Tue Dec 22 21:43:45 +0000 2020	36	12	"@SaludBAP usa esta estrategia para detectar precozmente brotes y cambios de tendencia.Tiene un modelo (más complejo y con mucho menor error que el ajuste lineal mio) funcionando👏.

Acá lo explican @EnioGarcia80 y @nkreplak, entre otrxs: https://t.co/AT9AvjXjg2 https://t.co/94Enfg3lPq"	https://twitter.com/SantiOlsze/status/1341499693331865602	[]
SantiOlsze	Tue Dec 22 21:43:44 +0000 2020	28	6	A los últimos 4-5 días siempre le faltan casos, por la demora propia del proceso desde el hisopado a la emisión y reporte del resultado. Sin embargo, la tendencia de las llamadas nos permite inferir que los casos van a subir antes de tener el resultado de cada uno. https://t.co/FqOxzFroIn	https://twitter.com/SantiOlsze/status/1341499688684564482	[]
SantiOlsze	Tue Dec 22 21:43:43 +0000 2020	174	61	Aumentan las llamadas por COVID al 107 en CABA, un indicador que puede ser clave en la detección precoz de brotes. La correlación entre las llamadas y los casos hisopados ese mismo día es buena, con una diferencia clave: del resultado de los casos nos enteramos días después. https://t.co/nWcESwiDcG	https://twitter.com/SantiOlsze/status/1341499683940741121	[]
SantiOlsze	Tue Dec 22 13:24:36 +0000 2020	223	27	"El croquis de nuestras fiestas.

- Terraza al aire libre
- Una mesa por grupo de convivientes 
- 1.5 a 2 metros entre mesas. 

Si llueve, repartida de comida y Zoom. Festejo cuidado para que no sea el último año nuevo de ninguno. https://t.co/plZ2zuL0dG"	https://twitter.com/SantiOlsze/status/1341374079807459329	[]
SantiOlsze	Mon Dec 21 23:19:36 +0000 2020	141	63	Se observa un ascenso sincrónico en la detección de nuevos casos en la zona norte del Conurbano Bonaerense. https://t.co/2IhKi7vFwB	https://twitter.com/SantiOlsze/status/1341161428212920320	[]
SantiOlsze	Mon Dec 21 13:20:16 +0000 2020	583	91	La cepa que circula acá ya mató a más de 40.000 personas, eh. Queda bien buscar enemigos externos potencialmente peores pero tenemos uno bastante agresivo con circulación comunitaria local en la mayor parte del país.	https://twitter.com/SantiOlsze/status/1341010601355689988	[]
SantiOlsze	Mon Dec 21 00:04:02 +0000 2020	3	0	"@DPenazzi Más testeos no. Tampoco parece ruido estadístico. La tendencia está bastante consolidada.
https://t.co/FJc9drGNiJ"	https://twitter.com/SantiOlsze/status/1340810219715178497	[]
SantiOlsze	Mon Dec 21 00:02:11 +0000 2020	48	16	"🇬🇧COVID en Reino Unido🇬🇧 

Casos
Fallecimientos
Hospitalizaciones
Tests
Movilidad https://t.co/3HEz5R38pT"	https://twitter.com/SantiOlsze/status/1340809755422502920	[]
SantiOlsze	Sun Dec 20 23:10:38 +0000 2020	2	0	@Facundo_Chaco @lucasmmedrano07 Es el pedido de código más sutil que vi 😂	https://twitter.com/SantiOlsze/status/1340796784369676293	[]
SantiOlsze	Sun Dec 20 18:38:49 +0000 2020	0	0	@JumaLazzati @siobhnomorain @pipstoch Dejar de bajar es cambio de tendencia también.	https://twitter.com/SantiOlsze/status/1340728378152906753	[]
SantiOlsze	Sun Dec 20 17:19:47 +0000 2020	26	1	"""Dejen de meter miedo"" https://t.co/qOSvsBS0mI"	https://twitter.com/SantiOlsze/status/1340708490524962816	[]
SantiOlsze	Sun Dec 20 14:19:38 +0000 2020	750	122	"Un pensamiento que circula bastante entre jóvenes es ""hagamos todo ahora que después van a cerrar"". Es decir, en casi un año no pudimos entender que nuestro comportamiento es el factor principal que hace a la transmisibilidad del virus. Salgamos en forma segura o no salgamos."	https://twitter.com/SantiOlsze/status/1340663152795594757	[]
SantiOlsze	Sun Dec 20 13:55:45 +0000 2020	25	9	"Casi 2.000.000 (¡dos millones!) de tests por día hace Estados Unidos. ¿Por qué? Porque, además de tener capacidad de hacerlo, tienen muchísima circulación viral.

En 🇺🇸 hubo récord de casos, de hospitalizaciones y de fallecimientos por coronavirus en estos últimos días. https://t.co/agXmzu2fy7"	https://twitter.com/SantiOlsze/status/1340657140650946560	[]
SantiOlsze	Sun Dec 20 13:53:00 +0000 2020	1	0	@fritz__ Sí, qué nabo. Gracias. Ahí re-publico.	https://twitter.com/SantiOlsze/status/1340656450553692164	[]
SantiOlsze	Sun Dec 20 13:28:46 +0000 2020	261	120	Mañana empieza el verano en nuestro continente. ¿Cómo lo recibimos? Crecen los casos en Bolivia, Brasil, Chile, Colombia, Paraguay y Uruguay. En Argentina se estabilizan y hay varias zonas con más casos que a principio de mes. https://t.co/np5etrVCQM	https://twitter.com/SantiOlsze/status/1340650349644951560	[]
SantiOlsze	Sun Dec 20 03:06:46 +0000 2020	0	0	@RodrigoPulka Lo más lindo es que los tengo silenciados. Ladran en mute.	https://twitter.com/SantiOlsze/status/1340493819758952456	[]
SantiOlsze	Sun Dec 20 01:58:47 +0000 2020	157	8	Papanueeeeeeeeeeeeeeel https://t.co/qWN7WKGteB	https://twitter.com/SantiOlsze/status/1340476709901099009	[]
SantiOlsze	Sat Dec 19 21:51:24 +0000 2020	3	0	@melquiadess #TestsAsesinos	https://twitter.com/SantiOlsze/status/1340414454119473152	[{'text': 'TestsAsesinos', 'indices': [13, 27]}]
SantiOlsze	Sat Dec 19 21:40:40 +0000 2020	137	46	Alemania alcanzó esta semana valores máximos históricos en casos, muertes y hospitalizaciones por coronavirus. https://t.co/lDlGEkcQHk	https://twitter.com/SantiOlsze/status/1340411753545551872	[]
SantiOlsze	Sat Dec 19 19:03:39 +0000 2020	42	11	"PBA

Quilmes, La Matanza y el resto de los municipios del Conurbano Bonaerense. https://t.co/pYNAq1SvP7"	https://twitter.com/SantiOlsze/status/1340372240978890762	[]
SantiOlsze	Sat Dec 19 19:03:38 +0000 2020	35	13	"CABA

Curva de casos en Caballito, Palermo y en el resto de los barrios de la ciudad. https://t.co/LTktz6ijkl"	https://twitter.com/SantiOlsze/status/1340372233672339458	[]
SantiOlsze	Sat Dec 19 19:03:36 +0000 2020	263	76	A esta altura ya es bien claro el cambio de tendencia en CABA y en la Provincia de Buenos Aires. https://t.co/q0kK3g5cE3	https://twitter.com/SantiOlsze/status/1340372226458193926	[]
SantiOlsze	Sat Dec 19 18:49:41 +0000 2020	11	0	@MartinSchapiro_ No solo es una norma de convivencia. El decreto Presidencia sobre DSPO aclara que debe usarse el barbijo en espacios públicos.	https://twitter.com/SantiOlsze/status/1340368725384552449	[]
SantiOlsze	Fri Dec 18 13:36:19 +0000 2020	249	96	La estacionalidad sola no hace nada. Bolivia, Chile, Colombia, Brasil, Paraguay y Uruguay en sus valores máximos de los últimos dos meses. Argentina, de mínima, deja de bajar. https://t.co/tttVZw6f7E	https://twitter.com/SantiOlsze/status/1339927474017349632	[]
SantiOlsze	Fri Dec 18 11:57:59 +0000 2020	57	1	Tal vez el concepto que más me apasionó de mi carrera. Azar en el estado más puro y motivo suficiente para estudiar alguna ciencia biológica. https://t.co/CipI2g9H8D	https://twitter.com/SantiOlsze/status/1339902729964171264	[]
SantiOlsze	Fri Dec 18 11:06:18 +0000 2020	1	0	@vanerallito Nadie es objetivo. Reconocerlo es el primer paso para analizar e intercambiar datos de forma sana y constructiva.	https://twitter.com/SantiOlsze/status/1339889722743779328	[]
SantiOlsze	Fri Dec 18 02:31:36 +0000 2020	4	0	@vanerallito Perdón por ser porteño.	https://twitter.com/SantiOlsze/status/1339760196059623429	[]
SantiOlsze	Thu Dec 17 23:58:48 +0000 2020	452	66	1 de cada 6 porteños se hisopó, 1 de cada 18 dio positivo y 1 de cada 500 se murió por coronavirus. Pero bueno, el Ministro de Salud de CABA es una de las personalidades del año de la revista Gente. Digamos todo. https://t.co/lIBVOmG16c	https://twitter.com/SantiOlsze/status/1339721742739226626	[]
SantiOlsze	Thu Dec 17 20:45:07 +0000 2020	3	0	@Spiousas ¿O era esa la mejor manera de sumar clicks en marzo?	https://twitter.com/SantiOlsze/status/1339672998375256064	[]
SantiOlsze	Thu Dec 17 13:09:39 +0000 2020	10	3	Italia sigue con niveles reducidos de movilidad y empieza a controlar la curva de fallecimientos. https://t.co/XIv7UmqtJm	https://twitter.com/SantiOlsze/status/1339558375286312960	[]
SantiOlsze	Thu Dec 17 13:09:37 +0000 2020	14	5	Ayer y antes de ayer fueron los dos días que más muertes reportó Alemania en toda la pandemia. Además, ayer fue el máximo reporte de casos. https://t.co/lNLqJmEDpO	https://twitter.com/SantiOlsze/status/1339558369934368768	[]
SantiOlsze	Thu Dec 17 13:06:05 +0000 2020	20	3	Francia comienza a transitar, al menos de facto, la salida de la cuarentena. En el momento más estricto alcanzó reducciones de movilidad del 50% y está en ascenso en las últimas dos semanas. https://t.co/9BBzQvmHez	https://twitter.com/SantiOlsze/status/1339557477873029121	[]
SantiOlsze	Wed Dec 16 12:32:45 +0000 2020	240	88	El mundo registró ayer su máximo valor de muertes reportadas en un día: 13998. https://t.co/PElKsl8UjM	https://twitter.com/SantiOlsze/status/1339186704494841858	[]
SantiOlsze	Tue Dec 15 23:10:56 +0000 2020	123	64	CABA y PBA ya no bajan y hasta amagan con empezar a subir. https://t.co/1gJ9GqHOx3	https://twitter.com/SantiOlsze/status/1338984917552816129	[]
SantiOlsze	Tue Dec 15 14:34:06 +0000 2020	1	0	@karinaniebla @norasanchez69 @rquiroga777 Justo te lo iba a mandar!	https://twitter.com/SantiOlsze/status/1338854852395376642	[]
SantiOlsze	Tue Dec 15 13:25:51 +0000 2020	298	89	Parece haber una tendencia en ascenso en la cantidad de llamadas al 107 en CABA, un indicador que a nivel mundial sirvió para anticipar brotes. Veremos cómo sigue esta tendencia, pero sirve aunque sea mirarlo de reojo. https://t.co/opLvPoqX9S	https://twitter.com/SantiOlsze/status/1338837677173563392	[]
SantiOlsze	Tue Dec 15 01:24:19 +0000 2020	0	0	@ggodeth Porque dudo que los casos puedan bajar así sin cuarentena salvo por un efecto tipo rebaño.	https://twitter.com/SantiOlsze/status/1338656096316231684	[]
SantiOlsze	Tue Dec 15 00:25:28 +0000 2020	27	3	Mínimo valor de ocupación de camas de terapia intensiva en Argentina desde el máximo por encima de 5000 el 1° de noviembre. https://t.co/vauPEzFhOC	https://twitter.com/SantiOlsze/status/1338641286442704903	[]
SantiOlsze	Tue Dec 15 00:08:08 +0000 2020	2	0	@Dani_RA2 Proporción de personas con anticuerpos contra un patógeno (el coronavirus, x ej) en una población.	https://twitter.com/SantiOlsze/status/1338636926941876225	[]
SantiOlsze	Mon Dec 14 23:54:01 +0000 2020	0	0	@rquiroga777 @riverapomar Wow, genial https://t.co/l2gzsaj35p	https://twitter.com/SantiOlsze/status/1338633375393992704	[]
SantiOlsze	Mon Dec 14 23:32:11 +0000 2020	63	0	¿Un estudio de seroprevalencia en Jujuy no estaría mal, no? https://t.co/Uye29fRF3B	https://twitter.com/SantiOlsze/status/1338627877458337793	[]
SantiOlsze	Mon Dec 14 12:35:01 +0000 2020	127	42	"En la última semana: 

BOL🇧🇴: Días con más de 300 casos (máx desde octubre)
BRA🇧🇷: Más de 54000 casos en un día (máx desde agosto)
CHI🇨🇱: Más de 2000 en un día (máx desde octubre)
PY🇵🇾: Más de 1000 en un día (máx desde agosto)
URU🇺🇾: Más de 500 en un día (máx histórico) https://t.co/WWT5I4rjI6"	https://twitter.com/SantiOlsze/status/1338462498928930817	[]
SantiOlsze	Mon Dec 14 12:10:49 +0000 2020	11	0	#AñoNuevoALaOlsze https://t.co/ZhAGSAOs7R	https://twitter.com/SantiOlsze/status/1338456407276982272	[{'text': 'AñoNuevoALaOlsze', 'indices': [0, 17]}]
SantiOlsze	Mon Dec 14 12:07:02 +0000 2020	5	0	@leandrocahn Gran movida de Google para enfrentar la última semana full hábil del año	https://twitter.com/SantiOlsze/status/1338455454243041281	[]
SantiOlsze	Mon Dec 14 12:03:13 +0000 2020	430	17	¿El pibe que se levanta 4AM para analizar el mercado vio que se iba a caer Google?	https://twitter.com/SantiOlsze/status/1338454496024928257	[]
SantiOlsze	Mon Dec 14 11:55:40 +0000 2020	1	0	@JEBonnin En nadie se puede confiar, en nadie.	https://twitter.com/SantiOlsze/status/1338452596068061184	[]
SantiOlsze	Sat Dec 12 23:49:23 +0000 2020	1	0	@nepele Hay 150 países en el gráfico. Marco el nuestro y algunos de los que nos bajaron del primer puesto.	https://twitter.com/SantiOlsze/status/1337907431205122048	[]
SantiOlsze	Sat Dec 12 23:19:20 +0000 2020	4	1	@LauraLC2012 Este es el acumulado, no el diario.	https://twitter.com/SantiOlsze/status/1337899870745546753	[]
SantiOlsze	Sat Dec 12 18:31:28 +0000 2020	43	24	Con 12921 fallecimientos registrados en el día, el mundo alcanzó ayer el máximo valor de muertes diarias reportadas por COVID-19. https://t.co/ftRo8yYE4Q	https://twitter.com/SantiOlsze/status/1337827424604745730	[]
SantiOlsze	Sat Dec 12 15:46:37 +0000 2020	854	219	Argentina, que fue durante casi un mes el país que más muertes/millón reportaba por día por coronavirus, hoy no figura ni en las primeras veinte posiciones de ese ranking. https://t.co/QfSjGLQEQb	https://twitter.com/SantiOlsze/status/1337785941579227137	[]
SantiOlsze	Sat Dec 12 01:53:15 +0000 2020	112	9	Vacunas en camino y media sanción para el aborto legal. Pinta un diciembre hermoso en materia de Salud Pública.	https://twitter.com/SantiOlsze/status/1337576216463896576	[]
SantiOlsze	Fri Dec 11 23:58:20 +0000 2020	87	8	Alberto Fernández debería dejarlas añejar un año en un galpón de Retiro para homenajear al ex Secretario. https://t.co/dMUIv1JELz	https://twitter.com/SantiOlsze/status/1337547296872026113	[]
SantiOlsze	Fri Dec 11 22:26:20 +0000 2020	63	29	El mundo está en sus valores más altos de muertes diarias por coronavirus desde que comenzó la pandemia. 7 de los 10 días con más muertes reportadas fueron en diciembre. El máximo, por el momento, el 1/12. https://t.co/tNGoheMXnF	https://twitter.com/SantiOlsze/status/1337524145547071489	[]
SantiOlsze	Thu Dec 10 16:26:05 +0000 2020	74	3	@antecesorcomun Un DNI por cada clon tumoral	https://twitter.com/SantiOlsze/status/1337071096999403520	[]
SantiOlsze	Thu Dec 10 14:51:49 +0000 2020	264	28	"♥️💉♥️💉♥️💉♥️💉♥️💉

@alferdez: Voy a vacunarme antes que todos, para que nadie tenga miedo.

@ginesggarcia: Y yo segundo. https://t.co/kZirojnYc0"	https://twitter.com/SantiOlsze/status/1337047373688803334	[]
SantiOlsze	Thu Dec 10 14:41:13 +0000 2020	5	0	@LamiIgnacio @UnTopo73 Suecia carga por fecha de fallecimiento, entonces siempre cae hacia los días actuales la curva sueca.	https://twitter.com/SantiOlsze/status/1337044705511690252	[]
SantiOlsze	Thu Dec 10 14:35:11 +0000 2020	17	3	"""Hemos suscripto el contrato con el Fondo Soberano de la Federación Rusa que nos garantiza la provisión de vacunas para la Argentina. Vamos a poder contar con las dosis para vacunar a 300.000 personas antes de fin de año y a 10 millones de argentinxs en enero y febrero"" https://t.co/vJfE8bVDEo"	https://twitter.com/SantiOlsze/status/1337043185051312136	[]
SantiOlsze	Thu Dec 10 13:25:15 +0000 2020	2	0	@jorgeluisaliaga @Andrea_Gentil @alferdez Gracias! https://t.co/DRhzHmYWOE	https://twitter.com/SantiOlsze/status/1337025586301198336	[]
SantiOlsze	Thu Dec 10 13:09:09 +0000 2020	2	0	@indigocat @hitchpster Increible, realmente.	https://twitter.com/SantiOlsze/status/1337021537812156418	[]
SantiOlsze	Thu Dec 10 13:04:36 +0000 2020	3	0	@Andrea_Gentil Tenemos link?! Me puse ansioso.	https://twitter.com/SantiOlsze/status/1337020393035616257	[]
SantiOlsze	Thu Dec 10 12:58:49 +0000 2020	3	0	@indigocat @hitchpster Tremendo testimonio de primera mano.	https://twitter.com/SantiOlsze/status/1337018937289084928	[]
SantiOlsze	Thu Dec 10 12:41:27 +0000 2020	322	81	"Suecia no es ejemplo de nada.
S02E03: Terapias intensivas al 99% en Estocolmo. https://t.co/AMXWBrf33X"	https://twitter.com/SantiOlsze/status/1337014564173582337	[]
SantiOlsze	Wed Dec 09 16:23:03 +0000 2020	0	0	@Dani_RA2 https://t.co/ziW9Pitbia	https://twitter.com/SantiOlsze/status/1336707942746365952	[]
SantiOlsze	Wed Dec 09 15:57:35 +0000 2020	229	39	"El clickbait nos va a matar, literalmente. La nota aclara que ""ninguna muerte está relacionada con la vacuna"", pero a quién le importa la nota si se cobra por click, verdad? https://t.co/I14P7S5LcA"	https://twitter.com/SantiOlsze/status/1336701533828902917	[]
SantiOlsze	Wed Dec 09 15:49:58 +0000 2020	40	8	Escasa reducción de movilidad, récord de muertes y Merkel casi suplicando a los alemanes que se queden en casa. Un mes difícil en Alemania. https://t.co/faZOP93LIS	https://twitter.com/SantiOlsze/status/1336699620202831872	[]
SantiOlsze	Mon Dec 07 17:49:57 +0000 2020	38	2	"@Andrea_Gentil Da impotencia, pero tenemos que confiar en que el tiempo y la perspectiva van a poner las cosas en su lugar. Mientras tanto, seguiremos ""jodiendo""."	https://twitter.com/SantiOlsze/status/1336005039916257284	[]
SantiOlsze	Mon Dec 07 16:06:56 +0000 2020	337	95	Latinoamérica en los últimos 60 días. Brasil, Paraguay y Uruguay, en franco ascenso de casos. https://t.co/rbZ8YmGwtC	https://twitter.com/SantiOlsze/status/1335979111697747970	[]
SantiOlsze	Mon Dec 07 13:42:26 +0000 2020	41	7	Plaza Houssay https://t.co/38cH0LzTGU	https://twitter.com/SantiOlsze/status/1335942750093586439	[]
SantiOlsze	Sat Dec 05 21:30:03 +0000 2020	103	21	3757 camas de terapia intensiva ocupadas por pacientes con coronavirus en Argentina. Para encontrar un valor menor hay que remontarse a septiembre. https://t.co/gl46SXN3s1	https://twitter.com/SantiOlsze/status/1335335650602741764	[]
SantiOlsze	Sat Dec 05 15:50:22 +0000 2020	287	112	Tres semanas después del máximo valor de casos, Italia🇮🇹 reportó el jueves 993 fallecidos por coronavirus. Es el valor diario más alto histórico, tras superar el récord anterior de 963 decesos el 27 de marzo. https://t.co/jIbxFhEvmy	https://twitter.com/SantiOlsze/status/1335250167512100866	[]
SantiOlsze	Fri Dec 04 12:27:00 +0000 2020	101	33	Suecia 🇸🇪 reporta varias veces más fallecidos por coronavirus que los otros países nórdicos. De nuevo. https://t.co/44QTG8rVFO	https://twitter.com/SantiOlsze/status/1334836600153530368	[]
SantiOlsze	Fri Dec 04 11:34:30 +0000 2020	2	0	@octaviobramajo Genial, Octavio. Gracias por tus comentarios, los tengo muy en cuenta siempre.	https://twitter.com/SantiOlsze/status/1334823390943850497	[]
SantiOlsze	Fri Dec 04 01:37:21 +0000 2020	73	14	Se me pasó que hoy a la tarde se publicó en La Nación, pluma de @norabar mediante, esta nota con la opinión de varios expertos para analizar con más detalle el tema: https://t.co/Xc8mBoj9S1 .	https://twitter.com/SantiOlsze/status/1334673113229963264	[]
SantiOlsze	Thu Dec 03 23:32:43 +0000 2020	10	0	@SergioChouza Gracias. Hay datos! Fíjate en la nota del NYT de uno de los tuits del hilo. Ambos tienen covid similar a exceso de muertes.	https://twitter.com/SantiOlsze/status/1334641747939520512	[]
SantiOlsze	Thu Dec 03 23:22:01 +0000 2020	1	0	@GustavoEsfumado Tuve que pecar y achicarla para que se vean bien todas las líneas. No estoy orgulloso, pero puse más grande el exceso como número para compensar 🙃	https://twitter.com/SantiOlsze/status/1334639053413691399	[]
SantiOlsze	Thu Dec 03 23:12:59 +0000 2020	125	21	Si lo pudo hacer la Provincia más grande, más poblada del país y más subdividida políticamente, es porque lo pueden hacer todas. Esperemos que el resto del país inicie análisis similares para poder estimar el exceso de mortalidad a escala nacional.	https://twitter.com/SantiOlsze/status/1334636779777953797	[]
SantiOlsze	Thu Dec 03 23:12:58 +0000 2020	126	25	Celebro la robustez del sistema de registro de fallecidos de @SaludBAP que sugiere esta información, además del inmenso trabajo por digitalizar toda la información pertinente. A @nkreplak (uno de los autores del trabajo) y a @DrDanielGollan, por ponerse todo al hombro.	https://twitter.com/SantiOlsze/status/1334636778066677761	[]
SantiOlsze	Thu Dec 03 23:12:58 +0000 2020	81	18	"La información se publicó bajo el título ""Impacto de la pandemia Covid-19 en indicadores de mortalidad Provincia de Buenos Aires (Argentina)"" y pueden verla aquí:  https://t.co/wBRjCFdHcq"	https://twitter.com/SantiOlsze/status/1334636776137355267	[]
SantiOlsze	Thu Dec 03 23:12:57 +0000 2020	79	20	En países que tuvieron picos muy agudos, el subregistro fue notable. En Perú, Ecuador y Bolivia, por ejemplo, se registraron más del doble de muertes en exceso que aquellas efectivamente identificadas como COVID. https://t.co/8NOwaMD7r5	https://twitter.com/SantiOlsze/status/1334636774237278209	[]
SantiOlsze	Thu Dec 03 23:12:57 +0000 2020	69	13	Si miramos solo los meses con exceso de muertes positivo, también se ve lo mismo. Las muertes COVID registradas cubren todo el exceso de muertes (área naranja) y más. https://t.co/9FL0Hi12jQ	https://twitter.com/SantiOlsze/status/1334636772312092672	[]
SantiOlsze	Thu Dec 03 23:12:56 +0000 2020	88	15	¿Por qué más y no lo mismo? Es probable que el aislamiento haya prevenido muchos fallecimientos por otras causas (traumáticas, otras infecciosas, etcétera) y que por ende las muertes no-COVID estén por debajo del promedio histórico.	https://twitter.com/SantiOlsze/status/1334636767761358855	[]
SantiOlsze	Thu Dec 03 23:12:55 +0000 2020	144	27	Hasta noviembre, en PBA se murieron 11220 personas más que en el promedio del quinquenio anterior (área naranja) y 18791 por COVID. Las muertes por COVID explican la totalidad del exceso de muertes, lo que evidencia un robusto sistema de registro de fallecidos. https://t.co/M9MK1PxigF	https://twitter.com/SantiOlsze/status/1334636765576040457	[]
SantiOlsze	Thu Dec 03 23:12:54 +0000 2020	849	263	La Provincia de Buenos Aires es la primera en publicar datos de exceso de mortalidad, el cual representa un 10% por encima de la serie histórica 2015-2019. Estos datos permiten inferir que no hay subregistro de fallecidos COVID en PBA, como sí se vio en muchos lugares. https://t.co/vVV39aTCW8	https://twitter.com/SantiOlsze/status/1334636761235025922	[]
SantiOlsze	Tue Dec 01 16:59:56 +0000 2020	108	8	¿Respetar la memoria del Diego (y a su familia) no es también aflojar con el reality de la muerte y la caza de enfermerxs y médicxs que lo acompañaron en sus últimos días?	https://twitter.com/SantiOlsze/status/1333818122307072005	[]
SantiOlsze	Tue Dec 01 10:58:10 +0000 2020	63	13	Con reducciones importantes de movilidad, Francia e Italia bajan fuertemente la cantidad de casos detectados. Empieza a controlarse, con el delay que la caracteriza, la curva de fallecimientos. https://t.co/ImTISjswO8	https://twitter.com/SantiOlsze/status/1333727082690600960	[]
SantiOlsze	Sun Nov 29 22:25:25 +0000 2020	2	0	@LuchoBrum @federicocarrone https://t.co/ru4jxaqXAX	https://twitter.com/SantiOlsze/status/1333175258476666881	[]
SantiOlsze	Sat Nov 28 20:09:53 +0000 2020	1	0	@ivanaedlp Una vegan-friendly agroecológica	https://twitter.com/SantiOlsze/status/1332778760937025540	[]
SantiOlsze	Sat Nov 28 20:05:45 +0000 2020	2	0	@leitouran Bandera de Paraguay. La secuencia de origen implica cerveza y quejarse del SIU Guaraní.	https://twitter.com/SantiOlsze/status/1332777723282993157	[]
SantiOlsze	Sat Nov 28 15:20:28 +0000 2020	1	0	@dralbertotorres Las comorbilidades no aparecen en los datos abiertos del SISA.	https://twitter.com/SantiOlsze/status/1332705929431801857	[]
SantiOlsze	Sat Nov 28 15:07:14 +0000 2020	37	1	Una bandera con los nombres del grupo de amigxs para ir completándola a manos pintadas a medida que nos recibimos. La idea es robada y es hermosa. https://t.co/4B3rg9bMgx	https://twitter.com/SantiOlsze/status/1332702600215597057	[]
SantiOlsze	Sat Nov 28 13:47:26 +0000 2020	1	0	@paupKa jajaja ya casi que lo publico exclusivamente para vos 😂	https://twitter.com/SantiOlsze/status/1332682517565026307	[]
SantiOlsze	Sat Nov 28 13:41:58 +0000 2020	53	9	"1.407.277 de casos en Argentina, con edad más frecuente a los 30 años en hombres y mujeres. 

38.216 son los fallecidos. El 57% eran hombres y la edad más frecuente de ellos  ronda los 75 años. La edad más frecuente en mujeres fallecidas, el 43% restante, ronda los 85 años. https://t.co/riCyRxh6sI"	https://twitter.com/SantiOlsze/status/1332681139643879424	[]
SantiOlsze	Fri Nov 27 17:23:34 +0000 2020	2	0	@mario_hartman @ernestorr Pegó muy fuerte en muchos países además de esos 5 que mencionás.  Acá podés explorar (y es de donde salen los datos): https://t.co/mtCzbyAyba https://t.co/skwwvV9rTY	https://twitter.com/SantiOlsze/status/1332374520699752452	[]
SantiOlsze	Thu Nov 26 22:51:36 +0000 2020	160	24	Nuevo descenso en la cantidad de camas de terapia intensiva ocupadas por pacientes COVID. Son 3960 las camas ocupadas hoy, lejos de las 5119 del 1/11. La última vez que hubo menos de 4000 camas ocupadas fue el 7/10. https://t.co/IruCqTFLQl	https://twitter.com/SantiOlsze/status/1332094684617912323	[]
SantiOlsze	Thu Nov 26 12:04:00 +0000 2020	250	49	Las muertes diarias por coronavirus en Europa alcanzan y hasta superan las registradas en la primera ola. No está de más repasar qué decían hace poco más de un mes los que nos tildaban de alarmistas cuando hablabamos del crecimiento de los casos en el viejo continente. https://t.co/KHy2uEBt6z	https://twitter.com/SantiOlsze/status/1331931709672091650	[]
SantiOlsze	Thu Nov 26 00:35:17 +0000 2020	58	13	Todavía es obligatorio el uso de barbijo, eh. Acá el decreto 875/2020 sobre DISPO, del 07-11 y todavía vigente. https://t.co/GrA9OTGj0M	https://twitter.com/SantiOlsze/status/1331758387483332613	[]
SantiOlsze	Mon Nov 23 22:47:12 +0000 2020	12	0	@natimollo Una cama se desocupa por muerte o alta, más o menos 50-50. Este indicador baja cuando los nuevos ingresos son menos que los egresos (por muerte o alta). Las camas se están liberando más rápido de lo que se ocupan.	https://twitter.com/SantiOlsze/status/1331006413561270276	[]
SantiOlsze	Mon Nov 23 22:33:12 +0000 2020	283	38	Hay 4166 camas de terapia intensiva ocupadas por pacientes con COVID-19 en Argentina. Representan casi 1000 menos que el máximo (el 1/11) y de 530 menos que hace un mes. https://t.co/o8q1M1GFdF	https://twitter.com/SantiOlsze/status/1331002891818164227	[]
SantiOlsze	Mon Nov 23 05:03:08 +0000 2020	1	0	@mirsuamg ❤️	https://twitter.com/SantiOlsze/status/1330738630114107398	[]
SantiOlsze	Mon Nov 23 01:54:47 +0000 2020	0	0	@jelffman @ElffmanMarcela ❤️❤️❤️❤️❤️	https://twitter.com/SantiOlsze/status/1330691233992364032	[]
SantiOlsze	Sun Nov 22 18:58:26 +0000 2020	0	0	@Laurabonofiglio Gracias!!! ❤️	https://twitter.com/SantiOlsze/status/1330586453303300102	[]
SantiOlsze	Sun Nov 22 16:02:42 +0000 2020	0	0	@Luciencia_ Gracias!!	https://twitter.com/SantiOlsze/status/1330542229975347200	[]
SantiOlsze	Sun Nov 22 11:50:15 +0000 2020	1	0	@altisidoramente Gracias, Clea!	https://twitter.com/SantiOlsze/status/1330478698525503489	[]
SantiOlsze	Sun Nov 22 11:43:47 +0000 2020	0	0	@mirindapringles Gracias!!!	https://twitter.com/SantiOlsze/status/1330477071290789889	[]
SantiOlsze	Sun Nov 22 11:43:07 +0000 2020	1	0	@Dianacos gracias, diana!	https://twitter.com/SantiOlsze/status/1330476903761911811	[]
SantiOlsze	Sun Nov 22 11:42:40 +0000 2020	1	0	@WMartin11465718 @Dvargen1 Gracias a ambos!	https://twitter.com/SantiOlsze/status/1330476789815250945	[]
SantiOlsze	Sun Nov 22 11:18:45 +0000 2020	3	0	@TotinFraire Gracias, Totin! El ámbito en que nos cruzamos termina siendo un poco igualador (sumado a mi caradurez), pero sigo siendo un pendejo de casi 24 😆	https://twitter.com/SantiOlsze/status/1330470769411973121	[]
SantiOlsze	Sun Nov 22 02:33:53 +0000 2020	0	0	@roelesgaray Gracias!!!	https://twitter.com/SantiOlsze/status/1330338682734333952	[]
SantiOlsze	Sun Nov 22 01:11:11 +0000 2020	8	0	@rquiroga777 Jajaja gracias Rodri! Abrazo enorme	https://twitter.com/SantiOlsze/status/1330317872657260545	[]
SantiOlsze	Sun Nov 22 01:04:14 +0000 2020	0	0	@melquiadess Gracias!!	https://twitter.com/SantiOlsze/status/1330316122982395906	[]
SantiOlsze	Sun Nov 22 00:54:16 +0000 2020	1	0	@melipogo Gracias! No sé qué pasó. Iba a escribir una nota en el cuaderno de comunicaciones pero no lo encuentro.	https://twitter.com/SantiOlsze/status/1330313616688631811	[]
SantiOlsze	Sun Nov 22 00:08:58 +0000 2020	1	0	@paupKa Gracias!!	https://twitter.com/SantiOlsze/status/1330302216553566211	[]
SantiOlsze	Sun Nov 22 00:03:04 +0000 2020	1	0	@MarianaLestelle Gracias !! 👨‍🔬🧬	https://twitter.com/SantiOlsze/status/1330300731384078338	[]
SantiOlsze	Sat Nov 21 23:37:48 +0000 2020	1	0	@fpolitano Gracias!!	https://twitter.com/SantiOlsze/status/1330294370218766343	[]
SantiOlsze	Sat Nov 21 23:37:43 +0000 2020	1	0	@chaquetumate Gracias!!	https://twitter.com/SantiOlsze/status/1330294350614585350	[]
SantiOlsze	Sat Nov 21 23:13:29 +0000 2020	2	0	@zacariasbustos Gracias Zaca!	https://twitter.com/SantiOlsze/status/1330288253799452681	[]
SantiOlsze	Sat Nov 21 22:59:50 +0000 2020	0	0	@lucasmmedrano07 Gracias!!	https://twitter.com/SantiOlsze/status/1330284815216676864	[]
SantiOlsze	Sat Nov 21 22:59:41 +0000 2020	1	0	@dwainer Gracias Dario!!! Abrazo	https://twitter.com/SantiOlsze/status/1330284779107995654	[]
SantiOlsze	Sat Nov 21 22:58:25 +0000 2020	1	0	@k_alle_va Graciaaas	https://twitter.com/SantiOlsze/status/1330284460928086016	[]
SantiOlsze	Sat Nov 21 22:43:22 +0000 2020	2	0	@ernestorr Ernesto! Muchísimas gracias!!	https://twitter.com/SantiOlsze/status/1330280671978397698	[]
SantiOlsze	Sat Nov 21 22:42:46 +0000 2020	6	0	@mmbarrionuevo ¡Gracias, Martín! Es que tu generosidad es contagiosa...	https://twitter.com/SantiOlsze/status/1330280520450797569	[]
SantiOlsze	Sat Nov 21 22:29:44 +0000 2020	1	0	@jeremiasincicco Gracias, fenómeno.	https://twitter.com/SantiOlsze/status/1330277242946138115	[]
SantiOlsze	Sat Nov 21 22:29:33 +0000 2020	3	0	@jorgeluisaliaga Gracias, Jorge!	https://twitter.com/SantiOlsze/status/1330277196007665666	[]
SantiOlsze	Sat Nov 21 22:29:14 +0000 2020	1	0	@JEBonnin Saluuuud🍾	https://twitter.com/SantiOlsze/status/1330277116244537347	[]
SantiOlsze	Sat Nov 21 22:28:51 +0000 2020	6	0	@norabar Gracias, Nora💕	https://twitter.com/SantiOlsze/status/1330277020681576455	[]
SantiOlsze	Sat Nov 21 22:28:10 +0000 2020	6	0	@quiquebollati Gracias por las felicitaciones. Enseguida lo cambio😂	https://twitter.com/SantiOlsze/status/1330276846282420226	[]
SantiOlsze	Sat Nov 21 22:19:52 +0000 2020	10285	74	Soy bioquímico!!! https://t.co/uhjNJpFzvt	https://twitter.com/SantiOlsze/status/1330274757833535493	[]
SantiOlsze	Fri Nov 20 11:35:53 +0000 2020	1	1	@CarolinaDB7 Clarísima la tendencia https://t.co/x1HyjqavQM	https://twitter.com/SantiOlsze/status/1329750306943426561	[]
SantiOlsze	Fri Nov 20 11:07:39 +0000 2020	92	18	20 millones de jeringas para vacunarnos. A preparar el brazo que cada vez falta menos💉💪🏼. https://t.co/lDhaqL0AFD	https://twitter.com/SantiOlsze/status/1329743200333008897	[]
SantiOlsze	Fri Nov 20 00:10:46 +0000 2020	72	18	Los casos diarios en CABA dejan de bajar y se estabilizan en torno a los 400 por día. Lo mismo se ve en varios municipios del GBA. https://t.co/Eg8nMPn1Ol	https://twitter.com/SantiOlsze/status/1329577890913153031	[]
SantiOlsze	Thu Nov 19 23:10:05 +0000 2020	16	4	"""Help is on the way"" https://t.co/fAFrApFywD"	https://twitter.com/SantiOlsze/status/1329562618722390026	[]
SantiOlsze	Wed Nov 18 21:53:43 +0000 2020	79	23	Dos días consecutivos con récord de fallecidos y camas de terapia intensiva ocupadas en Italia 🇮🇹. La subida de las camas UTI ocupadas indica que es muy probable que las muertes sigan en aumento. https://t.co/gyUwOw9KXQ	https://twitter.com/SantiOlsze/status/1329181013453533184	[]
SantiOlsze	Tue Nov 17 23:59:08 +0000 2020	0	0	@Fede_Pacha Agree to disagree. Prefiero los acuerdos que logren cambios subóptimos/más lentos/menos peores a que siga todo igual y dejar bien marcadas las convicciones.	https://twitter.com/SantiOlsze/status/1328850187587088385	[]
SantiOlsze	Tue Nov 17 23:23:12 +0000 2020	0	0	@Fede_Pacha Campaña tuitera o no, me decepciona en lo personal por haber siempre cortado boleta para que la izquierda entre al congreso. ¿Para qué? Para que este tipo de iniciativas tengan un par de votos más asegurados. Se ve que ya ni siquiera.	https://twitter.com/SantiOlsze/status/1328841144076275720	[]
SantiOlsze	Tue Nov 17 23:20:39 +0000 2020	1	0	@Fede_Pacha En definitiva,  porque tenían un proyecto mejor y en el marco de un rechazo más general a la política económica. Entiendo, pero no comparto. Imperfecto o no, con esta ley pagan los 9000 tipos más ricos del país. Y sin ella, ninguno.	https://twitter.com/SantiOlsze/status/1328840502217764864	[]
SantiOlsze	Tue Nov 17 22:55:37 +0000 2020	2	0	@JEBonnin L'impunidá	https://twitter.com/SantiOlsze/status/1328834205871124480	[]
SantiOlsze	Tue Nov 17 22:52:35 +0000 2020	320	94	Finalmente, el impuesto a las grandes fortunas afectaría a 9000 personas, el 0,02% más rico del país. https://t.co/WYNwjWYJD6	https://twitter.com/SantiOlsze/status/1328833442289692673	[]
SantiOlsze	Tue Nov 17 20:19:21 +0000 2020	3	0	@fritz__ Raro que no favorezca a la clase trabajadora si el 20% va al mejoramiento del sistema sanitario, el 15% a la urbanización de barrios populares y otro porcentaje (que no recuerdo ahora) a Progresar. Igual sí, imagino que votarán a favor en bloque, como deberían haber hecho hoy.	https://twitter.com/SantiOlsze/status/1328794880219508739	[]
SantiOlsze	Tue Nov 17 19:54:54 +0000 2020	90	6	La izquierda dijo que no acompañaba el Aporte Solidario de las Grandes Fortunas, básicamente, porque habían presentado hace mucho un proyecto mucho mejor que no se trató. ¿Harán lo mismo con el aborto?	https://twitter.com/SantiOlsze/status/1328788725032214532	[]
SantiOlsze	Tue Nov 17 19:20:59 +0000 2020	22	0	#QueSeaLey https://t.co/lomprbCYgJ	https://twitter.com/SantiOlsze/status/1328780191808811011	[{'text': 'QueSeaLey', 'indices': [0, 10]}]
SantiOlsze	Tue Nov 17 00:36:16 +0000 2020	165	16	¿Me zarpé? https://t.co/QnngPH9n8G	https://twitter.com/SantiOlsze/status/1328497146711175169	[]
SantiOlsze	Mon Nov 16 21:40:49 +0000 2020	999	138	Por primera vez desde marzo, la cantidad de pacientes en terapia intensiva por coronavirus en Argentina es menor que un mes atrás. https://t.co/JakOQ6L9VU	https://twitter.com/SantiOlsze/status/1328452990316011521	[]
SantiOlsze	Mon Nov 16 12:06:15 +0000 2020	147	24	Si no vamos a tener más capacidad de testeo y rastreo que los países europeos y ellos se comieron de frente la segunda ola, tal vez sea momento de pensar estrategias alternativas o de admitir que cuando las papas queman la única alternativa es aislamiento estricto.	https://twitter.com/SantiOlsze/status/1328308397847011334	[]
SantiOlsze	Mon Nov 16 11:06:39 +0000 2020	2	0	@Ayresdemandalas Denunciar	https://twitter.com/SantiOlsze/status/1328293398869135361	[]
SantiOlsze	Sun Nov 15 23:01:53 +0000 2020	747	181	Descacharren, que no estamos para epidemia y pandemia en paralelo.	https://twitter.com/SantiOlsze/status/1328111007546437632	[]
SantiOlsze	Sun Nov 15 22:18:49 +0000 2020	16	1	¿Hay letra chica del contrato Argentina-Rusia por las 20M de dosis? ¿Qué pasa si, con vacuna aprobada, no se respeta la entrega antes del 15/01?	https://twitter.com/SantiOlsze/status/1328100166650503169	[]
SantiOlsze	Sat Nov 14 13:28:10 +0000 2020	671	250	La segunda ola europea llegó al mismo nivel de muertes reportadas por día que la primera. Ni solo por testeo, ni solo circulación entre jóvenes, ni una cepa más light ni muchas otras verduras que se dijeron para tratar de tapar lo inevitable. https://t.co/MZj98bLJEv	https://twitter.com/SantiOlsze/status/1327604236331474944	[]
SantiOlsze	Fri Nov 13 11:51:58 +0000 2020	26	6	Siguen en aumento los fallecidos después de un verano tranquilo para los dos países con más fallecidos por coronavirus de Europa continental. https://t.co/vOGuFs6gUq	https://twitter.com/SantiOlsze/status/1327217639270326273	[]
SantiOlsze	Fri Nov 13 11:29:24 +0000 2020	1	0	@DrLucasArriola Parece tener menos pendiente. A mi me preocupa que vayan camino a una curva aplanada (tipo Argentina) que no baja nunca y acumula muchísimos fallecidos. Tal vez más que la curva con pico muy agudo.	https://twitter.com/SantiOlsze/status/1327211962502172673	[]
SantiOlsze	Thu Nov 12 21:17:27 +0000 2020	40	12	Muy similar es la situación de Italia 🇮🇹, que tiene récord de muertes en la segunda ola. Reporta hoy 636 fallecimientos. Hace un mes eran 16(!) veces menos fallecidos por día. https://t.co/xQNp3MApNW	https://twitter.com/SantiOlsze/status/1326997560448479232	[]
SantiOlsze	Thu Nov 12 21:17:26 +0000 2020	77	25	Mientras las muertes siguen subiendo, en Francia 🇫🇷 la movilidad de esta segunda cuarentena es mucho mayor que en la cuarentena de la primera ola. ¿Alcanzará? https://t.co/qhbT6lVeeo	https://twitter.com/SantiOlsze/status/1326997556317069340	[]
SantiOlsze	Wed Nov 11 22:35:45 +0000 2020	288	33	Hisoparon al Presidente luego de que  ̶s̶e̶ ̶c̶h̶a̶p̶a̶r̶a̶ ̶a̶ ̶t̶o̶d̶o̶ ̶L̶a̶ ̶Q̶u̶i̶a̶c̶a̶  Gustavo Béliz diera positivo de Covid-19	https://twitter.com/SantiOlsze/status/1326654879063019521	[]
SantiOlsze	Wed Nov 11 11:45:30 +0000 2020	21	0	@Marce_Quiroga https://t.co/U4EVrRRRKQ	https://twitter.com/SantiOlsze/status/1326491238091153409	[]
SantiOlsze	Wed Nov 11 11:17:14 +0000 2020	1	0	@musicaycafe10 En el comunicado de @sputnikvaccine	https://twitter.com/SantiOlsze/status/1326484121682632707	[]
SantiOlsze	Wed Nov 11 11:13:36 +0000 2020	4	0	@martinschus Parece tener menos pendiente. Posiblemente no colapsen  masivamente los sistemas de salud esta vez. Yo creo que el riesgo está en que tengan una curva aplanada tipo Arg sin colapso en masa pero con mucho área bajo la curva.	https://twitter.com/SantiOlsze/status/1326483207487938560	[]
SantiOlsze	Wed Nov 11 11:08:13 +0000 2020	88	36	Italia lleva 35 días consecutivos de suba en la cantidad de camas de terapia intensiva ocupadas. Las camas ocupadas pasaron de 319 a casi 3000 y los fallecidos, de 30 por día a más de 500 ayer. https://t.co/Gl6BpqWz3X	https://twitter.com/SantiOlsze/status/1326481854824902656	[]
SantiOlsze	Wed Nov 11 10:25:39 +0000 2020	2	0	@Brunobian Desconocemos (al menos yo) cuántos voluntarios había en cada grupo. Esa cuenta solo valdría con cantidades iguales en ambos.	https://twitter.com/SantiOlsze/status/1326471139753938945	[]
SantiOlsze	Wed Nov 11 09:41:03 +0000 2020	93	16	92% de eficacia para la Sputnik V, que, como la de Pfizer, está basada en resultados parciales y todavía no publicados de la fase 3. 💉❤️💉 https://t.co/6NfWWPGqaX	https://twitter.com/SantiOlsze/status/1326459916052287488	[]
SantiOlsze	Wed Nov 11 01:59:02 +0000 2020	1	0	"@Pabloaya3 (Casos/habitantes)*100.000

En tu caso (16/20000)*100000 = 80 casos cada 100.000hab."	https://twitter.com/SantiOlsze/status/1326343649215590402	[]
SantiOlsze	Tue Nov 10 23:59:24 +0000 2020	135	20	"Hoy España reporta 411 fallecidos, récord diario de una segunda ola que ya se cobró la vida de aproximadamente 10.000 españoles. 

En Europa, los casos empezaron a subir durante agosto y septiembre. Cuando alertábamos al respecto, este tipo de respuestas recibíamos. https://t.co/DG4gwMSISi"	https://twitter.com/SantiOlsze/status/1326313541020815362	[]
SantiOlsze	Tue Nov 10 20:38:40 +0000 2020	1	0	@cosovschi Muchas gracias. Qué tremendo todo...	https://twitter.com/SantiOlsze/status/1326263026685710352	[]
SantiOlsze	Tue Nov 10 20:34:40 +0000 2020	2	0	"@cosovschi Imagino que sumaron 1200 hoy pero 472 se murieron literalmente ayer. Forma confusa de comunicar los ""nuevos"".  Será así?"	https://twitter.com/SantiOlsze/status/1326262018723237889	[]
SantiOlsze	Tue Nov 10 20:32:48 +0000 2020	3	0	@cosovschi Hola, ¿Cómo es el tema del informe de muertes? Siempre veo varios números circulando. Por ejemplo, esta pág pone 472. Hay más de una fuente de datos oficiales?  https://t.co/AQIwWmCnip	https://twitter.com/SantiOlsze/status/1326261548600479749	[]
SantiOlsze	Mon Nov 09 20:12:12 +0000 2020	41	0	"09/11/2020

Ahora el águila tiene su dolencia mayor. Bolivia les duele, pues les duele el amor. https://t.co/oVVynrbDmj"	https://twitter.com/SantiOlsze/status/1325893976642232323	[]
SantiOlsze	Mon Nov 09 14:42:34 +0000 2020	1	0	@lawhiteangel Genial!!!	https://twitter.com/SantiOlsze/status/1325811020313604098	[]
SantiOlsze	Mon Nov 09 14:40:42 +0000 2020	0	0	@lawhiteangel Classic placebo	https://twitter.com/SantiOlsze/status/1325810550526373890	[]
SantiOlsze	Mon Nov 09 12:13:32 +0000 2020	125	9	Falta el paper y bla bla, pero me puso la piel de gallina. https://t.co/JWueAbwwWN	https://twitter.com/SantiOlsze/status/1325773514792693762	[]
SantiOlsze	Sun Nov 08 23:15:51 +0000 2020	1	0	@MatiasASeoane Totalmente. Mucho más bajo el pico. El máximo por fecha de fallecimiento está a principios de octubre y está por debajo de 400 fallecidos diarios (8/millón, para interpolarlo en el gráfico)	https://twitter.com/SantiOlsze/status/1325577805841780736	[]
SantiOlsze	Sun Nov 08 22:31:21 +0000 2020	156	16	Yo sé la alegría y la esperanza que tiene @mmbarrionuevo al publicar estas tendencias a la baja. Es compartida. https://t.co/AcjZEi9SaY	https://twitter.com/SantiOlsze/status/1325566606903283712	[]
SantiOlsze	Sun Nov 08 21:33:41 +0000 2020	2	0	@MatiasASeoane Sí. Fíjate que hay varios 'ajustes' con la misma forma en las líneas en gris (resto de los países del mundo no destacados en el gráfico)	https://twitter.com/SantiOlsze/status/1325552095727149057	[]
SantiOlsze	Sun Nov 08 19:36:58 +0000 2020	0	0	@melquiadess @danyscht Lo desconcertante fue que logró tener R ≈ 2 en plena salida del verano sudamericano. Es normal eso también? Qué bueno que te sumaste acá @melquiadess 😀. Nos desasnas?	https://twitter.com/SantiOlsze/status/1325522722265423873	[]
SantiOlsze	Sun Nov 08 19:28:05 +0000 2020	3	0	@danyscht Es bastante llamativo. Está claro que el comportamiento humano del calor es más anti-contagio que el encierro invernal. Sobre VitD no leí nada muy concluyente todavía. Lo que resta saber (al menos a mí) es como afecta al virus en su capacidad infectiva.	https://twitter.com/SantiOlsze/status/1325520487703867397	[]
SantiOlsze	Sun Nov 08 19:24:45 +0000 2020	0	0	@AjeHeadToHead @danyscht Interesante. En Argentina a las muertes sospechosas (en la foto la definición) se les debe hacer diagnóstico por PCR. https://t.co/OqDVHp9eCz	https://twitter.com/SantiOlsze/status/1325519647261724673	[]
SantiOlsze	Sun Nov 08 19:15:51 +0000 2020	4	0	@danyscht Bastante impresionante. No tengo herramientas para tirar una hipótesis. Pero, con mucho gusto, las leo.	https://twitter.com/SantiOlsze/status/1325517407075659777	[]
SantiOlsze	Sun Nov 08 17:54:36 +0000 2020	19	0	@rquiroga777 Excelente respuesta 😂👏🏼. Vuelven las musculosas?	https://twitter.com/SantiOlsze/status/1325496962100170754	[]
SantiOlsze	Sun Nov 08 17:34:34 +0000 2020	116	27	Varios países europeos ya superan las muertes por millón de habitantes diarias que mantuvieron a Argentina en el primer puesto de este ranking durante bastante tiempo. https://t.co/SLQ7bkfGK9	https://twitter.com/SantiOlsze/status/1325491918294446081	[]
SantiOlsze	Sat Nov 07 17:31:57 +0000 2020	4	0	@Jere_Galarze Hay que pensar que 1 de cada 2 veces que una cama se libera es por fallecimiento. Igualmente, mejor que no venga nadie a ocuparla después. Es una buena señal esta  tendencia.	https://twitter.com/SantiOlsze/status/1325128870144569344	[]
SantiOlsze	Sat Nov 07 13:28:51 +0000 2020	30	10	En Italia 🇮🇹 la segunda ola llegó más tarde pero fuerte. Máximos en internados en terapia intensiva y fallecidos de la segunda ola en los últimos dos días. https://t.co/2K9CKRnrvH	https://twitter.com/SantiOlsze/status/1325067695658852353	[]
SantiOlsze	Fri Nov 06 23:11:03 +0000 2020	233	40	Por primera vez desde marzo, se cumplen cinco días consecutivos con caída en la cantidad de camas de terapia intensiva ocupadas por pacientes con coronavirus. https://t.co/PbD8yOfPIj	https://twitter.com/SantiOlsze/status/1324851822612385792	[]
SantiOlsze	Thu Nov 05 01:30:47 +0000 2020	4	0	@ernestorr jajajaja, el que se anime que le ponga cara (o mejor, twits) a las declaraciones en rojo.	https://twitter.com/SantiOlsze/status/1324162209585471489	[]
SantiOlsze	Thu Nov 05 01:21:09 +0000 2020	10	0	Yo creo que le va a gustar a @ernestorr	https://twitter.com/SantiOlsze/status/1324159785621692418	[]
SantiOlsze	Wed Nov 04 15:00:38 +0000 2020	531	197	En Europa ayer se registraron 3522 muertes por COVID-19, lo que representa un 67% del máximo histórico de muertes en un día. Como muchos decían que la segunda ola no era para precuparse, traté de meter algunos de sus argumentos en paralelo a la curva de fallecidos. https://t.co/WE9X0c4GJL	https://twitter.com/SantiOlsze/status/1324003630375178241	[]
SantiOlsze	Mon Nov 02 22:59:55 +0000 2020	10	0	@ernestorr @DPenazzi Hasta hace una semana!	https://twitter.com/SantiOlsze/status/1323399470269288450	[]
SantiOlsze	Mon Nov 02 20:31:30 +0000 2020	0	0	"@JuamPiccino Como se muestran los casos por fecha de diagnóstico, a los últimos días le pueden faltar casos ya diagnosticados pero no cargados al sistema. Por eso le ""desconfío"" al final de la tendencia y la pongo punteada."	https://twitter.com/SantiOlsze/status/1323362117379129345	[]
SantiOlsze	Mon Nov 02 13:24:00 +0000 2020	36	14	Argentina es el segundo, y el único latinoamericano, en el top 10 de países que más muertes por millón de habitantes reportaron en la última semana. Fuerte presencia europea. El rebrote ya se empieza a ver en los fallecimientos. https://t.co/fcfATT1Wip	https://twitter.com/SantiOlsze/status/1323254533238202369	[]
SantiOlsze	Mon Nov 02 12:53:14 +0000 2020	2	0	@d_olivaw Hay criterios WHO con niveles de incidencia bien definidos	https://twitter.com/SantiOlsze/status/1323246789559001089	[]
SantiOlsze	Mon Nov 02 12:48:42 +0000 2020	2	0	@d_olivaw En su momento pensé en una doble regla (tendencia + incidencia) pero no tuve el tiempo de normalizar todo por población y, sin eso, no tenía sentido comparar incidencias.	https://twitter.com/SantiOlsze/status/1323245651698868224	[]
SantiOlsze	Mon Nov 02 12:40:28 +0000 2020	1	0	@d_olivaw Ahí tengo un dilema epidemiologico más que de DataViz. La curva bajando implica que los cuidados son suficientes y que cada persona contagia a menos de 1. No me parece menor. Coincido en que hay que insistir en que la circ sigue siendo muy alta.	https://twitter.com/SantiOlsze/status/1323243580228542465	[]
SantiOlsze	Mon Nov 02 12:27:58 +0000 2020	0	0	@d_olivaw Claramente está viz está enfocada a la tendencia. Desde la escala de los gráficos al semáforo de colores. Obviamente, va a ser desastrosa para comparar valores absolutos.	https://twitter.com/SantiOlsze/status/1323240432940294145	[]
SantiOlsze	Mon Nov 02 11:22:00 +0000 2020	76	17	"Casos nuevos por día en los últimos 60 días por fecha de diagnóstico en:

- Provincias 
- Barrios de CABA 
- Municipios del Conurbano Bonaerense

Verde🟢: Máximo hace más de 30 días
Amarillo🟡: Máximo entre 15 y 30 días antes
Rojo🔴: Máximo en los últimos 15 días https://t.co/PeK7F69eCE"	https://twitter.com/SantiOlsze/status/1323223830832144385	[]
SantiOlsze	Sat Oct 31 20:32:43 +0000 2020	11	4	https://t.co/HTWHVVoId0	https://twitter.com/SantiOlsze/status/1322637648381595650	[]
SantiOlsze	Sat Oct 31 20:28:41 +0000 2020	5	1	@mmbarrionuevo Totalmente cierto 😔	https://twitter.com/SantiOlsze/status/1322636631766192128	[]
SantiOlsze	Sat Oct 31 20:05:43 +0000 2020	37	12	Así crecen las muertes diarias en algunos países del viejo continente. https://t.co/fSxy5NUmA0	https://twitter.com/SantiOlsze/status/1322630855798493184	[]
SantiOlsze	Sat Oct 31 20:04:06 +0000 2020	136	35	La cantidad de muertes diarias por coronavirus actualmente representan un 50% de lo que fue en el peor momento de la pandemia. Para quienes siguen pensando que el rebrote europeo es solo producto de más testeo. https://t.co/0LfU3tKuv8	https://twitter.com/SantiOlsze/status/1322630445587177473	[]
SantiOlsze	Sat Oct 31 19:22:52 +0000 2020	120	54	"🇮🇹ITALIA🇮🇹

Empezó octubre reportando 2548 casos y 24 fallecidos.
Termina octubre hoy con una cifra récord de casos (31758) y el número máximo de fallecidos desde que empezó el rebrote (297). https://t.co/YFATcojM1P"	https://twitter.com/SantiOlsze/status/1322620071928365060	[]
SantiOlsze	Sat Oct 31 15:50:43 +0000 2020	8	4	"Amplía el análisis @jorgeluisaliaga en este hilo 

https://t.co/Yuq1UNdDZE"	https://twitter.com/SantiOlsze/status/1322566682901123073	[]
SantiOlsze	Sat Oct 31 12:09:32 +0000 2020	1	0	@MartinDuree @fedetiberti Sí. El goteo de PBA fue más burdo (bloques quincenales) y duró mucho menos. Si no recuerdo mal, una semana como máximo antes del blanqueo.	https://twitter.com/SantiOlsze/status/1322511017876836352	[]
SantiOlsze	Sat Oct 31 11:59:27 +0000 2020	1	0	@MartinDuree @fedetiberti Si, claro. Me acuerdo. Con esas cargas previas al anuncio sería más comparable.	https://twitter.com/SantiOlsze/status/1322508480452939776	[]
SantiOlsze	Sat Oct 31 11:28:52 +0000 2020	136	55	Es tapa de @pagina12 la nota de @pablooesteban sobre el goteo de muertos.  https://t.co/Z07TPNHCIh https://t.co/HcZ38KcKeK	https://twitter.com/SantiOlsze/status/1322500784387489798	[]
SantiOlsze	Sat Oct 31 00:02:45 +0000 2020	2	0	@Dianacos Eso está clarísimo. Pero, además, se intenta comparar magnitudes (hasta me pidieron calcular muertos agregados por millón de habitantes 😓)	https://twitter.com/SantiOlsze/status/1322328116241510401	[]
SantiOlsze	Fri Oct 30 23:41:04 +0000 2020	52	16	No es correcto comparar el goteo de CABA con los 3500 de PBA. El goteo de CABA viralizado es casi exclusivamente de muertes con más de 30 días de demora. En la actualización de PBA, más de la mitad de las muertes agregadas tenía fecha de fallecimiento en los últimos 30 días. https://t.co/oj6bTTaz0L	https://twitter.com/SantiOlsze/status/1322322662253830144	[]
SantiOlsze	Fri Oct 30 23:08:31 +0000 2020	37	11	El problema del goteo es que no se sabe cuándo termina. Este número ya está desactualizado, porque hoy se reportaron 13 fallecidos nuevos del mes de agosto. https://t.co/Q9rHhvWgYH	https://twitter.com/SantiOlsze/status/1322314471042371584	[]
SantiOlsze	Fri Oct 30 22:14:35 +0000 2020	38	10	@arilijalad @eldestapeweb Gracias Ari y @JonHeguier por la difusión	https://twitter.com/SantiOlsze/status/1322300898115260416	[]
SantiOlsze	Fri Oct 30 20:10:57 +0000 2020	42	14	"Acá el hilo en el que hicimos la última actualización. Y ya quedó viejo. Pronto publicaré nuevamente con el análisis actualizado. 
https://t.co/XUseVh01JD"	https://twitter.com/SantiOlsze/status/1322269785053450241	[]
SantiOlsze	Fri Oct 30 20:09:03 +0000 2020	97	24	Es tapa de la versión online de Clarín en este momento la carga por goteo de fallecidos en CABA que venimos mostrando. https://t.co/Q9rHhvWgYH	https://twitter.com/SantiOlsze/status/1322269303647993856	[]
SantiOlsze	Fri Oct 30 11:42:58 +0000 2020	39	8	https://t.co/gwzS6oF5gk https://t.co/ByBcWlUMeb	https://twitter.com/SantiOlsze/status/1322141942973714433	[]
SantiOlsze	Thu Oct 29 11:34:16 +0000 2020	44	12	La ola naranja con el crecimiento del interior en los últimos meses. https://t.co/feV6iLPZYE	https://twitter.com/SantiOlsze/status/1321777366230847493	[]
SantiOlsze	Thu Oct 29 11:26:06 +0000 2020	12	3	Más allá del debate puntual sobre qué indicador utilizar (debatible, yo creo que hay que mostrar todos), no es la mediana de demora de todas las muertes desde marzo el valor que te va a mostrar que se están cargando muertes viejas.	https://twitter.com/SantiOlsze/status/1321775313446182913	[]
SantiOlsze	Thu Oct 29 11:26:06 +0000 2020	8	2	El promedio sí es afectado (tal vez mucho, otra discusión) por los datos atípicos.	https://twitter.com/SantiOlsze/status/1321775311617445892	[]
SantiOlsze	Thu Oct 29 11:26:05 +0000 2020	15	5	"Mientras reportes rápido la mitad de tus muertes, la mediana te va a dar bien. La mediana no te dice nada sobre la otra mitad. 

""Te reportan la mitad de las muertes rápido y para las demás te hacen Ahora12"", me dijo un amigo que lo definió perfectamente."	https://twitter.com/SantiOlsze/status/1321775309314772992	[]
SantiOlsze	Thu Oct 29 11:26:05 +0000 2020	8	3	La mediana es el valor central de la serie ordenada. Tanto en la situación A (1-4-7) cómo en la B (1-4-85) va a ser 4. El promedio, en cambio, va a ser muy diferente. En A, será 4 mientras que en B, 30.	https://twitter.com/SantiOlsze/status/1321775307230224384	[]
SantiOlsze	Thu Oct 29 11:26:04 +0000 2020	9	3	"¿Por qué la media (promedio) y la mediana son tan diferentes?

Imaginemos la carga de 3 muertes. Una con 1 día de demora. 

Otra con 4 días de demora. 

La tercera, en la situación A, con 7 días de demora y en la B, con 85 dias de demora.  👇🏼"	https://twitter.com/SantiOlsze/status/1321775304914993153	[]
SantiOlsze	Thu Oct 29 10:30:00 +0000 2020	57	20	"Tenemos 1.130.533 casos de COVID-19. El 51% son hombres y la edad más frecuente en ambos sexos ronda los 30 años. 

Tenemos 30.071 fallecidos. El 57% corresponde a hombres, con máxima frecuencia en torno a los 75 años. En mujeres, la edad más frecuente cerca de los 90 años. https://t.co/wUZ9ZUpsI5"	https://twitter.com/SantiOlsze/status/1321761193019744257	[]
SantiOlsze	Thu Oct 29 01:11:08 +0000 2020	20	9	La mediana, otra medida estadística similar, todavía es 'mejor' en el global para CABA que para PBA. Sin embargo, podemos ver claramente cómo las curvas se separan y la mediana diaria de la demora en CABA también se va a más de 50 días. https://t.co/z8OtbMbAjN	https://twitter.com/SantiOlsze/status/1321620552373751809	[]
SantiOlsze	Thu Oct 29 01:11:08 +0000 2020	177	86	La demora promedio en reportar una muerte en CABA ya es mayor que en la Provincia de Buenos Aires. En CABA, el 'goteo' de fallecidos de julio y agosto llevó la demora a más de 50 días en los últimos días y es de 21 días en el acumulado. ¿PBA? 17 días y bajando. https://t.co/TdaeFLXdRd	https://twitter.com/SantiOlsze/status/1321620550700224512	[]
SantiOlsze	Thu Oct 29 00:35:34 +0000 2020	32	9	2018 | 2020 https://t.co/ixDIPThQHI	https://twitter.com/SantiOlsze/status/1321611600638468096	[]
SantiOlsze	Thu Oct 29 00:32:26 +0000 2020	1	0	"La nota es de 2018. Hoy 👇🏼
https://t.co/YyToCwIKYH"	https://twitter.com/SantiOlsze/status/1321610812486832135	[]
SantiOlsze	Wed Oct 28 21:29:52 +0000 2020	0	0	@emmaiarussi @_lbellomo @martinschus @martinalalu @LucaSartorio @DataminingDC Si :(	https://twitter.com/SantiOlsze/status/1321564867950772224	[]
SantiOlsze	Wed Oct 28 21:21:42 +0000 2020	2	0	@emmaiarussi @_lbellomo @martinschus @martinalalu @LucaSartorio @DataminingDC Cómo se me pasó la inscripción a @DataminingDC, mequieromorí	https://twitter.com/SantiOlsze/status/1321562813953966082	[]
SantiOlsze	Wed Oct 28 19:58:25 +0000 2020	3	0	@martinalalu @martinschus @emmaiarussi @LucaSartorio Me saco el sombrero	https://twitter.com/SantiOlsze/status/1321541852324126721	[]
SantiOlsze	Wed Oct 28 19:16:38 +0000 2020	11	5	"Un placer esta entrevista con @camilogarcia y equipo.
Acá el recorte. https://t.co/cMwc9PTL50"	https://twitter.com/SantiOlsze/status/1321531337027866632	[]
SantiOlsze	Wed Oct 28 18:05:15 +0000 2020	3	0	@LucaSartorio @martinschus @emmaiarussi Stacked bar al 100% y listo. No hay por qué lastimar los ojos de la gente.	https://twitter.com/SantiOlsze/status/1321513373947875329	[]
SantiOlsze	Wed Oct 28 18:01:25 +0000 2020	5	0	@emmaiarussi @martinschus Voté confiado esperando 100% no. Decepción total.	https://twitter.com/SantiOlsze/status/1321512408985337856	[]
SantiOlsze	Tue Oct 27 14:10:37 +0000 2020	67	0	"#AlgoAsí es un tremendo podcast de @NicoOlsze y @LucasFridman.  

Me dicen por la cucaracha que @miguegranados anunció recién el lanzamiento de #MuchoAsi. Mano a mano y sin saber un carajo vamos a contradecir todo lo que digan los otros dos."	https://twitter.com/SantiOlsze/status/1321091938687291400	[{'text': 'AlgoAsí', 'indices': [0, 8]}, {'text': 'MuchoAsi', 'indices': [144, 153]}]
SantiOlsze	Tue Oct 27 13:57:18 +0000 2020	4	1	@jr1929 Está en el gráfico abajo del porcentaje de aumento. 90% de las muertes que se agregaron en este período tienen carga en CABA	https://twitter.com/SantiOlsze/status/1321088587727802369	[]
SantiOlsze	Tue Oct 27 13:23:37 +0000 2020	10	0	"@jr1929 1) Trabajo en el sector privado.

2) En el grafico figura el porcentaje de ese exceso de muertes que es por carga en CABA. Mirar antes de trollear."	https://twitter.com/SantiOlsze/status/1321080111605665795	[]
SantiOlsze	Tue Oct 27 12:58:44 +0000 2020	1	0	@valenzine Acá hay un hilo muy piola al respecto. Lo recomiendo fuertemente https://t.co/YIMK1Y17N9	https://twitter.com/SantiOlsze/status/1321073846791905281	[]
SantiOlsze	Tue Oct 27 11:42:38 +0000 2020	263	96	¿Cuándo terminará esta carga por goteo? ¿No amerita alguna aclaración por parte de las autoridades del Ministerio de Salud del GCBA? Oh, la doble vara.	https://twitter.com/SantiOlsze/status/1321054695952125953	[]
SantiOlsze	Tue Oct 27 11:42:37 +0000 2020	112	49	Otra forma de verlo. Muchas muertes de julio se cargaron en julio, muchas de agosto en agosto. En septiembre casi nada de julio y agosto hasta que empezó este proceso de carga de muertes viejas de esos dos meses. https://t.co/43fM1W9Efu	https://twitter.com/SantiOlsze/status/1321054694081503232	[]
SantiOlsze	Tue Oct 27 11:42:37 +0000 2020	129	74	Aclaro que la fecha elegida, el 23 de septiembre, no es azarosa. Como muestra este gráfico de @mmbarrionuevo, allí se separan la curva de muertes reales de lo cargado a SISA por aumento de carga de fallecidos viejos. https://t.co/GWAK4kj35a	https://twitter.com/SantiOlsze/status/1321054692504424451	[]
SantiOlsze	Tue Oct 27 11:42:36 +0000 2020	129	53	"Gracias @NihilNovum2 por compartirme los datos pre-procesados para este análisis. Comparto aca un hilo de él de antes de ayer al respecto.  
https://t.co/CoL2l7FXqE"	https://twitter.com/SantiOlsze/status/1321054688926748674	[]
SantiOlsze	Tue Oct 27 11:42:36 +0000 2020	119	50	La demora mínima para este exceso de agosto sería de 24 días para un fallecido del último día de agosto reportado el 24/09. Por supuesto, y como se ve en la animación, la demora promedio de estas muertes es mucho mayor.	https://twitter.com/SantiOlsze/status/1321054687567749120	[]
SantiOlsze	Tue Oct 27 11:42:35 +0000 2020	165	83	En agosto, el número de muertes es un 38% más de lo que sabíamos al 23 de septiembre. Y se siguen cargando muertes de este mes (y de julio) todos los días. https://t.co/vRPZFFLIqS	https://twitter.com/SantiOlsze/status/1321054685785182208	[]
SantiOlsze	Tue Oct 27 11:42:33 +0000 2020	152	72	En el mejor de los casos, esas muertes agregadas tienen 53 días de demora en el reporte. Esto solo sería real para los fallecidos del 31 de julio reportados el 24 de septiembre. La gran mayoría tiene dos meses o más de demora en la carga. https://t.co/mwsuqknuQZ	https://twitter.com/SantiOlsze/status/1321054676083789825	[]
SantiOlsze	Tue Oct 27 11:42:33 +0000 2020	1431	921	Sigue la carga constante por goteo en CABA. Solo con los fallecidos cargados desde el 23 de septiembre, las muertes del mes de julio ya son en realidad un 52% más de lo que sabíamos. https://t.co/CVdXOdKztd	https://twitter.com/SantiOlsze/status/1321054674288607237	[]
SantiOlsze	Tue Oct 27 00:17:42 +0000 2020	117	44	Nuevo salto en la cantidad de camas de terapia intensiva ocupadas por pacientes con coronavirus. En 5 meses pasamos de 250 a más de 5000 camas ocupadas por casos COVID (+). https://t.co/T00CArL80d	https://twitter.com/SantiOlsze/status/1320882329863245826	[]
SantiOlsze	Mon Oct 26 18:40:31 +0000 2020	0	0	@martinalalu Éxitos en lo que se venga!	https://twitter.com/SantiOlsze/status/1320797474878066688	[]
SantiOlsze	Sun Oct 25 23:45:05 +0000 2020	2	0	@M2March Inspirado en el gran @mmbarrionuevo	https://twitter.com/SantiOlsze/status/1320511733966999555	[]
SantiOlsze	Sun Oct 25 23:39:57 +0000 2020	70	17	"Casos nuevos por día en los últimos 60 días por fecha de diagnóstico en:

- Provincias (🟢🟡🔴)
- Barrios de CABA (🟢)
- Municipios del Conurbano Bonaerense (🟢)

Verde🟢: Máximo hace más de 30 días
Amarillo🟡: Máximo entre 15 y 30 días antes
Rojo🔴: Máximo en los últimos 15 días https://t.co/RhnULWHKyj"	https://twitter.com/SantiOlsze/status/1320510438925389826	[]
SantiOlsze	Sun Oct 25 22:43:06 +0000 2020	2	0	@chaquetumate @LisoAnsourian La comparación con Argentina no la hice yo, la supusieron ustedes.	https://twitter.com/SantiOlsze/status/1320496135283396609	[]
SantiOlsze	Sun Oct 25 22:15:26 +0000 2020	492	131	52.000 casos y 17% de positividad en Francia. No hay sistema de testeo que aguante el crecimiento exponencial de contagios. No se controla la pandemia solo testeando.	https://twitter.com/SantiOlsze/status/1320489172772245505	[]
SantiOlsze	Sun Oct 25 16:48:48 +0000 2020	1	0	@cafferatajm @NicoMartorell @CableFibertel Nailed it	https://twitter.com/SantiOlsze/status/1320406970457858050	[]
SantiOlsze	Sun Oct 25 16:43:59 +0000 2020	1	0	@cafferatajm @NicoMartorell Estas menciones son demasiado intrigantes	https://twitter.com/SantiOlsze/status/1320405758631157760	[]
SantiOlsze	Sun Oct 25 15:23:05 +0000 2020	0	0	@aliensintacc No, jaja. Es un error. Le puse 400 de tope para que vaya al primer dato de todos. Y el numero que pongo de corte va directamente al título 🙈	https://twitter.com/SantiOlsze/status/1320385397537595392	[]
SantiOlsze	Sun Oct 25 13:59:19 +0000 2020	30	10	https://t.co/8ZPPr05zDL	https://twitter.com/SantiOlsze/status/1320364318639214593	[]
SantiOlsze	Sun Oct 25 13:54:03 +0000 2020	49	5	@Silviahache Mejor preocuparnos por lograr bajar la primera antes que pensar en la segunda. En el mejor de los casos, y si logramos domar esta curva, tenemos vacuna para afrontar la segunda ola el invierno próximo.	https://twitter.com/SantiOlsze/status/1320362993163653120	[]
SantiOlsze	Sun Oct 25 13:50:00 +0000 2020	215	55	El solo hecho de que las muertes diarias por COVID en Europa sean comparables con lo que pasó en marzo-abril (20-25% y creciendo exponencialmente) es aterrador.	https://twitter.com/SantiOlsze/status/1320361975499599872	[]
SantiOlsze	Fri Oct 23 23:33:09 +0000 2020	42	0	@leitouran Absolutamente, no. Es un error de principiante. Se va a la cita de Wikipedia y se cita esa como fuente.	https://twitter.com/SantiOlsze/status/1319783952710762496	[]
SantiOlsze	Fri Oct 23 20:36:42 +0000 2020	40	0	¿Resolvemos en un día o lo hacemos de a poquito? Como bien dice Rodrigo, una diferencia de estilos. https://t.co/MxifbUsqbr	https://twitter.com/SantiOlsze/status/1319739547861848064	[]
SantiOlsze	Thu Oct 22 20:07:47 +0000 2020	50	15	En Europa hay 4 veces más muertes por día por coronavirus que hasta hace un mes y sigue la tendencia exponencial de la curva de casos. Durante la primera ola llegó a los 4000 muertos en promedio por día a escala continental. https://t.co/o3eL4OJz0T	https://twitter.com/SantiOlsze/status/1319369884061601793	[]
SantiOlsze	Thu Oct 22 11:05:48 +0000 2020	2	0	@Ronin_del_ayer @romipm482 Yo creo que sí. La caída en simultáneo de casos, positividad y ocupación de camas de terapia intensiva en CABA y primer cordón de GBA.	https://twitter.com/SantiOlsze/status/1319233487233257472	[]
SantiOlsze	Thu Oct 22 01:24:08 +0000 2020	50	9	Muchas gracias a @NihilNovum2 por los datos pre-procesados, como siempre.	https://twitter.com/SantiOlsze/status/1319087106778648578	[]
SantiOlsze	Thu Oct 22 01:20:47 +0000 2020	92	17	Es evidente que algo pasó en CABA. La única diferencia con lo de PBA es que se fue largando de a poquito directo a la base de datos en vez de 'de una' y conferencia de prensa mediante.	https://twitter.com/SantiOlsze/status/1319086264545665026	[]
SantiOlsze	Thu Oct 22 01:20:47 +0000 2020	49	11	Desde el primero de octubre, día en que entraron al SISA los 3500 fallecidos anunciados por PBA, la demora en provincia mejoró notablemente. https://t.co/EztlZ8T8o6	https://twitter.com/SantiOlsze/status/1319086262922391552	[]
SantiOlsze	Thu Oct 22 01:20:46 +0000 2020	59	14	Antes de ese día, el 75% de las muertes reportadas era de los últimos 10 días. Desde el 25 de septiembre, para comprender al 75% de las muertes reportadas hay que irse más de 70 (!!!) días para atrás. https://t.co/xP40h3DjI5	https://twitter.com/SantiOlsze/status/1319086258866561024	[]
SantiOlsze	Thu Oct 22 01:20:45 +0000 2020	62	17	"Las muertes reportadas antes de esa fecha en CABA exhibían una mínima demora. El 50% de las muertes se reportaban con una demora menor a 2 días. 

Desde el 25/09, el 50% de las muertes reportadas tiene más de 30 días. https://t.co/kCsjTk4I4b"	https://twitter.com/SantiOlsze/status/1319086257016799233	[]
SantiOlsze	Thu Oct 22 01:20:45 +0000 2020	62	20	Algo similar ocurrió con agosto. Las muertes eran 914 y hoy sabemos que son 1132. Esto significa que son 24% más de lo que sabíamos al 25 de septiembre. https://t.co/3iyKL9Rl7J	https://twitter.com/SantiOlsze/status/1319086255272022020	[]
SantiOlsze	Thu Oct 22 01:20:44 +0000 2020	66	18	"¿Qué magnitud tiene todo esto?

Desde ese día, las muertes de julio en CABA aumentaron un 44%. Eran 858 y hoy sabemos que son, por lo menos, 1233. https://t.co/5oU26TeciC"	https://twitter.com/SantiOlsze/status/1319086251077738497	[]
SantiOlsze	Thu Oct 22 01:20:43 +0000 2020	67	24	"Justo ese mismo día comenzó la carga de muertes viejas de CABA. Empezaron a cargarse muchas muertes de julio y de agosto.

Para entenderlo: 

Color = mes de fallecimiento
Eje x = fecha de reporte
Eje y = cantidad de fallecidos (media móvil) https://t.co/QuZcbAEYEB"	https://twitter.com/SantiOlsze/status/1319086246925303809	[]
SantiOlsze	Thu Oct 22 01:20:42 +0000 2020	280	116	"El 26/09 se publicaba esta nota en la que afirman que CABA no tenía demoras de más de 4 días y que ""en ningún caso contemplan retrasos de meses como ocurrió en la provincia de Buenos Aires"".
https://t.co/aEOnlQoTje

Un hilo para explicar qué pasó desde ese día👇"	https://twitter.com/SantiOlsze/status/1319086245268475905	[]
SantiOlsze	Wed Oct 21 23:55:47 +0000 2020	59	6	"El ""sanitarista"" que milita la muerte. A no olvidar el rol de cada quien cuando todo esto pase. https://t.co/Ug6onbyt48"	https://twitter.com/SantiOlsze/status/1319064873167429632	[]
SantiOlsze	Wed Oct 21 22:17:00 +0000 2020	19	2	Jerarquizar los diferentes métodos de prevención es fundamental. A no descuidar uno esencial 👇 https://t.co/WEAgOM4RF0	https://twitter.com/SantiOlsze/status/1319040012025987079	[]
SantiOlsze	Wed Oct 21 21:14:48 +0000 2020	4	0	@paam_gz Pro-muerte desde todos los ángulos	https://twitter.com/SantiOlsze/status/1319024358908723201	[]
SantiOlsze	Wed Oct 21 21:03:57 +0000 2020	147	32	Estas manos son de una persona que tomó durante toda su vida agua pura de fuentes naturales con arsénico, un mineral recontra natural también. https://t.co/5DIr3GdSEe https://t.co/OMa9djElZy	https://twitter.com/SantiOlsze/status/1319021629956116481	[]
SantiOlsze	Tue Oct 20 10:44:34 +0000 2020	79	8	A casi un año del golpe en Bolivia, prohibido olvidar las opiniones de nuestrxs republicanxs. https://t.co/AqZBnGQU8e https://t.co/WrMck4NmKe	https://twitter.com/SantiOlsze/status/1318503369871446016	[]
SantiOlsze	Sun Oct 18 18:16:12 +0000 2020	25	3	Eufemismos https://t.co/a3dcCmvpLC	https://twitter.com/SantiOlsze/status/1317892248856657922	[]
SantiOlsze	Sat Oct 17 11:06:33 +0000 2020	1	0	@centro_half @FernanQuirosBA Gracias!	https://twitter.com/SantiOlsze/status/1317421736657358849	[]
SantiOlsze	Sat Oct 17 01:59:06 +0000 2020	2	0	@frannsar Me contas más?	https://twitter.com/SantiOlsze/status/1317283967259869186	[]
SantiOlsze	Sat Oct 17 01:56:47 +0000 2020	38	6	"Aparentemente conocer el status inmunológico de la población es un tema demasiado sensible 🤯
https://t.co/KznKBGTZvT"	https://twitter.com/SantiOlsze/status/1317283386441039874	[]
SantiOlsze	Sat Oct 17 01:51:49 +0000 2020	115	28	¿Se supo algo del estudio de seroprevalencia que lanzó CABA hace varios meses? No, ¿no? https://t.co/t9FRWG8yfw	https://twitter.com/SantiOlsze/status/1317282135242362882	[]
SantiOlsze	Fri Oct 16 23:26:50 +0000 2020	20	0	@ernestorr Da para 10 ± 2 libros como mínimo	https://twitter.com/SantiOlsze/status/1317245650413752322	[]
SantiOlsze	Thu Oct 15 11:48:33 +0000 2020	1	0	@nicogalarzar Para mi, sí. No está pegando como la primera, en eso coincidimos. Pero para mí sí está pegando fuerte. Se multiplicaron x 100 los casos, pero también x 10 las muertes.	https://twitter.com/SantiOlsze/status/1316707530345787393	[]
SantiOlsze	Thu Oct 15 11:47:05 +0000 2020	0	0	@nicogalarzar Se hablaba como 'síntoma raro' a la pérdida de gusto y de olfato cuando ellos estaban en la primera ola y ahora nosotros olemos el café todos los días.	https://twitter.com/SantiOlsze/status/1316707161729388544	[]
SantiOlsze	Thu Oct 15 11:45:43 +0000 2020	0	0	@nicogalarzar Mejor testeo no solo en cantidad, sino ajustando también la definición de caso. Se estima que la letalidad teórica (muertes/infectados, no muertes/casos) del virus es &lt; 1%. En la primera ola tuvieron valores cercanos a 10!	https://twitter.com/SantiOlsze/status/1316706818933100544	[]
SantiOlsze	Thu Oct 15 11:41:49 +0000 2020	0	0	"@nicogalarzar La medida de ""casos"" es imperfecta. En marzo/abril se desbordó todo e implicó que los ""casos"" sean solo los contagios más sintomáticos y graves, por lo que se murió 1 de cada 10 casos. Ahora, con mucho mejor testeo, detectan casos mucho más leves además entonces se muere 1/100."	https://twitter.com/SantiOlsze/status/1316705836157276161	[]
SantiOlsze	Thu Oct 15 11:40:35 +0000 2020	0	0	@nicogalarzar La inmunidad de rebaño implica que el agente no puede transmitirse porque el porcentaje de población susceptible no es suficiente (vacuna o contagio mediante). Con casos en ascenso, imposible decir que hay rebaño, si cada día se contagia más gente!(1/2).	https://twitter.com/SantiOlsze/status/1316705528270278656	[]
SantiOlsze	Wed Oct 14 23:53:29 +0000 2020	5	0	@WillyDuran65 Absolutamente de acuerdo. El foco iba a que las muertes empiezan a aumentar. Siguen lejos de las cifras 'reales' de marzo/abril y que en ese momento desconocíamos.	https://twitter.com/SantiOlsze/status/1316527580418371585	[]
SantiOlsze	Wed Oct 14 22:50:15 +0000 2020	15	3	1 de cada 50 argentinos tuvo hisopado positivo para coronavirus. Los que tuvieron coronavirus -con o sin hisopado que lo demuestre- son, por supuesto, más. https://t.co/ooTrDGsr7l	https://twitter.com/SantiOlsze/status/1316511666025230337	[]
SantiOlsze	Wed Oct 14 20:06:23 +0000 2020	8	1	@martintetaz Ah, por supuesto. El subregistro de la primera ola fue brutal.	https://twitter.com/SantiOlsze/status/1316470428320387073	[]
SantiOlsze	Wed Oct 14 19:57:52 +0000 2020	9	2	@martintetaz Para datos más duros, admisiones hospitalarias o muertes. Coincido. Sobre muertes, segundo tweet del hilo. Sobre admisiones, solo tengo a mano las de Italia. https://t.co/Mi6p0QAJ2I	https://twitter.com/SantiOlsze/status/1316468282736742401	[]
SantiOlsze	Wed Oct 14 18:49:16 +0000 2020	1	0	@BudineroOK Ojalá.	https://twitter.com/SantiOlsze/status/1316451022332661764	[]
SantiOlsze	Wed Oct 14 18:49:06 +0000 2020	2	0	@FedeArielS Una capacidad mucho mayor de testeo que da mayor proporción de casos asintomáticos/oligosintomaticos detectados.	https://twitter.com/SantiOlsze/status/1316450977772429312	[]
SantiOlsze	Wed Oct 14 18:41:13 +0000 2020	20	12	"Francia declara restricciones nuevas en varias provincias. 
https://t.co/biFxBRj2kx"	https://twitter.com/SantiOlsze/status/1316448996752326670	[]
SantiOlsze	Wed Oct 14 18:40:27 +0000 2020	47	26	"Lo de Italia en octubre es impresionante. 

1/10 = 2548
7/10 = 3678
9/10 = 5372
14/10 = 7332 https://t.co/LhGXpUfEuM"	https://twitter.com/SantiOlsze/status/1316448801528385536	[]
SantiOlsze	Wed Oct 14 18:37:42 +0000 2020	79	47	No hay coronavirus sin muertes. En agosto, estos países tenían un promedio de 10 fallecidos por día. Hoy, España tiene más de 100, Francia y Gran Bretaña 80 e Italia 40. https://t.co/9L1WaWSqfo	https://twitter.com/SantiOlsze/status/1316448111926161408	[]
SantiOlsze	Wed Oct 14 18:37:42 +0000 2020	235	117	Pega fuerte la segunda ola en Europa. Incluso en Italia, que en agosto parecía haber controlado la situación. https://t.co/a33gFwkJLZ	https://twitter.com/SantiOlsze/status/1316448110055485440	[]
SantiOlsze	Wed Oct 14 11:18:16 +0000 2020	12	1	@LeonRojx Ya es un 40%	https://twitter.com/SantiOlsze/status/1316337522780311552	[]
SantiOlsze	Wed Oct 14 02:07:23 +0000 2020	35	9	"Tendencias en barrios de CABA, municipios del GBA y provincias.

🔴Máximo en los últimos 15 días
🟡 Máximo entre 15 y 30 días antes
🟢 Máximo hace más de 30 días

El AMBA se aleja de sus máximos. https://t.co/TeTDztZVAp"	https://twitter.com/SantiOlsze/status/1316198890258026503	[]
SantiOlsze	Tue Oct 13 18:54:22 +0000 2020	52	10	Dinamarca fue uno de los países que más precozmente aplicó medidas restrictivas. Apenas superó los 100 casos restringió en un 60% la movilidad y alcanzó niveles cercanos a la normalidad cerca hacia junio. https://t.co/76s0jSZN76 https://t.co/WiZb33HQmz	https://twitter.com/SantiOlsze/status/1316089914803486721	[]
SantiOlsze	Mon Oct 12 22:44:14 +0000 2020	20	10	Hoy CABA registra 20 fallecidos del mes de julio, los 20 cargados por CABA. https://t.co/hAVEA6XfBC	https://twitter.com/SantiOlsze/status/1315785377693790209	[]
SantiOlsze	Mon Oct 12 19:44:44 +0000 2020	0	0	@bocaexpat @plenque Me acuerdo más o menos cuándo fue pero no exactamente. Si me pasas los días, te digo. Igualmente, creo saber la respuesta y es la que digo yo en el tweet que estás respondiendo: mayoritariamente en la provincia en la que residían esos muertos.	https://twitter.com/SantiOlsze/status/1315740203932422145	[]
SantiOlsze	Mon Oct 12 18:04:39 +0000 2020	2	0	"Como dice @plenque, generalmente lugar de carga y lugar de residencia coinciden. 

De los más de 300 muertos de julio que aparecieron en el último mes en CABA, el 85% son de carga en CABA. 

De los casi 3500 que agregó PBA el primero de octubre, el 95% son de carga en PBA. https://t.co/SydMXqDc9A"	https://twitter.com/SantiOlsze/status/1315715015824023553	[]
SantiOlsze	Mon Oct 12 17:36:14 +0000 2020	1	0	"@NicoOlsze @joreze17 @Lipopen @Estebanbusqueme Estoy de acuerdo con que para mirar la demora con el foco hacia los efectores de salud hay que mirar la carga. Sin embargo, si la pregunta es ""cuánto tarda en reportarse un porteño que muere"" de nuevo caes en el lugar de residencia."	https://twitter.com/SantiOlsze/status/1315707865487806467	[]
SantiOlsze	Mon Oct 12 17:35:09 +0000 2020	1	1	@NicoOlsze @joreze17 @Lipopen @Estebanbusqueme Ojo. Mi análisis no apunta a la demora de carga. De hecho, encontrar muertos de hace dos meses ya no creo ni que califique cómo demora. Me interesa cuántos muertos faltan. Para saber la mortalidad de un lugar nadie mira las muertes por lugar de carga.	https://twitter.com/SantiOlsze/status/1315707594795896832	[]
SantiOlsze	Mon Oct 12 02:21:55 +0000 2020	9	5	"@NihilNovum2 preparó un hilo con más detalle actualizado con el reporte de hoy (que no incluyó fallecidos del mes de julio)👇
https://t.co/FerpA9eVQ6"	https://twitter.com/SantiOlsze/status/1315477769778868224	[]
SantiOlsze	Sun Oct 11 22:52:24 +0000 2020	1	0	@ggodeth Hasta donde yo sé, no hubo por el momento una explicación de por qué y cómo se dio la carga de esos fallecidos. Me encantaría saberlo. No creo que solo falten de julio, el valle que se forma en agosto me hace pensar que faltan muchas ahí también.	https://twitter.com/SantiOlsze/status/1315425045439807490	[]
SantiOlsze	Sun Oct 11 22:42:33 +0000 2020	1	0	@ggodeth La segunda montaña es precisamente de lo que hablo en el hilo. Hace unas semanas vienen agregando muertes de julio, que tienen entre 60 y 80 días de deomra.	https://twitter.com/SantiOlsze/status/1315422566417403909	[]
SantiOlsze	Sun Oct 11 21:49:49 +0000 2020	2	0	@bocaexpat @plenque @fedetiberti Sí, claro. Desde antes diría yo.  @plenque armó incluso esta sección que está buenísima para verlo https://t.co/5pPRhXic9N	https://twitter.com/SantiOlsze/status/1315409295236833280	[]
SantiOlsze	Sun Oct 11 21:45:02 +0000 2020	0	0	@bocaexpat Porque estoy mirando lo que pasó en ese período. Comparo las muertes al 10/09 y las muertes al 10/10 durante todo el hilo. En ese período, además, están incluidas las dos grandes anomalías de carga: los 3500 de PBA y el goteo de CABA.	https://twitter.com/SantiOlsze/status/1315408092042006529	[]
SantiOlsze	Sun Oct 11 21:40:26 +0000 2020	5	1	@matydisanti Ayer en el reporte vespertino por primera vez Nación &gt; AMBA	https://twitter.com/SantiOlsze/status/1315406932245712896	[]
SantiOlsze	Sun Oct 11 21:11:33 +0000 2020	27	14	Otra manera de ver lo explicado en este hilo, referido a las anomalías en la carga de fallecidos de ambos distritos en los últimos 30 días, es mirando la distribución de la diferencia de días entre reporte y fallecimiento. https://t.co/1masHW6v4m	https://twitter.com/SantiOlsze/status/1315399663311298561	[]
SantiOlsze	Sun Oct 11 21:11:32 +0000 2020	27	8	"Sobre ""no podés elegir arbitrariamente un mes"": 

No es arbitrario. Es el primer mes que frente al agregado ""por goteo"" de CABA y ""de una"" de PBA se pobló de muertes de las que no estábamos enterados."	https://twitter.com/SantiOlsze/status/1315399659607732225	[]
SantiOlsze	Sun Oct 11 21:11:32 +0000 2020	21	7	"Sobre ""tenés que mirar por provincia de carga"":

Depende de la pregunta que quieras responder. Para juzgar a los efectores de salud, coincido. Para saber cuántos muertos faltan en un distrito, no."	https://twitter.com/SantiOlsze/status/1315399658102026241	[]
SantiOlsze	Sun Oct 11 12:42:06 +0000 2020	109	32	Agradezco especialmente (y recomiendo que sigan) a @NihilNovum2, quien muy gentilmente me compartió los datos oficiales pre-procesados para este análisis y me compartió su visión al respecto.	https://twitter.com/SantiOlsze/status/1315271458734641152	[]
SantiOlsze	Sun Oct 11 12:42:06 +0000 2020	214	59	Para cerrar, vuelvo al título. Juzguemos con la misma vara. Si la actualización de PBA fue la explosión de un fraude con muertos escondidos, un fraude de la misma magnitud está ocurriendo en CABA. En mi opinión, ni una ni la otra.	https://twitter.com/SantiOlsze/status/1315271457191194626	[]
SantiOlsze	Sun Oct 11 12:42:06 +0000 2020	95	37	Los sistemas de notificación tienen una clara debilidad en acercarse a los números reales y todo esfuerzo por mejorar los reportes se celebran. En esta nota lo destaca el Ministro de Salud de CABA, Fernan Quirós. https://t.co/jYOz1Sqf6A	https://twitter.com/SantiOlsze/status/1315271455517663233	[]
SantiOlsze	Sun Oct 11 12:42:05 +0000 2020	105	43	¿Y en CABA? Evidentemente, al valle que se ve hoy en la curva de muertes en agosto le faltan muchas muertes. Lo más probable es que, así como viene pasando con las muertes de julio, en un tiempo empiece la actualización de las muertes de agosto. https://t.co/Xc0SRMxGA0	https://twitter.com/SantiOlsze/status/1315271453445586945	[]
SantiOlsze	Sun Oct 11 12:42:04 +0000 2020	95	33	Otra cosa que se ve en la curva de PBA es que claramente ese agregado de ~3500 fallecidos incluyó muchísimos del mes de agosto. Algunos de ellos no iban a ser cargados y otros sí, solo que con la demora que caracterizaba a la carga de muertes antes del nuevo método. https://t.co/blXfgRXqfH	https://twitter.com/SantiOlsze/status/1315271448852918273	[]
SantiOlsze	Sun Oct 11 12:42:03 +0000 2020	256	117	¿Qué dice todo esto? Los muertos de julio que se le escaparon a CABA son, en proporción y por ahora, más de los que se le escaparon a la Provincia de Buenos Aires. En términos absolutos o teniendo en cuenta que PBA tiene 5 veces más población que CABA, acá vemos las diferencias: https://t.co/UKV4Er5q1r	https://twitter.com/SantiOlsze/status/1315271444193046530	[]
SantiOlsze	Sun Oct 11 12:42:02 +0000 2020	116	37	En el mismo período, que incluye el agregado de los famosos 3500 muertos en un día, las muertes del mes de julio en la Provincia de Buenos Aires aumentaron un 30% (660 más). https://t.co/RfVSiroTuY	https://twitter.com/SantiOlsze/status/1315271438954369029	[]
SantiOlsze	Sun Oct 11 12:42:01 +0000 2020	155	59	Hace unas semanas CABA viene reportando cada día entre 10 y 30 muertes correspondientes al mes de julio. Lento pero constante, con este agregado las muertes de julio son un 36% más de lo que pensábamos hace un mes. Y, al menos hasta ayer, ese proceso de carga seguía. https://t.co/gQn8Wd1hDm	https://twitter.com/SantiOlsze/status/1315271434349023234	[]
SantiOlsze	Sun Oct 11 12:41:59 +0000 2020	1100	555	"¿Juzgamos con la misma vara?

En el último mes, CABA reportó unas 300 muertes correspondientes al mes de julio. Esto implica que las muertes de ese mes en CABA son un 36% más de lo que sabíamos al 10 de septiembre. En PBA, el mismo análisis muestra un aumento del 30%.

Abro hilo. https://t.co/2ylHMBz8bG"	https://twitter.com/SantiOlsze/status/1315271429210943490	[]
SantiOlsze	Sun Oct 11 00:09:35 +0000 2020	3	0	@JumaLazzati It's all about riesgo relativo.	https://twitter.com/SantiOlsze/status/1315082078573264896	[]
SantiOlsze	Sat Oct 10 13:55:44 +0000 2020	23	0	@carlosdebolson No. Una de las grandes fortalezas de estos estudios es que son 'doble ciego'. Ni los médicos ni los pacientes saben si el paciente está recibiendo vacuna o placebo.	https://twitter.com/SantiOlsze/status/1314927599748034561	[]
SantiOlsze	Sat Oct 10 13:51:54 +0000 2020	23	1	@carlosdebolson No es bueno. Es esperable. Lo que se va a comparar es la proporción de vacunados que se infectaron o enfermaron contra la misma proporción en el grupo placebo.	https://twitter.com/SantiOlsze/status/1314926634575724546	[]
SantiOlsze	Sat Oct 10 13:07:02 +0000 2020	129	12	@FedeArielS Mientras el éxito del periodismo se mida en cantidad de clicks que recibió una nota, van a seguir titulando así aunque la gente solo consuma títulos.	https://twitter.com/SantiOlsze/status/1314915344914558976	[]
SantiOlsze	Sat Oct 10 12:28:32 +0000 2020	983	173	Si ninguno de los voluntarios en un estudio para un vacuna se enferma, el estudio no sirve. La probabilidad de infectarse con vacuna sería igual que la de infectarse con placebo (0%) y por ende no se podría establecer si la vacuna ejerce un efecto protector. https://t.co/9vJNzj5s6L	https://twitter.com/SantiOlsze/status/1314905656093073408	[]
SantiOlsze	Fri Oct 09 18:35:41 +0000 2020	1	0	"@Pabloaya3 El otro día me crucé esto y está genial
https://t.co/uxIZBQa7v0"	https://twitter.com/SantiOlsze/status/1314635663568973824	[]
SantiOlsze	Thu Oct 08 21:38:43 +0000 2020	29	12	Italia después del salto de agosto logró mantenerse en torno a los 1600 casos en septiembre. Empezó octubre con 2500 y hoy, 8/10, casi 4500. https://t.co/G5pnpmZMiW	https://twitter.com/SantiOlsze/status/1314319336509710339	[]
SantiOlsze	Thu Oct 08 01:35:21 +0000 2020	4	1	"@giovannalgallo Me comí el discalimer del Ministerio de Salud 😳

""Gran Mendoza contempla los departamentos de Capital, Luján de Cuyo, Godoy Cruz, Maipú, Guaymallén y Las Heras"""	https://twitter.com/SantiOlsze/status/1314016499045146624	[]
SantiOlsze	Thu Oct 08 00:37:27 +0000 2020	14	0	@ferbercovich Roban pero hacen (?)	https://twitter.com/SantiOlsze/status/1314001929190748160	[]
SantiOlsze	Wed Oct 07 23:54:39 +0000 2020	71	18	En Neuquén el parte nacional subestima la situación. El Ministerio de Salud de Neuquén informa ocupación total.  https://t.co/Z4VReBoRvb	https://twitter.com/SantiOlsze/status/1313991156187959299	[]
SantiOlsze	Wed Oct 07 23:22:44 +0000 2020	115	45	2 camas disponibles en Bahía Blanca para ~ 300.000 habitantes. Vía @juliandaich https://t.co/IZ44u4FGrQ	https://twitter.com/SantiOlsze/status/1313983127790989315	[]
SantiOlsze	Wed Oct 07 23:22:12 +0000 2020	2	0	@juliandaich Uf, tremendísimo.	https://twitter.com/SantiOlsze/status/1313982991727763456	[]
SantiOlsze	Wed Oct 07 23:15:49 +0000 2020	29	10	"@ischargro Al respecto y en sintonía
https://t.co/w8HsJe1Bqd"	https://twitter.com/SantiOlsze/status/1313981383921070080	[]
SantiOlsze	Wed Oct 07 23:11:27 +0000 2020	1061	504	El ambacentrismo nos va a matar. Hay 6 departamentos del interior del país con más 80% de ocupación de camas.  Los departamentos de Rosario (96%), Salta Capital (88%) y  Gran Mendoza (88%) están entre los más complicados. https://t.co/sqNBRc5q6V	https://twitter.com/SantiOlsze/status/1313980287328628738	[]
SantiOlsze	Wed Oct 07 01:25:20 +0000 2020	3	0	@palamago Anda en el promedio país poco arriba del 60%.  Pero hay muchas diferencias. Acá hay un par de gráficos desagregados por provincia y departamentos no tan desactualizados https://t.co/BDqaYYK9rx	https://twitter.com/SantiOlsze/status/1313651590658691073	[]
SantiOlsze	Wed Oct 07 01:21:50 +0000 2020	252	166	Las camas de terapia intensiva ocupadas por pacientes con coronavirus es por primera vez mayor a 4000. Hace un mes eran 2500 y hace dos, 1200. https://t.co/Nxd78Yfcwz	https://twitter.com/SantiOlsze/status/1313650708814626816	[]
SantiOlsze	Tue Oct 06 22:09:04 +0000 2020	13	1	En el mes de septiembre, las muertes diarias por coronavirus en Europa pasaron de poco más de 300 a casi 600. https://t.co/T5l9oQYqo7	https://twitter.com/SantiOlsze/status/1313602200632000517	[]
SantiOlsze	Tue Oct 06 11:48:02 +0000 2020	4	0	@plenque @Epi_Net @norabar @rquiroga777 @mmbarrionuevo @pabloduggan @arilijalad @rinconet @juan_amorin Mi 22% es que en julio había aprox 850 y ahora hay 1036. 22% más.  Coincido en que hacer esa inferencia es un complejísimo (al menos yo no me animo) y más con la carga cruzada.	https://twitter.com/SantiOlsze/status/1313445910890807302	[]
SantiOlsze	Tue Oct 06 02:47:34 +0000 2020	33	9	La actualización de las estadísticas permite acercarlas a la verdad y eso se celebra siempre.	https://twitter.com/SantiOlsze/status/1313309898554437632	[]
SantiOlsze	Tue Oct 06 02:19:02 +0000 2020	46	15	Agradezco a @NihilNovum2 por compartirme la fecha de reporte para cada fallecido.  Aprovecho y comparto un hilo suyo en el que contaba este tema hace unos días: https://t.co/zwGMXQjqXM	https://twitter.com/SantiOlsze/status/1313302718518374405	[]
SantiOlsze	Tue Oct 06 02:19:02 +0000 2020	84	17	Se carguen de a poquito o de golpe, esto revela que las muertes que a priori se escapan son muchas y en todos lados. Es fundamental desarrollar los sistemas que permitan subsanar estas demoras y olvidos para que lo que veamos sea lo más cercano a la realidad posible.	https://twitter.com/SantiOlsze/status/1313302717029396482	[]
SantiOlsze	Tue Oct 06 02:19:01 +0000 2020	434	242	En los últimos 15 días, CABA reportó casi 200 muertes correspondientes al mes de julio. Estamos en octubre y siguen agregando a diario fallecidos de esos días.  Al momento, y solo con los agregados en estos últimos 15 días, las muertes de julio aumentaron un 22%. https://t.co/kmbUYsvF8b	https://twitter.com/SantiOlsze/status/1313302714831560704	[]
SantiOlsze	Mon Oct 05 00:47:27 +0000 2020	1	0	@Horacio_Basta Concedido 😉	https://twitter.com/SantiOlsze/status/1312917283262681091	[]
SantiOlsze	Sun Oct 04 22:03:28 +0000 2020	0	0	@jelffman ❤️	https://twitter.com/SantiOlsze/status/1312876014847000576	[]
SantiOlsze	Sun Oct 04 14:06:08 +0000 2020	0	0	@pableuns @norabar Hola! A los últimos días les pueden faltar casos aún, porque muestro por fecha de diagnóstico. Por ejemplo, casos que se diagnosticaron ayer pueden reportarse mañana.  Por eso la tendencia hacia el final es siempre tentativa y, por eso, punteada.	https://twitter.com/SantiOlsze/status/1312755888629919744	[]
SantiOlsze	Sun Oct 04 14:00:06 +0000 2020	0	0	@RAEinforma y @googleargentina, arréglense entre ustedes. Si me preguntan, a mí me gusta más con tilde. https://t.co/BrQhzyTcbi	https://twitter.com/SantiOlsze/status/1312754372468707334	[]
SantiOlsze	Sun Oct 04 13:55:06 +0000 2020	206	68	"Casos nuevos por día en los últimos 60 días por fecha de diagnóstico en:

- Provincias
- Barrios de CABA
- Municipios del Conurbano Bonaerense

Verde🟢: Máximo hace más de 30 días
Amarillo🟡: Máximo entre 15 y 30 días antes
Rojo🔴: Máximo en los últimos 15 días https://t.co/R0d9czT5LP"	https://twitter.com/SantiOlsze/status/1312753111375765506	[]
SantiOlsze	Sat Oct 03 00:57:56 +0000 2020	2	1	@Andy_PD Al mismo tiempo, CABA sigue cargando muertes de julio. Igual te entiendo y creo que tenés un punto ahí interesante. Yo soy un pesimista. Ojalá el tiempo te dé la razón acá.	https://twitter.com/SantiOlsze/status/1312195145043832832	[]
SantiOlsze	Fri Oct 02 17:37:05 +0000 2020	6	0	@rquiroga777 Será un botón rojo de verdad o como el nuestro?	https://twitter.com/SantiOlsze/status/1312084199810138114	[]
SantiOlsze	Fri Oct 02 11:47:25 +0000 2020	1	1	@Andy_PD Si, puede ser. Abogo más por la teoría de que un goteo lento de reporte de muertes de esos días lo va a llevar al 4%. Pero ambas son posibles.	https://twitter.com/SantiOlsze/status/1311996203912003586	[]
SantiOlsze	Fri Oct 02 01:20:20 +0000 2020	64	17	Por suerte la opinión pública todavía no se ha dado cuenta de que opina lo que quiere la opinión privada. https://t.co/InlsXQSgcb	https://twitter.com/SantiOlsze/status/1311838394914410502	[]
SantiOlsze	Thu Oct 01 23:40:18 +0000 2020	0	0	@PobreClaseMedia Falta gente morirse y muertos no cargados. Yo me fijo de los diagnosticados cada día, qué porcentaje se murió y su muerte está en el SISA. Y eso da para muchos dias cerca del 4%	https://twitter.com/SantiOlsze/status/1311813220382969864	[]
SantiOlsze	Thu Oct 01 23:15:20 +0000 2020	4	0	Otra forma de verlo es la caída del final en las curvas de casos y muertes. https://t.co/RRfwub6oFu	https://twitter.com/SantiOlsze/status/1311806934530560000	[]
SantiOlsze	Thu Oct 01 23:15:19 +0000 2020	7	1	"La letalidad de los días más recientes cae porque:

a) la gente tarda en fallecer una vez que es diagnosticada.
b) existe un retardo en la carga de fallecidos al sistema. 

Por ese motivo solo muestro hasta los casos diagnosticados el 1° de septiembre."	https://twitter.com/SantiOlsze/status/1311806931112206341	[]
SantiOlsze	Thu Oct 01 23:15:18 +0000 2020	37	11	"La letalidad se ubica en torno al 4% de los casos diagnosticados cada día, tras la actualización de muertes en el SISA. 

Esta animación muestra cuánta gente falleció (Y) de los diagnosticados cada día (X). Vemos que en días 'cerrados', se ubica siempre cerca de ese valor. https://t.co/wE6KkX8OQa"	https://twitter.com/SantiOlsze/status/1311806928524279808	[]
SantiOlsze	Thu Oct 01 16:59:13 +0000 2020	2	0	@luciindescai @norabar @juan_amorin @arilijalad @rquiroga777 @ValeriaRoman @matydisanti Nacional.	https://twitter.com/SantiOlsze/status/1311712284922777602	[]
SantiOlsze	Thu Oct 01 00:13:15 +0000 2020	23	9	Esto es con información nacional, pero muchas veces los partes provinciales tienen información más reciente y , como en este caso, más preocupante aún https://t.co/QWYEIvD6XS	https://twitter.com/SantiOlsze/status/1311459122701832194	[]
SantiOlsze	Wed Sep 30 23:46:25 +0000 2020	49	12	"Mi conclusión😷

Incluso con camas disponibles, la letalidad de un cuadro grave de coronavirus es muy alta. Sigamos cuidandonos. Que queden camas libres no implica que las tengamos que ocupar."	https://twitter.com/SantiOlsze/status/1311452370337964032	[]
SantiOlsze	Wed Sep 30 23:46:24 +0000 2020	14	5	Las fuentes de lo mostrado acá sale del Ministerio de Salud de Nación. Alguna directo de la base de datos y otra, a través de la información que recopila @Chequeado semanalmente en notas como esta: https://t.co/7Cudbj5cEq	https://twitter.com/SantiOlsze/status/1311452368379228162	[]
SantiOlsze	Wed Sep 30 23:46:24 +0000 2020	27	11	Para dimensionar, de los pacientes con coronavirus que tienen registrado el ingreso a UTI en la base de datos del Ministerio de Salud, menos del 50% sobrevivió. Esto se ve tanto a nivel nacional como en CABA y PBA por separado. https://t.co/NzqfThP8Ge	https://twitter.com/SantiOlsze/status/1311452366252781569	[]
SantiOlsze	Wed Sep 30 23:46:23 +0000 2020	25	8	General Roca (Río Negro) y Rosario (Santa Fe) son los departamentos del país con ocupación mayor al 90% en sus camas de terapia intensiva por todo tipo de patologías.  Aparecen otros departamentos de Santa Fe, Mendoza, Salta, Jujuy, Tucumán y La Rioja con ocupación mayor al 70%. https://t.co/DNBIcyba9t	https://twitter.com/SantiOlsze/status/1311452360787492865	[]
SantiOlsze	Wed Sep 30 23:46:22 +0000 2020	35	15	Las provincias que más ocupación tienen de sus camas son Salta (81%)  y Rio Negro (90%).  Mendoza, Neuquén, Tucumán y Santa Fe con valores bastante preocupantes. https://t.co/DaQOzVpjiW	https://twitter.com/SantiOlsze/status/1311452358023487488	[]
SantiOlsze	Wed Sep 30 23:46:21 +0000 2020	180	110	"Terminamos septiembre con 3792 camas de terapia intensiva ocupadas por pacientes COVID (+).  Hace un mes eran 2232 y hace dos, 1076. 

Algunos datos sobre el uso de terapia intensiva 🔽 https://t.co/IJZbjPj9tJ"	https://twitter.com/SantiOlsze/status/1311452352344457220	[]
SantiOlsze	Wed Sep 30 22:38:19 +0000 2020	0	0	@plenque Exactamente. El máximo anterior era tipo 13700, no?	https://twitter.com/SantiOlsze/status/1311435232600563712	[]
SantiOlsze	Wed Sep 30 13:12:09 +0000 2020	28	3	Ciencia argentina https://t.co/iXCdJewz8D	https://twitter.com/SantiOlsze/status/1311292751166795777	[]
SantiOlsze	Tue Sep 29 00:08:09 +0000 2020	0	0	@homerosapiens78 Qué predicción?	https://twitter.com/SantiOlsze/status/1310733064952315909	[]
SantiOlsze	Tue Sep 29 00:04:47 +0000 2020	2	0	@morhijo @mmbarrionuevo Aprendo de Martín todos los días. Gracias por preocuparte.	https://twitter.com/SantiOlsze/status/1310732216423587840	[]
SantiOlsze	Tue Sep 29 00:02:31 +0000 2020	6	0	@morhijo Cuando vienen con agresiones las sugerencias las tiro directamente a la basura.	https://twitter.com/SantiOlsze/status/1310731648464498690	[]
SantiOlsze	Mon Sep 28 23:20:38 +0000 2020	96	50	"De los casos nuevos de hoy, 55% son del interior del país. 

-45% CABA + PBA
-26% Córdoba + Santa Fe
- 29% Resto del país https://t.co/8FmIQxCN28"	https://twitter.com/SantiOlsze/status/1310721106710532097	[]
SantiOlsze	Mon Sep 28 21:41:01 +0000 2020	165	30	"Un entrevistado en la última marcha anti-todo dijo ""queremos un país libre, un país libre de esta lacra peronista"" y ahí entendí cuál es la libertad por la que marchan cada 15 días."	https://twitter.com/SantiOlsze/status/1310696036491579393	[]
SantiOlsze	Sun Sep 27 23:06:52 +0000 2020	30	4	"Un gráfico que no sirve más. 

Hace unos meses armé este gráfico para seguir la expansión federal del COVID-19. La idea era ver cuántas provincias reportaban casos cada día. Hoy, el gráfico se satura: casi todas detectan casos a diario. https://t.co/l6K84e3lKe"	https://twitter.com/SantiOlsze/status/1310355253116764163	[]
SantiOlsze	Sat Sep 26 14:54:49 +0000 2020	1	0	@leitouran @SaludBAP Y así ninguna provincia/distrito va a hacer lo mismo, que sería esencial.	https://twitter.com/SantiOlsze/status/1309869036872884225	[]
SantiOlsze	Sat Sep 26 14:15:58 +0000 2020	2	2	"@MareA_Viva 1) Sistema de Gestión de Camas (SIGEC)
2) Digitalización de los certificados y actas de defunción del Registro Provincial de las Personas
3) SISA"	https://twitter.com/SantiOlsze/status/1309859261921595394	[]
SantiOlsze	Sat Sep 26 13:34:30 +0000 2020	56	17	Con este nuevo desarrollo, @SaludBAP toma una estrategia activa de detección de fallecidos por COVID-19 al desarrollar un sistema de triangulación de bases de datos que es mucho más eficiente. No solo es más exacto, sino que, volviendo al principio del hilo, es más rápido.	https://twitter.com/SantiOlsze/status/1309848826312876038	[]
SantiOlsze	Sat Sep 26 13:34:30 +0000 2020	36	10	"La OPS, al definir la vigilancia epidemiológica, dice que logra su objetivo  ""usando métodos que se distinguen por ser prácticos, uniformes y rápidos, más que por
su exactitud o totalidad"".  Esto es exactamente lo que pasa con la vigilancia pasiva."	https://twitter.com/SantiOlsze/status/1309848825050402824	[]
SantiOlsze	Sat Sep 26 13:34:30 +0000 2020	39	12	Por el contrario, la vigilancia activa ocurre cuando el personal sale a buscar información. Son sistemas más costosos y complejos, claro está, pero permiten acercarse más a las cifras verdaderas. El plan Detectar para la investigación de nuevos casos es un perfecto ejemplo.	https://twitter.com/SantiOlsze/status/1309848823762743296	[]
SantiOlsze	Sat Sep 26 13:34:29 +0000 2020	37	16	La vigilancia epidemiológica en forma pasiva, que es aquella en la que los propios efectores de salud notifican los casos, es muy útil pero implica siempre un subregistro importante.  Funciona bien para las tendencias (con demora) y relativamente mal para los números absolutos.	https://twitter.com/SantiOlsze/status/1309848822475038720	[]
SantiOlsze	Sat Sep 26 13:34:29 +0000 2020	38	14	El reporte obligatorio de enfermedades es una herramienta es fundamental para la vigilancia epidemiológica. Este campo de la epidemiología se encarga del análisis de datos en Salud Pública sobre tendencias, lugares y personas, su interpretación y  su difusión.	https://twitter.com/SantiOlsze/status/1309848821158096906	[]
SantiOlsze	Sat Sep 26 13:34:29 +0000 2020	42	12	Este año, en el marco de la Emergencia Sanitaria, se incluyó al coronavirus dentro de las enfermedades de notificación obligatoria por los efectores de salud. https://t.co/lR2mzh7nWu	https://twitter.com/SantiOlsze/status/1309848819518107650	[]
SantiOlsze	Sat Sep 26 13:34:28 +0000 2020	43	15	En Argentina, desde 1960 tenemos una Ley  de Enfermedades Infecciosas para la notificación obligatoria de un listado de enfermedades prioritarias. Según el grupo al que pertenezcan, la notificación será inmediata, diaria o semanal, individualizada o en número de casos. https://t.co/Goanh0xaWQ	https://twitter.com/SantiOlsze/status/1309848815328014341	[]
SantiOlsze	Sat Sep 26 13:34:27 +0000 2020	206	88	¿Un gobierno que triangula información para evitar el subnotificación de muertes desde los efectores de salud oculta datos?  Se ve claramente en este gráfico de @Rodri_LP cómo el nuevo sistema es mucho más eficiente, en particular para las muertes recientes. https://t.co/jofesWdRYe	https://twitter.com/SantiOlsze/status/1309848811263713281	[]
SantiOlsze	Fri Sep 25 21:14:30 +0000 2020	28	11	"Los datos de ocupación de camas por departamento salen del gran laburo de @Chequeado en base a datos oficiales del Ministerio de Salud de la Nación. Acá la nota: 
https://t.co/UuYF8yKrNF"	https://twitter.com/SantiOlsze/status/1309602202579861504	[]
SantiOlsze	Fri Sep 25 21:12:34 +0000 2020	253	149	Rosario tiene sus camas de terapia intensiva ocupadas en un 97%. A principios de agosto reportaba menos de 100 casos por día y hoy se acerca a los 1000. https://t.co/clnrLpt1Dw	https://twitter.com/SantiOlsze/status/1309601713121382402	[]
SantiOlsze	Fri Sep 25 13:57:54 +0000 2020	32	18	Mientras tanto, y por si fuera poco, se nos prende fuego Córdoba. ¿Bajo control?  Vía @PiuTavella https://t.co/aKxyhgx3ew	https://twitter.com/SantiOlsze/status/1309492327233323015	[]
SantiOlsze	Thu Sep 24 23:52:37 +0000 2020	2	0	@PiuTavella Seguro que una cosa no quita a la otra (de la agenda, sí, igual). Ahora: es la esposa, no? El hecho en sí es una falta legal y de respeto, pero no sé si un reflejo patriarcal.  No sabía de las denuncias. Qué papelón. Bien que esto sirva para darle empuje a esas denuncias.	https://twitter.com/SantiOlsze/status/1309279605069697027	[]
SantiOlsze	Thu Sep 24 22:58:51 +0000 2020	29	6	Agenda	https://twitter.com/SantiOlsze/status/1309266071321444356	[]
SantiOlsze	Thu Sep 24 15:41:56 +0000 2020	9	0	https://t.co/EO5PahQ6OQ	https://twitter.com/SantiOlsze/status/1309156119512854532	[]
SantiOlsze	Thu Sep 24 15:04:38 +0000 2020	39	2	Atrás de cada número de recuperados están los que perdimos en el camino. No olvidar.	https://twitter.com/SantiOlsze/status/1309146733595832322	[]
SantiOlsze	Thu Sep 24 15:02:01 +0000 2020	55	8	Vamos por el rebaño así se recuperan 30 millones de personas! https://t.co/udxAKQPnuM	https://twitter.com/SantiOlsze/status/1309146074427338758	[]
SantiOlsze	Thu Sep 24 12:02:42 +0000 2020	35	6	@ernestorr Lo de CABA no van a ser clases de verdad (con su riesgo y su beneficio). Es 100% pour la galerie.	https://twitter.com/SantiOlsze/status/1309100949139599366	[]
SantiOlsze	Wed Sep 23 23:14:11 +0000 2020	15	6	La tendencia en las 23 provincias  + CABA.  La provincia de Buenos Aires y Capital Federal en amarillo por haber pasado más de 15 días desde sus valores máximos. El resto, rojo por tener el máximo en días más recientes. https://t.co/HDOYrHnxx3	https://twitter.com/SantiOlsze/status/1308907546124705792	[]
SantiOlsze	Wed Sep 23 23:11:39 +0000 2020	13	3	Es, hablando de manera más precisa, el 50,1%. Acá muestro las curvas por separado de CABA, PBA y Córdoba y Santa Fe. En todos los casos es por fecha de diagnóstico, por lo que siempre habrá diferencias con los reportes y caídas 'falsas' hacia el final.	https://twitter.com/SantiOlsze/status/1308906906745004034	[]
SantiOlsze	Wed Sep 23 23:07:18 +0000 2020	37	14	El 51% de los casos nuevos (12624) incorporados hoy a la base de datos son del interior del país. Santa Fe y Córdoba empujan al interior al reportar más de 3000 casos en conjunto. https://t.co/vATBYczSoB	https://twitter.com/SantiOlsze/status/1308905813017341964	[]
SantiOlsze	Wed Sep 23 18:44:13 +0000 2020	21	6	Distinto camino el de Italia, que pudo controlar gran salto de la curva en agosto y reporta hace 30 días entre 1300 y 1700 contagios. https://t.co/I3hXlRX4Vi	https://twitter.com/SantiOlsze/status/1308839603865083904	[]
SantiOlsze	Wed Sep 23 18:40:43 +0000 2020	73	25	España y Francia reportan más de 10.000 casos de coronavirus cada día. El Reino Unido cerca de los 5000 casos diarios.  En España ayer se notificaron 240 decesos y hoy 130.  Francia, 78 fallecidos. UK, 37. https://t.co/jWEB1k0AFK	https://twitter.com/SantiOlsze/status/1308838724977991680	[]
SantiOlsze	Tue Sep 22 22:35:05 +0000 2020	77	25	El reporte del día de hoy traerá aproximadamente 12000 casos nuevos y 470 fallecidos.  Santa Fe con casi 1600 casos, Córdoba por encima de 1100. CABA poco más de 900 y PBA 5300.	https://twitter.com/SantiOlsze/status/1308535316224016385	[]
SantiOlsze	Tue Sep 22 17:32:04 +0000 2020	191	56	'Convivir con el virus' es jugar a la ruleta rusa. La cantidad de balas que tenga dependerá de tu edad, tus patologías de base y muchos otros factores. Pero no hay revolver vacío.	https://twitter.com/SantiOlsze/status/1308459059071385606	[]
SantiOlsze	Tue Sep 22 00:58:25 +0000 2020	27	1	Contrajeron 😳	https://twitter.com/SantiOlsze/status/1308209001126080512	[]
SantiOlsze	Mon Sep 21 23:36:54 +0000 2020	196	82	Los trabajadores de salud que contrayeron el coronavirus son más de 9000 solo en la Ciudad de Buenos Aires. Trabajando incansablemente durante meses, su reclamo fue atendido únicamente por la Metropolitana. Vergüenza. https://t.co/tOVncsJ158	https://twitter.com/SantiOlsze/status/1308188484138668032	[]
SantiOlsze	Mon Sep 21 23:00:06 +0000 2020	0	0	@tarantulaes Acumuladas. The Guardian dice algo de las muertes en los últimos 7 días, que es lo que muestra el gráfico?	https://twitter.com/SantiOlsze/status/1308179223245455360	[]
SantiOlsze	Mon Sep 21 18:58:11 +0000 2020	14	4	¿Cuántas cientificas argentinas conoces? 👇🏼👇🏼👇🏼 https://t.co/hw3Nmb3ALe	https://twitter.com/SantiOlsze/status/1308118343975677955	[]
SantiOlsze	Mon Sep 21 13:06:26 +0000 2020	0	0	@D10S_ElMasGde Sí, tenés razón y te tomo la sugerencia. No hubo mala onda. Saludos!	https://twitter.com/SantiOlsze/status/1308029822283780096	[]
SantiOlsze	Mon Sep 21 12:42:07 +0000 2020	1	0	@luigisinbigotes Hola! No. Hay estudios hechos en Lima, Perú bastante interesantes al respecto. Googleando seguro aparecen. Abz.	https://twitter.com/SantiOlsze/status/1308023701913456640	[]
SantiOlsze	Mon Sep 21 12:28:49 +0000 2020	25	14	"Tenemos 631.635 casos de COVID-19. El 51% son hombres y la edad más frecuente en ambos sexos ronda los 30 años. 

Tenemos 13.053 muertes. El 57% corresponde a hombres, con máxima frecuencia en el rango 70-75 años. En mujeres, la edad más frecuente es entre 85 y 90 años. https://t.co/5twadJqOn7"	https://twitter.com/SantiOlsze/status/1308020354716139526	[]
SantiOlsze	Mon Sep 21 11:24:01 +0000 2020	201	25	Mucha gente usando esto para denostar la cuarentena. Cuando había cuarentena, no figurabamos ni en los primeros 50 de este ranking.	https://twitter.com/SantiOlsze/status/1308004048726089728	[]
SantiOlsze	Mon Sep 21 11:14:31 +0000 2020	1	0	@MatiasArlia @amigokin Pero es un gráfico acumulado el que vos mostras.  Te muestra el total hasta tal día. Por eso nunca va a bajar. Tendrías que hacer la diferencia del 21 y el 13 para ver las nuevas.	https://twitter.com/SantiOlsze/status/1308001659050700801	[]
SantiOlsze	Mon Sep 21 11:11:15 +0000 2020	9	1	@D10S_ElMasGde El promedio de los últimos 7 días es un estándar a esta altura de la pandemia para hablar de 'hoy'. En cualquier caso, está en el título del gráfico.	https://twitter.com/SantiOlsze/status/1308000836770050049	[]
SantiOlsze	Mon Sep 21 11:09:13 +0000 2020	100	19	Como dice el título del gráfico, es en los últimos 7 dias. En el acumulado estamos mejor que muchos.  Pero hoy por hoy, en lo inmediato, muy mal.	https://twitter.com/SantiOlsze/status/1308000326314856453	[]
SantiOlsze	Mon Sep 21 11:07:23 +0000 2020	24	0	@MatiasArlia La importancia de leer el título y los ejes de un gráfico.	https://twitter.com/SantiOlsze/status/1307999864584908801	[]
SantiOlsze	Mon Sep 21 02:52:07 +0000 2020	7	2	"@NatyAleSuarez @ernestorr No me faltó ser preciso. Son dos datos diferentes que dicen cosas diferentes. En el global, estamos ""bien"". En los últimos días, el peor."	https://twitter.com/SantiOlsze/status/1307875225711849472	[]
SantiOlsze	Mon Sep 21 01:12:50 +0000 2020	677	313	"¿Qué significa tener más de 200 muertos por día?
Argentina es hoy el país que más muertes por millón de habitantes reporta a nivel mundial por COVID-19. https://t.co/ELUokTU25n"	https://twitter.com/SantiOlsze/status/1307850239081164800	[]
SantiOlsze	Sat Sep 19 17:07:51 +0000 2020	403	70	¿Les suena familiar? https://t.co/2hmp6vgTIU	https://twitter.com/SantiOlsze/status/1307365802790842374	[]
SantiOlsze	Fri Sep 18 13:43:32 +0000 2020	82	16	A 14 años de la desaparición de Jorge Julio López tras declarar en contra del represor Etchecolatz, insistimos: nunca más. https://t.co/aieYufoSZv	https://twitter.com/SantiOlsze/status/1306951996893786120	[]
SantiOlsze	Fri Sep 18 02:10:21 +0000 2020	2	0	https://t.co/gCnvomLBtM	https://twitter.com/SantiOlsze/status/1306777551017259008	[]
SantiOlsze	Thu Sep 17 18:39:13 +0000 2020	2	2	@luigisinbigotes https://t.co/3Fw6YIAVOf	https://twitter.com/SantiOlsze/status/1306664017755336709	[]
SantiOlsze	Thu Sep 17 13:57:27 +0000 2020	107	32	¿Cómo se distribuyen los más de 10000 casos que tenemos en promedio a diario? En el último mes, el crecimiento es casi exclusivamente a expensas del interior. https://t.co/CWlOn9v8oO	https://twitter.com/SantiOlsze/status/1306593111909363715	[]
SantiOlsze	Wed Sep 16 21:44:31 +0000 2020	0	0	@VascoPerret @norabar @pabloduggan @mmbarrionuevo @rquiroga777 El departamento de Güer Aike, 62%.	https://twitter.com/SantiOlsze/status/1306348262652248064	[]
SantiOlsze	Wed Sep 16 21:39:08 +0000 2020	13	6	"La fuente es @Chequeado en base a datos del Ministerio de Salud de la Nación. Acá la nota donde se explican estos números. https://t.co/HIaDvY7aOY
cc @matydisanti"	https://twitter.com/SantiOlsze/status/1306346909003587585	[]
SantiOlsze	Wed Sep 16 21:38:18 +0000 2020	108	82	"Muchos departamentos del interior con altísimos porcentajes de ocupación en sus camas de terapia intensiva (hasta 100%!).

Aparecen con más del 80% los de las capitales de Salta, Tucumán, Mendoza, Jujuy y Neuquén.

Rosario (Santa Fe) y Río Cuarto (Córdoba), en torno al 80%. https://t.co/8aMfZiswmn"	https://twitter.com/SantiOlsze/status/1306346698797711360	[]
SantiOlsze	Tue Sep 15 22:37:57 +0000 2020	39	6	El político blindado por medios opositores Y OFICIALISTAS sube en las encuestas. Shocking news. https://t.co/GGku3elhCK	https://twitter.com/SantiOlsze/status/1305999322929074181	[]
SantiOlsze	Tue Sep 15 00:42:22 +0000 2020	1	0	@SantiMMendez Lo tengo actualizado hasta ayer (los casos hasta el sábado) https://t.co/7V9d9g6Fl5	https://twitter.com/SantiOlsze/status/1305668244213297152	[]
SantiOlsze	Sun Sep 13 22:47:38 +0000 2020	35	18	El reporte sellará los números precisos, pero es un hecho que hoy Santa Fe reportará más casos nuevos que CABA. https://t.co/FGkRnQS9uw	https://twitter.com/SantiOlsze/status/1305276982561771520	[]
SantiOlsze	Sun Sep 13 13:51:30 +0000 2020	46	12	Que todavía tengamos camas de terapia intensiva desocupadas no implica que debamos usarlas todas, o sí? https://t.co/M5gqDy11Tr	https://twitter.com/SantiOlsze/status/1305142062359212033	[]
SantiOlsze	Sun Sep 13 13:47:08 +0000 2020	1	0	@muniebohemio Se detectan mucho mejor los casos. Entonces la letalidad aparente -CFR - (muertes / casos)  se parece mucho más a la letalidad real -IFR- ( muertes / infectados).   En marzo se perdían muchos casos. Ahora sería esperable que muchos menos y por lo tanto, menos muertes / casos.	https://twitter.com/SantiOlsze/status/1305140961211752448	[]
SantiOlsze	Sun Sep 13 13:20:11 +0000 2020	512	258	"Francia reportó ayer más de 10.000 casos por primera vez en lo que va de la pandemia. 

España reporta cerca de los 10000 casos por día también en promedio. 

Gran Bretaña, que reportaba cerca de 1000 casos a principios de agosto, agregó 3497 casos nuevos ayer. https://t.co/EpOGPzwICB"	https://twitter.com/SantiOlsze/status/1305134182176378881	[]
SantiOlsze	Sat Sep 12 18:43:42 +0000 2020	3	0	@fedextasis @MortolaV Yo no. @mmbarrionuevo cada tanto publica un indicador de tensión de los sistemas provinciales muy copado. Pongo un ejemplo viejo (ppios de agosto) que tengo a mano, seguro Martin publicó o publicará pronto una versión mucho más actualizada https://t.co/uFXsiwBQjY	https://twitter.com/SantiOlsze/status/1304853208544751616	[]
SantiOlsze	Sat Sep 12 12:14:35 +0000 2020	2	1	@cecilia_lerena @norabar @mmbarrionuevo @rquiroga777 Es un gráfico de proporciones, no de valores absolutos. La proporción que representa el AMBA del total de casos diarios está bajando, lo que no significa que el total de casos este bajando. Aumenta más (proporcionalmente) el interior que AMBA.	https://twitter.com/SantiOlsze/status/1304755282879418368	[]
SantiOlsze	Sat Sep 12 12:10:02 +0000 2020	3	0	@matydisanti @Chequeado Gracias a ustedes por compartir la info!	https://twitter.com/SantiOlsze/status/1304754139969261570	[]
SantiOlsze	Sat Sep 12 12:09:15 +0000 2020	1	0	@martinschus @norabar @mmbarrionuevo @rquiroga777 Si! Lo había visto y me quedó en el tintero hacerlo. La próxima lo subo suavizado, va a quedar mejor. Gracias!	https://twitter.com/SantiOlsze/status/1304753939649359873	[]
SantiOlsze	Sat Sep 12 01:29:45 +0000 2020	79	27	A principios de agosto, los casos en el interior del país representaban poco más del 10% del total de los casos detectados por día. Hoy, poco más de un mes después, casi el 40% de los casos reportados corresponden al interior del país. https://t.co/86Lsh75HAM	https://twitter.com/SantiOlsze/status/1304593007220584448	[]
SantiOlsze	Sat Sep 12 00:08:57 +0000 2020	0	0	@rquiroga777 @MarianoAMignini @DrDanielGollan @ginesggarcia @carlavizzotti @msalnacion @mmbarrionuevo @MDSuarez @C5N @tanoproductor @Juli_Strada No puedo ver qué pide porque me tiene bloqueado 🤔	https://twitter.com/SantiOlsze/status/1304572670818897920	[]
SantiOlsze	Fri Sep 11 22:44:24 +0000 2020	130	71	Otro gran salto en la cantidad de camas ocupadas por pacientes con coronavirus. Son 3093 camas de terapia intensiva ocupadas por pacientes confirmados a nivel nacional. https://t.co/SqLCWNeECH	https://twitter.com/SantiOlsze/status/1304551392422617088	[]
SantiOlsze	Fri Sep 11 11:51:25 +0000 2020	0	0	@juanmanuelclaus No tengo el dato	https://twitter.com/SantiOlsze/status/1304387067661684736	[]
SantiOlsze	Fri Sep 11 11:04:40 +0000 2020	2	0	"@normajuarezsi1 La información tiene está aclaración: ""las provincias de Córdoba, Corrientes, Santa Fe, Jujuy y Tucumán no reportaron información 
actualizada del sector privado"". Igualmente, lo que sí informan de Córdoba es 9% en Capital y 20% en Colón"	https://twitter.com/SantiOlsze/status/1304375301590441985	[]
SantiOlsze	Fri Sep 11 11:02:09 +0000 2020	1	0	@IanMedical Jajajajaja. No hay forma de disfrutar nada en asientos sin respaldo.	https://twitter.com/SantiOlsze/status/1304374668913258497	[]
SantiOlsze	Fri Sep 11 01:58:32 +0000 2020	28	3	Es el gráfico que mostró @drspacca en @Adntv(@C5N) con @mendeztomascba y basado en datos publicados por Chequeado del Ministerio de Salud en esta nota  https://t.co/X3J0lFOO97	https://twitter.com/SantiOlsze/status/1304237863102488583	[]
SantiOlsze	Fri Sep 11 01:56:51 +0000 2020	378	164	La saturación de los sistemas de salud es un hecho en varios departamentos del interior. https://t.co/jWAKalSa6g	https://twitter.com/SantiOlsze/status/1304237438156627968	[]
SantiOlsze	Thu Sep 10 19:40:27 +0000 2020	28	5	Mi opinión, alineada con esto, es que no hay forma segura (factible) de tomarse una cerveza en mesas de 60 cm de ancho con personas con las que no convivís.	https://twitter.com/SantiOlsze/status/1304142714494234627	[]
SantiOlsze	Thu Sep 10 19:29:58 +0000 2020	36	18	"""Actividades en las que el uso de mascarillas y el distanciamiento social son difíciles de mantener, incluido el ir a lugares que ofrecen comida y bebida en el lugar, podrían ser factores de riesgo importantes para la infección por SARS-CoV-2""
https://t.co/wzzXxJVjRb https://t.co/pp7Lz5hUmb"	https://twitter.com/SantiOlsze/status/1304140075333230594	[]
SantiOlsze	Thu Sep 10 17:10:41 +0000 2020	1	0	@rquiroga777 @jorgeluisaliaga @CarlosS24635115 @sole_reta @mmbarrionuevo @jeremiasincicco @Rodri_LP @plenque Es otro debate, pero tanta positividad (y tanta cantidad) de asintomáticos? Aunque más baja, serán realmente asintomáticos? Me inclino a pensar que ponen alta la vara para considerar síntomas o algún otro sesgo que se me escapa	https://twitter.com/SantiOlsze/status/1304105024503648256	[]
SantiOlsze	Thu Sep 10 17:07:55 +0000 2020	1	0	@rquiroga777 @jorgeluisaliaga @CarlosS24635115 @sole_reta @mmbarrionuevo @jeremiasincicco @Rodri_LP @plenque Uh me lo había salteado. Muy buena división. Evidentemente hay diferencia entre la población que tiene cargada FIS y la que no.	https://twitter.com/SantiOlsze/status/1304104329637498881	[]
SantiOlsze	Thu Sep 10 16:59:36 +0000 2020	6	0	@rquiroga777 @jorgeluisaliaga @CarlosS24635115 @sole_reta @mmbarrionuevo @jeremiasincicco @Rodri_LP @plenque Absolutamente de acuerdo, Rodri. Muy bueno. Desconfío de que los casos sin FIS en CABA sean todos asintomáticos, la verdad.  En cuanto a confiar o no en el reporte, el ajuste (con delay) te da la razón. Le mostré a Tetaz con el predictor de Jorge la semana pasada pero me ignoró.	https://twitter.com/SantiOlsze/status/1304102234855219202	[]
SantiOlsze	Thu Sep 10 11:24:02 +0000 2020	1	0	@vanerallito Ah, qué ridiculez. No estaba enterado.	https://twitter.com/SantiOlsze/status/1304017788290375680	[]
SantiOlsze	Wed Sep 09 20:46:18 +0000 2020	8	2	"Les comparto una charla con @podcastquediga  titulada ""¿Cuándo se termina la pandemia?"" donde tocamos varios temas de la situación nacional e internacional del COVID-19 en 30 minutos.

Ni idea cuándo termina😳

Lo pueden escuchar aquí:
https://t.co/K8uVA0Wu7x"	https://twitter.com/SantiOlsze/status/1303796899451994113	[]
SantiOlsze	Wed Sep 09 18:54:49 +0000 2020	0	0	@matydisanti Hola. Me podrás seguir un cachito que te querría hacer una consulta? Gracias!	https://twitter.com/SantiOlsze/status/1303768842422886403	[]
SantiOlsze	Wed Sep 09 12:21:59 +0000 2020	28	7	Bastaría, simplemente, con que el Ministerio de Salud desglose esas 450 camas e informe cuántas hay por hospital. Al saber cuántas camas consideran por hospital, podemos saber qué se está contando como cama y entender por qué la ciudad dice 60% y la @SATIarg 80%.	https://twitter.com/SantiOlsze/status/1303669980769157120	[]
SantiOlsze	Wed Sep 09 12:21:57 +0000 2020	24	7	Además, hay que abrir el debate por cuántas camas efectivamente hay. No coinciden los distintos relevamientos y creo que el problema está en qué se considera una cama de cuidados intensivos o en cuántas pueden operar en simultáneo en un centro de salud.	https://twitter.com/SantiOlsze/status/1303669974796562432	[]
SantiOlsze	Wed Sep 09 12:21:57 +0000 2020	90	23	A 6 meses de los primeros casos y dado que el 80% de los porteños tiene obra social o prepaga, ya es hora de que la Ciudad empiece a informar la ocupación de camas del subsector privado también.	https://twitter.com/SantiOlsze/status/1303669972506497025	[]
SantiOlsze	Wed Sep 09 12:14:55 +0000 2020	3	0	@melquiadess Le tengo mucho miedo a la segunda temporada	https://twitter.com/SantiOlsze/status/1303668203319631875	[]
SantiOlsze	Wed Sep 09 00:56:21 +0000 2020	6	0	La fecha indica el día de más casos (cómo promedio móvil a 7 días). De todas las muertes que tuvo ese país (100%) el rojo representa qué fracción de esas fue después del pico.	https://twitter.com/SantiOlsze/status/1303497435600293890	[]
SantiOlsze	Wed Sep 09 00:52:40 +0000 2020	41	12	Después del 'pico' sigue muriendo mucha gente.  En países que tuvieron brotes importantes, las muertes post-pico representan la mitad o más del total de las muertes por coronavirus acumuladas. https://t.co/IFTbnMMv97	https://twitter.com/SantiOlsze/status/1303496508931747840	[]
SantiOlsze	Tue Sep 08 23:37:16 +0000 2020	9	0	@chaquetumate Mi opinión es que no hay forma segura de comer con no convivientes en la misma mesa.	https://twitter.com/SantiOlsze/status/1303477535070617602	[]
SantiOlsze	Tue Sep 08 23:21:08 +0000 2020	10	0	@chaquetumate Siempre y cuando la persona que te está escupiendo en la cara sin barbijo en tu misma mesa no esté contagiada (y contagiando)	https://twitter.com/SantiOlsze/status/1303473475936489474	[]
SantiOlsze	Mon Sep 07 00:54:52 +0000 2020	13	4	Prácticamente todas las provincias reportan casos a diario y más de 10 reportan más de 100 casos por día. https://t.co/4aPXBYv5OQ	https://twitter.com/SantiOlsze/status/1302772289897926659	[]
SantiOlsze	Mon Sep 07 00:54:52 +0000 2020	22	8	No aflojan los casos en el interior del país. https://t.co/uqfACgxbNX	https://twitter.com/SantiOlsze/status/1302772287675027456	[]
SantiOlsze	Mon Sep 07 00:26:52 +0000 2020	6	1	@ferbercovich @ElGatoyLaCaja Tengo mis dudas. No convivientes sin barbijo por más de 15 minutos es rojisimo a menos que estén a una distancia considerable. No solo distancia entre mesas es el tema. La distancia intra-mesa es insalvable.	https://twitter.com/SantiOlsze/status/1302765243848970241	[]
SantiOlsze	Sun Sep 06 19:27:28 +0000 2020	176	57	La birra en un bar y el asado en el jardín son claros rojos, eh. Al aire libre mejora la cosa, pero si es el único cuidado no nos salva de nada. https://t.co/VTF9mljFP9	https://twitter.com/SantiOlsze/status/1302689894695948296	[]
SantiOlsze	Sun Sep 06 18:47:46 +0000 2020	20	3	"Curvas de nuevos casos en Quilmes, La Matanza y el resto de los municipios del Conurbano Bonaerense, con escala igual y diferente para cada municipio. 

🟢 Máximo hace más de 30 días
🟡 Máximo entre 30 y 15 días
🔴 Máximo en los últimos 15 días https://t.co/AhVEGdyjaz"	https://twitter.com/SantiOlsze/status/1302679904337760264	[]
SantiOlsze	Sat Sep 05 22:49:17 +0000 2020	0	0	"@morhijo @drclaudiosalud @mmbarrionuevo @nperezbalino @norabar @DoctorKruz @FlorBallarino @jorgeluisaliaga @dr_rdebbag @cesarmanth @SaludBAP @nkreplak @alferdez @LNdata @ArgMedicos Analizo la situación de CABA con más foco (supongo que me etiquetaste para interpelarme) porque:
1- Vivo en CABA 
2- Hay un discurso triunfalista que encuentro absolutamente falaz. 

De nuevo: coincido en tu visión (y comparto la preocupación) de lo que pasa en Quilmes y  otros."	https://twitter.com/SantiOlsze/status/1302378296689209344	[]
SantiOlsze	Sat Sep 05 22:45:27 +0000 2020	1	0	@morhijo @drclaudiosalud @mmbarrionuevo @nperezbalino @norabar @DoctorKruz @FlorBallarino @jorgeluisaliaga @dr_rdebbag @cesarmanth @SaludBAP @nkreplak @alferdez @LNdata @ArgMedicos Muchos lugares del conurbano están peor. En dinámica de crecimiento, en casos/habitante y  con positividad por encima del 50% cuando CABA anda en 40%. Ahora, que eso impida analizar, publicar y pensar la situación de CABA...  (sigo)	https://twitter.com/SantiOlsze/status/1302377331462463489	[]
SantiOlsze	Sat Sep 05 22:43:30 +0000 2020	0	0	@morhijo @drclaudiosalud @mmbarrionuevo @nperezbalino @norabar @DoctorKruz @FlorBallarino @jorgeluisaliaga @dr_rdebbag @cesarmanth @SaludBAP @nkreplak @alferdez @LNdata @ArgMedicos Adhiero. Ahora, qué pregunta tratamos de responder? Quién se lleva el premio al peor lugar de la pandemia? No puedo entender cómo molesta que se hable de CABA sin compararla con otro distrito (sigue)	https://twitter.com/SantiOlsze/status/1302376839701241859	[]
SantiOlsze	Sat Sep 05 14:55:12 +0000 2020	0	0	@mmbarrionuevo A seguir aguantando, ahora más que nunca. Abrazo grande, Martin!	https://twitter.com/SantiOlsze/status/1302258987770011654	[]
SantiOlsze	Sat Sep 05 14:42:59 +0000 2020	2	1	@hgmrqz1973 E inclinada 30°	https://twitter.com/SantiOlsze/status/1302255915769495558	[]
SantiOlsze	Sat Sep 05 14:35:47 +0000 2020	14	6	"La dinámica de toda la ciudad por @mmbarrionuevo:
https://t.co/GsDhu3C6Rt"	https://twitter.com/SantiOlsze/status/1302254101921660930	[]
SantiOlsze	Sat Sep 05 14:27:57 +0000 2020	110	38	Sobre la libertad y las mesetas ascendentes. https://t.co/LhbXuEzm3B	https://twitter.com/SantiOlsze/status/1302252129613230080	[]
SantiOlsze	Fri Sep 04 13:44:05 +0000 2020	27	13	Parecía inevitable que el crecimiento del AMBA repercuta en las otras grandes urbes. Córdoba  y Rosario ya tienen en torno a 500 casos por día. https://t.co/ft4FRmTUlf	https://twitter.com/SantiOlsze/status/1301878702603677696	[]
SantiOlsze	Thu Sep 03 16:19:30 +0000 2020	23	1	@morhijo Te invito a buscar en mi perfil declaraciones sobre la situación en PBA. No vas a encontrar ni una de tranquilidad y muchas de preocupación.	https://twitter.com/SantiOlsze/status/1301555430141898753	[]
SantiOlsze	Thu Sep 03 14:11:11 +0000 2020	48	22	"Aclaro el código de colores y agrego los barrios que quedan excluidos. En este caso, cada barrio tiene escala diferente para apreciar las tendencias. 

Rojo: máximo en los últimos 15 días
Amarillo: máximo entre 15 y 30 días antes
Verde: máximo hace más de 30 días https://t.co/dOtPOtW06L"	https://twitter.com/SantiOlsze/status/1301523137163677697	[]
SantiOlsze	Thu Sep 03 14:07:36 +0000 2020	262	143	Casos por día en Palermo y en el resto de los barrios de CABA. https://t.co/QHf1gvtORm	https://twitter.com/SantiOlsze/status/1301522234729791488	[]
SantiOlsze	Thu Sep 03 01:26:15 +0000 2020	2	0	"@IanMedical Efectivamente es así.  

Grupo (Edad media | Edad mediana)

Fallecidos totales (72 | 75)
Internación (73 | 75)
UTI (68 | 69)"	https://twitter.com/SantiOlsze/status/1301330633176895491	[]
SantiOlsze	Wed Sep 02 12:29:54 +0000 2020	11	6	@norabar Según el SISA el 70% de los fallecidos lo hace sin pasar por UTI. Puede que sea un dato no tan actualizado o mal cargado, pero esto sale directo de los Datos Abiertos.	https://twitter.com/SantiOlsze/status/1301135259698896896	[]
SantiOlsze	Wed Sep 02 12:27:10 +0000 2020	1	0	@mdeambrosio Es rarísimo. Imagino que hay mucho de eso.	https://twitter.com/SantiOlsze/status/1301134572827168768	[]
SantiOlsze	Tue Sep 01 23:56:01 +0000 2020	77	35	"""Los intensivistas, que ya éramos pocos antes de la pandemia, hoy nos encontramos al límite de nuestras fuerzas, raleados por la enfermedad, exhaustos por el tarbajo continuo e intenso, atendiendo cada vez más pacientes.""  @SATIarg 

Comunicado completo 👇
https://t.co/pUcGNsYIZR"	https://twitter.com/SantiOlsze/status/1300945539752656896	[]
SantiOlsze	Tue Sep 01 23:17:48 +0000 2020	397	288	Son 2314 las camas de terapia intensiva ocupadas por pacientes con coronavirus. Hace un mes eran 1128 y hace dos, 594. https://t.co/NReeXJD40T	https://twitter.com/SantiOlsze/status/1300935920259133440	[]
SantiOlsze	Tue Sep 01 21:27:12 +0000 2020	1	0	@amigokin @LUCHO_AGUIRRE @lulybarreiro61 Pero no está bajando. Los días del final son incompletos en cantidad de casos (por eso el color diferente). Si hubo una fuerte baja en su momento. Pero en la última semana no	https://twitter.com/SantiOlsze/status/1300908087541460994	[]
SantiOlsze	Tue Sep 01 21:12:00 +0000 2020	19	0	@NicoOlsze Ya tuvo los 10.000 pero tiene sed de 15.000 https://t.co/EDXw8XYBNn	https://twitter.com/SantiOlsze/status/1300904263011438595	[]
SantiOlsze	Tue Sep 01 20:14:57 +0000 2020	6	0	👇🏼👇🏼👇🏼👇🏼👇🏼 https://t.co/rpGPGbpOZU	https://twitter.com/SantiOlsze/status/1300889906928119811	[]
SantiOlsze	Tue Sep 01 18:18:05 +0000 2020	1	0	@paupKa @Dmeff1 Lo publica cada tanto @mmbarrionuevo en formato tabla-semaforo	https://twitter.com/SantiOlsze/status/1300860493926670336	[]
SantiOlsze	Tue Sep 01 15:43:25 +0000 2020	1	0	"@martintetaz Coincido en que la positividad es importante. Ahora, volviendo a las fechas: si reporte termina prediciendo síntomas, por qué habría que ""cerrar ese antro""?"	https://twitter.com/SantiOlsze/status/1300821571255271426	[]
SantiOlsze	Tue Sep 01 15:30:00 +0000 2020	1	1	@martintetaz Acá Jorge muestra ese ajuste https://t.co/Kzqrovh0fk	https://twitter.com/SantiOlsze/status/1300818196472229890	[]
SantiOlsze	Tue Sep 01 15:28:13 +0000 2020	1	0	"@martintetaz Las curvas de casos por fechas más sólidas (diagnóstico, síntomas, etcétera) terminan ajustando a la de reporte. Así que el reporte del día termina prediciendo bastante bien los casos ""reales"" de ese día."	https://twitter.com/SantiOlsze/status/1300817745068654598	[]
SantiOlsze	Tue Sep 01 15:02:04 +0000 2020	4	2	@JumaLazzati No hay estadística. Son líneas guía. El gráfico responde a Santilli &amp; CO diciendo que el promedio móvil semanal está en 1100. Y eso es simplemente mentira o, en el mejor de los casos, desactualizado.	https://twitter.com/SantiOlsze/status/1300811166336327680	[]
SantiOlsze	Tue Sep 01 14:27:58 +0000 2020	173	88	El promedio móvil de casos diarios reportados en CABA es mayor a 1200 desde hace una semana. https://t.co/EIqUasGkCn	https://twitter.com/SantiOlsze/status/1300802583406227464	[]
SantiOlsze	Tue Sep 01 12:07:15 +0000 2020	1	0	@paupKa Gracias!!! Es mi preferido 🙈	https://twitter.com/SantiOlsze/status/1300767170725634052	[]
SantiOlsze	Tue Sep 01 11:21:00 +0000 2020	80	28	"Tenemos 417735 casos de COVID-19. El 51% son hombres y la edad más frecuente en ambos sexos ronda los 30 años. 

Tenemos 8660 muertes. El 57% corresponde a hombres, con máxima frecuencia en torno a los 75 años. En mujeres, la edad más frecuente ronda los 90 años. https://t.co/dv4NDW83nS"	https://twitter.com/SantiOlsze/status/1300755531469139972	[]
SantiOlsze	Mon Aug 31 22:59:55 +0000 2020	14	8	La provincia de Buenos Aires en franco crecimiento después de una semana en la que parecía aflojar la tendencia. CABA acercándose a los valores altos de principios de mes con cerca de 1400 casos diagnosticados por día. https://t.co/ue1NM8EtJv	https://twitter.com/SantiOlsze/status/1300569032492548097	[]
SantiOlsze	Mon Aug 31 22:59:44 +0000 2020	2	0	@nico093 @norabar La base de datos muchas veces se actualiza antes de que aparezca el parte.	https://twitter.com/SantiOlsze/status/1300568985675726848	[]
SantiOlsze	Mon Aug 31 22:53:51 +0000 2020	15	9	Córdoba en torno a los 400, casi exclusivamente a expensas de la Capital. https://t.co/68eXb5t2b8	https://twitter.com/SantiOlsze/status/1300567505145147393	[]
SantiOlsze	Mon Aug 31 22:49:03 +0000 2020	17	9	Salta,Jujuy, Mendoza y Río Negro ya reportan más de 200 (o 300!) casos por día. https://t.co/tZr0Hg7c2k	https://twitter.com/SantiOlsze/status/1300566297395310593	[]
SantiOlsze	Mon Aug 31 22:49:02 +0000 2020	19	9	Santa Fe, particularmente en Rosario, reportando cientos de casos todos los días. https://t.co/01whl8RAcj	https://twitter.com/SantiOlsze/status/1300566295776239617	[]
SantiOlsze	Mon Aug 31 22:49:02 +0000 2020	11	9	Gran salto en Tucumán en los últimos días. https://t.co/FMnP1T4LC9	https://twitter.com/SantiOlsze/status/1300566294006202371	[]
SantiOlsze	Mon Aug 31 22:44:48 +0000 2020	94	39	"Hoy lunes por encima de los 9000 casos.  
CABA + PBA representan solo el 70% de los casos nuevos. https://t.co/Zu3UVKkkjU"	https://twitter.com/SantiOlsze/status/1300565230158852099	[]
SantiOlsze	Mon Aug 31 12:04:43 +0000 2020	9	3	@Andrea_Gentil Los domingos suele haber muchos menos testeos en CABA y la positividad se dispara. https://t.co/DmPirtbCf0	https://twitter.com/SantiOlsze/status/1300404144893759490	[]
SantiOlsze	Mon Aug 31 01:21:42 +0000 2020	4	1	"@euge_aruguete @jeremiasincicco @ctroCEPA Una visualización 
https://t.co/vOjZwrZVA4"	https://twitter.com/SantiOlsze/status/1300242324795072512	[]
SantiOlsze	Mon Aug 31 00:15:41 +0000 2020	8	0	"@JoeNavaja Mi favorito es el que empieza con ""man"""	https://twitter.com/SantiOlsze/status/1300225710712381440	[]
SantiOlsze	Sun Aug 30 22:54:42 +0000 2020	424	98	El 'impuesto' único a las grandes fortunas afectaría a menos del 0.03% de lxs argentinxs. Por supuesto, al 0.03% más rico. https://t.co/LhFwtJmTGO	https://twitter.com/SantiOlsze/status/1300205332350803974	[]
SantiOlsze	Sat Aug 29 00:10:21 +0000 2020	1	0	@industriarmr Acá te muestro https://t.co/JLOfpdEl2Z	https://twitter.com/SantiOlsze/status/1299499593097502720	[]
SantiOlsze	Fri Aug 28 23:12:32 +0000 2020	51	13	"Otras escenas de #DiaDeAnuncios

https://t.co/yWuQkjIrNU"	https://twitter.com/SantiOlsze/status/1299485044482945024	[{'text': 'DiaDeAnuncios', 'indices': [17, 31]}]
SantiOlsze	Fri Aug 28 23:10:37 +0000 2020	2	1	@unbateristamas Así va a ser (es) muy difícil	https://twitter.com/SantiOlsze/status/1299484560057683974	[]
SantiOlsze	Fri Aug 28 22:54:05 +0000 2020	10	0	@Tonga23 https://t.co/AwJKgvnBvZ	https://twitter.com/SantiOlsze/status/1299480400943820800	[]
SantiOlsze	Fri Aug 28 22:54:03 +0000 2020	4	0	@DiegoGomezDeck https://t.co/AwJKgvnBvZ	https://twitter.com/SantiOlsze/status/1299480391452106758	[]
SantiOlsze	Fri Aug 28 22:52:35 +0000 2020	0	0	@corvojona23 Lo aclaré en su momento y luego borré el tweet porque se prestaba a confusión (con razón). No teníamos capacidad de duplicar la ocupación total de camas, no las camas covid.	https://twitter.com/SantiOlsze/status/1299480024618274816	[]
SantiOlsze	Fri Aug 28 22:48:58 +0000 2020	1928	334	"""Es muy raro cruzarse con gente que no use el barbijo en CABA"" https://t.co/FzT0ElUZDD"	https://twitter.com/SantiOlsze/status/1299479111669370882	[]
SantiOlsze	Fri Aug 28 11:34:50 +0000 2020	7	1	"@ernestorr Tranquilidad
https://t.co/alcn3qwtje"	https://twitter.com/SantiOlsze/status/1299309461983694848	[]
SantiOlsze	Fri Aug 28 02:51:21 +0000 2020	26	0	"@emmaiarussi Será un ""qué loco 2020"" o ""qué loco cómo se vivía antes de 2020""? Me revuelve el estómago esa pregunta."	https://twitter.com/SantiOlsze/status/1299177725593292800	[]
SantiOlsze	Thu Aug 27 23:35:18 +0000 2020	2	0	@Adrian_Jacobo https://t.co/0YlBI3ajpH	https://twitter.com/SantiOlsze/status/1299128387248758784	[]
SantiOlsze	Thu Aug 27 22:47:27 +0000 2020	15	5	A principios de julio las 22 provincias del interior reportaban en conjunto alrededor de 200 casos. Hoy, más de 2000. https://t.co/qR5HGoYRNr	https://twitter.com/SantiOlsze/status/1299116343476846594	[]
SantiOlsze	Thu Aug 27 18:28:12 +0000 2020	0	0	@Rodri_LP Y tener muuuucho cuidado con ciudades / conglomerados urbanos / regiones homónimas.	https://twitter.com/SantiOlsze/status/1299051103653367809	[]
SantiOlsze	Thu Aug 27 17:35:57 +0000 2020	232	123	Italia🇮🇹 reporta hoy 1411 casos. No reportaba tantos casos desde el 6 de mayo.  España🇪🇸 reporta más de 9600 contagios, la cifra diaria más alta desde marzo. https://t.co/WLHde0MJYu	https://twitter.com/SantiOlsze/status/1299037953122095104	[]
SantiOlsze	Thu Aug 27 11:53:37 +0000 2020	40	6	Agosto en CABA https://t.co/SebMHHd5AD	https://twitter.com/SantiOlsze/status/1298951802868695043	[]
SantiOlsze	Wed Aug 26 12:43:21 +0000 2020	6	0	@silvioviotti @mmbarrionuevo No es comparable el pico anterior con este. Hoy sabemos que en Europa hubo cientos de miles de casos no detectados en marzo. Es esperable que los no detectados en este rebrote sean, proporcionalmente, muchos menos.	https://twitter.com/SantiOlsze/status/1298601930260910080	[]
SantiOlsze	Wed Aug 26 12:22:44 +0000 2020	226	101	España sigue liderando el rebrote europeo habiendo reportado ayer más de 7000 casos. https://t.co/OwomLC12pG	https://twitter.com/SantiOlsze/status/1298596741680431104	[]
SantiOlsze	Tue Aug 25 22:44:41 +0000 2020	7	1	"El interior desagregado:
https://t.co/QF4o94Z2Am"	https://twitter.com/SantiOlsze/status/1298390870396477442	[]
SantiOlsze	Tue Aug 25 22:40:37 +0000 2020	71	32	Más de 8700 casos hoy. El resto del país sigue creciendo con una dinámica muy preocupante. El interior del país representa hoy el 25% de los nuevos casos reportados.  En AMBA, valores relativamente estables en el AMBA. A la espera del parte, aprox. 5300 en PBA y 1300 en CABA. https://t.co/4k1pe4MSOp	https://twitter.com/SantiOlsze/status/1298389848156442624	[]
SantiOlsze	Tue Aug 25 20:25:30 +0000 2020	42	26	Los 10 países del mundo con más muertes por millón de habitantes en los últimos 7 días son americanos. ¿Argentina? 5°.  En el acumulado, Argentina ocupa el puesto 40°. https://t.co/ZqGyUwiN6b	https://twitter.com/SantiOlsze/status/1298355843860172800	[]
SantiOlsze	Tue Aug 25 02:03:26 +0000 2020	3	0	@anadebattista @chaquetumate Se me adelantó @anadebattista. Muy buena data en ese repositorio 😃	https://twitter.com/SantiOlsze/status/1298078499836694530	[]
SantiOlsze	Tue Aug 25 01:53:34 +0000 2020	46	10	Para no sobreestimar las muertes reportadas en un día ni subestimarlas por reporte de fallecidos de días anteriores, publiqué esto. Si bien llegan tarde al reporte, la tendencia es clara: el 3% de los casos que detectamos tiene un desenlace fatal. https://t.co/kYrccb49IA	https://twitter.com/SantiOlsze/status/1298076017211449347	[]
SantiOlsze	Mon Aug 24 01:55:48 +0000 2020	2	1	@TotinFraire Gracias!	https://twitter.com/SantiOlsze/status/1297714194079535104	[]
SantiOlsze	Mon Aug 24 00:48:39 +0000 2020	23	6	No podemos asegurar que esa tendencia se mantenga y la letalidad puede aumentar o disminuir por diversos factores, pero sí se mantiene bastante estable hace tiempo en esos valores.	https://twitter.com/SantiOlsze/status/1297697293374820355	[]
SantiOlsze	Mon Aug 24 00:48:39 +0000 2020	25	10	Así, es esperable que a la cantidad de casos diagnosticados a la fecha (342154) le correspondan alrededor de un 3% de muertes (10264), unas 3000 más que lo que vemos al día de hoy. La diferencia, nuevamente, es porque hay gente que no se murió y por la demora en la carga.	https://twitter.com/SantiOlsze/status/1297697292036841472	[]
SantiOlsze	Mon Aug 24 00:48:38 +0000 2020	24	9	"Vale aclarar que la probabilidad de morirse de COVID-19 es más baja. El denominador de la letalidad es los ""casos detectados"". Sin embargo, sabemos que hay muchos casos que no vemos y que la letalidad así calculada es la aparente."	https://twitter.com/SantiOlsze/status/1297697290803720192	[]
SantiOlsze	Mon Aug 24 00:48:38 +0000 2020	18	7	"La animación termina un mes atrás del día de hoy, porque los casos diagnosticados luego de esa fecha pueden: 

-  No haber fallecido todavía todos los que finalmente fallecerán. 

- No haber alcanzado el reporte a pesar de haber muerto. https://t.co/VCl2YPVIDQ"	https://twitter.com/SantiOlsze/status/1297697288903700480	[]
SantiOlsze	Mon Aug 24 00:48:37 +0000 2020	21	7	Sin grandes cambios en la política de testeo, en la edad media de los contagiados y en la capacidad de dar respuesta de los sistemas de salud, es esperable que la letalidad se mantenga. Y es exactamente lo que se ve desde mayo a julio: 3% de letalidad. https://t.co/IYSe89XIpw	https://twitter.com/SantiOlsze/status/1297697287041409024	[]
SantiOlsze	Mon Aug 24 00:48:37 +0000 2020	31	13	En vez de mirar los casos acumulados totales, este gráfico muestra, para cada día la cantidad de personas que fueron diagnosticadas (eje X) y cuántas de ellas muerieron al día de hoy (eje Y).  Vemos que aproximadamente el 3% de las personas diagnosticadas cada día se murió. https://t.co/ImaHjqHvl2	https://twitter.com/SantiOlsze/status/1297697285183352832	[]
SantiOlsze	Mon Aug 24 00:48:36 +0000 2020	205	87	"¿Cuál es la letalidad en Argentina?  Alrededor del 3%. 

El simple cálculo de muertes / fallecidos da 2%. Sin embargo, si se considera el rezago entre las curvas de casos y muertes así como la demora en el reporte de las muertes, se llega a un número un poco más realista. https://t.co/roVfvUWJaj"	https://twitter.com/SantiOlsze/status/1297697282708705281	[]
SantiOlsze	Sun Aug 23 21:08:15 +0000 2020	3	0	"@rquiroga777 @drjavierfarina @ernestorr Justo ayer publicaba esto. Hoy Italia volvió a reportar récord de este tiempo (1200). Más que nunca, Rodri, tu gráfico de conectividad en función del porcentaje de inmunidad con el R en colores. 
https://t.co/r4SLV3OOW5"	https://twitter.com/SantiOlsze/status/1297641828158705665	[]
SantiOlsze	Sun Aug 23 13:14:06 +0000 2020	5	0	Me volví a cruzar con esta excelente reflexión de @pgroisma que me recomendó @dwainer.  A no subestimar la suerte. https://t.co/GdDOa6foig	https://twitter.com/SantiOlsze/status/1297522503191953408	[]
SantiOlsze	Sun Aug 23 12:44:28 +0000 2020	15	5	"La nota que comparte Ernesto es excelente. Lamentablemente, vamos a tener que dar de nuevo todas las mismas discusiones. Los rebrotes NO se deben a que aumentó la capacidad de testeo. 

Por otra parte, más que claro que el 20% de inmunidad con vida normal no alcanza. https://t.co/oEuKfuOXGi"	https://twitter.com/SantiOlsze/status/1297515045325348872	[]
SantiOlsze	Sun Aug 23 12:16:03 +0000 2020	1	0	@tarracokeeper El gráfico empieza en mayo.	https://twitter.com/SantiOlsze/status/1297507897090494467	[]
SantiOlsze	Sat Aug 22 23:05:26 +0000 2020	19	7	"INTERIOR🇦🇷

Hoy se reportaron 1821 casos por fuera de CABA y PBA (23% del total) . Por fecha de diagnóstico comparto:

-La curva de casos diarios.

-La cantidad de provincias que reportan casos por día.

-La cantidad de provincias que reportan más de 50 casos por día. https://t.co/8NSjnbPC4x"	https://twitter.com/SantiOlsze/status/1297308932059410439	[]
SantiOlsze	Sat Aug 22 16:33:43 +0000 2020	124	124	Italia reporta hoy 1071 casos. La última vez que había superado los 1000 casos diarios fue el 12 de mayo, hace más de 100 días. https://t.co/bl4wyBTsJL	https://twitter.com/SantiOlsze/status/1297210352921436162	[]
SantiOlsze	Sat Aug 22 01:33:39 +0000 2020	16	6	Italia queda fuera de escala, pero el repunte es clarísimo. Los casos bajaron en mayo y se mantuvieron en torno a los 200 en junio y julio. En agosto, suben. https://t.co/Mgq3L49rec	https://twitter.com/SantiOlsze/status/1296983841178099713	[]
SantiOlsze	Sat Aug 22 01:28:11 +0000 2020	230	93	Queda más que claro que las curvas no bajan -ni se mantienen abajo- por arte de magia. Si nos cuidamos, controlamos la curva. Si nos dejamos de cuidar, suben los casos. https://t.co/bXVcTK0pFe	https://twitter.com/SantiOlsze/status/1296982468231417856	[]
SantiOlsze	Sat Aug 22 00:08:57 +0000 2020	0	0	@anitainesp ❤️	https://twitter.com/SantiOlsze/status/1296962525980958720	[]
SantiOlsze	Fri Aug 21 21:01:00 +0000 2020	2	0	@fpolitano jaja, ya está. Gracias a vos ahora siento mucha paz.	https://twitter.com/SantiOlsze/status/1296915229889245186	[]
SantiOlsze	Fri Aug 21 19:53:37 +0000 2020	0	0	@mmbarrionuevo 🙌🙌🙌	https://twitter.com/SantiOlsze/status/1296898269126242307	[]
SantiOlsze	Fri Aug 21 19:49:45 +0000 2020	0	0	@norabar 🤎	https://twitter.com/SantiOlsze/status/1296897296056168448	[]
SantiOlsze	Fri Aug 21 16:45:06 +0000 2020	2	0	@melipogo Y qué maestra ❤️	https://twitter.com/SantiOlsze/status/1296850827877986305	[]
SantiOlsze	Fri Aug 21 16:38:12 +0000 2020	722	8	A minutos de entrar en mi última clase de toda la carrera de bioquímica, todavía no puedo definir qué siento al respecto.	https://twitter.com/SantiOlsze/status/1296849090555326467	[]
SantiOlsze	Fri Aug 21 15:23:36 +0000 2020	58	20	Rubinstein asumió como Ministro de Salud en 2017. Cuando se fue en 2019, ya como Secretario, el presupuesto para salud en términos reales se había reducido casi un 20%.  Eso son. https://t.co/HBLLQNY2T6	https://twitter.com/SantiOlsze/status/1296830319459536899	[]
SantiOlsze	Fri Aug 21 01:20:05 +0000 2020	6	1	De una cosa podemos estar seguros: sin camas o sin personal para atenderlas, el porcentaje de supervivencia a UTI sería mucho menor.	https://twitter.com/SantiOlsze/status/1296618039769792512	[]
SantiOlsze	Fri Aug 21 01:20:05 +0000 2020	1	0	El valor real puede ser menor porque no sabemos que las personas hayan efectivamente salido de UCI al día de hoy. y porque hay retraso, en particular en PBA, con la carga de los fallecidos. Sin embargo, tomo hasta la semana 30 (19-25 de julio) para minimizar el error.	https://twitter.com/SantiOlsze/status/1296618038377103360	[]
SantiOlsze	Fri Aug 21 01:20:04 +0000 2020	26	10	"En Argentina, aproximadamente el 50% de las personas que ingresa a UTI por COVID-19 sobrevive.  Sin embargo, como es de esperar, varía por edad.

¿Qué porcentaje sobrevive?

Menores de 50 años:  75%
Entre 50 y 70 años: 50%
Mayores de 70 años: 40% https://t.co/u4I1UVxTgl"	https://twitter.com/SantiOlsze/status/1296618036540080128	[]
SantiOlsze	Thu Aug 20 23:16:49 +0000 2020	1	0	@biologoferit @norabar Para CABA y PBA figura en los reportes. Para CABA solo sector público.	https://twitter.com/SantiOlsze/status/1296587018445651968	[]
SantiOlsze	Thu Aug 20 23:13:34 +0000 2020	91	27	Hoy récord con más de 8000 casos sin tener récord ni en CABA ni en PBA. La cantidad de casos por fuera del AMBA crece a un ritmo preocupante. Más de 20 provincias reportan casos todos los días. https://t.co/RpQl1xSlcu	https://twitter.com/SantiOlsze/status/1296586203576381441	[]
SantiOlsze	Thu Aug 20 11:56:39 +0000 2020	8	1	Torres (casi) gemelas https://t.co/teyiYRnptO	https://twitter.com/SantiOlsze/status/1296415850946342914	[]
SantiOlsze	Thu Aug 20 11:23:13 +0000 2020	6	3	"@pmarsupia 53% de seroprevalencia en un barrio vulnerable de Buenos Aires. 
https://t.co/DUvbfrpsm7"	https://twitter.com/SantiOlsze/status/1296407436434255872	[]
SantiOlsze	Thu Aug 20 01:23:02 +0000 2020	70	13	Hoy nuevo récord de muertes reportadas.  En el promedio de los últimos 7 días fuimos el 9° país con más fallecidos por COVID-19 por millón de habitantes.  A muchos nos angustia, pero Silvia Mercado dormirá más tranquila. https://t.co/tuciafrArO	https://twitter.com/SantiOlsze/status/1296256396615462912	[]
SantiOlsze	Thu Aug 20 01:00:23 +0000 2020	11	2	"312659 casos: 49% mujeres, 51% hombres.
6330 fallecidos: 44% mujeres, 56% hombres.

Los casos se distribuyen homogéneamente entre géneros con frecuencia de aparición máxima a los 30 años de edad.

Hay considerablemente más muertes en hombres y a edad más temprana. https://t.co/UPqLwUiYeS"	https://twitter.com/SantiOlsze/status/1296250694454960129	[]
SantiOlsze	Wed Aug 19 12:13:37 +0000 2020	7	2	@alesitoide Comprame estos productos, reclutá a otros 10 pelotudos y te cuento todo sobre las estafas piramidales.	https://twitter.com/SantiOlsze/status/1296057733825925121	[]
SantiOlsze	Tue Aug 18 22:27:25 +0000 2020	15	2	Aproximadamente 4500 casos nuevos en la Provincia de Buenos Aires y 1000 en CABA.  Las curvas actualizadas 👇 https://t.co/UTmVcePgKZ	https://twitter.com/SantiOlsze/status/1295849810969481218	[]
SantiOlsze	Tue Aug 18 18:26:23 +0000 2020	49	14	#AVISAME https://t.co/Rb6zDDIuAf	https://twitter.com/SantiOlsze/status/1295789152345227264	[{'text': 'AVISAME', 'indices': [0, 8]}]
SantiOlsze	Mon Aug 17 13:56:25 +0000 2020	0	0	@Andrea_Gentil @abuelasdifusion ❤️	https://twitter.com/SantiOlsze/status/1295358828117188609	[]
SantiOlsze	Mon Aug 17 13:32:34 +0000 2020	104	10	"24 | 03 | 2020 

Cambiamos la forma de manifestarnos porque, con todo el dolor de no poder estar con @abuelasdifusion , entendimos que había que priorizar la Salud Pública. https://t.co/aga9E4K7po"	https://twitter.com/SantiOlsze/status/1295352823169929216	[]
SantiOlsze	Sat Aug 15 15:44:02 +0000 2020	8	0	@ramicastex @FTiradores A mi estos números me asustan y es lo que transmito en mis redes. Si a vos no te asustan, allá vos. Si el riesgo es que en 2021 me digan que fui en exagerado, prefiero arriesgarme.	https://twitter.com/SantiOlsze/status/1294661134377783296	[]
SantiOlsze	Sat Aug 15 15:02:41 +0000 2020	18	5	Es verdad que los picos no son comparables y por eso no hice ningún tipo de comparación. Acá el recorte desde junio a esta parte, ignorando el pico anterior para evitar confusiones. https://t.co/ujnQKTYoYN	https://twitter.com/SantiOlsze/status/1294650726086512640	[]
SantiOlsze	Sat Aug 15 14:41:43 +0000 2020	2	0	@martinschus Sí, totalmente. Dudo que una imagen te pueda pintar un panorama claro. En el caso España, va a haber que esperar a ver qué pasa con las muertes. Agregaría a la lista distribución etaria de casos.	https://twitter.com/SantiOlsze/status/1294645451908669442	[]
SantiOlsze	Sat Aug 15 14:35:23 +0000 2020	2	0	@martinschus Y las muertes siempre vienen con delay, y más en los segundos picos. Es muy claro en EEUU. Tengo a mano el de Irán. https://t.co/T4WM7CfgXz	https://twitter.com/SantiOlsze/status/1294643855954976768	[]
SantiOlsze	Sat Aug 15 14:34:13 +0000 2020	0	0	"@martinschus Es que para mi no es solo la positividad el tema. Es la definición de caso. Soy reiterativo en esta frase, pero para mi ""anosmia y febrícula fueron trending topic recién en abril""."	https://twitter.com/SantiOlsze/status/1294643562152427520	[]
SantiOlsze	Sat Aug 15 14:22:49 +0000 2020	5	0	"@martinschus Esta claro que en los primeros brotes se subtesteó. Ahora se está testeando más y mejor. Estos 4000 casos están mucho más cerca de los casos ""reales"" que los 4000 de marzo."	https://twitter.com/SantiOlsze/status/1294640693269405696	[]
SantiOlsze	Sat Aug 15 14:20:42 +0000 2020	20	2	@ramicastex La gente no se muere al infectarse sino un par de semanas después. Además, el reporte de muertes siempre tarda más que el de casos. En 1 mes veamos si levantan o no las muertes por COVID en España. Dudo que alcance el 1er pico, porque ahí se subtesteó mucho. Pero va a subir.	https://twitter.com/SantiOlsze/status/1294640160383160320	[]
SantiOlsze	Sat Aug 15 12:49:45 +0000 2020	340	170	"El rebrote en España ya se cuenta en miles de casos por día🇪🇸.

Confinamientos y mucho miedo mediante, Europa logró contener los brotes pero nunca llevar a cero los casos. Al aflojar los cuidados y retomar la 'vida normal', pueden aparecer rebrotes. https://t.co/FK655DDPJl"	https://twitter.com/SantiOlsze/status/1294617271655178241	[]
SantiOlsze	Fri Aug 14 23:46:35 +0000 2020	0	0	@martinalalu 😍	https://twitter.com/SantiOlsze/status/1294420182388166659	[]
SantiOlsze	Fri Aug 14 23:29:05 +0000 2020	15	3	"La línea de tendencia en todos los gráficos termina antes porque los últimos días siempre están incompletos y se van 'llenando' en los días sucesivos.  

Acá agrego los barrios que quedan afuera en los esquemas anteriores. https://t.co/nagysnZAGA"	https://twitter.com/SantiOlsze/status/1294415781128810502	[]
SantiOlsze	Fri Aug 14 23:29:05 +0000 2020	14	3	Mismos gráficos pero la misma escala para todos los barrios o todos los municipios, para lxs que prefieren esa forma de visualizarlo. https://t.co/sP55LHdKAF	https://twitter.com/SantiOlsze/status/1294415778624798720	[]
SantiOlsze	Fri Aug 14 23:29:04 +0000 2020	86	27	"🇦🇷AMBA🇦🇷

Casos por barrio o municipio en los últimos 60 días. 

Rojo🔴: máximo en los últimos 15 días
Amarillo🟡: máximo entre 15 y 30 días antes
Verde🟢: máximo hace más de 30 días https://t.co/UNVFFJZZqS"	https://twitter.com/SantiOlsze/status/1294415776104042497	[]
SantiOlsze	Fri Aug 14 23:07:12 +0000 2020	56	34	Siguen subiendo la cantidad de camas de cuidados intensivos ocupadas por pacientes con coronavirus. Hoy tenemos un nuevo máximo, como casi todos los días desde que empezó esto. https://t.co/wu3aClZyp3	https://twitter.com/SantiOlsze/status/1294410270857662465	[]
SantiOlsze	Fri Aug 14 16:59:55 +0000 2020	111	13	Bueno, ojalá que esta conferencia sea una joda y a las 19hs empiece la de verdad.	https://twitter.com/SantiOlsze/status/1294317843878748161	[]
SantiOlsze	Thu Aug 13 18:36:38 +0000 2020	13	1	@coscaffarelli Es clave. Se habla de los años perdidos. Si una persona por sus comorbilidades tenía una esperanza de vida X y murió 15 años antes de eso, le afanamos un pedazo importante de vida	https://twitter.com/SantiOlsze/status/1293979793805934593	[]
SantiOlsze	Thu Aug 13 16:13:49 +0000 2020	0	0	@NataliRasetto @AbelCuder Holi! No es abierta esa data😟	https://twitter.com/SantiOlsze/status/1293943852097777674	[]
SantiOlsze	Thu Aug 13 15:47:24 +0000 2020	10	3	"Sobre comorbilidades
https://t.co/3Gqshf7sPJ"	https://twitter.com/SantiOlsze/status/1293937205833076739	[]
SantiOlsze	Thu Aug 13 15:46:20 +0000 2020	951	285	"El 25% de los argentinxs tiene obesidad, el 40% tiene hipertensión arterial y el 13% tiene antecedentes de glucemia elevada o diabetes, según la última Encuesta Nacional de Factores de Riesgo. 

Dejemos de hablar de comorbilidades como si fueran algo excepcional."	https://twitter.com/SantiOlsze/status/1293936937875709965	[]
SantiOlsze	Thu Aug 13 15:34:50 +0000 2020	0	0	@martintetaz @aleberco Estaría bueno poder controlar por comorbilidades. Lamentablemente, esa información del SNVS no es abierta por el momento.	https://twitter.com/SantiOlsze/status/1293934044481236997	[]
SantiOlsze	Thu Aug 13 14:19:43 +0000 2020	2	0	@silcacer10 @norabar Porque está bajando. No por el valor absoluto.	https://twitter.com/SantiOlsze/status/1293915136646721536	[]
SantiOlsze	Thu Aug 13 13:27:47 +0000 2020	2	0	"@PabloRichly Puse ""la letalidad es mucho más alta en mayores de edad"" para no dar lugar a esa confusión. Pero entiendo. La próxima lo aclaro mejor."	https://twitter.com/SantiOlsze/status/1293902070332956672	[]
SantiOlsze	Thu Aug 13 13:23:15 +0000 2020	6	0	@PabloRichly Para 'ponderar el riesgo', absolutamente de acuerdo. Creo que la letalidad por decil etario es justamente eso, porque la curva de incidencia es parecida a la distribución poblacional. El riesgo de morirse por coronavirus siendo &gt;60 es mucho mayor.	https://twitter.com/SantiOlsze/status/1293900927586299906	[]
SantiOlsze	Thu Aug 13 12:05:13 +0000 2020	1	0	@ghpedoja https://t.co/NCwxv9v0nz	https://twitter.com/SantiOlsze/status/1293881291113484288	[]
SantiOlsze	Thu Aug 13 11:49:06 +0000 2020	360	47	Una buena. Habiendo superado los 3000 testeos diarios, CABA logra dos días seguidos con positividad menor al 40% por primera vez en mucho tiempo. https://t.co/54yfhC3nIX	https://twitter.com/SantiOlsze/status/1293877234713976832	[]
SantiOlsze	Wed Aug 12 23:06:22 +0000 2020	222	127	"El 25% de los 209 fallecidos reportados hoy tenía menos de 60 años.

Acá muestro la distribución de casos (círculos) y muertes (triángulos) en Argentina. La letalidad es mucho más alta en mayores de edad, sí, pero la juventud per se no te garantiza sobrevivir. https://t.co/cct0w4IIlq"	https://twitter.com/SantiOlsze/status/1293685287898566656	[]
SantiOlsze	Wed Aug 12 21:04:42 +0000 2020	1	0	@mrtndiz Fue en enero cuando destrabó miles de dosis varadas en aduana	https://twitter.com/SantiOlsze/status/1293654668585963522	[]
SantiOlsze	Wed Aug 12 18:42:38 +0000 2020	80	7	Ginés, Carla y la vacunación como política de Estado. https://t.co/2FNJPMEDm7	https://twitter.com/SantiOlsze/status/1293618916389003270	[]
SantiOlsze	Wed Aug 12 15:07:26 +0000 2020	1	0	"@ramicastex @NicoOlsze Ah, lo que querías era que te dijera que la Provincia tiene una montaña empinada? Ya lo dijo el Ministro de Salud de Provincia pero lo digo acá:

Los casos en provincia están creciendo a un ritmo mayor que los de capital."	https://twitter.com/SantiOlsze/status/1293564760240328706	[]
SantiOlsze	Wed Aug 12 14:48:54 +0000 2020	1	0	"@ramicastex @NicoOlsze Claro. Subiendo lento en un margen de 20% podes crecer dentro del rango.  

En los últimos 3 años tuve entre 20 y 23 años de edad yo."	https://twitter.com/SantiOlsze/status/1293560095176118272	[]
SantiOlsze	Wed Aug 12 13:50:38 +0000 2020	0	0	@klobuk70 La curva de Estados Unidos tiene esa onda https://t.co/RWyOyCsAqk	https://twitter.com/SantiOlsze/status/1293545430018666496	[]
SantiOlsze	Wed Aug 12 13:15:15 +0000 2020	2	0	@antoleandro @NicoOlsze Si, claro. Si haces más tests y tenés igual cantidad de casos (meseta con positividad a la baja) es un parámetro esperanzador. Hubo un par de días con &lt; 40% de positividad en CABA esta semana, para seguir de cerca.	https://twitter.com/SantiOlsze/status/1293536527390302210	[]
SantiOlsze	Wed Aug 12 13:05:32 +0000 2020	1	0	@antoleandro @NicoOlsze Por esa bajada de la última semana de julio. Si se mantenía en ese nivel, es una cosa. Pero ya volvió a que el máximo de cada semana supere al de la anterior.	https://twitter.com/SantiOlsze/status/1293534081322491904	[]
SantiOlsze	Wed Aug 12 12:25:43 +0000 2020	36	10	@NicoOlsze La curva de CABA según el propio reporte de CABA. https://t.co/djkD9kVSiq	https://twitter.com/SantiOlsze/status/1293524059901300737	[]
SantiOlsze	Wed Aug 12 02:18:44 +0000 2020	5	1	@Zoopolit Niveles mínimos de movilidad durante el pico y las primeras semanas de bajada. https://t.co/q02b735GZR	https://twitter.com/SantiOlsze/status/1293371310438002688	[]
SantiOlsze	Wed Aug 12 02:11:36 +0000 2020	41	15	"Top 20 de países según muertes por millón de habitantes en los últimos 7 días con fuerte presencia latinoamericana.

En casos:
Chile bajando. 
Bolivia estable hace unos días.
Argentina, Brasil, Colombia y Perú, subiendo. https://t.co/Uxe9RmBArR"	https://twitter.com/SantiOlsze/status/1293369512272723969	[]
SantiOlsze	Tue Aug 11 21:57:48 +0000 2020	7	1	"El análisis está acá
https://t.co/kU4KQhMiWC"	https://twitter.com/SantiOlsze/status/1293305642632044545	[]
SantiOlsze	Tue Aug 11 21:37:05 +0000 2020	9	3	"En Página|12 👇 
https://t.co/ch4pkYXEVl"	https://twitter.com/SantiOlsze/status/1293300428038381570	[]
SantiOlsze	Tue Aug 11 21:24:07 +0000 2020	15	2	La importancia de poder proveer cuidados intensivos a quienes lo requieran. Gracias a Natalia por la nota. https://t.co/WwBFLz6GzB	https://twitter.com/SantiOlsze/status/1293297165020934151	[]
SantiOlsze	Tue Aug 11 18:13:22 +0000 2020	5	2	Aclaración: las curvas de casos muestran los casos por fecha de apertura que es generalmente el primer contacto del paciente con el sistema de salud. Dado que de los últimos días muchos casos faltan ser actualizados / diagnosticados, excluyo los últimos 7 días para la tendencia.	https://twitter.com/SantiOlsze/status/1293249163287764993	[]
SantiOlsze	Tue Aug 11 18:13:22 +0000 2020	10	3	En estaciones de transporte la movilidad aumentó menos, pero tampoco se alcanzaron niveles simil marzo. https://t.co/sIE0YaF2Nm	https://twitter.com/SantiOlsze/status/1293249161467506697	[]
SantiOlsze	Tue Aug 11 18:13:21 +0000 2020	43	15	"La 'nueva fase I' no logró reducir la movilidad como se hizo el 20-03 y los casos siguieron subiendo. 

Casos y movilidad en lugares de trabajo en AMBA 👇 https://t.co/VYrv0MuXAD"	https://twitter.com/SantiOlsze/status/1293249159672274945	[]
SantiOlsze	Tue Aug 11 00:28:05 +0000 2020	1	0	@Sr_Basta Te respondí todo por mensaje	https://twitter.com/SantiOlsze/status/1292981074046394370	[]
SantiOlsze	Mon Aug 10 22:41:54 +0000 2020	28	7	Casos, muertes y su distribución etaria https://t.co/BBtlre8Xi2	https://twitter.com/SantiOlsze/status/1292954355566600192	[]
SantiOlsze	Mon Aug 10 17:47:10 +0000 2020	21	1	Anécdota no es evidencia https://t.co/Db8e1baj4v	https://twitter.com/SantiOlsze/status/1292880180034318337	[]
SantiOlsze	Mon Aug 10 15:11:31 +0000 2020	1	0	@martinferit_ Lo bueno de la movilidad es que te muestra la cuarentena de facto.	https://twitter.com/SantiOlsze/status/1292841010251399168	[]
SantiOlsze	Mon Aug 10 15:09:02 +0000 2020	7	2	@rquiroga777 Se les cayeron todos los ejemplos que usaron entonces ahora van por Argentina vs Mundo. Parece un partido homenaje.	https://twitter.com/SantiOlsze/status/1292840387896381441	[]
SantiOlsze	Mon Aug 10 11:40:56 +0000 2020	1	0	@DrLucasArriola Bastante similar. El viernes publicaron ambos informes. https://t.co/PyiuULM3I2	https://twitter.com/SantiOlsze/status/1292788015534833664	[]
SantiOlsze	Mon Aug 10 01:10:21 +0000 2020	8	0	Clarísima visualización https://t.co/xHddLKzlSb	https://twitter.com/SantiOlsze/status/1292629323300712449	[]
SantiOlsze	Mon Aug 10 00:28:18 +0000 2020	3	0	@JumaLazzati @otrovega @norabar Ojo. Las primeras semanas había muy pocos casos. Esperaría (a nivel de hipótesis) que vaya mejorando la supervivencia en UTI con el aprendizaje en tratamiento de covid. Pero todavía no lo veo muy claro.	https://twitter.com/SantiOlsze/status/1292618744183885824	[]
SantiOlsze	Sun Aug 09 22:57:24 +0000 2020	35	11	Es fundamental que podamos tener camas, médicos, terapistas y equipamiento para poder atender la demanda de estos recursos por casos graves de coronavirus. El colapso es temido, y con razón, porque gran parte de ese 50% no sobreviviría.	https://twitter.com/SantiOlsze/status/1292595867875258369	[]
SantiOlsze	Sun Aug 09 22:57:24 +0000 2020	24	5	"El valor real puede ser menor porque:

1) No sabemos que las personas hayan efectivamente salido de UCI al día de hoy.

2) Hay retraso, en particular en PBA, con la carga de los fallecidos. 

Sin embargo, tomo hasta la semana 25 (14-20 de junio) para minimizar estos puntos."	https://twitter.com/SantiOlsze/status/1292595866633670657	[]
SantiOlsze	Sun Aug 09 22:57:24 +0000 2020	23	7	Los porcentajes de no-fallecidos son similares en CABA y en Provincia de Buenos Aires. https://t.co/FWkzlOS5Ti	https://twitter.com/SantiOlsze/status/1292595865161469954	[]
SantiOlsze	Sun Aug 09 22:57:23 +0000 2020	105	43	"¿Cuántos pacientes con coronavirus sobreviven a la terapia intensiva?

La posibilidad de proveer cuidados intensivos a un paciente COVID que los requiere determina que tenga una probabilidad de sobrevivir cercana al 50% en Argentina. https://t.co/4q8SxEbyAO"	https://twitter.com/SantiOlsze/status/1292595863634796545	[]
SantiOlsze	Sun Aug 09 17:00:27 +0000 2020	2	0	@pablovommaro @ernestorr @rquiroga777 Se viene ampliando desde el principio. Es raro que pase una semana sin record de tests/día. Pero el crecimiento no le sigue el ritmo a la curva de casos y por eso esta positividad. Si se podría escalar el testeo más rápido que esto, no lo sé.	https://twitter.com/SantiOlsze/status/1292506038202249221	[]
SantiOlsze	Sun Aug 09 16:52:49 +0000 2020	0	0	@Rodri_LP Estaría buenísimo. Me cuesta pensar cómo cuantificarlo pero hace tiempo me viene dando vueltas. La derivada de tests/tiempo daría una idea de la velocidad de escalado pero está afectada por la curva de casos.	https://twitter.com/SantiOlsze/status/1292504116397256704	[]
SantiOlsze	Sun Aug 09 16:51:40 +0000 2020	2	0	@pablovommaro @ernestorr @rquiroga777 Si, claro. Ese es el índice con el que, creo yo, hay que juzgar la capacidad de testeo porque contempla su suficiencia.	https://twitter.com/SantiOlsze/status/1292503825333604352	[]
SantiOlsze	Sun Aug 09 15:06:13 +0000 2020	37	7	¿Qué mirar? Gracias Nora! https://t.co/SLmqS6Kqxl	https://twitter.com/SantiOlsze/status/1292477287892385792	[]
SantiOlsze	Sun Aug 09 14:56:18 +0000 2020	149	39	"¿Por qué no uso o muestro tests por millón de habitantes?
En palabras simples, porque no me dice NADA. 

Si hay alguna tendencia, esta indica que los países hacen más testeos cuando tienen menos control del virus y por ende más muertos. https://t.co/l2gtLmkhKn"	https://twitter.com/SantiOlsze/status/1292474795595104258	[]
SantiOlsze	Sun Aug 09 01:12:15 +0000 2020	1	0	@isem20142015 @nkreplak Lo compartí!	https://twitter.com/SantiOlsze/status/1292267414143610881	[]
SantiOlsze	Sat Aug 08 23:34:46 +0000 2020	10	0	"@juanandresamor Me dice @Andrea_Gentil que no hay error. Será por agregado de camas... 

cc @rquiroga777"	https://twitter.com/SantiOlsze/status/1292242883697926145	[]
SantiOlsze	Sat Aug 08 23:03:36 +0000 2020	393	303	"Hoy hubo un fuerte salto en la ocupación de camas de terapia intensiva por pacientes COVID-19+ .

8/6: 265 camas ocupadas
8/7: 671 camas ocupadas
8/8: 1502 camas ocupadas

La ocupación de camas por pacientes con coronavirus creció 16% en un día y es más del doble que hace un mes. https://t.co/MD3DlUuDyJ"	https://twitter.com/SantiOlsze/status/1292235038973734914	[]
SantiOlsze	Sat Aug 08 22:36:51 +0000 2020	9	2	Clarísimo @nkreplak https://t.co/b0fH2iCQzj	https://twitter.com/SantiOlsze/status/1292228308038488071	[]
SantiOlsze	Sat Aug 08 17:14:17 +0000 2020	3	0	@martinferit_ Adhiero. Mientras sea una tema exclusivamente de discurso, nada va a mejorar.	https://twitter.com/SantiOlsze/status/1292147131634069507	[]
SantiOlsze	Sat Aug 08 14:39:10 +0000 2020	1044	133	Voy a dejar aclarada mi opinión, ya que veo a varios preocupados. El Conurbano Bonaerense está peor que CABA en casi todos los indicadores. Pero hay una gran diferencia: los funcionarios de la PBA no salen a decir que está todo tranquilo.	https://twitter.com/SantiOlsze/status/1292108093908824064	[]
SantiOlsze	Sat Aug 08 13:15:36 +0000 2020	0	0	@JumaLazzati Ah... Ahora entendí. Buena pregunta. No sabría responderla. Igual, hacia donde vamos me parece que todo caso sospechoso (no solo conviviente) va a terminar siendo positivo.	https://twitter.com/SantiOlsze/status/1292087065333714944	[]
SantiOlsze	Sat Aug 08 13:08:14 +0000 2020	0	0	@JumaLazzati Entiendo (puedo equivocarme) que el período es desde el inicio de síntomas. Por lo tanto, no debería haber mucha confusión al respecto.	https://twitter.com/SantiOlsze/status/1292085211006631939	[]
SantiOlsze	Sat Aug 08 13:07:34 +0000 2020	125	64	"CABA: viernes contra viernes.

8% más casos.
4% más hisopados.

Los barrios con más casos en los últimos 15 días son Balvanera, Flores, Villa Lugano y Palermo. El Top 10👇 https://t.co/1rPKa7ILCd"	https://twitter.com/SantiOlsze/status/1292085040474664965	[]
SantiOlsze	Sat Aug 08 01:11:41 +0000 2020	1	0	@charlesflury_ Tengo en mi to_do_list emprolijar el código y compartirlo. El  apuro puede más y hay líneas de código de las que no estoy orgulloso, ja.	https://twitter.com/SantiOlsze/status/1291904883919126528	[]
SantiOlsze	Sat Aug 08 01:02:04 +0000 2020	38	7	23 provincias reportan diagnósticos de coronavirus el día de ayer. A excepción de Catamarca, todo el resto de las provincias tuvo casos. https://t.co/gvaiQamsZZ	https://twitter.com/SantiOlsze/status/1291902466158624769	[]
SantiOlsze	Sat Aug 08 00:22:45 +0000 2020	2	0	@mperezirazusta En contexto de escasez de tests, claro está.	https://twitter.com/SantiOlsze/status/1291892570717663233	[]
SantiOlsze	Sat Aug 08 00:22:29 +0000 2020	5	2	@mperezirazusta Es simple: no tiene sentido hacerle un test a alguien que tiene 90% o más probabilidad de tener coronavirus y cuyo resultado no implica un tratamiento diferencial.	https://twitter.com/SantiOlsze/status/1291892504434966528	[]
SantiOlsze	Sat Aug 08 00:09:47 +0000 2020	1	0	@ETopo73 El criterio epidemiológico es para convivientes sintomaticos. Hay una diferencia de concepto enorme con esta nota que citas	https://twitter.com/SantiOlsze/status/1291889306748018688	[]
SantiOlsze	Fri Aug 07 23:53:42 +0000 2020	1	0	@BrigadierHerbi1 En AMBA, fundamental. Tarde pero llegó.	https://twitter.com/SantiOlsze/status/1291885260104400896	[]
SantiOlsze	Fri Aug 07 23:49:28 +0000 2020	2	0	@Rodri_LP Tal vez corrigen, pero hay un caso residente en CABA y con carga en CABA. Los otros dos de CABA tienen carga en PBA	https://twitter.com/SantiOlsze/status/1291884193878888457	[]
SantiOlsze	Fri Aug 07 23:43:05 +0000 2020	53	19	"Empezó el diagnóstico por criterio clínico-epidemiológico. 
Hoy aparecen en la base de datos los primeros 6 casos confirmados por este criterio.

3 mujeres de CABA (49, 53 y 88 años)
1 mujer de Malvinas Argentinas, Bs. As. (39 años)
2 hombres de Quilmes, Bs. As. (18 y 22 años) https://t.co/J49fkH2Zex"	https://twitter.com/SantiOlsze/status/1291882586143432706	[]
SantiOlsze	Fri Aug 07 23:40:30 +0000 2020	0	0	@BonoGuido Yo había entendido lo mismo. Cinco de los casos fueron cargados en PBA (pero 2 con residencia en CABA) y hay uno con carga y residencia en CABA.	https://twitter.com/SantiOlsze/status/1291881936529563648	[]
SantiOlsze	Fri Aug 07 19:28:28 +0000 2020	12	2	Excelente reflexión https://t.co/1bDpp1BUd4	https://twitter.com/SantiOlsze/status/1291818511376035843	[]
SantiOlsze	Fri Aug 07 19:26:34 +0000 2020	1	0	@CandolfiLab Muchos quedan achatados. Cuando pueda, lo planeo hacer normalizado por población. Tal vez levanten varias de las curvas. https://t.co/hF5vnuLzuH	https://twitter.com/SantiOlsze/status/1291818032973729794	[]
SantiOlsze	Fri Aug 07 15:50:57 +0000 2020	19	3	Cierran sanatorios por los brotes de COVID19 en Corrientes 👇🏼 https://t.co/IShEM0FfIP	https://twitter.com/SantiOlsze/status/1291763769568374785	[]
SantiOlsze	Fri Aug 07 15:08:12 +0000 2020	29	11	Las dos caras de Recoleta. https://t.co/IdR8f2xFhq	https://twitter.com/SantiOlsze/status/1291753012885585920	[]
SantiOlsze	Fri Aug 07 12:01:25 +0000 2020	0	0	@roelesgaray 😕😥	https://twitter.com/SantiOlsze/status/1291706006339293184	[]
SantiOlsze	Fri Aug 07 00:43:14 +0000 2020	0	0	@MarianaLestelle @ArgMedicos Hola Mariana. Te escribo por mensaje directo.	https://twitter.com/SantiOlsze/status/1291535335734882305	[]
SantiOlsze	Fri Aug 07 00:00:30 +0000 2020	23	9	En Nación, el porcentaje es similar. A 7500 casos le corresponderían entre 500 y 700 trabajadores de la salud diagnosticados por día.	https://twitter.com/SantiOlsze/status/1291524583821123585	[]
SantiOlsze	Thu Aug 06 23:59:18 +0000 2020	265	170	"En CABA, entre el 7 y el 10% de los casos nuevos por día son en trabajadores de la salud.  1400 casos implican más de 100 profesionales (más contactos estrechos) que deben aislarse.  Por día.  

Se podrán agregar camas a diario, pero no profesionales. https://t.co/T5RUDk2LJV"	https://twitter.com/SantiOlsze/status/1291524279985680384	[]
SantiOlsze	Thu Aug 06 23:47:16 +0000 2020	35	26	Las camas de terapia intensiva ocupadas por pacientes con coronavirus crece a un ritmo del 2% diario. https://t.co/kGfQgidVw8	https://twitter.com/SantiOlsze/status/1291521251857633281	[]
SantiOlsze	Thu Aug 06 20:48:17 +0000 2020	25	4	"Nefasto el fiscal, gigante @lulitru. 
No hay mucho más que decir. 
Los dinosaurios van a desaparecer.
https://t.co/bZC9ht5qsY"	https://twitter.com/SantiOlsze/status/1291476208526467074	[]
SantiOlsze	Thu Aug 06 13:55:00 +0000 2020	13	2	"CABA: miércoles contra miércoles

+35%  casos
+21%  tests https://t.co/E0p2mvKVsf"	https://twitter.com/SantiOlsze/status/1291372202474917888	[]
SantiOlsze	Thu Aug 06 01:46:45 +0000 2020	24	0	@juan_amorin Fase Nicole Neumann	https://twitter.com/SantiOlsze/status/1291188934823874560	[]
SantiOlsze	Thu Aug 06 01:41:26 +0000 2020	10	0	Take away but stay https://t.co/Sr4A8rSEUC	https://twitter.com/SantiOlsze/status/1291187596408782852	[]
SantiOlsze	Thu Aug 06 00:24:43 +0000 2020	7	0	@sandrusg @mmbarrionuevo @ernestorr @jorgeluisaliaga Oscuro es peor. Hay menos personas por cada caso activo, por lo que hay más casos activos.	https://twitter.com/SantiOlsze/status/1291168289448775680	[]
SantiOlsze	Wed Aug 05 23:36:49 +0000 2020	985	126	Tranquilidad, que CABA desde marzo está en una meseta de casos entre 0 y 1500.	https://twitter.com/SantiOlsze/status/1291156236080160768	[]
SantiOlsze	Wed Aug 05 22:20:17 +0000 2020	54	8	Más de 7000 casos hoy 😳	https://twitter.com/SantiOlsze/status/1291136972967358465	[]
SantiOlsze	Wed Aug 05 20:13:12 +0000 2020	12	2	@2020Rosita @martdominguez @ernestorr @norabar @ValeriaRoman https://t.co/EZaw818sLI	https://twitter.com/SantiOlsze/status/1291104992498245634	[]
SantiOlsze	Wed Aug 05 20:13:04 +0000 2020	1	0	@joacolascombes https://t.co/EZaw818sLI	https://twitter.com/SantiOlsze/status/1291104957861695490	[]
SantiOlsze	Wed Aug 05 20:12:51 +0000 2020	0	0	@PandoraMacabra @norabar https://t.co/EZaw818sLI	https://twitter.com/SantiOlsze/status/1291104903646121985	[]
SantiOlsze	Wed Aug 05 20:12:29 +0000 2020	2	0	@TomasBazzano @cesarjavmendo @norabar @ValeriaRoman https://t.co/EZaw818sLI	https://twitter.com/SantiOlsze/status/1291104812612882433	[]
SantiOlsze	Wed Aug 05 20:07:35 +0000 2020	13	4	"¿Cómo está la curva en tu municipio? 

Por orden alfabético,  los casos nuevos por día los últimos dos meses en el Conurbano Bonaerense. 

Todos en rojo🔴 por haber presentado el valor máximo en las últimas dos semanas. https://t.co/pU9GyekyRW"	https://twitter.com/SantiOlsze/status/1291103579034484736	[]
SantiOlsze	Wed Aug 05 14:04:11 +0000 2020	1	0	@Jesiksuarez La curva es por fecha de hisopado. Si bien evito mostrar los últimos 4 dias, todavia pueden aparecer casos con fecha de hisopado en los últimos 10 días, por lo que no hay que ilusionarse demasiado con la bajadita del final, por ahora. Ojalá siga así!	https://twitter.com/SantiOlsze/status/1291012127466172416	[]
SantiOlsze	Wed Aug 05 13:53:30 +0000 2020	0	0	@silvita_noemi @norabar @ValeriaRoman Muy probablemente	https://twitter.com/SantiOlsze/status/1291009438355206150	[]
SantiOlsze	Wed Aug 05 12:46:07 +0000 2020	1	0	@PandoraMacabra @norabar Hoy lo publico ni bien actualicen la base de datos!	https://twitter.com/SantiOlsze/status/1290992478867382272	[]
SantiOlsze	Wed Aug 05 11:08:18 +0000 2020	2	0	@petite_r_ok @ernestorr @norabar @ValeriaRoman En CABA ayer 46%. https://t.co/NCwxv9v0nz	https://twitter.com/SantiOlsze/status/1290967863646466053	[]
SantiOlsze	Wed Aug 05 10:59:54 +0000 2020	0	0	@joacolascombes Si. Cuando actualicen la base de datos hoy comparto la versión más reciente.	https://twitter.com/SantiOlsze/status/1290965750308642817	[]
SantiOlsze	Wed Aug 05 01:01:05 +0000 2020	8	0	@Tute2611 @norabar @ValeriaRoman Y, habría que normalizar por población y sí. Estaría bueno. Para ver tendencias, me parece que esta es la mejor manera.	https://twitter.com/SantiOlsze/status/1290815053579669506	[]
SantiOlsze	Wed Aug 05 00:59:07 +0000 2020	0	0	@TodoslosPablos @norabar @ValeriaRoman https://t.co/SSVZxUtlSq ahí agregué	https://twitter.com/SantiOlsze/status/1290814559054376961	[]
SantiOlsze	Wed Aug 05 00:58:55 +0000 2020	35	9	Acá todos los barrios. https://t.co/CgR3QbXPLB	https://twitter.com/SantiOlsze/status/1290814507565092865	[]
SantiOlsze	Tue Aug 04 23:59:56 +0000 2020	229	102	"¿Cómo está la curva en tu barrio? 

Por orden alfabético,  los casos nuevos por día en los últimos tres meses. 

Rojo 🔴= máximo en los últimos 15 días.
Amarillo 🟡 = máximo hace más de 15 días.
Verde 🟢 =  máximo hace más de 30 días. https://t.co/U5dp8oazZ9"	https://twitter.com/SantiOlsze/status/1290799663235452935	[]
SantiOlsze	Tue Aug 04 21:00:24 +0000 2020	2	0	@M2March @Brunobian @emmaiarussi @rquiroga777 @RodrigoD_Castro Algo así saco del SISA. Esto es para casos graves. La ventana contagio-sintomas es promedio según el Ministerio de Salud en su página. https://t.co/lkjrHd4cB7	https://twitter.com/SantiOlsze/status/1290754483299983360	[]
SantiOlsze	Tue Aug 04 16:28:30 +0000 2020	1	0	@EloinFirenze Muchas gracias! Coincido con Ernesto. Cuánto dolor para tan poca seroprevalencia.	https://twitter.com/SantiOlsze/status/1290686058884206594	[]
SantiOlsze	Tue Aug 04 16:20:11 +0000 2020	2	0	@M2March @emmaiarussi @rquiroga777 @RodrigoD_Castro jaja excelente!!!! Pensé que era un tiro al aire lo del jueguito, alto laburo	https://twitter.com/SantiOlsze/status/1290683966379491329	[]
SantiOlsze	Tue Aug 04 12:38:25 +0000 2020	18	5	Ja. Ni que fueran decorado. Son los responsables. De cada 10 dólares que ingresaron, 8.6 se fugaron. @Juli_Strada  en https://t.co/xj33BkdLLJ	https://twitter.com/SantiOlsze/status/1290628155330396160	[]
SantiOlsze	Tue Aug 04 12:33:40 +0000 2020	129	12	¿El decorado se calla? https://t.co/rHpXchJKrJ https://t.co/VLPOAJ9iw3	https://twitter.com/SantiOlsze/status/1290626958968131584	[]
SantiOlsze	Mon Aug 03 22:58:49 +0000 2020	4	0	@mmbarrionuevo @cvuke @sole_reta Hay indicios de transmisión a través de GoogleMeet. Zoom sería segura por el momento, siempre y cuando se respeten los dos metros de distancia con la cámara.	https://twitter.com/SantiOlsze/status/1290421894462820352	[]
SantiOlsze	Mon Aug 03 22:37:50 +0000 2020	108	12	"En mi biografía dice ""casi bioquímico'' y no ""bioquímico"" porque, a 4 meses y pico de aislamiento, todavía no podemos rendir finales virtuales.

Déjennos rendir. https://t.co/2pKnw0brBu"	https://twitter.com/SantiOlsze/status/1290416615402754048	[]
SantiOlsze	Mon Aug 03 00:24:01 +0000 2020	1	0	@maryc1208 @lulens Claro! Para eso está!	https://twitter.com/SantiOlsze/status/1290080950848647169	[]
SantiOlsze	Sun Aug 02 21:27:08 +0000 2020	37	4	Evolución de casos y fallecimientos por COVID-19 por continente https://t.co/3fiutiCzCG	https://twitter.com/SantiOlsze/status/1290036433260929025	[]
SantiOlsze	Sun Aug 02 19:33:07 +0000 2020	17	0	https://t.co/s2uupFTlNU	https://twitter.com/SantiOlsze/status/1290007742569041920	[]
SantiOlsze	Sun Aug 02 18:55:16 +0000 2020	9	1	"@DoctorKruz En Argentina, cerca del 40% fallece. Vamos mejorando, pero muy lejos de esos valores arriba mencionados. Esto se realiza tomando en cuenta los casos confirmados hasta hace un mes, para darle tiempo de resolución y carga al sistema (para bien o para mal) . 

cc @drjavierfarina https://t.co/ED893Umjy2"	https://twitter.com/SantiOlsze/status/1289998215966687232	[]
SantiOlsze	Sun Aug 02 15:59:18 +0000 2020	629	205	Estas semanas florecieron publicaciones en redes sociales de encuentros entre amigxs, prohibidos en el AMBA. Al respecto, cargado de angustia y preocupación: https://t.co/R3jGFYWPeq	https://twitter.com/SantiOlsze/status/1289953935222923265	[]
SantiOlsze	Fri Jul 31 21:43:24 +0000 2020	3	1	@AndresOsinski @muniebohemio 12000 casos en la última semana en España, 6000 en Francia...	https://twitter.com/SantiOlsze/status/1289315751199821825	[]
SantiOlsze	Fri Jul 31 19:20:23 +0000 2020	0	0	@cvuke Qué tupé hablar de brote estacional de una enfermedad que brota por primera vez!	https://twitter.com/SantiOlsze/status/1289279759852199936	[]
SantiOlsze	Fri Jul 31 16:49:01 +0000 2020	2286	543	Una pequeña comparativa entre la libertad 🇫🇷 y la infectadura 🇦🇷 https://t.co/PehtsX29wq https://t.co/iB85zgAnZ0	https://twitter.com/SantiOlsze/status/1289241667078250500	[]
SantiOlsze	Fri Jul 31 14:21:48 +0000 2020	45	24	"30 de mayo: 256 camas ocupadas
30 de junio: 576 camas ocupadas 
30 de julio: 1076 camas ocupadas 

La cantidad de camas ocupadas por pacientes con coronavirus a nivel nacional se CUADRUPLICÓ en dos meses. Y crece todos los días. https://t.co/YdpGNJkCXM"	https://twitter.com/SantiOlsze/status/1289204620552617984	[]
SantiOlsze	Thu Jul 30 21:52:22 +0000 2020	1	0	@DrLucasArriola Lo más gracioso fueron los días de transición. Los aplaudidores se mezclaban con las cacerolas. Las vuvuzelas no se sabe para qué lado jugaban.	https://twitter.com/SantiOlsze/status/1288955622696923137	[]
SantiOlsze	Thu Jul 30 21:48:13 +0000 2020	4	0	@DrLucasArriola Insoportables. Mal humor garantizado a las 21hs todos los días. Dejaron de aplaudir por la infectadura. Por suerte.	https://twitter.com/SantiOlsze/status/1288954577673494531	[]
SantiOlsze	Thu Jul 30 21:40:23 +0000 2020	208	21	Ahora que hay rebrotes en Europa volvemos a respetar la cuarentena y a aplaudir a lxs médicxs?	https://twitter.com/SantiOlsze/status/1288952607248191488	[]
SantiOlsze	Thu Jul 30 21:10:42 +0000 2020	1	0	@plenque Yo sumaba negativizado + confirmado. Me contás cuando sepas? Abrazo.	https://twitter.com/SantiOlsze/status/1288945137045909507	[]
SantiOlsze	Thu Jul 30 21:03:46 +0000 2020	1	0	@plenque Uso fecha de clasificación	https://twitter.com/SantiOlsze/status/1288943391368192000	[]
SantiOlsze	Thu Jul 30 18:50:49 +0000 2020	218	167	Hay más de 100 casos por día en trabajadores de la salud en CABA. Los profesionales contagiados deben aislarse y algunos servicios, sin el personal mínimo para funcionar, terminan cerrando. https://t.co/4vdHa0Ofqe https://t.co/X2LX8c8wLY	https://twitter.com/SantiOlsze/status/1288909933107347456	[]
SantiOlsze	Thu Jul 30 13:15:48 +0000 2020	323	77	Hay que entender, y esto es esencial, que el sistema de salud no colapsa recién cuando se ocupa la última cama.  Se asfixia de a poco, cuando los profesionales no dan abasto, cuando se apuran las altas, cuando hay que derivar pacientes entre distritos,  entre otras.	https://twitter.com/SantiOlsze/status/1288825622781931527	[]
SantiOlsze	Thu Jul 30 12:01:43 +0000 2020	0	0	@romanouks Sí, claro. Lástima esos días en los que rompieron la escala de hisopados.	https://twitter.com/SantiOlsze/status/1288806981571158017	[]
SantiOlsze	Thu Jul 30 11:48:29 +0000 2020	8	0	@norabar Yo me subiría sin dudarlo https://t.co/yIYpoOofYu	https://twitter.com/SantiOlsze/status/1288803650744266752	[]
SantiOlsze	Thu Jul 30 02:17:34 +0000 2020	1	0	@romanouks Pero se podría sacar del sisa o de gcba. Por fecha de diagnóstico, tomar confirmados / confirmados + descartados. Con base GCBA mejor aún porque tenés la fecha de la toma de muestra. De hacerlo de nuevo, lo haría así.	https://twitter.com/SantiOlsze/status/1288659971744370688	[]
SantiOlsze	Thu Jul 30 02:15:41 +0000 2020	1	0	@romanouks Es una estimación. No es casos_totales / hisopados_totales porque no da la positividad que informan. A ciencia cierta, no sé. Igual, me marcaron y con razón que es mejor ir a mirar por fecha de hisopado confirmados y descartados que esto. Cuando tenga un rato voy a adaptarlo.	https://twitter.com/SantiOlsze/status/1288659499570597889	[]
SantiOlsze	Thu Jul 30 02:04:00 +0000 2020	0	0	@romanouks Hola! A partir del martes pasado la informan por separado. Antes de eso, tenía entendido que la informada era la de residentes (puedo estar equivocado) pero con eso estimaba los hisopados (casos_residentes / positividad). Pero desde el martes está todo.	https://twitter.com/SantiOlsze/status/1288656557799079940	[]
SantiOlsze	Thu Jul 30 00:15:15 +0000 2020	15	1	@ernestorr @NicoOlsze @miguegranados Febrícula y anosmia fueron trending topic en abril	https://twitter.com/SantiOlsze/status/1288629192926670848	[]
SantiOlsze	Wed Jul 29 23:33:11 +0000 2020	144	6	"@miguegranados @NicoOlsze No soy Nico pero ensayo respuesta:

- La población europea es más vieja que la nuestra. 
- En marzo se podía testear mucho menos que ahora. Es esperable que los casos no detectados sean muuuchos más en Francia que acá. 
- Con el tiempo, mejoró la atención médica a covid+"	https://twitter.com/SantiOlsze/status/1288618604733308929	[]
SantiOlsze	Wed Jul 29 21:59:01 +0000 2020	0	0	@ShankerSatyana1 La tendencia va a ser la misma. Agarrando los valores del eje Y y dividiéndolos por la población del barrio obtenés el gráfico per cápita.	https://twitter.com/SantiOlsze/status/1288594905846120448	[]
SantiOlsze	Wed Jul 29 21:53:07 +0000 2020	39	19	"🔴 Palermo
🔴 Belgrano
🔴 Recoleta

Crecen las curvas de los barrios más pudientes de CABA. https://t.co/9esVkShTJu"	https://twitter.com/SantiOlsze/status/1288593424615182341	[]
SantiOlsze	Wed Jul 29 21:44:00 +0000 2020	20	4	Muchos periodistas se dedicaron durante meses a generar malestar social con la cuarentena. Dos semanas después, son los hinchas número uno. Y ahora ... https://t.co/ob9xiFEx4o	https://twitter.com/SantiOlsze/status/1288591126409117703	[]
SantiOlsze	Wed Jul 29 21:23:41 +0000 2020	7	1	Atención a esta crecida en varias provincias 👇🏼 https://t.co/U7u7dLPCU2	https://twitter.com/SantiOlsze/status/1288586017109352450	[]
SantiOlsze	Wed Jul 29 19:38:53 +0000 2020	19	1	Al coronavirus le gusta esto 👃. https://t.co/bHevgptvbA	https://twitter.com/SantiOlsze/status/1288559639764901889	[]
SantiOlsze	Wed Jul 29 17:23:48 +0000 2020	92	53	"Muestro acá los casos diarios para cada barrio en CABA y municipio en el Conurbano en los últimos dos meses.   

Rojo 🔴= máximo en los últimos 15 días.
Amarillo 🟡 = máximo hace más de 15 días.
Verde 🟢  =  máximo hace más de 30 días.

A cuidarse más. https://t.co/HnVti5gooO"	https://twitter.com/SantiOlsze/status/1288525648483569664	[]
SantiOlsze	Wed Jul 29 15:59:58 +0000 2020	0	0	@FabBallarini @norabar Gracias ❤️	https://twitter.com/SantiOlsze/status/1288504550048124929	[]
SantiOlsze	Wed Jul 29 15:48:00 +0000 2020	1	0	@agustrinidad1 @DoctorKruz Mi ángel de la guarda	https://twitter.com/SantiOlsze/status/1288501538848202752	[]
SantiOlsze	Wed Jul 29 13:45:39 +0000 2020	1	0	@ms_arg Camas ocupadas por pacientes COVID(+) a nivel nacional	https://twitter.com/SantiOlsze/status/1288470748588318721	[]
SantiOlsze	Wed Jul 29 11:35:47 +0000 2020	12	3	La variable específica ir muestra el primer gráfico del hilo es el uso de camas UTI por pacientes COVID-19 confirmados, cómo informa el Ministerio en el parte nocturno. No contempla, ese número, los no covid. Sí lo hace el % de ocupación.	https://twitter.com/SantiOlsze/status/1288438067276242944	[]
SantiOlsze	Wed Jul 29 11:34:51 +0000 2020	2	0	"@LuisTuqui ""Uso de camas UTI por pacientes COVID-19 confirmados"", cómo informa el Ministerio en el parte nocturno."	https://twitter.com/SantiOlsze/status/1288437830688088064	[]
SantiOlsze	Wed Jul 29 03:07:37 +0000 2020	27	4	@Grosembacher Para agregar? No lo sé, pero no puede ser difícil de encontrar. Igual, parece estar hoy el cuello de botella en el personal también. No hay terapistas para tantas camas, aunque se siguiera ampliando la capacidad. Lo vienen diciendo a diario desde la @SATIarg	https://twitter.com/SantiOlsze/status/1288310182754254848	[]
SantiOlsze	Wed Jul 29 02:58:28 +0000 2020	0	0	@centro_half Todo según el reporte matutino del GCBA. La fecha es la fecha del reporte (que sale al día siguiente a la mañana).	https://twitter.com/SantiOlsze/status/1288307878219190272	[]
SantiOlsze	Wed Jul 29 02:25:33 +0000 2020	7	0	@en_hermanas Absolutamente. Ahí agregué un tweet al hilo al respecto.	https://twitter.com/SantiOlsze/status/1288299596574228480	[]
SantiOlsze	Wed Jul 29 00:30:51 +0000 2020	7	2	Onda expansiva: se suma la zona sur de la PBA al rojo oscurísimo de @mmbarrionuevo 🔴 https://t.co/lTcJ9g5TXC	https://twitter.com/SantiOlsze/status/1288270727569977344	[]
SantiOlsze	Tue Jul 28 22:16:45 +0000 2020	23	0	@melquiadess @ernestorr El riesgo es quedar como un exagerado a futuro? Dónde firmo?	https://twitter.com/SantiOlsze/status/1288236982221578248	[]
SantiOlsze	Tue Jul 28 22:12:04 +0000 2020	16	2	@ernestorr @melquiadess En esta entrevista, horas antes del reporte record con &gt;6000 casos, Quirós apuntaba contra lxs que intentan meter miedo.  https://t.co/tXB8lqfb4r	https://twitter.com/SantiOlsze/status/1288235804574220289	[]
SantiOlsze	Tue Jul 28 20:50:00 +0000 2020	1	0	@Andy_PD @msalnacion @plenque Si, claro. En general yo miro la tendencia de casos por fecha de dx y le saco los últimos dos días por incompletos. Pero no hice lo mismo para descartados. Lo voy a mirar. Gracias!	https://twitter.com/SantiOlsze/status/1288215150504312832	[]
SantiOlsze	Tue Jul 28 20:02:52 +0000 2020	0	0	@Andy_PD @msalnacion No probé con el SISA para esto. Usas descartados+confirmados? Usé el reporte diario de GCBA yo. Para los días en que no informan tests_residentes usé casos_res/positividad.	https://twitter.com/SantiOlsze/status/1288203290254204928	[]
SantiOlsze	Tue Jul 28 13:46:09 +0000 2020	2	0	"@hmjuanjo @PabloMenendez10 @norabar Sí. Ayer preocupaba más todavía la comparación 
https://t.co/9kCpKjJ09f"	https://twitter.com/SantiOlsze/status/1288108487281537033	[]
SantiOlsze	Tue Jul 28 13:03:27 +0000 2020	0	0	@SergioSergue @muniebohemio @PabloMenendez10 @norabar Podríamos decir que es la probabilidad de que un hisopado en CABA dé positivo (con los criterios que hoy se usan para hisopar a un caso, cómo dice Sergue)	https://twitter.com/SantiOlsze/status/1288097740333907974	[]
SantiOlsze	Tue Jul 28 13:00:05 +0000 2020	2	0	@DrLucasArriola @NicoOlsze Tranquilo. En casa el 54% de las veces me dicen Nico.	https://twitter.com/SantiOlsze/status/1288096890651914240	[]
SantiOlsze	Tue Jul 28 12:59:09 +0000 2020	2	0	@Lauralatana No. Los no residentes son hisopados que se procesan en CABA pero a personas de PBA. Y se reportan como casos de PBA (porque se usa lugar de residencia). Por eso, para entender los contagios en CABA, entiendo que lo que hay que seguir es solo mirar a los residentes.	https://twitter.com/SantiOlsze/status/1288096656488042496	[]
SantiOlsze	Tue Jul 28 12:57:02 +0000 2020	0	0	@DrLucasArriola @NicoOlsze 😂	https://twitter.com/SantiOlsze/status/1288096123345928194	[]
SantiOlsze	Tue Jul 28 12:48:04 +0000 2020	14	0	@PabloMenendez10 @norabar El fin de semana siempre hay menos. Por eso trato de comprar semana a semana. Veremos mañana con los hisopados de hoy. Ese dato es clave.	https://twitter.com/SantiOlsze/status/1288093870438387712	[]
SantiOlsze	Tue Jul 28 12:32:56 +0000 2020	19	2	@LucasEngelsz @norabar Si los casos se mantienen constantes pero sube la positividad, alerta.	https://twitter.com/SantiOlsze/status/1288090058252263425	[]
SantiOlsze	Tue Jul 28 12:21:12 +0000 2020	14	1	Solo voy a aclarar una cosa: hasta que CABA empezó a aclarar los tests a residentes (martes), la cantidad de hisopados a residentes se calculó como casos residentes/positividad	https://twitter.com/SantiOlsze/status/1288087105265115139	[]
SantiOlsze	Tue Jul 28 02:00:51 +0000 2020	25	8	Muchas provincias reportando casos y varias de ellas con dinámicas de casos muy preocupantes. https://t.co/vpAFt0lMbe	https://twitter.com/SantiOlsze/status/1287930989952536577	[]
SantiOlsze	Tue Jul 28 01:17:47 +0000 2020	1	0	@emmaiarussi ❤️	https://twitter.com/SantiOlsze/status/1287920154131812359	[]
SantiOlsze	Tue Jul 28 01:12:13 +0000 2020	27	1	Hasta que aparezca algún gráfico mio, recomiendo fuertemente esto https://t.co/Y8esBCYrkt	https://twitter.com/SantiOlsze/status/1287918752655462400	[]
SantiOlsze	Mon Jul 27 22:23:48 +0000 2020	1	0	@ETopo73 Claro. Ese desplazamiento de la curva de muertes de hombres a la izquierda (además de la mayor altura) genera esa desproporción.	https://twitter.com/SantiOlsze/status/1287876368047304704	[]
SantiOlsze	Mon Jul 27 18:46:56 +0000 2020	1	0	@lai_dama Pero esos hisopados incluyen a los no residentes! No podes hacer positividad por casos_residentes / hisopados_totales	https://twitter.com/SantiOlsze/status/1287821791432499200	[]
SantiOlsze	Mon Jul 27 16:48:52 +0000 2020	0	0	@lai_dama 1108 casos con 40,1% de positividad son ~2800 tests. Por suerte, CABA dejó de informar engañosamente su reporte después de ese día y ya figuran diferenciados los hisopados que hacen al % de positividad informado. https://t.co/hlylzY9e0q	https://twitter.com/SantiOlsze/status/1287792078907420673	[]
SantiOlsze	Mon Jul 27 16:34:41 +0000 2020	0	0	@lai_dama Tomo hisopados y casos de residentes en CABA.	https://twitter.com/SantiOlsze/status/1287788511777742848	[]
SantiOlsze	Mon Jul 27 15:10:01 +0000 2020	1	0	@daniel_trevor_ @ernestorr @norabar @arilijalad @rinconet @pabloduggan @pablooesteban @Juli_Strada @dgannio @aleberco La línea punteada va con el eje y de la derecha que va de 0 a -25%.	https://twitter.com/SantiOlsze/status/1287767203140579328	[]
SantiOlsze	Mon Jul 27 14:41:40 +0000 2020	2	0	@matiCosmoS @charlesflury_ Pueden tener errores en la carga, obviamente, pero están en la base así	https://twitter.com/SantiOlsze/status/1287760067408867329	[]
SantiOlsze	Mon Jul 27 14:38:23 +0000 2020	1	0	@arynoso Más para ver tendencias que números absolutos (porque esto tiene mezclados los tests de seguimiento), así se distribuyen las positividades para los tests cargados en CABA. https://t.co/ctPvpGCyqt	https://twitter.com/SantiOlsze/status/1287759240673861633	[]
SantiOlsze	Mon Jul 27 14:36:14 +0000 2020	1	0	@arynoso Si, claro. La carga al sistema es obligatoria para todos los laboratorios.	https://twitter.com/SantiOlsze/status/1287758701982633986	[]
SantiOlsze	Mon Jul 27 13:30:36 +0000 2020	25	11	"CABA tuvo un fin de semana con más de 50% de positividad. 

Comparando con el anterior (18/7 y 19/7):
- 8 % menos casos.
- 24 % menos tests. https://t.co/zaFWZYYSJK"	https://twitter.com/SantiOlsze/status/1287742183857098753	[]
SantiOlsze	Mon Jul 27 11:30:00 +0000 2020	27	5	Distribución etaria de casos y fallecidos por coronavirus en Argentina. https://t.co/YWuxqtNgL2	https://twitter.com/SantiOlsze/status/1287711833491673089	[]
SantiOlsze	Mon Jul 27 00:11:48 +0000 2020	153	18	Un metro de distancia y sin barbijo. Difícil convencer a la gente de respetar las medidas de distanciamiento si ven a sus representantes así. https://t.co/ndbJmpAr3n	https://twitter.com/SantiOlsze/status/1287541160865562624	[]
SantiOlsze	Sun Jul 26 23:34:47 +0000 2020	16	2	@rquiroga777 https://t.co/cp4O5lTrpx	https://twitter.com/SantiOlsze/status/1287531843554861061	[]
SantiOlsze	Sun Jul 26 23:07:46 +0000 2020	18	4	"🌎Casos registrados de COVID-19
🌎Muertes por COVID-19 https://t.co/18SfMTccDP"	https://twitter.com/SantiOlsze/status/1287525045074571264	[]
SantiOlsze	Sun Jul 26 20:19:50 +0000 2020	3	0	@Matias_Nahuel @ernestorr @florspagnoletti @norabar @arilijalad @rinconet @pabloduggan @pablooesteban @Juli_Strada @dgannio @aleberco Creció linealmente desde marzo a buen ritmo. Los casos, exponencialmente. Ahí aumenta la positividad. En NY, llegó a 70%. Con crecimiento exponencial el testeo se queda corto siempre.	https://twitter.com/SantiOlsze/status/1287482782562877440	[]
SantiOlsze	Sun Jul 26 18:51:39 +0000 2020	4	1	Escuchen el podcast de Nico 👇🏼👇🏼👇🏼👇🏼 https://t.co/5ob6xqTwvt	https://twitter.com/SantiOlsze/status/1287460593365123074	[]
SantiOlsze	Sun Jul 26 14:18:17 +0000 2020	7	1	@ernestorr Tenés toda la razón. Pero a ellos les encaaaaaaaaaaaaaanta hablar de tests por millón de habitantes.	https://twitter.com/SantiOlsze/status/1287391797757517826	[]
SantiOlsze	Sun Jul 26 14:14:59 +0000 2020	424	170	"¿Por qué no testeamos como Nueva Zelanda? Una explicación razonable es que venimos de varios años con caída de inversión en salud. 

El presupuesto real destinado a salud cayó más de 20% entre 2015 y 2019. https://t.co/3mY7Q3ItKj"	https://twitter.com/SantiOlsze/status/1287390965322448897	[]
SantiOlsze	Sun Jul 26 03:24:39 +0000 2020	4	0	@Luciencia_ A mi me lleva directo a este cuplé https://t.co/pGMRg59JiR	https://twitter.com/SantiOlsze/status/1287227303404216321	[]
SantiOlsze	Sat Jul 25 17:35:15 +0000 2020	4	0	cc @asambleacaba_	https://twitter.com/SantiOlsze/status/1287078976058523648	[]
SantiOlsze	Sat Jul 25 16:29:29 +0000 2020	76	51	La curva de casos en trabajadores de la salud se mueve en paralelo a la del resto de la ciudad. Más contagios, más gente que requiere internación y menos personal para atenderla. https://t.co/TuTHTSrqX1	https://twitter.com/SantiOlsze/status/1287062427134197761	[]
SantiOlsze	Sat Jul 25 14:50:31 +0000 2020	11	2	Aperturas y aumento de casos en 🇮🇷🇮🇱🇮🇶 https://t.co/rG6evDX8r6	https://twitter.com/SantiOlsze/status/1287037519025131522	[]
SantiOlsze	Sat Jul 25 02:26:04 +0000 2020	3	1	"Por si algún vivitoycoleanderx se lo perdió o para volver a emocionar a lxs que ya lo vieron. 
https://t.co/5Y5L2m9gvr"	https://twitter.com/SantiOlsze/status/1286850173566672896	[]
SantiOlsze	Sat Jul 25 00:05:25 +0000 2020	20	5	6 países sudamericanos entre los 20 países del mundo con más casos en la última semana por millón de habitantes. https://t.co/sxDCbl3n9J	https://twitter.com/SantiOlsze/status/1286814777067667456	[]
SantiOlsze	Fri Jul 24 23:52:46 +0000 2020	1	0	@DrLucasArriola Claro. A eso me refería, a parar contagios. Para lo otro, que es más sutil aunque crítico, creo que nos falta info.	https://twitter.com/SantiOlsze/status/1286811595163738116	[]
SantiOlsze	Fri Jul 24 23:05:38 +0000 2020	0	0	@juanandresamor Ojo que el anterior es mortalidad.  El gráfico de letalidad es diferente.  Se supone que la letalidad teórica es &lt; 1%. Mi hipótesis es que hicieron muchí$$imos testeos y así detectaron muchos asintomáticos/leves y por eso se acercan a la letalidad real con la observada. https://t.co/ueQAljwGXu	https://twitter.com/SantiOlsze/status/1286799733273567239	[]
SantiOlsze	Fri Jul 24 22:57:48 +0000 2020	0	0	@juanandresamor Por qué ridiculamente bajo?	https://twitter.com/SantiOlsze/status/1286797760507895808	[]
SantiOlsze	Fri Jul 24 22:14:10 +0000 2020	47	5	Importantísimo lo que dice @DrDanielGollan en @C5N. Al estar agregando camas al sistema, seguir el porcentaje de camas y no el número absoluto de camas ocupadas puede enmascarar la real velocidad de ocupación.	https://twitter.com/SantiOlsze/status/1286786779388010497	[]
SantiOlsze	Fri Jul 24 21:39:12 +0000 2020	15	10	"La mortalidad por coronavirus varía ampliamente en el mundo. Bélgica🇧🇪 lidera el ranking con más de 800 muertes por millón de habitantes. 

Muestro una versión general y otra solo para los países de Sudamérica🌎 con la misma escala para pasar fácilmente de una imagen a otra. https://t.co/oWGU6Fuf0S"	https://twitter.com/SantiOlsze/status/1286777982938484736	[]
SantiOlsze	Fri Jul 24 20:19:18 +0000 2020	2	0	@Andrea_Gentil @mmbarrionuevo @sole_reta Gracias a vos!	https://twitter.com/SantiOlsze/status/1286757875134672899	[]
SantiOlsze	Fri Jul 24 19:04:12 +0000 2020	9	0	@magulaok Leí AMBA y me pareció más realista que cuando lo leí bien.	https://twitter.com/SantiOlsze/status/1286738973633675267	[]
SantiOlsze	Fri Jul 24 18:03:41 +0000 2020	5	2	Versión actualizada acá con correcciones en Recoleta, Retiro y Núñez https://t.co/CDhhVnJ57z	https://twitter.com/SantiOlsze/status/1286723743138578433	[]
SantiOlsze	Fri Jul 24 18:00:07 +0000 2020	0	0	"@La__Galle Se supone que detecta para ""adelantarse"" al virus y cortar la transmisión. Y no se cortó."	https://twitter.com/SantiOlsze/status/1286722845985431553	[]
SantiOlsze	Fri Jul 24 17:59:04 +0000 2020	1	0	@Juli_Olijnyk Segundo tweet del hilo!	https://twitter.com/SantiOlsze/status/1286722580603449347	[]
SantiOlsze	Fri Jul 24 17:48:42 +0000 2020	21	2	"1- El Detectar, al menos en la 31, no funcionó. 
2- Estamos MUY lejos de la ""inmunidad de rebaño"". 

La explicación? 👇 https://t.co/MJG5c5lgTi"	https://twitter.com/SantiOlsze/status/1286719972815843329	[]
SantiOlsze	Fri Jul 24 15:11:49 +0000 2020	8	9	@mmbarrionuevo Y en todos lados! https://t.co/MfHNNCs56t	https://twitter.com/SantiOlsze/status/1286680491165462528	[]
SantiOlsze	Fri Jul 24 13:52:30 +0000 2020	1	0	@Grosembacher Se estima la inmunidad de rebaño entre 40 y 70% para este virus (dependiendo del R0 que se use para el cálculo). Así que es posible que el mismo porcentaje.	https://twitter.com/SantiOlsze/status/1286660533463244801	[]
SantiOlsze	Fri Jul 24 13:44:07 +0000 2020	1	0	@micaelamp12 @la_posita Esta versión corrige errores! https://t.co/CDhhVnJ57z	https://twitter.com/SantiOlsze/status/1286658421362696192	[]
SantiOlsze	Fri Jul 24 13:42:42 +0000 2020	6	1	Los gráficos reflejan los casos por fecha de diagnóstico hasta el día anterior y no por fecha de reporte. Por ello, las curvas pueden aparentar que bajan hacia el final. Sin embargo, hoy seguro se cargan casos confirmados de ayer o anteayer, que levantarán el final de las curvas	https://twitter.com/SantiOlsze/status/1286658065169879041	[]
SantiOlsze	Fri Jul 24 13:30:28 +0000 2020	2	0	@Grosembacher Falta el estudio de seroprevalencia en Flores. En el barrio 31, el virus infectó a la mayoría de las personas. Por eso caen los casos. El operativo, al menos allí, no logró contener la transmisión del virus.	https://twitter.com/SantiOlsze/status/1286654986189971462	[]
SantiOlsze	Fri Jul 24 13:18:00 +0000 2020	2	0	VILLA DEL PARQUE, VILLA DEVOTO https://t.co/GmL94KfuWC	https://twitter.com/SantiOlsze/status/1286651849177735168	[]
SantiOlsze	Fri Jul 24 13:17:59 +0000 2020	3	0	SAN TELMO, VELEZ SARSFIELD, VERSALLES, VILLA CRESPO https://t.co/zOQZNQAZKH	https://twitter.com/SantiOlsze/status/1286651847609069575	[]
SantiOlsze	Fri Jul 24 13:17:59 +0000 2020	2	0	RETIRO, SAAVEDRA, SAN NICOLÁS, SAN CRISTOBAL https://t.co/DJcpX49GDp	https://twitter.com/SantiOlsze/status/1286651846027870208	[]
SantiOlsze	Fri Jul 24 13:17:59 +0000 2020	2	0	PARQUE PATRICIOS, PATERNAL, PUERTO MADERO, RECOLETA https://t.co/KOeJ3aSwZp	https://twitter.com/SantiOlsze/status/1286651844488564736	[]
SantiOlsze	Fri Jul 24 13:17:58 +0000 2020	3	0	PALERMO, PARQUE AVELLANEDA, PARQUE CHACABUCO, PARQUE CHAS https://t.co/4LpKeGK3Ay	https://twitter.com/SantiOlsze/status/1286651842873753601	[]
SantiOlsze	Fri Jul 24 13:17:58 +0000 2020	2	0	MONSERRAT, MONTECASTRO, NUEVA POMPEYA, NUÑEZ https://t.co/h6SYSWw3l8	https://twitter.com/SantiOlsze/status/1286651841330253825	[]
SantiOlsze	Fri Jul 24 13:17:58 +0000 2020	2	0	FLORES, FLORESTA, LINIERS, MATADEROS https://t.co/aM3FDl2bTo	https://twitter.com/SantiOlsze/status/1286651839727972358	[]
SantiOlsze	Fri Jul 24 13:17:57 +0000 2020	1	0	CHACARITA, COGHLAN, COLEGIALES, CONSTITUCIÓN https://t.co/iVxdq3xTZU	https://twitter.com/SantiOlsze/status/1286651838113165314	[]
SantiOlsze	Fri Jul 24 13:17:57 +0000 2020	3	0	BELGRANO, BOCA, BOEDO, CABALLITO https://t.co/iEB2euv3Es	https://twitter.com/SantiOlsze/status/1286651836569706497	[]
SantiOlsze	Fri Jul 24 13:17:56 +0000 2020	2	0	"Dejo acá los perfiles de cada barrio en orden alfabético. 

AGRONOMÍA, ALMAGRO, BALVANERA, BARRACAS. https://t.co/18M4zZow7C"	https://twitter.com/SantiOlsze/status/1286651834946510849	[]
SantiOlsze	Fri Jul 24 13:17:56 +0000 2020	5	0	El como siempre imprescindible análisis de CABA de @mmbarrionuevo https://t.co/M04Wv7r98u	https://twitter.com/SantiOlsze/status/1286651833428189186	[]
SantiOlsze	Fri Jul 24 13:17:56 +0000 2020	7	0	"Más información sobre CABA por barrio por @sole_reta 

https://t.co/hmf1fwbUNy y en https://t.co/CtUoKjdSRi por partidos en casos acumulados separados por cordones."	https://twitter.com/SantiOlsze/status/1286651831800803328	[]
SantiOlsze	Fri Jul 24 13:17:55 +0000 2020	9	4	Casos nuevos por millón de habitantes y en términos absolutos para CABA y PBA según fecha de reporte.  https://t.co/xpjUjf5866 https://t.co/EZFAEH0b8u	https://twitter.com/SantiOlsze/status/1286651829791657986	[]
SantiOlsze	Fri Jul 24 13:17:55 +0000 2020	9	1	La fuente para CABA es el flamante portal https://t.co/VXtfQOpwCj y el ya clásico https://t.co/2gq1zopXip para PBA.	https://twitter.com/SantiOlsze/status/1286651828369793024	[]
SantiOlsze	Fri Jul 24 13:17:54 +0000 2020	17	4	"Actualiza la versión que publiqué ayer sobre CABA en tanto corrige errores en la base de datos en Retiro, Nuñez y Recoleta (gracias @martinalalu por actualizarla y por la paciencia). 

Agrego una versión ampliada con los pocos barrios que quedan excluídos del gráfico anterior https://t.co/jDYoTgpQZ1"	https://twitter.com/SantiOlsze/status/1286651825584852994	[]
SantiOlsze	Fri Jul 24 13:17:54 +0000 2020	125	54	"Casos nuevos por barrio de CABA y por partido del Conurbano Bonaerense en los últimos 60 días. 

Rojo🔴= máximo en los últimos 15 días.
Amarillo 🟡 = máximo entre 15 y 30 días antes.
Verde 🟢 = máximo entre 30 y 60 días antes. https://t.co/J95Tghd7qp"	https://twitter.com/SantiOlsze/status/1286651823101812736	[]
SantiOlsze	Fri Jul 24 03:50:21 +0000 2020	0	0	@silbearis Si es Recoleta, es por un error en la base de datos, lamentablemente.	https://twitter.com/SantiOlsze/status/1286508997864914944	[]
SantiOlsze	Fri Jul 24 02:33:59 +0000 2020	1	0	@ArthutFleck @echegarne @norabar @ValeriaRoman A diferencia de CABA, los de PBA están disponibles hace meses. Mañana lo comparto.	https://twitter.com/SantiOlsze/status/1286489778754658304	[]
SantiOlsze	Fri Jul 24 02:32:18 +0000 2020	1	0	De hecho, lo que se ve para Recoleta en realidad es la dinámica de casos en Retiro.	https://twitter.com/SantiOlsze/status/1286489354395889664	[]
SantiOlsze	Fri Jul 24 02:28:22 +0000 2020	1	0	Agrego: la tendencia de Recoleta no es la que se muestra. La base fue actualizada y con ella se corrigieron errores. Mañana publico versión nueva😴	https://twitter.com/SantiOlsze/status/1286488362380075010	[]
SantiOlsze	Fri Jul 24 02:16:06 +0000 2020	1	0	@dr_kuato Jaja. A un hincha de Ferro no le hacen daño esos comentarios. Pero apareció Núñez, así que habrá actualización mañana 😲	https://twitter.com/SantiOlsze/status/1286485277985431552	[]
SantiOlsze	Fri Jul 24 00:04:27 +0000 2020	1	0	@mmbarrionuevo Gracias, Martín!	https://twitter.com/SantiOlsze/status/1286452147580739584	[]
SantiOlsze	Thu Jul 23 23:19:43 +0000 2020	27	18	Un récord del que no se habla. Hoy se alcanzó la máxima cantidad de provincias que reportan casos en un día. https://t.co/UtI3qi8aFY	https://twitter.com/SantiOlsze/status/1286440888588271626	[]
SantiOlsze	Thu Jul 23 22:42:06 +0000 2020	19	3	Todo sale de este la información abierta que sustenta el portal recientemente inaugurado. Pasen a ver! https://t.co/8WsZyq99HU	https://twitter.com/SantiOlsze/status/1286431423168221185	[]
SantiOlsze	Thu Jul 23 22:30:32 +0000 2020	0	0	"@martinalalu Excelente trabajo y fundamental en este tiempo. Felicitaciones! 

Aprovecho y te pregunto dos cosas que me llamaron la atención del csv de casos:

- Retiro tiene solo 3 casos. 
- Núñez no está como barrio. 

Sabés por qué y si se solucionará?"	https://twitter.com/SantiOlsze/status/1286428512686149632	[]
SantiOlsze	Thu Jul 23 22:25:23 +0000 2020	3	1	Villa Devoto https://t.co/LRMJ6J6CeD	https://twitter.com/SantiOlsze/status/1286427213856989184	[]
SantiOlsze	Thu Jul 23 22:25:22 +0000 2020	6	1	Velez Sarsfield, Versalles, Villa Crespo, Villa del Parque. https://t.co/44M3e47Y6J	https://twitter.com/SantiOlsze/status/1286427212258959361	[]
SantiOlsze	Thu Jul 23 22:25:22 +0000 2020	5	1	Saavedra, San Cristobal, San Nicolás, San Telmo. https://t.co/LLzpC8AT02	https://twitter.com/SantiOlsze/status/1286427210614792192	[]
SantiOlsze	Thu Jul 23 22:25:21 +0000 2020	5	1	Paternal, Puerto Madero, Recoleta, Retiro. https://t.co/OAjR8sp2GN	https://twitter.com/SantiOlsze/status/1286427209037742081	[]
SantiOlsze	Thu Jul 23 22:25:21 +0000 2020	5	2	Parque Avellaneda, Parque Chacabuco, Parque Chas, Parque Patricios https://t.co/gbz2p40uwU	https://twitter.com/SantiOlsze/status/1286427207196389376	[]
SantiOlsze	Thu Jul 23 22:25:21 +0000 2020	5	1	Monserrat, Monte Castro, Nueva Pompeta, Palermo. https://t.co/HSg7uD0ysv	https://twitter.com/SantiOlsze/status/1286427205535502338	[]
SantiOlsze	Thu Jul 23 22:25:20 +0000 2020	3	1	Flores, Floresta, Liniers, Mataderos. https://t.co/rlOgm7zeVk	https://twitter.com/SantiOlsze/status/1286427203912310784	[]
SantiOlsze	Thu Jul 23 22:25:20 +0000 2020	5	0	Chacarita, Coghlan, Colegiales, Constitución. https://t.co/UrfezSGxYH	https://twitter.com/SantiOlsze/status/1286427201945112582	[]
SantiOlsze	Thu Jul 23 22:25:19 +0000 2020	6	0	Belgrano, La Boca, Boedo, Caballito. https://t.co/1Sj8KLVfaD	https://twitter.com/SantiOlsze/status/1286427200313597952	[]
SantiOlsze	Thu Jul 23 22:25:19 +0000 2020	4	0	Agronomía, Almagro, Balvanera, Barracas. https://t.co/1brPUlMET8	https://twitter.com/SantiOlsze/status/1286427198736551936	[]
SantiOlsze	Thu Jul 23 22:25:19 +0000 2020	9	0	Nuñez no está porque no figura en la base de datos. Veremos qué pasa en los próximos días con las actualizaciones.	https://twitter.com/SantiOlsze/status/1286427197377589249	[]
SantiOlsze	Thu Jul 23 22:17:49 +0000 2020	2	0	@ritanaspit En breve los agrego por separado al hilo.	https://twitter.com/SantiOlsze/status/1286425313359081474	[]
SantiOlsze	Thu Jul 23 22:03:34 +0000 2020	0	0	"@dardotrento Si. Me pareció raro pero no figura como opción en ""barrio"" de este documento."	https://twitter.com/SantiOlsze/status/1286421725417279490	[]
SantiOlsze	Thu Jul 23 21:29:55 +0000 2020	28	2	Faltan Coghlan, Villa Ortúzar, Villa Real y Villa Riachuelo (menos de 10 casos diarios) y Retiro (solo 3 casos informados, seguramente por error en el sistema).  Los datos salen de este documento: https://t.co/sRsPNy3QOO	https://twitter.com/SantiOlsze/status/1286413258224697344	[]
SantiOlsze	Thu Jul 23 18:41:20 +0000 2020	1	0	@jeremiasincicco Depende del compromiso que tengan para actuar, lamentablemente. Como ya aprendimos, cuando lo más útil es rastrear y aislar exhaustivamente a contactos, más inútil parece.	https://twitter.com/SantiOlsze/status/1286370831556390923	[]
SantiOlsze	Thu Jul 23 17:29:59 +0000 2020	0	0	@florenn Muy complejo. Esos casos se reportan?	https://twitter.com/SantiOlsze/status/1286352876080685056	[]
SantiOlsze	Thu Jul 23 15:52:06 +0000 2020	1	0	@TuQmano @d_olivaw @ValeriaRoman @msalnacion Usé los últimos 60 días! Muy buena forma de verlo. Tal vez con los gráficos de cada provincia en vertical (más largos que anchos) le de más pinta todavía. Saludos!	https://twitter.com/SantiOlsze/status/1286328243382083584	[]
SantiOlsze	Thu Jul 23 11:44:17 +0000 2020	26	6	"Acá se ve  la cantidad de provincias🇦🇷 que reportan casos por día y la dinámica de contagio en varias de ellas por fecha de diagnóstico. 

Con estas tendencias y la vuelta a fase I en Jujuy, queda ya muy claro que el problema se extiende más allá del AMBA y Chaco. https://t.co/0SsMQZrUcj"	https://twitter.com/SantiOlsze/status/1286265876195540992	[]
SantiOlsze	Wed Jul 22 22:34:32 +0000 2020	23	4	"Suena a diario pero faltaba una explicación. 
Excelente @rquiroga777 https://t.co/o6TFaW4gQp"	https://twitter.com/SantiOlsze/status/1286067130664919040	[]
SantiOlsze	Wed Jul 22 20:13:53 +0000 2020	8	0	@NicoOlsze Olszevicki pura cepa	https://twitter.com/SantiOlsze/status/1286031736535752710	[]
SantiOlsze	Wed Jul 22 00:50:30 +0000 2020	1	0	@jeremiasincicco Yo no lo sé.	https://twitter.com/SantiOlsze/status/1285738957909692416	[]
SantiOlsze	Wed Jul 22 00:46:36 +0000 2020	12	1	Recomiendo fuertemente mirar la tendencia de los casos por inicio de sintomas, cómo pública diariamente Martin, para evitar variaciones relacionadas a carga y menos testeo los fines de semana. https://t.co/ZcIV2F2Hpy	https://twitter.com/SantiOlsze/status/1285737978804023296	[]
SantiOlsze	Wed Jul 22 00:28:45 +0000 2020	2	0	@jeremiasincicco Si. Claro. Debe ser un combo de todo. También hay mucha gente que llama pero rebota, o le dicen que espere un par de días... Estoy seguro de que hay muchas cosas sumadas que dan esto.	https://twitter.com/SantiOlsze/status/1285733484502437888	[]
SantiOlsze	Tue Jul 21 21:20:33 +0000 2020	3	0	@mauricap Si. El propio sistema rebotando pacientes es otro signo de saturación que se viene viendo.	https://twitter.com/SantiOlsze/status/1285686122685792261	[]
SantiOlsze	Tue Jul 21 20:30:42 +0000 2020	58	22	Tenemos que maximizar esfuerzos para llegar al sistema de salud ante la presencia de síntomas, aún leves. Con la alta circulación viral que hay, hoy es bastante probable que esos síntomas se deban a COVID-19. Aislate, llamá al 147 y avisale a tus contactos estrechos.	https://twitter.com/SantiOlsze/status/1285673578701168640	[]
SantiOlsze	Tue Jul 21 20:30:42 +0000 2020	31	8	"""Perderse"" casos leves es absolutamente consistente con los altos porcentajes de positividad que estamos viendo en todo el país y con la suba de edad promedio de contagiados.  https://t.co/aeS7wQrTP2"	https://twitter.com/SantiOlsze/status/1285673577195483137	[]
SantiOlsze	Tue Jul 21 20:30:41 +0000 2020	33	9	Así se distribuye la demora entre síntomas y diagnóstico para todos los pacientes, no solo los graves. Si nos está costando detectar a los casos graves, es esperable que nos cueste aún más detectar los casos leves. https://t.co/zRheHekceZ	https://twitter.com/SantiOlsze/status/1285673575672942593	[]
SantiOlsze	Tue Jul 21 20:30:41 +0000 2020	32	11	"Si con todos estos datos creamos a un paciente promedio, vemos que está entre 4 y 5 días con síntomas antes de ingresar a terapia intensiva.  

El contagio se da, por bibliografía, entre 1 y 14 días antes del inicio de síntomas, con media en 5. https://t.co/yjJIFN0165"	https://twitter.com/SantiOlsze/status/1285673574066511874	[]
SantiOlsze	Tue Jul 21 20:30:40 +0000 2020	23	7	Así se ve la triada síntomas-UTI-diagnóstico para cada paciente en Argentina. Es la unión de los dos gráficos anteriores. https://t.co/NHygOBosCn	https://twitter.com/SantiOlsze/status/1285673572330070016	[]
SantiOlsze	Tue Jul 21 20:30:40 +0000 2020	43	16	¿Qué puede significar esto?  Lo primero que se desprende es que estamos tardando mucho en detectar los casos, incluso los más graves. El inicio de síntomas suele ser bastante antes del ingreso a UTI.  De forma similar al anterior, acá el azul muestra el inicio de síntomas. https://t.co/91hyE8SiWr	https://twitter.com/SantiOlsze/status/1285673570539110400	[]
SantiOlsze	Tue Jul 21 20:30:40 +0000 2020	27	7	Esto se puede ver paciente a paciente en esta figura. Cada paciente es un par verde-rojo. Los puntos verdes de la izquierda representan diagósticos pre-ingreso a UCI. Los de la derecha, diagnósticos post-ingreso a UCI. https://t.co/tZgoQuJD6G	https://twitter.com/SantiOlsze/status/1285673568832020498	[]
SantiOlsze	Tue Jul 21 20:30:39 +0000 2020	37	17	El diagnóstico post-internación es aún más frecuente en los casos más recientes. De los últimos 100 pacientes que ingresaron a UTI con COVID-19 a nivel nacional, menos de 10 tenían el diagnóstico al momento del ingreso. https://t.co/gNEaBICOjs	https://twitter.com/SantiOlsze/status/1285673567288545281	[]
SantiOlsze	Tue Jul 21 20:30:39 +0000 2020	147	77	"La mayoría de los pacientes que requieren terapia intensiva con COVID-19 reciben el diagnóstico DESPUÉS de su ingreso a terapia intensiva. 

Este fenómeno se observa en la mayoría de las provincias y es particularmente acentuado en la Provincia de Buenos Aires. 

Pequeño hilo👇. https://t.co/ybjx8r3cHM"	https://twitter.com/SantiOlsze/status/1285673565682114561	[]
SantiOlsze	Tue Jul 21 17:59:54 +0000 2020	20	2	Ciencia clara, concisa y visualmente hermosa aquí https://t.co/zBlS2hWpZh	https://twitter.com/SantiOlsze/status/1285635627275489280	[]
SantiOlsze	Tue Jul 21 14:55:22 +0000 2020	2	0	@hgmrqz1973 Pero qué ojazos, che! Digamos todo.	https://twitter.com/SantiOlsze/status/1285589190323965953	[]
SantiOlsze	Tue Jul 21 12:31:25 +0000 2020	90	14	Y me faltó Cambiemos en campaña https://t.co/1HOT96VaQu	https://twitter.com/SantiOlsze/status/1285552962287415297	[]
SantiOlsze	Tue Jul 21 12:25:22 +0000 2020	852	264	Cambiemos como gobierno vs. Cambiemos como oposición https://t.co/Zp6oGkphvj	https://twitter.com/SantiOlsze/status/1285551439608250370	[]
SantiOlsze	Sun Jul 19 21:02:47 +0000 2020	52	13	El jueves pasado, 16 de julio, se registró un máximo de casos nuevos diarios en el mundo con 252.500 reportes a nivel mundial🌎. En este gráfico proyecto las tendencia de casos nuevos para cada continente.  A cuidarse, que todavía falta mucho para que termine todo esto. https://t.co/vIvPceILrF	https://twitter.com/SantiOlsze/status/1284956876908769280	[]
SantiOlsze	Sun Jul 19 15:43:01 +0000 2020	6	0	Al comparar a nivel regional, podemos decir que evitamos muchísimas muertes por coronavirus. Pero esto es mirando para atrás. Necesitamos cuidarnos más y mejor mirando hacia adelante, especialmente en este momento. https://t.co/tuCTdNALmT	https://twitter.com/SantiOlsze/status/1284876405164126210	[]
SantiOlsze	Sun Jul 19 15:43:01 +0000 2020	8	2	"En ese sentido, el Gobierno de Córdoba lanzó un spot excelente. Ese es el mensaje que tenemos que transmitir de acuerdo a lo que está y no está permitido en cada provincia o localidad.

https://t.co/vMFTJnVi6x"	https://twitter.com/SantiOlsze/status/1284876403180273665	[]
SantiOlsze	Sun Jul 19 15:43:00 +0000 2020	6	1	"La situación en el interior del país se está complicando. La meseta que se empieza a ver en AMBA no se reproduce en el interior.  Martín lo muestra perfecto casi a diario en sus hilos. 
https://t.co/TvajzjPjzj"	https://twitter.com/SantiOlsze/status/1284876401452224512	[]
SantiOlsze	Sun Jul 19 15:43:00 +0000 2020	28	8	Cuando se anunció el DSPO, menos de 9 provincias por día registraban casos. Hoy, un mes y medio después, son más de 15 las provincias por día que registran casos. https://t.co/iIg31vb4b8	https://twitter.com/SantiOlsze/status/1284876399287980032	[]
SantiOlsze	Sat Jul 18 21:46:34 +0000 2020	1	0	"@marcoschicote Quirós proyecta la relación detectados/no detectados del Barrio 31 a toda la ciudad para hacer ese cálculo. No creo que se pueda hacer esa extrapolación, honestamente. 

Entiendo que se están haciendo estudios de seroprevalencia en CABA para estimar ese %. https://t.co/JdJ6yaB4et"	https://twitter.com/SantiOlsze/status/1284605508704514049	[]
SantiOlsze	Sat Jul 18 14:17:46 +0000 2020	8	1	@romanouks @ineslovisolo @norabar @Ecolatina_Arg @jorgeluisaliaga @DoctorKruz @JulioPiekarz @pabloduggan @mmbarrionuevo @rquiroga777 @FernanQuirosBA Acá claramente hubo manipulación con los números. ¿Cómo es que duplicaron los tests, la positividad se mantuvo igual y los casos se mantuvieron constantes?  A positividad del 42%, con esa cantidad de testeos deberíamos tener ~2000 casos.	https://twitter.com/SantiOlsze/status/1284492564159172610	[]
SantiOlsze	Sat Jul 18 12:37:06 +0000 2020	0	0	@Tonga23 Pero TR son tests rápidos. Los que usas para detectar asintomáticos. Con esos te digo 2% en personal de salud.	https://twitter.com/SantiOlsze/status/1284467230613307392	[]
SantiOlsze	Sat Jul 18 12:24:22 +0000 2020	2	0	@Tonga23 En personal de salud es del 2%. Me extrañaría que en la 'gente común' sea 10 veces más alto. https://t.co/fIza7pmLUO	https://twitter.com/SantiOlsze/status/1284464025351454720	[]
SantiOlsze	Sat Jul 18 12:09:52 +0000 2020	2	0	@Tonga23 Probablemente, todavía muy baja. En NY es del 7% aproximadamente.  https://t.co/ArmlEGZRbb	https://twitter.com/SantiOlsze/status/1284460376667697152	[]
SantiOlsze	Sat Jul 18 11:54:45 +0000 2020	31	6	"""El porcentaje necesario para esta inmunidad de rebaño no se conoce. Sin embargo, proyecciones con R0 entre 2 y 3.5 lo sitúan entre 40% y 70%""
Con un 53% en el Barrio 31, es MUY probable el brote se haya controlado porque quedaba poca gente susceptible y no por el Detectar. https://t.co/rbNrat40sK"	https://twitter.com/SantiOlsze/status/1284456572329111554	[]
SantiOlsze	Sat Jul 18 01:54:01 +0000 2020	10	5	"Otro día con más de 70.000 casos nuevos en EE.UU🇺🇸

Después del desastre en Nueva York, la curva se dispara en los tres estados más poblados del país. https://t.co/EGJFMTPtWw"	https://twitter.com/SantiOlsze/status/1284305390772027397	[]
SantiOlsze	Sat Jul 18 00:47:36 +0000 2020	1	0	@mmbarrionuevo Gracias! 😊	https://twitter.com/SantiOlsze/status/1284288679704395777	[]
SantiOlsze	Fri Jul 17 20:57:31 +0000 2020	0	0	@tunantelll @norabar El color es ilustrativo, únicamente.	https://twitter.com/SantiOlsze/status/1284230776033366028	[]
SantiOlsze	Fri Jul 17 18:12:23 +0000 2020	2	0	@pepedromm @norabar 15 y 10 provincias sin casos	https://twitter.com/SantiOlsze/status/1284189216914710530	[]
SantiOlsze	Fri Jul 17 17:57:14 +0000 2020	117	42	Cada vez más provincias reportan casos en Argentina por día. https://t.co/UUAco8TYMx	https://twitter.com/SantiOlsze/status/1284185405810589696	[]
SantiOlsze	Fri Jul 17 15:27:25 +0000 2020	1	0	@martinschus 😳	https://twitter.com/SantiOlsze/status/1284147702528442370	[]
SantiOlsze	Fri Jul 17 14:10:30 +0000 2020	0	0	@Alfonsomdt @GarcilasodelaV3 @NicoOlsze https://t.co/esvIVWmgwK este análisis te puede resultar interesante	https://twitter.com/SantiOlsze/status/1284128345215643649	[]
SantiOlsze	Fri Jul 17 13:07:58 +0000 2020	0	0	@jujazack Yo nunca entendí, primero, cuándo se empezó a usar la división en fases en AMBA. Después, la fase 2 se la tragó la tierra. Tiembla la fase 4.	https://twitter.com/SantiOlsze/status/1284112609130799104	[]
SantiOlsze	Fri Jul 17 12:59:32 +0000 2020	1	0	@alexchimal Me encantó. Lo anoto para cuando tenga tiempo.	https://twitter.com/SantiOlsze/status/1284110488637509633	[]
SantiOlsze	Fri Jul 17 12:24:20 +0000 2020	11	9	https://t.co/nL3tbZpekq	https://twitter.com/SantiOlsze/status/1284101629395054594	[]
SantiOlsze	Fri Jul 17 12:17:02 +0000 2020	0	0	@SmartGreenEner1 @NicoOlsze Los tests por millón de habitantes más bajas del mundo junto con las de Corea del Sur y Japón. Lo que te muestra que es un indicador que no sirve para nada.  Acá podés jugar con ellos: https://t.co/RNHDGHISrV . https://t.co/F8laFwPJcw	https://twitter.com/SantiOlsze/status/1284099791472005120	[]
SantiOlsze	Fri Jul 17 11:12:43 +0000 2020	14	2	@SmartGreenEner1 @NicoOlsze La cuarentena te dio tiempo para ver qué hacían en otros países con el tratamiento, tiempo para crecer en infraestructura sanitaria y un enlentencimiento de la curva para evitar la saturación de esa infraestructura.	https://twitter.com/SantiOlsze/status/1284083606441332737	[]
SantiOlsze	Fri Jul 17 10:53:58 +0000 2020	1	0	@josujosuu De postre tenemos merengue	https://twitter.com/SantiOlsze/status/1284078886293307394	[]
SantiOlsze	Fri Jul 17 01:53:24 +0000 2020	0	0	@romanouks @Ecolatina_Arg @mmbarrionuevo @sole_reta @jorgeluisaliaga @norabar @ernestorr @pabloduggan @VillarruelDario @TotinFraire Te puedo mandar MD? Gracias	https://twitter.com/SantiOlsze/status/1283942848459571204	[]
SantiOlsze	Fri Jul 17 00:33:47 +0000 2020	9	0	Qué verde era mi país https://t.co/95jvaPwvgT	https://twitter.com/SantiOlsze/status/1283922814798565386	[]
SantiOlsze	Thu Jul 16 23:37:32 +0000 2020	110	13	"NO PUEDE HABER ANTI-VACUNAS  EN LOS MEDIOS
NO PUEDE HABER ANTI-VACUNAS  EN LOS MEDIOS
NO PUEDE HABER ANTI-VACUNAS  EN LOS MEDIOS
NO PUEDE HABER ANTI-VACUNAS  EN LOS MEDIOS

https://t.co/JRSzLWv4iq"	https://twitter.com/SantiOlsze/status/1283908658330468353	[]
SantiOlsze	Thu Jul 16 23:22:43 +0000 2020	26	8	@NicoOlsze Por ahora, la letalidad nos diferencia y es un gran logro de la cuarentena.  Usando las muertes en Argentina de hoy como pico de muertes es así. Pero es muy esperable que no sea nuestro pico y estamos con &gt;60% de ocupación de UTI. https://t.co/ZgSbIxSall	https://twitter.com/SantiOlsze/status/1283904927924985857	[]
SantiOlsze	Thu Jul 16 21:55:36 +0000 2020	13	1	"@gabriel78304564 1) la letalidad en Argentina por ahora es menor al 2%, así que sí.

2) El aumento de muertes viene después del de casos. No sorprendería un aumento de muertes en los próximos días acá."	https://twitter.com/SantiOlsze/status/1283883007213010944	[]
SantiOlsze	Thu Jul 16 21:33:33 +0000 2020	336	136	Todos tenemos la imagen de la crisis sanitaria en Europa pero nos cuesta mirar el problema cuando lo tenemos cerca.  Los 4225 casos reportados ayer por Argentina🇦🇷 se asemejan al máximo valor en Italia🇮🇹 en un día. https://t.co/G2FlEbQgDv	https://twitter.com/SantiOlsze/status/1283877454302588928	[]
SantiOlsze	Thu Jul 16 20:08:20 +0000 2020	0	1	"@LuisTuqui La idea de un operativo como el Detectar es frenar la transmisión viral antes de que el virus afecte a toda la población. En la 31, infectó al menos al 50% similar al % estimado para la inmunidad de rebaño. Por eso digo ""por su propio peso""."	https://twitter.com/SantiOlsze/status/1283856011816771587	[]
SantiOlsze	Thu Jul 16 19:52:47 +0000 2020	0	0	@LuisTuqui No es tirar mierda. El brote se contuvo por su propio peso. Esta es una prueba fehaciente de que no fue por el Detectar.	https://twitter.com/SantiOlsze/status/1283852097507725314	[]
SantiOlsze	Thu Jul 16 19:41:16 +0000 2020	1	0	@mdeambrosio @Andrea_Gentil Yo no.	https://twitter.com/SantiOlsze/status/1283849198790680587	[]
SantiOlsze	Thu Jul 16 15:18:37 +0000 2020	6	0	La movilidad en la vuelta a la fase 1 en PBA por @Rodri_LP https://t.co/qmerGDwJWl	https://twitter.com/SantiOlsze/status/1283783100040990721	[]
SantiOlsze	Thu Jul 16 15:17:12 +0000 2020	1	1	"@JumaLazzati Claro. Pero no se ""controló la transmisión"" por detectar más casos y aislar contactos. Y la clave está ahí: detectar el caso y que sus contactos estrechos se aislen lo antes posible (pueden ser asintomáticos). Siempre que aislemos solo a sintomáticos vamos a correr de atrás."	https://twitter.com/SantiOlsze/status/1283782745399984128	[]
SantiOlsze	Thu Jul 16 15:05:56 +0000 2020	2	0	@mschuliaquer @Andrea_Gentil Claro, a eso me refiero.	https://twitter.com/SantiOlsze/status/1283779910880952321	[]
SantiOlsze	Thu Jul 16 14:57:48 +0000 2020	2	0	@Andrea_Gentil Ante recursos limitados, me parece sensato ir a hacer el rastreo a los barrios vulnerables en primer lugar. Pero, al menos en la 31, no fue exitoso. Si no quedaban sin agua e ignorados cuando tenían los primeros casos, el resultado tal vez sería otro.	https://twitter.com/SantiOlsze/status/1283777861044838400	[]
SantiOlsze	Thu Jul 16 14:47:01 +0000 2020	81	17	Esto, que varios periodistas levantaron como un éxito de gestión sanitaria, evidencia todo lo contrario. En el Barrio 31, el virus se diseminó con tranquilidad e infectó a la mayoría de las personas. https://t.co/Vj01cZg9Jc	https://twitter.com/SantiOlsze/status/1283775148877807616	[]
SantiOlsze	Thu Jul 16 12:18:00 +0000 2020	32	5	"Distribución etaria del COVID en Argentina🇦🇷. 

Los casos se distribuyen homogéneamente entre hombres.  Las muertes, en cambio, son más frecuentes en hombres(58%) y a menor edad que en las mujeres. https://t.co/9bBHguyVYr"	https://twitter.com/SantiOlsze/status/1283737646376857601	[]
SantiOlsze	Thu Jul 16 00:35:43 +0000 2020	18	8	Casos nuevos en términos absolutos y por millón de habitantes en AMBA https://t.co/a6jAUMpHtw	https://twitter.com/SantiOlsze/status/1283560911685509123	[]
SantiOlsze	Thu Jul 16 00:35:43 +0000 2020	9	1	En escala logarítmica: https://t.co/l5scXaWgix	https://twitter.com/SantiOlsze/status/1283560910037147648	[]
SantiOlsze	Thu Jul 16 00:35:42 +0000 2020	161	69	"🇦🇷MOVILIDAD y CONTAGIOS🇦🇷

Muy moderada reducción de movilidad en AMBA en la vuelta a la fase 1.  Récord de casos tanto en CABA como en PBA. 

Si salimos de la cuarentena es porque 'no da para más' y con un riesgo enorme. No porque la situación sanitaria esté controlada. https://t.co/dtTbXZiC86"	https://twitter.com/SantiOlsze/status/1283560908275568644	[]
SantiOlsze	Wed Jul 15 23:23:47 +0000 2020	11	2	De qué hablamos cuando hablamos del R? https://t.co/wHHHAyrRJC	https://twitter.com/SantiOlsze/status/1283542807584681986	[]
SantiOlsze	Wed Jul 15 22:02:42 +0000 2020	19	3	"🇺🇸EEUU🇺🇸

California, Texas, Florida y Nueva York son los cuatro estados más poblados de Estados Unidos. A pesar de haber visto lo que pasó en NY, en los otros tres la curva se dispara muy fuerte ahora.  Hay que mirar las balas que pegan cerca y aprender de sus errores. https://t.co/ZgZhWRazJX"	https://twitter.com/SantiOlsze/status/1283522405642768385	[]
SantiOlsze	Wed Jul 15 01:52:09 +0000 2020	2	0	@fedextasis A Julio Argentino Roca le gusta esto.	https://twitter.com/SantiOlsze/status/1283217760378597378	[]
SantiOlsze	Wed Jul 15 01:29:52 +0000 2020	13	7	Hay 6 países sudamericanos entre los 20 países del mundo🌎 que más casos reportaron en la última semana. https://t.co/1bZhuW6pvk	https://twitter.com/SantiOlsze/status/1283212150798983168	[]
SantiOlsze	Tue Jul 14 19:06:05 +0000 2020	1	0	@morhijo Para detectar mesetas en eje y yo no haría un gráfico en proporciones 1:3 vertical:horizontal. Pero dónde crees que jugué con los ejes?	https://twitter.com/SantiOlsze/status/1283115569647104005	[]
SantiOlsze	Tue Jul 14 16:38:35 +0000 2020	14	0	Comparto la opinión del gran @mmbarrionuevo https://t.co/VaKp0ThxBE	https://twitter.com/SantiOlsze/status/1283078449528287234	[]
SantiOlsze	Tue Jul 14 12:21:23 +0000 2020	1	0	@romanouks @arilijalad @diegosantilli @eldestape_radio Gracias!	https://twitter.com/SantiOlsze/status/1283013723980992517	[]
SantiOlsze	Tue Jul 14 12:20:35 +0000 2020	16	9	La ocupación de camas de terapia intensiva subió un 20% en los últimos 10 días (vía @romanouks).  Aumentar más lentamente también es aumentar. https://t.co/cnNOkYTGs7	https://twitter.com/SantiOlsze/status/1283013520754462720	[]
SantiOlsze	Tue Jul 14 12:08:59 +0000 2020	0	0	@arilijalad @diegosantilli @eldestape_radio @romanouks	https://twitter.com/SantiOlsze/status/1283010601288118273	[]
SantiOlsze	Tue Jul 14 10:17:45 +0000 2020	4	0	@HernanL2014 @AraneoDiego Porque hay gente que NECESITA laburar y se prioriza la recreación de algunos sin barbijo a otros trabajando con protocolo de higiene y distancias. En mi caso particular, de ahí viene la indignación.	https://twitter.com/SantiOlsze/status/1282982610399113216	[]
SantiOlsze	Tue Jul 14 01:01:18 +0000 2020	107	16	¿Se acuerdan de esta meseta? https://t.co/f6UAtwts9U	https://twitter.com/SantiOlsze/status/1282842574936592384	[]
SantiOlsze	Tue Jul 14 00:38:16 +0000 2020	22	8	🇨🇱 En Santiago de Chile, la movilidad continúa en valores mínimos a pesar de llevar tres semanas con casos en descenso. https://t.co/jNPTJu5JfG https://t.co/LY25WQUruw	https://twitter.com/SantiOlsze/status/1282836779310231553	[]
SantiOlsze	Mon Jul 13 18:10:15 +0000 2020	1	0	@lucila332 @mmbarrionuevo Y en muertes, muchísimo más.	https://twitter.com/SantiOlsze/status/1282739129005019139	[]
SantiOlsze	Mon Jul 13 17:13:10 +0000 2020	1	0	@siobhnomorain @mmbarrionuevo Lo publiqué hace pocos días.	https://twitter.com/SantiOlsze/status/1282724763664814084	[]
SantiOlsze	Mon Jul 13 15:28:27 +0000 2020	142	49	"🇮🇹En Italia, la movilidad (gris) empezó a aumentar recién después de un mes en el que cada día aparecían menos casos que el anterior. 

🇦🇷Aunque parece amesetarse, estamos lejos de verificar tendencias decrecientes sostenidas en AMBA. Abrir de forma precoz puede ser tremendo. https://t.co/COEW81js1H"	https://twitter.com/SantiOlsze/status/1282698411578458115	[]
SantiOlsze	Mon Jul 13 01:12:49 +0000 2020	3	0	"Si leen la nota, el ""take away plus"" de away no tiene nada. https://t.co/t1ur09IJ4O"	https://twitter.com/SantiOlsze/status/1282483083854393345	[]
SantiOlsze	Mon Jul 13 00:56:41 +0000 2020	2	0	@tomaswainer @marianopuntobe @dportal72 Se me pasó, Tomi, sorry. Coincido en que verlo es más fuerte que preverlo y NY fue un caos. Además, hubo bastante cierre (tardio) que eventualmente logro contener los casos	https://twitter.com/SantiOlsze/status/1282479025806618624	[]
SantiOlsze	Sun Jul 12 21:52:46 +0000 2020	72	50	"🇺🇸 EEUU 🇺🇸

Florida supera a Nueva York en máximo de casos diarios reportando hoy &gt; 15000 casos nuevos 😳. https://t.co/fPkWvnYDom"	https://twitter.com/SantiOlsze/status/1282432742563749889	[]
SantiOlsze	Sat Jul 11 22:59:23 +0000 2020	3	0	El factor de crecimiento compara los casos de un día con los del día o semena anterior. Cuando es mayor a 1, significa que ese día hubo más casos que con el que se compara. https://t.co/tkJfAIBoeu	https://twitter.com/SantiOlsze/status/1282087115535396866	[]
SantiOlsze	Sat Jul 11 22:59:22 +0000 2020	4	0	Casos nuevos por día (absoluto y por millón de habitantes) en CABA y Provincia de Buenos Aires. https://t.co/f396Hy1o7m	https://twitter.com/SantiOlsze/status/1282087113891229696	[]
SantiOlsze	Sat Jul 11 22:59:22 +0000 2020	2	0	Mismo gráfico con los casos en escala logarítmica. Si parece una línea recta, el crecimiento es esponencial. https://t.co/3tjkTYKWCg	https://twitter.com/SantiOlsze/status/1282087112167358467	[]
SantiOlsze	Sat Jul 11 22:59:21 +0000 2020	11	3	"🇦🇷 MOVILIDAD🇦🇷 

Todavía es pronto para tener datos de movilidad de esta nueva fase estricta, pero hace dos meses la movilidad en las estaciones de transporte público se estabilizó. https://t.co/fe3v3FSaNH"	https://twitter.com/SantiOlsze/status/1282087110506360833	[]
SantiOlsze	Sat Jul 11 22:31:08 +0000 2020	0	0	@melquiadess Claro, entiendo. Pero no sería una decisión clínica tampoco. Hoy el alta es sin testeo.  No cambiaría el comportamiento para con el paciente. Igual sí. Sería fundamental entender la cinética para plantear algo así.	https://twitter.com/SantiOlsze/status/1282080006454366209	[]
SantiOlsze	Sat Jul 11 22:02:05 +0000 2020	0	0	@melquiadess En términos personales, tu visión del tema me parecería mega-enriquecedora. Tal vez más para MD que para twit, por la extensión.	https://twitter.com/SantiOlsze/status/1282072698722689029	[]
SantiOlsze	Sat Jul 11 22:00:03 +0000 2020	0	0	@melquiadess @jorgeluisaliaga Podrían aislarse los sospechosos por dos semanas y hacer un serologico al alta para ver si tuvieron o no? Alcanzaría la S y E de los serológicos al propósito de que el paciente sepa si tuvo o no? Otras preguntas que me surgen y no tengo respuesta. Pero las creo constructivas.	https://twitter.com/SantiOlsze/status/1282072186237394945	[]
SantiOlsze	Sat Jul 11 21:58:31 +0000 2020	0	0	"@melquiadess @jorgeluisaliaga Probablemente no. Es más una idea disparadora que un plan definitivo.

 Tiene sentido seguir testeando a los casos sospechosos con esta positividad? Qué se ganaría y que se perdería si se deja de hacer eso? No tengo la respuesta pero sí me surgen las preguntas."	https://twitter.com/SantiOlsze/status/1282071799493206016	[]
SantiOlsze	Sat Jul 11 20:53:00 +0000 2020	3	0	@melquiadess @jorgeluisaliaga El 50% o aprox de los sintomaticos son positivos, por la positividad. Podríamos asumirlos positivos (aislarlos) y usar la capacidad diagnóstica para la detección de asintomáticos.	https://twitter.com/SantiOlsze/status/1282055312325742598	[]
SantiOlsze	Sat Jul 11 20:46:34 +0000 2020	4	0	@melquiadess @jorgeluisaliaga Aislar al caso sospechoso (que 50% serán positivos) y testear en pool a sus contactos. Con la misma cantidad de tests, o un poco más, podrías tener un panorama mucho más completo.	https://twitter.com/SantiOlsze/status/1282053694968799232	[]
SantiOlsze	Sat Jul 11 20:40:57 +0000 2020	4	0	@melquiadess @jorgeluisaliaga Para casos sospechosos en AMBA no tiene sentido. Pero para contactos asintomáticos de casos sospechosos puede ser muy útil.	https://twitter.com/SantiOlsze/status/1282052279223439361	[]
SantiOlsze	Sat Jul 11 02:46:43 +0000 2020	1	0	@FacuEntropia El MSal informa (por bibliografía) que es de 1-14 días con 5 de promedio.	https://twitter.com/SantiOlsze/status/1281781937913372678	[]
SantiOlsze	Sat Jul 11 01:44:51 +0000 2020	96	42	Es claro que estamos llegando tarde al diagnóstico. Para los pacientes graves, el diagnóstico es generalmente DESPUÉS de la internación.  Por eso, con o sin diagnóstico, AISLAMIENTO desde la aparicion de síntomas. https://t.co/0B9hr3hH2Q	https://twitter.com/SantiOlsze/status/1281766369172873217	[]
SantiOlsze	Fri Jul 10 21:50:49 +0000 2020	8	4	@mecasullo Es esencial entender esto. Incluso, a veces hay más que dos semanas! En Irán, por ejemplo, los casos empezaron a subir a principios de mayo y las muertes, a principios de junio. Y siguen... https://t.co/tj6FS9pIoc	https://twitter.com/SantiOlsze/status/1281707472361791490	[]
SantiOlsze	Fri Jul 10 17:05:07 +0000 2020	0	0	@jelffman Me fui corriendo a hacerlo https://t.co/Qtuy22faU3	https://twitter.com/SantiOlsze/status/1281635575657893895	[]
SantiOlsze	Fri Jul 10 17:04:49 +0000 2020	65	21	"🌎MUERTES POR COVID-19🌎

Los países que más muertes por millón de habitantes tienen, representados con letra más grande, son mayormente europeos.  

Si vemos solo las muertes de la última semana, el panorama es distinto. El epicentro hoy es Latinoamérica, y se nota. https://t.co/d3Z7tRp0EP"	https://twitter.com/SantiOlsze/status/1281635499149529089	[]
SantiOlsze	Thu Jul 09 14:45:28 +0000 2020	3	0	Mirando solo las muertes de la última semana, la distribución cambia. Bélgica 🇧🇪 le cede lugar a otros países en Europa. Suecia🇸🇪 y UK🇬🇧 siguen dominando. Chile 🇨🇱, Perú 🇵🇪 y Panamá 🇵🇦 en América. https://t.co/UluV3JCiKz	https://twitter.com/SantiOlsze/status/1281238045086437381	[]
SantiOlsze	Thu Jul 09 14:45:28 +0000 2020	20	3	"🌎MUERTES POR COVID🌎

Mientras más grande el nombre del país, más muertes acumuladas por millón de habitantes. https://t.co/Cg4FSOVOjb"	https://twitter.com/SantiOlsze/status/1281238043391819778	[]
SantiOlsze	Thu Jul 09 01:01:37 +0000 2020	38	15	"🇦🇷AMBA🇦🇷

Qué empinadas tus mesetas! https://t.co/PB9j4t7U37"	https://twitter.com/SantiOlsze/status/1281030713509363712	[]
SantiOlsze	Wed Jul 08 11:39:51 +0000 2020	6	0	@NicoOlsze Está tomando y promocionando la hidroxicloroquina. El tipo quiere morir y no puede.	https://twitter.com/SantiOlsze/status/1280828944867082240	[]
SantiOlsze	Wed Jul 08 11:18:15 +0000 2020	1	0	@jeremiasincicco Muy bueno!	https://twitter.com/SantiOlsze/status/1280823506607931392	[]
SantiOlsze	Wed Jul 08 01:36:18 +0000 2020	0	0	@nachoramon93 @sole_reta @Mercedes_Vasta @Kicillofok Gracias titán. Vamos CABA!!!!!!!!!!!!	https://twitter.com/SantiOlsze/status/1280677057165434885	[]
SantiOlsze	Wed Jul 08 01:26:39 +0000 2020	0	0	@nachoramon93 @sole_reta @Mercedes_Vasta @Kicillofok Cuán bien está un distrito detectando los casos es algo que refleja bastante bien el % de positividad diario o semanal. No el porcentaje acumulado desde el principio de la pandemia que es lo que estás camufladamente pensando.	https://twitter.com/SantiOlsze/status/1280674627115778048	[]
SantiOlsze	Wed Jul 08 01:22:01 +0000 2020	0	0	@nachoramon93 @sole_reta @Mercedes_Vasta @Kicillofok Te parece que es un buen indicador de cómo le va a un país controlando la pandemia? https://t.co/u9Tq6U8hTY	https://twitter.com/SantiOlsze/status/1280673460939866112	[]
SantiOlsze	Tue Jul 07 23:06:44 +0000 2020	0	0	@NyetCoprav @masgl2020 @mariabe22360758 Si. Te digo que, en mi opinión, test/población no te indica si estás o no testeando asintomáticos/contactos.	https://twitter.com/SantiOlsze/status/1280639415304572928	[]
SantiOlsze	Tue Jul 07 14:39:15 +0000 2020	4	1	Excelente, como siempre, @ernestorr https://t.co/LBeNbKULU5	https://twitter.com/SantiOlsze/status/1280511704682684417	[]
SantiOlsze	Tue Jul 07 13:49:15 +0000 2020	1	0	@sole_reta @Mercedes_Vasta @Kicillofok Sole al rescate! Estaba por ir a buscar el número.	https://twitter.com/SantiOlsze/status/1280499121074421761	[]
SantiOlsze	Tue Jul 07 11:38:10 +0000 2020	1	0	@termiceledoni @AraneoDiego @Kicillofok Explicar esto. https://t.co/ouwFhr6lSa	https://twitter.com/SantiOlsze/status/1280466132777009154	[]
SantiOlsze	Tue Jul 07 10:41:55 +0000 2020	1	0	@NyetCoprav @masgl2020 @mariabe22360758 400 tests en un lugar con 1 caso te permite testear a muchos asintomáticos. 4000 en un lugar con 10000 casos, a ninguno.	https://twitter.com/SantiOlsze/status/1280451977948921858	[]
SantiOlsze	Tue Jul 07 01:02:21 +0000 2020	66	3	"Hay gente que desafía la frase ""no le deseo el mal a nadie"", eh. https://t.co/BxyaRbRYqH"	https://twitter.com/SantiOlsze/status/1280306125250977795	[]
SantiOlsze	Tue Jul 07 00:09:36 +0000 2020	3	1	@carlosdebolson @Kicillofok Hay muchos. Acá uno de @endCOVID19 con @zacariasbustos de representante en el país.  https://t.co/PCu5ofKB9Q	https://twitter.com/SantiOlsze/status/1280292849569992704	[]
SantiOlsze	Mon Jul 06 23:51:17 +0000 2020	0	0	@luigisinbigotes @Kicillofok El acumulado lo publiqué ayer.	https://twitter.com/SantiOlsze/status/1280288237261656066	[]
SantiOlsze	Mon Jul 06 23:44:51 +0000 2020	62	27	"No miente @Kicillofok. 

Teniendo en cuenta a las poblaciones, la Ciudad tiene más casos acumulados y más casos nuevos por día que la Provincia. 

Preocupa el ritmo de crecimiento de la Provincia y la situación de mayor vulnerabilidad social y sanitaria de su población. https://t.co/MywQWSxdg8"	https://twitter.com/SantiOlsze/status/1280286619757613056	[]
SantiOlsze	Mon Jul 06 23:27:03 +0000 2020	1	0	"@jeremiasincicco Hola! No lo hice. Si tengo tiempo, lo hago esta semana. 
Leo casos de acá https://t.co/WOXWGns7QR 
y movilidad de Google"	https://twitter.com/SantiOlsze/status/1280282139951579136	[]
SantiOlsze	Mon Jul 06 22:26:14 +0000 2020	1	0	@mmbarrionuevo Gracias! Es claramente por ahí	https://twitter.com/SantiOlsze/status/1280266835452141570	[]
SantiOlsze	Mon Jul 06 22:23:42 +0000 2020	1	0	@Guev4r4Le4 Ojo. Están infinitamente mejor que AMBA. Yo, incluso hoy, preferiría ser Israel con su curva, su capacidad de testeo, su sistema de rastreo...	https://twitter.com/SantiOlsze/status/1280266197607624704	[]
SantiOlsze	Mon Jul 06 22:22:33 +0000 2020	1	0	@ulisesnemo No exploré.	https://twitter.com/SantiOlsze/status/1280265906736816128	[]
SantiOlsze	Mon Jul 06 22:22:16 +0000 2020	2	1	@diegoe91 Me cuesta muchísimo. Mi lado positivo piensa alto acatamiento de higiene y distancia + fuerte aislamiento de mayores. El lado negativo, the ticking bomb.	https://twitter.com/SantiOlsze/status/1280265836511531008	[]
SantiOlsze	Mon Jul 06 21:13:48 +0000 2020	160	109	"🇮🇱ISRAEL🇮🇱

Con récord de casos en este brote, Israel procede al cierre inmediato de bares, clubes nocturnos, gimnasios, salones de eventos y eventos culturales, entre otras actividades. https://t.co/M8WCgYxXDp"	https://twitter.com/SantiOlsze/status/1280248608001064964	[]
SantiOlsze	Mon Jul 06 19:39:43 +0000 2020	9	4	Se descubre la vacuna contra el coronavirus. Es efectiva y ya estás vacunado. Volvés a compartir mate?	https://twitter.com/SantiOlsze/status/1280224928961363973	[]
SantiOlsze	Mon Jul 06 19:37:06 +0000 2020	9	1	@cafferatajm Yo desde que @ernestorr dijo que le iba a dedicar en algún momento unos tweets al trabajo de Pi774 duermo con un ojo cerrado y otro en Twitter.	https://twitter.com/SantiOlsze/status/1280224271986569217	[]
SantiOlsze	Mon Jul 06 18:40:21 +0000 2020	0	0	@masgl2020 @mariabe22360758 Es pobre porque no refleja el momento de la pandemia. 400 tests con 1 caso es un montón, 4000 tests con 10000 casos no es nada.	https://twitter.com/SantiOlsze/status/1280209989311873024	[]
SantiOlsze	Mon Jul 06 18:19:26 +0000 2020	0	0	@masgl2020 @mariabe22360758 Está medido pero es un indicador muy pobre de cómo se está testeando.	https://twitter.com/SantiOlsze/status/1280204726697709568	[]
SantiOlsze	Mon Jul 06 16:32:03 +0000 2020	0	0	@gpisacco Porque la intención no es esa comparación sino entre paises O entre distritos.	https://twitter.com/SantiOlsze/status/1280177702541185024	[]
SantiOlsze	Mon Jul 06 02:17:12 +0000 2020	0	0	"@SilvinaFernnd17 @abuelanarco @norabar Mucho sesgo.  Acá el gráfico completo. 

https://t.co/zjpL356wfV"	https://twitter.com/SantiOlsze/status/1279962572486295552	[]
SantiOlsze	Mon Jul 06 02:16:31 +0000 2020	62	16	No subestimemos las vidas que nos ahorramos por tomar medidas estrictas con celeridad. https://t.co/3hAFRZmWB7	https://twitter.com/SantiOlsze/status/1279962398477242368	[]
SantiOlsze	Mon Jul 06 00:45:13 +0000 2020	3	0	@sambayon02 @norabar Como la mayoría de los casos de Provincia están en el Conurbano, dividir por la población de provincia puede llevar a subestimar la incidencia. Por eso muestro ambas.	https://twitter.com/SantiOlsze/status/1279939425238241280	[]
SantiOlsze	Mon Jul 06 00:44:19 +0000 2020	1	0	@sambayon02 @norabar No es separado. Muestro ambos.	https://twitter.com/SantiOlsze/status/1279939199031021569	[]
SantiOlsze	Sun Jul 05 23:10:00 +0000 2020	9	8	"Esto se ve incluso mirando solo los casos nuevos en la última semana. @mmbarrionuevo lo muestra perfecto acá 

https://t.co/QFCrmvHBtE"	https://twitter.com/SantiOlsze/status/1279915461455593472	[]
SantiOlsze	Sun Jul 05 20:48:46 +0000 2020	0	0	@AnaCoro44 Qué hay de raro?	https://twitter.com/SantiOlsze/status/1279879920890642433	[]
SantiOlsze	Sun Jul 05 20:28:11 +0000 2020	26	9	En Argentina🇦🇷, los casos se distribuyen de forma muy pareja entre géneros. Los fallecidos, en cambio, no tanto.  El 58% de los fallecimientos son hombres. Además, por la forma de las curvas, parece darse a edades más tempranas. https://t.co/OecjbfoagV	https://twitter.com/SantiOlsze/status/1279874738781896715	[]
SantiOlsze	Sun Jul 05 15:42:47 +0000 2020	25	5	Esto no está ni cerca de terminar https://t.co/j9J6DjpuKe	https://twitter.com/SantiOlsze/status/1279802915671203841	[]
SantiOlsze	Sun Jul 05 14:17:01 +0000 2020	0	0	@sistole14 No. Hay que ignorar esa fecha de actualización. Se actualiza diariamente a las 20hs aprox.	https://twitter.com/SantiOlsze/status/1279781334135832577	[]
SantiOlsze	Sun Jul 05 13:55:53 +0000 2020	0	0	@sistole14 https://t.co/2gq1zopXip	https://twitter.com/SantiOlsze/status/1279776015150170123	[]
SantiOlsze	Sun Jul 05 13:53:29 +0000 2020	54	27	Fallecidos por millón de habitantes en Latinoamérica 🌎y AMBA🇦🇷 https://t.co/cas5iAxk5X https://t.co/L4v7bRApSI	https://twitter.com/SantiOlsze/status/1279775410872557568	[]
SantiOlsze	Sun Jul 05 13:00:50 +0000 2020	2	0	@JumaLazzati Tiene la misma pinta. En un rato (te) lo comparto.	https://twitter.com/SantiOlsze/status/1279762161120796673	[]
SantiOlsze	Sun Jul 05 01:56:58 +0000 2020	1	0	@Fedwr Estaba mal. Ahí corregí. Gracias!	https://twitter.com/SantiOlsze/status/1279595091921981440	[]
SantiOlsze	Sun Jul 05 01:56:34 +0000 2020	304	159	"Comparto los casos por millón de habitantes acumulados a la fecha en Latinoamérica 🌎 y en AMBA 🇦🇷.

Pocas veces recordamos que CABA tiene casi 3 veces menos población que el Conurbano Bonaerense y 5 veces menos que la Provincia de Buenos Aires. https://t.co/P4OiisBDVq"	https://twitter.com/SantiOlsze/status/1279594991480963072	[]
SantiOlsze	Sun Jul 05 01:41:22 +0000 2020	1	0	@JulianLaski Totalmente. Ahí lo publiqué.	https://twitter.com/SantiOlsze/status/1279591166363734016	[]
SantiOlsze	Sun Jul 05 00:46:33 +0000 2020	226	15	El porteño es muy de mirar los casos de los diferentes paises normalizados por la población y después comparar el valor absoluto de casos de CABA con el valor absoluto de casos de la Provincia de Buenos Aires, no?	https://twitter.com/SantiOlsze/status/1279577371302125568	[]
SantiOlsze	Sat Jul 04 15:07:59 +0000 2020	0	0	@missbarbijo La inmunización de rebaño es, como fenómeno epidemiológico, hermosa. Como estrategia de control del coronavirus, es desastrosa. Implicaría cientas de miles de muertes más.	https://twitter.com/SantiOlsze/status/1279431771092742144	[]
SantiOlsze	Fri Jul 03 23:14:48 +0000 2020	8	1	"Evidentenmente estamos teniendo problemas con el diagnóstico. 

Acá @giovannalgallo resume reflexiones esenciales para saber dónde estamos parados y cómo podríamos mejorar en este sentido. 

https://t.co/ymBXENuBVO"	https://twitter.com/SantiOlsze/status/1279191895210627072	[]
SantiOlsze	Fri Jul 03 23:07:14 +0000 2020	16	4	El diagnóstico, y fundamentalmente el aislamiento, deben darse de forma precoz para evitar la diseminación. No es necesario, tampoco, esperar al diagnóstico. Tenemos que aislarnos desde que empiezan los síntomas. https://t.co/84zGJFb5PG	https://twitter.com/SantiOlsze/status/1279189991793602561	[]
SantiOlsze	Fri Jul 03 23:07:14 +0000 2020	6	1	La situación empeoró. Considerando a todos los pacientes que requirieron ingresar a UTI a la fecha, casi el 60% tuvo el diagnóstico después de su ingreso. https://t.co/9mRjHnTkZm	https://twitter.com/SantiOlsze/status/1279189990178775042	[]
SantiOlsze	Fri Jul 03 23:07:14 +0000 2020	46	15	"🇦🇷DIAGNÓSTICO🇦🇷

Más de 80 de los últimos 100 pacientes que requirieron internación en terapia intensiva (UTI) tuvieron el diagnóstico recién después del ingreso. https://t.co/NoxxnSirap"	https://twitter.com/SantiOlsze/status/1279189988635217923	[]
SantiOlsze	Fri Jul 03 17:47:44 +0000 2020	0	0	@whysocommunist @sandra_sposito @pbandurek @tflarre Por supuesto que preocupa la positividad. Pero no todo indicador es igual. No elijas primero la conclusión y después el indicador que se ajuste a ella.	https://twitter.com/SantiOlsze/status/1279109586205753354	[]
SantiOlsze	Fri Jul 03 17:30:54 +0000 2020	0	0	@whysocommunist @sandra_sposito @pbandurek @tflarre No. Para mí no es un buen indicador. Contemplando los casos, el indicador es otro: la positividad. Ese sí es un buen indicador.	https://twitter.com/SantiOlsze/status/1279105348801040386	[]
SantiOlsze	Fri Jul 03 17:24:18 +0000 2020	0	0	@whysocommunist @sandra_sposito @pbandurek @tflarre Los datos son oficiales. Está bien. No creo que la indicador cantidad de tests / cantidad de habitantes sea un parámetro útil para comparar.  100 tests en un país sin casos puede ser un montón. Y 10.000 en Chile, nada.	https://twitter.com/SantiOlsze/status/1279103687630209025	[]
SantiOlsze	Fri Jul 03 14:55:58 +0000 2020	10	2	Mientras parte del mundo transita los primeros brotes y otras ya con rebrotes, nos parece esencial considerar que el timing en la aplicación de medidas estrictas es una pieza fundamental para su futuro éxito. https://t.co/M8NVBkIswN	https://twitter.com/SantiOlsze/status/1279066360631394306	[]
SantiOlsze	Fri Jul 03 14:55:58 +0000 2020	7	2	Queremos destacar que la variable temporal es fundamental. Dentro de los países que tomaron medidas fuertes (el 50% con mayor estrictez), aquellos que las tomaron de forma temprana sufrieron menos muertes por millón que los que lo hicieron de forma tardía. https://t.co/qo3Sn5sN1g	https://twitter.com/SantiOlsze/status/1279066358874021890	[]
SantiOlsze	Fri Jul 03 14:55:58 +0000 2020	6	2	El mismo perfil se observa al analizar por separado a Europa y el resto de América. https://t.co/W9Ivsac3Am	https://twitter.com/SantiOlsze/status/1279066357246701569	[]
SantiOlsze	Fri Jul 03 14:55:57 +0000 2020	13	5	En Sudamérica, respuestas rápidas (🇦🇷, 🇨🇴) se asocian con relativamente pocas muertes por millón de habitantes mientras que las más tardías (🇧🇷,🇪🇨, 🇨🇱) tienden a tener muchas más.  Los países en negrita son aquellos cuya respuesta máxima fue de la mitad más estricta en el mundo. https://t.co/KSoH2h2rGz	https://twitter.com/SantiOlsze/status/1279066355606618112	[]
SantiOlsze	Fri Jul 03 14:55:57 +0000 2020	7	2	Muy interesantemente, este fenómeno se repite en todos los continentes. Los países con respuesta temprana tienen menos muertes que los que tienen respuesta tardía. https://t.co/sHkwSZN1VU	https://twitter.com/SantiOlsze/status/1279066353828274179	[]
SantiOlsze	Fri Jul 03 14:55:56 +0000 2020	6	2	A los datos: si consideramos respuesta temprana a aquellos países que alcanzaron el máximo de estrictez antes de los dos meses del primer caso, vemos que tienen significativamente menos muertes al día de la fecha que los que lo hicieron después de los dos meses. https://t.co/2S7NuYPjvy	https://twitter.com/SantiOlsze/status/1279066352242884608	[]
SantiOlsze	Fri Jul 03 14:55:56 +0000 2020	5	1	La comparación entre países de la estrictez es algo muy complicado, dada la inmensa heterogeneidad existente. Sin embargo, al enfocarnos en la dimensión temporal, el foco está en las variaciones intra-países. Es decir, en cómo fueron variando sus propias medidas con el tiempo.	https://twitter.com/SantiOlsze/status/1279066350888071169	[]
SantiOlsze	Fri Jul 03 14:55:56 +0000 2020	5	1	Para cuantificar la rigurosidad de las medidas implementadas (estrictez), recurrimos a la base de la Escuela de Gobierno de Oxford. La misma pondera las principales medidas de contención aplicadas. Algunos ejemplos están en la tabla. Para más información: https://t.co/eYtUe6I7az https://t.co/BQYFUfLPMc	https://twitter.com/SantiOlsze/status/1279066349160054784	[]
SantiOlsze	Fri Jul 03 14:55:55 +0000 2020	7	2	En primer lugar generamos un indicador de “Tiempo de respuesta”. El mismo representa la diferencia en días entre el primer caso reportado y el día en que se tomaron las medidas más estrictas de cada país. Para el análisis, lo comparamos con las muertes por millón de habitantes. https://t.co/t24A8yPMuU	https://twitter.com/SantiOlsze/status/1279066347574571020	[]
SantiOlsze	Fri Jul 03 14:55:55 +0000 2020	119	52	"🌎 LA IMPORTANCIA DEL TIMING 🌎

Los países que tienen más muertes por coronavirus son los que más tarde respondieron. 

En este hilo les cuento los resultados de un análisis sobre 154 países que realizamos con @tflarre en su segunda versión actualizada y corregida. https://t.co/GVmJxC8fVs"	https://twitter.com/SantiOlsze/status/1279066345896902656	[]
SantiOlsze	Thu Jul 02 17:15:21 +0000 2020	0	0	@rskiadaressis @DonFr10 @norabar @pabloduggan Hola. Gracias. Me parece que es un punto crítico de aglomeración de personas, que en definitiva creo que es lo que tratamos de estimar indirectamente a través de la movilidad.	https://twitter.com/SantiOlsze/status/1278739048333484033	[]
SantiOlsze	Thu Jul 02 12:36:31 +0000 2020	0	0	@alemvitelli @DonFr10 @norabar @pabloduggan Quién comparó?	https://twitter.com/SantiOlsze/status/1278668878579630081	[]
SantiOlsze	Thu Jul 02 12:31:30 +0000 2020	1	0	@PabloAStefanoni @norabar @pabloduggan Si, era un número cercano al 50%. Escalofriante.	https://twitter.com/SantiOlsze/status/1278667615603392512	[]
SantiOlsze	Wed Jul 01 20:55:30 +0000 2020	4	0	@carlosdebolson @DonFr10 @norabar @pabloduggan Gracias! Quería dejar adosado al hilo que dejar de lado a Dinamarca no invalida todo lo dicho. De hecho, lo refuerza.	https://twitter.com/SantiOlsze/status/1278432064661008388	[]
SantiOlsze	Wed Jul 01 17:38:21 +0000 2020	1	0	@mrtndiz @Luu_Abraham @DonFr10 @norabar @pabloduggan Eso es porque abrieron universidades en todos lados aunque los pobres no lleguen	https://twitter.com/SantiOlsze/status/1278382446560632833	[]
SantiOlsze	Wed Jul 01 15:51:22 +0000 2020	61	1	"@DonFr10 @norabar @pabloduggan La movilidad en Dianamarca fue la menor de todas. La respuesta de gobierno, la más precoz y estricta. No veo el ""light"" en la respuesta de Dinamarca. https://t.co/PPTgqcJ7k3"	https://twitter.com/SantiOlsze/status/1278355523440705537	[]
SantiOlsze	Wed Jul 01 15:28:25 +0000 2020	48	13	"Poco cambió en la situación de Suecia en el último mes, pero nos deja una moraleja. Hay que tomar medidas lo más estrictas posibles y lo antes posible. Eso permite lograr aplastar la curva (suprimirla) y así recuperar la movilidad antes.  

https://t.co/YQPjlHnfXv"	https://twitter.com/SantiOlsze/status/1278349748605509632	[]
SantiOlsze	Wed Jul 01 15:28:24 +0000 2020	32	8	Otro aspecto que preocupa: la letalidad es mucho más alta en Suecia🇸🇪. Y no es por la edad. La edad promedio es similar en los tres países. https://t.co/d4MFGJITyb	https://twitter.com/SantiOlsze/status/1278349746848088066	[]
SantiOlsze	Wed Jul 01 15:28:24 +0000 2020	42	11	Las diferencias entre controlar más o menos la pandemia se cuentan en vidas. Suecia🇸🇪 tiene 10 veces más muertos por millón de habitantes que sus vecinos 🇳🇴🇫🇮 y 20 veces más muertes totales. https://t.co/mBO611uTQV	https://twitter.com/SantiOlsze/status/1278349745128341504	[]
SantiOlsze	Wed Jul 01 15:28:24 +0000 2020	29	5	Esta pobre respuesta del gobierno sueco🇸🇪 implicó que hoy tengan más de 6000 casos por millón de habitantes y sus vecinos🇳🇴🇫🇮, cuatro veces menos. https://t.co/p2hGVcGm1j	https://twitter.com/SantiOlsze/status/1278349743442321409	[]
SantiOlsze	Wed Jul 01 15:28:23 +0000 2020	31	4	La movilidad en Suecia🇸🇪, en consecuencia, fue bastante más alta que la de sus vecinos durante los primeros meses. En este período se separan las curvas de casos de los diferentes países.  En 🇫🇮  y 🇳🇴, la movilidad pudo empezar a subir una vez que los casos estaban contenidos. https://t.co/UFNiPCHalc	https://twitter.com/SantiOlsze/status/1278349741538107392	[]
SantiOlsze	Wed Jul 01 15:28:23 +0000 2020	32	3	Además de la estrictez de las políticas que mostré en el gráfico anterior, la misma institución cuantifica la respuesta gubernamental en general involucrando medidas de confinamiento, económicas, de apoyo al sistema sanitario y otras. La respuesta sueca🇸🇪 fue la más pobre. https://t.co/g2VRgl0Iww	https://twitter.com/SantiOlsze/status/1278349739768123392	[]
SantiOlsze	Wed Jul 01 15:28:22 +0000 2020	39	4	La respuesta inicial del gobierno sueco🇸🇪, según la Escuela de Gobierno de Oxford, fue  de las menos estrictas del mundo.  Atención al “inicial”. El éxito en el control de la pandemia de sus vecinos les permitió empezar a aflojar, mientras Suecia no pudo. https://t.co/vVtDlJcfom	https://twitter.com/SantiOlsze/status/1278349737918414848	[]
SantiOlsze	Wed Jul 01 15:28:22 +0000 2020	37	4	Los tres países reportaron los primeros contagios a fines de febrero. Suecia🇸🇪 y Finlandia🇫🇮 reportaron un caso cada uno en enero, pero pasó un mes hasta el segundo. Tras ello, empezó a ascender la curva en los tres. Sin embargo, la curva no creció de la misma manera. https://t.co/SStmTGlkUa	https://twitter.com/SantiOlsze/status/1278349735737217024	[]
SantiOlsze	Wed Jul 01 15:28:21 +0000 2020	51	6	Los países nórdicos son un excelente ejemplo para comparar la respuesta a la pandemia. Así como tendemos a comparar a 🇦🇷 con 🇨🇱 o 🇧🇷, es sensato comparar a Suecia (🇸🇪) con sus vecinos: Finlandia(🇫🇮) y Noruega(🇳🇴). Los tres están en el Top15 de PBI per cápita más alto del mundo. https://t.co/5vFFP1C1Vh	https://twitter.com/SantiOlsze/status/1278349733812150272	[]
SantiOlsze	Wed Jul 01 15:28:21 +0000 2020	435	174	"🇸🇪SUECIA🇸🇪
Las políticas de contención suaves NO controlan los casos. 

Una actualización de la situación de los países nórdicos para ver por qué tenemos mucho que aprender de lo que (no) hizo Suecia. https://t.co/Yzaf3JbUoK"	https://twitter.com/SantiOlsze/status/1278349732000288769	[]
SantiOlsze	Wed Jul 01 14:42:43 +0000 2020	0	0	@mabypontiac Mmm, es un tuit.	https://twitter.com/SantiOlsze/status/1278338250139107329	[]
SantiOlsze	Tue Jun 30 22:59:31 +0000 2020	2	1	@rquiroga777 Con estas experiencias en el mundo, qué insólito abrir sabiendo que si pican los casos no vas a poder escalar al mismo ritmo el testeo. En Israel al menos siguen con positividad cerca del 5%	https://twitter.com/SantiOlsze/status/1278100885537796098	[]
SantiOlsze	Tue Jun 30 22:48:33 +0000 2020	8	0	@rquiroga777 Llegaste a ver esto, Rodri? https://t.co/sF3p9dcF2a	https://twitter.com/SantiOlsze/status/1278098126272937986	[]
SantiOlsze	Tue Jun 30 13:41:14 +0000 2020	1	0	@juliandari89 Jaja, me quedé corto 🤯	https://twitter.com/SantiOlsze/status/1277960389561446401	[]
SantiOlsze	Tue Jun 30 11:38:21 +0000 2020	180	31	"Cobras el sueldo y gastas la mitad en la primera semana. ¿Estás bien porque te queda la mitad del sueldo? No, porque a este ritmo no te alcanza para llegar a fin de mes. 

Esa es la situación de las camas de terapia intensiva en Argentina."	https://twitter.com/SantiOlsze/status/1277929465415434240	[]
SantiOlsze	Tue Jun 30 01:49:40 +0000 2020	2	1	Acá con los casos en escala logarítmica. Si parece una recta, es porque el crecimiento es exponencial. https://t.co/tG6ZHUm44r	https://twitter.com/SantiOlsze/status/1277781314759004160	[]
SantiOlsze	Tue Jun 30 01:49:39 +0000 2020	13	2	"🇦🇷AMBA🇦🇷

Movilidad  y casos📈. https://t.co/vkowh13Bg5"	https://twitter.com/SantiOlsze/status/1277781313177767937	[]
SantiOlsze	Tue Jun 30 00:17:48 +0000 2020	11	3	Tuve la suerte de poder participar de este encuentro y @rquiroga777 lo resume genial acá https://t.co/KzpfpdKxZz	https://twitter.com/SantiOlsze/status/1277758198066413568	[]
SantiOlsze	Mon Jun 29 21:18:00 +0000 2020	9	2	"Hoy a las 20 horas voy a estar charlando con la gente del centro de estudiantes de mi alma mater en Instagram

👇👇👇
https://t.co/gcr5ZYrQP0
👆👆👆 https://t.co/2gaF18nzC0"	https://twitter.com/SantiOlsze/status/1277712947960135680	[]
SantiOlsze	Mon Jun 29 20:00:00 +0000 2020	44	10	"En CABA, el 40% de los testeos tienen financiamiento privado.  El porcentaje de positividad de estos tests es un poco menor que los de financiamiento público.  Aunque la brecha se achicó.  

En PBA no se ve esa diferencia y solo el 20% de los tests tiene financiamiento privado. https://t.co/yiL5z1KcEz"	https://twitter.com/SantiOlsze/status/1277693321037692928	[]
SantiOlsze	Mon Jun 29 15:33:52 +0000 2020	1	1	@Zoopolit No! Es un gráfico apilado. El eje y es la suma de todos los países. El aporte de cada país es la altura de cada barra	https://twitter.com/SantiOlsze/status/1277626344705327105	[]
SantiOlsze	Mon Jun 29 13:00:01 +0000 2020	61	14	"🌎AMÉRICA DEL SUR🌎

- Evolución de casos totales / millón de habitantes
- Muertes totales / millón de habitantes https://t.co/AkULobowtU"	https://twitter.com/SantiOlsze/status/1277587627110064130	[]
SantiOlsze	Mon Jun 29 01:15:38 +0000 2020	0	0	@avedurazno Hola! Te comparto esto que publiqué hoy más temprano https://t.co/sF3p9dcF2a	https://twitter.com/SantiOlsze/status/1277410364213395457	[]
SantiOlsze	Sun Jun 28 22:05:06 +0000 2020	20	5	"Tengo un poema escrito más de mil veces,
en él repito siempre que mientras alguien
proponga muerte sobre esta tierra
y se fabriquen armas para la guerra,
yo pisaré estos campos, sobreviviendo. https://t.co/tTmLGUIjHd"	https://twitter.com/SantiOlsze/status/1277362415206834177	[]
SantiOlsze	Sun Jun 28 21:50:37 +0000 2020	8	1	"@EdgardoTempore1 Empieza con Cor...
https://t.co/kahuv6oaVp"	https://twitter.com/SantiOlsze/status/1277358770998386689	[]
SantiOlsze	Sun Jun 28 17:22:04 +0000 2020	7	1	@whysocommunist Totalmente. Tranquiliza el % de positividas. Pero con esa forma no diría que hay nada controlado. Sí que se está testeando acorde al rebrote, fundamental para controlarlo	https://twitter.com/SantiOlsze/status/1277291185946664960	[]
SantiOlsze	Sun Jun 28 16:20:59 +0000 2020	3	2	"@Herezeq Te dejo un hilo en el que explico la situación de Israel. Sí, rebrotes incluidos. 
https://t.co/sF3p9dcF2a"	https://twitter.com/SantiOlsze/status/1277275815609282560	[]
SantiOlsze	Sun Jun 28 14:33:45 +0000 2020	28	3	@Matias_Nahuel En AMBA nunca estuvo controlada. Para mí controlada requiere de bastante tiempo con R &lt; 1	https://twitter.com/SantiOlsze/status/1277248830019436545	[]
SantiOlsze	Sun Jun 28 13:45:59 +0000 2020	73	22	Israel 🇮🇱 fue ejemplo de acción rápida que permitió controlar la curva de contagios. Sin embargo, el retorno de las actividades resultó en un aumento de la circulación viral. Como en todos lados.	https://twitter.com/SantiOlsze/status/1277236808414375936	[]
SantiOlsze	Sun Jun 28 13:45:59 +0000 2020	20	7	"La escalada de casos continúa. Ayer, con más de 600 casos, fue el valor más alto reportado en los últimos dos meses. Tras una reunión de gabinete de emergencia, se esperan nuevas de restricción en los próximos días en 🇮🇱.
https://t.co/0X2M5dhU86"	https://twitter.com/SantiOlsze/status/1277236806921093122	[]
SantiOlsze	Sun Jun 28 13:45:58 +0000 2020	18	6	Sin embargo, y tras detectar rebrotes, a principios de Junio cerraron más de 100 escuelas con casos de coronavirus y casi 7000 estudiantes tuvieron que aislarse.  https://t.co/cF8CeKTmuA	https://twitter.com/SantiOlsze/status/1277236805205663746	[]
SantiOlsze	Sun Jun 28 13:45:58 +0000 2020	15	5	"Esto motivó una serie de medidas de reapertura durante el mes de mayo. Primero algunas actividades comerciales, luego shoppings y ferias. Posteriormente retornaron las clases, los museos y la actividad religiosa.
La movilidad se normalizó. 
  https://t.co/MHV6LOGoZb"	https://twitter.com/SantiOlsze/status/1277236803729272836	[]
SantiOlsze	Sun Jun 28 13:45:58 +0000 2020	21	6	Con la movilidad muy reducida, Israel tuvo un pico de casos a las dos semanas de decretada la cuarentena estricta. Luego, la movilidad se mantuvo al mínimo y los casos comenzaron a bajar. https://t.co/mkDqdpJEAl	https://twitter.com/SantiOlsze/status/1277236801892220928	[]
SantiOlsze	Sun Jun 28 13:45:57 +0000 2020	17	5	El Ministerio de Salud enviaba un mensaje a las personas que habían estado cerca del caso confirmado y los instaba a aislarse por 14 días. Fue una medida muy resistida por grupos defensores de DDHH. Incluso la Corte lo terminó prohibiendo hasta que haya legislación al respecto. https://t.co/XJxfcyMhjn	https://twitter.com/SantiOlsze/status/1277236799992102918	[]
SantiOlsze	Sun Jun 28 13:45:57 +0000 2020	14	4	El 9/03 el primer ministro Netanyahu declaró la cuarentena obligatoria para toda persona que ingrese a Israel.  El 17/03 entró en vigencia un sistema de rastreo de contactos de casos confirmados a través de los registros de celulares. https://t.co/iz3X0jNW1F	https://twitter.com/SantiOlsze/status/1277236798004113409	[]
SantiOlsze	Sun Jun 28 13:45:56 +0000 2020	13	5	Para esa época, 🇮🇱 ya había suspendido los viajes desde y hacia China. También suspendió arribos desde Singapur, Tailandia y Hong Kong. El 22 de febrero, se impidió el desembarco a pasajeros no-israelíes de un avión que venía de Corea del Sur. https://t.co/2NwzpqZVB5	https://twitter.com/SantiOlsze/status/1277236796070518784	[]
SantiOlsze	Sun Jun 28 13:45:56 +0000 2020	23	7	Los primeros dos casos en 🇮🇱 se registraron el 21 y el 23 de febrero en pacientes que habían estado en el ya famoso crucero Diamond Princess. Luego, el 27 de febrero, fue positivo un viajero que volvió de Italia. https://t.co/6gikZsLLH6	https://twitter.com/SantiOlsze/status/1277236794384355329	[]
SantiOlsze	Sun Jun 28 13:45:55 +0000 2020	459	209	"🇮🇱ISRAEL🇮🇱
La apertura tiene sus consecuencias

Israel registró esta semana más casos que en todo el mes de mayo. La curva de nuevos casos, que estaba controlada hace un mes, ya no lo está. https://t.co/5yRvdXVlOg"	https://twitter.com/SantiOlsze/status/1277236792471814151	[]
SantiOlsze	Sun Jun 28 01:43:23 +0000 2020	0	0	@doguizabazaba Blanco como los países para los que no tengo información	https://twitter.com/SantiOlsze/status/1277054958777643009	[]
SantiOlsze	Sun Jun 28 01:41:28 +0000 2020	0	0	@doguizabazaba https://t.co/9WZ9ZJFq7h	https://twitter.com/SantiOlsze/status/1277054477019820032	[]
SantiOlsze	Sun Jun 28 00:57:24 +0000 2020	1	0	@jeremiasincicco @Poklepovich @rquiroga777 @Rodri_LP @NetNezva @ernestorr Hola Jere, muy interesante. Yo había visto la misma tendencia y concluí que la carga se demoraba mucho, y no tanto el diagnóstico en sí. Te paso para AMBA: https://t.co/0GO1zAafM9	https://twitter.com/SantiOlsze/status/1277043388072767488	[]
SantiOlsze	Sun Jun 28 00:13:02 +0000 2020	4	0	@CaroTorr @k_alle_va @fisicaffyb jajaja, el año que viene es anual 😜.	https://twitter.com/SantiOlsze/status/1277032221132632072	[]
SantiOlsze	Sat Jun 27 21:59:05 +0000 2020	55	13	Lectura obligada https://t.co/2bv9yH65zX	https://twitter.com/SantiOlsze/status/1276998513805668352	[]
SantiOlsze	Sat Jun 27 18:28:57 +0000 2020	0	0	@cincodefensores A seguir construyendo 💪 (codazo)	https://twitter.com/SantiOlsze/status/1276945631806984193	[]
SantiOlsze	Sat Jun 27 18:21:35 +0000 2020	2	0	"@k_alle_va @Andrea_Gentil Si! Uso repositorios públicos de transcriptomas. 

El título del proyecto es
""Estudio de cambios transcriptómicos de ARN no codificantes (ncRNAs) durante la progresión del cáncer de próstata."""	https://twitter.com/SantiOlsze/status/1276943774736941064	[]
SantiOlsze	Sat Jun 27 18:19:55 +0000 2020	2	0	@Andrea_Gentil @k_alle_va Gracias❤️	https://twitter.com/SantiOlsze/status/1276943358246690817	[]
SantiOlsze	Sat Jun 27 18:19:25 +0000 2020	1	0	@cincodefensores Coincido. Porque no va a haber la misma cantidad de casos en todos los países. O sea, además de no colapsar el sistema de salud, nos 'ahorramos casos'. Pero incluso si no nos ahorramos casos, nos ahorramos muertes.	https://twitter.com/SantiOlsze/status/1276943231796891649	[]
SantiOlsze	Sat Jun 27 18:17:53 +0000 2020	4	0	@k_alle_va @fisicaffyb Ja! Claro que sí. La mejor visión pedagógica de toda la facu 👏👏	https://twitter.com/SantiOlsze/status/1276942845031649280	[]
SantiOlsze	Sat Jun 27 18:06:59 +0000 2020	4	0	@k_alle_va Si! UBA. Me quedan orientaciones (en curso), algunos finales de los clínicos y la práctica profesional externa.	https://twitter.com/SantiOlsze/status/1276940103320027137	[]
SantiOlsze	Sat Jun 27 16:58:00 +0000 2020	0	0	@cincodefensores El concepto 'aplanar la curva' hace referencia a una cantidad de casos igual entre dos situaciones hipotéticas para compararlas. Por eso se alarga.	https://twitter.com/SantiOlsze/status/1276922743993360384	[]
SantiOlsze	Sat Jun 27 12:44:14 +0000 2020	1	1	@juliandaich https://t.co/LiqSvGLpL0 De acá lo saqué.	https://twitter.com/SantiOlsze/status/1276858880270782465	[]
SantiOlsze	Sat Jun 27 12:16:54 +0000 2020	86	27	Al principio hablábamos de 'aplanar la curva' y después pasó de moda. Es un excelente concepto a retomar ahora. La curva aplanada es mucho más larga, pero salva muchas vidas. https://t.co/PXlOx9jhki	https://twitter.com/SantiOlsze/status/1276851999439544321	[]
SantiOlsze	Sat Jun 27 11:40:26 +0000 2020	1	0	@hgmrqz1973 Unos finales y una práctica en un hospital.	https://twitter.com/SantiOlsze/status/1276842823665541121	[]
SantiOlsze	Sat Jun 27 11:34:55 +0000 2020	3	0	@rccflorencia Me tenté yo	https://twitter.com/SantiOlsze/status/1276841434910425088	[]
SantiOlsze	Sat Jun 27 02:09:15 +0000 2020	1	0	@carolalettieri Mi sentido común dice que obviamente sí.	https://twitter.com/SantiOlsze/status/1276699080010448896	[]
SantiOlsze	Sat Jun 27 02:06:47 +0000 2020	11	0	@miguegranados @NicoOlsze Mirá lo que haces, @NicoOlsze. Ni lo conozco y ya me odia.	https://twitter.com/SantiOlsze/status/1276698458670403590	[]
SantiOlsze	Sat Jun 27 01:06:48 +0000 2020	1	0	@Laurabonofiglio Metieron el dedo en la llaga 😲	https://twitter.com/SantiOlsze/status/1276683364217561088	[]
SantiOlsze	Sat Jun 27 00:57:31 +0000 2020	0	0	@florenn 😍. Nadie tiene más ganas que yo 🥺.	https://twitter.com/SantiOlsze/status/1276681028673945601	[]
SantiOlsze	Sat Jun 27 00:41:06 +0000 2020	1	0	@norabar ❤️	https://twitter.com/SantiOlsze/status/1276676898781892608	[]
SantiOlsze	Sat Jun 27 00:14:45 +0000 2020	157	12	Aunque no bioquimico todavia, mi análisis. https://t.co/lxwevcHYpu	https://twitter.com/SantiOlsze/status/1276670268170219520	[]
SantiOlsze	Fri Jun 26 23:53:05 +0000 2020	0	0	@ChopoMD Ja, yo también. No nos cambia nada. El pequeño grupo de privilegiados y conscientes.	https://twitter.com/SantiOlsze/status/1276664813435990017	[]
SantiOlsze	Fri Jun 26 23:46:20 +0000 2020	116	38	Si no tenes que salir, no salgas. Es un excelente momento para reflexionar sobre las salidas que hicimos y limitarlas lo máximo posible ya. No hace falta esperar al miércoles.	https://twitter.com/SantiOlsze/status/1276663113471987712	[]
SantiOlsze	Fri Jun 26 13:06:05 +0000 2020	481	208	La mayoría de la gente que va a ocupar las camas de terapia las próximas dos semanas YA ESTÁ CONTAGIADA. Para que bajen los casos tenemos que reducir el contagio primero.  Cada día que pasa sin restringir la movilidad es un día más para la propagación del virus. https://t.co/UcK8vzGeYN	https://twitter.com/SantiOlsze/status/1276501990957289472	[]
SantiOlsze	Thu Jun 25 23:21:09 +0000 2020	2	0	@nicoteiz Absolutamente de acuerdo. No lo hice yo.	https://twitter.com/SantiOlsze/status/1276294390697332737	[]
SantiOlsze	Thu Jun 25 22:51:44 +0000 2020	4	0	@suenarototon @rubenvinoles Coincido	https://twitter.com/SantiOlsze/status/1276286986987413509	[]
SantiOlsze	Thu Jun 25 22:31:12 +0000 2020	117	47	"La cuarentena obligatoria del 20/3 tenía un claro objetivo: fortalecer el sistema de salud.  Y así fue. 

De no ser por el refuerzo, ya estarían saturadas las camas en el Gran Buenos Aires. https://t.co/XUN1lHSufK"	https://twitter.com/SantiOlsze/status/1276281820930281475	[]
SantiOlsze	Thu Jun 25 17:17:25 +0000 2020	3	0	@rubenvinoles Por ahora, sí. En 15 días, nadie sabe.	https://twitter.com/SantiOlsze/status/1276202854726938624	[]
SantiOlsze	Thu Jun 25 15:59:54 +0000 2020	3	1	@threadreaderapp unroll	https://twitter.com/SantiOlsze/status/1276183346092138497	[]
SantiOlsze	Thu Jun 25 15:43:11 +0000 2020	2	0	@tcalderon92 Gracias!	https://twitter.com/SantiOlsze/status/1276179139071021057	[]
SantiOlsze	Thu Jun 25 15:39:03 +0000 2020	0	0	@tcalderon92 Sabés cuántos en el Area Metropolitana? Para pensar dónde cae el nuevo punto en el gráfico.	https://twitter.com/SantiOlsze/status/1276178098459942912	[]
SantiOlsze	Thu Jun 25 13:33:47 +0000 2020	150	57	"🇨🇱CHILE🇨🇱

Al principio hubo cuarentenas 'light'. Con varios días en torno a los mil casos, endurecieron.  Para ese momento, muchísima gente estaba contagiada ya.  En consecuencia, los casos siguieron subiendo durante varios días antes de empezar a bajar. Y colapsaron las UTI. https://t.co/ZHL2CEGwyk"	https://twitter.com/SantiOlsze/status/1276146575539126282	[]
SantiOlsze	Thu Jun 25 01:00:46 +0000 2020	1	0	@antoleandro Probablemente la gente mayor en todo el mundo desarrolló más consciencia y extreme cuidados. Y que los retornos a la normalidad sean solo para jóvenes. Y suben los casos pero no tanto las muertes.	https://twitter.com/SantiOlsze/status/1275957072975233024	[]
SantiOlsze	Thu Jun 25 00:55:52 +0000 2020	1	0	"@antoleandro Viste esto? 

https://t.co/duGlraeNlq"	https://twitter.com/SantiOlsze/status/1275955838017064961	[]
SantiOlsze	Thu Jun 25 00:40:21 +0000 2020	0	0	@antoleandro Me llama la atención el R² = 1 de las muertes promedio 2014-2019.	https://twitter.com/SantiOlsze/status/1275951934877446145	[]
SantiOlsze	Thu Jun 25 00:34:13 +0000 2020	0	0	@antoleandro Muy bueno. Lo hiciste vos?	https://twitter.com/SantiOlsze/status/1275950390278840320	[]
SantiOlsze	Wed Jun 24 13:52:43 +0000 2020	1	0	@jeremiasincicco @rquiroga777 @RodrigoD_Castro Genial!!! Gracias.	https://twitter.com/SantiOlsze/status/1275788949676535808	[]
SantiOlsze	Wed Jun 24 02:56:57 +0000 2020	3	0	@rquiroga777 @RodrigoD_Castro Grosso. Dónde lo vemos?	https://twitter.com/SantiOlsze/status/1275623919777710080	[]
SantiOlsze	Wed Jun 24 02:28:23 +0000 2020	511	120	Si vamos a una etapa de aperturas y cierres para amesetar y dejar subir los casos alternadamente, la estrategia de comunicación va a ser fundamental. Cuando estemos guardados los casos van a subir y cuando salgamos se van a amesetar. Entender la inercia del fenómeno es esencial.	https://twitter.com/SantiOlsze/status/1275616733026492417	[]
SantiOlsze	Tue Jun 23 23:05:16 +0000 2020	21	6	Silvia Mercadinho está chocha. https://t.co/ZW5xEFweHe	https://twitter.com/SantiOlsze/status/1275565617618333704	[]
SantiOlsze	Tue Jun 23 20:51:19 +0000 2020	1	0	@BonnetAndrea A nivel provincial y de facto, parece haberse empezado a diluir desde que se decretó, similar a AMBA pero sin reducirse tanto inicialmente. Estaría buenísimo poder ver más fino a Resistencia, pero lamentablemente no tengo datos de movilidad de la ciudad.	https://twitter.com/SantiOlsze/status/1275531908068368385	[]
SantiOlsze	Tue Jun 23 20:39:28 +0000 2020	15	6	"🇦🇷CHACO 🇦🇷

A nivel provincial, parece en camino a recuperar la movilidad muy pronto. Los casos siguen controlarse. Una meseta en torno a 10 casos diarios, otra en torno a 20, y ahora cerca de 40. Por supuesto, al ser 'pocos' casos, la curva es más saltarina. https://t.co/7rmyDbavg7"	https://twitter.com/SantiOlsze/status/1275528924106305536	[]
SantiOlsze	Tue Jun 23 20:35:30 +0000 2020	9	3	Con los casos en escala logarítmica: si parece una recta, es porque el crecimiento es exponencial. https://t.co/jRSPCitHpS	https://twitter.com/SantiOlsze/status/1275527926470119425	[]
SantiOlsze	Tue Jun 23 20:35:30 +0000 2020	17	5	"🇦🇷 MOVILIDAD EN AMBA🇦🇷
Sigue subiendo. Los casos también. https://t.co/r00wv38nIY"	https://twitter.com/SantiOlsze/status/1275527924754644993	[]
SantiOlsze	Tue Jun 23 19:32:11 +0000 2020	1	0	@_ClariRomero Obviooooo	https://twitter.com/SantiOlsze/status/1275511991763861505	[]
SantiOlsze	Tue Jun 23 15:20:28 +0000 2020	0	0	@DannyPage Cc @emmaiarussi	https://twitter.com/SantiOlsze/status/1275448646142574595	[]
SantiOlsze	Tue Jun 23 12:49:09 +0000 2020	0	0	@CulebraRH Los testeos aumentaron (hace hace poco) semana a semana. Nunca el sistema de salud se va a poner al día con la situación si no controlamos los casos. Ni acá ni en Suecia. Pero decir que no se hizo nada es falso.	https://twitter.com/SantiOlsze/status/1275410564303523845	[]
SantiOlsze	Tue Jun 23 12:08:19 +0000 2020	0	0	@CulebraRH Y así se hizo. https://t.co/dtz89Vnsfw	https://twitter.com/SantiOlsze/status/1275400290146095106	[]
SantiOlsze	Mon Jun 22 23:29:06 +0000 2020	56	17	No se puede esperar más. La demora entre contagio y diagnóstico nos obliga a actuar con celeridad. Lo mejor que puede pasar es que post-pandemia nos tilden de exagerados.	https://twitter.com/SantiOlsze/status/1275209228077207552	[]
SantiOlsze	Mon Jun 22 23:29:06 +0000 2020	26	10	Acá se puede ver cómo fue para cada paciente grave en el país. Cada paciente es un conjunto de puntos azul-rojo-verde unidos por una línea gris. Más arriba, más reciente el caso. https://t.co/KT5KYeCKL5	https://twitter.com/SantiOlsze/status/1275209226156154882	[]
SantiOlsze	Mon Jun 22 23:29:05 +0000 2020	39	10	"En la mayoría de los casos, el diagnóstico llega DESPUÉS del ingreso a terapia intensiva. Lo mostró @rquiroga777 hoy: 

https://t.co/24uqnEsEXI"	https://twitter.com/SantiOlsze/status/1275209224319098882	[]
SantiOlsze	Mon Jun 22 23:29:05 +0000 2020	231	108	"No se puede ""esperar a ver qué pasa"". 

Los contagios de HOY determinan camas de terapia ocupadas recién EN NUEVE DÍAS.  En promedio, los pacientes empiezan con los síntomas cinco días después del contagio y entran a UCI cuatro días post-síntomas. El diagnóstico? Un día después. https://t.co/J4lB28sgFE"	https://twitter.com/SantiOlsze/status/1275209222557437952	[]
SantiOlsze	Mon Jun 22 19:28:46 +0000 2020	2	0	@mmbarrionuevo @MarceOzz Confirmaron 24 y descartaron 8?  O sea, 24/32.  75% 👀	https://twitter.com/SantiOlsze/status/1275148744271462402	[]
SantiOlsze	Mon Jun 22 14:15:44 +0000 2020	12	0	"@ernestorr Mis favoritas son las ""post-muertos"", sin lugar a dudas."	https://twitter.com/SantiOlsze/status/1275069965834448899	[]
SantiOlsze	Mon Jun 22 12:40:11 +0000 2020	1	0	@rquiroga777 @jr1929 @mmbarrionuevo Soy medianamente nuevo en el trolleo, no los reconozco todavía 😂. Absolutamente improductivo.	https://twitter.com/SantiOlsze/status/1275045922154692609	[]
SantiOlsze	Mon Jun 22 12:19:52 +0000 2020	0	0	@jr1929 @mmbarrionuevo @rquiroga777 Se ve que te llegan selectivamente solo algunos de sus tuits. Fijate sus perfiles de nuevo. @mmbarrionuevo publica todos los días el informe de GBA y no para elogiar eh...	https://twitter.com/SantiOlsze/status/1275040807867867141	[]
SantiOlsze	Sun Jun 21 15:15:01 +0000 2020	97	36	Lean esto y si no los asusta, léanlo de vuelta. https://t.co/01R2r5Mp8R	https://twitter.com/SantiOlsze/status/1274722496663752704	[]
SantiOlsze	Sun Jun 21 13:35:20 +0000 2020	1	0	@anabellamongi @norabar @rquiroga777 @pabloduggan @lulitru @mmbarrionuevo No creo que estemos muy lejos de eso.	https://twitter.com/SantiOlsze/status/1274697411471060994	[]
SantiOlsze	Sun Jun 21 12:44:44 +0000 2020	12	1	Esencial lectura. https://t.co/cc4rduCwxo	https://twitter.com/SantiOlsze/status/1274684676624580608	[]
SantiOlsze	Sun Jun 21 01:50:31 +0000 2020	3	0	@taecano @zacariasbustos @endCOVID19 @rquiroga777 @minutounocom Me parece más magia escalar en plan detectar con el ritmo de contagios como viene. Me encantaría y el rastreo de contactos es la solución. Pero encontrar contactos de 2000 casos (y creciendo) es inviable.	https://twitter.com/SantiOlsze/status/1274520039044141057	[]
SantiOlsze	Sun Jun 21 01:46:00 +0000 2020	2	0	"@taecano @zacariasbustos @endCOVID19 @rquiroga777 @minutounocom No te puse ninguna premisa. No sé lo que pensas. Tampoco hay un ""ustedes"". No sé si @zacariasbustos comparte mi opinión. Salvo que diga lo contrario, es solo mía."	https://twitter.com/SantiOlsze/status/1274518903763406855	[]
SantiOlsze	Sun Jun 21 01:44:57 +0000 2020	6	1	@pabloduggan @paulinadeallend La semana que viene habrá un tercer ajuste en los números de muertes chilenas? Y seguirán insistiendo en que su éxito está en la baja letalidad?	https://twitter.com/SantiOlsze/status/1274518636942811136	[]
SantiOlsze	Sun Jun 21 01:43:28 +0000 2020	1	0	@taecano @zacariasbustos @endCOVID19 @rquiroga777 @minutounocom Es complejisimo y un desafío enorme. No tengo la respuesta pero sé que el laissez-faire es apilar cadáveres.	https://twitter.com/SantiOlsze/status/1274518264052420609	[]
SantiOlsze	Sun Jun 21 01:39:23 +0000 2020	2	0	@taecano @zacariasbustos @endCOVID19 @rquiroga777 @minutounocom Para mí, el rol de los medios como formadores de opinión es fundamental. Pasamos de *ver foto* a Cristina Pérez diciendo que está bien llevar a los niños en el baúl. Sin apoyo por ese lado difícil. Obviamente, fortalecer el apoyo económico es esencial. https://t.co/7jrvqBepT6	https://twitter.com/SantiOlsze/status/1274517237349695488	[]
SantiOlsze	Sun Jun 21 01:27:06 +0000 2020	28	3	Infodemia en una foto https://t.co/TlYUQucEtR	https://twitter.com/SantiOlsze/status/1274514145203884039	[]
SantiOlsze	Sat Jun 20 21:20:12 +0000 2020	2	0	@JuanLuisBe @chaquetumate @norabar @rquiroga777 @pabloduggan @lulitru @mmbarrionuevo Honestamente, no. Y me impresiona.	https://twitter.com/SantiOlsze/status/1274452010331525121	[]
SantiOlsze	Sat Jun 20 19:51:33 +0000 2020	1	0	@Lu_Garrigos Me amplias por MD?	https://twitter.com/SantiOlsze/status/1274429704469127169	[]
SantiOlsze	Sat Jun 20 19:22:51 +0000 2020	0	0	@Adriproco Deberían, pero muchas veces eso no es una opción (sin quien dejar a un hijx, por ejemplo)	https://twitter.com/SantiOlsze/status/1274422481093373954	[]
SantiOlsze	Sat Jun 20 19:09:09 +0000 2020	0	0	@rquiroga777 Me da la impresión de que empeora con el tiempo. Casi todos los diagnósticos son post-internación. https://t.co/DB1EbIznvM	https://twitter.com/SantiOlsze/status/1274419033702621186	[]
SantiOlsze	Sat Jun 20 17:53:12 +0000 2020	1	0	@Pablo_Aberbuj Ahorran tiempo de la última etapa de todas. No ahorran nada previo. La extracción del ARN (paso previo) requiere de equipamiento complejo y no lo salvan los kits nuevos.	https://twitter.com/SantiOlsze/status/1274399920234139649	[]
SantiOlsze	Sat Jun 20 17:27:37 +0000 2020	1	0	@rquiroga777 Lo voy a probar. Verticalmente es cronológico: los casos de más arriba son los más nuevos. Pero entiendo a dónde vas, voy a mirarlo.	https://twitter.com/SantiOlsze/status/1274393480756944899	[]
SantiOlsze	Sat Jun 20 17:07:06 +0000 2020	13	1	@tipografoel @norabar @rquiroga777 @pabloduggan @lulitru @mmbarrionuevo La clave del éxito del interior depende ahora de un sistema rápido y eficaz de rastreo y testeo exhaustivo de contactos para contener los brotes que VAN a surgir. Necesitan sus sistemas de diagnóstico aún.	https://twitter.com/SantiOlsze/status/1274388318357258240	[]
SantiOlsze	Sat Jun 20 17:03:07 +0000 2020	0	0	"@palamago Ja! Sí, Google. La respuesta ""Google"" siento que se puede interpretar como un ""andá a googlear"" así que prefiero pasar el link."	https://twitter.com/SantiOlsze/status/1274387315352371200	[]
SantiOlsze	Sat Jun 20 16:55:20 +0000 2020	1	0	@rquiroga777 Cada paciente es un azul - rojo - verde, centrado en el rojo, la fecha de ingreso a UCI. El punto azul para cada paciente es cuántos días antes de ingreso a UCI inició síntomas. El verde, cuántos antes o después fue diagnosticado.	https://twitter.com/SantiOlsze/status/1274385354179653640	[]
SantiOlsze	Sat Jun 20 16:04:52 +0000 2020	2	0	@palamago https://t.co/UU8GubLmcC	https://twitter.com/SantiOlsze/status/1274372655437746177	[]
SantiOlsze	Sat Jun 20 15:16:03 +0000 2020	2	0	"@romanouks @rquiroga777 Si. La proyección es anterior al anuncio de 100 camas extras de Quirós. Lo que omiten decir es que las camas ""no - covid"" están cerca de la saturación."	https://twitter.com/SantiOlsze/status/1274360371860647936	[]
SantiOlsze	Sat Jun 20 15:03:58 +0000 2020	1	0	@VercesiCecilia @sandraigelka Absolutamente de acuerdo. El 'pacto social' de confiar en las responsabilidades individuales ya venció.	https://twitter.com/SantiOlsze/status/1274357330692497409	[]
SantiOlsze	Sat Jun 20 15:02:41 +0000 2020	16	0	@KittyLangbehn @norabar @rquiroga777 @pabloduggan @lulitru @mmbarrionuevo En qué pensas que CABA está bien y PBA mal? Solo dejo un dato: en el conurbano viven al menos 3 veces más personas que en Capital.	https://twitter.com/SantiOlsze/status/1274357005692567553	[]
SantiOlsze	Sat Jun 20 14:57:41 +0000 2020	33	1	@KittyLangbehn @norabar @rquiroga777 @pabloduggan @lulitru @mmbarrionuevo AMBA. En algunos aspectos, CABA está mejor (velocidad de contagios, x ej) y en otras peor (positividad, incidencia).  No tiene sentido separarlos porque el virus no distingue la General Paz.	https://twitter.com/SantiOlsze/status/1274355747984416768	[]
SantiOlsze	Sat Jun 20 14:54:23 +0000 2020	5	0	@marcoschicote @norabar @rquiroga777 @pabloduggan @lulitru @mmbarrionuevo Tengo entendido que en el personal para el hisopado y personal/campanas de bioseguridad para el procesamiento previo al test de las muestras, principalmente.	https://twitter.com/SantiOlsze/status/1274354916694392839	[]
SantiOlsze	Sat Jun 20 14:46:54 +0000 2020	1	0	@marcoschicote @EstebanESosa1 @norabar @rquiroga777 @pabloduggan @lulitru @mmbarrionuevo Sé que se está trabajando para validar la metodología en saliva (evitar el hisopado) y/o sin aislar el RNA del virus (es decir, procesar la muestra directo). Si eso se logra, aún con perdidas de sensibilidad, sería un gran avance dada la coyuntura actual.	https://twitter.com/SantiOlsze/status/1274353034924097539	[]
SantiOlsze	Sat Jun 20 14:45:20 +0000 2020	3	0	@marcoschicote @norabar @rquiroga777 @pabloduggan @lulitru @mmbarrionuevo Entiendo. Siempre se puede crecer algo más. El tema es el ritmo. Hoy tenemos 50% más de camas de UCI que en marzo, ponele. Alcanza para satisfacer la demanda con esta tendencia? No, pero sirve para tratar de salvar 50% más vidas. Es decir, se puede crecer, suma, pero no alcanza.	https://twitter.com/SantiOlsze/status/1274352640957218820	[]
SantiOlsze	Sat Jun 20 14:33:09 +0000 2020	45	9	@marcoschicote @norabar @rquiroga777 @pabloduggan @lulitru @mmbarrionuevo Se está ampliando desde que empezó todo y en ese sentido la cuarentena fue fundamental.  Pero nunca se va a poder satisfacer una demanda exponencial. Ni acá, ni en UK, ni en Suecia.	https://twitter.com/SantiOlsze/status/1274349576623919104	[]
SantiOlsze	Sat Jun 20 13:30:47 +0000 2020	82	43	"La movilidad está aumentando en todo el AMBA y los casos también. Necesitamos bajarla YA. 

Los contagios de hoy son los casos de la semana que viene o la otra.  No podemos 'esperar a ver cómo evoluciona', como dicen.  El colapso está acá. https://t.co/2sbggDXObh"	https://twitter.com/SantiOlsze/status/1274333880414339074	[]
SantiOlsze	Sat Jun 20 13:30:47 +0000 2020	46	22	"Con este ritmo en los casos, la saturación de las camas de UCI está cerca y sólo puede variar el cuándo. Si seguimos con este tendencia, incluso una proyección LINEAL indica que el sistema estará saturado a fines de julio.  

Gentileza de @rquiroga777 https://t.co/ePfJVrpExH"	https://twitter.com/SantiOlsze/status/1274333878585565186	[]
SantiOlsze	Sat Jun 20 13:30:46 +0000 2020	45	14	El diagnóstico es la puerta de entrada al sistema de salud y su desborde es el puntapié inicial para el colapso de otras etapas. El cuello de botella está principalmente en el hisopado y en la extracción del ARN, paso que requiere tiempo y equipamiento complejo.	https://twitter.com/SantiOlsze/status/1274333877079810049	[]
SantiOlsze	Sat Jun 20 13:30:46 +0000 2020	54	19	La persona promedio que entra a UCI lo hace 5 días después del inicio de síntomas y ,recién dos días después, es diagnosticada. Casi el 25% de los pacientes que requieren cuidados intensivos no tienen aún el diagnóstico al ser internados. https://t.co/VJDoCA5WiV	https://twitter.com/SantiOlsze/status/1274333875012067330	[]
SantiOlsze	Sat Jun 20 13:30:46 +0000 2020	46	12	No es muy diferente la situación entre comunas de Capital Federal o entre partidos del Conurbano Bonaerese. https://t.co/46bsknU85b	https://twitter.com/SantiOlsze/status/1274333873233637378	[]
SantiOlsze	Sat Jun 20 13:30:45 +0000 2020	76	32	"En Argentina se tarda, en promedio, más de 5 días entre el inicio de síntomas y el diagnóstico. 

Esto implica:
- 5 días donde la persona sigue contagiando. 

- Los casos que vemos hoy se contagiaron hace al menos una semana. https://t.co/3O7vwksnjq"	https://twitter.com/SantiOlsze/status/1274333871304314882	[]
SantiOlsze	Sat Jun 20 13:30:45 +0000 2020	419	219	"EL COLAPSO DEL SISTEMA DIAGNÓSTICO EN AMBA

- Altísimos porcentajes de positividad (&gt;35%), que indican que nos estamos perdiendo MUCHOS casos. 

-  Más de 5000 personas esperando resultado de hisopado y más de 1000 casos sospechosos sin ser hisopados. https://t.co/tAbOQimfsD"	https://twitter.com/SantiOlsze/status/1274333869530120194	[]
SantiOlsze	Sat Jun 20 11:35:04 +0000 2020	0	0	@pablooesteban La gripecinha	https://twitter.com/SantiOlsze/status/1274304758212370432	[]
SantiOlsze	Sat Jun 20 11:31:39 +0000 2020	2	0	@Tonga23 Chile no aumentó exponencialmente su capacidad diagnóstica y también colapso su sistema diagnóstico (y ahora está con plena ocupación de UCI)	https://twitter.com/SantiOlsze/status/1274303900431024129	[]
SantiOlsze	Sat Jun 20 02:39:53 +0000 2020	1	0	@dwainer @santiolsze_ jajajaja por qué esa otra cuenta?	https://twitter.com/SantiOlsze/status/1274170074031685632	[]
SantiOlsze	Sat Jun 20 02:30:53 +0000 2020	90	30	Por más de que vengas de cuarenta y pico, 35% de positividad es un desastre. El sistema diagnóstico no puede (ni podrá) escalar exponencialmente como los casos. Solo hay una manera de frenar la escalada y tiene que ser ya. Hay que volver a la cuarentena estricta en AMBA.	https://twitter.com/SantiOlsze/status/1274167811015872512	[]
SantiOlsze	Sat Jun 20 00:37:18 +0000 2020	4	0	@pabloduggan No hay tiempo para preparar el camino!!!!!	https://twitter.com/SantiOlsze/status/1274139224221024258	[]
SantiOlsze	Fri Jun 19 19:51:57 +0000 2020	80	30	Chile hace un mes y medio estaba como Argentina hoy. https://t.co/PqXdnj4HGS	https://twitter.com/SantiOlsze/status/1274067413869498369	[]
SantiOlsze	Fri Jun 19 12:49:04 +0000 2020	5	2	Tanto en CABA como en PBA hay alrededor de 250 casos sospechosos que ingresaron al sistema el miércoles y que todavía no fueron hisopados. https://t.co/wlt9OaBOQH	https://twitter.com/SantiOlsze/status/1273960991953387524	[]
SantiOlsze	Fri Jun 19 12:49:03 +0000 2020	8	3	"🇦🇷AMBA🇦🇷
Casos acumulados.

En CABA hay unas 200 personas hisopadas el martes más de 500 personas hisopadas el miércoles que no tienen resultado. 

En PBA hay más de 500 hisopadas el martes y más de  1700 hisopadas el miércoles que aguardan resultados. https://t.co/5f8sIx2ITo"	https://twitter.com/SantiOlsze/status/1273960990179278848	[]
SantiOlsze	Fri Jun 19 01:20:44 +0000 2020	12	0	Uso y recomiendo https://t.co/JW1ciyfsck	https://twitter.com/SantiOlsze/status/1273787769509359616	[]
SantiOlsze	Thu Jun 18 23:09:16 +0000 2020	2	0	@MABustos4 @pabloduggan Se supone que todo sospechoso se testea. Así que el % de sospechosos que es realmente enfermo lo refleja el % de positividad de tests.	https://twitter.com/SantiOlsze/status/1273754681995595778	[]
SantiOlsze	Thu Jun 18 19:23:11 +0000 2020	4	0	@pablovommaro @C5N @julianguarino @horaciorlarreta @FernanQuirosBA @rquiroga777 @mmbarrionuevo Esto https://t.co/RzsQihOVHu	https://twitter.com/SantiOlsze/status/1273697786765156354	[]
SantiOlsze	Thu Jun 18 16:40:59 +0000 2020	1	0	@jeremiasincicco @alferdez Claro. Mientras sea &gt;1, aunque constante, vamos mal.	https://twitter.com/SantiOlsze/status/1273656969258323968	[]
SantiOlsze	Thu Jun 18 15:45:46 +0000 2020	0	0	@gjaimov @alferdez @telefeneuquen @Sietecase @barilirodolfo @Cris_noticias Uno muestra correlación, le dice correlación y se enojan por la correlación. Nadie concluyó de más.	https://twitter.com/SantiOlsze/status/1273643071469768705	[]
SantiOlsze	Thu Jun 18 15:32:55 +0000 2020	2	0	@LMarcarian @alferdez Compartime las estimaciones esas, por favor.	https://twitter.com/SantiOlsze/status/1273639840274317312	[]
SantiOlsze	Thu Jun 18 14:11:03 +0000 2020	0	0	@LuisTuqui @alferdez https://t.co/BywWNgZEi4	https://twitter.com/SantiOlsze/status/1273619238100574211	[]
SantiOlsze	Thu Jun 18 13:34:41 +0000 2020	43	13	"🇦🇷 AMBA 🇦🇷

Un fenómeno preocupante: hay muchos casos sospechosos acumulados. Varios sin hisopado y bastantes otros, hisopados pero sin resultado. https://t.co/XbnKOQ5njT"	https://twitter.com/SantiOlsze/status/1273610087186288641	[]
SantiOlsze	Thu Jun 18 03:36:06 +0000 2020	0	0	@centro_half @alferdez Hay fotos? 😂	https://twitter.com/SantiOlsze/status/1273459446568673280	[]
SantiOlsze	Thu Jun 18 02:16:02 +0000 2020	12	0	@alevarizat73 @alferdez Está descargado, backupeado y en un pendrive en la caja fuerte.	https://twitter.com/SantiOlsze/status/1273439297958555648	[]
SantiOlsze	Thu Jun 18 01:53:44 +0000 2020	1	0	@OtroRamiroE @NicoOlsze Primo lejano del dibujante y primo de sangre del otro	https://twitter.com/SantiOlsze/status/1273433684474048518	[]
SantiOlsze	Thu Jun 18 01:53:22 +0000 2020	0	0	@VictorianoBar12 @alferdez @mmbarrionuevo publica diariamente la información	https://twitter.com/SantiOlsze/status/1273433594074202112	[]
SantiOlsze	Thu Jun 18 01:53:06 +0000 2020	4	0	@DiegoLorenzoC @Dianacos @alferdez @telefeneuquen @Sietecase @barilirodolfo @Cris_noticias @edufeiok @facupastor https://t.co/UU8GubLmcC	https://twitter.com/SantiOlsze/status/1273433526118080512	[]
SantiOlsze	Thu Jun 18 01:20:47 +0000 2020	202	70	"🇦🇷MOVILIDAD Y COVID 🇦🇷

Los gráficos que mostró @alferdez en @telefeneuquen con @Sietecase  @barilirodolfo y @Cris_noticias   actualizados al día de hoy en AMBA. https://t.co/xmhKOC9UoO"	https://twitter.com/SantiOlsze/status/1273425392959971328	[]
SantiOlsze	Thu Jun 18 01:10:44 +0000 2020	1280	105	"Que honor @alferdez usando y explicando mis gráficos. 
Hay que bajar la movilidad ya! https://t.co/kAdgwcvCDa"	https://twitter.com/SantiOlsze/status/1273422864448925697	[]
SantiOlsze	Wed Jun 17 22:52:31 +0000 2020	1	0	@diegoe91 Ese miedo quise expresar en el hilo	https://twitter.com/SantiOlsze/status/1273388080582529024	[]
SantiOlsze	Wed Jun 17 22:52:10 +0000 2020	1	0	"@diegoe91 https://t.co/rXa06JP2sH 
Con data de acá para mirar así rápido, ayer detectaron 329 / 80.000 y un día pre-pico 445 / 1000"	https://twitter.com/SantiOlsze/status/1273387990652530690	[]
SantiOlsze	Wed Jun 17 22:47:40 +0000 2020	1	0	@diegoe91 Comparto. Debería ser más eficiente el sistema de detección ahora que previo al pico. De hecho, por ojear la positividad de ahora y antes, me dió esa impresión. Muchos más tests ahora para = casos	https://twitter.com/SantiOlsze/status/1273386860958679040	[]
SantiOlsze	Wed Jun 17 21:56:09 +0000 2020	6	0	"El miedo? 
En un pico los casos se mantienen estables durante unos días antes de empezar a bajar. Italia 🇮🇹 tuvo cerca de 6000 casos diarios durante una semana a fines de marzo. 

En el valle pasa lo mismo: en Irán🇮🇷 los casos se mantuvieron constantes antes de volver a aumentar. https://t.co/N7XssHLQpv"	https://twitter.com/SantiOlsze/status/1273373895953920001	[]
SantiOlsze	Wed Jun 17 21:56:09 +0000 2020	2	0	En Italia, el factor de crecimiento fue &gt;1 por dos días seguidos, algo que no pasaba desde marzo.  Esto quiere decir que ya hace dos días vemos, comparando el promedio semanal, más casos que el día anterior. https://t.co/lLLtefRvbb	https://twitter.com/SantiOlsze/status/1273373893881929729	[]
SantiOlsze	Wed Jun 17 21:56:08 +0000 2020	13	3	"ITALIA 🇮🇹

Los casos que venían bajando continuamente durante dos meses se estancaron en torno a los 300 diarios.

Mi miedo? Un valle. https://t.co/c6RMKXqiVA"	https://twitter.com/SantiOlsze/status/1273373892200054784	[]
SantiOlsze	Wed Jun 17 16:36:02 +0000 2020	2	0	@emipizarro El período de 14 días máximo es contagio-sintomas. El período entre contagio e hisopado positivo es mucho menor. En otras palabras, la PCR da positiva desde antes de manifestar síntomas.	https://twitter.com/SantiOlsze/status/1273293336032378880	[]
SantiOlsze	Wed Jun 17 14:26:56 +0000 2020	47	14	"En 🇧🇷 hay 13 veces más muertes por Insifuciencia Respiratoria Aguda Grave(IRAG) que en 2019. ESTO NO ES NORMAL NI PASA EN TODOS LADOS. 

 En🇦🇷, en 2019 a esta altura se habían reportado 16.621 casos de IRAG. Este año, solo 6565 casos. La info sale de acá: https://t.co/9EJvuQpTcr https://t.co/5usmNDiUQV"	https://twitter.com/SantiOlsze/status/1273260847587045377	[]
SantiOlsze	Wed Jun 17 13:30:03 +0000 2020	0	0	"@Lisann35 Viene escalando el testeo desde que empezó todo! Lo que digo es que esa escalada no le va a poder seguir nunca el ritmo a un aumento exponencial de casos. 

El gráfico es de  los chicos de @ElGatoyLaCaja (https://t.co/o2ILMaoWNS) https://t.co/GsuOwp5XVD"	https://twitter.com/SantiOlsze/status/1273246532754644992	[]
SantiOlsze	Wed Jun 17 13:13:52 +0000 2020	10	1	@rquiroga777 Aunque puede ser el empujón al clic social y político que necesitamos...	https://twitter.com/SantiOlsze/status/1273242457107505155	[]
SantiOlsze	Wed Jun 17 13:05:43 +0000 2020	1	0	"@vviego @jorgeluisaliaga @rquiroga777 @mmbarrionuevo @norabar @tomaspueyo @juansklar @lulitru @carlavizzotti @pablooesteban En el gráfico de arriba de esta conversación están consideradas las fechas de:
- Inicio de síntomas
- Ingreso a UCI
- Diagnóstico

Según lo que se informa acá https://t.co/g0cD9h4EJW.
Entiendo que en este set no aparecen tests posteriores al diagnóstico para el paciente."	https://twitter.com/SantiOlsze/status/1273240407745404933	[]
SantiOlsze	Wed Jun 17 13:02:37 +0000 2020	0	0	"@Lisann35 Evidentemente estamos subtesteando. Lo ideal sería aumentar los tests a medida que aumenten los casos y mantener así el %. Ahora, triplicar la cantidad de tests no es ""soplar y hacer botellas""."	https://twitter.com/SantiOlsze/status/1273239628577939456	[]
SantiOlsze	Wed Jun 17 12:54:22 +0000 2020	0	0	@Lisann35 De acuerdo en que es alarmante el porcentaje de positividad. Como ya se cansaron de explicar otros colegas, el cociente tests/millón es un indicador que no sirve para saber cuán bien estás testeando.	https://twitter.com/SantiOlsze/status/1273237549755109376	[]
SantiOlsze	Wed Jun 17 12:53:23 +0000 2020	0	0	@Lisann35 Los casos pueden aumentar exponencialmente. La cantidad de tests que se compran y especialmente el equipamiento y personal necesario para hacerlos, no.	https://twitter.com/SantiOlsze/status/1273237302110834696	[]
SantiOlsze	Wed Jun 17 12:48:22 +0000 2020	2	0	Esencial lectura. Aunque los casos estén 'amesetados', sigue aumentando la ocupación de UCIs. https://t.co/WrGX6ZrJtN	https://twitter.com/SantiOlsze/status/1273236039734308864	[]
SantiOlsze	Wed Jun 17 12:37:26 +0000 2020	6	2	"🇦🇷 AMBA 🇦🇷

Diferencias en el tiempo entre el inicio de síntomas y el diagnóstico confirmado de coronavirus para las diferentes comunas de CABA y los diferentes partidos del conurbano bonaerense. https://t.co/M5mRAhaUec"	https://twitter.com/SantiOlsze/status/1273233288262549504	[]
SantiOlsze	Wed Jun 17 01:59:37 +0000 2020	1	0	@pizzaypala El sistema diagnóstico parece estar saturado. Mirá los gráficos de @mmbarrionuevo con el %Pos diario en CABA.  Este delay sintoma-Dx para mi es el combo de esa saturación (si el testeo limitante, testeo a los casos más sintomáticos y claros) + demora de la persona en consultar.	https://twitter.com/SantiOlsze/status/1273072777495490566	[]
SantiOlsze	Wed Jun 17 01:52:43 +0000 2020	0	0	@pizzaypala Ojo! No es el tiempo desde el hisopado al resultado de la PCR. El inicio de síntomas surge del interrogatorio al paciente, según tengo entendido. Por lo que escuché, hisopado de la mañana tiene resultado en el día y el de la tarde, día siguiente. A lo sumo +1.	https://twitter.com/SantiOlsze/status/1273071043196977152	[]
SantiOlsze	Wed Jun 17 01:44:46 +0000 2020	4	1	Este tiempo varía de provincia a provincia. Excluyendo los casos cuya provincia no está especificada, la media es de 6,38 días entre el inicio de síntomas y el diagnóstico.  En AMBA, el promedio ronda los 5 días. https://t.co/lzSUGGhImw	https://twitter.com/SantiOlsze/status/1273069042895634432	[]
SantiOlsze	Wed Jun 17 01:18:08 +0000 2020	13	3	En Argentina🇦🇷, desde el inicio de síntomas hasta que tenemos el diagnóstico confirmado de COVID-19 pasan en promedio 5,3 días. https://t.co/EYIHhgFlOF	https://twitter.com/SantiOlsze/status/1273062339231834112	[]
SantiOlsze	Tue Jun 16 23:39:12 +0000 2020	4	0	Muy buen hilo! https://t.co/mghRlJ2PnC	https://twitter.com/SantiOlsze/status/1273037442149502977	[]
SantiOlsze	Tue Jun 16 22:56:43 +0000 2020	2	0	@IanMedical @EloinFirenze @tflarre @mmbarrionuevo @rquiroga777 @norabar @IntraMednet @juansklar @jorgeluisaliaga @ernestorr @carlavizzotti @pabloduggan @pablooesteban Escribime a solszevicki@gmail.com	https://twitter.com/SantiOlsze/status/1273026751023759360	[]
SantiOlsze	Tue Jun 16 21:24:44 +0000 2020	146	61	"🇦🇷 UCI EN ARGENTINA 🇦🇷

¿Cuándo estamos detectando a los infectados por COVID?
Entre los enfermos graves, se tarda en promedio una semana entre el inicio de síntomas y el diagnóstico.  El 75% no tiene diagnóstico al entrar a UCI.

No puede pasar tanto tiempo! Todo síntoma cuenta! https://t.co/ogX5lVYvak"	https://twitter.com/SantiOlsze/status/1273003599992442883	[]
SantiOlsze	Tue Jun 16 17:26:45 +0000 2020	3	5	"🌎MOVILIDAD + COVID🌎
La curva de 113 países en 30 segundos. https://t.co/Ts10kAXkkS"	https://twitter.com/SantiOlsze/status/1272943709865283586	[]
SantiOlsze	Tue Jun 16 15:43:14 +0000 2020	2	1	Hace una semana se veía venir esto https://t.co/BPTre4gQmd	https://twitter.com/SantiOlsze/status/1272917661140291584	[]
SantiOlsze	Tue Jun 16 15:43:14 +0000 2020	10	5	"🇮🇷IRAN🇮🇷

Muchos me respondieron que el 'segundo pico' en Irán era por aumento de diagnóstico porque las muertes seguían abajo. Con el delay que caracteriza a la curva de muertes, las muertes diarias están por encima de 100 nuevamente. https://t.co/YyM4BJe5O6"	https://twitter.com/SantiOlsze/status/1272917659223457792	[]
SantiOlsze	Tue Jun 16 15:05:10 +0000 2020	3	0	Defina pandemia https://t.co/PqU1JQwvf5 https://t.co/BBmvbiNO7H	https://twitter.com/SantiOlsze/status/1272908080427274247	[]
SantiOlsze	Tue Jun 16 13:51:12 +0000 2020	0	0	@rubenvinoles @norabar @gcba Si, el sistema de diagnóstico está claramente saturado ahora. Y las unidades de terapia en varios hospitales empiezan a llenarse...	https://twitter.com/SantiOlsze/status/1272889467473444865	[]
SantiOlsze	Tue Jun 16 13:33:44 +0000 2020	0	0	"@rubenvinoles @norabar @gcba Tenemos casos ""constantes"" pero con % de positividad disparándose (i.e subtesteo). Además, parece que hay varios miles de tests acumulados. Tenemos buena parte del iceberg abajo del agua... https://t.co/kXUKvDqubd"	https://twitter.com/SantiOlsze/status/1272885070861414408	[]
SantiOlsze	Tue Jun 16 12:01:13 +0000 2020	2	0	@Matias_Nahuel @norabar @gcba Habría que testear mucho más porque ese porcentaje indica que nos estamos perdiendo muchos casos. La posibilidad real de escalar el sistema diagnóstico no la conozco.	https://twitter.com/SantiOlsze/status/1272861788116340737	[]
SantiOlsze	Tue Jun 16 11:55:43 +0000 2020	3	1	"@rquiroga777 En escala log se aprecia bárbaro. Me da miedo que se subestime la escalada para el público no ducho en semilog 
https://t.co/071WrNFrn2
Voy a probar con la fecha de incio de síntomas a ver si se ve más claro. De dónde lees esos datos?"	https://twitter.com/SantiOlsze/status/1272860401630416897	[]
SantiOlsze	Tue Jun 16 11:07:05 +0000 2020	2	0	@norabar @gcba 56% de positividad 😳😳😳😳	https://twitter.com/SantiOlsze/status/1272848162894622721	[]
SantiOlsze	Tue Jun 16 03:06:57 +0000 2020	4	2	¿Podría ir en esta línea lo charlado en la reunión de Ministerios de Salud? Ojalá. https://t.co/sjsQnzZEhK	https://twitter.com/SantiOlsze/status/1272727335188471809	[]
SantiOlsze	Tue Jun 16 03:06:56 +0000 2020	8	4	En PBA (animación anterior) parece haberse estancado la movilidad, aunque la escalada de casos es más abrupta. En CABA, mantiene la proyección que hice con los primeros 60 días de cuarentena con los datos de movilidad de Google. https://t.co/wQLvEsVPQ7	https://twitter.com/SantiOlsze/status/1272727333078695938	[]
SantiOlsze	Tue Jun 16 03:06:56 +0000 2020	57	23	"🇦🇷 MOVILIDAD EN AMBA 🇦🇷

La movilidad en el AMBA viene aumentando en forma continua desde que empezó la cuarentena. Para poder controlar los casos es fundamental reducirla!! https://t.co/2uPxOZfEMo"	https://twitter.com/SantiOlsze/status/1272727330935504898	[]
SantiOlsze	Tue Jun 16 00:28:22 +0000 2020	0	0	@tcalderon92 Ojo, yo creo que parcialmente si. El cambio de tendencia a partir de unos 15/20 días después de la cuarentena total es tremendo. Hasta ese entonces era una exponencial que se iba al cielo.	https://twitter.com/SantiOlsze/status/1272687425832263684	[]
SantiOlsze	Mon Jun 15 22:50:58 +0000 2020	1	0	@tcalderon92 Muy interesante que tengan la movilidad por barrios. Estaría bueno para ver los efectos de la cuarentena sectorizada inicial, también. Con la movilidad de Google se ve que bajó con la cuarentena total pero empezó a subir inmediata y continuamente. Ayer:  https://t.co/j5YR2XulsI	https://twitter.com/SantiOlsze/status/1272662914063839233	[]
SantiOlsze	Mon Jun 15 00:35:59 +0000 2020	16	2	"Un micro-hilo sobre las mujeres en la ciencia argentina. 
 
Si bien en el número total hay más mujeres que hombres, se manifiestan desigualdades conforme aumenta la jerarquía. https://t.co/NJ61py0JUx"	https://twitter.com/SantiOlsze/status/1272326954000269313	[]
SantiOlsze	Sun Jun 14 23:58:12 +0000 2020	0	0	@preguntabanomas Si, salió al revés. Fe de erratas en el último twit del hilo 😕	https://twitter.com/SantiOlsze/status/1272317448059006976	[]
SantiOlsze	Sun Jun 14 23:28:34 +0000 2020	1	0	@IanMedical @tflarre @mmbarrionuevo @rquiroga777 @norabar @IntraMednet @juansklar @jorgeluisaliaga @ernestorr @carlavizzotti @pabloduggan @pablooesteban Sería interesante verlo. A priori, no sé de dónde sacar la información. En bibliografía puede haber algo( más allá de densidad poblacional que a nivel nacional me parece un indicador pobrísimo) de cuán cerca está la gente.	https://twitter.com/SantiOlsze/status/1272309991203123200	[]
SantiOlsze	Sun Jun 14 23:27:15 +0000 2020	1	0	@JumaLazzati @tflarre @mmbarrionuevo @rquiroga777 @norabar @IntraMednet @juansklar @jorgeluisaliaga @ernestorr @carlavizzotti @pabloduggan @pablooesteban Si. Está al revés. Fe de erratas al final del hilo. Perdón si confundió!	https://twitter.com/SantiOlsze/status/1272309657986572290	[]
SantiOlsze	Sun Jun 14 23:11:18 +0000 2020	0	0	@threadreaderapp unroll https://t.co/KXtYtEWmMk	https://twitter.com/SantiOlsze/status/1272305643794444288	[]
SantiOlsze	Sun Jun 14 22:26:48 +0000 2020	10	3	"🇨🇱SANTIAGO🇨🇱

Tercer día consecutivo por encima de los 5000 casos en el Área Metropolitana de Santiago de Chile. Y empieza a aumentar la movilidad... https://t.co/hFm22dzVAy"	https://twitter.com/SantiOlsze/status/1272294445300486153	[]
SantiOlsze	Sun Jun 14 22:11:36 +0000 2020	1	0	@AraneoDiego @tflarre @mmbarrionuevo @rquiroga777 @norabar @IntraMednet @juansklar @jorgeluisaliaga @ernestorr @carlavizzotti @pabloduggan @pablooesteban Gracias! Contruir esa variable temporal nos pareció una forma mucho más robusta de comparar países entre si.	https://twitter.com/SantiOlsze/status/1272290621202599937	[]
SantiOlsze	Sun Jun 14 22:05:37 +0000 2020	1	0	@sistole14 Está al revés. La fe de erratas está al final del hilo. Solo coloreo según diferentes valores de eje y	https://twitter.com/SantiOlsze/status/1272289115166384128	[]
SantiOlsze	Sun Jun 14 19:36:54 +0000 2020	19	2	"Bueno. Las referencias de los gráficos están al revés. Rojo: &gt; 100 muertes/millón. Verde: &lt; 100 muertes/millón. 

Se entiende bien si se mira el eje Y. Perdón."	https://twitter.com/SantiOlsze/status/1272251688347410435	[]
SantiOlsze	Sun Jun 14 19:35:09 +0000 2020	1	0	@egarbi @norabar @tflarre @mmbarrionuevo @rquiroga777 @IntraMednet @juansklar @jorgeluisaliaga @ernestorr @carlavizzotti @pabloduggan @pablooesteban Si 🥺	https://twitter.com/SantiOlsze/status/1272251247203168257	[]
SantiOlsze	Sun Jun 14 19:16:36 +0000 2020	13	4	Finalmente, mientras parte del mundo transita los primeros brotes y otras se preparan para enfrentar potenciales rebrotes, nos parece esencial considerar que el timing en la aplicación de medidas estrictas es una pieza fundamental para su futuro éxito.	https://twitter.com/SantiOlsze/status/1272246580700200960	[]
SantiOlsze	Sun Jun 14 19:16:36 +0000 2020	13	3	Otra forma de verlo es en mapa. No se ve una clara relación entre el valor máximo de estrictez de medidas y las muertes por millón. Esto refuerza la idea de que el tiempo, además de las medidas, es una variable fundamental. https://t.co/Qz4EEUJW2L	https://twitter.com/SantiOlsze/status/1272246578930221062	[]
SantiOlsze	Sun Jun 14 19:16:35 +0000 2020	13	6	Cerrando, queremos destacar que la variable temporal es fundamental. Dentro de los países que tomaron medidas fuertes (el 50% con mayor estrictez), aquellos que las tomaron de forma temprana sufrieron menos muertes por millón que los que lo hicieron de forma tardía. https://t.co/gTuOj5OzYo	https://twitter.com/SantiOlsze/status/1272246577227280386	[]
SantiOlsze	Sun Jun 14 19:16:35 +0000 2020	13	4	El mismo perfil se observa al analizar Europa y el resto de América https://t.co/28Lrlb8XY5	https://twitter.com/SantiOlsze/status/1272246575205462016	[]
SantiOlsze	Sun Jun 14 19:16:34 +0000 2020	32	16	En Sudamérica, respuestas rápidas (🇦🇷, 🇨🇴) se asocian con relativamente pocas muertes por millón de habitantes mientras que las más tardías (🇧🇷,🇪🇨, 🇨🇱) tienden a tener muchas más. https://t.co/geAHXf611g	https://twitter.com/SantiOlsze/status/1272246573242687489	[]
SantiOlsze	Sun Jun 14 19:16:34 +0000 2020	16	7	Muy interesantemente, este fenómeno se repite en todos los continentes. Los países con respuesta temprana tienen menos muertes que los que tienen respuesta tardía. https://t.co/XmXGpigMyb	https://twitter.com/SantiOlsze/status/1272246571736993792	[]
SantiOlsze	Sun Jun 14 19:16:34 +0000 2020	15	5	A los datos: si consideramos respuesta temprana a aquellos países que alcanzaron el máximo de estrictez antes de los dos meses del primer caso, vemos que tienen significativamente menos muertes al día de la fecha que los que lo hicieron después de los dos meses. https://t.co/90ZR26iHmS	https://twitter.com/SantiOlsze/status/1272246570168266758	[]
SantiOlsze	Sun Jun 14 19:16:33 +0000 2020	11	4	La comparación entre países de la estrictez es algo muy complicado, dada la inmensa heterogeneidad existente. Sin embargo,  al enfocarnos en la dimensión temporal, el foco está en las variaciones intra-países. Es decir, en cómo fueron variando sus propias medidas con el tiempo.	https://twitter.com/SantiOlsze/status/1272246568893263874	[]
SantiOlsze	Sun Jun 14 19:16:33 +0000 2020	14	4	Para cuantificar la rigurosidad de las medidas implementadas (estrictez), recurrimos a la base de la Escuela de Gobierno de Oxford. La misma pondera las principales medidas de contención aplicadas.  Algunos ejemplos están en la tabla. Para más información: https://t.co/eYtUe6I7az https://t.co/r6gOuGBm6t	https://twitter.com/SantiOlsze/status/1272246567207124993	[]
SantiOlsze	Sun Jun 14 19:16:33 +0000 2020	15	4	En primer lugar generamos un indicador de “Tiempo de respuesta”. El mismo  representa la diferencia en días entre el primer caso reportado y el día en que se tomaron las medidas más estrictas de cada país. Para el análisis, lo comparamos con las muertes por millón de habitantes. https://t.co/z0opqe5ENx	https://twitter.com/SantiOlsze/status/1272246565554606081	[]
SantiOlsze	Sun Jun 14 19:16:32 +0000 2020	236	107	"🌎¿CUARENTENA SI, NO O CUÁNDO? 🌎

Los países que tienen más muertes por coronavirus son los que más tarde respondieron. 

En este hilo les cuento los resultados de un análisis de 154 países que realizamos con @tflarre. 

Spoiler: el cuándo es fundamental. https://t.co/Q5kJTH1jWt"	https://twitter.com/SantiOlsze/status/1272246563801366536	[]
SantiOlsze	Sun Jun 14 18:22:15 +0000 2020	1	0	@5_fed @ernestorr @jeremiasincicco @diegoe91 Mis gráficos los hago con los datos de Google. Apple también tiene.	https://twitter.com/SantiOlsze/status/1272232903490121733	[]
SantiOlsze	Sun Jun 14 18:21:53 +0000 2020	0	0	@5_fed Si! Absolutamente.  Este gráfico de @mmbarrionuevo muestra esa tendencia muy preocupante. https://t.co/YlBohj6Nu8	https://twitter.com/SantiOlsze/status/1272232811643260934	[]
SantiOlsze	Sun Jun 14 13:25:23 +0000 2020	2	0	"Si la 'nueva' cuarentena será efectiva, no lo sé. Lo que sí sé es que Irak ya experimentó un aumento de movilidad y, tras ello, los casos aumentaron exponencialmente.  

""Nosotros buscamos al virus"", les suena la frase? https://t.co/9ioQRYlzwr"	https://twitter.com/SantiOlsze/status/1272158192529739776	[]
SantiOlsze	Sun Jun 14 13:25:22 +0000 2020	0	0	Sin embargo, tras solo cuatro días de estabilidad en los casos alrededor de 1000, Irak 🇮🇶 anuncia el reemplazo de la cuarentena total por una parcial a partir de mañana. https://t.co/tSOtx1B4Fo	https://twitter.com/SantiOlsze/status/1272158190952747008	[]
SantiOlsze	Sun Jun 14 13:25:22 +0000 2020	1	0	Hoy, unas dos después de la vuelta a la cuarentena en Irak 🇮🇶, los casos diarios parecen estabilizarse en torno a los 1000.  La correlación es clara: empezamos a movernos y aumentan 15/20 días después los casos.  Dejamos de movernos y con un delay similar, bajan. https://t.co/VmolKkfRP8	https://twitter.com/SantiOlsze/status/1272158189203730434	[]
SantiOlsze	Sun Jun 14 13:25:22 +0000 2020	0	0	La cuarentena volvió primero en la capital (Baghdad, la zona más afectada) y luego en todo el país. La movilidad empezó a bajar nuevamente. Los casos siguieron subiendo. En semanas consecutivas, Irak pasó de reportar 150, a 300, a 700 y a 1000 casos por día. https://t.co/TpfpN1lG4O	https://twitter.com/SantiOlsze/status/1272158187647574018	[]
SantiOlsze	Sun Jun 14 13:25:21 +0000 2020	0	0	Tras dos meses con menos de 100 casos diarios, 🇮🇶 decidió flexibilizar la cuarentena en vísperas de Ramadán. La idea era clara: termina el mes festivo y volvemos a la cuarentena. La movilidad, como consecuencia, se disparó. Con delay, los casos a acompañaron esta tendencia. https://t.co/elfV3E0g7p	https://twitter.com/SantiOlsze/status/1272158186062168065	[]
SantiOlsze	Sun Jun 14 13:25:21 +0000 2020	7	1	"🇮🇶IRAK🇮🇶
Veníamos bien pero llegó Ramadán.

Irak reportó el primer caso el 25/02 y rápidamente suspendió las clases y grandes agrupamientos de gente. El 15/03 inicio a una cuarentena que fue gradualmente volviéndose más estricta. Parecía todo controlado, pero llegó Ramadán. https://t.co/qcaa9i8Aso"	https://twitter.com/SantiOlsze/status/1272158184334143488	[]
SantiOlsze	Sun Jun 14 12:33:09 +0000 2020	63	27	Esta es la postal que nos tenemos que llevar del último mes. Sabemos lo que hay que hacer para aplastar la curva. La clave está en cómo y cuán rápido se puede desplegar un operativo así. https://t.co/t6oSt5RyUb	https://twitter.com/SantiOlsze/status/1272145046717050883	[]
SantiOlsze	Sun Jun 14 12:22:33 +0000 2020	0	0	"@elcancillercom @Kicillofok Debería ser. Por el momento, seguimos moviéndonos cada vez más. 
https://t.co/AIqdQm13EG"	https://twitter.com/SantiOlsze/status/1272142380142034944	[]
SantiOlsze	Sun Jun 14 00:27:03 +0000 2020	4	1	"@ancapargie Criminal en qué sentido? Menos aislamiento es criminal en sentido literal. 

Qué pensás que nos separa de lo que pasa en Brasil? https://t.co/OIrmrT9112"	https://twitter.com/SantiOlsze/status/1271962318688194562	[]
SantiOlsze	Sun Jun 14 00:10:25 +0000 2020	1	0	@richi_guazu @gonza_leyenda @TrovatoMarce Qué payasada. Hace un mes CABA tenía diez veces menos casos por día.	https://twitter.com/SantiOlsze/status/1271958134437957632	[]
SantiOlsze	Sun Jun 14 00:09:34 +0000 2020	0	0	@richi_guazu @BetoMendeleiev Sin prisa???	https://twitter.com/SantiOlsze/status/1271957920142503937	[]
SantiOlsze	Sat Jun 13 23:43:28 +0000 2020	1	0	@marceluda Si!	https://twitter.com/SantiOlsze/status/1271951353141657605	[]
SantiOlsze	Sat Jun 13 23:26:43 +0000 2020	11	2	Tanto en CABA como en provincia tendemos a tener más casos todos los días. Preocupa provincia muy alejado del crecimiento constante.  Tenemos que bajar urgente el factor de crecimiento a menos de uno. https://t.co/yRQrVZldlJ	https://twitter.com/SantiOlsze/status/1271947135148318721	[]
SantiOlsze	Sat Jun 13 23:22:57 +0000 2020	8	1	En semilog: https://t.co/FbOimGvnkU	https://twitter.com/SantiOlsze/status/1271946188955230208	[]
SantiOlsze	Sat Jun 13 23:22:57 +0000 2020	49	16	"🇦🇷AMBA 🇦🇷
Otro día con récord de casos. Necesitamos reducir los niveles de movilidad urgente en AMBA para controlar esta crecida exponencial y poder desarrollar en ese tiempo un sistema eficiente de rastreo y aislamiento de contactos. No hay otra forma. https://t.co/HLp9ShLGcc"	https://twitter.com/SantiOlsze/status/1271946187311120385	[]
SantiOlsze	Sat Jun 13 22:26:23 +0000 2020	4	1	"Si la 'nueva' cuarentena será efectiva, no lo sé. Lo que sí sé es que Irak ya experimentó un aumento de movilidad y, tras ello, los casos aumentaron exponencialmente. 

""Nosotros buscamos al virus"", les suena la frase? https://t.co/e3aRXDc9XQ"	https://twitter.com/SantiOlsze/status/1271931951130333189	[]
SantiOlsze	Sat Jun 13 22:26:22 +0000 2020	0	0	Sin embargo, tras solo cuatro días de estabilidad en los casos en las cuatro cifras, Irak 🇮🇶 anuncia el reemplazo de la cuarentena total por una parcial a partir de mañana. https://t.co/SgroUnkRVK	https://twitter.com/SantiOlsze/status/1271931949603577859	[]
SantiOlsze	Sat Jun 13 22:26:22 +0000 2020	1	0	Hoy, unas dos después de la vuelta a la cuarentena en Irak 🇮🇶, los casos diarios parecen estabilizarse en torno a los 1000.  La correlación es clara: empezamos a movernos y aumentan 15/20 días después los casos.  Dejamos de movernos y con un delay similar, bajan.	https://twitter.com/SantiOlsze/status/1271931948307546112	[]
SantiOlsze	Sat Jun 13 22:26:22 +0000 2020	0	0	La cuarentena volvió primero en la capital (Baghdad, la zona más afectada) y luego en todo el país. La movilidad empezó a bajar nuevamente. Los casos siguieron subiendo. En semanas consecutivas, Irak pasó de reportar 150, a 300, a 700 y a 1000 casos por día. https://t.co/JAhnkpQyZ8	https://twitter.com/SantiOlsze/status/1271931946705305600	[]
SantiOlsze	Sat Jun 13 22:26:21 +0000 2020	0	0	Tras dos meses con menos de 100 casos diarios, 🇮🇶 decidió flexibilizar la cuarentena en vísperas de Ramadán. La idea era clara: termina el mes festivo y volvemos a la cuarentena. La movilidad, como consecuencia, se disparó. Con delay, los casos a acompañaron esta tendencia. https://t.co/wUgGEXTxg9	https://twitter.com/SantiOlsze/status/1271931945044316164	[]
SantiOlsze	Sat Jun 13 13:34:18 +0000 2020	2	0	@rquiroga777 Si, de Iraq hay. De Irán no hay. Quedó raro en el tuit anterior.	https://twitter.com/SantiOlsze/status/1271798049937985537	[]
SantiOlsze	Sat Jun 13 13:15:44 +0000 2020	2	0	"@rquiroga777 Gracias! Lo estoy preparando. Lo mantuvieron controlado pero ahora se les disparó. Bastante parecido al perfil nuestro. 

. Lo malo: no encontré info de movilidad en ningún lado."	https://twitter.com/SantiOlsze/status/1271793376149549056	[]
SantiOlsze	Sat Jun 13 13:02:05 +0000 2020	5	0	@rquiroga777 Flexibilización precoz y segundo pico en Irán https://t.co/jleQ7ETGHr	https://twitter.com/SantiOlsze/status/1271789941085949958	[]
SantiOlsze	Sat Jun 13 01:16:16 +0000 2020	120	60	"🇦🇷MOVILIDAD Y CORONAVIRUS🇦🇷

Hay una clara correlación entre el aumento de la movilidad en AMBA y el aumento de casos.  

Ojo! La escala de los casos es logarítmica: si parece una línea recta, es porque es exponencial! 

El virus circula con nosotros. Y cada vez circula más. https://t.co/bRGPtWEOfn"	https://twitter.com/SantiOlsze/status/1271612318695206912	[]
SantiOlsze	Sat Jun 13 01:15:11 +0000 2020	1	0	@Sexologiadoctor Gracias! Es fundamental!!!!	https://twitter.com/SantiOlsze/status/1271612045859991552	[]
SantiOlsze	Fri Jun 12 19:21:07 +0000 2020	25	13	"Es momento de flexibilizar? 

En breve hablaremos de movilidad y coronavirus con @julianguarino y @lulitru por @C5N. https://t.co/bBq99CrKHt"	https://twitter.com/SantiOlsze/status/1271522940467793920	[]
SantiOlsze	Fri Jun 12 14:45:02 +0000 2020	0	0	@rubenvinoles Listo	https://twitter.com/SantiOlsze/status/1271453462182670336	[]
SantiOlsze	Fri Jun 12 01:49:15 +0000 2020	4	0	@diegoe91 Tiene todo el sentido del mundo. Voy a probar.	https://twitter.com/SantiOlsze/status/1271258228568006656	[]
SantiOlsze	Fri Jun 12 01:03:45 +0000 2020	11	2	La esperanza está acá https://t.co/qPfO03EzRV	https://twitter.com/SantiOlsze/status/1271246779821035520	[]
SantiOlsze	Fri Jun 12 00:39:07 +0000 2020	1	1	Cc @pablooesteban @pabloduggan @juansklar @muycarba @rquiroga777 @mmbarrionuevo @jorgeluisaliaga	https://twitter.com/SantiOlsze/status/1271240579888877568	[]
SantiOlsze	Fri Jun 12 00:07:34 +0000 2020	28	6	"En conclusión del mini-hilo, no es momento de flexibilizar sino todo lo contrario. Hay que aumentar esfuerzos en el diagnóstico, el aislamiento social y el rastreo de contactos. 

Esto es fundamental: sin rastrear y aislar contactos, vamos a correr al virus de atrás siempre."	https://twitter.com/SantiOlsze/status/1271232639882727424	[]
SantiOlsze	Fri Jun 12 00:07:33 +0000 2020	5	1	"🇦🇷CHACO🇦🇷

A nivel provincia, está por recuperar sus niveles de movilidad normal. La curva de casos no se logra controlar todavía y siguen apareciendo cada día más casos. https://t.co/QKVPhQ40qX"	https://twitter.com/SantiOlsze/status/1271232638137839619	[]
SantiOlsze	Fri Jun 12 00:07:33 +0000 2020	6	1	"🇦🇷 AMBA 🇦🇷

Esta es otra forma de ver que cada día tenemos más casos que el anterior.  El factor compara HOY / AYER. Como vemos acá, en AMBA tenemos F &gt; 1 la mayor parte de los días. Estamos teniendo cada día mas casos!!! https://t.co/ld3Hbvkt18"	https://twitter.com/SantiOlsze/status/1271232636430823424	[]
SantiOlsze	Fri Jun 12 00:07:33 +0000 2020	12	6	"🇦🇷PBA🇦🇷

Asusta la curva exponencial de casos en la provincia. Ni siquiera presentó la meseta que vemos en CABA los últimos días. 

Como positivo:
- La movilidad parece estabilizarse
- Porcentajes de positividad no tan altos https://t.co/xWNI6W4FXr"	https://twitter.com/SantiOlsze/status/1271232634363019264	[]
SantiOlsze	Fri Jun 12 00:07:32 +0000 2020	115	82	"🇦🇷MOVILIDAD Y CORONAVIRUS🇦🇷

🇦🇷CABA🇦🇷

Sigue aumentando la movilidad y los casos nuevos tienen un claro crecimiento exponencial. 

Hay un agravante fundamental: el porcentaje de positividad está alrededor del 40%. Ahora sí estamos subtesteando y mucho. https://t.co/1xGb2sifxZ"	https://twitter.com/SantiOlsze/status/1271232632496492545	[]
SantiOlsze	Thu Jun 11 15:40:48 +0000 2020	7	1	Es por acá!!!!! https://t.co/51OOiKw7fM	https://twitter.com/SantiOlsze/status/1271105108701515776	[]
SantiOlsze	Thu Jun 11 12:20:50 +0000 2020	14	3	"Ordeno mis análisis sobre coronavirus:

Irán 🇮🇷https://t.co/BPTre4gQmd

Nueva Zelanda 🇳🇿
https://t.co/4uTLNWjBer

Suecia 🇸🇪
https://t.co/FtzB1wJMVO

Italia 🇮🇹
https://t.co/9Z3J2EkwBQ

Sudamérica🌎
https://t.co/JHHyyTzt1c

El resto del tiempo,  Argentina🇦🇷"	https://twitter.com/SantiOlsze/status/1271054787019190272	[]
SantiOlsze	Thu Jun 11 11:47:55 +0000 2020	17	9	Acá @mmbarrionuevo muestra de forma gráfica cómo el rastreo de contactos logró contener la escalada de casos en los barrios vulnerables. Sin embargo, se disparó en el resto de la capital. Es esencial identificar y aislar contactos rápido! https://t.co/7YMy7Wyxlh	https://twitter.com/SantiOlsze/status/1271046500878090240	[]
SantiOlsze	Thu Jun 11 03:09:09 +0000 2020	0	0	"@GuillermoJaimo1 1) Si fuera azaroso completamente no se apreciarían tendencias.

2) Aunque lo que muestre en las series del tiempo sea el 15-20-25% de lo real (tu hipótesis), la tendencia no deja de existir."	https://twitter.com/SantiOlsze/status/1270915951454834691	[]
SantiOlsze	Thu Jun 11 02:22:21 +0000 2020	3	0	@horazzius @chachastotales @marina3G @IntraMednet @ernestorr @rquiroga777 @juansklar @pabloduggan @NicoOlsze @norabar @mmbarrionuevo El 'relato' en Brasil se ve así https://t.co/7BwNfmGHjV	https://twitter.com/SantiOlsze/status/1270904173647859719	[]
SantiOlsze	Thu Jun 11 02:12:35 +0000 2020	1	0	@DrLucasArriola Gracias!	https://twitter.com/SantiOlsze/status/1270901714267357186	[]
SantiOlsze	Thu Jun 11 01:12:06 +0000 2020	4	0	Gracias @jeremiasincicco por sugerirme este enfoque para analizar las dinámicas de crecimiento de casos!	https://twitter.com/SantiOlsze/status/1270886494425800704	[]
SantiOlsze	Thu Jun 11 01:12:06 +0000 2020	9	2	Simplemente para comparar, les muestro Italia 🇮🇹. Italia reporta cada día menos casos que el anterior, y eso se evidencia en su factor de crecimiento que es &lt;1 la mayor parte de los días. https://t.co/sXtgTJ4OFF	https://twitter.com/SantiOlsze/status/1270886492689309708	[]
SantiOlsze	Thu Jun 11 01:12:06 +0000 2020	6	1	Si en vez de comparar HOY / AYER comparamos HOY / HACE 1 SEMANA, el efecto es mucho más evidente. https://t.co/iYW6a0PvMX	https://twitter.com/SantiOlsze/status/1270886491129085952	[]
SantiOlsze	Thu Jun 11 01:12:05 +0000 2020	13	4	"🇦🇷AMBA, exponencial 🇦🇷

Los factores de crecimiento comparan los casos de un día con los del día anterior.  Simplificadamente, F = HOY / AYER.

Si F = 1,  estamos creciendo linealmente. 
Si F &gt; 1, cada día aparecen más casos. Se ve que tanto CABA como PBA están en esta situación! https://t.co/Oi5jW35Ywb"	https://twitter.com/SantiOlsze/status/1270886489329729536	[]
SantiOlsze	Wed Jun 10 19:39:38 +0000 2020	1	0	@juanandresamor Es un error. En el gráfico se ve bien. Se me chispoteó un cero en el hilo. Tiene poco más de 8500 en total. Gracias por avisarme.	https://twitter.com/SantiOlsze/status/1270802826156019716	[]
SantiOlsze	Wed Jun 10 19:38:18 +0000 2020	3	0	@FranciscoAure Hola! Por supuesto. Los números de la pandemia salen de acá https://t.co/H2CUeikygk.  La data de movilidad (de otros gráficos que publico) de los reportes de Google: https://t.co/UU8GubLmcC . Las noticias, por supuesto, depende del país. Un ejemplo de 🇮🇷: https://t.co/X522O5787F	https://twitter.com/SantiOlsze/status/1270802489135292416	[]
SantiOlsze	Wed Jun 10 16:02:12 +0000 2020	2	0	@juansklar Gracias Juan!	https://twitter.com/SantiOlsze/status/1270748105617670144	[]
SantiOlsze	Wed Jun 10 16:01:30 +0000 2020	1	0	@manzottipablo Gracias!	https://twitter.com/SantiOlsze/status/1270747929117163521	[]
SantiOlsze	Wed Jun 10 15:58:01 +0000 2020	2	0	@joaquinardo Es interesante. No sé a qué puede deberse, la verdad. Esperaría a ver cómo evoluciona todo antes de arriesgar hipótesis.	https://twitter.com/SantiOlsze/status/1270747055368044544	[]
SantiOlsze	Wed Jun 10 15:46:05 +0000 2020	0	0	@OsvaldoTorasso Uy si, se me fue un cero.  Quiso ser un 100. Gracias por notarlo..	https://twitter.com/SantiOlsze/status/1270744051562749952	[]
SantiOlsze	Wed Jun 10 15:29:59 +0000 2020	0	0	@salganal_sol @jorgeluisaliaga No hay ninguna evidencia de que el virus pierda fuerza. Hasta la vacuna (o un tratamiento que lo convierta efectivamente en 'una gripecita'), distanciamiento social, higiene estricta y diagnóstico+rastreo exhaustivo.	https://twitter.com/SantiOlsze/status/1270739997554020354	[]
SantiOlsze	Wed Jun 10 15:28:30 +0000 2020	4	0	@jorgeluisaliaga Ja, muy buena analogía. En esta, increíblemente, no son solo los medios. Cada semana la declaración de para cuándo pronostican el pico las autoridades de salud. Con eso en la mesa se hace muy dificil comunicar la idea de que somos el huracán.	https://twitter.com/SantiOlsze/status/1270739625552809985	[]
SantiOlsze	Wed Jun 10 14:53:32 +0000 2020	3	0	@jorgeluisaliaga Mucha gente sigue creyendo que el pico natural es uno solo y único. Y lo esperan como si fuera el mesías.	https://twitter.com/SantiOlsze/status/1270730825957597185	[]
SantiOlsze	Wed Jun 10 14:45:25 +0000 2020	0	0	@ernestorr Increiblemente desastroso. Ya tenían más de 500 casos por día y el jefe militar insitía con “we are involved in biological warfare, but the country is resisting”.	https://twitter.com/SantiOlsze/status/1270728782698119169	[]
SantiOlsze	Wed Jun 10 14:38:01 +0000 2020	4	0	Me interesa que esto le llegue especialmente a @ernestorr y @jorgeluisaliaga; a @juansklar , @pablooesteban , @rinconet, @pabloduggan y @manzottipablo.	https://twitter.com/SantiOlsze/status/1270726920779501571	[]
SantiOlsze	Wed Jun 10 13:52:47 +0000 2020	33	7	"En AMBA🇦🇷, con aumento exponencial de casos y positividades altísimas, no nos podemos dar el lujo de flexibilizar más sino todo lo contrario. 

Restringimos YA o, como dice Rodrigo Quiroga (@rquiroga777), lo haremos dentro de un mes con los hospitales saturados. https://t.co/rZQj3oFXhK"	https://twitter.com/SantiOlsze/status/1270715537299894272	[]
SantiOlsze	Wed Jun 10 13:52:46 +0000 2020	11	1	Al día de la fecha, Irán 🇮🇷 es el 11° país con más casos en el mundo (178.000) y el 10° con más muertes (8500). Actualmente, todo el país registra casos. https://t.co/PxEx4zP0ze	https://twitter.com/SantiOlsze/status/1270715535165018116	[]
SantiOlsze	Wed Jun 10 13:52:46 +0000 2020	9	2	"Buena parte de la actividad económica y social sigue parada, pero la reapertura parcial ya fue suficiente para generar otra disparada en los casos en 🇮🇷. 

Mientras no haya vacuna, no hay recetas mágicas: distanciamiento social, detección precoz de casos, rastreo de contactos."	https://twitter.com/SantiOlsze/status/1270715533436936195	[]
SantiOlsze	Wed Jun 10 13:52:46 +0000 2020	9	3	15 días después del inicio de la reapertura, comenzaron a subir los casos nuevamente. Sin embargo, continuó el proceso de flexibilización durante todo el mes de mayo. De hecho, en muchas regiones volvieron las clases y la actividad religiosa. https://t.co/GX7CsyeA4j	https://twitter.com/SantiOlsze/status/1270715531054571520	[]
SantiOlsze	Wed Jun 10 13:52:45 +0000 2020	7	1	Cuando empezaron a controlarse los casos y bajar, se reestableció la mayor parte del trabajo estatal y varias actividades comerciales de bajo riesgo. Además, se permitieron los viajes interurbanos. https://t.co/BRmOOYVQ3K	https://twitter.com/SantiOlsze/status/1270715528663797768	[]
SantiOlsze	Wed Jun 10 13:52:44 +0000 2020	8	1	"El presidente Rouhani reportó el primer caso en 🇮🇷 el 19/02. El gobierno comenzó a restringir actividades en marzo y alcanzó a pricipios de abril un ""pico"" de más de 3000 casos y 1000 muertes por día. https://t.co/lOwlEGwbC0"	https://twitter.com/SantiOlsze/status/1270715525950132224	[]
SantiOlsze	Wed Jun 10 13:52:44 +0000 2020	269	148	"🇮🇷 IRÁN 🇮🇷
Después del pico puede haber otro!

Irán es un claro ejemplo para entender que los casos bajan como consecuencia de los distanciamientos y que las reaperturas prematuras y descuidadas pueden generar picos de igual o mayor magnitud. Y se cuenta en vidas, por supuesto. https://t.co/m7QCVzu2yu"	https://twitter.com/SantiOlsze/status/1270715523374841858	[]
SantiOlsze	Wed Jun 10 00:52:27 +0000 2020	2	0	"@igncferreiro @TotinFraire Gracias! En Google están claramente separados (Buenos Aires -CABA- y Buenos Aires Province) y eso uso. En Apple  hay un solo ""Buenos Aires"" y por la oración marcada en la foto (https://t.co/QZncisibCs)  tiendo a pensar que no refiere estrictamente a la capital. Pero no sé. https://t.co/mNnF8Elbrx"	https://twitter.com/SantiOlsze/status/1270519159013740544	[]
SantiOlsze	Tue Jun 09 23:47:22 +0000 2020	2	1	@TotinFraire Sí, leo directo de acá. https://t.co/zQx5wKvc7C. El de Apple lo actualizan más rápido pero tiene solo datos de Argentina en su conjunto y 'Buenos Aires', que entiendo que contempla a todo el AMBA.	https://twitter.com/SantiOlsze/status/1270502782320152579	[]
SantiOlsze	Tue Jun 09 23:43:20 +0000 2020	17	3	"🇦🇷 ARGENTINA 🇦🇷

Récord de casos a expensas del AMBA. Sigue aumentando la movilidad, aunque parece haberse desacelerado la tendencia que proyecté con los primeros 60 días de cuarentena. https://t.co/YADfkF2QXw"	https://twitter.com/SantiOlsze/status/1270501768242364419	[]
SantiOlsze	Tue Jun 09 11:33:59 +0000 2020	1	0	"@rpettinato No. Lo controlaron espectacular con restricciones! En el último twit se ve la curva de Nueva Zelanda en paralelo a la Argentina. 
https://t.co/gTBG6U6gAr"	https://twitter.com/SantiOlsze/status/1270318220856229889	[]
SantiOlsze	Tue Jun 09 11:21:37 +0000 2020	1	0	@jorgeluisaliaga Gracias, Jorge!	https://twitter.com/SantiOlsze/status/1270315106472165382	[]
SantiOlsze	Mon Jun 08 21:46:23 +0000 2020	1	0	@LuisTuqui Acá se ve mejor cómo hubo flexibilización de facto en AMBA https://t.co/87JqW7Slzw	https://twitter.com/SantiOlsze/status/1270109948148662272	[]
SantiOlsze	Mon Jun 08 19:48:01 +0000 2020	52	13	Sutil cambio. https://t.co/bbYAl9NPqI	https://twitter.com/SantiOlsze/status/1270080160075853833	[]
SantiOlsze	Mon Jun 08 16:45:45 +0000 2020	12	0	@maug___ @maybechiapas @NetNezva @IntraMednet @ernestorr @rquiroga777 @juansklar @pabloduggan @NicoOlsze @norabar @mmbarrionuevo Mmmm vida normal? Mirá la movilidad. O las medidas de esteictez de las medidas de gobierno. Mucho sigue vigente al día de hoy.	https://twitter.com/SantiOlsze/status/1270034288164175872	[]
SantiOlsze	Mon Jun 08 15:37:05 +0000 2020	218	11	@Envido32 @IntraMednet @ernestorr @rquiroga777 @juansklar @pabloduggan @NicoOlsze @norabar @mmbarrionuevo Totalmente. Cuando lo que importa son los clics en los títulos pasan estas cosas. Pero así forman opinión y con la opinión, marchas anti-todo.	https://twitter.com/SantiOlsze/status/1270017011259789312	[]
SantiOlsze	Mon Jun 08 14:58:42 +0000 2020	535	86	El éxito de Nueva Zelanda 🇳🇿 en el control de la pandemia es indiscutible. Pero también es indiscutible que fue GRACIAS A LAS RESTRICCIONES junto a sus particularidades sociales, demográficas y económicas. https://t.co/E0OJfKDR0M	https://twitter.com/SantiOlsze/status/1270007348657098760	[]
SantiOlsze	Mon Jun 08 14:58:41 +0000 2020	256	42	Oxford cuantifica cuán estrictas fueron esas medidas. Las medidas de 🇳🇿 fueron super estrictas, al igual que las de 🇦🇷. Otra vez, recordemos que respuestas “light” hubo en 🇸🇪, 🇨🇱 y 🇧🇷, por citar un par de ejemplos. Así les está yendo. https://t.co/C40PsU9Nun	https://twitter.com/SantiOlsze/status/1270007347000344579	[]
SantiOlsze	Mon Jun 08 14:58:41 +0000 2020	333	48	"Dentro de las medidas que tomó el gobierno 🇳🇿 en las semanas que siguieron:

→ Cuarentena a viajeros.
→ Suspensión de eventos públicos.
→ Suspensión de clases.
→ Cierre de bares, cafés, restaurantes. 
→ Postergación de deudas y pago de servicios."	https://twitter.com/SantiOlsze/status/1270007345700012041	[]
SantiOlsze	Mon Jun 08 14:58:40 +0000 2020	278	38	"""We're going hard and we're going early,""  dijo la Primera Ministra de 🇳🇿 a fines de marzo. Así, empezó una de las respuestas más tempranas y exitosas del mundo. https://t.co/bTgJbsHnUG"	https://twitter.com/SantiOlsze/status/1270007343728799745	[]
SantiOlsze	Mon Jun 08 14:58:40 +0000 2020	242	38	La primera que quiero mostrar es un índice sobre la respuesta gubernamental en general que junta esos diferentes aspectos. La respuesta de 🇳🇿 fue de las más altas del mundo. La de 🇦🇷, también. Recordemos que entre los países con respuesta más pobre están Brasil y Chile. https://t.co/HpneuCv8Xn	https://twitter.com/SantiOlsze/status/1270007342130741249	[]
SantiOlsze	Mon Jun 08 14:58:40 +0000 2020	176	23	Para ver la respuesta gubernamental, Oxford provee unas métricas interesantes. Considera aspectos restrictivos y acciones protectivas de la economía y de los sistemas de salud. https://t.co/2myZp5jB4w	https://twitter.com/SantiOlsze/status/1270007340440391689	[]
SantiOlsze	Mon Jun 08 14:58:39 +0000 2020	316	58	Ahora sí , empecemos. La movilidad en 🇳🇿 fue de las que más se redujeron EN EL MUNDO. Comparado con 🇦🇷, estuvo bastante más restringida la mayoría del tiempo. https://t.co/heH5xcPay1	https://twitter.com/SantiOlsze/status/1270007338796232715	[]
SantiOlsze	Mon Jun 08 14:58:39 +0000 2020	354	42	Para dar un poco de contexto, Nueva Zelanda 🇳🇿 es una isla con menos habitantes que Nueva York, con el doble de PBI per cápita que Argentina e inversión en CyT cercana al 2% de ese PBI. https://t.co/girFnPLi7i	https://twitter.com/SantiOlsze/status/1270007337290432512	[]
SantiOlsze	Mon Jun 08 14:58:39 +0000 2020	2376	965	"🇳🇿NUEVA ZELANDA🇳🇿

SIN RESTRICCIONES?  Veamos.... https://t.co/VzUJRMikLv"	https://twitter.com/SantiOlsze/status/1270007335738630150	[]
SantiOlsze	Mon Jun 08 00:01:01 +0000 2020	13	0	@rquiroga777 @jorgeluisaliaga Y justificaron toda su (in) acción en su supuesta baja letalidad... Qué desastre.	https://twitter.com/SantiOlsze/status/1269781438905401344	[]
SantiOlsze	Sun Jun 07 21:36:07 +0000 2020	2	0	@jeremiasincicco @AgrupacionRG @dhurtado171045 @AgenciaTSS @NChiarante @AlcainJuli @NicolasDeza @diegodroger @VictoriaFlexer @LucianaBertoia @GamarnikLab @chaquetumate @NicolasNM @PortoEdu @es_cen Gracias!	https://twitter.com/SantiOlsze/status/1269744976444960768	[]
SantiOlsze	Sun Jun 07 01:59:43 +0000 2020	4	0	"@Rodri_LP @dani14677 No me parece que tenga sentido analizar el total. Si ""derrochaste"" tests al principio o testeaste bien durante mucho tiempo no te salva de estar testeando poco ahora."	https://twitter.com/SantiOlsze/status/1269448925636956160	[]
SantiOlsze	Sun Jun 07 01:53:48 +0000 2020	1	0	@dani14677 Argentina los reporta todas las mañanas en la conferencia de prensa. CABA está alrededor de 35% y Provincia, 25%.	https://twitter.com/SantiOlsze/status/1269447435992084480	[]
SantiOlsze	Sun Jun 07 01:43:23 +0000 2020	163	53	"🇨🇱 CHILE 🇨🇱

""Chile tiene muchos casos porque testea mucho"". 

Falso absolutamente. Está subtesteando desde hace al menos un mes. Para evitar el subtesteo se recomienda mantener el porcentaje menor al 10%. Chile tiene días con 40% de positividad! https://t.co/WAGW9YhXVj"	https://twitter.com/SantiOlsze/status/1269444816255037440	[]
SantiOlsze	Sat Jun 06 22:40:04 +0000 2020	1	0	"@jeremiasincicco @Tonga23 Tal cual.  El ""pico"" que vemos manifiesta, como dice Jeremías, reducción de la tasa de contagios gracias a las cuarentenas! Para Italia lo traté de mostrar acá: https://t.co/yip1EJ3Iaq"	https://twitter.com/SantiOlsze/status/1269398680299323399	[]
SantiOlsze	Sat Jun 06 22:24:35 +0000 2020	16	5	"🇨🇱 CHILE 🇨🇱

Santiago lleva 19 días consecutivos decretando más de 3000 casos diarios de coronavirus. Es la primera vez que logran estabilizar los casos. No es casual: alcanzan este equilibrio a las tres semanas de haber declarado la cuarentena total del Área Metropolitana. https://t.co/zMs7kJoVz7"	https://twitter.com/SantiOlsze/status/1269394785799897088	[]
SantiOlsze	Sat Jun 06 14:20:33 +0000 2020	1	0	@javierlopez2014 Hola Javier! Dejé a Venezuela, Colombia y Centroamérica para un posterior análisis que tengo pendiente. Para tantos países se hacían difíciles de ver los gráficos. Pero pronto vendrá.	https://twitter.com/SantiOlsze/status/1269272972474318851	[]
SantiOlsze	Sat Jun 06 14:04:42 +0000 2020	23	7	Las diferencias entre controlar más o menos la pandemia se cuentan en vidas. Y acá están las que se cobró en Suecia comparado con su vecino Finlandia y con Argentina. Suecia tiene solo 10 millones de habitantes. https://t.co/cnbF9ib8OY	https://twitter.com/SantiOlsze/status/1269268983246716928	[]
SantiOlsze	Sat Jun 06 14:04:41 +0000 2020	10	5	Esto depende de cuánto haya restringido la movilidad el propio gobierno. La respuesta del gobierno sueco, según la Escuela de Gobierno de Oxford, fue de las menos estrictas del mundo. https://t.co/j9nnwlxg7I	https://twitter.com/SantiOlsze/status/1269268981724123137	[]
SantiOlsze	Sat Jun 06 14:04:41 +0000 2020	9	4	Para comparar con un vecino cercano, los niveles de movilidad finlandeses 🇫🇮 fueron mucho menores que los de Suecia durante el momento de máximo contagio. https://t.co/2PsiRYLqes	https://twitter.com/SantiOlsze/status/1269268979970904065	[]
SantiOlsze	Sat Jun 06 14:04:40 +0000 2020	156	76	"🇸🇪 SUECIA 🇸🇪
Suecia está demostrando lo que muchos venimos diciendo: el pico no ocurre a menos que se tomen medidas de contención rigurosas que reduzcan la tasa de contagio. Con políticas light y recomendaciones, después de una meseta vuelven a dispararse los casos en Suecia. https://t.co/KVmxlhGl2F"	https://twitter.com/SantiOlsze/status/1269268978335129601	[]
SantiOlsze	Fri Jun 05 22:33:47 +0000 2020	2	0	Hay días con más casos y días con menos, pero no se puede hablar de repunte todavía. Italia🇮🇹 lleva un más de un mes con tendencia a tener cada vez menos casos.  Ojo, por ahora. Ya hay varios ejemplos de rebrotes que obligan a dar marcha atrás. https://t.co/dM41gqIJKy https://t.co/Q2oCxCHIYN	https://twitter.com/SantiOlsze/status/1269034711155912707	[]
SantiOlsze	Fri Jun 05 13:20:17 +0000 2020	21	1	"@rquiroga777 Y decir ""estamos testeando más"" con porcentaje de positividad diario en torno al 30% es directamente mentir."	https://twitter.com/SantiOlsze/status/1268895418781401088	[]
SantiOlsze	Fri Jun 05 01:30:09 +0000 2020	6	2	Una buena: se verifica un cambio de tendencia en la movilidad en Buenos Aires. Después de una suba casi continua desde la declaración de la cuarentena, llevamos aproximadamente una semana con niveles constantes de movilidad. https://t.co/tYdWtmCiKS	https://twitter.com/SantiOlsze/status/1268716708115763200	[]
SantiOlsze	Thu Jun 04 23:28:31 +0000 2020	1	0	@Cosmonautita @elua_ok Jaja anoto para la próxima. Primera vez que uso esa tipografía y fracasó 🥺	https://twitter.com/SantiOlsze/status/1268686098785538048	[]
SantiOlsze	Thu Jun 04 22:14:14 +0000 2020	1	0	@ClausAgustin @pabloduggan Está la fuente! Ahí de subtítulo	https://twitter.com/SantiOlsze/status/1268667404177027072	[]
SantiOlsze	Thu Jun 04 22:06:40 +0000 2020	0	0	cc @ernestorr, @rquiroga777, @norabar, @mmbarrionuevo, @NicoOlsze	https://twitter.com/SantiOlsze/status/1268665500227297282	[]
SantiOlsze	Thu Jun 04 22:04:35 +0000 2020	2	0	@ClausAgustin @pabloduggan Jaja. Me dió RT. Cuenta como fracción de cita, creo.	https://twitter.com/SantiOlsze/status/1268664975712813064	[]
SantiOlsze	Thu Jun 04 21:08:22 +0000 2020	14	0	Hace unos días se largó la segunda fase del desconfinamiento en 🇮🇹, cuyos efectos todavía tenemos que esperar para ver. Esperanza, claro está, ver empezar a moverse a un país que sufrió mucho. Mucha cautela, porque sabemos que existen los rebrotes y exigen rápida marcha atrás.	https://twitter.com/SantiOlsze/status/1268650828962938881	[]
SantiOlsze	Thu Jun 04 21:08:22 +0000 2020	18	4	Incluso así, y tras casi un mes de la primera fase del desconfinamiento, 🇮🇹 hoy tiene niveles de movilidad cercanos al 50% de su basal. Para comparar en 🇦🇷 estamos alrededor del 40%. https://t.co/G9mXgwBhqh	https://twitter.com/SantiOlsze/status/1268650827293626380	[]
SantiOlsze	Thu Jun 04 21:08:21 +0000 2020	12	0	Italia 🇦🇷 entró en cuarentena total el 15-3 con más de 1000 casos por día. Para fines de marzo empezaron a manifestarse los efectos del aislamiento y se controló el crecimiento (sí, eso es el pico). Ese pico implicó casi 6000 casos diarios  y en total llevan más de 35000 muertes. https://t.co/cedZvETGjk	https://twitter.com/SantiOlsze/status/1268650825578053639	[]
SantiOlsze	Thu Jun 04 21:08:21 +0000 2020	126	45	"🇮🇹 ITALIA  y DESCONFINAMIENTO🇮🇹

Italia se mantuvo con niveles de movilidad mínimos durante todo el pico de la pandemia y solo después de 𝐦𝐚́𝐬 𝐝𝐞 𝐝𝐨𝐬 𝐬𝐞𝐦𝐚𝐧𝐚𝐬 𝐚 𝐥𝐚 𝐛𝐚𝐣𝐚, empezó el desconfinamiento. Por ahora, con buenos resultados. https://t.co/otqnHx8liR"	https://twitter.com/SantiOlsze/status/1268650823300546561	[]
SantiOlsze	Thu Jun 04 12:26:42 +0000 2020	2	1	Al respecto, Emmanuel Alvarez Agis  (@pxqconsultora) publicó esta nota en https://t.co/bsl9td9ym9	https://twitter.com/SantiOlsze/status/1268519545234509825	[]
SantiOlsze	Thu Jun 04 12:12:09 +0000 2020	2	0	@jeremiasincicco @LomascoloSilvia @ernestorr El que publiqué es con el rolling average de los últimos 3 días. Es código simple así que se puede cambiar. Cualquier cosa mandame MP! Abrazo.	https://twitter.com/SantiOlsze/status/1268515883934199810	[]
SantiOlsze	Thu Jun 04 12:11:06 +0000 2020	2	0	@jeremiasincicco @LomascoloSilvia @ernestorr La curva de movilidad empieza antes simplemente porque tenemos data de movilidad pre-covid. Termina antes porque tardan un par de días en actualizar los reportes de Google. Pero cada valor de X corresponde al mismo día calendario, claramente.	https://twitter.com/SantiOlsze/status/1268515621685395460	[]
SantiOlsze	Thu Jun 04 12:09:47 +0000 2020	2	0	@jeremiasincicco @LomascoloSilvia @ernestorr Gracias! Aparecen desfasadas 15 días en la animación. Esto lo hago simplemente porque sabemos que toda medida de contención se empieza a reflejar 15 días después, aproximadamente. En la animación de Sgo de Chile es claro. Se plancha 15 días después de la cuarentena total.	https://twitter.com/SantiOlsze/status/1268515287768412163	[]
SantiOlsze	Wed Jun 03 23:16:45 +0000 2020	0	0	@Felix_Martin_Tw @pabloduggan En todo el mundo los números son bastante parecidos. Alrededor de un 20% de las muertes corresponden a &lt;60 años.	https://twitter.com/SantiOlsze/status/1268320750156615680	[]
SantiOlsze	Wed Jun 03 21:51:16 +0000 2020	22	1	Pablo Duggan (@pabloduggan ) mostrando las animaciones de movilidad y coronavirus que compartí acá ayer. Gracias!  Salen de acá:  https://t.co/rWKvX4Fpf0 https://t.co/13GInjhIrX	https://twitter.com/SantiOlsze/status/1268299234698235907	[]
SantiOlsze	Wed Jun 03 18:47:09 +0000 2020	0	0	"@CArgentea @pabloduggan Corresponden al mismo período de tiempo. ""Corren"" a tiempos diferentes para tratar de reflejar lo que ya se sabe que es que cualquier cambio en las medidas de contención de la pandemia se reflejan en los casos/muertes aproximadamente 15 días después."	https://twitter.com/SantiOlsze/status/1268252903975911424	[]
SantiOlsze	Wed Jun 03 12:41:53 +0000 2020	0	0	@Felix_Martin_Tw @pabloduggan En EEUU, por citar un ejemplo, se murieron más de 10.000 personas menores a 60 años por coronavirus.	https://twitter.com/SantiOlsze/status/1268160977675137024	[]
SantiOlsze	Wed Jun 03 02:48:12 +0000 2020	0	0	@ernestorr @LomascoloSilvia Gracias!	https://twitter.com/SantiOlsze/status/1268011574394052609	[]
SantiOlsze	Wed Jun 03 02:48:00 +0000 2020	2	0	@LomascoloSilvia @ernestorr En mi funciona como un alerta. Sabemos que la única forma de controlar el avance es aislándonos, pero no paramos de acercarnos. La relación entre las dos variables es evidentemente muy compleja.	https://twitter.com/SantiOlsze/status/1268011523269693440	[]
SantiOlsze	Wed Jun 03 02:30:22 +0000 2020	1	0	Cc @ernestorr @LomascoloSilvia	https://twitter.com/SantiOlsze/status/1268007087566729224	[]
SantiOlsze	Tue Jun 02 22:45:36 +0000 2020	6	3	En Santiago de Chile 🇨🇱 se optó por un sistema de cuarentenas por comunas (incluso, por calles) y en el resto de la ciudad se dispararon los casos. Ahora, parecen haberse estabilizado en más de 3000(!!!!!) casos diarios tras decretar la cuarentena total. https://t.co/SZ7l3RMI24	https://twitter.com/SantiOlsze/status/1267950523157798917	[]
SantiOlsze	Tue Jun 02 22:45:36 +0000 2020	4	7	En CABA se ve la misma tendencia que lo que se ve en PBA en el twit anterior. La movilidad aumenta y los casos acompañan. https://t.co/YUCQkJQzat	https://twitter.com/SantiOlsze/status/1267950521157025792	[]
SantiOlsze	Tue Jun 02 22:45:35 +0000 2020	139	58	"🚶‍♂️🇦🇷👑 MOVILIDAD Y CORONAVIRUS 🚶‍♂️🇦🇷👑 

La movilidad sigue aumentando Capital Federal y en Provincia de Buenos Aires . Tenemos record de casos casi a diario! Es EL momento preciso para endurecer las medidas y prevenir futuras muertes. https://t.co/oEeSI6wZK2"	https://twitter.com/SantiOlsze/status/1267950519252914180	[]
SantiOlsze	Mon Jun 01 03:47:48 +0000 2020	0	0	@NorberFerreyros Se me pasó. Igualmente, no hay información de todos los países. Acá te dejo la info que hay: https://t.co/vAW9fQrVWD	https://twitter.com/SantiOlsze/status/1267301798907387905	[]
SantiOlsze	Mon Jun 01 03:18:22 +0000 2020	1	0	cc @felipevergaram	https://twitter.com/SantiOlsze/status/1267294390738989063	[]
SantiOlsze	Mon Jun 01 03:18:08 +0000 2020	0	0	@felipevergaram Gracias!	https://twitter.com/SantiOlsze/status/1267294333214101504	[]
SantiOlsze	Mon Jun 01 03:08:51 +0000 2020	0	0	Para mis nuevos seguidores vecinos @gsilvacuadra   @GuidoRomo	https://twitter.com/SantiOlsze/status/1267291994134642690	[]
SantiOlsze	Mon Jun 01 01:44:56 +0000 2020	6	0	@emmaiarussi Si se entera de que hay que rendir cuentas por una resma de hojas A4 se cae de orto	https://twitter.com/SantiOlsze/status/1267270878154428417	[]
SantiOlsze	Mon Jun 01 00:21:56 +0000 2020	1	0	@XimenaAbrevaya @IntraMednet Hola @XimenaAbrevaya. Tenés razón en que hay que considerar los % de positividad. No todos los países comparten esa información. Acá te dejo la información de los que sí publican los testeos diarios. https://t.co/vAW9fQrVWD. Argentina y Chile, totalmente comparables.	https://twitter.com/SantiOlsze/status/1267249991464235009	[]
SantiOlsze	Sun May 31 23:24:35 +0000 2020	3	0	@SergioSergue @ger14158551 @rquiroga777 Un sistema de datos desprolijo. Tienen días que desconfirman más casos que los que confirman y tienen casos negativos.	https://twitter.com/SantiOlsze/status/1267235556582457344	[]
SantiOlsze	Sun May 31 22:50:21 +0000 2020	1	0	@tcalderon92 Hola, gracias por el aguante. Muchas de estas cosas se ven intuyen pero siempre es mejor verlo gráficamente. Te mando un mensaje directo. Saludos.	https://twitter.com/SantiOlsze/status/1267226940609568769	[]
SantiOlsze	Sun May 31 18:35:31 +0000 2020	1	0	@Lopez_Marianoa @NicoOlsze Gracias!	https://twitter.com/SantiOlsze/status/1267162810246672390	[]
SantiOlsze	Sun May 31 18:35:16 +0000 2020	1	0	"@alexander2020d @Facundo_Chaco Viste las caídas de PBI proyectadas para los países que """"""""""""priorizaron la economía"""""""""" ?"	https://twitter.com/SantiOlsze/status/1267162747495743500	[]
SantiOlsze	Sun May 31 17:28:11 +0000 2020	0	0	@threadreaderapp unroll https://t.co/JHHyyTzt1c	https://twitter.com/SantiOlsze/status/1267145867401797633	[]
SantiOlsze	Sun May 31 14:41:43 +0000 2020	37	17	"Para eso, @NicoOlsze, @rquiroga777 , @jorgeluisaliaga y muchos otros que vienen alertando sobre esta situación lanzaron una carta (""Un esfuerzo  adicional para salvar vidas"") con la posibilidad de adherir al reclamo. Es mucho muy importante actuar YA!  https://t.co/w7YSOyamaO"	https://twitter.com/SantiOlsze/status/1267103971262504963	[]
SantiOlsze	Sun May 31 14:41:42 +0000 2020	24	4	La respuesta precoz nos ahorró muchas vidas y permitió controlar la situación en la mayoría del territorio nacional 🇦🇷 . Es necesario redoblar los esfuerzos en el AMBA y el Gran Resistencia para evitar escaladas exponenciales, que ya sabemos que ningún sistema de salud tolera.	https://twitter.com/SantiOlsze/status/1267103969912000515	[]
SantiOlsze	Sun May 31 14:41:42 +0000 2020	16	5	Argentina 🇦🇷 está en el medio. Tiene indicadores de respuesta gubernamental de entre los mejores de la región habiéndose ANTICIPADO a la escalada de casos. Así, tiene relativamente pocos casos y una escalada más lenta que los otros países.	https://twitter.com/SantiOlsze/status/1267103968515305472	[]
SantiOlsze	Sun May 31 14:41:42 +0000 2020	17	5	"En síntesis, este subset de países que elegí se divide en varios grupos. Primero, el dúo 🇧🇷🇨🇱 con muchísimos casos, muchísimas muertes y una pobrísima respuesta. 
Segundo, el par 🇵🇪🇪🇨 fue inicialmente sorprendido por la pandemia y, aunque tarde, respondió severamente."	https://twitter.com/SantiOlsze/status/1267103967118536705	[]
SantiOlsze	Sun May 31 14:41:41 +0000 2020	17	4	Por último, me parece importante destacar las medidas de apoyo económico. Esto considera asignaciones generales, alivios fiscales, apoyo a inquilinos, entre otras.  🇪🇨,🇵🇪 y 🇦🇷 son los países que más ayudaron económicamente a su población. 🇧🇷 y 🇨🇱, los que menos. https://t.co/lKSLtatG8T	https://twitter.com/SantiOlsze/status/1267103965168222208	[]
SantiOlsze	Sun May 31 14:41:41 +0000 2020	16	5	Oxford también analiza cuán estrictas fueron esas medidas. Nuevamente, 🇧🇷 y 🇨🇱  con respuestas pobres. 🇪🇨,🇵🇪 y 🇦🇷 fueron los países que más rigurosamente respondieron. https://t.co/8Cm2t6IKov	https://twitter.com/SantiOlsze/status/1267103962869743617	[]
SantiOlsze	Sun May 31 14:41:40 +0000 2020	22	7	La primera que quiero mostrar es un índice sobre la respuesta gubernamental en general,que junta esos diferentes aspectos. 🇧🇷 y 🇨🇱 son dos de los países más afectados y (oh casualidad) los que respondieron más pobremente. https://t.co/e6kcGvjgky	https://twitter.com/SantiOlsze/status/1267103961032593413	[]
SantiOlsze	Sun May 31 14:41:40 +0000 2020	14	5	Ahora que vimos cómo está cada país, es importante destacar cómo actuó cada gobierno. Para esto, Oxford provee unas métricas interesantes en este sentido. Considera aspectos restrictivos (e. g. cuarentena) y acciones protectivas de la economía y de los sistemas de salud. https://t.co/0fRNG5hy6f	https://twitter.com/SantiOlsze/status/1267103959128424448	[]
SantiOlsze	Sun May 31 14:41:39 +0000 2020	23	5	La movilidad de TODOS los países se redujo considerablemente comparando con febrero.  El país menos afectado (🇺🇾) y el más afectado (🇧🇷) son los que más movilidad tienen. 🇦🇷, en el medio. En 🇵🇪, la movilidad en estaciones de transporte público es del 20% de lo que era. https://t.co/U85NUybMAV	https://twitter.com/SantiOlsze/status/1267103957278765056	[]
SantiOlsze	Sun May 31 14:41:39 +0000 2020	22	8	No es novedad que 🇧🇷 arrasa también en las muertes totales. Es el cuarto país DEL MUNDO en este triste ranking.  Pero en este caso al comparar según la población de cada país aparece 🇪🇨 arriba de todo. Relacionado con esto, la letalidad (muertes/casos) más alta se ve en 🇪🇨. https://t.co/57moCm70di	https://twitter.com/SantiOlsze/status/1267103955441639424	[]
SantiOlsze	Sun May 31 14:41:38 +0000 2020	33	12	🇧🇷 es el segundo país con más casos del mundo y, por afano, el primero en Sudamérica.  Ahora, si miramos los casos por millón de habitantes, vemos que 🇨🇱 y 🇵🇪 pican en punta. Es decir, teniendo en cuenta las poblaciones de cada país, Chile es el país con más casos del continente. https://t.co/LbDs6nECK0	https://twitter.com/SantiOlsze/status/1267103953646489600	[]
SantiOlsze	Sun May 31 14:41:38 +0000 2020	273	147	"🇨🇱🇦🇷🇧🇷🇪🇨🇺🇾🇵🇪 
LATINOAMÉRICA      
🇨🇱🇦🇷🇧🇷🇪🇨🇺🇾🇵🇪

→ Incidencia
→ Letalidad
→ Movilidad
→ Respuesta de los gobiernos

Un resumen de los principales indicadores para ver cómo está el continente frente al COVID y cómo se enmarca Argentina en este contexto. https://t.co/pRUfYR4v1I"	https://twitter.com/SantiOlsze/status/1267103951830355971	[]
SantiOlsze	Sat May 30 14:45:00 +0000 2020	17	5	"Pandemia, movilidad e 'infectadura'.   Una pequeña charla en @labrujula24 con @jbaridonok y @AnaTarabelli.

https://t.co/UvFCMOTzgk https://t.co/d6UONOw2dq"	https://twitter.com/SantiOlsze/status/1266742410505326592	[]
SantiOlsze	Sat May 30 13:42:42 +0000 2020	12	0	No se entiende bien la tapa de Time. https://t.co/CPU421vumz	https://twitter.com/SantiOlsze/status/1266726734247927815	[]
SantiOlsze	Sat May 30 13:17:36 +0000 2020	1	1	@jbaridonok Ni la cuarentena más larga del mundo, ni la cuarentena más estricta del mundo. Lo que sí, decenas de miles de muertos por coronavirus menos. https://t.co/b7f6n2wZRN	https://twitter.com/SantiOlsze/status/1266720415696719874	[]
SantiOlsze	Fri May 29 23:27:04 +0000 2020	2	0	La movilidad general de la ciudad no se modificó con las cuarentenas parciales que se decretaron a fines de marzo y a principios de abril. Sin embargo, con la cuarentena total del Área Metropolitana se lograron los niveles más bajos de movilidad desde que empezó todo esto.	https://twitter.com/SantiOlsze/status/1266511404183498752	[]
SantiOlsze	Fri May 29 23:25:21 +0000 2020	10	1	En 🇨🇱, el problema se concentra en Santiago. Tras varias cuarentenas parciales (por comunas) que no lograron controlar la escalada de casos, se decretó la cuarentena total el 15/5. Hoy, 14 días después, parecen empezar a estabilizarse los nuevos casos en torno a los 3500 diarios. https://t.co/l6frHf2rtb	https://twitter.com/SantiOlsze/status/1266510972673556492	[]
SantiOlsze	Fri May 29 22:42:50 +0000 2020	0	0	Hola, @bbimbi, qué tal? Te podré hacer una consulta por MD? Gracias!	https://twitter.com/SantiOlsze/status/1266500273503158284	[]
SantiOlsze	Fri May 29 12:58:54 +0000 2020	5	0	La consistencia y la claridad habitual de @ElGatoyLaCaja hoy en conferencia ministerial. Impecable. Un gusto (y un deber!) escuchar. https://t.co/BXmVcwTLOP	https://twitter.com/SantiOlsze/status/1266353322639994882	[]
SantiOlsze	Thu May 28 20:57:52 +0000 2020	0	0	Hola, @mmbarrionuevo. Mirá el perfil en CABA!	https://twitter.com/SantiOlsze/status/1266111471659909121	[]
SantiOlsze	Thu May 28 18:12:33 +0000 2020	66	20	Aumentar la circulación (gris) genera que unos días después comiencen a aumentar los casos (celeste). Hoy por hoy la mejor forma de contener la circulación del virus es quedándonos en casa! https://t.co/zi0KhAGadg	https://twitter.com/SantiOlsze/status/1266069869088272384	[]
SantiOlsze	Thu May 28 01:44:15 +0000 2020	1	0	@Facundo_Chaco Publicado	https://twitter.com/SantiOlsze/status/1265821153769201670	[]
SantiOlsze	Thu May 28 01:43:54 +0000 2020	2	1	Chaco está por retornar a sus niveles de circulación normal  y allí también se están disparando los casos. Hace 10 días, de cuando tenemos el último dato de movilidad disponible, ésta era aproximadamente un 80% de la movilidad pre-pandemia. Y subiendo. https://t.co/wSuxdzZYzM	https://twitter.com/SantiOlsze/status/1265821065269428224	[]
SantiOlsze	Wed May 27 22:26:49 +0000 2020	0	0	@Facundo_Chaco Tengo los datos y el código. Hoy a la noche/mañana lo publico.	https://twitter.com/SantiOlsze/status/1265771468564111362	[]
SantiOlsze	Wed May 27 20:56:32 +0000 2020	4	0	@Lady_Deea @osplo @NicoOlsze @ernestorr Lo que es muy interesante de ver es que EL MUNDO ESTÁ EN CUARENTENA. Todas las lineas grises del fondo del gráfico son el resto de los países. La gran gran mayoría tiene mucho menor movimiento que su basal.	https://twitter.com/SantiOlsze/status/1265748745389518848	[]
SantiOlsze	Wed May 27 20:46:14 +0000 2020	0	0	@tomaswainer No sé si tanto pero qué lindo leerlo.	https://twitter.com/SantiOlsze/status/1265746156312764419	[]
SantiOlsze	Wed May 27 18:54:25 +0000 2020	8	7	Hoy Italia reportó un 50% más de casos que ayer. Ayer mismo avisé que me preocupaba que esto pasara. Espermos que sea un dato atípico y no el comienzo de una, otra,  escalada. https://t.co/xiDWkFUl4H	https://twitter.com/SantiOlsze/status/1265718014621736962	[]
SantiOlsze	Wed May 27 17:29:16 +0000 2020	5	1	"¿De dónde sale esto? En Oxford diseñaron una herramienta de monitoreo de políticas de gobierno. Uno de los aspectos que calculan es el ""stringency index"", algo que cuantifica cuán estrictas son las medidas en base a diversos indicadores. Más información: https://t.co/8FNx0M8YuX https://t.co/ONQTqxA9f0"	https://twitter.com/SantiOlsze/status/1265696585175965699	[]
SantiOlsze	Wed May 27 17:29:15 +0000 2020	11	3	"Las medidas para contener al COVID en Argentina fueron mucho más estrictas que en Suecia. Recordemos que Suecia optó inicialmente por la política de la ""inmunización natural"". Hoy, Suecia tiene 10 veces más muertos por COVID que Argentina con 1/4 de nuestra población. https://t.co/hztatoP4mJ"	https://twitter.com/SantiOlsze/status/1265696583405965314	[]
SantiOlsze	Wed May 27 12:47:52 +0000 2020	6	1	Muéstrame la tapa de tus principales diarios y te diré en qué etapa de la pandemia estás. https://t.co/IwPJP6vexg	https://twitter.com/SantiOlsze/status/1265625770396979202	[]
SantiOlsze	Wed May 27 00:33:14 +0000 2020	2	0	@aalmada1982 @LomascoloSilvia @rquiroga777 @carlavizzotti @ginesggarcia @alferdez La experiencia de Corea del Sur es ejemplar. Montar un sistema de testeo como el de ellos requiere infraestructura y personal que solo se logra después de muchos años de invertir en CyT y Salud. Comparar un país con &gt;5% del PBI en CyT contra un golpeado 0,5% no tiene sentido. https://t.co/5dpgEmUtWZ	https://twitter.com/SantiOlsze/status/1265440893894606849	[]
SantiOlsze	Tue May 26 21:25:35 +0000 2020	0	0	"@adrian_roitberg La hipótesis se ve hoy por la negativa: la única forma en que se controlaron los casos en el mundo fue con la cuarentena. Para ver efectivamente qué pasa con el aumento de movilidad, tenemos que esperar a ver ""segundos picos"" post-cuarentenas. Fijate el gráfico de 🇮🇹 en otro tw."	https://twitter.com/SantiOlsze/status/1265393668611072002	[]
SantiOlsze	Tue May 26 21:12:49 +0000 2020	0	0	@adrian_roitberg En Argentina todas las provincias tuvieron aumentos de movilidad. Algunas están por llegar al nivel basal, incluso. La cuarentena se estableció para todas al mismo tiempo, no se me ocurre qué elegir como control. Si se te ocurre, lo ploteo así lo vemos!	https://twitter.com/SantiOlsze/status/1265390457309351936	[]
SantiOlsze	Tue May 26 20:47:55 +0000 2020	2	0	@ernestorr viste esto? Qué perfil distinto al que compartiste recién de Israel. La tendencia al aumento de movilidad en CABA y, sobretodo, en GBA asusta.	https://twitter.com/SantiOlsze/status/1265384192860459009	[]
SantiOlsze	Tue May 26 18:45:38 +0000 2020	3	1	Entre el anuncio de suspensión de clases y el decreto de la cuarentena obligatoria pasaron 5 días. En esos 5 días, la movilidad en Argentina bajó un 50%. https://t.co/PPp00t1Dvj	https://twitter.com/SantiOlsze/status/1265353417603584000	[]
SantiOlsze	Tue May 26 15:45:25 +0000 2020	0	0	Con la inmunidad poblacional en torno al 5% y sin cuarentena, en Italia les queda confiar en la higiene personal, el uso del tapabocas y el respeto a la distancia entre personas para controlar la pandemia. Será suficiente?	https://twitter.com/SantiOlsze/status/1265308064435130369	[]
SantiOlsze	Tue May 26 15:42:49 +0000 2020	9	1	En 🇮🇹, durante el pico de casos la movilidad fue mínima y solo empezó a aumentar al bajar los casos. GRACIAS A LA CUARENTENA, bajaron los casos por día y la gente pudo empezar a salir.  El aumento de movilidad precederá un nuevo pico? Mi gran miedo. https://t.co/J6Xoc37TgX	https://twitter.com/SantiOlsze/status/1265307412015300609	[]
SantiOlsze	Tue May 26 12:22:28 +0000 2020	2	0	@NicoOlsze Y, aunque pasaron el pico, tampoco logran la manera de circular sin cuarentena. Tenemos las mismas restricciones de circulación y decenas de miles de muertos menos. https://t.co/12doIlaEbQ	https://twitter.com/SantiOlsze/status/1265256989124419584	[]
SantiOlsze	Mon May 25 22:52:29 +0000 2020	4	0	@aalmada1982 @rquiroga777 Lo vienen explicando a la perfección @carlavizzotti, @ginesggarcia  y @alferdez desde el principio.	https://twitter.com/SantiOlsze/status/1265053152006615042	[]
SantiOlsze	Mon May 25 22:51:14 +0000 2020	0	0	"@luzaid Google, con la ubicación de los dispositivos, sabe cuánta gente circuló en un lugar. Y se compara contra un promedio anterior esperado para ese día de la semana. El 0% sería algo así como ""la cantidad de gente que circuló por lugares de este estilo es igual al promedio pasado"""	https://twitter.com/SantiOlsze/status/1265052835273682946	[]
SantiOlsze	Mon May 25 22:47:15 +0000 2020	8	0	@aalmada1982 @rquiroga777 Tal vez con un sistema de salud como el noruego en vez de uno en quiebra hubieramos podido hacer trackeo de contactos desde el principio. Mientras se contruye ese sistema a contrarreloj, recurrimos al aislamiento como medida de prevención.  https://t.co/W1vncmMXwb	https://twitter.com/SantiOlsze/status/1265051834764361729	[]
SantiOlsze	Mon May 25 22:43:40 +0000 2020	5	0	@GaboIsComing @rquiroga777 Hola! Salen de acá https://t.co/UU8GubLmcC	https://twitter.com/SantiOlsze/status/1265050930963234818	[]
SantiOlsze	Mon May 25 21:34:38 +0000 2020	90	48	La movilidad (gris) aumenta en los distritos más complicados y se disparan los casos nuevos (celeste). En este contexto, más que nunca, #QuedateEnCasa . https://t.co/JXU6UElvkb	https://twitter.com/SantiOlsze/status/1265033560941113345	[{'text': 'QuedateEnCasa', 'indices': [136, 150]}]
SantiOlsze	Mon May 25 21:15:06 +0000 2020	1	0	@rquiroga777 Ah no te la pué	https://twitter.com/SantiOlsze/status/1265028645875257344	[]
SantiOlsze	Sat May 23 22:18:30 +0000 2020	0	0	Mi poetuit (https://t.co/ARz4nPRlqN) https://t.co/S1ld9LK4WM	https://twitter.com/SantiOlsze/status/1264319822634061825	[]
SantiOlsze	Wed May 20 22:53:42 +0000 2020	2	0	@ramiro_uqz @NicoOlsze Los chicos de @ElGatoyLaCaja venían ploteando https://t.co/o2ILMaoWNS	https://twitter.com/SantiOlsze/status/1263241519261200384	[]
SantiOlsze	Tue May 19 14:42:10 +0000 2020	1	0	@rquiroga777 Gracias a vos por difundir este papelón	https://twitter.com/SantiOlsze/status/1262755431031570438	[]
SantiOlsze	Tue May 19 12:31:40 +0000 2020	2	0	Es interesante la cantidad de data de AÑOS que guardamos. Work in progress abierto para un analizador de chats de WhatsApp. El código: https://t.co/TJz7caTnD9 https://t.co/VWirrEJoB4	https://twitter.com/SantiOlsze/status/1262722591426560001	[]
SantiOlsze	Tue May 19 11:43:54 +0000 2020	1	0	@k_alle_va @jorgeluisaliaga @NicoOlsze @rquiroga777 @ernestorr @FabBallarini @norabar Ese discurso lo mantiene, pero no es esta nota. Él y Mariel Alejandre. Como si este fuera el contexto en el cual hay que dar la lucha por las incumbencias.	https://twitter.com/SantiOlsze/status/1262710570509307904	[]
SantiOlsze	Tue May 19 11:42:27 +0000 2020	0	0	@ViolenLita @NicoOlsze @ernestorr @rquiroga777 @jorgeluisaliaga @FabBallarini @norabar No se puede ser tolerante con las opiniones así cuando el peligro es que tiemble la salud pública.	https://twitter.com/SantiOlsze/status/1262710204426223618	[]
SantiOlsze	Tue May 19 11:41:33 +0000 2020	2	0	@JuanRizzo12 Ja, es verdad. Me sonaban de algún lado las pelotudeces.	https://twitter.com/SantiOlsze/status/1262709977145360385	[]
SantiOlsze	Tue May 19 00:57:29 +0000 2020	10	0	Me interesa que vean este mamarracho especialmente los que se vienen cargando al hombro la comunicación seria en este contexto:  @NicoOlsze,  @rquiroga777,  @jorgeluisaliaga , @ernestorr ,  @FabBallarini , @norabar  y muchos otros más.	https://twitter.com/SantiOlsze/status/1262547895603146752	[]
SantiOlsze	Tue May 19 00:53:57 +0000 2020	12	0	Su interés político parece ir más allá del de la salud pública, por la cual juró al recibir su diploma. No le hagan caso a los irresponsables, guíense por la opinión que predomina en el consenso y no confíen en alguien solo por su título.	https://twitter.com/SantiOlsze/status/1262547004359618562	[]
SantiOlsze	Tue May 19 00:53:57 +0000 2020	35	9	Marcelo Peretta en nombre del Sindicato de Farmacéuticos y Bioquímicos publica su opinión incentivando a romper la cuarentena con una nota que no resiste ni medio escrutinio. “Polemizar con la posición predominante”, como dice, es jugar con la muerte. https://t.co/ndc2fcBaOE	https://twitter.com/SantiOlsze/status/1262547002593882113	[]
SantiOlsze	Mon May 18 15:56:42 +0000 2020	0	0	Le he pedido a Alberto Fernández y el otro no sirve de nada https://t.co/b2EBn4daQC	https://twitter.com/SantiOlsze/status/1262411799388983304	[]
SantiOlsze	Mon May 18 13:06:57 +0000 2020	1	0	Y hoy se cumple un año calendario. https://t.co/7h0FkTocjU	https://twitter.com/SantiOlsze/status/1262369080406880264	[]
SantiOlsze	Sun May 17 20:53:45 +0000 2020	3	1	No confío en las canciones de menos de tres minutos.	https://twitter.com/SantiOlsze/status/1262124166624563202	[]
SantiOlsze	Sat May 16 17:42:44 +0000 2020	1	0	@Juli_Cricco @CFKArgentina @alferdez No falló mi memoria	https://twitter.com/SantiOlsze/status/1261713707379417088	[]
SantiOlsze	Sat May 16 14:37:13 +0000 2020	91	6	Un sábado de mayo como hoy hace un año, aproximadamente a esta hora, nos enteramos que @CFKArgentina había elegido al  próximo capitán. Y qué capitán. https://t.co/scKN5HYIDS	https://twitter.com/SantiOlsze/status/1261667021625921537	[]
SantiOlsze	Sat May 16 02:37:29 +0000 2020	0	0	@anitainesp https://t.co/2ewPXU7XjM	https://twitter.com/SantiOlsze/status/1261485896202846209	[]
SantiOlsze	Sat May 16 01:41:30 +0000 2020	4	0	Cada uno tiene su rol en los TPs de laboratorio grupales. Yo soy Salvarezza. Ustedes? https://t.co/PdMvYnAuTp	https://twitter.com/SantiOlsze/status/1261471806218596352	[]
SantiOlsze	Tue May 12 22:49:24 +0000 2020	3	4	¿A dónde vamos? https://t.co/ntZSHPcLsY	https://twitter.com/SantiOlsze/status/1260341334373740545	[]
SantiOlsze	Tue May 12 16:39:59 +0000 2020	2	0	@NicoOlsze @rccflorencia Nada más lindo que la familia unida	https://twitter.com/SantiOlsze/status/1260248366585348097	[]
SantiOlsze	Tue May 12 00:57:44 +0000 2020	18	3	"Miren lo que está pasando con el tiempo de duplicación en CABA. De verdad les parece controlado? El gráfico es de
@jorgeluisaliaga , un must-follow en este contexto. https://t.co/Kmwp53EtQK"	https://twitter.com/SantiOlsze/status/1260011240522276866	[]
SantiOlsze	Mon May 11 23:34:31 +0000 2020	4	0	@danyscht @SolCivale @MartinTrombetta No está autismo. Una victoria para la comunidad científica.	https://twitter.com/SantiOlsze/status/1259990298152841216	[]
SantiOlsze	Mon May 11 19:02:46 +0000 2020	0	0	@oxa163 Si. Cuando tosía en las reuniones de gabinete. Un penal errado por la humanidad (o la viralidad)	https://twitter.com/SantiOlsze/status/1259921912291110912	[]
SantiOlsze	Thu May 07 18:23:51 +0000 2020	0	0	@CamiKalaydjian También está la promo 4000 en 3 cuotas sin interés y envío gratis.	https://twitter.com/SantiOlsze/status/1258462565706973186	[]
SantiOlsze	Wed May 06 23:04:05 +0000 2020	2	0	Estamos todos de acuerdo con que Bolsonaro ya tuvo COVID y zafó, no?	https://twitter.com/SantiOlsze/status/1258170702458499072	[]
SantiOlsze	Mon May 04 21:14:43 +0000 2020	1	0	@lubartolomeu La bici!!!! 100%.	https://twitter.com/SantiOlsze/status/1257418403570233345	[]
SantiOlsze	Mon May 04 18:12:39 +0000 2020	1	0	@rccflorencia Creo que somos minoría eh. Gana el verano con su blend de transpiración propia-ajena y la falsa alegría.	https://twitter.com/SantiOlsze/status/1257372583655280643	[]
SantiOlsze	Mon May 04 17:56:14 +0000 2020	17	0	Unpopular opinion: qué lindo es el otoño en Buenos Aires. El frío, la lluvia, los colores.	https://twitter.com/SantiOlsze/status/1257368451569639425	[]
SantiOlsze	Sun May 03 15:50:43 +0000 2020	3	0	Acaso el coronavirus le ganó al parripollo de nuestra era? https://t.co/nFyxj66euK	https://twitter.com/SantiOlsze/status/1256974479047213058	[]
SantiOlsze	Sat May 02 13:51:19 +0000 2020	4	0	Google cuantifica el boom de los que no sabíamos que era la masa madre tras el boom de la masa madre. https://t.co/Q3w7S0NngN	https://twitter.com/SantiOlsze/status/1256582041543606274	[]
SantiOlsze	Sat May 02 12:42:57 +0000 2020	0	0	Adivinen si la encuesta se hizo en todo el país o solo en AMBA https://t.co/ZPkeJdbgQW	https://twitter.com/SantiOlsze/status/1256564838064623622	[]
SantiOlsze	Fri May 01 01:29:06 +0000 2020	7	0	La titular de una materia que tengo que cursar se llama Albertina. https://t.co/9g3wFBs3Y1	https://twitter.com/SantiOlsze/status/1256032870273073153	[]
SantiOlsze	Thu Apr 30 23:22:16 +0000 2020	3	0	"No me hago responsable de sus resultados, pero acá dejo  el código para analizar sus backups de Whatsapp
https://t.co/XmPV7jNAZL https://t.co/R9x2gohxLV"	https://twitter.com/SantiOlsze/status/1256000950273269762	[]
SantiOlsze	Thu Apr 30 18:17:22 +0000 2020	0	0	@WWWdotAR Compartimos contenido pero siempre garantizando seguridad.	https://twitter.com/SantiOlsze/status/1255924221320073216	[]
SantiOlsze	Thu Apr 30 17:12:04 +0000 2020	2	0	@NicoOlsze Busquen adentro de TODOS para una sorpresa bien Olszevicki	https://twitter.com/SantiOlsze/status/1255907786371796992	[]
SantiOlsze	Thu Apr 30 16:56:24 +0000 2020	0	0	Adivinen cuál de todos los demás es @NicoOlsze	https://twitter.com/SantiOlsze/status/1255903843205906433	[]
SantiOlsze	Thu Apr 30 16:56:08 +0000 2020	9	1	Continué el análisis para el grupo de la familia. Soy del pelotón de abajo, definitivamente. Tenemos una hermosa nube de palabras 😍. https://t.co/OyXqdM0MDi	https://twitter.com/SantiOlsze/status/1255903776755650565	[]
SantiOlsze	Wed Apr 29 21:43:02 +0000 2020	0	0	¿Cual es la probabilidad de que esa persona esté realmente infectada?  Suponiendo prevalencia del 1% (o sea,  muchísimos casos no detectados) y que el test tiene una especificidad del 95% (alta),  solo un 20% de los positivos van a ser realmente positivos. https://t.co/VtVJh0fpsH	https://twitter.com/SantiOlsze/status/1255613587558674433	[]
SantiOlsze	Tue Apr 28 15:45:21 +0000 2020	0	0	@alvaro_m121 Para un chat individual, está la nube de palabras más usadas y el gráfico de las horas con más mensajes. Se ve perfecto que yo de 00-08hs duermo 😂	https://twitter.com/SantiOlsze/status/1255161186523414530	[]
SantiOlsze	Tue Apr 28 15:44:36 +0000 2020	1	0	@tomaswainer Feliz cumple! Jaja lo ví en redes cuando ya había pasado la hora. El problema es que por ahora solo conseguí backup de un chats privados individuales  😕. Sería muy linda data.	https://twitter.com/SantiOlsze/status/1255160996676730880	[]
SantiOlsze	Tue Apr 28 15:30:37 +0000 2020	1	0	Qué les gustaría saber de sus conversaciones de WPP? https://t.co/R9x2gohxLV	https://twitter.com/SantiOlsze/status/1255157481363443713	[]
SantiOlsze	Tue Apr 28 11:11:45 +0000 2020	5	0	Me soñé de unos 60 años explicándole a un grupo de niños que antes, en mi juventud, el mate se compartía.	https://twitter.com/SantiOlsze/status/1255092334972358657	[]
SantiOlsze	Tue Apr 28 10:42:06 +0000 2020	0	0	@dwainer @FavaleNicolas Para el que quiera, me puede mandar el backup de un chat reemplazando letras por otras. Así, el contenido se 'encripta'. Obviamente, la nube de palabras desaparece del análisis. Importante no modificar letras que aparezcan en los nombres de los contactos!	https://twitter.com/SantiOlsze/status/1255084871636127744	[]
SantiOlsze	Tue Apr 28 10:34:26 +0000 2020	0	0	@dwainer @FavaleNicolas Puede estar bueno sacarse de encima el top 10 o algo así. Las palabras más representativas suelen caer en el medio. Voy a probar!	https://twitter.com/SantiOlsze/status/1255082941975322627	[]
SantiOlsze	Tue Apr 28 01:30:15 +0000 2020	0	0	"@Laurabonofiglio Justo ""jaja"" no aparece porque están filtradas las palabras cortitas 😉"	https://twitter.com/SantiOlsze/status/1254945995655458822	[]
SantiOlsze	Mon Apr 27 20:02:29 +0000 2020	0	0	No todos los vínculos mantienen fluidez... https://t.co/lfOJPwqqIZ	https://twitter.com/SantiOlsze/status/1254863508350648322	[]
SantiOlsze	Mon Apr 27 19:56:20 +0000 2020	31	0	Todos backupeamos sin saber muy bien por qué. Agarré los backups de WhatsApp que tenía y escribí un código para analizarlos. Un ejemplo de identidad reservada acá! https://t.co/pzulPmE8qJ	https://twitter.com/SantiOlsze/status/1254861963357597697	[]
SantiOlsze	Mon Apr 27 18:13:38 +0000 2020	1	0	Green nearest neighbor https://t.co/5YHph4OFPc	https://twitter.com/SantiOlsze/status/1254836116223655942	[]
SantiOlsze	Sun Apr 26 20:37:38 +0000 2020	1	0	La única vez que voté ganador en mi vida fue @alferdez https://t.co/BFDDet144D https://t.co/WBmv2zNHUq	https://twitter.com/SantiOlsze/status/1254509967790551040	[]
SantiOlsze	Sun Apr 26 02:04:07 +0000 2020	0	0	@fragamarcelo Acaso alguien sobreescribe directamente?	https://twitter.com/SantiOlsze/status/1254229742078906368	[]
SantiOlsze	Sun Apr 26 02:03:44 +0000 2020	1	0	@nohorbee El copy-paste no lo tenía y me resignifica al botón por su resabio histórico. Ahora, sobreescribir es una función del lado oscuro.	https://twitter.com/SantiOlsze/status/1254229645932797952	[]
SantiOlsze	Sat Apr 25 15:05:31 +0000 2020	0	0	@rccflorencia Estuve a dos segundos de arrancar el botón pero decidí que tuitear era una mejor forma de descargarme.	https://twitter.com/SantiOlsze/status/1254063997399240704	[]
SantiOlsze	Sat Apr 25 13:53:19 +0000 2020	4	0	Alguien me explica UNA situación en la que sea útil este botón?  Lo inventó el demonio. https://t.co/8vg2g40lXF	https://twitter.com/SantiOlsze/status/1254045827682746368	[]
SantiOlsze	Fri Apr 24 21:34:59 +0000 2020	1	0	@cutipaste https://t.co/bSzWLySJir	https://twitter.com/SantiOlsze/status/1253799622855798791	[]
SantiOlsze	Fri Apr 24 20:34:12 +0000 2020	1	0	@cutipaste hizo una encuesta de letras y la K tiene 54%. Otra vez 😉. https://t.co/vbXKHIWd77	https://twitter.com/SantiOlsze/status/1253784327495835648	[]
SantiOlsze	Wed Apr 22 20:55:58 +0000 2020	5	0	Nos quedamos sin ningún tipo de merengue. Qué tristeza. https://t.co/y4G02Cdg7w	https://twitter.com/SantiOlsze/status/1253065029345333248	[]
SantiOlsze	Wed Apr 22 13:02:39 +0000 2020	0	0	Qué poco celoso este ubuntu. https://t.co/UGnBMaMZFQ	https://twitter.com/SantiOlsze/status/1252945916308398080	[]
SantiOlsze	Mon Apr 20 11:57:01 +0000 2020	2	0	@nicorioscenteno @jorgeluisaliaga @threadreaderapp Carla Vizzotti lo comunica en todas las conferencias matutinas del Ministerio de Salud y aclara la importancia de monitorear ese número.	https://twitter.com/SantiOlsze/status/1252204623043203072	[]
SantiOlsze	Sun Apr 19 01:12:44 +0000 2020	1	0	@rccflorencia Quien sabe más? El que se sacó 2 y después 10 o el que se sacó 6?	https://twitter.com/SantiOlsze/status/1251680095074430976	[]
SantiOlsze	Sat Apr 18 22:02:37 +0000 2020	3	0	@rccflorencia Debate similar: por qué los aplazos van a la libreta?	https://twitter.com/SantiOlsze/status/1251632252863352834	[]
SantiOlsze	Fri Apr 17 19:45:43 +0000 2020	1	0	Se me puso Twitter en modo claro por un minuto y no entiendo cómo vivíamos antes.	https://twitter.com/SantiOlsze/status/1251235413202796547	[]
SantiOlsze	Fri Apr 17 19:04:42 +0000 2020	9	0	Using Python for Research by HarvardX ✅😄 https://t.co/OCWWMZpnB7	https://twitter.com/SantiOlsze/status/1251225087644221440	[]
SantiOlsze	Fri Apr 17 16:50:39 +0000 2020	2	0	@jorgeluisaliaga @nicorioscenteno @threadreaderapp Gracias, @jorgeluisaliaga. El número que puse es para jugar un poco con la data. Nada más. El análisis del estado de situación es mucho más complejo. Más allá de eso, imposible mantener crecimiento constante a tasa de miles de casos por día.	https://twitter.com/SantiOlsze/status/1251191352819429378	[]
SantiOlsze	Fri Apr 17 11:57:34 +0000 2020	0	0	@NicoOlsze Acidez estomacal con sabor a queso 🤢	https://twitter.com/SantiOlsze/status/1251117598852382723	[]
SantiOlsze	Fri Apr 17 11:12:39 +0000 2020	1	0	@nicorioscenteno @jorgeluisaliaga @threadreaderapp Con crecimiento exponencial no hay sistema que aguante.  Si suponemos 8000 disponibles y tiempo de uso 14 dias, el sistema admite 571 (8000/14) casos diarios con crecimiento constante.  Al día 14 tenés ocupación máxima y al 15 se van los primeros 571 y entran otros.	https://twitter.com/SantiOlsze/status/1251106292682444800	[]
SantiOlsze	Thu Apr 16 16:47:03 +0000 2020	2	0	Sabías que el resfrío común es generalmente causado por la infección por Rhinovirus? https://t.co/xTHwjNAeRl	https://twitter.com/SantiOlsze/status/1250828060720537607	[]
SantiOlsze	Thu Apr 16 13:04:01 +0000 2020	4	0	"Todos: me quedo en casa así los virus no me pueden infectar.

El rhinovirus: https://t.co/7kioOmW5ZG"	https://twitter.com/SantiOlsze/status/1250771932863246345	[]
SantiOlsze	Thu Apr 16 12:59:53 +0000 2020	6	0	Qué cagazo si baja, no? https://t.co/tFKGZppDeh	https://twitter.com/SantiOlsze/status/1250770891102982144	[]
SantiOlsze	Thu Apr 16 12:02:16 +0000 2020	1	0	Por ejemplo: https://t.co/nWGzEZqPMw	https://twitter.com/SantiOlsze/status/1250756390802595840	[]
SantiOlsze	Wed Apr 15 13:23:55 +0000 2020	1	0	@emmaiarussi Jaja, creo que pecan por apuntar a un público que sabe lo que es un corredor epidemiológico. Me duele que queden incluídos en este hilo 😂	https://twitter.com/SantiOlsze/status/1250414550756687872	[]
SantiOlsze	Wed Apr 15 11:42:18 +0000 2020	1	0	@Diego_Koz Si, es un fenómeno mega-común. Solo recalco lo que falta pulir para que sea una paridad real. Por suerte, o por la causa que sea, estamos mucho mejor que muchos países.	https://twitter.com/SantiOlsze/status/1250388980748759046	[]
SantiOlsze	Wed Apr 15 11:02:11 +0000 2020	0	0	@anitainesp @NicoOlsze 🥰	https://twitter.com/SantiOlsze/status/1250378883150602246	[]
SantiOlsze	Wed Apr 15 10:48:29 +0000 2020	0	0	@emmaiarussi Qué tiene de malo? 🧐	https://twitter.com/SantiOlsze/status/1250375436200218626	[]
SantiOlsze	Wed Apr 15 10:45:31 +0000 2020	7	0	@Diego_Koz La paridad en ciencia en Argentina es relativa a la categoría. Hay más investigadoras que investigadores, sí, pero esto se invierte en los cargos de mayor jerarquía.  https://t.co/glQNmElv3e	https://twitter.com/SantiOlsze/status/1250374690675265536	[]
SantiOlsze	Tue Apr 14 12:00:19 +0000 2020	8	5	"La especificidad y la sensibilidad son parámetros intrínsecos de un test diagnóstico. Para aplicarlo en una población, sin embargo, hay que considerar la prevalencia y estimar los valores predictivos negativo y positivo. 

@NicoOlsze lo desglosa acá 

https://t.co/G8szaS5Vxi"	https://twitter.com/SantiOlsze/status/1250031124279185408	[]
SantiOlsze	Tue Apr 07 11:47:19 +0000 2020	7	0	Me levanto a las 8, miro los mensajes que me mandaron durante la madrugada, respondo y espero al mediodía para que se despierten y lean lo que yo mandé.	https://twitter.com/SantiOlsze/status/1247491140099637248	[]
SantiOlsze	Mon Apr 06 22:54:56 +0000 2020	3	0	Empujando un poquito más https://t.co/WtnSUrX6ms	https://twitter.com/SantiOlsze/status/1247296761212940288	[]
SantiOlsze	Sun Apr 05 17:20:28 +0000 2020	2	0	Aprovechando la cuarentena https://t.co/PP3Ud5FZi8	https://twitter.com/SantiOlsze/status/1246850203497488384	[]
SantiOlsze	Sat Apr 04 12:46:13 +0000 2020	1	0	@dwainer Con Artificial Intelligence se puede 😋. Esta gente arma caras sin que existan de verdad con AI. https://t.co/1piAghaQmS	https://twitter.com/SantiOlsze/status/1246418797776510978	[]
SantiOlsze	Sat Apr 04 00:36:19 +0000 2020	4	0	@_ClariRomero @juanitagroisman 10 veces y todas con risa en voz alta. Alto schwepid	https://twitter.com/SantiOlsze/status/1246235113698070532	[]
SantiOlsze	Fri Apr 03 14:19:20 +0000 2020	1	0	El análisis para todos los países y por provincia se puede ver acá https://t.co/UU8GubLmcC	https://twitter.com/SantiOlsze/status/1246079842942140424	[]
SantiOlsze	Fri Apr 03 13:59:10 +0000 2020	0	0	@VacaDelEspacio Todo sale de acá 😷https://t.co/UU8GubtKO2	https://twitter.com/SantiOlsze/status/1246074768899452930	[]
SantiOlsze	Fri Apr 03 12:26:55 +0000 2020	1	0	"@rquiroga777 Es un #NosQuedamosEnCasa lo más que se pueda. Me parece un enfoque interesante porque es una forma de  ver ""cuánto se puede"". Gracias!"	https://twitter.com/SantiOlsze/status/1246051553649266688	[{'text': 'NosQuedamosEnCasa', 'indices': [19, 37]}]
SantiOlsze	Fri Apr 03 12:25:23 +0000 2020	1	0	@rquiroga777 https://t.co/UU8GubLmcC de acá sale! Si querés, te paso el link al reporte de Argentina directo.	https://twitter.com/SantiOlsze/status/1246051168100462592	[]
SantiOlsze	Fri Apr 03 12:03:02 +0000 2020	1	0	A dónde fue la gente? La movilidad en zonas residenciales aumentó un 27%. El resto, #NosQuedamosEnCasa. https://t.co/8XGAYbLzjl	https://twitter.com/SantiOlsze/status/1246045544436436992	[{'text': 'NosQuedamosEnCasa', 'indices': [84, 102]}]
SantiOlsze	Fri Apr 03 12:03:00 +0000 2020	0	0	En lugares de trabajo, 60%. https://t.co/IXpNj2l2RZ	https://twitter.com/SantiOlsze/status/1246045536400146433	[]
SantiOlsze	Fri Apr 03 12:02:59 +0000 2020	0	0	La movilidad en estaciones de tren, colectivo y subte bajo un 80%. https://t.co/mVyP4bDZPI	https://twitter.com/SantiOlsze/status/1246045528326115329	[]
SantiOlsze	Fri Apr 03 12:02:56 +0000 2020	0	0	Farmacias, almacenes de cercanía y venta de alimentos especiales o para mascotas sufrieron una caída del 61%. https://t.co/rZgOZnhxHq	https://twitter.com/SantiOlsze/status/1246045519186714624	[]
SantiOlsze	Fri Apr 03 12:02:55 +0000 2020	0	0	Restaurantes, cafés, shoppingsz librerías y otros comercios sufrieron una caída del 89%. https://t.co/iloc2043tE	https://twitter.com/SantiOlsze/status/1246045511712456706	[]
SantiOlsze	Fri Apr 03 12:02:53 +0000 2020	8	1	Google hizo un reporte por país y por provincia basado en data de movilidad.  Los resultados son impresionantes. El análisis de estos datos permite tomar decisiones y evaluar, por ejemplo, el cumplimiento de la cuarentena.  En plazas y parques, 90% menos movilidad. El resto? Hilo https://t.co/2VWe8xbTrK	https://twitter.com/SantiOlsze/status/1246045505106345984	[]
SantiOlsze	Fri Apr 03 00:34:27 +0000 2020	1	0	No entiendo. Van a cacerolear todos los días 2130 hasta que haya elecciones? O en algún momento se acostumbran?	https://twitter.com/SantiOlsze/status/1245872256179408898	[]
SantiOlsze	Thu Apr 02 13:59:44 +0000 2020	3	0	Qué fracaso querer agrupar a 'la política' o 'los políticos' como una unidad. Basta con mirar al norte o al este para ver que la política tiene muchísimas caras. Gracias por tu política, @alferdez, y feliz cumpleaños. https://t.co/7vgKkgoGhU	https://twitter.com/SantiOlsze/status/1245712524412170245	[]
SantiOlsze	Wed Apr 01 15:12:00 +0000 2020	1	0	https://t.co/AbyrAnmOqg https://t.co/6pnsL0EKP5	https://twitter.com/SantiOlsze/status/1245368321278648327	[]
SantiOlsze	Tue Mar 31 15:07:28 +0000 2020	2	0	Así tiene que ser la cuarentena: lluvia y 18 grados. Se disfruta y todo.	https://twitter.com/SantiOlsze/status/1245004793946480643	[]
SantiOlsze	Mon Mar 30 00:49:18 +0000 2020	1	0	@tefi_pap Tefi, era por privado esto	https://twitter.com/SantiOlsze/status/1244426442324271104	[]
SantiOlsze	Mon Mar 30 00:39:45 +0000 2020	2	0	@FavaleNicolas @FFyB_UBA Felicitaciones! Muy bueno.	https://twitter.com/SantiOlsze/status/1244424035825565699	[]
SantiOlsze	Sun Mar 29 21:40:17 +0000 2020	2	4	¿Quién pensas que hace las famosas RT-PCR para diagnosticar la infección por coronavirus?	https://twitter.com/SantiOlsze/status/1244378875410464770	[]
SantiOlsze	Sat Mar 28 21:53:16 +0000 2020	2	0	@NicoOlsze Efectivamente es momento de salir a chupar picaportes. https://t.co/YrPwic3Hxf	https://twitter.com/SantiOlsze/status/1244019753875910659	[]
SantiOlsze	Sat Mar 28 19:37:03 +0000 2020	1	0	@NicoOlsze Salgo a chupar picaportes.	https://twitter.com/SantiOlsze/status/1243985474819063811	[]
SantiOlsze	Sat Mar 28 13:54:29 +0000 2020	2	0	GGG 👑 https://t.co/anXgBE5krO	https://twitter.com/SantiOlsze/status/1243899263962226689	[]
SantiOlsze	Sat Mar 28 13:13:32 +0000 2020	0	0	Tener un privilegio no es excusa para dejar de luchar. https://t.co/riWiiEeadw	https://twitter.com/SantiOlsze/status/1243888959144501248	[]
SantiOlsze	Sat Mar 28 13:10:55 +0000 2020	0	0	"El SMRCI, presentado hoy por el @msalnacion, obligará
 a las clínicas privadas y la hospitales publicos a informar cuántas camas de terapia intensiva y cuánto equipamiento crítico tienen disponible y cuánto en uso. La salud es una sola y es pública."	https://twitter.com/SantiOlsze/status/1243888299795714049	[]
SantiOlsze	Sat Mar 28 12:55:12 +0000 2020	2	1	Un sábado como hoy hace casi un año. La jugada es cada vez más espectacular. https://t.co/N1YNsMVX8O	https://twitter.com/SantiOlsze/status/1243884343828852736	[]
SantiOlsze	Fri Mar 27 11:53:06 +0000 2020	5	0	@NicoOlsze Me intriga ese dibujo.	https://twitter.com/SantiOlsze/status/1243506326568919040	[]
SantiOlsze	Thu Mar 26 23:51:49 +0000 2020	6	1	Cómo SI ilustrar en tiempos de cuarentena. https://t.co/PN0BuXjEaM	https://twitter.com/SantiOlsze/status/1243324809515327490	[]
SantiOlsze	Wed Mar 25 23:55:38 +0000 2020	6	0	Cómo NO informar en tiempos de cuarentena. https://t.co/b0AOIRnNzI	https://twitter.com/SantiOlsze/status/1242963383558836224	[]
SantiOlsze	Tue Mar 24 14:45:36 +0000 2020	1	0	"La distribución de casos por edad en Italia está perfectamente mostrada en este hilo de @rquiroga777 
  https://t.co/wTImwoyneA"	https://twitter.com/SantiOlsze/status/1242462574375034881	[]
SantiOlsze	Tue Mar 24 14:39:48 +0000 2020	0	0	"La fuente:  

Onder G, Rezza G, Brusaferro S. Case-Fatality Rate and Characteristics of Patients Dying in Relation to COVID-19 in Italy. JAMA. Published online March 23, 2020. doi:10.1001/jama.2020.4683"	https://twitter.com/SantiOlsze/status/1242461115759702017	[]
SantiOlsze	Sat Mar 21 14:48:10 +0000 2020	1	0	@rquiroga777 Buenísimo análisis!	https://twitter.com/SantiOlsze/status/1241376058487771140	[]
SantiOlsze	Sat Mar 21 13:26:55 +0000 2020	3	0	La semana de fusiona con el finde (o al revés) y sigue la búsqueda de lncRNAs como biomarcadores en cáncer de próstata. https://t.co/0yOFc5Tjlu	https://twitter.com/SantiOlsze/status/1241355610660253696	[]
SantiOlsze	Fri Mar 20 00:04:37 +0000 2020	0	0	Que prefieren los porteños:	https://twitter.com/SantiOlsze/status/1240791316411437056	[]
SantiOlsze	Fri Mar 20 00:01:43 +0000 2020	3	0	"Aplausazo al ritmo de ""ministeeerio, Salud es ministeeerio"""	https://twitter.com/SantiOlsze/status/1240790586283655168	[]
SantiOlsze	Thu Mar 19 15:20:57 +0000 2020	0	0	"#COVID19 

227.310 casos
9.311 muertes
159 países

Todos los países de Europa y América del Sur con casos. https://t.co/J65k9W8RNO"	https://twitter.com/SantiOlsze/status/1240659530717040642	[{'text': 'COVID19', 'indices': [0, 8]}]
SantiOlsze	Sun Mar 15 18:50:48 +0000 2020	5	0	Good old times https://t.co/wBvWSc5acB	https://twitter.com/SantiOlsze/status/1239262791581786114	[]
SantiOlsze	Sat Mar 14 16:01:55 +0000 2020	0	0	Tratan a alguien de idiota pero tienen el signo del zodiaco en la biografía https://t.co/JOPIOIuuoN	https://twitter.com/SantiOlsze/status/1238857902544302080	[]
SantiOlsze	Fri Mar 13 18:05:03 +0000 2020	1	0	@lubartolomeu 🥰. Bombilla torcida es garantía de calidad	https://twitter.com/SantiOlsze/status/1238526502238588929	[]
SantiOlsze	Fri Mar 13 15:30:11 +0000 2020	1	0	@lubartolomeu Y por cuarentena digo cárcel	https://twitter.com/SantiOlsze/status/1238487528275152901	[]
SantiOlsze	Fri Mar 13 03:11:56 +0000 2020	1	0	@rccflorencia a.k.a un sorete	https://twitter.com/SantiOlsze/status/1238301739985645568	[]
SantiOlsze	Thu Mar 12 14:46:25 +0000 2020	0	0	Otra manera de verlo es con el achatamiento de la curva de casos totales en China. https://t.co/mTgoEfC5Vf	https://twitter.com/SantiOlsze/status/1238114127052255233	[]
SantiOlsze	Thu Mar 12 14:45:30 +0000 2020	2	0	#Covid_19 Casos totales (rojo) vs Casos activos (naranja) https://t.co/UYU45RP23u	https://twitter.com/SantiOlsze/status/1238113897124593668	[{'text': 'Covid_19', 'indices': [0, 9]}]
SantiOlsze	Wed Mar 11 21:35:19 +0000 2020	0	0	"El Ministro de Salud: ""hay que transmitir calma y ser responsables en la comunicación"".

Los medios: https://t.co/1m9sQZRoGE"	https://twitter.com/SantiOlsze/status/1237854642119135242	[]
SantiOlsze	Sun Mar 08 14:25:48 +0000 2020	4	0	Parques eólicos https://t.co/zEQM4JGdDD	https://twitter.com/SantiOlsze/status/1236659385142775808	[]
SantiOlsze	Thu Mar 05 15:52:46 +0000 2020	1	0	"El umbral de inmunidad de rebaño para Sarampión más optimista es de 83%. El más pesimista, en 95%. 
A este ritmo de caída en la cobertura de vacunación, en 10 años el virus va a circular tranquilito en Argentina. https://t.co/RtAsrLruCy"	https://twitter.com/SantiOlsze/status/1235594110842662912	[]
SantiOlsze	Thu Mar 05 15:36:16 +0000 2020	2	0	@rquiroga777 Felicitaciones por todo el laburo que venís haciendo desde ese momento. Y, por supuesto, gracias.	https://twitter.com/SantiOlsze/status/1235589954761379841	[]
SantiOlsze	Thu Mar 05 14:28:54 +0000 2020	0	0	El artículo en cuestión fue retractado con acuerdo de (casi) todos sus autores. Pero el daño perdura. El porcentaje de vacunación cae año a año y, si sigue así, no será posible contener la transmisión del virus hacia quienes no se pueden vacunar. https://t.co/VZWh4DY67K	https://twitter.com/SantiOlsze/status/1235573003955482625	[]
SantiOlsze	Thu Mar 05 14:28:54 +0000 2020	0	0	Los cuadros graves y la mortalidad se ven principalmente en niñxs menores de 1 año. Esta población, justamente, es la que no se puede vacunar ni tienen inmunidad materna. Por lo tanto, su protección depende de que TODOS LOS DEMÁS sí nos vacunemos e impidamos así la circulación.	https://twitter.com/SantiOlsze/status/1235573002382778369	[]
SantiOlsze	Thu Mar 05 14:28:53 +0000 2020	0	0	El sarampión es una enfermedad generalmente benigna pero que puede complicarse a neumonía y otros cuadros que terminan con la muerte hasta en un 6 % de los casos. https://t.co/6FLnYjBlE2	https://twitter.com/SantiOlsze/status/1235573000650571783	[]
SantiOlsze	Thu Mar 05 14:28:53 +0000 2020	0	0	La vacuna en cuestión era la Triple Viral, que da inmunidad contra sarampión, paperas y rubeola. En el año 2000, gracias 35 años de vacunación, cesó la circulación endémica del virus en Argentina. En 2019 estalló el brote más importante desde ese entonces, con más de 120 casos.	https://twitter.com/SantiOlsze/status/1235572999241203712	[]
SantiOlsze	Thu Mar 05 14:13:44 +0000 2020	1	0	Hace 22 años, por esta época, salía uno  de los artículos que  daño le hizo a la salud pública. Es el artículo que asevera que las vacunas provocan autismo, entre otras farsas. El artículo fue retractado pero la idea sigue circulando. https://t.co/YVVOQZJp0e	https://twitter.com/SantiOlsze/status/1235569186912391169	[]
SantiOlsze	Thu Mar 05 13:52:08 +0000 2020	0	0	'Le doute n'est pas une état bien agréable, mais l'assurance est un état ridicule'	https://twitter.com/SantiOlsze/status/1235563749169344515	[]
SantiOlsze	Wed Mar 04 23:01:30 +0000 2020	0	0	Not only magic 😏👑	https://twitter.com/SantiOlsze/status/1235339614078066690	[]
SantiOlsze	Wed Mar 04 22:46:22 +0000 2020	3	0	"""Tokio 2020 is around the corner. You can feel the magic in the air"" es el slogan de Toyota para los JJOO. Buena idea en plena epidemia de virus respiratorio en Asia."	https://twitter.com/SantiOlsze/status/1235335809106169856	[]
SantiOlsze	Wed Mar 04 10:50:39 +0000 2020	1	0	@CamiKalaydjian Y degradación del ministerio a secretaría	https://twitter.com/SantiOlsze/status/1235155693201772545	[]
SantiOlsze	Tue Mar 03 18:14:51 +0000 2020	1	0	@juanitagroisman Al coronavirus lo mata el alcohol en gel y el impuesto PAIS	https://twitter.com/SantiOlsze/status/1234905090068295681	[]
SantiOlsze	Mon Mar 02 14:00:21 +0000 2020	1	0	@ClariCardozoCas Empezó el acopio de espirales y Off.	https://twitter.com/SantiOlsze/status/1234478654064922624	[]
SantiOlsze	Mon Mar 02 13:29:38 +0000 2020	3	0	En China los noticieros hablarán de los brotes de Sarampión y Dengue en Argentina?	https://twitter.com/SantiOlsze/status/1234470924767899648	[]
SantiOlsze	Sun Mar 01 13:17:13 +0000 2020	0	0	El otoño viene con temperaturas más altas que lo normal. Diría que es un plot twist si no estuvieran alertando esto hace 20 años, por lo menos. https://t.co/ka4Wyr2oeq	https://twitter.com/SantiOlsze/status/1234105411676057600	[]
SantiOlsze	Sat Feb 29 21:02:44 +0000 2020	1	0	"Un día se juntaron Mercedes Sosa y Shakira para cantar un tema de Silvio Rodríguez y salió una maravilla. 
https://t.co/Mu9SdkZvrT"	https://twitter.com/SantiOlsze/status/1233860177536962560	[]
SantiOlsze	Tue Feb 25 02:01:38 +0000 2020	5	2	"Con  #Coronavirus  confirmado en Egipto, ya se puede afirmar que hay casos en TODO los continentes.

A la fecha 🌎...
79.500 casos confirmados (97,5% China).
2600 muertes.

Solo en Italia🇮🇹...
229 casos.
7 muertes. https://t.co/YiRrdKIMXV"	https://twitter.com/SantiOlsze/status/1232123454696148992	[{'text': 'Coronavirus', 'indices': [5, 17]}]
SantiOlsze	Wed Feb 19 22:13:00 +0000 2020	1	0	Le pasaban todas, pobre pibe. https://t.co/BlYGMaRVk9	https://twitter.com/SantiOlsze/status/1230253980703432705	[]
SantiOlsze	Wed Feb 19 12:34:07 +0000 2020	4	0	La familia https://t.co/6Om6B9FEoi	https://twitter.com/SantiOlsze/status/1230108299632283648	[]
SantiOlsze	Tue Feb 11 14:21:21 +0000 2020	1	1	"Si te suena haber visto cosas así, es porque es un fenómeno tan conocido como dificil de detectar que se llama ""techo de cristal"".   Se ve, claramente, un sistema que penaliza a las mujeres no en el ingreso pero sí en el ascenso.  Hacia una ciencia más igualitaria, feliz día."	https://twitter.com/SantiOlsze/status/1227236181802442753	[]
SantiOlsze	Tue Feb 11 14:21:20 +0000 2020	0	0	Las mujeres representan, en órden jerárquico creciente, el 60% de lxs investigadores asistentes, el 55% de lxs adjuntos, el 49% de lxs independientes, el 42% de los principales y solo el 23% de los superiores. https://t.co/Zt5bklk7iR	https://twitter.com/SantiOlsze/status/1227236179583459329	[]
SantiOlsze	Tue Feb 11 14:21:19 +0000 2020	1	0	Al separar por categorías dentro del sistema científico, se ve un sesgo enorme. La carrera de investigador tiene 5 categorías, y las mujeres son mayoría sólo en las dos más bajas. Son las más numerosas, lo que explica por qué en el total  las mujeres son mayoría. https://t.co/rxPbmnBjfB	https://twitter.com/SantiOlsze/status/1227236172444790784	[]
SantiOlsze	Tue Feb 11 14:21:17 +0000 2020	0	0	En 2007 en CONICET había más investigadores hombres que mujeres. Esta relación cambió y ahora en las mujeres son más. ¿Es sólo cuestión de cantidad? Claramente no. https://t.co/WEG9MAh6ac	https://twitter.com/SantiOlsze/status/1227236165968891904	[]
SantiOlsze	Tue Feb 11 14:21:16 +0000 2020	7	2	Algunos datos para entender el lugar de las mujeres en el Sistema Científico en el #DiaInternacionalDeLasMujeresEnCiencia. En el mundo, a la ciencia se dedican mayoritariamente los hombres. En Argentina, sin embargo, no es así. Abro mini-hilo... https://t.co/qyFGUltu3Q	https://twitter.com/SantiOlsze/status/1227236159589408768	[{'text': 'DiaInternacionalDeLasMujeresEnCiencia', 'indices': [83, 121]}]
SantiOlsze	Sun Feb 09 19:43:34 +0000 2020	0	0	@ValeriaRoman @ginesggarcia @horaciorlarreta https://t.co/WW6RTtXGFX	https://twitter.com/SantiOlsze/status/1226592493564764162	[]
SantiOlsze	Sun Feb 09 16:33:22 +0000 2020	0	0	@GamarnikLab https://t.co/PEBXq1tLLS	https://twitter.com/SantiOlsze/status/1226544631585943553	[]
SantiOlsze	Sun Feb 09 15:33:38 +0000 2020	1	0	Además de la responsabilidad colectiva frente al cambio climático, todos podemos mientras prevenir que se reproduzca el mosquito.  Para ello, simplemente hay que evitar que recipientes que no se usan (latas, botellas, gomas) acumulen agua.  Y usar repelente, of course. https://t.co/Tlg0h0OieA	https://twitter.com/SantiOlsze/status/1226529596952207360	[]
SantiOlsze	Sun Feb 09 15:33:32 +0000 2020	1	0	Sabemos que los virus tienen una capacidad increíble de replicación y por ello, hasta que tengamos vacuna, la mejor forma de controlar estas epidemias recurrentes es evitar la reproducción del vector, en este caso, los mosquitos de la especie Aedes aegypti.	https://twitter.com/SantiOlsze/status/1226529574307160064	[]
SantiOlsze	Sun Feb 09 15:33:32 +0000 2020	0	0	Para 2080, de no mediar cambios en hábitos de vida, producción y consumo, se preve una distribución así. Mitigar el cambio climático es esencial, entre otros miles de motivos, para evitar este tipo de fenómenos. https://t.co/PkUPqE7DB6	https://twitter.com/SantiOlsze/status/1226529572407140357	[]
SantiOlsze	Sun Feb 09 15:33:30 +0000 2020	0	0	Hoy en día, el hábitat del mosquito transmisor es este. Hay zonas donde no hay mosquito (gris), donde el mosquito aparece pocos meses al año (azul) y donde está presente la mayoría de los meses (rojos). https://t.co/wi4uwBlW8D	https://twitter.com/SantiOlsze/status/1226529564186247169	[]
SantiOlsze	Sun Feb 09 15:33:28 +0000 2020	0	0	El calentamiento global favorece que los mosquitos como este se instalen en zonas nuevas, donde la temperatura elevada les permite, además, reproducirse más rápido. En las enfermedades transmitidas por vector, la presencia constante del vector ya dispara alertas.	https://twitter.com/SantiOlsze/status/1226529556741468160	[]
SantiOlsze	Sun Feb 09 15:33:28 +0000 2020	0	0	El Dengue es un virus transmitido por mosquitos culicinos del género Aedes, perfectamente ya instalados en la Ciudad de Buenos Aires. https://t.co/9TUeylrs7y	https://twitter.com/SantiOlsze/status/1226529555072114689	[]
SantiOlsze	Sun Feb 09 15:33:26 +0000 2020	1	0	En algunos casos, el paciente desarrolla Dengue Grave. Este cuadro implica sangrado severo, falla multiorgánica y demás.  Cuando se instaura un caso de Dengue grave, la mortalidad es de hasta un 50%.	https://twitter.com/SantiOlsze/status/1226529547870494722	[]
SantiOlsze	Sun Feb 09 15:33:26 +0000 2020	2	0	La infección por Dengue puede pasar apercibida. El cuadro más común es el de fiebre implica fiebre alta, dolor detrás de los ojos, dolor de cabeza, en articulaciones y demás. Puede tener vómitos y nauseas, así como sangrados y manchas en la piel. https://t.co/QOTSeDsz3d	https://twitter.com/SantiOlsze/status/1226529546134065152	[]
SantiOlsze	Sun Feb 09 15:33:24 +0000 2020	0	0	Los casos de Dengue importados son, a la misma fecha, 141. La mayoría de estos son en CABA y GCBA.  El antecedente de viaje más común entre los infectados es Paraguay. https://t.co/2casK5sGAb	https://twitter.com/SantiOlsze/status/1226529537250516993	[]
SantiOlsze	Sun Feb 09 15:33:22 +0000 2020	1	0	En Argentina, hasta el 20/01/2020 se registraron 70 casos positivos autóctonos, es decir, sin antecedentes de viaje. Los confirmados son en Misiones y en CABA. Hay, además, otros 18 casos probables en Buenos Aires, Salta y otras provincias. https://t.co/2QZTg8Ptfh	https://twitter.com/SantiOlsze/status/1226529530858364933	[]
SantiOlsze	Sun Feb 09 15:33:21 +0000 2020	0	0	Casi 2,5 millones de casos se registraron en América el año pasado. La gran mayoría (88%) en Brasil.  En Argentina, más de 3000.	https://twitter.com/SantiOlsze/status/1226529524927606785	[]
SantiOlsze	Sun Feb 09 15:33:20 +0000 2020	0	0	Después de dos años en los que bajaba el número de casos, esta temporada se vio en todo América un incremento sustancial de Dengue. https://t.co/k78NjnQ3ch	https://twitter.com/SantiOlsze/status/1226529523019239424	[]
SantiOlsze	Sun Feb 09 15:33:18 +0000 2020	6	2	⬇️ Hilo ⬇️. El brote epidémico que no es coronavirus y ya alcanzó a un presidente y su mujer. https://t.co/HJf3GyYI8v	https://twitter.com/SantiOlsze/status/1226529515607818241	[]
SantiOlsze	Sat Feb 08 18:30:06 +0000 2020	0	0	Palmitos Gentleman o jabón Dove. Encuentren el patrón. https://t.co/w5kpKD2cYc	https://twitter.com/SantiOlsze/status/1226211619648176130	[]
SantiOlsze	Thu Feb 06 19:42:29 +0000 2020	0	0	No es de los últimos 60 años porque haya habido un día más caluroso back then. Es porque ahí empezó a registrarse la temperatura. https://t.co/cH5kxdjvSf	https://twitter.com/SantiOlsze/status/1225505057799647232	[]
SantiOlsze	Thu Feb 06 16:30:03 +0000 2020	1	1	El SMN anuncia que hoy se superaron records de temperatura de los últimos 60 años en la Antártida. Se registró más de 18°C.  Venimos mal pero vamos peor.	https://twitter.com/SantiOlsze/status/1225456631770763267	[]
SantiOlsze	Thu Feb 06 13:31:47 +0000 2020	0	0	@oriol_pich Hi. I'd like to contact you either by email o MD. Thanks!	https://twitter.com/SantiOlsze/status/1225411767653863426	[]
SantiOlsze	Wed Feb 05 23:03:29 +0000 2020	1	0	https://t.co/XXMCWZsrF9	https://twitter.com/SantiOlsze/status/1225193253286350852	[]
SantiOlsze	Wed Feb 05 23:03:16 +0000 2020	1	0	Siempre Ricky https://t.co/CDpHR2khOj	https://twitter.com/SantiOlsze/status/1225193199607721984	[]
SantiOlsze	Wed Feb 05 14:26:59 +0000 2020	1	0	"Se superó la barrera de los 200. Al 4/2, ya son 212 casos confirmados de infección por Coronavirus afuera de China.  

En total, la epidemia acumula 24607 casos y 494 muertes. https://t.co/USf3hGMWHZ"	https://twitter.com/SantiOlsze/status/1225063271738200066	[]
SantiOlsze	Tue Feb 04 15:08:06 +0000 2020	1	0	@Andres_Lopez_C @lahoraecuador https://t.co/IrovWkipvJ	https://twitter.com/SantiOlsze/status/1224711231564546050	[]
SantiOlsze	Tue Feb 04 14:25:27 +0000 2020	0	0	Las fuentes de todo esto son los datos y los gráficos del Observatorio Global del Cáncer de la OMS (https://t.co/j08f1OZuhp ) y nuestro Instituto Nacional del Cáncer ( https://t.co/HvnoQKOrNH).	https://twitter.com/SantiOlsze/status/1224700501104701442	[]
SantiOlsze	Tue Feb 04 14:25:26 +0000 2020	0	0	Las desigualdades económicas afectan a los sistemas de salud directamente acortando la sobrevida de sus pacientes. Garantizar el acceso a diagnóstico precoz, seguimiento y tratamiento oncológico debería ser una política de Estado. Por algo se llama Salud Pública, no?	https://twitter.com/SantiOlsze/status/1224700494830022656	[]
SantiOlsze	Tue Feb 04 14:25:25 +0000 2020	0	1	Con vistas al futuro, la OMS predice que para 2040 el número de cánceres diagnosticados aumentará un 50%.  Pasará de 18M en 2018 a 29M en solo 20 años. https://t.co/yKoPKTBUWd	https://twitter.com/SantiOlsze/status/1224700492820951041	[]
SantiOlsze	Tue Feb 04 14:25:23 +0000 2020	0	0	En Argentina se está viendo hace años un fenómeno interesante. La mortalidad por cáncer de pulmón baja sistemáticamente en hombres, pero aumenta en mujeres. https://t.co/l9lH5Nth4b	https://twitter.com/SantiOlsze/status/1224700483027316736	[]
SantiOlsze	Tue Feb 04 14:25:20 +0000 2020	0	0	Obviamente, no tiene mucho sentido sacar conclusiones sobre que Brasil es el país con más casos de cáncer en América del Sur cuando tiene, por afano, la población más grande y a solo a ello se deba el puesto N°1.	https://twitter.com/SantiOlsze/status/1224700471526461440	[]
SantiOlsze	Tue Feb 04 14:25:19 +0000 2020	0	0	Argentina es, en Sudamérica, el segundo país con más mortalidad por cáncer y el tercero en incidencia. Todos los gráficos de este hilo comparan poblaciones según edad y número de habitantes. El términos absolutos, sin considerar esas cosas, veríamos el segundo gráfico. https://t.co/iMAWEgwAw4	https://twitter.com/SantiOlsze/status/1224700467722309637	[]
SantiOlsze	Tue Feb 04 14:25:16 +0000 2020	0	0	La relación entre casos nuevos (incidencia) y mortalidad parece ser lineal en países no desarrollados. Los países europeos, en cambio, logran romper esa relación y por más que aumenten los casos, mantienen la mortalidad. Dejo ejemplos de próstata y mama. https://t.co/MbYapznleI	https://twitter.com/SantiOlsze/status/1224700453532917763	[]
SantiOlsze	Tue Feb 04 14:25:12 +0000 2020	0	0	En hombres, en cambio, se ve que los países menos desarrollados tenemos al cáncer de próstata como el de mayor incidencia. Los países desarrollados tienen otros como piel o pulmón.  En la suma mundial, el cáncer de pulmón es el más frecuente en hombres y el de mayor mortalidad. https://t.co/7JnrQ9MpgW	https://twitter.com/SantiOlsze/status/1224700437921701889	[]
SantiOlsze	Tue Feb 04 14:25:08 +0000 2020	0	0	Si miramos solo mujeres, como es de esperar, el cáncer de mama es el más frecuente (azul) y el de mayor mortalidad (rojo).  Este perfil se ve en casi todo el mundo. https://t.co/gfVer8Pj3A	https://twitter.com/SantiOlsze/status/1224700419164835840	[]
SantiOlsze	Tue Feb 04 14:25:03 +0000 2020	0	0	Si vemos hombres y mujeres juntos, el cáncer de mama es el más frecente y el de próstata, el segundo. Tercero, pulmón. https://t.co/vqTL8uFjFp	https://twitter.com/SantiOlsze/status/1224700399413874688	[]
SantiOlsze	Tue Feb 04 14:24:53 +0000 2020	0	0	"En los países menos desarrollados, en cambio, se observa más casos de cáncer atribuibles a infecciones.  En todo el hilo vamos a ver que Argentina tiene, como país ""en vías de"", comportamiento híbrido entre ambos grupos de países. https://t.co/F2bJ6Avn4Y"	https://twitter.com/SantiOlsze/status/1224700355293872130	[]
SantiOlsze	Tue Feb 04 14:24:51 +0000 2020	1	0	En los países desarrollados predominan los cánceres asociados a factores de riesgo no contagiosos como la obesidad. https://t.co/Cyg5EWtF2b	https://twitter.com/SantiOlsze/status/1224700346506805248	[]
SantiOlsze	Tue Feb 04 14:24:48 +0000 2020	0	1	Los países desarrollados suelen tener más incidencia (casos nuevos al año) de cáncer. Argentina se encuentra entre los países con alta incidencia, aunque sin alcanzar la de Estados Unidos, Canadá, Australia y europeos. https://t.co/yq7Zr1qB8g	https://twitter.com/SantiOlsze/status/1224700335270309889	[]
SantiOlsze	Tue Feb 04 14:24:44 +0000 2020	2	5	Hoy es el #WorldCancerDay.  ¿Cuál es el cáncer más frecuente? ¿Es lo mismo para ambos sexos? ¿En todo el mundo es igual?   ⏬Hilo⏬ https://t.co/MNuNLz9FsE	https://twitter.com/SantiOlsze/status/1224700319050993664	[{'text': 'WorldCancerDay', 'indices': [10, 25]}]
SantiOlsze	Tue Feb 04 13:10:50 +0000 2020	3	1	No sé si comparar epidemias es lo correcto, pero Nachito tiene la posta. https://t.co/vN02PIKrke	https://twitter.com/SantiOlsze/status/1224681719502200834	[]
SantiOlsze	Mon Feb 03 15:25:32 +0000 2020	0	0	Describieron el genoma del coronavirus aislado de uno de los primeros pacientes! https://t.co/RaL3cgy5VI	https://twitter.com/SantiOlsze/status/1224353230626402305	[]
SantiOlsze	Sun Feb 02 18:31:20 +0000 2020	5	0	¿Cuán contagioso es...? La paranoia del Coronavirus y la importancia del sarampión. https://t.co/y301vCXFhf	https://twitter.com/SantiOlsze/status/1224037602677985280	[]
SantiOlsze	Sun Feb 02 17:07:58 +0000 2020	0	0	"Coronavirus

Casos: 14.628 (98,8% en China) 
Muertes:  305 (100% China) 
Paises afectados:  27
Europa: 21 casos 
América del Sur y África: 0 casos 

Fuente: John Hopkins CSSE https://t.co/pND8rrBO8E https://t.co/WW6PzoBcIa"	https://twitter.com/SantiOlsze/status/1224016620693135368	[]
SantiOlsze	Sat Feb 01 21:40:53 +0000 2020	3	1	Si quiero o si tengo neoliberal pack https://t.co/gQmvCrkIqt	https://twitter.com/SantiOlsze/status/1223722916979912704	[]
SantiOlsze	Sat Feb 01 19:10:52 +0000 2020	7	1	"Coronavirus al instante!

Casos: 12.036 (98,6% en China) 
Muertes:  259 (100% China) 
Paises afectados:  27
Europa: 20 casos 
América del Sur y África: 0 casos 

Fuente: John Hopkins CSSE https://t.co/pND8rrBO8E"	https://twitter.com/SantiOlsze/status/1223685162510307330	[]
SantiOlsze	Fri Jan 31 15:23:41 +0000 2020	2	0	El hilo sobre el coronavirus de ayer, en nota, acá: https://t.co/BPLmfbXQwK	https://twitter.com/SantiOlsze/status/1223265603374518273	[]
SantiOlsze	Fri Jan 31 09:32:52 +0000 2020	1	0	@eligeyjustifica Por ahora tiene aproximadamente los mismos casos que el Coronavirus del SARS, más que el de MERS, bastante menos mortalidad que el de SARS y mucha menos que el de MERS	https://twitter.com/SantiOlsze/status/1223177317813510145	[]
SantiOlsze	Fri Jan 31 00:47:05 +0000 2020	0	1	Emergencia Internacional por Coronavirus y vos tipo... https://t.co/hTic6xprvT	https://twitter.com/SantiOlsze/status/1223044997626372096	[]
SantiOlsze	Thu Jan 30 20:06:58 +0000 2020	0	0	El 99% de los casos y el 100% de las muertes por nCoV se dieron en China. El resto de los casos, al momento, son 98 repartidos en 18 países. En algunos casos (8), la transmisión fue persona-persona. No hay muertes por nCoV reportadas fuera de China.	https://twitter.com/SantiOlsze/status/1222974507444555777	[]
SantiOlsze	Thu Jan 30 19:48:40 +0000 2020	3	1	Ahora, frente a ~8000 casos reportados y más de 100 muertes, la OMS (@WHO) declara la Emergencia Internacional frente al brote del nuevo Coronavirus (nCoV). https://t.co/byCzTYABju	https://twitter.com/SantiOlsze/status/1222969899250745346	[]
SantiOlsze	Thu Jan 30 18:44:24 +0000 2020	1	0	@rccflorencia @filonewsOK Mi viejo todavía no admite que fuma.	https://twitter.com/SantiOlsze/status/1222953725070860288	[]
SantiOlsze	Thu Jan 30 17:57:18 +0000 2020	10	3	Nueva nota para @filonewsOK. ¿Qué pasa con el pulmón al dejar de fumar? https://t.co/trb9hx4UBX	https://twitter.com/SantiOlsze/status/1222941872018149383	[]
SantiOlsze	Thu Jan 30 14:27:12 +0000 2020	0	0	"@norabar El trabajo explicado ⬇️ ⬇️
https://t.co/BTzbCpTAu6"	https://twitter.com/SantiOlsze/status/1222889000664354816	[]
SantiOlsze	Thu Jan 30 14:19:36 +0000 2020	9	3	El estudio tiene varias limitaciones (número de casos, forma de selección de pacientes, información recolectada) pero definitivamente ayuda a empezar a entender cómo y a quién afecta el coronavirus. El paper, acá:  https://t.co/bPdijrJJeZ	https://twitter.com/SantiOlsze/status/1222887086308544514	[]
SantiOlsze	Thu Jan 30 14:19:35 +0000 2020	9	5	La conclusión? El nuevo coronavirus tendría más probabilidades de infectar a hombres mayores con enfermedades de base y puede resultar en severos (y fatales) cuadros respiratorios.	https://twitter.com/SantiOlsze/status/1222887084467400704	[]
SantiOlsze	Thu Jan 30 14:19:35 +0000 2020	6	1	"Al 25 de enero, el 60% de los pacientes seguía internado. 
Un 30% había sido de alta.
El otro 10% murió."	https://twitter.com/SantiOlsze/status/1222887082756124672	[]
SantiOlsze	Thu Jan 30 14:19:34 +0000 2020	4	1	Las primeras dos muertes se registraron en hombres &gt;60 años con antecedentes de fumar por mucho tiempo. Del resto de las muertes que se dieron despues, solo uno era fumador.	https://twitter.com/SantiOlsze/status/1222887080940003328	[]
SantiOlsze	Thu Jan 30 14:19:34 +0000 2020	5	1	Casi un 20% tuvo Sindrome de Distrés Respiratorio Agudo, un cuadro inflamatorio pulmonar agudo con alta mortalidad. Todos presentaban neumonía, la mayoría en ambos pulmones.  3 de cada cuatro necesitaron oxígenoterapia.	https://twitter.com/SantiOlsze/status/1222887079278825472	[]
SantiOlsze	Thu Jan 30 14:19:34 +0000 2020	4	1	Los síntomas que mostraron fueron, según frecuencia, fiebre, tos, dificultad para respirar, dolor muscular, confusión, dolor de cabeza, etcétera, etcétera. El 90% de los pacientes tenía más de uno de ellos.	https://twitter.com/SantiOlsze/status/1222887077341224960	[]
SantiOlsze	Thu Jan 30 14:19:33 +0000 2020	5	1	"Qué surgió? La mitad de los pacientes tenía antecedentes de exposición (vivían cerca o trabajaban) al Huanan Seafood Market, el epicentro del epicentro de la cuestión.  Por más ""seafood"" que sea, se sabe que se vendían animales vivos de toda clase."	https://twitter.com/SantiOlsze/status/1222887075453685760	[]
SantiOlsze	Thu Jan 30 14:19:33 +0000 2020	4	1	Ahora sí, el estudio.  Se realizó en China sobre los 99 casos confirmados que hubo entre el 1 y el 20 de enero de 2020 en un hospital de Wuhan, el epicentro de la cuestión. La mayoría (68%) de logs pacientes son hombres, de 55 años de edad promedio.	https://twitter.com/SantiOlsze/status/1222887073520201729	[]
SantiOlsze	Thu Jan 30 14:19:32 +0000 2020	3	2	Los coronavirus son una gran familia de virus que ya lograron captar la atención en el pasado por otros brotes. El de SARS en 2012 tuvo &gt;8000 casos y mortalidad variable, aunque baja. El de MERS, posterior, tuvo &gt;1300 con ~40% de mortalidad.	https://twitter.com/SantiOlsze/status/1222887071523590145	[]
SantiOlsze	Thu Jan 30 14:19:32 +0000 2020	4	2	Mínimo contexto: desde diciembre de 2019 en China se registró un aumento considerable de casos de neumonía en Wuhan, China.  En busca del agente, descubrieron un nuevo coronavirus el 7 de enero de 2020.	https://twitter.com/SantiOlsze/status/1222887069707620352	[]
SantiOlsze	Thu Jan 30 14:19:31 +0000 2020	74	42	Abro un [HILO] sobre el primer trabajo publicado sobre ~100 casos del nuevo Coronavirus chino. https://t.co/bqjt3tmFsB	https://twitter.com/SantiOlsze/status/1222887067845365761	[]
SantiOlsze	Tue Jan 28 20:11:49 +0000 2020	3	0	Me hago cargo de un porcentaje interesante de las 122.000 solicitudes argentinas. https://t.co/KDLPHxNMZh	https://twitter.com/SantiOlsze/status/1222250952113061888	[]
SantiOlsze	Tue Jan 28 15:10:59 +0000 2020	1	0	Cómo me deprime la gente que se va a Disney. Y eso que me estoy pudriendo de calor acá.	https://twitter.com/SantiOlsze/status/1222175241314631681	[]
SantiOlsze	Mon Jan 27 17:33:20 +0000 2020	5	0	@rccflorencia Also me: https://t.co/CIEwFbNQfT	https://twitter.com/SantiOlsze/status/1221848680258572289	[]
SantiOlsze	Sun Jan 26 17:04:40 +0000 2020	3	0	Y vos, qué planes? https://t.co/2Ww0paKc0e	https://twitter.com/SantiOlsze/status/1221479077128916993	[]
SantiOlsze	Sat Jan 25 20:30:52 +0000 2020	0	0	Me hice cargo de Toulouse - @Lisandroaristi https://t.co/riHltbl3U1	https://twitter.com/SantiOlsze/status/1221168582022909953	[]
SantiOlsze	Wed Jan 22 20:46:23 +0000 2020	3	0	En Noviembre presenté este póster. Lo más destacado? La paleta de colores. https://t.co/eYaKL32SrV	https://twitter.com/SantiOlsze/status/1220085322178093056	[]
SantiOlsze	Tue Jan 21 18:30:56 +0000 2020	1	0	Histocompatibilidad? Paso. https://t.co/E5ZiAsqtY2	https://twitter.com/SantiOlsze/status/1219688846100746241	[]
SantiOlsze	Thu Jan 16 17:44:49 +0000 2020	0	0	Mi ministro https://t.co/VttQUVm5lC	https://twitter.com/SantiOlsze/status/1217865300307251208	[]
SantiOlsze	Mon Dec 30 17:47:21 +0000 2019	0	0	"La música no mata. Una banda de música incitando a un ""festival de bengalas"" en un lugar cerrado, Chaban y un puñado de funcionarios corruptos, sí."	https://twitter.com/SantiOlsze/status/1211705346735169542	[]
SantiOlsze	Sat Dec 21 15:48:20 +0000 2019	0	0	Creo que maneja lento el señor https://t.co/UYMYj377CZ	https://twitter.com/SantiOlsze/status/1208413904700923907	[]
SantiOlsze	Wed Dec 11 02:01:18 +0000 2019	2	0	💙☀️ https://t.co/oPhpP7ZhBs	https://twitter.com/SantiOlsze/status/1204581895780081664	[]
SantiOlsze	Sun Nov 17 13:12:03 +0000 2019	1	0	@CamiKalaydjian lee esta nota https://t.co/t2nyIc80X1	https://twitter.com/SantiOlsze/status/1196053385465737216	[]
SantiOlsze	Mon Nov 11 15:56:39 +0000 2019	1	0	@CamiKalaydjian Qué horrible	https://twitter.com/SantiOlsze/status/1193920480782299136	[]
SantiOlsze	Mon Oct 14 14:24:21 +0000 2019	0	0	"""and wife"" ... https://t.co/PgpzZw27d0"	https://twitter.com/SantiOlsze/status/1183750391797895170	[]
SantiOlsze	Thu Sep 19 21:09:23 +0000 2019	1	0	"Para los del mundo de las ciencias biológicas: ¿cuántas veces por semana escriben ""enzima"" en vez de ""encima"" ?"	https://twitter.com/SantiOlsze/status/1174792625636986896	[]
SantiOlsze	Mon Sep 16 15:01:51 +0000 2019	3	0	@juanitagroisman https://t.co/r8CrpOgKKe	https://twitter.com/SantiOlsze/status/1173612970645032962	[]
SantiOlsze	Sun Sep 01 19:29:51 +0000 2019	1	0	Alguien puede pensar en este pibe? https://t.co/n84g1dhv3O	https://twitter.com/SantiOlsze/status/1168244596318580737	[]
SantiOlsze	Sun Sep 01 19:27:55 +0000 2019	0	0	Presidente Coraje https://t.co/qVGky4t9BP	https://twitter.com/SantiOlsze/status/1168244110999920641	[]
SantiOlsze	Thu Aug 15 11:44:01 +0000 2019	0	0	@NicoOlsze @Severiansky Mi hipótesis es que esta neo-Campaña del Miedo era la preparada para salvar la diferencia de 5 puntos aproximadamente esperada (encuestas). Pensar que sirve para remontar más de 15 es, mínimamente, ingenuo e irresponsable.	https://twitter.com/SantiOlsze/status/1161966772913881090	[]
SantiOlsze	Wed Aug 14 01:46:08 +0000 2019	1	0	@CamiKalaydjian Qué tibia sos	https://twitter.com/SantiOlsze/status/1161453921740709889	[]
SantiOlsze	Sat Aug 10 20:18:56 +0000 2019	0	0	Rindo dos finales por mes y en un año estoy recibido. https://t.co/M7UEaMvboD	https://twitter.com/SantiOlsze/status/1160284415836266496	[]
SantiOlsze	Sun Jul 21 14:22:16 +0000 2019	0	0	Increíble que sigan pasando estas cosas https://t.co/lw7x50edLc	https://twitter.com/SantiOlsze/status/1152946902708752384	[]
SantiOlsze	Mon Jul 15 14:36:47 +0000 2019	1	0	"@gordopisto Previo Arsenal pasó por Ferro.
El tipo se doblaba 90° para atrás para sacar un lateral. Y te podía hacer un cambio de frente con las manos. Animal."	https://twitter.com/SantiOlsze/status/1150776228573601792	[]
SantiOlsze	Wed Apr 17 09:58:58 +0000 2019	2	0	"Ya hicieron el meme de ""rayo peronizador"" ? https://t.co/HyYFUHAzHG"	https://twitter.com/SantiOlsze/status/1118453793660776460	[]
SantiOlsze	Wed Mar 27 20:09:43 +0000 2019	0	1	Guarda la Gamba (Men A) busca rival para amistoso el domingo 15 hs. Ya está la cancha. @campodejuegoexa RT	https://twitter.com/SantiOlsze/status/1110997346211545089	[]
SantiOlsze	Tue Mar 12 00:29:32 +0000 2019	3	2	La mejor gente que me crucé en FFyB busca becarios!! https://t.co/L6w8lLZpjO	https://twitter.com/SantiOlsze/status/1105264525337612288	[]
SantiOlsze	Tue Mar 05 12:25:54 +0000 2019	0	0	@NicoOlszevicki Ojalá sea así...	https://twitter.com/SantiOlsze/status/1102908089391435776	[]
SantiOlsze	Tue Mar 05 04:37:25 +0000 2019	0	0	"@NicoOlszevicki Macri contra ""la candidata"" sacaba bastante más del 51. Por eso no es victoria segura ahora."	https://twitter.com/SantiOlsze/status/1102790194430914562	[]
SantiOlsze	Fri Nov 23 00:26:12 +0000 2018	1	1	El que no conoce a Dios(ito) a cualquier santo le reza. https://t.co/ePe3X4Hy1q	https://twitter.com/SantiOlsze/status/1065763408400867338	[]
SantiOlsze	Fri Nov 09 12:19:32 +0000 2018	2	1	Lo único que se me ocurre -y me aterra- es que Pichetto esté construyéndose como candidato ( ¿vice? ) de una fórmula de derecha amplia con Cambiemos.	https://twitter.com/SantiOlsze/status/1060869494489399296	[]
SantiOlsze	Sat Nov 03 20:57:41 +0000 2018	1	0	@juanitagroisman Jabón Dove $40	https://twitter.com/SantiOlsze/status/1058825563538968576	[]
SantiOlsze	Wed Oct 31 02:48:40 +0000 2018	0	0	Linda semanita para ser brasileño.	https://twitter.com/SantiOlsze/status/1057464341212086272	[]
SantiOlsze	Tue Oct 23 01:39:14 +0000 2018	2	0	Vengo a proponerles un sueño. https://t.co/MIRCubuJxg	https://twitter.com/SantiOlsze/status/1054547766159048704	[]
SantiOlsze	Sun Oct 07 23:34:38 +0000 2018	0	0	Se me metió un Brasil en el ojo.	https://twitter.com/SantiOlsze/status/1049080590207766528	[]
SantiOlsze	Wed Sep 12 18:26:23 +0000 2018	0	2	Se interpreta que te automediques para el combo fiebre y dolor de garganta con antibióticos. Después nos preguntamos de dónde salen las bacterias super resistentes. https://t.co/s5HFrfqLMM	https://twitter.com/SantiOlsze/status/1039943321513324545	[]
SantiOlsze	Mon Sep 03 15:33:44 +0000 2018	0	0	Los muertos pueden tuitear? https://t.co/BwAgZywMoN	https://twitter.com/SantiOlsze/status/1036638383064457217	[]
SantiOlsze	Wed Aug 22 02:13:02 +0000 2018	32	46	https://t.co/ivz1QrixVk	https://twitter.com/SantiOlsze/status/1032088223529541632	[]
SantiOlsze	Tue Aug 21 21:35:34 +0000 2018	2	0	Se murió Chicha sin poder encontrar a su nieta. Mientras tanto, varios hijos de puta saben perfectamente dónde está. A donde vayan los iremos a buscar.	https://twitter.com/SantiOlsze/status/1032018397796741126	[]
SantiOlsze	Thu Aug 16 21:46:09 +0000 2018	6	1	#NoAlAjusteEnCyT https://t.co/wYLf5MZ0cp	https://twitter.com/SantiOlsze/status/1030209120828313600	[{'text': 'NoAlAjusteEnCyT', 'indices': [0, 16]}]
SantiOlsze	Thu Aug 09 00:57:25 +0000 2018	2	1	El mejor intercambio del día. https://t.co/wRnCF3GOzX	https://twitter.com/SantiOlsze/status/1027358153661444096	[]
SantiOlsze	Mon Aug 06 01:31:40 +0000 2018	6	0	El miércoles tenemos una cita en el Congreso. El lado correcto es el de Nora, como siempre. https://t.co/kxSDlzlQmZ	https://twitter.com/SantiOlsze/status/1026279608046501888	[]
SantiOlsze	Sat Aug 04 13:18:04 +0000 2018	3	0	https://t.co/mUpWO4V4ZF	https://twitter.com/SantiOlsze/status/1025732602043527169	[]
SantiOlsze	Fri Jul 20 11:42:37 +0000 2018	0	0	Expertos en mover el eje de la discusión. Se está discutiendo financiamiento ilegal y lavado de dinero. https://t.co/rRVcsxnt5R	https://twitter.com/SantiOlsze/status/1020272765163790342	[]
SantiOlsze	Mon Jul 16 18:35:51 +0000 2018	0	0	¿Ahora los franceses negros no son franceses?	https://twitter.com/SantiOlsze/status/1018927208256155650	[]
SantiOlsze	Sun Jul 08 21:31:01 +0000 2018	1	0	@LaNenaLactea @norabar Se me viene, lo más fácil, los cánceres relacionados a infecciones virales (VPH, EBV...)	https://twitter.com/SantiOlsze/status/1016072187462201353	[]
SantiOlsze	Wed Jul 04 23:11:28 +0000 2018	1	0	La teoría del derrame en la propina de Carrió.	https://twitter.com/SantiOlsze/status/1014647915028144128	[]
SantiOlsze	Tue Jun 19 01:40:42 +0000 2018	0	0	Rigor periodístico (?) https://t.co/lIjqLDiAR5	https://twitter.com/SantiOlsze/status/1008887262703161345	[]
SantiOlsze	Thu Jun 14 11:19:36 +0000 2018	0	0	@pedr0rufo MVL	https://twitter.com/SantiOlsze/status/1007221010821779456	[]
SantiOlsze	Thu Jun 14 10:49:44 +0000 2018	3	0	¿Qué hubiera pasado en un Estado laico de verdad? https://t.co/wnfl8M6LE4	https://twitter.com/SantiOlsze/status/1007213494008205313	[]
SantiOlsze	Wed Jun 13 11:50:27 +0000 2018	1	0	QUE SEA LEY https://t.co/RTA5O8884T	https://twitter.com/SantiOlsze/status/1006866383374880768	[]
SantiOlsze	Mon Jun 11 15:34:09 +0000 2018	0	0	Se viene el mundial y el grupo lo sabe https://t.co/IhAYtoXMmm	https://twitter.com/SantiOlsze/status/1006197907018665984	[]
SantiOlsze	Sun Jun 10 19:38:51 +0000 2018	0	0	Salvemos las 500 vidas de las mujeres que mueren anualmente tras abortos clandestinos #AbortoLegalYa	https://twitter.com/SantiOlsze/status/1005897096032129026	[{'text': 'AbortoLegalYa', 'indices': [86, 100]}]
SantiOlsze	Tue Jun 05 01:17:21 +0000 2018	1	0	Aborto legal o clandestino. Ahí está la cosa. https://t.co/az0dY7u1Pe	https://twitter.com/SantiOlsze/status/1003807956155150337	[]
SantiOlsze	Mon Jun 04 14:34:18 +0000 2018	1	0	Los dinosaurios van a desaparecer... https://t.co/bcndYN4ZjS	https://twitter.com/SantiOlsze/status/1003646128271822848	[]
SantiOlsze	Thu May 31 16:41:47 +0000 2018	0	1	Entre 2008 y 2015, creció en un 50% el número de estudiantes universitarios en el GBA en el sector de menor ingreso. Casi que se duplicó en el que le sigue. https://t.co/AA2Fia96Ye	https://twitter.com/SantiOlsze/status/1002228658839441409	[]
SantiOlsze	Thu May 31 16:41:42 +0000 2018	0	0	El 26% de los universitarios del conurbano es  pobre, según la Encuesta Permanente de Hogares (2016-2017). https://t.co/x676kdePnr	https://twitter.com/SantiOlsze/status/1002228640036409356	[]
SantiOlsze	Thu May 31 10:46:10 +0000 2018	1	0	@NicoOlszevicki Lo tenés que mostrar en clase!!!!!!!!!!	https://twitter.com/SantiOlsze/status/1002139164077449216	[]
SantiOlsze	Sun May 27 10:47:07 +0000 2018	2	0	@IreneWais @Paloma0607 @vanerabu @cazabacterias Una cucharada debe tener 30/40g y en un bowl grande entran un par (o más) de litros de agua. Me parece que te va a quedar bastante parecida a la solución fisiológica (0,9%) 😕	https://twitter.com/SantiOlsze/status/1000689854722830338	[]
SantiOlsze	Mon May 21 10:05:35 +0000 2018	0	0	"Las marchas realmente multitudinarias no salen en Clarín, mientras que a otras las llama ""multitudinarias"" y no publican ni una foto aérea."	https://twitter.com/SantiOlsze/status/998505071976615936	[]
SantiOlsze	Sun May 20 22:52:15 +0000 2018	0	0	Da ganas de subirse a un taxi, no? No? No. https://t.co/bmg8RqlF0T	https://twitter.com/SantiOlsze/status/998335625463058437	[]
SantiOlsze	Fri May 18 23:39:52 +0000 2018	0	0	Paisaje de viernes por la noche https://t.co/xezoE6QO0Y	https://twitter.com/SantiOlsze/status/997622829213462529	[]
SantiOlsze	Wed May 16 15:39:11 +0000 2018	0	0	Llegó el mayo que todos queríamos. https://t.co/23Q2M51ZGS	https://twitter.com/SantiOlsze/status/996777087108169728	[]
SantiOlsze	Sun May 13 12:38:37 +0000 2018	2	1	"¿Existe la grasa ""buena""? Mi nota para @pasosdeaquiles aquí: https://t.co/LTtBtFqKpD"	https://twitter.com/SantiOlsze/status/995644483885780993	[]
