{"type":"Topology","objects":{"regiones":{"type":"GeometryCollection","geometries":[{"type":"Polygon","properties":{"name":"Arica y Parinacota"},"id":"CL-AP","arcs":[[0,1,2,3,4,5,6,7,8,9,10,11,-12,11,12,13]]},{"type":"MultiPolygon","properties":{"name":"Tarapacá"},"id":"CL-TA","arcs":[[[14,15,-16,15,16,17,-18,17,18,19,-20,19,-20,19,20,21,22,23,-24,23,24,25,-26,25,26,27,28,-13,-12,11,-12,-11,9,-9,7,-7,5,-5,3,-3,1,-1,29]]]},{"type":"MultiPolygon","properties":{"name":"Antofagasta"},"id":"CL-AN","arcs":[[[30,31,32,33,34,35,36,37,38,39,-40,40,41,42,43,44,45,46,47,48,49,50,51,52,53,54,55,56,57,58,59,60,61,62,63,64,65,66,-27,-26,25,-26,-25,-24,23,-24,-23,21,-21,-20,19,-20,19,-20,-19,-18,17,-18,-17,-16,15,-16,-15,67]],[[68]],[[68]]]},{"type":"MultiPolygon","properties":{"name":"Los Rios"},"id":"CL-LR","arcs":[[[69,70,71,-72,71,72,73,-74,73,74,75,76,77,77,78,79,80,81,82,-83,82,-83,83,84,-85,84,85,86,-87,86,87,88,89,90,-91,90,91,92,93,94,-95,94,95,96,-97,96,97,98,-99,98,99,-100,99,-100,99,100,101,102,103,-104,103,104,105,-106,105,106,107,108,109,110,110,111,112,113,-114,113,114,115,-116,115,116,-117,117,116,-117,116,118,119,120,-121,121,122,120,-121,120,123,-124,124,125,-126,126,127,128,-129,128,129,130,131,132,-132,133,-134,133,134,135,136,137,138,-138,139,140,141,-141,142,-143,140,143,137,-138,137,-138,144,-144,141,141,141,145,-143,146,147,148,149,150,151,152,153,-153,154,155,156,-126,125,157,158,-159,158,159,-160,-159,158,-159,158,159,160,161,162,163,164,165,166,167,168,169]],[[-160,170,171,-124,172,-119,-117,-116,173,174,-114,113,175,175,175,176,161,162,-163,-162,177,178]],[[134,179]],[[-159,180,181,159,-160]],[[150,-151,179]]]},{"type":"MultiPolygon","properties":{"name":"Valparaíso"},"id":"CL-VS","arcs":[[[182]],[[183,184,185,186,187,188,189,190,191,192,193,194,195,196,-197,196,197,-198,198,199,200,201,-202,201,-202,202,-203,202,203,-204,203,-204,203,-204,203,-204,203,-204,203,-204,204,-205,204,-205,204,205,206,-199,-197,196,-197,196,-197,196,207,208]],[[209,210,-211,210,211,212,213,214,215,216,217,218,219,220,220,221,222,222,223,224,225,226,227,228,-229,228,229,230,-231,230,231,232,233,234,235,236,237,238,239,240,241,242,242,243,244,245,246,247,248,249,250,251,-252,252]]]},{"type":"MultiPolygon","properties":{"name":"Aisén del General Carlos Ibañez del Campo"},"id":"CL-AI","arcs":[[[253,254,255,-256,255,256,-257,256,-257,-256,255,-256,255,-256,257,258,259,260,261,262,263,264,-265,-264,-263,-262,-261,265,266,267,268,269,-270,269,270,-270,271,272,273,274,275,276,277,278,279,280,281,282,283,284,285,286,287,288,289,-289,288,290,291,292,-293,293,294,295,296,297,298,299,300,301,-302,302,303,304,305,306,307,308,-309,309,310,311,312,-313,313,314,315,316,317,318,319,320,321,322,323,324,325,326,327,328,329,329,330,331,332,333,334,334,335,336,337,338,339,340,341,342,343,-342,-340,339,344,-345,344,345,346,-347,347,-348,-346,348,349,350,351,352,352,352,353,354,355,356,-357,357,358,359,-360,359,-360,359,360,361,362,363,364,365,-366,365,366,367,368,369,-370,370,371,-372,-371,369,-370,-369,372,373,374,375,376,-376,-375,377,378,379,-380,-379,380,381,382,383,384,385,386,-387,386,387,388,389,390,391,392,-390,393,394,395,396,-396,-395,394,-395,397,398,399,400,400,401,402,-403,402,403,404,-405,404,-405,404,405,406,407,408,408,409,410,411,-412,411,412,413,414,414,415,416,417,418,419,420,-421,421,422,423,424,425,-422,420,426,427,428,429,-414,-412,430,431,432,433,-433,434,435,436,-437,436,-437,436,-437,436,-437,436,-437,437,438,439,440,441,442,443,444,445,446,447,448,449,450,451,452,453,454,455,456,457,458,459,460,-461,460,-461,461,-459,458,-459,458,-459,462,463,464,-464,465,466,467,468,469,470,471,472,473,474,475,476,477,-477,-476,-475,478,474,-475,478,-473,-472,471,479,-472,480,481,482,483,484,485,486,487,-488,-487,-486,488,489,490,491,-491,-490,492,493,493,493,494,495,496,497,498,499,500,501,-502,501,502,503,504,505,506,507,508,509,510,511,512,-512,-511,513,514,515,516,517,-506,518,519,520,521,522,523,524,-525,524,525,526,527,528,529,530,531,532,533,-534,533,534,535,536,-537,537,538,539,540,-541,540,541,-537,-536,542,543,544,545,546,547,548,549,550,551,551,552,553,553,554,555,556,557,558,559,-559,558,559,560,561,562,563,564,565,566,567,568,569,570,571,572,573,-573,572,574,575,576,577,578,579,580,581,582,583,584,585,586,587,588,589,590,591,591,592,593,594,595,596,597,598,599,600,601,602,603,604,605,606,607,608,609,610,611,612,613,614,615,616,617,618,619,620,621,622,623,624,625,626,627,628,629,630,631,632,633,-634,634,635,636,637,638,639,640,641,642,643,644,645,646,647,648,649,-650,649,650,651,652,653,654,655,656,657,-658,657,-658,658,659,660,661,662,663,-664,663,664,665,666,667,-668,667,-668,667,-668,667,668,669,670,671,672,-673,672,-673,672,673,674,675,676,677,-678,677,-678,-677,676,-677,676,-677,678,679,680,681,682,683,684,-685,684,-685,685,686,687,688,-689,689,690,691,692,693,694,695,696,697,698,699,700,701,702,703,704,-705,705,706,707,708,709,710,711,712,-713,712,713,714,715,-705,716,717,717,718,719,720,720,721,722,723,724,725,726,727,728,729,-730,729,730,731,732,733,734,735,736,-737,736,737,738,739,-740,739,740,741,742,743,744,745,746,747,748,749,750,751,752,753,754,755,756,757,758,759,760,761,762,763,764,765,766,767,768,769,770,-771,770,771,772,773,774,775,776,777,778,779,780,781,782,783,784,785,786,787,788,789,790,791,792,793,794,795,796,797,798,799,-799,-797,796,800,801,802,803,804,805,806,807,808,809,810,811,812,813,814,815,816,817,818,819,820,821,822,823,824,825,826,827,828,829,830,-831,831,832,833,834,835,836,-837,836,837,-837,-836,-835,-834,-833,838,839,840,841,842,843,844,-845,845,846,847,848,849,850,851,852,853,854,855,856,857,858,859,860,861,862,863,864,865,-866,-865,866,-867,866,867,868,869,870,871,872,873,874,875,876,877,878,879,880,881,882,883,884,885,886,887,888,889,890,891,892,893,894,895,896,897,898,899,900,-900,901,902,903,-898,904,905,906,-907,906,907,908,909,910,911,912,913,914,915,916,917,918,919,920,921,-921,920,922,923,-923,-921,924,925,-926,925,926,927,928,-929,929,930,931,932,933,934,-935,935,936,937,938,-939,938,939,940,941,942,943,944,945,946,947,948,949,950,951,952,953,954,-953,-952,951,-952,-951,955,956,957,958,959,-960,-959,960,961,962,963,964,965,966,967,-967,968,969,970,-965,971,972,973,974,-975,-974,975,-976,975,-976,975,-976,976,977,978,979,980,981,982,983,-984,984,985,986,987,988,-989,989,990,991,992,993,-994,994,-995,995,996,997,998,999,1000,1001,1002,1003,1004,1005,1006,1007,-1008,1007,1008,1009,-1009,-1008,-1007,1010,1011,1012,1013,1014,1015,-1016,1015,1016,1017,1018,1019,1020,1021,-1022,1021,1022,1023,-1024,1024,1025,1026,1027,1028,-1020,1029,1030,-1028,-1027,-1026,1031,1032,1033,1034,1035,-1036,1036,1037,1035,-1036,-1035,1038,1039,1040,1041,1042,1043,1044,1045,1046,1047,1048,1049,1050,1051,1052,1053,1054,1055,1056,1057,1058,1059,1060,1061,-1062,-1061,1062,1063,1064,1065,-1066,1066,-1067,1066,1067,-1068,1067,-1068,1068,1069,1070,1071,1072,1073,1074,1075,1076,1077,1078,1079,1080,-1081,-1080,1079,-1080,-1079,1078,-1079,-1078,-1077,1081,1082,1083,1084,1085,1086,1087,-1088,1087,1088,1089,1090,-1086,1091,1092,1093,1094,1095,1096,1097,-1095,1098,1099,-1091,1100,1101,1102,1103,1104,1105,1106,1107,1108,-1108,-1107,1109,1110,-1111,1110,-1111,1110,-1111,1110,-1111,1110,-1111,1111,1112,-1113,1112,1113,-1114,1113,-1114,1113,1114,-1115,-1114,1113,-1114,1113,-1114,-1113,1115,1116,-1117,1117,1118,1113,1119,1114,1120,1121,-1122,1121,-1122,1121,-1122,-1121,1120,-1121,-1115,1114,1122,-1123,-1115,1123,-1124,-1114,1113,1123,1124,1125,-1126,1126,1126,1127,1128,1129,-1130,1129,-1130,1129,1130,-1131,1131,1132,-1133,1132,1133,1134,1135,1136,1137,1138,1139,1140,1141,1142,1143,1144,1145,1146,1147,1148,1149,1150,-1151,1150,1151,-1152,1151,-1152,1151,1152,1153,1154,1155,1156,1157,1158,1159,-1160,1159,-1160,1160,1161,-1162,1161,-1162,1161,1162,-1122,-1121,-1115,1114,1120,1121,1163,1164,-1165,1164,-1165,1164,-1165,1165,-1166,1164,-1160,1166,1167,1168,-1157,1169,-1170,1170,1171,1172,1173,1174,1175,1176,1177,1178,-1179,1179,1180,1181,1182,1183,1184,-1065,-1062,1185,1186,1187,1188,1189,1190,1191,-1191,-1190,-1189,1188,-1189,-1188,-1187,-1186,1192,1193,1194,1182,1195,1196,1197,1198,1199,1200,1201,1202,1203,1204,1204,1205,1206,1207,1208,1209,1210,1211,-1207,1212,1213,1214,1214,1215,1216,1217,1218,1219,1220,1221,-1222,1221,1222,1223,1224,1225,1226,1227,1228,1229,1230,1231,1232,1233,1234,1235,1236,1237,1238,1239,1240,1241,1242,1243,-1244,1243,-1244,1244,1245,1246,1247,1248,1249,1250,1251,1252,1253,-1253,1252,-1253,1254,-1250,1255,1256,-1247,-1246,1257,1258,1259,1260,1260,1261,1262,1263,1264,-1265,1264,1265,1266,1267,1268,-1269,1269,-1270,1269,1270,1271,1272,1273,1274,-1274,-1273,1275,1276,1277,1278,-1277,1276,1279,1280,1281,1282,1282,1281,1283,1284,1285,-1285,1286,1287,1288,1289,1290,1291,1292,1293,1294,-1295,1294,1295,1296,-1297,1296,-1297,1296,-1297,1297,-1298,1297,-1298,1296,1298,1299,1300,1301,1302,1303,1303,1304,1303,-1303,-1302,1305,1306,1307,-1307,1308,1309,1310,1311,1312,1313,-1313,-1312,1314,1315,-1310,1316,1317,1318,1319,-1318,1317,1319,1320,1321,1322,1323,1324,1325,1326,1327,1328,-1326,1325,-1329,1329,1328,-1326,-1325,-1323,1330,-1322,1331,-1318,1332,1333,-1334,1334,1333,-1334,-1333,1335,1336,-1315,1337,1337,1338,1311,1339,1312,-1313,1312,1340,1341,1342,1343,1344,1345,1345,1346,1347,1347,1347,1348,-1349,1348,1349,1350,-1351,1350,-1351,1350,-1351,1350,-1351,1351,1350,-1351,1350,1352,1353,1354,1355,1355,1356,1357,1358,1359,1360,1361,1362,1363,1364,1365,1366,1367,-1368,1367,1368,1369,-1370,1369,1370,1371,1372,1373,1374,1375,1376,1377,1378,1379,1380,1381,-1381,1382,-1383,1382,-1383,1380,1383,1384,-1385,-1384,1383,1384,1385,1386,1387,1388,1389,1390,1391,1392,1393,1394,-1395,-1394,-1393,1392,1395,1396,1397,1398,1399,1400,-1397,1401,1402,1403,-1403,1404,1405,1406,1407,1408,1409,1410,1411,1412,1413,1413,1413,1414,-1412,-1411,1415,1416,1417,1418,1419,1420,1421,1422,1423,1424,1425,1426,1427,-1428,1428,1429,-1430,1429,1430,1431,1432,1433,-1433,1432,1434,1435,-1436,1436,1437,1438,1439,1440,1441,1441,1442,1443,1444,1445,1446,1447,1448,1449,1450,1451,1452,1453,1454,1455,1456,1457,1458,1459,1460,1461,1461,1462,1463,1464,1465,253,-254],[1466],[1467],[1468,1468,1468],[1469],[1469],[1470,1470,1470],[1471,1472,-431],[1473,1473,1473],[1466],[1474,-1475,1474,-1475],[1475,-1476,1476],[1477,1477,1477],[1478,1478,1478],[1479],[1480,1480,1480],[1481,1481,1481],[1333,1482,1483],[1484,1484,1484],[1468,1468,1468],[1485,1485,1485],[1486,1486,1486],[1487],[1488,1488,1488],[1489,1489,1489],[1490,1490,1490],[1491,1491,1491],[1492,1493],[1494],[1495,1495,1495],[1496],[1497,1497,1497],[1498,1499],[1486,1486,1486],[1500,1501],[1502,1502,1502],[1103,-1104,1485],[1503],[1504,-1505,1478],[1505,1505,1505],[1506,1506,1506],[1503],[1507,1507,1507],[1495,1495,1495],[1508,-1509,1481],[1509,1509,1509],[1468,1468,1468],[-1163,1162,1484],[1510,-1511,1511],[1512,1512,1512],[1513,1514,1515,-953],[-984,983,1516],[1517],[1518,1518,1518],[1519,1520],[1521,1521,1521],[1522],[1523,1523,1523],[1524,1524,1524],[-1203,1202,1523],[-755,1525],[1526,1526,1526],[-1435,1434,1527],[1528,1528,1528],[1519,1520],[1529],[1530],[1488,1488,1488],[-405,1531,1474,1532],[1533,1534,1535],[1536,1536,1536],[1468,1468,1468],[1537,1537,1537],[-1150,1149,1480],[1524,1524,1524],[1538,-1539,1524],[1539,-1540,1497],[1540,-1541,1505],[1529],[1541,1541,1541],[1542,1542,1542],[1491,1491,1491],[-929,928,1486],[1543,1489],[1467],[-787,786,1512],[1544],[1545],[1484,1484,1484],[1546,-1547,1476],[1547,1547,1547],[1548,1493],[1549,1549,1549],[1490,1490,1490],[1484,1484,1484],[1487],[-373,372,1495],[1550,1551],[1552,1116,1553,1106],[1554,1516],[1555,-1556,1549],[1556],[1557,1557,1557],[1558,1558,1558],[1559,1559,1559],[1560,1560,1560],[1491,1491,1491],[1556],[1561,-1562,1468],[1541,1541,1541],[1562,-1563,1537],[587,-588,1490],[1563,1563,1563],[1564,-1565,1565],[1566,1518],[1510,1567],[-1273,1272,1507],[1568,-1569,1491],[1479],[1569,1569,1569],[1570,1571],[1494],[-757,756,1572],[1573,1574],[832,1575,1576],[1577,-534,1578],[1579,1509],[1580,1581],[1582,1582,1582],[1583,-1584,1569],[1522],[861,1541],[-1435,1434,1527],[1584,1584,1584],[1496],[1585,-1586,1488],[1586],[1587,-1588,1542],[-760,1588],[1589],[1590],[-1592,1591,1502],[1530],[1592,1593,1594,1595],[1596,1597],[1544],[1598,-1599,1599],[1600,1601,1602,-1603,1602,-1142],[1545],[-1604,1603,1584],[1586],[1604,-1605,1560],[1605,-1606,1521],[-1556,1606,1607,1608],[1609,1470],[1610,1610,1610],[-1562,1561,1473],[918,1611],[-1222,1221,1563],[1612,1613],[1573,1574],[1204,1614],[1517],[-615,1615],[1616,-1617,1617],[1618],[1619,1620],[1621,-1622,1597],[-607,1622],[-1624,1623,1506],[1624,-1625,1565],[1625,1571],[1626,-1627,1582],[1411,-1412,1627],[1590],[1628,-1629,1610],[1629,1629,1629],[-871,1630,1631],[1632,1633,-1633],[1634,1635,1252,1636,-1637,1636],[1637,1638,-390],[1639,-1640,1594,-1595],[824,-825,1536],[1640,1641,-1642,1641,1642,-1643,1642,-1643,1642,1587,-1588,1587],[1643,-1644,1559],[1644,1645],[1646,-1647,1558],[1647,-1648,1629],[1648,-1649,1649],[1632,-1633,1547],[-757,756,1572],[-1273,1650,1651],[1652,1653,-392,-1599],[1654],[1655,1284,1656,1648],[877,-878,-877,1657],[1658,1659],[1660,-1661,1581],[1661,-1001,1662],[1663,1557],[1664,276,-277,-1665,1665],[1666,1667,1668,1669],[1670,1671,-1672,1671,-1672,-1671,1672],[1673,-866,865,1674],[1564,1675,1676,-1194,1193,-1194,-1565,1624,1677,-1678,-1625],[1500,1501],[-1679,-1613],[1264,-1265,1679],[1680,-1681,-1669,1668,-1669,1681,1550,1682,-1683,1682,-1681],[1683,-837],[1684,-880,1685,1686,-1687,1686],[1687],[1688],[1689,1690,1671,-1642],[1686,1691,1692,-1694,-1693,-1692,-1687],[1694,1695,1696,1190,1697,-1695,-1699,1699,1700,1701,1702,1703,1616,1698],[988,1704,1705,1705,1706,1707],[1708,1709,-1710,1710],[1711,-1712,-1595,-1594,1712,1644,1713,-1714,1713,-1640,1594,1711,-1712],[1714,1715,-1716,-1715],[1716],[1717],[1718,1719],[1720,1721],[1722,-932,931,1723,-1724,1724]],[[1725,1726,1727,1728,1729,1730,1731,1732,1733,1734,1735,1735,-1735,-1734,-1733,1736,1731,1737,1738,1739,1740,1741,1742,1743,-636,1744,1745,1746,1747,1748,1749,1750,-610,1751,1752,1753,1754,1755,1756,-1757,1756,1757,1758,1759,1760,1761,1762,1763,1764,1765,1766,-1767,1766,1767,1768,-1769,1768,1769,1770,-1771,1770,-1771,-1770,1771,1772,1773,-1774,1773,1774,1775,1776,1777,1778,-1779,1778,1779,1780,1781,-1782,1781,-1782,1781,-1782,1781,1782,1783,1784,1785,1786,1787,1788,1789,1790,1791,1792,-1793,1793,1794,-1795,1794,1795,1796,1797,1798,1799,1800,1801,-1802,-1801,1802,1803,-1804,1803,-1804,1803,1804,1805,1806,1807,1808,-1809,1808,1809,1810,1810,1811,-1807,-1806,1805,-1806,-1805,1812,1812,-1804,1813,1814,1815,1816,1817,1818,-1819,1818,1819,1820],[1821,1821,1821],[1822,1822,1822],[1822,1822,1822],[1823],[1824,1824,1824],[1823],[1825,1822],[1826,1826,1826],[1827,-1828,1824],[1821,1821,1821],[-1793,1792,1826],[1828,1821],[-1770,1769,1829]],[[1830,1830,1831,1832,1833,1834,1835,1836,1837,1838,1839,1840,1841,1842,1843,1844,1845,1846,1847,1848,1849,-1850,-1846,1850,1851,1852,1853,-1854,1853,-1854,1854,1855,1856,1857,-1858,1858,-1857,1859,1860,1861,1862,1863,1864,1865,-1866,-1865,-1864,1866,1867,1868,1869,1870,1871,-1872,1872,-1873,1872,1873,1874,1875,-1876,1875,-1876,-1875,-1874,-1873,1871,-1872,1871,1876,1877,1878,1879,1880,-1881,1881,1882,1883,1884,-1885,1885,1886,1887,1888,1889,1890,1891,1892,-1893,-1892,1891,1893,1894,1895,1896,1897,1898,1899,1900,-1901,1900,1901,1902,1903,1904,1905,1906,-1907,1907,1908,1909,1910,1911,-1912,-1911,1912,1913,1914,1915,1916,1917,1918,1919,1919,1920,-1921,-1919,1921,1922,-1917,1923,1924,1925,1926,1927,1928,1929,1930,1931,1932,1932,1933,1934,1935,1936,1937,1938,1939,1940,1941,-1942,1941,1942,1943,1944,1945,1946,1947,-1948,1948,1947,-1948,1949,1950,-1951,-1950,1951,1952,1953,1954,1955,1956,-1957,1957,1958,1959,1959,1960,1961,1962,1963,1964,1965,1959,1966,1967,1968,1969,1970,1971,1972,-1973,1972,1973,1974,1975,1976,1977,-1978,1977,1978,-1979,1978,-1979,1978,-1979,1979,1980,1981,-1982,1981,-1982,1981,-1982,1981,1982,1983,1984,-1985,1984,1985,1986,1987,-1988,1987,1988,-1989,1989,1990,-1991,1990,1991,1992,1993,-1994,1993,-1994,1994,-1995,1993,1995,-1996,1995,-1996,1996,-1997,1996,1997,-1998,1997,1998,-1999,1999,2000,2001,2002,-2003,-2002,2003,2004,-2004,2001,-2002,2001,2002,2005,2006,2007,2007,2007,2008,2009],[2010,2010,2010],[2011,2011,2011],[2012],[2013,-2014,2014],[2015],[2016,2016,2016],[2017,2017,2017],[2018,-2019,2016],[2019,2019,2019],[2020,2020,2020],[2021,2021,2021],[2022,2023],[2024,-2025,2025],[-1981,1980,2026],[-1854,1853,2014],[2027],[2027],[2028,-2029,2019],[2015],[2029,2029,2029],[2026,2026,2026],[2030,-2031,2031],[2012],[-2033,2032,2017],[2033,2034,2035],[2036,-2037,2037],[-1893,1892,2029],[1840,-1841,2021],[2038,-2039,2039],[2040,-2041,2039],[2041,2042,1910,2043],[-1943,1942,2010],[2024,-2025,2025],[2044,-2045,2022],[-1865,2045,-1862,2046],[2047,-2048,2020],[2048,2037],[2049,-1891,2050],[2051,2052],[2053,2054],[2013,2055,2056,-2057,-2056,-2014],[2057,2058,-2059,2058,2059,-2031,2060,-2058],[-2062,2062,-1876,1875,-2063,-2064,-2065,-1875,1874,-2066,2066,-2067,-2068,2068,2069,-2070,-2069],[2070,2071,2053,-1948,1947,-2054,2072]],[[2073,2074,2075,2076,2077,2078,2078,-2078,2079,2080,-2081,2080,2081,2081,2082,-2081,-2080,2083,2084,2085,2086,-2087,2086,-2087,2086,-2087,2086,-2087,2086,-2087,2086,-2087,2086,2087,2088,2089,2090,2091,2092,2093,2094,-2095,2094,-2095,2095,2096,2097,2098,-2099,2098,2099,-2100,2099,2100,2101,2102,2103,2104,2105,2106,2107,2108,2109,2110,2111,2112,2113,2114,2115,2116,2117,2118,2119,-2120,2119,2120,2121,2122,2123,2124,2124,2124,-2123,2125,2126,2127,2128,2129,2130,2131,-2129,2132,2133,2134,2135,2136,2137,2138,2139,-2140,2139,-2140,2139,2140,2141,2142,2143,2144,2145,-2146,2146,2146,2147,2148,2149,2150,2151,-2152,2151,-2152,2151,2152,2153,2154,2155,2156,-2157,2156,2157,2158,-2159,2158,2159,2160,2161,2162,2163,-2164,2163,2164,2165,2166,-2167,2166],[-2099,2098,2167],[2168,2168,2168],[2099,-2100,2167],[2169],[2170,2170,2170],[2168,2168,2168],[2167,2167,2167],[2171,-2172,2168],[-2097,2096,2172],[2173,-2174,2174],[2175,-2176,2170],[2167,2167,2167],[2176,2176,2176],[2172,2172,2172],[2089,2177],[-2179,2178,2176],[2179,2174],[2169],[2097,-2098,2172],[2180,2181,2178,-2179,2178,-2179,2178,2182]],[[2183,-2184,2183,-2184,2183,2184,-2185,2185,2186,-2187,2186,2187,-2188,2187,2188,2189,2190,2191,2192,2193,2194,2195,2196,-2197,2197,2198,2199,2200,2201,2202,2203,2204,2205,-2206,2206,2207,2208,2209,2210,2211,2212,2213,-2214,2213,-2214,2213,-2214,2213,2214,2215,2216,2217,-2218,-2217,2218,2219,2220,-2221,2220,-2221,2220,2221,-2222,2221,2222,2223,2224,2224,2225,2226,2227,2228,2229,-2230,2230,2231,2232,2233,2234,2235,2236,2237,2238,2239,2240,2241,2242,2243,2244,2244,2245,2246,2247,2248,2249,2250,2251,2252,2253,2254,2255,2256,-2257,2256,2257,2258,2259],[2260,2260,2260],[2261,-2262,2260]],[[2262,2263,2264,2265,-2266,2265,-2266,2265,-2266,2266,-2267,2266,-2267,2265,2267,2268,2269,2270,2271,2272,2273,2274,2275,-2276,-2275,-2274,2276,2277,-2271,-2270,2269,2270,-2278,2278,2279,2280,2281,2282,2283,2284,2285,-2285,2286,2287,-2288,2288,2289,2290,2291,-2292,2291,2292,2292,2293,2294,2295,2296,2297,2160,-2161,2298,2299,2300,2301,2302,2303,-2300,-2299,2304,2305,2306,-2307,2306,2307,-2308,2307,-2308,2308,2309,-2310,2310,2311,2312,-2313,2313,2314,2315,2316,-2317,2316,-2317,2317,-2142,-2140,2318,2319,2320,-2138,2321,-2136,2322,2323,2324,2325,-2326,-2325,2326,2327,2328,2329,2330,2331,-2332,2331,-2332,-2331,2332,-2333,2333,2334,-2335,2335,2336,2337,2338,-2336,2335,-2339,2337,2339,2340,2341,-2342,-2341,-2340,2342,2343,2344,2345,2346,2347],[2348,2348,2348],[2349,2349,2349],[2270,-2271,2350],[2265,-2266,2351],[-2339,2338,2352],[2353,-2354,2348],[2354,-2355,2355],[2356,2356,2356],[2357,2357,2357],[2344,-2345,2355],[2358,2359,-2359],[2340,-2341],[2357,2357,2357],[2360,-2361,2360,-2361],[2361,-2362,2349],[2362,-2363,2357],[-2336,2335,2352],[2363,-2364,2356],[-2361,2364,-2268,2365],[-2367],[-2328,2367,2368,2327],[2332,-2362,2361,-2362,2361,-2362,2361,2369,-2370,-2333,2370,-2371]],[[2371,2372,2373,2374,2375,2376,2377,2378,2379,2380,2381,2382,2383,2384,2385,2386,-2387,2386,-2387,2386,2387,2388,2389,-2390,2389,2390,2391,2392,-2393,-2392,-2391,2390,-2391,2393,-2394,2393,2394,2395,2396,2397,-2398,2398,-2399,2399,2400,-2401,-2400,2399,2401,-2402,2400,2402,-2403,2402,2403,2404,2405,2406,2407,2408,-2409,2408,-2409,2408,-2409,2408,-2409,2408,2409,-2410,2409,2410,2411,2412,-2413,2413,2414,2415,2416,2417],[2418,2419,2405,-2406,2420,2421,-2404,2422,2423],[2424,2425,-2426,2426,2427,-2410],[2428,-2429,2382,-2383],[-2430,2430,-2426,2425,-2431]],[[2431,2432,-2433,2433,-2434,2432,2434,-2435,2434,-2435,2434,2435,2436,2437,1051,2438,2438,2439,-2440,2438,-1052,-1051,2440,2441,2442,2443,-2444,2443,2444,2445,2446,2447,2448,-2449,2449,2450,2451,2452,2453,2454,2455,2456,2457,2458,2459,-916,-912,2460,2461,-2462,2462,2463,2464,2465,2466,2467,2468,2469,2470,2471,-2471,2472,-1071,2473,-1069,1067,-1063,-1060,2474,-2475,-1059,1058,2475,2475,-1059,-1058,2476,-2477,2476,2477,2478,2479,2480,2481,2482,-2440,2483,-2484,2483,2436,-2437,2436,-2437,-2436,-2435,-2433,2433,2484,2485,2486,2487,-2488,2488,-2458,2489,2490,2491,-2492,-2491],[2492,2493],[2494,-2495,2495],[2496,2493],[2493,2493,2493],[-2479,2478,2497],[2498,-2499,2495],[2456,-2457,2499],[2456,-2457,2499],[2496,2493],[-2479,2500],[-2434,2433,2501,-2502,2484,-2485]],[[2502,2503,2504,2505,2506,2507,2508,2509,2510,-2510,2511,-2507,2512,2513,2514,2515,2516,2517,-2518,2517,2518,2519,2520,2521,2522,2523,-2524,2523,-2524,2523,-2524,2523,-2524,2523,2524,2525,2526,2527,2528,2529,2530,2531,2532,2533,2534,-2535,2535,2536,2537,2538,2539,2539,2540,2541,2542,-2543,2542,-2543,2543,2544,2544,2544,2545,2546,2547,2548,2549],[2550,2551,2552,2553,-2554]],[[-530,2554,2555,2556,2557,2558,-523,-521,-520,-519,2559,-503,-502,501,-502,2560,2561,2562,2563,2564,2565,2566,2567,-2568,2568,2569,-2570,2570,2571,2572,2573,2574],[-2566,2565,2575]],[[2576,-2577,2577,2578,2579,2580,2581,2582,-2577,2583,2576,2584,-2583,2585,-1909,1908,2586,2587,2588,2589,-2589,2588,2590,2591,2592,2593,2594,2595,2596,2597,2598,2599,2600,2601,2602,2603,2604,2605,2606,2607,2608,2609,2610,2611,2612,2613,2614,2615,2616,-2617,-2616,-2615,2614,2615,2616,2617,2618,2619,2620,2621,-2622,-2621,-2620,-2619,2622,-2616,-2615,-2614,-2613,2623,2624,2625,2626,2627,2628,2629,-2630,2629,2630,2631,2632,-2632,-2631,2630,-2631,-2630,-2629,2633,2634,-2627,-2626,2635,2636,-2612,-2611,2637,2638,-2639,2639,2640,2641,-2642,2641,-2642,2641,2642,2643,-2644,2643,2644,-2645,2644,-2645,2644,2645,2646,-2647,2647,2648,-2649,2649,-2650,2650,-2651,2649,-2650,2649,-2650,2648,2651,2652,2653,2654,-2655,2654,-2655,2654,-2655,2655,-2656,2655,2656,2657,2658,2659,2660,2661,2662,-2663,2662,-1938,2663,1937,1938,-1939,-1938,2664,2665,2666,-2667,-2666,2667,-2668,2665,2668,2669,-2669,2670,2671,2672,-1930,2673,2674,2675,2676],[2677,2677,2677],[2677,2677,2677],[2677,2677,2677],[2677,2677,2677],[2678,-2679,2677],[2677,2677,2677],[2679,2679,2679],[-2599,2598,2680],[2681,-2682,2677],[2682,2682,2682],[2683,2683,2683],[-2614,2613,2682],[2684,2684,2684],[2685,-2686,2686],[2687,2687,2687],[2688,-2689,2683],[2689,-2690,2690],[-2661,2660,2691],[2692,-2693,2693],[2694,2693],[2594,-2595,2687],[2695,-2696,2686],[-2615,2696,2600,-2601,-2697,2614],[2697,2698,-2699,2698,-2699,-2698],[-2591,2590],[2699,2700,-2701,-2700],[2701,2702,-2636,2703],[2704,2705,2706,-2703],[2707,-2708,2708],[2709,-2662,2661,-2710,2707,-2708],[2710,-2711,2710,-2711,2711,-2621,-2620,2619,2620,-2712],[-2708,2712,-2701,2713,-2715,2714],[2715,-2661,2716,2717,-2689,2718,2689,2719,-2698,-2705,-2702,2720,2721,2722,2695,-2696,-2723,-2722,2723,-2724,-2721,2701,2704,2697,2724,2688,-2689,2688,-2718,2725]],[[2726,2727,2728,2729,2730,2731,2732,2733,2734,-2734,-2733,2735,2736,2736,2736,2737,2738,2739,2740,2741,2742,2743,2744,2745,2746,2747,2748,-2749,2749,2750,-2751,2750,2751,2752,2753,2754,-2755,-2754,2755,2756,2754,-2755,2754,2757,2758,2759,-2760,2759,-2760,2760,2761,2762,2763,2764,2764,2764,2765,2766,2766,2767,-2768,2766,2768,2769],[2770,2770,2770],[2771,2771,2771],[2771,2771,2771],[2772,2772,2772],[2773],[2771,2771,2771],[2771,2771,2771],[2771,2771,2771],[2773],[2770,2770,2770],[2771,2771,2771],[2771,2771,2771],[2771,2771,2771],[2774,-2775,2772],[2775,2770],[2776,-2777,2777],[2778,2778,2778],[2779,2779,2779],[2780,-2781,2778],[2781,-2782,2771],[2782,-2783,2779],[2783,-2784,2777],[2784,-2785,2784,-2758,2757,-2785,2784,-2785],[2785,-2733,2786,-2730]],[[2787,2788,2789,2790,2791,2792,2793,2794,2795,2796,2797,2798,2799,2800,-2801,2800,-2801,2801,-2802,2801,-2802,2800,2802,2803,2804,2805,2806,2807,2808,2809,2810,2811,2812,2813,2814]],[[2815,2816,2817,2818,-2819,2819,2820,-2821,2821,-2822,2821,2822,-2823,2822,-2823,2823,2824,-2825,2824,2825,2826,-2827,-2826,2825,2826,2827,2828,2829,2830,2831,-2832,2831,-2832,2831,2832,2833,2834,2835,2836,2837,-2838,2838,2839,2840,2841,2842,2843,2844,2845,2846,-2847,-2846,2847,-2843,-2842,2848,-2849,-2841,-2840,2849,2850,2851,2852,2853,-2288,2854,2855,-2283,-2282,2856,2857,-2279,2858,2859,-2860,2859,-2271,-2270,2860,-2861,2860,-2861,2860,2861,2862,-2268,-2266,2863,2864,-2865,2864,2865,-2862,2861,2866,2867,-2868,2867,-2868,2867,2868,2869,2870,-2871,2870,2871,2872,-2873,-2872,-2871,2870,-2871,-2870,2869,-2870,2873,2874,-2875,2874,2875,2876,-2873,2872,2877,2878,-2878,2877,2879,2880,-2876,-2875,2881,2882,2883,2867,-2868,2884,2885,2886,2887,2888,2889,2890,2891,2892,2893,2894,-2895,2895,2896,2897,2898,2899,-2900,-2899,2898,2900,-2901,2900,2901,-2892,-2891,2902,2903,2904,-2905,2905,2906,2907,2908,2909,2910,-2907,2906,-2907,-2906,2905,2906,-2907,2906,-2907,-2906,-2904,2911,2912,2913,-2914,2914,-2915,-2913,2912,2914,-2915,2914,2915,-2916,2915,-2916,2915,-2916,-2915,2914,-2915,-2913,-2912,2911,-2912,2911,2912,-2913,2912,-2913,-2912,2911,2916,2917,2918,2919,2920,-2921,-2920,2919,2920,2921,-2910,2922,2923,-2924,-2923,2922,2923,-2924,2923,2924,2925,2926,2927,-2928,2927,2928,2929,-2930,2929,-2930,2929,-2930,2929,-2930,2929,-2930,2930,2931],[2932,2932,2932],[2932,2932,2932],[2933,2933,2933],[2903,2934,2935],[2932,2932,2932],[2933,2933,2933],[2936,-2937,2937],[2933,2933,2933],[2932,2932,2932],[2889,-2890,2932],[2938,2938,2938],[2939,2939,2939],[-2890,2889,-2890,2889],[-2906,2905,2937],[-2823,2822,2939],[-2888,2887,-2888,2887],[-2866,2865,2933],[-2902,2901,-2902,2901,-2902,2901],[2888,-2889,2940],[-2890,2889,-2890,2889,-2890,2889,2890,-2891],[2941,-2847,2846,-2847,2942,-2870]],[[2943,2944,2945,2946,2947,2948,2949,2949,2950,2951,-2952,2952,2953,2954,2955,2956,2957,2958,2959,2959,2960,2961,2962,-2962,2963,2964,2965,2966,-2967,2966,2967,2968,2969,2970,2971,2972,2973,2974,2975,2976,2976,2976,2977,-2978,2977,2978,2979,-2980,-2979,2978,-2979,2980,2981,-2982,2982,2983,2984,-2985,2985,-2986,2985,-2986,2984,2986,2987,2987,2987,2988,2989,2990,-2991,2990,-2991,-2990,2989,2990,-2991,2990,2991,2992,2993,-2222,2221,-2222,-2221,-2220,2994,-2215,2995,2996,-2212,2997,-2209,2998,2999,3000,-2203,-2202,3001,3002,-2200,3003,-2198,3004,3005,-3006,3005,-3006,3005],[3006],[3006],[3006],[3006],[3007,3007,3007],[2946,-2947,3007],[-2974,2973,3008,-3009,2974,-2975],[-2972,-2971,-2970,3009,3010,-3011,-3012,3011,-3012,3012,2972,-2973]],[[3013,3014,-3015,3014,3015,3016,3017,-3018,3018,3019,-3020,3019,3020,3021,3022,-3014,3023,-3024,3023,-3022,-3021,3024,3024,3025,3026,3026,3027,3028,-3029,3028,-3020,3029,3030,3031,-3032,3031,-3032,3032,-3033,3031,3033,3034,-3035,3035,-3033,3036,3037,-3038,3037,3038,3039,3040,3041,3042,3043,-3044,3044,3045,-3041,3046,-3038,3047,3048,-3049,3048,3049,3050,3051,3052,-3053,3052,3053,-3054,3053,3054,-3055,3054,-3055,3055,3056,-3045,3043,3057,3058,3059,3060,3061,3062,3063,3064,3065,3066,3067,3068,3069,3070,3070,3071,3072,3073,3074,-3075,3074,-3075,3075,3076,-3077,3076,-3077,3077,3078,-3079,3078,3079,3080,3081,3082,3083,-3084,3083,3084,3085,3086],[3087,3087,3087],[3088,3088,3088],[3089,-3090,3090],[3038,-3039,3088],[3091,-3092,3090],[3048,-3049,3087],[3092,-3061,3093]],[[3094,3095,3096,-3097,3097,3098,3098,3099,3100,-3101,3100,3101,3102,3103,3104,-3105,3105,3106,-3107,3106,3107,3108,3109,3110,-3108,3111,-3111,-3110,3109,-3110,3112,3113,-3114,3113,-3114,3114,3115,3116,3117,3118,-3117,3119,3120,3121,3122,3123,3124,3125,-3126,3125,-3126,3125,3126,3127,3128,3129,3130,3131,3132,3133,3134,3135,3136,3137,3138,3139,3140,3141,3142],[3143,3143,3143],[3144,3144,3144],[3145,3145,3145],[-3104,3103,3143],[3146,-3147,3145],[3147,-3148,3144],[3148,-3117,3149,3113]],[[3150,-3151,3150,-3151,3150,3151,-3152,3151,3152,3153,3154,3155,3156,3157,3158,3158,3159,3160,3161,3162,3163,3164,3164,3164,3165,3166,3167,3168,-3169,3168,3169,-3170,3169,-3170,3169,3170,-3171,3170,3171,3172,3173,3174,3175,3176,3177],[3177,-3178,3178]],[[3179,3180,3181,3182,3183,3184,3185,-3186,3185,3186,3187,3188,3189,3190,3191,3192,3193,3194,3195,3196,3197]],[[3198,-3123,-3121,3199,3200,-3102,3201,3202,3203,3204,3205,3206,3207,-452,3208,3209,3210,3211,3212,-450,3213,3214,3215,3216,-3126,3125,-3126,3125,-3126,3125,-3126,-3125,-3124],[3217,3217,3217],[3204,3218],[3217,3217,3217],[3219,3217]],[[3220,3221,-3222,3221,3222,3223,-856,3224,-853,852,-853,-852,3225,3226,3227,3228,3229,3230,-3231,3230,3231,3232,3233,3234,3235,3236,3237,3238,3239,3240,3241,3242,3243,-3243,3244,3245,3246,3247,3248,3249,-3250,-3249,3250,3251,3252,3253,3254,3255,3256,3257],[3258,-3259,3259],[3259,3259,3259],[3260,-3261,3259],[3261,3262,-3250],[3263,-3265,-3264],[3265,3233,3234,-3235,-3234,-3266,3266,3266,3266]],[[3267,-3268,3267,3268,3269,3270,3271,3272,3273,3274,-3275,3275,3276,3277,3278,3279,3279,3280,-3281,3279,3281,3282,3283,3284,3285,3286,-3287,3286,-3287,3286,-3287,3286,3287,-3288,-3156,3288,3289,-3290,3290,-3291,3290,3291,-3292,3292,3293,-3294,-3293,-3291,3289,3294,-3154,-3153,-3152,-3151,3295,-3178,3296,3296,3296,-3177,3297,-3176,-3175,3298,3299,-3300,3174,-3175,3300,-3301,3174,-3175,3300,3301,3302,3303,-3304,3304,3170,3305,3171,-3172,3171,-3172,-3171,3306,3307,-3304,3303,3308,-3309,3308,-3309,3308,-3309,-3304,3309,-3303,3310,3311,3312,3313,3314,3315,3316,-3316,-3315,-3314,-3313,3311,3317,3318,-3319,3319,-3320,3319,3320,-3321,3320],[3321,3322,3323,-3278]],[[3324,3325,3326,3327,3328,3329,3330,3331,3332,-3333,3332,-3333,3332,3333,3334,3335,3336,3337,3338,-3339,3339,3340,3340,3341,3342,3343,3344,3345,3346,3346,3347,3348,3349,3350,-3351,3351,3352,3353,3354,3355,3356,3357,3358,3359,3360,-3335,-3334,3361,3362,3363,-3364,3363,-3364,3364,3365,3366,3367,-3367,3366,-3367,3368,3369,3370,-3370,3371],[3372,-3373,3373],[-3367,3374,-3331,3375],[3376,-3377,3373],[3331,-3332,-3331,3330],[3352,-3353]],[[3377,3378,3379,3380,3381,-3382,3382,3383,3384,3385,3386,3387,3388,3389,3390,-3390,3389,-3390,3391,3392,3393,3394,-3395,3394,3395,3396,3397,-3398,3397,-3398,-3397,-3396,-3395,3393,3398,3399,-2835,-2834,-2833,-2832,3400,3401,3402,-2829,-2828,2827,-2828,-2827,-2826,-2825,3403,2820,3404,3405,3406,-3407,3406,3407,3408,-3409,-3408,-3407,-3406,3409,3410,-3411,3410,-3411,3410,-3411,3410,-3411,3411,3412,-3412,3410,-3411,3413,3414,3415,-3416,-3415,3414,-3415,3414,3415,3416,-3417,3416,3417,-3418,3417,-3418,3417,3418,3419,-3420,-3419,3420,-3421,3418,3419,-3420,3419,3421,3421,-3420,3422,3423,-3424,3423,3424,-3425,3424,-3425,-3424,3425,-3426,3425,-3426,3426],[3427,3427,3427],[3427,3427,3427],[-3395,3394,3427],[3396,3428,3429,3430]],[[3431,3432,3433,3434,3435,-3436,3435,3436,3437,3438,3439,-3440,3439,3440,3441,-3441,-3440,3439,-3440,3442,3443,-3444,3443,-3444,3443,-3444,3443,3444,3445,3446,3447,3448,-3449,3449,3450,3451,3452,-3453,3452,-3453,3453,3454,3455,3456,3457,3458,3459,3460,3461,3462,3462,3463,3464,-3465,3464,-3465,3464,-3465,3464,-3465,3465],[3459,-3460,3466],[-3468]],[[3468,3469,3470,-3471,3470,3471,3472,3473,-3474,3474,3475,-3476,3475,3476,3477,3478,-3479,3479,3480,3481,3482,3483,3484,3485,3486,3487,-3487,3486,3488,3489,3490,3491,3492,3492,3493,3494,3495,-3496,3496]],[[3497,-3498,3498,3499,-3500,3499,-3500,3500,3501,3502,3503,3504,3505,-3506,3505,3506,3507,-3508,-3507,3508,3509,-3510,3509,3510,3511,3512,3513,3514,-3515,3514,3515,3516,3517,3518,3519,3519,3519,3520,3521,3522,3523,3524,3525,-3526,3524,3524,3524,3524,3526,3527,-3528,3528,3529,3530,3531,3532,3533,3534,3535,3536,-3537,3536,3537,3538,3539,-3540,3539,-3540,3539,3540,3541,-3542,-3541,3540,-3541,3540,3541,3542,3542,3543,3544,3544],[3545,3545,3545],[3545,3545,3545]],[[3546,3547,-841,3548,3549,3550,3551,3552,-3553,3553,-814,-813,3554,3555,3556,3557,3558,3559,-3560,3560,3561,3559,3562,3563,3564,3565,3566,3567,3236,-3237,3568,3569,-3234,3570,3571,3572,3573,3574,3575,3576,3577,3578,-3577,-3576,3579,3580,-3572,-3571,-3233,3581,3582],[3583,3584,-3566,3585]],[[-3461,3586,3586,-3460,-3459,3458,-3459,-3458,-3457,3587,3588,3589,3590,3591,3592,3593,3594,3595,3596]],[[3597,3598,3599,3600,3601,-3602,3601,3602,3603,-3604,3603,3604,3605,3606,3607,3608,3609,3610,-3611,-3610,3609,3611,3610,3612,3613,3614,3615,-3616,3616,3617,3618,3619,3620,3621,3622,3623,3624,3625,-3626,3625,-3626,3625,-3626,3626,3627,3628,3628,3629,-3630,3629,-2609,-2608,-2607,3630,3631,-2603,2602,-2603,-2602,-2601,-2600,-2599,-2598,3632,3633,-2595,-2594,-2593,-2592,-2591,-2589],[3634,3634,3634],[3635,3635,3635],[-3604,3603,3636],[-3604,3603,3636],[3637,-3638,3635],[3638,-3639,3639],[3640,3641,-3643,3642,-3639,3643]],[[3644,3645,3646,-3647,3646,-3647,3646,-3647,3647,3648,3649,3650,3651,3652,3653,3654,3655,3656,-3656,-3655,3657,3658,3659,3660,3661,3662,3663,3664,3665],[3666,3666,3666],[3655,-3656,3667],[3668,-3669,3666],[3667,3667,3667],[3669,3667],[3655,-3656,3655,3670,3671,3669],[3672]],[[3673,3674,3675,3676,3677,3678,3679,3680,3681,3682,3683,3684,3685,3686,3687,3688]],[[-3162,3689,-3161,3690,3691,3692,3693,3694,3695,3696,3697,3698,3698,3699,3700,3701,3702,3703,3704,-3705,3705,3706,-3707,3706,-3707,3707,3708,-3709,3708,-3709,-3708,3706,3709,3710,371,-367,3711,3712,3713,-3714,-3713,3712,-3713,3712,3714,3715,3716,3717,3164,3164,-3164],[3718,3718,3718],[3719,3719,3719],[3718,3718,3718],[3718,3718,3718],[3720,-3721,3719],[3708,-3709,3721],[-3721,3720,3718],[3722,-3709,3723],[3724,3725,3726]],[[3727,3728,3729,3730,-3731,3731]],[[3732,3733,3734,3735,3736,3737,3738,3739,3740,3741,3742,3743,3744,3745,3746,3747,3748,3749,3750,-3751,3750,-3751,3751,3752,3753,3753,3754,3755,3756,3757,3758,3759,3760,3761,3761,3762,3763,3764],[3765],[3765],[3765],[3761,3766],[3765]],[[3767,3768,3769,3770,3771,3771,3772,3773,3774,3775,3776,3777,3778,3779,3780,3780,3781,3782,3783,-3771,-3770,3784,3785,3786,3787]],[[3788,-3567,3789,-3563,3790,3791,-3558,3557,3792,3793,3794,3795,3796,3797,3798,3799,3800,3801]],[[3802,-696,695,-696,695,-696,-695,-693,3803,3804,3805,3806,3807,-3808,3808,3808,3809,3810,3811,3812,3813,3814,-3815,3814,-3815,3814,3815]],[[3816,3817,3818,-3783,3782,3819,-2417,3820,-2415,3821,3822,3823,3824,-3825,3824,3825,3826,3827,-3184,-3182,3828]],[[3829,3830,3831,3832,3833,3834,-3835,3835,3836,3837,3838,3839,3840,3841,3842,3842,3843,3844,3845,-3846,3845,3846,3847,3848,-3849,3849,3849,3848,3850,-3851,3850,-3851,3850,3851,3852,3853,3854,-3855,3854,3855,3856]],[[3857,3858,-827,3859,3860,3861,3862,-816,3863,3864,-3553,3552,-3553,3865,-3550,3866,-830]],[[-3764,3867,-3868,3867,3868,3869,-3870,3869,-3870,3869,3870,3871,3872,3873,3874,3875,3876,3877,3878,3878,3879,3880,3881,3882,3883,3884,3885,3886,3887,3888,3889,-3890,3890],[3891,3891,3891],[3892,3892,3892],[3893,3893,3893],[3894,-3895,3895],[3896,3897,3898],[3899,-3900,3892],[3900,-3901,3900,-3901],[3901,-3902,3893],[3879,-3880,3891],[3902,-3903,3903],[-3901,3894,3904,-3905,3904,3883,-3884,3883,-3884,-3883],[-3906,3905,3903]],[[3906,3907,3908],[-3907,3909,-3908]],[[-3490,3910,-3489,-3487,3486,-3487,3911,3912,3913,3914,-3915,3914,-3915,3915,3916,3917,3918,3919,3920,3921,3922]],[[3923,-3924,3924,3925,3926,3927,-3928,3928,3929,3930,3931,3931,3931,3931,3931,3932,3923,3933,3934,3935,3936,-3937,-3936,3935,-3936,3935,3936,-3937,3936,3937,3938,-3939,3939,-3940,3939,3940,-365,-364,3941,-363,362,-363,3942,3943,3944,362,-363,-362,361,-362,361,-362,361,-362,-361,-360,-359,3945,3946,-357,-356,-355,354,-355,3947,3948,3948,3948,3949,-2525,-2524,-2523,2522,-2523,-2521,3950,3950,-2520,3951,-3952,3951,-3952,-2519,3952,3953],[3954],[360,-361,3955],[3954],[360,-361,3955]],[[3956,3957,3958,3959,3960,3961,-2788,-2815,3962,3963],[3964,3964,3964],[3965,3964]],[[-3054,-3053,3966,3967,3967,3967,3968,3969,3970,3971,3972,3973,3974,3975,3976,3977,3978,3979,3980,3981,3982,-3058,3983,3984,-3057,-3056],[3985],[3986,3986,3986],[3987,-3988,3986],[3985]],[[-2799,3988,-2796,-2795,3989,3990,3991,3992,-3992,3993,-3994,3993,-3994,3994,-3991,3990,-3991,3995,3996,3997,-3998,3997,-3998,3997,-3998,3997,-3998,3998,3999,4000,-4001,4000,4001,4002,-4002,4003,-4004,4003,4004,3997,4005,4006,4007,4008,4009,4010,4011,4012,4013,-4014,4014,4015,-4007,4016,-3432,3431,-3432,4017,4018,4019,4020,4021,4022,-4023,4022,-4023,4023,4024,4025,4025,4025,4026,4027,-4028,4027,4028,4029,4030],[4031,4031,4031],[4001,-4002,4031]],[[4032,4033,4034,4035,-3279,-3278,-3277,4036,4037,4038,4039,-3271,3270,-3271,-3270,4040,-3269,-3268,-3321,3320,3267,4041,4042,-4043,4042,4043,-2967,-2965,4044,-2958,4045,-2955,4046,-2949,4047,4048],[4049,-4050,4050],[-4035,4034,4050]],[[4051,4052,4053,4054,4055,4056,4057,4058,4059,-4060,4060,4061,4062,4063,-4064,-4063,-4062,4061,-4062,4061,-4062,4061,4064,4065,-4066,4065,4066,4066,-4064,4067,4068,4069,-3477,-3476,-3475,-3473,4070,-3470,3469,4071,4072]],[[4073,4074,-4075,4074,-4075,4074,4075,4076,-4076,4075,-4076,4075,4077,4078,4078,4079,4080,-4081,4080,4081,4082,4083,4084,4085,4086,4087,4088,4089,4090,4091,-3502,4092,4093]],[[4094,4095,-4096,4095,4096,4097,4098,4099,4100,4101,-3915,-3913,4102,4103,-3485,-3483,4104,4105,4106,4107,-4101,4108,4109,4110],[-4101,4100,4111]],[[-1349,4112,-1345,4113,4114,4115,4116,4117,4118,-4119,4118,-4119,4119,4120,4121,-4115,4114,-4115,4122,4123,4124],[4119,4125]],[[4126,-2548,4127,4128,4129,2542,4130,4131,-4132,4131,-4132,4131,-3666,4132,4133,4134,-4135,4135,-4136,4136,4137,4138,4139],[4134,-4135,4140]],[[4141,4142,4143,4144]],[[4145,4146,4147,4148,4149,4150,4151,4152,4153,-4154,4153,4154,-4155,4154,4155,4156,4157,4158,4159]],[[4160,4161,4162,4163,4164,4165,4166,4167,4168,4169,4170,4171]],[[4172,4173,4174,-4175,4175,4176,4177,-4178,4177,4178,4179,4180,4181,4182,4183,4184,4185,4186,4187,4188,4189,-4190,4189,4190,4191,4192,-4190,4193,-4192,4194,4195,4196]],[[4197,4198,4199,4200,4201,4202,4203,4204,4205,4205,-1798,4206,4207,4208,4209,4210,4211,4212,4213,4214,4215],[4216,4216,4216],[4217,4217,4217],[4217,4217,4217],[4217,4217,4217],[4217,4217,4217],[4218,-4219,4217]],[[4219,4220,-4221,4220,4221,4222,-4223,4222,4223,4224,4225,4226,4227,-4228,-4227,-4226,4225,-4226,4228,4229,4230,4231,-4232,-4231,4232,4233,4234,4235,4236,4237,4238,-4180,4179,4239,-4240,-4239,4240,-4241,4241,4242,4243,-4244,4243,4244,4245,4246,4247,-4225,-4224,4223,-4224,4248,-4220,4249,4250,-4251,4250,-4251,-4250],[4251,4251,4251],[4233,-4234,4251]],[[4252,-4253,4252,-4253,4253,-2809,4254,4255,4256,-2807,4257,-4258,-2806,2805,-2806,4258,-4259,-2804,4259,4260,4261,4262,4263,4264,4265,-4266,4265,4266,4267,-4268,4267,4268,4269,4270,4271,4272,4273,4274,4275,4276,-4277,4277,-4278,4277,4278,-4279,4278]],[[4279,4280,-4281,-4280,4281,-4282,4282,4283,4284,-4285,4285,4286,4287,-4288,4287,4288,4289,4290,4291,4292]],[[4293,-1074,4294,-2469,4295,-2465,-2464,2463,-2464,4296,2461,4297,4298,4299,4300,4301,4302],[4303,4304],[4303,4304]],[[4305,4306,4307,4307,4308,-3768,4309,4310,4311,4312,4313,-4314,4313,4314,4315,-4316,4316,-4317,4316]],[[4317,4318,4319,4320,4321,-4322,4322,-4323,4322,4323,4324,4325,4326,4327,4328,4329,4330,4331,-4332,-4331,4332,-4333,4333,-3604,-3603,4334,-3600,-3599,4335]],[[4336,4337,4338,4339,4340,4341,4342,4343,4344,4345,4346,-3337,3336,-3337,4347,-3333,-3332,3331,-3332,-3331,-3330,4348,4349,3328,-3329,-3328,-3327,-3326,3325,-3326,3325,-3326,4350,-4351,-3325],[4345,4351]],[[4352,4353,4354,4355,4356,-4357,4357,4358,4359,-4360,4360,-4361,4359,-4360,4359,4361,4362,-4363,4362,-4363,4362,-4363,4362,-4363,4362,-4363,4362,4363,4364,-4365,4365,4364,4366,4367,4368,-4369,-4360,4359,-4360,4359,-4368,4369,4370,4371],[4372,4372,4372],[4354,-4355,4372]],[[4373,-2533,2532,4374,4375,-4376,4375,-4376,4376,4377,4378,-4379,4378,4379,4380,4381,4382,-4383,4382]],[[4383,4384,4385,4385,4386,4387,-4388,-4387,4388,-4389,4388,-4389,4388,-4389,4386,4387,4389,4390]],[[4391,4392,4393,4394,-3198,4395,-4396,4395,4396,4397,-4398,4397,4398,4399,4400,-4401,4401,4402,4403,-4398,-4397,4404,4405,-4406,4406,-4153,-4152]],[[4407,4408,4409,-4410,4409,-4410,4409,4410,4411,4412,4413,4414,-4415,4414,4415,4416,-4417,4417,-4418,4416,-4417,4416,4418,4419,4420,4421],[4422,4422,4422],[4422,4422,4422],[4423,-4424,4422],[4424,4423,4425,-4408]],[[4426,4427,4428,4429,4430,4431,-4432,-4431,4432,4433,4434,4435]],[[4436,-4437,4436,4437,-4438,4437,4438,4439,4440,3138,-3139,4441,4442,4443,-3134,3132,3132,4444,4445,4446,4447,4448,-4449,4449]],[[4450,4450,4450,4451,4452,4453,4454,4454,4454,4454,4455,4456,-4457,4456,-4457,4456,4457,4458,-4459,4459,4460,-4417,4461,4462,4463,4464,4465,-4466,4465,4466,4467],[4468,-4469,4469],[4470,-4471,4469]],[[3338,4471,4472,4473,4474,-4475,4474,-4475,4475,4476,4477,-4478,4477,4478,4479,4480,-3340]],[[4481,-4482,4482,4483,4484,4485,4486,4487,4488,4489,4490,4491,4492,4493,4494,-4495,4495,-4496,4495,4496,4497,4498]],[[4499,4500,4501,4502,-4306,-4317,4315,4503,4504,4505,-4506,4506]],[[4507,4508,4509,4510,-4511,4511,4512,4513,4514,4515,-4516,4516,-2750,2748,-2746,2745],[4517,4517,4517],[2749,-2750,4517]],[[4518,4519,4520,4521,4522,4523,4524]],[[4525,4526,4527,4528,4529,4530,4531]],[[4532,4533,4534,4535,4536,-4537,4537,4538,4539,4540,4541,4542]],[[4543,4544,4545,-4526,-4532,4546,-4531,4547,-4548,4548,4548,4549,4550,4551,4551,4552]],[[-2973,-2972,-2971,2970,-2971,4553,4042,4043,-2967,2966,-4044,-4043,4554,4555,-3321,-3320,4556,4557,4558,-4559,4558,-4559,4558,-4559,4558,-4559,4559,2974,-2975,2974,-2975,-2974],[2971,4560,4557,-4558,4561,4562]],[[4563,4564,4565,4565,4566,4567,4568,4569,-4570,4570]],[[4571,4572,4573,4574,-4575,4575,4576,-4577,4576,-4577,4577,4578,-4579,4579,4580,4581,4582,4583,4584,4585,-4586,-4585,4584,4586,-4587,4586,-4573,4587,4585,4588,-4589,4589,4590,4591,4591,4591,4592,4593,4571,-4572]],[[4594,881,-882,4595,4596,-877,-876,4597,-4463,4598,4599,-4413,-4412]],[[4600,4601,-4590,-4586,4585,-4586,-4585,4584,-4585,-4584,4602,4603,4604,4605,-3017,-3016,-3015,-3014,3013,-3014,4606,4607,4600,4601,-4602,-4601,4600,-4601,-4608,4608]],[[4609,4610,4542,4611,4612,4613,4614,-4612,-4543,-4542,4615]],[[-1959,1956,4616,4617,4618,-4619,4619,-4620,4619,-4620,4620,-4621,4619,-4620,4619,4621,-4622,4621,-4622,4621,4622,4623,-4624,4623,-4624,4623,4624,4625,4626,4627,-1967]],[[4628,-4629,4629,4630,4631,4632,4633,4634,4635,4636,4637,4638]],[[4639,4640,4641,4642,-4643,4642,4643,4644,4645,4646,-3446,4647,-4648,4647,-4648,4647,4648,-4649,4649,4650,-4651,4650,4651,-4652]],[[4652,4653,4654,4655,-4656,4656,4657,-1173,-1172,4658,-1154,4659,4660,-1153],[4661,4661,4661],[4655,-4656,4661]],[[4662,4663,4664,4665,-4613,4666,-4663,4667,4668,4669,4670,-4610,4609,-4671,-4670,-4669,-4668]],[[4671,-4672,4671,-4672,4672,4673,2909,-2922,-2921,-2920,-2919,-2918,4674,-4675,4674,4675,2914,2915,-2916,2915,-2916,4676,-4677,2915,4677,4678,4679,-4680,4679,-4675,2917,2918,4680,4681,4682,4683,4684,-4673,4672,-4673],[2938,2938,2938],[2938,2938,2938],[2938,2938,2938],[2938,2938,2938],[2921,-2922,2938]],[[2375,-2376,2375,-2376,2375,-2376,-2375,-2373,4685,-2372,4686,4687]],[[4688,-2296,2295,-2296,2295,-2296,4689,4690,4691,-2292,2291,-2292,-2291,4692,2853,-2854,-2853,-2852,2851,4693,4694,-4695,4694,4695],[-4694,4693,4696],[-4691,4690,4696]],[[-2886,2885,-2886,2885,-2886,4697,-2865,4698,4699,4700,-4701,4700,-4701,4700,4701,-4702,-4701,-4700,4699,4700,4701,4702,4703,2893,2895,-2896,-2894,-4704,4704,-2890,-2889,-2888,-2887,2886,-2887],[4705,4705,4705]],[[4706,3478,4707,4708,4100,-4108,4709,-4106,4710,4711,-3481]],[[4712,4713,-3454,3453,-3454,3452,4714,4715,4716,-3591,4717,-4714,-4713,3455,-3456]],[[-586,585,4718]],[[-3841,4719,4720,4721,4722,4723,4724,4725,-4726,4725,4726,4727,-4728,4727,4728,4729,4729,-4729,4730,4731,-4732,4731],[4732,4732,4732],[4733,4733,4733],[4721,-4722,4733]],[[4734,4734,4735,4736,-947,4737]],[[4738,4739,-4740,-4739,4740,4741,4742,-4161,4160,-4161,4743,4744]],[[4745,4746,4747,4748,4749,-4746,4745,-4746,4750,4751,4752,4752,4753,4754,4755]],[[4756,-4757,4756,-4757,4757,4672,-4685,-4684,-4683,-4682,4758,-4759,4758,4759,-4760,4759,-4760,4759,-4760,4759,-4760,4759,-4760,-4759,4758,-4759,4681,4760,3514,-3515,3514,-3515,-3514,4761,4683,-4684,4683,4762,3512,-3513,3512,-3513,4763,4764,-4765,4764],[4758,-4759,4765]],[[-4767,-4768,-4769,-4770,4474,-4475,-4771,-4772]],[[4772,4773,4774,4775,4776,-4777,4776,4777]],[[4778,4779,-4780,4779,-4780,4780,4781,4782,-4783,4783,-4189],[4784],[4784]],[[4785,-4786,4786,-4787,4786,-4787,4787,4788,-1771,1770,-1771,1770,4789,-4790,4789,4790,-4791,4790,-4791,4791,4790,4792,4791,4793]],[[-4795,4795,4796,4797,-4798,-4797,-4796]],[[4798,4799,4800,-4801,4801,4802,4803,4803,4804,4805,4806,-3836,3835,4807,-4808,4807,4808,4809]],[[-4365,-4364,-4363,4810,4811,4812,4813,4814,-4367]],[[4815,2482,-2483,2482,-2483,-2482,-2481,4816,1055,-1056,-1055]],[[4817,4818,4819,4820,-4821,-4820,4821,4822,4823,4824,4825,4826,4827]],[[4828,4829,4830,4831,4832,4833,-3086,-3085,-3084,-3083,4834,4835,-4836,4835,4836,-4184],[4837,4837,4837],[-4831,4830,4837],[4838,4839,-4832]],[[-1023,-1022,4840,4841,4842,4843,4844,4845,-4846,-1024]],[[4846,4847,448,-449,-4848,4848,-445,444,4849,-4850,4849,-3216]],[[4850,-4851,4851,4852,4853,374,375,-376,-375,-4854,-4853,4854,-4855,-4852,4851,-4852,4855,-4856,4855,-4856],[4856,4856,4856]],[[4857,4858,4859,4860,4861,4862,-4748,4863,4864,-4864,-4747,4865,-4858,-4755,4754]],[[2837,-4814,4866,4867,-4868,4867,-4868,4867,-4868,-4867,4868,2839,-2840,-2839]],[[3794,4869,-806,4870,4871,3797,4872,4873,4874,-3798,-4872,4875,-4876,4875,-3796,-3795]],[[-2539,-2537,4876,4877,2534,4878,4879,4880,-2541]],[[4881,4882,-4883,4882,4883,-4884,4884,4885,-4886,4885,4886,4887,4888,-4889,-4888,4889,-4882]],[[4890,4891,4892,-4893,4892,-4893,4893,-4894,-4892,4894,4895,4896,-4897,4897,-4898,4897,4898],[4899,4899,4899],[4899,4899,4899],[4899,4899,4899],[4890,-4891,4899]],[[4900,4901,4901,4902,4903,4904,4905,4906,4907]],[[4908,4909,4910,4911,4912,-4912,4913,-4146,4914,4533,4534,-4535,-4534,4915]],[[4916,4917,-4918,4917,-4918,4917,4918,-4919,4919,4920,-4780,4779,-4921,-4920,-4918,-4917]],[[4921,-848,4922,-845,844,4923,-3547,4924,-3228,4925,-849]],[[4926,4927,-4928,2526,4928,-351,-350,-349,345,4929,-4930,4929,-2530,-2529,-2528,-2527,-4927]],[[4930,-4931,4930,-4931,4930,4931,-2928,2927,-2928,-2927,4932,-4933,4932,-4933,4932,4933,4934,4935,-4936,4935,-4936,4935,-4936,4935,-4936,4935],[4936,4936,4936],[4936,4936,4936],[4936,4936,4936],[4936,4936,4936],[-4936,4935,4936]],[[4937,4938,4880,-4881,4880,-4881,4939,4940,4941,3646]],[[-4943,-4943,-4818,4817,4943,4944,-4946,-4945,-4944]],[[-4941,4946,-4382,4947,-4948,4948,4949]],[[4950,-4951,4950,4951,4952,4953,4953,4954,4955,4956]],[[4957,4958,-4959,4959,4960,4961,-4962,4961,-4962,4962,4963,-1297],[4964,4964,4964],[4964,4964,4964],[4964,4964,4964],[4965,4965,4965],[4965,4965,4965],[4964,4964,4964],[4960,-4961,4964],[4965,4965,4965],[4959,-4960,4965]],[[4966,-4196,4967,-4098]],[[-4068,4968,4969,4970,4971,-4972,4971,-4972,4972,-4973,4972,-4973,4973]],[[4974,4975,-4976,4976,4977,4978]],[[4979,-4980,4979,-4980,4980,4981,-4637,4982,4983,4984,-4981]],[[4985,-4986,-1851,1845,-1846,1850,1851,-1852]],[[4274,-4275,4274,-4275,4274,-4275,-4274,-4273,4986,-4987,-4272,4987,4988,4989]],[[-4633,4990,-4507,4991,4992,-4993]],[[4993,4994,4995,-2186,4996,-4997,4996,-3684,4997,-4998,4997,4998]],[[4999,5000,-5001,5000,5001,5002,5003,5004,-4953,-4952]],[[-3815,5005,5006,5007,5007,5008,5009,-5010,5010,5011,5012]],[[-4465,5013,5014,5015,5016,-5017,5016,-5017]],[[5017,5018]],[[5019,4449,-4450,4449,-4450,4448,5020,-5021,5020,3694,-3695,3694,-3695,3694,-3695,-5021,5021]],[[5022,5023,5024,-5025,5025]],[[5026,5027]],[[5028,5029,5030,5031,5032,5028,5033,-5029]],[[5034,5035,5036,5037]],[[5038,5039,-4665,4664,5040,5041,5042,5043,-5039]],[[5044,5045,5046,5047,-5048,5048,5049,5050,-5051,5051,5052,-3979]],[[5053,5054,5055,5056,-5057,5056,5057,5058]],[[5059,-5060,5059,-5060,5060,-5061,5060,5061,5062,5063,-5064,5063,5064,-4646,5065,-5066,-4645,5066]],[[5067]],[[-1336,1317,-1318,-1317,1309,-1316,-1315,1311,-1312,1314,-1337]],[[5068,5069,5070,-5071,5070,-5071,5070,5071,-5072,-5071,-5070]],[[1042,5072,-2445,5073,-2444,2443,5074,-1044,-1043]],[[5075,-5076,5075,5076,-5077,5076,4249,4250,-4247,5077,-4489,-4488]],[[5078,5079,5080,5081,5082,5083]],[[5084,5085,5086,-5087,5086,-5087,5087,5088]],[[5089,5090,5091,-4483,5092,-5093,5092,5093,-5091,5090,-5091]],[[-4390,4389,-4390,-4388,4387,5094,5095]],[[5096,-5097,5097,5098]],[[5099,-5100,5100]],[[5101,5102,-5103,5102,-5103,5103,-5104,5103,5104,5105]],[[5106,-4394,-4393,5107,-4150,-4149,4148,-4149,-4148]],[[2865,-2866,-2865,4698,4699,-4700,-4699,4698,-4699,2864],[5108,5108,5108]],[[5109,5110,-4754,5111,5112,-5113,5113,-5110,5114,-5115,5114,-5115]],[[5115,5116,5117,5118,5119,-5116]],[[5120,5121,5122,5123]],[[5124,-5125,5124,5125,5126,-3517,5127,4759,-5126,-5125,5124,-5125,5124,-5125]],[[5128,-997,5129,-5130,5130,4739]],[[5131,5132,5025,-5026,5024,5133,5134,-5135]],[[5135,5136,-2570,2569,-2570,-2569,-2567,-2566,-2565,-2564]],[[-2741,2740,-2741,5137,5138,5139,5139]],[[5140,1993,-1994,-1993,-1989,1988,-1989,-1988,1987,-1988,1987,-1988,1987,-1988,1987,1988,-1989,5141,5142,5143,-5144,5144,5144]],[[5145,5146,5147]],[[-481,471,-472,-471,470,-471,470,-471,5148]],[[5149,5150,-5151,5150,5151,5152,-5153,5152,5153,5154]],[[5155,5156,-5157,5156,-5157,5157,5158,5158,-5158,5157,5159]],[[5160,5161,-5162,-5161,-2932,2931],[5162,5162,5162],[5162,5162,5162],[5163,5163,5163]],[[5164,-5165]],[[5165,5166,5167,5168]],[[-527,-526,5169,2558,-523,-521,-520,519,520,522,-2559,-2558,5170,526,527,-528]],[[5171]],[[5172,5173,-5174,5173,-5174,-5173,5172,5173,5174,5175]],[[-645,5176,5177,-1741,1740,5178,645,-646,645,-646]],[[5179,5180,5180,-5180]],[[1026,-1027,-1026,1031,-1032,1025]],[[5181,5182,-569,5183,5184,-5182]],[[5185,5186,5187,-5188,5188,-5189,5189,-3975]],[[5190,5191,5192,5193]],[[-1208,-1207,5194,-1204,-1203,-1202,5195,-1209,1208,-1209]],[[5196,-4594,-4232,5197,-4224,-4223]],[[5198,5199]],[[5200,-5201,5201,5202]],[[-4535,4534,5203,-5204,5203,-4159,5204,4536,5205,-5206,-4537,-4536]],[[5206,-5207,5206,-3832,5207,5208,-5209,5209]],[[-5062,5210,5211,-5212,5211,-5212,5212,-5213,5212,5213,-5062,5061]],[[3714,-3715,-3713,3712]],[[5214,5215,5216,5217]],[[5218,5219,-5220,5220,5221,-3715,-3713,5222,5223,-5224]],[[-529,-528,-527,-5171,2557,2558,-523,-521,520,522,-2559,-2558,-2557,5224,527,528]],[[5225,-5226,5226,5227,5228,5229]],[[5230]],[[-4629,5231,5232]],[[5233,-5234,5233,5234,5235,-5236,5235,-5236,5235,-5236,-5235,-5234]],[[-1229,5236,5237,-1239]],[[-2812,5238,5239]],[[5240,-5241,5241]],[[5242,5243,-5230,5229,-5230,5244]],[[5096,-5246,-5247,5247,5248,5245,-5097]],[[-5153,5152,-5153,-5152,-5162,5249,5250,5152],[5249,-5250,5162]],[[5251,-5201,5200]],[[5252]],[[-4089,4088,-4089,4088,-4089,5253,5254,-5255,5254,5255,-5256,5255,5256,5257,-4089,4088]],[[-4167,5258,-940,5259]],[[5260,-808,5261,-5262,5262,-3556]],[[5263,-5264,5264,-5265,5264,-5265]],[[5265,5266,5267,-5111,-5110,5109,5265,1376,-1377,-5266]],[[5268,-4212,5269,5270,5271,-5269]],[[5272,-2191,5273,-4777]],[[-1787,-1785,5274,-1789]],[[3081,-3082,-3081,3080,-3081,3080]],[[-3907,5275]],[[5276,-5277,5277]],[[5220,5278,5279,-3716,-5222,-5221]],[[5280,5281,-5282,-5281,5282,-5283]],[[-3689,3688]],[[-4797,4796,4797,-4798]],[[1224,-1225,-5284,-1224,1223]],[[5284,-5285,5285]],[[5286,5287,5288,-5289,-5288,-5287]],[[5289,5289,5290]],[[-3696,3695,-3696,-3695,5291,5292,5293]],[[5124,-5125,5294,-5295,5294,-4679,4678,-4679,5295,5296,-5297,5296]],[[-4290,5297,5298,-5299,5299,5300]],[[2556,2557,-2558,-2557,-2556,5301,-528,-5225]],[[5302,5303,5304,5305,5306]],[[-3129,5307,5308]],[[-5151,5150,5309,-2818,5310,5161]],[[5311,5312,5313,5314,-5315,5315]],[[-4111,5316,5317]],[[5318,-5319,5319,-3538,5320,5321]],[[-1270,1269,5322]],[[-1032,-1025,1023,4845,-4846,4845,5323,-1033]],[[-5029,5324]],[[5325,3384,-3385,-3384,5326,5327,-5328,5327]],[[-4835,-3082,5328,-4836]],[[-5257,5329,5330,-5331,-5330,5329,5330,-5331,5330,3507]],[[5331,5332,-5333,-3437,5333,4013]],[[5334,5335,-5336,5335,-4788,4785,-4786,4785]],[[5336,5337,4669,5338,-4824]],[[-506,-5340,505,-5341]],[[-3849,5341,-5282,5342]],[[5343,-4912,4911,-4912,5344]],[[-5265,5345,3414,-3415,-5155,5154,-5155,-5154,5153,-5154,5153]],[[-1383,5346,-5097,5347,-1381,1382]],[[5348,572,-573,-571,5349,-578]],[[5350,5351,5352,5353]],[[3758,-3759,-3758,3757]],[[5354,-2575]],[[5355,-2991,5356,5357]],[[5358,5359,5360,-5362]],[[-4527,4526,5362]],[[5363,-4062,-4056,5364,5363,-5364]],[[5365,-5366,5366]],[[5367,5368]],[[-4244,4243,-4244,-4243,5369,-5370,5369,-5371]],[[-2796,2795,-3989,-2798,-2797]],[[5371,5372,-5373,5372,-2404,2403,-2404,5373]],[[5374,-2899,2898,-2899,-5359,-5376]],[[5376,5090,5377,5378]],[[-5051,5050,5379]],[[5038,-5039,5038,-5039,5038,5380]],[[-3856,-3855,5381]],[[511,-512,5382]],[[-1770,5383,5384]],[[-965,964,5385]],[[5386,-5387,5386,-5387]],[[1830,5387,-5388,1830]],[[5388,-5116,5389,-5055]],[[-573,572,574]],[[535,-536,5390]],[[5391,5391,5391]],[[-5209,5208,-5209,5208]],[[5392,-2248,2247,-2248,5393,-2793]],[[5394,5395,5208,5396,-5397,5396]],[[5397,5398,-5399]],[[5399]],[[5400]],[[-1372,1371,5401]],[[5402,-5403,5403]],[[-457,5404,-464,5405]],[[4269,-4270,5406]],[[1336,-1337,5407]],[[792,-793,5408]],[[5409,5409]],[[-4318,5410,-1907,-1903]],[[5411,-5085,5084,-5085,5412,-2981]],[[-2931,2929,-2930,2929,-4932,5413]],[[5414,-5415,5414,-5415,5414,4758,-5128,5127,-5128,-3516]],[[5415,5416,5102]],[[5417,-5296,5418,5419]],[[5420,-5421,5421]],[[5422,-5423,5423]],[[542,-543,5390]],[[5424,-5425]],[[5425,5426,5427]],[[5428,-5429,5429]],[[5430,5431,5432,5433]],[[1409,5434]],[[5435,5435,5435]],[[4702,-4703,4705]],[[5436,5436,5436]],[[4255,-4256,5437]],[[5438,-5439,5439]],[[-1244,5440,-1147,5441]],[[-5443,5443,-5444,5443,5444,5445,-5362,5361,-5446]],[[5446,-2409,5447,-3825]],[[-470,5448,-482,-5149]],[[5449,-5450,5449,-5450]],[[4543,-4544,5366]],[[5450,-4269,-4268,5451,-5452,5451]],[[5452,-5453,5379]],[[5453,5386,5454,-650]],[[4205,4216]],[[-4076,4075,-4076,4075]],[[5455]],[[-576,5456,-577]],[[5455]],[[-5049,5457,-5421,5458]],[[-2242,5438,5459,5460]],[[-5462,5285,5461,-5462,5461]],[[511,-512,5382]],[[-965,964,5385]],[[5462,5462,5462]],[[5463,5463,5463]],[[-2488,5464,-2434,-2432]],[[5465,5466,5467]],[[5468,5468,5468]],[[5469]],[[-2237,5470,5471,5472]],[[2984,-2985,5473]],[[1392,-1393,1477]],[[5474,5474,5474]],[[5475,5475,5475]],[[-4246,4245,5476]],[[5477,5478]],[[1830,1830]],[[5479,-3540,5480]],[[1373,-1374,5401]],[[5422,-1739,5481,5482]],[[5483,5484,5485,-4022]],[[5486,5486,5486]],[[5487,5487,5487]],[[5488]],[[5489,5288,5490,-548]],[[935,-936,5491]],[[5492,-5493,5493]],[[5118,-5119,5494]],[[-5064,5063,5495]],[[5496,-5450,5497,-4797]],[[5498,5498,5498]],[[-1336,1335,5407]],[[-2915,2914,5499]],[[5500,5500,5500]],[[5187,5501,-3977,-5189]],[[5502,5503]],[[-493,-485,5504]],[[2815,-2816,5163]],[[5505,-5506,5435]],[[5506,5506,5506]],[[5507,5507,5507]],[[5508,-5509,5508,-2387,5509,-2396]],[[5510,-3924,3923,-3924,5511,5512]],[[934,-935,5491]],[[5513,3733,-5514]],[[1393,-1394,1526]],[[5514,-5515,5515,5516,-4213,-5269,-5516]],[[3290,-3291,5517]],[[5518,5518,5518]],[[5519,5519,5519]],[[-2760,-2759,-2758,5520]],[[5521]],[[-5198,5197,5475]],[[5522,5522,5522]],[[5523,-5524,5391]],[[-4856,4855,5524]],[[5525,-5526,5526]],[[-1411,1410,1627]],[[3934,-3935,5527]],[[895,5528]],[[-339,5529,-348,346]],[[5530,5530,5530]],[[5531,-5532,5436]],[[5362,5362,5362]],[[1336,-1337,5407]],[[5532,5532,5532]],[[5429,5429,5429]],[[-488,487,1499]],[[5533,5534,-3081]],[[5535,5535,5535]],[[5536,5537]],[[5524,5524,5524]],[[5536,5537]],[[5538,5538,5538]],[[3545,3545,3545]],[[-5064,5539,-5277,5540]],[[5521]],[[3290,-3291,5517]],[[5541,-5542,5524]],[[5542,5542,5542]],[[5488]],[[5522,5522,5522]],[[5543,-5544,5544]],[[5545,5519]],[[5546]],[[-3625,5547,5548]],[[5549,5549,5549]],[[5493,5493,5493]],[[2011,2011,2011]],[[2099,-2100,2167]],[[5409,5550]],[[-1318,1317,5498]],[[5551]],[[3333,5552,-3364,-3362]],[[5486,5486,5486]],[[5553,-5554,5554]],[[3545,3545,3545]],[[5474,5474,5474]],[[4135,-4136,4140]],[[5555,5555,5555]],[[-4269,4268,5406]],[[-1122,1121,1484]],[[5556,5556,5556]],[[2490,-2491,5549]],[[5557,5557,5557]],[[3934,-3935,5527]],[[5407,5407,5407]],[[5558,5559,5560,5561]],[[5562,5562,5562]],[[4732,4732,4732]],[[3609,-3610,5555]],[[-2915,2913,-2902,5563]],[[-4383,4382,5538]],[[5564]],[[5565,-5566,5566]],[[5118,-5119,5494]],[[5474,5474,5474]],[[1276,-1277,5322]],[[5530,5530,5530]],[[5544,5544,5544]],[[5567,-5568,5468]],[[5400]],[[5568,5568,5568]],[[5544,5544,5544]],[[5569,5569,5569]],[[4639,-4640,5522]],[[5570,5570,5570]],[[5571,5571,5571]],[[3545,3545,3545]],[[5407,5407,5407]],[[5469]],[[5572]],[[5573,-5574,5574]],[[5575,5575,5575]],[[5546]],[[-5564,-2901,-5375,-2916]],[[5473,5473,5473]],[[5524,5524,5524]],[[5089,5575]],[[-525,524,5487]],[[5403,5403,5403]],[[5576,5576,5576]],[[5535,5535,5535]],[[-4255,4254,5437]],[[5577,5577,5577]],[[5578,5578,5578]],[[1981,-1982,2026]],[[5579]],[[5469]],[[5568,5568,5568]],[[3748,-3749,5518]],[[3625,-3626,3634]],[[5532,5532,5532]],[[5580,5580,5580]],[[5581,5581,5581]],[[5582,-5583,5474]],[[-4603,-4583,5583]],[[-5585,5584,5557]],[[5507,5507,5507]],[[5544,5544,5544]],[[-256,255,5569]],[[5585,-5586,5586]],[[5522,5522,5522]],[[5587]],[[5458,-5459,5421]],[[5573,-5574,5574]],[[5521]],[[5556,5556,5556]],[[5469]],[[5579]],[[5524,5524,5524]],[[5588,-5589,5581]],[[5589,5589,5589]],[[5502,5503]],[[5590,5590,5590]],[[-2601,2600,2684]],[[5530,5530,5530]],[[5429,5429,5429]],[[5399]],[[5591,-5592,5542]],[[5549,5549,5549]],[[5592,5592,5592]],[[5593,5500]],[[-1336,1335,5407]],[[5579]],[[5532,5532,5532]],[[5594]],[[5554,5554,5554]],[[-4076,5595,5596]],[[667,-668,1528]],[[5549,5549,5549]],[[4855,-4856,5506]],[[5597]],[[5530,5530,5530]],[[5598,5598,5598]],[[5577,5577,5577]],[[5402,-5403,5403]],[[-5001,5000,5599]],[[5578,5578,5578]],[[-2087,2086,5577]],[[-2391,2390,5598]],[[4487,-4488,5535]],[[5486,5486,5486]],[[5600,5600,5600]],[[5391,5391,5391]],[[5564]],[[5601]],[[5602,5602,5602]],[[-1130,1129,5568]],[[5603,5603,5603]],[[5597]],[[4698,-4699,5108]],[[5362,5362,5362]],[[5604,-5605,5578]],[[-4582,4581,5605]],[[5606]],[[5602,5602,5602]],[[5607,5607,5607]],[[5473,5473,5473]],[[5608,5608,5608]],[[1830,2011]],[[-5610,5609,5586]],[[5572]],[[5429,5429,5429]],[[5610,5571]],[[4651,-4652,5522]],[[5611,5611,5611]],[[5530,5530,5530]],[[2984,-2985,5473]],[[5612,5612,5612]],[[5579]],[[5613,5613,5613]],[[5556,5556,5556]],[[5507,5507,5507]],[[-3870,-5605,-3758,5398]],[[5597]],[[5594]],[[-4012,4011,5570]],[[5587]],[[-5001,5000,5599]],[[-4246,4245,5476]],[[5530,5530,5530]],[[5553,-5554,5554]],[[5530,5530,5530]],[[5614,5615,5616]],[[5617,-5618,5589]],[[5486,5486,5486]],[[5618,-5619,3545]],[[-5568,5567,5362]],[[5619,-5620,5620]],[[5621,5621,5621]],[[2641,-2642,2679]],[[4854,-4855,4856]],[[5551]],[[5530,5530,5530]],[[-4582,4581,5605]],[[5524,5524,5524]],[[5530,5530,5530]],[[5622]],[[5587]],[[5623,-5624,5562]],[[5525,-5526,5526]],[[4722,-4723,4732]],[[5530,5530,5530]],[[5587]],[[5530,5530,5530]],[[-3436,3435,5507]],[[5601]],[[5600,5600,5600]],[[5621,5621,5621]],[[5592,5592,5592]],[[-2488,2487,5549]],[[5592,5592,5592]],[[5270,-5271,5532]],[[5486,5486,5486]],[[5606]],[[5611,5611,5611]],[[5530,5530,5530]],[[-3519,3518,5602]],[[-1134,1133,5621]],[[5592,5592,5592]],[[5530,5530,5530]],[[5589,5589,5589]],[[5083,-5084,5590]],[[5622]],[[-5432,5431,5493]],[[2407,-2408,5556]],[[5624,5391]],[[5625,-5626,5524]],[[633,-634,5462]],[[5544,5544,5544]],[[5521]],[[5611,5611,5611]],[[5530,5530,5530]],[[-3194,3193,5580]],[[5530,5530,5530]],[[5597]],[[375,-376,5613]],[[5626,-5627,5611]],[[5543,-5544,5544]],[[5463,5463,5463]],[[5486,5486,5486]],[[5627,5627,5627]],[[5530,5530,5530]],[[5518,5518,5518]],[[5589,5589,5589]],[[3174,-3175,5608]],[[5597]],[[5429,5429,5429]],[[5311,-5312,5600]],[[349,-350,5463]],[[-5629,5628,5530]],[[5235,-5236,5627]],[[5629,-5630,5612]],[[5630,-5631,5576]],[[5530,5530,5530]],[[5592,5592,5592]],[[5631,-5632,5429]],[[5619,-5620,5620]],[[5530,5530,5530]],[[3748,-3749,5518]],[[-5616,5615,5530]],[[-2398,2397,5603]],[[-5360,5359,5607]],[[4525,-4526,5592]],[[3712,-3713,5486]],[[5530,5530,5530]],[[5589,5589,5589]],[[5617,-5618,5589]],[[5597]],[[5616,-5617,5530]]]},{"type":"MultiPolygon","properties":{"name":"Bío-Bío"},"id":"CL-BI","arcs":[[[5632,5633,5634,5635,-5636,5635,5636,5637,-5638,5637,5638,5639,5639,5640,5641,5642,5643,5644,5645,-5646,5645,5646,5647,5648,5649,-5650,5649,5650,5651,-5652,5651,5652,5653,-5654,5653,5654,5655,5656,5657,5658,5659,5660,5661,-5662,5661,5662,5663,5664,5665,5666,5667,5668,5669,5670,-5671,5670,5671,5672,5673,5674,-5675,5674,5675,5676,5677,5678,5679,5680,5681,5682,5683,5684,5685,5686,-5687,5686,5687,5688,5689,5690,-5691,5691,5692,-5693,5692,-5693,5693,5694,5695,5696,5697,5698,5699,-5700,5700,5701,-5702,5702,5703,-5704,5703,5704,5705,5706,5707,5708,5709,5710,5711,5712,5713,-5714,5713,5714,5715,5716,-5717,5716,5717,5718,5719,5720]],[[5721]],[[5722]],[[5723]]]},{"type":"Polygon","properties":{"name":"Maule"},"id":"CL-ML","arcs":[[5724,-5725,5724,5725,5726,5727,5728,-5729,5728,-5729,5728,5729,5730,5731,5732,-5733,5732,5733,5734,5735,5736,5737,5738,-5739,5738,5739,-5740,5739,5740,-5741,5740,5741,5742,-5657,5655,-5655,-5654,5653,-5654,-5653,-5652,5651,-5652,-5651,-5650,5649,-5650,-5649,5647,-5647,-5646,5645,-5646,-5645,-5644,-5643,5641,-5641,5639,5639,-5639,-5638,5637,-5638,-5637,-5636,5635,-5636,-5635,5633,-5633,5743,5744]]},{"type":"Polygon","properties":{"name":"Araucanía"},"id":"CL-AR","arcs":[[5695,-5695,5693,5692,-5693,5692,-5693,-5692,5690,-5691,-5690,5688,-5688,-5687,5686,-5687,-5686,5684,-5684,5682,-5682,5680,-5680,5678,-5678,5676,-5676,-5675,5674,-5675,-5674,5672,-5672,-5671,5670,-5671,-5670,5668,5667,-5667,5665,-5665,5663,-5663,-5662,5661,-5662,-5661,5659,-5659,5745,-79,77,77,-77,75,-75,-74,73,-74,-73,-72,71,-72,-71,69,-170,-169,167,5746,-5720,5718,-5718,-5717,5716,-5717,-5716,5714,-5714,5713,-5714,-5713,5711,-5711,5709,-5709,5707,-5707,5705,-5705,-5704,5703,-5704,-5703,5701,-5702,-5701,5699,-5700,-5699,5697,-5697]]},{"type":"MultiPolygon","properties":{"name":"Los Lagos"},"id":"CL-LL","arcs":[[[-745,743,-743,741,-741,-740,739,-740,-739,-738,-737,736,-737,-736,734,-734,732,731,-731,-730,729,-730,-729,727,-727,725,-725,-724,722,-722,720,720,-720,-719,717,717,-717,704,-716,-715,-714,-713,712,-713,-712,-711,5747,5748,5749,5750,5751,5752,5753,5754,5755,-5756,5755,5756,5757,5758,5759,-5759,5758,5760,5761,5762,5763,5764,-5765,5764,5765,5766,-5767,5767,5768,5769,5770,5771,-5772,5771,5772,5773,5774,5775,5776,5777,5778,5779,5780,5781,5782,5783,5784,5785,5786,5787,5788,5789,5790,5790,5791,5792,5793,5794,5795,5796,5797,5798,5799,5800,5801,-5801,5800,5802,5803,-5804,5804,5805,5806,5807,5807,5808,5809,5810,5811,5812,5813,5814,5815,5816,-5816,5817,5818,-5815,-5814,5819,5820,5821,5822,5823,-5823,5824,5825,5825,5825,5826,5827,5828,-5829,5828,-5829,5829,5830,5831,5832,5833,5834,5835,-107,-106,105,-106,-105,-104,103,-104,-103,101,-101,-100,99,-100,99,-100,-99,98,-99,-98,-97,96,-97,-96,-95,94,-95,-94,92,-92,-91,90,-91,-90,88,-88,-87,86,-87,-86,-85,84,-85,-84,82,-83,82,-81,5836]],[[5837,5837,5838,5839,5840,5841,5842,5842,5843,5844,5845,5846,5847,5848,5849,5850,5851,5852,5853,5854,5855,5856,5857,5858,5859,5860,5861,5862,5863,5864,5865,5866,-5867,5867,5868,5869,5870,5871,5872,5873,5874,5875,5876,5877,5878,5879,5880,5881,5882,5883,5884,5885,5886,5887,5888,5889,5890,5891,-5892,5891,-5892,5892,5893,5894,5895,5896,5897,5898,5899,5900,5901,5902,5903,5904,5905,5906,5907,5908,5909,5910,5911,5912,5913,5914,5915,5916,5917,5918,5919,5920,-5921,5920,5921,5922,5923,5923,5924,5925,5926,5927,5928,5929,5930,5931,5932,5933,5933,5933,5934,5935,5936,5937,5938,5939,5940,5941,5942,5943,5943,5944,5945,5946,5947,5948]],[[5949]],[[5950,5951,5952,5953,-5867,5954,5863,-5864,-5863,-5861]],[[-5873,5955]],[[5956,-5879,5878,-5879,-5878,5877,-5878,5957]],[[5958,5959,5959,5960,5961,-5962,5962,5963,5964,5965,-5795,-5794,-5793]],[[5966,5967,5968,5969,5970,5971,5972,5973,5974,5975,5976,5977,5978]],[[5979,5980,5981,5982,5983,5984,-5908,-5901]],[[5985,5986,5987,5988]],[[5989,5990,5991,-5992,5992,5993,5994,5995]],[[5996]],[[5997,-5855,5998,5999,-5851,5850,6000,6001,6002]],[[-5895,-5893,5891,-5892,5891,-5892,6003]],[[6004,6005,6006,6007,6008]],[[6009,6010,6011,6012]],[[6013,6014,6015,6016]],[[6017,6018]],[[6019]],[[-5979,6020,6021]],[[6022,6023,-6024,6024,6025,6026,6027,6027,6027,6028,6029,-5920]],[[6030,-6032,-6031,6030,-6031,6032,6033,-6034,6033,-6034,-6033]],[[6034,6035,6036,-5788]],[[6037]],[[6038]],[[6039,-6007,6040]],[[6041,6042,6043,6044,6045,6046,6047,6042,6048]],[[6049]],[[6050,6051]],[[6011,-6012,-6010,6052,6053]],[[-6055]],[[6055]],[[6056,6057,6058,-6059,6059,6060,-6031,6061,-6060,-6057,-6033,6032]],[[6062,6063,6064,5805,-5806,-6065,6065,-5801]],[[6066,6067,-6068]],[[6068,6069,6070,6071,-6072]],[[-5754,6072,6073,6074,6075]],[[6076,-5962,6077,6078,-6077]],[[-6071,6079,6080,-6072]],[[5784,6081,6082]],[[6083]],[[-5992,5992,5991,6084]],[[6085,6086]],[[6087,-6088,6088]],[[6089]],[[-5912,6090,6091,6092,-6093,6092]],[[6093,-6094,6093,6094]],[[-6096,-6068,6067]],[[6096,6097,-6098,-6097,6096,-6097,6096,-6097]],[[6098,-6098,6099,6100,-6101,6100,6098,-6099]],[[6101,6087,6102,-5769]],[[5970,-5971]],[[6103,6103,6103]],[[6104,-6105,6105]],[[6106,-6107,6107]],[[6108,6108,6108]],[[-6034,6033,6108]],[[6109,-6107,-6025,6110]],[[6111,-5772,-5770]],[[6112,6112,6112]],[[6113,6114,-6102,-5768]],[[6115]],[[-5816,5815,6116]],[[6117,6112]],[[6104,-6105,6105]],[[6118,6119]],[[-5816,5815,6116]],[[6120]],[[6121,-5906,-5905,5904,-5905,-5903,6121,-6122]],[[6122]],[[6118,6119]],[[6122]],[[-6124,6123,6103]],[[6115]],[[6120]]]},{"type":"MultiPolygon","properties":{"name":"Magallanes y de la Antártica Chilena"},"id":"CL-MA","arcs":[[[6124,6125,-6125,6126,-6127,6126,-6127,6126,-6127,6126,-6127,6127,6128,6129,6130,-6131,6131,6132,6133,6134,6135,-6136,6135,-6136,6135,6136,6137,6138,-6139,6138,6139,6140,6141,6142,-6143,-6142,-6141,6143,6144,6145,-6146,6146,6147,6148,6149,-6150,6150,6151,6152,-6153,6153,6154,6155,-6147,-6145,6156,6157,6158,6159,6160,6161,6162,6163,-6163,-6162,6161,-6162,-6161,6160,-6161,6160,6161,6162,6164,6165,6166,6167,6168,6169,6170,-6166,-6165,6164,-6165,-6163,6162,-6163,-6162,6161,-6162,6161,-6162,-6161,6160,-6161,6171,6172,6173,-6174,6173,-6159,6174,6175,-6176,6175,-6173,6176,-6129,6177,6178,6179,6180,6181,6181,6182,6182,6183,6184,6185,6186,6187,6188,6189,6190,6191,-6192,6192,-6193,6193,6194,6195,6196,6197,6198,6199,6200,6201,6202,6203,6204,6205,-6187,6206,6207,6208,6208,6209,6210,-6211,6211,6212,-6213,6212,-6213,-6212,6213,6212,6214,6215,6216,6217,6218,6219,6220,6221,6222,6223,6224,-6225,6225,6226,6227,6228,6229,6230,6231,6232,6233,-6234,6234,6235,6236,-6225,6237,6238,6239,6240,6241,6242,6243,6244,6245,6246,6247,6248,6249,6250,6251,6252,6253,6254,6255,6256,6257,6258,6259,6260,6261,6262,6263,6264,-6265,6265,6266,6267,6268,6269,6270,6271,6272,6273,6274,6275,6276,6277,6278,6279,-6280,6279,6280,6281,6281,6282,6283,6284,6285,6286,-6287,6286,6287,6288,6289,6290,6291,-6289,6292,6293,6294,6295,6296,6297,6298,6299,6300,6300,6301,-6302,6301,6302,6303,6304,6305,6306,6307,6308,6308,6309,6310,6311,6312,6313,6314,6314,6315,6316,6317,6318,6319,6320,6321,6322,6323,6324,6325,6325,6326,6327,6328,6329,-6330,-6329,6330,6331,6332,6333,6334,6335,6336,-6337,-6335,-6334,6333,6337,-6334,-6333,-6332,6338,6339,6340,-6341,6340,6341,6342,6343,-6344,-6343,6344,6345,6342,6346,6347,6343,6348,-6349,6348,6349,6350,6351,6352,6353,6354,6355,6356,6357,6357,6357,6357,6357,6358,6359,6360,6361,-6362,6362,6363,6364,6365,6366,6367,6368,6369,6370,6371,6372,6373,6374,6375,-6376,6375,6376,6377,6378,6379,-6380,6379,6380,6381,6382,6383,6384,6385,6386,6387,6388,6389,6390,6391,6392,-6393,-6392,6393,-6394,-6391,-6390,6394,6395,6396,6397,6398,6399,6400,6401,6402,6403,6404,6405,6406,6407,-6408,6408,6409,6410,6411,6412,6413,6414,6415,6416,6417,6418,6419,6419,6420,6421,6422,6423,6424,6425,6426,6427,6428,-6429,6429,6429,6430,-6431,6430,6431,6432,6433,-6434,6433,6434,6435,-6436,6436,6437,6438,-6439,6438,-6439,6439,6440,6441,6442,6443,-6444,6444,6443,6445,6446,6447,6448,6449,6450,6451,6452,6453,6454,6455,6456,-6457,6456,-6457,-6456,6457,6458,6459,-6459,6460,6461,6462,6463,6464,6465,6466,6467,6468,6469,6470,6471,6472,6473,6474,6475,6476,-6477,6476,6477,6478,6479,6480,6481,6482,6483,6484,6485,6486,6487,6488,6489,6490,-6486,-6485,-6484,-6483,-6482,6491,6492,6493,6494,6495,6496,6497,6498,6499,6500,6501,6502,-6503,6502,6503,6504,6505,6506,6507,6508,6509,-6485,6484,-6485,6484,6510,6511,-6491,6512,-6513,6513,6514,-6515,6514,6515,-6508,6516,6508,6517,6518,6519,6520,6521,6522,6523,-6523,6524,-6525,6524,-6525,6525,6526,6527,6528,-6528,6529,6530,6531,6532,6533,6534,6535,6536,6537,6538,-6539,6539,6538,6540,6541,6542,6543,6543,-6543,-6542,-6541,6540,6541,6542,6544,6545,6545,6546,-6547,6546,-6547,6547,6548,6549,6550,6551,6552,6553,-6554,-6553,6552,-6553,6554,-6555,6554,-6555,-6552,6555,6556,-6557,6557,6558,-6559,6558,6559,-6560,6560,6561,6562,-6563,6562,6563,6564,6565,6566,6567,6568,6569,6570,-6571,6571,6572,6573,6574,6575,6576,6577,6578,6579,6580,6581,6582,6583,6584,6585,6586,-6587,6587,6586,6588,-6587,-6586,-6584,6589,6590,6591,6592,-6593,6592,-6593,-6592,6593,6594,-6595,6594,6595,6596,6597,6598,6599,6600,6601,6602,6602,6603,6604,6605,6606,6607,6608,6609,6610,6611,6612,6613,6614,6615,6616,6617,-6618,6618,6619,-6620,6620,6621,6622,6623,6623,6623,-6623,6624,6625,6626,-6627,6626,-6627,6626,-6627,6627,6628,6629,6630,-6631,6630,6631,-6632,6631,6632,6633,6633,6634,6635,6636,-6637,-6633,-6632,-6631,-6627,6637,6638,-6625,6622,6639,6640,6641,-6641,6642,6643,6644,6645,6646,6647,6648,6649,6650,-6651,6651,6652,6652,6653,6654,6655,6656,6657,-6658,6658,6659,6660,6661,6662,6663,-6660,6664,6665,6666,6667,6668,6669,6670,6671,6672,6673,6674,6675,-6676,6675,6676,6677,6678,6679,6680,6681,6682,6683,6684,6685,6686,6687,6688,6689,-6690,6690,-6687,6691,6692,6693,6694,-6695,6694,-6695,6695,6696,6697,6698,6699,-6700,6699,6700,6701,6702,6703,6704,-6705,-6704,6705,6706,6707,6708,6709,6710,6711,-6712,6712,6712,6713,6714,6715,6716,6717,-6718,6717,6718,6719,6720,6721,6722,6723,6724,6725,6726,6727,6728,6729,6730,-6730,6731,6732,-6733,6733,6734,6735,6736,6737,6738,6739,6740,6741,-6742,6741,6742,-6743,6743,6744,6745,6746,6747,6748,6749,6749,6750,6751,6752,6753,6754,6755,6756,6757,6758,6759,6760,6761,6762,6763,6764,6765,-6766,6765,6766,-6762,6767,6768,6769,6770,6771,6772,6773,6774,-6775,6774,6775,6776,6777,6777,6778,6779,6780,6781,6782,6783,6784,6785,-6786,6786,6787,6788,6789,6790,6790,6791,6792,6792,6793,6794,6794,6795,6796,-6797,6796,6797,6798,-6798,6799,6800,-6801,6800,6801,6802,6803,6804,6805,6806,6807,-6808,-6807,6808,6809,-6809,6806,6810,-6811,-6807,6806,6807,6811,6812,6813,6814,-6815,-6814,6815,6816,6817,-6818,6818,6819,6820,6821,6822,6823,6824,6825,6826,6827,6828,6829,6830,-6831,6830,-6831,6831,6832,6833,-6834,6833,6834,-6835,6834,-6835,6834,-6835,-6834,6835,-6836,6835,6836,6837,6838,6839,6840,6841,6842,-6843,6842,6843,-6843,6842,-6843,6842,6844,6845,-794,-793,-792,6846,790,-791,6847,-789,6848,-784,6849,6850,6851,6852,6853,6854,6855,6856,6857,6858,6859,6860,6861,-6861,6862,6863,6864,6865,6866,6867,6868,6868,6868,6869,6870,6871,6872,6873,6874,6875,6876,6877,6878,6879,-6879,6880,6881,6882,6883,6884,6885,6886,6887,6888,6889,6889,6890,6891,-6892,6891,6892,6893,6894,6895,6896,6897,6898,6898,6899,6900,-6901,-6900,6901,6902,6903,6904,6905,6906,6907,6908,6909,6910,6910,6911,-6912,6911,6912,6913,6914,6915,6916,6917,6918,6919,6920,6921,-6921,-6920,6922,6923,6924,6925,6926,6927,6928,6929,6930,6931,6932,6933,6934,-6935,6934,6935,6936,-6937,6936,6937,6938,-6939,6938,6939,6940,-6941,6941,6942,6943,6944,6945,-6946,6946,6945,6947,6948,6949,6950,6951,6952,6953,6954,6955,6956,6957,6958,6959,6960,6961,-6962,6961,6962,6963,-6964,6964,6965,6966,6967,6968,6969,6970,6971,6972,6973,-6974,6974,6975,6976,-6977,6977,6978,6979,6980,6981,6982,6983,6984,6985,6986,6986,-6986,-6985,6987,6987,6988,6989,-6990,6989,6990,-6991,6990,6991,6992,6993,6994,6995,6996,6997,6998,6999,7000,-7001,-7000,7001,7002,7000,7003,7004,7005,7006,7007,7008,7009,-7010,7010,7011,7012,7013,7014,7015,7016,7017,7018,7019,7020,7021,7022,-7023,7023,7024,7025,7026,7027,7028,7029,7030,7031,7032,7033,7034,7035,-7036,7035,7036,7037,7038,7038,7039,7040,7041,7042,7043,7044,7045,7046,7047,7048,-7049,7049,7050,7051,7052,-7053,7053,7054,7055,7056,7057,7058,7059,-7055,7060,7061,7062,7063,7064,7065,7066,7067,7068,7069,-7070,-7069,7070,7071,7072,7073,-7074,7074,7073,7075,7076,7077,7078,7079,7080,7081,7082,7083,7084,7085,7086,7087,-7081,7088,7089,7090,7091,-7092,7091,7092,7093,7094,7095,7096,-7097,-7096,7097,7098,7099,7100,-7101,7101,7102,7103,7104,7105,7106,7107,7108,-7109,7108,7109,7110,7111,7112,7113,7114,7115,7116,-7117,7117,7116,-7117,7118,7119,7120,7121,-7121,7120,-7121,7120,-7121,7122,7123,7124,7125,7126,-7127,7127,7128,7129,7130,-7131,-7129,-7128,7127,-7128,7127,7131,7132,7133,7130,-7131,7130,-7131,7130,7134,-7135,7135,-7136,-7131,7130,7135,7136,7137,7138,7139,-7138,7140,7141,7142,-7143,7142,7143,7144,7145,7146,7147,-7148,7148,7147,7149,7150,-7148,-7147,7151,-7152,7152,7151,7153,7154,7155,7156,7157,-7158,7157,-7158,7158,7159,7160,7161,7162,-7163,-7162,7163,7164,7165,7166,7167,7168,-7169,7168,-7169,7168,7169,7170,7171,-7172,7171,7172,-7172,7171,7173,7174,7175,7176,-7176,7175,-7176,7175,7177,7178,-7175,7179,7180,-7181,-7180,7179,7180,7181,7182,-7183,7183,7184,7185,7186,7187,7188,7189,7190,-7191,7191,7192,7193,7194,7195,7196,7197,7198,7199,7200,7201,7202,7203,7204,7205,7206,7207,7208,7209,7210,7211,7212,7213,-7214,7213,7214,7215,7216,7217,7217,-7217,7216,7218,7219,7220,7221,7222,-6125],[7223,7223,7223],[7224,7224,7224],[7223,7223,7223],[7225,7225,7225],[7226,7226,7226],[7227],[7228],[7229,7229,7229],[7230,-7231,7231],[6543,7232],[7228],[7233,-7234,7234],[7235,7235,7235],[7236,7236,7236],[7232,7232,7232],[7237,7237,7237],[7225,7225,7225],[7238,7238,7238],[7239,7239,7239],[7240,7240,7240],[-6139,6138,7240],[7241,7241,7241],[7242,7242,7242],[7243,7243,7243],[7236,7236,7236],[7244,7244,7244],[7245,-7246,7246],[-6543,6542,7232],[7227],[7247,7247,7247],[7248,7248,7248],[-6629,6628,7241],[7249,-6376],[7250,-7251,7248],[7251],[7252,7252,7252],[7251],[7253,7253,7253],[7254,7254,7254],[7255,7255,7255],[7256,7256,7256],[7257,7257,7257],[7255,7255,7255],[7258],[7259,7259,7259],[7260,7261,7262],[7263],[7264,7264,7264],[7265],[-6631,6630,7224],[7235,7235,7235],[7266,7266,7266],[7267,-7268,7268],[7243,7243,7243],[7224,7224,7224],[7269,7270,7271],[7272,7272,7272],[7273,-7274,7242],[7274,7274,7274],[7275,7275,7275],[7243,7243,7243],[7276,-7277,7277],[6452,7278],[7279],[7265],[7259,7259,7259],[6504,-6505,7229],[7241,7241,7241],[7237,7237,7237],[7280,7280,7280],[7281,7239],[7252,7252,7252],[7282,-7283,7283],[7284],[7285,7285,7285],[7286,7286,7286],[7287,7287,7287],[6182,7288],[7289,-7290,7254],[-6629,6628,7241],[6646,-6647,7225],[7263],[7290,7290,7290],[7243,7243,7243],[7224,7224,7224],[7291,7291,7291],[6686,-6687,7247],[6999,-7000,7255],[7292],[7293,-7294,7243],[7267,-7268,7268],[7279],[7294,7294,7294],[-6991,6990,7295],[7296,7296,7296],[6624,-6625,7244],[7243,7243,7243],[7297,-7298,7253],[-6695,6694,7298],[7299,-7300,7300],[7301,-7302,7280],[7302,-6991,7303,6985],[-6141,7304,7305,7306],[7307,7307,7307],[7308,7308,7308],[6706,-6707,7309],[7310,7307],[7311,7311,7311],[-6873,6872,7238],[7293,-7294,7243],[7312,-7313,7291],[7252,7252,7252],[7313,-7314,7259],[7314,-7315,7311],[7315,7287],[7316,7317],[6645,-6646,7290],[7318,-7201,7319],[7320,-7321,7321],[7322,-7323,7323],[7233,-7234,7234],[7324,-7325,7325],[7326,-6434,7327,7328,-7329,7328],[6482,-6483,7296],[-6227,6226,7264],[6712,7329],[7330],[7331,-7332,7332],[7258],[7284],[7333,7274],[7334,-7335,7335],[7336,7337,-7338,7337,7338,-6559],[7339,7236],[7292],[-6494,6493,7340],[7341,-7342,7342],[7343,7246],[6741,-6742,7252],[7299,7344,7345,-7346,7345,7346],[7347,7348,7349,-7350,7349],[-7246,7245,7235],[7350,-7351,7308],[-6749,6748,7351],[-7353,7352,7223],[7353,-7354,7354],[6584,7355],[7320,-7321,7321],[-7357,7356,7257],[7357,7358],[7359,-7360,7360,7361,-7360],[7362,-7363,7286],[7363,-7364,7285],[7364,7365,-7366,7366],[-6815,6814,7275],[-7368,7367,7283],[7368,7294],[-6926,6925,-6926,7369,7370,7371],[7372],[7373,7374,7375],[-6205,7376,7322,7377],[7378,-7379],[7379,7380,7381,-7382,-7342,7382],[7383],[7384,-7385,7266],[7385,7272],[7386,7387,7388],[6679,-6680,7389,7390,-6680,6679,-6680],[7391,7357,-7358,7392,7393,7394],[-7325,7395],[6332,-6333],[7396,6652,7397],[7398,7399,-7400,7399,-7400],[7400,7401],[7402,-6220],[6141,6142,7403,7233,-6143,-6142],[7404,-6730],[-6865,7405],[7406,7407,7408],[7409,7410,7316,-7411,-7410],[7411],[7412],[7413],[7414,7415,-7417,7416,7417],[7418],[7419],[7420],[7421,7422,7423,-6593,6592],[7424,-7425],[7425],[7426,7427,-7428,-7427,7428],[7429,7337,-7338,7337,7338,-7339,-7338,-7430,7430,-6666,7431],[7432,7433,-7385,7384,7434,7435,7436,-7437],[6689,-6690,6689,7437,7398,-7438,-6690,7438,-7400,7399,-7439,6690,-6691],[-7440,-7441],[7441,-7442,7442,7443,7277],[7444],[-6154,6153,7445,7446,7447],[7448,7449,6455,-6456,6455,6456],[7450],[-7452,-6402,-6400,-6398,6397,6399,6401],[-6798,7230,7452,-7453,7453,7454,7455,-7456,7455,7456],[7457,7331,7458],[7459],[7460,-7461,7460,7461,-7462,7461,-7463,7269,7270,-7271,-7270,7462,7463,-6780,7464,7460,7465,-7466,-7461],[-7379,7466,6662,7344,-7345,-6663,7467,7468,7469,7470,7471],[7472],[-7354,7473,7474],[7475,7476,7334,7477]],[[7478,7479,7480,7481,7482,7483,7484,7485,7486,7487,7488,7489,7490,7491,7492,7493,7494,7495,7496,7497,7498,7499,-7500,-7499,7500,7501,-7502,7501,-7502,7501,7502,7503,-7503,-7502,7504,-7505,7504,7505,7506,7507,7508,7509,7510,7511,7512,7513,7514,7515,7516,7517,7518,7519,7520,7521,7522,7523,7524,7525,7526,7527,7528,7529,7530,7531,7532,7533,7534,7535,7536,7537,7538,7539,7540,7541,7542,7543,7544,7545,7546,7547,7548,7549,7550,7551,7552,7553,7554,7555,7556,7557,7558,7559,7560,7561,7562,7563,7564,7565,7566,7567,7568,7569,7570,7571,7572,7572,7573,7572,7574,7575,7576,7577,7578,7579,7580,7581,7582,7583,7584,7585,7586,7587,7588,7589,7590,7591,7592,7593,7594,7595,7596,7597,7598,7599,-7600,7599,7600,7601,7602,7603,-7604,7603,-7604,7604,7605,7606,7607,-7607,7608,7609,7610,7611,7612,7613,7614,7615,7616,7617,7618,7619,7620,7621,-7622,7622,7623,7624,7625,7626,7627,7628,7629,7630,7631],[7632],[7633,7633,7633],[7634,7634,7634],[7635,-7636,7636],[7637,7637,7637],[7638,7633],[7639,7636],[7521,-7522,7634],[7640,-7641,7637],[7641,7642,-7508,7507,-7508],[7643],[7644,-7645,7645],[7511,-7512,-7511,7646],[7647],[7648,7648,7649,-7645,7650,7651,7652]],[[7653,7654,7655,7656,-7657,7656,7657,7658,7659,7660,7661,7662,7663,7664,7665,7666,7667,-7668,7668,7667,7669,7670,7671,7672,7673,7674,7675,-7676,7675,7676,7677,7678,-7679,-7678,7677,7679,-7677,7680,7681,7682,7683,7684,7685,-7686,7686,7687,-7688,7688,7689,7690,7685,-7690,7689,-7690,-7689,7687,7691,7692,7693,7694,-7695,7694,-7695,7694,-7695,7695,7696,-7697,7696,-7697,7696,-7697,7696,-7697,7697,7698,-7698,7696,7699,-7700,7699,-7700,7699,-7700,7700,-7701,7699,7701,7702,-7703,7702,-7703,7703,7704,-7705,7704,-7705,7704,-7705,7704,-7705,7704,-7705,7704,7705,7706,7707,-7708,7708,7709,7710,7711,7711,7711,7711,-7711,7712,7713,7714,7715,7716,7717,7718,-7719,-7718,7719,7720,7721,7722,7723,7724,7725,7726,7727,-7727,-7726,-7724,-7722,7728,-7729,7729,7730,7731,7732,-7733,7732,7733,7734,7735,7736,7737,7738,7739,-7740,7740,7739,7741,7742,7743,7744,-7744,-7742,7745,7746,7747,7748,-7749,7749,7750,7751,7752,7753,7754,7755,7756,7757,7758,7759,7760,7761,7762,-7762,7763,7764,-7765,-7761,7765,7766,7767,7768,7769,7770,7771,7772,7773,-7770,7774,7775,7776,7777,7778,7779,7780,7781,7782,7783,-7784,-7783,7784,7785,7786,7786,7787,7788,7789,7790,7791,7792,7793,7794,7795,7796,-7797,7797,7798,7799,7800,7801,7802,7803,7804,7805,7806,7807,7808,7809,7810,7811,-7811,7810,7811,-7811,-7810,7812,7813,7814,7815,7816,7817,-7818,7817,7818,7819,7820,7821,-7814,-7813,7812,7813,7822,7823,7824,-7825,7825,7826,-7821,7827,7828,-7829,7829,7824,7830,7831,7832,7833,7834,7835,-7836,7836,7835,7837,7838,-7838,7837,7839,7840,7841,7842,7843,7844,-7838,7845,7846,7846,7846,7846,-7844,7847,7848,-2117,7849,7850,7851,-7852,7851,7852,-7852,7851,7853,7854,-7855,-7854,7855,7856,-7857,7856,7857,-7858,7858,7859,7860,-2113,7861,7862,7863,7863,7863,7863,7864,7865,7866,7867,7868,-7869,7869,6828,-6829,7870,-7871,7870,7871,7872,7873,7874,-6825,6824,-6825,7875,7876,7877,7878,7879,7880,7881,7882,7883,7884,7885,7886,7887,7888,7889,7890,7891,7892,7893,7894,7895,-7896,7895,7896,7897,7898,7899,7900,7901,7902,7903,7904,7905,-7906,-7905,7906,7907,7908,7909,7910,7911,7912,7913,7914,7915,-7913,-7912,7911,-7912,-7911,7916,7917,7918,7919,7920,7921,7922,-7923,7923,7924,7925,7926,-7925,7927,7928,7929,7930,7931,7932,7933,7934,7935,-7935,-7934,7933,-7934,7933,7934,7936,-7937,7936,7937,-7938,7938,7939,7940,7941,-7942,7941,-7942,7941,7942,-7943,7942,7943,-7944,-7943,7942,-7943,7944,7945,7946,7947,7948,7949,-7949,7950,7951,7952,-7953,7952,-7953,7952,7953,7954,7955,-7956,7955,-7956,7955,-7956,7955,7956,7956,7957,7958,7958,7958,7959,7960,7960,7961,-7962,7961,-7962,7961,7962,7963,7964,7965,7966,7967,7968,7969,7970,7971,7972,7973,7974,7975,-7975,7976,7977,7978,7979,7980,-7980,7981,7982,-7978,7983,7984,7985,7986,7987,7988,7989,7990,7991,7992,7993,7994,7995,7996,7997,7998,7999,-8000,7999,-8000,-7999,-7998,7997,-7998,-7997,8000,8001,8002,8003,8004,8005,8006,8007,8008,8009,-8010,-8009,8010,8011,8012,8013,-8012,8011,8014,8015,8016,8017,-8018,8018,8019,-8016,8020,8020,8020,-8015,8021,8022,8023,8024,-8025,-8024,8025,8026,8027,8028,8029,8030,8031,8032,-8033,8032,8033,-8034,8033,-8034,8034,8035,-8029,8028,-8029,8036,-8037,8037,-8038,8037,8038,-8039,8038,-8039,8038,-8039,8038,8039,8040,8041,-8042,8042,-8043,-8041,8040,-8041,-8040,8043,-8044,8043,8044,8045,8046,8047,-8048,8047,-8048,8048,8049,-8050,8050,-8051,8050,8051,8052,-8053,-8052,8051,-8052,8051,-8052,8051,-8052,-8051,8050,-8051,8050,8053,-8054,8053,-8054,8053,8054,-8055,8055,8056,8057,-8058,8057,8058,8059,-8059,-8058,8057,8060,-8061,8060,8061,8062,-8063,-8062,8063,-8064,8063,8064,-8065,8064,8065,8066,8067,-8068,8067,-8068,8067,-8068,8068,8069,-8070,8070,8071,8072,8073,8074,8075,8076,8077,8078,8079,8080,-8081,-8080,-8079,-8078,-8077,8081,8081,8076,-8077,8082,8076,8077,8078,8079,8080,8083,8084,8085,-8081,-8080,-8079,-8078,8086,8087,8088,-8089,-8088,8089,8090,8091,-8092,8092,8087,8088,8093,-8094,8093],[8094,8094,8094],[8095,8095,8095],[8096,8096,8096],[8097,8097,8097],[8098],[-8065,8064,8099],[8097,8097,8097],[8094,8094,8094],[8100,8100,8100],[8101,-8102,8102],[8098],[8103,-8104,8104],[8104,8104,8104],[8103,-8104,8103,-8104],[-8106,8106,8107,7996],[8108,8108,8108],[8109,-8110,8094],[8097,8097,8097],[8110,8110,8110],[-7956,7955,8111],[8052,-8053,8097],[-8065,8064,8099],[8112,-8058,8113],[8097,8097,8097],[-8115,8114,8097],[8115,8115,8115],[8116,-8117,8117],[8118,8119],[8120,8121],[8122,-8123,8123],[8124,8119],[8125,-8126,8117],[8126,8126,8126],[8127,8127,8127],[8128,-8129,8129],[8130,-8131,8131],[8132,8131],[8133,8134],[8135,-8136,8136],[8137,8138,8139,8140],[8114,8141,8142,-8143,8143],[8144],[8145,8115],[-8078,8077,8146],[8147,-8148,8129],[8148,-7924,-7922],[8149,-8150,8149,-8150,8149,-8150],[8150,8150,8150],[8064,8065,-8066,-8065],[-8152,8151,8102],[8152,8126],[-7906,7905,8121],[8153,-8154,8095],[7815,-7816,7815,7816,-7817,-7816],[-7722,8154,8155],[8156,-8157,8100],[8157],[8158,-8159,8108],[8144],[8159,8160,-8161,8133,-8160],[8161],[8162,-8123,8122,-8123,8163],[8164,-8165,8165],[8166,-8167,8166,8167,8168,8169,-7980],[8170],[8171,-8172,8127],[-8173,-8104,8103,8172,-8173,8172,-8173,8172],[-8174],[8174,8175,8176,-8178,8177,8178],[8179],[8180],[8181,8182,-7814],[8183,-8184,8150],[-8168,-8185,8167],[8185,-8150,8186,8187,-8189,8188,-8188,8103],[8189,-7918,7917,8190,8191],[8105,8192,-8136,8193],[-8195,8195,-8196,-8197],[8197,-8198,8197,8198,-8084,8083,-8199,-8198],[7982,-7983,8199],[8200,8201,-8202,8202],[8019,-8016,8015,8203,-8025,8204,-8205,8024,8205,-8206,8205,-8206,-8204,-8020],[8164,8206]],[[8207,-6969,8208,8209,8210,-6966,6965,8211,8212,8212,8213,8214,8215,-8216,8215,8216,-8217,8216,-8217,8216,8217,8218,8219,8220,8221,8222,-8223,8222,8223,8224,8225,8226,-8226,8227,8228,8229,8230,-8230,-8229,8231,8228,8229,8232,8233,-8234,8233,8234,-8230,-8229,8235,8236,8225,8237,8238,8239,8240,8241,8242,8243,-8244,8243,8244,8245,-8245,8244,8245,8246,-8234,8247,8248,-8249,8249,8250,8251,8252,8253,8254,8255,8256,8257,8258,8259,8260,-8256,8261,8262,8263,8264,8265,8266,8267,8267,8268,8269,8270,8271,-8271,8272,8273,8274,8275,8276,8277,-8278,8278,8279,8280,8281,8282,-8283,8283,8284,8285,-8286,8285,-8286,8286,8287,8288,8289,8290,8291,-6896,8292,-6893,-6892,6891,8293,8294,8295,8296,8297,8298,8299,8300,-8301,8300,-8301,8300,8301,8302,8303,8304,8305,8306,-8307,8306,-8307,-8306,8307,8308,8309,-8310,8310,8311,-8312,-8311,8309,8312,8313,8314,8315,-8316,8316,8317,8318,8319,8320,8320,8321,-8322,8321,8322,-8323,8322,-8323,8322,8323,8324,8325,8326,8326,-8326,-8325,8327,8328,8329,8330,-8331,8331,8332,8333,8334,8335,8336,8337,8338,8339,8340,8341,8342,8343,8344,8345,8346,-8347,8347,8348,8349,8350,-8351,8351,8352,8353,8354,8355,-8356,8355,-8356,8356,8357,8358,8359,8360,8361,-8361,8360,-8361,8362,8363,8364,-8363,8360,8365,8366,8367,-8368,-8367,8366,8367,8368,8369,-8370,8369,8370,8370,8371,-8368,-8367,8372,8373,8374,8375,8376,8377,-8376,8378,8379,8380,7030,-7031,8381,-7029,8382,7025,-7026,8383,-7024,8384,-7020,-7019,8385,-7018,8386,-7016,8387,8388,8389,8390,-7014,8391,8392,-8393,8392,8393,8394,-8395,8395,-8396,8396,8397,8398,8399,8400,8401,-8402,8401,8402,8403,8404,8405,8406,8407,8408,8409,8410,8411,8412,8413,-6971],[8286,8414],[8415],[8416,8416,8416],[8417,8417,8417],[8418,-8419,8419],[8420,8420,8420],[8421,-8422,8422],[8423,8423,8423],[8424,-8425,8425],[8415],[8315,-8316,8416],[8426,-8427,8427],[8229,-8230,8423],[-8286,8285,8425],[8428],[8422,8422,8422],[8428],[8429,-8430,8419],[8311,-8312,8422],[-8251,8250,8417],[-8431,8430,8420],[-8307,8306,8427],[8353,-8354,8431],[-8244,8432,-8252,8433],[8316,8315,-8316],[8424,-8425,8425],[8325,8434],[8435,8436],[8437,-8438,8431],[-8286,8285,8425],[8438,-8439,8349],[8439,8440],[8441],[8355,-8356,8355,-8443,-8356],[-8444,-8445],[-8260,8259,8445],[-8260,-8258,8446,-8256,-8255,8254,-8255,8447,8448,8257,8259]],[[8449,8450,8451,-8452,8451,8452,8453,-8454,8453,8454,8455,8456,8457,8458,8459,-8460,8459,8460,8461,8462,8463,8464,8465,8466,8467,8468,8469,8470,8471,8472,8473,8474,8475,8476,8477,8478,8479,-8480,-8479,8478,-8479,8480,8478,-8479,8478,8479,8481,8482,8483,8484,8485,8486,-8487,8486,-8487,-8486,-8485,-8484,8483,-8484,-8483,-8482,8481,8487,8482,8483,8484,8485,8486,-8487,8486,8488,-8469,-8468,8489,-8467,-8466,8490,8491,-8492,8491,-8492,8491,-8492,8491,-8492,8492,8493,8494,-8495,8494,8495,-8496,8495,8496,-8497,8496,8497,-8498,-8497,8496,8497,8498,-8499,8498,-8499,8498,8499,8500,8501,8502,8503,-8501,8500,-8504,8504,8505,-8506,-8505,8503,-8501,-8500,8506,8507,8508,8509,8510,8511,8512,8513,8514,8515,8516,8517,8518,8519,8520,8521,8521,8522,8523,8524,8525,8526,8527,8528,8529,8530,-8531,-8530,-8529,8531,-8532,8531,8532,8533,8534,8535,8536,8537,8538,-8539,8539,8540,8541,-8542,8541,8542,8543,8544,8545,8546,8547,8548,8549,8550,-8551,8550,8551,-8552,8551,-8552,8551,-8552,-8551,-8550,8552,8553,8554,8555,8556,8557,-8558,8558,-8559,8559,8560,8561,8562,-8563,8562,8563,-8564,-8563,8564,8565,8565,8566,8567,8568,8569,-8569,8570,-8571,8568,8571,8572,8573,8574,8575,-8576,8575,8576,8577,-8576,8578,8579,-8580,8579,8580,8581,8582,8583,8584,8585,8586,-8587,8587,8588,-8589,8588,-8589,8589,8590,8590,8591,8592,8593,8594,-8595,8594,8595,8596,8597,8598,8599,8600,-8601,8600,-8601,8600,-8601,8600,-8601,8601,8602,8603,-8604,-8603,8604,8605,8606,8607,8608,8609,8609,8609,8610,8611,8612,-8613,8613,8614,-8615,8614,8615,-8616,8615,8616,8617,8618,-8619,8619,8620,8621,-8622,8621,-8622,8621,8622,-8623,8622,-8623,8622,-8623,8622,8623,-8624,8624,8625,-8626,8626,-8627,8626,-8627,8626,8627,8628,8629,8630,8631,8632,8633,-8634,8633,8634,8635,8636,8637,8638,8639,8640,8641,-8642,8642,8643,8644,-8645,8644,-8645,-8644,8645,-8646,8646,8647,-8648,8647,8648,-8649,8648,8649,8644,8650,-8651,8650,8651,8652,8653,-8654,8653,8654,8655,8656,8657,-8658,8657,8658,8659,8660,-8661,-8660,-8659,8658,8661,8662,-8663,8663,8664,8665,-8665,-8664,8662,8666,8667,8668,8669,8670,8671,8672,8673,-8674,8673,-8674,8674,8675,-8676,-8675,8673,8676,8677,8678,8679,8680,8681,8682,8683,8684,8685,8686,8687,-8688,8687,-8688,8687,8688,8689,8690,8691,8692,-8693,-8692,-8691,-8690,-8689,-8688,8693,8694,-8695,8695,8696,8697,-8698,-8697,8698,8694,8699,8700,8701,8702,8703,8704,8705,-8706,8705,8706,8707,8708,8709,8710,8711,8712,8713,-8714,8713,-8714,8713,-8714,8713,8714,8715,8716,8717,8718,-8719,-8718,8719,-8482,8720,8721,8722,8723,8724,8725,8726,8727,8728,8729,8730,-8731,8731,8732,8733,8734,-8735,8734,-8735,8734,8735,8736,8737,8738,8739,8740,8741,8742,8743,8744,-8745,8744,-8745,8744,8745,8746,-8747,8746,-8747,-8746,8747,8748,8748,8749,8750,-8751,8751,8752,8753,8754,-8755,8755,8756,8757,8758,-8759,8758,8759,8759,8760,8761,8762,8763,8764,8765,-8764,-8763,8762,-8763,8766,8767,-8768,8768,8769,8770,8771,8772,8773,-8773,8772,8774,8775,8776,8777,8778,8779,8780,8781,8782,-8782,8783,8784,8785,8786,8787,-8787,8786,-8787,8786,-8787,8786,8788,8789,8790,-8787,8786,-8787,8791,8792,8793,8794,8795,8795,8795,8796,8797,-8798,8798,8797,8799,8800,-8801,8800,-8801,8800,-8801,-8800,-8798,8797,8801,8802,-8803,8802,8800,8803,8804,8805,8806,-8807,8806,-8807,8806,-8807,-8806,8805,8806,8807,8808,8809,-8810,8810,-8811,-8809,8808,-8809,8811,8812,-8813,8812,8813,8814,-8815,8814,-8815,-8814,-8813,8812,8813,8814,-8815,8814,-8815,8815,-8816,8815,8816,8817,-8818,-8817,8818,8819,8820,-8819,8818,-8819,8818,-8819,8818,8821,8822,-8823,8822,8823,8824,-8825,-8824,-8823,8825,8826,-8827,8826,8827,-8828,-8827,8826,8827,-8828,8827,8828,8829,8830,8831,8832,8833,8834,8835,8836,-8837,-8836,-8835,-8834,8832,8833,8834,-8835,-8834,8832,8833,8834,-8835,8837,8838,8839,8840,-8841,8840,-8841,-8840,8839,-8840,8839,8841,8842,8843,-8844,8844,8845,8846,8847,8848,-8828,8849,8850,8851,8852,8853,8854,8855,8856,-8857,8856,8857,8858,-8859,8859,8858,8860,8861,-8862,8862,8863,8863,8863,8864,8865,8866,8867,8868,8869,-8870,8870,8871,8872,-8873,8871,8872,-8873,8872,8873,8874,8875,8876,-8877,8876,8877,8878,8879,-8880,8879,8880,8881,8882,8883,8884,-8885,-8884,-8883,-8882,-8881,-8880,-8879,8878,-8879,8878,-8879,8878,8885,8886,8887,-8888,8887,8888,-8889,-8888,-8887,8889,8890,8891,8892,-8893,8892,-8893,8892,8893,8894,8895,8896,8897,8898,8899,-8900,-8899,-8898,8900,8901,8902,8903,-8903,-8902,8904,8904,8901,8905,-8902,8906,8907,8908,8909,8910,-8910,8909,-8910,8909,8910,-8910,-8909,8911,8912,-8913,8913,8914,8915,8916,8917,8918,8919,8920,8921,8922,8923,8912,8924,8925,8926,8927,-8927,8928,8929,8930,8931,8932,-8932,8933,8934,8935,-8921,8936,8937,8938,8939,8940,8941,8942,8943,8944,8945,8946,8947,8948,8949,8950,8950,8951,8952,8953,-8954,8954,8955,8956,8957,8958,8959,8960,8961,8962,8963,8964,8965,8966,8967,8968,8969,8970,8971,8972,8973,8974,8974,8975,8976,8977,8978,-7542,-7540,8979,8980,8981,8982,8983,8984,-7537,8985,8986,8987,8988,8989],[8990,8990,8990],[8991,8991,8991],[8992,8992,8992],[8993,8993,8993],[8993,8993,8993],[8994,8994,8994],[8995,8996],[8997,8997,8997],[8998,8998,8998],[8999,8999,8999],[9000,9000,9000],[9001,9001,9001],[8993,8993,8993],[9002],[9003,9003,9003],[8993,8993,8993],[8994,8994,8994],[8999,8999,8999],[9004,9004,9004],[9003,9003,9003],[8999,8999,8999],[9005,9005,9005],[9006,9006,9006],[8993,8993,8993],[9007],[9007],[9005,9005,9005],[8990,8990,8990],[9001,9001,9001],[9001,9001,9001],[8965,-8966,8991],[8994,8994,8994],[8999,8999,8999],[9008,9008,9008],[9009,9009,9009],[9010,9010,9010],[9011,9011,9011],[9001,9001,9001],[9012,9012,9012],[9010,9010,9010],[9013],[-8518,8517,9014],[9015,9015,9015],[9016,-9017,9003],[9017,9017,9017],[9018],[8996,8996,8996],[-8513,8512,9004],[9019,9019,9019],[9020,9020,9020],[9021,9021,9021],[9022,9022,9022],[9023,-9024,9024],[-8670,8669,9025],[8999,8999,8999],[9026,9026,9026],[9027,-9028,9028],[9029,9029,9029],[-9028,9027,9010],[8485,-8486,9030],[9031,9031,9031],[8996,8996,8996],[9032,-9033,9033],[-8555,8554,9034],[9026,9026,9026],[-8909,8908,9009],[8612,-8613,8993],[8879,-8880,9006],[9035,-9036,9001],[8993,8993,8993],[9036,-9037,9000],[9037,9037,9037],[9015,9015,9015],[9038,9038,9038],[9035,-9036,9001],[9018],[8993,8993,8993],[8529,-8530,9039],[9034,9034,9034],[9033,9033,9033],[-8518,8517,9014],[9040,9040,9040],[9041,9041,9041],[9042,-9043,8990],[-8506,8505,9008],[9043,9043,9043],[9002],[9044,9044,9044],[-8896,8895,9045],[8956,-8957,9043],[9046,-9047,9012],[9047,-9048,9026],[9048,9048,9048],[-8670,8669,9025],[9049,9049,9049],[9050,-9051,9020],[9051,-9052,9052],[8996,8996,8996],[9053,-9054,8997],[9054,-9055,9028],[9029,9029,9029],[9055,-9056,9041],[8999,8999,8999],[9005,9005,9005],[9034,9034,9034],[9037,9037,9037],[9013],[9056,-9057,9033],[9057,-9058,8998],[9001,9001,9001],[9058,-9059,9048],[9059,9060],[9061,-9062,9022],[-9063,9062,9026],[9063,-9064,9064],[9065,-9066,9066],[8824,-8825,9067],[9068,-9069,9029],[9019,9019,9019],[8613,-8614,8993],[9026,9026,9026],[8994,8994,8994],[9017,9017,9017],[9069,-9070,9022],[9070,9070,9070],[9026,9026,9026],[-8671,8670,9021],[-8559,8558,9034],[-8882,9071,-8874,9072],[9073,-9074,9037],[9038,9038,9038],[9047,-9048,9026],[-8594,8593,9049],[9074,-9075,9019],[9075,9044],[9076,9077,-9078,9077,-8497,8496,-8497],[9078,9078,9078],[8552,-8553,9038],[9061,-9062,9022],[-8529,8528,9039],[8737,-8738,9079],[-9081,9080,9011],[9035,-9036,9001],[9081,-9082,9059],[9082,-9083,8996],[-8856,9083,-9084,8855],[-8682,9084,9051,9085,8682,-8683],[9065,-9066,9066],[-9036,9035,8999],[9086,-9087,9078],[-8824,8823,9067],[-8876,8875,8992],[9087,-9088,8994],[9088,-9089,9017],[8888,-8889,9089],[9090,9063,9091,-8535],[9092,-8790,9093,-9094,9093,8888,9094,-9093],[9061,9023,9095,9096,9096,9069,-9070],[-8893,8892,9005],[-8883,-8882,-8881,8880,8881,8882],[9097,-9099,-9098],[8824,9099,-8854,-8853,9100,8823],[9092,-9093,8792],[9101,-9066,9102,9103,9104,9065,9105,9106,9107,-9108,-9107,9108]],[[9109,9110,9111,9112,-9113,9113,9112,9114,9115,9116,9116,9117,9118,9119,9120,9121,9122,9123,9124,9125,9126,9127,9128,-9128,9129,-9130,9127,-9128,9130,9131,9132,9133,9134,-9135,-9134,-9133,9135,9136,9137,9132,9138,9139,9140,9141,9142,9143,-9144,9144,9145,9145,9145,9146,9147,9148,9149,-9150,9149,9150,-9151,9150,9151,9152,9153,9154,8302,-8303,-8302,9155,9156,9157,-9158,9157,9158,9158,9159,9160,9161,9162,-9163,-9162,9163,9164,9165,-9166,9166,9167,-9168,9168,9169,9170,9171,9172,9173,9174,9175,9176,9177,9178,9179,9180,9181,9182,-9179,-9178,-9177,-9176,-9175,-9174,-9173,9172,-9173,-9172,9171,9172,9183,9184,-9185,9185,9186,9187,9188,9189,9190,9191,9192,9193,9194,-9195,-9194,9195,9196,9197,9198,9199,9200,9201,9202,9203,9204,-9204,-9203,9202,-9203,-9202,9205,9206,9207,9208,9209,9210,9211,9212,-9213,9212,9213,9214,9215,9216,9217,9218,9219,9220,9221,9222,9223,9224,-9225,9225,9226,9227,9227,9228,9229,9230,9231,9232,9233,9234,9235,9236,-9237,-9235,9237,9237,9237,9238,9239,9240,9241,9242,9243,9244,9245,9246,9247,9248,9249,9250,-9251,9250,9251,9252,-9253,9253,9254,-9255,9255,9256,9257,9258,9259,9260,-9260,9261,9262,9263,9264,9265,9266,9267,9268,-9269,9269,9270,9271,9272,9273,9274,9275,9276,9277,9278,9279,9280,9281,9282,9283,9284,9285,9286,9287,9288,9289,9290,9291,9292,9293,9294,-9295,-9294,-9293,9292,-9293,9292,9293,9294,9295,-9295,9294,9296,9297,-9298,9297,9298,-9299,-9298,9297,9298,9299,9300,-9301,9300,-9301,-9300,-9299,9301,-9302,9298,9302,9303,9304,9305,9306,9307,-9307,-9306,9308,9305,9306,9309,9310,9311,9312,9313,9314,9315,-9316,-9315,9316,9317,9318,-9313,9319,9320,9321,9322,9323,9324,9325,9326,9327,9328,9329,9330,9331,-9332,-9331,9332,-9333,9332,9333,9334,9335,9336,-9337,9337,9338,9339,-9340,-9339,9340,9341,9342,9343,9344,-9341,-9338,9337,-9338,-9336,9345,9346,9347,-9348,9347,-9348,-9347,9346,-9347,9348,-9349,9348,-9331,9349,9350,9351,9352,9353,9354,9355,9356,9357,-9358,9357,-9358,9357,9358,9359,9360,9361,9361,9362,9363,9364,9365,9366,9367,-9368,9368,9369,9370,9371,9372,9373,9374,9375,9376,9377,-9378,9377,9378,9379,-9380,9380,-9381,9380,9381,9382,9383,-9384,9383,9384,9385,-9386,9385,9386,9387,9388,9389,9390,9391,9392,9393,9394,9395,9396,9397,9398,9399,-9400,9399,9400,9401,9402,9403,9404,-9405,9404,9405,-9406,-9405,9406,-9407,9404,9407,9407,9405,9408,9409],[9410,9410,9410],[9411,-9412,9412],[9164,-9165,9410],[9412,9412,9412],[9413,9413,9413],[9414,9414,9414],[9415,9415,9415],[9416,9416,9416],[9417,9418],[9418,9418,9418],[9419,-9420,9414],[9420,-9421,9421],[9415,9415,9415],[9163,-9164,9412],[9422,9422,9422],[9423,-9424,9415],[9424,9424,9424],[-9218,9425],[9426,9418],[9427,9421],[9428,-9429,9413],[9429,-9430,9424],[9232,-9233,9430],[-9128,9127,9422],[-9232,9231,9430],[9431,-9359,9432,9433],[9434,-9435,9416],[9435,9436,9437],[9438],[-9430,9429,9439,-9441,-9440],[9441,9139,-9137,9136,-9442],[9442,9443,9152,-9153,-9444,9443,-9444,9443,-9444,-9443],[9224,9444,9445,-9237,-9235,9234,9236,9446]],[[9447,9448,9449,9450,-9450,9449,9451,9452,9453,9454,9455,9456,9457,-9458,9457,9458,9459,9460,9461,9462,9463,9464,9465,9466,9467,9468,9469,9470,-9471,9471,9472,9473,9474,9475,9476,9477,9478,9479,9480,9481,9482,9483,9484,-9485,9484,9485,9486,-9485,9487,9488,9489,9490,-9491,9490,9491,-9492,-9491,9492,9493,9494,9495,-9488,9487,-9488,-9484,-9483,9482,-9483,-9482,9496,9497,-9494,9498,9499,9500,9501,-9502,-9501,9502,9503,9504,-9505,9505,-9506,9505,9506,-9507,9506,9507,9508,9509,9510,-9511,9510,9511,9512,9513,9514,9515,9516,9517,9518,9519,-9520,-9519,-9518,9520,9521,9522,9523,9524,9524,9525,9526,9527,9528,9529,9530,9531,9532,9533,9534,-8457,9535,9536,-9537,9537,9538,9539,9540,9541,-9542,9542,9543,9544,-9545,9544,-9545,9544,9545,9546,9547,-9548,9547,9548,9549,9550,-9551,9550,-9551,9550,-9551,9550,9551,9552,-9553,9552,-9553,9552,9553,-9554,9553,9554],[9555,-9556,9556],[9557,9557,9557],[9558,9558,9558],[9559,9559,9559],[9560,9560,9560],[9561],[-9508,9507,9562],[9561],[9558,9558,9558],[9509,-9510,9559],[9563,-9564,9560],[9564,9564,9564],[9468,-9469,9564],[9558,9558,9558],[9557,9557,9557],[9510,-9511,9557],[9509,-9510,9559],[-9556,9555,9565],[9566,-9556,9567,-9477],[9558,9558,9558],[9568,-9569,9558]],[[9569,9570,9571,9572,9573,9574,9575,9576,9577,9578,9578,9578,9579,9580,9581,9582,9583,9584,-9584,9585,9586,9587,9588,-9589,9589,9590,9591,9592,9593,9594,9595,9596,9597,9598,9599,9600,9601,9602,9603,9604,-9605,9605,9606,9607,-9608,9608,9609,-9610,9609,-9610,9610,9611,9612,9613,9614,9615,9616,9617,9618,9619,9620,9621,9622,9623,9624,9625,9626,9627,9628,9629,-9628,-9627,-9626,9630,9625,9626,-9627,-9626,9625,-9626,9625,-9626,9630,9631,9632,9633,9634,9635,9636,9637,9638,-9638,9637,9639,9640,9641,9642,9643,9644,9645,9646,9647,9648,9649,9650,9651,9652,9653,9654,9655,9656,9657,9658,9659,9660,9661,9662,-9661,9660,9663,9664,9665,9666,9667,9668,-9669,-9668,9669,9670,9671,9672,9673,9674,9675,9676,9676,9677,9678,-9230,9679,9680,9681,9682,9683,9684,9685,9686,9687,9687,9688,9689,9690,9691,9692,9693,9694,9695,9696,9697,9698,9699,9700,9701,-9700,9699,-9702,9701,-9702,9702,9703,9704,9705,9706,9707,9708,9709,-9709,9710,9711],[9712,9712,9712],[9713,9713,9713],[9714,9714,9714],[9715,9715,9715],[9573,-9574,9714],[9573,-9574,9714],[9581,9716],[9717,-9718,9712],[9718,9718,9718],[-9720,9719,9718],[-9572,9571,9714],[-9597,9720],[9721,-9722,9715],[9626,-9627,9626,9627,9722,9723]],[[9724,9725,-9725,9726,9727,9728,9729,9730,9731,9732,9733,9734,9735,9736,9737,9738,9739,9740,9741,9742,9743,-9744,9743,-9744,9743,-9744,9743,9744,9745,-9746,9746,9747,9748,9749,-9747,-9745,-9744,9743,9750,9751,9752,9753,9754,9755,9756,9757,9758,9759,9760,9760,9761,9762,9763,9764,9765,-7488,9766,-7486,-7484,9767,-7481,9768,-7479,9769,9770,9771,9772,9773,9774,-9775,9774,-9775,9775,9776,9776,9777,9778,9779,9780,9781,9782,9783,9784,9785,9785,9785,9785,9786,9787,-9788,9788,9789,9790,9791],[9792,9792,9792],[9793],[9794,9794,9794],[9795,9795,9795],[9793],[9792,9792,9792],[9796,9795],[9797,9797,9797],[9798,9798,9798],[9724,-9725,9797],[9789,-9790,9792],[-9800,9799,9794],[9800,9798],[9801,-9802,9801,-9802,9801,-9802,9802,-9803],[9803,-9802,9804,-9805,9804,-9783],[9805,9806,9807,9808,9808,9809]],[[9810,-9811,9811,9812,9813,9814,9815,9816,9817,9818,9819,9820,9821,-9822,9821,-9822,9821,-9822,9822,9823,9821,9824,9822,9825,9826,9827,9828,9829,9830,9831,9832,9833,-9834,9834,9833,9835,9836,9837,9838,9839,9840,9841,9842,9843,9844,9845,-9846,9846,9847,9848,9849,9850,9851,9852,9853,9854,9855,9856,9857,-9858,9858,-9859,9858,-9406,-9405,9859,9860,9861,9862,9863,9864,9865,9866,-9867,9866,9867,9868,-9869,9868,9869,9870,9871,9872,9873,9874,9875,9876,9877,9878,9879,9880,9881,9882,9883,-9884,9884,9884,9883,9885,-9886,9885,9886,9887,-9888,9887,-9888,9888,-9887,9886,9889,-9890,9889,9890,-9891,9890,-9891,9891,9892,9893,9894,9895,9896,9897,9898,9899,9900,9901,-9902,9902,9903,-9904,9903,9904,9905,9906,9907,9908,9909,9910,9911,9912,-9912,9911,-9912,9911,9913,9914,9915,9916,9917,9918,9919,-9920,9919,9920,9921,9922,9923,9924,9925,9926,9927,9928,9929,9930,9931,9931,9932,9933,9934,-9934,9933,-9934,9933,-9934,9935,9936,9937,9938,9939,9940,-9941,9941,9942,9943,9944],[9945,-9946,9946],[9866,-9867,9946]],[[9947,9948,9948,9949,9950,9951,9952,9953,9954,9955,9955,9956,9957,9958,9959,9960,9961,9962,9963,9963,9963,9964,9965,9966,-9967,9967,9968,9969,9970,9971,9972,9973,-7631,7630,-7631,9974,9975,9976,9977,9978,9979,9980,9981,-9982,9982,9983,9984,9985,9986,9987,9988,9989,9990,9991,9992,9992,9993,9981,-9982,9981,9994,9995,9996,9997,9998,9999,10000,-9999,10001,10002,10003,10004,10005,10006,10007,-9594,-9593,10008,10009,9588,10010,-9589,10011,10012,10013,10014],[10015,-10016,10016],[-10014,10017,-10018,10017,-10016],[-10019]],[[10019,-10020,10020,10021,-10020,10019,10022,10023,10023,10023,10024,10025,10026,10027,10028,10029,10030,10031,10032,10033,10034,10035,10036,10037,10038,10038,-10038,-10037,10039,10039,10040,10041,-10042,10042,10043,10044,10045,10046,-10047,10046,-10047,10047,-10048,10047,10048,10049,10050,10051,10052,10053,10054,-10055,10054,10055,10056,10057,10058,10059,10060,10061,10062,10063,10064,-10065,10064,10065,10066,10067,-10058,10057,-10058,-10057,-10056,-10055,10054,10068,10069,-10070,10070,10071,10072,-10073,10072,-10073,10073,10074,10075,10072,10076,10077,10078,10079,-10080,10079,-10080,10079,-10080,10079,-10080,10079,10080,-10081,10080,-10081,-10080,10081,10082,10083,10084,10085,-10086,10085,10086,10087,10088,-10089,10088,-10084,-10083,10089,-10090,10082,10083,-10084,10083,-10084,-10083,10090,10091,10092,10083,-10089,10088,-10084,10093,10094,-10089,10095,10096,10097,10097,10097,10098,10099,10100,10101,10102,-10086,10085,-10086,10085,10103,-10104,-10086,10104,10105,-10106,10105,-10106,10106,10107,-10107,10105,10108,10109,-10110,10109,10110,-10111,10110,10111,10112,10113,10114,10115,10116,10117,-10118,-10117,10116,10117,10118,10118,10119,10120,10121,10122,10123,-10124,10124,10123,10125,-10123,10122,-10123,10122,-10123,-10122,10126,10127,10128,-10129,10128,10129,-10130,-10129,10130,10131,10132,-10133,-10132,10133,10134,10135,10136,10137,10138,-10139,10138,-10139,10139,10140,10141,10142,10143,10144,-10145,10144,10145,-10146,10145,10146,10146,10147,10148,10149,10150,-10150,-10149,10151,10152,10153,10154,-10155,-10154,-10153,10152,10153,10155,10156,-10157,10156,10157,10158,10159,10160,10161,10162,10163,-10164,10163,10164,10165,10166,10167,-10168,10168,10169,10170,-10171,10170,-10171,10170,-10171,10170,10171,10172,10173,-10174,10173,-10174,10174,10175,-10176,10175,10176,-10177,10176,10177,10178,10179,10180,10181,10182,10183,10184,10185,10186,10187,10188,10189,10190,-10191,10190,-10191,10191,10192,-10187,10193,10186,-10193,10192,-10193,10194,10195,10195,10196,10197,10198,10199,10200,-10201,10201,10202,10203,10204,10205,10206,10207,-10208,10208,10207,10209,10210,10211,10212,10213,10214,10215,10216,10217,10218,10219,10220,10221,10222,10223,-10224,10224,10225,-10226,-10225,10226,10227,10228,10229,10230,10231,10232,10233,10234,-10235,10234,10235,10236,10237,10238,10239,10240,10241,10242,10243,10244,10245,10246,-10247,10246,10247,10248],[10249,10249,10249],[10250,10250,10250],[10251],[10251],[-10170,-10169,10168,10169],[-10047,10046,10249],[10252,10252,10252],[10253,-10254,10254],[10255,10255,10255],[10225,-10226,10252],[10256,-10107,-10105,-10254],[10116,-10117,10250],[10257,-10064,10063,-10258,10257,-10258,10257,10258,-10124,10123,-10124,10259]],[[10260,10261,10262,10262,10263,10264,10265,10266,10267,10268,10269,10270,10271,-10272,-10271,10272,-10273,10272,-10273,10272,10273,10274,10275,10276,-10277,-10276,10277,10278,10279,10274,-10275,-10280,10278,10280,10281,-10282,10281,10282,10283,-10284,10283,10284,-10285,10284,10285,10286,10287,10288,10289,-10290,-10289,10288,10290,10291,10292,10293,10294,10295,-10296,-10288,10296,10297,-10298,10297,-10298,10298,10297,-10298,10297,-10298,10297,-10298,10297,10299,10300,-10301,10301,10302,10303,10304,10305,10306,10307,10308,10309,10310,10311,-10312,10311,10312,10313,10314,-10315,10315,10316,10317,10318,10319,10320,10321,10322,10323,-10324,10323,10324,10325,10326,10327,10328,10329,10330,10331,10332,10333,10334,10335,10336,10337,10338,10339,10340,10341,10342,10343,10344,10345,10346,10347,-10348,10348,10349,10350,10351,-10352,10351,10352,10353,10354,-10355,10355,10354,10356,-10357,-10355,10354,10357,10358,10359,10360,10361,10362,10363,-10364,10364,10365,-10366,10366,10363,10367,-10368,10367,10368,10369,10370,10371,10372,10373,10374,10375,10376,10377,10378,10379,10380,10381,10382,10383,10384,10385,10386,10387,-10388,-10387,10388,-10389,10388,-10389,-10386,10389,-10390,10385,10388,10390],[10391,10391,10391],[10392,-10393,10391],[-10270,10393,10269,10272,-10273,10272,-10273,10272,-10273],[-10286,10394,10289,10395,10396,-10397,-10396,-10398,-10290,-10395]],[[10398,10399,10400,-10401,10400,10401,10402,10403,10404,10405,10406,10407,10408,10409,-10410,10410,10411,10412,10413,-10414,10414,10415,10416,10417,10418,10419,10420,10421,10422,10423,10424,-10425,10425,10426,10427,10426,10428,10429,-10430,10429,10430,10431,10432,10433,10434,10435,10436,10437,10438,10439,10440,10441,-10442,10442,10443,-10440,10444,10445,10446,-10447,10446,-10447,10446,10447,-10448,10448,10449,-10450,10449,10450,10451,10452,10453,10454,10455,10456,-10457,10456,10457,-10457,10456,10458,-10459,10458,10459,10460,-3618,3617,-3618,-3617,3615,10461,10462,10463,10464,10465,10466,10467,10468,10469,10470,10471,10472,10473,10474,10475,10476,10477,10478,-10479,10478,-10479,10479,10480,10481,10482,10483,10484,10485,10486],[10464,-10465],[-10442,10441,10487]],[[10488,10489,-10490,10490,10491,10492,-10493,10493,10494,10495,10496,10497,10498,10499,10500,-10498,10501,10502,10503,10504,10505,10506,-10277,10276,10507,-10272,10508,-10267,10509,10510,10511,-10512,10511,-10512,10511,10512,10513,10514,-10515,10514,10515,10516,-10517,10517,-10518,10516,10518,10519,10520,-10521,10521,10522,10523,10524,10525,10526,10527,10528,10529,10530,10531,10532,-10533,10532,10533,10534,-10535,10535,10536,10537,-10538,10538,10539,-10540,10540,10541,10542,10543,10544,10545,10546,10547,10548,10549,10550,-10551,10551,10552,10553,-10554,10554,10555,10556,10557,-10558,10558,10559,10560,10561,10562,10563,10564,10565,-10566,10565,10566,-10567,10566,10567,10568,10569,10570,10571,10572,-10567,-10566,10573,10574,10575,10576,10577,-10578,10577,10578,10579,-10580,10580,10581,-10582,10581,-10582,10582,10583],[10584,-10585,10585],[-10548,10547,10586],[10587,-10588,10588],[10589,10589,10589],[-10570,10590,-10563,10587],[10591,-10592,10591,10592,-10579,-10578],[10593,-10554,10594],[10595,-10596,10585],[10596],[10597,-10598,10589]],[[10598,10599,10600,10601,10602,10603,-10604,10604,10605,10606,10603,10607,10608,10609,10610,10611,10605,10605,10612,10613,10614,10615,10616,10617,10618,10619,10620,10621,10622,10623,10624,10625,10626,10627,10628,10629,-10630,10630,10631,-10632,10631,10632,10633,10624,10634,10635,10636,10637,10638,10639,10640,10640,10641,10642,10643,10643,-10643,10644,-10639,-10638,10645,10646,10647,-10648,10648,10649,-10649,10647,-10648,10648,10650,10651,10652,10653,10654,10655,10656,10657,10658,10659,10660,10661,-10661,-10660,10662,10663,10664,10665,10666,10667,10668,10669,10670,10671,10672,10673,10674,10675,10676,10677,10678,-10679,10678,-10679,10679,10680,10681,-10682,-10681,10682,10683,10684,10685,10686,10687,10688,10689,10690,10691,10692,10693,10694,10695,10696,10697,10698,10699,10700,-10701,10700,-10701,10701,10702,10703,-7585,7584,-7585,-7584,10704,10705,10706]],[[10707,10708,-7564,7563,10709,10710,-7562,-7559,10711,10712,10713,-7553,-7552,-7551,-7548,10714,8975,8976,-8977,-8976,-8974,10715,10716,10717,-8971,-8970,10718,-8960,10719,-8955,8953,-8950,10720,10721,-8948,-8947,10722,-8945,8944,-8945,-8944,10723,10724,10725,10726,10726,10727,10728,-10729,10729,10730,-10731,10730,-10731,10731,10732,10728,10733,10734,10735,10736,10737,10738,10738,10738,10739,10740,10741,10742,10743,10744,10745,10746,10747,10748,10749,10750,10751,10752,-10753,10753,10754,-10755,10755,10754,10756,-10757,10757,10758,-10759,10759,10760,10761,10762,10763],[10764],[10764],[-10757,10756,10765],[10766,10766,10766],[10767,10766],[10768,10769],[10770,10769],[-10757,10771]],[[10772,10773,10774,-10775,10774,10775,10776,-10777,10777,-10778,10777,-10778,10777,10778,10779,-10780,10779,-10780,10779,10780,-10781,10780,-10781,10780,-10781,10780,-10781,10780,10781,10782,10783,10784,-10785,10785,-10786,-10784,10783,10785,-10786,10785,10786,-10787,10786,10787,10788,10789,10790,10791,10792,-10793,10792,-10793,10793,10794,10795,10796,10797,10798,10799,10800,10801,10802,10803,10803,10803,10803,10804,10805,10806,-10807,10806,-10807,10806,-10807,10806,-10807,10807,10808,10809,-10810,10809,10810,10811,10812,10813,10814,10815,10816,-10813,10817,10818,-10819,10818,10819,10820,10821,10822,-10823,10822,10823,-10824,10823,10824,-10825,10824,10825,10826,-10827,10826,-10827,10826,10827,10828,-10829,10828,-10829,10828,10829,10830,10831,10832,10833,10834,10835,10836,-10835,10837,10838,10839,-10840,10839,10840,10841,10842,10843,10844,10845,10846,10847,10848,10849,10850,10851,10852,-10853,10852,-10853,10852,10853,10854,10855,10856,10857,10857,10858,10859,10860,-10861,10861,10862,10863,-10864,-10863,10862,10864,-10863,10865,10866,10867,10868,10869,10870,10871,10872,10873,10874,-10875,10875,10876,10877,10878,-10879,10878,-10879,10878,-10879,10878,-10879,10878,10879,-10880,10879,-10880,10880,10881,-10882,10881,10882,-10773,10883,-10884,10883,-10884],[10884,10884,10884],[10885,10885,10885],[10885,10885,10885],[10886],[10887],[10885,10885,10885],[10888],[10884,10884,10884],[10884,10884,10884],[10885,10885,10885],[10884,10884,10884],[10884,10884,10884],[10885,10885,10885],[10884,10884,10884],[10889,10889,10889],[10885,10885,10885],[10888],[10884,10884,10884],[10884,10884,10884],[10884,10884,10884],[10884,10884,10884],[10884,10884,10884],[10884,10884,10884],[10885,10885,10885],[-10788,10787,10890],[10884,10884,10884],[10891,10891,10891],[10884,10884,10884],[10884,10884,10884],[10888],[10889,10889,10889],[10884,10884,10884],[10884,10884,10884],[10891,10891,10891],[10886],[10884,10884,10884],[10892,-10893,10893],[10884,10884,10884],[10884,10884,10884],[10884,10884,10884],[10884,10884,10884],[10885,10885,10885],[10884,10884,10884],[10884,10884,10884],[10894,-10895,10884],[10890,10890,10890],[10885,10885,10885],[10895,-10896,10896],[10884,10884,10884],[10885,10885,10885],[10897,10897,10897],[10790,-10791,10898],[10899,10899,10899],[10885,10885,10885],[10887],[-10828,-10827,10900],[10884,10884,10884],[10888],[-10850,10849,10897],[10901,10901,10901],[10902,10899],[-10896,10895,10898],[10885,10885,10885],[-10847,10846,-10847,10846],[-10893,10892,10884],[10903,-10904,10901],[10904,-10905,10891],[10896,10896,10896],[10905,-10906,-10847,10906,-10907,10906,-10907,10906,10907,10905,-10906],[10908,-10909,10908,10909,-10791,10910],[-10879,10911,10892,-10881],[10912,10913,-10914,-10913],[10914,10913,10915,10916,10917],[10918,-10919,10918,-10919,10918,10919,-10788,-10787,10786,10920,10921,-10922]],[[10922,-10923,10922,-10923,10922,10923,10924,10925,10926,10927,10928,10929,10930,10931,10932,10933,10934,10935,10936,10937,10938,-10936,10939,10940,10941,-10942,10941,-10942,10942,10943,10944,10945,10945,10946,10947,10948,10949,10950,10951,10952,10953,10954,10955,10956,10957,10958,10959,10960,10961,10962,-10962,10963,10964,10965,10966,10967,10968,10969,10970,10971,10972,10973,10974,10975,10976,10977,10978,10979,10980,-10978,-10977,10976,10981,10982,10983,-10983,10984,10985,10986,10987,10988,10989,10990,10991,10992,10993,10994,10995,10996,10997,10998,10999,11000,11001,11002,11003,11004,-11005,11005,11006,11007,11008,11009,11010,11011]],[[11012,11013,11014,11015,-11016,11016,-10169,10167,11017,11018,-11018,11017,11019,11020,11021,11022,11023,11024,11025,11026,11027,11028,11029,-11030,11030,11031,11032,11033,11034,-11035,11034,11035,11036,11037,11038,11039,11040,11041,11042,11043,11044,11045,11046,11047,11048,11049,11050,-11050,11051,11052,11053,11054,-11053,11052,-11053,11052,11055,11056,11057,11057,11058,-11059,11058,-11059,11058,-11059,11058,-11059,11059,11060,11061,11062,11063,11064,11065,11066,11067,-11068,11067,11068,11069,11070,11071,11072,11073,-11074,11073,-11074,11074,11075,11076,11077,-11078,11077,11078,-11079,11078,11079,11080,-11081,11080,11081,11082,11083,11084],[11085]],[[11086,11087,11088,11089,11090,11091,11092,11093,11094,11095,11095,11095,11095,11096,11097,11098,-7801,11099,11100,-11101,11100,11101,-7791,7790,-7791,-7790,11102,11103,-7786,11104,7783,-7780,-7779,11105,-7776,11106,11107,11107,11108,11109,-7773,11110,11111,11112,11113,11114,11115,11116,11116,11117,11118,11119,11120,11121,11122,11123,11124,11125,11126,11127,11128,11129],[11092,11094,11130,-11131,-11095,-11093]],[[11131,11132,11133,11134,11135,11136,11137,11138,11139,11140,11141,11142,11143,11144,-11145,11144,-11145,11144,11145,11146,11147,11148,11149,11150,11151,11152,-11152,-11151,11153,11150,11151,-11152,11151,11154,11155,11156,-11151,11157,11158,11159,11160,-11161,-11160,11161,11162,11163,11164,11165,11166,11167,11168,-11169,11168,11169,11170,11171,11172,11173,11174,11175,11176,11177,11178,-11179,11179,11180,11181,11182,11183,11184,11185,11186,11187,-11188,11187,11188,-11189,11188,11189,11190,11191,11192,-11193,11193,11194,-11195,11194,11195,-11196,11195,11196,-11197,11197,11198,-11198,-11196,11195,11199,11200,11201,11202,11203,11203,11203,11203,-11203,11204,11205,-11206,11205,-11206,11205,11206,11207,11208,11209,11210,-11211,11210,-11209,11208,-11211,11211,-11212,11211,11212,11213,-11214,11213]],[[11214,11215,11216,11216,11216,11217,11218,11219,11220,11221,11222,11223,11224,11225,11226,11227,-11223,11228,-11229,11228,11229,11230,11231,11232,11233,11234,11235,11236,11236,11237,11238,11239,-11240,11239,11240,11241,11242,-11243,11243,11244,11245,11246,-11247,11245,11245,11245,11245,11246,11247,11248,11249,11250,11251,11252,11251,11253,-11254,11254,11255,11256,11224,-11225,11224,-11225,-11257,11257,-11258,11256,11224,-11225,11224,-11225,-11257,11257,11258,11259,11260,11261,11262,11263,11264,-11265,11264,11265,11266,-11267,11266,11267,11268,11269,11270,11271,11272,11273,11274,11275,11276,11277,11278,-11279,11278,-11279,11278,-11279,11279,-11280,11279,-11280,11279,11280,11281,11282,11283,-11284,11283,-11284,-11283,11284,-11285,11282,-11283,11284,-11285,11284,11285,11286,11287,-11287,11286,11288,11288,11289,-11290,11290,11291,11292,11293,11294,-11295,11294,-11295,11294,11295,-11296,11295,-11296,11295,11296,-11297,-11296,11295,-11296,-11295,11294,11295,-11296,11295,11297,11298,11298,11299,11300,-11301,11300,11301,11301,11301,-11301,11300,-11301,11302,11303]],[[11304,11305,11306,11307,11308,11309,11310,11311,11312,11313,-11313,11312,11314,-10435,11315,-10433,11316,-10431,-10430,11317,-10426,11318,11319,11319,11319,11320,11321,11322,-11323,11322,11323,-11323,-11322,11324,11324,11324,11325,11326,11327,11328,11329,11330,11331,11332,11333,11334,11335,11336,11337,11338,11339,11340,-11341,11341,11342,11343,11344,11345,11346,11347,11348,11349,11350,11351,-11352,11352],[-11352,11351,11353],[11354,-11355,11353]],[[11355,11356,11357,11358,11359,11360,11361,11362,11363,11364,11365,11366,11367,11368,11369,11370,-11371,11370,-11371,11371,11372,-11373,11373,11374,11375,11376,11376,11377,11378,11379,11380,11381,11382,11383]],[[11384,11385,11386,11387,11388,11389,11390,11391,11392,11393,11394,11395,11396,11397,11398,11398,11399,11400,11401,11402,11403,11404,-11405,11404,-11405,11404,-11405,11405,11406,11407,11404,-11405,11404,11408,11409,11410,-11214,11411,11412,11413,11414,11210,11415,-11208,11207,11416,11417,-11418,11418,-11419,11419,11420,-11421,11420,11421,-11422,11421,11422,11423,11424,11424,11425,11426,11427,-11426,-11424,11423,-11424,11428,11429,11430,11431,11432,11433,11434,11435,11436,11437,11438,-11439,11438,11439,-11440,11439,11440,11441,11441,11442,11443,11444,11445,11446,11447,11448,11449,11450,11451,11452,11453,-11454,11453,-11454,11454]],[[11455,11456,11457,11458,11459,11460,11461,11462,11461,11463,11464,11465,11466,11467,11468,11469,11470,11471,11472,11473,11474,11475,11476,11477,11478,11479,-11480,11479,-11480,11479,-11480,11479,-11480,11480,11481,-11473,11482,11483,11484,11485,11486,-11487,11486,-11487,11487,11488]],[[11489,11490,11491,-11491,11490,-11491,11492,11490,11493,11494,11495,11496,11497,11498,11499,11500,11501,11502,11503,11504,11505,11506,11507,11508,11509,11510,11511,-11512,11512,11513,11512,11514,11515,11516,11517,11518,11519,11520,11521,-11522,11521,-11522,11522,11523,11524,11525,-11526,11526,11525,11527,11528,11529,11530,11531,11531,11532,11533,11534,11535,11536,11537]],[[11538,11539,11540,11541,11541,11542,11543,11544,11545,11546,-11547,11547,11548,11549,11550,11550,11551,10369,-10370,-11552,-11550,11552,11553,11554,-10373,10372,-10373,-10372,10371,-10372,-10371,-10370,-10369,-10368,10367,11555,-10364,11556,11557,10365,11558,11559,11560,11561,11562,11563,11564,-11563,11562,-11565,-10366,10365,-10366,11565,11566,-11563,11562,11567,-11563,-11562,11561,11562,11568,11569,11570,11570,11571,11572,11572,11573,11574,11575,11576,11577,-11576,-11575,11574,11575,11578,11579,11580,11581,-11582,11581,11582,-11572,11583,11584,-11585,11585,11586,-11587,11586,11587,11588,11589,11590,-11580,11591,-11592,11592,-11540,-11539,11593,-11594],[11580,-11581,11594]],[[11595,11596,-11597,11596,11597,-11598,11597,11598,11599,11600,11601,-11600,11599,11602,11603,11604,11605,11606,-9380,-9379,11607,-9378,11608,11609,11610,-9376,9375,11611,-9376,-9375,11612,11613,11614,-11615,11614,11615,11616,11617,11618,11619,11620,11621,-11622,11621,11622,-11623,11622,-11623,11623,11624,11625,-11626,11626,11627,11628,11629,11630,-11631,-11630,11629,11630,11631,11632,11633,11634,-11635,11635,11636,11637,11638,11639,11640,11641,11642,11643,11644,11645,11646,11647,11648,11649,-11646,11645,11650,11651,11652,11653,11654,11655,11656,11657,11658,11659,11660,11661,-11662,11661,-11662,11661,11662,11663,11664,11665,-11666,11666,11667,11668]],[[11669,11670,11671,11672,11673,11674,11675,11676,-11677,11677,11677,11676,11678,11679,-11680,-11679,11680,11681,11681,11681,11682,11683,11684,11685,11686,11687,11688,11689,11486,-11487,-11486,11690,11691,11692,11693,11694,11695,11696,11697,11698,11699,11700,11701,11702,11703,11704,11705,11706,11706,11707,11708,-11709]],[[11709,11710,11711,11712,11713,11714,11714,-11714,11715,11716,11717,11718,11719,11720,-11721,11721,-11722,11720,11722,11723,11724,11725,11726,11727,11728,11729,11730,11731,-11732,11732,11733,11734,11735,11736,11737,-11735,11733,11733,11738,11739,11740,11741,-11742,11741,-11742,11741,11742,11743,11744,11745,11746,11747,11748,11749,11750,11751,11752,-11504,11753,-11503,-11500,-11498,11754,11755,11756,11757]],[[11758,11759,11760,11761,11762,10683,11763,11764,10686,-10687,11765,11766,10688,-10689,11767,-10687,-10686,10685,-10686,-10685,-10684,11768,11769]],[[11770,11771,11772,11773,-11451,-11449,-11447,11774,-11445,11775,-11443,-11441,11776,11776,-11440,-11439,11777,-11437,11778,-11436,11779,-11433,11780,11781,11782,11783,11784,11785,11786,11787,11788,11789,11790,11791,11792,11793,11794,11795,11796,-11797,11797,11798,11799,11800,11801,-11802,-11801,-11800,-11799,-11798,11796,11802,11803,-11797,11797,11804,11800,11801,-11802,11801,11805,11806,11807,11808,11809,11810,11811,11812,11813,11813,11813,11814,11815,11816,11817,-11818,-11817,-11816,11815,-11816,11818,-11819,11818,11819,11820,11821,11822,11823,11824]],[[11825,11826,-11827,11826,-11827,11827,11828,11829,11830,11831,11832,11833,11834,11835,11836,-11837,11836,11837,11838,11839,-11840,11840,11841,11842,11843,-11838,11844,-11843,-11842,11845,11846,-11846,11847,11848,-11849,11849,11850,11851,11852,11853,11854,11855,11856,-11857,11857,11856,11858,-11859,11858,11859,11860,11861,11862,11863,11864,11865,11866,-11867,11867,11868,11869,11870,11871,11872,-11873,11873,11874,11875,11876,11877,11878,11879,11880,11881,-11882,11881,11882,11883,11884,11885,11886],[11887,11887,11887],[11887,11887,11887],[11888,11888,11888],[11889,11890],[11887,11887,11887],[11891,11891,11891],[11890,11890,11890],[11887,11887,11887],[-11854,11853,11887],[11892,-11893,11887],[11893,-11894,11891],[-11835,11894,11895],[11896,-11897,11888],[11897,-11898,11890],[-11854,11853,11887],[11898,-11893,11899,-11832,11831,-11832]],[[-6816,-6813,11900,11901,11902,11903,11903,11903,11903,11903,11904,11905,11906,11907,11908,11909,11910,11911,11912,-11913,11912,11913,11914,11915,11916,-11917,11916,-11917,11917,11918,11919],[11920,11920,11920],[11921,-11922,11920]],[[11922,11923,11924,-10408,-10407,11925,11926,-10404,-10403,-10402,10401,-10402,-10401,-10400,-10399,11927,11928,11929,10400,-10401,-11930,-11929,11928,11930,11931,11932,11933,11934,11935,11936,11937,-1895,11938,11938,11939,11940,-1891,-1890,-1889,1888,-1889,-1888,-1887],[11941,11941,11941],[11942,-11943,11941],[11943,11944,-11945,11945,11939,-11940],[11946,-11947,11946,-11947,11946,-11947,11947,-11948,11947,-11948],[11948,-11949,11948,11947,11949,11950]],[[-10312,11951,11952,11953,11954,11955,11956,11957,11958,-10308,-10307,10306,11959,11960,11961,11962,11963,11964,-11965,11965,11964,11966,11967,11968,-11965,11964,-11965,-11964,11969,-11970,11969,11970,11971,11964,-11969,11968,-11969,11972,-11973,11972,11973,-11974,11973,11974,11975,11976,11977,11978,11979,11980,11981,11982,11983,-10321,-10320,-10318,11984,-10316,-10314,10313,-10314]],[[11985,-11795,-11793,11986,-11791,-11789,11987,-11787,11988,11989,11990,11991,11992,11993,11994,11995,-11996,11996,11997,11998,11999,12000,12001,12001,12002,12003,12004,-12005,12005,12006,-12006,12005,12007,-12008,12008,12007,-12008,12007,12009,-12010,12009,12010,-12011,12010,-12011,12010,12011,12012,-12013,-12012,-12011,12010,12011,12012,-12013,-12012,12011,-12012,12011,-12012,12013,12014,-12015,12015,-12016,12015,-12016,12014,12016,12017,12018,12019,-12018,12017,12020,12021,12022,-12023,12022,-12023,12022,-12023,12023,12024,12022,12025,12026,12027,12028,-12029,12028,-12029,12028]],[[12029,12030,12031,12032,12033,-12034,12034,12033,12035,12036,12037,12037,12038,-12039,12039,12040,12041,12042,12043,12044,-11496,11495,-12044,12043,-11496,-11495,12045,12046,12047,12048,12049,12050,-12049,12051]],[[12052,12053,12054,12055,12056,12057,12058,12059,12060,12061,12061,12061,12062,12063,-12064,-12063,12062,-12063,12064,12065,12066],[12067,12067,12067]],[[12068,12069,12070,-12071,12071,-10549,-10548,12072,12073,12074,10546,-10547,-10546,12075,-10545,-10544,-10543,12076,-12077,12076,12077,-12078,12077,12078,12079,12080,12081,-12082,12081,-12082,12081,12082,12083,-12084,12083,-12084,12084,-12085,12084,12085,12086,12087,-12088,12087,-12088,-12087,12086,-12087,12088,-12089,12088,-12089,12088,12089,12090,12091,12092,12093,-12094,12094,12095,-12096,12095,-12096,12095,12096,-12091,12097],[12098,-12099,12099],[12100,-12101,12101],[-12101,12100,12102],[10542,-10543,12103],[12104,-12105,12104,-12105],[12076,-12077,12103],[12105,12106,12107,-12105],[-12099,-12089,12088,12098],[12108,12100,-12090,12098]],[[12109,12110,12111,-7214,-7213,-7212,12112,-7210,12113,12114,12115,12116,12117,-6259,6258,-6259,-6258,-6257,-6256,6255,-6256,-6255,6254,-6255,12118,12119]],[[12120,12121,12122,12123,12124,12125,12126,12127,12128,-6419],[12129,12130],[12131,12127,12129,-12128,12131]],[[12132,12133,12134,-12135,12134,-12135,12134,12135,12136,-7067,12137,12138,12139,12140,-7064,12141,-12142,12141,-12142,12141,12142,12143,7052,12144,12145,12146,12147,12148,12149,12150,-12151,12150,-12151,12151,12152,-12139,12153,12154,12155,12156,12157,12158,12159,12160,-12161,12161,12162,12163,12164,12165,12166,12167,12168,-12169,12168,12169,12169,-12169,12170,12171,12172,12173,12174,12175,12176,12173,-12176,12177,12178,12179,12180,12181,12182]],[[12183,-11537,12184,12185,12186,12187,12188,12189,12190,12191,12192,12193,12194,12195,-12196,12196,12197]],[[12198,12199,-12200,12199,-12200,12199,12200,12201,-12202,12202,-12203,12202,-12203,12201,-12202,12203,12204,12204,12205,12206,12207,12208,12209,12210,12211,12212,12213,12214],[12215],[12215],[12216,12217,-12215]],[[12218,12219,12220,12221,12222,12223,-12224,12224,12225,12226,12227,12228,12229,12230,-12231,12231,12232,12233,12234,12235,12236,-12237,12237,12238,12239,12240,12241,-12242,12241,12242,12243,12244,12245,12246,12247,12248,12249,12250,12251,12252,12253,12254,12255,12256,12257,-12258,12257,12258,-12259,12258,12259,12260,12261,-12262,12262,12263,-12264,12263,12264]],[[12265,12265,12266,12267,12268]],[[12269,-12270,12269,12270,12271,-12272,12272,-12273,12272,12273,12274,-12275,12274,12275,-12276,12275,12276,-12273,12272,-12273,12272,-12277,12276,-12277,12277,12278,-12279,12278,12279,12280,12281,12282,12283,12284,12285,12286,12287,12288,12289,-11742,12290,-11740,12291,12292,12293,12294,12295,-12296,12296,12297,12298,12299,12300]],[[12301,12302,-12303,12302,-12303,12303,12304,-12305,-12304,-12302,12301,12305,12306,12307,12308,12309,12310,12311,12312,12313,12314,12315,12316,12316,12317,12318,12319],[12320,12320,12320],[-12310,12309,12320]],[[12321,12322,12323,12324,12325,12326,-12327,12327,12328,12329,12330,12331,12332,12332,-12332,12331,-12332,-12331,-12330,12329,12330,-12331,-12330,-12329,12328,12329,-12330,-12329,12328,-12329,-12328,12333,12334,-12335,12334,-12335,-12334,12333,-12334,12327,-12328,12326,12335,12336,-12337,12336,12337,12338,-12339,12338,12339,12340,12341,12342,12343,12344,12345,-12345,-12344,-12343,12346,12347,12348,12348,12348,12349,-12350,12349,-12350,12349,-12350,12350,12351,12352,12353,-12354,12353,-12354,-12353,-12352,12354,12355,-12356,-12355,12351,12352,12353,12356,12357,-12358,12358,12359,-12360,12359,-12360,12359,12360,12361,12362],[12363,12364,12365,-12337],[12355,-12367,-12344,12367,-12368,12343,12366,-12356]],[[-2130,12368,12369,12370,-12371,12370,-12371,12370,-2126,-2121,12371,-2120,2119,-2120,-2119,12372,7841,-7842,-7841,12373,-7835,12374,12375,12376,-7831,-7825,-7830,7828,12377,12378,12379,-12376,-12375,12374,12375,-12380,12380,12381,12381,12382],[12383,12383,12383],[-12380,12379,12383]],[[12384,12385,12386,12387,12388,-12389,12389,-10139,10139,-10140,10139,12390,12391,10142,-10143,12392,12393,12394,-12388,-12387,12386,-12387,12386,12395,-12396,-12387,12396,12397,-12398,12397,-12398,12397,-12398,12397,-12398,12398,12399,-12400,-12399,12398,-12399,12398,12399,12400,12401,12402,12403,-12404,12403,12404,-10155,-10154,10153,-10154,10153,-10154,-10153,-10152,10151,12405,-10145,-10144,-10143,12406,-10140,10139,-10140,10138,-10137,12407,-10134,10131,-10132,10131,12408],[12409],[12409]],[[12410,12411,12412,12413,12414,12415,12416,12417,12418,12419,-12420,12419,-12420,12420,12419,12421,12422,12423,12424,12425],[12418,-12419],[12426,-12415,12427]],[[12428,12429,12430,12431]],[[-9757,12432,-9755,12433,12434,-9732,-9731,12435,-9728,12436]],[[12437,12438,-12439,12438,-12439,12438,12439,12440,12441,12442,12442,12443,12444,12445,12446,12446,12447,-12261,12448,12449,12450,12451,12452,-12451,12450,-12451,12450,-12453,12453,12454,-12455,12454,12455,12456,12457,12458,12459,12460,-11745,12461,-12288,12462,12463,-12464,12464,12465,12466,-12285,-12283]],[[12467,12468,12469,12470,12471,12472,12473,12474,12475,12476,-12477,12477,12478,12479,12480,12481,12482,12483,12484,12485,12486,12487,-12488,-12487,12486,12487,-12488,12487,-12488,12487,-12488,12487,12488,-12489,12489,12490,12491,-12492,12492,12493,-12486,12494,12495,-12493,12492,-12496,12496,12495,-12493,12492,-12496,12495,-12496,12497,-12471,12498,-12493,-12491,12499,12500,12501,-12502,12501,12502,-12503,-12502,12501,12503,12504,12468,12505,12469,-12470,-12469,12506,12507,-12505,12508,-12509,12508,-12509,12504,12509,12510]],[[12511,12512,12512,12513,12514,12515,12516,-12517,12516,-12517,12517,12518,12519,12520,12521,12522,12523,12524,12525,-12526,12526,12527,12528,12529,12530,12531,12532,12533,-12534,12533,12525,12534,12535,12536,-12533,12532,12537,-12538,-12533,12532,-12533,12538,-12539,12538,12539,-12540,12539,-12540,12539,12540,12541,12542,-12543,12542,12543,-12544,12543,-12544,12543,12544,-12545,12544,12545]],[[12546,12547,12548,12549,12550,-12551,12550,-12551,12550,-12551,12551,12552,12553,12554,-12555,12554,-6308,12555,12556,-6303,12557,12558,12559,12560,-12561,12561,12562,12563,-11232,12564,12565,12566]],[[12567,-12568,12567,12568]],[[12569,12570,12571,12572,12573,-10437,12574,12575,12576,-11310,12577,12578,12579,12580,12581,12582,-12583,12583,12584,12585,12586,12587,12588,12588,-12588,-12587,12589,12590,-12591,12590,-12591,12591,12592]],[[12593,12594,12595,12596,12597,12598,12599,12600,12601,12602,12603,12604,12605,12606,12607,12608,12609]],[[12610,12611,12612,12613,12614,12615,12616,-12617,12616,12617,12618,12619,12620,12621,12622,12622,12623,12624,12625,-12625,12626,12627,12628]],[[12629,12630,-11638,-11635,12631,-11633,11632,12632,12633,12634,-12635,12634,12635,12636,12637,12638,12639,12639,12639,12639,12640,12641]],[[12642,-11982,12643,12644,-12645,12645,-12646,12645,-12646,12645,12646,-12647,12646,12647,12648,12649,12649,12649,12649,12649,12650,-11009,11008,-11009,-11008,12651,-11006,12652,12653,-12654,12653,12654,12655,-12656,12655,-12656,12656,-10332,-10331,12657,10327,-10328,-10327,12658,-10323]],[[12659,-12660,12659,12660,12661,12662,12663,12664,12665,12665,-11244,11242,-11243,11242,-11243,11242,-11240,11239,-11240,11239,-11240,-11239,12666,11235,-11236]],[[12667,12668,12669,12670,12671,12672,12673,12674,12675,12676,12677]],[[12678,12679,12680,-12681,12681,-12682,12681,12682,-9700,9699,-12683,12683,12684,12685,-9695,12686,12687,12688],[-12682,12681,12689]],[[-9912,12690,12691,-12692,12691,12692,-12693,12692,12693,12694,12695,-9905,9904,12696,12697,12698,12699,12700,12701,12702,12703,12704,-9916,12705,12706]],[[-9325,-9324,12707,-9320,9312,-9313,12708,12709,-9311,12710,12711,-9307,12712,-9306,9305,9306,-9307,9306,-9307,-9306,-9305,-9304,12713,12714,12715,12716,12717,12718,9327,-9328,-9327]],[[12719,12720,12721,12722,12723,12724,12725,-6884,12726,12727,12728,12729,12730,12731,12731,12732,-9197,12733,12734,-9168,12735,12736,12737,12738,8295,-8296,-8295],[12739,12739,12739],[12740,-12741,12739]],[[12741,12742,12743,12743,12744,-12745,12745]],[[12746,-12599,12747,12748,12749,12750,12751,-10997,12752,12753,12754,12755,12756,12757,12758,12759,-12760,12760,12603,-12604,12761,-12602,-12600]],[[12762,-10707,12763,12764,-12765,12764,12765,-12766,12766,12767,12768,12769,12770,12771,12772,-12773,12773,12774,-12775,12774,12775,12776,12777,12778,12779,12780]],[[12781,12782,12783,12784,12785,12786,12787,12788,12789,-12790,-12789,-12788,-12787,12786,-12787,12790,12791,-12792,12791,12792,-12793,12792,12793,12794,12795,12795,12795,12796,12797,12798,12799,12800,12801,-12782,12802,-12803],[12803,12803,12803],[12803,12803,12803],[12804,-12805,12805],[12806,12806,12806],[12806,12806,12806],[12806,12806,12806],[12807,-12808,12803],[12806,12806,12806],[12804,-12805,12805],[12782,12808],[12809,-12810,12806],[12810,-12793,12792,12811,-12812,12793,-12794,-12793,-12792,12791,12812]],[[-11114,12813,12814,12815,12816,12817,7757,7759,-7760,-7758,-7756,12818,-7750,7748,12819,12820,12821,12822]],[[12823,-10992,-10991,-10990,12824,-10988,-11358,12825,12826,-12760,12827,12828,12829,12758,-12759,12830,-12757,12831,12832],[12833,12828]],[[12834,12835,12836,12837,12838,12839,12840,12841,12842,12843,12844,12845,12846,12847,12848,12849,-12849,-12848,-12847,-12846,12850,12851,-11852,-11851],[12852,12852,12852],[12853,12853,12853],[12852,12852,12852],[12854,-12855,12853],[-12840,12839,12852]],[[-8918,8917,-8918,-8917,12855,12856,12857,12858,12859,12860,12861,12862,12863,12864,12865,-12866,12865,-12858,12857,-12858,12866,-12867,-12857,12867,12868,12869,12870,-12871,12870,-12871,12870,-12871,12871,12872,-12873,-8919]],[[12873,-10533,12874,12875,-12876,12875,-12876,12875,-12876,12876,12877,12878,12879,-12880,-12879,12880,12881,-12882,12882,12883,12883,12884,12885,12886,-12887,12887,12888,12886,12889,12890,12890,12890,12891,-12892,12891,-12892,12892,-12893,12892,10540,-10541,10540,-10541,-10539,-10537]],[[12893,12894,12895,12896,-12896,-12895,12897,12897,12894,12895,-12896,12895,-12896,12895,12898,12899,12900,-12901,12900,-12901,12901,12902]],[[12903,12903,12904,12905,12906,12907,12908,11719,-11720,-11719,12909,-11714,12910,-11710,11709,12911,12912,12913,-12914,12913,-12914,12913,12914,12914,12914,12915]],[[12916,-12662,12917,12918,12919,-11234,11233,12920,12562,-12563,12921,12922]],[[12923,12924,12925,-12926,12925,12926,-12927,12926,12927,12928,12929,12930,-12931,12930,12931,12932,12933,12934,12935,12936,12936,12937,12938,12939,12940,-9656,12941]],[[10971,-10972,10971,-10972,-10970,10969,12942,12943,12944,12945,12946,-10973,-10972]],[[12947,12948,12949]],[[12950,12951,12952,12953,12954,-12955,12954,12955,12956,12957,12958,12959,-12953,12960,12961]],[[12787,-12788,12787,12788,12789,12962,11869,-11870,12963,12964,12965,-12966,12965,12966,12967,12968,12969,-12970,12970,12971,12972,-12791,12790,-12791,12786],[12973,12973,12973],[12974,-12975,12973],[-12975,12974,12975],[12976,12976,12976],[12975,12975,12975],[12975,12975,12975],[-12967,12966,12976],[12977,-12978,12975]],[[-11418,12978,12979,-12980,12979,-12980,12980,-12981,12980,-12981,12981,12982,12983,12984,12985,-11191,12986,12987,12988,-12989,-12988,12987,-12988,12987,12988,12989,-12990,-12989,12990,12991,12992,12993]],[[-11615,11614,-11615,-11614,12994,-12995,12995,12996,12997,-12998,12997,12998,12999,13000,-13001,13001,13002,13003,13004,-13005,-13004,13005,-12998,13006,13007,13008,13009,13010,13011,-13011,13012,13013,13014,13015,13016,13017,-13017,-13016,13015,13018,13019,13020,-11617,-11616]],[[13021,-8719,8718,-13022,13022,13023,-13024,-8713,13024,13025,-8708,13026,13027,-13028,-13027,13026,13028,13029,-13030,13030,-13031,13031,8733,-8734,13032,-8726,8725,-8726,-8725,8724,-8725,-8724],[13033,13033,13033],[13033,13033,13033],[13033,13033,13033],[13034,-13035,13033]],[[13035,13036,13037,13038,-13039,13038,13039,13040,13041,13042,13043,13044,-13045,13045,-13046,13045,13046,13047,-13048,13047,-13048,-13047,13048,13049,13050,13051,-13052,13052,13053,13054,13055,13056,-13037,13057,13058,13059,13035,13036,-13037,13036,-13037,-13036,13060,-13061],[13061,13061,13061],[13062,13062,13062],[13061,13061,13061],[13061,13061,13061],[-13038,13037,13062],[-13052,13051,13061]],[[13063,13064,13065,13066,13067,-13067,13066,13068,-13069,13068,13069,13070,13071,13072,-13073,13073,-13074,-13072,13074,-13075,13075,13076,-13077,13077,-13078,13077,-13078,13078,13079,13080,13081,13082,13083,13084,13085,13086],[13087,13087,13087],[13087,13087,13087],[13087,13087,13087],[13063,-13064,13088]],[[13089,13090,13091,13092,-13093,13093,-13091,-13090,13094,13095,13096,13097,13098,13099,13100,13101,13102,13103,13104,-13104,13103,13105,13106],[13107,13107,13107],[-13096,13095,13107]],[[-8407,13108,13109,13110,13111,13112,13113,13114,-13111,13115,13116,-13117,13117]],[[13118,13119,13120,13121,-9921,-9920,9919,-9920,13122]],[[13123,13123,13124,13125,13125,13125,13126,13127,13128,13129,13130,13131,13132,-12298,-13131,13133,13134,13135,13136,11728,-11729,-13137,13137,-11726,13138,-13128,13139,13140,13141,13142,-13143]],[[13143,13143,13144,13145,13146,13147,13148,13149,13149,-13149,13148,-13149,13148,13150,13151,13152,13153,13154,-13146,-13145],[13155,-13152,13156,-13149]],[[13157,13158,-13159,13159,13160,13161,-13162,13162,13163,13164,10954,-13165,13165,13166,-10951,13167,-10947]],[[8770,-8771,-8770,13168,8768,-8769,13169,13170,13171,-13172,13172,13173,13174,-13175,13175,13176,-13173,-13171,13177,13178,13179,-13180,13180,13181,-13182,13182,13183,13184,8775,8776,-8777,-8776,-13184,13185,-8773,-8772,-8771]],[[-11813,13186,-11812,13187,-13188,13187,13188,-11810,11809,-13189,13189,13190,-13190,13189,13191,-13192,13191,13192,13193,11813,13194,13195,13196,13197,13198,13199,13200,-13201,13200,-13201,13200,-13201,13201,13202,13203]],[[13204]],[[13205,13206,13207,-13208,13207,13208,13209,-13210,-13209,-13208,13210,13211,13212,-13213,13211,13212,13213,13214,-13214,13215,-13216,13215,-13216,13215,13216,13217,13218,-13218,-13217,13216,13219,13220,13221,-13216,13213,13222,-13223,-13214,13213,-13214,13213,13222,13223,13224,13225,13209,13226,13227,-13228],[13228,13228,13228],[13228,13228,13228],[13228,13228,13228]],[[13229,13230,13231,13232,13233,13234]],[[13235,-4329,4328,13236,-10471,13237,13238,-3610,-3609,13239,13240,13241]],[[13242,13243,13244,-13245,13245,13246,-8498,-8497,-8496,-8495,-8494,8493,-8494,13247,13248],[13249,13249,13249]],[[13250,13251,13252,-9600,13253,13254]],[[13255,13256,13256,13256,13257,-9271,13258,13259,13260,13261,13262,-9287,13263,-13264,13263,13264,-9282]],[[13265,13266,13267,13268,13268,13268,13269,13270,13271,13272,13273,13274,13275,13275,13276,13277,13278,13279,13280,13281,-13281,-13280,13279,13280,13282,13283]],[[13284,13285,-13286,13286,13287,-11469,13288,13289,13289,13290,-11403,13291,-11400,-11398,13292,-11396,11395,13293,13294]],[[13295,-13296,13296,13297,13298,13299,-13300,13299,-13300,-13299,13298,13299,-13300,13300,13301,13302,13303,-13298,13304,13305,13306,-13307,13306,-13307,13306,13307,13308,-13309,13308,-13309,13308,-13309,13308,13309,-13310,13309,-13310,13310,13311,13312]],[[13313,13314,13315,13315,13315,13315,13315,13316,13317,-13318,13317,13318,13319,-10157,13320,-12405,-12404,12403,13321,-12403]],[[13322,13323,13324,13324,-11098,-11093,13325,-11089,-11087,13326,13327]],[[13328,13329,13330,13331,13332,-13333,13333,13334,13335,13336,13337,13338,-12220,13339]],[[13340,13341,13342]],[[13343,13344,-13345,-10355,13345,-10352,-10351,10350,-10351,-10350,13346,10347,13347,13348,10361,-10362,10361,-10362,13349,-10360,13350,-10357]],[[13351,13352,13353,-13354,13354,13355,13356,13357,13358,-13359,13358,-13352,13359,13360,-13358,13361,13362,13362,13363,13364,13365,8667,13366,-8668,13367,13368],[-13358,-13354,-13353,-13359]],[[13369,13370,13371,13372,13373,13374,13374,13375,13376,-13377,13376],[13377,13377,13377],[13370,-13371,13377]],[[13378,13379,13380,-13381,13380,13381,13382,-13382,13381,13383,13384,13385,13386,13387,-12615,-12614,-13379]],[[-11975,-11974,-11973,13388,11968,13389,13390,-13391,13391,13392,13393,13394,-13395,13395,13396,13397,-13398,-13397,-10929,13398,-13399,-10928,13399,13400,-13398,13401,-13402,13401]],[[13402,13403,13404,13405,-12439,12438,13406,-12281,13407,-12279,13408]],[[13409,13410,13411,-13412,-13411,13410,-13411,13412,13413,13414,-12913,13415,13416,13417,13418,-13412,-13411,-13410]],[[13419,-12159,13420,13421,13422,13423,13424,-13425,13424,-13425,13425,13426,13427,13428,13429,13430,13419,-13420]],[[13431]],[[-10114,10113,-10114,-10113,-10112,-10111,13432,-12385,13433,13434,-13435]],[[13435,13436,12627,-12628,-12627,12624,13437]],[[13438,13439,13440,13441,-9653,13442,9650,13443,13444]],[[13445,13446,-11268,13447,-11267,-11266,13448,13449,13450,-13451,13450,13451,-11262,-11261,11260,13452,13453,-11689,13454,13455,13456,13457,13447,11267,-13447,13458,13458,13458,-13446]],[[13459,-11467,13460,13461,13462,13463,13464,13465,13466]],[[13467,13468,-7610,13469,-13470,13469,7604,-7605,7603,13470,13471,-13472,13471,13472,-12668,12667,13473,13474,13475]],[[13476,-13477,13476,13477,-13478,13478,-13477,13479,13480,13481,13482,13483,13484,13485,-13486,13486,13487,13488,13489,-13490,13489,13490,13491]],[[13492,13493,-13494,13493,-8649,8648,-8649,8648,-8649,8648,13494,13495,13496,13497,-13355,-13353,-13352,13351,13352,13498,-13499,13498,-8653,8652,8653,8654,-8655,-8654,-8653]],[[-7600,13499,13500,13501,13502,13503,13504,13505,13506,-7601]],[[13507,13508,13508,13509,13380,-13381,13510,13510,-13380,-13379,13511]],[[13512,13513,13514,-9624,-9623,9622,9623,13515,-13516,13515,13516,-13517,13517,13518,13519,13520,13521,13522,13523,13524,-13525,13524,13525]],[[13526,13527,13528,10482,-10482,-10481,13529,13530]],[[13531,13532,13533,13534,13534,13535,13536,13536,13537,13538,13539,13540,13541,13542,13543,-13544,-13543],[13544,13544,13544],[13536,13544]],[[-10201,10200,13545,13546,13547,13547,13548,13549,13550,13551,-13552,13552,-10205,13553,13554,-10203]],[[13555]],[[-12489,13556,13557,13557,13558,-13559,13558,-13559,13558,-13559,13558,-13559,13559,13560,13561,13562,13563,-13564,-13563,13562,-13563,13564,13565]],[[9967,-9968,9966,13566,13567,-13568,13567,-13568,13567,-13568,13567,13568]],[[13569,13570,13571,13572,13573]],[[13574,13575,-10523,13576,13577,-13578,13578]],[[13579,-6450,13580,13581,13582]],[[-13484,13583,13584,-13585,13585,-13586,13586]],[[13587,-11849,11848,-13588,13588,13589]],[[13590,-11917,13591,13592,-13593,13592,-13593,13592,-13593,13592,-13593,13593,13594,-7898,7897,-7898,-7897,-7896,7895,-7896,-7894,-7888]],[[-10198,-10191,13595,13596,13597,13598,-13599,13598,13599,13600,13601,-13602,13546,-13547,13602,-10200,-10199]],[[13603,13604,13605,13606,11823,-11824,11823,-11824,13607,13608,-11821,13609,13610,13610,13610,13611,13612,13603,-13604]],[[13613,-11474,13614,13615,13616,13617,13618,13619,13620,-11476]],[[13621,13622,13623,-13624,13624]],[[13625,13626,13627,-13628,13627,-13628,13628,-13629,13628,13629,13630,-13630,-13629,13627,13631,13632]],[[13633,13634,13635,-12237,13636,13637,13638,13639,13640,-13641,13641,13642,-13635,13634,-13635,13634,-13635,13634,-13635,13643,13644,13645,13646,13646,13647,13648,13649,13649,-12241]],[[13650,13651,13652,13653,13654,-13655,13654,-13655,-13069,-13067,13655,-13651,13656,-13064,-13087,13657,13658,-13659,13658,-13659,13659,13660,13661]],[[-9936,13662,13663,13664,13665,-13666,13665,13666,13667,13668]],[[11805,-11806,-11802,13669,13670,13671,13672,-13673,13672,-13673,13673,-13674,13672,13674,13675,-13676,13675,13676,-13677,-13676,-13675,13677,-11808,-11807,-11806]],[[-9348,13678,9337,-9338,9337,9340,-9345,13679,13680,13681,13682,-13683,13682,-13683,13683,13684,13685,-13686,13686,13687,-13688,-13687,13685,13688,-13680,9344,-9345,13679,-13689,-13686,13686,13687,-13688,-13687,13685,13688,13689,-13690,-13689,-13686,13685,13688,-13680,13679,-13680,13690,13691]],[[13692,13693]],[[10220,-10221,13694,-10219,-10218,13695,13696,13697]],[[13698,-13699,13698,-13699,13699,13700,13701,13702,13703,13704,13705,13706,13707,13708,13709]],[[13710,13711,13712,-13713,13712,-13713,13712,-13713,13713,13714,13714,13715,13716,-10045,10044,-10045,13717,13718,13719,-13720,13719]],[[13720,-13721,13720,-13721,13721]],[[-8735,13722,-13031,13030,13723,-8738,-8737,-8736]],[[13724,13725,-13726,13726,-13103,-13102,13727,13727,13728,13729,13729,13730,-13731,13730,13731,-13732,13731,-13732,13732],[13733,13733,13733],[13733,13733,13733]],[[-7673,7672,-7673,-7672,13734,-7668,7667,13735,-7659,-7658,13736,13737,13738,13739,-13740,13740,-13741,13740]],[[-8855,-8854,-8853,13741,13742,13743,13744,-13745,13744,-13745,-8857,-8856]],[[13745,13745,13746]],[[13747]],[[13748,13749,13750,13751,13752]],[[-7590,7589,13753,13754,13755]],[[13756,-13757,13756,13757,13758,13759,13760,-13761,-13760,-13759,13761,13762,-13762,13761,13762,13763,-13764,13764,13765,13766]],[[13767,13768,-10669,10668,-10669,13769]],[[13770,13771,13772,-13773]],[[13773,13774,13775,13776,13777,-10968,13778,-13775,-13774]],[[13779,13780,7098,7099,7100,-7101,-7100,-7099,7098,-7099,-13781,-13780,13781,-7097,13782,13780,13783,7095,7096,13784]],[[13785,13786,-13787,-13786,13787,13788,13789,13790,13791,-13792,13791,13792,-13793,-13792,-13791,13790,13791,13793,-13794,13793,-13794,13793,13794,-13795,13794,-13795,13795,-13790,13789,-13790,-13789,-13788,13785,-13786]],[[-13677,13676,13796,13797,13798,13799,13800,-13801,13800,-13801,13801,13802,13803]],[[13804,13805,12816,-7771,13806,-13807,7770,-12817,-12816,13807,-11112]],[[13808,13809,-13810,13809,-13810,13809,13810,13811,13812,-13813,13813,-13814,13812,-13813,13813,13814,-13815,13814,-13815,13814,13815,13816,13817,13818,13819,-13820,13819,13820],[13808,-13809,13821],[-13816,-13815,13814,13815]],[[13822,-12654,13823,-11005,11004,-11003,13824,13825,-13826,13826]],[[-13828,13828,-13829]],[[13829,-13830,13829,-13830,13830,-13831,13829,13831,-13832,13832,13833,13834,13835,13836,-13837,13837,13836,-13837,13836,13838,13839,13840,-13841,-13831,13830,-13831],[13841,13841,13841],[13841,13841,13841],[13838,-13839,13842],[-13837,13836,13842]],[[13843,13844,-13348,13347,-13845,13844,-13845,-13844,13845,-12607,13846,-12606,13847,13848,-10362,13849]],[[-7597,7596,13850,-12949,13851,-12948,13852]],[[13853,-13854,13853,13854,13855,13856,13857,13858,13859,13860,-13856,13861,13862,13863]],[[-10962,10961,-10962,13864,13865,13866,-13867,-13866,13867,13868,13869,13870,13871,13872,-13774,13873,13873,13874,13875,-13876,13875,-10964,10961]],[[13876,-13877,13876,-13877,13877,13878,13879,13880,13881]],[[13882,-13883,13882,13883,12776,13884,-10617,13885,12778,-12779,-12778,-13884,-13883]],[[13886,-13887,13886,-13887,13886,13887,13888,13889,13890,13891,13892,-13893,13892,-13893,13892,-13893,-13892,13893,13894]],[[-7136,-7131,-7134,13895,13896,-13897,13896,13897,13898,-13899,-13898,13897,-13898,-13897,13896,13897,13898,-13899,13899,-7137]],[[-9504,9503,-9504,9503,13900,13901,13902,13903,-9508,-9507,-9506],[13904,-13903,13905,9506]],[[13906,13907,13907,13908,13909,13910,13911,-13912,13912,13913,-13914,13913,13914]],[[13915,13916,13917,13918,-13919,13918,13919,13920,13921,13922,13923]],[[-6597,-6596,-6595,13924,13925,-13926,-13093,-13092,-13091,13926,6597]],[[13927,-12255,12254,13928,12256,-12257,12256,-12257,12256,-12257,-13929,13929,-12255,-12254,-12252,12251,-12252,12251,-12252,13930,-12458,13931,12253,13932,-13933,13932,-12456]],[[13933,13934,13935,13936,-13937,13937,13936,-7619,13938,-13939,7618,-7619,7618,-7619,13939],[13940,13941,-13934]],[[13942,13943,13944,13945,13946,13947,13948,-13948,13947,-13948,-13947,-13946,-13945,13949,-13950,13949,-13950,13949,13950]],[[13951,13952,-9529,9528,13953,13954,13955,-13956,13955,13956,13957,13958,-13959],[13959,13959,13959]],[[13960,-13961,13961,13962,13963,-13964,-13963,13964,-11994,13965]],[[13966,13967,13968,13969,13970,-11667,-11665,11664,-11665,13971,-13967,13972,13973]],[[13974,13975,-13664,13976,13977]],[[13978,13979,13980,11671,13981,-13982,-11672,-11671,11670,11671,13981,-13982,13981,-13982,-11672,-11671,-11670,13982,11708,13983]],[[-13973,13966,-13972,-11664,-11655,-11653,11652,13984,-13985,-11653,13985,13972,13986]],[[13987,13988,13989,13990,-13991]],[[-13505,13991,13992,13993,13994]],[[13995,13996]],[[13997,13998,13999,14000,14001,14001,14002,-14003,14003,14004,14005,14006,-14007,14006,14007,14008]],[[14009,14010]],[[14011,14012,14013,14014,14015,-14016,14015,-14016,14016,14017,14018,-14019,14018,14019,14020]],[[14021,14022,-14023,-14022,14023,14024,-14025,14025,-14024]],[[-11335,14026,14027,14028,-14029,14028,14029,-14030,14030,14031,14032,-11337,11336,-11337]],[[14033,14033,14034,14035,-9385,-9384,14036,-9383,14037,14033,11603,-11604]],[[14038,14039,14040,-14041,-9392,-9390,-9389,14041,14042]],[[14043,14044,14045,14046]],[[12165,-12166,14047,12165,-12166,14048]],[[-12503,-12502,14049,-14050,14049,14050,-14051,14050,-14051,14051,-14052,14051,-14052,14051,-14052,14051,14052,14053,14054,14055]],[[14056,6283,-6284,14057,-6280,14058,14059,14060,14061,14061,14062]],[[11809,-13189,13188,-11810,14063,-11808,11807,-14064]],[[-9899,9898,-9899,-9898,9897,-9898,14064,-9896,-9891,9890,9895,14065]],[[14066,14067,14068,-14069,14068,-14069,14069,-14070,14069,-14070,-14068,14070,-14067]],[[14071,14072,14073,13612,-13613,13612,-13613,14074,14075,14075,14076,-14077,14076,14077,14078]],[[12744,14079]],[[14080,14081,-14082,-14081,14080,-14081,14082,14083,8461,-8462,-14084,-14083]],[[14084,-14085,14084,14085,14086,14087,14088,14089,14090,-14091]],[[14091,14092,14093]],[[14094,14095,-14096,-14095,14096,14097,-13336,13335,-13336,13335,14098,-14099,14098,-14099,-12224,12223,-13336]],[[14099,14100,14101,14102,-14103,14102,14103,14104,14105,-12636]],[[14106,14107,14108,14109,14110,-11643,14111,14112]],[[14113,14114,14115,14116,14117,14118,14119]],[[14120,14121,-14122,14121,14122,14123,14124]],[[-12769,-12768,12767,14125,14126,-10622,14127,-12775,14128]],[[14129,14130,14131,-14132,-14130,14132,14132,14133,-8033,14134,14135,14136]],[[14137,-14138,14137,-14138,-13622,14138]],[[14139,14140,-8585,14141,-14142,14141,-14142,14142]],[[14143,-7077,14144,14144,-7074,14145,14146,-14147]],[[14147,-14148,14147,-14148,14147,-14148,14148,14149,14150]],[[-10831,10830,-10831,14151,14152,14153,14154,-14155,-14154,14155]],[[-11543,-11541,14156,14157]],[[14158,-14159,14158,14159,14160,14161,14162,-14163,14163,14164,14165]],[[14166,14167,14168,13265,-13266,13265,-13266,-13284,14169,14170,-9643,9642,-9643]],[[14171,-14172,14172,-9703,9701,-12683,-12682,12680,-12679]],[[14173,-7626,-7624,14174,14175,14176]],[[10409,14177,14178,14179,-10414,14180,-10411]],[[14181,14182,-13823,-13827,13825,-12750,12749,14183,14184,14185,-14186,-14185,14184]],[[14186,14187,7588,-7589,14188,-7588]],[[-8064,14189,14190,14191,-14192,14191,14192,14193,-14194,14193,-14194,14194,-8066,8065,-8066,8065,-8066,8065,8066,-8067,-8066,-8065]],[[14195,14196]],[[14197,14198,-10026,14199,14200,-10020,10019,-14201]],[[14201,14202,-9672,14203,14204]],[[13797,13797,13797,14205,-13676,14206]],[[14207,14208,14209,14210,7157,14211,14212,14213]],[[14214,14215,-14216,14216,14217,-14217,14218,14219,14220,14220,-14219]],[[14221,14222,14223,14224,-14225,14224,-14225,-14224,-14223,14225]],[[-13053,13052,13053,-13054,14226,-13055,-13054]],[[14227,-14228,14227,14228,14229,14230,-12441,-14228]],[[14231,-12583,12582,14232,14233,-12585]],[[14234,-14235,14235,-14236,14235,14236,14237,14238,14239,14240,14241,-14238,-14237,-14236,14235,-14236,14235,-14236]],[[10342,10343,10344,-10345,-10344,14242,-14243,-10343,-10342,10341]],[[-9873,14243,14244,9873,14245,-14246,-9874]],[[14246,-13773,13772,-13773,13772,14247,-8678]],[[14248,14249,14250,14251,14252,14253,-14254,14254,14255,14256,14257,-14258,14258,14259,14260,14261]],[[-7170,-7164,7161,14262,14263,14264]],[[14265,14266,14267,-14268,14267,14268,-14269,-14268,14269,14270,14271,14272]],[[14273]],[[-12325,-12324,14274,14275]],[[14276,14277,14278,14279]],[[14280,14280,14280,14281]],[[14282,14283]],[[14284,11347,-11348,11347,-11348,11347,-11348,14285,14286,14287,14288,-14289,14288,-14289,14288,-14289,14288,-14289,14288,-14289,-14288,-14287,-14286,14285,-14286,14285,-14286,-14285]],[[14289,-6211,14290,-6252,14291,6215,6217,-6216]],[[-9930,-9929,-9927,9926,9928,9929,14292,-14293]],[[14293,-14294,14293,-14294,14294,-14295]],[[14295,14296,14297]],[[14298]],[[12004,14299,14300,14301,-14302,14301,-14302,14301,14302,14303,-14304,14303,-14304,14303,-14304,14303,-14300,14299,-14300,-12005]],[[14304,14305,14306]],[[14307,-13710,14308,13910,-13911,14309,14310,-14311,14311,-14312]],[[14312,-14313,14313,-14314,14314]],[[-13177,14315,14118,-14119,14316,14317,14318,-13171,13170,13172]],[[-6368,-6367,14319,-14320,-6366,-6365,14320,-14321,6364,-6365,6364,14321,14322]],[[14323,-14324,14324,-13943,14325,-14326,14325,-14326,13942,14326,-14327,14326,-14327,-14325,14327,-14328]],[[10928,-13396,14328,14329,-10930,-10929]],[[-14331]],[[14331,14331,14332,14333,14334,14335,14331]],[[14336,14337,-14338,14337,-14089,14088,-14089,14088,-14338,14337,-14338,-14337]],[[14338,14339,14340,-14341,-14340,-14339]],[[14341,14342,14343,-14344,14344,14345]],[[14346,14347]],[[14348,-12962,12952,14349]],[[-13961,14350,14351,14352,14353,-13962,13960]],[[14354,-14355,14355,-14356,14355,14356,-14357,14356,-13811,13810,-14357,-14356]],[[14357,-14358,14358,-14359,14358,-13001,13001,13002,-13003,-13002,13000,-14359]],[[10502,-10503,10502,-10503,14359,-14360,10502,14360,-12053,14361,-10504,10503,-10504,10503,-10504,-10503]],[[14362,14363,-14364,-14363,14364]],[[14365,-13703,14366,14367,14368,14369,13760]],[[14370,-14371,14370,14371,14372,14373,-14374,14374,14375,14376,-14377,-14376,14377,14378,14379,14380,14376,-14377,14376]],[[14381,14382,14383,-14384,14384,14385,14386,-14387]],[[14387,-13112,13111,14388,-8400,14389,14390,-14391]],[[-9407,9404,-9405,-9404,14391,14392,-14393,14393,14394,-14395,14394,14395,14396,14397]],[[14398,-14121,14120,14121,14399,-14400,-14122,-14399]],[[-10494,-10492,-10491,14400,-14401,14400,14401,14402]],[[14403]],[[14404,14405,14406,9339,9342,-9343,-9340,-14407,-14406,-14405]],[[14407,-14408,14407,-14408,14408,14409,14410,14411]],[[14412,14413,14414,-14415,-14414,-12547,14415,-14416,14415,14416,-6321]],[[14383,14417,14418,14419,-13606,13605,14420]],[[14421,14422,-13465]],[[14423,-14424,-11760,14424]],[[14425,14426,14427]],[[14428,14429,12269,14430,-14431,-12270,-12301,14431,14432]],[[14433,14434,14435,14436,-14437]],[[14437,11586,-11587,14438,-14439,14438,-14439,14438,14439,-14440,14439,14440,14441,-14442]],[[14442,14443,14444,14445,14446]],[[14447,-14448,14448,14449,-14450,14450,-13013,14451]],[[14452,14453],[-14454,14454,-14455,14454,-14455,-14453]],[[14455,14456],[14455,14457]],[[14458,12862,-12863,-14459],[-14459,14458,14459]],[[-7072,7071,14460,-14147,14146,-14147,14146,-14461,-14462]],[[14462,14463,-14464,-14463,14462,14464,14465,14466,-13816,-13815,13814,-13815,13814,-13815]],[[14467,14468,-14469,-14468,-13994,-13572,-13571,14469,-14468]],[[11202,-11203,-11202,-11201,12983,-12984,11200,11201,-11202,11201]],[[14470,-14471,14470,13451,-11262,-11261,14471,-14472,11260,-11261,11260,11261,-13452,-13451,13450,-13451,14472,-11264]],[[14473,14474,14475,14476,14477,-14475,14478]],[[-12066,14479,14480]],[[14481,14482,-14483,14483,-14485,-14484,-14482,14481,-14482]],[[14485,14486,14487,14488,14489]],[[14490,-12620]],[[-13007,14491,14492,-14493,14492,14493,14494,14495,-13008]],[[14496,14497,-10782,10781,-10782,-10781,10780,-10781,14498,14499,-14500,14499]],[[-11517,11516]],[[10672,14500,-10674,-10673]],[[-11297,-11296,-11290,-11287,14501,11296]],[[-7629,14502]],[[14503,-14504,14504,14505,14506,14506,14507,14508,14509,14510,-14505,14504,-14505]],[[14511,14512,-14513,14512,14513]],[[14514,14515,14516,12896,-12896,-12895]],[[14517,-14518,14518,14519,14520,-14521,14520,-14521,14520]],[[14521,-14522,14521,-14522,14522,14523,14524,14339,14525]],[[14526,14527,14528,14529]],[[12637,14530,-14531,-12638]],[[14531,14130,-14130,14532,-8004]],[[14533,14534,14535,14536,-14537,14536,-14537,14536,-14160,14537]],[[-12480,12479,14538,14539,14540,14541,-14542,14541,-14542,-14541,14542,12481,14543,14541,14544,-12483,-12482,-12481]],[[14545,14546,14547]],[[14548,14549,14550,14551,-14552,14551,-14552,14552,14553,-14554,14553,-14554,14553,-14554]],[[14554,14555,-14555,14554,-14555,14556,-14557,14556,-14557]],[[-12472,-12471,12470,12471,12472,12473,12474,-12475,-12474,-12473]],[[8753,8754,-13175,13174,-8755,-8754,-8753,8752,-8753,8752]],[[14557,14558,-14559,-14558]],[[14559,14560,14561,14562,-14563,14562,-14563,-14562,-14561,-14560,14563,-14564]],[[-10563,14564,14565]],[[-10515,14566,14567,14568,-14569,14568]],[[-9944,14569,-9941,9940,14570,14571,14571,14572,9943]],[[14573,-14574,14573,13819,-13820,-14574,14573,13819,13820,-13821,-13820,13819,-13820,-14574]],[[6276,-14575,-14576,-14577,-14578]],[[14578,14579,14580,-14581,14581,14582,-14583,14582]],[[-14042,-9388,-9387,9386,14583,14584,-14585,14585]],[[14586,14587,-14588,-14587]],[[12483,-12484,12483,-12484,12483,12484,-12485,12484,-12485,12484,12485,12486,-12487,-12486,-12485,12484,-12485,14588,-14589,-12484,12483,-12484,-12483,12482]],[[14589,14590,-14591,-14590,14591,-14592,9660,-9661]],[[-14574,14573,13819,13820,13808,-13809,-13821,-13820]],[[-7968,14592,14593,14594]],[[14595,14596,-14597,-14596,14597,-14598]],[[13232,-13233,-14599]],[[14336,14599,14600,14601]],[[-11627,11625,-11626,-11625,14602,14603]],[[14604,14605,14605,14606]],[[14607,-14608,14608]],[[14609,-14610,14609,14610,14611,-14612,-14610],[-14612,14611,14612]],[[14613,14613,14614]],[[-8618,8617,14615,-8619]],[[-12692,14616,9910,-9911,-9910,14617]],[[14618,14618,-13283,-13281,-13280,14619,-14170]],[[14620,14621]],[[14622,14623,14624,-14625,14624,14625,-14626,-14625,-14624,-14623]],[[14626,-14627,14627,14628,-14629,-14628,14629,-14630]],[[6338,-6339,-6331,-6328,14630,-6339]],[[14631,-14632,14632]],[[14633,14299,-14304,14303,14634,-12010]],[[-14594,14635,14636,7962,-7963,-7962,14637,14593]],[[12983,12984,12985,-12986,-12985,-12984]],[[14638,14639,-14408,14640,14641]],[[14642,14643,14644,-14645,14645,-14646,14645,13865,-13866,13865]],[[14646,-13526,-13525,14647,-9633]],[[-11258,-11256,-11255,11254,14648,-14649,14648,14649]],[[14650,-14651,14651,14652,14653,-14654,-14653,-14652]],[[11330,14654,14655]],[[14656,-11189,-11188,-11187,11186,11187,-11188,11187,14657,-12988]],[[14658,-14660,-14660,-14659]],[[-7142,14660,14661,14662,-14663,-14662,14661,-14662,-14661,7141]],[[14663,-9262,-9258,14664,-14665,14665]],[[-14667,14666,-14667,14666,-14667,14666,14667,-7143,14668,14669,-14670,14669]],[[14670,14671,-10517,14672,14673,-14674]],[[-14651,14651,14652,-14653,-14652,14651,-14652,14650,-14651,14650,14674,-14675,14674,-14675]],[[14675,13686,13687,14676,14677,-14678,14677,-14678,-14677,14678,-14679,14678,-13003,-13002]],[[-14680,-14681,-14682,-14682,-14682]],[[14682,-11432,-11431,11430,11431,11432,-11433]],[[14683,14684,14685,14686,-14687,-14686,14687]],[[14038,14688,-14689,-14039]],[[14689,14690,14691,-14692,-14691,14692,-14693,-14690]],[[14693,-12572,-12571,14694,-10446]],[[14695,-13221,14696,-14697,13220,-14696,14697,14697]],[[14698,14698,14699,14700,14701,14698]],[[14702,-14703,14702,-14703,14703,-14704,14702,14704,-14705,14704,10792,-10789,10788,-10793,10792,-10793,10792,-10793,10792,-14704]],[[11271,-11272]],[[14705,14706,-8563,8562,-14707,-14706,-14708]],[[-9869,9868,9869,9870,-9871,-9870]],[[14708]],[[-13518,13516,14709,13517,13518,-13519,13518,-13519]],[[14710,14711,-14712,-14711]],[[-3619,-10461,-10459,-10457,14712,-3620]],[[14713,-7083,14714,7087,-7088,-7087]],[[14715,14716,14343]],[[-13246,13244,-13245,13244,14717,-8509,-8508,-8507,8506,-8507,14718]],[[14719,14720,-14721,14720,-14721,14720,-14721,14721,-14314]],[[14722,14723,14724,14725,-14726,14726,-14723]],[[14727,-14728,14728]],[[14729,13788,14730,14602,-14603,-11624]],[[14731,14732,14733,-14734,14734,-14733,-14732]],[[14735,-14736,14736,14691,14737,14738,-14739,14738]],[[13687,14676,-14677,-13688]],[[-12685,14739,-9697,14740]],[[14741,-14742,14742,-14454,14453,-14743,-14612,14611]],[[14743,-7051,-7050,7048,-7049,14744,14745,-12146,14746,-14747,-12145]],[[14747,-14728,14727,14748,-13811,14749,14750,-14751]],[[-12350,12349,14751,-14752,14751,-14752]],[[14752,-13315,14753,-12402]],[[14754,-13271,13270,-13271,-13268,14755]],[[14756,14756,14757,-14758,14758,14759,-9547,-14758,14760,14761,-14762,-14761]],[[14762,14763,14764,14765,-14766,14765,14766,-14767,-13817]],[[13754,-13755]],[[14727,-14728,14728]],[[-12361,14767,14768]],[[13628,14769,14770,-13829,13828,-13829,14771,13631,-13628]],[[7103,-7104,7103,14772,14772,-7104]],[[14711,14773]],[[13683,14774,14775,-14776,-14775,-13684,-13682,13681]],[[14776,14777,14778,-12701,14779]],[[-12926,12925,14780,14781,14782,-12927]],[[14783,-13295,14784,-11473,11472,-11473]],[[-14601,-10942,14785,14786,-14787,14786]],[[14787,14788,14789,-14790,-14789,-14788]],[[-14006,14005,14790]],[[14791,13990,14792,14793]],[[-7114,14794,7115,-7116,7115,-7116]],[[13978,13979,-13980,-13979,14795]],[[14796]],[[14797,-12540,14798,14799,-14800,14799,-14800,14799,14800,14801]],[[14802,14803]],[[14804,14805,14806,14807,-9343,-9340]],[[-7868,7867,-7868,14808]],[[-14810,14809,-14810,14809,-14810,14809,14810,-14811,14810,-14811,14810,-14811,14810,-14811,14810,14811,-14482,14812,-14813,14813]],[[-9874,9873,14245,14814,-14815,-14246]],[[-13015,14815,14816,14817,-14818,-13854,13853,14817,-14818,-13854,14818,-13016]],[[14819,-14820,14820,-14821]],[[-13605,13604,-13605,13604,14821,-14385,14822]],[[10384,-10385,14823,14824,14825]],[[14826,14827,14828,-14559,14829]],[[14830,-14831,14830,14831,-14832,-14831]],[[14832,-13164]],[[14833,14834,-12304,12302]],[[14835,14836,-14837,14836,-14837,-14836,14835,-14836]],[[-11694,11693,14837,14838,-11695]],[[10051,10052,-10053,10052,-10053,-10052,10051,-10052,10051,-10052,10051,-10052]],[[14839,14840,14841,-14803]],[[14842,-14843,14842,-14843,14843,-14844]],[[-9369,9367,14844,-9371,14845]],[[14846]],[[11597,11598,-11599,-11598,-11597,14847,-9881,14848]],[[-13895,-13894,14849,14590,14850,13894]],[[-12460,12459,14851]],[[9254,14852,14853]],[[-13863,-13862,13855,14854,14855,13862]],[[14856,14857,14858,14859,14860,-7005]],[[-9500,14861,9491,14862,9502,-9503]],[[-14815,14814,14863,-14864]],[[-9872,-9871,14864,14024,14865,9871]],[[14866,-13439,14867,14868,14868]],[[14869,-14870,14870,-13832,14871,-14872,14871,-14870]],[[14872,-14873,14872,14873,-14874,-14873]],[[14874,14875,14876,-14877]],[[14877,14877,14878,14879,-14879,14880,-14881,14880,-14881,14880,-14881]],[[14881,9616,-9616,9615,-14882]],[[14882,-13708,13706,14883,-13912]],[[9683,14884]],[[14885,14886,-14887,14887,-8581,14888]],[[14889,14223,-14224,-14223,14890]],[[14891,14892,14893,-6413]],[[14894,-14895,14894,-14401,-10489,14895]],[[-9126,-9125,9124,14896,14897]],[[-11529,14898,11528]],[[-11704,14899,14900,-14902,14901,-14902,14901,-14901,-14900,11703]],[[-10387,-14825,14902,10387,-10388]],[[-11632,14903,14904,-14905,14904,-14906,-12633,-11633]],[[-14907,9900,-9901,14906]],[[13876,-13877,14907]],[[14908,14909,14910,13812,-13813,13812]],[[14911,14912,14608]],[[14913]],[[-12011,-14635,-14304,14914,-14915,14914,-14915,14914,-14915,14915]],[[14916]],[[-6344,14917,-14642,14641,-14642,14641,-14642,14918]],[[14919,14920,-13123]],[[14921,14922,-12471,-12470,14923,-14924,14923,-14924,12469,14924]],[[14925,-14926,14926]],[[-14788,14927,14928,14929,-14789]],[[11588,11589,-11594,11593,-11590,-11589]],[[7688,14066,14930]],[[14931]],[[14932,14933,14933,-14933]],[[14934,14814,14935,14936,-9878]],[[14937]],[[14938,-14939,14939,14940,14941,14942]],[[14943,14944,14945]],[[14946,14947,-6830,14948]],[[-14091,-14090,14089,14090,14949,14337,-14338,-14337,14950]],[[11771,-11772,14951]],[[14952,-14953,-7069,14953,-12135,-12134,14954,-7070]],[[14955,14956,-14564,14563,-14564,14957,7120]],[[14958,14959]],[[14960,-14961,14961,14962,-14963,-14962]],[[7122,-7123,14963]],[[14964,-14965,14965,14966,-14966]],[[9867,9868,-9869,14967,-14968,-9868,14968,-14969]],[[-14370,14969,14970,13759,-14370,14369]],[[14971,14625,14972,14973]],[[-10762,14974,-10753,14975]],[[14976,14436,-14978,14978,13424,-12149]],[[-7169,-7168,7167,-7168,14979,14980,7168]],[[-14652,14651,14652,14981,-9290,14982]],[[14983,14984,-14984,14985,-14963,14986]],[[13652,-13653,14987]],[[9389,9391,-9392,-9390]],[[6495,-6497,-6497,-6496]],[[10607,-10608]],[[-13456,-13455,11688,-11689,-11688,14988]],[[-12622,14989]],[[14990,14991,-14467]],[[-9263,-14664,14663,9262,-9263,9262]],[[14992,14993,-14994,-14993]],[[-14489,14488,14994]],[[-7036,14995,14996]],[[13713,-13714,14997]],[[14998,-14294,14999]],[[15000,-13423,15001,-12155]],[[-12460,15002,-12250]],[[15003,-12766,-12765,12764,-12765,15004]],[[13907,15005]],[[15006,15007,-9814,15008,9810]],[[-12956,14731,15009,15010]],[[11511,-11512,15011]],[[9321,-9322]],[[9524,15012]],[[15013,-15014,15014,-15015]],[[-7545,15015,8978,-8979,-15016,7544]],[[15016,-12152,12150,-15001,-12154]],[[15017,-15018,-14994,14993]],[[-12618,15018,15019]],[[-8896,15020,13039,-13040,-13039,15021]],[[-12449,-12260,-12259,15022,-12449,12448]],[[7099,7100,-7101,-7100]],[[15023]],[[6293,-6294,15024]],[[15025,15026,15027]],[[15028,-15029,15029]],[[12496,12495,-12496]],[[15030,-15031,15031,-13175,-15031,8758,15032,-15033,-8759]],[[15033,15034,-15034],[15035,15035,15035]],[[11420,-11421,15036]],[[-14598,15037,-15038,15037,-14838,-11694]],[[15038,-11512,-11511,-11508]],[[15039,15040,15041,-11698,11697]],[[15042]],[[15043,-9266,-9265,9264,15044,15045]],[[15046,-14632,14631,-15047]],[[15047,-15048,15048,15049,15050,-8843,15048,15049,-15049]],[[15051,-15052,15052]],[[15053,15054,15055,15056]],[[-15018,15017,15057]],[[-9352,15058,-15059,15059,-9361,9360,-9361]],[[15060,15061,-15062,-15061]],[[15062,15063,-10053,15064]],[[-14309,-13709,-14883,-13911]],[[15065,15066,-12505,15067]],[[-9764,15068]],[[10121,-10122,10255]],[[15069,-10129,15070,-10117,10116,-10117]],[[-11430,15071,-11421,-15073,15072,-15073,15073,-11431]],[[13907,15005]],[[14587,15074,-11390,15075]],[[-14504,14504,-14505,14503]],[[15076,15077,-15078,-15077]],[[12341,-12342,15078]],[[15079,15079,15080]],[[15081,15082,-7817,15083]],[[15084,-15085,15084,15085,-10531,15086]],[[15087]],[[-14738,15088,15089,15090,-15091,15090,-15091,15090]],[[15091,-15092,15092]],[[-13005,13004,15093]],[[-13708,13707,15094]],[[15095,-15096,15096]],[[15097]],[[15098,-15099,15099]],[[15100,-13203,15101,15102]],[[15103,15103]],[[15104,15105,15106]],[[-12677,15107,15108,15109]],[[15110,15111,15112,-15113,-15112,15111,-15112,-15111]],[[15113,-13267,15114]],[[14006,-14007,14790]],[[10607,-10608]],[[15115,-14569,14568,-14569,14568,-14569,14568,-14569,15116,12881]],[[-6742,-6741,15117,-6744]],[[15118,-11170,15119,-11164]],[[15120,-9647,-9645,-9644]],[[15121,-15122,15122]],[[15123,15124,15125]],[[15126,-15127,15127]],[[7802,15128,-7806,7805,-15129]],[[-6749,15129,-6715,15130]],[[12356,12358,-12357]],[[15131,15131,15131]],[[15132,-15133,11977,-11978]],[[15133,-15134,15134]],[[15135,-15136,-14881,14878,-15137,15136,-15137,-15136,15137,-15138]],[[15138,13004,-14492,12997]],[[15139,15140,-9965,-9963]],[[15141,-15048,-8842,8840]],[[15142,15143,-15075,-11478]],[[15144,-15145,15144,-14552,14551,15145,15146]],[[-11680,11679,15147]],[[15148,-15149,15149]],[[13116,15150]],[[-11303,15151,-15153,15153]],[[-12925,15154,15155]],[[-14494,14493,15156,-14495]],[[15157,-15158,15158]],[[-15160,15159,15160]],[[9239,15161]],[[15162,15163]],[[15164,15164]],[[15165,15165,15165]],[[15166,-12245,12244,-12245,15167,-15168,15167,-11748]],[[15168,-9636,-9640,-9638]],[[12341,-12342,15078]],[[11562,-11563,15169]],[[15170,-15171,15171]],[[14772,15172]],[[15173,15174]],[[15175]],[[15176,15177]],[[15178,-15179,15179]],[[-15014,15180,-13261]],[[15181,-9354,15182,-15183,15182,-9357]],[[-15018,15183,-13260,15184]],[[-14926,15185,15186]],[[15187,15188,15188,-14193]],[[15189,-15190,15190]],[[15079,15080]],[[15191,15192,-12865]],[[-15194,15193,15194]],[[15195,-15196,15194]],[[14418,15196]],[[15197,-9850,-9848,9845]],[[14492,-14493,15093]],[[15198,15199,14386,15200]],[[15201,15201,15201]],[[15202,-15203,15203]],[[15204,-15205,15205]],[[15206,-7880,15207,-7877,15206,-15207]],[[-12984,15208,15209,-15210,-11195,11194,15209]],[[-9200,9199,15210]],[[15211,-15212,15212]],[[6927,15213]],[[15214,15215,-7106,15214,-15215]],[[15216,15217,15218,15219,-15217]],[[15220,15221,-15223,-14054,14053]],[[15223,-15224,15223,-15224,15223,-15224]],[[-8759,8758,15224]],[[-14978,14977,15225]],[[15226,-11996,-14629]],[[15227,-12801,15228]],[[15229,14751,15230,-12353]],[[15204,-15205,15205]],[[6698,-6699,7298]],[[15231,15201]],[[-12248,12247,15232]],[[-6707,15233]],[[13123,15234]],[[-8067,8066,15235,15236,-8068]],[[11955,-11956,15237]],[[-14874,15238,-15239,15238,15239]],[[6910,15240]],[[-12176,12175,15241]],[[15242,-10834,-10833,15243]],[[15244,15245,-9251,15246]],[[12450,-12451,15247]],[[-14843,14842,15248]],[[15249]],[[15250,-14242,15251,-13673]],[[15034,15035]],[[15252,15253,15254]],[[15255,-15256,14404,-14405]],[[15256,15256,15256]],[[-11771,11770,14951]],[[15152,-15153,15257]],[[-10037,10036,15258]],[[14926,14926,14926]],[[-11699,-15042,15223,15259]],[[-12648,12647,-12648,15260,-11012,15261]],[[-6612,6611,15262]],[[-13247,13246,15263]],[[-12546,-12545,15264,-15266,15265,-15266,15265,-15266,15265,-15266]],[[15266,15267]],[[15268,-15269,15269]],[[-13340,-12219,15270,15271]],[[15272,15273]],[[15274,15275,15276]],[[15277,9536,15278,15279]],[[15280,-15281,15281]],[[15282,-14293,15283]],[[15284,15285]],[[15286,-15287,15287]],[[15288,-15289,15289]],[[15290,-15291,15291]],[[15292,-15293,15293]],[[14160,-14161,15294]],[[15295,15295,15295]],[[15296,14287,-14288,14287,15297]],[[15298,-15299,15299]],[[-7007,15300,15121,15301]],[[15302,-15303,15303]],[[-13721,15304]],[[15305,-15306,15306]],[[15307,15307,15307]],[[10890,10890,10890]],[[15308,15309]],[[15310,15311,-6269,15310,-15311]],[[14836,-14837,15312]],[[15313,-15314,15314]],[[15315,-15316,15315,15316,-14302,15317]],[[-12176,12175,15241]],[[-13440,15318,15319]],[[-14790,14789,15320]],[[7355,7355,7355]],[[15321,15321,15321]],[[-15323,15322,15323]],[[15324,-15325,15324,-15325]],[[15049,15325]],[[13397,-13398,15326]],[[-11687,15327]],[[14555,15328]],[[15324,-15325,15329]],[[15330,15331,-15271,15332]],[[15333,14611,14741,-8629]],[[-6550,15334,15335,-6551]],[[15336,-15337,15314]],[[-12449,12448,15247]],[[-15265,15264,15190]],[[14726,-14727,15158]],[[15337,-15338,15338]],[[-15061,15060,15339]],[[-14006,14005,14790]],[[-15341,15340,15341]],[[-15306,15305,15149]],[[15342]],[[10333,15343]],[[7000,-7001,7226]],[[15344,15345]],[[15346]],[[15347,15347,15347]],[[15348,15349,15350]],[[-15038,15037,15179]],[[-13216,13215,13228]],[[15351,-15352,15303]],[[15091,-15092,15092]],[[15268,15352,15353,-15354,15353]],[[15354,15355,14458,-12862,15354,-15355]],[[15356,15356,15356]],[[15357]],[[15358]],[[15359,15359,15359]],[[-10198,10197,15360]],[[15103,15361]],[[15362,15362,15362]],[[11874,15363]],[[15364,15364,15364]],[[-15341,15340,15341]],[[15365,-15366,15366]],[[15367,15368,15369]],[[12109,-12110,15127]],[[15370,-15371,15371]],[[15372,15373,-13714]],[[9578,15374]],[[15375,-15376,15376]],[[-11148,15377,15378]],[[-12322,12321,15379]],[[15380]],[[15381,15381,15381]],[[15382,-15383,15383]],[[15384,-15385,14790]],[[9212,-9213,15385]],[[-14542,14541,15386]],[[15170,-15171,15171]],[[12556,-12556,12555]],[[15387,15387,15387]],[[11573,-11574,11573,-11574,-11583,15365,-11575,-11574]],[[8899,-8900,15388]],[[15389]],[[15390,-15391,15391]],[[9524,15012]],[[7120,-7121,14963]],[[15392,15393]],[[15394,15394,15394]],[[15395,-15396,15396]],[[10691,15397]],[[15398,15398,15398]],[[14415,-14416,15399]],[[-12275,15400]],[[15401,-15402,15402]],[[-11539,15403]],[[-7004,7003,15404]],[[15405,14653,15406]],[[15407,15407,15407]],[[15408,15408,15408]],[[-15410,15409,15356]],[[9015,9015,9015]],[[-12481,12480,15410]],[[10857,15411]],[[15087]],[[-7092,-7090,-7094,15412]],[[15413,15414]],[[12780,15415]],[[-14632,15416,15417,15418]],[[15061,-15062,15339]],[[10624,15419]],[[15420,15420,15420]],[[15421,15422]],[[8834,-8835,9015]],[[15423,15423,15423]],[[13312,-13313,15424]],[[15425,12587,15426]],[[15427]],[[15306,15306,15306]],[[15428,-15429,15429]],[[11846,15430]],[[15431,-15432,15431,-15432,15431,-15432,14404,15432,-15433,-14405]],[[15284,15285]],[[-14508,14507,-14508,14507]],[[-8759,8758,15224]],[[15433,15434,-14904,-11631]],[[15435,-15436,15436]],[[11308,-11309,15437]],[[10034,-10035,15438,15439,15440,-10035]],[[-7133,7132,15423]],[[-15092,15091,15441]],[[11648,15442]],[[12519,15443]],[[15444,15445,-11970,-11963]],[[-11799,15446,-12029,15447]],[[15448,15449]],[[15450,15450,15450]],[[8057,-8058,8096]],[[15451,15451,15451]],[[15375,-15376,15376]],[[15452,-15453,15452,-15453,15453,15454,14234]],[[-13684,13683,15455]],[[15456]],[[-13423,13422,15408]],[[15457,15458,-15459]],[[13948,15459]],[[15460,-15461,15461]],[[14750,-14751,15462]],[[15257,15257,15257]],[[6494,-6495,7340]],[[12446,15463]],[[15464]],[[15108,-15109,15131]],[[-8812,8811,-8812,-8808,-15338,15465]],[[15466,-15467,15467]],[[15468,15371]],[[12009,-12010,15469]],[[15396,15396,15396]],[[7237,7237,7237]],[[-12247,12246,15307]],[[12671,15470]],[[13951,-13952,13959]],[[-8851,8850,9070]],[[15471,-15472,15394]],[[15126,-15127,15127]],[[15472,15472,15472]],[[15473,-13821,15474]],[[15475,15475,15475]],[[14750,-14751,15462]],[[15476,15476,15476]],[[6767,-6768,7256]],[[-12931,15477]],[[15478,-13726,13725,-13726,-6605]],[[15479,15479,15479]],[[15480,-15481,15451]],[[15481,14789,15482,15483]],[[14926,14926,14926]],[[15484]],[[15485,-15486,15486]],[[15487,14925,15488,-15489,15488,-15490]],[[15490]],[[14966,15491,15492,14842]],[[15493,-15494,15414]],[[15494,15495,15496,-10097]],[[15169,15169,15169]],[[15497,9713]],[[6135,-6136,15498]],[[15499,15499,15499]],[[-10657,10656,15500]],[[15501,13047,15502]],[[-11582,11581,15366]],[[-15325,15324,15503]],[[15504]],[[15201,15201,15201]],[[15505,-15506,15505,-15506]],[[15506,15507]],[[15472,15472,15472]],[[15256,15256,15256]],[[6749,7351]],[[6612,-6613,15262]],[[13840,-13841,13841]],[[15165,15165,15165]],[[15508,-15509,15402]],[[-12592,12591,15499]],[[-14537,14536,15294]],[[-14518,14517,15165]],[[15509,15510,-10450]],[[15511,15160]],[[12546,-12547,15399]],[[-14437,14436,15225]],[[15512,-15513,15513]],[[15514,-15515,13733]],[[-11034,11033,15515]],[[15516,-15517,15517]],[[15518]],[[-13684,13683,15455]],[[15382,-15383,15383]],[[15519]],[[15512,15520,-13901,-9504]],[[10885,10885,10885]],[[15521,-15522,15507]],[[15472,15472,15472]],[[15522,15522,15522]],[[15422,-15423,15177]],[[14449,-14450,15523]],[[7648,15522]],[[15309,15309,15309]],[[15524,-10663,-10659,-10657]],[[15525,15526,15527,15528,-15529,15528]],[[15529]],[[15530,15531]],[[-9509,9508,9559]],[[15232,15232,15232]],[[9458,-9459,15398]],[[-12028,12027,15321]],[[15532,-15533,15533]],[[15534,15534,15534]],[[15535,15535,15535]],[[15536]],[[15479,15479,15479]],[[15537,-15538,15029]],[[13415,15538]],[[15539,15540,15541,-13201,13200,-13201]],[[-10999,-12752,-11001]],[[15542,15542,15542]],[[9770,15543]],[[15544,-15545,15545]],[[15546]],[[15547,-15548,15386]],[[-11562,11561,15169]],[[15548,15548,15548]],[[-7004,7003,15404]],[[15387,15387,15387]],[[15549,15549,15549]],[[10475,15550]],[[-9545,9544,15551]],[[-13708,13707,15094]],[[15358]],[[15552,-15078,15553,15324]],[[15554]],[[15555]],[[15472,15472,15472]],[[-10862,10860,-10861,10860,15556,-10863]],[[15557,15558]],[[15485,-15486,15486]],[[-14508,15559]],[[15560,15560,15560]],[[15561,15561,15561]],[[15258,15258,15258]],[[-15109,15108,15476]],[[15562,15562,15562]],[[15563,-15564,15147]],[[7172,15564]],[[15565,-15566,15566]],[[14925,-14926,14926]],[[15567,-6287,15568,-6296]],[[11282,-11283,15569]],[[15570]],[[15571,-15572,15572]],[[15573,15573,15573]],[[15281,15281,15281]],[[-12248,12247,15232]],[[15164,15574]],[[15575,-14821,15576,15532]],[[12038,-12039,15407]],[[13652,-13653,14987]],[[15577,-15578,15578]],[[15449,15449,15449]],[[15579,15160]],[[15549,15549,15549]],[[14707,15580]],[[15357]],[[15581,-12089,12088,-12089,-12092,-12091,12090]],[[15582,15582,15582]],[[15583,15583,15583]],[[-10217,10216,15381]],[[15584,15584,15584]],[[15585,15585,15585]],[[-11663,11662,15584]],[[15586,-15587,15201]],[[15475,15475,15475]],[[11405,15587]],[[-15203,15588,12012,15589]],[[-15591,15590,15479]],[[15460,-15461,15461]],[[15591,15591,15591]],[[-15266,15265,15190]],[[15205,15205,15205]],[[14404,15592,-9335,15593]],[[-15595,15594,15293]],[[11282,-11283,15569]],[[-15436,13794,15595]],[[6631,-6632,7224]],[[15190,15190,15190]],[[15424,15424,15424]],[[15596,15596,15596]],[[12463,15597,-12465]],[[15342]],[[15212,15212,15212]],[[15598,15598,15598]],[[15599]],[[15557,15558]],[[15280,-15281,15281]],[[15600,15600,15600]],[[14621,14621,14621]],[[15127,15127,15127]],[[10774,-10775,10885]],[[15599]],[[15601,-15602,15429]],[[15602,15602,15602]],[[-15287,15603,-6709]],[[15529]],[[15604,15604,15604]],[[8111,8111,8111]],[[-6384,-15289,-6387,15605]],[[15606,-11160,15607,-15379]],[[-13898,13897,15364]],[[10788,-10789,10890]],[[8910,15608]],[[15609,-15610,15531]],[[-14449,14448,15523]],[[15610,-14697,-13220,13217]],[[15162,15611,-15612]],[[15385,15385,15385]],[[15612,15612,15612]],[[15546]],[[15091,-15092,15092]],[[-13398,13397,15613]],[[15614,15614,15614]],[[10198,-10199,15360]],[[15615,-15616,15560]],[[15561,15561,15561]],[[14620,14621]],[[15579,15160]],[[15616,-15617,15604]],[[8122,-8123,8123]],[[10885,10885,10885]],[[15330,-15331,15362]],[[15617,15617,15617]],[[15291,15291,15291]],[[15618,15562]],[[15380]],[[-15222,15619]],[[-9246,9245,15299]],[[-15621,-15529,15091,-15545]],[[15621,-15622,-9682,15622,-15622]],[[12492,-12493,15623]],[[-6293,6292,15024]],[[15612,15612,15612]],[[15624,15624,15624]],[[-15626,15625,15212]],[[-15627,15626,15099]],[[15627,-15628,15628]],[[-10283,15629,10276,-15096]],[[15630,-15631,15591]],[[15617,15617,15617]],[[15631,15631,15631]],[[15632,-15633,15475]],[[-15634,15633,15634]],[[-11308,11307,15437]],[[15355,-15356,15635]],[[13142,-13143,15234]],[[15149,15149,15149]],[[-10919,10918,10896]],[[15472,15472,15472]],[[14765,-14766,15391]],[[15636,15636,15636]],[[-15323,15322,15323]],[[8026,15637]],[[15519]],[[15638,15638,15638]],[[15639,15639,15639]],[[15640,-15641,15295]],[[15037,-15038,15542]],[[6135,-6136,15498]],[[15641,15638]],[[15642,-15643,15549]],[[15519]],[[15387,15387,15387]],[[12687,-12688,15385]],[[12473,-12474,15643]],[[15644,14285,15645]],[[13808,-13809,13821]],[[15646,15646,15646]],[[13083,-13084,13087]],[[15647,-15648,15648]],[[15266,15267]],[[15649,15649,15649]],[[-11955,11954,15237]],[[15562,15562,15562]],[[-10774,10773,10885]],[[15305,-15306,15306]],[[15505,15650,-11696,15651]],[[15652,15652,15652]],[[12009,-12010,15469]],[[13246,-13247,13249]],[[15359,15359,15359]],[[15653,-15654,15548]],[[-14239,-14238,15654]],[[12062,-12063,12067]],[[15555]],[[-10475,10474,15550]],[[-15656,15655,15656]],[[15657,15657,15657]],[[15612,15612,15612]],[[15256,15256,15256]],[[-8485,8484,9030]],[[15658,-15659,9031]],[[-14634,15659,12004]],[[8078,-8079,8146]],[[15456]],[[-6133,15660,6172,15661]],[[-9200,9199,15210]],[[-15663,15662,15663]],[[-13813,13812,15664]],[[-14391,14390,15205]],[[15387,15387,15387]],[[-15666,15665,15379]],[[15666,15666,15666]],[[15571,-15572,15572]],[[15667,-15668,14907]],[[15668,15668,15668]],[[-13114,13113,15657]],[[15669,15669,15669]],[[6919,-6920,7237]],[[15670,-15671,15583]],[[-8498,8497,15263]],[[9127,-9128,15671]],[[-15352,15351,15666]],[[15504]],[[15672,15672,15672]],[[-12491,12490,15623]],[[12907,15573]],[[15668,15668,15668]],[[15624,15624,15624]],[[15673,-15674,15449]],[[15674,-15675,15648]],[[15518]],[[15565,-15566,15566]],[[9545,-9546,15551]],[[15519]],[[15675]],[[15190,15190,15190]],[[15676,15676,15676]],[[15677]],[[-11151,11150,15652]],[[15467,15467,15467]],[[-12473,12472,15643]],[[15678,15678,15678]],[[15519]],[[10037,-10038,15258]],[[15679,-15680,15052]],[[15519]],[[-10646,10645,15628]],[[15534,15534,15534]],[[-11157,-11155,-11152]],[[-15681,15680,15646]],[[15646,15646,15646]],[[15127,15127,15127]],[[15681,-15682,15664]],[[15682,-9295,15683,-9298]],[[15684]],[[10885,10885,10885]],[[13674,-13675,15600]],[[15346]],[[-12543,12542,15685]],[[15686,-15687,15602]],[[15596,15596,15596]],[[15687,15561]],[[15249]],[[15688,15688,15688]],[[15689,-15690,15149]],[[15690,-15691,15669]],[[15691,-15692,15312]],[[-12481,12480,15410]],[[15692]],[[13060,-15356,-8900,15693]],[[15395,-15396,15396]],[[15694,15694,15694]],[[15596,15596,15596]],[[-6584,6583,7355]],[[15308,15309]],[[-11198,11197,15668]],[[-10494,10493,15420]],[[15519]],[[-14489,14488,14994]],[[-11145,11144,15649]],[[15695]],[[12109,-12110,15127]],[[14800,-14801,15535]],[[-15634,15633,15634]],[[15536]],[[-15681,15680,15646]],[[15490]],[[15189,-15190,15190]],[[15696,15676]],[[15697,-15698,15291]],[[-11195,11194,15472]],[[10875,-10876,10889]],[[11034,-11035,15515]],[[15695]],[[15698,15698,15698]],[[15699,-13653,15700]],[[-15702,15701,15534]],[[-10273,10270,10271,15516]],[[-8089,8088,8110]],[[15484]],[[15612,15612,15612]],[[-11821,11820,15582]],[[15617,15617,15617]],[[12543,-12544,15685]],[[-15271,15270,15672]],[[-6512,-6515,-6513,6490]],[[15457,15702]],[[15694,15694,15694]],[[-11977,15703,13397,-15133]],[[15684]],[[15704,15704,15704]],[[-11205,11204,15639]],[[9130,-9131,15671]],[[15359,15359,15359]],[[-10813,10812,15585]],[[-12517,12516,15614]],[[15190,15190,15190]],[[15705,15705,15705]],[[-12263,12262,15698]],[[15706,-15707,15707]],[[15189,-15190,15190]],[[-15709,15708,15256]],[[10885,10885,10885]],[[10885,10885,10885]],[[10885,10885,10885]],[[8246,-8247,15598]],[[15389]],[[10885,10885,10885]],[[11053,15709]],[[15577,-15578,15578]],[[15685,15685,15685]],[[-8700,8699,9040]],[[15710,15707]],[[15387,15387,15387]],[[15466,-15467,15467]],[[7428,15705]],[[-14194,14193,15612]],[[8110,8110,8110]],[[15190,15190,15190]],[[15711,15711,15711]],[[15712,-15713,15596]],[[15618,15562]],[[15273,15273,15273]],[[10774,-10775,10885]],[[15713,-11592,11579]],[[15714,-15715,15636]],[[15715,15257]],[[15716,-15717,15663]],[[-10825,10824,15704]],[[15450,15450,15450]],[[10086,15717]],[[15718,15718,15718]],[[-12332,12331,15718]],[[15624,15624,15624]],[[11044,-11045,15694]],[[15133,-15134,15134]],[[15554]],[[-6829,6828,15711]],[[15450,15450,15450]],[[-6766,6765,15688]],[[-11591,11590,11594]],[[15675]],[[15719,15624]],[[15190,15190,15190]],[[10885,10885,10885]],[[10885,10885,10885]],[[12081,-12082,15359]],[[15720,-15721,15424]],[[15189,-15190,15190]],[[-12543,12542,15685]],[[-15682,15681,15387]],[[-10091,10090,15678]],[[-11053,11052,15709]],[[15721,15721,15721]],[[15721,15721,15721]],[[-10845,10844,15617]],[[7956,8111]],[[15722,15273]],[[12448,-12449,15347]],[[10885,10885,10885]],[[15389]],[[15631,15631,15631]],[[15389]],[[10885,10885,10885]],[[10820,-10821,15631]],[[-15526,15525,15721]],[[-10774,10773,10885]],[[12080,-12081,15450]],[[15519]],[[15692]],[[-8187,8186,8104]],[[8093,-8094,8110]]]},{"type":"Polygon","properties":{"name":"Región Metropolitana de Santiago"},"id":"CL-RM","arcs":[[232,-232,-231,230,-231,-230,-229,228,-229,-228,226,-226,15723,15724,15725,15726,15727,15728,-15729,15728,15729,15730,15731,15732,15733,15734,15735,15736,15737,15738,15739,15740,-15741,15740,15741,15742,-15743,15742,15743,-247,246,-247,-246,244,-244,242,242,-242,240,-240,238,-238,236,-236,234,-234]]},{"type":"MultiPolygon","properties":{"name":"Coquimbo"},"id":"CL-CO","arcs":[[[15744,15745,15746,15747,-15748,15747,-15748,15747,15748,15749,15750,15751,15752,15753,15754,15755,15755,15755,15756,-224,222,222,-222,220,220,-220,218,-218,216,-216,214,-214,212,-212,-211,210,-211,-210,15757,15758,15759,15760,-15761,15761,15762,15763,15764,15765,15766,15767,-15768,15767,15768]],[[15769]]]},{"type":"MultiPolygon","properties":{"name":"Atacama"},"id":"CL-AT","arcs":[[[15770,-15755,15753,-15753,15751,-15751,15749,-15749,-15748,15747,-15748,15747,-15748,-15747,15745,15744,-15769,-15768,15767,-15768,-15767,15771,15772,15773,15774,15774,15775,-54,52,-52,50,-50,48,-48,46,-46,44,-44,15776,-42,-41,39,-40,-39,37,-37,35,-35,33,-33,31,-31]]]},{"type":"Polygon","properties":{"name":"Libertador General Bernardo O'Higgins"},"id":"CL-LI","arcs":[[15732,-15732,15730,-15730,-15729,15728,-15729,-15728,15726,-15726,15777,-5742,-5741,5740,-5741,-5740,5739,-5740,-5739,5738,-5739,-5738,5736,-5736,5734,-5734,-5733,5732,-5733,-5732,5730,-5730,-5729,5728,-5729,5728,-5729,-5728,5726,-5726,-5725,5724,-5725,-5745,15778,-252,251,-252,-251,-250,15779,-248,-247,246,-15744,-15743,15742,-15743,-15742,-15741,15740,-15741,-15740,15738,-15738,15736,-15736,15734,-15734]]}]}},"arcs":[[[824,962],[-1,0],[0,-1],[-1,0],[-1,0],[-1,0],[-1,0]],[[819,961],[-1,0],[1,0]],[[819,961],[0,-1]],[[819,960],[1,0],[-1,0]],[[819,960],[-1,0],[-1,-1],[-1,0],[-1,0],[-1,0],[0,-1],[-1,0],[-1,0],[-1,0],[-1,0],[0,-1],[-1,0],[-1,0],[-1,0],[-1,0],[0,1],[-1,0],[-1,0],[-1,0],[0,-1],[-1,0],[-1,0],[-1,0],[-1,0],[0,-1],[-1,0],[0,1],[1,1],[-1,0],[-1,0],[-1,0],[-1,0],[-1,0],[-1,0]],[[793,958],[-1,0],[1,0]],[[793,958],[0,1],[-1,0],[-1,0],[-1,0],[-1,0],[-1,0],[-1,0],[-1,0],[-1,0],[-1,0]],[[784,959],[0,1],[0,-1]],[[784,959],[-1,0],[-1,0],[-1,0],[-1,0],[0,1],[-1,0],[-1,0],[-1,0],[-1,0],[-1,0],[-1,0],[-1,0],[0,1],[-1,0],[-1,0],[-1,0],[0,-1],[-1,0],[-1,0],[-1,0],[-1,0],[-1,0],[-1,0],[-1,0],[-1,0],[-1,0],[-1,0],[-1,0],[-1,0],[-1,0],[-1,0]],[[756,960],[0,-1],[0,1]],[[756,960],[-1,0]],[[755,960],[0,-1]],[[755,959],[-1,0],[-1,0],[-1,0],[-1,0],[-1,0],[0,-1],[-1,0],[-1,0],[-1,0],[-1,0],[-1,0],[-1,0],[0,-1],[-1,0],[-1,0],[-1,0],[-1,0],[0,-1],[-1,0],[-1,0],[-1,0],[-1,0],[-1,0],[-1,0],[0,-1],[-1,0],[-1,0]],[[732,955],[0,1],[0,1],[-1,0],[0,1],[-1,0],[0,1],[-1,0],[0,1],[1,0],[-1,0],[0,1],[1,0],[-1,0],[0,1],[-1,0],[0,1],[0,1],[-1,0],[0,1],[-1,0],[0,1],[1,0],[0,1],[0,-1],[0,1],[0,1],[1,0],[-1,0],[0,1],[0,1],[0,1],[1,0],[0,1],[1,0],[0,1],[-1,0],[0,1],[0,-1],[0,1],[0,-1],[0,1],[1,0],[-1,0],[1,0],[-1,0],[1,0],[1,0],[0,1],[-1,0],[-1,0],[0,1],[-1,0],[-1,0],[0,1],[-1,0],[1,0],[1,1],[1,0],[1,0],[1,0],[1,0],[1,0],[1,0],[1,0],[1,0],[2,0],[4,0],[2,0],[2,1],[2,0],[1,0],[1,0],[2,0],[1,0],[1,0],[1,0],[2,1],[1,1],[1,0],[2,1],[2,0],[2,1],[2,2],[1,0],[1,1],[0,1],[0,1],[-1,0],[-1,0],[0,1],[-1,0],[0,1],[0,1],[0,1],[-1,1],[-1,0],[0,1],[2,1],[1,0],[2,0],[2,0],[1,0],[3,0],[14,4],[0,-3],[9,-3],[0,-1],[1,0],[0,-1],[1,0],[0,-1],[0,-1],[0,-1],[1,0],[0,-1],[1,0],[1,0],[1,0],[1,-1],[1,1],[0,-1],[1,0],[1,0],[1,0],[1,0],[1,0],[1,0],[1,0],[1,0],[0,-1],[1,0],[1,0],[1,0],[0,-1],[-1,0],[-1,0],[1,0],[-1,-1],[-1,0],[-1,0],[-1,0],[0,-1],[-1,0],[1,0],[0,-1],[1,0],[1,0],[0,-1],[1,0],[1,0],[1,0],[-1,0],[0,-1],[0,-1],[1,0],[1,0],[1,0],[-1,0],[0,-1],[0,-1],[-1,0],[1,0],[0,-1],[0,-1],[1,0],[1,0],[1,0],[0,-1],[-1,0],[0,-1],[1,0],[-1,0],[0,-1],[0,-1],[1,0],[-1,0],[-1,0],[0,-1],[1,0],[1,0],[1,0],[0,-1],[0,-1],[1,0],[0,-1],[1,0],[0,-1],[1,0],[1,-1],[1,-1],[-1,0],[0,-1],[-1,0]],[[856,909],[-2,-1],[-1,-2],[-4,0],[-2,-1],[-2,0],[-6,-2],[-4,-1],[-5,-1],[-4,-1],[-2,0],[-4,0],[-3,0],[-3,-1],[-2,0],[-5,0],[-3,-1],[-4,0],[-2,0],[-2,-1],[-1,0],[-2,-1],[-2,-1],[-3,-1],[-2,-1],[-2,0],[0,-1],[-1,0],[-1,0]],[[782,892],[-1,0]],[[781,892],[-1,0],[0,1]],[[780,893],[-1,0]],[[779,893],[0,1],[-1,0],[-1,0]],[[777,894],[-1,0]],[[776,894],[0,1]],[[776,895],[1,0],[-1,0]],[[776,895],[-1,0],[0,1],[-1,0],[-1,0],[-1,0]],[[772,896],[-1,0]],[[771,896],[-1,0],[-1,0]],[[769,896],[0,1]],[[769,897],[-1,0],[-1,0],[-1,0],[-1,0],[-1,0],[-1,0],[-1,0],[-1,0],[-1,0],[-1,0],[-1,0],[-1,0],[-1,0],[-1,0],[-1,0],[-1,0],[-1,0],[-1,0],[-1,0],[-1,0],[-1,0],[-1,0]],[[747,897],[-1,0],[0,1],[-1,0],[0,1],[-1,0],[1,0],[0,1],[1,0],[0,1],[-1,0],[0,1],[-1,0],[0,1],[-1,0],[0,1],[-1,0],[0,1],[1,0],[-1,0],[0,1],[-1,0],[-1,0],[0,1],[-1,0],[0,1],[1,0],[0,1],[1,0],[1,0],[0,1],[-1,0],[0,1],[0,1],[-1,0],[-1,0],[-1,0],[0,1],[-1,0],[-1,0],[1,0],[1,0],[0,1],[-1,0],[0,1],[1,0],[-1,0],[0,1],[1,0],[0,1],[0,1],[-1,0],[0,1],[1,0],[-1,0],[1,0],[-1,0],[0,1],[1,0],[0,1],[1,0],[1,0],[0,1],[-1,0],[1,0],[0,1],[-1,0],[1,0],[0,1],[-1,0],[1,0],[-1,0],[-1,0],[0,1],[1,0],[1,0],[1,0],[0,1],[1,0],[0,1],[-1,0],[1,0],[-1,0],[0,1],[-1,0],[1,0],[-1,0],[0,1]],[[740,929],[1,0],[0,1],[-1,0],[1,0],[0,1],[1,0],[0,1],[-1,0],[1,0],[0,1],[0,1],[0,1],[-1,0],[0,1],[0,1],[1,0],[-1,0],[0,1],[-1,0],[1,0],[-1,0],[0,1],[0,-1],[-1,0],[0,1],[1,0],[1,0],[0,1],[-1,0],[0,1],[0,1],[-1,0],[1,0],[-1,0],[0,1],[-1,0],[0,1],[-1,0],[-1,0],[1,0],[-1,0],[-1,0],[-1,0],[1,0],[1,0],[0,1],[1,0],[-1,0],[0,1],[1,0],[-1,0],[1,0],[0,1],[-1,0],[0,1],[-1,1],[0,1],[-1,0],[1,0],[-1,0],[-1,1],[0,1],[-1,0],[-1,0],[1,0],[-1,0],[1,0],[-1,0],[0,1],[1,0],[-1,0],[0,1],[1,0],[0,1]],[[824,962],[0,-1],[1,0],[1,0],[0,-1],[1,0],[0,-1],[1,0],[1,-1],[1,0],[1,0],[1,0],[1,0],[1,0],[1,-1],[1,0],[1,0],[1,-1],[1,0],[1,0],[1,-1],[1,0],[1,0],[1,-1],[1,0],[1,0],[0,-1],[1,0],[1,0],[2,0],[1,-1],[1,0],[1,0],[1,0],[1,0],[0,-1],[1,0],[5,-2],[-1,0],[0,-1],[-1,0],[-1,0],[-1,-1],[-1,0],[-1,0],[0,-1],[-1,0],[-1,0],[0,-1],[-1,0],[-1,0],[-1,-1],[-1,0],[-1,0],[0,-1],[-1,0],[0,-1],[-1,0],[1,0],[-1,0],[-1,0],[-2,-1],[-1,0],[-1,0],[1,0],[0,-1],[1,0],[1,0],[1,0],[1,0],[1,0],[-1,-1],[1,0],[1,-1],[1,0],[3,0],[1,0],[-1,-1],[1,-1],[1,0],[-1,0],[0,-1],[-1,0],[0,-1],[-1,0],[0,-1],[-1,0],[-4,0],[-1,0],[-2,-1],[-1,0],[-5,0],[-1,-1],[1,0],[1,0],[1,0],[0,-1],[1,0],[0,1],[1,0],[0,-1],[-1,0],[1,0],[0,-1],[0,1],[0,-1],[-1,0],[1,0],[0,-1],[-1,0],[1,0],[0,-1],[1,0],[-1,0],[0,-1],[1,0],[1,0],[1,0],[-1,0],[0,-1],[1,0],[-1,0],[-1,0],[-1,0],[-3,0],[0,-1],[0,-1],[0,-1],[1,0],[1,0],[1,0],[0,-1],[1,0],[1,0],[1,0],[0,-1],[1,0],[1,0],[1,0],[1,0],[1,0],[0,-1],[1,0],[1,0],[1,0],[1,0],[1,0],[0,-1],[1,0],[1,0],[1,0],[1,0],[-1,0],[1,0],[0,-1],[1,0],[-1,0],[-1,0],[-1,0],[-1,0],[0,-1],[-1,0],[-1,0],[0,-1],[-1,0],[-1,0],[0,-1],[1,0],[0,-1],[-1,0],[1,0],[0,-1],[-1,0],[1,0],[-1,0],[0,-1],[1,0],[0,-1],[1,0],[1,0],[1,0],[0,-1],[1,0]],[[852,796],[-1,0],[-1,0],[0,1],[-1,0],[-1,-1],[-1,0],[-1,0],[-2,0],[-1,0],[0,-1],[-1,0],[-1,0],[-1,0],[0,-1],[-1,0],[-1,0],[-1,0],[-1,0],[-1,0],[-1,0],[-1,1],[-1,0],[-1,-1],[-1,0],[-1,0],[-1,1],[-1,0],[-1,0],[0,-1],[-1,0],[-1,0],[-1,0],[-1,0],[-1,0],[-1,0]],[[820,794],[-1,0],[-1,0],[-1,0],[1,0],[1,0],[1,0]],[[820,794],[0,-1],[-1,0]],[[819,793],[-1,0],[1,0]],[[819,793],[0,-1],[1,0],[1,-1],[-1,0],[-1,0],[-1,0],[0,-1],[-1,0],[-1,0],[0,-1],[-1,0]],[[815,789],[-1,0],[1,0]],[[815,789],[0,-1],[1,0],[0,-1],[0,-1],[-1,0],[-1,0],[0,-1]],[[814,785],[1,0],[-1,0]],[[814,785],[0,-1]],[[814,784],[-1,0]],[[814,784],[-1,-1],[0,1]],[[813,784],[-1,-1],[-1,0],[-1,0],[-1,0],[-1,0],[-1,0],[-1,0],[-1,0],[0,-1],[-1,0],[-1,0],[-1,0],[-1,0],[-1,0],[-1,0],[-1,0],[-1,0],[-1,0],[-1,0],[0,-1],[-1,0],[-1,0],[0,1],[-1,0],[-1,0],[-1,0],[0,-1],[-1,0],[-1,0],[-1,0],[-1,0],[-1,0],[0,-1],[-1,0],[-1,0],[-1,0],[-1,0],[-1,0],[-1,0],[-1,0],[-1,0],[-1,0],[-1,0],[-1,0],[-1,0],[-1,0],[-1,0],[-1,0],[-1,0],[-1,0],[-1,0],[-1,0],[-1,0],[-1,0],[-1,0],[-1,0],[-1,0],[-2,1],[-2,0],[-8,-1]],[[749,780],[-1,0],[-2,-1]],[[746,779],[-1,0],[0,1],[-1,0],[-1,0],[-1,0]],[[742,780],[0,-1],[0,1]],[[742,780],[-1,0],[-1,0]],[[740,780],[0,-1],[0,1]],[[740,780],[-1,0],[-1,0],[-1,0],[-1,0],[-1,0],[-1,0],[-1,0],[-1,0],[0,1],[-1,0],[-1,0],[-1,0],[0,-1],[-1,0],[-1,0],[-1,0],[-1,0],[-1,0],[-1,0],[-1,0],[-1,0]],[[721,780],[0,-1],[0,1]],[[721,780],[-1,0],[0,-1],[-1,0],[-1,0],[-1,0],[-1,0],[-1,0],[0,-1],[-1,0],[-1,0],[-1,0],[-1,0],[-1,0]],[[710,778],[-1,0],[1,0]],[[710,778],[0,-1]],[[710,777],[1,0],[-1,0]],[[710,777],[-1,0],[-3,0]],[[706,777],[1,0],[0,1],[0,1],[-1,0],[1,0],[-1,0],[0,1],[-1,0],[1,0],[-1,0],[-1,0],[0,1],[-1,0],[-1,0]],[[702,781],[0,1],[-1,0],[0,1],[-1,0],[1,0],[-1,0],[1,0],[0,1],[-1,0],[1,0],[1,0],[1,0],[0,1],[-1,0],[1,0],[0,1],[0,1],[1,0],[-1,0],[1,0],[1,0],[1,0],[1,0],[0,1],[-1,0],[0,1],[1,0],[-1,0],[0,1],[1,0],[-1,0],[0,1],[0,-1],[1,0],[0,1],[1,0],[1,0],[1,0],[1,0],[1,0],[0,1],[1,0],[1,0],[1,0],[0,1],[-1,0],[1,0],[-1,0],[1,0],[0,1],[1,0],[1,0],[1,0],[1,0],[1,0],[0,1],[0,1],[-1,0],[1,0],[-1,0],[1,0],[-1,0],[1,0],[-1,0],[0,1],[1,0],[-1,0],[1,0],[-1,0],[1,0],[-1,0],[1,0],[-1,0],[1,0],[1,0],[0,1],[-1,0],[0,1],[1,0],[-1,0],[1,0],[-1,0],[0,1],[-1,0],[0,1],[-1,0],[-1,0],[-1,0],[0,1],[1,0],[0,1],[1,0],[0,1],[0,1],[-1,0],[0,1],[-1,0],[-1,0],[-1,0],[0,1],[1,0],[0,1],[-1,0],[-1,0],[0,1],[0,1],[-1,0],[0,1],[-1,0],[-1,0],[1,0],[0,1],[1,0],[-1,0],[0,1],[1,0],[0,1],[0,1],[1,0],[-1,0],[-1,0],[0,1],[0,1],[1,0],[-1,0],[1,0],[0,1]],[[712,818],[1,0],[-1,0]],[[712,818],[0,1],[1,0],[0,1],[-1,0],[0,1],[1,0],[-1,0],[1,0],[0,1],[1,0],[0,1],[0,1],[1,0],[0,1]],[[715,825],[0,1],[1,0],[-1,0],[0,1],[1,0],[0,1],[0,-1],[0,1],[0,1],[-1,0],[1,0],[-1,0],[1,0],[-1,0],[0,1],[0,1],[1,0],[-1,0],[0,1]],[[715,832],[1,0],[-1,0]],[[715,832],[1,0],[0,1],[-1,0],[0,1],[-1,0],[1,0],[-1,0],[1,0],[1,0],[0,1],[0,1],[1,0],[1,0],[0,1],[1,-1],[0,1],[0,-1],[0,1],[1,0],[1,0],[0,1],[1,0],[0,1],[1,0],[-1,0],[1,0],[0,1],[1,0],[-1,0],[0,1],[1,0],[-1,0],[0,1],[-1,0],[1,0],[-1,0],[0,1],[-1,0],[-1,0],[0,1],[-1,0],[-1,0],[-1,0],[-1,0],[-1,0],[0,-1],[-1,0],[0,-1],[-1,0],[-1,0],[-1,0],[0,1],[-1,0],[-1,0],[-1,0],[-1,0],[1,0],[0,1],[1,0],[0,1]],[[709,845],[1,0],[-1,0]],[[709,845],[0,1],[0,1],[1,0],[-1,0],[1,0],[0,1],[-1,0],[0,1],[0,1],[1,0],[-1,0],[1,0],[0,1],[1,0],[1,0],[0,1],[-1,0],[1,0],[0,1],[-1,0],[-1,0],[1,1],[1,0],[0,1],[1,0],[1,0],[1,0],[0,1],[1,0],[0,-1],[0,-1],[1,0],[1,0],[1,0],[1,0],[1,0],[1,0],[1,0],[1,0],[1,1],[1,0],[1,0],[0,1],[1,0],[0,1],[1,0],[1,0],[-1,0],[0,1],[1,0],[1,0],[0,1],[-1,1],[0,1],[-1,0],[0,1],[1,0],[-1,0],[1,0],[0,1],[1,0],[-1,0],[1,0],[0,1],[1,0],[0,1],[-1,0],[1,0],[0,1],[1,0],[-1,0],[0,1],[-1,0]],[[731,867],[1,0],[-1,0]],[[731,867],[1,0],[0,1],[1,0],[0,1],[1,0],[0,1],[-1,0],[-1,0],[1,0],[0,1],[0,1],[1,0],[-1,0],[0,1],[1,0],[-1,0],[1,0],[-1,0],[1,0],[0,1],[-1,0],[1,0],[0,1],[1,0],[-1,0],[0,1],[1,0],[0,1],[0,1],[1,0],[0,1],[0,1]],[[736,880],[1,0],[-1,0]],[[736,880],[1,0],[1,0],[0,1],[-1,0],[1,0],[-1,0],[0,1],[1,0],[0,1],[1,0],[0,1],[-1,0],[0,1],[1,0],[1,0],[0,1],[1,0],[0,1],[0,1],[-1,0],[0,1],[1,0],[0,1],[-1,0],[0,1],[1,0],[0,1],[1,0],[1,0],[1,0],[0,1],[1,0],[0,1],[-1,0],[1,0],[-1,0],[1,0],[-1,0],[1,0],[1,0],[0,1],[-1,0],[1,0],[-1,0],[0,1],[1,0],[1,0],[0,1]],[[856,909],[1,0],[0,1],[1,0],[1,0],[1,0],[1,0],[1,0],[0,-1],[-1,0],[1,0],[1,0],[0,-1],[1,0],[1,0],[0,-1],[2,0],[2,-1],[0,-1],[8,-5],[0,-3],[0,-4],[0,-1],[2,-1],[2,-1],[1,0],[1,-1],[1,-1],[1,0],[-1,-5],[2,-1],[1,0],[1,0],[0,-1],[1,0],[1,0],[1,0],[1,0],[0,-1],[1,0],[0,-1],[1,0],[-1,0],[0,-1],[-1,0],[1,0],[0,-1],[1,0],[1,0],[0,-1],[0,-1],[-1,0],[0,-1],[-1,0],[1,-1],[0,-1],[-1,0],[1,0],[1,0],[1,0],[0,-1],[1,0],[-1,0],[1,0],[0,-1],[0,-1],[1,0],[0,-1],[1,0],[1,0],[1,0],[-1,0],[0,-1],[1,0],[-1,0],[-1,0],[0,-1],[1,0],[-1,0],[-1,0],[-1,0],[1,0],[0,-1],[0,-1],[-1,0],[0,-1],[1,0],[1,0],[-1,0],[0,-1],[-1,0],[1,-1],[-1,0],[0,-1],[1,0],[0,1],[1,0],[0,-1],[1,0],[1,0],[1,0],[-1,0],[1,0],[1,0],[0,-1],[17,0],[26,2],[12,-5],[-15,-19],[-1,-1],[-1,-1],[0,-1],[-1,0],[-4,-5],[-51,-7],[-13,-2],[-1,0],[0,-1],[-1,0],[-1,0],[0,-1],[-1,0],[1,0],[-1,0],[0,-1],[-1,0],[-1,0],[-1,0],[0,1],[-1,0],[0,-1],[-1,0],[0,1],[-1,0],[0,-1],[1,0],[-1,0],[-1,0],[1,0],[-1,0],[0,-1],[-1,0],[0,-1],[-1,0],[1,0],[-1,0],[1,0],[-1,0],[0,-1],[0,1],[-1,0],[0,-1],[-1,0],[-1,0],[0,1],[-1,0],[0,-1],[1,0],[0,-1],[-1,0],[-1,-1],[-1,0],[-1,0],[0,-1],[-1,0],[0,-1],[-1,0],[0,-1],[1,0],[1,0],[1,-1],[-1,0],[1,0],[1,0],[0,-1],[0,1],[1,0],[0,-1],[1,0],[1,0],[1,0],[1,0],[1,0],[-1,0],[0,-1],[1,0],[0,-1],[1,0],[-1,0],[1,-1],[0,-1],[1,0],[1,0],[1,0],[0,-1],[1,0],[1,-1],[-1,0],[-1,0],[-2,0],[-1,-1],[0,1],[-1,0],[-1,0],[-1,0],[-1,0],[-1,0],[0,-1],[-1,0],[-1,0],[0,-1],[1,0],[-1,-1],[-1,0],[-1,0],[-1,-1],[1,0],[0,-1]],[[715,802],[0,0],[0,0],[0,0]],[[554,433],[1,0],[-1,0]],[[554,433],[0,-1],[-1,0],[-1,-1],[-1,0],[-1,0],[0,-1],[1,0],[1,0],[1,0],[1,0],[1,0],[1,0],[1,0]],[[557,430],[1,0]],[[558,430],[1,0],[1,0]],[[560,430],[0,-1]],[[560,429],[1,0],[0,1],[1,0],[1,0],[1,0],[1,0],[0,-1],[1,0],[1,0],[1,0],[1,0],[1,0],[1,0],[1,0],[1,0],[1,0],[1,0]],[[575,429],[0,1],[0,-1]],[[575,429],[1,0],[0,-1],[1,0],[0,1],[1,0],[0,-1],[1,0],[1,0],[1,0],[1,0],[1,0],[1,0],[1,0],[1,0],[1,0],[1,0],[1,0],[1,0],[1,0],[1,0],[1,0],[1,0],[0,-1],[1,0],[6,1],[3,0],[1,0],[1,0],[1,0],[1,0],[0,1],[1,0],[1,0],[1,0],[1,0],[1,0],[1,0],[1,0],[0,1],[1,0],[1,0],[1,0],[1,0],[1,0],[1,0],[1,0],[0,-1],[1,0],[1,0],[0,-1],[1,0],[1,0],[1,0],[1,0],[1,0],[1,0],[1,0],[1,0],[1,0],[0,-1]],[[633,427],[-1,0],[1,0]],[[633,427],[0,-1],[1,0],[1,0]],[[635,426],[-1,0],[-1,0],[0,-1],[0,-1],[-1,0],[1,0],[1,0],[0,-1],[1,0],[-1,0],[-1,0],[0,-1],[-1,0],[1,0],[-1,0],[1,0],[0,-1],[1,0],[0,-1],[-1,0],[1,0],[1,0],[-1,0],[0,-1],[-1,0],[1,0],[-1,0],[1,0],[0,-1],[1,0],[0,1],[1,0],[1,0],[0,-1],[1,0],[1,0],[1,0],[1,0],[-1,0],[0,-1],[-1,0],[-1,0],[0,-1],[1,0],[-1,0],[0,-1],[-1,1],[-1,0],[0,-1],[-1,0],[0,-1],[-1,0],[0,-1],[1,0],[0,-1],[-1,0],[-1,0],[-1,0],[-1,0],[-1,0],[-1,0],[-1,0],[0,1],[-1,0],[-1,0],[-1,0],[-1,0],[0,-1],[1,0],[1,0],[0,-1],[-1,0],[1,0],[-1,0],[0,-1],[-1,0],[1,0],[1,0],[-1,0],[-1,0],[0,-1],[1,0],[1,0],[0,-1],[1,0],[1,0],[1,0],[0,-1],[1,0],[1,0],[1,0],[0,1],[0,-1],[1,0],[0,1],[0,-1],[1,0],[1,0],[0,-1],[1,0],[0,-1],[-1,0],[-1,0],[-1,0],[1,0],[0,-1],[-1,0],[-1,0],[-1,0],[-1,0],[0,-1],[0,1],[-1,0],[-1,0],[-1,0],[-1,0],[-1,0],[-1,0],[1,0],[-1,0],[0,-1],[-1,0],[1,0],[-1,0],[0,-1],[-1,0],[0,-1],[1,0],[-1,0],[0,-1]],[[622,400],[-1,0]],[[621,400],[0,1],[-1,0],[0,-1]],[[620,400],[1,0]],[[620,400],[-1,0],[-1,0],[-1,0],[0,-1],[-1,0],[-1,0],[0,-1]],[[615,398],[-1,0]],[[614,398],[-1,0],[-1,0],[-1,0],[0,1],[-1,0],[0,-1],[-1,0],[-1,0],[-1,0],[-1,0],[-1,0],[-1,0],[-1,0],[-1,0],[-1,0],[-1,0],[-1,0],[0,-1],[-1,0],[0,1],[-1,0],[-1,0],[-1,0],[-1,0],[-1,0]],[[593,398],[-1,0]],[[592,398],[-1,0]],[[591,398],[-1,0],[1,0]],[[591,398],[0,-1],[-1,0],[-1,0],[0,1],[-1,0],[-2,0],[-1,0],[-2,0],[-1,0],[-2,0],[-2,0],[-1,0],[-2,0],[-1,0],[-1,-1],[-1,0],[-1,0],[-1,0],[-1,0],[0,1],[-1,0],[-1,0],[0,1],[-1,0],[-1,0],[-1,0],[-1,0],[-1,0]],[[562,399],[-1,0]],[[561,399],[-1,0],[-1,0],[-1,0],[0,1],[-1,0],[-1,0]],[[556,400],[-1,0],[1,0]],[[556,400],[0,1]],[[556,401],[-1,0]],[[555,401],[-1,0],[-1,0]],[[553,401],[-1,0]],[[552,401],[-1,0]],[[551,401],[0,1]],[[551,402],[-1,0]],[[550,402],[-1,1]],[[549,403],[1,0],[-1,0]],[[549,403],[-1,0],[0,1],[-1,0],[-1,0],[-1,0],[0,1],[-1,0],[-1,0],[-1,0],[-1,0],[-1,0],[-1,0],[-1,0],[0,1]],[[538,406],[-1,0]],[[537,406],[-1,0],[-1,0],[-1,0],[-1,0],[0,-1],[-1,0],[0,1],[-1,0],[-1,0],[-1,0],[-1,0],[-1,0],[-1,0],[-1,0],[-1,0],[-1,0],[-1,0],[-1,0],[-1,0],[-1,0],[-1,0],[-1,0],[-1,0],[-1,0],[-1,0],[0,1],[-1,0],[-1,0],[0,1]],[[512,408],[-1,0]],[[511,408],[-1,0],[-1,0],[-1,0],[0,-1],[-1,0],[-1,0],[-1,0],[-1,0],[-1,1],[0,-1],[-1,0],[-1,0],[-1,0],[-2,0],[-1,1],[-1,0],[0,1],[-1,0],[-1,0],[0,-1],[-1,0]],[[493,408],[0,1],[0,1],[1,0]],[[494,410],[-1,0],[1,0]],[[494,410],[1,0],[1,0],[0,1],[1,0],[0,1],[0,1],[-1,0],[0,1],[-1,0],[0,1],[-1,0],[1,0],[1,0],[0,1],[1,0],[1,0],[-1,0],[1,0],[1,0],[1,0],[1,0],[1,0],[0,1],[1,0],[1,0],[1,0],[1,0],[1,0],[1,0],[-1,0],[1,0],[-1,0],[1,0],[1,0],[0,1],[1,0],[0,1],[1,0],[1,0],[0,-1],[1,0]],[[513,418],[1,0],[-1,0]],[[513,418],[1,0],[0,-1],[1,0],[-1,0],[1,0],[-1,0],[1,0],[-1,0],[1,0],[1,-1],[1,0],[0,1],[-1,0],[1,0],[-1,0],[1,0],[-1,0],[1,0],[0,1]],[[517,418],[0,-1],[1,0],[1,0]],[[519,417],[1,0]],[[520,417],[0,-1],[1,0]],[[521,416],[1,0]],[[522,416],[1,0]],[[522,416],[0,-1],[1,0],[-1,0],[0,1]],[[523,416],[1,0],[0,1],[1,0]],[[525,417],[1,0],[1,0],[1,-1],[0,1],[-1,0],[-1,0],[1,0],[-1,0],[0,1]],[[526,418],[-1,0]],[[526,418],[1,0],[1,0],[1,0],[1,0],[1,0],[1,0],[0,-1],[-1,0],[1,0],[1,0],[1,0],[-1,0],[-1,0],[1,0],[0,1],[1,0],[-1,0],[-1,0],[-1,0],[-1,0],[0,1],[0,-1],[1,0],[-1,0],[-1,0],[-1,0],[-1,0],[1,0],[-1,0],[1,0],[-1,0],[-1,0]],[[526,418],[1,0],[0,1],[-1,0],[1,0],[0,-1],[-1,0]],[[525,418],[-1,0]],[[525,418],[0,1]],[[525,419],[-1,0]],[[525,419],[1,0],[0,1]],[[526,420],[1,0],[0,-1],[1,0],[0,1],[1,0],[1,0],[-1,0],[-1,0],[-1,0],[-1,0]],[[526,420],[-1,0]],[[525,420],[0,1]],[[525,421],[1,0]],[[526,421],[0,-1]],[[526,420],[1,0],[-1,0]],[[526,421],[0,1]],[[526,422],[1,0],[-1,0]],[[526,422],[1,0],[1,0],[1,0]],[[529,422],[1,0],[1,0],[1,0],[0,1],[1,0],[0,-1],[1,0],[0,1],[1,0],[1,0],[1,0],[0,-1],[0,1],[-1,0],[1,0],[-1,0],[-1,0],[-1,0],[-1,0],[1,0],[-1,0],[-1,0],[1,0],[-1,0],[1,0],[-1,0],[-1,0],[-1,0],[1,0],[1,0],[0,1],[1,0],[1,0],[1,0],[-1,0],[-1,0],[-1,0],[1,0],[-1,0],[1,0],[0,1]],[[533,425],[1,0]],[[534,425],[1,0],[-1,0]],[[533,425],[0,-1],[-1,0],[1,0],[-1,0],[1,0],[-1,0],[-1,0]],[[531,424],[0,1]],[[531,425],[1,0],[-1,0]],[[531,424],[-1,0]],[[531,425],[1,0],[1,0]],[[533,425],[-1,0],[1,0]],[[531,425],[-1,0],[0,-1]],[[531,424],[0,-1],[-1,0],[-1,0]],[[529,423],[-1,0],[-1,0],[0,1],[1,0],[-1,0],[1,0],[-1,0],[0,-1],[1,0],[1,0]],[[529,423],[-1,0],[0,-1],[-1,0],[-1,0]],[[526,422],[1,0],[0,1],[-1,0],[1,0],[-1,0],[0,-1]],[[526,422],[-1,0]],[[525,422],[-1,0]],[[524,422],[-1,0]],[[523,422],[0,-1],[-1,0],[1,0],[0,1]],[[524,422],[0,-1],[1,0]],[[525,421],[-1,0],[0,-1]],[[524,420],[0,-1]],[[524,419],[-1,0]],[[523,419],[-1,0]],[[522,419],[-1,0]],[[521,419],[-1,0],[-1,0],[1,0],[-1,0],[1,0],[-1,0],[0,1],[1,0],[-1,0],[0,-1],[1,0],[-1,-1]],[[519,418],[-1,0]],[[518,418],[-1,0]],[[517,418],[-1,0]],[[516,418],[-1,0],[1,0]],[[516,418],[0,1],[-1,0],[0,1],[1,0],[0,1],[0,1],[-1,0],[-1,0],[1,0],[-1,0],[1,0],[0,1],[1,0],[1,0],[-1,0],[1,0],[1,0],[-1,0],[1,0],[1,0],[0,1],[-1,0],[1,0],[1,0],[1,0],[0,1],[1,0],[1,0],[0,1],[0,-1],[0,1],[1,0],[-1,0],[1,0],[-1,0],[1,0],[0,1],[1,0],[1,0],[0,1],[-1,0],[1,0],[0,1],[-1,0],[1,0],[1,0],[1,0],[0,1]],[[528,430],[-1,0],[0,1]],[[527,431],[-1,0],[1,0]],[[527,431],[1,0],[0,-1]],[[528,430],[1,0],[1,0],[1,0],[1,0],[1,0],[1,1],[1,0],[1,0],[1,0],[1,0],[0,1],[1,-1],[0,1],[1,0],[1,0],[0,1],[1,0],[1,0],[1,0],[1,0],[1,0],[1,0],[1,0],[1,0],[1,0],[1,0],[1,0],[1,0],[1,0]],[[522,419],[0,-1],[1,0]],[[523,418],[1,0]],[[525,418],[0,-1]],[[521,416],[0,1],[0,-1]],[[521,416],[0,1],[-1,0]],[[520,417],[1,0],[-1,0]],[[520,417],[-1,1]],[[519,418],[1,0],[1,0],[0,1]],[[521,419],[0,-1],[0,1]],[[526,422],[0,0]],[[523,419],[0,-1]],[[523,418],[-1,1]],[[3,578],[1,0],[1,0],[0,-1],[1,0],[0,-1],[-1,0],[1,0],[-1,0],[0,-1],[-1,0],[-1,0],[0,1],[-1,0],[-1,0],[0,1],[-1,0],[1,0],[-1,0],[1,0],[0,1],[1,0],[1,0]],[[136,581],[1,0]],[[137,581],[1,0],[0,-1],[1,0]],[[139,580],[-1,0],[1,0]],[[139,580],[1,0]],[[140,580],[1,0],[1,0]],[[142,580],[1,0]],[[143,580],[0,-1]],[[143,579],[-1,0]],[[142,579],[-1,0],[-1,0],[-1,0]],[[139,579],[-1,0]],[[138,579],[-1,0]],[[137,579],[0,1]],[[137,580],[-1,0]],[[136,580],[-1,0]],[[135,580],[0,-1]],[[135,580],[-1,0]],[[134,580],[0,-1]],[[134,579],[-1,0]],[[133,579],[0,1]],[[133,579],[-1,0]],[[132,579],[-1,0]],[[132,579],[0,1]],[[132,580],[1,0]],[[133,580],[1,0]],[[135,580],[0,1]],[[135,581],[1,0]],[[644,618],[1,0],[1,0],[1,0],[1,0],[0,1],[1,-1],[1,0],[1,0],[1,0],[1,0],[1,0],[1,0],[0,-1],[1,0],[1,0],[1,0],[1,0],[1,1],[1,0],[1,0],[1,0],[1,0],[0,1],[1,0],[1,0],[1,0],[1,0],[0,-1],[1,0],[1,0],[1,0],[0,1],[1,0],[1,0],[1,0],[1,1],[1,0],[1,0],[1,0],[0,1]],[[678,621],[1,0]],[[679,621],[0,1],[1,0],[1,0],[0,-1],[1,0],[1,0],[1,0],[1,0],[1,0]],[[686,621],[0,-1],[0,1]],[[686,621],[1,0],[1,0],[1,0],[1,0],[1,0],[1,0],[1,0],[1,0],[0,1],[1,0],[1,0],[0,-1],[1,0]],[[697,621],[0,1],[0,-1]],[[697,621],[1,1],[1,0],[1,0],[1,0],[1,0],[1,0],[0,-1],[1,0],[1,0],[1,0],[0,-1]],[[706,620],[-1,0],[1,0]],[[706,620],[0,-1]],[[706,619],[-1,0],[1,0]],[[706,619],[1,0],[1,0],[1,0],[0,-1],[1,0],[1,0],[1,0],[1,0],[1,0],[0,1],[1,0],[0,-1],[1,0],[1,0],[1,0],[1,0],[1,0],[0,-1]],[[720,617],[-1,0],[1,0]],[[720,617],[1,0],[0,-1]],[[721,616],[-1,0],[1,0]],[[721,616],[0,-1],[1,0],[1,0],[1,0],[0,1],[1,0],[1,0],[1,0],[0,-1],[1,0],[1,0],[0,1]],[[729,616],[1,-1],[1,0],[1,0],[1,0],[1,0],[0,-1],[1,0],[1,0],[0,-1],[-1,0],[1,0],[-1,-1],[-1,0],[1,0],[-1,0],[1,0],[0,-1],[1,0],[1,0],[1,0],[1,0],[1,0],[0,-1],[1,0],[0,-1],[1,0],[0,-1],[-1,0],[0,-1],[-1,0],[-1,0],[0,-1],[1,0],[1,0],[0,-1],[-1,0],[1,0],[0,-1],[0,-1],[1,0],[1,0],[0,-1],[1,0],[1,0],[0,-1],[1,0],[1,0],[0,-1],[1,0],[1,0],[1,0],[1,0],[0,-1],[1,0],[-1,0],[0,-1],[-1,0],[1,0],[-1,0],[1,0],[-1,0],[1,0],[0,-1],[1,0],[-1,0],[-1,0],[0,-1],[-1,0],[-1,0],[-1,0],[-1,0],[-1,0],[0,-1]],[[745,595],[-1,0],[-1,0],[-1,0],[0,-1],[-1,0],[-1,0],[-1,0],[-1,0],[-1,0],[0,-1],[-1,0],[-1,0]],[[735,593],[-1,0],[1,0]],[[735,593],[0,-1],[-1,0],[-1,0],[-1,0],[0,1],[-1,0],[-1,0],[0,1],[-1,0],[-1,0],[-1,0],[-1,0],[-1,0],[-1,0],[-1,0],[0,1],[0,1],[-1,0],[-1,0],[-1,0],[-1,0],[0,-1],[-1,0],[-1,-1],[-1,0],[-1,0],[0,1],[-1,0],[-1,0],[0,1]],[[713,596],[-1,0]],[[712,596],[0,1],[-1,0],[-1,0],[0,1]],[[710,598],[-1,0]],[[709,598],[-1,0],[-1,0],[-1,0],[-1,0],[-1,0],[-1,0],[-1,0],[-1,0],[-1,0]],[[700,598],[0,1],[0,-1]],[[700,598],[0,1],[-1,0],[0,-1],[-1,0],[-1,0],[-1,0]],[[696,598],[0,1],[0,-1]],[[696,598],[-1,0]],[[695,598],[0,1],[0,-1]],[[695,598],[-1,0],[-1,0],[0,1],[-1,0],[0,-1],[-1,0],[-1,0],[-1,0],[-1,0],[-1,0],[0,-1],[-1,0],[-1,0],[-1,0],[-1,0],[-1,0],[-1,0],[-1,0],[0,-1],[1,0],[0,-1],[-1,0],[0,-1]],[[680,594],[1,0],[-1,0]],[[680,594],[0,-1],[1,0],[0,-1],[1,0],[0,-1],[-1,0],[-1,0],[-1,0],[-1,0],[-1,0],[-1,0],[-1,0],[-1,0],[-1,0],[0,-1],[-1,0],[-1,0],[0,1],[-1,0],[-1,0],[-1,0],[-1,0],[0,-1],[-1,0],[0,-1],[1,0],[1,0],[0,-1],[-1,0],[0,-1],[-1,0],[-1,0],[-1,0],[-1,0],[0,-1],[-1,0],[-1,0],[-1,0],[-1,0],[-1,0],[0,-1],[0,-1],[-1,0],[0,-1],[1,0]],[[658,583],[1,0],[-1,0]],[[658,583],[0,-1],[1,0],[0,-1],[-1,0],[-1,0],[0,-1],[-1,0],[-1,0],[-1,0],[0,-1],[-1,0],[-1,0]],[[652,579],[-1,0],[1,0]],[[652,579],[0,-1],[1,0],[1,0]],[[654,578],[1,0],[-1,0]],[[654,578],[0,-1],[1,0],[1,0],[1,0],[-1,-1],[-1,0],[-1,0],[-1,0],[-2,0],[-1,0],[-1,0],[-1,0],[0,1],[-1,0],[0,-1],[-1,0],[-1,0],[0,1],[-1,0],[-1,0],[0,-1],[0,-1],[0,-1],[-1,0],[-1,0],[-1,0],[-1,0],[0,-1],[-1,0],[-1,0],[-1,0],[-1,0],[-1,0],[0,-1],[-1,0]],[[633,572],[-1,0]],[[632,572],[-1,0],[-1,0],[-1,0]],[[629,572],[1,0],[0,1]],[[630,573],[-1,0],[0,-1]],[[629,572],[-1,0],[-1,0],[0,1],[-1,0],[-1,0],[-1,0]],[[624,573],[-1,0]],[[624,573],[0,1],[0,1],[1,0],[0,1],[1,0],[1,0],[0,1],[1,0],[1,0],[1,0],[1,0],[1,0],[1,0],[1,1],[1,0],[1,0],[0,1],[1,0],[0,1],[1,0],[0,1],[1,0],[-1,0],[0,1],[1,0],[1,0],[0,1],[-1,0],[0,1],[-1,0],[-1,0],[1,0],[-1,0],[-1,0],[0,1],[-1,0],[-1,0],[-1,0],[0,1],[-1,0],[1,0],[1,0],[0,1],[-1,0],[1,0],[-1,0],[1,0],[1,0],[1,0],[0,1],[0,1],[-1,0],[0,1],[-1,0],[-1,0],[1,0],[0,1],[-1,0],[0,1],[1,0],[-1,0],[0,1],[-1,0],[1,0],[-1,0],[-1,0],[0,1],[-1,0],[1,0],[-1,0],[1,0],[1,0],[1,0],[1,0],[1,0],[1,0],[-1,0],[0,1],[1,0],[0,1],[1,0],[1,0],[1,0],[-1,0],[0,-1],[1,0],[0,1],[0,-1],[1,1],[1,0],[1,0],[1,0],[0,1],[1,0],[-1,0],[1,0],[-1,0],[1,0],[0,1],[-1,0],[1,0],[-1,0],[1,0],[-1,0],[1,0],[1,0],[0,1],[1,0],[0,1],[0,1],[-1,0],[-1,0],[0,1],[1,0],[-1,0],[1,0],[-1,0],[0,1],[1,0],[0,-1],[1,0],[1,0],[-1,0],[1,0],[0,1],[1,0],[-1,0],[1,0],[-1,0],[1,0],[-1,0],[0,1],[-1,0],[1,0],[-1,0],[1,0],[1,0],[1,0],[1,0],[0,1],[1,0],[0,1],[1,0],[-1,1],[-1,0],[0,1],[0,-1],[0,1],[-1,0],[1,0],[-1,0],[0,1],[0,1],[1,0],[0,-1],[1,0],[0,1],[1,0],[-1,0],[1,0],[0,1],[-1,0],[1,0],[-1,0],[1,0],[0,1],[1,0],[0,1],[-1,0],[-1,0],[-1,0],[0,1],[0,-1],[0,1],[-1,0],[1,0],[-1,0],[0,1],[-1,0],[1,0],[-1,0],[1,0],[0,1],[-1,0],[-1,0],[1,0],[-1,0],[-1,0],[-1,0],[0,1],[0,-1],[0,1],[-1,0],[1,0],[-1,0],[1,0],[-1,0],[0,1]],[[413,255],[1,0]],[[414,255],[1,0],[1,0],[1,0],[1,0],[1,0],[1,0],[0,-1],[1,0],[1,0],[0,-1],[1,0],[0,1],[-1,0],[1,0],[1,0],[-1,0],[1,0],[-1,0],[1,0],[1,0],[-1,0],[1,0],[0,1],[1,0],[1,0],[0,-1],[1,0],[1,0],[0,1],[0,-1],[0,1],[1,0],[-1,0],[1,0],[-1,0],[-1,0],[-1,0],[-1,0],[-1,0],[0,-1],[-1,0],[-1,0],[0,1],[-1,0],[-1,0],[-1,0],[0,1],[1,0],[-1,0],[1,0],[0,1]],[[421,257],[1,0]],[[422,257],[1,0]],[[421,257],[0,1],[1,0],[1,0]],[[423,258],[1,0]],[[424,258],[1,0]],[[425,258],[1,0],[1,0],[1,0],[1,0]],[[429,258],[1,0]],[[430,258],[1,0],[1,0],[1,0]],[[433,258],[1,0]],[[434,258],[1,0],[1,0]],[[425,258],[0,1],[1,0],[1,0],[-1,0],[1,0],[1,0]],[[428,259],[-1,0],[1,0]],[[428,259],[-1,0],[-1,0],[0,1],[1,0]],[[427,260],[-1,0],[0,1]],[[426,261],[1,0]],[[427,261],[0,1],[0,-1]],[[426,261],[-1,0],[1,0]],[[426,261],[-1,0],[0,-1]],[[425,260],[-1,0],[-1,0],[1,0],[1,0]],[[425,260],[0,-1],[-1,0],[-1,0],[-1,0],[0,-1],[-1,0],[-1,0],[-1,0],[-1,0],[-1,0],[-1,0],[-1,0],[1,0],[-1,0],[1,0],[0,-1],[-1,0],[0,-1],[-1,0],[1,0],[-1,0],[-1,0],[-1,0],[-1,0],[-1,0],[-1,0],[-1,0],[-1,0],[-1,0],[-1,0],[-1,0],[-1,0],[0,1]],[[403,257],[0,-1],[0,1]],[[403,257],[-1,0]],[[402,257],[0,-1],[-1,1],[-1,0],[0,1],[1,0],[-1,0],[1,0],[-1,0],[1,0],[1,0],[1,0],[1,0],[1,0],[1,0],[1,0],[1,0],[-1,0],[1,0],[0,1],[1,0],[1,0],[1,0],[0,-1],[1,0],[1,0],[1,0],[1,0],[0,1],[1,0],[1,0],[1,0],[-1,0],[-1,0],[-1,0],[-1,0],[-1,0],[-1,0],[-1,0],[-1,0],[-1,0],[-1,0],[-1,0],[-1,0],[-1,0]],[[405,259],[-1,0],[-1,0],[-1,0],[1,0],[1,0],[1,0]],[[405,259],[1,0],[0,1],[1,0],[-1,0],[1,0],[1,0],[1,0],[1,0],[1,0],[-1,0],[-1,0],[-1,0],[-1,0],[-1,0],[-1,0],[-1,0],[1,0],[1,0],[-1,0],[0,-1]],[[405,259],[-1,0],[-1,0],[0,1],[-1,0],[-1,0],[-1,0],[1,0],[-1,0],[1,0],[1,0],[0,1],[-1,0],[-1,0],[-1,0],[1,0],[-1,0],[0,1],[-1,0],[1,0],[-1,0],[1,0],[-1,0],[1,0],[-1,0],[1,0],[1,0],[1,0],[-1,0],[0,1],[1,0],[0,-1],[1,0],[0,1],[1,0],[-1,0],[1,0],[1,0],[1,0],[0,-1],[-1,0],[1,0],[1,0],[1,0]],[[407,262],[0,-1],[0,1]],[[407,262],[1,0]],[[408,262],[1,0],[1,0],[0,-1],[1,0],[-1,0],[1,0],[1,0],[1,0],[1,0],[1,0],[1,0],[1,0],[0,-1],[1,0],[1,0],[1,0],[-1,0],[-1,0],[0,1],[-1,0],[-1,0],[-1,0],[-1,0],[-1,0],[-1,0],[0,1]],[[412,262],[-1,0],[-1,0],[-1,0],[-1,0]],[[408,262],[1,0],[0,1],[1,0],[1,0],[0,-1],[1,0]],[[412,262],[1,0]],[[413,262],[1,0]],[[414,262],[1,0]],[[415,262],[1,0],[-1,0]],[[415,262],[1,0],[1,0]],[[417,262],[-1,0],[1,0]],[[417,262],[0,1]],[[417,262],[1,0],[1,0],[1,0],[1,0],[1,0],[-1,0],[-1,0],[-1,0],[1,0],[0,1],[-1,0],[-1,0]],[[418,263],[1,0],[1,0],[1,0],[0,1]],[[421,264],[1,0],[1,0],[1,0]],[[424,264],[-1,0],[1,0]],[[424,264],[1,0]],[[425,264],[1,0]],[[426,264],[1,0]],[[427,264],[0,-1],[-1,0],[1,0],[0,-1],[-1,0],[-1,0],[1,0],[-1,0],[1,0],[-1,0],[1,0],[1,0],[1,0]],[[428,262],[1,0]],[[428,262],[0,1],[1,0]],[[429,263],[1,0],[-1,0]],[[429,263],[1,0],[1,0],[1,0],[1,0],[1,0],[1,0],[-1,0],[0,-1]],[[434,262],[1,0]],[[435,262],[0,1],[1,0],[1,0],[0,-1],[1,0]],[[438,262],[0,1],[-1,0],[-1,0],[1,0],[1,0],[1,0],[-1,0],[1,0],[0,-1]],[[439,262],[1,0]],[[439,262],[-1,0]],[[438,262],[-1,0],[1,0]],[[438,262],[0,-1]],[[438,261],[-1,0]],[[438,261],[1,0]],[[439,261],[1,0],[1,0]],[[441,261],[0,1]],[[441,262],[1,0],[0,-1],[-1,0]],[[441,261],[-1,0],[1,0]],[[441,261],[-1,-1]],[[440,260],[1,0],[-1,0]],[[440,260],[1,0],[1,0],[-1,0],[0,1]],[[441,261],[1,0],[1,0]],[[443,261],[1,0]],[[444,261],[1,0]],[[445,261],[0,-1]],[[445,260],[-1,0]],[[444,260],[0,-1],[-1,0]],[[443,259],[-1,-1],[-1,0],[0,1]],[[441,259],[0,-1],[1,0],[1,0],[1,0],[1,0],[-1,0],[1,0],[0,1]],[[445,259],[1,0],[-1,0]],[[445,259],[1,0],[0,1],[0,-1],[1,0],[-1,0],[1,0],[0,1],[0,-1],[0,1],[-1,0],[1,0],[-1,0],[1,0],[1,0],[1,0],[1,0],[1,0],[-1,0],[1,0],[-1,0],[1,0],[0,-1],[0,1],[-1,0],[-1,0],[0,1],[-1,0],[-1,0]],[[447,261],[1,0],[-1,0]],[[447,261],[-1,0],[-1,0]],[[445,261],[0,1],[1,0],[-1,0],[-1,0]],[[444,262],[1,0],[-1,0]],[[444,262],[-1,0]],[[443,262],[0,1]],[[443,263],[-1,0],[1,0]],[[443,263],[1,0]],[[444,263],[1,0]],[[445,263],[1,0],[-1,0]],[[445,263],[1,0],[1,0]],[[447,263],[0,-1],[1,0],[-1,0],[1,0],[-1,0],[1,0],[0,1],[-1,0]],[[447,263],[1,0],[0,-1],[0,1],[-1,0]],[[445,263],[0,1]],[[445,264],[-1,0]],[[444,264],[0,-1]],[[444,264],[-1,0]],[[445,264],[1,0]],[[446,264],[1,0]],[[447,264],[1,0],[1,0]],[[449,264],[1,0]],[[450,264],[1,0],[-1,0]],[[450,264],[1,0],[1,0]],[[452,264],[1,0]],[[453,264],[1,0]],[[454,264],[1,0]],[[454,264],[0,-1],[-1,0],[1,0],[1,0],[0,-1],[1,0],[0,1],[-1,0],[1,0],[1,0],[0,1]],[[457,264],[1,0]],[[458,264],[1,0]],[[459,264],[1,0]],[[460,264],[1,0]],[[461,264],[1,0]],[[462,264],[1,0],[1,0],[1,0]],[[465,264],[1,0]],[[466,264],[1,0]],[[467,264],[1,0]],[[468,264],[0,-1]],[[468,263],[1,0]],[[469,263],[1,0]],[[469,263],[0,1]],[[469,264],[-1,0]],[[468,263],[-1,0]],[[467,263],[0,-1]],[[467,262],[-1,0]],[[466,262],[-1,0]],[[465,262],[-1,0],[-1,0],[-1,0],[-1,0],[-1,0],[-1,0],[-1,0],[-1,0],[-1,0],[1,0],[1,0],[1,0],[1,0],[1,0],[1,0],[1,0],[1,0],[1,0]],[[467,262],[0,-1],[1,0]],[[468,261],[-1,0],[-1,0],[-1,0],[-1,0],[-1,0],[-1,0]],[[462,261],[0,-1]],[[468,261],[1,0]],[[469,261],[1,0],[1,0]],[[471,261],[-1,0],[1,0]],[[471,261],[1,0]],[[472,261],[1,0],[0,-1]],[[473,260],[-1,0]],[[472,260],[-1,0]],[[471,260],[0,-1]],[[471,259],[-1,0],[-1,0],[1,0],[-1,0],[-1,0]],[[468,259],[-1,0]],[[467,259],[-1,0]],[[466,259],[-1,0]],[[465,259],[-1,0],[-1,0],[-1,0],[0,-1],[-1,0],[-1,0],[0,1],[-1,0],[0,-1],[-1,0],[-1,0],[-1,0],[-1,0],[0,1],[-1,0],[-1,0],[1,0],[0,-1],[1,0],[-1,0],[1,0],[-1,0],[1,0],[1,0],[1,0],[1,0],[1,0],[1,0],[1,0],[1,0],[1,0],[-1,0],[1,0],[1,0],[1,0],[1,0],[1,0],[0,1]],[[468,259],[1,0],[1,0],[-1,0],[1,0],[0,-1],[0,-1],[0,-1]],[[470,256],[-1,0]],[[469,256],[-1,0]],[[468,256],[-1,0],[-1,0],[-1,0],[0,-1],[-1,0],[0,1],[-1,0],[-1,0],[1,0],[-1,0],[-1,0],[-1,0],[-1,0],[-1,0],[0,-1],[-1,0],[-1,0],[-1,0],[-1,0],[-1,0],[0,1],[0,-1],[-1,0],[0,1],[-1,0],[1,0],[0,-1],[0,1],[0,-1],[1,0],[1,0],[1,0],[1,0],[1,0],[1,0],[1,0],[1,0],[1,0],[0,1],[1,0],[0,-1],[-1,0],[1,0],[1,0],[0,1],[0,-1],[1,0],[1,0],[1,0],[1,0],[0,1],[1,0]],[[470,256],[1,0],[1,0],[0,1],[1,0],[-1,0],[-1,0]],[[471,257],[0,-1],[0,1]],[[471,257],[0,1],[1,0]],[[472,258],[-1,0],[1,0]],[[472,258],[-1,0],[0,1]],[[471,259],[1,0]],[[472,259],[1,0]],[[473,259],[1,0]],[[474,259],[1,0]],[[475,259],[0,-1]],[[475,258],[1,0],[1,0],[1,0],[-1,0],[1,0],[-1,0],[1,0],[0,-1],[-1,0],[0,-1]],[[477,256],[-1,0],[1,0]],[[477,256],[-1,0],[-1,0],[0,-1],[0,1],[0,-1],[-1,0],[-1,0],[-1,0],[0,-1]],[[472,254],[0,1],[-1,0],[1,0],[0,-1]],[[472,254],[-1,0]],[[471,254],[0,1],[0,-1]],[[471,254],[-1,0]],[[470,254],[0,1],[0,-1]],[[470,254],[-1,0],[-1,0],[1,0],[-1,0],[-1,0],[-1,0],[-1,0],[-1,0],[0,-1],[-1,0],[-1,0],[-1,0],[-1,0],[-1,0],[-1,0],[-1,0],[-1,0],[-1,0],[-1,0],[-1,0],[-1,0],[-1,0],[-1,0],[-1,0],[-1,0],[-1,0],[0,1],[-1,0],[-1,0],[-1,0],[1,0],[-1,0],[1,0],[0,1],[-1,0]],[[444,255],[-1,0],[1,0]],[[444,255],[0,-1],[0,1]],[[444,255],[-1,0],[0,-1],[-1,0],[-1,0],[0,1],[-1,0]],[[440,255],[-1,0],[0,1],[-1,0],[-1,0],[-1,0],[-1,0],[0,1]],[[435,257],[-1,0]],[[435,257],[1,0]],[[436,257],[1,0]],[[437,257],[0,1]],[[437,258],[-1,0]],[[436,258],[0,-1]],[[434,257],[0,-1],[1,0],[1,0],[1,0],[1,0],[0,-1],[1,0],[-1,0],[1,0],[1,0]],[[440,255],[0,-1],[1,0],[1,0],[1,0],[1,0],[1,0],[0,-1],[1,0],[1,0],[1,0],[1,0],[1,0],[1,0],[1,0],[0,-1],[1,0],[-1,0],[1,0],[1,0],[1,0],[1,0],[0,1],[1,0],[1,0],[1,0],[1,0],[1,0],[1,0],[1,0],[1,0],[1,0],[1,0]],[[466,253],[1,0]],[[467,253],[0,1],[1,0],[1,0],[1,0]],[[472,254],[1,0]],[[473,254],[1,0],[0,-1],[-1,0]],[[473,253],[-1,0]],[[472,253],[-1,0],[1,0]],[[473,253],[1,0],[0,-1]],[[474,252],[0,1],[1,0],[-1,0],[1,0],[-1,0],[1,0],[1,0],[1,0],[-1,0],[1,0],[1,0],[-1,0],[1,0],[0,-1],[1,0],[-1,0],[-1,0],[-1,0]],[[476,252],[-1,0]],[[476,252],[1,0],[1,0],[1,0],[0,-1]],[[479,251],[1,0],[1,0],[1,0],[1,-1],[1,0],[0,1],[0,-1],[1,0],[1,0],[-1,0],[0,1],[-1,0],[-1,0],[-1,0],[1,0],[-1,0],[0,1],[0,-1],[0,1],[-1,0]],[[481,252],[-1,0]],[[480,252],[-1,0],[0,1],[-1,0],[1,0],[-1,0],[-1,0],[-1,0],[-1,0],[-1,0],[1,0],[-1,0],[0,1],[1,0],[0,1],[1,0]],[[476,255],[0,-1],[0,1]],[[476,255],[1,0]],[[477,255],[1,0],[0,1]],[[478,256],[1,0]],[[479,256],[0,-1],[0,1]],[[479,256],[0,-1],[1,0],[1,0],[0,1]],[[481,256],[1,-1],[0,1]],[[482,256],[1,0]],[[483,256],[1,0]],[[484,256],[0,-1],[1,0],[0,-1],[1,0],[1,0],[1,0]],[[488,254],[1,0],[1,0],[1,0]],[[491,254],[0,-1],[1,0],[1,0],[0,-1],[-1,0],[0,-1],[-1,0],[0,-1],[-1,0],[0,-1]],[[490,249],[-1,0]],[[489,249],[-1,0],[-1,0],[0,-1],[1,0],[0,1],[0,-1],[-1,0],[-1,0],[-1,0]],[[485,248],[-1,0],[0,-1],[-1,0],[1,0],[-1,0],[0,-1],[1,0],[-1,0],[1,0],[0,-1],[0,1],[-1,0],[-1,0],[1,0],[-1,0],[-1,0],[-1,0],[1,0],[1,0],[-1,0],[-1,0],[0,-1],[-1,0],[-1,0],[0,-1],[-1,0],[-1,0],[0,-1],[-1,0],[-1,0],[-1,0],[0,-1],[-1,0],[1,0],[0,-1],[1,0],[-1,0],[1,0],[0,-1],[1,0],[1,0],[1,0],[1,0],[1,0],[1,0],[-1,0],[1,0],[1,1],[1,0],[1,0],[1,0],[1,0],[-1,0],[0,1],[-1,0],[1,0],[-1,0],[-1,0],[0,1],[1,0],[1,0],[-1,0],[1,0],[-1,0],[-1,0],[-1,0],[-1,0],[-1,0],[-1,0],[-1,0],[0,1],[1,0],[1,0],[0,1],[1,0],[-1,0],[1,0],[-1,0],[1,0],[0,-1],[0,1],[0,-1],[0,1],[0,-1],[0,1],[1,0],[0,-1],[0,1],[0,-1],[1,0],[1,0],[-1,0],[1,0],[-1,0],[1,0],[1,0],[1,0],[1,0],[1,0],[1,0],[0,1],[1,0],[1,1],[1,0]],[[491,246],[1,0]],[[492,246],[1,0]],[[493,246],[1,0]],[[494,246],[0,-1],[1,0],[-1,0],[1,0],[1,0],[1,0],[1,0],[1,0],[0,1],[1,0],[1,0]],[[501,246],[1,0]],[[501,246],[-1,0],[-1,0],[-1,0],[0,-1],[-1,0],[1,0],[-1,0],[-1,0],[-1,0],[0,1],[0,-1],[0,1],[-1,0]],[[493,246],[0,1],[-1,0]],[[492,247],[-1,0]],[[491,247],[-1,0],[1,0]],[[492,247],[0,1],[1,0],[-1,0],[-1,0],[0,1],[-1,0]],[[490,249],[1,0],[1,0],[0,-1],[0,1],[1,0],[1,0],[1,0],[1,0],[1,0],[0,1],[1,0],[1,0],[1,0],[0,1]],[[500,251],[1,0],[1,0],[-1,0],[1,0],[-1,0],[1,0],[-1,0],[0,-1],[1,0],[0,1],[1,0],[1,0],[1,0],[1,0],[1,0],[1,0],[1,0],[1,0]],[[510,251],[1,0]],[[511,251],[1,0]],[[512,251],[1,0]],[[513,251],[1,0]],[[514,251],[1,0],[0,-1]],[[515,250],[-1,0],[1,0]],[[515,250],[1,0]],[[516,250],[1,0],[0,-1],[1,0],[0,1],[1,0]],[[519,250],[1,0]],[[520,250],[1,0],[1,0],[1,0],[0,-1],[1,0],[1,0],[0,-1],[1,0],[-1,0],[0,1],[-1,0],[-1,0],[0,1],[-1,0],[-1,0],[-1,0]],[[515,250],[0,1],[0,-1]],[[514,251],[1,0],[-1,0]],[[513,251],[0,1],[-1,0]],[[512,252],[-1,0]],[[511,252],[-1,0],[-1,0],[-1,0],[-1,0],[-1,0],[0,-1],[0,1],[-1,0],[-1,0],[1,0],[0,1]],[[505,253],[1,0],[1,0],[-1,0],[1,0],[0,1],[1,0],[0,1],[1,0],[1,0],[1,0],[1,0],[1,0],[-1,0],[-1,0],[0,1],[1,0],[1,0],[1,0],[0,1],[1,0],[1,1],[1,0],[1,0]],[[518,258],[1,0]],[[519,258],[1,0],[1,0],[1,0]],[[522,258],[1,0]],[[523,258],[1,0]],[[519,258],[1,0],[-1,0]],[[519,258],[1,0],[0,1],[1,0],[1,0],[1,0],[1,0],[1,0],[1,0],[1,0]],[[527,259],[1,0],[1,0]],[[529,259],[1,0],[-1,0]],[[519,258],[0,1],[-1,0]],[[518,259],[-1,0],[1,0]],[[518,259],[1,0],[-1,0]],[[518,259],[-1,0],[-1,0]],[[516,259],[1,0],[-1,0]],[[516,259],[1,1]],[[517,260],[1,0],[-1,0]],[[517,260],[1,0],[0,1]],[[518,261],[0,-1],[0,1]],[[518,261],[1,0]],[[519,261],[1,0]],[[520,261],[1,0],[-1,0]],[[520,261],[1,0],[0,1]],[[521,262],[1,0],[1,0],[1,0]],[[524,262],[1,0],[1,0],[1,0],[1,0],[1,0],[0,1]],[[529,263],[1,0],[1,0]],[[531,263],[1,0],[0,1]],[[532,264],[0,-1],[1,0],[1,0]],[[534,263],[1,0]],[[535,263],[1,0]],[[536,263],[1,0],[0,-1],[1,0],[1,0],[1,0],[1,0],[-1,0],[1,0],[1,0],[-1,0],[-1,0],[-1,0],[0,1],[-1,0],[-1,0],[-1,0]],[[534,263],[0,1]],[[534,264],[-1,0],[-1,0]],[[532,264],[-1,0]],[[531,264],[-1,-1],[-1,0]],[[529,263],[-1,0],[0,-1],[-1,0],[-1,0],[-1,0],[-1,0]],[[521,262],[-1,0],[-1,0],[-1,0],[-1,0],[-1,0],[-1,0]],[[515,262],[-1,0]],[[514,262],[-1,0]],[[513,262],[0,1],[0,-1]],[[513,262],[-1,0]],[[512,262],[0,1]],[[512,263],[-1,0]],[[511,263],[-1,0]],[[510,263],[-1,0]],[[509,263],[-1,0]],[[508,263],[-1,0]],[[507,263],[-1,0]],[[506,263],[0,1],[1,0],[1,0],[1,0],[0,1]],[[509,265],[0,-1],[0,1]],[[509,265],[1,0],[1,0],[1,0],[1,0],[0,1],[1,0],[1,0],[0,1],[1,0],[1,0],[1,0]],[[518,267],[1,0]],[[519,267],[1,0],[1,0],[1,0],[1,0],[1,0],[1,0],[1,0],[1,0],[0,1]],[[527,268],[1,0]],[[528,268],[1,0]],[[528,268],[0,-1],[-1,0],[1,0],[-1,0],[1,0],[1,0],[1,0]],[[530,267],[1,0]],[[531,267],[1,0],[1,0],[0,1],[-1,0],[1,0],[1,0],[-1,0],[1,0],[-1,0],[1,0],[-1,0],[1,0],[-1,0],[-1,0],[-1,0]],[[531,268],[-1,0]],[[530,268],[-1,0]],[[527,268],[-1,0]],[[526,268],[-1,0],[-1,0]],[[524,268],[-1,0]],[[523,268],[0,1],[1,0]],[[524,269],[0,1],[1,0],[1,0],[1,0],[-1,0],[-1,0],[-1,0],[-1,0],[0,-1],[-1,0],[-1,0]],[[521,269],[-1,0]],[[520,269],[-1,0],[-1,0],[0,-1],[-1,0],[-1,0],[-1,0],[0,-1],[-1,0],[-1,0],[0,-1],[-1,0],[-1,0],[-1,0],[-1,0],[0,-1]],[[509,265],[-1,0]],[[508,265],[0,1],[-1,0],[1,-1]],[[508,265],[-1,0],[1,0]],[[508,265],[-1,0],[-1,0],[-1,0],[-1,0]],[[504,265],[1,0],[-1,0]],[[504,265],[1,0],[0,1],[0,1],[1,0],[-1,0],[1,0],[-1,0],[1,0],[0,1],[-1,0],[1,0],[1,0],[0,1],[0,1],[1,0],[0,1],[0,1],[1,0],[0,1],[1,0],[0,1],[1,0],[1,0],[1,0],[1,0],[1,0],[1,0],[1,0],[0,-1],[-1,0],[1,0],[-1,0],[0,-1],[0,1],[1,0],[0,1],[0,1],[-1,0],[1,0],[1,0],[1,0],[0,1],[0,-1],[0,1],[0,-1],[1,0]],[[520,275],[-1,1],[1,0],[1,0],[0,-1],[-1,0]],[[520,275],[0,1],[0,-1]],[[520,275],[1,0],[1,0],[0,-1],[0,1],[0,1],[-1,0],[-1,0],[1,0],[1,0],[1,0],[0,1],[1,0],[1,0],[1,0]],[[526,277],[1,0]],[[527,277],[1,0],[-1,0]],[[527,277],[1,0],[1,0],[1,0],[-1,0],[1,0],[-1,0],[1,0],[1,0]],[[531,277],[1,0],[1,0],[0,-1],[1,0],[0,-1],[1,0],[1,0],[1,0],[1,0]],[[538,275],[0,-1],[1,0],[0,1],[0,-1],[0,1],[0,-1],[1,0],[1,0],[1,0],[0,-1],[1,0],[0,1],[1,0]],[[544,274],[1,0]],[[545,274],[0,-1]],[[545,273],[-1,0],[-1,0],[1,0],[1,0]],[[545,273],[1,0]],[[546,273],[1,0],[1,0],[1,0],[1,0],[-1,0],[1,0],[1,0]],[[551,273],[1,0],[1,0],[1,0]],[[554,273],[0,-1],[1,0],[0,1],[1,0],[-1,0],[0,1]],[[555,274],[1,0]],[[556,274],[0,-1],[0,1]],[[556,274],[1,0]],[[557,274],[0,-1],[-1,0],[1,0],[0,1]],[[557,274],[1,0],[-1,0]],[[557,274],[0,1]],[[557,275],[-1,0]],[[556,275],[-1,0]],[[555,275],[-1,0],[-1,0],[-1,0],[-1,0],[0,-1],[-1,0],[-1,0],[-1,0],[-1,0],[-1,0],[-1,0]],[[545,274],[0,1],[-1,0],[-1,0],[-1,0],[1,0],[-1,0],[-1,0],[-1,0],[0,1],[-1,0],[1,0],[-1,0],[-1,0],[0,1],[-1,0],[-1,0],[-1,0],[1,0],[-1,0],[-1,0],[0,1]],[[534,278],[0,-1],[0,1]],[[534,278],[-1,0]],[[533,278],[-1,0],[-1,0],[-1,0],[-1,0],[0,1],[-1,0],[-1,0],[-1,0],[-1,0],[-1,0]],[[524,279],[0,-1]],[[524,278],[-1,0],[-1,0],[-1,0],[0,-1]],[[521,277],[-1,0]],[[520,277],[0,1]],[[520,278],[-1,0]],[[519,278],[-1,0]],[[518,278],[-1,0],[-1,0],[-1,0],[-1,0],[-1,0],[1,0],[-1,0],[-1,0],[0,1],[-1,0],[-1,0]],[[510,279],[-1,0]],[[509,279],[-1,0],[1,0]],[[509,279],[-1,0],[-1,0]],[[507,279],[1,0],[-1,0]],[[507,279],[1,0],[0,1]],[[508,280],[1,0]],[[509,280],[1,0]],[[510,280],[1,0]],[[511,280],[0,-1],[1,0],[0,-1],[1,0],[0,1],[0,1],[1,0],[1,0],[1,0],[1,0],[1,0],[1,0],[1,0],[1,0],[1,0],[1,0],[-1,0],[0,1],[-1,-1],[-1,0],[0,1]],[[520,281],[1,0],[1,0],[1,0],[1,0],[-1,0],[0,1],[-1,0],[-1,0],[0,1],[1,0],[1,0],[1,0],[-1,0],[-1,0],[-1,0],[-1,0],[-1,0],[1,0],[-1,0],[-1,0]],[[518,283],[0,1]],[[518,284],[-1,0],[0,1],[1,0],[0,1],[1,0]],[[519,286],[1,0]],[[520,286],[1,0]],[[521,286],[1,0],[1,0]],[[523,286],[-1,0],[1,0]],[[523,286],[1,0]],[[524,286],[1,0],[1,0],[1,0],[1,0],[1,0],[1,0]],[[530,286],[1,0],[1,0],[0,1]],[[532,287],[1,0],[1,0],[1,0],[1,0]],[[536,287],[0,-1]],[[536,286],[-1,0],[1,0]],[[536,286],[1,0]],[[537,286],[0,1],[1,0],[1,0],[1,0]],[[540,287],[1,0]],[[541,287],[0,1]],[[541,288],[1,0],[1,0],[1,0],[-1,0],[1,0],[1,0],[0,1]],[[545,289],[1,0],[1,0],[1,0],[0,-1],[0,1],[1,0],[1,0],[1,0],[1,0],[0,1],[1,0],[1,0],[1,0],[1,0],[1,0],[0,1],[1,0],[1,0],[1,0],[0,1],[1,0],[1,0],[1,0]],[[563,292],[-1,0],[1,0]],[[563,292],[1,0]],[[564,292],[1,0],[-1,0]],[[564,292],[0,1],[-1,0]],[[563,293],[-1,0],[1,0]],[[563,293],[0,1],[1,0]],[[564,294],[0,1],[1,0],[1,0],[-1,0],[0,1],[1,0],[1,0],[0,1],[1,0],[1,0],[0,1],[1,0],[1,0],[1,0],[1,0],[0,-1],[1,0],[1,0]],[[575,297],[1,0],[1,0],[1,0],[-1,0],[1,0],[1,0],[1,0],[0,-1],[0,1],[0,-1],[0,1],[-1,0],[-1,0],[-1,0],[1,0],[-1,0],[-1,0],[-1,0]],[[575,297],[0,1],[-1,0],[-1,0],[-1,0],[-1,0],[0,1],[-1,0],[1,0],[1,0],[-1,0],[-1,0],[1,0],[-1,0],[1,0],[0,1],[1,0],[0,1],[-1,0],[1,0],[1,0],[0,1],[1,0],[0,1],[-1,0],[0,-1],[0,1],[0,-1],[0,1],[-1,0],[0,-1],[1,0],[-1,0],[1,0],[-1,0],[-1,0],[0,-1],[-1,0]],[[570,301],[1,0],[-1,0]],[[570,301],[-1,0],[0,-1]],[[569,300],[1,1]],[[570,301],[0,-1]],[[570,300],[-1,0]],[[569,300],[-1,0]],[[568,300],[-1,0]],[[568,300],[0,-1],[-1,0],[1,0],[-1,0],[0,-1],[-1,0],[-1,0],[-1,0]],[[564,298],[-1,0],[-1,0]],[[562,298],[1,0],[0,1],[-1,0],[-1,0]],[[561,299],[1,0],[1,0],[1,0],[-1,0],[0,1],[-1,0],[0,-1],[0,1],[-1,0],[0,-1]],[[561,299],[0,1],[-1,0],[-1,0],[-1,0],[1,0],[-1,0],[-1,0]],[[557,300],[1,0],[-1,0]],[[557,300],[0,1],[0,-1]],[[557,300],[0,1],[-1,0]],[[556,301],[1,0],[-1,0]],[[556,301],[1,0],[1,0],[1,0],[1,0],[-1,0],[-1,0],[-1,0],[-1,0]],[[556,301],[-1,0]],[[555,301],[-1,0]],[[554,301],[-1,0]],[[553,301],[-1,0],[-1,0],[-1,0],[-1,0],[0,1]],[[549,302],[1,0],[0,1],[1,0],[-1,0],[1,0],[1,0],[1,0],[1,0],[-1,0],[-1,0],[-1,0],[-1,0],[-1,0]],[[549,303],[-1,0]],[[548,303],[-1,0],[-1,0],[-1,0],[1,0],[-1,0],[0,1],[-1,0],[-1,0],[-1,0],[-1,0],[-1,0],[-1,0],[0,1],[-1,0],[-1,0],[1,0],[0,-1],[-1,0],[-1,0],[-1,0]],[[535,304],[-1,0]],[[534,304],[-1,0]],[[533,304],[0,1],[-1,0]],[[532,305],[0,-1]],[[532,304],[-1,0],[0,1]],[[531,305],[0,-1],[0,1]],[[531,305],[-1,0]],[[531,305],[0,1],[1,0],[0,-1]],[[532,305],[0,1],[0,-1]],[[532,305],[0,1],[1,0],[1,0],[1,0],[0,-1],[1,0],[-1,0],[1,0],[-1,0],[0,1],[1,0]],[[536,306],[1,0],[-1,0]],[[536,306],[1,0],[1,0],[1,0],[1,0],[0,1],[0,-1],[1,0],[0,1],[-1,0],[0,-1],[-1,0],[-1,0],[-1,0],[0,1]],[[537,307],[-1,0]],[[536,307],[0,-1]],[[536,306],[-1,0],[1,0]],[[536,306],[-1,0],[0,1]],[[535,307],[1,0]],[[536,307],[0,1],[1,0],[-1,0],[-1,0],[0,-1]],[[535,307],[-1,0],[0,-1],[-1,0],[-1,0],[-1,0],[-1,0],[-1,0]],[[529,306],[1,0],[-1,0]],[[529,306],[-1,0]],[[528,306],[-1,0]],[[527,306],[-1,0],[-1,0]],[[525,306],[-1,0],[0,1]],[[524,307],[-1,0],[1,0]],[[524,307],[1,0]],[[525,307],[1,0]],[[524,307],[0,1],[0,-1]],[[524,307],[0,1],[1,0]],[[525,308],[-1,0],[1,0]],[[525,308],[1,0]],[[526,308],[1,0]],[[527,308],[1,0],[0,-1],[1,0],[1,0]],[[530,307],[1,0]],[[530,307],[-1,0],[0,1],[-1,0],[0,1],[1,0],[-1,0],[1,0],[-1,0],[1,0],[1,0],[0,1]],[[530,310],[0,-1],[1,0],[1,0],[1,0],[0,-1],[1,0],[1,0],[0,1],[1,0],[0,-1],[0,1],[1,0],[-1,0],[1,0],[-1,0],[1,0],[-1,0],[-1,0],[1,0],[-1,0],[0,1]],[[535,310],[1,0],[-1,0]],[[535,310],[-1,0]],[[535,310],[0,1],[-1,0]],[[534,311],[0,-1]],[[534,310],[-1,0]],[[533,310],[0,1],[1,0]],[[534,311],[1,0],[-1,0]],[[534,311],[0,1]],[[534,312],[1,0]],[[535,312],[1,0],[0,-1],[1,0],[0,-1],[1,0],[0,1],[-1,0],[-1,0],[0,1],[-1,0]],[[535,312],[1,0],[-1,0]],[[535,312],[1,0],[1,0],[0,1],[1,0],[1,0],[-1,0],[1,0],[0,-1],[-1,0],[1,0],[0,1],[1,0],[1,0],[-1,0],[0,1],[-1,0],[1,0],[-1,0],[1,0],[1,0],[1,0],[1,0],[-1,0],[-1,0],[0,1],[1,0],[-1,0],[-1,0],[1,0],[1,0],[1,0],[0,1],[1,0]],[[544,316],[0,1],[1,0],[-1,0],[1,0],[0,-1]],[[545,316],[1,0],[0,-1],[0,1],[1,0]],[[547,316],[-1,0],[1,0]],[[547,316],[1,0],[1,0],[-1,0],[1,0],[-1,0],[1,0],[-1,0],[1,0],[-1,0],[1,0],[1,0],[1,0],[1,0],[0,1],[0,-1],[1,0],[0,1],[0,-1],[1,0],[1,0],[1,0],[1,0],[1,0],[0,-1],[1,0],[1,0],[1,0],[1,0],[1,0],[1,0],[-1,0],[1,0],[-1,0],[-1,0],[-1,0],[-1,0],[-1,0],[0,1],[-1,0],[1,0],[-1,0],[1,0],[-1,0],[-1,0],[-1,0],[-1,0],[0,1],[1,0],[-1,0],[1,0],[-1,0],[1,0],[-1,0],[1,0],[0,1],[-1,0],[1,0],[0,1],[1,0]],[[557,319],[-1,0],[0,1]],[[556,320],[-1,0]],[[556,320],[0,-1],[-1,0]],[[555,319],[0,-1],[-1,0]],[[554,318],[0,-1],[-1,0],[-1,0],[-1,0],[-1,0],[-1,0],[-1,0],[0,-1],[0,1],[0,-1],[0,1],[-1,0],[1,0],[-1,0],[-1,0],[0,1]],[[546,318],[0,-1],[-1,0],[0,1]],[[545,318],[-1,0],[-1,0],[-1,0],[-1,0],[-1,0],[1,0],[1,0],[1,0],[1,0],[1,0]],[[545,318],[1,0]],[[546,318],[0,1],[1,0],[1,0],[1,0],[0,-1]],[[549,318],[1,0]],[[550,318],[1,0],[1,0],[1,0],[1,0]],[[554,318],[0,1],[1,0]],[[555,319],[0,1]],[[556,320],[1,0]],[[557,320],[1,0],[-1,0]],[[557,320],[0,-1]],[[557,319],[1,0]],[[558,319],[1,0],[-1,0]],[[558,319],[0,-1]],[[558,318],[-1,0],[1,0]],[[558,318],[1,0],[0,-1]],[[559,317],[1,0],[1,0],[1,0],[1,0],[1,0],[1,0],[1,0],[1,0],[1,0],[1,0],[1,0],[1,0],[1,0],[1,0],[1,0],[1,0],[1,0],[0,-1],[1,0],[1,0],[0,1],[1,0],[0,1],[1,0],[1,0],[1,0],[1,0]],[[583,318],[1,0],[-1,0]],[[583,318],[1,1]],[[584,319],[-1,0],[1,0]],[[584,319],[1,0],[1,0],[1,0],[1,0],[1,0],[1,0],[1,-1]],[[591,318],[1,0]],[[592,318],[0,-1]],[[592,317],[1,0],[-1,0]],[[592,317],[-1,0],[1,0]],[[592,317],[0,-1],[1,0]],[[593,316],[1,0],[1,0],[1,0],[-1,0],[-1,0],[-1,0]],[[593,316],[0,-1],[1,0],[1,0],[1,0],[1,0],[1,0]],[[598,315],[1,0]],[[599,315],[0,-1],[1,0],[1,0],[1,0],[1,0],[1,0],[1,0],[1,0]],[[606,314],[1,0],[0,-1],[-1,0],[-1,0],[0,-1],[1,0],[1,0],[1,0],[0,1],[1,0],[1,0],[0,-1]],[[610,312],[1,0]],[[611,312],[1,0],[1,0],[1,0],[1,0],[0,1]],[[615,313],[-1,0],[1,0]],[[615,313],[1,0],[1,0],[1,0],[1,0],[1,0],[1,0],[1,0],[1,0],[1,0],[0,-1]],[[624,312],[1,0],[1,0],[-1,0],[-1,0]],[[624,312],[0,-1],[1,0],[1,0],[0,-1],[1,0],[0,-1],[1,0],[0,1],[1,0],[0,-1],[1,0],[1,0]],[[631,309],[-1,0],[1,0]],[[631,309],[-1,0],[-1,0],[0,-1],[-1,0],[-1,0],[-1,0],[-1,0],[-1,0],[-1,0],[0,-1],[1,0],[1,0],[0,-1],[1,0],[0,-1],[1,0],[1,0],[-1,0],[-1,0],[-1,0],[1,0],[-1,0],[0,-1],[1,0],[-1,0],[-1,0],[1,0],[1,0],[0,-1],[1,0],[0,-1],[-1,0],[-1,0],[-1,0],[-1,0],[1,0],[0,-1],[1,0],[1,0],[0,-1],[-1,0]],[[625,300],[1,0],[1,0],[1,0],[1,0],[0,1],[1,0],[1,0],[1,0],[1,0],[1,0],[1,0],[0,-1],[1,0],[1,0],[0,1],[1,0],[1,0],[1,0],[1,0],[0,-1],[1,0],[1,0],[1,0],[0,1],[1,0],[1,0],[1,0],[1,0],[1,0],[1,0],[1,0],[1,0],[1,0],[1,0],[1,0],[1,0],[1,0],[0,-1]],[[657,300],[1,0],[1,0],[1,0],[1,0],[1,0],[1,0],[1,0],[1,0],[1,0],[1,0],[1,0],[1,0],[1,0],[0,-1],[1,0],[1,0],[1,0],[-1,0],[-1,-1],[-1,0],[1,0],[1,0],[1,0],[1,0],[0,-1],[1,0],[-1,0],[1,0],[0,-1],[-1,0],[1,0],[-1,0],[1,0],[-1,0],[-1,0],[-1,0],[-1,0],[-1,0],[0,-1],[-1,0],[0,1],[-1,0],[0,-1],[-1,0],[-1,0],[0,-1],[-1,0]],[[665,294],[1,0],[-1,0]],[[665,294],[1,0],[1,-1],[1,0],[-1,0],[0,-1],[1,0],[-1,0],[1,0],[-1,0],[0,-1],[-1,0],[-1,0]],[[665,291],[-1,0]],[[664,291],[0,-1],[-1,0],[-1,0],[-1,0],[-1,0],[-1,0],[-1,0],[-1,0],[-1,0],[-1,0],[-1,0],[0,1],[-1,0]],[[653,291],[-1,0],[-1,0],[-1,0],[0,1],[-1,0],[-1,0],[-1,0],[-1,0],[-1,0],[-1,0],[0,-1],[-1,0],[-1,0],[-1,0],[-1,0],[1,0],[-1,0],[-1,0],[-1,0],[-1,0],[-1,0],[-1,0],[-1,0],[-1,0]],[[633,291],[-1,0]],[[632,291],[-1,0],[-1,0],[-1,0],[-1,0],[-1,0],[-1,0],[-1,0],[-1,0],[1,0],[0,-1],[-1,0],[-1,0],[-1,0],[-1,0],[-1,0],[0,1],[-1,0],[-1,0],[-1,0],[1,0],[0,-1],[-1,0],[1,0],[-1,0],[-1,0],[0,1]],[[616,291],[-1,0]],[[615,291],[-1,0],[-1,0],[-1,0]],[[612,291],[-1,0],[-1,0],[-1,0],[-1,0],[-1,0],[1,0],[0,-1],[1,0],[1,0],[-1,0],[1,0],[-1,0],[1,0],[-1,0],[0,-1],[-1,0],[1,0],[0,-1],[-1,0],[1,0],[1,0],[1,0],[1,0]],[[612,288],[1,0]],[[613,288],[1,0],[0,-1],[1,0],[1,0],[1,0],[0,-1],[1,0],[1,0],[1,0]],[[620,286],[1,0],[1,0],[0,1],[1,0],[1,0],[1,0]],[[625,287],[1,0],[1,0],[1,0],[1,0]],[[629,287],[1,0],[0,-1],[1,0],[1,0],[1,0],[1,0],[1,0],[1,0],[1,0],[1,0],[1,0],[1,0],[1,0],[1,0],[1,0],[0,-1],[1,0],[-1,0],[1,0],[0,-1],[-1,0],[1,0],[1,0],[1,0],[0,-1],[1,0],[-1,0],[1,0],[-1,0],[0,-1],[-1,0],[1,0],[1,0],[1,0],[0,-1],[1,0],[1,0],[1,0],[1,0],[1,0],[-1,0],[1,0],[0,-1],[1,0],[1,0],[1,0],[0,-1],[1,0],[1,0],[1,0],[0,-1],[-1,0],[-1,0],[1,0],[1,0],[0,-1],[-1,0],[-1,0],[0,-1],[-1,0],[-1,0],[-1,0],[-1,0],[-1,0],[-1,0],[0,-1],[-1,0],[-1,0],[-1,0],[-1,0],[-1,0],[-1,0],[-1,0],[1,0],[0,-1],[1,0],[0,-1],[1,0],[-1,0],[1,0],[1,0],[1,0],[0,-1],[-1,0],[-1,0],[-1,0],[1,0],[-1,0],[-1,0],[-1,0],[-1,0],[0,-1],[0,1],[-1,0],[0,-1],[-1,0],[-1,0],[-1,0],[0,1],[-1,0],[-1,0],[-1,0],[-1,0],[-1,0],[0,-1],[-1,0],[-1,0],[-1,0],[-1,0],[-1,0],[0,-1],[1,0],[1,0],[-1,0],[0,-1],[-1,0],[-1,0],[-1,0],[1,0],[0,-1],[-1,0],[1,0],[-1,0],[-1,0],[1,0],[0,-1],[1,0],[-1,0],[-1,0],[0,-1],[1,0],[1,0],[0,-1],[1,0],[0,-1],[1,0],[-1,0],[0,-1],[-1,0]],[[628,263],[1,0],[1,0],[1,0],[1,0],[1,0],[1,0],[0,-1],[1,0],[1,0],[1,0],[0,-1],[1,0],[1,0],[0,-1],[-1,0]],[[638,260],[-1,0],[0,-1],[-1,0],[0,-1],[-1,0],[-1,0],[-1,0],[0,-1],[-1,0],[-1,0]],[[631,257],[-1,0]],[[630,257],[-1,0]],[[629,257],[0,-1],[-1,0]],[[628,256],[-1,0],[-1,0],[-1,0],[-1,0],[-1,0],[-1,0],[-1,0],[-1,0],[-1,0],[-1,-1]],[[618,255],[1,0]],[[619,255],[1,0]],[[620,255],[1,0],[0,-1],[1,0],[1,0],[1,0],[1,0],[1,0],[1,0],[1,0],[0,-1]],[[628,253],[1,0],[1,0],[0,-1],[1,0],[0,-1],[-1,0],[0,-1],[-1,0],[2,-1],[4,-3],[0,-1],[1,0],[0,-1],[-1,0],[0,-1],[1,0],[1,0],[0,-1],[-1,0],[1,0],[0,-1],[-1,0],[-1,0],[-1,0],[-1,0],[-1,0],[0,-1],[-1,0],[-1,0],[-1,0],[0,-1],[-1,0],[-1,0],[-1,0],[-1,0],[-1,0],[0,-1],[-1,0],[-1,0],[-1,0],[-1,0],[-1,0],[-1,0],[-1,0],[-1,0],[-1,0],[1,0],[1,-1],[0,-1],[-1,0],[-1,0],[-1,0],[0,-1],[1,0],[0,-1],[1,0],[-1,0],[1,0],[1,0],[1,0],[0,-1],[-1,0],[1,0],[1,0],[1,0],[1,0],[-1,0],[0,-1],[-1,0],[-1,0],[-1,0],[-1,-1],[-1,0],[1,0],[1,0],[1,0],[1,0],[0,-1],[1,0],[1,0],[1,0],[0,-1],[1,0],[-1,0],[-1,0],[0,-1],[-1,0],[1,0],[-1,0],[0,-1],[1,0],[1,0],[-1,0],[-1,0],[-1,0],[-1,0],[-1,0],[-1,0],[0,1],[-1,0],[-1,0],[-1,0],[-1,0],[-1,0],[1,0],[1,0],[0,-1],[-1,0],[-1,0],[0,-1],[1,0],[0,-1],[-1,0],[-1,0],[-1,0],[0,-1],[-1,0],[-1,0],[-1,0],[-1,0],[0,1],[-1,0],[-1,0],[0,-1],[-1,0],[0,-1],[-1,0],[-1,0],[-1,0],[0,-1],[-1,0],[-1,0],[0,1],[-1,0],[-1,0],[0,-1],[-1,0]],[[594,222],[-1,0]],[[593,222],[-1,0],[-1,0]],[[591,222],[0,-1],[0,1]],[[591,222],[0,-1],[-1,0],[-1,0]],[[589,221],[1,0],[1,0],[0,-1],[1,0],[0,-1],[-1,0],[-1,0],[0,-1],[1,0],[-1,0],[0,-1],[-1,0],[-1,0],[-1,0],[-1,0],[-1,0],[0,-1],[-1,0],[1,0],[-1,0],[-1,0],[1,0],[0,-1],[-1,0],[-1,0],[-1,0],[0,-1],[1,0],[1,0],[1,0],[1,0],[-4,-1],[-1,0],[-1,0],[0,1],[-1,0],[-1,0],[-1,0],[0,-1],[1,0],[1,0],[0,-1],[1,0],[1,0],[-1,0],[0,-1],[1,0],[-1,0],[-1,0],[0,-1],[-1,0],[-1,0],[0,-1]],[[576,209],[1,0],[0,-1],[1,0],[1,0],[1,0],[1,0],[1,0],[1,0],[0,-1],[-1,0],[1,0],[-1,0],[0,-1],[1,0],[-1,0],[0,-1],[1,0],[1,0],[1,0],[1,0],[1,0],[0,-1],[1,0],[1,0],[1,0],[1,0],[0,-1],[0,-1],[-1,0],[0,-1],[1,0],[1,0],[0,-1]],[[592,200],[0,1],[0,-1]],[[592,200],[1,0],[1,0],[1,0],[0,-1],[1,0],[1,0],[-1,0],[-1,-1],[-1,0],[-1,0],[-1,0],[-1,0],[-1,0],[-1,0],[-1,0],[-1,0],[-1,0],[0,-1],[1,0],[1,0],[-1,0],[-1,0],[-1,0],[0,-1],[-1,0],[1,0],[1,0],[0,-1],[-1,0],[-1,0],[0,-1],[-1,0],[-1,0],[-1,0],[-1,0],[-1,0],[-1,0],[-1,0],[-1,0],[0,1],[-1,0],[-1,0],[-1,0],[-1,0],[0,-1],[-1,0],[1,0],[1,0],[0,-1],[1,0],[-1,0],[0,-1],[1,0],[0,-1],[1,0],[0,-1],[0,-1],[0,-1],[1,-1],[-1,-1],[-1,0],[-1,0],[-2,0],[-1,-1],[-1,0],[-1,0],[-1,0],[-1,0],[-1,0],[0,-1],[-1,0],[-1,0]],[[563,184],[-1,0],[-1,0],[-1,-1],[-1,0],[-1,-1],[-1,0],[-1,0],[-1,0],[-1,0],[-1,0],[-1,1],[-1,0],[-1,0],[-1,0],[-1,0],[-1,-1],[-1,0],[-1,0],[0,-1],[-1,0],[-1,0],[0,-6],[-1,0],[-1,0],[-1,-1],[-1,0],[-1,0],[-1,0],[0,-1],[-1,0],[1,-1],[-1,0],[-1,0]],[[535,172],[-1,1],[-26,7],[-6,1],[-2,1],[-8,2],[-11,2]],[[481,186],[-7,2],[-1,0]],[[473,188],[1,0],[1,0],[-1,0],[1,0],[0,1]],[[475,189],[-1,0]],[[474,189],[-1,0],[0,-1]],[[473,188],[-1,0]],[[472,188],[0,1],[-1,0],[-1,0],[-1,0]],[[469,189],[-1,0]],[[468,189],[-1,0]],[[467,189],[-1,0]],[[466,189],[-1,0],[-1,0],[-1,0],[-1,0],[-1,0],[-1,0]],[[460,189],[-1,0],[-1,0],[-1,0],[0,-1]],[[457,188],[0,1],[-1,0],[-1,0],[1,0],[0,1]],[[456,190],[1,0]],[[457,190],[0,-1],[0,1]],[[457,190],[1,0]],[[458,190],[1,0],[1,0],[1,0],[1,0],[0,1],[-1,0],[0,-1],[-1,0],[1,0],[-1,0],[-1,0],[-1,0]],[[457,190],[0,1],[-1,0]],[[456,191],[0,-1]],[[456,190],[-1,0],[-1,0],[-1,0],[-1,0],[-1,0]],[[451,190],[1,0],[1,0],[-1,0],[0,1],[1,0],[-1,0],[-1,0],[-1,0],[-1,0],[0,1],[1,0],[1,0],[1,0]],[[452,192],[0,1]],[[452,193],[1,0],[1,0]],[[454,193],[1,0],[1,0],[1,0],[0,1]],[[457,194],[1,0],[1,0]],[[459,194],[0,-1],[1,0],[1,0],[1,0],[-1,0],[-1,0],[0,1],[-1,0]],[[459,194],[-1,0],[1,0]],[[459,194],[1,0],[-1,0]],[[459,194],[1,0],[0,1]],[[460,195],[1,0]],[[461,195],[1,0],[1,0]],[[463,195],[1,0],[1,0]],[[465,195],[1,0],[1,0]],[[467,195],[0,-1],[1,0],[1,0],[1,0],[1,0],[-1,0],[1,0],[1,0]],[[472,194],[0,-1],[1,0],[1,0],[1,0],[1,0],[1,0],[0,-1]],[[477,192],[1,0],[1,0],[-1,0],[1,0],[0,-1],[1,0],[1,0],[0,1]],[[481,192],[-1,0],[-1,0],[1,0],[-1,0],[1,0],[0,1],[-1,0],[-1,0],[-1,0],[-1,0],[-1,0],[0,1],[-1,0]],[[474,194],[1,0],[-1,0]],[[474,194],[1,0],[0,1],[0,1]],[[475,196],[1,0],[1,0],[1,0],[1,0],[1,0],[1,0],[1,0],[1,0],[1,0],[0,1],[1,0],[-1,0],[1,0],[1,0],[1,0],[1,0],[0,-1],[1,0],[-1,0],[1,0],[0,1],[-1,0],[1,0],[-1,0],[-1,0],[-1,0],[-1,0],[-1,0],[1,0],[-1,0],[-1,0],[-1,0],[-1,0],[-1,0]],[[480,197],[0,-1],[1,1],[0,-1],[-1,0],[0,1]],[[480,197],[-1,0]],[[479,197],[-1,0],[-1,0],[-1,0],[-1,0],[-1,0]],[[474,197],[-1,0],[-1,0],[-1,0],[-1,0],[-1,0]],[[469,197],[0,1]],[[469,198],[-1,0],[-1,0],[-1,0]],[[466,198],[-1,0],[-1,0],[-1,0],[-1,0],[-1,0],[-1,0]],[[460,198],[-1,0]],[[460,198],[1,0],[0,1]],[[461,199],[1,0]],[[462,199],[1,0],[1,0],[1,0],[1,0],[1,0]],[[467,199],[1,0]],[[468,199],[1,0],[1,0],[1,0],[1,0],[1,0],[1,0],[1,0],[1,0],[1,0],[1,0]],[[478,199],[1,0]],[[479,199],[1,0],[-1,0]],[[461,199],[-1,0]],[[460,199],[-1,0],[0,-1]],[[459,198],[-1,0]],[[458,198],[0,1],[1,0],[1,0]],[[460,199],[0,1],[1,0]],[[461,200],[-1,0],[-1,0],[-1,0],[0,1],[0,-1],[0,1],[-1,0],[-1,0]],[[456,201],[-1,0]],[[456,201],[0,1]],[[456,202],[-1,0],[-1,0]],[[454,202],[-1,0]],[[453,202],[-1,0],[-1,0]],[[451,202],[-1,0]],[[450,202],[-1,0]],[[449,202],[-1,0]],[[448,202],[-1,0]],[[447,202],[0,1]],[[447,203],[-1,0]],[[446,203],[-1,0],[-1,0]],[[444,203],[0,1]],[[444,204],[-1,0]],[[443,204],[-1,0]],[[442,204],[0,1],[-1,0],[1,0],[1,0],[1,0]],[[444,205],[0,1],[1,0],[1,0],[1,0]],[[447,206],[1,0],[-1,0]],[[447,206],[-1,0],[-1,0],[1,0],[0,1]],[[446,207],[0,-1],[1,1]],[[447,207],[1,0]],[[448,207],[1,0]],[[447,207],[-1,0]],[[446,207],[-1,0]],[[445,207],[0,-1],[-1,0],[-1,0],[0,-1],[-1,0],[-1,0],[-1,0],[1,0],[1,0],[0,1],[1,0],[-1,0],[-1,0],[0,-1],[-1,0],[-1,0],[-1,0],[-1,0],[-1,0],[-1,0]],[[435,205],[1,0],[-1,0]],[[435,205],[-1,0]],[[434,205],[-1,0]],[[433,205],[0,1]],[[433,206],[-1,0],[1,0]],[[433,206],[0,1],[-1,0],[0,1]],[[432,208],[1,0],[1,0]],[[434,208],[1,0]],[[435,208],[1,0]],[[436,208],[1,0]],[[437,208],[1,0]],[[438,208],[0,1]],[[438,209],[1,0]],[[439,209],[1,0],[-1,0]],[[439,209],[1,0],[1,0]],[[441,209],[1,0]],[[442,209],[1,0],[1,0],[0,-1]],[[444,208],[1,0],[1,0],[-1,0],[1,0],[1,0]],[[447,208],[-1,0],[1,0]],[[447,208],[1,0]],[[448,208],[1,0]],[[449,208],[1,0],[1,0],[1,0],[0,-1]],[[452,207],[1,0]],[[453,207],[1,0],[1,0],[0,-1],[-1,0],[0,1],[-1,0]],[[453,207],[0,-1]],[[453,206],[1,0],[1,0],[-1,0],[1,0],[-1,0],[1,0],[1,0],[0,-1],[1,0],[1,0],[0,-1],[1,0],[0,-1]],[[459,203],[1,0],[-1,0]],[[459,203],[0,-1],[-1,0],[1,0],[0,-1],[-1,0],[1,0],[-1,0],[1,0],[1,0],[-1,0],[0,1],[1,0],[0,1],[1,0],[0,-1],[1,0]],[[462,202],[1,0]],[[463,202],[0,-1],[1,0]],[[464,201],[1,0]],[[465,201],[1,0],[1,0],[0,1],[1,0],[1,0],[1,0],[-1,0],[1,0],[-1,0],[-1,0],[-1,0],[-1,0],[-1,0],[0,-1]],[[464,201],[-1,0],[1,0]],[[464,201],[0,1],[-1,0]],[[463,202],[1,0],[-1,0]],[[462,202],[0,1]],[[462,203],[-1,0],[-1,0],[1,0],[1,0]],[[462,203],[0,1]],[[462,204],[-1,0]],[[461,204],[0,-1],[-1,0],[0,1],[0,1],[-1,0],[-1,0],[-1,1],[-1,0],[0,1],[1,0],[1,0],[1,0],[1,0],[-1,0],[1,0],[-1,0],[1,0],[1,0]],[[461,207],[-1,0],[1,0]],[[461,207],[0,1]],[[461,208],[1,0],[1,0],[1,0]],[[464,208],[0,-1],[1,0],[-1,0],[0,-1]],[[464,206],[1,0],[1,0],[0,-1]],[[466,205],[0,1],[1,0],[-1,0],[-1,0],[0,1],[-1,0],[0,1]],[[464,208],[1,0]],[[465,208],[1,0],[0,-1]],[[466,207],[1,0]],[[467,207],[1,0],[-1,0]],[[467,207],[0,1],[-1,0],[1,0],[1,0],[1,0],[1,0],[1,0],[1,0],[1,0],[1,0],[-1,0],[1,0],[1,0],[0,-1]],[[475,207],[-1,0]],[[474,207],[0,1],[0,-1]],[[474,207],[-1,0]],[[473,207],[-1,0],[1,0]],[[475,207],[1,0],[1,0]],[[477,207],[1,0]],[[478,207],[0,-1],[1,0],[1,0],[1,0],[0,1],[1,0],[1,0],[1,0]],[[484,207],[1,0],[1,0],[0,-1]],[[486,206],[-1,0]],[[486,206],[1,0]],[[487,206],[0,-1],[-1,0]],[[486,205],[-1,0]],[[485,205],[0,-1],[1,0],[0,1]],[[486,205],[1,0],[1,0],[0,1]],[[488,206],[-1,0]],[[488,206],[1,0]],[[489,206],[1,0],[1,0],[1,0],[1,0]],[[493,206],[-1,0],[1,0]],[[493,206],[0,1]],[[493,207],[1,0]],[[494,207],[0,-1]],[[494,206],[0,-1]],[[494,205],[-1,0],[-1,0],[-1,0],[0,-1]],[[491,204],[0,-1],[1,0],[0,1],[-1,0]],[[491,204],[1,0],[0,1],[1,0],[1,0]],[[494,205],[1,0],[1,0],[1,0],[1,0],[0,-1],[1,0],[1,0],[1,0],[1,0],[1,0],[1,0]],[[504,204],[1,0]],[[505,204],[0,-1]],[[505,203],[1,0]],[[506,203],[0,-1]],[[506,202],[-1,0]],[[505,202],[-1,0]],[[504,202],[-1,0]],[[503,202],[0,-1],[-1,0]],[[502,201],[1,0],[1,0],[-1,0],[0,1]],[[506,202],[0,-1]],[[506,201],[1,0],[-1,0]],[[506,201],[1,0],[1,0],[1,0],[1,0]],[[510,201],[1,0]],[[511,201],[1,0]],[[510,201],[-1,0],[0,1]],[[509,202],[1,0]],[[510,202],[1,0]],[[511,202],[1,0],[0,1],[1,0],[1,0],[1,0],[1,0],[1,0],[0,-1],[1,0],[1,0],[1,0],[0,-1],[1,0],[1,0],[1,0],[1,0],[1,0]],[[525,201],[1,0]],[[526,201],[1,0],[1,0],[1,0],[1,0],[1,0],[1,0],[-1,0],[0,1],[1,0]],[[532,202],[1,0]],[[533,202],[0,1],[1,0],[1,0],[1,0],[1,0],[-1,0],[0,1],[-1,0],[1,0],[0,1],[-1,0],[-1,0],[1,0],[0,-1],[-1,0],[1,0],[-1,0],[0,-1],[1,0],[-1,0],[-1,0],[0,-1]],[[532,202],[-1,0],[1,0]],[[532,202],[-1,0],[0,-1],[-1,0],[-1,0],[-1,0],[-1,0],[-1,0]],[[526,201],[1,0],[-1,0]],[[525,201],[-1,0],[-1,0],[-1,0],[-1,0],[-1,0],[0,1],[1,0],[1,0],[-1,0],[1,0],[1,0],[1,0],[0,1],[1,0],[1,0]],[[526,203],[1,0],[0,1],[0,-1],[0,1],[0,1],[-1,1]],[[526,206],[1,0],[0,1]],[[527,207],[1,0]],[[526,206],[-1,0]],[[526,206],[0,-1],[0,-1],[-1,0],[0,-1],[-1,0],[-1,0],[-1,0],[-1,0],[-1,0],[-1,0],[-1,0],[-1,0],[0,1],[-1,0],[-1,0],[-1,0],[-1,0],[-1,0],[-1,0],[0,1]],[[511,205],[-1,0],[-1,0],[-1,0],[0,1],[-1,0],[-1,0],[-1,0],[0,1]],[[505,207],[-1,0],[1,0]],[[505,207],[1,0]],[[506,207],[1,0],[1,0]],[[508,207],[1,0]],[[509,207],[0,1]],[[509,208],[1,0]],[[509,208],[-1,0],[-1,0]],[[507,208],[-1,0]],[[506,208],[-1,-1]],[[505,207],[-1,0],[-1,0],[-1,0],[-1,0],[0,1]],[[501,208],[1,0]],[[501,208],[-1,0]],[[500,208],[0,1]],[[500,209],[1,0]],[[501,209],[0,1]],[[501,210],[1,0]],[[501,210],[-1,0]],[[501,210],[0,1]],[[501,211],[1,0]],[[502,211],[1,0],[1,0]],[[504,211],[0,-1]],[[504,210],[1,0]],[[505,210],[1,0]],[[506,210],[1,0],[1,0]],[[508,210],[-1,0],[1,0]],[[508,210],[-1,0],[1,-1],[1,0],[1,0],[1,0]],[[511,209],[0,-1],[1,0]],[[512,208],[1,0],[1,0],[1,0],[1,0],[-1,0],[1,0],[-1,0],[-1,0],[1,0],[1,0],[1,0],[1,0],[1,0],[1,0],[1,0],[1,0],[1,0],[1,0],[1,0],[1,0],[1,0]],[[527,208],[1,0]],[[528,208],[1,0]],[[529,208],[1,0]],[[530,208],[1,0],[1,0],[1,0],[1,0],[0,-1],[1,0],[1,0],[1,0],[1,0],[1,0],[1,0],[1,0],[0,-1],[1,0],[1,0],[-1,0],[-1,0],[0,1],[-1,0],[-1,0],[-1,0],[-1,0],[-1,0],[-1,0],[-1,0],[0,1],[-1,0],[-1,0],[-1,0],[-1,0]],[[527,208],[0,1],[-1,0],[-1,0],[-1,0],[-1,0],[-1,0],[-1,0],[-1,0],[1,0],[-1,0],[-1,0],[-1,0],[-1,0],[-1,0],[-1,0],[-1,0],[-1,0],[-1,0]],[[512,209],[1,0],[-1,0]],[[512,209],[-1,0]],[[511,209],[-1,0],[-1,0],[0,1]],[[509,210],[1,0]],[[510,210],[1,0]],[[511,210],[0,1],[1,0],[-1,0],[-1,0],[-1,0]],[[509,211],[1,0],[-1,0]],[[509,211],[0,1]],[[509,212],[-1,0]],[[508,212],[-1,0]],[[507,212],[-1,0]],[[506,212],[-1,0]],[[505,212],[-1,0]],[[505,212],[0,1]],[[505,213],[1,0]],[[506,213],[1,0]],[[507,213],[1,0]],[[508,213],[0,-1]],[[509,212],[1,0],[-1,0]],[[509,212],[0,1],[-1,0]],[[505,213],[-1,0]],[[504,213],[-1,0]],[[503,213],[-1,0],[-1,0],[-1,0],[-1,0],[-1,0],[-1,0],[-1,0],[0,1],[-1,0],[1,0],[-1,0],[0,1],[-1,0],[1,0],[0,1],[1,0],[1,0],[1,0],[0,1],[1,0],[1,0],[1,0],[1,0],[-1,0],[-1,0],[-1,0],[-1,0],[-1,0],[-1,0],[1,0],[0,1],[-1,0]],[[496,218],[1,0],[0,1],[1,0]],[[498,219],[1,0]],[[498,219],[-1,0],[-1,0],[-1,0],[-1,0],[1,0],[-1,0],[1,0],[-1,0],[-1,0]],[[493,219],[1,0],[1,0],[1,0],[1,0],[1,0]],[[496,218],[1,0],[-1,0]],[[496,218],[0,-1],[0,1]],[[496,218],[0,-1],[1,0],[-1,0],[-1,0],[0,-1],[-1,0],[-1,0],[0,-1],[-1,0],[0,-1],[1,0],[1,0],[-1,0],[1,0],[-1,0],[0,-1],[1,0],[-1,0],[1,0],[-1,0],[-1,0],[-1,0],[-1,0],[0,-1],[-1,0]],[[489,212],[-1,0]],[[488,212],[-1,0],[-1,0]],[[486,212],[-1,0],[-1,0]],[[484,212],[-1,0]],[[483,212],[-1,0]],[[482,212],[-1,0]],[[481,212],[-1,0]],[[480,212],[-1,0],[-1,0]],[[478,212],[1,0],[-1,0]],[[478,212],[-1,0],[-1,0]],[[476,212],[-1,0],[-1,0]],[[474,212],[0,1],[1,0],[-1,0],[1,0],[-1,0],[-1,0],[1,0],[-1,0],[0,1]],[[473,214],[0,-1],[-1,0]],[[472,213],[-1,0],[-1,0],[-1,0],[-1,0],[-1,0]],[[467,213],[-1,0],[-1,0],[-1,0]],[[464,213],[-1,0]],[[463,213],[-1,0]],[[462,213],[-1,0]],[[461,213],[-1,0],[-1,0]],[[459,213],[0,1]],[[459,214],[-1,0]],[[459,213],[-1,0]],[[458,213],[0,1]],[[458,214],[-1,0]],[[457,214],[-1,0]],[[457,214],[0,-1]],[[457,213],[1,0]],[[457,213],[-1,0],[-1,0]],[[455,213],[-1,0]],[[454,213],[-1,0]],[[453,213],[-1,0],[-1,0]],[[451,213],[-1,0]],[[450,213],[-1,0]],[[449,213],[0,1],[-1,0],[1,0],[1,0],[1,0]],[[451,214],[-1,0],[1,0]],[[451,214],[1,0]],[[452,214],[1,0]],[[453,214],[1,0]],[[454,214],[1,0]],[[455,214],[1,0]],[[451,214],[-1,0],[-1,0],[-1,0],[-1,0]],[[447,214],[-1,0]],[[446,214],[-1,0]],[[445,214],[-1,0]],[[444,214],[-1,0]],[[443,214],[0,-1]],[[443,213],[-1,0]],[[442,213],[-1,0]],[[441,213],[-1,0],[-1,0],[1,0],[0,1],[1,0],[1,0]],[[442,214],[1,0]],[[444,214],[0,1],[1,0],[1,0]],[[446,215],[-1,0],[1,0]],[[446,215],[-1,0],[-1,0],[-1,0]],[[443,215],[-1,0]],[[442,215],[-1,0],[0,-1],[0,1],[-1,0]],[[440,215],[0,-1],[-1,0]],[[439,214],[1,0],[1,0],[-1,0],[1,0],[0,1],[1,0]],[[443,215],[1,0],[1,0],[-1,0],[-1,0]],[[443,215],[0,-1]],[[442,214],[-1,0],[-1,0],[-1,0]],[[439,214],[0,-1],[-1,0]],[[438,213],[-1,0]],[[437,213],[-1,0]],[[436,213],[-1,0],[-1,0],[0,1],[1,0]],[[435,214],[-1,0],[0,-1],[0,1],[0,-1],[-1,0],[0,1],[0,-1],[-1,0],[0,1],[-1,0],[1,0],[-1,0],[-1,0],[1,0],[1,0],[1,0],[1,0],[-1,0],[-1,0],[-1,0],[0,1]],[[431,215],[1,0]],[[432,215],[1,0]],[[433,215],[1,0],[1,0],[-1,0],[1,0],[-1,0],[-1,0]],[[431,215],[0,-1],[-1,0],[-1,0],[-1,0],[-1,0],[1,0],[-1,0],[0,1],[-1,0],[1,0],[-1,0],[1,0],[0,1],[1,0],[-1,0],[1,0],[1,0]],[[429,216],[1,0]],[[429,216],[0,1],[1,0],[1,0],[1,0]],[[432,217],[1,0]],[[433,217],[1,0]],[[434,217],[1,0]],[[432,217],[0,-1]],[[432,216],[-1,0]],[[432,216],[1,0]],[[433,216],[0,1]],[[434,217],[0,-1],[0,1]],[[435,217],[1,0]],[[436,217],[1,0]],[[435,217],[0,1]],[[434,217],[0,1]],[[434,218],[-1,0]],[[433,218],[0,-1]],[[433,218],[-1,0],[1,0]],[[433,218],[0,1],[0,-1]],[[433,218],[0,1],[1,0],[1,0],[-1,0],[1,0],[1,0]],[[436,219],[1,0]],[[437,219],[1,0]],[[437,219],[0,1]],[[437,220],[1,0]],[[438,220],[1,0]],[[439,220],[1,0]],[[440,220],[1,0]],[[441,220],[1,0],[-1,0]],[[441,220],[1,0],[0,-1],[-1,0]],[[441,219],[1,0],[-1,0]],[[441,219],[0,-1],[1,0],[0,-1]],[[442,217],[1,0]],[[443,217],[0,1]],[[443,218],[-1,0],[1,0]],[[443,218],[-1,0],[0,1],[1,0],[-1,0],[1,0],[0,1]],[[443,220],[1,0]],[[444,220],[0,-1],[0,1]],[[444,220],[1,0]],[[445,220],[0,-1],[0,1]],[[445,220],[0,-1],[1,0]],[[446,219],[1,0]],[[447,219],[1,0]],[[448,219],[1,0]],[[449,219],[0,-1],[1,0],[0,-1]],[[450,217],[-1,0],[-1,0]],[[448,217],[-1,0]],[[447,217],[0,-1],[-1,0],[-1,0],[-1,0],[-1,0]],[[443,216],[-1,0]],[[442,216],[-1,0]],[[441,216],[-1,0],[-1,0]],[[439,216],[-1,0]],[[439,216],[0,1]],[[439,217],[-1,0]],[[438,217],[-1,0]],[[437,217],[0,-1]],[[437,216],[1,0]],[[437,216],[-1,0]],[[439,216],[1,0],[0,-1]],[[440,215],[1,0],[1,0]],[[442,215],[0,1]],[[443,216],[0,-1]],[[443,216],[1,0],[1,0],[1,0],[-1,0],[1,0],[1,0],[1,0]],[[448,216],[1,0],[1,0]],[[450,216],[1,0]],[[451,216],[1,0],[1,0]],[[453,216],[1,0]],[[454,216],[0,1]],[[454,217],[1,0],[-1,0]],[[454,217],[1,0],[0,-1],[-1,0]],[[454,216],[1,0],[0,-1]],[[454,216],[0,-1]],[[454,215],[1,0]],[[455,215],[1,0]],[[456,215],[1,0],[-1,0]],[[456,215],[1,0],[0,-1]],[[457,214],[0,1],[0,-1]],[[459,214],[1,0],[1,0]],[[461,214],[1,0]],[[462,214],[1,0]],[[463,214],[1,0]],[[464,214],[1,0],[1,0],[1,0]],[[467,214],[1,0]],[[468,214],[1,0],[-1,0]],[[459,214],[0,1]],[[459,215],[-1,0]],[[458,215],[-1,0],[-1,0]],[[456,215],[0,1],[0,1],[1,0],[1,0],[1,0],[0,-1]],[[459,216],[1,0],[1,0]],[[461,216],[1,0]],[[462,216],[1,0]],[[463,216],[1,0]],[[464,216],[1,0]],[[465,216],[1,0],[1,0]],[[467,216],[1,0]],[[468,216],[1,0]],[[469,216],[1,0],[-1,0]],[[469,216],[1,0],[0,1],[1,0],[1,0],[-1,0],[-1,0],[-1,0]],[[469,217],[-1,0],[-1,0]],[[467,217],[-1,0]],[[466,217],[-1,0]],[[465,217],[-1,0],[-1,0],[-1,0],[-1,0],[-1,0],[-1,0],[-1,0],[-1,0],[-1,0],[1,0],[1,0],[1,0],[-1,0],[1,0],[1,0],[-1,0],[-1,0],[-1,0],[1,0],[1,0],[0,1],[0,-1],[1,0],[1,0],[1,0],[1,0],[0,1]],[[463,218],[0,-1],[0,1]],[[463,218],[1,0],[1,0],[1,0],[1,0],[0,-1]],[[469,217],[1,0],[1,0],[1,0],[1,0],[1,0],[1,0],[1,0]],[[476,217],[0,1]],[[476,218],[1,0],[-1,0]],[[476,218],[1,0],[1,0],[-1,0],[-1,0]],[[476,218],[-1,0],[-1,0],[-1,0]],[[473,218],[1,0],[-1,0]],[[473,218],[-1,0],[0,-1],[-1,0],[0,1],[-1,0],[1,0],[-1,0],[-1,0],[-1,0],[-1,0],[1,0],[-1,0],[1,0],[1,0],[0,1]],[[469,219],[1,0],[1,0],[1,0],[-1,0],[1,0],[1,0],[0,1],[1,0],[1,0],[1,0],[1,0],[-1,0],[1,0],[1,0],[1,0],[1,0],[1,0],[-1,0],[0,1],[-1,0],[-1,0],[1,0],[1,0],[0,-1],[-1,0],[-1,0],[-1,0],[-1,0],[-1,0],[-1,0],[-1,0],[-1,0],[0,-1],[-1,0],[-1,0],[-1,0]],[[469,219],[-1,0],[-1,0]],[[467,219],[-1,0]],[[466,219],[0,-1],[-1,0],[-1,0],[-1,0]],[[463,218],[-1,0]],[[462,218],[-1,0],[-1,0]],[[460,218],[-1,0],[-1,0],[-1,0],[-1,0]],[[456,218],[-1,0],[-1,0],[0,1],[-1,0]],[[453,219],[1,0],[-1,0]],[[453,219],[0,1]],[[453,220],[1,0],[1,0],[1,0],[1,0],[1,0],[1,0],[1,0],[1,0],[1,0],[1,0],[1,0],[1,0],[0,1],[1,0],[1,0],[-1,0],[1,0],[1,0]],[[468,221],[1,0]],[[469,221],[0,1],[1,0],[-1,0],[-1,0],[0,-1]],[[468,221],[-1,0],[-1,0],[-1,0],[-1,0]],[[464,221],[0,-1],[0,1]],[[464,221],[0,-1],[-1,0],[0,1]],[[463,221],[-1,0]],[[462,221],[-1,0]],[[461,221],[-1,0],[-1,0],[0,-1],[-1,0],[-1,0],[-1,0],[-1,0],[-1,0],[-1,0]],[[453,220],[-1,0]],[[452,220],[-1,0],[-1,0],[-1,0],[-1,0],[1,0],[1,0],[1,0],[-1,0],[1,0],[1,0]],[[452,220],[-1,0],[0,-1]],[[451,219],[-1,0]],[[450,219],[0,1],[-1,0],[-1,0],[-1,0],[0,1],[-1,0],[-1,0]],[[445,221],[-1,0]],[[445,221],[0,1],[1,0],[0,-1],[1,0],[-1,0],[1,0],[0,1],[1,0]],[[448,222],[1,0]],[[449,222],[1,0]],[[450,222],[0,-1],[1,0],[1,0],[1,0]],[[453,221],[0,1]],[[453,222],[1,0]],[[454,222],[1,0],[1,0]],[[456,222],[0,1],[1,0]],[[457,223],[1,0]],[[458,223],[1,0],[-1,0]],[[457,223],[-1,0],[-1,0],[0,-1],[-1,0]],[[453,222],[-1,0],[-1,0]],[[451,222],[-1,0]],[[448,222],[-1,0],[-1,0],[1,0],[-1,0],[-1,0],[0,1],[-1,0],[0,-1]],[[444,222],[-1,0],[-1,0],[1,0],[-1,0],[1,0],[0,-1]],[[443,221],[-1,0],[0,1],[0,-1],[0,1],[0,-1],[-1,0],[0,1],[0,-1],[0,1],[-1,0]],[[440,222],[1,0],[-1,0]],[[440,222],[0,1],[1,0],[-1,0],[1,0],[1,0],[0,1],[1,0],[1,0],[1,0],[1,0],[0,1],[1,0],[1,0]],[[448,225],[0,1],[-1,0],[1,0],[1,0],[1,0],[1,0]],[[451,226],[1,1],[-1,0],[1,0],[-1,0],[1,0],[1,0],[1,0],[0,1],[1,0],[1,0],[1,0],[0,-1]],[[457,227],[1,0]],[[458,227],[1,0]],[[459,227],[0,1],[1,0],[-1,0],[-1,0],[-1,0],[1,0],[1,0],[1,0],[1,0]],[[461,228],[0,-1]],[[461,227],[-1,0]],[[461,227],[1,0]],[[462,227],[0,-1],[-1,0],[-1,0]],[[460,226],[0,-1],[0,-1],[1,0]],[[461,224],[1,0]],[[462,224],[1,0]],[[463,224],[1,0],[-1,0]],[[461,224],[0,1],[0,1],[1,0],[0,1]],[[462,227],[1,0]],[[463,227],[0,-1],[0,1]],[[463,227],[1,0],[0,-1],[1,0],[-1,0],[1,0],[1,0],[-1,0],[0,1],[-1,0],[-1,0]],[[463,227],[0,1],[-1,0],[0,-1]],[[462,227],[0,1],[-1,0]],[[461,228],[1,0],[-1,0]],[[461,228],[-1,0],[1,0]],[[461,228],[1,0],[1,0],[1,0],[1,0],[1,0],[-1,0],[1,0],[1,0],[-1,0],[1,0],[0,-1],[-1,0],[1,0],[0,-1],[1,0],[-1,0],[1,0],[0,-1],[-1,0]],[[467,225],[-1,0]],[[466,225],[-1,0],[1,0]],[[467,225],[1,0],[1,0],[0,-1]],[[469,224],[1,0],[1,0],[0,-1]],[[471,223],[0,1],[1,0],[-1,0],[1,0],[-1,0],[1,0],[-1,0],[-1,0],[-1,0]],[[469,224],[0,1],[1,0],[-1,0],[1,0],[0,1],[1,0],[-1,0],[-1,0],[-1,0],[1,0],[1,0],[-1,0],[-1,0],[0,1],[-1,0],[0,1],[1,0],[1,0],[0,1],[1,0],[-1,0],[1,0],[1,0],[1,0],[1,0],[-1,0],[0,-1],[1,0],[-1,0],[1,0],[0,-1],[-1,0],[1,0],[0,1],[0,1],[-1,0],[1,0],[1,0],[1,0],[1,0],[1,0],[0,-1],[1,0],[0,-1],[1,0]],[[479,227],[1,0],[-1,0]],[[479,227],[1,0],[1,0],[-1,0],[1,0],[-1,0],[-1,0]],[[479,227],[0,1],[1,0],[1,0],[1,0],[1,0],[-1,0],[-1,0],[-1,0],[-1,0],[0,-1]],[[479,227],[0,1],[-1,0],[-1,0],[0,1],[-1,0],[1,0],[-1,0],[-1,0],[-1,0],[-1,0],[0,1],[1,0],[1,0],[0,1],[1,0],[1,0],[0,1],[1,0],[1,0],[1,0],[-1,0],[-1,0],[-1,0],[-1,0],[0,-1],[-1,0],[-1,0],[-1,0],[0,-1],[1,0],[-1,0],[1,0],[-1,0],[-1,0],[1,0],[-1,0],[-1,0],[0,-1],[-1,0],[-1,0],[1,0],[-1,0],[-1,0],[1,0],[-1,0],[-1,0],[1,0],[-1,0],[-1,0],[-1,0],[-1,0],[1,0],[-1,0],[0,1],[-1,0]],[[463,230],[-1,0]],[[462,230],[-1,0]],[[461,230],[-1,0]],[[461,230],[0,1]],[[460,230],[0,1],[1,0]],[[461,231],[-1,0],[1,0]],[[461,231],[0,1],[1,0],[1,0],[0,1],[1,0],[1,0],[1,0],[-1,0],[1,0],[1,0],[1,0],[1,0],[1,0],[0,-1],[-1,0],[1,0],[1,0],[0,1],[0,-1],[0,1],[-1,0],[1,0],[1,0],[0,1],[1,0],[0,-1],[1,0],[1,0],[1,0],[1,0],[1,0],[1,0]],[[479,233],[1,0]],[[480,233],[1,0],[0,1]],[[481,234],[1,0],[-1,0]],[[481,234],[1,0],[1,0],[1,0],[1,0],[-1,0],[-1,0],[1,0],[0,1],[0,-1],[-1,0],[0,1],[0,-1],[0,1],[0,-1],[-1,0],[0,1],[0,-1],[-1,0]],[[479,233],[-1,0],[-1,0],[-1,0],[-1,0],[-1,0],[-1,0],[0,1],[-1,0],[1,0],[1,0],[1,0],[1,0],[-1,0],[-1,0],[0,1],[0,-1],[-1,0],[0,1],[0,-1],[-1,0],[-1,0],[1,0],[-1,0],[1,0],[-1,0],[-1,0],[-1,0],[-1,0],[-1,0],[0,1],[-1,0],[-1,0],[0,1],[-1,0],[-1,0],[-1,0],[-1,1],[1,0]],[[462,237],[1,0]],[[463,237],[1,0],[1,0],[0,1],[1,0],[0,-1],[1,0],[0,1],[1,0],[1,0],[-1,0],[-1,0],[-1,0],[0,-1],[0,1],[-1,0],[-1,0],[0,-1],[-1,0]],[[462,237],[-1,0],[-1,0],[-1,0],[0,1],[-1,0],[-1,0]],[[457,238],[-1,0],[-1,0]],[[455,238],[-1,0],[0,1]],[[454,239],[-1,0],[-1,0]],[[452,239],[-1,0]],[[451,239],[-1,0],[-1,0],[-1,0],[1,0],[1,0],[1,0]],[[454,239],[1,0]],[[455,239],[0,-1]],[[457,238],[0,1]],[[457,239],[1,0]],[[458,239],[0,-1],[0,1]],[[458,239],[1,0],[-1,0]],[[458,239],[1,0],[1,0],[0,1]],[[460,240],[1,0]],[[461,240],[1,0],[1,0],[1,0],[1,0],[1,0],[0,1]],[[466,241],[0,-1],[0,1]],[[466,241],[1,0]],[[467,241],[1,0]],[[468,241],[0,-1],[1,0],[1,0],[1,0]],[[471,240],[-1,0],[-1,0],[0,1]],[[469,241],[-1,0]],[[469,241],[1,0],[1,0],[-1,0],[-1,0]],[[461,240],[1,0],[-1,0]],[[460,240],[-1,0],[0,-1],[-1,0]],[[457,239],[0,1]],[[457,240],[1,0]],[[457,240],[-1,0],[-1,0],[1,0],[1,0]],[[457,239],[-1,0]],[[456,239],[-1,0]],[[454,239],[0,1],[0,-1]],[[454,239],[0,1],[-1,0],[1,0],[0,-1]],[[452,239],[1,0],[-1,0]],[[451,239],[0,1],[1,0],[-1,0],[0,-1]],[[451,239],[-1,0],[0,1],[-1,0],[-1,0],[0,-1],[-1,0],[-1,0],[0,1],[1,0],[-1,0],[-1,0],[-1,0],[-1,0],[-1,0],[-1,0],[-1,0],[1,0],[0,1],[0,-1],[-1,0],[-1,0],[-1,0],[-1,0],[-1,0],[-1,0],[-1,0],[1,0],[1,0],[1,0],[-1,0],[1,0],[1,0],[1,0],[-1,0],[1,0],[1,0],[1,0],[1,0],[1,0],[0,-1],[1,0],[-1,0],[-1,0],[-1,0],[-1,0],[-1,0],[-1,0],[-1,0],[-1,0],[-1,0],[-1,0],[-1,0],[-1,0],[0,-1],[-1,0],[1,0],[-1,0],[1,0],[-1,0],[1,0],[0,-1]],[[432,237],[0,1],[-1,0],[1,0],[-1,0],[0,-1]],[[431,237],[0,1],[0,-1]],[[431,237],[-1,0],[-1,0]],[[429,237],[0,1],[0,-1]],[[429,237],[0,1],[-1,0]],[[428,238],[1,0],[-1,0]],[[428,238],[-1,0]],[[427,238],[-1,0],[-1,0],[1,0],[-1,0],[1,0],[-1,0],[-1,0],[-1,0],[-1,0],[0,1],[-1,0]],[[421,239],[-1,0]],[[421,239],[1,0],[1,0],[0,1],[1,0],[-1,0],[-1,0],[0,-1],[0,1],[0,-1],[-1,0]],[[420,239],[0,-1],[-1,0],[-1,0],[-1,0],[0,1],[-1,0],[1,0],[-1,0],[1,0],[-1,0],[1,0],[-1,0],[1,0],[-1,0],[-1,0],[-1,0],[-1,0],[-1,0],[-1,0],[1,0],[-1,0],[0,1],[1,0]],[[412,240],[-1,0],[-1,0],[-1,0],[0,-1],[0,1],[-1,0],[-1,0],[-1,0],[1,0],[-1,0],[0,1]],[[406,241],[-1,0],[-1,0],[-1,0],[0,1]],[[403,242],[-1,0],[1,0]],[[403,242],[-1,0],[0,1]],[[402,243],[0,-1],[0,1]],[[402,243],[-1,0],[1,0]],[[402,243],[1,0],[-1,0]],[[402,243],[1,0],[0,1],[0,-1],[0,1],[1,0],[1,0],[-1,0],[1,0],[1,0],[-1,0],[0,1],[1,0],[1,0],[1,0]],[[408,245],[-1,0],[1,0]],[[408,245],[0,1],[1,0]],[[409,246],[1,0],[0,1],[1,0],[0,1],[1,0],[1,0],[-1,0],[-1,0],[-1,0],[-1,0],[0,-1],[0,-1]],[[409,246],[-1,0],[-1,0]],[[407,246],[-1,0]],[[406,246],[-1,0],[0,-1],[-1,0]],[[404,245],[0,1]],[[404,246],[-1,0]],[[403,246],[0,-1]],[[403,245],[0,-1],[-1,0],[-1,0],[1,0],[-1,0],[-1,0],[-1,0],[-1,0],[0,-1],[-1,0],[-1,0],[-1,0],[-1,0],[-1,0],[1,0],[-1,0],[1,0],[-1,0],[0,1],[1,0],[-1,0],[-1,0],[1,0],[-1,0],[1,0],[0,-1],[-1,0],[0,1],[-1,0],[0,-1],[1,0],[-1,0],[0,-1]],[[391,242],[-1,0]],[[390,242],[0,1],[0,-1]],[[390,242],[-1,0]],[[389,242],[0,1],[0,-1]],[[389,242],[0,1],[-1,0],[0,-1]],[[388,242],[-1,0]],[[387,242],[-1,0]],[[386,242],[-1,0]],[[385,242],[0,1],[-1,0],[0,-1]],[[384,242],[-1,0]],[[383,242],[0,1],[0,-1]],[[384,242],[1,0]],[[383,242],[-1,0]],[[382,242],[-1,0]],[[381,242],[-1,0],[1,0]],[[381,242],[-1,0],[-1,0],[1,0],[-1,0],[0,1],[1,0],[-1,0],[0,-1],[-1,0],[-1,0],[-1,0],[-1,0],[-1,0],[-1,0],[0,-1],[-1,0],[0,1],[-1,0],[0,-1],[-1,0],[0,-1],[-1,0],[0,1],[-1,0],[-1,0],[-1,0],[-1,0],[-1,0]],[[364,241],[1,0],[-1,0]],[[364,241],[1,0],[1,0],[1,0],[0,-1],[0,1],[0,-1],[1,0],[1,0],[-1,0],[-1,0],[1,0],[-1,0],[0,-1],[-1,0],[-1,0],[-1,0],[0,-1],[1,0],[1,0],[1,0],[0,1],[1,0],[1,0],[1,0],[-1,0],[-1,0],[1,0],[0,1],[1,0],[-1,0],[1,0],[1,0],[0,1],[1,0],[0,-1],[1,0],[0,1],[0,-1],[1,0]],[[374,240],[1,0]],[[375,240],[1,0],[1,0]],[[377,240],[0,1],[1,-1]],[[378,240],[1,0]],[[379,240],[1,0]],[[380,240],[1,0],[1,0]],[[379,240],[0,-1],[-1,0]],[[378,239],[-1,0]],[[377,239],[-1,0],[0,-1]],[[376,238],[-1,0],[1,0]],[[376,238],[1,0]],[[377,238],[0,1]],[[378,239],[1,0],[-1,0]],[[378,239],[1,0],[1,0]],[[380,239],[1,0],[-1,0]],[[378,239],[0,-1],[0,1]],[[378,239],[0,-1],[1,0],[0,1],[1,0]],[[380,239],[1,0],[1,0],[1,0]],[[383,239],[0,-1],[1,0]],[[384,238],[-1,0],[0,-1]],[[383,237],[1,0],[-1,0]],[[383,237],[-1,0]],[[382,237],[-1,0]],[[381,237],[-1,0],[-1,0],[-1,-1]],[[378,236],[-1,0],[1,0]],[[378,236],[1,0],[1,0],[0,1],[1,0]],[[383,237],[1,0],[1,0],[1,0],[0,-1]],[[386,236],[0,1],[-1,0],[-1,0],[0,1]],[[384,238],[1,0]],[[385,238],[0,-1],[1,0],[-1,0],[1,0],[1,0],[0,-1],[-1,0]],[[386,236],[1,0],[-1,0]],[[386,236],[-1,0],[0,-1],[-1,0],[-1,0],[-1,0],[-1,0],[-1,0],[-1,0],[0,-1],[-1,0],[-1,0],[-1,0],[-1,0],[-1,0],[-1,0],[-1,0],[-1,0],[-1,0],[0,1],[-1,0],[1,0],[-1,0],[1,0],[0,1]],[[370,236],[-1,0]],[[369,236],[-1,0]],[[368,236],[-1,0],[-1,0],[-1,0],[0,1],[-1,0],[0,1],[-1,0],[-1,0],[-1,0],[-1,0],[1,0],[-1,0],[0,1],[1,0],[-1,0],[0,1],[-1,0],[1,0],[-1,0],[1,0],[0,1],[1,0],[1,0]],[[362,241],[-1,0],[-1,0],[1,0],[1,0]],[[362,241],[-1,0],[-1,0],[0,1],[1,0],[0,-1],[0,1],[1,0],[0,-1]],[[362,241],[1,0]],[[363,241],[1,0]],[[363,241],[0,1],[-1,0],[-1,0],[1,0],[1,0],[0,1],[1,0],[-1,0],[0,1],[1,0],[1,0],[-1,0],[1,0],[1,0],[1,0],[-1,0],[-1,0],[1,0],[-1,0],[1,0],[-1,0],[1,0],[1,0],[-1,0],[1,0],[1,0]],[[368,244],[1,0]],[[369,244],[0,-1],[0,1]],[[369,244],[1,0]],[[370,244],[1,0]],[[371,244],[0,-1],[1,0],[1,0],[-1,0],[-1,0],[0,1]],[[371,244],[1,0]],[[372,244],[1,0],[1,0],[1,0]],[[372,244],[0,1],[-1,0],[-1,0],[-1,0],[1,0],[0,1],[0,-1],[1,0],[0,1],[0,-1],[0,1],[1,0],[1,0],[1,0],[0,-1],[1,0],[0,1],[1,0],[0,-1],[1,0],[0,1],[1,0]],[[378,246],[-1,0],[1,0]],[[378,246],[1,0]],[[379,246],[1,0]],[[380,246],[1,0],[1,0],[-1,1]],[[381,247],[-1,0],[1,0]],[[381,247],[-1,0],[0,1]],[[380,248],[1,0]],[[381,248],[0,-1]],[[381,247],[1,0],[1,0],[1,0],[1,0],[-1,0],[-1,0],[-1,0],[0,1],[-1,0]],[[381,248],[1,0],[1,0],[1,0],[-1,0],[0,1],[1,0],[-1,0],[1,0],[-1,0],[0,-1],[1,0],[0,1],[1,0],[1,0],[0,-1],[1,0]],[[387,248],[0,1],[-1,0],[1,0],[1,0],[1,0],[1,0],[1,0],[1,0],[1,0],[-1,0],[-1,0],[1,0],[0,-1],[1,0],[1,0],[0,-1],[1,0],[-1,0],[0,1],[-1,0],[-1,0],[1,0],[-1,0],[1,0],[-1,0],[1,0],[0,1],[-1,0],[1,0],[1,0],[1,0],[-1,0],[-1,0],[-1,0],[0,1],[0,-1],[0,1],[1,0],[-1,0],[1,0],[1,0]],[[394,250],[-1,0],[1,0]],[[394,250],[0,1],[-1,0],[-1,0],[1,0],[1,0],[1,0],[-1,0],[1,0],[1,0],[0,-1],[1,0]],[[397,250],[1,0],[1,0],[1,0],[1,0],[1,0],[1,0],[0,-1],[1,0],[-1,0],[1,0],[1,0],[0,1],[1,0],[1,0],[1,0],[0,-1],[1,0],[1,0],[1,0],[1,0],[1,0],[0,1],[-1,0],[-1,0],[-1,0],[1,0],[-1,0],[-1,0],[-1,0],[-1,0],[-1,0],[-1,0],[-1,0],[1,0],[-1,0],[-1,0],[-1,0],[-1,0],[-1,0],[-1,0],[-1,0],[0,1],[-1,0],[1,0],[-1,0],[1,0],[-1,0],[1,0],[-1,0],[0,1],[1,0]],[[398,252],[1,0]],[[399,252],[1,0],[1,0],[1,0],[1,0],[1,0],[0,-1]],[[404,251],[0,1],[1,0]],[[405,252],[-1,0],[-1,0],[-1,0],[-1,0],[-1,0],[-1,0]],[[399,252],[0,1],[0,-1]],[[399,252],[1,0],[0,1]],[[400,253],[1,0]],[[401,253],[1,0]],[[402,253],[1,0],[1,0],[0,1]],[[404,254],[0,-1],[1,0],[1,0],[1,0],[1,0],[1,0],[0,-1],[1,0],[1,0],[1,0],[1,0],[0,-1],[1,0],[1,0],[-1,0],[0,1],[-1,0],[-1,0],[-1,0],[0,1],[-1,0],[1,0],[-1,0],[1,0],[0,1]],[[411,254],[1,0],[-1,0]],[[411,254],[1,0],[1,0],[-1,0],[-1,0]],[[411,254],[1,0],[0,1]],[[412,255],[1,0]],[[413,255],[0,-1],[0,1]],[[568,295],[0,0],[0,0],[0,0]],[[632,259],[0,0],[0,0],[0,0]],[[471,251],[0,0]],[[460,241],[0,0],[0,0],[0,0]],[[485,223],[0,0]],[[472,254],[1,-1]],[[473,253],[0,1]],[[472,251],[0,0]],[[473,258],[1,0]],[[476,204],[0,-1]],[[476,204],[0,0]],[[378,240],[0,0]],[[527,208],[0,0]],[[375,237],[0,0],[0,0],[0,0]],[[447,219],[0,0]],[[437,218],[0,0]],[[458,240],[0,1]],[[458,241],[-1,0],[0,-1]],[[437,217],[0,0]],[[437,213],[0,0]],[[485,206],[0,0]],[[525,284],[0,0],[0,0],[0,0]],[[515,202],[0,0]],[[485,253],[0,0]],[[520,278],[0,0]],[[439,219],[0,0]],[[662,293],[-1,0],[1,0]],[[662,293],[0,0]],[[462,263],[0,0],[0,0],[0,0]],[[467,263],[0,0]],[[470,260],[0,0],[0,0],[0,0]],[[433,206],[0,0]],[[524,258],[1,0],[-1,0]],[[524,258],[0,0]],[[473,251],[1,0],[-1,0]],[[473,251],[0,0]],[[457,222],[0,0]],[[520,207],[0,0],[0,0],[0,0]],[[527,208],[0,-1]],[[403,242],[0,0]],[[476,205],[0,0]],[[462,224],[0,0]],[[437,218],[0,-1]],[[556,289],[0,0]],[[506,201],[-1,0]],[[506,201],[0,0]],[[474,189],[0,0]],[[504,202],[0,1]],[[504,203],[-1,0]],[[503,203],[0,-1]],[[510,208],[0,0]],[[460,252],[1,0],[0,0],[-1,0]],[[458,241],[0,0]],[[453,223],[1,0],[-1,0]],[[453,223],[0,0]],[[480,216],[0,0]],[[514,279],[0,0],[0,0],[0,0]],[[468,216],[0,0]],[[439,217],[0,0]],[[633,291],[0,1],[-1,0],[0,-1]],[[379,240],[0,0]],[[372,244],[0,0]],[[535,307],[0,0]],[[538,203],[0,0],[0,0],[0,0]],[[370,237],[0,1],[0,-1],[0,0]],[[473,259],[0,-1]],[[474,258],[0,1]],[[449,215],[1,0]],[[450,215],[0,1]],[[450,216],[-1,-1]],[[480,197],[0,0]],[[452,215],[0,0]],[[439,217],[1,0]],[[433,206],[1,0]],[[403,242],[1,0]],[[447,206],[0,0]],[[449,223],[0,0]],[[485,253],[-1,0],[1,0]],[[462,252],[1,0],[0,0],[-1,0]],[[409,242],[-1,0],[0,0],[1,0]],[[476,204],[1,0]],[[513,206],[0,0]],[[662,293],[0,-1],[0,1]],[[439,218],[0,0]],[[453,224],[1,0],[-1,0]],[[453,224],[0,0]],[[432,215],[0,1]],[[431,216],[0,-1]],[[510,208],[0,-1],[0,1]],[[439,218],[-1,0]],[[473,252],[0,0],[0,0],[0,0]],[[447,218],[-1,0],[1,0]],[[435,216],[0,0]],[[434,259],[0,0]],[[480,234],[0,0]],[[471,251],[1,0]],[[452,215],[-1,0]],[[466,219],[0,0]],[[460,215],[-1,0]],[[460,215],[0,0]],[[458,241],[1,0],[-1,0]],[[505,201],[0,-1],[1,0],[0,1]],[[439,219],[1,0]],[[429,215],[0,0]],[[473,221],[1,0],[-1,0]],[[473,221],[0,0]],[[615,291],[0,0]],[[459,261],[1,0],[-1,0]],[[459,261],[0,0]],[[462,199],[0,1],[-1,0]],[[461,200],[0,-1]],[[519,266],[0,1]],[[518,267],[1,-1]],[[556,289],[-1,0],[1,0]],[[461,206],[-1,0],[1,0]],[[461,206],[0,0]],[[474,206],[0,0]],[[429,215],[0,1]],[[459,227],[0,0]],[[515,202],[0,-1]],[[435,260],[-1,0],[1,0],[0,0]],[[449,223],[1,0]],[[612,288],[0,-1],[1,0],[0,1]],[[479,203],[0,1],[-1,0],[1,-1]],[[477,216],[1,0],[-1,0],[0,0]],[[456,222],[1,0]],[[473,215],[1,0]],[[474,215],[0,1]],[[474,216],[-1,0]],[[473,216],[0,-1]],[[447,204],[-1,0],[1,0]],[[447,204],[0,0]],[[466,260],[0,-1]],[[466,260],[0,0]],[[443,217],[1,0]],[[444,217],[0,1]],[[444,218],[-1,0]],[[460,227],[-1,0]],[[480,234],[1,0]],[[480,216],[0,-1]],[[439,218],[0,1]],[[439,219],[-1,0]],[[438,219],[0,-1]],[[485,223],[-1,0],[1,0]],[[463,206],[0,0]],[[467,207],[0,0]],[[434,255],[1,0],[-1,0]],[[434,255],[0,0]],[[469,216],[0,0]],[[540,287],[0,-1],[1,0],[0,1]],[[471,215],[-1,0]],[[471,215],[0,0]],[[527,285],[0,-1],[1,0],[0,1],[-1,0]],[[485,224],[0,1],[-1,0],[0,-1]],[[484,224],[1,0]],[[447,204],[1,0]],[[523,286],[0,-1],[1,0],[0,1]],[[477,205],[-1,0]],[[460,215],[1,0]],[[473,221],[-1,0],[1,0]],[[474,206],[0,1]],[[382,237],[0,0]],[[463,206],[1,0]],[[461,219],[0,0]],[[435,205],[0,1],[-1,0]],[[434,206],[1,0],[-1,-1]],[[513,206],[1,0]],[[514,206],[1,0],[0,1],[0,-1],[-1,0]],[[458,224],[-1,0]],[[457,224],[0,-1]],[[458,223],[0,1]],[[468,259],[0,1],[-1,0]],[[467,260],[0,-1]],[[474,216],[1,0]],[[450,223],[0,1]],[[450,224],[-1,0]],[[449,224],[0,-1]],[[434,259],[-1,0]],[[475,215],[1,0],[-1,0]],[[475,215],[0,0]],[[435,216],[1,0]],[[461,219],[1,0]],[[466,224],[1,0]],[[466,224],[0,0]],[[461,224],[0,-1],[1,0]],[[462,223],[0,1]],[[466,260],[-1,0]],[[465,260],[0,-1]],[[433,259],[0,1],[-1,0],[0,-1],[-1,0],[1,0],[1,0]],[[467,224],[0,1]],[[466,225],[0,-1]],[[434,208],[0,-1],[1,0],[0,1]],[[462,223],[0,-1],[1,0]],[[463,222],[0,1],[-1,0]],[[461,206],[1,0]],[[504,209],[1,0],[1,0],[0,1]],[[505,210],[0,-1],[-1,0]],[[447,218],[1,0],[-1,0]],[[404,257],[-1,0]],[[404,257],[1,0],[-1,0]],[[450,224],[1,0],[-1,0]],[[450,224],[1,0],[1,0]],[[452,224],[0,1]],[[452,225],[-1,0],[0,-1],[-1,0]],[[449,223],[-1,0],[0,1]],[[448,224],[1,0]],[[449,223],[-1,0],[1,0]],[[450,207],[-1,0]],[[449,207],[0,-1],[1,0],[1,0],[-1,0],[0,1]],[[459,215],[0,1]],[[459,216],[-1,0],[0,-1]],[[461,215],[1,0]],[[434,255],[-1,0],[-1,0],[1,0],[1,0]],[[457,227],[-1,0],[0,-1],[1,0],[0,1]],[[452,225],[1,0]],[[452,224],[1,0]],[[453,224],[0,1]],[[478,199],[0,-1],[1,0],[1,0],[-1,0],[0,1]],[[438,207],[0,1]],[[437,208],[0,-1]],[[437,207],[1,0]],[[502,201],[0,1],[-1,0],[-1,0],[-1,0],[1,0],[1,0],[0,-1],[1,0]],[[403,247],[0,1],[1,0],[-1,0],[-1,0],[0,-1],[1,0]],[[450,224],[0,1],[-1,0],[-1,0]],[[448,225],[0,-1]],[[438,207],[1,0]],[[439,207],[1,0]],[[440,207],[1,0],[-1,0]],[[469,215],[-1,0]],[[468,215],[-1,0],[1,0]],[[468,215],[-1,0],[0,-1]],[[468,214],[0,1]],[[470,215],[-1,0]],[[470,215],[0,-1],[1,0],[1,0],[1,0]],[[473,214],[0,1]],[[473,215],[-1,0]],[[472,215],[0,-1],[0,1]],[[472,215],[-1,0]],[[502,208],[0,1],[1,0],[0,-1],[0,1],[1,0]],[[504,209],[-1,0],[1,0]],[[504,209],[-1,0],[-1,0],[-1,0]],[[501,209],[0,-1]],[[439,258],[1,0],[0,1]],[[440,259],[1,0]],[[440,259],[-1,-1]],[[473,216],[-1,0]],[[474,215],[1,0]],[[475,215],[0,1]],[[510,201],[0,-1],[-1,0],[-1,0]],[[508,200],[-1,0]],[[476,217],[1,0],[1,0],[1,0],[1,0],[1,0],[1,0],[0,1],[-1,0],[-1,0],[0,-1],[-1,0],[-1,0],[-1,0],[-1,0]],[[407,244],[1,0],[1,0],[1,0],[0,1],[-1,0],[0,-1],[-1,0],[-1,0]],[[482,222],[-1,0],[1,0]],[[482,222],[-1,0],[-1,0],[-1,0],[1,0],[1,0],[0,-1],[1,0],[1,0],[-1,0],[0,1]],[[390,248],[-1,0],[-1,0],[-1,0]],[[387,248],[0,-1],[1,0],[1,0],[1,0],[0,-1],[0,1],[1,0],[-1,0],[-1,0],[1,0],[-1,0],[0,1],[1,0]],[[483,204],[1,0],[0,1],[1,0]],[[485,205],[0,1]],[[485,205],[-1,0],[-1,0],[-1,0],[0,-1],[-1,0],[1,0],[-1,0],[1,0],[1,0]],[[545,301],[1,0]],[[546,301],[1,0]],[[547,301],[0,-1],[1,0],[-1,0],[0,1]],[[547,301],[1,0],[0,-1],[1,0],[1,0]],[[550,300],[-1,0],[0,-1],[1,0]],[[550,299],[-1,0],[-1,0],[0,-1],[-1,0]],[[547,298],[1,0],[-1,0]],[[547,298],[-1,0]],[[546,298],[0,-1],[-1,0]],[[545,297],[0,-1]],[[545,296],[-1,0],[1,0]],[[547,298],[0,-1],[1,0],[-1,0],[0,1]],[[547,298],[1,0],[1,0],[0,1],[1,0]],[[550,299],[1,0]],[[551,299],[1,0],[0,1],[1,0],[1,0]],[[554,300],[1,0]],[[555,300],[0,-1],[1,0],[1,0],[-1,0],[1,0],[1,0],[1,0],[1,0],[1,0]],[[561,299],[0,-1],[1,0]],[[562,298],[-1,0],[1,0]],[[564,298],[0,-1],[1,0],[-1,0],[1,0],[-1,0],[-1,0],[0,-1],[1,0],[-1,0],[-1,0],[-1,0],[0,-1],[0,1],[0,-1],[-1,0],[-1,0],[1,0],[-1,0],[-1,0],[0,-1],[-1,0],[-1,0],[-1,0],[-1,0],[-1,0],[-1,0],[0,1],[-1,0],[-1,0],[-1,0],[-1,0],[-1,0],[0,1],[-1,0],[-1,0]],[[545,296],[1,0],[0,-1],[-1,0],[1,0],[-1,0],[1,0],[1,0],[1,0],[0,-1],[1,0],[1,0],[1,0],[-1,0],[1,0],[1,0],[1,0],[1,0],[1,0],[1,0],[1,0],[1,0],[0,-1],[-1,0],[-1,0],[1,0],[-1,0],[0,-1],[-1,0],[-1,0],[-1,0],[0,-1],[-1,0],[-1,0],[-1,0],[1,0],[-1,0],[-1,0],[1,0],[-1,0],[-1,0],[1,0],[-1,0],[-1,0],[0,-1]],[[547,290],[0,1],[-1,0],[0,-1]],[[546,290],[-1,0]],[[545,290],[-1,0],[-1,0],[0,-1]],[[543,289],[-1,0],[-1,0],[0,-1]],[[541,288],[-1,0],[-1,0],[-1,0],[-1,0],[-1,0],[0,-1]],[[532,287],[-1,0],[-1,0],[-1,0],[-1,0],[-1,0],[-1,0],[-1,0],[-1,0],[1,0],[-1,0],[0,1]],[[524,288],[-1,0],[0,-1],[0,1],[0,-1],[1,0],[-1,0],[-1,0],[0,1],[-1,0],[-1,0],[0,1],[-1,0],[-1,0]],[[518,289],[-1,0],[-1,0],[0,1]],[[516,290],[1,0],[1,0]],[[518,290],[1,0],[1,0],[1,0],[1,0]],[[522,290],[1,0]],[[523,290],[1,0],[-1,0]],[[523,290],[1,0],[1,0],[1,0],[1,0],[1,0],[1,0],[1,0],[1,0],[1,0],[-1,0],[-1,0],[-1,0],[1,0],[-1,0],[-1,0],[1,0],[-1,0],[1,0],[-1,0],[0,1],[-1,0],[0,-1],[-1,0],[0,1],[-1,0],[0,1],[-1,0],[0,-1],[-1,0],[-1,0],[-1,0],[-1,0],[0,-1],[-1,0],[-1,0]],[[518,290],[-1,0],[0,1],[-1,0],[1,0],[0,1],[1,0],[1,0],[-1,0],[-1,0],[-1,0],[-1,0],[-1,0],[-1,0]],[[513,292],[1,0],[0,1],[-1,0]],[[513,293],[0,1]],[[513,294],[-1,0]],[[512,294],[0,1],[1,0]],[[513,295],[1,0]],[[514,295],[0,1],[1,0]],[[515,296],[1,0]],[[516,296],[0,-1],[0,1]],[[516,296],[1,0]],[[517,296],[1,0]],[[518,296],[1,0]],[[517,296],[0,-1]],[[517,295],[1,0]],[[518,295],[1,0]],[[519,295],[1,0],[1,0]],[[521,295],[1,0]],[[522,295],[1,0],[1,0]],[[524,295],[1,0],[1,0],[1,0],[0,-1],[-1,0],[1,0],[0,1],[0,-1],[0,1],[0,-1],[1,0],[0,1],[0,-1],[0,1],[1,0],[-1,0],[-1,0],[-1,0],[-1,0],[0,1]],[[525,296],[-1,0]],[[524,296],[0,1]],[[524,297],[1,0]],[[525,297],[1,0]],[[526,297],[1,0],[1,0]],[[528,297],[1,0],[1,0],[1,0],[-1,0],[1,0],[0,-1],[0,1],[1,-1],[1,0]],[[533,296],[1,0]],[[534,296],[1,0],[-1,0]],[[534,296],[0,1]],[[534,297],[1,0],[-1,0]],[[534,297],[-1,0]],[[533,297],[-1,0]],[[532,297],[-1,0],[-1,0],[-1,0],[-1,0]],[[528,297],[-1,0],[0,1]],[[527,298],[1,0]],[[527,298],[-1,0],[-1,0],[0,1]],[[525,299],[1,0]],[[526,299],[0,1],[1,0],[1,0],[1,0],[1,0],[1,0]],[[531,300],[0,1]],[[531,301],[1,0]],[[532,301],[0,-1]],[[532,300],[1,0],[0,-1],[1,0],[0,1],[1,0]],[[535,300],[0,-1]],[[535,299],[1,0]],[[535,300],[1,0]],[[536,300],[1,0]],[[537,300],[1,0]],[[538,300],[1,0]],[[539,300],[1,0]],[[540,300],[0,-1]],[[540,299],[1,0]],[[541,299],[0,-1],[1,0],[1,0],[-1,0],[0,1],[-1,0]],[[541,299],[1,0],[-1,0]],[[541,299],[0,1],[-1,0]],[[537,300],[0,1],[0,-1]],[[536,300],[0,1]],[[536,301],[1,0],[1,0]],[[538,301],[1,0],[1,0]],[[540,301],[1,0]],[[541,301],[1,0]],[[542,301],[1,0]],[[543,301],[1,0],[1,0]],[[545,301],[0,1],[0,-1]],[[545,301],[0,0]],[[517,294],[0,0]],[[530,298],[0,0],[0,0],[0,0]],[[545,298],[0,0]],[[517,294],[-1,0],[1,0]],[[528,298],[0,0]],[[545,298],[0,-1]],[[545,301],[0,-1],[0,1]],[[518,296],[0,0]],[[385,206],[1,0],[-1,0]],[[385,206],[-1,0]],[[384,206],[0,-1],[0,1]],[[384,206],[0,-1],[-1,1]],[[383,206],[0,-1],[-1,0],[0,1]],[[382,206],[0,-1],[0,1]],[[382,206],[0,-1],[-1,0]],[[381,205],[1,0],[1,0],[1,0],[-1,0],[-1,-1]],[[382,204],[1,0],[-1,0]],[[382,204],[0,-1]],[[382,203],[1,0]],[[383,203],[0,1],[-1,0]],[[382,204],[1,0],[0,1],[1,0],[1,0]],[[385,205],[1,0],[1,0],[-1,0],[1,0],[-1,0],[1,0],[1,0]],[[388,205],[-1,0],[0,-1]],[[387,204],[-1,0],[-1,0]],[[385,204],[-1,0],[0,-1],[0,1],[0,-1],[-1,0]],[[383,203],[1,0],[0,1],[1,0]],[[385,204],[1,0],[-1,0]],[[385,204],[0,-1]],[[387,204],[1,0]],[[388,204],[1,0]],[[389,204],[1,0],[0,-1]],[[390,203],[-1,0]],[[390,203],[0,-1],[-1,0]],[[389,202],[1,0],[-1,0]],[[389,202],[0,-1],[-1,0]],[[388,201],[-1,0]],[[388,201],[1,0],[-1,0]],[[389,202],[1,0],[1,0],[0,-1]],[[391,201],[-1,0],[1,0]],[[391,201],[1,0]],[[392,201],[1,0],[0,-1]],[[393,200],[-1,0]],[[392,200],[-1,0]],[[391,200],[0,-1]],[[393,200],[1,0],[1,0],[0,-1],[-1,0]],[[394,199],[0,-1]],[[394,198],[1,0]],[[395,198],[0,1],[1,0],[0,-1]],[[396,198],[1,0],[1,0],[-1,0],[0,-1]],[[397,197],[1,0]],[[397,197],[-1,0]],[[396,197],[0,-1]],[[396,196],[-1,0]],[[395,196],[-1,0]],[[398,197],[1,0],[-1,0]],[[398,197],[1,0],[1,0],[1,0],[0,-1],[1,0],[-1,0],[1,0],[-1,0],[1,0],[0,-1],[1,0],[-1,0],[-1,0],[-1,0]],[[400,195],[1,0],[-1,0]],[[400,195],[1,0],[0,1],[-1,0],[0,-1]],[[400,195],[-1,0],[-1,0]],[[400,195],[-1,0],[0,-1],[-1,0],[1,0],[0,1],[1,0]],[[400,195],[-1,0],[1,0]],[[400,195],[1,0],[1,0],[1,0],[0,-1]],[[403,194],[-1,0]],[[403,194],[1,0],[0,-1],[0,-1]],[[404,192],[-1,0]],[[403,192],[0,-1]],[[403,191],[-1,0]],[[402,191],[-1,0]],[[401,191],[-1,0]],[[400,191],[-1,0]],[[399,191],[-1,0]],[[399,191],[0,-1]],[[399,190],[-1,0],[-1,0]],[[397,190],[-1,0],[-1,0]],[[395,190],[-1,0]],[[394,190],[-1,0],[0,-1]],[[393,189],[-1,0],[-1,0]],[[391,189],[1,0],[-1,1]],[[391,190],[-1,0]],[[390,190],[0,1],[1,0],[1,0],[1,0],[1,0],[1,0],[1,0],[0,1],[1,0],[-1,0],[-1,0],[0,-1],[-1,0],[-1,0],[-1,0],[-1,0],[-1,0],[-1,0]],[[389,191],[0,1]],[[389,192],[1,0],[1,0],[1,0],[1,0]],[[393,192],[0,1],[0,-1]],[[393,192],[-1,0],[-1,0],[1,0],[-1,0],[-1,0],[-1,0]],[[389,192],[-1,0]],[[389,192],[0,1]],[[389,193],[-1,0]],[[388,193],[0,1],[1,0]],[[389,194],[1,0]],[[390,194],[1,0],[1,0]],[[389,194],[-1,0],[-1,0]],[[387,194],[0,1]],[[387,195],[1,0]],[[388,195],[0,1]],[[388,196],[1,0]],[[389,196],[1,0],[0,1]],[[390,197],[1,0]],[[391,197],[1,0],[-1,0]],[[391,197],[1,0],[1,0]],[[390,197],[-1,0]],[[389,197],[0,-1]],[[388,196],[0,1],[-1,0],[-1,0],[1,0],[1,0],[-1,0],[-1,0],[-1,0]],[[385,197],[1,0],[0,1],[1,0],[1,0]],[[388,198],[-1,0],[1,0]],[[388,198],[0,1],[1,0],[1,0],[-1,0],[-1,0],[0,-1]],[[388,198],[-1,0],[0,1],[-1,0],[1,0],[0,-1],[-1,0],[-1,0],[1,0],[-1,0],[0,-1]],[[385,197],[0,1],[0,-1]],[[385,197],[-1,0],[-1,0]],[[383,197],[-1,0]],[[382,197],[-1,0],[-1,0]],[[380,197],[-1,0],[1,0]],[[380,197],[-1,0],[-1,0]],[[378,197],[-1,0]],[[377,197],[-1,0]],[[376,197],[0,-1]],[[376,196],[-1,0]],[[375,196],[-1,0]],[[374,196],[-1,0],[0,1],[1,0],[1,0]],[[375,197],[-1,0],[-1,0],[-1,0],[-1,0],[-1,0],[0,1]],[[370,198],[1,0]],[[371,198],[1,0]],[[372,198],[1,0]],[[373,198],[1,0]],[[374,198],[1,0]],[[375,198],[1,0],[1,0],[1,0],[1,0],[1,0],[0,1],[0,-1],[1,0],[0,1],[1,0]],[[382,199],[1,0]],[[382,199],[-1,0],[-1,0],[1,0],[1,0]],[[382,199],[0,1],[1,0]],[[383,200],[1,0]],[[382,199],[-1,0],[-1,0],[-1,0],[1,0],[0,1],[1,0],[0,1],[1,0],[1,1],[-1,0]],[[382,202],[0,-1],[-1,0],[0,-1],[-1,0],[-1,0],[0,-1],[-1,0]],[[378,199],[1,0],[-1,0]],[[378,199],[-1,0],[0,-1],[-1,0],[0,1],[1,0],[1,0]],[[378,199],[-1,0],[-1,0],[-1,0]],[[375,199],[-1,0]],[[375,199],[1,0],[1,0],[-1,0],[-1,0]],[[375,199],[0,1],[1,0],[0,1]],[[376,201],[1,0],[-1,0]],[[376,201],[1,0],[1,0]],[[378,201],[1,0]],[[379,201],[0,1],[1,0],[-1,0],[-1,0],[0,-1]],[[378,201],[-1,0],[0,1],[1,0],[1,0],[1,0],[-1,0],[1,0],[-1,0],[1,0],[-1,0],[1,0],[1,0]],[[381,202],[0,1]],[[381,203],[-1,0],[0,-1],[-1,0],[-1,0],[-1,0],[1,0],[-1,0],[0,-1],[-1,0]],[[376,201],[-1,0],[-1,0]],[[374,201],[-1,0],[1,0]],[[374,201],[-1,0],[-1,0],[0,1],[-1,0]],[[371,202],[0,-1],[0,1]],[[371,202],[1,0],[-1,0]],[[371,202],[1,0],[1,0]],[[373,202],[0,1]],[[373,203],[-1,0]],[[372,203],[-1,0]],[[371,203],[0,-1]],[[371,202],[-1,0]],[[370,202],[0,1]],[[370,203],[-1,0]],[[370,203],[0,1]],[[370,204],[-1,0]],[[369,204],[-1,0]],[[368,204],[0,1]],[[368,205],[1,0]],[[369,205],[1,0]],[[370,205],[1,0]],[[371,205],[0,1]],[[371,206],[1,0]],[[372,206],[1,0]],[[372,206],[0,-1]],[[372,205],[1,0]],[[373,205],[0,1]],[[373,206],[1,0]],[[374,206],[1,0]],[[374,206],[0,-1]],[[375,206],[0,-1]],[[375,206],[1,0]],[[376,206],[1,0]],[[377,206],[0,-1]],[[377,206],[1,0]],[[378,206],[-1,-1]],[[377,205],[1,0]],[[378,205],[0,1]],[[377,205],[-1,0]],[[376,205],[0,-1],[0,1]],[[378,206],[1,0]],[[379,206],[1,0],[0,1]],[[380,207],[1,0],[-1,0]],[[380,207],[1,0],[1,0]],[[382,207],[1,0],[1,0],[-1,0],[1,0],[1,0],[0,-1]],[[372,198],[0,0]],[[385,206],[0,0]],[[395,197],[0,0],[0,0],[0,0]],[[389,203],[-1,0]],[[389,203],[0,0]],[[379,203],[0,0],[0,0],[0,0]],[[401,193],[0,0]],[[394,199],[0,0]],[[401,193],[1,0]],[[374,202],[0,0]],[[374,205],[0,0]],[[382,203],[0,0]],[[402,193],[1,0],[-1,0]],[[402,193],[0,0]],[[389,202],[-1,0]],[[389,202],[0,0]],[[369,204],[0,0]],[[379,204],[0,0],[0,0],[0,0]],[[374,202],[-1,0]],[[398,191],[0,0]],[[392,196],[1,0]],[[392,196],[0,0]],[[393,199],[1,0]],[[385,203],[0,-1],[1,0]],[[386,202],[0,1]],[[386,203],[-1,0]],[[391,193],[1,0]],[[391,193],[0,0]],[[390,200],[-1,0]],[[390,200],[0,0]],[[390,200],[1,0]],[[390,195],[-1,0]],[[389,195],[0,-1]],[[390,194],[0,1]],[[402,193],[0,-1]],[[392,200],[0,1]],[[391,201],[0,-1]],[[374,205],[1,0]],[[391,193],[-1,0],[1,0]],[[400,192],[0,-1]],[[401,191],[0,1],[-1,0]],[[373,203],[1,0],[1,0]],[[375,203],[0,1],[-1,0],[0,-1],[-1,0]],[[384,199],[-1,0]],[[383,199],[0,-1],[1,0],[0,1]],[[388,203],[0,-1]],[[388,202],[-1,0]],[[391,195],[1,0]],[[392,195],[1,0]],[[393,195],[0,1]],[[392,196],[0,-1]],[[394,195],[1,0],[-1,0]],[[394,195],[0,1]],[[395,196],[0,-1],[-1,0]],[[395,196],[0,-1],[0,1]],[[397,195],[-1,0],[-1,0],[0,1]],[[397,195],[1,0]],[[394,195],[1,0],[1,0],[-1,0],[1,0],[1,0]],[[394,195],[-1,0]],[[393,195],[0,-1]],[[386,201],[0,-1],[-1,0],[-1,0]],[[384,200],[0,-1]],[[384,199],[1,0],[0,1],[1,0],[0,1]],[[426,204],[1,0],[-1,0]],[[426,204],[1,0],[1,0],[0,-1]],[[428,203],[0,1],[0,-1]],[[428,203],[1,0],[1,0],[0,-1],[-1,0]],[[429,202],[-1,0]],[[428,202],[-1,0],[1,0]],[[429,202],[0,-1]],[[429,201],[-1,0]],[[428,201],[-1,0],[1,0]],[[428,201],[0,-1],[-1,0],[1,0],[0,1]],[[429,202],[1,0],[0,-1],[1,0]],[[431,201],[1,0],[-1,0]],[[431,201],[-1,0],[0,-1]],[[430,200],[1,0]],[[431,200],[1,-1]],[[432,199],[1,0]],[[433,199],[1,0],[-1,0]],[[433,199],[1,0],[1,0]],[[435,199],[0,-1]],[[435,198],[1,0],[-1,0]],[[435,198],[1,0],[0,-1]],[[436,197],[1,0]],[[436,197],[-1,0],[-1,0]],[[434,197],[-1,0]],[[433,197],[-1,0]],[[432,197],[-1,0]],[[431,197],[-1,0]],[[430,197],[-1,0],[1,0]],[[430,197],[-1,0],[0,-1]],[[429,196],[1,0]],[[430,196],[1,0],[1,0],[1,0],[1,0]],[[434,196],[0,-1],[0,1]],[[434,196],[1,0]],[[435,196],[0,-1],[1,0],[-1,0],[1,-1]],[[436,194],[-1,0],[-1,0],[1,0],[-1,0],[1,0],[0,-1],[-1,0],[1,0],[1,0]],[[436,193],[0,-1],[1,0],[-1,0],[1,0],[-1,0],[-1,0],[1,0],[1,0],[1,0],[1,0],[-1,0],[1,0],[0,-1],[1,0],[1,0],[1,0]],[[442,191],[-1,0],[0,1],[-1,0],[0,1],[0,-1],[1,0],[0,1],[1,0],[0,-1],[1,0],[1,0],[-1,0],[1,0],[-1,0],[0,-1]],[[443,191],[1,0],[-1,0]],[[443,191],[0,-1],[-1,0],[-1,0],[-1,0],[-1,0],[0,-1]],[[439,189],[-1,0],[-1,0]],[[437,189],[-1,0],[-1,0],[-1,0]],[[434,189],[0,1],[-1,0],[-1,0],[-1,0]],[[431,190],[-1,0],[-1,0]],[[429,190],[-1,0]],[[428,190],[0,1],[-1,0],[-1,0],[-1,0],[-1,0],[-1,0],[-1,0],[-1,0],[-1,0]],[[420,191],[-1,0],[-1,0],[-1,0]],[[417,191],[-1,0]],[[416,191],[-1,0],[-1,0],[-1,0],[-1,0],[-1,0]],[[411,191],[1,0],[-1,0]],[[411,191],[0,1]],[[411,192],[1,0],[0,1],[-1,0],[1,0],[-1,0],[0,-1]],[[411,192],[1,0],[-1,0]],[[411,191],[-1,0]],[[410,191],[0,1]],[[410,192],[-1,0]],[[409,192],[-1,0]],[[408,192],[-1,0]],[[407,192],[0,1],[0,-1]],[[407,192],[1,1],[0,-1]],[[409,192],[0,1]],[[409,193],[-1,0],[-1,0],[1,0],[-1,0],[1,0],[-1,0],[0,1],[1,0]],[[408,194],[-1,0],[0,1],[-1,0],[1,0],[1,0],[1,0],[0,1]],[[409,196],[1,0]],[[410,196],[1,0],[1,0],[1,0],[0,1]],[[413,197],[1,0]],[[414,197],[1,0],[1,0]],[[416,197],[1,0]],[[417,197],[0,-1],[-1,0],[1,0],[0,1]],[[417,197],[1,0]],[[418,197],[1,0],[1,0],[1,0],[0,-1]],[[421,196],[1,0]],[[422,196],[0,-1]],[[422,195],[-1,0],[0,1]],[[422,195],[-1,0],[1,0]],[[422,195],[-1,0],[0,-1],[0,-1],[0,1],[1,0],[0,1]],[[422,195],[0,-1],[0,1]],[[422,195],[1,0]],[[423,195],[1,0],[0,-1],[0,-1]],[[424,193],[1,0]],[[425,193],[0,1],[1,0],[0,1],[1,0],[1,0]],[[428,195],[0,1],[-1,0],[1,0],[-1,0],[-1,0]],[[426,196],[-1,0],[-1,0],[0,1],[-1,0]],[[423,197],[1,0],[1,0],[-1,0],[-1,0]],[[423,197],[-1,0]],[[422,197],[0,1]],[[422,198],[-1,0]],[[421,198],[0,1],[0,1],[0,1]],[[421,201],[1,0]],[[422,201],[0,-1]],[[422,200],[1,1]],[[423,201],[1,0]],[[424,201],[0,1],[0,-1]],[[424,201],[1,0],[0,1],[-1,0],[1,0],[-1,0],[0,1],[1,0],[0,1]],[[425,204],[1,0]],[[431,197],[0,0]],[[422,199],[0,0]],[[426,198],[0,0],[0,0],[0,0]],[[409,194],[0,0]],[[422,199],[0,-1]],[[433,197],[0,0]],[[428,199],[1,0]],[[428,199],[0,0]],[[409,194],[-1,0]],[[423,199],[0,0]],[[433,199],[0,0]],[[424,199],[-1,0]],[[428,199],[-1,0],[1,0]],[[424,198],[-1,0],[1,0]],[[424,198],[0,1]],[[423,199],[0,-1],[1,0]],[[487,285],[1,0]],[[488,285],[0,-1],[1,0]],[[488,285],[1,0]],[[489,285],[0,-1]],[[489,284],[1,0],[1,0]],[[491,284],[1,0],[0,-1],[1,0],[0,1]],[[493,284],[-1,0],[1,0]],[[493,284],[1,0]],[[494,284],[0,-1],[1,0],[0,-1],[1,0],[-1,0],[1,0],[0,-1],[-1,0],[1,0],[1,0],[-1,0],[1,0],[-1,0],[1,-1],[-1,0],[-1,0],[-1,0],[-1,0],[1,0],[-1,0],[1,0],[1,0],[-1,0],[1,0],[1,0],[-1,0],[1,0],[-1,0],[0,-1]],[[495,279],[0,1],[-1,0],[1,0],[0,-1]],[[495,279],[-1,0],[1,0]],[[495,279],[-1,0],[-1,0],[1,0],[1,-1],[1,0],[-1,0],[-1,0]],[[494,278],[-1,0],[-1,0],[-1,0],[0,-1]],[[491,277],[1,0]],[[491,277],[-1,0]],[[490,277],[0,1]],[[490,278],[-1,0],[-1,0]],[[488,278],[0,1],[-1,0]],[[487,279],[-1,0]],[[486,279],[-1,0],[-1,0]],[[484,279],[-1,0]],[[483,279],[-1,0]],[[482,279],[0,-1]],[[482,279],[-1,0]],[[481,279],[0,-1]],[[481,278],[-1,0],[-1,0]],[[479,278],[0,1]],[[479,279],[-1,-1]],[[478,278],[-1,0],[-1,0],[-1,0]],[[475,278],[0,1]],[[475,279],[-1,0]],[[474,279],[-1,0]],[[473,279],[0,1],[1,0],[-1,0],[1,0],[1,0],[1,0],[1,0],[1,0]],[[478,280],[1,0],[1,0],[1,0],[1,0],[1,0],[1,0],[1,0]],[[485,280],[1,0]],[[478,280],[-1,0],[-1,0],[-1,0],[-1,0],[-1,0],[-1,0]],[[472,280],[-1,0]],[[471,280],[-1,0]],[[470,280],[-1,0]],[[469,280],[0,1],[1,0]],[[470,281],[1,0],[0,1],[0,-1],[-1,0]],[[470,281],[0,1],[0,-1]],[[470,281],[-1,0],[-1,0],[-1,0],[-1,0]],[[466,281],[-1,0]],[[465,281],[-1,0]],[[464,281],[0,1]],[[464,282],[-1,0]],[[464,282],[1,0],[-1,0]],[[464,282],[0,1]],[[464,283],[0,1],[-1,0]],[[463,284],[0,-1]],[[463,283],[0,-1]],[[463,282],[0,-1]],[[463,281],[0,-1]],[[463,280],[-1,0]],[[462,280],[-1,0]],[[461,280],[-1,0],[-1,1]],[[459,281],[-1,0]],[[458,281],[0,1]],[[458,282],[0,1]],[[458,283],[1,0],[1,0],[-1,0],[1,0],[-1,0],[-1,0]],[[458,283],[-1,0],[1,0]],[[458,283],[1,0],[1,0],[0,1],[1,0]],[[461,284],[-1,0],[1,0]],[[461,284],[1,0]],[[462,284],[1,0]],[[463,284],[1,0],[1,0],[1,0],[1,0],[1,0],[1,0],[1,0],[1,0],[1,0],[1,0],[1,0],[1,0],[1,0],[0,1]],[[476,285],[0,-1],[1,0],[0,1]],[[477,285],[1,0]],[[478,285],[1,0]],[[479,285],[1,0]],[[480,285],[1,0],[1,0]],[[482,285],[1,0]],[[483,285],[1,0]],[[484,285],[1,0],[-1,0]],[[484,285],[1,0],[1,0],[1,0]],[[487,285],[-1,0],[1,0]],[[480,279],[0,0]],[[480,279],[1,0]],[[393,205],[1,0],[-1,0]],[[393,205],[1,0],[1,0],[1,0],[1,0]],[[397,205],[1,0]],[[398,205],[1,0]],[[398,205],[0,-1]],[[399,205],[1,0]],[[400,205],[1,0]],[[401,205],[1,0],[1,0]],[[403,205],[1,0]],[[404,205],[0,-1]],[[404,204],[1,0]],[[405,204],[1,0]],[[406,204],[1,0]],[[407,204],[1,0]],[[405,204],[0,1]],[[405,205],[-1,0]],[[405,205],[1,0],[1,0],[1,0]],[[408,205],[1,-1]],[[409,204],[1,0]],[[410,204],[1,0],[1,0]],[[412,204],[1,0]],[[413,204],[0,-1],[-1,0]],[[412,203],[-1,0]],[[411,203],[-1,0],[-1,0],[-1,0],[1,0],[1,0],[1,0]],[[412,203],[1,0],[1,0]],[[414,203],[1,0],[1,0]],[[414,203],[0,-1],[1,0],[0,1],[1,0]],[[416,203],[0,-1],[-1,0],[-1,0],[-1,0],[0,-1],[-1,0],[0,1],[-1,0],[-1,0],[1,0],[1,0],[0,-1],[1,0],[1,0],[0,1],[1,0],[1,0],[0,-1],[-1,0],[-1,0],[-1,0],[-1,0],[-1,0],[0,-1],[1,0],[0,1],[1,0],[1,0],[1,0],[1,0],[0,1],[1,0]],[[417,202],[1,0]],[[418,202],[1,0]],[[419,202],[1,0],[-1,0]],[[419,202],[1,0],[0,1]],[[420,203],[0,-1],[1,0],[0,1]],[[421,203],[1,0]],[[422,203],[1,0],[0,-1],[-1,0],[-1,0],[-1,0],[-1,0]],[[419,202],[1,0],[1,0],[0,-1]],[[421,201],[-1,0],[-1,0]],[[419,201],[-1,0]],[[418,201],[-1,0]],[[417,201],[0,-1],[-1,0],[1,0],[-1,0],[-1,0],[1,0],[1,0],[1,0]],[[418,200],[-1,0],[1,0]],[[418,200],[0,1]],[[421,201],[-1,0],[1,0]],[[421,201],[-1,0],[0,-1],[0,1],[-1,0]],[[419,201],[0,-1]],[[419,200],[-1,0]],[[419,200],[1,0],[-1,0]],[[419,200],[0,-1]],[[419,200],[1,0],[0,-1],[-1,0]],[[419,199],[1,0],[-1,0]],[[419,199],[-1,0]],[[419,199],[1,0],[0,-1]],[[420,198],[-1,0],[1,0]],[[420,198],[0,1],[0,-1]],[[420,198],[1,0]],[[420,198],[-1,0],[-1,0],[0,-1]],[[416,197],[0,1],[1,0]],[[417,198],[-1,0],[1,0]],[[417,198],[-1,0],[-1,0],[-1,0],[0,-1]],[[413,197],[-1,0],[-1,0],[-1,0],[0,-1]],[[409,196],[-1,0],[-1,0],[-1,0],[-1,0],[0,1],[-1,0],[-1,0],[0,1]],[[403,198],[-1,0],[-1,0],[1,0],[-1,0],[0,1]],[[401,199],[1,0]],[[402,199],[1,0],[1,0]],[[401,199],[0,-1],[-1,0],[0,1]],[[400,199],[-1,0]],[[399,199],[-1,0],[0,1],[-1,0],[1,0],[-1,0],[1,0],[-1,0],[0,1],[1,0],[1,0],[1,0],[1,0]],[[401,201],[-1,0],[-1,0],[-1,0],[1,0],[1,0],[0,1]],[[400,202],[1,0]],[[401,202],[1,0]],[[400,202],[-1,0]],[[400,202],[0,-1],[-1,0],[-1,0],[-1,0],[1,0],[-1,0],[-1,0],[-1,0],[1,0],[1,0],[0,1]],[[397,202],[1,0]],[[397,202],[-1,0]],[[396,202],[0,-1],[-1,0],[-1,0],[1,0],[0,1]],[[395,202],[-1,0],[1,0]],[[395,202],[1,0]],[[395,202],[0,1],[1,0],[1,0]],[[397,203],[1,0],[1,0]],[[399,203],[1,0]],[[395,202],[-1,0],[0,1],[-1,0],[1,0],[1,0],[1,0],[1,0]],[[397,203],[0,1]],[[397,204],[-1,0]],[[396,204],[0,-1],[-1,0],[-1,0],[-1,0],[0,1],[1,0]],[[394,204],[-1,0],[-1,0],[-1,0],[0,1],[-1,0],[1,0],[-1,0],[1,0],[1,0]],[[392,205],[1,0]],[[395,204],[0,0]],[[398,202],[0,0]],[[403,205],[0,0]],[[398,205],[0,0]],[[396,202],[0,0]],[[395,204],[-1,0]],[[397,204],[1,0]],[[397,204],[0,0]],[[400,203],[0,0]],[[402,204],[0,0]],[[401,201],[1,0]],[[402,201],[1,0],[-1,0]],[[400,204],[-1,0]],[[398,202],[1,0]],[[402,204],[1,0]],[[400,203],[1,0]],[[400,204],[0,1]],[[399,205],[0,-1]],[[401,203],[1,0],[1,0],[1,0],[1,0],[-1,0],[-1,0],[-1,0],[-1,0]],[[400,199],[1,0]],[[401,199],[0,1],[-1,0],[0,-1]],[[399,202],[0,1]],[[400,202],[0,1]],[[476,295],[1,0]],[[477,295],[1,0],[1,0],[1,0]],[[480,295],[-1,0],[1,0]],[[480,295],[1,0]],[[481,295],[1,0]],[[482,295],[0,-1],[1,0],[-1,0],[-1,0],[1,0],[1,0],[0,-1],[1,0],[1,0],[-1,0],[1,0],[-1,0],[-1,0],[-1,0],[1,0],[1,0],[-1,0],[-1,0],[-1,0],[1,0],[-1,0],[-1,0],[1,0],[-1,0],[-1,0],[-1,0],[-1,0],[-1,0],[-1,0],[1,0],[-1,0],[1,1],[1,0],[-1,0],[-1,0],[0,-1],[-1,0],[1,0],[0,-1]],[[475,292],[-1,0],[-1,0],[-1,0],[-1,0],[-1,0],[0,-1]],[[470,291],[-1,0],[-1,0],[-1,0],[-1,0],[-1,0],[-1,0],[-1,0],[-1,0],[-1,0],[-1,0],[-1,0]],[[459,291],[0,-1],[0,1]],[[459,291],[0,-1],[-1,0],[-1,0],[1,0],[-1,0],[-1,0],[-1,0],[-1,0],[-1,0]],[[453,290],[0,1]],[[453,291],[-1,0],[-1,0]],[[451,291],[-1,0],[-1,0]],[[449,291],[1,0],[-1,0]],[[449,291],[0,1],[-1,0],[1,0],[-1,0],[1,0],[0,1],[1,0],[0,-1],[0,1],[0,-1],[1,0],[0,1],[0,-1],[0,1],[1,0],[0,-1],[0,1],[1,0],[0,-1],[0,1],[0,-1],[0,1],[1,0],[0,-1],[1,0]],[[455,292],[1,0]],[[456,292],[1,0]],[[457,292],[1,0]],[[458,292],[1,0]],[[459,292],[1,0]],[[460,292],[1,0],[1,0],[1,0],[1,0],[1,0]],[[465,292],[1,0]],[[459,292],[0,1]],[[459,293],[-1,0],[-1,0],[-1,0]],[[456,293],[-1,0]],[[455,293],[-1,0],[-1,0],[-1,0],[-1,0],[-1,0],[-1,0],[-1,0],[-1,0],[1,0],[-1,0],[-1,0],[0,1]],[[446,294],[-1,0]],[[446,294],[1,0]],[[446,294],[0,1]],[[446,295],[1,0]],[[446,295],[-1,0]],[[447,295],[1,0]],[[448,295],[1,0]],[[449,295],[1,0]],[[450,295],[1,0]],[[451,295],[1,0]],[[452,295],[1,0]],[[453,295],[1,0]],[[454,295],[1,0]],[[455,295],[0,1]],[[455,296],[1,-1]],[[456,295],[0,1]],[[456,295],[1,0],[0,1]],[[457,296],[1,0],[1,0]],[[459,296],[1,0],[1,0],[-1,0],[1,0],[1,0],[1,0]],[[463,296],[1,0],[1,0]],[[465,296],[1,0],[1,0],[1,0],[1,0],[0,-1],[0,1],[0,-1],[1,0],[1,0],[1,0],[1,0],[-1,0],[1,0],[1,0],[-1,0],[1,0],[1,0],[1,0]],[[447,294],[1,0],[1,0],[1,0],[0,1]],[[450,295],[0,-1],[0,1]],[[450,295],[0,-1],[-1,0],[1,0],[-1,1]],[[449,295],[0,-1],[0,1]],[[448,295],[0,-1],[0,1]],[[448,295],[0,-1],[-1,0]],[[454,295],[0,-1],[1,0],[1,0],[1,0]],[[457,294],[1,0],[1,0],[1,0]],[[457,294],[-1,0],[0,1]],[[456,295],[0,-1],[-1,0],[0,1]],[[453,291],[1,0],[1,0],[1,0],[1,0],[1,0],[1,0]],[[461,294],[1,0],[-1,0]],[[461,294],[-1,0]],[[471,210],[0,1]],[[471,211],[1,0]],[[471,211],[-1,0]],[[472,211],[1,0]],[[473,211],[1,0]],[[474,211],[1,0]],[[475,211],[1,0],[0,1]],[[474,212],[-1,0],[1,0]],[[474,212],[-1,0],[-1,0]],[[478,212],[0,-1],[1,0],[1,0],[1,0]],[[481,211],[1,0]],[[482,211],[1,0]],[[483,211],[1,0]],[[484,211],[1,0],[1,0]],[[486,211],[1,0],[1,0]],[[488,211],[1,0],[1,0]],[[490,211],[1,0],[0,-1],[-1,0]],[[490,210],[-1,0]],[[490,210],[0,-1],[-1,0],[-1,0],[-1,0],[-1,0],[-1,0],[-1,0],[-1,0]],[[483,209],[-1,0],[-1,0],[1,0],[1,0]],[[483,209],[0,1],[1,0],[-1,0],[-1,0],[-1,0],[-1,0],[1,0],[-1,0],[0,-1],[-1,0],[-1,0]],[[478,209],[-1,0]],[[477,209],[-1,0],[-1,0]],[[475,209],[-1,0],[-1,0]],[[473,209],[-1,0]],[[472,209],[-1,0]],[[471,209],[-1,0]],[[470,209],[-1,0]],[[469,209],[-1,0],[-1,0],[1,0],[-1,0],[-1,0],[-1,0],[0,-1]],[[461,208],[-1,0],[-1,0],[-1,0],[-1,0],[-1,0],[-1,0],[-1,0],[-1,0],[0,1],[-1,0],[-1,0],[0,1],[-1,0],[1,0],[-1,0],[1,0],[0,-1],[1,0],[-1,0],[-1,0],[-1,0],[-1,0],[-1,0],[-1,0],[-1,0],[0,1],[-1,0],[-1,0],[-1,0]],[[442,210],[-1,0]],[[442,210],[1,0],[0,1]],[[443,211],[1,0]],[[444,211],[1,0],[1,0]],[[446,211],[1,0],[0,-1],[1,0],[1,0],[1,0],[-1,0],[1,0],[-1,0],[-1,0],[-1,0],[0,1],[-1,0]],[[446,211],[-1,0],[1,0]],[[446,211],[1,0],[1,0],[0,1]],[[448,212],[1,0]],[[449,212],[1,0],[1,0],[1,0],[1,0],[1,0],[0,-1],[1,0],[1,0],[1,0],[1,0],[1,0]],[[459,211],[1,0]],[[460,211],[0,-1],[1,0],[1,0],[1,0],[-1,0],[-1,0],[-1,0],[0,1]],[[459,211],[-1,0],[-1,0],[-1,0],[0,1],[-1,0],[1,0],[-1,0],[-1,0],[-1,0],[-1,0],[1,0],[0,1]],[[454,213],[0,-1],[1,0],[0,1]],[[461,213],[0,-1]],[[461,213],[-1,0],[1,0]],[[463,213],[0,-1]],[[463,212],[1,0]],[[464,212],[1,0]],[[465,212],[1,0],[1,0]],[[467,212],[1,0],[1,0],[1,0]],[[470,212],[1,0]],[[471,212],[1,0]],[[474,212],[0,-1]],[[470,211],[-1,0]],[[469,211],[-1,0],[-1,0],[-1,0],[0,-1],[-1,0],[-1,0],[1,0],[1,0],[1,0],[1,0],[0,1],[1,0]],[[469,211],[0,-1],[1,0]],[[470,210],[1,0]],[[470,210],[0,-1]],[[471,209],[0,1]],[[471,210],[1,0]],[[472,210],[0,1]],[[486,210],[-1,0],[1,0]],[[486,210],[0,0]],[[462,212],[-1,0]],[[462,212],[0,0]],[[486,210],[1,0],[-1,0]],[[465,212],[0,0]],[[462,212],[1,0]],[[472,209],[0,0]],[[464,212],[0,-1],[1,0],[0,1]],[[470,211],[0,1]],[[451,273],[1,0]],[[452,273],[1,0],[1,0],[1,0],[0,-1],[1,0],[-1,0],[-1,0],[-1,0],[-1,0],[-1,0]],[[451,272],[-1,0],[-1,0],[1,0],[0,-1],[-1,0],[0,1],[0,-1],[1,0],[0,1],[0,-1],[0,1],[1,0]],[[451,272],[1,0],[1,0],[1,0],[1,0],[1,0],[1,0],[0,-1],[1,0],[1,0],[-1,0],[1,0],[0,-1]],[[459,270],[-1,0]],[[458,270],[-1,0],[-1,0],[-1,0],[0,1],[-1,0]],[[454,271],[1,0],[1,0],[-1,0],[-1,0]],[[454,271],[-1,0]],[[453,271],[-1,0],[0,-1],[-1,0],[-1,0],[-1,0],[1,0],[1,0],[1,0],[1,0],[0,1]],[[454,271],[1,-1],[-1,0],[-1,0],[-1,0],[1,0],[1,0],[1,0],[1,0],[1,0],[1,0]],[[459,270],[1,0],[-1,0]],[[459,270],[1,0],[1,-1],[-1,0]],[[460,269],[1,0],[-1,0]],[[460,269],[1,0],[0,-1],[-1,0],[1,0],[-1,0],[-1,0],[1,0],[0,-1]],[[460,267],[0,1],[0,-1]],[[460,267],[-1,0]],[[459,267],[-1,0]],[[458,267],[-1,0],[-1,0]],[[456,267],[-1,0],[-1,0]],[[454,267],[-1,0],[-1,0],[1,0],[-1,0],[-1,0],[1,0],[-1,0],[-1,0],[1,0],[-1,0],[0,1],[0,-1],[1,0],[1,0],[-1,0],[-1,0],[-1,0],[-1,0],[-1,0],[-1,0],[-1,0],[-1,0],[1,0],[1,0],[1,0],[1,0],[1,0],[1,0],[1,0],[1,0],[1,0],[1,0]],[[454,267],[0,-1]],[[454,266],[-1,0]],[[453,266],[-1,0],[-1,0]],[[451,266],[-1,0],[-1,0],[-1,0],[-1,0],[1,0],[1,0],[1,0],[0,-1]],[[450,265],[-1,0]],[[449,265],[-1,0]],[[448,265],[-1,0]],[[447,265],[-1,0],[-1,0],[-1,0]],[[444,265],[-1,0]],[[443,265],[-1,0]],[[442,265],[-1,0]],[[441,265],[0,1]],[[441,266],[-1,0]],[[441,266],[1,0],[1,0],[-1,0],[1,0],[-1,0],[0,1]],[[442,267],[1,0]],[[443,267],[1,0],[-1,0]],[[443,267],[0,1],[-1,0]],[[442,268],[1,0],[-1,0]],[[442,268],[-1,0]],[[441,268],[0,1]],[[441,269],[-1,0]],[[441,269],[1,0],[1,0],[1,0],[0,1],[1,0],[-1,0],[0,-1],[-1,0],[0,1],[-1,0]],[[442,270],[1,0],[-1,0]],[[442,270],[0,1]],[[442,271],[1,0],[0,1]],[[443,272],[1,0]],[[444,272],[1,0],[0,1]],[[445,273],[1,0],[1,0],[1,0],[1,0],[-1,0],[-1,0],[1,0],[1,0],[1,0],[1,0]],[[458,269],[-1,0],[1,0]],[[458,269],[-1,0],[-1,0],[-1,0],[-1,0]],[[454,269],[1,0],[1,0],[0,-1],[1,0],[0,1],[1,0]],[[458,269],[1,0],[1,0]],[[507,263],[1,-1]],[[508,262],[1,0]],[[509,262],[1,0]],[[510,262],[1,0]],[[511,262],[1,0]],[[521,262],[-1,0],[0,-1]],[[518,261],[-1,0],[0,-1]],[[517,260],[-1,0],[0,-1]],[[516,259],[-1,0],[0,-1],[-1,0],[-1,0],[0,-1],[-1,0],[-1,0],[-1,0],[0,-1],[-1,0],[-1,0],[-1,0],[0,-1],[-1,0],[0,-1],[-1,0]],[[505,254],[-1,0]],[[504,254],[-1,0]],[[503,254],[-1,0]],[[502,254],[0,-1]],[[502,253],[-1,0]],[[502,253],[1,0]],[[503,253],[1,0]],[[503,253],[0,-1],[-1,0],[-1,0]],[[501,252],[-1,0],[0,-1]],[[500,251],[-1,0],[-1,0],[-1,0],[-1,0],[1,0],[0,1],[1,0],[-1,0],[1,0],[-1,0],[1,0],[0,1],[0,1],[1,0],[0,-1],[1,0],[1,0]],[[501,253],[-1,0],[0,1],[1,0],[-1,0],[-1,0],[0,1],[1,0],[0,1],[1,0],[0,1],[-1,0],[1,0],[0,1],[-1,0],[1,0],[-1,0],[0,1],[-1,0],[0,1],[1,0],[1,0],[1,0],[1,0],[0,1],[0,-1],[1,0],[0,1],[-1,0],[-1,0],[1,0],[0,1],[1,0],[1,0]],[[505,262],[1,0],[0,1]],[[502,254],[0,0]],[[383,194],[1,0]],[[383,194],[0,1],[1,0],[0,1],[1,0]],[[385,196],[1,0]],[[386,196],[1,0],[1,0]],[[388,196],[-1,0],[0,-1]],[[387,195],[-1,0],[-1,0],[1,0],[0,-1],[1,0]],[[387,194],[-1,0],[-1,0],[-1,0]],[[383,194],[-1,0],[1,0]],[[384,194],[1,0],[-1,0]],[[387,194],[0,-1],[1,0]],[[388,193],[0,-1]],[[388,192],[-1,0]],[[387,192],[-1,0]],[[386,192],[0,1],[0,-1]],[[386,192],[-1,0],[-1,0]],[[384,192],[0,-1]],[[384,191],[-1,0]],[[383,191],[-1,0],[-1,0]],[[381,191],[-1,0]],[[380,191],[-1,0]],[[379,191],[0,-1]],[[379,190],[-1,0],[-1,0],[-1,0]],[[376,190],[-1,0]],[[375,190],[-1,0]],[[374,190],[-1,0]],[[373,190],[0,-1]],[[373,189],[-1,0]],[[372,189],[0,1]],[[372,190],[-1,0]],[[371,190],[-1,0]],[[370,190],[-1,0],[-1,0]],[[368,190],[-1,0],[-1,0]],[[366,190],[-1,0]],[[365,190],[0,1],[1,0],[1,0]],[[367,191],[1,0]],[[368,191],[1,0],[1,0],[1,0]],[[371,191],[1,0],[1,0]],[[373,191],[1,0]],[[374,191],[1,0]],[[375,191],[1,0]],[[376,191],[1,0]],[[377,191],[0,1],[1,0]],[[378,192],[1,0]],[[379,192],[1,0]],[[380,192],[1,0]],[[381,192],[0,1],[1,0]],[[378,192],[-1,0],[-1,0],[0,-1]],[[371,191],[-1,0],[1,0]],[[371,191],[1,0],[0,1]],[[372,192],[1,0]],[[373,192],[1,0],[1,0]],[[375,192],[1,0],[1,0],[0,1]],[[377,193],[1,0]],[[378,193],[1,0]],[[379,193],[1,0]],[[380,193],[1,0],[1,0]],[[382,193],[0,1],[0,-1]],[[377,193],[-1,0]],[[376,193],[-1,-1]],[[372,192],[-1,0]],[[371,192],[0,-1]],[[367,191],[0,1],[1,0]],[[368,192],[1,0]],[[368,192],[-1,0],[-1,0]],[[366,192],[-1,0]],[[365,192],[-1,0]],[[364,192],[-1,0]],[[363,192],[0,1]],[[363,193],[1,0]],[[364,193],[0,1]],[[364,194],[-1,0]],[[364,194],[0,1]],[[364,195],[1,0]],[[364,195],[-1,0]],[[364,195],[0,1]],[[365,195],[1,0]],[[366,195],[1,0]],[[367,195],[0,1]],[[367,196],[-1,0]],[[367,196],[1,0]],[[368,196],[1,0]],[[369,196],[1,0],[1,0],[1,0],[0,-1]],[[372,195],[-1,0],[1,0]],[[372,195],[1,0]],[[373,195],[1,0]],[[374,195],[1,0]],[[375,195],[0,1]],[[376,196],[1,0],[-1,0]],[[376,196],[1,0],[1,0],[1,0]],[[379,196],[1,0]],[[380,196],[0,1]],[[379,196],[0,-1]],[[380,196],[0,-1]],[[380,195],[1,0],[-1,0]],[[380,196],[1,0],[1,0],[0,1]],[[382,197],[0,-1],[1,0]],[[383,196],[0,1]],[[385,197],[0,-1]],[[385,196],[-1,0],[-1,0]],[[383,196],[1,0],[-1,0]],[[383,196],[1,0],[0,-1],[-1,0],[-1,0],[-1,0],[1,0],[-1,0],[1,0],[1,0],[0,-1]],[[365,194],[0,0]],[[365,194],[-1,0]],[[365,192],[0,0]],[[375,190],[0,0]],[[365,194],[0,1]],[[374,191],[0,0]],[[370,194],[0,0]],[[373,190],[0,0]],[[375,194],[-1,0]],[[375,194],[0,0]],[[381,191],[0,0]],[[370,194],[1,0]],[[367,193],[1,0]],[[367,193],[0,0]],[[374,195],[0,0]],[[384,193],[0,-1]],[[384,193],[0,0]],[[384,193],[1,0],[-1,0]],[[375,194],[1,0]],[[374,191],[0,-1]],[[370,193],[-1,0]],[[369,193],[-1,0]],[[378,194],[-1,0]],[[377,194],[-1,0]],[[373,193],[-1,0],[-1,0]],[[371,193],[0,-1]],[[372,192],[0,1],[1,0]],[[371,193],[-1,0]],[[370,193],[0,-1]],[[370,192],[1,0]],[[376,195],[1,0]],[[376,195],[0,0]],[[376,195],[-1,0]],[[382,192],[1,0]],[[382,192],[-1,0]],[[376,195],[0,-1]],[[377,194],[0,1]],[[378,195],[-1,0]],[[374,194],[0,1]],[[373,195],[0,-1],[-1,0]],[[372,194],[-1,0]],[[370,194],[0,1],[-1,0],[-1,0],[1,0],[-1,0],[1,0],[0,-1],[-1,0],[-1,0],[0,-1]],[[368,193],[0,1],[1,0],[0,-1]],[[373,193],[1,0]],[[374,193],[1,0]],[[375,193],[0,1]],[[374,193],[0,1]],[[369,193],[0,1],[1,0]],[[372,194],[1,0],[1,0]],[[497,274],[1,0],[1,0]],[[499,274],[0,-1]],[[499,273],[1,0],[1,0],[1,0]],[[502,273],[1,0]],[[503,273],[1,0]],[[504,273],[1,0],[0,-1],[-1,0],[0,-1],[0,1],[-1,0]],[[503,272],[-1,0]],[[502,272],[-1,0]],[[501,272],[-1,0],[-1,0],[1,0],[0,-1],[1,0],[0,1]],[[503,272],[0,-1]],[[503,271],[1,0],[-1,0]],[[503,271],[0,-1],[1,0],[-1,0],[1,0],[-1,0],[-1,-1],[1,0],[1,0],[0,-1],[-1,0],[0,1],[0,-1],[-1,0],[0,1],[-1,0],[0,-1],[0,1],[0,-1],[-1,0],[0,1]],[[500,269],[-1,0],[-1,0],[-1,0],[-1,0],[1,0],[1,0],[-1,0],[1,0],[1,0],[0,-1],[1,0],[1,0],[-1,0],[1,0],[-1,0],[1,0],[1,0],[0,-1],[1,0],[-1,0],[1,0],[-1,0],[0,-1],[1,0],[-1,0],[-1,0],[-1,0]],[[500,266],[0,-1]],[[500,265],[-1,0]],[[499,265],[0,1]],[[499,266],[-1,0],[-1,0]],[[497,266],[-1,0],[1,0]],[[497,266],[-1,0],[-1,1],[-1,0],[-1,0]],[[493,267],[-1,0]],[[492,267],[0,1]],[[492,268],[-1,-1]],[[491,267],[1,0]],[[491,267],[-1,0]],[[490,267],[0,1]],[[490,268],[-1,0]],[[489,268],[-1,0]],[[488,268],[0,1]],[[488,269],[1,0]],[[488,268],[-1,0]],[[487,268],[0,1],[1,0]],[[489,269],[1,0]],[[490,269],[0,1]],[[490,270],[-1,0]],[[490,270],[0,1],[1,0]],[[491,271],[0,1],[1,0],[1,0],[0,1],[1,0],[-1,0],[1,0],[0,-1]],[[494,272],[0,1],[0,-1]],[[494,272],[0,1],[1,0]],[[495,273],[-1,0],[1,0]],[[495,273],[1,0]],[[496,273],[0,1],[0,-1]],[[496,273],[1,0]],[[496,273],[0,1],[1,0]],[[497,274],[-1,0],[1,0]],[[492,268],[0,0]],[[491,270],[0,0]],[[499,266],[0,0]],[[497,267],[0,0],[0,0],[0,0]],[[499,266],[1,0]],[[492,268],[-1,0],[1,0]],[[498,273],[-1,0]],[[498,273],[0,0]],[[492,270],[0,0]],[[502,271],[0,0]],[[492,270],[-1,0]],[[491,270],[0,-1]],[[502,271],[1,0]],[[498,273],[1,0]],[[491,269],[-1,0]],[[502,273],[0,-1]],[[503,272],[0,1]],[[464,289],[1,0]],[[465,289],[0,-1],[1,0],[1,0],[0,1]],[[467,289],[0,-1],[1,0],[-1,0],[1,0],[1,0],[1,0],[-1,0],[1,0],[1,0],[1,0],[1,0],[1,0],[1,0],[1,0],[1,0],[1,0],[0,-1],[1,0],[1,0],[0,-1],[1,0],[-1,0],[-1,0],[-1,0],[-1,0],[0,-1]],[[477,285],[-1,0]],[[476,285],[-1,0],[-1,0],[-1,0],[0,1],[-1,0],[-1,0],[-1,0],[1,0],[-1,0],[-1,0],[-1,0],[-1,0],[1,0],[1,0],[1,0],[1,0],[0,-1],[1,0],[0,1],[0,-1],[-1,0],[-1,0],[-1,0],[-1,0],[-1,0],[-1,0],[-1,0],[-1,0],[-1,0],[-1,0]],[[462,285],[-1,0]],[[461,285],[-1,0],[-1,0],[0,-1],[0,1],[0,-1],[-1,0],[-1,0],[-1,0],[-1,0],[-1,0],[-1,0],[-1,0]],[[452,284],[-1,0]],[[451,284],[-1,0]],[[450,284],[0,1],[-1,0]],[[449,285],[0,-1]],[[449,284],[-1,0]],[[448,284],[0,1]],[[448,285],[1,0]],[[448,285],[-1,0]],[[449,285],[0,1]],[[449,286],[1,0]],[[450,286],[0,-1],[0,1]],[[450,286],[1,0]],[[451,286],[1,0]],[[452,286],[1,0],[1,0],[0,1]],[[454,287],[1,0]],[[455,287],[1,0],[1,0],[-1,0],[1,0],[1,0],[-1,0],[1,0],[0,1]],[[458,288],[1,0]],[[459,288],[1,0]],[[460,288],[1,0],[1,0],[0,1],[1,0]],[[463,289],[-1,0],[1,0]],[[463,289],[1,0]],[[406,211],[0,-1]],[[406,210],[1,0]],[[407,210],[1,0]],[[408,210],[1,0]],[[408,210],[0,-1]],[[408,209],[1,0]],[[408,209],[-1,0]],[[407,209],[-1,0]],[[407,209],[1,-1]],[[408,208],[1,0]],[[409,208],[1,0]],[[410,208],[1,0]],[[411,208],[1,0]],[[412,208],[1,0]],[[413,208],[0,-1],[1,0],[1,0]],[[415,207],[-1,0],[1,0]],[[415,207],[1,0]],[[416,207],[1,0]],[[417,207],[1,0]],[[418,207],[1,0],[1,0],[1,0]],[[421,207],[-1,0],[1,0]],[[421,207],[0,-1]],[[421,206],[1,0]],[[421,206],[-1,0],[-1,0],[0,-1]],[[419,205],[-1,0]],[[418,205],[-1,0],[-1,0]],[[416,205],[-1,0],[-1,0]],[[414,205],[-1,0],[-1,0],[-1,0]],[[411,205],[0,1],[-1,0],[-1,0],[-1,0],[-1,0],[-1,0],[-1,0],[-1,0]],[[404,206],[1,0],[-1,0]],[[404,206],[-1,0]],[[403,206],[-1,0]],[[404,206],[1,0],[1,0],[1,0],[1,0],[1,0],[-1,0],[1,0],[0,-1],[1,0],[1,0]],[[416,205],[0,-1],[-1,0],[-1,0]],[[419,205],[0,-1]],[[419,204],[-1,0]],[[418,204],[0,-1]],[[418,203],[-1,0]],[[417,203],[-1,0]],[[414,203],[0,1]],[[414,204],[-1,0]],[[410,204],[0,1],[-1,0],[1,0],[-1,0],[-1,0]],[[408,205],[1,0],[-1,0]],[[405,205],[0,1],[-1,0]],[[404,206],[0,-1]],[[401,205],[0,1]],[[401,206],[-1,0]],[[400,206],[0,-1]],[[398,205],[0,1]],[[398,206],[1,0]],[[399,206],[1,0]],[[400,206],[0,1]],[[400,207],[1,0]],[[401,207],[1,0]],[[402,207],[1,0]],[[403,207],[1,0]],[[404,207],[1,0]],[[405,207],[1,0]],[[402,207],[0,1]],[[402,208],[1,0]],[[403,208],[1,0]],[[404,208],[1,0],[1,0],[0,-1]],[[406,207],[1,0]],[[407,207],[1,0],[1,0],[1,0],[-1,0],[-1,0],[-1,0]],[[407,207],[0,1]],[[407,208],[-1,0],[-1,0],[1,0],[-1,0],[-1,0]],[[402,208],[-1,0],[1,0]],[[402,208],[-1,0],[0,-1]],[[401,207],[0,1],[-1,0],[-1,0],[1,0],[-1,0],[1,0],[0,-1]],[[400,207],[-1,0]],[[399,207],[-1,0]],[[398,207],[-1,0]],[[397,207],[-1,0]],[[396,207],[-1,0]],[[395,207],[-1,0]],[[394,207],[-1,0]],[[393,207],[-1,0]],[[392,207],[0,-1]],[[392,206],[-1,0]],[[391,206],[0,1]],[[391,206],[-1,0]],[[390,206],[-1,0]],[[389,206],[0,1]],[[389,207],[1,0]],[[390,207],[0,-1]],[[390,207],[1,0]],[[391,207],[1,0]],[[394,207],[0,1]],[[394,208],[1,0]],[[395,208],[0,-1]],[[395,208],[1,0]],[[396,208],[1,0]],[[397,208],[1,0],[1,0],[-1,0],[-1,0]],[[397,208],[1,0],[1,0],[0,1]],[[399,209],[-1,0]],[[398,209],[0,-1],[-1,0]],[[394,208],[-1,0]],[[393,208],[-1,0]],[[392,208],[0,-1]],[[392,208],[-1,0]],[[391,208],[-1,0]],[[393,208],[0,1]],[[393,209],[1,0]],[[394,209],[1,0]],[[395,209],[1,0]],[[396,209],[1,0]],[[397,209],[1,0]],[[399,209],[1,0]],[[400,209],[1,0]],[[401,209],[1,0]],[[402,209],[0,1]],[[402,210],[1,0]],[[403,210],[1,0]],[[404,210],[0,-1],[1,0],[-1,0],[1,0],[0,1]],[[405,210],[-1,0]],[[405,210],[0,1]],[[405,211],[1,0]],[[395,207],[0,0]],[[400,206],[0,0]],[[395,208],[0,1]],[[395,209],[-1,-1]],[[396,208],[0,1]],[[396,208],[0,0]],[[397,209],[0,0]],[[406,209],[0,0]],[[396,207],[0,0]],[[402,207],[0,-1]],[[403,206],[0,1]],[[490,276],[-1,0]],[[489,276],[-1,0]],[[488,276],[-1,0]],[[487,276],[-1,0]],[[486,276],[0,-1]],[[486,275],[-1,0],[-1,0]],[[484,275],[0,1],[0,-1]],[[484,275],[0,1],[-1,0],[1,0],[-1,0],[1,0],[1,0]],[[485,276],[1,0]],[[485,276],[-1,0],[-1,0],[-1,0]],[[482,276],[1,0],[0,-1]],[[483,275],[-1,0]],[[482,275],[0,1]],[[482,276],[-1,-1]],[[481,275],[-1,0],[-1,0]],[[479,275],[1,0],[-1,0]],[[479,275],[0,1],[0,-1]],[[479,275],[0,1],[1,0]],[[480,276],[1,0],[1,0]],[[482,276],[-1,0],[1,0]],[[480,276],[-1,0],[-1,0],[0,-1]],[[478,275],[-1,0],[-1,0]],[[476,275],[1,0],[-1,0]],[[476,275],[-1,0]],[[475,275],[0,1],[-1,0]],[[474,276],[1,0],[-1,0]],[[474,276],[-1,0]],[[473,276],[-1,0]],[[472,276],[-1,0]],[[471,276],[-1,0]],[[470,276],[-1,0]],[[469,276],[-1,0]],[[468,276],[0,1],[-1,0]],[[467,277],[1,0],[-1,0]],[[467,277],[0,-1]],[[467,276],[1,0]],[[468,276],[0,-1]],[[467,276],[-1,0]],[[466,276],[0,1]],[[466,276],[-1,0]],[[465,276],[0,1]],[[465,277],[-1,0]],[[465,277],[1,0]],[[464,277],[0,1],[-1,0]],[[463,278],[1,0],[-1,0]],[[463,278],[0,1]],[[463,279],[1,0]],[[464,279],[1,0]],[[465,279],[1,0]],[[466,279],[1,0],[1,0]],[[468,279],[0,1],[1,0]],[[472,280],[0,-1],[1,0]],[[474,279],[0,-1],[1,0]],[[475,278],[-1,0],[1,0]],[[478,278],[1,0]],[[481,278],[1,0]],[[482,278],[1,0]],[[483,278],[1,0],[0,1]],[[487,279],[0,-1]],[[487,278],[1,0]],[[490,278],[-1,0],[0,-1],[1,0]],[[491,277],[0,-1]],[[491,276],[-1,0]],[[470,279],[0,0],[0,0],[0,0]],[[487,276],[0,0]],[[469,276],[0,1]],[[474,276],[0,1],[1,0],[1,0],[1,0],[1,0],[1,0],[1,0],[-1,0],[-1,0],[-1,0],[-1,0],[-1,0],[-1,0],[-1,0],[-1,0]],[[472,277],[0,-1]],[[471,277],[1,0]],[[471,277],[0,-1]],[[496,297],[1,0]],[[497,297],[1,0]],[[498,297],[1,0]],[[499,297],[1,0]],[[500,297],[0,-1]],[[500,297],[1,-1]],[[501,296],[-1,0]],[[500,296],[-1,0],[-1,0]],[[498,296],[-1,0],[-1,0]],[[496,296],[1,0],[0,1]],[[496,297],[0,-1]],[[500,296],[-1,0],[1,0]],[[500,296],[-1,0],[0,-1]],[[499,295],[0,1],[0,-1]],[[499,295],[1,0]],[[500,295],[0,1]],[[501,296],[-1,-1]],[[500,295],[1,0]],[[501,295],[0,1]],[[501,295],[1,0]],[[501,296],[1,0]],[[502,296],[1,0]],[[502,296],[0,-1]],[[501,295],[0,-1]],[[501,294],[-1,0]],[[500,294],[-1,0]],[[499,294],[0,-1],[-1,0]],[[498,293],[-1,0]],[[497,293],[-1,0],[1,0]],[[497,293],[-1,0],[0,-1]],[[496,292],[-1,0],[-1,0],[-1,0]],[[496,292],[1,0]],[[497,292],[0,1]],[[498,293],[1,0],[1,0],[0,1]],[[501,294],[0,-1]],[[501,293],[1,0]],[[502,293],[1,0]],[[503,293],[1,0],[0,-1]],[[504,292],[0,1],[-1,-1]],[[503,292],[-1,0]],[[502,292],[-1,0]],[[501,292],[0,1]],[[501,292],[-1,0]],[[500,292],[-1,0],[-1,0],[-1,0]],[[493,292],[-1,0],[0,-1]],[[492,291],[-1,0]],[[491,291],[0,1],[-1,0],[1,0],[-1,0],[1,0],[-1,0],[0,1],[-1,0]],[[489,293],[-1,0]],[[488,293],[-1,0],[0,1]],[[487,294],[-1,0],[-1,0],[1,0],[-1,0],[1,0],[0,1]],[[486,295],[-1,0]],[[485,295],[-1,0]],[[484,295],[-1,0]],[[483,295],[-1,0]],[[482,295],[0,1],[1,0],[1,0]],[[484,296],[1,0],[1,0]],[[486,296],[0,-1]],[[486,295],[1,0],[-1,0]],[[486,295],[1,0],[0,-1]],[[487,294],[0,1],[0,-1]],[[487,294],[0,1],[1,-1]],[[488,294],[-1,0]],[[488,294],[0,1],[1,0],[-1,0],[0,1]],[[488,296],[-1,0]],[[488,296],[0,1]],[[488,297],[1,0]],[[489,297],[0,-1],[0,1]],[[489,297],[1,0]],[[490,297],[1,0]],[[491,297],[1,0]],[[492,297],[1,0]],[[493,297],[1,0]],[[494,297],[1,0]],[[495,297],[1,0]],[[501,293],[0,0]],[[500,294],[0,0]],[[498,295],[1,0]],[[498,295],[0,0]],[[498,295],[-1,0]],[[488,294],[0,-1]],[[489,293],[0,1],[-1,0]],[[496,264],[0,-1],[1,0],[-1,0],[1,0],[-1,0],[0,-1],[1,0],[1,0],[-1,0],[-1,0],[0,-1]],[[496,261],[1,0]],[[497,261],[1,0]],[[497,261],[0,-1],[0,-1]],[[497,259],[1,0],[-1,0]],[[497,259],[0,-1]],[[497,258],[-1,0]],[[496,258],[-1,0],[-1,0],[-1,0]],[[493,258],[0,1],[-1,0],[-1,0],[-1,0],[-1,0]],[[489,259],[-1,0]],[[488,259],[-1,0]],[[488,259],[0,1],[1,0],[-1,0],[1,0],[1,0],[0,1]],[[490,261],[1,0]],[[491,261],[1,0]],[[492,261],[0,1],[-1,0],[1,0],[-1,0],[1,0],[1,0],[1,0],[-1,0],[1,0],[0,-1]],[[494,261],[-1,0]],[[493,261],[-1,0]],[[491,261],[0,-1],[-1,0],[1,0],[1,0],[0,1]],[[494,261],[1,0],[0,1],[1,0],[-1,0],[-1,0],[-1,0],[-1,0],[-1,0],[-1,0],[-1,0],[-1,0]],[[488,262],[-1,0]],[[488,262],[1,0],[1,0],[1,0],[-1,0],[0,-1]],[[490,261],[-1,0],[0,1],[0,-1],[-1,0]],[[488,261],[-1,0]],[[487,261],[-1,0],[-1,0],[1,0],[-1,0],[1,0],[1,0]],[[487,261],[0,-1],[0,1]],[[488,261],[0,-1],[-1,0],[-1,0],[0,-1]],[[486,259],[-1,0]],[[485,259],[0,1],[0,-1]],[[485,259],[-1,0]],[[484,259],[-1,0],[-1,0]],[[482,259],[-1,0]],[[481,259],[-1,0]],[[480,259],[0,1]],[[480,260],[-1,0]],[[479,260],[0,1]],[[479,261],[1,0],[0,1],[1,0],[1,0],[1,0]],[[483,262],[-1,0],[1,0]],[[483,262],[0,1]],[[483,263],[-1,0],[1,0]],[[483,263],[1,0],[1,0],[1,0]],[[486,263],[0,-1],[1,0]],[[487,262],[0,1],[1,0],[-1,0],[1,0],[1,0],[1,0],[-1,0],[1,0],[0,1]],[[490,264],[0,-1],[0,1]],[[490,264],[0,-1],[-1,0],[-1,0],[-1,0],[1,0],[1,0],[0,1]],[[489,264],[1,0]],[[490,264],[1,0],[1,0]],[[492,264],[1,0]],[[493,264],[1,0],[-1,0]],[[493,264],[1,0],[1,0],[-1,0],[1,0],[-1,0],[1,0],[1,0]],[[488,259],[0,0]],[[482,260],[0,0]],[[483,261],[0,0]],[[483,261],[0,-1]],[[482,260],[0,1]],[[487,262],[0,-1]],[[488,261],[0,1]],[[475,271],[1,0]],[[476,271],[1,0]],[[477,271],[1,0]],[[478,271],[1,0]],[[479,271],[0,-1],[-1,0],[1,0],[1,0],[1,0]],[[481,270],[1,0],[1,0]],[[483,270],[0,-1],[1,0]],[[484,269],[-1,0],[0,-1]],[[483,268],[-1,0],[1,0]],[[483,268],[-1,0],[0,-1],[-1,0],[-1,0],[-1,0],[0,-1]],[[479,266],[-1,0]],[[478,266],[-1,0],[-1,0],[-1,0],[-1,0],[-1,0]],[[473,266],[1,0],[-1,0]],[[473,266],[-1,0],[-1,0]],[[471,266],[1,0],[-1,0]],[[471,266],[0,1],[-1,0]],[[470,267],[0,1],[-1,0]],[[469,268],[0,1],[-1,0]],[[468,269],[-1,0]],[[467,269],[0,1]],[[467,270],[1,0]],[[468,270],[1,0]],[[469,270],[1,0]],[[470,270],[1,0],[0,1]],[[471,271],[1,0]],[[472,271],[1,0]],[[473,271],[1,0]],[[474,271],[1,0]],[[474,271],[0,0]],[[457,301],[0,-1],[1,0],[0,-1],[1,0],[1,0]],[[460,299],[-1,0],[0,-1]],[[459,298],[-1,0],[-1,0],[-1,0],[-1,0],[-1,0],[-1,0],[-1,0],[-1,0],[-1,0],[-1,0],[-1,0]],[[448,298],[-1,0],[-1,0],[-1,0],[-1,0],[-1,0],[1,0],[1,0],[1,0],[-1,0],[1,0],[1,0],[1,0]],[[448,298],[0,-1]],[[448,297],[-1,0]],[[447,297],[-1,0]],[[446,297],[-1,0]],[[445,297],[-1,0],[-1,0],[-1,0],[-1,0],[-1,0],[-1,0],[0,1],[-1,0],[-1,0],[-1,0],[-1,0],[0,1],[1,0]],[[436,299],[-1,0],[1,0]],[[436,299],[0,1],[1,0],[1,0],[1,0]],[[439,300],[1,0],[1,0]],[[441,300],[1,0],[1,0],[1,0],[1,0],[1,0]],[[446,300],[-1,0],[1,0]],[[446,300],[0,-1]],[[446,299],[-1,0],[1,0]],[[446,299],[1,0],[0,1],[1,0]],[[448,300],[1,0],[1,0],[0,1]],[[450,301],[1,0],[1,0],[1,0],[1,0],[1,0],[1,0],[1,0]],[[484,259],[-1,0],[1,0]],[[486,259],[1,0]],[[487,259],[0,-1],[1,0],[1,0],[1,0],[-1,0],[1,0],[-1,0],[1,-1],[1,0],[-1,0],[0,1],[1,0],[1,0],[1,0]],[[496,258],[0,-1]],[[496,257],[1,0],[1,0]],[[498,257],[0,-1],[-1,0],[-1,0],[0,-1],[-1,0],[-1,0]],[[494,255],[-1,0],[1,0]],[[494,255],[1,0],[0,-1],[-1,0],[-1,0]],[[493,254],[-1,0]],[[492,254],[-1,0]],[[488,254],[1,0],[-1,0]],[[488,254],[0,1],[-1,0],[-1,0],[1,0],[-1,0],[1,0],[1,0],[1,0]],[[489,255],[1,0],[1,0],[-1,0],[-1,0]],[[489,255],[-1,0],[0,1],[0,-1],[-1,0],[-1,0],[0,1]],[[486,256],[-1,0],[-1,0]],[[483,256],[0,1],[-1,0]],[[482,257],[-1,0]],[[481,257],[-1,0],[-1,0]],[[479,257],[1,0],[0,1],[0,1]],[[495,257],[0,0]],[[494,255],[0,0]],[[495,257],[-1,0],[1,0]],[[437,204],[1,0],[1,0],[1,0],[1,0],[1,0]],[[442,204],[0,-1]],[[442,203],[1,0]],[[443,203],[1,0]],[[446,203],[0,-1],[1,0]],[[449,202],[0,-1]],[[449,201],[1,0],[1,0]],[[451,201],[1,0]],[[452,201],[0,-1]],[[452,200],[-1,0]],[[451,200],[-1,0]],[[450,200],[0,-1]],[[450,199],[-1,0],[-1,0]],[[448,199],[-1,0]],[[447,199],[-1,0]],[[446,199],[-1,0],[-1,0],[0,-1]],[[444,198],[-1,0]],[[443,198],[-1,0]],[[442,198],[-1,0]],[[441,198],[-1,0],[0,1],[-1,0],[1,0],[-1,0],[1,0],[-1,0],[0,1]],[[439,200],[-1,0],[1,0]],[[439,200],[0,1],[1,0],[1,0],[-1,0],[1,0],[0,1],[1,0],[-1,0],[1,0],[1,0]],[[443,202],[1,0]],[[444,202],[1,0],[-1,0]],[[443,202],[-1,0],[-1,0],[1,0],[-1,0],[1,0],[-1,0],[-1,0]],[[440,202],[0,-1],[-1,0],[-1,0],[0,-1],[-1,0],[-1,0],[0,1],[0,1]],[[436,202],[-1,0],[1,0]],[[436,202],[-1,0],[0,1],[1,0],[1,0],[1,0]],[[438,203],[1,0]],[[439,203],[1,0]],[[438,203],[-1,0],[1,0]],[[438,203],[0,1],[0,-1]],[[438,203],[-1,0],[0,1]],[[437,204],[0,-1],[-1,0],[-1,0],[1,0],[0,1],[-1,0],[1,0],[1,0]],[[437,204],[1,0],[1,0],[1,0],[0,-1]],[[440,203],[1,0]],[[441,203],[0,1],[-1,0],[-1,0],[-1,0],[1,0],[-1,0],[-1,0]],[[437,204],[-1,0],[-1,0],[1,0],[1,0]],[[443,201],[1,0]],[[443,201],[0,0]],[[443,201],[0,-1]],[[439,203],[0,-1],[1,0]],[[440,202],[0,1]],[[449,201],[-1,0],[0,-1]],[[448,200],[-1,0],[1,0]],[[448,200],[0,-1]],[[448,200],[1,0],[-1,0]],[[472,274],[1,0]],[[473,274],[1,0]],[[474,274],[1,0],[1,0]],[[476,274],[1,0]],[[477,274],[0,-1],[1,0]],[[478,273],[1,0],[-1,0]],[[478,273],[-1,0],[1,0]],[[478,273],[-1,0],[-1,0]],[[478,273],[1,0],[1,0]],[[480,273],[1,0]],[[481,273],[1,0]],[[482,273],[1,0]],[[483,273],[1,0],[-1,0]],[[483,273],[0,-1]],[[483,273],[1,0],[1,0],[1,0],[1,0],[-1,0],[1,0],[1,0]],[[488,273],[1,0]],[[489,273],[0,-1],[-1,0],[-1,0]],[[487,272],[0,-1],[-1,0],[-1,0],[0,-1]],[[485,270],[-1,0]],[[484,270],[-1,0]],[[483,270],[0,1]],[[481,270],[0,1]],[[481,271],[-1,0]],[[481,271],[1,0]],[[482,271],[1,0]],[[482,271],[0,1]],[[482,272],[1,0]],[[480,271],[-1,0]],[[475,271],[0,1],[1,0],[1,0],[1,0],[1,0],[-1,0],[-1,0],[-1,0],[-1,0],[0,-1]],[[474,271],[0,1],[0,-1]],[[473,271],[0,1],[0,-1]],[[471,271],[0,1],[0,-1]],[[471,271],[0,1],[-1,0]],[[471,271],[-1,0]],[[470,271],[-1,0]],[[469,271],[-1,0],[-1,0]],[[467,271],[-1,0]],[[467,271],[0,-1]],[[468,270],[0,1],[0,-1]],[[467,270],[-1,0],[-1,0],[1,0],[0,1]],[[466,271],[0,-1],[0,1]],[[466,271],[-1,0]],[[467,271],[0,1],[0,-1]],[[469,271],[-1,0],[0,1],[-1,0],[1,0],[-1,0],[1,0],[-1,0],[1,0],[0,1],[1,0],[-1,0],[1,0],[-1,0],[1,0],[1,0]],[[470,273],[-1,0],[1,0]],[[470,273],[1,0]],[[471,273],[1,0]],[[472,273],[1,0],[1,0],[1,0]],[[475,273],[1,0]],[[476,273],[1,0],[-1,0]],[[470,273],[0,1]],[[470,274],[-1,0]],[[470,274],[1,0]],[[471,274],[1,0]],[[481,273],[0,-1]],[[481,272],[1,0]],[[482,272],[0,1]],[[489,316],[0,-1]],[[489,315],[-1,0]],[[488,315],[-1,0]],[[487,315],[-1,0]],[[486,315],[-1,0]],[[485,315],[-1,0]],[[484,315],[-1,0]],[[483,315],[-1,0]],[[482,315],[-1,0]],[[481,315],[-1,0]],[[480,315],[-1,0],[-1,0]],[[478,315],[-1,0],[0,-1],[1,0],[1,0],[1,0],[1,0]],[[481,314],[1,0]],[[482,314],[0,-1]],[[482,313],[1,0]],[[482,313],[-1,0],[-1,0]],[[480,313],[-1,0],[1,0]],[[480,313],[-1,0],[-1,0]],[[478,313],[0,-1],[1,0]],[[479,312],[-1,0],[-1,0],[-1,0],[0,1],[-1,0],[-1,0],[0,1],[-1,0],[0,-1],[-1,0],[0,1],[-1,0]],[[471,314],[1,0],[-1,0]],[[471,314],[0,-1],[-1,0],[0,1]],[[470,314],[0,-1],[0,1]],[[470,314],[-1,0]],[[469,314],[0,-1],[-1,0]],[[468,313],[0,1]],[[468,314],[1,0]],[[468,314],[-1,0]],[[467,314],[-1,0],[-1,0]],[[465,314],[-1,0],[-1,0],[1,0],[-1,0],[0,1],[1,0],[1,0],[-1,0],[1,0],[0,1],[1,0]],[[466,316],[-1,0],[1,0]],[[466,316],[1,0]],[[467,316],[1,0],[1,0]],[[469,316],[1,0],[1,0]],[[471,316],[1,0],[1,0]],[[473,316],[0,-1]],[[473,315],[1,0],[1,0],[1,0],[1,0],[1,0]],[[481,315],[0,1]],[[481,316],[1,0],[-1,0]],[[481,316],[-1,0]],[[481,316],[1,0],[1,0]],[[483,316],[-1,0],[1,0]],[[483,316],[1,0]],[[484,316],[1,0],[-1,0]],[[483,316],[0,1]],[[483,317],[1,0],[0,-1]],[[484,316],[1,0],[1,0],[-1,0],[-1,0]],[[483,317],[1,0],[1,0],[1,0],[0,-1],[1,0],[1,0],[1,0]],[[472,315],[1,0]],[[472,315],[0,0]],[[483,316],[0,-1]],[[484,315],[0,1]],[[472,315],[-1,0]],[[415,213],[1,0]],[[416,213],[0,-1]],[[416,212],[1,0]],[[417,212],[1,0],[-1,0]],[[417,212],[0,1]],[[417,212],[1,0],[1,0]],[[419,212],[1,0]],[[420,212],[1,0]],[[421,212],[0,-1]],[[421,211],[0,-1]],[[421,210],[-1,0],[1,0]],[[421,210],[-1,0],[-1,0],[1,0],[-1,0],[-1,0]],[[418,210],[-1,0]],[[417,210],[-1,0],[1,0]],[[418,210],[1,0],[1,0],[0,-1],[-1,0]],[[419,209],[0,1],[0,-1]],[[419,209],[1,0],[-1,0]],[[419,209],[-1,0]],[[418,209],[-1,0]],[[417,209],[-1,0]],[[416,209],[-1,0]],[[419,209],[1,0],[0,-1]],[[420,208],[1,0],[0,-1]],[[415,207],[0,1]],[[415,208],[-1,0]],[[414,208],[-1,0]],[[408,208],[0,1]],[[409,209],[1,0],[1,0]],[[411,209],[1,0]],[[412,209],[1,0]],[[413,209],[1,0]],[[414,209],[1,0]],[[411,209],[-1,0],[0,1]],[[410,210],[-1,0]],[[410,210],[1,0]],[[411,210],[1,0],[-1,0]],[[410,210],[0,1]],[[410,211],[1,0]],[[411,211],[1,0]],[[412,211],[1,0]],[[413,211],[1,0]],[[414,211],[1,0]],[[415,211],[1,0]],[[414,211],[0,1]],[[416,211],[1,0],[-1,0]],[[415,211],[0,1]],[[415,212],[-1,0]],[[414,212],[-1,0]],[[415,212],[1,0]],[[415,212],[0,1]],[[418,209],[0,0]],[[416,209],[0,-1]],[[416,208],[1,0]],[[417,208],[0,1]],[[450,281],[1,0]],[[451,281],[0,-1],[1,0]],[[452,280],[1,0],[-1,0]],[[452,280],[1,0],[1,0],[1,0]],[[455,280],[1,0]],[[456,280],[1,0]],[[457,280],[0,-1],[0,1]],[[457,280],[0,-1],[1,0],[1,0],[1,0],[1,0],[0,-1]],[[461,278],[-1,0]],[[460,278],[-1,0],[-1,0],[-1,0]],[[457,278],[1,0],[-1,0]],[[461,278],[0,-1]],[[461,277],[-1,0]],[[460,277],[0,-1]],[[460,276],[-1,0]],[[459,276],[-1,0],[-1,0]],[[457,276],[0,1],[-1,0],[0,1]],[[456,278],[1,0]],[[456,278],[0,1],[1,0],[-1,0],[-1,0],[-1,0],[-1,0],[1,0],[-1,0],[1,0],[1,-1],[-1,0],[0,-1]],[[454,277],[0,1],[0,-1]],[[454,277],[0,1],[-1,0],[-1,0],[1,0],[1,0],[0,-1]],[[454,277],[1,0]],[[454,277],[0,-1]],[[454,276],[-1,1]],[[453,277],[-1,0]],[[452,277],[-1,0]],[[451,277],[-1,0],[-1,0]],[[449,277],[0,1]],[[449,278],[-1,0]],[[448,278],[-1,0],[-1,0]],[[446,278],[0,1],[0,1]],[[446,280],[1,0],[-1,0]],[[446,280],[1,0],[0,1]],[[447,281],[-1,0]],[[447,281],[1,0],[1,0],[-1,0],[1,0],[1,0]],[[449,278],[0,0]],[[448,280],[1,0],[0,-1],[1,0],[-1,0],[0,1],[-1,0]],[[472,307],[1,0],[1,0]],[[474,307],[1,0]],[[475,307],[0,-1]],[[475,306],[1,0]],[[476,306],[1,0],[1,0],[1,0]],[[479,306],[0,-1]],[[479,306],[1,0],[1,0]],[[481,306],[1,0]],[[482,306],[1,0]],[[483,306],[0,-1]],[[483,305],[1,0]],[[483,305],[-1,0],[-1,0]],[[481,305],[-1,0],[-1,0]],[[479,305],[-1,0],[-1,0],[0,-1]],[[477,304],[-1,0]],[[476,304],[-1,0],[1,0]],[[476,304],[0,-1],[1,0]],[[477,303],[0,-1]],[[477,302],[-1,0]],[[476,302],[0,1],[0,-1]],[[476,302],[-1,0],[-1,0]],[[474,302],[-1,0],[-1,0],[0,1],[-1,0],[-1,0],[-1,0]],[[469,303],[0,1]],[[469,304],[0,1],[1,0],[-1,0],[-1,0],[-1,0],[0,1],[-1,0]],[[466,306],[1,0],[-1,0]],[[466,306],[1,0],[1,0],[-1,0],[1,0],[1,0],[0,1]],[[469,307],[1,0],[0,-1],[1,0],[1,0],[1,0],[0,-1],[1,0],[1,0],[-1,0],[-1,0],[0,1],[-1,0],[-1,0],[-1,0],[1,0],[0,1]],[[471,307],[-1,0],[-1,0]],[[471,307],[1,0]],[[399,216],[1,0]],[[399,216],[0,-1]],[[399,215],[-1,0]],[[399,215],[1,0]],[[400,215],[1,0],[0,-1],[1,0]],[[402,214],[-1,0],[1,0]],[[402,214],[-1,0],[-1,0],[0,-1],[-1,0],[1,0],[-1,0],[-1,0],[-1,0],[-1,0],[-1,0],[1,0],[1,0],[1,0],[1,0],[1,0],[1,0]],[[401,213],[1,0]],[[402,213],[1,0]],[[403,213],[1,0]],[[404,213],[1,0]],[[403,213],[0,-1]],[[403,212],[-1,0]],[[402,212],[-1,0]],[[401,212],[-1,0],[-1,0],[-1,0],[0,-1]],[[398,211],[-1,0]],[[397,211],[-1,0]],[[396,211],[-1,0]],[[395,211],[-1,0]],[[394,211],[-1,0]],[[393,211],[0,1]],[[393,212],[1,0]],[[394,212],[1,0],[-1,0]],[[394,212],[1,0],[0,1],[-1,0],[-1,0],[-1,0],[-1,0],[1,0],[-1,0],[-1,0],[1,0],[0,-1],[1,0],[1,0]],[[393,212],[-1,-1]],[[392,211],[0,1],[-1,0],[-1,0],[1,0],[-1,0],[1,0],[-1,0],[0,1],[-1,0],[-1,0],[1,0],[-1,0],[-1,0],[-1,0]],[[386,213],[-1,0],[-1,0],[-1,0],[-1,0],[-1,0]],[[381,213],[1,0],[-1,0]],[[381,213],[-1,0]],[[381,213],[1,0],[-1,1]],[[381,214],[-1,0]],[[381,214],[1,0]],[[382,214],[1,0],[0,1]],[[383,215],[0,-1],[1,0],[1,0],[0,1],[1,0],[0,-1],[0,1],[1,0]],[[387,215],[0,-1],[-1,0],[-1,0],[1,0],[0,-1]],[[386,213],[0,1],[1,0],[1,0],[1,0]],[[389,214],[1,0]],[[390,214],[1,0]],[[391,214],[1,0]],[[392,214],[1,0]],[[393,214],[1,0]],[[394,214],[1,0],[1,0],[-1,0],[0,1]],[[395,215],[1,0]],[[396,215],[1,0]],[[397,215],[1,0]],[[398,215],[0,1],[0,-1]],[[398,215],[0,1],[1,0]],[[399,216],[-1,0],[1,0]],[[396,215],[0,0]],[[454,200],[1,0]],[[455,200],[1,0],[1,0],[0,-1],[-1,0],[1,0],[-1,0],[1,0],[0,-1],[1,0]],[[459,198],[0,-1],[1,0]],[[460,197],[1,0]],[[461,197],[0,-1]],[[461,196],[1,0],[1,0]],[[463,196],[1,0]],[[463,196],[0,-1]],[[460,195],[-1,0]],[[459,195],[-1,0]],[[458,195],[-1,0]],[[457,195],[-1,0]],[[456,195],[0,1],[-1,0],[-1,0]],[[454,196],[-1,0]],[[454,196],[1,0],[1,0],[1,0]],[[457,196],[-1,0],[-1,0],[1,0],[-1,0],[-1,0]],[[453,196],[-1,0]],[[452,196],[0,1]],[[452,197],[-1,0],[-1,0],[-1,0],[-1,0]],[[448,197],[-1,0]],[[447,197],[-1,0],[-1,0]],[[445,197],[0,1],[-1,0]],[[444,198],[1,0],[1,0],[-1,0],[1,0],[1,0]],[[447,198],[0,1]],[[448,199],[0,-1]],[[448,198],[1,0],[1,0],[1,0],[1,0]],[[452,198],[-1,0],[1,0]],[[452,198],[0,-1]],[[452,197],[1,0]],[[453,197],[1,0]],[[454,197],[1,0]],[[455,197],[1,0],[1,0],[0,-1]],[[457,196],[1,0],[1,0],[-1,0],[0,1],[-1,0],[-1,0],[-1,0]],[[453,197],[0,1]],[[453,198],[-1,0]],[[450,199],[1,0],[1,0],[0,1]],[[452,200],[1,0],[1,0]],[[448,198],[-1,0]],[[447,198],[0,-1]],[[448,197],[0,1]],[[448,278],[0,-1],[0,1]],[[452,277],[0,-1],[1,0]],[[453,276],[0,-1]],[[453,275],[1,0]],[[454,275],[1,0]],[[455,275],[0,-1],[1,0],[-1,0],[1,0],[-1,0],[-1,0],[-1,0],[-1,0],[1,0],[-1,0],[-1,0],[-1,0],[-1,0],[-1,0],[-1,1]],[[447,275],[-1,0],[-1,0],[-1,0],[-1,0],[-1,0],[-1,0],[0,1],[-1,0],[-1,0],[-1,0],[0,1]],[[438,277],[1,0],[1,0],[1,0],[1,0],[1,0],[0,1]],[[443,278],[0,-1],[1,0],[0,1]],[[444,278],[1,0]],[[445,278],[1,0]],[[387,192],[1,-1]],[[388,191],[-1,0],[-1,0]],[[386,191],[-1,0]],[[385,191],[-1,0]],[[384,191],[0,-1]],[[384,190],[-1,0]],[[383,190],[-1,0]],[[382,190],[-1,0]],[[381,190],[0,-1]],[[381,189],[-1,0],[-1,0]],[[379,189],[-1,0],[0,-1]],[[378,188],[-1,0]],[[377,188],[-1,0]],[[376,188],[-1,0]],[[376,188],[0,1],[1,0],[-1,0],[0,-1]],[[375,188],[-1,0]],[[374,188],[-1,0],[-1,0]],[[372,188],[-1,-1]],[[371,187],[1,0]],[[371,187],[-1,0]],[[370,187],[-1,0]],[[369,187],[-1,0]],[[368,187],[-1,0]],[[367,187],[-1,0],[1,0]],[[367,187],[-1,1]],[[366,188],[0,-1],[0,1]],[[366,188],[-1,0]],[[365,188],[-1,0]],[[364,188],[-1,0]],[[364,188],[0,1]],[[364,189],[-1,0],[0,1],[1,0]],[[364,190],[-1,0],[1,0]],[[364,190],[1,0]],[[370,190],[0,-1]],[[370,189],[1,0],[1,0]],[[379,190],[1,0]],[[380,190],[0,1]],[[364,188],[0,0]],[[375,189],[0,0]],[[382,190],[0,0]],[[375,189],[-1,0]],[[369,188],[-1,0]],[[369,188],[1,0],[-1,0]],[[370,189],[-1,0],[-1,0]],[[368,189],[0,-1]],[[367,188],[1,0]],[[369,188],[0,1],[1,0]],[[439,270],[-1,0],[1,0]],[[439,270],[-1,-1]],[[438,269],[1,0]],[[438,269],[-1,0],[0,-1],[-1,0],[1,0],[-1,0],[0,-1],[0,1],[1,0],[0,-1]],[[437,267],[-1,0],[0,-1]],[[436,266],[-1,0],[-1,0],[0,-1]],[[434,265],[-1,0]],[[433,265],[-1,0]],[[432,265],[-1,0]],[[431,265],[-1,0],[1,0]],[[431,265],[0,1]],[[431,266],[1,0]],[[432,266],[1,0],[-1,0]],[[431,265],[-1,0],[-1,0],[-1,0],[0,1]],[[428,266],[-1,0],[-1,0],[0,1]],[[426,267],[1,0],[0,1]],[[427,268],[1,0]],[[428,268],[1,0],[0,1],[1,0],[1,0],[1,0],[1,0]],[[433,269],[0,1],[1,0],[0,-1]],[[434,269],[0,1],[0,-1]],[[434,269],[0,1],[1,0],[1,0],[1,0]],[[437,270],[1,0],[1,0]],[[429,266],[0,0]],[[431,266],[0,0]],[[429,266],[1,0]],[[431,266],[0,1],[0,-1]],[[432,266],[0,1]],[[432,267],[-1,0],[0,-1]],[[428,266],[1,1],[-1,0],[0,-1]],[[485,291],[1,0],[1,0],[0,-1],[1,0],[0,-1]],[[488,289],[1,0],[0,-1],[1,0]],[[490,288],[1,0],[1,0]],[[492,288],[0,-1],[1,0]],[[493,287],[-1,0],[-1,0],[0,1],[-1,0]],[[490,288],[0,-1],[0,1]],[[490,288],[0,-1],[1,0],[1,0],[-1,0],[0,-1]],[[491,286],[0,1],[0,-1]],[[491,286],[-1,0]],[[490,286],[-1,0]],[[489,286],[-1,0]],[[488,286],[-1,0],[-1,0],[-1,0],[-1,0],[0,1],[-1,0],[-1,0],[0,1],[0,-1],[-1,0],[0,1],[1,0],[-1,0],[-1,0],[0,1],[-1,0]],[[479,289],[1,0],[1,0],[1,0],[0,-1],[1,0],[1,0],[1,0],[1,0],[1,0],[1,0],[-1,0],[-1,0],[-1,0],[-1,0],[0,1],[-1,0],[1,0],[1,0],[-1,0],[1,0],[-1,0],[-1,0],[-1,0],[-1,0],[-1,0],[0,1],[0,1]],[[480,291],[1,0]],[[481,291],[1,0]],[[482,291],[1,0],[1,0],[1,0]],[[478,266],[0,-1],[0,1]],[[479,266],[0,-1],[0,1]],[[479,266],[1,0],[1,0],[1,0],[1,0]],[[483,266],[-1,0],[1,0]],[[483,266],[-1,0],[0,-1]],[[482,265],[-1,0]],[[481,265],[-1,0]],[[480,265],[-1,0],[-1,0],[-1,0]],[[477,265],[1,0],[0,-1],[1,0],[-1,0],[0,-1],[1,0],[-1,0],[1,0],[-1,0],[1,0],[-1,0],[0,-1],[0,1],[0,-1],[-1,0]],[[477,262],[1,0],[-1,0]],[[477,262],[0,-1],[-1,0]],[[476,261],[-1,0]],[[475,261],[-1,0],[0,1]],[[474,262],[-1,0]],[[473,262],[0,1],[1,0]],[[474,263],[1,0]],[[474,263],[-1,0],[-1,0]],[[472,263],[-1,0]],[[472,263],[0,1]],[[472,264],[-1,0]],[[471,263],[-1,0]],[[470,263],[0,1],[-1,0]],[[467,264],[0,1]],[[467,265],[1,0]],[[468,265],[0,-1]],[[468,265],[1,0]],[[469,265],[1,0]],[[470,265],[1,0]],[[471,265],[0,1]],[[475,265],[0,0]],[[474,265],[0,0]],[[474,265],[1,0]],[[472,264],[0,0]],[[471,265],[0,-1]],[[472,264],[0,1],[-1,0]],[[475,265],[0,-1],[0,1]],[[475,265],[0,-1],[1,0],[0,1]],[[476,265],[-1,0]],[[399,287],[-1,0]],[[398,287],[-1,0],[-1,0],[-1,0],[-1,0]],[[394,287],[1,0],[-1,0]],[[394,287],[-1,0]],[[394,287],[0,1],[1,0],[-1,0],[0,1],[-1,0],[-1,0],[0,1],[-1,0],[-1,0],[1,0],[1,0],[1,0],[-1,0],[1,0],[0,1],[1,0],[1,0],[1,0],[1,0],[1,0],[0,-1],[1,0],[1,0],[0,-1],[1,0],[1,0],[1,0],[-1,0],[0,-1],[-1,0],[-1,0],[1,0],[-1,0],[0,-1],[-1,0]],[[442,293],[1,-1],[1,1]],[[444,293],[0,-1],[0,1]],[[444,293],[0,-1],[1,0]],[[445,292],[1,0],[0,-1]],[[446,291],[1,0],[-1,0]],[[446,291],[1,0],[1,0]],[[448,291],[-1,0],[1,0]],[[448,291],[0,-1],[0,1]],[[448,291],[1,0]],[[449,291],[0,-1],[1,0],[1,0]],[[451,290],[1,0],[1,0]],[[453,290],[0,-1]],[[453,289],[-1,0]],[[452,289],[-1,0]],[[451,289],[-1,0],[-1,0]],[[449,289],[-1,0],[-1,0],[-1,0],[-1,0]],[[445,289],[-1,0]],[[444,289],[-1,0]],[[443,289],[-1,0]],[[443,289],[0,1],[-1,0]],[[442,290],[-1,0],[-1,0]],[[440,290],[1,0],[-1,0]],[[440,290],[0,1],[-1,0],[-1,0]],[[438,291],[-1,0]],[[437,291],[0,1]],[[437,292],[1,0]],[[438,292],[1,0]],[[439,292],[1,0],[1,0]],[[441,292],[-1,0],[1,0]],[[441,292],[1,0],[-1,0]],[[441,292],[0,1]],[[441,293],[1,0]],[[442,293],[0,-1],[0,1]],[[445,291],[0,0],[0,0],[0,0]],[[441,292],[0,0]],[[465,300],[1,0],[1,0]],[[467,300],[0,-1],[1,0]],[[468,299],[1,0],[1,0],[1,0]],[[471,299],[1,0],[1,0],[1,0],[1,0]],[[475,299],[1,0],[-1,0]],[[475,299],[-1,0],[1,0]],[[475,299],[1,0],[1,0],[1,0]],[[478,299],[-1,0],[1,0]],[[478,299],[0,-1],[1,0],[-1,0],[1,0],[1,0],[-1,0],[0,-1],[-1,0],[-1,0],[-1,0],[-1,0],[-1,0],[-1,0],[1,0],[0,-1]],[[474,296],[-1,0],[0,1],[0,-1],[-1,1],[-1,0],[1,0],[-1,0],[0,-1]],[[471,296],[1,0],[-1,0]],[[471,296],[-1,0]],[[470,296],[0,1]],[[470,297],[1,0],[-1,0]],[[470,297],[-1,0],[-1,0],[-1,0]],[[467,297],[-1,0]],[[466,297],[0,1],[-1,0],[1,0],[-1,0],[1,0],[-1,0],[1,0],[-1,0],[1,0],[1,0],[1,0],[1,0],[1,0],[1,0],[1,0],[1,0],[1,0],[1,0],[1,0],[-1,0],[-1,0],[-1,0],[-1,0],[-1,0],[-1,0],[-1,0],[-1,0],[-1,0],[-1,0],[1,0],[1,0],[1,0],[1,0],[1,0],[1,0],[1,0],[1,0],[0,-1],[0,1],[1,0],[1,0],[1,0],[-1,0],[1,0],[-1,0],[0,1],[-1,0]],[[468,299],[-1,0],[-1,0],[-1,0],[-1,0],[1,0],[-1,0],[1,0],[1,0],[1,0],[1,0]],[[468,299],[-1,0],[-1,0],[-1,0],[-1,0],[-1,0],[0,1],[-1,0],[-1,0]],[[461,300],[1,0],[-1,0]],[[461,300],[1,0],[1,0],[1,0],[1,0]],[[442,198],[0,-1],[1,0],[1,0],[1,0]],[[447,197],[1,-1],[1,0],[1,0],[1,0],[1,0]],[[453,196],[1,-1],[0,1]],[[454,196],[0,-1],[1,0],[1,0]],[[456,195],[0,-1]],[[456,194],[-1,0]],[[455,194],[-1,0]],[[454,194],[-1,0],[-1,0]],[[452,194],[-1,0],[0,-1]],[[451,193],[-1,0],[-1,0],[-1,0]],[[448,193],[0,1],[-1,0],[-1,0],[-1,0],[1,0],[0,1]],[[446,195],[-1,0],[1,0]],[[446,195],[-1,0],[-1,0],[0,1],[-1,0],[-1,0],[0,1],[1,0],[-1,0],[-1,0],[0,1]],[[441,198],[0,-1],[1,0],[0,1]],[[535,313],[0,-1]],[[533,310],[-1,0],[-1,0]],[[531,310],[1,0],[0,1],[-1,0],[0,-1]],[[531,310],[0,1],[0,-1]],[[531,310],[-1,0]],[[530,310],[-1,0],[-1,0]],[[530,310],[0,1],[0,-1]],[[530,310],[0,1],[-1,0]],[[529,311],[0,-1],[-1,0]],[[528,310],[0,1]],[[528,311],[-1,0]],[[527,311],[-1,0]],[[526,311],[-1,0]],[[525,311],[0,1],[1,0],[0,1],[1,0],[1,0],[1,0],[0,1],[1,0],[1,0],[1,0],[1,0],[1,0],[1,0],[-1,0],[1,0],[-1,0],[1,0],[0,-1]],[[462,299],[0,-1],[1,0]],[[463,298],[1,0],[-1,0]],[[463,298],[1,0],[0,-1],[1,0],[1,0]],[[466,297],[-1,0],[0,-1]],[[463,296],[0,1],[-1,0],[-1,0],[-1,0],[-1,0],[0,-1]],[[457,296],[-1,0]],[[456,296],[-1,0]],[[455,296],[-1,0]],[[454,296],[-1,0]],[[453,296],[-1,0],[-1,0],[-1,0]],[[450,296],[0,1],[-1,0]],[[449,297],[-1,0]],[[459,298],[1,0],[1,0],[0,1],[1,0]],[[495,313],[1,0]],[[496,313],[0,-1],[1,0],[1,0]],[[498,312],[1,0]],[[499,312],[0,-1],[1,0],[1,0],[1,0]],[[502,311],[-1,0],[0,-1]],[[501,310],[-1,0],[-1,0],[-1,0]],[[501,310],[1,0]],[[502,310],[0,-1],[1,0],[-1,0],[-1,0],[1,0],[1,0],[0,-1]],[[503,308],[-1,0],[-1,0],[-1,0],[-1,0],[0,-1]],[[499,307],[-1,0]],[[498,307],[0,1],[0,-1]],[[498,307],[-1,0]],[[497,307],[0,1]],[[497,308],[1,0],[-1,0]],[[497,308],[1,0],[0,1]],[[498,309],[1,0],[-1,0]],[[498,309],[-1,0]],[[497,309],[0,1],[1,0]],[[498,310],[-1,0],[-1,0],[-1,0]],[[495,310],[-1,0]],[[495,310],[1,0],[-1,0]],[[494,310],[-1,0]],[[493,310],[0,1],[-1,0]],[[492,311],[1,0],[-1,0]],[[492,311],[1,0],[0,1]],[[493,312],[1,0]],[[494,312],[0,1]],[[494,313],[1,0]],[[466,198],[0,-1]],[[466,197],[1,0],[1,0],[1,0]],[[474,197],[0,-1],[1,0]],[[475,196],[-1,0],[0,-1],[0,-1]],[[474,194],[-1,0],[-1,0]],[[472,194],[0,1],[-1,0],[-1,0],[-1,0],[-1,0],[-1,0]],[[465,195],[0,1]],[[465,196],[-1,0]],[[463,196],[0,1],[-1,0],[-1,0]],[[460,197],[0,1]],[[441,293],[-1,0]],[[440,293],[-1,0],[-1,0]],[[438,293],[-1,0]],[[437,293],[-1,0]],[[436,293],[-1,0],[-1,0],[-1,0],[-1,0]],[[432,293],[-1,0]],[[431,293],[-1,0]],[[430,293],[-1,0],[-1,0],[-1,0],[0,1],[1,0]],[[428,294],[1,0]],[[429,294],[1,0]],[[430,294],[0,1],[-1,0],[1,0],[-1,0],[1,0],[1,0]],[[431,295],[-1,0],[1,0]],[[431,295],[1,0]],[[432,295],[1,0]],[[433,295],[1,0]],[[434,295],[1,0]],[[435,295],[1,0]],[[436,295],[1,0],[1,0],[1,0],[1,0]],[[440,295],[1,0]],[[441,295],[1,0],[0,-1]],[[442,294],[1,0],[-1,0]],[[442,294],[1,0],[0,-1]],[[443,293],[1,0]],[[443,293],[-1,0]],[[431,295],[0,0]],[[433,294],[0,0]],[[432,293],[0,0]],[[434,294],[1,0]],[[434,294],[0,0]],[[436,295],[-1,-1]],[[435,294],[1,0]],[[436,294],[0,1]],[[433,294],[-1,0]],[[434,294],[0,1]],[[432,293],[0,1]],[[431,294],[0,1]],[[431,294],[0,0]],[[435,294],[0,1]],[[432,294],[-1,0]],[[445,229],[-1,0]],[[444,229],[0,1]],[[444,230],[-1,0],[-1,0],[1,0],[0,1],[-1,0],[1,0],[-1,0],[1,0],[-1,0],[1,0],[-1,0],[1,0],[1,0],[0,1],[1,0],[1,0],[1,0],[1,0],[1,0],[1,0],[1,0],[1,0],[1,0],[1,0],[1,0],[1,0],[1,0],[-1,0],[1,0],[-1,0],[0,-1],[-1,0],[-1,0],[-1,0],[1,0],[-1,0],[-1,0],[0,-1],[-1,0],[-1,0],[-1,0],[-1,0],[0,-1],[-1,0],[-1,0],[-1,0]],[[445,229],[0,1],[-1,0]],[[474,302],[-1,0],[1,0]],[[477,302],[1,0]],[[478,302],[1,0],[1,0],[1,0]],[[481,302],[-1,0],[1,0]],[[481,302],[1,0]],[[481,302],[0,-1]],[[481,301],[-1,0]],[[480,301],[0,-1],[1,0]],[[481,300],[-1,0],[0,-1]],[[480,299],[-1,0],[-1,0]],[[478,299],[0,1],[-1,0],[-1,0],[-1,0],[-1,0]],[[474,300],[-1,0],[-1,0]],[[472,300],[0,1],[-1,0],[-1,0],[-1,0],[0,1],[-1,0],[0,1],[1,0]],[[460,266],[1,0]],[[460,266],[-1,0],[-1,0]],[[458,266],[1,0],[-1,0]],[[458,266],[-1,0],[-1,0],[-1,0],[0,-1],[0,1],[0,-1],[-1,0]],[[454,265],[0,1]],[[454,265],[1,0],[1,0],[1,0],[1,0],[0,1]],[[458,266],[0,-1],[0,1]],[[458,266],[0,-1],[1,0]],[[459,265],[-1,0],[1,0]],[[459,265],[0,1],[1,0]],[[461,266],[1,0]],[[462,266],[1,0]],[[463,266],[1,0]],[[464,266],[0,-1]],[[464,265],[1,0]],[[465,265],[0,1]],[[465,265],[1,0]],[[466,265],[0,-1]],[[462,264],[1,0],[-1,0]],[[461,264],[0,1],[1,0],[0,-1]],[[462,264],[0,1],[1,0],[-1,0],[-1,0],[0,-1]],[[461,264],[0,1],[0,-1]],[[457,264],[-1,0]],[[456,264],[-1,0]],[[452,264],[0,1],[-1,0]],[[451,265],[1,0],[-1,0]],[[451,265],[0,1]],[[456,267],[-1,0],[1,0]],[[458,267],[0,-1]],[[459,267],[0,-1],[0,1]],[[459,267],[0,-1],[1,0]],[[460,265],[0,0],[0,0],[0,0]],[[459,264],[0,0]],[[476,291],[1,0],[1,0]],[[478,291],[1,0]],[[479,291],[0,-1],[0,-1]],[[479,289],[-1,0],[-1,0],[-1,0],[1,0],[-1,0],[-1,0],[-1,0],[1,0],[-1,0],[-1,0],[-1,0]],[[472,289],[-1,0],[-1,0],[-1,0],[-1,0],[-1,0]],[[467,289],[-1,0],[-1,0]],[[463,289],[0,1],[-1,0],[-1,0],[1,0],[1,0],[1,0],[1,0],[1,0],[1,0],[1,0],[1,0],[1,0],[0,1]],[[470,291],[1,0],[1,0],[1,0],[1,0],[1,0],[1,0]],[[473,290],[0,0]],[[473,290],[1,0],[-1,0]],[[503,292],[0,-1]],[[503,291],[-1,0],[1,0]],[[503,291],[-1,0],[0,-1]],[[502,290],[0,1],[-1,0]],[[501,291],[0,-1]],[[501,290],[1,0]],[[502,290],[0,-1]],[[502,289],[-1,0],[-1,0]],[[500,289],[-1,0]],[[499,289],[-1,0]],[[498,289],[-1,0]],[[497,289],[-1,0]],[[496,289],[-1,0]],[[495,289],[0,1]],[[495,290],[-1,0],[0,-1]],[[494,289],[0,1],[-1,0],[-1,0]],[[492,290],[1,0],[-1,1]],[[493,292],[0,-1],[1,0],[1,0]],[[495,291],[1,0],[1,0],[0,1]],[[499,290],[0,0],[0,0],[0,0]],[[501,290],[0,0]],[[501,290],[-1,0]],[[449,284],[1,0]],[[452,284],[0,-1]],[[452,283],[1,0]],[[453,283],[1,0],[1,0]],[[455,283],[-1,0],[1,0]],[[453,283],[0,-1]],[[453,283],[1,0],[-1,0]],[[452,283],[-1,0]],[[451,283],[0,-1]],[[451,282],[1,0]],[[451,282],[-1,0],[1,0]],[[451,282],[-1,0],[0,1]],[[450,283],[-1,0]],[[449,283],[-1,0]],[[448,283],[-1,0],[1,0]],[[449,283],[0,-1]],[[449,282],[1,0],[1,0]],[[452,282],[0,-1],[-1,0]],[[451,281],[1,0],[1,0]],[[453,281],[-1,0],[0,1]],[[452,282],[1,0]],[[453,282],[1,0],[0,1],[1,0]],[[455,283],[1,0]],[[456,283],[0,-1]],[[456,282],[0,-1]],[[456,281],[1,0]],[[456,281],[-1,0],[-1,0],[-1,0]],[[453,281],[-1,0],[1,0]],[[451,281],[1,0],[-1,0]],[[450,281],[-1,0],[-1,0],[-1,0]],[[447,281],[1,0],[-1,0]],[[447,281],[0,1],[0,-1]],[[447,281],[0,1],[-1,0]],[[446,282],[-1,0]],[[445,282],[-1,0]],[[445,282],[0,1]],[[445,283],[-1,0],[1,0]],[[445,283],[1,0],[-1,0]],[[445,283],[0,1]],[[445,284],[1,0]],[[446,284],[0,-1],[1,0],[1,0]],[[448,283],[-1,0],[0,1]],[[447,284],[1,0]],[[449,283],[0,0]],[[486,274],[-1,0]],[[485,274],[-1,0]],[[484,274],[-1,0]],[[483,274],[0,-1]],[[480,273],[0,1]],[[480,274],[-1,0],[1,0]],[[480,274],[-1,0],[-1,0]],[[478,274],[-1,0]],[[474,274],[1,0],[-1,0]],[[473,274],[0,1]],[[473,275],[1,0]],[[474,275],[1,0]],[[478,275],[1,0]],[[481,275],[1,0]],[[483,275],[1,0]],[[486,275],[-1,0],[1,0]],[[486,275],[1,0],[1,0],[1,0],[0,-1],[-1,0],[-1,0],[1,0],[-1,0],[-1,0]],[[483,274],[-1,0]],[[483,274],[0,0]],[[479,309],[0,-1],[1,0],[1,0]],[[481,308],[1,0],[1,0]],[[483,308],[1,0]],[[484,308],[1,0]],[[485,308],[0,-1]],[[485,307],[-1,1]],[[484,308],[0,-1],[1,0]],[[485,307],[-1,0],[-1,0],[-1,0],[-1,0]],[[481,307],[0,-1]],[[481,307],[1,0],[1,0],[1,0],[0,-1],[0,1],[1,0]],[[485,307],[1,0]],[[486,307],[0,-1]],[[486,306],[1,0]],[[486,307],[1,0]],[[487,307],[0,-1]],[[487,306],[1,0],[-1,0]],[[486,306],[-1,0]],[[485,306],[-1,0],[-1,0]],[[483,306],[1,0],[-1,0]],[[476,306],[0,1],[-1,0]],[[475,307],[0,1],[1,0],[-1,0],[1,0],[1,0],[1,0],[-1,0],[1,0],[0,1]],[[478,309],[1,0]],[[406,215],[0,1],[0,-1]],[[406,215],[1,0]],[[407,215],[1,0]],[[408,215],[0,-1],[1,0],[1,0],[-1,0],[-1,0],[1,0],[-1,0],[0,1]],[[408,215],[1,0],[1,0],[1,0]],[[411,215],[-1,0],[1,0]],[[411,215],[-1,0],[0,-1],[1,0],[1,0]],[[412,214],[1,0]],[[413,214],[1,0],[1,0],[0,-1]],[[415,213],[0,1],[0,-1]],[[415,213],[-1,0],[0,1],[0,-1],[-1,0]],[[413,213],[-1,0],[1,0]],[[413,213],[-1,0],[0,1]],[[412,214],[0,-1],[-1,0],[-1,0],[-1,0],[-1,0]],[[408,213],[-1,0]],[[407,213],[-1,0]],[[406,213],[0,1]],[[406,214],[-1,0],[-1,0]],[[404,214],[-1,0],[-1,0]],[[400,215],[0,1]],[[400,216],[1,0],[1,0],[1,0],[-1,0],[1,0],[1,0],[1,0],[1,0],[-1,0],[1,0],[0,-1]],[[487,304],[1,0],[1,0],[0,-1],[0,1],[0,-1],[0,1],[0,-1],[1,0],[-1,0],[1,0],[-1,0],[1,0],[-1,0],[1,0],[0,-1]],[[490,302],[-1,0]],[[489,302],[-1,0],[-1,0],[-1,0],[-1,0]],[[485,302],[-1,0],[-1,0],[-1,0]],[[482,302],[1,0],[-1,0]],[[482,302],[1,0],[0,1]],[[483,303],[-1,0]],[[482,303],[0,-1]],[[478,302],[0,1]],[[478,303],[-1,0]],[[477,304],[1,0]],[[478,304],[1,0],[1,0]],[[480,304],[0,-1],[1,0]],[[481,303],[1,0]],[[483,303],[1,0],[1,0],[-1,0],[1,0],[0,1]],[[485,304],[1,0]],[[486,304],[1,0]],[[482,303],[0,0]],[[428,238],[0,-1],[1,0]],[[431,237],[-1,0],[1,0]],[[431,237],[1,0]],[[432,237],[1,0],[-1,0]],[[432,237],[1,0],[1,0],[0,1],[0,-1],[0,1],[1,0],[1,0],[1,0],[1,0],[1,0],[1,0],[-1,0],[1,0],[0,-1],[1,0],[1,0],[1,0]],[[443,237],[1,0],[1,0],[1,0],[1,0],[-1,0],[0,-1]],[[446,236],[1,0]],[[446,236],[-1,0],[1,0]],[[446,236],[-1,0],[-1,0],[-1,0]],[[443,236],[-1,0],[-1,0],[-1,0],[-1,0],[-1,0],[-1,0],[-1,0],[-1,0],[-1,0],[0,1],[-1,0],[-1,0]],[[431,237],[0,-1],[-1,0],[-1,0],[0,1]],[[429,237],[-1,0],[-1,0],[0,1]],[[427,238],[-1,0],[-1,0],[1,0],[1,0]],[[446,236],[0,0]],[[445,273],[-1,0],[0,-1]],[[443,272],[-1,0],[-1,0],[0,-1],[1,0]],[[442,271],[-1,0],[0,-1],[1,0]],[[442,270],[-1,-1]],[[440,269],[0,1]],[[440,270],[-1,0]],[[437,270],[1,0],[-1,0]],[[437,270],[0,1]],[[437,271],[1,0]],[[437,271],[-1,0]],[[437,271],[0,1],[-1,0],[1,0],[1,0],[-1,0],[1,0],[0,1]],[[438,273],[-1,0],[1,0]],[[438,273],[1,0],[-1,0]],[[438,273],[1,0],[1,0],[-1,0],[1,0],[0,1],[0,-1],[0,1],[1,0],[1,0],[1,0],[1,0],[1,0],[1,0],[-1,0],[1,0],[-1,0],[0,-1]],[[437,271],[0,0]],[[421,297],[1,0]],[[422,297],[1,0],[1,0],[0,-1],[-1,0],[1,0],[-1,0],[1,-1],[-1,0],[1,0],[-1,0],[0,-1],[1,0]],[[424,294],[-1,0],[-1,0]],[[422,294],[-1,0],[-1,0],[0,-1],[-1,0],[0,1],[1,0],[-1,0],[-1,0],[0,1],[-1,0],[0,1],[1,0],[-1,0],[-1,0],[1,0],[1,0],[-1,0],[1,0],[0,1],[-1,0],[1,0],[1,0],[1,0],[1,0]],[[454,305],[1,0]],[[455,305],[0,-1],[1,0],[1,0],[0,-1],[1,0],[-1,0],[-1,0]],[[456,303],[-1,0]],[[455,303],[-1,0]],[[454,303],[-1,0]],[[453,303],[-1,0]],[[452,303],[-1,0]],[[451,303],[-1,0]],[[450,303],[-1,0]],[[449,303],[-1,0]],[[448,303],[0,1],[-1,0],[1,0],[-1,0],[-1,0],[-1,0],[1,0],[-1,0],[0,1],[1,0]],[[446,305],[1,0],[1,0],[1,0]],[[449,305],[1,0]],[[450,305],[1,0]],[[451,305],[1,0],[1,0],[1,0]],[[494,211],[1,0]],[[495,211],[0,-1],[1,0],[1,0],[1,0],[1,0],[1,0]],[[500,210],[-1,0],[1,-1]],[[500,209],[-1,0],[1,0]],[[500,209],[-1,0],[-1,0],[-1,0],[1,0],[1,0],[0,-1],[1,0]],[[500,208],[-1,0],[-1,0],[0,-1],[-1,0],[-1,0],[0,1],[1,0],[-1,0],[-1,0],[-1,0]],[[494,208],[-1,0]],[[493,208],[-1,0],[0,1]],[[492,209],[1,0],[-1,0]],[[492,209],[1,0],[1,0],[1,0],[1,0],[1,0],[-1,0],[1,0],[-1,0],[-1,0],[-1,0],[-1,0],[-1,0]],[[492,209],[-1,0],[1,0]],[[492,209],[0,1],[1,0],[-1,0],[1,0],[0,1],[1,0]],[[487,301],[-1,0],[0,-1],[-1,0],[-1,0],[-1,0]],[[483,300],[1,0],[-1,0]],[[483,300],[-1,0]],[[483,300],[1,0],[1,0],[1,0],[1,0]],[[487,300],[-1,0],[-1,0],[1,0],[1,0]],[[487,300],[1,0]],[[488,300],[0,1]],[[488,301],[1,0]],[[489,301],[0,-1],[1,0]],[[490,300],[1,0]],[[491,300],[0,-1]],[[491,299],[-1,0]],[[490,299],[-1,0]],[[489,299],[-1,0]],[[488,299],[-1,0],[-1,0]],[[486,299],[-1,0]],[[485,299],[-1,0],[-1,0],[-1,0]],[[482,299],[-1,0]],[[481,299],[0,1]],[[481,300],[1,0]],[[482,300],[-1,-1]],[[482,299],[0,1]],[[481,300],[0,1]],[[481,301],[1,0],[1,0],[1,0],[1,0]],[[485,301],[1,0],[1,0]],[[527,303],[1,0],[-1,0]],[[527,303],[1,-1]],[[528,302],[0,1],[1,0]],[[529,303],[-1,0],[1,0]],[[529,303],[1,0],[0,-1]],[[530,302],[1,0],[-1,0]],[[530,302],[1,0],[1,0]],[[532,302],[0,-1]],[[532,301],[1,0],[-1,0]],[[531,301],[-1,0],[-1,0],[1,0],[1,0]],[[531,301],[-1,0],[-1,0],[-1,0]],[[528,301],[-1,0]],[[527,301],[-1,0]],[[526,301],[-1,0],[-1,0]],[[524,301],[-1,0]],[[523,301],[0,1]],[[523,302],[1,0],[0,1]],[[524,303],[1,0],[1,0]],[[526,303],[1,0]],[[532,301],[0,0]],[[529,302],[0,0]],[[529,302],[-1,0]],[[498,302],[1,0]],[[499,302],[1,0]],[[500,302],[0,-1]],[[500,301],[-1,0]],[[499,301],[-1,0]],[[498,301],[-1,0],[-1,0]],[[496,301],[-1,0]],[[495,301],[-1,0]],[[494,301],[-1,0]],[[496,301],[0,-1],[0,1]],[[496,301],[0,-1],[1,0]],[[497,300],[1,0]],[[498,300],[1,0]],[[497,300],[-1,0],[-1,0]],[[495,300],[-1,0]],[[494,300],[-1,0]],[[493,300],[-1,0]],[[492,300],[-1,0]],[[491,300],[0,1],[-1,0]],[[490,301],[-1,0]],[[489,301],[0,1]],[[490,301],[0,1]],[[490,301],[1,0],[1,0]],[[492,301],[1,0]],[[493,301],[0,1]],[[493,302],[1,0]],[[494,302],[1,0]],[[495,302],[1,0]],[[496,302],[0,-1]],[[499,301],[0,1]],[[498,302],[-1,0]],[[497,302],[-1,0]],[[495,300],[0,0]],[[455,288],[1,0]],[[455,288],[0,-1]],[[454,287],[-1,0]],[[453,287],[-1,0]],[[452,287],[0,-1]],[[451,286],[0,1]],[[450,286],[0,1]],[[449,286],[-1,0]],[[448,286],[-1,0]],[[447,286],[-1,0],[-1,0],[1,0],[-1,0],[0,1],[-1,0],[-1,0]],[[443,287],[-1,0]],[[442,287],[0,1],[1,0]],[[443,288],[1,0]],[[444,288],[1,0]],[[445,288],[1,0]],[[446,288],[0,-1]],[[446,287],[1,0]],[[447,287],[1,0]],[[448,287],[1,0]],[[449,287],[1,0]],[[450,287],[1,0]],[[451,287],[0,1]],[[451,288],[1,0]],[[452,288],[1,0]],[[453,288],[0,-1]],[[453,288],[1,0]],[[454,288],[1,0]],[[419,269],[1,0]],[[420,269],[1,0]],[[419,269],[-1,0],[-1,0],[-1,0]],[[419,269],[0,-1]],[[419,268],[1,0]],[[420,268],[0,1]],[[420,268],[1,0]],[[421,268],[1,0],[0,-1],[1,0],[1,0],[-1,0],[1,0],[-1,0],[1,0],[0,-1],[-1,0],[0,1],[-1,0],[-1,0],[-1,0],[-1,0]],[[419,267],[-1,0]],[[418,267],[0,1],[-1,0],[-1,0]],[[416,268],[-1,0]],[[415,268],[-1,0]],[[414,268],[0,1]],[[414,269],[1,0],[0,1],[1,0],[1,-1],[1,0],[1,0]],[[448,213],[1,0]],[[450,213],[-1,-1]],[[448,212],[-1,0],[-1,0],[0,-1]],[[443,211],[-1,0],[0,-1]],[[441,210],[-1,0],[0,1],[1,0],[0,1],[1,0]],[[442,212],[1,0]],[[443,212],[0,1]],[[443,213],[1,0],[-1,0]],[[443,213],[1,0],[1,0],[1,0]],[[446,213],[1,0],[1,0]],[[444,212],[1,0],[-1,0]],[[444,212],[0,0]],[[464,303],[1,0],[1,0]],[[466,303],[0,-1],[1,0],[0,-1],[1,0],[0,-1]],[[468,300],[1,0],[-1,0]],[[468,300],[-1,0]],[[465,300],[0,1]],[[465,301],[-1,0]],[[464,301],[-1,0],[-1,0],[-1,0],[0,1]],[[461,302],[1,0]],[[462,302],[1,0]],[[463,302],[0,1]],[[463,303],[-1,0]],[[463,303],[1,0]],[[388,191],[1,0]],[[389,191],[0,-1],[1,0]],[[390,190],[-1,0],[1,0]],[[390,190],[-1,0],[0,-1]],[[389,189],[1,0]],[[389,189],[-1,0]],[[388,189],[-1,0]],[[387,189],[-1,0]],[[386,189],[-1,0]],[[385,189],[0,-1]],[[385,188],[-1,0]],[[384,188],[-1,0],[-1,0]],[[382,188],[0,1]],[[382,189],[1,0]],[[383,189],[1,0]],[[382,189],[-1,0]],[[382,189],[0,1]],[[384,190],[1,0],[0,1]],[[388,191],[-1,0],[1,0]],[[489,316],[1,0],[0,-1]],[[490,315],[1,0],[-1,0]],[[490,315],[1,0],[1,0]],[[492,315],[0,-1]],[[492,314],[-1,0],[-1,0]],[[490,314],[-1,0]],[[489,314],[-1,0],[-1,0]],[[487,314],[-1,0]],[[486,314],[-1,0],[-1,0]],[[484,314],[-1,0],[1,0]],[[484,314],[-1,0],[-1,0]],[[481,314],[0,1]],[[485,315],[0,-1],[1,0]],[[486,314],[0,1]],[[489,315],[1,0]],[[484,314],[0,0]],[[422,209],[1,0]],[[423,209],[0,1],[0,-1]],[[423,209],[1,0]],[[424,209],[1,0],[1,0],[0,-1]],[[426,208],[-1,0]],[[426,208],[1,0],[-1,0]],[[426,208],[0,-1]],[[426,207],[-1,0]],[[426,207],[0,-1]],[[425,207],[1,-1]],[[426,206],[-1,0]],[[425,206],[-1,0]],[[424,206],[-1,0]],[[424,206],[0,1],[0,-1]],[[423,206],[0,1],[-1,0]],[[422,207],[1,0],[1,0],[1,0]],[[425,207],[0,-1]],[[422,207],[1,0],[-1,1],[0,1]],[[422,209],[-1,0],[0,1]],[[421,210],[1,0],[0,-1]],[[423,209],[0,0]],[[440,266],[0,-1],[1,0]],[[441,265],[0,-1]],[[441,264],[1,0]],[[441,264],[-1,0],[-1,0],[-1,0],[-1,0],[-1,0],[-1,0],[-1,0]],[[434,264],[0,1]],[[434,265],[1,0]],[[435,265],[1,0],[-1,0]],[[435,265],[1,0],[1,0],[-1,0],[1,0],[0,1]],[[437,266],[1,0],[1,0]],[[439,266],[1,0]],[[518,283],[-1,0],[0,-1],[1,0],[1,0],[1,0],[0,-1]],[[520,281],[-1,0],[-1,0],[-1,0],[-1,0],[-1,0],[-1,0],[0,1],[-1,0]],[[513,282],[1,0],[-1,0]],[[513,282],[0,1]],[[513,283],[1,0]],[[513,282],[-1,0]],[[514,283],[1,0]],[[515,283],[1,0],[1,0],[1,0]],[[452,303],[0,-1],[1,0]],[[453,302],[1,0]],[[454,302],[1,0],[1,0]],[[456,302],[1,0],[0,-1]],[[450,301],[-1,0]],[[449,301],[-1,0]],[[448,301],[-1,0]],[[447,301],[-1,0],[1,0]],[[447,301],[-1,0],[-1,0]],[[445,301],[-1,0]],[[445,301],[0,1]],[[445,302],[1,0]],[[446,302],[0,-1],[1,0]],[[449,301],[0,1],[-1,0]],[[448,302],[-1,0]],[[448,302],[1,0],[1,0],[0,1]],[[436,212],[1,0]],[[437,212],[1,0],[0,-1]],[[438,211],[-1,0]],[[437,211],[0,-1]],[[437,210],[-1,0]],[[436,210],[-1,0]],[[435,210],[0,1]],[[435,211],[-1,0]],[[434,211],[-1,0],[-1,0]],[[432,211],[-1,0]],[[432,211],[0,1]],[[431,211],[0,1],[1,0]],[[432,212],[1,0]],[[433,212],[1,0]],[[434,212],[1,0],[1,0]],[[436,211],[0,0]],[[436,211],[1,0]],[[436,212],[0,-1]],[[437,211],[0,1]],[[541,302],[1,0],[-1,0]],[[541,302],[-1,0],[0,-1]],[[540,301],[0,1],[-1,0],[-1,0],[-1,0],[-1,0]],[[536,302],[-1,0],[0,-1]],[[535,301],[1,0]],[[536,301],[0,1]],[[535,301],[-1,1]],[[534,302],[1,0],[1,0]],[[536,302],[1,0],[1,0],[0,1],[-1,0]],[[537,303],[1,0],[1,0],[1,0],[1,0],[1,0],[1,0],[1,0],[0,-1],[-1,0],[-1,0],[-1,0]],[[485,265],[1,0]],[[486,265],[1,0]],[[487,265],[1,0],[-1,0]],[[487,265],[1,0],[1,0],[0,-1]],[[489,264],[-1,0],[1,0]],[[489,264],[-1,0],[-1,0]],[[487,264],[-1,0]],[[486,264],[0,-1]],[[483,263],[0,1],[1,0],[1,0],[-1,0],[1,0],[1,0]],[[486,264],[-1,0],[-1,0],[-1,0],[-1,0]],[[482,264],[1,0],[-1,0]],[[482,264],[1,0],[1,1]],[[484,265],[-1,0]],[[484,265],[1,0]],[[426,211],[1,0],[-1,0]],[[426,211],[1,0],[0,-1]],[[427,210],[0,1],[0,-1]],[[427,210],[-1,0],[0,1]],[[426,211],[-1,0],[1,0]],[[426,211],[-1,0],[0,1],[1,0],[1,0],[-1,0],[1,0],[-1,0],[1,0],[1,0],[-1,0],[1,0],[1,0]],[[429,212],[0,1]],[[429,213],[1,0],[0,-1]],[[430,212],[-1,0]],[[430,212],[0,-1]],[[430,211],[1,0]],[[432,211],[0,-1]],[[432,210],[-1,0]],[[431,210],[-1,0]],[[430,210],[-1,0],[-1,0]],[[428,210],[0,1]],[[428,211],[-1,0],[1,0]],[[428,211],[-1,0],[-1,0]],[[429,211],[1,0]],[[429,211],[0,0]],[[429,211],[-1,0]],[[483,313],[1,0]],[[484,313],[0,-1],[1,0],[1,0]],[[486,312],[1,0],[1,0]],[[488,312],[1,0]],[[488,312],[0,-1],[-1,0],[-1,0],[-1,0],[-1,0],[-1,0]],[[483,311],[-1,0]],[[482,311],[0,1]],[[482,312],[-1,0]],[[481,312],[-1,0],[-1,0]],[[479,312],[1,0],[0,1]],[[498,305],[0,-1]],[[498,305],[1,0]],[[499,305],[0,-1]],[[499,304],[-1,0]],[[498,304],[-1,0]],[[497,304],[0,-1]],[[497,303],[-1,0]],[[496,303],[-1,0]],[[495,303],[-1,0]],[[494,303],[-1,0]],[[493,303],[0,1],[-1,0],[-1,0],[1,0],[-1,0],[1,0],[-1,0],[1,0],[-1,0],[1,0],[0,1]],[[492,305],[1,0]],[[493,305],[0,-1],[1,0]],[[494,304],[0,1]],[[494,304],[1,0]],[[495,304],[0,1]],[[495,305],[1,0]],[[496,305],[1,0],[1,0]],[[465,305],[-1,0],[1,0]],[[465,305],[1,0],[0,-1]],[[466,304],[1,0],[-1,0]],[[466,304],[0,-1]],[[462,303],[0,1],[-1,0],[-1,0],[0,1],[1,0]],[[461,305],[0,-1],[1,0],[1,0],[0,1]],[[463,305],[-1,0]],[[463,305],[1,0],[1,0]],[[492,267],[0,-1]],[[492,266],[1,0]],[[493,266],[1,0]],[[494,266],[1,0]],[[494,266],[0,-1],[-1,0],[-1,0],[-1,0]],[[491,265],[0,1]],[[491,266],[-1,0],[-1,0],[0,1]],[[489,267],[-1,0],[1,0]],[[489,267],[-1,0],[0,1]],[[489,267],[1,0]],[[491,267],[0,0]],[[439,281],[1,0],[0,-1],[1,0],[-1,0],[0,-1]],[[440,279],[-1,0],[0,1],[0,-1],[0,1],[0,-1],[-1,0]],[[438,279],[-1,0]],[[437,279],[-1,0]],[[436,279],[-1,0],[1,0]],[[436,279],[-1,0],[0,1],[-1,0],[1,0],[-1,0],[1,0],[1,0],[-1,0],[1,0],[1,0],[0,1],[1,0]],[[438,281],[1,0]],[[508,277],[1,0]],[[509,277],[1,0]],[[510,277],[0,-1],[1,0],[-1,0],[-1,0],[-1,0],[-1,0],[-1,0],[-1,0],[-1,0],[-1,0],[-1,0]],[[502,276],[1,0],[-1,0]],[[502,276],[1,1]],[[503,277],[1,0],[1,0]],[[505,277],[1,0],[1,0],[1,0]],[[455,308],[0,-1],[1,0],[1,0],[1,0],[-1,0],[-1,0],[-1,0],[-1,0],[-1,0],[-1,0],[1,0],[0,-1]],[[453,306],[-1,0]],[[452,306],[-1,0]],[[451,306],[-1,0]],[[450,306],[-1,0]],[[450,306],[0,1]],[[450,307],[1,0],[1,0],[1,0],[-1,0],[-1,0],[-1,0]],[[450,307],[-1,0]],[[449,307],[0,1]],[[449,308],[1,0],[1,0]],[[451,308],[1,0],[1,0],[1,0],[1,0]],[[505,279],[1,0]],[[506,279],[1,0]],[[507,279],[0,-1],[1,0],[1,0],[0,-1]],[[505,277],[1,0],[-1,0]],[[503,277],[-1,0]],[[503,277],[1,0],[-1,0]],[[503,277],[0,1],[0,-1]],[[503,277],[0,1],[1,0]],[[504,278],[-1,0],[1,0]],[[504,278],[1,0],[0,1]],[[473,276],[0,-1]],[[473,275],[-1,0]],[[472,275],[0,-1]],[[470,274],[0,1]],[[470,275],[-1,0]],[[469,275],[-1,0]],[[469,275],[0,1]],[[471,276],[0,-1],[-1,0]],[[470,275],[1,0],[1,0]],[[472,275],[0,1]],[[512,307],[-1,0]],[[511,307],[-1,0],[-1,0]],[[509,307],[1,0],[-1,0]],[[509,307],[0,-1],[-1,0]],[[508,306],[0,1],[-1,0],[-1,0]],[[506,307],[0,1]],[[506,308],[-1,0]],[[506,308],[1,0],[1,0],[1,0],[1,0],[-1,0],[-1,0],[1,0],[-1,0],[1,0],[1,0],[1,0],[1,0],[0,-1]],[[500,300],[0,-1]],[[500,299],[1,0]],[[501,299],[1,0]],[[502,299],[1,0]],[[502,299],[0,1],[-1,0]],[[501,300],[-1,0]],[[501,300],[1,0],[1,0]],[[503,300],[0,-1]],[[503,300],[1,0]],[[504,300],[0,-1]],[[504,299],[0,-1]],[[504,298],[-1,0]],[[503,298],[-1,0]],[[502,298],[-1,0]],[[501,298],[-1,0]],[[501,298],[0,1]],[[500,299],[1,-1]],[[500,298],[0,1]],[[500,298],[-1,0]],[[499,298],[0,1]],[[499,299],[-1,0],[1,0]],[[499,299],[0,1]],[[499,300],[1,0]],[[437,210],[1,0],[0,-1]],[[438,209],[-1,0],[-1,0],[1,0],[-1,0],[-1,0],[-1,0],[1,0],[0,-1]],[[435,208],[0,1],[0,-1]],[[432,208],[0,1],[-1,0],[1,0],[1,0],[-1,0],[-1,0],[1,0],[-1,0],[1,0],[-1,0],[0,1]],[[432,210],[1,0],[1,0]],[[434,210],[1,0]],[[497,298],[1,0]],[[498,298],[1,0]],[[503,298],[0,-1]],[[503,297],[-1,0]],[[502,297],[-1,0]],[[501,297],[-1,0]],[[496,297],[0,1],[-1,0]],[[495,298],[1,0],[1,0]],[[495,298],[0,1],[1,0],[1,0],[0,-1]],[[450,309],[1,0]],[[451,309],[0,-1]],[[455,308],[1,0],[1,0],[1,0],[1,0]],[[459,308],[1,0],[1,0]],[[461,308],[0,-1],[-1,0]],[[460,307],[-1,1]],[[449,308],[0,1],[1,0]],[[374,199],[-1,0],[0,1]],[[373,200],[0,-1],[-1,0]],[[372,199],[0,1]],[[372,199],[-1,0]],[[372,199],[1,0],[1,0]],[[371,199],[-1,0]],[[370,199],[0,1]],[[370,200],[1,0]],[[371,200],[1,0]],[[372,200],[1,0]],[[373,200],[1,0]],[[374,200],[0,1]],[[470,308],[1,0]],[[470,308],[-1,-1]],[[469,307],[-1,0],[-1,0],[-1,0],[0,-1]],[[466,306],[-1,0]],[[465,306],[-1,0],[-1,0]],[[463,306],[0,1]],[[463,307],[1,0],[1,0],[0,1]],[[465,308],[1,0]],[[466,308],[1,0]],[[467,308],[1,0],[1,0]],[[469,308],[1,0]],[[462,277],[1,0]],[[463,277],[0,-1]],[[463,276],[1,0]],[[464,276],[1,0]],[[465,276],[0,-1]],[[465,275],[-1,0],[-1,0]],[[463,275],[-1,0]],[[462,275],[-1,0],[-1,0],[-1,0],[0,1]],[[460,276],[1,0]],[[461,276],[0,1]],[[461,276],[1,0]],[[462,276],[0,1]],[[462,277],[-1,0]],[[449,219],[1,0]],[[450,219],[0,-1],[1,0],[0,1]],[[451,219],[0,-1],[1,0],[1,0],[0,-1]],[[453,217],[1,0]],[[453,217],[-1,0]],[[452,217],[-1,0],[0,-1]],[[448,216],[0,1]],[[450,217],[1,0],[-1,0]],[[450,217],[-1,0],[1,0]],[[453,217],[0,0]],[[458,309],[1,0]],[[459,309],[1,0]],[[460,309],[1,0],[1,0]],[[462,309],[-1,0],[0,-1]],[[459,308],[0,1]],[[458,309],[-1,0]],[[457,309],[-1,0]],[[456,309],[-1,0]],[[455,309],[-1,0],[-1,0],[-1,0],[-1,0]],[[400,210],[1,0]],[[400,210],[-1,0]],[[399,210],[0,-1]],[[393,209],[-1,0]],[[392,209],[0,-1]],[[391,208],[0,1]],[[390,208],[0,1]],[[390,209],[1,0]],[[391,209],[1,0]],[[395,209],[0,1]],[[395,210],[1,0]],[[396,210],[1,0]],[[397,210],[1,0]],[[398,210],[1,0]],[[477,295],[0,1],[0,-1]],[[476,295],[0,1],[-1,0],[-1,0]],[[474,296],[1,0],[1,0],[1,0],[1,0],[1,0],[1,0],[1,0],[0,-1]],[[422,204],[0,-1]],[[421,203],[-1,0]],[[420,203],[-1,0]],[[419,203],[0,-1]],[[417,202],[0,1]],[[418,203],[1,0]],[[419,203],[0,1]],[[419,204],[1,0],[1,0],[1,0]],[[419,203],[0,0]],[[399,207],[0,-1]],[[398,206],[-1,0]],[[397,206],[-1,0]],[[396,206],[-1,0]],[[395,206],[-1,0]],[[394,206],[-1,0]],[[393,206],[-1,0]],[[393,206],[1,1]],[[394,206],[0,0]],[[481,305],[0,-1],[1,0],[1,0],[0,1]],[[484,305],[0,-1],[1,0]],[[485,304],[-1,0],[-1,0],[1,0],[-1,0],[0,-1]],[[481,303],[0,1],[-1,0]],[[478,304],[1,0],[-1,0]],[[478,304],[1,0],[0,1]],[[453,277],[0,-1]],[[453,276],[1,0]],[[455,277],[0,-1],[1,0],[1,0]],[[457,276],[0,-1],[1,0],[-1,0],[1,0],[-1,0],[1,0],[-1,0],[1,0],[-1,0],[1,0],[-1,0],[1,0],[-1,0],[-1,0]],[[456,275],[-1,0]],[[454,275],[0,1]],[[520,277],[-1,0],[-1,0],[-1,0],[0,-1],[-1,0],[-1,0],[-1,0],[0,1],[1,0],[-1,0],[-1,0],[1,0],[1,0],[1,0],[1,0],[1,0],[1,0],[1,0]],[[498,307],[0,-1]],[[498,306],[-1,0]],[[497,306],[-1,0]],[[496,306],[-1,0]],[[495,306],[-1,0],[-1,0]],[[493,306],[1,0],[-1,0]],[[493,306],[0,1]],[[493,307],[1,0]],[[494,307],[1,0]],[[495,307],[0,-1]],[[495,306],[-1,0],[1,0]],[[495,307],[1,0]],[[496,307],[1,0]],[[496,306],[0,0]],[[497,306],[0,0]],[[506,204],[1,0],[-1,0]],[[506,204],[0,1],[0,-1]],[[506,204],[-1,0]],[[504,204],[0,1],[-1,0],[-1,0],[-1,0],[-1,0],[0,1],[-1,0],[1,0],[1,0],[-1,0],[1,0],[1,0],[1,0],[0,-1],[1,0],[1,0],[1,0],[0,-1]],[[500,212],[1,0]],[[501,212],[1,0]],[[500,212],[-1,0],[0,-1]],[[499,211],[-1,1],[0,-1]],[[498,211],[-1,0],[-1,0],[-1,0]],[[494,211],[0,1],[-1,0],[1,0],[1,0],[1,0],[1,0],[1,0],[1,0],[1,0]],[[500,212],[-1,0],[1,0]],[[391,240],[1,0]],[[392,240],[1,0]],[[393,240],[1,0],[1,0]],[[395,240],[0,-1],[1,0],[-1,0],[1,0],[-1,0],[1,0],[-1,0],[-1,0],[-1,0],[-1,0]],[[392,239],[0,1]],[[391,240],[-1,0],[1,0]],[[391,240],[-1,0],[-1,0]],[[389,240],[1,0],[-1,0]],[[389,240],[0,1]],[[389,241],[1,0]],[[390,241],[0,-1],[1,0]],[[400,211],[1,0]],[[400,211],[0,-1]],[[395,210],[-1,0]],[[394,210],[-1,0]],[[396,210],[0,1]],[[397,211],[0,-1]],[[398,210],[0,1]],[[398,211],[1,0]],[[399,211],[1,0]],[[395,210],[0,0]],[[490,314],[0,-1],[1,0]],[[484,313],[1,0],[1,0],[1,0],[1,0],[1,0],[1,0],[0,1]],[[484,313],[1,0],[-1,0]],[[488,312],[0,1],[-1,0],[-1,0],[-1,0],[-1,0]],[[489,312],[0,1],[-1,0],[0,-1]],[[491,313],[-1,0],[-1,0],[0,-1]],[[496,286],[0,-1],[1,0],[0,-1],[0,1],[1,0]],[[498,285],[-1,0],[1,0]],[[498,285],[0,-1],[-1,0],[-1,0],[-1,0],[-1,0]],[[494,284],[1,0],[0,1],[-1,0]],[[494,285],[-1,0]],[[493,285],[0,1],[1,0],[1,0],[1,0]],[[485,299],[0,-1]],[[485,298],[1,0]],[[485,298],[-1,0],[0,-1],[-1,0]],[[483,297],[-1,0],[0,1]],[[482,298],[-1,0]],[[482,298],[0,1]],[[483,298],[0,0],[0,0],[0,0]],[[521,297],[1,0]],[[521,297],[-1,0]],[[521,297],[0,-1]],[[521,296],[-1,0],[-1,0]],[[519,296],[0,1]],[[519,297],[-1,0]],[[519,297],[0,1],[0,-1]],[[518,297],[0,1],[1,0],[0,-1]],[[519,297],[0,1],[1,0],[1,0],[1,0],[-1,0],[0,-1]],[[481,292],[1,0],[1,0],[1,0],[1,0],[1,0],[-1,0],[1,0],[1,0],[-1,0],[-1,0],[-1,0],[-1,0],[-1,0],[-1,0]],[[481,292],[-1,0]],[[480,292],[-1,0]],[[479,292],[-1,0]],[[503,311],[0,-1],[1,0]],[[504,310],[1,0]],[[505,310],[1,0]],[[505,310],[0,-1]],[[505,309],[1,0],[1,0],[-1,0],[-1,0]],[[505,309],[-1,0],[1,0]],[[505,309],[-1,0],[0,1]],[[504,310],[-1,0],[-1,0]],[[502,310],[1,0],[-1,0]],[[502,310],[0,1]],[[502,311],[1,0]],[[503,311],[0,-1],[0,1]],[[426,206],[0,-1],[-1,0]],[[425,205],[-1,0]],[[424,205],[-1,0]],[[423,205],[-1,0],[0,1]],[[422,206],[0,1]],[[472,213],[-1,0],[0,-1]],[[467,212],[0,1]],[[457,311],[1,0]],[[458,311],[0,-1]],[[458,310],[1,0]],[[459,310],[1,0],[1,0],[1,0]],[[458,310],[-1,0]],[[457,310],[-1,0]],[[456,310],[-1,0],[-1,0]],[[454,310],[1,0],[-1,0]],[[454,310],[0,1],[1,0]],[[455,311],[1,0]],[[456,311],[1,0]],[[491,299],[0,-1]],[[491,298],[1,0]],[[492,298],[1,0]],[[493,298],[1,0]],[[494,298],[1,0]],[[495,298],[0,-1]],[[491,297],[0,1]],[[491,298],[-1,0]],[[490,298],[0,1]],[[493,298],[0,0]],[[493,298],[1,-1]],[[494,297],[0,1]],[[507,212],[0,-1],[1,0],[1,0]],[[509,211],[0,-1]],[[509,210],[-1,0]],[[508,210],[0,1],[-1,0],[-1,0],[-1,0],[-1,0]],[[504,211],[0,1]],[[504,212],[-1,0]],[[481,257],[0,-1]],[[481,256],[1,0]],[[481,256],[-1,0],[-1,0]],[[479,256],[0,1]],[[470,262],[0,1]],[[470,262],[-1,0]],[[469,262],[-1,0]],[[468,262],[-1,0]],[[469,262],[0,-1]],[[470,262],[1,0]],[[469,262],[0,0]],[[390,241],[1,0]],[[391,241],[1,0],[1,0]],[[393,241],[1,0]],[[394,241],[1,0],[-1,0]],[[394,241],[1,0],[0,-1]],[[395,240],[1,0],[-1,0]],[[393,240],[0,1]],[[393,241],[-1,0],[1,0]],[[392,240],[0,1],[-1,0]],[[423,205],[0,-1]],[[423,204],[-1,0]],[[423,205],[-1,0],[-1,0],[-1,0],[-1,0]],[[454,194],[0,-1]],[[452,193],[1,0],[-1,0]],[[452,193],[-1,0]],[[448,193],[0,-1],[-1,0]],[[447,192],[0,1],[1,0]],[[448,193],[-1,0],[1,0]],[[452,193],[0,1]],[[442,267],[-1,0]],[[441,267],[0,-1]],[[440,266],[0,1],[-1,0]],[[439,267],[1,0],[0,1]],[[440,268],[1,0]],[[475,261],[0,-1]],[[475,260],[1,0]],[[476,260],[0,1]],[[476,260],[1,0]],[[477,260],[0,-1]],[[477,259],[-1,0]],[[476,259],[-1,0]],[[475,259],[0,1]],[[476,259],[-1,1]],[[533,303],[1,0]],[[534,303],[1,0],[1,0]],[[536,303],[1,0]],[[536,303],[0,-1]],[[534,303],[0,-1]],[[534,302],[-1,0]],[[533,302],[0,1]],[[533,302],[-1,0]],[[532,302],[0,1],[1,0]],[[533,303],[0,0]],[[461,272],[0,-1]],[[461,271],[1,0],[-1,0]],[[461,271],[1,0],[0,1],[-1,0]],[[461,272],[1,0],[0,-1],[1,0],[0,-1]],[[463,270],[-1,0],[1,0]],[[463,270],[-1,0],[0,1],[-1,0]],[[461,271],[-1,0],[1,0]],[[461,271],[-1,0],[0,1],[-1,0],[1,0],[-1,0],[-1,0],[0,1],[1,0],[0,-1],[1,0],[1,0]],[[455,306],[1,0],[1,0]],[[457,306],[-1,0],[1,0]],[[457,306],[-1,0],[0,-1],[1,0]],[[457,305],[1,0]],[[458,305],[1,0],[-1,0]],[[457,305],[-1,0],[-1,0]],[[454,305],[0,1],[-1,0]],[[453,306],[1,0],[1,0]],[[490,298],[-1,0]],[[489,298],[-1,0]],[[488,298],[0,1]],[[488,298],[-1,0]],[[487,298],[-1,0]],[[453,202],[0,-1],[0,1]],[[454,202],[0,-1],[1,0]],[[455,201],[0,-1]],[[454,200],[0,1],[-1,0],[-1,0]],[[451,201],[0,1]],[[451,265],[-1,0]],[[450,265],[0,-1]],[[449,265],[0,-1]],[[444,264],[0,1]],[[403,211],[1,0]],[[404,211],[0,-1]],[[402,210],[-1,0]],[[401,210],[0,1]],[[401,211],[1,0]],[[402,211],[1,0]],[[403,211],[0,0]],[[439,269],[1,0]],[[440,269],[0,-1]],[[440,268],[-1,0],[0,-1]],[[439,267],[-1,0]],[[438,267],[0,1],[0,1]],[[458,311],[1,0],[-1,0]],[[458,311],[1,0],[1,0]],[[460,311],[1,0]],[[461,311],[1,0],[1,0],[-1,0],[-1,0]],[[439,267],[0,-1]],[[437,266],[-1,0]],[[437,266],[0,1]],[[437,267],[1,0]],[[513,285],[0,-1]],[[513,284],[-1,0]],[[512,284],[-1,0]],[[511,284],[-1,0],[1,0]],[[511,284],[0,1],[1,0]],[[512,285],[1,0]],[[513,285],[0,1],[0,-1]],[[461,230],[0,-1]],[[461,229],[1,0]],[[461,229],[-1,0]],[[460,229],[-1,0]],[[459,229],[-1,0]],[[459,229],[0,1]],[[459,230],[1,0]],[[460,229],[0,0]],[[461,229],[0,0]],[[485,302],[0,-1]],[[481,301],[1,0],[0,1]],[[486,306],[0,-1]],[[486,305],[1,0],[1,0],[-1,0],[-1,0]],[[486,305],[-1,0]],[[485,305],[0,-1]],[[485,305],[-1,0]],[[485,305],[0,1]],[[505,308],[0,-1]],[[505,307],[1,0]],[[505,307],[-1,0],[-1,0],[-1,0],[1,0],[-1,0],[1,0],[0,1]],[[503,308],[1,0]],[[504,308],[1,0]],[[469,309],[1,0]],[[469,309],[-1,0]],[[468,309],[-1,0],[0,-1]],[[466,308],[0,1],[1,0],[1,0]],[[468,309],[-1,0],[1,0]],[[468,309],[-1,0],[-1,0],[-1,0],[1,0],[1,0],[1,0]],[[388,204],[0,1]],[[450,287],[0,1]],[[449,287],[0,1]],[[449,288],[1,0]],[[450,288],[1,0]],[[465,306],[0,-1]],[[463,305],[0,1]],[[463,306],[-1,0],[-1,0]],[[490,286],[0,-1],[1,1]],[[491,286],[0,-1],[0,-1]],[[491,284],[0,1],[-1,0],[-1,0]],[[488,285],[0,1]],[[489,286],[0,-1]],[[489,285],[1,0],[0,1]],[[513,284],[0,-1]],[[513,283],[-1,0]],[[512,283],[0,-1]],[[512,282],[-1,0],[1,0]],[[512,282],[-1,0],[0,1]],[[511,283],[0,1]],[[526,311],[0,-1],[0,1]],[[526,311],[0,-1],[1,0]],[[527,310],[-1,0],[1,0]],[[527,310],[-1,0],[-1,0]],[[525,310],[0,1]],[[525,310],[-1,0]],[[524,310],[0,1]],[[524,311],[1,0]],[[430,210],[0,-1]],[[430,209],[-1,0]],[[429,209],[-1,0],[0,1]],[[428,210],[-1,0]],[[447,236],[1,0],[-1,0]],[[447,236],[1,0],[0,1],[1,0],[1,0],[1,0],[-1,0],[0,-1],[-1,0],[-1,0],[-1,0]],[[483,266],[1,0],[0,-1]],[[483,265],[-1,0]],[[483,265],[0,1]],[[432,277],[1,0]],[[433,277],[0,-1],[1,0],[-1,0],[-1,0],[-1,0],[0,1]],[[431,277],[-1,0]],[[431,277],[1,0]],[[411,269],[1,0],[0,-1],[-1,0]],[[411,268],[-1,0],[0,1],[-1,0],[0,-1],[0,1],[0,-1],[0,1],[1,0],[1,0]],[[433,278],[1,0]],[[434,278],[1,0],[1,0],[0,-1]],[[436,277],[-1,0],[-1,0],[-1,0]],[[433,277],[1,0],[1,0],[-1,0],[-1,0]],[[433,277],[0,1]],[[434,278],[1,0],[0,-1],[0,1],[-1,0]],[[406,255],[-1,0],[1,0]],[[406,255],[-1,0],[0,-1]],[[405,254],[-1,0]],[[404,254],[-1,0],[-1,0],[0,1],[1,0],[1,0],[1,0],[-1,0],[1,0],[-1,0],[1,0],[1,0]],[[466,310],[-1,0]],[[465,310],[-1,-1],[-1,0],[-1,0]],[[462,309],[0,1]],[[462,310],[1,0]],[[463,310],[1,0]],[[464,310],[1,0]],[[496,289],[0,-1]],[[496,288],[-1,0]],[[495,288],[-1,0]],[[494,288],[0,1]],[[494,288],[-1,0]],[[493,288],[0,1]],[[493,289],[-1,0]],[[493,289],[1,0]],[[494,289],[1,0]],[[508,285],[0,-1]],[[508,284],[-1,0]],[[507,284],[-1,0]],[[506,284],[-1,0]],[[505,284],[0,1],[1,0]],[[506,285],[1,0],[1,0]],[[465,275],[1,0]],[[465,275],[0,-1]],[[465,274],[-1,0]],[[464,274],[-1,0]],[[463,274],[-1,0]],[[462,274],[0,1]],[[463,275],[0,-1]],[[465,275],[-1,0],[1,0]],[[443,195],[0,-1],[-1,0],[-1,0],[0,1],[1,0],[1,0]],[[434,235],[1,0],[-1,0]],[[434,235],[-1,0]],[[433,235],[-1,0]],[[432,235],[-1,0]],[[486,212],[0,-1]],[[484,211],[1,0],[-1,0]],[[484,211],[0,1]],[[497,303],[1,0]],[[498,303],[0,-1]],[[495,302],[0,1]],[[501,279],[0,-1]],[[501,278],[-1,0],[-1,0],[-1,0],[1,0],[0,1]],[[499,279],[0,-1],[0,1]],[[499,279],[0,-1],[1,0],[0,1]],[[500,279],[0,-1],[0,1]],[[500,279],[1,0]],[[466,275],[1,0]],[[467,275],[0,-1]],[[467,274],[1,0]],[[467,274],[-1,0]],[[466,274],[0,1]],[[500,306],[1,0],[-1,0]],[[500,306],[-1,0]],[[499,306],[0,-1]],[[498,305],[0,1]],[[498,306],[1,0]],[[514,283],[0,1]],[[514,284],[1,0],[0,-1]],[[383,241],[1,0]],[[383,241],[-1,0],[-1,0],[1,0],[-1,0],[-1,0]],[[380,241],[1,0],[1,0],[1,0]],[[483,208],[-1,0]],[[483,208],[1,0],[1,0],[1,0],[-1,0],[-1,0],[-1,0]],[[502,302],[0,1],[0,-1]],[[502,302],[1,0]],[[502,302],[-1,0]],[[501,302],[0,1]],[[501,303],[1,0],[0,-1]],[[456,303],[0,-1]],[[453,302],[0,1]],[[398,206],[0,0]],[[387,241],[1,0]],[[388,241],[1,0]],[[389,240],[-1,0]],[[388,240],[-1,0]],[[388,240],[0,1]],[[387,241],[-1,0]],[[507,283],[1,0]],[[508,283],[1,0],[-1,0]],[[508,283],[1,0],[0,-1]],[[509,282],[-1,0]],[[508,282],[0,1]],[[509,286],[-1,0]],[[508,286],[0,1],[0,-1]],[[508,286],[0,1],[-1,0]],[[507,287],[1,0],[1,0],[0,-1]],[[391,210],[1,0]],[[392,210],[1,0]],[[393,210],[0,1]],[[394,211],[0,-1]],[[502,212],[0,-1]],[[501,211],[-1,0],[-1,0]],[[501,211],[0,1]],[[430,278],[1,0]],[[431,278],[0,-1]],[[430,277],[0,1]],[[430,278],[-1,0]],[[505,254],[0,-1]],[[505,253],[-1,0]],[[500,265],[0,-1],[-1,0],[-1,0]],[[498,264],[0,1],[1,0]],[[499,265],[-1,0],[1,0]],[[373,207],[1,0],[0,-1]],[[372,206],[0,1],[1,0]],[[373,207],[-1,0],[1,0]],[[373,207],[0,-1]],[[373,207],[1,0],[-1,0]],[[473,317],[1,0]],[[474,317],[0,-1],[1,0],[-1,0],[-1,0]],[[473,316],[0,1]],[[512,251],[0,1]],[[410,211],[-1,0]],[[409,211],[-1,0]],[[408,211],[0,1]],[[408,212],[1,0]],[[409,212],[1,0]],[[410,212],[0,-1]],[[414,268],[0,-1]],[[414,267],[1,0]],[[414,267],[-1,0]],[[413,267],[-1,0],[1,0]],[[413,267],[0,1],[1,0]],[[406,211],[1,0]],[[407,211],[1,0]],[[407,211],[0,0]],[[406,211],[0,0]],[[497,309],[-1,0],[-1,0]],[[510,304],[0,-1]],[[510,303],[-1,0]],[[509,303],[0,1]],[[509,304],[1,0]],[[511,263],[0,-1]],[[510,262],[0,1]],[[406,265],[1,0],[0,-1],[-1,0],[-1,0],[1,0],[-1,0],[1,0],[0,1]],[[437,194],[0,-1]],[[437,193],[-1,0]],[[436,193],[0,1]],[[436,194],[1,0]],[[556,301],[0,-1],[1,0]],[[557,300],[-1,0],[-1,0]],[[555,300],[0,1]],[[429,213],[-1,0],[-1,0]],[[427,213],[-1,0],[1,0]],[[555,274],[-1,0]],[[554,274],[0,-1]],[[551,273],[1,0],[1,0],[0,1]],[[553,274],[1,0]],[[500,289],[0,-1],[-1,0]],[[499,288],[-1,0]],[[498,288],[-1,0]],[[498,288],[0,1]],[[498,288],[1,1]],[[506,274],[1,0],[-1,0]],[[506,274],[0,1],[-1,0],[0,-1],[-1,0],[1,0],[-1,0],[-1,0]],[[503,274],[0,1],[0,-1]],[[503,274],[1,0],[0,1],[1,0],[1,0],[0,-1]],[[469,217],[0,-1]],[[465,216],[0,1]],[[500,301],[0,-1]],[[498,300],[0,1]],[[459,289],[-1,0],[0,-1]],[[458,288],[0,1],[-1,0],[-1,0],[1,0],[1,0],[1,0]],[[430,286],[1,0]],[[430,286],[-1,0],[1,0]],[[430,286],[-1,0],[0,1],[0,-1],[0,1],[-1,0],[1,0],[1,0],[0,-1]],[[451,306],[0,-1]],[[450,305],[0,1]],[[449,306],[0,-1]],[[499,313],[0,-1]],[[498,312],[0,1]],[[498,313],[-1,0]],[[498,313],[1,0]],[[465,274],[0,-1]],[[465,273],[1,0]],[[465,273],[-1,0]],[[464,273],[0,1]],[[407,255],[1,0]],[[408,255],[0,-1],[-1,0],[-1,0]],[[406,254],[0,1]],[[406,255],[1,0]],[[467,266],[1,0]],[[468,266],[0,-1]],[[468,266],[1,0]],[[469,266],[0,-1]],[[467,265],[0,1]],[[467,266],[-1,0]],[[509,262],[0,1]],[[491,290],[1,0]],[[491,290],[0,-1]],[[491,289],[-1,0]],[[490,289],[0,1]],[[490,290],[1,0]],[[526,309],[1,0],[-1,0],[-1,0],[-1,0],[1,0],[-1,0],[1,0],[1,0]],[[470,308],[0,1]],[[470,309],[1,0],[1,0],[0,-1],[-1,0]],[[391,211],[-1,0]],[[390,211],[-1,0]],[[389,211],[-1,0]],[[453,219],[-1,0],[-1,0]],[[451,219],[1,0],[0,1]],[[459,288],[0,1]],[[459,289],[1,0],[1,0],[-1,0],[1,0],[-1,0],[1,0],[-1,0],[0,-1]],[[491,274],[0,1],[-1,0]],[[491,274],[0,1],[1,0],[-1,0],[1,0],[1,0],[-1,0],[1,0],[-1,0],[0,-1],[-1,0]],[[490,291],[1,0]],[[491,291],[0,-1]],[[490,290],[0,1]],[[385,241],[-1,0]],[[386,241],[-1,0]],[[386,241],[0,-1]],[[386,240],[-1,0],[0,1]],[[407,211],[0,1]],[[407,212],[1,0]],[[431,286],[1,0],[0,-1],[-1,0],[0,1]],[[487,310],[1,0],[-1,0],[-1,0],[-1,0],[1,0],[1,0]],[[407,213],[0,-1]],[[407,212],[-1,0]],[[406,212],[-1,0]],[[405,212],[0,1]],[[405,213],[1,0]],[[494,208],[0,-1]],[[493,207],[0,1]],[[459,195],[0,-1]],[[457,194],[-1,0]],[[457,194],[1,0],[0,1]],[[411,212],[1,0]],[[411,212],[-1,0]],[[388,241],[0,1]],[[388,242],[1,0]],[[389,242],[0,-1]],[[522,301],[1,0]],[[524,301],[0,-1]],[[524,300],[-1,0]],[[523,300],[0,1]],[[494,285],[0,-1]],[[493,284],[0,1]],[[533,296],[0,1]],[[445,229],[0,-1],[-1,0],[-1,0],[0,1],[1,0]],[[462,273],[1,0]],[[462,273],[0,0]],[[469,266],[1,0],[0,-1]],[[470,265],[0,1],[0,-1]],[[493,309],[1,0]],[[494,309],[1,0]],[[493,309],[-1,0]],[[462,218],[-1,0],[1,0]],[[528,304],[1,0]],[[528,304],[-1,0],[1,0]],[[523,268],[-1,0]],[[522,268],[-1,0]],[[521,268],[-1,0]],[[478,309],[-1,0],[1,0]],[[478,309],[-1,1],[1,0],[-1,0],[1,0],[-1,0],[1,0],[-1,0],[1,0],[1,0],[-1,0],[0,-1]],[[482,265],[0,-1]],[[482,264],[-1,0],[-1,0]],[[480,264],[0,1]],[[391,210],[0,-1]],[[390,209],[0,1]],[[390,210],[1,0]],[[416,268],[0,-1]],[[416,267],[1,0]],[[416,267],[-1,0]],[[415,267],[0,1]],[[508,262],[0,1]],[[500,304],[0,-1],[0,1]],[[500,304],[0,-1],[1,0]],[[501,303],[-1,0],[-1,0]],[[499,303],[0,1]],[[499,304],[1,0]],[[479,260],[-1,0]],[[478,260],[0,1],[1,0]],[[408,211],[0,-1]],[[407,210],[0,1]],[[463,313],[1,0]],[[464,313],[0,-1]],[[464,312],[-1,0]],[[463,312],[-1,0]],[[463,312],[0,1]],[[486,304],[0,1]],[[486,305],[1,0],[1,0],[-1,0],[0,-1]],[[394,215],[1,0]],[[394,215],[0,-1]],[[393,214],[0,1],[1,0]],[[394,215],[-1,0],[1,0]],[[462,227],[0,0]],[[503,212],[0,1]],[[433,278],[0,1],[-1,0],[1,0],[1,0],[0,-1]],[[420,213],[0,-1]],[[419,212],[0,1]],[[419,213],[1,0]],[[490,297],[0,1]],[[405,212],[-1,0]],[[404,212],[0,1]],[[457,281],[0,-1]],[[457,280],[1,0]],[[456,280],[0,1]],[[522,297],[0,-1]],[[522,296],[-1,0]],[[456,310],[-1,0],[1,0]],[[456,310],[0,-1]],[[455,309],[0,1],[-1,0]],[[521,262],[1,0],[-1,0]],[[524,262],[-1,0],[1,0]],[[495,310],[0,-1]],[[494,309],[0,1]],[[457,306],[1,0],[0,-1]],[[457,305],[0,1]],[[411,212],[-1,-1]],[[384,242],[0,-1]],[[383,241],[0,1]],[[556,275],[0,-1]],[[555,274],[0,1]],[[506,281],[0,-1]],[[506,280],[-1,0]],[[505,280],[0,1]],[[505,281],[1,0]],[[505,262],[0,1],[1,0]],[[465,280],[0,-1]],[[464,279],[0,1]],[[464,280],[1,0]],[[389,208],[0,-1]],[[389,207],[-1,0]],[[388,207],[0,1]],[[389,208],[-1,0]],[[510,277],[0,0]],[[486,308],[0,-1]],[[485,308],[1,0]],[[505,279],[-1,0]],[[505,279],[0,0]],[[506,304],[-1,-1]],[[505,303],[0,1],[1,0]],[[492,301],[0,1]],[[493,302],[-1,0]],[[448,296],[1,0]],[[449,296],[0,-1]],[[448,295],[0,1]],[[390,208],[0,-1]],[[390,208],[-1,0]],[[500,307],[0,-1]],[[499,306],[0,1]],[[499,307],[1,0]],[[492,289],[0,0]],[[465,310],[1,1],[0,-1]],[[493,312],[0,1],[1,0]],[[535,263],[0,0]],[[517,296],[0,1],[1,0]],[[518,297],[0,-1]],[[526,201],[0,0]],[[549,302],[-1,0]],[[385,206],[0,-1]],[[508,284],[0,-1]],[[507,283],[0,1]],[[527,268],[0,0]],[[416,266],[0,0]],[[462,285],[0,-1]],[[461,284],[0,1]],[[497,314],[1,0],[0,-1]],[[498,313],[0,1],[0,-1]],[[497,313],[0,1]],[[437,292],[-1,0],[1,0]],[[437,292],[0,1]],[[511,278],[0,0],[0,0],[0,0]],[[487,307],[1,0],[0,0],[-1,0]],[[390,242],[0,0]],[[464,267],[1,0]],[[464,267],[0,0]],[[491,246],[0,1]],[[492,247],[0,-1]],[[447,287],[0,0]],[[456,239],[0,0]],[[467,189],[0,0]],[[424,265],[-1,0],[1,0]],[[388,191],[0,1]],[[467,276],[0,-1]],[[466,275],[0,1]],[[404,211],[1,0]],[[395,211],[0,-1]],[[503,302],[0,-1],[-1,0]],[[502,301],[0,1]],[[389,210],[1,0]],[[390,209],[-1,0]],[[389,209],[0,1]],[[493,287],[1,0]],[[493,287],[0,0]],[[551,300],[0,-1]],[[551,300],[0,0]],[[380,241],[-1,0],[-1,0]],[[424,218],[0,-1],[-1,0]],[[423,217],[0,1]],[[423,218],[1,0]],[[503,280],[-1,0]],[[503,280],[0,0]],[[467,313],[0,-1]],[[467,312],[-1,0]],[[466,312],[0,1]],[[466,313],[1,0]],[[383,237],[0,0]],[[419,257],[0,0]],[[495,305],[0,0]],[[453,287],[0,0]],[[458,281],[-1,0]],[[458,281],[0,0]],[[445,221],[0,-1]],[[444,220],[0,1]],[[389,209],[-1,0]],[[389,209],[0,-1]],[[389,208],[-1,1]],[[388,209],[0,-1]],[[454,296],[0,-1]],[[453,295],[0,1]],[[511,251],[0,1]],[[479,291],[1,0]],[[447,288],[0,-1]],[[446,288],[1,0]],[[492,289],[-1,0]],[[549,303],[0,-1]],[[548,302],[0,1]],[[415,266],[-1,0],[0,0],[1,0]],[[557,274],[-1,1]],[[494,288],[0,-1]],[[493,287],[0,1]],[[457,281],[0,1]],[[457,282],[1,0]],[[528,304],[0,1]],[[568,300],[0,0]],[[446,264],[0,0]],[[470,210],[0,1]],[[501,278],[1,0]],[[502,278],[0,-1]],[[502,277],[-1,1]],[[511,277],[0,0]],[[466,269],[0,0],[0,0],[0,0]],[[463,281],[1,0]],[[464,281],[0,-1]],[[464,280],[-1,0]],[[465,277],[0,0]],[[390,215],[0,0]],[[498,301],[0,0]],[[495,302],[0,0]],[[511,312],[1,0]],[[512,312],[0,-1],[-1,0],[0,1]],[[395,216],[1,-1]],[[395,215],[0,1]],[[550,299],[0,1]],[[550,300],[1,0]],[[446,282],[0,-1]],[[446,281],[-1,0]],[[445,281],[0,1]],[[467,265],[0,0]],[[511,263],[0,0]],[[471,317],[0,0],[0,0],[0,0]],[[521,269],[0,-1]],[[520,268],[0,1]],[[488,206],[0,0]],[[466,312],[-1,0]],[[466,312],[0,0]],[[509,282],[0,0]],[[462,274],[0,0]],[[480,292],[0,-1]],[[479,291],[0,1]],[[458,239],[0,0]],[[391,208],[0,0]],[[459,303],[0,0]],[[497,288],[0,1]],[[490,273],[1,0],[-1,0]],[[490,273],[0,0]],[[518,258],[0,1]],[[419,257],[-1,0]],[[470,262],[0,0]],[[456,280],[0,0]],[[456,293],[0,-1]],[[455,292],[0,1]],[[461,267],[0,-1]],[[460,266],[0,1]],[[460,267],[1,0]],[[445,292],[0,1],[-1,0]],[[522,302],[1,0]],[[522,302],[0,-1]],[[522,301],[1,1]],[[481,271],[0,0]],[[445,289],[0,0]],[[361,198],[0,0]],[[489,269],[0,1]],[[512,280],[0,0],[0,0],[0,0]],[[462,277],[0,0]],[[416,266],[-1,0]],[[471,262],[0,0]],[[418,263],[-1,0]],[[418,263],[0,0]],[[462,266],[0,0]],[[459,203],[0,0]],[[443,263],[0,1]],[[387,208],[0,0]],[[495,305],[-1,0]],[[524,300],[0,0]],[[489,297],[0,1]],[[489,298],[1,-1]],[[497,303],[0,0]],[[363,195],[-1,0],[1,0]],[[363,195],[0,0]],[[440,266],[0,0]],[[463,274],[0,-1]],[[462,273],[0,1]],[[471,262],[1,0]],[[507,286],[0,0]],[[386,211],[-1,0]],[[386,211],[0,0]],[[361,198],[-1,0],[1,0]],[[496,314],[-1,0],[0,0],[1,0]],[[365,188],[0,-1],[-1,0]],[[364,187],[0,1]],[[471,210],[0,0]],[[424,265],[0,0]],[[508,305],[0,0],[0,0],[0,0]],[[480,315],[0,1]],[[440,289],[0,1]],[[440,289],[0,0]],[[377,188],[0,0]],[[452,295],[0,0]],[[491,313],[0,0]],[[396,216],[-1,0]],[[395,216],[0,1]],[[395,217],[1,0]],[[396,217],[0,-1]],[[363,196],[0,0]],[[391,207],[0,1]],[[416,264],[0,0],[0,0],[0,0]],[[391,214],[0,1]],[[391,214],[0,0]],[[511,277],[-1,0]],[[437,219],[0,0]],[[422,257],[0,0]],[[456,282],[0,0]],[[465,269],[0,0]],[[504,290],[0,0],[0,0],[0,0]],[[442,289],[0,1]],[[442,289],[0,0]],[[500,306],[0,0]],[[433,264],[0,0]],[[431,200],[0,0]],[[438,292],[0,0]],[[501,281],[0,0],[0,0],[0,0]],[[446,299],[0,0]],[[488,297],[0,0]],[[390,215],[0,-1]],[[504,298],[0,-1],[-1,0]],[[492,313],[-1,0]],[[508,281],[0,1]],[[508,281],[0,0]],[[503,289],[0,0],[0,0],[0,0]],[[488,297],[-1,0]],[[388,210],[0,0]],[[500,279],[0,0]],[[507,286],[0,1]],[[508,277],[0,0]],[[459,303],[0,-1],[0,1]],[[508,303],[0,0],[0,0],[0,0]],[[407,215],[0,1]],[[407,216],[1,0],[0,-1]],[[486,268],[0,0],[0,0],[0,0]],[[460,292],[0,0]],[[512,283],[0,0]],[[463,313],[0,0]],[[504,289],[0,0],[0,0],[0,0]],[[394,212],[0,0]],[[445,294],[0,0]],[[438,292],[0,1]],[[504,298],[0,0]],[[487,270],[0,0],[0,0],[0,0]],[[388,207],[0,0]],[[471,271],[0,0]],[[509,281],[-1,0]],[[465,269],[-1,0],[1,0]],[[504,280],[0,0]],[[490,306],[0,0]],[[466,262],[0,0]],[[386,208],[1,1]],[[387,209],[0,-1]],[[387,208],[-1,0]],[[388,210],[1,0]],[[396,215],[0,1]],[[528,310],[-1,0]],[[528,310],[0,0]],[[439,220],[0,0]],[[468,267],[0,0],[0,0],[0,0]],[[363,196],[1,0]],[[416,266],[1,0],[-1,0]],[[471,262],[0,1]],[[504,280],[0,1]],[[389,211],[0,0]],[[388,208],[-1,0]],[[490,306],[0,1]],[[433,264],[1,0]],[[503,280],[0,1]],[[558,518],[1,0],[0,1],[1,0],[0,-1],[1,0],[1,0],[1,0],[1,0],[1,0],[1,0],[1,0]],[[567,518],[0,-1],[0,1]],[[567,518],[1,0]],[[568,518],[1,0]],[[569,518],[0,-1],[1,0],[1,0]],[[571,517],[1,0]],[[572,517],[1,0],[1,0],[1,0],[1,0],[1,0],[1,0]],[[578,517],[1,0],[-1,0]],[[578,517],[0,-1],[0,-1]],[[578,515],[-1,0],[1,0]],[[578,515],[1,0],[1,0],[1,0],[1,0],[1,0],[0,-1],[1,0],[1,0],[1,0],[1,0],[0,1],[1,-1],[1,0],[0,-1]],[[589,513],[-2,0],[-3,0],[1,0],[0,-1],[1,0],[1,0],[1,0],[0,1],[1,0]],[[589,513],[1,0],[1,0],[0,-1],[1,0],[1,0],[1,0],[0,1],[1,0],[1,0],[1,0],[1,0],[1,0],[1,0],[1,0],[1,0],[-1,-1],[1,0],[1,0],[0,1],[0,1],[1,0],[1,0],[0,1]],[[605,515],[1,0]],[[606,515],[1,0],[1,0],[1,0],[0,-1],[1,0],[1,0]],[[611,514],[1,0],[-1,0]],[[611,514],[0,-1],[1,0]],[[612,513],[1,0]],[[613,513],[0,-1],[1,0],[1,0],[1,0],[1,0],[1,0],[1,0],[1,0],[1,0],[1,0],[1,0],[1,0],[1,0],[1,0],[0,-1],[1,0],[1,0],[1,0],[0,-1],[1,0],[1,0],[1,0],[1,0],[0,-1],[1,0],[1,0],[1,0],[1,0],[1,0],[1,0],[1,0],[1,0]],[[641,509],[0,-1]],[[641,508],[1,0],[1,0],[1,0],[1,0],[1,0],[1,0],[1,0],[1,0],[1,0]],[[650,508],[1,0]],[[651,508],[0,-1],[1,0],[0,-1],[1,0],[1,0],[0,-1],[1,0],[1,0],[1,0],[1,0],[1,0],[1,0],[0,1],[1,0],[0,1],[1,0],[1,0],[1,0],[1,0],[1,0],[1,0],[1,0],[0,1],[1,0],[1,0],[1,0],[0,1],[1,0],[1,0],[1,0],[1,0],[1,0],[1,0],[0,-1]],[[677,508],[1,0],[-1,0]],[[677,508],[0,-1],[1,0],[1,0],[0,-1]],[[679,506],[0,-1],[-1,0],[1,0],[-1,0],[1,0],[0,-1],[-1,0],[0,-1],[0,-1],[1,0],[1,0],[0,-1],[1,0],[-1,0],[0,-1],[-1,0],[-1,0],[-1,0],[-1,0],[0,1],[-1,0],[-1,0],[-1,0],[0,-1],[1,0],[-1,0],[1,0],[-1,0],[0,-1],[0,-1],[-1,0],[0,-1],[-1,0],[-1,0],[-1,0],[1,0],[0,-1],[1,0],[0,1],[1,0],[0,-1],[1,0],[-1,0],[0,-1],[-1,0],[1,0],[-1,0],[1,0],[1,0],[0,-1],[0,1],[1,0],[1,0],[0,-1],[1,0],[-1,0],[-1,0],[0,-1],[-1,0],[0,1],[0,-1],[-1,0],[-1,0],[-1,0],[-1,0],[0,1],[-1,0],[0,-1],[-1,0],[-1,0],[1,0],[1,0],[1,0],[1,0],[1,0],[0,-1],[-1,0],[1,0],[1,0],[0,-1],[1,0],[0,-1],[1,0],[1,0],[0,-1],[-1,0],[-1,0],[-1,0],[0,-1],[1,0],[1,0],[0,-1],[-1,0],[-1,0],[-1,0],[-1,0],[1,0],[0,-1],[-1,0],[-1,0],[-1,0],[-1,0],[-1,0],[1,0],[0,-1],[-1,0],[1,0],[0,-1],[1,0],[0,-1],[1,0],[-1,0],[1,0],[0,-1],[1,0],[1,0],[1,0],[0,-1],[1,0],[0,-1],[0,-1],[-1,0],[-1,0],[1,0],[0,-1],[1,0],[0,-1],[-1,0],[-1,0],[-1,0],[-1,0],[0,-1],[-1,0],[-1,0],[1,0],[0,-1],[-1,0],[0,-1],[1,0],[1,0],[0,-1],[1,0],[1,0],[-1,0],[0,-1],[1,0],[1,0],[1,-1],[-1,0],[-1,0],[-1,0],[0,-1],[1,0],[1,0],[1,0],[1,0],[0,-1],[0,-1],[1,0],[1,0],[1,0],[0,-1],[1,0],[0,-1],[-1,0],[1,0],[0,-1],[1,0],[1,0],[1,0],[1,0],[0,-1],[1,0],[-1,0],[-1,0],[-1,0],[-1,0]],[[679,464],[-1,0],[-1,0],[-1,0],[-1,0],[-1,0],[-1,0],[-1,0],[-1,0],[-1,0],[-1,0],[-1,0],[-1,0],[-1,0],[-1,0],[-1,0],[-1,0],[-1,0],[-1,0],[-1,0],[-1,0],[-1,0],[0,1],[-1,0],[-1,0]],[[656,465],[0,-1],[0,1]],[[656,465],[-1,0],[0,-1],[-1,0],[-1,0],[0,-1],[-1,0],[0,-1],[-1,0],[-1,0],[-1,0],[-1,0],[-1,0],[0,-1],[-1,0],[-1,0]],[[645,461],[-1,0]],[[644,461],[-1,0],[0,-1],[-1,0],[0,1],[-1,0],[-1,0],[-1,0],[0,-1],[-1,0],[0,-1],[-1,0],[-1,0],[-1,0],[-1,0],[-1,0],[0,1]],[[633,460],[-1,0],[1,0]],[[633,460],[1,0],[0,1],[-1,0]],[[633,461],[-1,0],[1,0]],[[633,461],[0,1]],[[633,462],[-1,0],[1,0]],[[633,462],[1,0],[-1,0]],[[633,462],[0,1],[-1,0],[0,1],[1,0],[0,1],[-1,0],[-1,0],[0,1],[-1,0],[-1,0],[-1,0],[-1,0],[-1,0],[-1,0],[-1,0],[0,-1],[-1,0],[-1,0],[-1,0],[-1,0],[-1,0],[-1,0],[0,1],[-1,0],[-1,0],[0,1],[-1,0],[-1,0],[-1,0]],[[613,467],[-1,0]],[[612,467],[-1,0],[0,-1],[-1,0]],[[610,466],[0,1],[0,-1]],[[610,466],[-1,0],[-1,0],[0,1],[-1,0],[-1,0],[-1,0]],[[605,467],[-1,0]],[[604,467],[-1,0],[0,1]],[[603,468],[1,0],[-1,0]],[[603,468],[-1,0],[-1,0],[-1,0],[0,1],[-1,0],[-1,0],[-1,0],[0,1],[-1,0],[-1,0],[-1,0],[-1,0],[-1,0],[-1,0],[-1,0],[-1,0],[-1,0],[0,1],[-1,0],[-1,0],[-1,0],[-1,0]],[[584,471],[-1,0],[1,0]],[[584,471],[-1,1],[-1,0],[-1,0],[0,1],[-1,0],[-1,0],[0,1]],[[579,474],[1,0],[-1,0]],[[579,474],[0,1]],[[579,475],[-1,0],[1,0]],[[579,475],[0,1],[-1,0],[-1,0],[-1,0],[-1,0]],[[575,476],[0,-1],[0,1]],[[575,476],[-1,0],[-1,0]],[[573,476],[0,-1]],[[573,475],[-1,0]],[[572,475],[0,1],[0,-1]],[[572,475],[-1,0],[0,1],[-1,0],[0,-1],[-1,0],[-1,0]],[[568,475],[0,1]],[[568,475],[-1,0],[0,1]],[[567,476],[1,0]],[[567,476],[0,1],[0,-1]],[[567,476],[-1,0],[0,1],[-1,0],[-1,0],[-1,0],[0,-1],[-1,1]],[[562,477],[0,-1],[0,1]],[[562,477],[-1,0],[-1,0],[-1,0],[0,1],[-1,0],[0,-1],[-1,0],[-1,0],[-1,0],[-1,0],[-1,0],[-1,0],[-1,0],[-1,0],[-1,0],[-1,0],[-1,0],[-1,0],[-1,0],[-1,0],[-1,0]],[[543,477],[-1,0],[1,0]],[[543,477],[0,-1],[-1,0],[-1,0],[0,1],[-1,0],[-1,0]],[[539,477],[0,-1]],[[539,477],[-1,0],[0,-1]],[[538,476],[1,0]],[[538,476],[0,-1]],[[538,475],[-1,0]],[[537,475],[-1,0],[-1,0]],[[535,475],[-1,0],[1,0]],[[535,475],[0,-1],[1,0],[1,0],[1,0],[1,0],[1,0],[1,0],[1,0],[0,-1],[-1,0],[-1,0],[0,-1],[1,0],[0,-1],[-1,0],[-1,0],[-1,0],[0,-1],[-1,0],[-1,0],[-1,0],[-1,0],[0,-1],[1,0],[0,-1],[-1,0],[0,-1],[-1,0],[-1,0],[-1,0],[-1,0],[0,-1],[-1,0],[0,-1],[1,0],[1,0],[1,0],[1,0],[1,0],[1,0],[0,-1],[1,0],[1,0],[1,0],[0,-1],[-1,0],[0,-1]],[[537,462],[1,0],[-1,0]],[[537,462],[-1,0],[-1,0],[-1,0],[0,-1],[-1,0],[-1,0],[-1,0],[-1,0],[-1,0],[0,-1],[-1,0],[-1,0],[-1,0],[0,-1],[-1,0],[-1,0],[-1,0],[-1,0],[0,-1],[-1,0],[-1,0],[0,-1]],[[520,457],[-1,0],[1,0]],[[520,457],[1,0],[1,0],[0,-1]],[[522,456],[-1,0],[1,0]],[[522,456],[1,0],[1,0]],[[524,456],[0,-1]],[[524,455],[-1,0],[1,0]],[[524,455],[0,-1],[-1,0],[-1,0],[-1,0],[0,1],[-1,0],[0,1],[-1,0],[-1,0],[-1,0]],[[517,456],[-1,0]],[[516,456],[-1,0],[-1,0],[-1,0],[0,-1],[-1,0],[-1,0],[-1,0],[0,-1],[-1,0]],[[509,454],[0,1],[0,-1]],[[509,454],[-1,0],[-1,0]],[[507,454],[0,1],[0,1],[-1,0],[1,0],[-1,0],[0,1],[1,0],[1,0],[0,1],[1,0],[-1,0],[0,1],[-1,0],[0,1],[1,0],[1,0],[1,0],[0,1],[1,0],[0,1],[0,1],[1,0],[0,1],[0,1],[-1,0],[0,1],[-1,0],[0,1],[-1,0],[0,1],[-1,0],[-1,1],[-1,0],[0,1],[-1,0],[0,1],[-1,0],[-1,0],[0,1],[-1,0],[-1,0],[0,1],[-1,0],[-1,0],[0,1],[-1,0],[-1,0],[1,0],[-1,0],[1,0],[0,1],[-1,0],[1,0],[-1,0],[1,0],[-1,0],[1,0],[-1,0],[1,0],[-1,0],[0,1],[-1,0],[0,1],[1,0],[1,0],[0,1],[1,0],[-1,0],[1,0],[1,0],[0,1],[1,0],[1,0],[0,1],[0,1],[-1,0],[0,1],[-1,0],[1,0],[-1,0],[0,1],[-1,0],[-1,0],[-1,0],[-1,0],[0,1],[1,0],[-1,0],[1,0],[0,1],[1,0],[-1,0],[-1,0],[1,0],[-1,0],[1,0],[0,1],[1,0],[-1,0],[0,1],[1,0],[0,1],[1,0],[1,0],[-1,0],[1,0],[1,0],[0,1],[1,0],[1,0],[0,-1],[1,0],[1,0],[0,-1],[1,0],[1,0],[1,0],[1,0],[1,0],[1,0],[1,0],[1,0],[0,-1],[1,0],[1,0],[1,0],[1,0],[1,0],[1,0],[1,0],[0,1],[1,0],[1,0],[1,0],[1,0],[1,0],[1,0],[1,0],[0,1],[1,0],[1,0],[1,0],[0,1],[1,0],[0,1],[1,0],[-1,0],[0,1],[1,0],[-1,0],[1,0],[1,0],[0,1],[-1,0],[-1,0],[-1,0],[0,1],[1,0],[0,1],[1,0],[0,1],[0,1],[0,1],[-1,0],[0,1],[-1,0],[1,0],[-1,0],[1,0],[-1,0],[1,0],[-1,0],[-1,0],[1,0],[-1,0],[-1,0],[0,1],[1,0],[1,0],[-1,0],[1,0],[1,0],[1,0],[1,0],[1,0],[0,1],[-1,0],[-1,0],[1,0],[0,1],[1,0],[-1,0],[1,0],[-1,0],[1,0],[-1,0],[1,0],[-1,0],[1,0],[-1,0],[1,0],[0,1],[1,0],[0,1],[1,0],[1,-1],[-1,0],[0,-1],[-1,0],[0,-1],[1,0],[-1,0],[1,0],[-1,0],[1,0],[1,0],[1,0],[1,0],[1,0],[1,0],[1,0],[1,0],[1,0],[1,0],[0,1],[-1,0],[1,0],[0,1],[1,0],[0,1],[-1,0],[-1,0],[1,0],[-1,0],[0,1],[-1,0],[1,0],[1,0],[-1,0],[1,0],[0,1],[-1,0],[1,0],[-1,0],[1,0],[1,0],[0,-1],[1,0],[-1,0],[0,1],[1,0],[0,-1],[0,1],[1,0],[-1,0],[1,0],[1,0],[0,1],[0,1],[1,0],[-1,0],[1,0],[1,0],[1,0],[0,1],[0,1],[1,0],[0,1],[1,0],[1,0],[0,1],[1,0],[0,1],[0,1],[-1,0],[0,1],[1,0],[-1,0],[1,0],[0,1],[1,0],[-1,0],[0,1],[0,1],[1,0],[1,0],[0,1]],[[477,459],[1,0],[0,-1],[1,0],[1,0],[1,0],[-1,0],[1,0],[0,-1],[1,0],[1,0],[0,-1],[-1,0],[-1,0],[-1,0],[-1,0],[-1,0],[1,0],[0,1],[-1,0],[-1,0],[0,1],[1,0],[-1,0],[-1,0],[0,1],[1,0]],[[507,493],[-1,0],[1,0],[0,-1],[1,0],[1,0],[1,0],[0,-1],[1,0],[1,0],[-1,0],[-1,0],[0,1],[-1,0],[-1,0],[0,-1],[-1,0],[-1,0],[0,1],[-1,0],[-1,0],[1,0],[0,1],[1,0],[-1,0],[1,0],[1,0]],[[540,503],[-1,0],[0,-1],[-1,0],[1,0],[-1,0],[0,1],[1,0],[1,0],[-1,0],[1,0]],[[612,552],[1,0]],[[613,552],[0,-1]],[[613,551],[-1,0],[1,0]],[[613,551],[1,0],[1,0]],[[615,551],[1,0]],[[616,551],[0,-1],[1,0],[1,0],[0,-1],[1,0],[1,0],[1,0],[1,0],[1,0],[1,0],[1,0],[1,0],[1,0],[1,0],[0,-1],[1,0],[1,0],[0,-1],[1,0],[1,0],[0,-1],[1,0],[1,0],[0,1]],[[634,547],[1,0],[-1,0]],[[634,547],[0,1],[1,0],[1,0],[1,0],[1,0],[1,0]],[[639,548],[1,0]],[[640,548],[1,0],[1,0],[1,0],[1,0],[1,0],[1,0],[1,0],[0,-1],[1,0],[1,0],[1,0],[0,1],[1,0],[1,0],[0,-1],[1,0],[1,0],[1,0]],[[655,547],[1,0],[-1,0]],[[655,547],[0,1],[0,1],[1,0],[1,0],[1,0],[1,0],[1,0],[0,1],[1,0],[1,0],[1,0],[0,-1],[1,0],[1,0],[1,0],[1,0],[1,0],[0,1],[1,0],[1,0],[1,0],[1,0],[1,0],[1,-1],[1,0],[1,0],[1,0],[1,1],[1,0],[1,0],[0,-1],[1,0],[1,0],[1,0],[0,-1],[1,0],[1,0],[1,0],[1,0],[1,0],[1,0],[0,1],[1,0],[0,-1],[1,0],[1,0],[1,0],[1,0]],[[694,548],[0,1],[0,-1]],[[694,548],[1,0],[1,0],[1,0],[1,0],[1,0],[1,0],[0,-1],[1,0],[1,0],[1,0],[1,-1],[1,0],[0,-1],[1,0],[1,0],[1,0],[0,1],[1,0],[1,0],[1,0],[1,0],[1,0]],[[713,546],[1,0]],[[714,546],[1,0]],[[715,546],[0,-1]],[[715,545],[1,0],[1,0],[1,0],[1,0],[1,0],[1,0],[1,0],[1,0],[1,0],[1,0],[1,-1],[0,1]],[[726,545],[0,-1],[-1,0],[1,0],[-1,0],[0,-1],[0,-1],[1,0],[-1,0],[0,-1],[1,0],[-1,0],[0,-1],[-1,0],[-1,0],[-1,0],[-1,0],[-1,0],[-1,0],[0,-1],[-1,0],[-1,0],[-1,0],[-1,0],[-1,0],[-1,0],[-1,0],[0,-1],[-1,0],[0,-1],[-1,0],[1,0],[1,0],[1,0],[1,0],[1,0],[1,0],[0,-1],[1,0],[1,0],[0,1],[1,0],[0,-1],[1,0],[1,0],[1,0],[0,-1],[-1,0],[-1,0],[0,-1],[1,0],[-1,0],[-1,0],[1,0],[0,-1],[1,0],[-1,0],[0,-1],[1,0],[1,0],[1,0],[1,0],[0,-1],[1,0],[-1,0],[-1,0],[-1,0],[1,0],[0,-1],[-1,0],[1,0],[-1,0],[1,0],[0,-1],[1,0],[-1,0],[0,-1],[-1,0],[1,0],[0,-1],[1,0],[1,0],[0,-1],[0,-1],[1,0],[-1,0],[0,-1],[1,0],[1,0],[1,0],[1,0],[0,-1],[-1,0],[-1,0],[-1,0],[-1,0],[0,-1],[-1,0],[-1,0],[-1,0],[0,-1],[-1,0],[1,0],[1,0],[1,0],[1,0],[1,0],[-1,0],[0,-1],[-1,0],[-1,0],[-1,0],[0,-1],[1,0],[1,0],[1,0],[-1,0],[0,-1],[1,0],[0,-1],[-1,0],[-1,0],[-1,0],[0,-1],[-1,0],[1,0],[0,-1],[-1,0],[1,0],[-1,0],[0,-1],[-1,0],[-1,0],[-1,0],[-1,0],[-1,0],[0,1],[-1,0],[-1,0],[-1,0],[-1,0],[-1,0],[-1,0],[1,0],[0,-1],[-1,0],[-1,0],[0,-1],[-1,0],[-1,0],[1,0],[-1,0],[0,-1],[-1,0],[-1,0],[-1,0],[-1,0],[-1,0],[0,-1],[1,0],[0,-1],[-1,0],[0,-1],[1,0],[1,0],[0,-1],[-1,0],[-1,0],[-1,0],[-1,0],[-1,0],[-1,0],[-1,0],[-1,0],[-1,0],[-1,0],[-1,0],[-1,0],[-1,0],[-1,0],[-1,0],[0,-1],[0,-1],[-1,0],[-1,0],[-1,0],[1,0],[-1,0],[-1,0],[-1,0],[-1,0],[-1,0],[-1,0],[-1,0],[-1,0]],[[558,518],[1,0],[0,1],[-1,0],[1,0],[0,1],[1,0],[1,0],[1,0],[1,0],[0,1],[1,0],[1,0],[-1,0],[1,0],[0,1],[1,0],[1,0],[0,1],[1,0],[1,0],[1,0],[1,0],[1,0],[0,1],[1,0],[0,1],[0,1],[-1,0],[0,1],[-1,0],[0,1],[-1,0],[-1,0],[0,1],[-1,0],[1,0],[0,1],[1,0],[1,0],[0,1],[1,0],[1,0],[1,0],[1,0],[1,1],[1,0],[1,0],[0,1],[1,0],[-1,0],[0,1],[0,1],[1,0],[1,0],[-1,0],[1,0],[1,0],[-1,0],[1,0],[0,1],[1,0],[1,0],[1,0],[0,1],[0,1],[1,0],[0,1],[1,0],[1,0],[1,0],[0,1],[1,0],[1,0],[1,0],[1,0],[0,1],[1,0],[1,0],[1,0],[1,0],[1,0],[1,1],[1,0],[0,1],[0,1],[0,1],[0,1],[1,0],[0,1],[0,1],[1,0],[1,0],[0,1],[1,0],[0,1],[1,0],[-1,0],[1,0],[1,0],[0,1],[1,0],[1,0],[0,1],[1,0],[-1,0],[1,0],[0,1]],[[608,553],[1,0],[1,0],[0,-1],[1,0],[1,0]],[[679,464],[0,-1],[1,0],[1,0],[0,-1],[1,0],[0,-1],[-1,0],[-1,0],[0,-1],[1,0],[0,-1],[1,0],[-1,0],[0,-1],[1,0],[0,-1],[1,0],[0,-1],[0,-1],[1,0],[1,0],[1,0],[0,-1],[1,0],[1,0],[1,0],[1,0],[0,-1],[1,0],[1,0],[1,0],[0,-1],[0,-1],[1,0],[-1,0],[-1,0],[-1,0],[0,-1],[-1,0],[-1,0],[-1,0],[0,-1],[1,0],[1,0],[-1,0],[0,-1],[-1,0],[0,-1],[-1,0],[-1,0],[-1,0],[-1,0],[-1,0],[-1,0],[-1,0],[-1,0],[-1,0],[-1,0],[-1,0],[-1,0],[-1,0],[-1,0],[-1,0],[0,-1],[-1,0],[-1,0],[-1,0],[-1,0],[-1,0],[-1,0],[-1,0],[-1,0],[-1,0],[-1,0],[0,-1],[-1,0],[0,-1],[0,1],[0,-1],[-1,0],[-1,0],[-1,0],[-1,0],[-1,0],[-1,0],[0,-1],[-1,0],[-1,0],[-1,0],[-1,0],[-1,0],[1,0],[0,-1],[-1,0],[1,0],[-1,0],[0,-1],[1,0],[0,-1],[1,0],[1,0],[-1,0],[0,-1],[0,-1],[-1,0],[1,0],[0,-1],[-1,0],[1,0],[1,0],[0,-1],[1,0],[0,-1],[-1,0],[1,0],[0,-1],[-1,0],[1,0],[-1,0],[1,0],[1,0],[0,-1],[-1,0],[-1,0],[1,0],[-1,0],[0,-1],[-1,0],[0,-1],[-1,0],[-1,0],[-1,0],[1,0],[0,-1],[-1,0],[-1,0],[1,0],[0,-1],[1,0],[-1,0],[-1,0],[0,-1],[-1,0],[-1,0],[-1,0],[0,-1],[-1,0],[1,0],[0,-1],[1,0],[1,0],[0,1],[1,0],[0,-1],[1,0],[-1,0],[0,-1],[-1,0],[-1,0],[0,-1],[-1,0],[0,1],[-1,0],[-1,0],[-1,0],[-1,-1],[-1,0],[-1,0],[0,1],[0,-1],[-1,0],[0,1],[-1,0],[0,1],[-1,0],[-1,0],[-1,0]],[[527,431],[1,0],[1,0],[0,1],[-1,0],[0,1],[-1,0],[1,0],[0,1],[-1,0],[1,0],[-1,0],[0,1],[-1,0],[0,1],[-1,0],[0,1],[-1,0],[0,1],[-1,0],[0,1],[-1,0],[0,1],[-1,0],[0,1],[-1,0],[0,1],[-1,0],[0,1],[-1,0],[0,1],[-1,0],[-1,0],[0,1],[-1,0],[0,1],[-1,0],[0,1],[-1,0],[-1,0],[0,1],[-1,0],[0,1],[-1,0],[-1,0],[0,1],[1,0],[-1,0],[0,1],[-1,0],[0,1],[0,1],[-1,0],[1,0],[-1,0],[0,1]],[[545,318],[-1,0],[-1,0],[-1,0],[-1,0],[-1,0],[1,0],[-1,0],[1,0],[0,1],[1,0],[1,0],[1,0],[1,0],[1,0],[0,1],[1,0],[-1,0],[1,0],[0,1],[1,0],[1,0],[1,0],[1,0],[-1,0],[0,-1],[0,1],[1,0],[1,0],[-1,0],[0,1],[-1,0],[-1,0],[0,-1],[-1,0],[-1,0],[-1,0]],[[546,321],[0,1],[-1,0],[-1,0],[-1,0],[-1,0],[0,1],[-1,0],[-1,0],[-1,0],[1,0],[0,1],[-1,0],[-1,0],[0,1],[-1,0],[0,1],[1,0],[-1,0],[1,0],[1,0],[0,1],[0,1],[-1,0],[1,0],[0,1],[1,0],[1,0],[1,0],[1,0],[0,1],[1,0],[1,0],[1,0],[1,0],[1,0],[1,0],[1,0],[1,1],[1,0],[-1,0],[0,1],[0,1],[-1,0],[-1,0],[1,0],[-1,0],[1,0],[-1,0],[0,1],[1,0],[1,0],[0,1]],[[551,335],[1,0],[0,1],[1,0],[1,0],[1,0]],[[555,336],[1,0]],[[556,336],[1,0],[1,0],[-1,0],[1,0],[1,0],[0,-1],[1,0],[1,0],[1,0],[1,0],[0,-1],[1,0],[-1,0],[0,1],[-1,0],[-1,0],[0,1],[-1,0],[1,0],[-1,0],[0,1],[-1,0],[-1,0],[0,1],[-1,0],[1,0],[-1,0],[1,0],[-1,0],[-1,0],[0,1],[1,0],[1,0],[0,-1],[1,0],[1,0],[1,0],[1,0],[0,1],[1,0],[-1,0],[0,1],[-1,0],[-1,0],[-1,0],[-1,0],[-1,0],[0,1],[-1,0],[-1,0],[-1,0],[0,1],[0,1],[-1,0],[1,0],[0,1],[1,0],[-1,0],[0,1]],[[554,345],[0,-1],[1,0],[1,0],[1,0],[0,1],[-1,0],[1,0],[-1,0],[1,0],[-1,0],[1,0],[-1,0],[0,1],[-1,0]],[[555,346],[-1,0]],[[554,346],[0,1],[-1,0],[1,0],[0,1],[1,0],[-1,0],[1,0],[0,1],[1,0],[-1,0],[1,0],[-1,0],[1,0],[0,1]],[[556,350],[1,0]],[[557,350],[1,0],[1,0],[1,0],[1,0],[1,0],[1,0],[0,-1],[1,0],[1,0],[1,0],[1,0],[1,0],[1,0],[1,0]],[[570,349],[0,-1],[1,0],[0,1],[1,0],[0,-1],[1,0],[1,0],[1,0]],[[575,348],[1,0]],[[576,348],[1,0],[1,0],[0,1],[0,-1],[-1,0],[-1,0]],[[576,348],[0,1],[-1,0],[-1,0],[-1,0],[0,1],[-1,0],[0,-1],[-1,0],[0,1],[-1,0],[0,-1]],[[570,349],[0,1],[-1,0],[0,-1],[0,1],[-1,0],[-1,0],[1,0],[-1,0],[-1,1],[-1,0],[-1,0],[0,1],[-1,0],[1,0],[-1,0],[-1,0],[0,1],[-1,0],[-1,0],[-1,0],[0,1],[-1,0]],[[558,354],[0,1],[-1,0],[-1,0],[-1,0],[-1,0],[1,0],[-1,0],[1,0],[1,0],[0,1],[1,0],[1,0],[1,0],[0,1],[0,-1],[1,0],[0,1],[0,-1],[1,0],[0,1],[-1,0],[1,0],[1,0],[1,0],[1,0],[1,0],[1,0],[1,0],[1,0],[1,0],[1,0],[0,1],[1,0],[1,0],[-1,0],[1,0],[1,0],[1,0],[0,-1],[1,0],[1,0],[1,0],[0,-1],[-1,0],[0,-1],[1,0],[0,-1],[1,0],[0,-1],[1,0],[1,0],[1,0],[0,-1],[0,-1],[1,0],[0,-1],[-1,0],[1,0],[-1,0],[1,0],[1,0],[1,0],[1,0],[-1,0],[1,0],[0,1],[-1,0],[-1,0],[1,0],[-1,0],[0,1],[0,1],[1,0],[-1,0],[-1,0],[0,1],[-1,0],[-1,0],[0,1],[0,1],[1,0],[1,0],[1,0],[1,0],[1,0],[1,0],[1,0],[-1,0],[-1,0],[-1,0],[-1,0],[-1,0],[-1,0],[0,1],[1,0],[-1,0],[-1,0],[0,1],[1,0],[0,1],[1,0],[0,-1],[1,0],[1,0],[1,0],[1,0],[1,0],[1,0],[0,1],[0,-1],[0,1],[-1,0],[-1,0],[-1,0],[-1,0],[-1,0],[-1,0],[-1,0],[-1,0],[0,1],[1,0],[0,1],[-1,0],[1,0],[0,1],[1,0],[-1,0],[1,0],[0,1],[1,0],[0,1],[-1,0],[-1,0],[-1,0],[-1,0],[-1,0],[0,-1]],[[578,363],[-1,0],[-1,-1],[-1,0],[1,0],[-1,0],[-1,0],[-1,0],[-1,0]],[[572,362],[-1,0]],[[571,362],[0,1],[1,0],[-1,0],[-1,0],[0,-1]],[[570,362],[1,0]],[[570,362],[-1,0]],[[569,362],[-1,0]],[[568,362],[0,1]],[[568,363],[1,0],[-1,0]],[[568,363],[-1,0]],[[567,363],[-1,0],[-1,0],[0,-1],[-1,0],[-1,0],[0,1],[-1,0],[-1,0],[-1,0],[1,0],[-1,0],[-1,0],[-1,0],[-1,0],[0,1],[-1,0],[1,0],[-1,0],[1,0],[-1,1],[-1,0],[-1,0],[-1,0],[-1,0],[-1,0]],[[551,365],[1,0],[1,0],[1,0],[-1,0],[1,1],[1,0]],[[555,366],[1,0]],[[556,366],[1,0],[-1,0]],[[556,366],[1,0],[1,0],[-1,0],[0,1],[1,0],[-1,0],[1,0],[-1,0],[1,0],[1,0],[0,1],[1,0],[1,0],[1,0],[1,0],[-1,0],[1,0],[1,0],[0,1],[1,0],[1,0],[1,0],[-1,0],[1,0],[0,1]],[[567,370],[1,0],[-1,0]],[[567,370],[1,0],[1,0],[1,0],[1,0],[0,-1],[1,0],[0,1]],[[572,370],[1,0],[1,0],[1,0],[1,0],[1,0],[1,0],[1,0],[1,0],[1,0],[1,0],[1,0],[0,1],[1,0],[1,0],[1,0],[1,0],[1,0],[0,1],[1,0],[1,0],[0,1],[0,1],[1,0],[0,1],[1,0],[1,0],[-1,0],[1,0],[-1,0],[0,1],[1,0]],[[593,376],[-1,0],[-1,0],[-1,0],[1,0],[-1,0],[1,0],[0,1],[1,0],[0,1],[1,0],[-1,0],[-1,0],[0,-1],[-1,0],[-1,0],[1,0],[0,-1],[-1,0],[1,0],[-1,0],[0,-1],[-1,0],[0,-1],[0,-1],[-1,0],[0,-1],[-1,0],[-1,0],[1,0],[-1,0],[-1,0]],[[584,372],[-1,0],[1,0]],[[584,372],[-1,0],[0,-1],[0,1],[0,-1],[-1,0]],[[582,371],[1,0],[-1,0]],[[582,371],[-1,0],[-1,0],[-1,0]],[[579,371],[-1,0],[-1,0],[-1,0],[-1,0],[0,-1],[-1,0],[-1,0],[-1,0]],[[572,370],[-1,0],[-1,0],[-1,0],[0,1],[0,-1],[0,1],[-1,0],[-1,0],[1,0],[-1,0],[0,1],[-1,0],[0,1],[-1,0],[-1,0],[1,0],[-1,0],[-1,0],[1,0],[-1,0],[1,0],[-1,0],[1,0],[0,1],[-1,0],[-1,0],[-1,0],[0,1],[-1,0],[0,-1],[0,1],[-1,0],[-1,0],[0,1],[-1,0],[-1,0],[-1,0],[-1,0],[-1,0],[-1,0],[-1,0],[-1,0],[-1,0],[0,1],[-1,0],[-1,0],[0,-1],[-1,0],[-1,0],[-1,0],[1,0],[1,0],[1,0],[-1,0],[-1,0],[-1,0],[0,-1]],[[544,375],[-1,0]],[[543,375],[0,1],[1,0],[1,0],[-1,0],[1,0],[-1,0],[-1,0],[-1,0],[-1,0],[0,-1],[-1,0],[1,0],[0,-1]],[[541,374],[-1,0],[-1,0],[-1,0],[-1,0],[-1,0],[0,-1],[1,0],[1,0],[1,0],[-1,0],[-1,0],[1,0],[0,-1],[1,0]],[[539,372],[-1,0],[1,0]],[[539,372],[0,-1],[1,0],[0,-1]],[[540,370],[-1,0]],[[539,370],[-1,0]],[[538,370],[-1,0]],[[537,370],[0,1],[0,-1]],[[537,370],[0,1],[-1,0],[1,0],[0,-1]],[[537,370],[-1,0],[1,0]],[[537,370],[-1,0],[0,-1]],[[536,369],[-1,0],[-1,0]],[[534,369],[-1,0]],[[533,369],[0,1],[-1,0],[1,0],[-1,0],[1,0],[-1,0],[1,0],[-1,0],[1,0],[0,1],[-1,0],[0,-1],[-1,0],[0,-1],[1,0],[1,0]],[[533,369],[-1,0],[-1,0],[-1,0]],[[530,369],[0,-1]],[[530,369],[1,0],[1,0],[0,-1]],[[532,368],[-1,0],[-1,0]],[[530,368],[-1,0],[-1,0],[-1,0],[-1,0],[0,1],[1,0],[-1,0],[1,0],[-1,0],[0,1],[1,0],[1,0],[1,0],[0,-1],[1,0]],[[530,369],[-1,0],[1,0]],[[530,369],[0,1],[-1,0],[-1,0],[-1,0],[-1,0],[-1,0],[0,-1],[1,0],[-1,-1],[-1,0],[0,1],[-1,0],[-1,0],[-1,0],[-1,0],[-1,0],[-1,0],[-1,0],[-1,0],[-1,0],[1,0],[1,0],[0,-1],[1,0],[1,0]],[[519,368],[-1,0],[-1,0],[-1,0],[-1,0],[-1,0],[0,1],[-1,0],[0,-1],[-1,0],[-1,0],[-1,0],[-1,0],[-1,0],[-1,0]],[[507,368],[0,1],[-1,0],[-1,0],[-1,0],[-1,0],[-1,0],[-1,0],[-1,0],[-1,0],[-1,0],[-1,0],[-1,0],[-1,0],[0,1],[-1,0],[0,-1],[-1,0],[-1,0],[0,1],[0,-1],[0,1],[-1,0],[0,-1],[0,1],[0,-1],[0,1],[-1,0]],[[490,370],[1,0],[1,0],[1,0],[1,0],[0,1],[1,0],[0,1],[0,1],[0,-1],[1,0],[1,0],[0,1],[1,0]],[[498,373],[1,0],[1,0],[1,0],[1,0],[1,0],[1,0],[0,-1],[0,1],[0,-1],[1,0],[-1,0],[0,1],[-1,0],[1,0],[1,0],[1,0],[1,0],[1,0],[0,1],[1,0],[0,1],[1,0],[1,0],[1,0],[1,0],[0,1]],[[513,376],[1,0]],[[514,376],[1,0]],[[515,376],[0,-1]],[[515,375],[1,0],[1,0],[-1,0],[-1,0]],[[515,376],[1,0],[0,-1],[1,0],[-1,0],[0,1],[-1,0]],[[515,376],[1,0],[1,0],[1,0],[0,-1],[1,0],[-1,0],[1,0],[1,0],[0,1],[-1,0],[1,0],[0,-1],[-1,0],[-1,0],[0,1],[-1,0],[-1,0],[-1,0]],[[513,376],[-1,0],[-1,0],[-1,0],[0,-1],[-1,0],[-1,0],[0,-1],[-1,0],[-1,0],[-1,0],[0,-1],[-1,0],[0,1]],[[504,374],[-1,0],[1,0]],[[504,374],[-1,0],[0,-1],[-1,0],[-1,0],[-1,0],[0,1],[-1,0],[-1,0],[-1,0],[1,0],[1,0],[-1,0],[0,1],[-1,0],[-1,0],[0,1],[-1,0],[-1,0],[1,0],[0,-1],[1,0],[0,-1]],[[496,374],[-1,0]],[[495,374],[-1,0],[1,0]],[[496,374],[1,0],[0,-1],[-1,0],[-1,0],[-1,0],[1,0],[-1,0],[0,1],[-1,0],[-1,0],[-1,0],[-1,0],[-1,0],[1,0],[-1,0],[-1,0]],[[488,374],[1,0],[-1,0]],[[488,374],[0,1],[0,-1]],[[488,374],[0,1],[0,1],[-1,0],[1,0],[-1,0],[-1,0],[-1,0],[1,0],[-1,0],[0,1]],[[485,377],[-1,0]],[[485,377],[0,1],[-1,0],[1,0],[-1,0],[1,0],[0,1],[0,-1],[0,1],[-1,0],[0,-1],[0,1],[1,0],[0,1],[0,1],[-1,0],[0,1],[-1,0],[0,1],[-1,0],[0,1],[0,-1],[0,1],[-1,0],[-1,0],[0,1],[-1,0]],[[479,385],[1,0],[0,1],[-1,0],[1,0],[-1,0],[1,0],[-1,0],[0,1],[-1,0],[1,0],[-1,0],[1,0],[-1,0],[0,1],[1,0],[-1,0],[0,1],[-1,0],[1,0],[0,1],[1,0],[1,0],[1,0],[-1,0],[1,0],[1,0],[0,1],[0,-1],[1,1],[0,-1],[0,1],[1,0],[-1,0],[1,0],[0,1],[0,-1],[0,1],[-1,0],[1,0],[-1,0],[-1,0],[-1,0],[1,0],[0,1],[1,0],[-1,0],[1,0],[-1,0],[1,0],[0,1],[1,0],[-1,0],[1,0],[0,1],[-1,0],[1,0],[-1,0],[1,0],[1,0],[-1,0],[1,0],[0,1],[1,0],[-1,0],[1,0],[1,0],[0,1],[0,-1],[0,1],[-1,0],[-1,0],[0,1],[1,0],[1,0],[1,0],[1,0],[0,1],[0,-1],[0,1],[1,0],[1,0],[-1,0],[1,0],[1,0],[0,1],[-1,0],[1,0],[-1,0],[1,0],[-1,0],[1,0],[1,0],[0,1]],[[493,401],[-1,0]],[[492,401],[0,1],[-1,0],[-1,0],[1,0],[-1,0],[1,0],[-1,0],[0,1],[0,-1],[0,1],[-1,0],[1,0],[1,0],[0,1],[-1,0],[1,0],[0,1],[-1,0],[1,0],[-1,0],[1,0],[-1,0],[1,0],[-1,0],[1,0],[0,1]],[[491,406],[0,-1],[-1,0],[0,1],[1,0]],[[491,406],[1,0],[-1,0]],[[491,406],[0,1],[0,1],[1,0],[1,0]],[[622,400],[0,-1],[1,0],[0,1],[1,0],[0,-1],[-1,0],[0,-1],[-1,0],[-1,0],[0,-1],[-1,0],[-1,0],[-1,0],[-1,0],[0,-1],[-1,0],[-1,0],[0,-1],[1,0],[1,0],[0,-1],[1,0],[-1,0],[0,-1],[1,0],[-1,0],[1,0],[1,0],[-1,0],[1,0],[0,-1],[1,0],[1,0],[1,0],[-1,0],[1,0],[0,-1],[0,-1],[-1,0],[-1,0],[-1,0],[0,-1],[1,0],[1,0],[1,-1],[1,0],[1,0],[0,-1],[1,0],[-1,0],[-1,0],[0,-1],[1,0],[-1,0],[0,-1],[-1,0],[-1,0],[-1,0],[0,-1],[1,0],[0,-1],[1,0],[1,0],[-1,0],[0,-1],[1,0],[1,0],[-1,0],[-1,0],[-1,0],[-1,0],[-1,0],[1,0],[-1,0],[1,0],[0,-1],[1,0],[-1,0],[1,0],[-1,-1],[-1,0],[0,-1],[1,0],[1,0],[0,-1],[1,0],[1,0],[1,0],[0,-1],[-1,0],[1,0],[0,-1],[-1,0],[0,-1],[1,0],[0,-1],[1,0],[-1,0],[-1,0],[-1,0],[-1,0],[0,-1],[-1,0],[1,0],[1,-1],[1,0],[1,0],[0,-1],[1,0],[1,0],[1,0],[-1,0],[0,-1],[-1,0],[1,0],[1,0],[0,-1],[1,0],[1,0],[-1,0],[0,-1],[1,0],[0,-1],[-1,0],[-1,0],[-1,0],[1,0],[0,-1],[0,-1],[1,0],[0,-1],[-1,0],[-1,0],[1,0],[0,-1],[1,0],[1,0],[0,-1],[1,0],[1,0],[0,-1],[-1,0],[1,0],[0,-1],[-1,0],[-1,0],[-1,0],[0,-1],[-1,0],[-1,0],[-1,0],[-1,0],[-1,0],[-1,0],[-1,0],[-1,0],[0,-1],[-1,0],[-1,0],[-1,0],[-1,0],[0,1],[-1,0],[1,0],[-1,0],[-1,0],[-1,0],[-1,0],[-1,0],[1,0],[-1,1],[-1,0],[-1,0],[-1,0],[-1,0],[0,-1],[1,0],[-1,0],[-1,0],[-1,0],[-1,0],[-1,0],[-1,0],[-1,0],[-1,0],[-1,0],[0,-1],[1,0],[1,0],[0,-1],[1,0],[0,-1],[-1,0],[1,0],[0,-1],[1,0],[1,0],[0,-1],[-1,0],[0,-1],[1,0],[1,0],[1,0],[1,0],[1,0],[1,0],[1,0],[0,-1],[0,-1],[-1,0],[1,0],[1,0],[0,-1],[1,0],[-1,0],[-1,0],[0,-1],[1,0],[-1,0],[-1,0],[-1,0],[1,0],[-1,0],[1,0],[0,-1],[-1,0],[1,0],[-1,0],[-1,0],[-1,0],[-1,-1],[-1,0],[0,-1],[1,0],[-1,0],[0,-1],[-1,0],[-1,0],[-1,0],[0,1],[0,-1],[-1,0],[1,0],[1,0],[1,0],[0,-1],[1,0],[-1,0],[0,-1],[0,-1],[-1,0],[-1,0],[0,-1],[1,0],[1,0],[0,-1],[1,0],[-1,0],[-1,0],[1,0],[-1,0],[1,0],[0,-1],[1,0],[1,0],[0,-1],[1,0],[1,0],[1,0],[0,-1],[1,0],[1,0],[-1,0],[1,0],[1,0],[0,-1],[1,0],[1,0],[1,0],[1,0],[1,0],[1,0],[0,-1],[-1,0],[1,0],[0,-1],[1,0],[1,0],[1,0],[1,0],[1,0],[0,-1],[1,0],[1,0],[1,0],[1,0],[1,0],[1,0],[1,0],[0,-1],[1,0],[1,0],[0,-1],[-1,0],[-1,0],[1,0],[0,-1],[1,0],[0,-1],[-1,0],[-1,0],[-1,0],[-1,0],[-1,0],[-1,0],[0,-1],[-1,0],[-1,0],[-1,0],[-1,0],[-1,1],[-1,0],[0,-1],[1,0],[-1,0],[1,0],[-1,-1],[1,0],[-1,0],[-1,0],[-1,0],[0,-1],[1,0],[-1,0],[0,-1],[1,0],[1,0],[1,0],[1,0],[1,0],[1,0],[0,-1],[-1,0],[-1,0],[0,-1],[1,0],[1,0],[1,0],[1,0],[1,0],[1,0],[1,0],[0,-1],[1,0],[-1,0],[1,0],[-1,0],[1,0],[1,0],[1,0],[1,0],[1,0],[0,-1],[1,0],[1,0],[1,0],[1,0],[1,0],[1,0],[1,0],[1,-1],[-2,-1],[1,0],[-1,0],[-1,0],[0,-1],[0,1],[-1,0],[-1,0],[0,-1],[-1,0],[1,0],[-1,0],[-1,0],[-1,0],[-1,-1],[-1,0],[-1,0],[0,-1],[-1,0],[1,0],[-1,0],[1,0],[-1,0],[0,-1],[1,0],[1,0],[1,0],[0,-1],[1,0],[-1,0],[1,0],[-1,0],[1,0],[-1,0],[1,0],[0,-1],[1,0],[1,0],[1,0],[1,-1],[-1,0],[-1,0],[-1,0],[0,-1],[-1,0],[0,-1],[-1,0],[-1,0],[0,-1]],[[478,367],[1,0],[-1,0]],[[478,367],[0,1],[0,-1]],[[478,367],[0,1],[-1,0],[1,0],[-1,0],[1,0],[0,-1]],[[478,367],[-1,0],[-1,0],[-1,0],[0,1],[1,0],[-1,0],[0,-1],[-1,0],[-1,0],[1,0],[1,0],[1,0],[1,0],[0,-1],[0,1],[0,-1],[1,0],[1,0],[-1,0],[1,0],[1,0],[-1,0],[1,0],[1,0],[1,0],[1,0],[1,0],[1,0],[1,0],[-1,0],[1,0],[-1,0],[0,1],[1,0],[-1,0],[1,0],[1,0]],[[487,367],[0,-1],[1,0],[1,0],[1,0],[-1,0],[1,0],[0,-1],[1,0],[-1,0],[-1,0],[0,-1],[-1,0],[0,1],[-1,0],[-1,0],[1,0],[0,-1],[1,0],[-1,0],[-1,0],[-1,0],[1,0],[1,0],[1,0],[1,0],[1,0],[1,0],[-1,0],[0,1],[0,-1],[0,1],[1,0],[0,-1],[1,0],[0,1],[1,0],[1,0],[0,-1],[0,1],[-1,0],[1,0],[-1,0],[-1,0],[-1,0],[0,1],[-1,0],[1,0],[1,0],[1,0],[1,0],[-1,0],[-1,0],[-1,0],[-1,0],[-1,0],[-1,0],[1,0],[1,0],[0,1],[1,0],[1,0],[1,0],[1,0],[0,1],[1,0],[1,0],[1,0],[1,0],[1,0]],[[499,368],[-1,0],[1,0]],[[499,368],[0,-1],[1,0],[0,1]],[[500,368],[1,0],[1,0],[1,0],[1,0],[1,0],[1,0],[1,0]],[[507,368],[0,-1],[1,0],[1,0],[1,0],[-1,0],[-1,0],[0,-1],[-1,0],[-1,0],[1,0],[1,0],[1,0],[1,0],[0,-1],[0,1],[-1,0],[-1,0],[-1,0],[-1,0],[1,0],[-1,0],[1,0],[0,-1],[0,1],[1,0],[0,-1],[0,1],[-1,0],[0,-1],[1,0],[-1,0],[-1,0],[-1,0],[0,-1],[-1,0],[1,0],[-1,0],[1,0],[1,0],[1,0],[-1,0],[1,0],[-1,0],[1,0],[-1,0],[1,0],[1,0],[-1,0],[1,-1],[1,0],[0,-1],[1,0],[1,0],[1,0],[1,0],[0,-1],[1,0],[0,-1]],[[514,360],[-1,0]],[[513,360],[-1,0],[-1,0],[-1,0],[1,0],[-1,0],[-1,0],[1,0],[0,-1]],[[510,359],[-1,0],[1,0]],[[510,359],[1,0]],[[511,359],[1,0]],[[512,359],[0,-1],[1,0],[1,0],[1,0]],[[515,358],[0,-1],[1,0],[1,0]],[[517,357],[0,1]],[[517,358],[1,0]],[[518,358],[0,-1],[-1,0]],[[517,357],[1,0],[-1,0]],[[517,357],[-1,0],[0,-1],[-1,0],[1,0],[0,1],[1,0]],[[517,357],[1,0],[0,-1],[1,0],[1,0],[-1,0],[-1,0],[0,-1],[1,0],[0,-1],[-1,0],[1,0],[-1,0],[-1,0],[-1,0],[-1,0],[0,1],[-1,0],[0,-1],[-1,0],[-1,0],[0,1],[1,0],[-1,0],[1,0],[-1,0],[0,-1],[-1,0],[-1,0],[-1,0],[-1,0],[-1,0],[1,0],[-1,0],[-1,0],[-1,0],[-1,0],[-1,0],[0,-1]],[[503,353],[-1,1],[0,-1]],[[502,353],[-1,0]],[[501,353],[0,1],[0,-1]],[[501,353],[-1,0],[-1,0],[-1,0]],[[498,353],[-1,0]],[[497,353],[-1,0],[1,0]],[[497,353],[-1,0],[0,-1],[1,0],[1,0]],[[498,352],[1,0]],[[498,352],[0,-1]],[[498,351],[-1,0],[1,0]],[[498,351],[-1,0],[-1,0],[0,-1],[1,0],[1,0],[1,0],[1,0],[1,0],[0,-1],[1,0],[1,0],[-1,0],[-1,0],[-1,0],[-1,0],[-1,0],[-1,0],[-1,0],[-1,0],[0,-1],[-1,0],[-1,0],[-1,0],[0,1],[-1,0],[-1,0],[-1,0],[1,0],[0,1],[1,-1],[0,1],[0,-1],[0,1],[1,0],[0,1],[1,0],[-1,0],[1,0],[-1,0],[1,0],[-1,0],[0,1],[1,0],[-1,0],[-1,0],[1,0],[-1,0],[0,-1],[-1,0],[0,-1],[-1,0],[1,0],[-1,0],[-1,0],[0,-1],[-1,0],[1,0],[1,0],[1,0],[1,0],[0,-1]],[[491,348],[-1,0],[1,0]],[[491,348],[-1,0],[-1,0],[0,-1],[-1,0],[1,0],[-1,0],[1,0],[-1,0],[1,0],[1,0],[0,-1],[1,0],[1,0]],[[492,346],[1,0],[1,0],[1,0],[1,0],[1,0]],[[497,346],[0,-1],[1,0],[-1,0],[-1,0],[1,0],[1,0],[1,0],[0,-1],[1,0],[1,0],[0,-1],[1,0],[1,0],[1,0],[1,0],[1,0],[1,0],[1,0],[0,-1],[1,0],[1,0],[0,-1],[0,-1],[1,0],[-1,0],[-1,-1]],[[509,339],[0,1],[1,0],[-1,0],[0,1],[0,-1],[-1,0],[-1,0],[-1,0],[-1,0],[-1,0],[-1,0],[-1,0],[0,1],[-1,0],[0,1],[-1,0],[1,0],[-1,0],[1,0],[-1,0],[0,-1],[-1,0],[-1,0],[1,0],[-1,0],[1,0],[1,0],[1,0],[1,0],[0,-1],[0,1],[0,-1],[1,0],[-1,0],[1,0],[-1,0],[-1,0],[-1,0],[-1,0],[0,1],[-1,0],[-1,0],[1,0],[-1,0],[-1,0],[-1,0],[-1,0],[-1,0]],[[493,341],[-1,0],[-1,0],[1,0],[-1,0],[1,0],[-1,0],[1,0],[1,0]],[[493,341],[0,-1],[1,0],[1,0],[1,0],[1,0],[1,0],[1,0],[0,-1],[1,0],[0,-1],[0,1],[-1,0],[0,-1],[0,1],[0,-1],[0,1],[0,-1],[-1,0],[1,0],[1,0],[1,0],[1,0],[-1,0],[-1,0],[1,0],[1,0],[1,0]],[[503,338],[1,0]],[[504,338],[1,0]],[[505,338],[0,-1],[1,0],[0,-1],[1,0],[1,0],[0,-1],[-1,0],[1,0],[-1,0],[-1,0],[-1,0],[0,1],[-1,0],[-1,0],[-1,0],[-1,0],[-1,0],[1,0],[-1,0],[0,-1],[1,0],[0,1],[0,-1],[0,1],[1,0],[1,0],[0,-1],[1,0],[1,0],[1,0],[1,0],[1,0],[1,0],[0,-1],[1,0],[0,-1],[-1,0],[-1,0]],[[508,333],[0,1],[-1,0],[-1,0],[-1,0],[1,0],[-1,0],[1,0],[-1,0],[-1,0],[-1,0],[-1,0],[-1,0],[-1,0],[-1,0],[1,0],[0,-1]],[[500,333],[-1,0],[-1,0],[-1,0],[-1,0],[-1,0],[-1,0],[-1,0]],[[493,333],[1,0],[-1,0]],[[493,333],[1,0],[0,1],[-1,0]],[[493,334],[1,0],[-1,0]],[[493,334],[0,1],[-1,0],[0,-1]],[[492,334],[0,1],[1,-1]],[[493,334],[-1,0]],[[492,334],[-1,0],[1,0]],[[492,334],[-1,0],[0,-1],[1,0]],[[492,333],[0,-1]],[[492,332],[-1,0]],[[492,332],[0,-1]],[[492,331],[-1,0],[1,0]],[[492,331],[1,0],[1,0],[1,0]],[[495,331],[0,-1],[1,0]],[[496,330],[1,0]],[[497,330],[0,-1],[-1,0],[-1,0],[-1,0],[-1,0]],[[493,329],[-1,0]],[[492,329],[-1,0]],[[491,329],[-1,0],[-1,0],[-1,0],[-1,0]],[[487,329],[-1,0],[-1,0],[0,1],[-1,0]],[[484,330],[-1,0]],[[483,330],[-1,0],[1,0]],[[483,330],[0,-1]],[[483,329],[1,0]],[[484,329],[1,0],[1,0],[-1,0],[1,0],[1,0]],[[487,329],[0,-1],[1,0]],[[488,328],[-1,0],[0,-1],[1,0],[0,-1],[-1,0],[-1,0],[1,0],[0,1],[-1,0],[0,-1],[-1,0],[1,0],[-1,0],[-1,0],[-1,0],[1,0],[-1,0],[-1,0]],[[482,326],[-1,0]],[[481,326],[0,1],[-1,0],[-1,0],[1,0],[-1,0],[1,0],[-1,0],[1,0],[-1,0],[-1,0],[-1,0],[-1,0],[-1,0],[0,1],[0,-1],[-1,0],[-1,0],[-1,0],[0,1],[1,0],[-1,0],[-1,0],[-1,0],[-1,0],[0,-1],[-1,0]],[[468,327],[-1,0]],[[467,327],[-1,0]],[[466,327],[-1,0]],[[465,327],[-1,0],[0,1],[-1,0],[-1,0]],[[462,328],[-1,0],[-1,0]],[[460,328],[-1,0]],[[459,328],[-1,0],[-1,1],[-1,0],[1,0],[-1,0],[0,-1]],[[456,328],[0,1],[0,-1]],[[456,328],[-1,0]],[[455,328],[0,1]],[[455,329],[-1,0]],[[454,329],[-1,0]],[[453,329],[0,-1],[0,1]],[[453,329],[-1,0]],[[452,329],[-1,0],[-1,0],[0,1],[0,-1],[0,1],[-1,0],[0,-1],[-1,0],[0,1],[-1,0],[-1,0],[0,1],[1,0],[1,0],[-1,0],[1,0],[-1,0],[1,0],[0,1],[1,0],[0,1],[1,0],[-1,0],[1,0],[-1,0],[1,0],[1,0],[1,0],[-1,0],[1,0],[1,0],[0,1],[-1,0],[-1,0],[-1,0],[1,0],[1,0],[-1,0],[1,0],[-1,0],[-1,0],[1,0],[0,1],[0,-1],[0,1],[1,0],[1,0],[1,0],[-1,0],[1,0],[1,0],[0,1],[0,-1],[0,1],[1,0],[1,0],[1,0],[0,1],[0,-1],[0,1],[-1,0],[-1,0],[-1,0],[1,0],[1,0],[1,0],[0,1],[1,0],[1,0],[-1,0],[1,0],[-1,0],[0,1],[-1,0],[1,0],[1,0],[1,0],[1,0],[0,1],[1,0],[0,1],[-1,0],[1,0],[-1,0],[0,1]],[[462,342],[1,0],[-1,0]],[[462,342],[0,1]],[[462,343],[1,0],[1,0],[0,1],[-1,0],[0,1],[1,0],[0,-1],[0,1],[1,0],[0,1],[0,1],[-1,0],[0,1],[-1,0],[0,1],[-1,0],[-1,0],[1,0],[-1,0],[-1,0],[0,1],[0,-1],[0,1],[0,-1],[0,1],[1,0],[-1,0],[1,0],[0,1],[-1,0],[1,0],[0,1]],[[461,352],[1,0],[0,1]],[[462,353],[1,0]],[[463,353],[0,1],[1,0]],[[464,354],[0,-1],[0,1]],[[464,354],[-1,0],[1,0]],[[464,354],[0,1]],[[464,355],[-1,0],[1,0]],[[464,355],[-1,0],[0,1],[0,-1],[0,1],[-1,0],[1,0],[-1,0],[1,0],[-1,0],[0,1],[1,0],[1,0],[0,1]],[[464,358],[1,0],[1,0],[1,0],[0,1],[0,-1],[0,1],[1,0],[0,-1],[1,0],[1,0],[-1,0],[-1,0],[0,1],[-1,0],[1,0],[1,0]],[[469,359],[1,0]],[[470,359],[0,1]],[[470,360],[1,0],[0,1]],[[471,361],[0,-1],[0,1]],[[471,361],[0,1],[1,0],[-1,0],[0,1],[-1,0]],[[470,363],[1,0],[-1,0]],[[470,363],[0,1]],[[470,364],[1,0],[1,0],[-1,0],[1,0],[-1,0],[-1,0]],[[470,364],[0,1]],[[470,365],[1,0]],[[471,365],[1,0],[1,0],[1,0],[0,1],[-1,0],[-1,0],[0,1],[-1,0],[1,0],[-1,0],[-1,0],[-1,0],[1,0],[0,1],[1,0],[1,0],[0,1],[1,0],[1,0],[0,-1],[1,0],[1,0],[1,0],[1,0],[1,0],[1,0],[0,1],[1,0],[0,-1],[1,0],[0,1],[0,-1],[-1,0],[0,1],[0,-1],[-1,0],[1,0],[1,0],[1,0],[-1,0],[1,0],[0,-1],[1,0],[-1,0],[-1,0],[-1,0],[1,0],[-1,0],[-1,0],[1,0],[-1,0],[-1,0],[-1,0]],[[422,324],[0,-1],[1,0],[1,0],[1,0],[1,0],[1,0],[1,0],[1,0],[0,-1],[1,0],[1,0],[1,0],[1,0],[-1,0],[1,0],[1,0],[-1,0],[0,-1],[1,0],[1,0],[-1,0],[1,0],[-1,0],[0,-1],[-1,0],[0,1],[-1,0],[0,-1],[-1,0],[-1,0],[-1,0],[-1,0],[-1,0],[-1,0],[-1,0],[-1,0],[-1,0],[-1,0],[0,-1],[-1,0],[0,1],[0,-1],[-1,0],[0,1],[-1,0],[-1,0],[0,1],[-1,0],[1,0],[-1,0],[0,1],[-1,0],[1,0],[-1,0],[1,0],[-1,0],[1,0],[-1,0],[1,0],[1,0],[1,0],[1,0],[1,0],[1,0],[0,1],[0,1]],[[502,353],[1,0]],[[503,353],[1,0],[1,0],[1,0],[1,0],[0,-1],[1,0],[-1,0],[1,0],[-1,0],[0,-1],[1,0],[1,0],[1,0],[1,0],[0,-1],[1,0],[1,0],[0,-1],[1,0],[1,0],[1,0],[0,-1],[-1,0],[1,0],[-1,0],[-1,0],[-1,0],[-1,0],[1,0],[0,1],[1,0],[1,0],[-1,0],[-1,0],[-1,0],[0,1],[-1,0],[-1,0],[0,-1],[-1,0]],[[509,349],[0,1],[-1,0],[-1,0],[-1,0],[0,1],[-1,0],[-1,0],[-1,0],[-1,0],[-1,0],[-1,0],[-1,0],[-1,0]],[[498,351],[1,0],[1,0],[1,0],[0,1],[-1,0],[-1,0]],[[498,352],[0,1]],[[492,346],[0,1],[-1,0],[1,0],[-1,0],[1,0],[1,0],[-1,0],[1,0],[1,0],[1,0],[1,0],[1,0],[0,1],[0,-1],[1,0],[0,1],[1,0],[1,0],[1,0],[1,0],[1,0],[0,-1],[1,0],[-1,0],[0,-1],[0,-1],[1,0],[1,0],[1,0],[1,0],[-1,0],[-1,0],[-1,0],[-1,0],[0,1],[-1,0],[1,0],[-1,0],[-1,0],[-1,0],[-1,0],[-1,0],[-1,0]],[[509,339],[1,0],[0,-1],[1,0],[1,0],[1,0],[1,0],[1,0],[1,0],[1,0],[0,-1],[1,0],[1,0],[1,0],[1,0],[-1,0],[-1,0],[-1,0],[-1,0],[-1,0],[-1,0],[-1,0],[-1,0],[-1,0],[-1,0],[-1,0],[-1,0],[0,1],[-1,0],[-1,0],[-1,0],[-1,0]],[[503,338],[0,1],[-1,0],[1,0],[-1,0],[-1,0],[1,0],[1,0],[1,0],[1,0],[1,0],[1,0],[1,0],[1,0]],[[540,370],[0,-1],[1,0],[0,-1],[1,0],[1,0],[1,0],[0,-1],[-1,0],[0,-1],[-1,0],[-1,0],[0,1],[-1,0],[-1,0],[-1,0],[-1,0]],[[537,367],[0,1],[0,-1]],[[537,367],[0,1],[-1,0]],[[536,368],[-1,0]],[[536,368],[1,0],[1,0],[-1,0],[-1,0]],[[536,368],[1,0],[1,0],[1,0],[1,0],[-1,0],[1,0],[-1,0],[1,0],[-1,0],[-1,0],[-1,0],[0,1],[-1,0]],[[536,369],[1,0],[1,0],[-1,0],[1,0],[0,1]],[[538,370],[0,-1],[-1,0],[0,1]],[[579,361],[0,-1],[0,1]],[[579,361],[0,-1],[-1,0],[1,0],[0,-1],[-1,0],[0,-1],[0,1],[-1,0],[-1,0],[-1,0],[-1,0],[-1,0],[0,1],[0,-1],[-1,0]],[[572,359],[1,0],[-1,0]],[[572,359],[0,1],[0,-1]],[[572,359],[-1,0],[-1,0]],[[570,359],[0,1]],[[570,360],[1,0]],[[571,360],[1,0],[0,1],[1,0],[1,0]],[[574,361],[0,-1],[-1,0],[1,0],[0,1]],[[574,361],[1,0]],[[575,361],[1,0]],[[576,361],[1,0]],[[577,361],[1,0],[1,0]],[[491,329],[0,-1],[0,1]],[[491,329],[0,-1],[1,0],[1,0],[0,1]],[[493,329],[0,-1],[1,0]],[[494,328],[1,0]],[[495,328],[1,0],[1,0],[0,-1],[-1,0],[-1,0],[-1,0],[-1,0],[-1,0],[-1,0],[-1,0],[-1,0],[1,0],[-1,0],[1,0],[-1,0],[1,0],[-1,0],[0,1],[0,-1],[0,1],[-1,0]],[[488,328],[1,0],[-1,0]],[[543,344],[1,0],[1,0],[1,0],[1,0],[1,0],[0,-1],[1,0],[-1,0],[-1,0],[-1,0],[-1,0],[1,0],[1,0],[0,-1],[-1,0],[1,0],[0,1],[0,-1],[-1,0],[1,0],[-1,0],[-1,0],[1,0],[-1,0],[0,1],[-1,0],[-1,0],[0,1]],[[543,344],[-1,0]],[[542,344],[-1,0],[1,0]],[[542,344],[-1,0],[0,1],[1,0],[1,0],[0,-1]],[[533,355],[-1,0],[1,0]],[[533,355],[-1,0],[0,1]],[[532,356],[-1,0]],[[532,356],[1,0],[-1,0]],[[532,356],[1,0],[0,-1]],[[533,355],[1,0],[-1,0]],[[533,355],[1,0],[1,0],[-1,0],[1,0],[-1,0],[0,1],[1,0],[1,0],[-1,0],[-1,0],[-1,0],[1,0],[1,0],[1,0],[1,0],[1,0],[1,0],[0,-1],[-1,0],[-1,0],[-1,0],[0,-1],[-1,0],[-1,0],[0,1],[-1,0]],[[544,372],[1,0],[1,0],[1,0],[1,-1],[1,0],[1,0],[1,0],[-1,0],[-1,0],[-1,0],[1,0],[0,-1],[-1,0],[-1,0],[0,1],[-1,0],[0,-1],[-1,0],[-1,0],[-1,0],[0,1],[1,0],[0,1]],[[518,358],[1,0],[-1,0]],[[517,358],[-1,0],[-1,0]],[[515,358],[0,1],[1,0],[-1,0],[-1,0],[1,0],[-1,0],[-1,0],[-1,0]],[[512,359],[1,0],[0,1]],[[513,360],[0,-1],[1,0],[0,1]],[[514,360],[1,0],[1,0],[1,0],[-1,0],[1,0],[-1,0],[1,0],[0,-1],[1,0],[0,-1]],[[492,332],[1,0],[1,0],[1,0],[1,0],[1,0],[0,-1],[-1,0],[1,0],[-1,0],[-1,0]],[[514,347],[-1,0],[0,-1],[-1,0],[-1,0],[-1,0],[-1,0],[-1,0],[-1,0],[-1,0],[0,1]],[[506,347],[-1,0],[1,0]],[[506,347],[1,0],[1,0]],[[508,347],[1,0],[0,-1],[1,0],[0,1],[-1,0],[-1,0]],[[508,347],[1,0],[1,0],[1,0],[1,0],[1,0],[1,0]],[[520,347],[1,0],[1,0],[1,0],[1,0]],[[524,347],[0,-1],[0,1]],[[524,347],[1,0]],[[525,347],[0,-1],[1,0],[1,0],[-1,0],[-1,0],[-1,0],[-1,0],[-1,0],[-1,0],[-1,0],[-1,0],[-1,0],[0,1],[1,0],[1,0]],[[508,333],[-1,0],[1,0]],[[508,333],[-1,0],[-1,0],[1,0],[1,0]],[[508,333],[0,-1],[1,0],[-1,0],[-1,0],[-1,0],[-1,0],[-1,0],[-1,0],[-1,0]],[[502,332],[1,0],[1,0],[-1,0],[0,1],[-1,0],[1,0],[1,0],[1,0],[1,0],[0,-1],[1,0],[-1,0],[1,0],[1,0],[0,1]],[[502,332],[0,-1],[-1,0],[1,0],[1,0],[-1,0],[1,0],[0,-1],[-1,0],[-1,0],[0,1],[-1,0],[0,1],[-1,0],[-1,0],[1,0],[1,0],[0,1]],[[500,333],[1,0],[0,-1],[-1,0],[1,0],[1,0]],[[521,351],[1,0],[0,-1],[-1,0],[-1,0],[-1,0],[-1,0],[-1,0],[0,1],[1,0],[1,0],[1,0],[1,0]],[[577,361],[0,1],[1,0],[0,1]],[[578,363],[1,0],[1,0],[0,-1],[-1,0],[0,-1]],[[456,328],[1,0],[0,-1],[-1,0],[1,0],[0,-1]],[[457,326],[1,0]],[[457,326],[-1,0]],[[456,326],[-1,0]],[[455,326],[-1,0],[0,1]],[[454,327],[1,0],[-1,0]],[[454,327],[1,0],[0,1]],[[455,328],[-1,0],[1,0]],[[525,355],[-1,0]],[[524,355],[-1,0],[-1,0],[-1,0],[1,0],[1,0],[1,0]],[[525,355],[1,0]],[[526,355],[1,0]],[[544,375],[0,-1],[1,0],[1,0],[-1,0],[-1,0],[-1,0],[0,-1]],[[543,373],[-1,0],[0,1],[1,0],[-1,0],[-1,0]],[[541,374],[1,0],[1,0],[0,1]],[[523,353],[0,-1],[-1,0],[-1,0],[-1,0],[-1,0],[1,0],[1,0],[1,0],[-1,0],[1,0],[0,1],[-1,0],[1,0],[1,0]],[[529,348],[0,-1],[-1,0],[0,1],[-1,0],[1,0],[0,-1],[-1,0],[-1,0],[1,0],[0,1],[1,0],[1,0]],[[509,349],[0,-1],[-1,0],[0,-1]],[[506,347],[0,1],[-1,0],[1,0],[1,0],[-1,0],[1,0],[0,1],[1,0],[1,0]],[[529,355],[1,0],[-1,0]],[[529,355],[-1,0],[1,0]],[[529,355],[0,-1],[-1,0]],[[528,354],[0,1],[0,-1]],[[528,354],[0,1],[-1,0]],[[527,355],[1,0],[-1,0]],[[527,355],[1,0],[1,0]],[[529,355],[-1,0],[0,1],[-1,0],[-1,0],[-1,0],[1,0],[-1,0],[1,0],[1,0],[1,0],[1,0],[0,-1]],[[524,351],[1,0],[0,-1],[1,0],[-1,0],[-1,0],[-1,0],[0,1],[1,0]],[[513,352],[-1,0]],[[512,352],[0,1],[-1,0],[1,0],[1,0],[1,0],[-1,0],[0,-1]],[[520,347],[1,0],[-1,0]],[[520,347],[1,1],[1,0],[1,0],[1,0],[0,-1]],[[550,366],[-1,0],[-1,0],[-1,0],[1,0],[1,0],[1,0]],[[536,353],[-1,0],[-1,0],[-1,0],[-1,0],[1,0],[1,0],[1,0],[1,0]],[[526,355],[0,-1]],[[526,354],[1,0],[-1,0]],[[526,354],[1,0],[1,0]],[[526,354],[-1,0]],[[525,354],[-1,0],[0,1]],[[525,355],[0,-1]],[[534,369],[0,-1]],[[534,368],[-1,0]],[[533,368],[-1,0]],[[533,368],[0,1]],[[534,366],[1,0],[1,0],[0,-1],[1,0],[0,1],[1,0],[-1,0],[1,0],[0,-1],[-1,0],[-1,0],[-1,0],[-1,0],[-1,0],[-1,0],[1,0],[1,0],[1,0],[0,1],[-1,0]],[[534,366],[-1,0]],[[538,344],[1,0],[0,-1]],[[539,343],[-1,0]],[[538,343],[0,1]],[[538,344],[-1,0]],[[555,346],[0,-1],[-1,0]],[[554,345],[1,0],[-1,0]],[[554,345],[-1,0],[1,0]],[[554,345],[0,1]],[[534,368],[1,0]],[[536,368],[0,-1],[1,0]],[[537,367],[-1,0],[-1,0],[1,0],[-1,0],[0,1]],[[538,343],[-1,0],[0,1]],[[537,344],[-1,0],[1,0]],[[579,371],[1,0],[1,0],[-1,0],[1,0],[-1,0],[1,0],[1,0]],[[582,371],[-1,0],[1,0]],[[537,345],[0,1],[1,0],[0,-1],[-1,0]],[[531,356],[-1,0],[0,1],[1,0],[0,-1]],[[532,368],[0,-1],[1,1]],[[533,368],[0,-1],[1,0],[-1,0],[-1,0],[0,1]],[[569,361],[-1,0]],[[569,361],[0,0]],[[512,336],[1,0],[0,-1],[-1,0],[0,1],[-1,0],[-1,0],[1,0],[1,0]],[[468,327],[0,-1]],[[468,326],[-1,0]],[[467,326],[0,1]],[[542,320],[-1,0]],[[541,320],[0,1],[1,-1]],[[533,366],[-1,0],[-1,0],[-1,0],[1,0],[1,0],[1,0]],[[544,321],[-1,0]],[[543,321],[-1,0]],[[542,320],[0,1]],[[543,321],[0,-1]],[[543,320],[-1,0]],[[569,362],[0,-1]],[[568,361],[0,1]],[[500,368],[0,0]],[[493,333],[-1,0]],[[493,333],[0,0]],[[456,326],[0,-1]],[[456,326],[0,0]],[[527,355],[0,0]],[[456,325],[1,0],[-1,0]],[[457,326],[0,-1],[-1,0]],[[568,362],[-1,0],[0,1]],[[454,327],[0,0]],[[570,362],[0,-1]],[[570,361],[-1,0]],[[459,327],[0,0],[0,0],[0,0]],[[515,375],[0,0]],[[454,327],[-1,0],[1,0]],[[470,360],[-1,0],[1,0]],[[470,360],[0,0]],[[548,347],[0,0],[0,0],[0,0]],[[484,330],[0,-1]],[[415,321],[0,0],[0,0],[0,0]],[[499,368],[1,0]],[[569,94],[1,0]],[[570,94],[1,0],[-1,0]],[[569,94],[-1,0]],[[569,94],[0,-1],[-1,0]],[[568,93],[-1,0]],[[567,93],[0,1]],[[567,94],[1,0]],[[567,94],[-1,0]],[[566,94],[-1,0]],[[565,94],[-1,0]],[[564,94],[-1,0]],[[563,94],[-1,0]],[[562,94],[0,-1]],[[562,93],[-1,0]],[[561,93],[-1,0]],[[560,93],[-1,0]],[[559,93],[-1,0]],[[558,93],[-1,0]],[[557,93],[-1,0]],[[559,93],[0,-1]],[[559,92],[-1,0]],[[558,92],[0,1]],[[558,92],[-1,0]],[[557,92],[-1,0]],[[556,92],[-1,0]],[[555,92],[0,1]],[[555,92],[-1,0],[0,1],[1,0]],[[555,93],[-1,0],[-1,0],[0,-1]],[[553,92],[1,0],[1,0]],[[553,92],[-1,0]],[[552,92],[0,-1],[-1,0],[-1,0],[-1,0],[-1,0],[-1,0],[-1,0],[-1,0],[-1,0],[-1,0],[1,0],[0,-1],[1,0],[1,0],[-1,0],[1,0],[1,0],[1,0],[1,0],[0,1],[1,0],[1,0],[1,0],[1,0],[1,0],[1,0],[1,0]],[[556,91],[1,0],[0,1]],[[559,92],[1,0],[1,0],[1,0]],[[562,92],[1,0],[1,0]],[[564,92],[1,0]],[[565,92],[1,0]],[[566,92],[1,0]],[[567,92],[1,0]],[[568,92],[1,0]],[[569,92],[0,-1],[-1,0],[1,0],[1,0],[-1,0],[0,1]],[[569,92],[1,0]],[[570,92],[1,0]],[[571,92],[0,-1],[-1,0],[1,0],[-1,0],[1,0],[1,0],[1,0],[1,0],[-1,0],[1,0],[1,0]],[[575,91],[1,0]],[[576,91],[0,1],[1,0],[-1,0],[-1,0],[0,-1]],[[575,91],[0,1],[0,-1]],[[575,91],[-1,0],[-1,1],[-1,0],[-1,0]],[[566,92],[0,1]],[[566,93],[-1,0]],[[565,93],[0,-1]],[[564,92],[0,1]],[[564,93],[1,0]],[[566,93],[1,0]],[[568,93],[1,0],[-1,0]],[[568,93],[1,-1]],[[569,92],[0,1],[0,-1]],[[569,92],[0,1],[1,0],[1,0]],[[571,93],[-1,0],[1,0]],[[571,93],[1,0],[-1,0]],[[571,93],[0,1],[1,0],[0,-1],[-1,0]],[[571,93],[1,0],[1,0],[1,0],[0,1],[1,0],[-1,0],[1,0],[-1,0],[1,0],[1,0],[1,0],[0,1],[-1,0],[1,0],[-1,0],[1,0],[0,1],[-1,0],[1,0],[-1,0],[0,1],[1,0],[1,0],[1,0],[0,1],[-1,0],[-1,0],[0,1],[0,-1],[-1,0],[0,1],[-1,0],[-1,0],[0,1],[-1,0],[-1,0],[-1,0],[0,1],[-1,0],[-1,0],[-1,0],[-1,0],[0,1],[-1,0],[0,1],[0,1],[1,0],[-1,0],[0,1],[1,0],[1,0],[1,0],[0,1],[1,0],[1,0],[-1,-1],[0,-1],[1,0],[1,0],[1,0],[1,0],[-1,0],[0,1],[-1,0],[1,0],[1,0],[1,0],[1,0],[1,0],[1,0],[1,0],[1,0],[0,1],[1,0],[-1,0],[0,1],[-1,0],[-1,0],[-1,0],[0,1],[1,0],[1,0],[0,1],[1,0],[1,0],[-1,0],[-1,0],[0,1]],[[579,110],[-1,0],[-1,0],[0,1],[-1,0],[-1,0],[-1,0],[0,1],[-1,0],[-1,0],[-1,0],[-1,0],[-1,0],[-1,0]],[[568,112],[-1,0]],[[567,112],[0,1]],[[567,113],[1,0],[-1,0]],[[567,113],[0,1],[0,-1]],[[567,113],[0,1],[-1,0],[1,0],[-1,0],[-1,0],[0,1],[0,-1],[1,0],[0,-1]],[[566,113],[1,0]],[[566,113],[0,-1]],[[566,113],[-1,0],[0,1],[0,-1],[0,1],[-1,0],[1,0],[-1,0],[1,0],[-1,0],[1,0],[-1,0],[-1,0],[0,1],[0,-1],[-1,0],[0,1],[0,-1],[0,1],[-1,0],[0,-1],[-1,0],[0,1]],[[560,115],[1,0],[-1,0]],[[560,115],[-1,0]],[[559,115],[-1,0]],[[558,115],[-1,0],[-1,0],[-1,0],[-1,0],[-1,0],[-1,0],[-1,0],[-1,0],[-1,0],[-1,0],[0,1],[-1,0],[-1,0],[-1,0],[-1,0]],[[544,116],[0,1],[0,-1]],[[544,116],[0,1],[-1,0],[-1,0],[0,-1],[-1,0],[0,1],[-1,0],[-1,0],[-1,0],[-1,0],[0,1],[1,0],[-1,1]],[[537,119],[-1,0],[0,-1],[-1,0],[-1,0],[-1,0],[-1,0],[0,-1],[-1,0],[-1,0],[-1,0],[-1,0],[-1,0]],[[527,117],[-1,0],[-1,0],[1,0],[-1,0],[-1,0],[1,0],[0,-1],[1,0],[1,0]],[[527,116],[1,0]],[[528,116],[1,0],[1,0],[1,0],[1,0],[0,1],[1,0],[1,0],[0,-1],[1,0],[1,0],[1,0],[0,1],[1,0],[1,0],[0,-1],[1,0],[1,0],[0,-1],[-1,0],[-1,0],[-1,0],[0,-1],[-1,0],[-1,0],[-1,0],[1,0],[1,0],[1,0],[1,0],[1,0],[0,1],[1,0],[1,0],[-1,1],[1,0],[1,0]],[[543,116],[1,0]],[[544,116],[1,0],[0,-1],[1,0],[1,0],[1,0],[1,0],[1,0],[1,0],[0,-1],[1,0],[1,0],[1,0],[1,0],[1,0],[1,0],[1,0],[1,0],[1,0],[1,0],[0,-1],[1,0],[0,-1],[1,0],[1,0],[0,-1],[1,0],[1,0],[1,0],[0,1]],[[568,112],[0,-1],[1,0],[1,0],[1,0],[1,0],[1,0],[1,0],[1,0],[1,0],[-1,0],[1,0],[0,-1],[-1,0],[1,0],[-1,0],[-1,0],[0,-1],[1,0],[-1,0],[-1,0],[-1,0],[-1,-1],[-1,0],[-1,0],[-1,0],[-1,0],[-1,0],[-1,0],[-1,0],[-1,0],[-1,0],[0,-1]],[[562,107],[-1,0],[0,1],[1,0],[-1,0],[-1,0],[-1,0],[-1,0],[1,0],[-1,0],[0,1],[-1,0],[-1,0],[0,1],[0,-1],[0,1],[-1,0],[-1,0],[0,-1],[0,1],[-1,0],[-1,0],[-1,0]],[[551,110],[-1,0],[1,0]],[[551,110],[-1,0],[0,-1],[1,0],[-1,0],[-1,0]],[[549,109],[-1,0]],[[549,109],[0,1]],[[549,110],[-1,0]],[[549,109],[1,0],[0,1],[-1,0]],[[548,110],[-1,0],[0,-1]],[[547,109],[-1,0]],[[546,109],[0,1],[-1,0],[1,0],[0,-1]],[[546,109],[-1,0],[1,0]],[[546,109],[-1,0],[0,1],[-1,0],[-1,0],[0,1],[-1,0],[-1,0],[-1,0]],[[540,111],[-1,0]],[[539,111],[-1,0],[0,1],[-1,0]],[[537,112],[1,0],[-1,0]],[[537,112],[-1,0]],[[536,112],[0,-1],[-1,0],[-1,0],[-1,0]],[[533,111],[-1,0]],[[533,111],[1,0],[0,1]],[[534,112],[-1,0]],[[533,112],[-1,0]],[[532,112],[-1,0],[-1,0],[-1,0],[1,0],[-1,0],[1,0],[0,1]],[[530,113],[-1,0]],[[529,113],[0,1]],[[529,114],[-1,0],[1,0]],[[529,114],[-1,0],[0,-1],[-1,0],[-1,0],[0,1],[-1,0],[-1,0],[-1,0]],[[523,114],[-1,0]],[[523,114],[0,-1],[1,0],[1,0],[1,0],[1,0],[1,0],[0,-1],[-1,0],[0,1],[0,-1],[-1,0],[-1,0],[-1,0],[0,-1],[-1,0]],[[523,111],[1,0],[-1,0]],[[523,111],[1,0],[0,1],[1,0],[1,0],[1,0],[1,0],[0,-1],[1,0],[1,0],[1,0],[1,0]],[[533,111],[1,0],[1,0],[1,0],[1,0],[1,0],[1,0]],[[539,111],[0,-1],[1,0],[0,1]],[[540,111],[0,-1],[1,0],[1,0],[0,-1],[0,1],[0,-1],[0,1],[0,-1],[0,1],[0,-1],[0,1],[-1,0],[0,-1],[1,0],[1,0],[-1,0],[0,-1]],[[542,108],[-1,0],[0,1],[-1,0],[-1,0],[0,1],[-1,0],[-1,0],[-1,0],[-1,0],[-1,0],[0,-1],[-1,0],[-1,0],[-1,0]],[[531,109],[1,0],[-1,0]],[[531,109],[1,0],[1,0],[1,0],[1,0],[1,0],[0,1],[1,0],[1,0],[0,-1],[1,0],[1,0],[0,-1]],[[540,108],[1,0],[-1,0]],[[540,108],[-1,0],[-1,0],[0,-1],[-1,0],[-1,0],[-1,0],[-1,0],[-1,0],[-1,0],[-1,-1],[0,1],[-1,0],[0,-1],[-1,0]],[[529,106],[0,1],[-1,0],[0,-1],[1,0]],[[529,106],[1,0],[1,0],[1,0],[1,0],[1,0],[1,0],[1,0],[1,0],[0,1],[1,0],[1,0],[1,0],[0,1]],[[540,108],[1,0],[1,0]],[[542,108],[1,0],[1,0]],[[544,108],[0,1],[1,0],[0,-1]],[[545,108],[1,0],[1,0]],[[547,108],[1,0]],[[548,108],[0,-1],[1,0]],[[549,107],[-1,0],[0,-1]],[[548,106],[-1,0]],[[547,106],[-1,0]],[[546,106],[-1,0]],[[545,106],[-1,0]],[[544,106],[-1,0]],[[543,106],[-1,0],[-1,0],[-1,0],[0,-1]],[[540,105],[0,1],[-1,0],[-1,0],[0,-1]],[[538,105],[0,1],[-1,-1]],[[537,105],[-1,0],[-1,0],[-1,0],[0,-1],[-1,0]],[[533,104],[1,0],[-1,0]],[[533,104],[-1,0]],[[533,104],[0,-1],[-1,0],[1,0],[-1,0],[0,-1],[1,0],[-1,0],[1,0],[0,-1],[0,1],[1,0]],[[534,102],[0,-1],[-1,0],[-1,0],[-1,0],[-1,0],[1,0],[-1,0],[-1,0],[-1,0],[-1,0],[-1,0],[0,1],[-1,0],[1,0],[-1,0],[1,0],[-1,0],[0,1],[0,1],[-1,0],[0,1]],[[524,105],[1,0],[0,1],[-1,0]],[[524,106],[-1,0],[0,-1]],[[523,105],[0,1],[0,1],[0,-1],[1,0]],[[524,106],[-1,0],[1,0]],[[524,106],[1,0],[-1,0]],[[524,106],[-1,0],[0,1],[0,1],[-1,0],[1,0],[-1,0],[0,1],[-1,1],[0,1],[-1,0],[-1,0],[0,1],[-1,0],[-1,0],[-1,0],[0,1],[-1,0]],[[515,113],[1,0],[-1,0]],[[515,113],[0,-1],[1,0],[-1,0],[1,0],[1,0],[0,-1],[1,0],[1,0],[0,-1],[1,0],[-1,0],[1,0],[-1,0],[0,-1],[0,1],[-1,0],[1,-1],[-1,0],[1,0],[1,0],[0,1],[0,-1],[-1,0],[1,0],[1,0]],[[521,109],[0,-1],[0,-1],[1,0],[-1,0],[-1,0],[-1,0],[0,1],[0,-1],[1,0],[1,0],[1,0],[-1,0],[0,-1],[1,0],[0,-1],[0,-1],[1,0],[0,-1],[0,-1],[1,0],[0,-1],[1,0],[0,-1],[-1,0],[1,0],[-1,0],[1,0],[0,-1],[-1,0]],[[524,99],[-1,0],[-1,0],[-1,0]],[[521,99],[0,1],[-1,0],[-1,0],[-1,0],[-1,0],[-1,0],[-1,0],[0,1],[-1,0],[-1,0],[-1,0],[-1,0],[0,1],[-1,0],[0,-1],[-1,0],[-1,0],[0,1],[-1,0],[1,0],[-1,0],[0,1],[1,0],[-1,0],[0,-1],[-1,0],[-1,0],[0,1],[-1,0],[-1,0],[1,0],[-1,0],[0,1],[-1,0],[1,0],[1,0],[-1,0],[1,0],[-1,0],[-1,0],[0,1],[-1,0],[1,0],[1,0],[1,0],[1,0],[-1,0],[-1,0],[-1,0],[-1,0],[0,1],[-1,0],[-1,0],[0,1],[-1,0],[1,0],[0,1]],[[499,108],[-1,0],[1,0]],[[499,108],[1,0]],[[500,108],[1,0]],[[501,108],[1,0],[-1,0]],[[501,108],[0,1]],[[501,109],[1,0]],[[502,109],[0,-1],[1,0],[0,-1],[1,0],[1,0],[1,0],[0,-1],[1,0],[1,0],[0,-1],[1,0],[-1,0],[-1,0],[-1,0],[1,0],[1,0],[1,0],[0,-1],[1,0],[0,1],[0,-1],[1,0],[1,0],[1,0],[0,-1],[1,0],[0,1],[-1,0],[1,0],[1,0],[-1,0],[-1,0],[0,1],[-1,0],[-1,0],[-1,0],[0,1],[1,0],[1,0],[1,0],[1,0],[-1,0],[-1,0],[-1,0],[-1,0],[-1,0],[0,1],[-1,0],[-1,0],[0,1],[-1,0],[-1,0],[1,0],[1,0],[0,1],[1,0],[0,-1],[1,0],[0,1],[-1,0],[-1,0],[-1,0],[0,-1],[-1,0],[0,1],[-1,0],[-1,0],[-1,0]],[[502,109],[0,1]],[[502,110],[1,0]],[[503,110],[1,0],[1,0],[1,0],[1,0],[0,1]],[[507,111],[1,0]],[[508,111],[0,-1],[0,1]],[[508,111],[1,0],[-1,0]],[[508,111],[1,0],[1,0],[1,0],[0,1],[1,0],[-1,0],[1,0],[-1,0],[-1,0],[0,-1],[0,1],[-1,0],[0,-1],[-1,0]],[[507,111],[-1,0]],[[506,111],[-1,0]],[[505,111],[0,1],[-1,0],[0,-1],[-1,0]],[[503,111],[-1,0]],[[502,111],[-1,0],[-1,0],[-1,0],[0,1],[1,0],[0,1]],[[500,113],[0,-1],[-1,0],[-1,0],[1,0],[-1,0],[1,0],[-1,0],[0,-1],[1,0],[-1,0],[1,0],[-1,0],[-1,0],[1,0],[-1,0],[1,0],[0,-1],[-1,0],[-1,0],[-1,0],[1,0],[0,-1]],[[496,109],[-1,0],[1,0]],[[496,109],[-1,0],[-1,0],[-1,0],[-1,0],[1,0],[-1,0],[0,1]],[[492,110],[1,0],[-1,0]],[[492,110],[-1,0]],[[491,110],[-1,0]],[[490,110],[0,1]],[[490,111],[1,0],[-1,0]],[[490,111],[1,0],[1,0],[-1,0],[-1,0]],[[490,111],[-1,0]],[[489,111],[-1,0],[-1,0],[-1,0]],[[486,111],[1,0],[-1,0]],[[486,111],[1,0],[1,0],[-1,0],[1,0],[-1,0],[1,0],[0,1],[1,0]],[[489,112],[-1,0],[0,-1],[1,0]],[[489,111],[0,1]],[[489,112],[-1,0],[1,0]],[[489,112],[-1,0],[0,-1],[0,1],[0,-1],[-1,0],[0,1],[1,0],[-1,0],[1,0],[-1,0],[1,0],[-1,0],[-1,0]],[[486,112],[1,0],[-1,0]],[[486,112],[1,0],[1,0],[1,0]],[[489,112],[1,0]],[[490,112],[1,0],[1,0],[-1,0],[1,0],[0,1],[-1,0],[0,-1],[-1,0]],[[490,112],[0,1],[1,0],[-1,0],[-1,0],[-1,0],[-1,0],[-1,0]],[[486,113],[-1,0]],[[485,113],[-1,0],[-1,0],[-1,0]],[[482,113],[-1,0],[1,0]],[[482,113],[1,0],[-1,0]],[[482,113],[-1,0],[0,1],[-1,0],[0,-1],[1,0],[-1,0],[-1,0]],[[479,113],[0,1]],[[479,114],[1,0],[-1,0]],[[479,114],[1,0],[1,0],[1,0]],[[482,114],[1,0]],[[483,114],[1,0]],[[484,114],[1,0],[1,0],[1,0]],[[483,114],[0,1]],[[483,115],[1,0]],[[484,115],[1,0],[1,0]],[[486,115],[1,0]],[[487,115],[1,0]],[[488,115],[1,0],[-1,0]],[[488,115],[1,0],[1,0]],[[487,115],[0,1],[0,-1]],[[483,115],[-1,0]],[[482,115],[-1,0]],[[481,115],[-1,0]],[[480,115],[0,1]],[[480,116],[-1,0]],[[479,116],[-1,0]],[[480,116],[1,0],[-1,0]],[[480,116],[1,0],[1,0],[-1,0],[-1,0]],[[479,116],[0,1],[1,0],[-1,0],[-1,0]],[[478,117],[1,0],[0,-1]],[[478,116],[-1,0]],[[477,116],[-1,0]],[[476,116],[-1,0]],[[475,116],[0,1]],[[475,117],[1,0]],[[476,117],[1,0]],[[477,117],[1,0]],[[478,117],[1,0],[-1,0]],[[478,117],[1,0],[1,0],[1,0],[1,0],[-1,0],[-1,0],[-1,0],[0,1],[-1,0]],[[478,118],[1,0],[-1,0]],[[478,118],[1,0],[1,0],[0,1]],[[480,119],[0,-1],[-1,0],[0,1]],[[479,119],[0,-1],[-1,0]],[[478,118],[0,1]],[[478,118],[-1,0]],[[477,118],[0,1]],[[477,119],[1,0]],[[478,119],[1,0]],[[479,119],[1,0]],[[480,119],[0,1]],[[480,120],[1,0],[-1,0]],[[480,120],[1,0],[1,0]],[[482,120],[0,-1],[1,0],[1,0],[1,0],[1,0],[1,0],[1,0],[0,-1],[1,0],[1,0]],[[490,118],[0,-1],[1,0],[1,0],[0,1],[-1,0]],[[491,118],[1,0],[1,0],[0,-1]],[[493,117],[1,0]],[[494,117],[0,-1]],[[494,116],[1,0]],[[495,116],[1,0],[-1,0]],[[495,116],[1,0],[0,-1],[1,0],[1,0],[-1,-1],[1,0]],[[498,114],[-1,0],[1,0]],[[498,114],[1,0]],[[499,114],[0,-1],[0,1]],[[499,114],[0,-1],[1,0]],[[500,113],[1,0]],[[501,113],[1,0]],[[502,113],[1,0],[0,1]],[[503,114],[-1,0]],[[502,114],[-1,0]],[[501,114],[-1,0],[-1,0]],[[499,114],[0,1],[-1,0],[0,1],[-1,0],[-1,0],[1,0],[0,1],[-1,0],[1,0],[0,-1],[1,0],[1,0],[1,0]],[[500,116],[1,0]],[[501,116],[1,0]],[[502,116],[0,-1]],[[502,115],[1,0]],[[502,116],[1,0]],[[500,116],[-1,0],[0,1],[0,-1],[1,0]],[[500,116],[0,1]],[[500,117],[-1,0],[1,0]],[[500,117],[1,0]],[[501,117],[0,1],[0,-1]],[[501,117],[1,0]],[[502,117],[0,1],[0,-1]],[[502,117],[1,0],[1,0]],[[504,117],[0,1],[-1,0],[-1,0],[-1,0],[-1,0]],[[500,118],[-1,0]],[[499,118],[-1,0],[-1,0],[-1,0],[-1,0],[0,1],[1,0],[-1,0],[-1,0],[0,1],[1,0],[1,0],[-1,0],[-1,0],[0,1],[-1,0]],[[493,121],[1,0],[1,0],[1,0],[0,1],[-1,0],[1,0],[-1,0],[1,0],[-1,0],[1,0],[-1,0],[1,0],[-1,0],[-1,0],[-1,0],[-1,0]],[[492,122],[0,1],[-1,0],[-1,0],[-1,0],[1,0],[-1,0],[1,0],[-1,0],[0,1],[1,0],[1,0],[1,0],[1,0],[1,0],[1,0],[0,-1],[0,-1],[1,0],[1,0],[0,1],[-1,0],[-1,0],[0,1],[1,0],[1,0]],[[497,124],[1,0]],[[497,124],[-1,0],[-1,0],[-1,0],[0,1],[1,0],[1,0],[0,1],[0,-1],[-1,0],[0,1],[0,-1],[-1,0],[1,0],[-1,0],[0,1],[0,-1],[-1,0],[0,1],[-1,0],[-1,0],[1,0],[-1,0],[-1,0],[0,1],[-1,0],[-1,0],[-1,0],[-1,0],[0,1],[0,-1],[1,0],[1,0],[1,0],[0,-1],[1,0],[0,-1],[1,0],[-1,0],[0,-1],[-1,0],[-1,0],[-1,0]],[[487,124],[-1,0],[-1,0],[0,-1]],[[485,123],[-1,0],[-1,0],[-1,0],[-1,0],[-1,0],[-1,0],[0,1],[-1,0],[-1,0]],[[477,124],[0,1],[-1,0]],[[476,125],[-1,0]],[[475,125],[-1,0],[0,1],[0,1],[-1,0],[0,-1]],[[473,126],[1,0],[-1,0]],[[473,126],[-1,0],[0,-1],[1,0]],[[473,125],[1,0],[-1,0]],[[473,125],[1,0],[0,-1],[-1,0],[1,0],[-1,0],[1,0],[-1,0],[-1,0],[-1,0]],[[471,124],[-1,0],[-1,0]],[[469,124],[-1,0],[1,0]],[[469,124],[-1,0],[-1,0],[-1,0],[-1,0],[0,1],[1,0],[-1,0],[0,1]],[[465,126],[1,0],[-1,0]],[[465,126],[0,1],[1,0],[1,0],[1,0],[0,1],[0,-1],[-1,0],[1,0],[-1,0],[-1,0],[1,0],[-1,0],[-1,0],[1,0],[-1,0],[-1,0]],[[464,127],[1,0],[-1,0]],[[464,127],[0,1],[1,0],[-1,0],[0,-1]],[[464,127],[0,1],[1,0],[0,1]],[[465,129],[1,0],[1,0],[1,0],[1,0],[1,0],[1,0],[0,1],[-1,0],[-1,0],[-1,0]],[[468,130],[1,0],[1,0],[0,1]],[[470,131],[1,0]],[[470,131],[0,-1],[0,1]],[[470,131],[-1,0]],[[469,131],[0,-1],[-1,0]],[[468,130],[1,0],[-1,0]],[[468,130],[-1,0]],[[467,130],[0,-1],[-1,0],[-1,0]],[[465,129],[0,1],[1,0],[1,0]],[[465,129],[-1,0],[0,-1],[-1,0],[-1,0],[-1,0],[-1,0],[-1,0]],[[459,128],[0,1],[-1,0],[1,0],[0,1]],[[459,130],[-1,0]],[[459,130],[0,-1],[-1,0],[0,1]],[[458,130],[-1,0]],[[457,130],[0,1],[1,0],[0,1]],[[458,132],[1,0]],[[459,132],[1,0],[1,0]],[[459,132],[1,0],[-1,0]],[[461,132],[1,0]],[[462,132],[1,0],[0,1]],[[463,133],[0,-1],[0,1]],[[463,133],[0,-1],[1,0],[0,1]],[[464,133],[1,0],[1,0],[1,0],[1,0]],[[468,133],[0,-1],[1,0],[1,0],[1,0],[1,0],[1,0],[1,0],[1,0],[1,0]],[[476,132],[1,0],[1,0],[1,0],[-1,0],[0,1],[1,-1],[0,1],[1,0],[1,0],[1,0],[1,0],[0,-1],[1,0],[0,-1]],[[484,131],[-1,0],[1,0]],[[484,131],[1,0],[1,0],[1,0],[0,-1],[1,0],[-1,0],[1,0],[1,0],[1,0],[1,0],[1,0],[1,0],[1,0],[1,0],[0,1],[-1,0],[1,0],[1,0],[1,0],[-1,0],[-1,0],[-1,0],[-1,0],[1,0],[-1,0],[-1,0],[-1,0],[-1,0],[-1,0],[1,0],[-1,0],[-1,0],[0,1],[-1,0],[1,0],[-1,0],[-1,0],[0,1]],[[486,133],[-1,0],[-1,0],[-1,0],[-1,0],[0,1],[1,0],[1,0],[1,0],[0,1],[1,0],[0,-1],[0,1],[0,-1],[1,0],[0,1],[0,-1],[1,0],[1,0],[1,0],[1,0]],[[491,134],[1,0]],[[492,134],[1,0]],[[491,134],[-1,0],[-1,0],[-1,0],[0,1],[1,0],[0,1],[1,0],[-1,0],[-1,0],[0,1],[-1,0],[1,0],[0,1],[1,0],[1,0],[-1,0],[1,0],[1,0],[1,0],[1,0],[1,0],[1,0],[1,0],[0,1],[1,0],[1,0],[1,0],[1,0],[0,-1],[1,0],[1,0],[1,0],[1,0],[1,0],[0,-1],[1,0],[1,0],[-1,0],[0,1],[1,0]],[[507,138],[1,0]],[[508,138],[1,0],[1,0],[1,0],[-1,0],[-1,0],[-1,0]],[[507,138],[-1,0],[-1,0],[0,1],[-1,0],[1,0],[-1,0],[0,1],[-1,0],[0,-1],[-1,0],[-1,0],[-1,0],[-1,0],[-1,0],[-1,0],[0,1]],[[497,140],[-1,0]],[[496,140],[-1,0],[0,1],[-1,0],[-1,0],[-1,0],[1,0],[-1,0],[-1,0],[1,0],[0,1]],[[492,142],[1,0],[1,0],[-1,0],[1,0],[1,0],[1,0],[1,0],[1,0],[1,0],[1,0],[1,0],[-1,0],[0,1],[1,0],[1,0],[1,0],[-1,0],[0,1],[1,0],[1,0],[-1,0],[1,0],[-1,0],[1,0],[0,1],[1,0],[-1,0],[-1,0],[0,-1],[-1,0],[-1,0],[-1,0],[1,0],[-1,0],[1,0],[-1,0],[0,-1],[-1,0],[1,0],[-1,0],[0,-1],[0,1],[-1,0],[-1,0],[-1,0],[0,-1],[-1,0],[0,1],[-1,0],[-1,0]],[[493,143],[0,-1],[-1,0]],[[492,142],[-1,0]],[[491,142],[-1,0],[0,-1],[-1,0],[1,0],[-1,0],[0,-1],[-1,0],[1,0],[-1,0],[0,-1],[-1,0],[0,-1],[-1,0]],[[486,138],[-1,0]],[[485,138],[0,-1],[1,0],[0,-1],[0,-1],[-1,0],[-1,0],[-1,0],[-1,0],[0,-1],[-1,0],[0,1],[-1,0],[0,-1],[1,0],[-1,0],[-1,0],[0,-1],[-1,0],[-1,0],[-1,0],[-1,0],[0,1],[-1,0],[-1,0]],[[473,134],[1,0],[-1,0]],[[473,134],[0,-1],[-1,0],[-1,0],[0,1],[-1,0],[-1,0],[1,0],[-1,0],[-1,0]],[[468,134],[0,1],[-1,0],[-1,0],[-1,0]],[[465,135],[0,1],[1,0]],[[466,136],[0,-1],[1,0],[-1,0],[1,0],[0,1]],[[467,136],[1,0],[1,0],[1,0],[1,0],[-1,0],[0,1],[1,0],[-1,0],[-1,0],[-1,0],[-1,0],[-1,0],[-1,0],[1,0],[-1,0],[1,-1]],[[466,136],[-1,0],[1,0]],[[466,136],[-1,0],[-1,0]],[[464,136],[-1,0],[0,1]],[[463,137],[-1,0],[1,0]],[[463,137],[-1,0],[0,1],[-1,0],[0,1],[-1,0],[-1,0],[-1,0],[0,1],[1,0],[1,0]],[[460,140],[0,1]],[[460,141],[1,0]],[[461,141],[1,0]],[[462,141],[1,0]],[[463,141],[1,0]],[[464,141],[1,0]],[[465,141],[0,-1],[0,1]],[[465,141],[0,-1],[1,0],[1,0],[1,0]],[[468,140],[-1,0],[1,0]],[[468,140],[-1,0],[-1,0],[0,1]],[[466,141],[-1,0]],[[460,141],[-1,0],[-1,0]],[[458,141],[1,0],[-1,0]],[[458,141],[-1,0]],[[457,141],[-1,0]],[[456,141],[-1,0],[0,1]],[[455,142],[-1,0],[1,0]],[[455,142],[-1,0],[0,1]],[[454,143],[-1,0],[1,0]],[[454,143],[1,0],[1,0]],[[456,143],[1,0]],[[457,143],[1,0]],[[458,143],[1,0]],[[459,143],[1,0]],[[460,143],[1,0]],[[461,143],[1,0],[-1,0]],[[461,143],[1,0],[0,-1]],[[462,142],[1,0]],[[463,142],[1,0],[-1,0]],[[463,142],[1,0],[0,-1]],[[464,141],[0,1],[1,0]],[[465,142],[0,-1]],[[466,141],[0,1]],[[466,141],[1,1],[-1,0]],[[466,142],[-1,0]],[[465,142],[-1,0],[-1,0]],[[462,142],[0,1],[1,0],[0,-1]],[[463,142],[1,0],[0,1],[1,0]],[[465,143],[1,0],[1,0]],[[467,143],[0,-1],[1,0],[1,0],[1,0],[1,0],[1,0],[0,-1],[0,1],[1,0],[0,-1],[1,0],[1,0],[-1,0],[1,0],[-1,0],[1,-1]],[[475,140],[-1,0],[1,0]],[[475,140],[0,1],[1,0],[-1,0],[1,0],[1,0],[1,0],[1,0],[1,0],[1,0],[1,0],[1,0],[-1,0],[-1,0],[-1,0],[-1,0],[-1,0],[0,1],[-1,0],[-1,0],[-1,0],[-1,0],[-1,0],[1,0],[-1,0],[-1,0],[0,1]],[[472,143],[1,0]],[[473,143],[1,0],[-1,0]],[[472,143],[-1,0]],[[472,143],[0,-1],[-1,0],[-1,0],[0,1],[-1,0],[-1,0],[-1,0]],[[467,143],[-1,0],[0,1]],[[466,144],[-1,0]],[[465,144],[-1,0],[-1,0],[1,0],[1,0]],[[466,144],[1,0],[1,0],[0,1],[1,0],[1,0],[1,0],[1,0],[1,0],[1,0],[1,0],[1,0],[0,1],[-1,0],[-1,0],[-1,0],[-1,0],[-1,0]],[[471,146],[1,0],[-1,0]],[[471,146],[-1,0]],[[470,146],[-1,0]],[[469,146],[-1,0]],[[468,146],[0,-1],[-1,0],[-1,0],[-1,0],[-1,0]],[[464,145],[1,0],[-1,0]],[[464,145],[-1,0]],[[463,145],[0,-1],[-1,0],[-1,0],[-1,0],[-1,0],[0,1],[0,-1],[-1,0],[-1,0]],[[457,144],[-1,0]],[[457,144],[1,0],[1,0],[1,0],[-1,0],[-1,0],[-1,0]],[[456,144],[-1,0]],[[455,144],[-1,0]],[[454,144],[-1,0]],[[453,144],[-1,0],[1,0]],[[453,144],[-1,0],[0,1]],[[452,145],[-1,0],[1,0]],[[452,145],[1,0]],[[452,145],[1,1]],[[453,146],[-1,0],[1,0]],[[453,146],[1,0]],[[454,146],[0,1]],[[454,147],[1,0]],[[455,147],[1,0]],[[456,147],[1,0]],[[455,147],[0,1]],[[454,147],[0,1]],[[454,148],[1,0]],[[454,148],[0,1]],[[454,149],[-1,0]],[[453,149],[0,-1]],[[453,149],[-1,0]],[[452,149],[0,-1]],[[452,148],[1,0]],[[453,148],[0,-1]],[[453,147],[-1,0],[1,0]],[[453,147],[-1,0],[0,1]],[[452,148],[0,-1],[-1,0]],[[451,147],[0,-1],[-1,0]],[[450,146],[1,0],[-1,0]],[[450,146],[1,0],[0,-1],[-1,0],[1,0],[-1,0],[-1,0],[0,1],[-1,0]],[[448,146],[-1,0]],[[448,146],[0,-1]],[[448,145],[1,0],[-1,0]],[[448,145],[-1,0]],[[447,145],[-1,0]],[[446,145],[-1,0]],[[445,145],[0,1]],[[445,146],[-1,0]],[[444,146],[-1,0],[-1,0],[-1,0],[1,0],[0,1],[1,0],[1,0],[1,0]],[[445,147],[-1,0],[1,0]],[[445,147],[-1,0],[-1,0],[-1,0],[-1,0],[0,-1],[-1,0],[0,1],[-1,0]],[[439,147],[-1,0]],[[438,147],[-1,0],[-1,0],[0,1]],[[436,148],[1,0]],[[437,148],[1,0],[-1,0]],[[437,148],[1,0],[1,0]],[[439,148],[1,0]],[[439,148],[-1,0],[1,0]],[[440,148],[1,0],[1,0],[-1,0],[-1,0]],[[436,148],[-1,0]],[[435,148],[0,1]],[[435,149],[1,0]],[[436,149],[1,0]],[[435,149],[-1,0]],[[434,149],[-1,0]],[[433,149],[-1,0]],[[432,149],[-1,0]],[[431,149],[-1,0],[1,0]],[[431,149],[0,1],[1,0]],[[432,150],[-1,0],[1,0]],[[432,150],[1,0],[1,0],[0,1],[0,-1],[1,0],[0,1],[-1,0],[0,-1],[0,1],[-1,0],[0,-1],[-1,0]],[[432,150],[-1,0],[-1,0]],[[430,150],[-1,0],[1,0]],[[430,150],[-1,0],[0,-1],[0,1],[-1,0]],[[428,150],[-1,0],[0,-1]],[[427,149],[0,1],[-1,0],[-1,0]],[[425,150],[1,0],[0,1],[1,0]],[[427,151],[-1,0],[1,0]],[[427,151],[1,0]],[[428,151],[0,1],[1,0]],[[429,152],[-1,0],[1,0]],[[429,152],[1,0]],[[430,152],[1,0]],[[431,152],[1,0]],[[432,152],[1,0]],[[433,152],[1,0],[0,1],[1,0],[0,-1],[1,0]],[[436,152],[0,1],[1,0],[0,-1]],[[437,152],[1,0]],[[437,152],[0,-1],[-1,0],[-1,0],[1,0],[1,0],[1,0],[0,1]],[[438,152],[1,0],[1,0]],[[438,152],[1,0],[-1,0]],[[438,152],[1,0],[0,1]],[[439,153],[-1,0]],[[438,153],[-1,0],[1,0]],[[439,153],[1,0]],[[440,153],[1,0]],[[441,153],[1,0]],[[441,153],[0,-1]],[[441,152],[1,0]],[[442,152],[0,1]],[[442,153],[1,0]],[[443,153],[1,0]],[[444,153],[1,0],[1,0]],[[446,153],[-1,0],[1,0]],[[446,153],[-1,0],[0,-1]],[[445,152],[1,0],[0,1]],[[446,153],[1,0]],[[441,153],[0,1]],[[441,154],[-1,-1]],[[438,153],[-1,0],[-1,0],[-1,0],[1,0],[-1,0],[-1,0],[-1,0]],[[433,153],[-1,0]],[[432,153],[-1,0],[1,0]],[[433,153],[1,0],[1,0],[0,1],[0,-1],[0,1],[1,0],[1,0],[1,0],[1,0],[1,0],[-1,0],[1,0],[1,0]],[[441,154],[1,0]],[[442,154],[0,1],[1,0],[1,0],[1,0],[0,-1]],[[445,154],[1,0]],[[446,154],[1,0]],[[447,154],[1,0],[-1,0]],[[447,154],[1,0],[1,0],[-1,0],[1,0],[0,-1],[-1,0]],[[448,153],[1,0],[-1,0]],[[448,153],[-1,0]],[[448,153],[1,0],[0,-1]],[[449,152],[1,0],[-1,0]],[[449,152],[1,0],[0,1],[-1,0],[1,0],[1,0]],[[451,153],[1,0],[1,0],[0,-1]],[[453,152],[1,0],[1,0]],[[455,152],[1,0],[-1,0]],[[455,152],[0,-1]],[[455,152],[-1,-1],[-1,0],[-1,0]],[[452,151],[-1,0]],[[451,151],[-1,0]],[[450,151],[0,-1]],[[450,150],[1,0]],[[451,150],[0,1]],[[452,151],[1,0],[1,0],[1,0]],[[455,151],[1,0]],[[456,151],[1,0],[-1,0]],[[456,151],[0,-1],[1,0]],[[457,150],[1,0],[1,0],[1,0],[0,-1]],[[460,149],[1,0],[-1,0]],[[460,149],[1,0],[0,-1]],[[461,148],[1,0]],[[462,148],[1,0]],[[463,148],[0,1],[-1,0],[1,0],[1,0],[1,0],[1,0],[1,0]],[[467,149],[1,0]],[[468,149],[1,0]],[[469,149],[1,0]],[[470,149],[1,0],[-1,0]],[[470,149],[1,0],[1,0],[1,0],[0,-1]],[[473,148],[1,0]],[[474,148],[1,0],[1,0],[-1,0],[0,1],[-1,0],[-1,0],[-1,0],[0,1],[-1,0],[-1,0],[-1,0]],[[469,150],[-1,0],[-1,0],[-1,0],[-1,0]],[[465,150],[-1,0]],[[464,150],[-1,0]],[[463,150],[-1,0],[1,0]],[[463,150],[-1,0],[-1,0],[0,1],[-1,0],[-1,0],[1,0],[0,1]],[[460,152],[1,0]],[[461,152],[0,-1],[1,0],[0,1]],[[462,152],[0,-1],[0,1]],[[462,152],[1,0]],[[462,152],[-1,0]],[[460,152],[0,-1],[0,1]],[[460,152],[-1,0],[1,0]],[[460,152],[-1,0],[-1,0],[0,1]],[[458,153],[-1,0]],[[458,153],[0,1]],[[458,154],[-1,0]],[[457,154],[0,-1]],[[457,153],[-1,0]],[[456,153],[-1,0]],[[455,153],[-1,0]],[[454,153],[0,1]],[[454,154],[-1,0],[-1,0],[0,1]],[[452,155],[1,0]],[[453,155],[1,0]],[[452,155],[-1,0]],[[451,155],[-1,0]],[[450,155],[-1,0]],[[449,155],[0,1]],[[449,156],[1,0]],[[450,156],[0,1],[1,0],[1,0],[1,0],[1,0],[0,-1]],[[454,156],[-1,0]],[[454,156],[1,0],[-1,0]],[[454,156],[1,0],[0,1]],[[455,157],[1,0]],[[456,157],[1,0],[1,0],[1,0],[1,0]],[[460,157],[0,-1]],[[460,156],[1,0]],[[461,156],[1,0],[1,0],[1,0],[0,-1]],[[464,155],[1,0]],[[465,155],[1,0],[1,0],[1,0]],[[468,155],[1,0]],[[469,155],[1,0]],[[470,155],[1,0],[1,0],[0,-1],[-1,0]],[[471,154],[1,0],[1,0]],[[473,154],[-1,0],[1,0]],[[473,154],[-1,0],[0,1],[1,0],[1,0],[0,-1],[1,0],[-1,0],[1,0],[0,-1]],[[475,153],[1,0],[-1,0]],[[475,153],[0,1],[1,0],[-1,0],[1,0],[1,0],[0,1],[1,0],[1,0],[1,0],[0,-1],[1,0],[1,0],[1,0],[1,0],[-1,0],[-1,0],[0,1],[1,0],[-1,0],[-1,0],[-1,0],[-1,0],[-1,0],[-1,0],[-1,0],[1,0],[-1,0],[-1,0],[-1,0],[-1,0],[0,1],[1,0],[1,0],[1,0],[0,1],[1,0],[-1,0],[1,0],[-1,0],[1,0],[1,0],[1,0]],[[479,157],[1,0]],[[480,157],[1,0],[1,0],[1,0],[1,0],[1,0],[1,0],[1,0],[0,1],[-1,-1],[-1,0],[-1,0],[-1,0],[-1,0],[-1,0],[0,1],[1,0],[0,1],[1,0],[1,0],[1,0],[1,0],[0,1],[1,0],[-1,0],[-1,0],[0,-1],[-1,0],[-1,0],[-1,0],[-1,0],[0,-1],[-1,0],[0,-1]],[[479,157],[-1,0],[0,1],[0,-1],[-1,0],[0,1],[0,-1],[-1,0],[0,1]],[[476,158],[-1,0]],[[476,158],[0,-1],[-1,0]],[[475,157],[-1,0],[0,-1],[-1,0],[-1,0]],[[472,156],[-1,0],[-1,0],[-1,0],[-1,0],[-1,0],[-1,0],[0,1],[-1,0],[-1,0],[1,0],[0,1]],[[465,158],[-1,0]],[[464,158],[-1,0],[-1,0]],[[462,158],[1,0],[-1,0]],[[462,158],[0,-1],[-1,0]],[[461,157],[0,1]],[[461,158],[-1,0]],[[460,158],[-1,0]],[[460,158],[0,-1]],[[460,157],[-1,0],[-1,0],[0,1]],[[458,158],[-1,0]],[[457,158],[1,-1],[-1,0],[0,1]],[[457,158],[-1,0]],[[456,158],[-1,0]],[[455,158],[-1,0],[1,0]],[[455,158],[-1,0],[-1,0],[1,0],[-1,0],[-1,0],[-1,0],[0,1],[1,0],[-1,0],[0,1],[0,1],[1,0]],[[452,161],[0,-1],[0,1]],[[452,161],[0,-1],[1,0]],[[453,160],[1,0],[1,0],[0,1]],[[455,161],[1,0],[1,0],[1,0]],[[458,161],[0,1],[0,-1]],[[458,161],[1,0]],[[459,161],[1,0],[0,1]],[[460,162],[1,0],[1,0],[1,0],[0,-1]],[[463,161],[1,0],[0,1],[1,0],[1,0],[1,0]],[[467,162],[0,-1],[1,0],[0,1]],[[468,162],[1,0]],[[469,162],[1,0],[1,0],[-1,0],[0,-1]],[[470,161],[1,0]],[[471,161],[0,1],[-1,0],[1,0],[1,0],[0,1]],[[472,163],[-1,0]],[[471,163],[0,-1],[-1,0],[-1,0]],[[468,162],[-1,0]],[[467,162],[-1,0],[-1,0],[-1,0],[0,1],[0,-1],[-1,0],[-1,0],[-1,0],[-1,0]],[[460,162],[-1,0]],[[459,162],[-1,0],[-1,0],[-1,0],[-1,0],[0,-1]],[[455,161],[-1,0],[1,0]],[[455,161],[-1,0],[0,1],[-1,0],[0,1],[1,0],[-1,0],[0,1],[-1,0],[1,0],[-1,0],[0,1]],[[452,165],[1,0]],[[453,165],[1,0]],[[454,165],[1,0],[1,0],[1,0],[1,0],[0,1],[0,-1],[0,1],[1,0],[1,0],[1,0],[1,0],[1,0],[0,1],[1,0],[0,-1],[-1,0],[1,0],[1,0]],[[465,166],[1,0],[0,1],[1,0],[1,0],[-1,0],[1,0],[1,0],[1,0],[1,0],[1,0],[1,0],[1,0],[1,0],[0,-1],[-1,0],[0,-1],[-1,0],[-1,0],[0,-1]],[[472,164],[-1,0],[1,0]],[[472,164],[0,1],[0,-1]],[[472,164],[1,0]],[[473,164],[0,1],[1,0],[1,0]],[[475,165],[0,1],[1,0],[0,1],[1,0],[1,0],[1,0],[1,0],[1,0]],[[481,167],[-1,0],[1,0]],[[481,167],[0,-1],[1,0],[-1,0],[1,0],[0,-1],[1,0],[0,-1],[1,0],[1,0],[1,0],[1,0],[1,0],[0,-1],[1,0]],[[489,163],[-1,0],[1,0]],[[489,163],[1,0]],[[489,163],[0,1],[-1,0],[1,0],[1,0],[1,0],[1,0],[-1,0],[-1,0],[-1,0],[-1,0],[-1,0],[0,1],[-1,0],[-1,0],[0,1],[-1,0],[0,1],[-1,0],[-1,1],[-1,0]],[[481,168],[-1,0]],[[480,168],[-1,0]],[[479,168],[-1,0],[-1,0],[-1,0],[-1,0],[-1,0],[-1,0],[-1,0],[-1,0],[-1,0],[-1,0],[-1,0],[0,1],[1,0],[1,0],[0,1],[-1,0],[0,1],[1,0]],[[470,171],[-1,0],[1,0]],[[470,171],[0,1],[1,0],[-1,0],[0,1],[1,0]],[[471,173],[-1,0],[1,0]],[[471,173],[0,1],[-1,0],[1,0],[1,0],[1,0],[0,1],[1,0],[0,-1],[1,0],[1,0],[1,0],[1,0],[0,-1],[1,0],[1,0],[1,0],[1,0],[0,-1],[1,0],[1,0],[1,0],[1,0],[1,0],[1,0],[1,0],[0,-1],[1,0],[0,-1],[1,0],[0,1],[-1,0],[-1,0],[1,0],[-1,0],[1,0],[-1,0],[0,1],[-1,0],[1,0],[-1,0],[-1,0],[-1,0],[0,1],[-1,0],[-1,0],[-1,0],[-1,0],[-1,0],[-1,0],[1,0],[0,1],[-1,0],[-1,0],[1,0],[0,-1],[-1,0],[0,1],[-1,0],[-1,0],[0,1],[-1,0],[-1,0],[-1,0],[1,0],[-1,0],[0,1],[-1,0],[-1,0],[-1,0],[0,-1],[-1,0],[-1,0],[-1,0],[-1,0]],[[467,175],[1,0],[-1,0]],[[467,175],[0,1],[-1,0]],[[466,176],[-1,0]],[[465,176],[-1,0]],[[464,176],[-1,0],[1,0]],[[465,176],[0,-1],[1,0]],[[466,175],[1,0]],[[467,175],[0,-1],[0,-1],[-1,0],[0,-1]],[[466,172],[-1,0]],[[465,172],[0,-1],[-1,0],[0,-1],[-1,0],[1,0],[-1,0],[1,0],[-1,0],[1,0],[-1,0],[1,0],[-1,0],[1,0],[-1,0],[1,0],[-1,0],[1,0],[-1,0],[0,-1],[0,-1],[0,-1],[-1,0],[-1,0],[-1,0],[-1,0],[0,1],[-1,0],[-1,0],[-1,0]],[[456,168],[1,1],[-1,0],[-1,0],[1,0],[-1,0],[-1,0]],[[454,169],[0,1]],[[454,170],[-1,0]],[[453,170],[-1,0]],[[454,170],[0,1]],[[454,171],[-1,0],[1,0]],[[453,170],[0,1],[1,0]],[[452,170],[-1,0]],[[451,170],[-1,0],[-1,0]],[[449,170],[0,1]],[[449,171],[-1,0]],[[449,170],[-1,0]],[[448,170],[0,1]],[[448,171],[-1,0]],[[448,171],[0,1],[-1,0],[1,0],[1,0],[0,1],[1,0],[-1,0],[1,0],[-1,0],[1,0],[-1,0],[0,1],[0,1],[0,1],[-1,0],[1,0],[0,1],[1,0],[1,0],[-1,0],[-1,0],[0,1],[-1,0]],[[448,178],[0,1],[1,0],[0,1]],[[449,180],[1,0],[-1,-1],[0,1]],[[449,180],[0,-1],[1,0],[0,1],[-1,0]],[[449,180],[1,0],[-1,0]],[[449,180],[-1,0],[0,-1],[-1,0],[-1,0]],[[446,179],[-1,0]],[[445,179],[0,1],[-1,0],[1,0],[-1,0],[0,1]],[[444,181],[1,0]],[[445,181],[0,1]],[[445,182],[1,0]],[[446,182],[1,0]],[[447,182],[1,0]],[[447,182],[0,-1],[1,0],[-1,0],[1,0],[1,0]],[[449,181],[0,1],[0,1]],[[449,183],[-1,0]],[[448,183],[-1,0]],[[449,183],[1,0]],[[450,183],[1,0]],[[451,183],[1,0],[1,0],[1,0],[-1,0],[-1,0],[-1,0]],[[451,183],[0,1],[-1,0],[-1,0],[-1,0],[1,0],[-1,0],[-1,0],[-1,0],[0,1],[1,0],[1,0],[1,0],[1,0],[-1,0],[-1,0],[-1,0],[-1,0],[0,1],[0,1],[1,0],[-1,0],[1,0],[-1,0],[1,0],[1,0],[1,0]],[[449,187],[1,0],[0,1],[1,0],[-1,0],[0,1],[1,0]],[[451,189],[1,0],[0,-1],[1,0],[-1,0],[0,1],[1,0],[1,0]],[[454,189],[0,-1]],[[454,188],[1,0]],[[455,188],[0,-1],[1,0],[-1,0],[0,1]],[[455,188],[1,0],[1,0]],[[457,188],[1,0],[1,0],[1,0],[0,1]],[[468,189],[0,-1],[1,0],[0,1]],[[469,189],[0,-1],[1,0],[1,0],[1,0]],[[473,188],[4,-1],[4,-1]],[[535,172],[-1,0],[-1,0],[1,-1],[1,0],[1,0],[1,0],[1,0],[1,0],[0,-1],[1,0],[-1,-1],[-1,0],[-1,0],[-1,-1],[-1,0],[-1,0],[-1,-1],[-1,0],[0,-1],[-1,0]],[[531,166],[0,-1],[-1,0],[-1,0],[0,-1],[-1,0],[-1,0],[-1,-1],[-1,0],[-2,-1],[-2,0],[-2,-1],[-1,0],[-1,0],[-1,-1],[-2,0],[-1,0],[-1,0],[-1,-1],[-1,0],[0,-1],[-1,0],[-1,-1],[-1,0],[1,-1],[1,0],[1,0],[1,0],[0,-1],[0,-1],[-1,-1],[-1,0],[0,-1],[2,-1],[1,0],[1,-1],[1,0],[1,-1],[1,0],[1,0],[1,0],[0,-1],[1,0],[0,-1],[0,-1],[1,-1],[1,0],[1,-1],[1,0],[2,-1],[2,0],[2,-1],[1,0],[1,-1],[1,0],[1,-1],[1,0],[1,-1],[-1,0],[-1,-1],[-1,0],[0,-1],[0,-1],[-1,0],[1,0],[3,-1],[2,0],[1,0],[1,0],[1,0],[1,0],[1,0],[1,1],[1,0],[1,0],[1,0],[1,1],[1,0],[1,0],[1,0],[0,1],[1,0],[1,0],[1,0],[1,0],[1,0],[1,1],[1,0],[1,0],[1,0],[1,0],[1,0],[1,0],[1,0],[1,0],[1,0],[1,-1],[1,0],[1,0],[1,0],[1,0],[1,0],[1,0],[0,1],[1,0],[1,0],[1,0],[1,0],[1,1],[1,0],[1,0],[1,-1],[1,0],[1,0],[1,0],[1,0],[1,0],[1,0],[1,0],[1,0],[0,-1],[1,0],[1,0],[1,0],[1,0],[1,0],[-1,0],[-1,-1],[-1,0],[-1,0],[-1,-1],[0,-1],[1,0],[1,0],[1,0],[1,0],[0,-1],[1,0],[1,0],[0,-1],[1,0],[0,-1],[1,-1],[0,-1],[-1,-1],[0,-1],[-2,0],[0,1],[-1,0],[-1,-1],[0,1],[-1,0],[-1,0],[-1,0],[0,-1],[-1,-1],[-1,0],[-1,0],[-1,0],[0,-1],[1,0],[0,-1],[1,0],[1,0],[1,0],[0,-1],[1,0],[1,0],[1,0],[1,0],[0,-1],[1,0],[1,0],[0,-1],[-1,0],[-1,0],[-1,0],[0,-1],[-1,0],[-1,0],[-1,0],[-1,0],[0,-1],[1,0],[1,0],[1,0],[1,0],[0,-1],[-1,0],[-1,-1],[0,-1],[1,0],[-1,0],[-1,0],[0,-1],[1,0],[-1,0],[-1,0],[-1,0],[-1,0],[-1,0],[1,0],[-1,0],[0,-1],[-1,0],[-1,0],[0,-1],[1,0],[1,0],[1,0],[1,0],[1,0],[1,0],[1,0],[1,0],[0,-1],[1,0],[1,0],[1,0],[-1,0],[0,-1],[0,-1],[1,0],[1,0],[1,0],[1,0],[1,0],[1,0],[1,0],[1,0],[1,0],[0,-1],[-1,0],[1,0],[1,0],[1,0],[1,0],[0,-1],[1,0],[2,0],[1,0],[3,-1],[1,0],[0,-3],[-1,0],[0,-1],[-1,0]],[[610,104],[1,0],[1,0],[0,-1],[4,0],[8,0],[8,0],[1,0],[14,0],[35,0],[8,0]],[[690,103],[26,0],[35,0],[8,-1],[3,0],[3,-1],[4,0],[6,0],[5,-1]],[[780,100],[3,0],[1,-1],[1,0],[2,0],[4,0],[1,0],[11,0],[1,0],[1,0],[2,0],[1,0],[2,0],[2,0],[3,-1],[3,0],[1,0],[1,0],[1,0],[1,0],[2,-1],[1,0],[3,0],[2,0],[2,-1],[2,0],[2,0],[2,0],[1,0],[2,0],[1,0],[2,0],[1,0],[2,-1],[2,0],[1,0],[1,0],[2,0],[1,0],[2,0],[2,0],[1,0],[1,0],[0,-1],[0,-1],[-1,0],[0,1],[-1,0],[-1,0],[-1,0],[0,1],[-1,0],[-1,0],[-1,0],[0,-1],[-1,0],[-1,0],[-1,0],[0,1],[-1,0],[-1,0],[-1,0],[-1,0],[-1,0],[-1,0],[-1,0],[-1,0],[-1,0],[-1,0],[-1,0],[-1,0],[-1,0],[-1,0],[-1,0],[-1,0],[-1,0],[-1,0],[-1,0],[-1,0],[-1,0],[-1,0],[-1,0],[1,0],[-1,0],[0,1],[-1,0],[-1,0],[-1,0],[-1,0],[-1,0],[-1,0],[1,0],[-1,0],[-1,0],[1,0],[-1,0],[-1,0],[0,1],[-1,0],[-1,0],[-1,0],[-1,0],[0,1],[-1,0],[-1,0],[-1,0],[-1,0],[-1,0],[-1,0],[-1,0],[-1,0],[-1,0],[-1,0],[-1,0],[-1,0],[-1,0],[-1,0],[-1,0],[0,-1],[-1,0],[-1,0],[-1,0],[-1,0],[-1,0],[-1,0],[-1,0],[-1,0],[-1,0],[-1,0],[-1,0],[0,-1],[-1,0],[-1,0],[0,-1],[-1,0],[1,0],[0,-1],[-1,0],[1,0],[-1,0],[1,0],[-1,0],[1,0],[0,-1],[-1,0],[-1,0],[-1,0],[-1,0],[-1,0],[-1,0],[0,-1],[0,1],[0,-1],[-1,0],[1,0],[-1,0],[1,0],[1,0],[1,0],[-1,0],[0,-1],[-1,0],[-1,0],[-1,0],[-1,0],[0,-1],[-1,0],[-1,0],[-1,0],[-1,0],[0,-1],[-1,0],[-1,0],[-1,0],[-1,0],[-1,0],[0,1],[-1,0],[-1,0],[-1,0],[-1,0],[-1,0],[-1,0],[0,1],[-1,0],[-1,0],[-1,0],[-1,0],[0,-1],[-1,0],[-1,0],[-1,0],[-1,0],[-1,0],[0,-1],[-1,0],[-1,0],[-1,0],[-1,0],[-1,0],[-1,0],[-1,0],[-1,0],[-1,0],[0,-1],[-1,0],[-1,0],[-1,0],[-1,0],[-1,0],[-1,0],[-1,0],[0,-1],[-1,0],[-1,0],[0,-1],[-1,0],[0,1],[-1,0],[-1,0],[-1,0],[-1,0],[-1,0],[-1,0],[-1,0],[0,-1],[-1,0],[1,0],[0,1],[0,-1],[-1,0],[-1,0],[-1,0],[-1,0],[-1,0],[-1,0],[0,-1],[-1,0],[-1,0],[-1,0],[-1,0],[-1,0],[-1,0],[-1,0],[-1,0],[0,-1],[-1,0],[0,1],[-1,0],[1,0],[1,0],[1,0],[-1,0],[0,1],[1,0],[1,0],[-1,0],[-1,0],[-1,0],[-1,0],[-1,0],[-1,0]],[[710,86],[0,-1],[1,0],[1,0],[1,0],[-1,0],[-1,0],[-1,0],[-1,0],[-1,0],[-1,0],[-1,0],[-1,0],[-1,0]],[[704,85],[0,-1],[0,1]],[[704,85],[0,-1],[-1,0],[-1,0],[1,0],[-1,0],[-1,0],[1,0],[-1,0],[-1,0],[1,0],[-1,0],[0,1],[-1,0],[-1,0],[0,-1],[-1,0],[1,0],[-1,0],[-1,0],[-1,0],[-1,0],[-1,0],[1,0],[-1,0],[-1,0],[1,0],[0,1],[-1,0],[0,-1],[-1,0],[-1,0],[-1,0]],[[689,84],[1,0],[1,0],[-1,0],[1,0],[1,0],[1,0],[1,0],[1,0],[1,0],[0,-1],[-1,0],[1,0],[-1,0],[-1,0]],[[694,83],[-1,0],[1,0]],[[694,83],[1,0],[1,0],[-1,0],[1,0],[1,0],[1,0]],[[698,83],[1,0]],[[699,83],[1,0],[-1,0]],[[698,83],[0,-1],[-1,0],[-1,0],[-1,0],[-1,0],[1,0],[-1,0],[1,0],[-1,0],[-1,0],[1,0],[1,0],[1,0],[-1,0],[-1,0],[1,0],[-1,0],[1,-1],[-1,0],[-1,0],[0,-1],[-1,0],[-1,0],[1,0],[-1,0],[-1,0],[-1,0],[0,-1],[0,1],[0,-1],[1,0],[1,0]],[[691,79],[0,1],[0,-1]],[[691,79],[1,0],[1,0]],[[693,79],[1,0],[-1,0]],[[693,79],[1,0],[1,0],[1,0],[1,0],[-1,0],[-1,0],[-1,0],[1,0],[-1,0],[0,-1],[1,0],[-1,0],[0,-1],[-1,0],[0,-1],[-1,0],[-1,0],[0,-1],[-1,0],[0,-1],[1,0],[1,0],[-1,0],[-1,0],[0,-1],[-1,0],[-1,0],[-1,0],[0,-1],[-1,0],[0,-1],[-1,0],[0,-1],[1,0],[-1,0],[1,0],[-1,0],[1,0],[0,-1],[-1,0],[0,-1],[-1,0],[-1,0],[0,-1],[-1,0],[1,0],[0,-1],[0,-1],[1,0],[0,-1],[1,0],[1,0],[-1,0],[1,0],[0,-1],[0,-1],[1,0],[-1,0],[1,0],[-1,0],[0,-1],[1,0],[-1,0],[1,0],[-1,0],[0,1],[0,-1],[1,0],[1,0],[-1,0],[-1,0],[-1,0],[1,0],[0,-1],[-1,0],[-1,0],[-1,0],[1,0],[0,-1],[0,-1],[-1,0],[0,-1],[1,0],[-1,0],[1,0],[-1,0],[-1,0],[-1,0],[1,0],[-1,0],[-1,0],[0,-1],[-1,0],[0,1],[0,-1],[-1,0],[-1,0]],[[677,56],[1,0],[-1,0]],[[677,56],[-1,0],[1,0]],[[677,56],[-1,0],[-1,0],[-1,0],[-1,0],[0,-1],[-1,0],[-1,0],[-1,0],[-1,0],[-1,0],[-1,0],[-1,0],[0,-1],[-1,0],[-1,0],[-1,0],[-1,0],[-1,0],[-1,0],[-1,0],[-1,0],[0,1],[-1,0],[-1,0],[-1,0],[-1,0],[-1,0],[-1,0],[-1,0],[-1,0],[-1,0],[0,1],[-1,0],[-1,0],[-1,0],[-1,0],[-1,0],[-1,0],[-1,0],[-1,0],[-1,0],[-1,0],[-1,0],[-1,0],[-1,0],[-1,0],[-1,0],[0,1]],[[634,57],[-1,0]],[[633,57],[-1,0]],[[632,57],[-1,0]],[[631,57],[-1,0]],[[630,57],[-1,0],[0,1],[-1,0],[-1,0],[-1,0],[-1,0],[-1,0]],[[624,58],[-1,0]],[[623,58],[-1,0],[-1,0]],[[621,58],[-1,0],[0,1]],[[620,59],[-1,0]],[[619,59],[-1,0],[-1,0],[1,0],[1,0]],[[620,59],[0,1],[1,0],[-1,0],[-1,0],[0,-1]],[[619,59],[-1,0],[-1,0],[-1,0],[1,0],[-1,0],[-1,0],[-1,0],[-1,0],[1,0],[-1,0],[0,1],[-1,0],[-1,0],[1,0],[0,-1],[1,0],[-1,0],[-1,0],[-1,0],[-1,0],[-1,0],[-1,0],[-1,0],[0,1],[-1,0],[-1,0],[-1,0],[-1,0],[-1,0],[-1,0],[0,1],[-1,0],[-1,0],[1,0],[-1,0],[-1,0],[0,1],[-1,0],[-1,0],[-1,0],[-1,0]],[[593,62],[-1,0]],[[592,62],[-1,0]],[[591,62],[0,1],[1,0]],[[592,63],[1,0],[1,0],[0,1],[0,-1],[-1,0],[-1,0]],[[592,63],[1,0],[-1,0]],[[592,63],[-1,0],[-1,0],[-1,0]],[[589,63],[-1,0],[-1,0],[0,1],[0,-1],[1,0],[0,1],[-1,0],[-1,0]],[[586,64],[1,0],[-1,0]],[[586,64],[0,1],[0,-1]],[[586,64],[-1,0]],[[585,64],[-1,0]],[[584,64],[0,1]],[[584,65],[-1,0],[-1,0]],[[582,65],[-1,0]],[[581,65],[0,1],[-1,0]],[[580,66],[0,1]],[[580,67],[-1,0],[1,0]],[[580,67],[0,1]],[[580,68],[1,0]],[[580,67],[1,0]],[[581,67],[0,1]],[[581,68],[1,0],[1,0],[-1,0],[-1,0]],[[581,68],[1,0],[0,1],[-1,0],[1,0],[1,0],[1,0],[0,1],[1,0],[1,0],[1,0],[1,0],[1,0],[1,0],[0,1]],[[590,71],[1,0]],[[591,71],[1,0]],[[592,71],[1,0],[1,0],[1,0],[1,0],[1,0],[1,0],[1,0],[1,0],[0,-1],[1,0],[0,1],[1,0]],[[602,71],[1,0]],[[603,71],[1,0],[0,-1],[1,0],[-1,0],[1,0],[0,-1],[1,0],[-1,0],[0,-1]],[[605,68],[1,0],[-1,0]],[[605,68],[-1,0]],[[604,68],[0,-1],[1,0]],[[605,67],[-1,0],[-1,0]],[[603,67],[-1,0]],[[602,67],[-1,0],[1,0]],[[602,67],[-1,0],[0,-1]],[[601,66],[-1,0],[0,1]],[[600,67],[0,-1],[-1,0],[-1,0]],[[598,66],[-1,0]],[[597,66],[-1,0]],[[596,66],[-1,0],[-1,0],[-1,0],[1,0],[1,0],[1,0]],[[598,66],[1,0],[1,0],[1,0]],[[601,66],[1,0]],[[602,66],[1,0]],[[603,66],[1,0]],[[604,66],[0,1],[1,0]],[[605,67],[1,0],[-1,0]],[[605,67],[1,0],[1,0],[1,0],[1,0],[1,0],[1,0],[0,1],[-1,0],[1,0],[0,1],[-1,0],[0,1],[-1,0],[1,0],[0,1],[1,0],[1,0],[1,0],[1,0],[0,1],[0,-1],[1,0],[1,0],[1,0],[1,0],[1,0],[1,0],[1,0],[0,1],[0,-1],[1,0],[1,0],[1,0],[0,-1],[0,-1],[1,0],[-1,0],[1,0],[-1,0],[0,-1],[1,0],[0,-1]],[[625,67],[1,0],[1,0],[1,0],[0,-1],[1,0],[-1,0],[-1,0],[-1,0],[0,-1]],[[626,65],[-1,0],[1,0]],[[626,65],[-1,0],[-1,0],[-1,0],[1,0],[-1,0],[1,0],[-1,0],[-1,0]],[[622,65],[-1,0]],[[621,65],[-1,0],[-1,0],[0,-1]],[[619,64],[-1,0]],[[618,64],[-1,0],[-1,0],[-1,0],[-1,0]],[[614,64],[-1,0]],[[613,64],[-1,0]],[[612,64],[0,-1]],[[612,63],[-1,0],[0,1]],[[611,64],[1,0]],[[611,64],[0,-1],[-1,0]],[[610,63],[0,1],[-1,0],[0,-1]],[[609,63],[-1,0],[-1,0],[-1,0],[1,0],[-1,0],[1,0],[-1,0],[-1,0],[1,0],[-1,0],[-1,0]],[[604,63],[1,0],[1,0],[1,0],[1,0],[1,0]],[[609,63],[1,0]],[[609,63],[-1,0],[1,0]],[[610,63],[1,0],[1,0]],[[612,63],[-1,0],[1,0]],[[612,63],[1,0]],[[613,63],[1,0]],[[614,63],[1,0],[1,0]],[[616,63],[1,0]],[[617,63],[1,0]],[[618,63],[1,0]],[[619,63],[0,1]],[[619,64],[1,0],[0,-1],[-1,0]],[[619,63],[1,0],[-1,0]],[[619,63],[1,0],[1,0],[1,0],[0,1],[1,0],[1,0]],[[624,64],[1,0],[1,0],[1,0],[0,1]],[[627,65],[1,0]],[[628,65],[1,0]],[[629,65],[0,1],[1,0],[-1,0],[-1,0],[0,1],[1,0],[-1,0],[0,1],[0,-1],[1,0],[0,1]],[[629,68],[1,0]],[[629,68],[-1,0],[0,1],[-1,0],[1,0],[1,0],[1,0],[-1,0],[0,1],[-1,0],[1,0],[0,1],[1,0],[1,0],[0,1],[-1,0],[1,0],[1,0],[1,0],[1,0],[1,0],[1,0],[1,0],[1,0],[1,0],[1,0],[0,1],[1,0],[1,0],[1,0],[1,0],[1,0],[1,0],[0,1],[1,0],[1,0],[1,0],[1,0],[1,0],[1,0],[1,0],[1,0],[1,0],[1,0],[1,0],[1,0],[0,1],[1,0],[1,0],[0,1],[1,0],[1,0],[1,0],[0,1],[1,0],[-1,0],[1,0],[1,0],[0,1],[1,0],[1,0],[1,0],[0,1],[1,0],[1,0],[1,0],[1,0],[0,1],[1,0],[1,0],[-1,0],[0,1],[-1,0],[0,1],[-1,0],[-1,0],[-1,0],[-1,0],[-1,0],[-1,0],[-1,0],[0,1],[-1,0],[-1,0],[-1,0],[-1,0],[0,-1],[-1,0],[-1,0],[-1,0],[-1,0],[-1,0],[0,1],[-1,0]],[[655,83],[-1,0]],[[654,83],[0,1]],[[654,84],[1,0],[0,1],[-1,0]],[[654,85],[-1,0],[-1,0]],[[652,85],[0,1],[-1,0]],[[651,86],[-1,0],[-1,0],[0,1],[-1,0]],[[648,87],[-1,0],[-1,0],[0,1],[-1,0],[-1,0],[0,1],[-1,0],[-1,0],[-1,0],[-1,0],[-1,0],[0,-1],[-1,0],[-1,0],[-1,0],[0,1],[-1,0],[-1,0],[-1,0],[-1,0],[-1,0],[-1,0],[-1,0],[-1,0],[-1,0],[-1,0],[-1,0],[-1,0],[-1,0],[-1,0],[-1,0],[-1,0],[-1,0],[-1,0],[-1,0],[-1,0],[-1,0],[-1,0],[-1,0],[-1,0],[-1,0],[-1,0],[-1,0],[-1,0],[-1,0],[-1,0]],[[606,89],[-1,0]],[[605,89],[0,1]],[[605,89],[-1,0],[1,0]],[[605,89],[-1,0],[0,1]],[[604,90],[1,0]],[[604,90],[-1,0],[1,0]],[[604,90],[-1,0],[0,-1],[1,0],[-1,0],[-1,0],[1,0],[0,1],[-1,0]],[[602,90],[-1,0],[-1,0],[-1,0],[0,-1],[-1,0],[0,1],[-1,0],[0,-1],[-1,0]],[[596,89],[-1,0],[-1,0],[-1,0]],[[593,89],[0,1],[-1,0],[0,-1]],[[592,89],[0,1],[-1,0],[0,-1],[-1,0],[-1,0],[-1,0]],[[588,89],[0,-1],[-1,0],[-1,0],[-1,0],[0,-1],[-1,0]],[[584,87],[-1,0]],[[583,87],[-1,0]],[[582,87],[-1,0],[1,0]],[[584,87],[1,0],[-1,0]],[[584,87],[0,-1]],[[584,86],[-1,0]],[[583,86],[-1,0]],[[582,86],[-1,0],[1,0]],[[582,86],[-1,0],[-1,0],[-1,0],[0,1],[-1,0],[-1,0],[-1,0],[-1,0],[-1,0],[-1,0],[0,1],[1,0],[1,0],[1,0],[-1,0],[1,0],[1,0],[0,1],[1,0],[1,0],[1,0],[1,0]],[[581,89],[1,0]],[[582,89],[1,0],[1,0]],[[584,89],[1,0],[1,0],[0,1],[-1,0],[-1,0],[-1,0],[-1,0],[-1,0],[0,-1]],[[581,89],[-1,0],[-1,0],[-1,0],[-1,0],[-1,0],[-1,0],[-1,0],[0,-1],[-1,0],[-1,0],[-1,0],[-1,0]],[[570,88],[-1,0]],[[569,88],[0,1]],[[569,89],[-1,0]],[[568,89],[-1,0]],[[569,89],[1,0],[-1,0]],[[569,89],[1,0],[0,1],[-1,0],[-1,-1]],[[567,89],[-1,0]],[[566,89],[-1,0],[-1,0],[-1,0]],[[563,89],[-1,0],[-1,0],[-1,0],[0,-1],[-1,0],[0,1],[0,-1],[-1,0],[0,1],[-1,0],[-1,0]],[[556,89],[-1,0]],[[555,89],[-1,0],[-1,0],[-1,0],[1,0],[1,0],[-1,0],[-1,0],[1,0],[1,0],[0,-1]],[[554,88],[-1,0],[-1,0],[-1,0],[1,0],[1,0],[1,0]],[[554,88],[1,0]],[[554,88],[-1,0],[1,0]],[[554,88],[-1,0],[-1,0],[1,0],[-1,0],[-1,0],[-1,0],[-1,0],[-1,0],[1,0],[1,0],[1,0],[1,0],[0,-1],[-1,0],[-1,0],[1,0],[-1,0],[0,-1],[-1,0],[-1,0],[0,-1],[-1,0],[-1,0],[0,-1],[-1,0],[-1,0],[-1,0],[1,0],[1,0],[1,0],[1,0],[0,1],[1,0],[1,0],[0,1],[1,0],[1,0]],[[551,86],[0,1],[1,0],[1,0],[1,0],[1,0],[1,0],[1,0],[1,0],[-1,0],[-1,0],[1,0],[1,0],[-1,0],[1,0],[-1,0],[1,0],[1,0],[1,0],[1,0],[-1,0],[-1,0],[0,-1],[1,0],[0,1],[1,0],[1,0],[0,-1],[1,0],[1,0],[1,0],[1,0],[-1,0],[1,0],[-1,0],[0,-1]],[[565,85],[-1,0]],[[564,85],[-1,0],[-1,0],[-1,0],[0,-1],[-1,0],[-1,0],[-1,0],[1,0],[-1,0],[0,-1]],[[558,83],[-1,0],[-1,0],[-1,0]],[[555,83],[-1,0],[0,-1]],[[554,82],[-1,0]],[[553,82],[-1,0],[-1,0]],[[551,82],[-1,0]],[[550,82],[-1,0]],[[549,82],[0,1],[-1,0],[-1,0],[1,0],[0,-1]],[[548,82],[1,0]],[[548,82],[-1,0],[-1,0]],[[546,82],[-1,0],[0,-1]],[[545,81],[-1,0],[-1,0],[-1,0]],[[542,81],[-1,0],[-1,0],[-1,0],[-1,0],[1,0],[1,0],[1,0],[1,0]],[[542,81],[1,0],[1,0],[0,-1],[1,0]],[[545,80],[1,0],[1,0]],[[547,80],[0,-1]],[[547,79],[-1,0]],[[546,79],[-1,0],[0,-1],[1,0],[-1,0],[1,0],[1,0]],[[547,78],[0,-1]],[[547,77],[-1,0],[-1,0],[1,0],[-1,0],[1,0],[-1,0],[1,0],[0,-1],[-1,0],[-1,0],[1,0],[-1,0],[0,-1]],[[544,75],[-1,0]],[[543,75],[-1,0]],[[542,75],[0,1],[-1,0],[-1,0],[1,0],[0,-1],[-1,0],[-1,0]],[[539,75],[-1,0]],[[538,75],[-1,0],[1,0]],[[538,75],[-1,0],[-1,0],[1,0],[-1,0],[-1,0],[0,-1]],[[535,74],[-1,0]],[[534,74],[-1,0],[1,0]],[[534,74],[0,1],[-1,0]],[[533,75],[-1,0]],[[532,75],[-1,0],[0,1],[-1,0],[1,0],[1,0],[0,1],[1,0],[0,-1],[-1,0],[1,0],[0,1],[1,0],[-1,0],[-1,0],[-1,0],[-1,0],[-1,0],[1,0],[1,0],[0,-1],[-1,0],[-1,0],[-1,0],[1,0],[1,0],[-1,0],[0,-1],[1,0],[1,0],[-1,0],[0,-1]],[[530,74],[-1,0]],[[529,74],[-1,0],[0,1],[-1,0],[-1,0],[-1,0],[1,0],[-1,0],[-1,0],[-1,0],[-1,0],[-1,0],[-1,0],[1,0],[-1,0],[0,1],[-1,0],[-1,-1],[0,1],[-1,0],[1,0],[1,0],[-1,0],[-1,0],[-1,0],[1,0],[-1,0],[-1,0],[-1,0],[-1,0]],[[513,76],[0,1]],[[513,77],[-1,0]],[[513,77],[1,0],[1,0]],[[515,77],[1,0]],[[516,77],[1,0],[1,0],[1,0],[1,0],[1,0],[1,0],[1,0],[-1,0],[-1,0],[-1,0],[-1,0],[-1,0],[0,1]],[[518,78],[-1,0],[-1,0]],[[518,78],[1,0],[1,0],[0,1]],[[520,79],[1,0]],[[521,79],[1,0]],[[522,79],[0,-1],[0,1]],[[522,79],[0,-1],[1,0],[0,1],[-1,0]],[[522,79],[1,0],[0,-1],[1,0],[1,0],[1,0],[1,0],[-1,0],[-1,0],[-1,0],[0,1],[1,0],[1,0],[1,0],[1,0],[-1,0],[1,0],[1,0],[1,0],[1,0],[1,0],[1,0],[-1,0],[0,1],[-1,0],[-1,0],[-1,0],[-1,0],[-1,0],[-1,0],[0,-1],[-1,0],[-1,0],[-1,0],[-1,0]],[[522,79],[0,1],[1,0],[1,0],[-1,0],[-1,0],[1,0],[-1,0],[-1,0],[0,-1]],[[520,79],[0,1],[-1,0],[-1,0]],[[518,80],[1,0],[-1,0]],[[518,80],[0,1],[-1,0],[0,-1]],[[517,80],[-1,0]],[[516,80],[0,1],[-1,0],[-1,0],[-1,0],[-1,0],[1,0],[0,-1]],[[513,80],[0,1],[-1,0],[-1,0]],[[511,81],[-1,0],[-1,0],[-1,0],[-1,0]],[[507,81],[0,1],[1,0],[-1,0],[-1,0],[-1,0]],[[505,82],[-1,0]],[[504,82],[-1,0]],[[505,82],[0,1],[1,0],[-1,0],[1,0],[1,0]],[[507,83],[1,0],[1,0],[1,0]],[[510,83],[1,-1],[1,0]],[[512,82],[1,0],[1,0]],[[512,82],[-1,0],[-1,0],[0,-1],[0,1],[1,0],[1,0]],[[514,82],[-1,0],[1,0]],[[514,82],[1,0],[0,1]],[[515,83],[1,0]],[[516,83],[1,0]],[[517,83],[0,-1],[1,0],[-1,0],[1,0],[-1,0],[-1,0],[0,-1],[1,0],[0,1],[1,0],[1,0],[-1,0],[1,0],[1,0],[1,0],[1,0],[-1,0],[1,0],[0,1]],[[522,83],[1,0]],[[523,83],[0,-1],[1,0]],[[524,82],[1,0]],[[525,82],[1,0],[1,0],[-1,0],[0,1],[-1,0]],[[525,83],[1,0],[1,0],[-1,0],[0,1],[-1,0]],[[525,84],[0,-1]],[[525,83],[-1,0]],[[524,83],[-1,0]],[[522,83],[0,1],[1,0],[0,1],[1,0]],[[524,85],[0,-1]],[[524,84],[-1,0],[1,0]],[[524,84],[1,0]],[[525,84],[1,0],[0,1],[-1,0]],[[525,85],[-1,0]],[[524,85],[-1,0],[-1,0],[0,1],[-1,0],[-1,0],[1,0],[0,1],[1,0],[-1,0],[-1,0],[-1,0],[0,1],[-1,0],[-1,0],[0,1],[-1,0],[1,0],[0,-1],[-1,0],[0,1],[-1,0],[1,0],[0,-1],[1,0],[1,0],[0,-1],[-1,0],[-1,0],[0,1],[-1,0],[1,0],[0,-1],[1,0],[1,0],[1,0],[0,-1],[-1,0],[1,0],[1,0],[-1,0],[-1,0],[-1,0],[0,-1],[-1,0],[1,0],[1,0]],[[518,85],[1,0]],[[519,85],[1,0]],[[518,85],[-1,0],[0,-1]],[[517,84],[-1,0]],[[516,84],[-1,0]],[[515,84],[-1,0]],[[515,84],[0,1],[1,0],[-1,0],[-1,0]],[[514,85],[0,-1]],[[514,84],[-1,0]],[[513,84],[0,1]],[[513,85],[1,0]],[[514,85],[1,0],[1,0],[0,1],[1,0],[1,0],[-1,0],[-1,0],[-1,0]],[[515,86],[-1,0]],[[514,86],[-1,0]],[[513,86],[0,1],[-1,0],[1,0],[0,-1]],[[513,86],[-1,0],[1,0]],[[513,86],[-1,0],[0,-1]],[[512,85],[-1,0]],[[511,85],[-1,0]],[[510,85],[0,1],[0,-1]],[[510,85],[-1,0]],[[509,85],[-1,0]],[[509,85],[0,1],[0,-1]],[[509,85],[0,1],[-1,0],[-1,0],[0,-1]],[[507,85],[0,1],[0,-1]],[[507,85],[1,0]],[[508,85],[0,1],[0,-1]],[[507,85],[-1,0]],[[506,85],[-1,0]],[[505,85],[-1,0]],[[504,85],[-1,0],[0,-1]],[[503,84],[1,0]],[[503,84],[-1,0]],[[502,84],[-1,0],[-1,0],[-1,0]],[[499,84],[1,0],[-1,0]],[[499,84],[-1,0]],[[502,84],[0,-1],[1,0],[-1,0],[1,0],[-1,0],[-1,0],[-1,0]],[[500,83],[-1,0]],[[499,83],[0,1]],[[498,84],[0,1]],[[498,84],[-1,0]],[[497,84],[-1,0]],[[496,84],[-1,0],[-1,0],[-1,0]],[[493,84],[1,0],[-1,0]],[[493,84],[1,0],[1,0],[-1,0],[-1,0]],[[496,84],[-1,0],[-1,0],[1,0],[0,1]],[[495,85],[1,0]],[[496,85],[1,0]],[[497,85],[1,0]],[[498,85],[1,0],[-1,0]],[[498,85],[1,0],[0,1]],[[499,86],[1,0]],[[500,86],[1,0]],[[500,86],[0,-1],[0,1]],[[501,86],[0,-1],[0,1]],[[501,86],[1,0],[1,0],[1,0],[1,0],[-1,0],[-1,0],[-1,0],[1,0],[-1,0],[-1,0]],[[499,86],[-1,0]],[[499,86],[0,1],[0,-1]],[[498,86],[0,1],[0,-1]],[[498,86],[0,1],[-1,0]],[[497,87],[1,0],[-1,0]],[[497,87],[1,0],[1,0],[0,1]],[[499,88],[-1,0]],[[499,88],[1,0],[1,0],[-1,0],[-1,0]],[[499,88],[1,0],[1,0],[1,0],[1,0],[1,0]],[[504,88],[-1,0],[-1,0],[0,1]],[[502,89],[-1,0]],[[501,89],[-1,0]],[[502,89],[1,0]],[[503,89],[0,-1],[0,1]],[[503,89],[0,-1],[1,0]],[[504,88],[1,0],[1,0],[1,0],[-1,0],[1,0],[-1,0],[0,1],[-1,0]],[[505,89],[-1,0]],[[504,89],[-1,0]],[[503,89],[0,1]],[[503,90],[1,0]],[[504,90],[1,0]],[[505,90],[1,0],[-1,0]],[[505,90],[0,1]],[[505,91],[1,0]],[[506,91],[1,0]],[[507,91],[0,-1],[1,0],[1,0],[1,0],[1,0],[1,0],[-1,0],[-1,0],[1,0],[0,1],[-1,0],[0,-1],[-1,0],[0,1],[-1,0],[-1,0]],[[507,91],[1,0],[0,1],[1,0],[-1,0],[-1,0]],[[507,92],[-1,0],[0,-1]],[[505,91],[-1,0]],[[504,91],[-1,0]],[[503,91],[-1,0]],[[502,91],[-1,0]],[[502,91],[0,1],[0,-1]],[[502,91],[0,1],[1,0],[-1,0],[-1,0],[1,0],[-1,0],[0,-1]],[[501,91],[-1,0]],[[500,91],[0,1],[-1,0],[-1,0],[1,0],[0,1],[0,-1],[0,1],[-1,0],[1,0],[-1,0],[1,0],[-1,0],[1,0],[1,0],[1,0],[-1,0],[1,0],[1,0]],[[502,93],[1,0]],[[503,93],[1,0],[1,0],[-1,1]],[[504,94],[0,-1],[0,1]],[[504,94],[-1,0]],[[504,94],[1,0]],[[505,94],[1,0],[0,1],[-1,0]],[[505,95],[-1,0]],[[504,95],[-1,0],[-1,0],[0,1],[-1,0],[1,0],[1,0]],[[503,96],[-1,0],[0,1],[1,0]],[[503,97],[1,0],[1,0],[0,1],[-1,0],[-1,0],[-1,0],[-1,0],[0,1],[1,0],[-1,0],[-1,0],[-1,0],[0,1],[-1,0],[-1,0],[-1,0],[0,1],[-1,0],[-1,0],[0,1],[0,-1],[0,1],[-1,0],[-1,0],[1,0],[1,0],[0,1]],[[494,103],[1,0],[1,0],[0,-1],[1,0],[-1,0],[1,0],[1,0],[0,-1],[1,0],[1,0],[0,-1],[1,0],[1,0],[0,-1],[1,0]],[[503,99],[-1,0],[1,0]],[[503,99],[0,1],[1,0],[-1,0],[1,0],[1,0],[1,0],[0,-1],[0,-1]],[[506,98],[1,0]],[[507,98],[1,0]],[[508,98],[1,0],[0,1],[-1,0],[1,0],[1,0],[-1,0],[-1,0],[0,1],[-1,0],[1,0],[1,0]],[[509,100],[1,0]],[[510,100],[1,0],[1,0],[1,0],[0,-1],[1,0],[1,0],[1,0],[0,-1],[1,0],[1,0],[1,0],[1,0]],[[520,98],[1,0]],[[521,98],[1,0]],[[522,98],[1,0]],[[523,98],[1,0],[1,0],[1,0],[0,1],[1,0],[-1,0],[1,0],[0,1],[0,-1],[1,0],[-1,0],[1,0],[0,1],[-1,0],[1,0],[-1,0],[1,0],[1,0],[1,0],[1,0],[1,0],[1,0],[-1,0],[1,0],[-1,0],[1,0],[1,0],[0,1],[1,0]],[[535,101],[1,0],[1,0],[1,0],[1,0]],[[539,101],[1,0],[0,1]],[[540,102],[1,0]],[[541,102],[1,0]],[[542,102],[1,0]],[[543,102],[0,-1],[-1,0],[0,-1],[1,0],[-1,0],[1,0],[-1,0],[0,-1],[-1,0],[-1,0],[0,1],[-1,0],[-1,0],[-1,0],[-1,0],[-1,0],[-1,0],[1,0],[-1,0],[-1,0],[0,-1],[1,0],[0,1],[1,0],[1,0],[1,0],[0,-1],[1,0],[1,0],[-1,0],[-1,0],[0,-1],[-1,0],[1,0],[-1,0],[-1,0],[1,0],[-1,0],[-1,0],[1,0],[1,0],[-1,0],[1,0],[-1,0],[-1,0],[0,-1],[1,0],[1,0],[0,1],[0,-1],[1,0],[0,1],[1,0],[1,0],[-1,0],[1,0],[-1,0],[1,0],[0,1],[1,0],[1,0],[1,0],[1,0],[0,-1],[1,0],[1,0],[1,0],[1,0],[1,0],[0,-1]],[[548,97],[-1,0],[0,-1],[-1,0],[-1,0],[-1,0],[-1,0],[0,-1],[1,0],[0,1],[1,0],[1,0],[1,0],[1,0],[1,0]],[[549,96],[1,0]],[[550,96],[1,0],[-1,0]],[[550,96],[0,1],[0,-1]],[[550,96],[1,0],[0,1],[1,0],[1,0],[-1,0],[-1,0],[1,0],[-1,0],[1,0],[-1,0],[1,0],[-1,0],[1,0],[-1,0],[1,0],[0,1],[1,0],[0,1],[1,0],[0,1],[1,0],[1,0],[1,0],[0,1],[-1,0],[1,0],[1,0],[1,0],[1,0],[1,0]],[[561,101],[-1,0],[0,1],[-1,0],[-1,0],[-1,0],[0,-1],[-1,0],[-1,0],[-1,0],[0,-1],[-1,0],[-1,0],[0,-1],[0,-1],[-1,0],[-1,0],[-1,0],[-1,0],[1,0],[-1,0],[-1,0],[0,1],[0,-1],[-1,0],[0,1],[-1,0],[1,0],[-1,0],[-1,0],[0,1],[1,0],[0,1]],[[545,101],[1,0],[1,0],[-1,0],[0,1],[1,0],[0,1],[0,-1],[1,0],[-1,0],[1,0],[0,-1],[1,0],[1,0],[-1,0],[1,0],[-1,0],[0,1],[1,0],[-1,0],[1,0],[0,1],[1,0],[-1,0],[0,1],[1,0],[1,0],[1,0],[1,0],[0,1],[1,0],[1,0],[1,0],[1,0],[1,0],[1,0],[0,-1],[1,0],[0,-1],[1,0],[0,-1],[-1,0]],[[561,102],[1,0],[0,-1],[1,0],[-1,0],[1,0],[1,0],[1,0],[0,-1],[1,0],[1,0],[1,0],[-1,0],[0,1],[1,0],[0,-1],[1,0],[1,0],[0,-1],[1,0],[1,0],[1,0],[0,-1],[1,0],[1,0],[1,0],[-1,0],[-1,0],[0,-1],[-1,0],[-1,0],[0,-1],[1,0],[-1,0],[-1,0],[1,0],[0,-1],[-1,0],[1,0],[-1,0],[1,0],[-1,0],[1,0],[-1,0],[0,-1],[0,1],[0,-1],[-1,0]],[[453,152],[0,0]],[[443,153],[0,0]],[[446,154],[0,0]],[[568,89],[0,0]],[[608,104],[0,0],[0,0],[0,0]],[[461,129],[0,0],[0,0],[0,0]],[[460,143],[0,0]],[[465,176],[0,1]],[[465,176],[0,0]],[[453,144],[0,0]],[[555,93],[1,0]],[[555,93],[0,0]],[[503,96],[0,0]],[[602,68],[0,0]],[[598,66],[0,0]],[[631,57],[0,0]],[[461,178],[0,0]],[[560,93],[0,0]],[[442,152],[0,0]],[[533,86],[0,0]],[[567,95],[0,0]],[[439,153],[0,0]],[[504,96],[-1,0]],[[504,96],[0,0]],[[460,152],[0,0]],[[590,67],[0,0]],[[494,116],[0,-1],[1,0],[0,1]],[[590,67],[1,0]],[[461,176],[0,0],[0,0],[0,0]],[[461,158],[0,0]],[[461,142],[0,0]],[[461,159],[0,0]],[[569,89],[0,0]],[[468,162],[0,0]],[[461,130],[0,0]],[[461,142],[-1,0],[0,0],[1,0]],[[469,161],[0,0]],[[600,62],[1,0]],[[601,62],[0,1]],[[601,63],[-1,0],[0,-1]],[[687,83],[0,0],[0,0],[0,0]],[[533,112],[0,0]],[[529,109],[0,0],[0,0],[0,0]],[[465,147],[0,0]],[[634,57],[1,0]],[[634,57],[0,0]],[[475,163],[1,0]],[[476,163],[0,1]],[[476,164],[-1,-1]],[[472,161],[0,0]],[[533,86],[1,0]],[[454,172],[0,0]],[[448,171],[0,0]],[[473,153],[0,1]],[[473,153],[-1,0],[1,0]],[[484,131],[0,0]],[[642,69],[0,0],[0,0],[0,0]],[[464,148],[0,0]],[[461,178],[-1,0],[1,0]],[[631,58],[0,-1]],[[631,58],[0,0]],[[723,87],[0,0],[0,0],[0,0]],[[436,152],[0,0]],[[609,104],[0,0]],[[612,66],[0,0]],[[571,93],[0,0]],[[461,159],[0,-1]],[[445,154],[0,0]],[[596,65],[0,0]],[[450,182],[0,0],[0,0],[0,0]],[[567,95],[-1,0]],[[512,110],[0,0]],[[582,86],[0,0]],[[461,141],[0,0]],[[461,142],[1,0]],[[457,153],[0,0]],[[452,150],[-1,0]],[[452,150],[0,0]],[[464,148],[1,0]],[[582,87],[0,-1]],[[583,86],[0,1]],[[559,93],[0,1]],[[559,94],[-1,0]],[[558,94],[0,-1]],[[531,166],[0,0]],[[487,133],[0,0]],[[451,155],[0,0]],[[531,166],[-1,0],[1,0]],[[465,173],[0,0]],[[596,65],[1,0]],[[469,161],[0,1]],[[465,173],[0,-1]],[[612,66],[-1,0],[1,0]],[[460,154],[1,0],[-1,0]],[[460,154],[0,0]],[[506,97],[1,0],[0,1]],[[506,98],[0,-1]],[[465,148],[1,0]],[[465,148],[0,0]],[[543,115],[1,0]],[[543,115],[0,0]],[[530,104],[-1,0]],[[530,104],[0,0]],[[467,131],[0,-1]],[[468,130],[0,1]],[[468,131],[-1,0]],[[454,156],[0,0]],[[454,176],[0,-1],[1,0],[0,1],[-1,0]],[[505,115],[1,0]],[[505,115],[0,0]],[[454,172],[1,0],[-1,0]],[[689,85],[-1,0]],[[689,85],[0,1],[0,-1]],[[454,149],[0,1]],[[454,150],[-1,0]],[[453,150],[0,-1]],[[602,68],[-1,0],[1,0]],[[457,141],[0,0]],[[460,155],[-1,0]],[[460,155],[0,0]],[[504,96],[1,0],[-1,0]],[[451,150],[0,-1]],[[451,149],[1,0]],[[452,149],[0,1]],[[457,142],[1,0]],[[458,142],[-1,1]],[[457,143],[0,-1]],[[487,133],[1,0]],[[455,158],[0,0]],[[452,152],[1,0]],[[537,133],[1,0]],[[537,133],[0,1],[0,-1]],[[437,148],[0,0]],[[460,130],[1,0]],[[706,87],[1,0]],[[707,87],[0,1],[-1,0],[0,-1]],[[464,151],[-1,0]],[[464,151],[0,1],[-1,0]],[[463,152],[0,-1]],[[609,104],[1,0]],[[436,152],[1,0]],[[500,122],[0,-1],[0,1]],[[500,122],[1,0]],[[500,122],[-1,0],[-1,0],[1,0],[-1,0],[0,-1],[0,1],[0,-1],[1,1],[1,0]],[[632,58],[-1,0]],[[512,110],[1,0],[-1,0]],[[603,66],[0,-1]],[[603,65],[1,0]],[[604,65],[0,1]],[[635,58],[1,0],[0,1],[-1,0],[0,-1]],[[527,109],[0,-1]],[[527,108],[1,0],[0,1]],[[528,109],[-1,0]],[[543,116],[0,-1]],[[544,115],[0,1]],[[451,149],[-1,0],[-1,0]],[[460,156],[-1,0]],[[459,156],[0,-1]],[[459,155],[-1,0]],[[460,155],[0,1]],[[527,107],[-1,0],[0,-1],[1,0],[0,1]],[[465,147],[-1,0]],[[472,161],[1,0],[-1,0]],[[545,107],[0,1]],[[545,108],[-1,-1],[0,1]],[[544,108],[0,-1],[1,0]],[[473,148],[0,-1],[1,0],[0,1]],[[474,148],[0,-1],[0,1]],[[706,86],[0,1]],[[706,87],[-1,0],[1,0]],[[706,87],[-1,0],[0,-1]],[[705,86],[1,0]],[[530,104],[0,1],[-1,0],[0,-1]],[[448,151],[1,0],[0,1]],[[449,152],[-1,0],[0,-1]],[[463,153],[1,0],[-1,0]],[[463,153],[-1,0]],[[560,112],[0,-1]],[[560,111],[1,0],[0,1],[-1,0]],[[540,111],[0,1],[-1,0],[0,-1]],[[556,93],[0,1],[-1,0],[0,-1]],[[479,157],[0,-1],[1,0],[1,0],[-1,0],[0,1]],[[691,79],[0,-1],[1,0],[1,0],[-1,0],[1,0],[0,1]],[[654,62],[0,-1],[1,0],[0,1],[1,0]],[[656,62],[-1,0],[1,0]],[[656,62],[-1,0],[-1,0]],[[458,154],[1,0]],[[459,154],[1,0]],[[590,64],[1,0],[0,1],[-1,0],[0,-1]],[[463,175],[-1,0],[0,-1],[-1,0],[-1,0],[1,0],[1,0],[1,0],[0,1]],[[499,124],[1,0],[0,1],[-1,0],[0,-1]],[[704,85],[-1,0],[1,0]],[[704,85],[0,1]],[[705,86],[-1,0]],[[704,86],[-1,0],[0,-1],[1,0]],[[511,109],[-1,0],[0,-1],[1,0],[1,0],[0,1],[-1,0]],[[490,115],[1,0],[1,0],[-1,0],[-1,0]],[[648,67],[0,1],[1,0],[-1,0],[-1,0],[0,-1],[1,0]],[[437,149],[1,0],[1,0]],[[439,149],[0,1],[1,0],[-1,0],[-1,-1],[0,1],[0,-1],[-1,0]],[[437,149],[0,1],[0,-1]],[[463,140],[-1,0],[-1,0],[-1,0]],[[651,67],[-1,0],[-1,0],[0,-1],[1,0],[1,0],[0,1]],[[596,64],[1,0]],[[597,64],[1,0]],[[596,64],[-1,0],[1,0]],[[455,150],[-1,0]],[[455,150],[1,1]],[[455,151],[0,-1]],[[462,146],[1,0]],[[463,146],[1,0],[0,1]],[[464,147],[-1,0],[-1,0]],[[462,147],[0,-1]],[[462,146],[-1,0],[-1,0],[0,1],[-1,0],[-1,0]],[[463,152],[0,1]],[[462,152],[0,1]],[[551,86],[0,-1],[-1,0],[1,0],[0,1]],[[551,86],[1,0],[1,0],[1,0],[1,0],[-1,0],[-1,0],[-1,0],[-1,0]],[[473,153],[1,0]],[[473,153],[-1,0],[-1,0],[1,0],[-1,0],[0,1]],[[471,154],[0,-1],[1,0],[1,0]],[[523,118],[-1,0],[-1,0],[-1,0],[-1,0],[0,-1],[1,0],[1,0],[1,0],[1,0],[0,1]],[[552,92],[0,1],[-1,0],[-1,0],[-1,0],[0,-1],[-1,0]],[[548,92],[1,0],[-1,0]],[[548,92],[1,0],[1,0],[1,0],[0,1],[1,0],[0,-1]],[[493,134],[1,0],[0,1],[1,0],[0,-1],[0,1],[-1,0],[-1,0],[-1,0],[-1,0],[-1,0]],[[490,135],[1,0],[0,-1]],[[659,62],[1,0],[-1,0],[0,1],[-1,0],[-1,0],[1,0],[-1,0],[1,0],[0,-1],[1,0]],[[504,117],[1,0],[1,0],[-1,0],[1,0],[-1,0],[-1,0]],[[465,177],[1,0]],[[465,177],[0,1],[-1,0],[-1,0],[1,0],[0,-1]],[[464,177],[0,1],[1,0],[0,-1]],[[465,177],[-1,0]],[[464,177],[0,-1]],[[503,116],[1,0],[1,0],[0,-1]],[[506,115],[1,0],[0,1],[-1,0],[-1,0],[-1,0],[-1,0]],[[479,150],[-1,0],[-1,0],[-1,0],[-1,0],[-1,0],[-1,0],[1,0],[1,0],[1,0],[0,-1],[1,0],[1,0],[1,0],[0,1]],[[472,163],[1,0]],[[473,163],[1,0]],[[475,163],[-1,0]],[[474,163],[0,1],[-1,0]],[[472,164],[0,-1]],[[473,163],[0,1]],[[451,149],[-1,0],[0,1]],[[450,150],[0,-1],[0,1]],[[450,150],[0,-1],[-1,0]],[[449,149],[-1,0],[0,1]],[[448,150],[-1,0],[-1,0],[-1,0],[-1,0],[0,1],[-1,0]],[[443,151],[1,0],[0,-1],[1,0],[1,0],[0,-1],[0,1],[0,-1],[1,0],[1,0],[-1,0],[1,0],[1,0]],[[537,94],[1,0],[0,1],[-1,0],[-1,0],[-1,0],[1,0],[1,0],[1,0],[1,0],[1,0],[1,0],[-1,0],[-1,0],[-1,0],[-1,0],[-1,0],[-1,0],[-1,0],[-1,0],[1,0],[1,0],[1,0],[0,-1],[1,0]],[[537,133],[-1,0],[1,0]],[[537,133],[-1,0],[0,1],[-1,0],[-1,0],[0,1],[-1,0],[1,0],[-1,0],[0,-1],[1,0],[1,-1],[1,0],[0,-1],[1,0],[1,0],[0,1]],[[686,83],[1,1],[-1,0],[1,0],[1,0],[1,0]],[[689,84],[0,1]],[[688,85],[-1,0],[-1,0],[0,-1],[-1,0],[-1,0],[-1,0],[-1,0],[-1,0],[0,-1],[1,0],[0,-1],[1,0],[0,1],[1,0],[1,0],[1,0]],[[692,48],[1,0],[1,0]],[[694,48],[0,-1],[1,0],[1,0],[1,0]],[[697,47],[1,0],[1,0],[1,0],[1,0]],[[701,47],[0,-1]],[[701,46],[1,0]],[[702,46],[1,0],[1,0]],[[704,46],[-1,0],[1,0]],[[704,46],[1,0],[1,0],[1,0]],[[707,46],[0,-1],[1,0],[1,0],[1,0],[1,0]],[[711,45],[1,0],[1,0],[1,0]],[[714,45],[0,-1],[1,0],[1,0],[1,0],[1,0],[1,0],[1,0],[1,0],[1,0],[1,0],[0,-1],[1,0],[0,1],[-1,0],[1,0],[0,-1],[1,0],[1,0],[1,0],[1,0],[1,0],[1,0],[-1,0],[1,0],[0,-1],[-1,0],[1,0],[0,1],[1,0],[1,0],[0,-1],[-1,0],[-1,0],[1,0],[1,0],[1,0],[1,0],[1,0],[1,0],[1,0],[-1,0],[0,-1],[1,0],[1,0],[1,0],[1,0],[0,-1],[1,0],[1,0],[1,0],[-1,0],[0,1],[-1,0],[-1,0],[1,0],[1,0],[1,0],[0,1],[0,-1],[1,0],[1,0],[1,0],[1,0],[1,0],[-1,0],[1,0],[0,1],[-1,0],[-1,0],[-1,0],[-1,0],[-1,0],[-1,0],[-1,0],[-1,0],[-1,0],[-1,0],[0,1],[-1,0],[1,0],[-1,0],[1,0],[-1,0],[1,0],[1,0],[0,1],[1,0],[0,-1],[0,1],[1,0],[0,-1],[1,0],[0,1],[1,0],[-1,0],[1,0],[-1,0],[1,0],[1,0],[0,1],[1,0],[1,0],[1,0],[1,0],[1,0],[1,0],[1,0],[0,-1],[1,0],[1,0],[0,-1],[1,0],[1,0],[-1,0],[-1,0],[-1,0],[1,0],[1,0],[0,-1],[1,0],[1,0],[-1,0],[-1,0],[-1,0],[0,-1],[1,0],[-1,0],[1,0],[1,0],[1,0],[0,1],[1,0],[1,0],[0,-1],[1,0],[0,-1],[-1,0],[-1,0],[1,0],[1,0],[1,0],[0,1],[1,0],[0,-1],[-1,0],[1,0],[1,0],[1,0],[-1,0],[1,0],[1,0],[-1,0],[-1,0],[-1,0],[0,-1],[-1,0],[-1,0],[-1,0],[1,0],[1,0],[-1,0],[1,0],[1,0],[-1,0],[-1,0],[0,-1],[-1,0],[-1,0],[1,0],[1,0],[1,0],[1,0],[0,1],[1,0],[1,0],[1,0],[1,0],[1,0],[1,0],[0,-1],[1,0],[-1,0],[0,-1],[-1,0],[-1,0],[1,0],[-1,0],[-1,0],[-1,0],[-1,0],[0,-1],[-1,0],[-1,0],[1,0],[1,0],[0,1],[1,0],[1,0],[1,0],[1,0],[1,0],[-1,0],[1,0],[1,0],[1,0],[0,-1],[1,0],[-1,0],[-1,0],[-1,0],[-1,0],[1,0],[1,0],[1,0],[1,0],[0,1],[-1,0],[-1,0],[1,0],[-1,0],[1,0],[0,1],[1,0],[1,0],[0,1],[-1,0],[-1,0],[-1,0],[0,1],[-1,0],[-1,0],[-1,0],[0,1],[-1,0],[1,0],[-1,0],[0,1],[-1,0],[0,1],[-1,0],[-1,0],[-1,0],[1,0],[0,1],[1,0],[1,0],[1,0],[1,0],[1,0],[1,0],[0,-1],[1,0],[1,0],[1,0],[1,0],[1,0],[1,0],[1,0],[1,0],[0,-1],[1,0],[1,0],[1,0],[-1,0],[0,-1],[-1,0],[1,0],[1,0],[-1,0],[0,-1],[-1,0],[0,-1],[1,0],[1,0],[-1,0],[1,0],[1,0],[0,-1],[1,0],[0,1],[1,0],[-1,0],[-1,0],[-1,0],[1,0],[0,1],[-1,0],[1,0],[-1,0],[1,0],[1,0],[1,0],[-1,0],[0,1],[-1,0],[-1,0],[1,0],[1,0],[1,0],[0,-1],[0,1],[0,-1],[1,0],[1,0],[1,0],[1,0],[1,0],[-1,0],[-1,0],[1,0],[-1,0],[-1,0],[1,0],[-1,0],[0,1],[-1,0],[0,1],[-1,0],[1,0],[1,0],[-1,0],[1,0],[-1,0],[1,0],[-1,0],[0,1],[1,0],[1,0],[1,0],[1,0],[0,-1],[1,0]],[[787,42],[1,0]],[[788,42],[1,0]],[[789,42],[1,0]],[[790,42],[1,0],[1,0],[-1,0],[1,0],[-1,0],[-1,0]],[[790,42],[1,0],[1,0],[0,-1],[1,0],[1,0],[1,0],[1,0],[1,0],[1,0],[1,0],[0,-1],[1,0],[1,0],[1,0],[1,0],[1,0],[1,0],[1,0],[0,-1]],[[806,39],[-1,0],[0,-1],[-1,0],[0,1],[0,-1],[0,1],[0,-1],[0,1],[-1,0],[0,-1],[-1,0],[1,0],[-1,0],[-1,0],[-1,0],[0,-1],[-1,0],[-1,0],[-1,0],[-1,0],[0,-1],[-1,0],[-1,0],[-1,0],[-1,0],[0,-1],[1,0],[0,1],[0,-1],[1,0],[-1,0],[-1,0],[-1,0],[0,-1],[-1,0],[-1,0],[-1,0],[-1,0],[-1,0],[-1,0],[1,0],[-1,0],[1,0],[-1,0],[1,0],[-1,0],[-1,0],[1,0],[1,0],[1,0],[1,0],[1,0],[1,0],[1,0],[1,0],[1,0],[0,1],[1,0],[0,-1],[1,0],[0,-1],[1,0],[1,0],[-1,0],[1,0],[0,1],[0,-1],[-1,1],[0,-1],[0,1],[-1,0],[1,0],[-1,0],[0,1],[-1,0],[1,0],[1,0],[1,0],[1,0],[0,1],[1,0],[1,0],[-1,0],[1,0],[0,1],[1,0],[1,0],[1,0],[0,1],[1,0],[1,0],[1,0],[-1,0],[1,0],[1,0],[-1,0],[1,0],[0,-1],[1,0],[-1,0],[1,0],[1,0],[1,0],[1,0],[-1,0],[0,1],[-1,0],[-1,0],[1,0],[0,1],[1,0],[1,0],[0,1],[1,0],[1,0]],[[813,40],[1,0]],[[814,40],[0,-1],[1,0],[1,0],[1,0],[1,0],[1,0]],[[819,39],[1,0]],[[820,39],[1,0]],[[821,39],[1,0],[1,0]],[[820,39],[0,1]],[[820,40],[1,0]],[[821,40],[1,0]],[[822,40],[1,0],[-1,0]],[[820,40],[-1,0]],[[819,40],[-1,0],[-1,0],[0,1],[-1,0],[-1,0],[-1,0],[-1,0],[-1,0],[-1,0],[-1,0],[-1,0],[0,1],[-1,0],[1,0],[1,0],[-1,0],[-1,0],[-1,0],[-1,0],[-1,0],[-1,0],[-1,0],[-1,0],[0,1],[-1,0],[-1,0],[-1,0],[-1,0],[-1,0],[-1,0],[-1,0],[-1,0],[0,1],[-1,0],[-1,0],[-1,0],[-1,0],[-1,0],[-1,0],[-1,0],[-1,0],[-1,0],[0,1],[-1,0],[-1,0],[-1,0],[-1,0],[-1,0],[-1,0],[-1,0],[-1,0],[0,1],[-1,0],[-1,0],[-1,0],[-1,0],[-1,0],[-1,0],[-1,0],[-1,0],[-1,0],[-1,0],[-1,0],[-1,0],[1,0],[-1,0],[0,1],[-1,0],[-1,0],[-1,0],[-1,0],[-1,0],[-1,0],[-1,0],[-1,0],[1,0],[-1,0],[-1,0],[1,0],[1,0],[-1,0],[0,1],[0,-1],[0,1],[-1,0],[-1,0],[-1,0],[-1,0],[-1,0],[-1,0],[0,1],[-1,0],[-1,0],[-1,0],[-1,0],[1,0],[1,0],[-1,0],[-1,0],[-1,0]],[[746,49],[0,1],[1,0],[1,0],[-1,0],[1,0],[-1,0],[0,1],[-1,0],[-1,0],[0,1]],[[745,52],[-1,0]],[[744,52],[-1,0],[0,1],[-1,0],[-1,0],[0,1]],[[741,54],[-1,0],[1,0]],[[741,54],[0,1]],[[741,55],[-1,0]],[[740,55],[-1,0],[0,1],[0,1],[1,0],[1,1],[1,0],[-1,0],[1,0],[-1,0],[1,0],[-1,0],[1,0],[1,0],[1,0],[1,0],[1,0],[1,0],[1,0],[1,0],[1,0],[1,1],[1,0],[1,0],[1,0],[1,0],[1,0],[0,1],[1,0],[1,0],[1,0],[1,0],[1,0],[1,0],[1,0],[1,0],[1,0],[1,0],[1,0],[1,0],[1,0],[1,0],[1,0],[0,1],[1,0],[0,-1],[0,1],[1,0],[1,0],[1,0],[1,0],[1,0],[1,0],[1,0],[0,1],[1,0],[1,0],[1,0],[1,0],[1,0],[1,0],[1,0],[0,1],[1,0],[1,0],[1,0],[1,0],[1,0],[1,0],[1,0],[0,1],[1,0],[1,0],[1,0],[1,0],[1,0],[0,1],[1,0],[-1,0],[1,0],[-1,1],[0,1],[-1,0],[-1,0],[0,1],[-1,0],[-1,0],[-1,0],[-1,0],[-1,0],[-1,0],[-1,0],[-1,0],[-1,0],[-1,0],[-1,0]],[[785,68],[-1,0]],[[784,68],[-1,0],[-1,0],[-1,0],[-1,0],[-1,0],[-1,0],[-1,0],[-1,0],[-1,0],[-1,0],[-1,0],[-1,0],[-1,0],[-1,0],[-1,0]],[[769,68],[-1,0]],[[768,68],[-1,0]],[[767,68],[-1,0]],[[766,68],[-1,0],[-1,0],[-1,0],[-1,0],[-1,0],[-1,0],[-1,0],[0,-1],[-1,0],[-1,0],[-1,0],[-1,0],[-1,0],[-1,0],[-1,0],[-1,0],[-1,0],[0,-1],[-1,0],[-1,0],[-1,0],[-1,0],[-1,0],[-1,0],[-1,0],[-1,0],[0,-1],[-1,0],[-1,0],[-1,0],[-1,0],[-1,0],[-1,0],[-1,0],[-1,0],[-1,0],[-1,0],[0,1],[-1,0],[-1,0],[0,1],[-1,0]],[[729,67],[-1,0]],[[728,67],[-1,0],[-1,0],[-1,0],[-1,0],[-1,0],[-1,0],[-1,0],[0,1],[-1,0],[-1,0],[1,0],[0,1],[-1,0],[1,0],[1,0],[0,1],[0,-1],[1,0],[1,0],[1,0],[1,0],[0,1],[-1,0],[-1,0],[-1,0],[-1,0],[0,-1],[-1,0],[-1,0],[0,1],[-1,0],[1,0],[-1,0],[1,0],[0,1],[0,1],[1,0],[-1,0],[1,0],[0,1],[1,0],[0,1],[-1,0],[0,1],[1,0],[0,1],[0,1],[1,0]],[[722,77],[1,0]],[[723,77],[1,0]],[[724,77],[0,1],[1,0],[1,0],[1,0],[1,0],[1,0],[-1,0],[-1,0],[0,-1],[1,0],[1,0],[0,-1],[-1,0],[-1,0],[1,0],[-1,0],[1,0],[1,0],[1,0],[1,0],[-1,0],[1,0],[1,0],[1,0],[1,0],[1,0],[1,0]],[[736,76],[1,0]],[[737,76],[1,0],[0,1],[1,0],[1,0],[1,0],[1,0],[0,1],[1,0],[0,1],[1,0],[1,0],[-1,0],[0,1],[-1,0],[-1,0],[-1,0],[-1,0],[-1,0]],[[739,80],[-1,0]],[[738,80],[-1,0],[-1,0],[-1,0],[-1,0],[-1,0],[-1,0],[1,0],[-1,0],[-1,0],[-1,0],[1,0],[0,1],[1,0],[1,0],[0,1]],[[733,82],[-1,0],[-1,0],[0,1]],[[731,83],[-1,0],[-1,0],[-1,0],[-1,0],[-1,0],[-1,0],[-1,0],[-1,0],[-1,0],[-1,0],[1,0],[0,1],[1,0],[1,0],[1,0],[1,0],[1,0],[1,0],[1,0],[1,0],[1,0],[1,0],[1,0],[1,0],[1,0],[1,0],[1,0],[1,0],[1,0],[1,0],[1,0],[1,0],[1,0],[0,-1],[1,0],[1,0],[1,0],[1,0],[0,-1],[1,0],[1,0],[1,0],[1,0],[0,-1],[1,0],[1,0],[1,0],[1,0],[1,0],[1,0],[0,1],[1,0],[1,0],[1,0],[1,0],[0,1],[1,0],[1,0],[1,0],[1,0],[1,0],[1,0],[1,0],[1,0],[1,0],[0,1],[1,0],[1,0],[1,0],[0,1],[1,0],[1,0],[1,0],[0,1],[1,0],[1,0],[1,0],[0,1],[0,1],[-1,0],[0,1],[1,0],[0,1],[1,0],[1,0],[1,0],[1,0],[1,0],[0,1],[0,-1],[1,0],[0,1],[1,0],[1,0],[1,0],[-1,0],[-1,0],[1,0],[-1,0],[1,0],[1,0],[1,0],[1,0],[0,1],[1,0],[1,0],[0,-1],[1,0],[1,0],[1,0],[0,-1],[1,0],[1,0],[1,0],[0,-1],[1,0],[-1,0],[1,0],[0,-1],[1,0],[1,0],[1,0],[-1,0],[1,0],[-1,0],[1,0],[0,-1],[1,0],[1,0],[0,-1],[1,0]],[[805,86],[1,0],[1,0],[1,0],[1,0],[0,-1],[1,0],[1,0],[1,0]],[[812,85],[1,0]],[[813,85],[1,0]],[[814,85],[1,0],[1,0]],[[816,85],[0,1],[1,0],[1,0],[1,0],[1,0],[1,0],[1,0],[1,0],[0,1],[1,0],[1,0],[1,0],[1,0],[1,0],[1,0],[0,1],[1,0],[1,0],[1,0],[1,0],[1,0],[1,0],[-1,0],[1,0],[-1,0],[1,0],[1,0],[-1,0],[1,0],[-1,0],[0,1],[1,0],[1,0],[1,0],[1,0],[0,-1],[1,0],[1,0],[1,0],[0,-1],[1,0],[1,0],[1,0],[1,0],[1,0],[0,-1],[0,-1],[0,-1],[0,-2],[0,-4],[0,-1],[-3,0],[3,0],[0,-1],[0,-1],[0,-4],[0,-2],[0,-2],[0,-3],[0,-1],[0,-4],[0,-1],[0,-1],[0,-1],[0,-3],[0,-2],[0,-1],[0,-1],[0,-2],[0,-3],[0,-2],[0,-1],[0,-2],[0,-2],[1,-1],[-1,0],[1,-4],[0,-2],[0,-1],[-1,-1],[-1,0],[-1,0]],[[845,28],[-1,0],[-1,0],[0,1],[0,-1],[0,1],[-1,0],[0,-1],[0,1],[-1,0],[-1,0],[-1,0],[-1,0],[-1,0],[-1,0],[0,1],[-1,0],[-1,0],[-1,0],[-1,0],[0,-1],[1,0],[1,0],[1,0],[1,0],[-1,0],[1,0],[1,0],[1,0],[0,-1],[1,0],[1,0],[1,0],[-1,0],[-1,0],[0,-1]],[[839,27],[-1,0]],[[838,27],[-1,0],[-1,0],[-1,0],[-1,0],[-1,0],[-1,0],[-1,0],[-1,0],[-1,0],[-1,0],[-1,0],[-1,0],[-1,0],[-1,0],[-1,0],[-1,0],[-1,0],[0,-1]],[[821,26],[-1,1],[0,-1],[-1,0],[0,1],[0,-1],[-1,0],[-1,0],[-1,0]],[[816,26],[-1,0],[-1,0]],[[814,26],[1,0],[-1,0]],[[814,26],[-1,0]],[[813,26],[0,1],[0,-1]],[[813,26],[0,1],[-1,0]],[[812,27],[-1,0]],[[811,27],[-1,0],[-1,0]],[[809,27],[1,0],[-1,0]],[[809,27],[-1,0],[-1,0],[-1,0],[-1,0],[-1,0]],[[804,27],[1,0],[-1,0]],[[804,27],[0,1],[0,-1]],[[804,27],[-1,0],[-1,0]],[[802,27],[-1,0]],[[801,27],[-1,0]],[[800,27],[0,1]],[[800,28],[-1,0]],[[799,28],[-1,0]],[[798,28],[-1,0],[-1,0],[-1,0],[-1,0]],[[794,28],[-1,0]],[[793,28],[-1,0],[-1,0]],[[791,28],[1,0],[0,1],[1,0],[0,-1]],[[793,28],[0,1],[1,0],[-1,0],[-1,0],[-1,0],[0,-1]],[[791,28],[-1,0],[-1,0],[-1,0]],[[788,28],[-1,0]],[[787,28],[-1,0],[-1,0]],[[785,28],[0,1],[0,-1]],[[785,28],[0,1],[-1,0],[-1,0],[-1,0],[-1,0],[-1,0],[-1,0],[-1,0],[-1,0],[-1,0],[-1,0],[0,1],[0,1],[1,0],[1,0],[-1,0],[1,0],[1,0],[1,0],[1,0],[-1,0],[-1,0],[0,1],[-1,0],[1,0],[-1,0],[-1,0],[1,0],[1,0],[0,-1],[-1,0],[-1,0],[-1,0],[-1,0],[0,1],[-1,0],[1,0],[-1,0],[0,1],[-1,0],[-1,0],[-1,0],[1,0],[1,0],[0,-1],[1,0],[-1,0],[1,0],[-1,0],[1,0],[0,-1],[1,0],[-1,0],[-1,0],[0,-1],[-1,0]],[[771,30],[1,0],[-1,0]],[[771,30],[0,1],[0,-1]],[[771,30],[-1,0],[1,0]],[[771,30],[1,0],[0,1],[1,0],[-1,0],[1,0],[0,-1],[1,0],[-1,0],[-1,0],[-1,0]],[[771,30],[-1,0],[-1,0],[-1,0],[-1,0],[1,0],[0,1]],[[768,31],[-1,0],[1,0]],[[768,31],[1,0],[-1,0]],[[768,31],[1,0],[1,0],[0,1],[-1,0],[-1,0],[-1,0],[-1,0],[0,1],[0,-1],[1,0],[1,0],[1,0],[-1,0],[1,0],[-1,0],[0,-1]],[[768,31],[-1,0],[0,-1],[-1,0],[1,0],[-1,0],[-1,0],[-1,0]],[[764,30],[-1,0]],[[763,30],[0,-1],[0,1]],[[763,30],[-1,0],[0,-1],[0,1],[-1,0],[0,-1],[-1,1],[-1,0],[1,0],[0,-1],[-1,0],[0,1],[0,-1],[-1,0],[0,1],[-1,0],[0,-1],[-1,0],[0,1],[-1,0],[-1,0],[0,1],[-1,0],[1,0],[-1,0],[1,0],[0,1],[-1,0],[-1,0],[0,1],[1,0],[1,0],[1,0],[0,1],[1,0],[-1,0],[-1,0],[0,-1],[-1,0],[-1,0],[0,-1],[0,-1],[0,-1],[1,0],[1,0],[0,-1],[-1,0],[-1,0],[-1,0],[-1,0],[-1,0],[-1,0],[-1,0],[-1,0],[-1,0],[-1,0],[0,1],[1,0],[1,0],[0,1]],[[746,31],[-1,0],[1,0]],[[746,31],[0,-1],[-1,0],[-1,0],[-1,0],[-1,0],[0,1],[-1,0],[-1,0],[1,0],[1,-1],[1,0],[1,0],[-1,0],[-1,0],[0,-1],[-1,0],[1,0],[-1,0],[-1,0],[-1,0],[-1,0],[-1,0],[-1,0],[0,1],[-1,0],[0,-1],[1,0],[1,0],[1,0],[1,0],[-1,0],[-1,0],[-1,0],[-1,0],[-1,0],[-1,0],[-1,0]],[[732,29],[-1,0],[1,0]],[[732,29],[-1,0],[-1,0],[-1,0]],[[729,29],[0,1],[-1,0],[1,0],[-1,0],[1,0],[0,1],[1,0],[1,0],[0,1],[1,0],[1,0],[1,0],[-1,0],[1,0],[0,1],[1,0],[-1,0],[1,0],[1,0],[1,0],[1,0],[1,0],[-1,0],[0,1],[-1,0],[0,-1],[-1,0],[-1,0],[-1,0],[1,0],[0,1],[0,-1],[-1,0],[-1,0],[-1,0],[0,-1],[-1,0],[-1,0],[-1,0],[1,0],[-1,0],[0,-1],[-1,0],[0,-1],[-1,0],[0,-1],[-1,0],[0,1],[-1,0],[-1,0],[-1,0],[-1,0],[-1,0],[-1,0],[-1,0],[-1,0],[-1,0],[-1,0],[-1,0],[0,1],[-1,0],[-1,0],[-1,0],[-1,0],[-1,0],[-1,0],[1,0],[1,0],[1,0],[-1,0],[-1,0],[-1,0],[-1,0],[1,0],[1,0],[-1,-1],[-1,0],[-1,0],[-1,0],[1,0],[-1,0],[1,0],[1,0],[1,0],[1,0],[1,0],[1,0],[-1,0],[1,0],[0,-1],[1,0],[0,1],[1,0],[1,0],[1,0],[1,0],[1,0],[1,0],[1,0],[1,0],[1,0],[1,0],[0,-1],[1,0],[1,0],[-1,0],[-1,0],[-1,0],[1,0],[-1,0],[-1,0],[-1,0],[-1,0],[0,-1]],[[719,28],[-1,0],[-1,0],[-1,0],[-1,0]],[[715,28],[-1,0]],[[714,28],[-1,0]],[[713,28],[-1,0],[-1,0],[-1,0],[-1,0],[-1,0],[-1,0],[-1,0],[-1,0],[-1,0],[1,0],[-1,0],[-1,0],[1,0],[0,1],[-1,0],[-1,0],[-1,0],[-1,0],[-1,0],[1,0],[1,0],[0,1],[1,0],[-1,0],[0,-1],[-1,0],[0,1],[-1,0],[-1,0],[-1,0],[1,0],[-1,0],[0,-1],[-1,0],[0,1],[-1,0],[-1,0],[-1,0],[-1,0],[1,0],[-1,0],[1,0],[1,0],[0,1],[1,0],[-1,0],[1,0],[1,0],[1,0],[1,0],[1,0],[1,0],[1,0],[0,1],[-1,0],[1,0],[-1,0],[-1,0],[-1,0],[-1,0],[-1,0],[-1,0],[-1,0],[-1,0],[-1,0],[-1,0],[-1,0],[-1,0],[-1,0],[-1,0],[-1,0],[-1,0],[1,0],[1,0],[1,0],[0,1],[1,0],[-1,0],[1,0],[1,0],[1,0],[1,0],[1,0],[1,0],[1,0],[1,0],[1,0],[1,0],[0,1],[-1,0],[-1,0],[-1,0],[-1,0],[-1,-1],[-1,0],[-1,0],[-1,0],[0,1],[-1,0],[-1,0],[-1,0],[1,0],[0,-1],[0,1],[-1,0],[0,-1],[-1,0],[-1,0],[-1,0],[1,0],[1,0],[1,0],[-1,0],[-1,0],[0,-1],[-1,0],[-1,0],[-1,0],[1,0],[0,-1],[-1,0],[1,0],[-1,0],[-1,0],[-1,0],[0,1],[-1,0],[1,0],[-1,0],[1,0],[1,0],[1,0],[0,1],[-1,0],[1,0],[1,0],[1,0],[-1,0],[-1,0],[1,0],[1,0],[-1,0],[-1,0],[1,0],[0,1],[1,0],[-1,0],[0,-1],[-1,0],[-1,0],[1,0],[-1,0],[-1,0],[1,0],[1,0],[0,1],[1,0],[-1,0],[-1,0],[1,0],[-1,0],[-1,0],[1,0],[1,0],[1,0],[0,1],[1,0],[1,0],[-1,0],[1,0],[1,0],[1,0],[-1,0],[-1,0],[-1,0],[-1,0],[-1,0],[-1,0],[-1,0],[-1,0],[0,1],[-1,0],[0,-1],[1,0],[1,0],[-1,0],[0,-1],[-1,0],[-1,0],[-1,0],[-1,0],[0,1],[-1,0],[-1,-1],[-1,0],[1,0],[-1,0],[0,-1]],[[672,33],[-1,0],[-1,0]],[[670,33],[-1,0],[-1,0]],[[668,33],[-1,0]],[[667,33],[0,1],[-1,0],[-1,0],[-1,0],[-1,0],[-1,0],[-1,0],[-1,0],[0,1],[1,0],[1,0],[1,0],[1,0],[1,0],[1,0],[-1,0],[1,0],[1,0],[1,0],[1,0],[1,0],[1,0],[1,0],[-1,0],[-1,0],[-1,0],[-1,0],[1,0],[0,1],[-1,0],[0,-1],[-1,0],[-1,0],[-1,0],[-1,0],[0,1],[-1,0],[1,0],[1,0],[-1,0],[0,1],[-1,0],[0,-1],[-1,0],[-1,0],[1,0],[-1,0],[-1,0],[0,1],[-1,0],[1,0],[1,0],[-1,0],[0,1],[-1,0],[-1,0],[0,-1],[1,0],[1,0],[-1,0],[0,-1],[-1,0],[-1,0],[0,1],[-1,0],[-1,0],[-1,0],[-1,0],[-1,0],[1,0],[1,0],[0,-1],[-1,0],[1,0],[1,0],[1,0],[1,0],[1,0],[0,-1],[1,0],[-1,0],[-1,0],[1,0],[-1,0],[-1,0],[1,0],[-1,0],[0,1],[1,0],[1,0],[-1,0],[-1,0],[-1,0],[-1,0],[1,0],[-1,0],[-1,0],[1,0],[0,-1],[1,0],[-1,0],[1,0],[-1,0],[0,-1]],[[654,34],[-1,0]],[[653,34],[-1,0]],[[652,34],[0,1],[-1,0],[-1,0],[-1,0],[1,0],[1,0],[0,-1]],[[651,34],[0,1],[0,-1]],[[651,34],[-1,0],[0,1],[-1,0],[-1,0],[1,0],[0,-1],[1,0],[-1,0],[1,0],[-1,0],[-1,0],[-1,0],[-1,0],[1,0],[-1,0],[0,1],[1,0],[0,1],[1,0],[1,0],[-1,0],[-1,0],[1,0],[-1,0],[-1,0],[1,0],[-1,0],[-1,0],[1,0],[-1,0],[1,0],[0,-1],[-1,0],[-1,0],[1,0],[0,-1]],[[645,34],[-1,0]],[[644,34],[0,1],[-1,0],[-1,0],[-1,0],[-1,0],[1,0],[1,0],[0,1],[0,-1],[-1,0],[-1,0],[-1,0],[-1,0],[1,0],[-1,0],[1,0],[0,1],[1,0],[1,0],[1,0],[1,0],[-1,0],[-1,0],[-1,0],[1,0],[-1,0],[-1,0],[0,1],[-1,0],[0,-1],[1,0],[-1,0],[1,0],[-1,0],[0,-1],[-1,0],[-1,0],[1,0],[-1,0],[0,-1],[-1,0],[1,0],[-1,0],[-1,0]],[[634,34],[0,1],[0,1],[0,-1],[1,0],[0,1],[-1,0],[1,0],[1,0],[-1,0],[1,0],[1,0],[1,0],[-1,0],[1,0],[-1,0],[-1,0],[-1,0],[-1,0],[-1,0],[-1,0],[-1,0],[-1,0],[-1,0],[-1,0],[-1,0],[0,1],[0,-1],[1,0],[1,0],[1,0],[1,0],[1,0],[-1,0],[0,-1]],[[631,35],[-1,0]],[[630,35],[-1,0],[-1,0]],[[628,35],[0,1],[-1,0],[-1,0],[-1,0],[-1,0],[-1,0],[-1,0],[1,0],[1,0],[1,0],[1,0],[0,-1],[0,1],[-1,0],[0,-1],[1,0],[1,0],[-1,0],[1,0],[-1,0],[1,0],[-1,0],[-1,0],[-1,0],[-1,0],[-1,0],[-1,0],[-1,0],[1,0],[-1,0],[1,0],[-1,0],[-1,0],[-1,0],[1,0],[-1,0],[-1,0],[-1,0],[-1,0]],[[615,35],[0,1]],[[615,36],[-1,0]],[[615,36],[1,0]],[[616,36],[1,0]],[[617,36],[1,0]],[[618,36],[1,0],[1,0],[1,0],[1,0],[-1,0],[-1,0],[-1,0],[-1,0]],[[617,36],[0,1],[-1,0],[1,0],[1,0],[1,0],[-1,0],[1,0],[-1,0],[-1,0],[1,0],[-1,0],[-1,0],[-1,0]],[[615,37],[-1,0],[-1,0]],[[613,37],[1,0],[0,1],[-1,0],[1,0],[-1,0],[-1,0],[-1,0]],[[611,38],[1,0],[1,0],[-1,0],[1,0],[1,0],[1,0],[1,0],[-1,0],[-1,0],[-1,0],[-1,0],[0,1]],[[612,39],[1,0]],[[613,39],[1,0],[1,0],[-1,0],[0,-1],[1,0],[1,0],[1,0],[1,0],[-1,0],[-1,0],[-1,0],[0,1],[-1,0],[1,0],[1,0],[-1,0],[-1,0],[-1,0]],[[613,39],[0,1]],[[613,40],[1,0],[0,-1],[0,1],[1,0],[1,0],[1,0],[0,-1],[1,0],[-1,0],[0,1],[1,0],[-1,0],[1,0],[1,0],[1,0],[-1,0],[1,0],[-1,0],[0,-1],[1,0],[0,-1],[1,0],[-1,0],[0,1],[1,0],[1,0],[1,0],[1,0],[-1,0],[1,0],[1,0],[-1,0],[1,0],[0,-1],[-1,0],[1,0],[-1,0],[1,0],[1,0],[-1,0],[1,0],[-1,0],[-1,0],[1,0],[0,-1],[1,0],[1,0],[1,0],[1,0],[-1,0],[-1,0],[1,0],[1,0],[1,0],[1,0],[-1,0],[1,0],[1,0],[1,0],[1,0],[1,0],[1,0],[-1,0],[-1,0],[-1,0],[0,1],[-1,0],[1,0],[-1,0],[-1,0],[-1,0],[-1,0],[0,1],[1,0],[1,0],[1,0],[1,0],[0,-1],[1,0],[1,0],[1,0],[1,0],[1,0],[1,0],[0,-1],[0,1],[1,-1],[1,0],[1,0],[1,0],[1,0],[1,0],[1,0],[-1,0],[-1,0],[-1,0],[-1,0],[0,1],[-1,0],[-1,0],[-1,0],[-1,0],[-1,0],[-1,0],[-1,0],[-1,1],[1,0],[-1,0],[-1,0],[-1,0],[-1,0],[-1,0],[1,0],[-1,0],[-1,0],[-1,0],[-1,0],[-1,0],[-1,0],[0,1],[-1,0],[-1,0],[-1,0],[1,0],[1,0],[-1,0],[1,0],[1,0],[-1,0],[-1,0],[0,1],[-1,0],[0,-1],[-1,0],[0,1],[1,0],[1,0],[1,0],[1,0],[1,0],[1,0],[1,0],[1,0],[1,0],[1,0],[1,0],[1,0],[-1,0],[0,-1],[-1,0],[1,0],[1,0],[-1,0],[1,0],[1,0],[1,0]],[[635,40],[-1,0],[1,0]],[[635,40],[0,-1],[1,0],[0,1]],[[636,40],[1,0]],[[637,40],[0,-1],[1,0],[-1,0],[1,0],[1,0],[1,0],[1,0],[0,-1],[1,0],[0,1],[0,-1],[1,0],[1,0],[1,0],[1,0],[-1,0],[0,1],[-1,0],[1,0],[1,0],[1,0],[1,0],[1,0],[1,0],[1,0],[1,0],[-1,0],[-1,0],[-1,0],[-1,0],[-1,0],[-1,0],[-1,0],[-1,0],[-1,0],[-1,0],[-1,0],[0,1],[-1,0]],[[640,40],[0,1]],[[640,41],[-1,0]],[[640,41],[1,0]],[[641,41],[1,0]],[[642,41],[0,-1],[0,1]],[[642,41],[1,0]],[[643,41],[0,-1],[1,0],[1,0],[-1,0],[1,0],[1,0],[1,0],[0,1],[-1,0],[-1,0],[-1,0]],[[644,41],[1,0],[1,0],[1,0],[1,0],[1,0],[0,-1],[1,0],[1,0],[1,0],[1,0],[1,0],[-1,0],[1,0],[1,0],[-1,0],[1,0],[1,0],[-1,0],[0,-1],[1,0],[1,0],[0,1],[-1,0],[1,0],[-1,0],[1,0],[1,0],[1,0],[1,0],[1,0],[-1,0],[-1,0],[-1,0],[-1,0],[-1,0],[-1,0],[0,1],[-1,0],[-1,0],[-1,0],[1,0],[-1,0],[1,0],[-1,0],[1,0],[1,0],[-1,0],[1,0],[0,1],[-1,0],[1,0],[1,0],[0,-1],[0,1],[1,0],[1,0],[1,0],[1,0],[0,-1],[1,0],[1,0]],[[661,41],[1,0],[1,0]],[[663,41],[1,0],[1,0],[1,0],[-1,0],[1,0],[-1,0],[1,0],[1,0],[0,-1],[1,0],[1,0],[1,0],[1,0],[0,1]],[[671,41],[1,0]],[[672,41],[1,-1],[1,0],[1,0],[1,0],[1,0],[1,0],[1,0],[1,0],[1,0],[1,0],[1,0],[1,0],[1,0],[1,0],[-1,0],[1,0],[1,0],[1,0],[-1,0],[0,1],[1,0],[-1,0],[-1,0],[0,1],[1,0],[1,0],[1,0],[1,0],[-1,0],[0,1],[1,0],[1,0],[1,0],[1,0],[1,0],[1,0],[1,0],[1,0],[1,0],[1,0],[1,0],[1,0],[-1,-1],[1,0],[-1,0],[1,0],[1,0],[1,0],[1,0],[1,0],[-1,0],[1,0],[0,1],[1,0],[1,0],[1,0],[0,-1],[1,0],[1,0],[1,0],[-1,0],[-1,0],[0,-1],[-1,0],[-1,0],[-1,0],[-1,0],[0,-1],[-1,0],[-1,0],[-1,0],[1,0],[0,-1],[1,0],[-1,0],[-1,0],[0,-1],[-1,0],[-1,0],[0,-1],[-1,0],[-1,0],[-1,0],[0,-1],[1,0],[1,0],[-1,0],[1,0],[-1,0],[0,-1],[0,1],[1,0],[1,0],[-1,0],[1,0],[-1,0],[0,1],[1,0],[1,0],[1,0],[1,0],[0,-1],[1,0],[1,0],[-1,0],[1,0],[1,0],[1,0],[1,0],[-1,0],[-1,0],[-1,0],[0,1],[-1,0],[-1,0],[-1,0],[0,1],[1,0],[1,0],[-1,0],[1,0],[0,1],[1,0],[1,0],[0,1],[1,0],[1,0],[1,0],[0,1],[1,0],[1,0],[1,0],[1,0],[1,0],[0,-1],[1,0],[1,0],[1,0],[1,0],[1,0],[0,-1],[1,0],[1,0],[-1,0],[-1,0],[-1,0],[1,0],[1,0],[-1,0],[1,0],[1,0],[1,0],[1,0],[1,0],[1,0],[0,-1],[1,0],[1,0],[1,0],[1,0],[-1,0],[-1,0],[-1,0],[1,0],[1,0],[1,0],[0,-1],[1,0],[1,0],[1,0],[1,0],[0,-1],[1,0],[1,0],[1,0],[1,0],[1,0],[-1,0],[-1,0],[0,1],[-1,0],[-1,0],[-1,0],[-1,0],[-1,0],[-1,0],[0,1],[1,0],[1,0],[1,0],[1,0],[1,0],[1,0],[1,0],[0,-1],[1,0],[1,0],[1,0],[1,0],[1,0],[1,0],[1,0],[-1,0],[-1,0],[-1,0],[1,0],[-1,0],[-1,0],[-1,0],[0,1],[-1,0],[-1,0],[1,0],[1,0],[-1,0],[-1,0],[-1,0],[-1,0],[-1,0],[0,1],[-1,0],[-1,0],[-1,0],[-1,0],[-1,0],[1,0],[-1,0],[1,0],[-1,0],[1,0],[-1,0],[-1,0],[-1,0],[-1,0],[-1,0],[1,0],[-1,0],[-1,1],[-1,0],[-1,0],[1,0],[-1,0],[-1,0],[-1,0],[0,1],[-1,0],[1,0],[1,0],[-1,0],[-1,0],[-1,0],[-1,0],[-1,0],[-1,0],[0,1],[1,0],[-1,0],[1,0],[1,0],[0,1],[-1,0],[-1,0],[-1,1],[-1,0],[-1,0],[-1,0],[-1,0],[-1,0],[-1,0],[-1,0],[-1,0],[-1,0],[-1,0],[-1,0],[-1,0],[-1,0],[-1,0],[-1,0],[-1,0],[-1,0],[-1,0],[-1,0],[-1,0],[-1,0],[0,1],[1,0],[-1,0],[-1,0],[-1,0],[-1,0],[1,0],[-1,0],[1,0],[-1,0],[-1,0],[1,0],[-1,1],[-1,0],[1,0],[-1,0],[0,1],[1,0],[1,0],[1,0],[-1,0],[-1,0],[-1,0],[0,1],[-1,0],[-1,0],[1,0],[1,0],[1,0],[1,0],[1,0],[1,0]],[[695,36],[-1,0],[-1,0],[-1,0],[1,0],[1,0],[1,0]],[[746,52],[0,0]],[[722,77],[0,0]],[[701,35],[1,0]],[[701,35],[0,0]],[[737,81],[0,0]],[[746,52],[1,0],[-1,0]],[[701,35],[0,-1],[0,1]],[[737,81],[1,0]],[[745,52],[0,1]],[[745,53],[-1,0],[0,-1]],[[723,73],[0,1],[-1,0],[0,-1],[1,0]],[[709,33],[1,0]],[[709,33],[0,0]],[[741,54],[1,0],[0,1],[-1,0]],[[788,39],[-1,0],[-1,0],[1,0],[0,-1],[1,0],[0,1]],[[712,34],[1,0],[-1,0]],[[712,34],[-1,0],[-1,0],[-1,0],[-1,0],[-1,0],[1,0],[-1,0],[1,0],[1,0],[1,0],[1,0],[0,-1],[1,0],[-1,0],[-1,0]],[[709,33],[-1,0]],[[708,33],[0,-1],[1,0],[1,0],[0,1]],[[710,33],[1,0],[1,0],[1,0],[1,0],[1,0],[1,0],[0,1],[1,0],[0,-1],[1,0],[0,1],[-1,0],[1,0],[1,0],[1,0],[1,0],[-1,0],[0,1],[1,0],[-1,0],[1,0],[-1,0],[-1,0],[-1,0],[-1,0],[-1,0],[-1,0],[-1,0],[-1,0],[-1,0],[-1,0],[0,-1],[1,0]],[[387,165],[-1,0]],[[386,165],[-1,0]],[[385,165],[-1,0]],[[384,165],[0,1]],[[384,166],[1,0]],[[385,166],[1,0]],[[386,166],[1,0],[-1,0]],[[386,166],[1,0],[0,1]],[[387,167],[1,0],[1,0],[1,0],[1,0],[1,0],[1,0]],[[393,167],[1,0],[-1,0]],[[393,167],[-1,0],[-1,0],[-1,0],[-1,0],[1,0],[1,0],[1,1]],[[392,168],[1,0],[1,0],[1,0],[-1,0],[-1,0],[-1,0]],[[392,168],[-1,0]],[[391,168],[-1,0],[0,-1],[-1,0],[-1,0],[-1,0]],[[387,167],[-1,0]],[[387,167],[1,0],[-1,0]],[[386,167],[0,1]],[[386,168],[-1,0],[0,-1]],[[385,167],[-1,0]],[[384,167],[-1,0]],[[383,167],[0,1],[1,0],[1,0],[1,0]],[[386,168],[1,0]],[[387,168],[0,1]],[[387,169],[1,0]],[[388,169],[1,0],[1,0],[1,0]],[[391,169],[1,0]],[[391,169],[0,1],[-1,0],[0,-1],[-1,0],[-1,0]],[[387,169],[-1,0],[-1,0]],[[385,169],[0,-1],[-1,0],[-1,0],[-1,0]],[[382,168],[1,0],[-1,0]],[[382,168],[0,1]],[[382,169],[1,0],[-1,0]],[[382,169],[-1,0]],[[382,169],[0,1],[1,0],[1,0],[1,0],[-1,0],[-1,0],[-1,0],[-1,0],[-1,0],[-1,0],[0,-1]],[[379,169],[-1,0]],[[379,169],[1,0]],[[380,169],[1,0]],[[381,169],[0,1],[1,0],[1,0],[-1,0],[0,-1]],[[378,169],[-1,0]],[[377,169],[0,1],[1,0],[-1,0],[0,-1]],[[377,169],[0,1],[1,0],[1,0],[1,0],[1,0],[1,0],[0,1],[0,-1],[-1,0],[0,1],[1,0],[1,0],[-1,0],[-1,0],[-1,0],[0,-1],[-1,0],[-1,0],[-1,0],[-1,0],[-1,0],[0,1]],[[375,171],[-1,0]],[[375,171],[0,1]],[[375,172],[-1,0]],[[375,172],[0,1]],[[375,173],[1,0],[-1,0]],[[374,172],[-1,0]],[[374,172],[0,1]],[[373,172],[0,1]],[[373,173],[1,0]],[[373,173],[0,1]],[[373,174],[1,0]],[[374,174],[1,0]],[[375,174],[1,0],[0,1],[1,0],[1,0],[1,0],[1,0],[1,0]],[[381,175],[1,0]],[[381,175],[0,-1],[1,0],[0,1]],[[382,175],[0,-1],[-1,0],[-1,0],[-1,0],[0,-1],[-1,0]],[[378,173],[-1,0]],[[377,173],[-1,0],[1,0]],[[378,173],[1,0],[1,0],[0,1],[1,0],[0,-1],[-1,0],[1,0],[-1,0],[1,0],[0,1],[1,0],[1,0],[0,-1],[-1,0],[-1,0],[1,0],[1,0],[1,0],[-1,0],[0,-1]],[[383,172],[1,0],[0,1],[1,0],[0,-1],[-1,0],[1,0],[1,0],[1,0],[0,-1]],[[387,171],[1,0],[-1,0]],[[387,171],[1,0],[1,0]],[[389,171],[0,-1],[1,0],[-1,0],[1,0],[1,0],[1,0],[1,0],[0,-1]],[[393,169],[1,0],[1,0],[1,0],[1,0]],[[397,169],[1,0]],[[393,169],[0,1],[-1,0],[-1,0],[1,0],[0,1],[0,-1],[-1,0],[1,0],[1,0],[0,1],[1,-1],[0,1],[0,-1],[0,1],[1,0],[0,-1]],[[395,170],[1,0],[1,0],[1,0],[1,0],[1,0]],[[400,170],[1,0]],[[401,170],[0,1],[0,-1]],[[401,170],[0,1],[1,0]],[[402,171],[0,-1],[0,1]],[[402,171],[1,0]],[[403,171],[1,0],[1,0],[1,0]],[[406,171],[1,0],[1,0],[-1,0],[-1,0]],[[400,170],[0,1]],[[400,170],[-1,0],[0,1]],[[399,171],[-1,0],[-1,0],[-1,0],[-1,0],[-1,0],[-1,0],[-1,0],[-1,0],[-1,0]],[[390,171],[1,0],[1,0],[1,0],[1,0],[1,0],[-1,0],[-1,0],[-1,0],[-1,0],[-1,0]],[[390,171],[-1,0]],[[389,171],[-1,0],[0,1],[1,0]],[[389,172],[-1,0],[-1,0],[-1,0],[0,1],[-1,0],[1,0],[1,0],[1,0],[1,0],[1,0],[1,0],[-1,0],[-1,0],[-1,0],[-1,0],[-1,0],[-1,0],[0,1],[-1,0],[-1,0],[0,1],[1,0],[1,0],[1,0],[0,-1],[1,0]],[[387,174],[1,0],[-1,0]],[[387,174],[0,1],[-1,0],[-1,0],[-1,0],[1,0],[-1,0],[-1,0],[1,0],[1,0],[-1,0],[1,0],[1,0],[1,0],[1,0],[1,0],[1,0],[-1,0],[0,-1],[1,0],[1,0],[-1,0],[0,1],[-1,0],[1,0],[1,0]],[[391,175],[0,-1],[1,0]],[[392,174],[1,0],[0,-1],[1,0],[1,0],[0,-1]],[[395,172],[1,0]],[[395,172],[0,1],[0,-1]],[[396,172],[1,0],[1,0],[1,0]],[[399,172],[-1,0],[1,0]],[[399,172],[1,0],[1,0],[1,0]],[[402,172],[1,0],[-1,0]],[[396,172],[0,1],[-1,0],[0,1],[0,-1],[0,1],[1,0],[0,-1],[0,1],[1,0]],[[397,174],[1,0],[1,0],[-1,0],[-1,0]],[[397,174],[-1,0],[-1,0],[-1,0],[-1,0],[0,1]],[[393,175],[-1,0]],[[393,175],[1,0],[1,0],[1,0]],[[396,175],[0,-1],[1,0]],[[397,174],[1,0],[-1,0]],[[397,174],[1,0],[1,0],[1,0],[0,-1]],[[400,173],[1,0],[1,0],[1,0],[1,0],[-1,0],[-1,0],[-1,0],[-1,0]],[[400,173],[0,1],[-1,0],[1,0],[-1,0],[-1,0],[0,1]],[[398,175],[1,0],[1,0]],[[400,175],[-1,0],[1,0]],[[400,175],[1,0]],[[401,175],[0,-1],[0,1]],[[401,175],[1,0]],[[402,175],[1,0],[1,0]],[[404,175],[0,-1],[1,0]],[[405,174],[1,0],[1,0],[-1,0],[-1,0]],[[404,175],[-1,0],[1,0]],[[404,175],[1,0],[1,0]],[[402,175],[0,1],[-1,0]],[[401,176],[1,0],[-1,0]],[[401,176],[1,0],[1,0],[0,-1],[0,1],[1,0],[0,-1]],[[404,175],[1,0],[0,1]],[[405,176],[-1,0],[-1,0],[-1,0],[-1,0]],[[401,176],[-1,0]],[[400,176],[0,1]],[[400,177],[1,0]],[[401,177],[0,-1]],[[405,176],[0,-1],[1,0]],[[406,175],[1,0],[1,0]],[[408,175],[0,-1],[0,1]],[[408,175],[0,-1],[1,0],[1,0]],[[410,174],[1,0]],[[411,174],[1,0]],[[412,174],[0,-1]],[[412,173],[1,0]],[[413,173],[0,1]],[[413,174],[-1,0]],[[413,173],[1,0],[0,-1],[-1,0],[1,0],[1,0],[-1,0],[0,1],[1,0],[-1,0],[1,0],[1,0],[-1,0],[-1,0],[0,1]],[[414,174],[0,1]],[[414,175],[1,0],[-1,0]],[[414,175],[1,0],[0,1]],[[415,176],[1,0],[1,0],[0,-1],[1,0],[1,0],[1,0],[1,0],[-1,0],[-1,0],[-1,0],[0,1],[-1,0],[-1,0],[-1,0]],[[415,176],[0,1]],[[415,177],[1,0]],[[416,177],[1,0]],[[417,177],[1,0],[1,0],[1,0],[1,0],[0,-1],[1,0],[0,1],[-1,0],[-1,0],[-1,0],[-1,0],[-1,0]],[[417,177],[0,1]],[[417,178],[1,0],[1,0],[1,0],[-1,0],[1,0],[-1,0],[-1,0],[0,1]],[[418,179],[1,0]],[[419,179],[1,0],[1,0],[1,0],[1,0],[1,0]],[[419,179],[0,1],[-1,0],[-1,0],[-1,0]],[[416,180],[0,1],[-1,0],[0,-1]],[[415,180],[0,1],[-1,0],[-1,0]],[[413,181],[-1,0],[-1,0]],[[411,181],[0,1],[1,0],[1,0],[1,0],[1,0],[1,0],[1,0],[1,0],[-1,0],[1,0],[0,1],[1,0],[0,-1],[1,0],[-1,0],[1,0],[1,0],[0,-1],[1,0],[1,0],[1,0],[1,0],[-1,0],[-1,0],[-1,0],[-1,0],[0,1],[-1,0],[1,0],[-1,0],[0,1],[1,0],[-1,0],[-1,0],[-1,0],[-1,0],[-1,0],[-1,0],[0,-1],[-1,0],[-1,0],[-1,0],[-1,0],[-1,0],[-1,0],[1,0],[0,1],[1,0],[1,0],[1,0],[-1,0],[-1,0],[-1,0],[-1,0],[-1,0]],[[408,183],[-1,0],[1,0]],[[408,183],[1,0],[1,0],[1,0],[0,1],[1,0],[1,0],[1,0],[1,0],[1,0],[1,0],[-1,0],[-1,0],[-1,0],[-1,0],[-1,0],[-1,0],[-1,0],[-1,0]],[[409,184],[1,0],[-1,0]],[[409,184],[-1,0]],[[408,184],[-1,-1],[0,1],[-1,0]],[[406,184],[1,0],[0,1]],[[407,185],[1,0],[1,0],[1,0],[1,0],[1,0],[1,0],[1,0],[1,0],[0,1]],[[415,186],[1,0]],[[416,186],[1,0]],[[417,186],[1,0],[1,0],[-1,0],[-1,0]],[[415,186],[-1,0]],[[414,186],[-1,0]],[[413,186],[0,-1],[-1,0],[-1,0],[-1,0],[-1,0],[-1,0],[-1,0]],[[407,185],[-1,0]],[[406,185],[-1,0]],[[405,185],[-1,0]],[[404,185],[0,1],[-1,0]],[[403,186],[1,0],[1,0],[0,1],[-1,0],[1,0],[1,0]],[[406,187],[1,0],[1,0],[1,0]],[[409,187],[1,0],[0,-1],[1,0],[1,0],[1,0]],[[413,186],[-1,0],[-1,0],[0,1],[-1,0],[-1,0]],[[409,187],[1,0],[1,0],[-1,0],[0,1]],[[410,188],[1,0],[1,0]],[[410,188],[0,-1],[-1,0]],[[409,187],[-1,0],[1,0]],[[406,187],[1,1]],[[407,188],[-1,0]],[[407,188],[1,0],[1,0],[1,0]],[[412,188],[1,0]],[[413,188],[1,0],[0,1]],[[414,189],[0,-1],[1,0]],[[415,188],[0,1]],[[415,189],[1,0],[1,0]],[[417,189],[1,0]],[[417,189],[-1,0],[1,0]],[[418,189],[1,0]],[[419,189],[1,0],[-1,0]],[[419,189],[0,1]],[[419,190],[1,0]],[[420,190],[1,0]],[[421,190],[0,-1],[1,0],[-1,0],[0,-1],[-1,0]],[[420,188],[-1,0]],[[419,188],[0,1]],[[418,189],[0,-1],[1,0]],[[419,188],[-1,0],[1,0]],[[420,188],[0,-1],[1,0],[1,0],[-1,0],[0,1],[-1,0]],[[420,188],[1,0],[1,0],[1,0],[-1,0],[0,1],[1,0],[-1,0],[1,0],[-1,0],[0,1],[1,0],[1,0],[1,0],[-1,0],[1,0],[1,0],[1,0],[1,0]],[[429,190],[0,-1],[1,0]],[[430,189],[1,0]],[[431,189],[1,0]],[[432,189],[1,0],[-1,0]],[[432,189],[0,-1]],[[432,188],[-1,0],[-1,0]],[[432,189],[1,0],[1,0]],[[434,189],[0,-1]],[[434,188],[1,0]],[[434,188],[0,-1],[-1,0],[1,0],[-1,0],[1,0],[0,-1],[0,-1],[-1,0],[-1,0],[-1,0],[-1,0],[-1,0],[1,0],[1,0],[1,0],[1,0],[1,0],[0,1],[1,0],[0,1],[-1,0],[1,0],[0,1]],[[435,188],[1,0],[-1,0]],[[435,188],[1,0],[1,0],[0,1]],[[439,189],[1,0],[1,0],[1,0],[0,-1],[0,-1],[-1,0],[-1,0]],[[440,187],[1,0],[1,0],[0,-1],[-1,0],[1,0],[-1,0],[1,0],[-1,0],[0,-1],[1,0]],[[442,185],[-1,0],[1,0]],[[442,185],[0,-1],[-1,0],[-1,0],[-1,0],[-1,0],[0,-1],[-1,0],[-1,0],[-1,0],[-1,0],[0,-1],[1,0],[0,1],[1,0],[1,0],[1,0],[0,1],[1,0],[1,0],[1,0],[1,0],[1,0]],[[443,184],[-1,0],[0,-1],[1,0]],[[443,183],[1,0]],[[444,183],[1,0]],[[445,183],[1,0]],[[445,183],[0,-1]],[[445,182],[-1,0]],[[444,182],[-1,0],[1,0]],[[444,182],[-1,0],[0,-1],[1,0]],[[444,181],[-1,0],[-1,0],[-1,0],[-1,0],[-1,0],[-1,0],[1,0],[1,0],[1,0],[1,0],[1,0],[0,-1],[-1,0],[1,0],[0,-1],[1,0]],[[444,179],[1,0]],[[446,179],[0,-1]],[[446,178],[-1,0]],[[445,178],[-1,0],[0,-1]],[[444,177],[1,0]],[[445,177],[1,0]],[[446,177],[0,-1]],[[446,176],[-1,0],[1,0]],[[446,176],[0,-1],[0,1]],[[446,176],[0,-1],[1,0],[-1,0],[-1,0],[0,-1],[1,0],[1,0]],[[447,174],[0,-1],[-1,0],[0,-1],[-1,0],[-1,0],[1,0],[0,-1],[-1,0],[0,-1],[-1,0]],[[443,170],[0,-1]],[[443,169],[-1,0],[0,-1]],[[442,168],[-1,0]],[[441,168],[-1,0],[-1,0],[-1,0],[-1,0]],[[437,168],[-1,0],[1,0]],[[437,168],[1,0],[-1,0]],[[437,168],[1,0],[0,-1],[0,1],[1,0],[1,0],[1,0]],[[441,168],[-1,0],[1,0]],[[441,168],[0,-1]],[[441,167],[-1,0],[1,0]],[[441,167],[1,0]],[[442,167],[0,-1]],[[442,166],[1,0]],[[443,166],[0,-1],[-1,0],[-1,0],[-1,0],[-1,0],[0,1],[0,-1],[-1,0],[-1,0],[0,-1],[0,1],[-1,0],[-1,0],[1,0],[0,-1],[1,0],[1,0],[-1,0],[0,-1],[-1,0],[1,0],[1,0],[0,1],[1,0],[-1,0],[0,1],[1,0],[1,0],[1,0],[1,0],[-1,0],[1,0],[1,0],[1,0],[1,0]],[[445,165],[0,-1]],[[445,164],[1,0]],[[446,164],[1,0],[0,-1],[0,1],[0,-1],[0,-1],[0,-1],[-1,0],[-1,0],[-1,0],[-1,0],[0,1],[-1,0],[-1,0],[-1,0],[-1,0],[-1,0],[-1,0],[-1,0]],[[436,162],[1,0],[1,0],[1,0],[1,0],[1,0],[1,0],[1,0],[0,-1],[1,0],[1,0],[1,0],[-1,0],[1,0],[0,-1],[0,-1],[-1,0],[0,-1],[1,0],[-1,0],[-1,0],[-1,0]],[[443,158],[1,0],[-1,0]],[[443,158],[0,1],[-1,0],[-1,0]],[[441,159],[-1,0]],[[443,158],[1,0],[0,-1],[-1,0],[-1,0],[-1,0]],[[441,157],[1,0],[0,-1],[-1,0],[-1,0],[-1,0],[-1,0],[-1,0],[-1,0],[0,1]],[[436,157],[-1,0],[1,0]],[[436,157],[-1,0],[-1,0]],[[434,157],[-1,0]],[[433,157],[-1,0]],[[432,157],[0,1]],[[432,158],[-1,0],[1,0]],[[432,158],[0,1]],[[432,159],[-1,0],[0,-1],[0,1],[0,-1],[0,1],[-1,0],[0,-1],[1,0],[1,0]],[[434,157],[1,0],[0,-1],[1,0],[1,0],[1,0],[0,-1],[-1,0],[-1,0],[-1,0]],[[435,155],[-1,0]],[[434,155],[0,-1],[-1,0],[-1,0],[-1,0],[-1,0],[-1,0],[-1,0]],[[428,154],[1,0],[1,0],[-1,0],[0,1]],[[429,155],[0,-1],[-1,0]],[[428,154],[-1,0]],[[427,154],[-1,0]],[[427,154],[0,1],[1,0]],[[428,155],[1,0]],[[429,155],[1,1],[-1,0]],[[429,156],[0,-1]],[[428,155],[-1,0],[1,0]],[[428,155],[-1,0],[-1,0],[0,-1]],[[426,154],[0,1],[0,-1]],[[426,154],[-1,0],[0,1],[-1,0],[0,-1],[1,0],[-1,0],[-1,0]],[[423,154],[-1,0]],[[422,154],[-1,0],[-1,0]],[[420,154],[-1,0]],[[419,154],[-1,0]],[[418,154],[0,1],[1,0],[1,0],[1,0],[0,1],[1,0],[-1,0],[-1,0],[0,-1],[0,1],[0,-1],[0,1],[-1,0],[0,-1],[-1,0],[-1,0],[1,0],[0,-1]],[[418,154],[-1,0]],[[417,154],[-1,0]],[[417,154],[0,1],[-1,0],[0,-1]],[[416,154],[-1,0]],[[415,154],[-1,0]],[[414,154],[0,1]],[[414,155],[-1,0]],[[413,155],[0,1]],[[414,155],[0,1],[-1,0]],[[413,156],[1,0],[-1,0]],[[413,156],[1,0],[1,0],[1,0],[-1,0],[1,0],[0,1],[1,0],[1,0],[1,0],[1,0],[1,0],[1,0],[1,0],[0,1],[1,0]],[[424,158],[1,0],[1,0],[0,-1],[1,0],[1,0],[1,0],[1,0]],[[430,157],[1,0]],[[431,157],[0,-1],[0,1]],[[430,157],[-1,0],[0,1],[-1,0],[0,-1],[-1,0],[0,1],[-1,0],[-1,0],[-1,0]],[[424,158],[-1,0],[0,-1],[-1,0],[-1,0],[-1,0],[-1,0],[-1,0],[-1,0],[-1,0],[-1,0],[0,-1],[-1,0],[1,0],[-1,0],[-1,0]],[[413,156],[-1,0]],[[412,156],[0,1]],[[412,157],[1,0],[-1,0]],[[412,157],[-1,0]],[[411,157],[-1,0],[1,0]],[[411,157],[0,1]],[[411,158],[1,0],[-1,0]],[[411,158],[1,0],[1,0],[1,0],[-1,0],[-1,0],[0,1],[1,0]],[[413,159],[-1,0],[1,0]],[[413,159],[1,0]],[[414,159],[1,0]],[[415,159],[1,0],[1,0],[1,0],[1,0],[0,-1],[0,1],[1,0],[-1,0],[1,0],[1,0],[1,0],[1,0],[1,0],[1,0],[0,1],[1,0],[1,0],[1,0],[1,0],[1,0],[1,0],[0,1],[0,-1],[-1,0],[-1,0],[-1,0],[-1,0],[-1,0],[-1,0],[-1,0],[0,-1],[-1,0],[-1,0],[-1,0],[-1,0],[-1,0],[-1,0],[-1,0],[0,1],[-1,0],[1,0],[-1,0],[1,0],[1,0],[0,1],[1,0],[-1,0],[1,0],[1,0],[1,0],[1,0],[1,0],[1,0],[-1,0],[-1,0],[-1,0],[0,1],[1,0],[1,0],[1,0],[1,0],[0,1],[-1,0],[0,-1],[-1,0],[0,1],[1,0],[-1,0],[0,-1],[-1,0],[1,0],[-1,0],[-1,0],[-1,0],[0,-1],[-1,0],[-1,0],[-1,0],[1,0],[-1,0],[0,-1],[-1,0],[-1,0]],[[415,160],[0,1],[0,-1]],[[415,160],[-1,0]],[[414,160],[0,1],[1,0],[-1,0],[-1,0]],[[413,161],[-1,0]],[[412,161],[0,1],[1,0]],[[413,162],[1,0]],[[414,162],[1,0],[1,0],[0,1],[0,-1],[-1,0],[-1,0]],[[414,162],[0,1],[-1,0]],[[413,163],[-1,0],[0,1],[0,-1],[-1,0]],[[411,163],[0,1],[1,0],[1,0],[1,0],[1,0]],[[415,164],[1,0]],[[416,164],[1,0],[1,0],[-1,0],[-1,0]],[[415,164],[-1,0],[-1,1],[0,1]],[[413,166],[1,0],[1,0],[1,0]],[[416,166],[0,-1],[1,0],[1,0],[1,0],[1,0],[1,0],[1,0],[1,0]],[[423,165],[1,0],[1,0]],[[425,165],[1,0],[1,0],[-1,0],[-1,0]],[[423,165],[-1,0],[-1,0],[-1,0],[1,0],[0,1],[1,0],[1,0],[1,0],[-1,0],[0,1],[1,0],[-1,0],[0,-1],[-1,0],[1,0],[-1,0],[-1,0],[-1,0],[0,-1],[-1,0],[-1,0],[0,1]],[[418,166],[-1,0],[-1,0]],[[413,166],[1,0],[0,1],[-1,0]],[[413,167],[0,1],[1,0],[1,0],[1,0],[1,0],[0,1],[1,0],[1,0],[1,0],[1,0],[1,0],[1,0],[-1,0],[1,0],[0,-1],[1,0],[-1,0],[1,0],[1,0],[-1,0],[0,1],[-1,0],[-1,0],[1,0],[0,1],[1,0]],[[424,170],[1,0]],[[425,170],[1,0],[1,0],[1,0]],[[428,170],[1,0]],[[429,170],[1,0],[1,0],[1,0],[-1,0],[-1,0],[1,0],[-1,0],[-1,0]],[[429,170],[0,1],[-1,0],[0,-1]],[[428,170],[0,1],[0,-1]],[[428,170],[-1,0],[1,0]],[[428,170],[0,1],[-1,0],[0,-1],[-1,0],[-1,0]],[[425,170],[0,1],[1,0],[1,0],[1,1],[1,0],[1,0],[1,0],[1,0],[0,1],[1,0],[1,0],[-1,0],[-1,0],[1,0],[-1,0],[-1,0],[0,-1],[-1,0],[-1,0],[-1,0],[-1,0],[0,-1],[-1,0],[-1,0],[-1,0],[-1,0],[-1,0],[-1,0],[0,1],[-1,0],[-1,0],[0,1],[-1,0],[0,-1],[1,0],[1,0],[0,-1],[1,0],[1,0],[1,0],[1,0],[0,-1]],[[424,170],[-1,0],[-1,0],[-1,0],[0,-1],[-1,0],[-1,0],[-1,0],[1,0],[-1,0],[-1,0],[-1,0]],[[416,169],[0,-1],[-1,0],[-1,0],[0,1]],[[414,169],[0,1]],[[414,170],[1,0]],[[415,170],[0,1]],[[415,171],[-1,0]],[[414,169],[0,-1],[-1,0],[-1,0],[0,-1]],[[412,167],[-1,0]],[[411,167],[-1,0]],[[410,167],[-1,0],[-1,0]],[[408,167],[0,1],[1,0],[0,1],[1,0]],[[410,169],[-1,0],[0,1],[-1,0],[0,-1],[1,0],[-1,0],[1,0],[-1,0],[1,0],[-1,0],[0,-1],[-1,0],[0,1],[-1,0],[-1,0],[1,0],[0,-1]],[[406,168],[0,1],[0,-1]],[[406,168],[1,0],[0,1],[0,-1],[1,0],[-1,0],[1,0],[-1,0],[1,0],[-1,0],[0,-1],[-1,0]],[[406,167],[-1,0],[0,1]],[[405,168],[-1,0],[-1,0]],[[406,167],[1,0],[0,-1]],[[407,166],[-1,0]],[[406,166],[0,1]],[[406,167],[-1,0],[-1,0],[1,0],[0,-1],[1,0]],[[406,166],[-1,0],[-1,0]],[[404,166],[-1,0]],[[403,166],[0,1],[-1,0],[-1,0],[-1,0],[-1,0]],[[399,167],[-1,0]],[[399,167],[1,0],[1,0],[0,-1]],[[401,166],[1,0],[1,0]],[[404,166],[1,0],[-1,0]],[[406,166],[0,-1]],[[406,165],[-1,0],[1,0]],[[406,165],[-1,0],[-1,0]],[[404,165],[-1,0]],[[406,165],[-1,0],[0,-1]],[[405,164],[-1,0],[1,0]],[[405,164],[-1,0],[0,-1]],[[404,163],[1,0]],[[405,163],[0,1]],[[405,164],[1,0],[0,1]],[[406,165],[1,0],[1,0]],[[408,165],[1,0]],[[409,165],[1,0]],[[409,165],[0,-1]],[[409,164],[-1,0],[-1,0],[0,-1],[-1,0],[1,0],[-1,0],[-1,0]],[[404,163],[-1,0]],[[404,163],[0,-1]],[[404,162],[1,0]],[[405,162],[0,-1]],[[405,161],[-1,0]],[[404,161],[0,1]],[[404,161],[-1,0]],[[405,162],[1,0]],[[406,162],[0,1],[1,0],[1,0],[-1,0],[1,0],[0,-1]],[[408,162],[1,0]],[[409,162],[1,0],[0,-1]],[[410,161],[-1,0]],[[410,161],[0,-1],[-1,0]],[[409,160],[0,1]],[[409,160],[-1,0]],[[408,160],[0,1]],[[408,161],[1,0]],[[408,160],[-1,0]],[[407,160],[-1,0]],[[407,160],[0,-1]],[[407,159],[-1,0]],[[406,159],[-1,0]],[[405,159],[-1,0]],[[404,159],[-1,0],[1,0]],[[405,159],[0,-1]],[[405,158],[1,0]],[[406,158],[0,1]],[[405,158],[-1,0]],[[404,158],[-1,0]],[[403,158],[-1,0]],[[402,158],[-1,0]],[[401,158],[-1,0]],[[401,158],[0,1],[1,0]],[[402,159],[0,1]],[[402,159],[-1,0],[-1,0]],[[400,159],[-1,0]],[[399,159],[-1,0]],[[398,159],[-1,0],[-1,0],[1,0],[-1,0],[-1,0],[0,1],[-1,0],[-1,0]],[[393,160],[0,1],[-1,0],[1,0],[1,0],[0,1],[1,0],[1,0],[-1,0],[-1,0],[-1,0],[0,-1],[-1,0],[0,1],[0,-1],[0,1],[-1,0],[-1,0],[0,1],[1,0]],[[391,163],[-1,0],[-1,0],[1,0],[-1,0],[0,1]],[[389,164],[1,0]],[[390,164],[1,0]],[[391,164],[1,0]],[[392,164],[1,0]],[[393,164],[1,0]],[[389,164],[-1,0],[1,0]],[[389,164],[-1,0],[-1,0],[1,0],[1,0]],[[394,164],[1,0]],[[395,164],[0,1],[1,0],[-1,0],[-1,0]],[[394,165],[0,-1]],[[390,164],[0,1]],[[390,165],[-1,0]],[[389,165],[-1,0]],[[390,165],[1,0],[1,0]],[[392,165],[0,1],[1,0]],[[393,166],[1,0],[1,0]],[[393,166],[-1,0],[-1,0],[0,-1],[-1,0]],[[388,165],[-1,0]],[[403,161],[0,0]],[[402,160],[0,0]],[[406,159],[0,0]],[[408,161],[0,0]],[[410,172],[0,0],[0,0],[0,0]],[[403,158],[0,0]],[[403,162],[0,0]],[[406,161],[0,-1]],[[406,161],[0,0]],[[400,160],[1,0]],[[400,160],[0,0]],[[413,170],[1,0]],[[413,170],[0,-1],[1,0]],[[414,169],[-1,0],[1,0]],[[393,166],[0,0]],[[403,161],[-1,0]],[[388,165],[0,0]],[[411,157],[0,0]],[[406,160],[-1,-1]],[[406,159],[0,1]],[[407,161],[1,0]],[[393,172],[0,0]],[[402,162],[-1,0]],[[402,162],[0,0]],[[438,160],[-1,0],[1,0]],[[438,160],[0,0]],[[440,159],[0,1],[0,-1]],[[440,159],[0,0]],[[392,169],[1,0]],[[392,169],[0,0]],[[438,160],[1,0],[-1,0]],[[402,162],[0,-1]],[[408,173],[0,0]],[[433,159],[0,0]],[[415,187],[-1,0]],[[415,187],[0,0]],[[405,173],[0,1]],[[405,173],[0,0]],[[405,173],[1,0],[-1,0]],[[399,164],[1,0],[-1,0]],[[399,164],[0,0]],[[413,171],[1,0]],[[413,171],[0,0]],[[416,170],[-1,0]],[[415,170],[0,-1],[0,1]],[[415,170],[0,-1],[1,0]],[[416,169],[0,1]],[[408,161],[-1,1]],[[407,162],[-1,0]],[[407,162],[0,-1]],[[401,168],[0,0],[0,0],[0,0]],[[393,172],[1,0],[-1,0]],[[391,164],[0,0]],[[415,187],[1,0]],[[428,154],[0,1]],[[400,161],[1,0]],[[432,188],[0,0]],[[407,161],[-1,0]],[[408,173],[-1,0],[1,0]],[[402,160],[1,0]],[[400,170],[0,-1],[1,0]],[[401,169],[0,1]],[[403,162],[-1,0]],[[425,176],[-1,0],[1,-1],[0,1]],[[393,166],[0,1]],[[399,165],[0,-1]],[[399,164],[-1,0]],[[424,187],[1,0],[0,1],[-1,0],[0,-1]],[[392,168],[1,1]],[[392,169],[0,-1]],[[432,169],[-1,0]],[[432,169],[1,0],[-1,0]],[[423,165],[0,-1]],[[423,164],[1,0]],[[424,164],[0,1],[0,-1]],[[424,164],[1,0],[0,1]],[[431,186],[1,0],[1,0],[-1,0],[-1,0]],[[433,159],[-1,0]],[[401,160],[1,0]],[[409,172],[-1,0],[-1,0],[1,0],[1,0]],[[399,165],[1,0]],[[400,165],[0,1]],[[400,166],[-1,0]],[[398,166],[1,0]],[[399,166],[0,-1]],[[435,169],[-1,0],[0,-1],[-1,0],[1,0],[1,0],[0,1]],[[434,179],[0,1],[1,0],[-1,0],[-1,0],[0,-1],[1,0]],[[414,186],[0,1]],[[414,187],[-1,0],[0,-1]],[[432,188],[1,0]],[[423,164],[-1,0],[-1,0],[0,-1],[0,1],[1,0],[1,0]],[[401,160],[0,1]],[[400,161],[0,-1]],[[400,160],[-1,0]],[[398,160],[1,0]],[[433,156],[-1,0],[0,-1],[1,0],[1,0]],[[434,155],[-1,0],[0,1]],[[433,156],[-1,0],[1,0]],[[414,170],[0,1]],[[413,171],[0,-1]],[[377,172],[1,0],[1,0],[-1,0],[-1,0]],[[377,172],[0,-1],[-1,0]],[[377,172],[1,0],[-1,0]],[[398,164],[-1,0]],[[397,164],[-1,0],[-1,0]],[[418,166],[1,0],[0,1],[1,0],[-1,0],[-1,0],[0,-1]],[[437,159],[1,0],[1,0],[0,-1],[-1,0],[1,0],[1,0],[1,0]],[[441,158],[1,0]],[[441,158],[-1,0],[-1,0],[0,1],[-1,0],[-1,0]],[[403,166],[0,-1]],[[404,165],[0,1]],[[403,165],[-1,0]],[[431,169],[0,-1],[-1,0],[-1,0],[1,0],[-1,0],[-1,0],[0,1],[-1,0],[0,-1],[1,0],[1,0],[1,0],[1,0],[1,0],[0,1]],[[651,86],[0,-1],[1,0]],[[654,85],[0,-1]],[[654,84],[-1,0],[-1,0],[-1,0],[1,0],[1,0],[0,-1],[1,0]],[[654,83],[0,-1],[0,1]],[[654,83],[0,-1],[-1,0],[-1,0],[-1,0],[-1,0],[-1,0],[-1,0],[-1,0],[0,-1],[0,1],[0,-1],[-1,0],[-1,0],[-1,0],[-1,0],[-1,0],[0,-1],[-1,0],[-1,0],[-1,0],[-1,0],[-1,0],[-1,0],[-1,0],[0,-1],[-1,0],[-1,0],[-1,0],[-1,0],[-1,0],[-1,0],[0,-1],[-1,0],[-1,0],[-1,0],[-1,0],[-1,0],[-1,0],[-1,0],[0,-1],[-1,0],[-1,0],[-1,0],[-1,0],[-1,0],[0,-1],[1,0],[-1,0],[-1,0],[-1,0],[0,-1],[-1,0],[-1,0],[1,0],[-1,0],[-1,0],[0,-1],[0,1],[-1,0],[0,-1]],[[611,74],[1,0],[-1,0]],[[611,74],[-1,0]],[[610,74],[-1,0]],[[609,74],[-1,0]],[[608,74],[-1,0]],[[607,74],[-1,0]],[[606,74],[-1,0]],[[605,74],[-1,0]],[[604,74],[-1,0]],[[603,74],[-1,0]],[[602,74],[-1,0]],[[601,74],[-1,0],[0,1]],[[600,75],[-1,0],[-1,0],[-1,0],[0,1],[-1,0],[-1,0],[-1,0],[-1,0],[1,0],[-1,0],[-1,0],[-1,0],[1,0],[-1,0],[-1,0],[-1,0]],[[589,76],[-1,0]],[[588,76],[-1,0],[1,0]],[[589,76],[1,0],[1,0],[1,0],[1,0],[0,-1]],[[593,75],[1,0]],[[594,75],[1,0]],[[595,75],[1,0],[-1,0]],[[593,75],[-1,0],[1,0]],[[595,75],[1,0],[0,-1]],[[596,74],[-1,0]],[[595,74],[0,1]],[[593,75],[-1,0],[-1,0],[1,0],[-1,0],[0,1],[0,-1],[0,1],[0,-1],[1,0],[-1,0],[-1,0],[-1,0]],[[589,75],[0,1]],[[588,76],[-1,0],[0,-1]],[[587,75],[0,1],[-1,0],[-1,0],[-1,0],[1,0],[-1,0],[1,0],[-1,0],[-1,0],[-1,0],[-1,0],[-1,0],[-1,0],[0,-1],[1,0],[-1,0],[0,1],[-1,0],[-1,0],[0,-1],[-1,0],[-1,0],[-1,0],[-1,0],[-1,0],[-1,0],[-1,0]],[[570,75],[1,0],[1,0],[1,0],[1,0],[1,0],[1,0],[1,0],[1,0],[1,0],[1,0],[1,0],[1,0],[1,0],[1,0],[1,0],[1,0],[1,0]],[[587,75],[1,0],[1,0]],[[589,75],[0,-1],[1,0],[-1,0],[-1,0],[1,0],[1,0],[1,0],[0,-1]],[[591,73],[1,0],[1,0]],[[593,73],[1,0]],[[594,73],[0,1]],[[594,74],[-1,0],[1,0]],[[594,74],[1,0]],[[596,74],[0,-1],[-1,0]],[[595,73],[-1,0]],[[595,73],[1,0],[1,0],[1,-1],[-1,0],[-1,0],[-1,0]],[[595,72],[-1,0]],[[594,72],[-1,0]],[[593,72],[-1,0],[1,0]],[[593,72],[-1,0],[-1,0]],[[591,72],[-1,0]],[[590,72],[-1,0]],[[589,72],[-1,0],[-1,0],[1,0],[0,1]],[[588,73],[-1,0]],[[587,73],[0,-1],[0,1]],[[587,73],[-1,0]],[[586,73],[0,-1],[-1,0],[-1,0],[1,0],[1,0],[1,0],[1,0],[-1,0],[1,0],[1,0]],[[590,72],[0,-1]],[[590,71],[-1,0],[-1,0]],[[588,71],[-1,0]],[[587,71],[-1,0]],[[586,71],[-1,0]],[[585,71],[-1,0],[-1,0],[-1,0],[0,1]],[[582,72],[1,0],[-1,0]],[[582,72],[-1,0]],[[581,72],[-1,0]],[[580,72],[-1,0],[-1,0]],[[578,72],[-1,0],[-1,0],[0,1],[0,-1],[1,0],[-1,0],[1,0],[1,0]],[[580,72],[0,-1],[1,0],[-1,0],[1,0],[-1,0],[-1,0],[-1,0],[1,0],[-1,0],[-1,0],[-1,0],[0,1],[-1,0],[-1,0],[1,0],[1,0],[-1,0],[1,0],[-1,0],[-1,0],[-1,0],[-1,0],[-1,0],[-1,0],[-1,0],[1,0],[1,0],[1,0],[1,0],[1,0],[0,-1],[1,0],[1,0],[1,0],[1,0],[1,0],[1,0],[1,0],[1,0],[1,0],[-1,0],[0,-1],[1,0],[-1,0],[-1,0],[-1,0],[1,0],[-1,0],[0,-1],[0,1],[0,-1],[-1,0]],[[579,69],[-1,0]],[[578,69],[0,1],[0,-1]],[[578,69],[-1,0]],[[577,69],[0,1],[-1,0],[-1,0],[-1,0],[1,0],[-1,0],[1,0],[1,0],[0,-1]],[[576,69],[-1,0]],[[576,69],[0,-1],[1,0],[-1,0],[-1,0],[-1,0],[-1,0],[0,-1],[-1,0],[-1,0],[-1,0],[0,1]],[[570,68],[0,-1],[0,1]],[[570,68],[-1,0]],[[569,68],[-1,0]],[[568,68],[-1,0],[-1,0],[-1,0]],[[568,68],[0,-1],[1,0],[-1,0],[1,0],[1,0],[1,0],[1,0],[-1,0],[0,-1]],[[571,66],[0,1],[0,-1]],[[571,66],[-1,0]],[[571,66],[1,0],[-1,0]],[[571,66],[1,0],[0,1],[0,-1],[0,1],[1,0],[1,0],[-1,0],[1,0],[1,0],[1,0],[1,0],[0,-1]],[[577,66],[1,0]],[[578,66],[1,0]],[[579,66],[1,0]],[[580,66],[0,-1],[-1,0],[1,0],[1,0]],[[582,65],[0,-1],[1,0],[1,0]],[[585,64],[0,-1]],[[585,63],[-1,0],[-1,0]],[[583,63],[-1,0]],[[582,63],[-1,0],[-1,0],[-1,0],[0,1],[-1,0],[0,-1]],[[578,63],[-1,0]],[[577,63],[0,1]],[[577,64],[-1,0]],[[576,64],[0,-1]],[[576,63],[-1,0]],[[575,63],[-1,0]],[[574,63],[-1,0]],[[573,63],[0,1]],[[573,64],[1,0]],[[574,64],[1,0]],[[573,64],[-1,0],[-1,0],[1,0],[-1,0],[-1,0]],[[570,64],[-1,0],[0,1],[-1,0]],[[568,65],[-1,0]],[[568,65],[1,0],[1,0]],[[570,65],[1,0]],[[567,65],[-1,0]],[[566,65],[-1,0],[1,0]],[[566,65],[-1,0],[-1,0],[-1,0],[-1,0],[0,1],[-1,0],[-1,0],[-1,0],[0,1]],[[559,67],[1,0]],[[559,67],[-1,0],[1,0]],[[559,67],[-1,0],[0,-1],[-1,0],[1,0],[-1,0],[-1,0],[0,1],[1,0],[-1,0],[1,0],[0,1]],[[557,68],[-1,0]],[[556,68],[0,-1],[-1,0]],[[555,67],[1,0],[-1,0]],[[555,67],[-1,0]],[[554,67],[-1,0]],[[553,67],[-1,0],[-1,0],[1,0],[-1,0],[-1,0],[-1,0],[0,1]],[[549,68],[1,0]],[[550,68],[1,0]],[[551,68],[1,0],[-1,0]],[[549,68],[-1,0]],[[548,68],[-1,0],[-1,0],[-1,0],[0,1],[-1,0],[1,0],[-1,0],[1,0],[-1,0],[-1,0],[-1,0],[-1,0]],[[541,69],[0,1],[-1,0]],[[540,70],[-1,0]],[[540,70],[0,-1]],[[540,69],[-1,0],[0,1]],[[539,70],[-1,0],[1,0]],[[539,70],[-1,0],[-1,0]],[[537,70],[-1,0],[-1,0]],[[535,70],[1,0],[-1,0]],[[535,70],[-1,0],[-1,0],[-1,0],[-1,0],[0,1],[1,0],[-1,0],[-1,0],[-1,0],[-1,0],[-1,0],[0,1],[-1,0],[-1,0],[1,0],[1,0],[1,0],[0,-1],[1,0],[0,1],[-1,0],[-1,0],[-1,0],[-1,0],[1,0],[-1,0],[-1,0],[0,1]],[[524,73],[-1,0],[-1,0],[-1,0],[1,0],[1,0],[1,0]],[[524,73],[1,0],[1,0]],[[526,73],[-1,0],[1,0]],[[526,73],[1,0],[1,0]],[[528,73],[0,-1],[1,0],[1,0],[0,1],[1,0],[1,0],[0,-1],[1,0],[1,0],[-1,0],[1,0],[-1,0],[-1,0],[1,0],[1,0],[1,0],[1,0],[0,1],[1,0],[1,0],[1,0],[1,0],[1,0],[-1,0],[1,0],[0,-1],[0,1],[1,0],[-1,0],[1,0],[1,0],[1,0],[1,0]],[[545,73],[-1,0],[1,0]],[[545,73],[0,-1],[0,1]],[[545,73],[0,-1],[1,0],[0,1]],[[546,73],[-1,0]],[[546,73],[1,0]],[[547,73],[1,0],[1,0],[0,-1]],[[549,72],[1,0],[-1,0]],[[549,72],[-1,0]],[[549,72],[1,0],[1,0],[1,0],[1,0]],[[553,72],[0,-1]],[[553,71],[1,0]],[[554,71],[0,1],[1,0],[1,0],[1,0],[0,-1],[1,0],[1,0],[1,0],[1,0],[-1,0],[1,0],[-1,0],[-1,0],[1,0],[0,-1]],[[560,70],[-1,0]],[[560,70],[0,-1],[-1,0],[1,0],[1,0],[0,1],[1,0],[1,0],[0,-1]],[[563,69],[0,1],[-1,0],[-1,0],[1,0],[-1,0],[1,0],[-1,0],[0,1],[1,0],[1,0],[1,0],[0,-1],[0,1],[1,0],[-1,0],[-1,0],[-1,0],[1,0],[-1,0],[-1,0],[-1,0],[0,1],[-1,0],[-1,0],[-1,0],[-1,0],[-1,0],[-1,0],[-1,0]],[[553,72],[1,0],[1,0],[1,0],[-1,0],[0,1],[1,0],[1,0],[1,0],[1,-1],[1,0],[1,0],[1,0],[1,0],[-1,0],[-1,0],[-1,0],[0,1]],[[560,73],[0,-1],[0,1]],[[560,73],[1,0]],[[561,73],[0,-1],[0,1]],[[560,73],[-1,0]],[[559,73],[-1,0],[-1,0],[1,0],[1,0]],[[559,73],[-1,0],[0,1],[0,-1],[0,1],[0,-1],[1,0]],[[561,73],[1,0]],[[562,73],[1,0]],[[563,73],[1,0]],[[564,73],[1,0]],[[565,73],[1,0]],[[566,73],[1,0],[-1,0]],[[566,73],[0,1],[-1,0],[1,0],[-1,0],[-1,0],[0,-1]],[[562,73],[0,1],[1,0],[0,-1]],[[563,73],[0,1],[-1,0],[0,1],[-1,0],[0,-1]],[[561,74],[-1,0],[-1,0],[-1,0],[-1,0],[-1,0],[-1,0],[0,-1],[0,1],[0,-1],[-1,0],[-1,0],[-1,0],[-1,0],[1,0],[0,1],[-1,0],[0,-1],[0,1],[-1,0],[-1,0],[-1,0],[-1,0],[0,1]],[[547,75],[-1,0]],[[546,75],[0,-1],[-1,0],[0,1]],[[545,75],[1,0]],[[547,75],[1,0],[1,0],[1,0],[1,0],[0,1],[1,0],[1,0],[1,0],[-1,0],[0,1],[-1,0],[0,-1],[-1,0],[-1,0],[-1,0],[1,0],[-1,0],[-1,0],[0,1],[-1,0]],[[547,77],[1,0],[1,0],[0,1],[-1,0],[-1,0]],[[547,78],[0,1]],[[547,79],[1,0],[1,0],[1,0],[-1,0],[0,1],[-1,0],[-1,0]],[[545,80],[0,1]],[[545,81],[1,0],[0,1]],[[548,82],[0,-1],[1,0],[1,0],[0,1]],[[553,82],[-1,0],[1,0]],[[554,82],[1,0],[0,1]],[[558,83],[-1,0],[0,-1]],[[557,82],[-1,0],[1,0]],[[557,82],[1,0],[0,1]],[[558,83],[1,0],[1,0],[1,0],[1,0],[-1,0],[1,0],[0,1],[1,0],[1,0],[0,1]],[[565,85],[0,-1],[1,0],[1,0],[1,0],[1,0]],[[569,84],[1,0]],[[570,84],[0,-1],[1,0],[-1,0],[0,-1],[-1,0],[-1,0],[-1,0],[-1,0],[0,-1],[-1,0],[-1,0],[1,0],[-1,0],[-1,0],[-1,0],[0,-1],[1,0],[-1,0],[1,0],[-1,0],[1,0],[-1,0],[1,0],[1,0],[1,0],[-1,0],[0,1],[1,0],[1,0],[1,0],[1,0],[0,1],[1,0],[1,0],[1,0],[1,0],[1,0],[1,0],[1,0]],[[575,82],[0,1]],[[575,82],[1,0]],[[575,82],[-1,0],[-1,0],[-1,0],[-1,-1],[-1,0],[-1,0],[-1,0],[1,0],[1,0],[1,0],[1,0],[0,1],[1,0],[1,0],[1,0]],[[575,82],[-1,0],[1,0]],[[575,82],[-1,0],[0,-1],[-1,0],[-1,0],[-1,0],[1,0],[1,0],[1,0],[1,0],[1,0],[0,1]],[[576,82],[1,0]],[[577,82],[1,0]],[[578,82],[1,0]],[[579,82],[1,0]],[[580,82],[0,-1]],[[580,81],[1,0]],[[581,81],[0,-1],[1,0],[0,1],[0,-1],[1,0],[0,1],[-1,0],[0,1],[1,0],[1,0],[1,0],[0,1]],[[585,83],[1,0]],[[586,83],[1,0]],[[587,83],[1,0]],[[588,83],[1,0],[1,0],[0,1],[1,0],[1,0],[1,0],[1,0],[0,1],[1,0]],[[595,85],[1,0],[1,0],[1,0],[1,0],[0,1],[1,0]],[[600,86],[1,0],[1,0],[1,0],[1,0],[1,0],[1,0]],[[606,86],[1,0]],[[607,86],[1,0],[1,0],[1,0],[1,0],[1,0],[1,0],[-1,0],[0,1],[1,0],[0,-1],[1,0],[0,1],[1,0],[0,-1],[1,0],[1,0],[1,0],[0,-1],[1,0],[1,0],[1,0],[1,0],[1,0],[1,0],[1,0],[1,0],[1,0],[1,0],[1,0],[1,0],[1,0],[1,0],[1,0],[1,0],[1,0],[1,0],[1,0],[1,0],[0,1],[1,0],[1,0],[1,0],[1,0],[1,0],[1,0],[1,0],[1,0],[1,0],[1,0],[0,1]],[[571,66],[0,0]],[[573,66],[0,0],[0,0],[0,0]],[[559,67],[0,0]],[[594,72],[0,0]],[[575,65],[1,0]],[[575,65],[0,0]],[[573,65],[0,0]],[[570,65],[0,-1]],[[570,65],[0,0]],[[594,75],[0,0]],[[570,66],[-1,0]],[[570,66],[0,0]],[[575,64],[1,0]],[[575,64],[0,0]],[[572,68],[0,0],[0,0],[0,0]],[[575,65],[0,-1]],[[572,65],[1,0]],[[553,71],[0,0]],[[593,73],[0,-1]],[[594,72],[0,1]],[[551,68],[0,1],[-1,0],[1,0],[-1,0],[0,-1]],[[556,69],[-1,0],[0,-1],[-1,0],[1,0],[1,0]],[[556,68],[0,1]],[[553,71],[-1,0]],[[549,72],[0,-1]],[[548,71],[-1,0]],[[547,71],[0,-1],[1,0],[0,1]],[[543,70],[1,0],[1,0],[-1,0],[-1,0]],[[559,70],[-1,0],[-1,0],[-1,0],[1,0],[1,0],[1,0]],[[568,68],[0,1],[-1,0],[-1,0],[-1,0]],[[565,69],[1,0],[1,0],[1,0],[-1,0],[1,0],[0,-1]],[[586,73],[-1,0],[0,1],[-1,0],[-1,0],[-1,0],[-1,0],[1,0],[1,0],[0,-1],[0,1],[1,0],[0,-1],[1,0],[1,0]],[[588,73],[1,0],[0,-1]],[[591,72],[0,1]],[[591,73],[-1,0],[-1,0],[-1,0]],[[856,27],[1,0]],[[857,27],[1,0]],[[858,27],[1,0]],[[859,27],[1,0],[1,0]],[[861,27],[1,0]],[[862,27],[0,-1],[0,1]],[[862,27],[0,-1],[1,0],[1,0]],[[864,26],[1,0],[1,0]],[[866,26],[-1,0],[0,-1],[1,0],[-1,0],[1,0],[1,0],[-1,0],[1,0],[1,0]],[[868,25],[0,-1]],[[868,24],[-1,0]],[[867,24],[0,-1],[-1,0],[-1,0],[-1,0],[-1,0],[0,1],[-1,0],[-1,0],[-1,0],[0,1],[-1,0],[-1,0],[1,0],[0,-1],[1,0],[1,0],[0,-1],[-1,0],[-1,0],[-1,0],[-1,0],[0,-1]],[[857,22],[-1,0]],[[856,22],[-1,0],[-1,0]],[[854,22],[0,1],[-1,-1]],[[853,22],[0,1],[-1,0],[-1,0],[-1,0],[-1,0],[-1,0],[-1,0],[-1,0],[-1,0],[1,0],[1,0],[1,0],[1,0],[1,0],[1,0],[1,0],[0,-1],[-1,0],[-1,0],[-1,0],[0,-1],[-1,0],[1,0],[-1,0],[-1,0]],[[847,21],[-1,0]],[[846,21],[-1,0]],[[845,21],[-1,0],[-1,0]],[[843,21],[-1,0]],[[842,21],[0,1],[-1,0]],[[841,22],[-1,0],[-1,0],[-1,0],[1,0],[-1,0],[-1,0],[-1,0],[-1,0],[-1,0],[-1,0],[0,1],[-1,0],[-1,0],[-1,0],[-1,0]],[[829,23],[-1,0]],[[828,23],[-1,0],[-1,0],[1,0],[-1,0],[-1,0],[0,1],[-1,0],[-1,0],[-1,0],[-1,0],[-1,0],[0,1],[-1,0],[1,0],[-1,0],[-1,0],[0,-1]],[[818,24],[-1,0],[1,0]],[[818,24],[-1,0],[-1,0],[1,0],[-1,0],[0,-1],[1,0],[-1,0],[-1,0],[1,0],[1,0],[1,0],[0,1]],[[818,24],[1,0]],[[819,24],[0,-1],[1,0],[1,0],[1,0],[1,0],[-1,0],[0,-1],[1,0],[1,0],[1,0],[1,0],[1,0],[1,0],[1,0],[1,0],[1,0]],[[831,22],[0,-1],[1,0],[1,0]],[[833,21],[1,0]],[[834,21],[1,0]],[[833,21],[-1,0],[1,0]],[[835,21],[1,0]],[[836,21],[1,0]],[[837,21],[1,0]],[[838,21],[1,0]],[[839,21],[1,0]],[[840,21],[1,0]],[[836,21],[0,1],[0,-1]],[[841,21],[1,0]],[[845,21],[-1,0],[1,0]],[[847,21],[1,0],[1,0],[1,0],[1,0],[1,0],[0,-1],[1,0],[1,0],[1,0],[0,1],[1,0],[1,0],[1,0],[1,0],[1,0],[1,0],[1,0],[1,0],[-1,0],[1,0],[1,0],[1,0],[1,0],[0,-1]],[[866,20],[-1,0]],[[866,20],[1,0]],[[867,20],[1,0]],[[868,20],[1,0]],[[869,20],[1,0]],[[870,20],[1,0]],[[871,20],[1,0]],[[872,20],[0,-1]],[[872,19],[-1,0]],[[871,19],[-1,0]],[[870,19],[-1,1]],[[869,20],[0,-1]],[[869,19],[1,0]],[[869,19],[-1,0]],[[868,19],[-1,0]],[[872,19],[1,0]],[[873,19],[1,0]],[[874,19],[1,0]],[[875,19],[1,0],[0,-1]],[[876,18],[0,1],[0,-1]],[[876,18],[1,0],[1,0],[-1,0],[-1,0]],[[876,18],[-1,0]],[[875,18],[-1,0]],[[874,18],[-1,0]],[[873,18],[-1,0]],[[872,18],[-1,0]],[[871,18],[-1,0]],[[870,18],[-1,0],[-1,0]],[[868,18],[-1,0],[-1,0]],[[866,18],[-1,0]],[[865,18],[0,-1],[0,1]],[[865,18],[-1,0],[-1,0],[-1,0],[1,0],[0,-1],[1,0]],[[864,17],[-1,0],[1,0]],[[864,17],[-1,0],[-1,0],[0,1],[-1,0],[0,-1],[0,1],[-1,0],[-1,0],[-1,0],[-1,0],[1,0],[-1,0],[1,0],[-1,0],[-1,0],[1,0],[1,0],[1,0],[-1,-1],[-1,0],[-1,0],[-1,0],[-1,0]],[[854,17],[-1,0],[-1,0],[-1,0],[-1,0],[-1,0],[0,1],[-1,0],[-1,0],[-1,0]],[[846,18],[0,1],[-1,0],[-1,0],[-1,0]],[[843,19],[-1,0],[0,-1]],[[842,18],[-1,0]],[[841,18],[-1,0]],[[840,18],[-1,0]],[[842,18],[1,0]],[[843,18],[1,0],[1,0],[1,0]],[[846,18],[-1,0],[-1,0],[1,0],[-1,0],[1,0],[-1,0],[0,-1]],[[844,17],[1,0]],[[845,17],[0,1],[1,0]],[[846,18],[1,0],[1,0],[0,-1]],[[848,17],[-1,0]],[[847,17],[-1,0]],[[847,17],[0,-1]],[[847,16],[1,0]],[[848,16],[0,1]],[[848,17],[1,0],[1,0],[1,0],[1,0],[1,0],[0,-1],[-1,0]],[[852,16],[-1,0],[-1,0],[-1,0],[1,0],[1,0],[1,0]],[[852,16],[1,0],[1,0],[1,0],[0,1],[1,0],[1,0],[1,0],[0,-1]],[[858,16],[0,1],[1,0],[1,0],[1,0],[1,0],[1,0],[0,-1],[1,0]],[[864,16],[1,0]],[[865,16],[1,0]],[[866,16],[1,0],[1,0],[1,0],[-1,0],[1,0],[-1,0],[1,0],[1,0],[1,0],[-1,0],[0,-1]],[[870,15],[-1,0]],[[869,15],[-1,0]],[[868,15],[-1,0]],[[870,15],[1,0]],[[871,15],[1,0]],[[872,15],[1,0]],[[873,15],[0,1]],[[873,16],[1,-1]],[[874,15],[0,1]],[[874,15],[-1,0]],[[874,15],[1,0]],[[875,15],[1,0]],[[876,15],[1,0],[1,0],[1,0],[1,0],[1,0]],[[881,15],[1,0]],[[882,15],[0,-1]],[[881,15],[0,-1]],[[881,14],[-1,0],[1,0]],[[881,14],[-1,0],[-1,0],[-1,0]],[[878,14],[0,-1]],[[878,13],[1,0]],[[879,13],[1,0],[-1,0]],[[878,13],[-1,0]],[[879,13],[1,0],[1,0],[1,0],[1,0],[1,0]],[[884,13],[1,0],[1,0],[1,0],[-1,0],[1,0],[1,0]],[[888,13],[-1,0],[-1,0],[0,-1]],[[886,12],[-1,0]],[[885,12],[-1,0]],[[884,12],[-1,0],[1,0]],[[884,12],[-1,0],[-1,0],[-1,0],[1,0],[1,0],[1,0]],[[885,12],[0,-1]],[[885,11],[1,0]],[[886,11],[1,0]],[[887,11],[0,-1],[1,0]],[[888,10],[-1,0],[1,0]],[[888,10],[0,1]],[[888,11],[1,0]],[[889,11],[0,-1],[1,0],[1,0],[-1,0],[-1,0],[-1,0]],[[888,10],[0,-1]],[[888,10],[1,0],[1,0],[1,0],[0,-1],[0,1],[-1,0],[0,-1],[1,0],[-1,0],[1,0],[-1,0],[-1,0],[-1,0]],[[888,9],[-1,0]],[[888,9],[0,-1]],[[888,8],[1,0],[-1,0]],[[888,8],[1,0],[1,0],[1,0],[-1,0],[-1,0],[-1,0]],[[888,8],[0,-1],[-1,0],[-1,0]],[[886,7],[-1,0]],[[885,7],[-1,0]],[[884,7],[-1,0]],[[883,7],[-1,0],[0,1]],[[882,8],[-1,0]],[[881,8],[-1,0],[1,0]],[[881,8],[0,1]],[[881,9],[1,0]],[[881,9],[-1,0],[-1,0],[0,1]],[[879,10],[1,0]],[[880,10],[1,0]],[[879,10],[-1,0]],[[878,10],[-1,0]],[[877,10],[0,-1],[0,1]],[[877,10],[-1,-1],[-1,0],[0,1]],[[875,10],[0,-1],[-1,0],[1,0],[-1,0],[-1,0],[-1,0],[-1,0],[-1,0],[1,0],[-1,0],[0,1],[1,0],[1,0]],[[872,10],[-1,0],[1,0]],[[872,10],[1,0]],[[873,10],[0,1],[1,0],[0,1]],[[874,12],[1,0]],[[874,12],[-1,0]],[[873,12],[-1,0]],[[872,12],[-1,0]],[[871,12],[-1,0]],[[870,12],[-1,0]],[[869,12],[-1,0]],[[869,12],[0,1]],[[869,13],[-1,0]],[[868,13],[-1,0]],[[867,13],[-1,0]],[[866,13],[0,1]],[[866,13],[-1,0]],[[865,13],[0,1]],[[865,13],[-1,0]],[[864,13],[-1,0]],[[863,13],[-1,0]],[[862,13],[-1,0]],[[861,13],[-1,0]],[[860,13],[-1,0],[-1,0],[-1,0]],[[857,13],[-1,0]],[[856,13],[-1,0]],[[855,13],[-1,0]],[[854,13],[0,1],[0,-1]],[[854,13],[-1,0]],[[853,13],[0,1],[-1,0]],[[852,14],[1,0],[1,0],[-1,0],[0,1],[-1,0],[0,-1]],[[852,14],[-1,0]],[[851,14],[0,1],[-1,0],[-1,0],[-1,0]],[[848,15],[-1,0]],[[848,15],[1,0],[1,0],[0,-1]],[[850,14],[-1,0]],[[849,14],[-1,0]],[[850,14],[1,0]],[[850,14],[1,-1]],[[851,13],[-1,0]],[[850,13],[-1,0]],[[849,13],[0,1]],[[848,14],[-1,0]],[[847,14],[0,-1]],[[847,13],[-1,0],[-1,0]],[[845,13],[-1,0]],[[844,13],[-1,0],[-1,0]],[[842,13],[-1,0],[-1,0]],[[840,13],[0,1]],[[840,14],[-1,0]],[[839,14],[-1,0]],[[838,14],[-1,0]],[[837,14],[-1,0]],[[838,14],[0,-1]],[[838,13],[1,0]],[[838,13],[-1,0]],[[837,13],[-1,0]],[[836,13],[-1,0],[1,0]],[[839,13],[0,-1]],[[839,12],[-1,0]],[[838,12],[-1,0],[-1,0],[-1,0],[-1,0],[0,1]],[[834,13],[-1,0]],[[833,13],[-1,0]],[[832,13],[-1,0],[-1,0]],[[830,13],[1,0],[-1,0]],[[830,13],[-1,0]],[[830,13],[1,0],[0,1]],[[831,14],[1,0]],[[829,13],[-1,0]],[[828,13],[-1,0],[-1,0]],[[826,13],[0,1],[1,0]],[[827,14],[-1,0],[-1,0],[1,0],[0,1]],[[826,15],[1,0],[1,0],[1,0],[1,0]],[[830,15],[1,0]],[[831,15],[1,0]],[[832,15],[1,0]],[[833,15],[1,0]],[[834,15],[1,0]],[[835,15],[1,0]],[[836,15],[1,0]],[[837,15],[1,0]],[[838,15],[1,0]],[[839,15],[1,0]],[[840,15],[1,0]],[[841,15],[1,0]],[[836,15],[0,1],[1,0]],[[837,16],[-1,0],[-1,0]],[[837,16],[-1,0],[1,0]],[[837,16],[1,0]],[[838,16],[1,0]],[[837,16],[0,1],[0,-1]],[[835,16],[-1,0]],[[834,16],[-1,0]],[[833,16],[-1,0]],[[832,16],[-1,0]],[[831,16],[-1,0],[-1,0]],[[829,16],[0,-1],[-1,0],[-1,0],[-1,0]],[[826,15],[-1,0]],[[825,15],[0,1]],[[825,16],[1,0],[1,0]],[[827,16],[1,0]],[[828,16],[1,0]],[[829,16],[1,0],[0,1],[1,0]],[[831,17],[-1,0],[-1,0]],[[829,17],[0,1]],[[829,18],[1,0]],[[830,18],[1,0],[1,0]],[[832,18],[0,1]],[[832,19],[1,0],[-1,0]],[[832,19],[-1,0]],[[831,19],[-1,0]],[[832,19],[0,1],[1,0],[1,0],[1,0],[1,0],[0,1]],[[835,21],[0,-1],[-1,0],[-1,0],[-1,0],[-1,0]],[[831,20],[-1,0]],[[830,20],[-1,0],[0,-1]],[[829,19],[-1,0]],[[828,19],[-1,0]],[[827,19],[-1,0]],[[826,19],[0,1]],[[826,20],[1,0],[-1,0]],[[826,20],[-1,0],[0,-1],[1,0]],[[826,19],[-1,0],[-1,0]],[[824,19],[-1,0]],[[824,19],[1,0],[-1,0]],[[824,19],[0,-1]],[[824,18],[-1,0]],[[823,18],[-1,0]],[[822,18],[-1,0]],[[821,18],[-1,0]],[[820,18],[-1,0]],[[819,18],[-1,0]],[[818,18],[-1,0]],[[817,18],[0,1],[-1,0]],[[816,19],[1,0],[-1,0]],[[816,19],[-1,0]],[[815,19],[0,1],[-1,0]],[[814,20],[-1,0]],[[813,20],[0,1]],[[813,21],[1,0]],[[813,20],[-1,0]],[[812,20],[-1,0],[1,0]],[[812,20],[0,-1],[1,0],[1,0]],[[814,19],[1,0]],[[814,19],[-1,0],[-1,0],[-1,0],[-1,0]],[[810,19],[-1,0]],[[809,19],[-1,0]],[[808,19],[-1,0]],[[808,19],[0,1],[-1,0],[0,-1]],[[807,19],[0,1],[-1,0]],[[806,20],[1,0],[-1,0]],[[806,20],[-1,0]],[[805,20],[-1,0],[1,0]],[[805,20],[-1,0],[0,1],[0,-1],[-1,0]],[[803,20],[0,1],[0,-1]],[[803,20],[-1,0]],[[802,20],[-1,0]],[[801,20],[0,1],[0,-1]],[[801,20],[-1,0],[1,0]],[[803,20],[1,0],[0,-1]],[[804,19],[1,0]],[[804,19],[-1,0]],[[803,19],[-1,0]],[[802,19],[-1,0]],[[801,19],[-1,0]],[[800,19],[-1,0]],[[799,19],[-1,0],[-1,0],[1,0],[-1,0],[1,0],[1,0]],[[799,19],[-1,0],[-1,0],[0,-1]],[[797,18],[-1,0],[-1,0],[-1,0]],[[794,18],[-1,0]],[[793,18],[0,1]],[[793,19],[-1,0]],[[792,19],[-1,0],[-1,0]],[[790,19],[1,0],[-1,0]],[[790,19],[-1,0],[-1,0]],[[788,19],[-1,0],[-1,0],[0,-1],[1,0],[-1,0],[1,0],[1,0],[0,1]],[[790,19],[1,0],[0,-1]],[[791,18],[0,1],[1,0]],[[792,19],[0,-1]],[[792,18],[-1,0]],[[791,18],[-1,0],[-1,0],[-1,0],[1,0],[1,0],[1,0]],[[791,18],[-1,0],[-1,0],[0,-1],[-1,0],[1,0],[1,0]],[[790,17],[1,0]],[[791,17],[0,1]],[[792,18],[0,-1]],[[792,17],[1,0],[-1,0]],[[792,17],[1,0],[0,1]],[[793,18],[0,-1],[1,0],[1,0]],[[795,17],[0,1],[0,-1]],[[795,17],[1,0],[1,0]],[[797,17],[1,0]],[[797,17],[-1,0],[1,0]],[[798,17],[1,0]],[[799,17],[1,0]],[[798,17],[0,-1],[1,0]],[[799,16],[0,1]],[[800,17],[1,0]],[[801,17],[0,-1]],[[801,16],[1,0]],[[802,16],[1,0]],[[803,16],[0,-1]],[[803,15],[-1,0]],[[802,15],[0,1]],[[802,15],[-1,0]],[[803,15],[1,0]],[[804,15],[1,0]],[[805,15],[1,0]],[[806,15],[1,0]],[[806,15],[0,-1]],[[806,14],[1,0]],[[807,14],[1,0]],[[806,14],[-1,0]],[[805,14],[-1,0],[-1,0],[1,0],[-1,0],[-1,0]],[[802,14],[1,0],[1,0],[1,0]],[[805,14],[0,-1]],[[805,13],[-1,0]],[[804,13],[-1,0]],[[803,13],[-1,0]],[[805,13],[1,0]],[[806,13],[1,0]],[[807,13],[1,0]],[[808,13],[1,0]],[[809,13],[0,1]],[[809,14],[1,0]],[[810,14],[0,-1],[1,0]],[[811,13],[-1,0],[1,0]],[[811,13],[1,0]],[[812,13],[1,0]],[[813,13],[1,0]],[[814,13],[1,0]],[[812,13],[0,-1],[-1,0]],[[811,12],[1,0],[1,0]],[[813,12],[1,0]],[[814,12],[1,0]],[[814,12],[0,-1]],[[814,11],[-1,0]],[[813,11],[0,1]],[[813,11],[-1,1],[0,-1]],[[812,11],[0,1],[-1,0]],[[811,12],[-1,0]],[[810,12],[-1,0],[-1,0],[0,1]],[[808,13],[0,-1],[1,0],[-1,0],[0,1]],[[807,13],[0,-1],[-1,0]],[[806,12],[-1,0]],[[805,12],[-1,0]],[[804,12],[-1,0]],[[803,12],[-1,0]],[[802,12],[-1,0]],[[801,12],[-1,0]],[[800,12],[-1,0]],[[799,12],[0,1],[0,1]],[[799,14],[-1,0]],[[799,14],[0,1],[0,-1]],[[798,14],[-1,0]],[[797,14],[-1,0]],[[797,14],[0,-1],[-1,0]],[[796,13],[1,0],[-1,0]],[[796,13],[1,0],[1,0],[0,-1]],[[798,12],[-1,0],[0,1],[1,0],[-1,0],[-1,0]],[[796,13],[1,0],[0,-1],[-1,0],[0,-1],[-1,0],[1,0],[-1,0],[-1,0],[-1,0],[0,1],[1,0]],[[794,12],[0,1],[1,0]],[[795,13],[-1,0],[-1,0],[-1,0]],[[792,13],[-1,0]],[[792,13],[0,1]],[[792,14],[1,0],[-1,0]],[[792,14],[-1,0]],[[791,14],[-1,0]],[[790,14],[-1,0]],[[789,14],[-1,0]],[[788,14],[-1,0]],[[787,14],[0,1]],[[787,15],[1,0]],[[788,15],[1,0]],[[789,15],[1,0]],[[790,15],[1,0]],[[791,15],[1,0]],[[792,15],[1,0],[1,0],[1,0]],[[795,15],[1,0]],[[788,15],[0,1]],[[788,16],[1,0]],[[789,16],[1,0]],[[790,16],[1,0]],[[788,16],[-1,0],[0,-1]],[[787,15],[0,1],[0,-1]],[[787,15],[-1,0]],[[786,15],[-1,0]],[[785,15],[-1,0]],[[784,15],[-1,0]],[[783,15],[-1,0]],[[782,15],[-1,0]],[[781,15],[-1,0]],[[780,15],[-1,0]],[[779,15],[-1,0]],[[781,15],[0,1],[-1,0]],[[780,16],[1,0],[1,0]],[[782,16],[1,0],[1,0]],[[784,16],[1,0],[-1,0]],[[780,16],[-1,0],[1,0]],[[782,16],[1,0],[-1,0]],[[780,16],[-1,0],[-1,0]],[[778,16],[-1,0]],[[777,16],[-1,0]],[[776,16],[-1,0]],[[775,16],[-1,0],[1,0]],[[777,16],[0,1]],[[777,17],[1,0]],[[777,17],[-1,0],[0,-1]],[[776,16],[-1,1],[0,-1]],[[775,16],[-1,0],[-1,0],[-1,0],[-1,0],[-1,0]],[[770,16],[-1,0],[-1,0]],[[768,16],[-1,0]],[[767,16],[-1,0]],[[766,16],[0,1],[1,0],[1,0],[-1,0],[-1,0],[-1,0],[1,0],[1,0],[1,0],[1,0],[1,0],[1,0],[1,0],[1,0],[1,0],[-1,0],[-1,0],[-1,0],[-1,0],[-1,0],[-1,0],[1,0],[-1,0],[1,0],[1,0],[0,1]],[[770,18],[1,0]],[[771,18],[0,-1],[1,0],[0,1]],[[772,18],[1,0],[1,0]],[[774,18],[0,-1],[1,0],[1,0],[1,0]],[[778,17],[1,0],[1,0],[1,0],[0,1]],[[781,18],[0,-1],[0,1]],[[781,18],[1,0]],[[782,18],[1,0],[1,0],[-1,0],[-1,0]],[[781,18],[-1,0],[-1,0],[-1,0],[-1,0],[-1,0],[-1,0],[-1,0]],[[774,18],[1,0],[1,0],[1,0],[1,0],[-1,0],[-1,0],[-1,0],[-1,0]],[[774,18],[1,0],[0,1],[1,0],[1,0],[1,0],[1,0],[1,0],[1,0],[0,1]],[[781,20],[1,0]],[[782,20],[1,0],[0,-1],[1,0],[0,1],[-1,0],[1,0],[1,0],[1,0],[1,0],[1,0],[-1,0],[1,0],[-1,0],[-1,0],[-1,0],[-1,0],[-1,0],[-1,0]],[[781,20],[-1,0]],[[780,20],[0,-1],[-1,0],[-1,0],[-1,0],[-1,0],[-1,0],[-1,0],[-1,0],[1,0],[1,0],[-1,0],[-1,0],[-1,0],[0,-1]],[[772,18],[-1,0]],[[770,18],[-1,0],[-1,0],[-1,0],[-1,0],[-1,0],[-1,0],[-1,0],[1,0],[-1,0],[-1,0],[-1,0],[-1,0],[-1,0],[1,0],[-1,0],[-1,0],[1,0],[1,0],[1,0],[1,0],[0,1],[-1,0],[-1,0],[1,0],[-1,0],[0,-1],[-1,0],[0,1],[0,-1],[-1,0],[-1,0],[-1,0],[-1,0],[-1,0],[1,0],[0,1],[-1,0],[-1,0]],[[753,19],[1,0],[1,0],[1,0]],[[756,19],[1,0],[1,0],[1,0],[1,0],[1,0],[1,0],[-1,0],[-1,0],[-1,0],[-1,0],[-1,0],[0,1],[0,-1],[-1,0]],[[756,19],[-1,0],[-1,0],[0,1],[-1,0],[1,0],[1,0],[1,0],[-1,0],[-1,0],[-1,0],[1,0],[1,0],[1,0],[1,0],[1,0],[1,0],[1,0],[1,0],[1,0],[1,0],[1,0],[1,0],[-1,0],[-1,0],[0,1],[-1,0],[-1,0],[0,-1],[-1,0],[-1,0],[-1,0],[-1,0],[-1,0],[-1,0],[-1,0],[1,0],[0,1],[1,0],[-1,0],[-1,0],[-1,0],[0,-1],[-1,0],[1,0],[-1,0],[-1,0],[-1,0]],[[750,20],[1,0],[-1,0]],[[750,20],[0,1],[-1,0],[-1,0],[1,0],[-1,0],[1,0],[-1,0],[1,0],[0,1],[1,0],[1,0],[1,0],[1,0],[1,0],[1,0],[1,0],[-1,0],[0,1],[1,0],[1,0],[1,0],[1,0],[1,0],[1,0],[1,0]],[[762,23],[1,0],[1,0],[1,0],[-1,0],[-1,0],[1,0],[1,0],[1,0],[1,0],[1,0],[1,0],[0,1]],[[769,24],[1,0],[1,0]],[[771,24],[1,0]],[[772,24],[0,-1],[1,0],[1,0],[-1,0],[0,-1],[-1,0],[1,0],[1,0],[0,1],[1,0],[1,0],[0,-1],[1,0],[0,1],[-1,0],[-1,0],[-1,0],[-1,0],[1,0],[0,1]],[[774,24],[1,0],[1,0],[1,0]],[[777,24],[1,0]],[[778,24],[1,0]],[[779,24],[1,0],[1,0],[1,0]],[[782,24],[-1,0],[1,0]],[[782,24],[0,-1],[-1,0],[1,0],[1,0],[0,-1],[-1,0],[-1,0],[1,0],[1,0],[0,-1],[1,0],[-1,0],[-1,0],[-1,0],[-1,0]],[[780,21],[1,0],[1,0],[-1,0],[1,0],[1,0],[1,0],[0,1],[0,1],[-1,0],[0,1]],[[783,24],[-1,0]],[[783,24],[1,0],[1,0],[1,0]],[[786,24],[1,0]],[[787,24],[1,0]],[[788,24],[1,0]],[[789,24],[1,0],[1,0],[0,1]],[[791,25],[1,0]],[[792,25],[0,-1],[1,0]],[[793,24],[-1,0],[-1,0],[-1,0],[-1,0]],[[789,24],[0,-1],[-1,0],[1,0],[0,1]],[[789,24],[1,0],[0,-1]],[[790,23],[1,0],[0,1],[0,-1],[0,1],[1,0],[1,0]],[[793,24],[1,0]],[[794,24],[1,0],[1,0],[1,0],[1,0],[-1,0],[-1,0],[-1,0],[-1,0]],[[794,24],[1,0],[-1,0]],[[794,24],[0,1]],[[794,25],[1,0],[1,0]],[[796,25],[1,0],[1,0],[1,0],[1,0]],[[800,25],[1,0],[1,0],[1,0],[1,0],[1,0],[1,0]],[[806,25],[1,0],[1,0],[0,-1],[1,0],[0,1],[-1,0],[-1,0],[1,0],[0,1]],[[808,26],[1,0]],[[809,26],[0,-1],[0,1]],[[809,26],[1,0]],[[810,26],[1,0]],[[811,26],[1,0]],[[812,26],[1,0]],[[816,26],[0,-1],[1,0],[1,0],[1,0],[1,0],[1,0],[0,1]],[[821,26],[1,0],[1,0],[1,0],[1,0],[1,0],[1,0],[1,0],[1,0],[1,0],[1,0],[1,0],[1,0],[1,0],[1,0]],[[835,26],[1,0]],[[836,26],[1,0]],[[837,26],[1,0]],[[838,26],[0,1]],[[839,27],[1,0],[1,0],[1,0],[1,0]],[[843,27],[1,0]],[[844,27],[1,0],[1,0],[1,0],[-1,0],[1,0],[-1,0],[1,0],[1,0],[1,0],[-1,0],[1,0],[1,0],[1,0],[-1,0],[1,0],[1,0]],[[852,27],[1,0]],[[853,27],[1,0],[1,0],[1,0]],[[838,13],[0,0]],[[793,24],[0,0]],[[788,14],[0,0]],[[874,12],[0,0]],[[875,13],[0,0]],[[835,19],[-1,0],[1,0]],[[835,19],[0,0]],[[836,14],[0,0]],[[873,10],[0,0]],[[868,14],[0,0]],[[784,15],[0,0]],[[869,14],[0,0]],[[884,8],[0,0],[0,0],[0,0]],[[871,19],[0,0]],[[875,18],[0,0]],[[785,15],[0,0]],[[788,15],[0,0]],[[873,14],[0,0],[0,0],[0,0]],[[867,19],[0,0]],[[776,16],[0,0]],[[873,13],[0,0]],[[842,16],[0,0]],[[866,15],[0,0]],[[855,14],[0,0],[0,0],[0,0]],[[870,18],[0,0]],[[812,13],[0,0]],[[871,19],[0,-1]],[[883,11],[0,0]],[[878,11],[0,0],[0,0],[0,0]],[[883,8],[0,0]],[[801,14],[0,0]],[[832,13],[0,0]],[[876,11],[0,0]],[[875,11],[0,-1]],[[875,11],[0,0]],[[833,13],[0,0]],[[870,14],[0,0]],[[874,13],[-1,0]],[[874,13],[0,0]],[[795,14],[0,0]],[[839,21],[0,0]],[[806,13],[0,0]],[[883,10],[-1,0]],[[883,10],[0,0]],[[873,15],[0,0]],[[869,14],[-1,0]],[[784,15],[0,1]],[[858,14],[0,0]],[[870,15],[0,0]],[[841,18],[0,0]],[[834,16],[0,0]],[[827,14],[0,0]],[[838,13],[0,-1]],[[787,24],[0,0]],[[833,18],[0,0]],[[782,15],[0,0]],[[866,15],[1,0]],[[870,14],[1,0]],[[835,17],[0,0]],[[885,7],[0,0]],[[801,14],[1,0]],[[830,14],[1,0]],[[830,14],[0,0]],[[836,14],[0,-1]],[[874,13],[0,-1]],[[827,14],[1,0]],[[883,10],[0,-1]],[[873,10],[1,0]],[[835,17],[1,0]],[[881,11],[1,0],[-1,0]],[[881,11],[0,0]],[[876,11],[-1,0]],[[869,14],[1,0]],[[844,16],[1,0]],[[844,16],[0,0]],[[843,14],[1,0]],[[843,14],[0,0]],[[803,13],[0,0]],[[795,14],[1,0]],[[876,11],[1,0]],[[805,12],[0,0]],[[790,15],[0,-1]],[[791,14],[0,1]],[[858,14],[-1,0]],[[883,8],[0,-1]],[[833,18],[1,0],[-1,0]],[[870,20],[1,-1]],[[871,19],[0,1]],[[865,15],[0,0]],[[820,18],[0,0]],[[843,16],[-1,0]],[[881,11],[0,-1]],[[835,19],[1,0]],[[801,12],[0,1]],[[830,15],[0,-1]],[[831,14],[0,1]],[[865,15],[1,0]],[[875,13],[1,0]],[[883,11],[1,0]],[[790,16],[0,0]],[[844,17],[0,-1]],[[845,16],[0,1]],[[792,17],[-1,0]],[[790,17],[0,-1]],[[791,16],[0,1]],[[875,10],[1,0],[0,1]],[[876,11],[0,-1],[0,1]],[[780,20],[-1,0]],[[779,20],[-1,0],[1,0]],[[802,13],[0,-1]],[[804,12],[0,1]],[[844,15],[0,-1]],[[843,14],[0,1]],[[843,15],[-1,0]],[[842,15],[0,-1],[1,0]],[[844,14],[1,0]],[[845,14],[1,0]],[[846,14],[1,0]],[[845,14],[0,1],[-1,0]],[[550,65],[-1,0]],[[549,65],[-1,0]],[[548,65],[0,-1]],[[548,64],[1,0]],[[548,64],[0,-1],[0,1]],[[549,64],[1,0],[0,1]],[[550,65],[1,0],[1,0],[0,-1],[1,0],[-1,0],[-1,0],[-1,0],[0,-1],[-1,0],[-1,0],[1,0],[1,0],[1,0],[1,0],[0,1],[1,0],[0,-1]],[[553,63],[-1,0],[1,0]],[[553,63],[-1,0],[-1,0],[0,-1],[0,1],[-1,0],[0,-1],[1,0],[0,1],[1,0],[1,0]],[[553,63],[0,-1],[-1,0]],[[552,62],[0,-1],[-1,0],[1,0],[-1,0],[1,0],[-1,0],[-1,0],[-1,0],[-1,0],[1,0],[1,0],[1,0],[1,0],[1,0],[-1,0],[0,-1],[1,0],[0,1],[-1,0],[1,0],[0,1],[1,0],[1,0],[1,0],[-1,0],[-1,0],[0,1]],[[554,63],[1,0]],[[555,63],[1,0],[1,0],[-1,0],[-1,0]],[[555,63],[1,0],[0,1],[-1,0],[-1,0],[0,1],[-1,0],[0,1],[-1,0],[1,0],[1,0],[1,0],[0,-1],[1,0],[1,0],[1,0],[-1,0],[1,0],[1,0]],[[559,65],[-1,0],[0,-1]],[[558,64],[1,0]],[[559,64],[1,0]],[[560,64],[1,0],[1,0],[-1,0],[1,0],[0,-1]],[[562,63],[-1,0]],[[561,63],[0,1],[0,-1]],[[562,63],[1,0]],[[562,63],[0,-1]],[[562,62],[1,0]],[[563,62],[1,0]],[[564,62],[1,0]],[[565,62],[1,0]],[[563,62],[0,-1]],[[563,61],[1,0]],[[564,61],[-1,1]],[[564,62],[0,-1]],[[564,61],[1,0],[-1,0]],[[564,61],[1,0],[1,0],[-1,0],[1,0],[-1,0],[0,-1]],[[565,60],[1,0]],[[566,60],[0,1],[1,0]],[[567,61],[1,0]],[[567,61],[0,1]],[[567,62],[1,0],[-1,0]],[[567,62],[-1,1],[1,0],[-1,0],[1,0],[-1,0],[-1,0],[0,1]],[[565,64],[1,0]],[[566,64],[1,0],[1,0],[0,-1],[1,0],[-1,0],[-1,0],[1,0],[1,0],[1,0],[1,0]],[[571,63],[1,0]],[[572,63],[1,0]],[[573,63],[0,-1]],[[573,62],[1,0]],[[574,62],[1,0]],[[575,62],[0,1]],[[576,63],[1,0]],[[577,63],[0,-1],[1,0]],[[578,62],[1,0],[1,0]],[[580,62],[-1,0],[1,0]],[[580,62],[1,0],[0,-1]],[[581,61],[0,1],[0,-1]],[[581,61],[-1,0]],[[580,61],[-1,0]],[[581,61],[1,0]],[[582,61],[1,0]],[[583,61],[0,1]],[[583,61],[1,0]],[[584,61],[1,0],[1,0]],[[584,61],[0,-1],[-1,0]],[[583,60],[-1,0]],[[582,60],[-1,0]],[[581,60],[-1,0]],[[580,60],[-1,0]],[[579,60],[-1,0]],[[578,60],[-1,0]],[[577,60],[-1,0]],[[576,60],[-1,0]],[[575,60],[-1,0]],[[574,60],[-1,0]],[[573,60],[-1,0],[-1,0],[-1,0]],[[570,60],[-1,0],[-1,0]],[[568,60],[0,-1],[1,0],[1,0],[0,-1],[0,1],[1,0],[1,0],[1,0],[1,0],[1,0],[1,0],[-1,0],[-1,0],[-1,0],[-1,0],[-1,0],[-1,0],[-1,0],[0,1],[0,-1],[0,1],[0,-1],[1,0],[-1,0],[1,0],[0,1]],[[570,60],[1,0],[1,0],[-1,0],[1,0],[1,0]],[[579,60],[0,-1],[-1,0],[1,0],[1,0]],[[580,59],[1,0],[1,0]],[[580,59],[-1,0],[0,-1]],[[579,58],[1,0]],[[580,58],[0,1]],[[580,59],[1,0],[0,-1],[-1,0]],[[580,58],[1,0],[-1,0]],[[580,58],[1,0],[1,0],[1,0]],[[583,58],[1,0]],[[584,58],[0,1]],[[584,59],[-1,0]],[[583,59],[-1,0]],[[584,59],[1,1],[1,0],[1,0]],[[587,60],[1,0]],[[588,60],[0,-1],[-1,0]],[[587,59],[1,0],[1,0]],[[589,59],[1,0]],[[590,59],[1,0],[1,0],[1,0],[1,0],[1,0],[-1,0],[1,0],[1,0],[0,-1]],[[596,58],[-1,0]],[[595,58],[-1,0]],[[594,58],[-1,0]],[[593,58],[-1,0],[-1,0],[-1,0],[-1,0],[-1,0],[1,0],[1,0],[1,0],[1,0],[1,0]],[[596,58],[1,0]],[[597,58],[1,0]],[[598,58],[1,0],[1,0]],[[600,58],[0,-1],[1,0],[1,0],[-1,0],[1,0],[-1,0],[-1,0],[-1,0],[0,-1],[-1,0],[-1,0],[-1,0],[-1,0],[1,0],[-1,1]],[[595,57],[0,-1],[0,1]],[[595,57],[-1,0]],[[594,57],[-1,0],[-1,0],[0,-1],[1,0],[1,0],[1,0],[1,0],[1,0],[1,0],[1,0],[-1,0],[-1,0],[0,-1]],[[597,55],[-1,0]],[[596,55],[-1,0]],[[595,55],[-1,0],[-1,0],[-1,0],[-1,0]],[[591,55],[-1,0]],[[590,55],[0,1]],[[590,56],[-1,0]],[[589,56],[-1,0],[-1,0],[-1,0],[1,0],[1,0],[-1,0],[-1,0],[-1,0]],[[585,56],[-1,0],[-1,0],[-1,0],[-1,0],[-1,0],[-1,0],[1,0],[1,0],[1,0],[1,0],[1,0],[1,0]],[[585,56],[1,0],[0,-1]],[[586,55],[1,0],[1,0],[-1,0],[1,0],[0,-1],[1,0]],[[589,54],[-1,0],[-1,0],[1,0],[1,0]],[[589,54],[0,-1],[-1,0],[-1,0],[0,1],[-1,0],[-1,0],[1,0],[-1,0],[-1,0],[-1,0],[-1,0],[-1,0],[-1,0],[-1,0],[1,0],[1,0],[1,0],[1,0],[1,0],[0,-1],[-1,0],[1,0],[1,0],[1,0],[-1,0],[1,0],[-1,0],[1,0],[1,0],[0,-1],[-1,0],[-1,0],[1,0],[-1,0],[-1,0],[-1,0],[-1,0],[0,1],[-1,0],[0,-1],[-1,0]],[[580,52],[-1,0]],[[580,52],[1,0],[1,0],[1,0],[-1,0],[1,0],[1,0],[1,0],[1,0],[0,-1],[1,0],[0,1],[0,-1],[-1,0],[0,1],[1,0],[1,0],[-1,0],[1,0],[-1,0],[0,-1],[1,0],[0,1],[0,-1],[1,0]],[[589,51],[-1,0],[-1,0],[1,0],[1,0]],[[589,51],[-1,0],[1,0]],[[589,51],[0,-1]],[[589,50],[-1,0]],[[588,50],[-1,0],[-1,0],[-1,0],[-1,0],[-1,0],[1,0],[-1,0],[-1,0]],[[582,50],[-1,0]],[[581,50],[-1,0]],[[580,50],[-1,0],[-1,0],[-1,0],[0,1]],[[577,51],[1,0]],[[578,51],[0,-1],[0,1]],[[578,51],[1,0]],[[577,51],[-1,0],[1,0]],[[577,51],[-1,0],[-1,0]],[[575,51],[-1,0],[1,0]],[[575,51],[-1,0],[0,1],[0,-1],[-1,0],[1,0],[1,0]],[[575,51],[-1,0],[-1,0],[0,-1],[1,0],[1,0],[1,0],[-1,0],[1,0],[-1,0],[0,-1],[1,0],[-1,0],[-1,0],[1,0],[-1,0],[-1,0],[-1,0],[-1,0],[-1,0],[1,0],[-1,0],[-1,0],[1,0],[-1,1],[1,0],[1,0],[1,0],[-1,0],[0,1],[-1,-1],[-1,0],[-1,0],[0,-1],[0,1],[-1,-1]],[[567,49],[-1,0],[1,0]],[[567,49],[-1,0],[0,1],[1,0],[1,0],[-1,0],[1,0],[-1,0],[1,0],[0,1],[1,0],[-1,0],[-1,0],[0,-1],[-1,0],[-1,0],[0,-1],[-1,0],[-1,0],[-1,0],[1,0],[-1,0],[-1,0],[-1,0],[1,0],[1,0],[1,0],[0,-1],[-1,0],[-1,0]],[[561,48],[-1,0],[-1,0]],[[559,48],[-1,0]],[[558,48],[0,1]],[[558,49],[-1,0]],[[557,49],[-1,0],[0,-1]],[[556,48],[-1,0]],[[555,48],[-1,0]],[[554,48],[-1,0],[-1,0],[1,0],[-1,0],[-1,0],[-1,0],[-1,0],[-1,0],[-1,0],[1,0],[1,0],[-1,0],[-1,0],[1,0],[-1,0],[-1,0]],[[546,48],[-1,0]],[[546,48],[1,0],[1,0],[1,0],[1,0],[1,0],[-1,0],[-1,0],[0,1],[0,-1],[0,1],[0,-1],[-1,1],[1,0],[1,0],[1,0],[1,0],[-1,0],[-1,0],[-1,0],[-1,0],[-1,0],[-1,0],[1,0],[-1,0],[1,0],[1,0],[-1,0],[-1,0],[-1,0],[-1,0],[-1,0],[-1,0],[1,0],[-1,0],[-1,0],[-1,0],[-1,0],[-1,0],[1,0],[-1,0],[1,0],[1,0],[1,0],[-1,0],[1,0],[0,1]],[[541,50],[-1,0]],[[541,50],[1,0]],[[542,50],[0,-1],[1,0],[0,1]],[[543,50],[1,0]],[[544,50],[1,0],[1,0],[1,0],[1,0],[1,0],[1,0],[1,0],[0,-1],[1,0],[0,1],[1,0],[0,-1],[1,0],[0,1],[-1,0],[-1,0],[-1,0],[-1,0],[-1,0],[-1,0],[-1,0],[-1,0],[-1,0],[1,0],[-1,0],[1,0],[1,0],[-1,0],[-1,0],[-1,0]],[[544,50],[1,0],[0,1]],[[545,51],[0,-1],[0,1]],[[544,50],[0,1]],[[544,51],[1,0]],[[545,51],[1,0]],[[546,51],[1,0]],[[547,51],[1,0]],[[548,51],[0,-1],[1,0],[1,0],[1,0],[1,0],[1,0],[-1,0],[1,0],[-1,0],[1,0],[0,1],[1,0],[1,0],[0,-1],[1,0],[-1,0],[1,0],[1,0],[1,0],[1,0],[1,0],[-1,0],[1,0],[-1,0],[-1,0],[1,0],[1,0],[-1,0],[0,1],[-1,0],[-1,0],[0,-1],[-1,0],[0,1],[1,0],[1,0],[-1,0],[-1,0],[-1,0],[-1,0],[1,0],[-1,0],[-1,0],[-1,0],[1,0],[-1,0],[1,0],[-1,0],[1,0],[-1,0],[1,0],[1,0],[1,0],[1,0],[1,0],[1,0],[-1,0],[-1,0],[-1,0],[1,0],[1,0],[0,1],[-1,0],[-1,0],[-1,0],[-1,0]],[[553,52],[1,0],[-1,0]],[[553,52],[-1,0],[-1,0]],[[553,52],[1,0],[1,0],[1,0],[0,1]],[[556,53],[1,0]],[[557,53],[1,0],[0,-1],[1,0],[1,0],[1,0],[1,0],[1,0],[1,0],[-1,0],[1,0],[-1,0],[-1,0],[-1,0],[1,0],[1,0],[-1,0],[-1,0],[-1,0],[-1,0],[0,1],[-1,0],[-1,0]],[[557,53],[1,0],[1,0],[0,1],[1,0],[1,0],[1,0],[1,0],[1,0],[1,0],[1,0],[1,0],[0,1],[-1,0],[-1,0],[0,-1],[-1,0],[0,1],[-1,0]],[[563,55],[1,0],[-1,0]],[[563,55],[0,-1],[-1,0],[-1,0],[-1,0],[-1,0],[-1,0],[-1,0]],[[557,54],[1,0],[1,0],[0,1],[-1,0],[1,0],[1,0],[1,0]],[[561,55],[1,0],[-1,0]],[[561,55],[1,0],[1,0]],[[563,55],[0,1]],[[563,56],[-1,0],[0,-1],[-1,0]],[[561,55],[-1,0],[0,1],[0,-1],[-1,0],[1,0],[-1,0],[-1,0],[-1,0],[-1,0],[-1,0],[0,-1]],[[555,54],[-1,0],[-1,0]],[[553,54],[0,1],[1,0],[1,0],[0,1],[1,0],[1,0],[-1,0],[1,0],[0,1],[1,0],[1,0],[1,0],[1,0],[0,1],[1,0],[-1,0],[-1,0]],[[560,58],[-1,0]],[[559,58],[0,-1],[-1,0],[-1,0],[1,0],[-1,0],[0,-1],[-1,0],[0,1],[-1,0],[0,1]],[[555,58],[-1,0],[0,-1],[1,0],[-1,0],[-1,0],[1,0],[-1,0],[1,0],[-1,0],[1,0],[0,-1],[1,0],[-1,0],[-1,0],[-1,0],[-1,0],[-1,0],[1,0],[1,0],[1,0],[1,0],[-1,0],[1,0],[0,-1],[-1,0],[-1,0],[-1,0],[0,-1]],[[551,54],[-1,0]],[[550,54],[-1,0],[-1,0],[-1,0],[-1,0],[1,0],[-1,0],[-1,0],[1,0],[-1,0],[1,0],[1,0],[0,1],[-1,0],[1,0],[-1,0],[-1,0],[0,-1],[-1,0]],[[544,54],[-1,0]],[[543,54],[-1,0]],[[542,54],[-1,0]],[[541,54],[-1,0],[0,1]],[[540,55],[1,0]],[[541,55],[1,0]],[[542,55],[1,0]],[[543,55],[1,0],[1,0],[-1,0],[-1,0]],[[543,55],[1,0],[1,0],[1,0],[1,0],[1,0],[1,0],[0,1],[0,-1],[0,1],[-1,0],[-1,0],[-1,0],[-1,0],[-1,0],[-1,0]],[[543,56],[-1,0]],[[542,56],[-1,0]],[[541,56],[-1,0]],[[540,56],[-1,0]],[[542,56],[0,1]],[[541,56],[0,1]],[[541,57],[1,0]],[[542,57],[1,0],[1,0]],[[544,57],[1,0]],[[545,57],[1,0]],[[546,57],[1,0],[1,0],[-1,0],[-1,0]],[[544,57],[-1,0],[1,0]],[[546,57],[1,0],[1,0],[1,0]],[[549,57],[1,0]],[[550,57],[1,0],[0,1]],[[551,58],[1,0]],[[552,58],[1,0],[1,0],[1,0]],[[555,58],[1,0]],[[556,58],[1,0]],[[555,58],[-1,0],[1,0]],[[555,58],[-1,0],[0,1],[1,0],[1,0]],[[556,59],[-1,0],[-1,0],[-1,0],[0,-1],[0,1],[-1,0],[1,0],[0,-1],[-1,0]],[[551,58],[-1,0],[-1,0],[-1,0]],[[548,58],[0,1],[-1,0]],[[547,59],[-1,0],[-1,0],[-1,0]],[[544,59],[1,0],[-1,0]],[[544,59],[-1,0],[-1,0]],[[542,59],[-1,0],[-1,0],[-1,0],[-1,0]],[[538,59],[1,0],[-1,0]],[[538,59],[-1,0]],[[537,59],[-1,0]],[[536,59],[-1,0]],[[535,59],[0,1],[-1,0]],[[534,60],[-1,0]],[[533,60],[0,-1]],[[534,60],[0,-1]],[[534,59],[-1,0]],[[533,59],[-1,0]],[[532,59],[-1,0]],[[531,59],[0,-1]],[[531,59],[-1,0]],[[530,59],[0,-1]],[[530,58],[-1,0]],[[530,59],[-1,0]],[[529,59],[0,-1]],[[529,58],[-1,0]],[[528,58],[0,1]],[[528,59],[1,0]],[[532,59],[0,1]],[[532,60],[-1,0]],[[531,60],[-1,0]],[[532,60],[1,0]],[[534,60],[1,0],[1,0],[1,0],[-1,0],[1,0],[1,0],[1,0],[-1,0],[1,0],[1,0]],[[540,60],[1,0]],[[541,60],[1,0]],[[542,60],[1,0],[1,0],[1,0],[1,0]],[[546,60],[1,0]],[[547,60],[1,0],[0,1],[-1,0]],[[547,61],[1,0],[-1,0]],[[547,61],[-1,0]],[[546,61],[-1,0]],[[545,61],[-1,0]],[[544,61],[-1,0],[0,-1],[-1,0]],[[542,60],[0,1]],[[542,61],[1,0],[-1,0]],[[542,61],[-1,0]],[[541,61],[-1,0],[0,-1]],[[540,60],[0,1],[-1,0],[-1,0],[0,-1],[-1,0],[-1,0],[0,1],[1,0],[1,0],[1,0],[1,0],[0,1],[1,0],[1,0],[1,0],[0,1],[0,-1],[-1,0],[-1,0],[0,1],[1,0],[-1,0],[0,-1],[1,0],[-1,0],[-1,0],[-1,0],[1,0],[-1,0],[0,-1],[-1,0],[0,1],[-1,0],[1,0],[-1,0],[1,0],[0,-1],[-1,0],[-1,0],[-1,0],[-1,0],[-1,0],[1,0],[-1,0],[1,0],[-1,0],[-1,0],[-1,0],[-1,0],[-1,0],[-1,0],[1,0],[-1,0],[-1,0],[-1,0],[1,0],[0,1],[-1,0]],[[526,62],[0,-1],[-1,0]],[[525,61],[0,1]],[[525,62],[-1,0]],[[525,62],[1,0]],[[526,62],[1,0],[1,0],[0,1],[-1,0],[-1,0]],[[526,63],[-1,0],[-1,0]],[[524,63],[-1,0],[1,0]],[[524,63],[-1,0],[-1,0]],[[522,63],[-1,0],[-1,0]],[[520,63],[-1,0]],[[519,63],[-1,0]],[[518,63],[0,1],[-1,0]],[[517,64],[-1,0]],[[516,64],[-1,0],[0,1]],[[515,65],[-1,0],[-1,0]],[[515,65],[1,0]],[[516,65],[1,0]],[[517,65],[1,0]],[[518,65],[1,0]],[[519,65],[1,0]],[[520,65],[1,0]],[[521,65],[1,0]],[[522,65],[1,0]],[[523,65],[1,0]],[[524,65],[1,0]],[[525,65],[0,-1],[-1,0],[1,0],[0,1]],[[525,65],[1,0]],[[526,65],[0,-1],[1,0]],[[527,64],[-1,0],[1,0]],[[527,64],[0,-1],[0,1]],[[527,64],[1,0],[-1,0]],[[527,64],[1,0],[1,0],[1,0],[1,0],[-1,0],[-1,0],[-1,1]],[[528,65],[1,0]],[[529,65],[1,0]],[[530,65],[1,0]],[[531,65],[1,0]],[[532,65],[0,-1],[0,1]],[[532,65],[1,0],[1,0],[0,-1],[1,0],[1,0],[1,0],[1,0],[1,0],[-1,0],[1,0],[1,0],[0,-1],[1,0],[0,1],[-1,0],[-1,0],[-1,0],[-1,0],[-1,0],[-1,0],[0,1],[-1,0],[1,0],[-1,0],[1,0],[1,0],[0,1],[0,-1],[0,1],[-1,0],[-1,0],[1,0],[-1,0],[-1,0],[-1,0]],[[532,66],[0,1]],[[532,67],[1,0]],[[533,67],[1,0],[1,0]],[[532,67],[-1,0]],[[533,67],[1,0],[-1,0]],[[535,67],[1,0],[1,0],[1,0],[1,0],[0,1]],[[539,68],[1,0],[1,0],[0,-1],[-1,0],[1,0],[1,0],[1,0],[-1,0],[-1,0],[0,-1],[-1,0],[1,0],[-1,0],[1,0],[1,0],[-1,0],[1,0],[0,1],[1,0],[0,-1],[-1,0],[1,0],[0,-1],[0,1],[0,-1],[0,1],[-1,0],[0,-1],[1,0],[-1,0],[1,0],[1,0],[-1,0],[1,0],[0,1],[1,0],[-1,0],[-1,0],[1,0],[-1,0],[1,0],[0,1],[-1,0],[1,0],[1,0],[1,0],[1,0],[-1,0],[1,0],[1,0],[0,-1],[-1,0],[-1,0],[1,0],[1,0],[1,0],[1,0],[-1,0],[-1,0],[1,0],[1,0],[0,-1]],[[582,61],[0,0]],[[581,61],[0,-1]],[[581,61],[0,0]],[[585,59],[0,0]],[[574,61],[0,0]],[[579,61],[0,0]],[[576,61],[0,0]],[[597,57],[-1,0],[1,0]],[[597,57],[0,0]],[[574,61],[1,0]],[[558,59],[-1,0]],[[558,59],[0,0]],[[561,63],[0,0]],[[579,61],[0,-1]],[[569,61],[0,0]],[[590,56],[0,1],[-1,0],[0,-1]],[[597,57],[1,0],[-1,0]],[[558,59],[1,0],[-1,0]],[[585,59],[1,0]],[[569,61],[1,0]],[[581,50],[0,0]],[[544,61],[0,1],[0,-1]],[[545,61],[0,1]],[[545,62],[-1,0],[0,-1]],[[576,61],[-1,0]],[[579,61],[-1,1]],[[578,62],[0,-1],[-1,0],[-1,0]],[[576,61],[1,0],[1,0],[1,0]],[[563,60],[-1,0],[-1,0],[1,0],[0,-1],[1,1]],[[570,61],[1,0]],[[571,61],[1,0],[-1,0]],[[564,60],[0,1]],[[571,62],[1,0]],[[572,62],[1,0]],[[579,52],[-1,0],[1,0]],[[579,52],[0,-1]],[[579,51],[1,0],[0,1]],[[911,27],[1,0]],[[912,27],[1,0],[1,0]],[[914,27],[1,0]],[[915,27],[1,0],[-1,0]],[[915,27],[1,0],[1,0],[1,0],[1,0],[1,0],[1,0],[1,0],[1,0],[-1,0],[1,0],[1,0],[1,0],[1,0],[-1,0],[1,0],[1,0],[1,0],[-1,0],[1,0],[-1,0],[1,0],[1,0],[1,0],[1,0],[1,0],[1,0],[1,0],[1,0],[1,0]],[[936,27],[1,0]],[[937,27],[1,0]],[[938,27],[1,0]],[[939,27],[1,0],[-1,0]],[[939,27],[1,0],[1,0]],[[941,27],[1,0]],[[942,27],[1,0]],[[943,27],[1,0]],[[944,27],[1,0],[0,-1],[0,1],[0,-1],[0,1],[0,-1],[1,0],[1,0],[1,0],[0,-1],[1,0],[1,0],[1,0],[0,-1],[1,0],[1,0],[-1,0],[1,0],[-1,0],[1,0],[1,0],[-1,0],[1,0],[-1,0],[0,-1],[1,0],[-1,0],[1,0],[1,0]],[[955,23],[-1,0],[1,0]],[[955,23],[0,-1],[1,0],[-1,0],[1,0],[-1,0],[0,-1]],[[955,21],[1,0],[-1,0]],[[955,21],[-1,0]],[[954,21],[-1,0],[0,-1],[-1,0]],[[952,20],[-1,0],[-1,0],[-1,0],[0,-1],[-1,0],[1,0],[-1,0],[-1,0],[-1,0],[0,-1],[-1,0],[-1,0],[-1,0],[0,-1],[1,0],[-1,0],[-1,0],[-1,0],[-1,0],[-1,0],[-1,0],[-1,0],[-1,0],[-1,0],[-1,0],[-1,0],[-1,0],[-1,0],[-1,0],[-1,0],[-1,0],[0,1],[-1,0],[-1,0],[1,0],[-1,0],[1,0],[-1,0],[0,1],[1,0]],[[927,19],[1,0],[0,1],[0,-1],[0,1],[1,0],[-1,0],[1,0],[1,0],[-1,0],[-1,0],[0,1],[-1,0],[0,-1],[0,1],[-1,0],[-1,0],[1,0],[-1,0],[-1,0],[-1,0],[-1,0]],[[922,21],[-1,0]],[[921,21],[-1,0],[-1,0],[-1,0],[0,-1],[-1,0],[-1,0],[0,-1]],[[916,19],[-1,0]],[[916,19],[1,0],[-1,0]],[[916,19],[0,-1]],[[916,18],[1,0],[-1,0]],[[916,18],[-1,0],[-1,0]],[[914,18],[-1,0]],[[913,18],[-1,0]],[[912,18],[-1,0],[0,1]],[[911,19],[-1,0]],[[910,19],[-1,0]],[[909,19],[-1,0],[-1,0],[-1,0]],[[906,19],[-1,0]],[[905,19],[-1,0]],[[904,19],[-1,0],[-1,0]],[[902,19],[0,-1]],[[902,18],[-1,0],[-1,0],[1,0],[0,1]],[[901,19],[0,-1],[1,0]],[[902,19],[-1,0]],[[901,19],[-1,0]],[[900,19],[-1,0]],[[899,19],[-1,0]],[[898,19],[-1,0]],[[899,19],[0,1],[-1,0]],[[898,20],[1,0],[1,0]],[[900,20],[1,0],[0,-1]],[[901,19],[0,1],[0,-1]],[[906,19],[1,0],[1,0],[-1,0],[1,0],[0,1],[-1,0],[0,-1],[0,1],[-1,0]],[[906,20],[-1,0],[-1,0],[-1,0],[-1,0],[-1,0],[-1,0]],[[898,20],[1,0],[0,1],[0,-1],[-1,0]],[[898,20],[-1,0]],[[897,20],[0,1]],[[897,21],[1,0]],[[897,20],[-1,0]],[[896,20],[-1,0]],[[895,20],[0,1],[1,0]],[[895,20],[-1,0]],[[894,20],[-1,0]],[[893,20],[-1,0]],[[892,20],[-1,0]],[[891,20],[-1,0]],[[890,20],[-1,0]],[[889,20],[-1,0],[1,0]],[[889,20],[0,-1]],[[889,19],[-1,0]],[[888,19],[-1,0],[-1,0],[-1,0],[-1,0],[0,1],[-1,0],[-1,0],[1,0],[-1,0],[1,0],[-1,0],[-1,0],[1,0],[-1,0],[-1,0]],[[880,20],[1,0],[-1,0]],[[880,20],[0,1],[1,0],[1,0]],[[882,21],[1,0]],[[883,21],[1,0]],[[884,21],[1,0],[1,0]],[[882,21],[-1,0],[-1,0],[0,1],[-1,-1]],[[879,21],[0,1]],[[879,22],[-1,0]],[[878,22],[0,1],[1,0],[-1,0],[0,1]],[[878,24],[1,0],[-1,0]],[[878,24],[0,1]],[[878,25],[1,0],[-1,0]],[[878,25],[-1,0],[0,1],[1,0],[-1,0],[-1,0],[0,-1],[0,1],[1,0],[-1,0],[-1,0],[-1,0],[1,0],[1,0],[-1,0],[1,0],[0,-1],[-1,0]],[[875,25],[-1,0],[-1,0]],[[873,25],[0,1],[-1,-1]],[[872,25],[0,1],[-1,0],[-1,0],[0,-1]],[[870,25],[-1,0]],[[869,25],[0,1],[0,-1]],[[869,25],[-1,0]],[[868,25],[-1,1],[-1,0]],[[864,26],[0,1]],[[864,27],[-1,0]],[[864,27],[1,0],[-1,0]],[[864,27],[1,0],[1,0]],[[866,27],[-1,0],[1,0]],[[866,27],[1,0]],[[867,27],[0,1]],[[867,27],[1,0]],[[868,27],[1,0]],[[869,27],[1,0]],[[870,27],[1,0]],[[871,27],[1,0]],[[872,27],[1,0]],[[873,27],[0,1]],[[873,28],[1,0]],[[874,28],[1,0]],[[875,28],[1,0]],[[876,28],[1,0]],[[877,28],[1,0]],[[878,28],[1,0],[1,0],[-1,0],[1,0],[1,0],[1,0],[1,0],[1,0],[1,0],[1,0],[1,0],[1,0],[1,0],[1,0],[1,0],[1,0],[1,0],[1,0],[1,0],[1,0],[1,0],[1,0],[1,0],[1,0],[1,0],[1,0],[1,0],[1,0],[1,0],[0,-1],[1,0],[1,0],[1,0],[1,0],[1,0],[-1,0],[-1,0],[1,0],[1,0],[1,0]],[[912,19],[1,0]],[[912,19],[0,0]],[[890,20],[0,0]],[[914,19],[0,0]],[[891,20],[0,0]],[[896,21],[0,0]],[[889,21],[0,0],[0,0],[0,0]],[[892,20],[0,0]],[[896,21],[1,0]],[[922,21],[0,0]],[[913,19],[0,0]],[[913,18],[0,1]],[[912,19],[0,-1]],[[914,19],[1,0]],[[618,55],[1,0]],[[619,55],[1,0],[1,0],[1,0],[-1,0],[1,0],[-1,0],[0,-1]],[[621,54],[1,0]],[[622,54],[0,1],[0,-1]],[[622,54],[1,0]],[[623,54],[1,0],[-1,0]],[[623,54],[1,0],[0,-1],[1,0],[-1,0],[-1,0]],[[623,53],[1,0],[-1,0]],[[623,53],[1,0],[1,0],[-1,0],[1,0],[-1,0],[0,-1]],[[624,52],[-1,0],[1,0]],[[624,52],[1,0],[1,0],[0,1],[-1,0],[1,0],[1,0],[0,1]],[[627,54],[1,0]],[[628,54],[1,0],[-1,0]],[[628,54],[1,0],[1,0],[-1,0],[0,-1],[0,1],[0,-1],[0,1],[0,-1],[1,0],[0,1],[1,0],[1,0],[1,0],[1,0],[1,0],[-1,0],[1,0],[0,-1],[-1,0],[1,0],[1,0],[-1,0],[1,0],[-1,0],[1,0],[1,0],[-1,0],[1,0],[-1,0],[1,0],[-1,0],[-1,0],[0,-1],[0,1],[-1,0],[0,-1],[-1,0],[-1,0],[-1,0],[-1,0],[-1,0],[0,-1],[1,0],[1,0],[0,1],[0,-1],[1,0],[1,0],[1,0],[0,-1],[-1,0]],[[633,50],[-1,0]],[[632,50],[-1,0],[-1,0],[-1,0],[-1,0],[1,0],[1,0],[1,0],[1,0]],[[633,50],[0,-1],[-1,0],[-1,0],[1,0],[-1,0],[-1,0],[1,0],[1,0],[1,0],[1,0]],[[634,49],[0,1],[1,0],[1,0],[1,0]],[[637,50],[0,-1],[1,0]],[[638,49],[1,0]],[[638,49],[-1,0],[-1,0],[0,-1]],[[636,48],[0,1],[-1,0]],[[635,49],[0,-1]],[[635,48],[-1,0]],[[634,48],[-1,0]],[[633,48],[-1,0],[0,-1],[0,1],[-1,0],[0,-1],[-1,0],[-1,0],[1,0],[-1,0],[-1,0],[0,1],[0,-1],[-1,0],[0,1],[-1,0],[-1,0],[-1,0],[0,1],[-1,0],[-1,0],[1,0],[-1,0],[-1,0],[-1,0],[0,1],[-1,0],[-1,0],[0,1],[0,-1],[-1,0],[0,1],[0,-1],[-1,0],[1,0],[1,0],[0,-1],[0,1],[0,-1],[-1,0],[1,0],[-1,0],[1,0],[-1,0],[1,0],[1,0],[1,0],[1,0],[-1,0],[0,-1],[-1,0],[-1,0],[1,0],[1,0],[1,0],[1,0],[1,0],[-1,0],[-1,0],[0,-1],[0,1],[1,0],[1,0],[1,0],[0,-1],[1,0]],[[625,47],[-1,0],[1,0]],[[625,47],[1,0]],[[626,47],[1,0],[-1,0]],[[626,47],[1,0],[1,0],[0,-1],[1,0],[-1,0],[1,0],[-1,0],[-1,0],[1,0],[-1,0],[1,0],[-1,0],[1,0],[1,0],[1,0],[0,-1],[1,0],[-1,0],[1,0],[-1,0],[0,-1]],[[630,44],[-1,0]],[[629,44],[-1,0]],[[628,44],[0,1]],[[628,45],[-1,0]],[[627,45],[0,-1]],[[627,44],[1,0]],[[627,44],[-1,0]],[[626,44],[0,1]],[[626,45],[1,0]],[[626,45],[-1,0],[-1,0],[-1,0],[1,0],[1,0],[0,-1]],[[625,44],[1,0]],[[625,44],[-1,0],[1,0]],[[625,44],[-1,0],[-1,0],[-1,0],[-1,0],[-1,0],[-1,0],[1,0],[1,0],[1,0],[1,0],[1,0],[1,0]],[[625,44],[0,-1]],[[625,43],[-1,0],[-1,0],[1,0],[-1,0],[0,1],[-1,0],[0,-1],[1,0],[-1,0],[1,0],[1,0],[1,0]],[[625,43],[-1,0],[1,0]],[[625,43],[1,0]],[[626,43],[1,0],[-1,0]],[[626,43],[0,-1],[-1,1]],[[625,43],[0,-1],[0,1]],[[625,43],[-1,0],[-1,0],[-1,0],[0,-1],[0,1],[-1,0],[0,-1],[-1,0],[0,1],[-1,0],[1,0],[-1,0],[-1,0],[1,0],[1,0],[-1,0],[-1,0],[-1,0],[1,0],[-1,0],[1,0],[-1,0],[-1,0],[-1,0],[-1,0],[1,0],[-1,0],[1,0],[1,0],[0,1],[-1,0],[1,0],[1,0],[-1,0],[1,0],[-1,0],[1,0],[-1,0],[0,1],[1,0],[1,0],[1,0],[1,0],[1,0],[-1,0],[-1,0],[0,1],[1,0]],[[620,46],[-1,0],[0,-1],[-1,0],[-1,0],[1,0],[-1,0],[1,0],[-1,0],[-1,0],[1,0],[-1,0],[0,1],[0,-1],[0,1],[-1,0]],[[615,46],[0,-1],[-1,0]],[[614,45],[-1,0]],[[613,45],[-1,0]],[[612,45],[0,1]],[[612,46],[1,0]],[[613,46],[1,0]],[[614,46],[1,0]],[[615,46],[1,0],[-1,0]],[[615,46],[1,0],[1,0],[1,0],[-1,0],[-1,0],[-1,0]],[[612,46],[-1,0],[1,0]],[[612,46],[-1,0],[-1,0]],[[610,46],[-1,0],[-1,0],[-1,0]],[[607,46],[-1,0],[-1,0],[-1,0],[-1,0],[-1,0]],[[602,46],[1,0],[0,1],[-1,0],[1,0],[1,0],[1,0],[0,1],[1,0],[1,0],[1,0],[1,0],[1,0],[1,0],[1,0],[-1,0],[-1,0],[-1,0],[-1,0],[-1,0],[-1,0],[-1,0],[-1,0],[-1,0],[-1,0],[-1,0],[0,1],[1,0],[1,0]],[[603,49],[1,0]],[[604,49],[1,0],[1,0],[1,0],[1,0],[1,0],[-1,0],[-1,0],[-1,0],[-1,0],[1,0],[-1,0],[0,1],[-1,0]],[[604,50],[-1,0]],[[603,50],[-1,0],[1,0]],[[603,50],[0,-1]],[[603,49],[-1,0],[-1,0],[-1,0],[1,0],[-1,0],[-1,0],[-1,0],[1,0],[-1,0],[-1,0],[-1,0],[1,0],[-1,0],[-1,0],[-1,0],[1,0],[1,0],[1,0],[0,-1],[-1,0]],[[596,48],[1,0],[0,-1]],[[597,47],[-1,0]],[[596,47],[0,1]],[[596,48],[-1,0]],[[595,48],[-1,0],[1,0]],[[595,48],[0,-1]],[[595,47],[-1,0],[1,0]],[[595,47],[-1,0],[0,-1],[-1,0],[-1,0],[-1,0],[-1,0],[-1,0],[1,0],[-1,0],[1,0],[1,0],[0,-1],[-1,0],[1,0],[-1,0],[0,-1]],[[590,44],[0,1],[-1,0],[-1,0],[-1,0],[-1,0],[-1,0],[-1,0],[-1,0],[1,0],[1,0],[-1,0],[1,0],[1,0],[1,0],[0,-1],[1,0]],[[588,44],[1,0],[-1,0]],[[588,44],[-1,0],[-1,0],[1,-1],[-1,0],[-1,0],[1,0],[1,0],[-1,0],[-1,0],[1,0],[1,0],[1,0]],[[588,43],[1,0],[1,0],[1,0],[1,0]],[[592,43],[0,-1]],[[592,42],[-1,0],[-1,0],[-1,0],[1,0],[-1,0],[-1,0],[-1,0],[-1,0],[1,0],[1,0],[1,0],[-1,0],[0,-1]],[[588,41],[-1,0]],[[587,41],[0,1],[0,-1]],[[587,41],[-1,0]],[[586,41],[-1,0]],[[585,41],[0,1],[-1,0],[-1,0],[-1,0],[1,0],[0,-1]],[[583,41],[-1,0]],[[582,41],[0,1],[0,-1]],[[582,41],[-1,0],[1,0]],[[582,41],[-1,0],[0,-1],[-1,0],[-1,0],[-1,0],[0,1],[0,-1],[-1,0],[0,1],[1,0],[1,0],[-1,0],[-1,0],[1,0],[-1,0],[-1,0],[-1,0],[0,1],[1,0],[-1,0],[-1,0],[1,0],[1,0],[1,0],[1,0],[-1,0],[1,0],[1,0],[1,0],[1,0],[1,0],[1,0],[1,0],[-1,0],[0,1],[1,0],[-1,0],[1,0],[1,0],[1,0],[-1,0],[0,1]],[[585,44],[1,0],[-1,0]],[[585,44],[-1,0],[-1,0],[0,1],[0,-1],[-1,0],[-1,0],[-1,0],[-1,0],[1,0],[1,0],[0,-1],[-1,0]],[[580,43],[-1,0]],[[579,43],[-1,0]],[[578,43],[-1,0]],[[579,43],[0,1],[-1,0],[-1,0],[1,0],[-1,0],[-1,0],[1,0],[-1,0],[-1,0],[1,0],[-1,0],[-1,0],[-1,0],[-1,0],[-1,0],[-1,0]],[[570,44],[1,1],[1,0],[-1,0],[1,0],[1,0],[-1,0],[0,1],[1,0],[1,0],[1,0],[1,0],[1,0],[-1,0],[1,0],[-1,0],[0,1]],[[576,47],[1,0],[1,0]],[[578,47],[1,0]],[[579,47],[1,0]],[[580,47],[1,0],[1,0],[1,0],[1,0],[1,0],[1,0],[1,0],[-1,0],[1,0],[1,0],[0,1],[-1,0],[0,-1],[-1,0],[-1,0],[-1,0],[0,1],[0,-1],[-1,0],[-1,0],[1,0],[0,1],[1,0],[-1,0],[1,0],[1,0]],[[585,48],[1,0],[1,0],[-1,0],[1,0],[-1,0],[1,0],[0,1],[-1,0],[1,0],[1,0],[0,-1],[0,1],[0,-1],[1,0],[0,1],[0,-1],[0,1],[-1,0],[1,0],[1,0],[0,-1],[1,0],[0,1],[1,0],[-1,0],[0,-1],[0,1],[-1,0],[-1,0],[-1,0],[-1,0],[1,0],[-1,0],[1,0],[-1,0],[-1,0],[1,0],[-1,0],[-1,0],[-1,0]],[[584,49],[-1,0],[1,0]],[[584,49],[1,0],[1,0],[1,0],[-1,0],[1,0],[1,1]],[[588,50],[0,-1],[0,1]],[[589,50],[1,0]],[[590,50],[1,0]],[[591,50],[1,0]],[[592,50],[0,-1],[1,0],[1,0],[1,0],[1,0],[0,1],[1,0],[-1,0],[1,0],[0,1],[-1,0]],[[596,51],[-1,0],[1,0]],[[596,51],[1,0],[1,0],[0,1],[1,0],[1,0],[-1,0],[1,0],[-1,0],[1,0],[-1,0],[-1,0],[-1,0],[0,-1],[0,1],[-1,0],[0,-1]],[[596,51],[-1,0],[-1,0]],[[594,51],[1,0],[-1,0]],[[594,51],[0,1],[0,-1]],[[594,51],[0,1],[-1,0],[1,0],[-1,0],[0,1],[-1,0]],[[592,53],[1,0],[-1,0]],[[592,53],[0,1],[1,0],[1,0]],[[594,54],[1,0]],[[595,54],[1,0]],[[596,54],[1,0]],[[597,54],[1,0]],[[598,54],[0,-1],[1,0]],[[599,53],[1,0],[1,0]],[[601,53],[1,0],[1,0],[1,0]],[[604,53],[0,-1],[0,1]],[[604,53],[1,0]],[[605,53],[0,-1],[1,0],[1,0],[1,0],[1,0],[0,-1],[1,0],[1,0],[1,0],[-1,0],[-1,0],[0,1],[-1,0],[-1,0],[-1,0],[-1,0],[0,1]],[[606,53],[-1,0]],[[606,53],[1,0],[1,0]],[[608,53],[0,-1],[1,0],[1,0],[1,0],[1,0],[1,0],[1,0],[-1,0],[-1,0],[-1,0],[-1,0],[-1,0],[0,1],[-1,0]],[[608,53],[1,0],[1,0],[0,1]],[[610,54],[1,0]],[[611,54],[1,0],[1,0]],[[613,54],[1,0]],[[614,54],[1,0]],[[615,54],[1,0],[-1,0]],[[614,54],[0,1],[-1,0],[1,0],[1,0]],[[615,55],[1,0],[1,0],[1,0]],[[623,54],[0,0]],[[627,54],[0,0]],[[622,54],[0,0]],[[620,54],[0,0]],[[628,54],[0,0]],[[623,54],[0,-1]],[[618,47],[0,0]],[[619,47],[-1,0]],[[625,47],[0,-1],[1,0],[-1,0],[1,0],[0,1]],[[620,54],[1,0]],[[615,46],[0,1],[-1,0]],[[614,47],[-1,0],[-1,0],[1,0],[-1,0],[1,0],[0,-1]],[[720,55],[1,0]],[[721,55],[1,0],[-1,0]],[[720,55],[-1,0],[0,-1],[1,0],[1,0],[1,0],[0,-1],[1,0],[1,0],[1,0],[0,-1],[1,0],[-1,0],[1,0],[1,0],[0,-1],[1,0],[-1,0],[-1,0],[0,-1]],[[726,50],[-1,0]],[[725,50],[-1,0],[-1,0],[-1,0],[-1,0],[-1,0]],[[720,50],[1,0],[1,0],[-1,0],[-1,0]],[[720,50],[-1,0],[-1,0]],[[718,50],[-1,0]],[[717,50],[0,1],[-1,0],[-1,0],[-1,0]],[[714,51],[-1,0],[0,1],[-1,0],[-1,0],[-1,0],[-1,0],[-1,0],[0,1]],[[708,53],[-1,0]],[[707,53],[-1,0],[-1,0],[-1,0],[0,1],[1,0],[-1,0],[0,-1],[1,0],[0,-1],[-1,0],[1,0],[1,0],[1,0]],[[707,52],[1,0],[0,-1],[1,0]],[[709,51],[1,0]],[[710,51],[1,0]],[[711,51],[1,0]],[[712,51],[0,-1],[1,0]],[[713,50],[0,-1],[0,-1],[-1,0],[0,1],[-1,0],[1,0],[-1,0],[-1,0],[0,-1],[1,0],[1,0],[1,0],[1,0],[1,0]],[[715,48],[-1,0],[0,-1]],[[714,47],[1,0]],[[715,47],[0,-1]],[[715,46],[-1,0]],[[715,46],[1,0]],[[716,46],[1,0],[0,-1],[0,1],[1,0],[-1,0],[1,0],[-1,0],[-1,0]],[[716,46],[1,0],[-1,0]],[[716,46],[0,1],[0,-1]],[[715,47],[0,1]],[[715,48],[1,0]],[[716,48],[1,0],[1,0]],[[718,48],[0,-1],[0,1]],[[718,48],[1,0]],[[719,48],[0,-1],[1,0],[1,0],[1,0],[1,0],[1,0]],[[724,47],[1,0],[1,0]],[[726,47],[0,-1],[1,0]],[[727,46],[1,0],[1,0],[1,0]],[[730,46],[1,0]],[[731,46],[1,0],[-1,0]],[[731,46],[1,0],[1,0],[-1,0],[-1,0]],[[731,46],[0,-1],[-1,0],[1,0],[1,0],[0,1],[1,0],[1,0]],[[734,46],[1,0]],[[735,46],[0,-1],[1,0],[-1,0],[-1,0],[0,-1],[-1,0],[1,0],[-1,0],[-1,0],[-1,0],[-1,0],[-1,0],[-1,0],[-1,0],[-1,0],[-1,0],[0,1],[-1,0],[-1,0],[-1,0],[-1,0],[-1,0],[-1,0],[-1,0],[-1,0],[0,1],[-1,0]],[[716,46],[0,-1],[1,0],[1,0],[1,0],[-1,0],[-1,0],[-1,0],[-1,0],[-1,0]],[[711,45],[0,1],[-1,0],[-1,0],[-1,0],[-1,0]],[[702,46],[0,1],[-1,0]],[[697,47],[0,1],[-1,0],[-1,0],[-1,0]],[[692,48],[0,1],[1,0],[1,0],[1,0]],[[695,49],[1,0],[-1,0]],[[695,49],[-1,0],[-1,0],[-1,0],[-1,0],[0,1],[-1,0],[1,0],[0,1],[-1,0],[1,0],[-1,0],[1,0],[-1,0],[0,1],[1,0],[-1,0],[-1,0],[0,1],[-1,0],[1,0],[-1,0],[1,0],[1,0],[1,0],[1,0],[-1,0],[0,1],[-1,0]],[[690,54],[1,0],[-1,0]],[[690,54],[-1,0]],[[689,54],[-1,0]],[[689,54],[0,1]],[[689,55],[-1,0],[1,0]],[[689,55],[1,0]],[[690,55],[1,0],[1,0],[-1,0],[-1,0]],[[690,55],[1,0],[0,1],[1,0],[0,-1],[0,1],[-1,0],[1,0],[1,0]],[[693,56],[1,0],[1,0],[1,0],[1,0],[1,0],[1,0],[1,0],[1,0],[0,-1],[1,0],[1,0]],[[703,55],[1,0],[1,0],[1,0]],[[706,55],[1,0]],[[707,55],[1,0],[1,0],[0,1],[-1,0],[-1,0],[-1,0],[0,1],[0,-1],[0,1],[-1,0],[-1,0],[-1,0]],[[703,57],[-1,0]],[[702,57],[-1,0],[1,0]],[[702,57],[0,1],[0,1]],[[702,59],[-1,0]],[[702,59],[1,0]],[[703,59],[1,0]],[[704,59],[0,1],[1,0],[1,0],[1,0],[1,0]],[[708,60],[1,0],[1,1],[1,0],[1,0],[1,0],[0,1],[0,1],[1,0],[1,0],[1,0],[1,0],[1,0],[1,0],[0,-1],[0,-1],[-1,0],[0,-1],[-1,0],[1,0],[0,-1],[1,0],[0,-1],[1,0],[-1,0],[1,0],[0,-1],[1,0],[1,0],[0,-1],[-1,0],[-1,0],[1,0],[0,1],[-1,0],[-1,0],[0,-1],[1,0],[1,0],[1,0],[-1,0],[-1,0],[0,-1]],[[703,59],[0,0]],[[713,57],[0,0],[0,0],[0,0]],[[708,54],[0,0]],[[714,57],[0,0]],[[714,57],[1,0],[-1,0]],[[720,55],[0,0]],[[713,47],[0,0]],[[707,54],[1,0]],[[713,47],[0,-1],[0,1]],[[707,54],[-1,0]],[[707,54],[0,-1]],[[706,55],[0,-1]],[[707,54],[0,1]],[[708,54],[0,-1]],[[708,53],[1,0],[-1,0]],[[708,53],[1,0],[1,0]],[[710,53],[-1,0],[1,0]],[[710,53],[0,1],[-1,0],[-1,0]],[[448,80],[1,0]],[[448,80],[-1,0],[1,0]],[[448,80],[-1,0],[0,-1],[-1,0],[-1,0],[1,0],[-1,0],[1,0],[1,0],[-1,0],[1,0],[1,0]],[[448,79],[1,0]],[[449,79],[1,0]],[[450,79],[0,-1],[1,0],[1,0],[-1,0],[0,1],[-1,0]],[[450,79],[1,0],[1,0],[1,0]],[[453,79],[1,0]],[[454,79],[1,0],[0,-1],[1,0],[-1,0],[1,0],[-1,0],[1,0],[1,0],[0,1],[1,0],[0,-1],[1,0],[1,0],[-1,0],[1,0],[0,1]],[[460,79],[0,-1],[0,1]],[[460,79],[0,-1],[1,0],[1,0],[-1,0],[1,0],[1,0],[0,-1],[0,1],[-1,0],[0,-1],[1,0],[1,0],[1,0],[1,0],[1,0],[-1,0],[0,1],[1,0],[1,0],[-1,0],[-1,0],[-1,0],[-1,0],[0,1],[1,0],[-1,0],[1,0],[1,0],[0,-1],[1,0],[1,0],[-1,0],[1,0],[1,0],[-1,0],[1,0],[-1,0],[1,0],[-1,0],[1,0],[1,0]],[[470,78],[1,0]],[[470,78],[-1,0],[1,0]],[[470,78],[-1,0],[-1,0],[1,0],[1,0]],[[471,78],[0,-1],[-1,0],[0,1]],[[470,78],[0,-1],[1,0],[1,0],[1,0],[-1,0],[0,1],[-1,0]],[[471,78],[1,0],[1,0],[1,0],[1,0],[1,0],[0,-1],[0,1],[1,0],[0,-1],[0,1],[0,-1],[1,0],[1,0],[-1,0],[-1,0],[-1,0],[1,0],[1,0],[-1,0],[1,0],[1,0],[0,-1],[-1,0],[-1,0],[0,1],[-1,0],[-1,0],[1,0],[0,-1],[1,0],[1,0],[1,0],[1,0],[-1,0],[1,0],[-1,0],[0,1],[0,-1],[1,0],[0,1],[-1,0],[1,0],[1,0],[1,0],[1,0],[-1,0],[1,0],[0,-1],[0,1],[0,-1],[0,1],[1,0]],[[484,77],[0,-1],[1,0]],[[485,76],[1,0]],[[486,76],[0,-1],[1,0],[-1,0],[1,0],[-1,0],[1,0],[1,0],[-1,0],[0,1],[-1,0]],[[486,76],[1,0],[1,0],[-1,0],[1,0],[-1,0],[1,0],[1,0],[1,0]],[[490,76],[0,-1],[1,0],[-1,0],[1,0],[1,0],[0,1]],[[492,76],[0,-1],[-1,0],[1,0],[1,0]],[[493,75],[1,0]],[[493,75],[-1,0],[1,0]],[[494,75],[1,0],[1,0],[0,-1],[1,0],[1,0]],[[498,74],[-1,0],[-1,0],[-1,0],[1,0],[1,0],[1,0]],[[498,74],[0,-1],[1,0],[1,0],[-1,0],[1,0],[-1,0],[1,0],[-1,0],[0,1]],[[499,74],[1,-1],[1,0],[0,1],[-1,0],[-1,0]],[[499,74],[-1,0]],[[498,74],[0,1]],[[498,75],[1,0],[1,0],[1,0],[1,0],[-1,0],[1,0],[-1,0],[1,0],[-1,0],[-1,0],[-1,0],[1,0],[1,0],[0,-1],[1,0],[-1,0],[1,0],[1,0],[0,1],[0,-1],[1,0],[0,1],[0,-1],[1,0],[-1,0],[1,-1],[-1,0],[1,0],[1,0],[-1,0],[1,0],[-1,0],[1,0],[-1,0],[1,0],[-1,-1],[-1,0],[0,1],[-1,0],[-1,0],[1,0],[0,-1],[1,0],[1,0],[-1,0],[1,0],[1,0],[-1,0],[0,-1],[1,0],[1,0],[-1,0],[1,0],[0,-1],[-1,0],[1,0],[-1,0],[1,0],[1,0],[1,0],[-1,0],[0,1],[1,0],[-1,0],[1,0],[1,0],[1,0],[-1,0],[1,0],[1,0],[1,0],[-1,0],[-1,0],[-1,0],[-1,0],[1,0],[1,0],[0,1],[-1,0],[0,-1],[-1,0],[-1,0],[0,1],[1,0],[-1,0],[0,1],[-1,0]],[[507,73],[1,0],[1,0],[-1,0],[-1,0]],[[507,73],[1,0],[1,0],[-1,0],[1,0],[0,1]],[[509,74],[1,0],[1,0],[0,-1],[1,0],[1,0],[1,0],[-1,0],[1,0],[1,0],[1,0],[-1,0],[-1,0],[-1,0],[-1,0],[0,-1],[-1,0],[1,0],[1,0],[1,0],[1,0],[1,0],[1,0],[1,0],[-1,0],[-1,0],[-1,0],[-1,0],[-1,0],[1,0],[1,0],[1,0],[-1,0],[-1,0],[1,0],[1,0],[1,0],[1,0],[1,0],[-1,0],[-1,0],[1,0],[1,0],[1,0],[0,-1],[1,0]],[[521,71],[1,0]],[[521,71],[-1,0],[-1,0],[1,0],[1,0]],[[521,71],[0,-1]],[[521,70],[-1,0],[-1,0],[-1,0],[0,1],[-1,0],[0,-1],[-1,0],[0,1],[0,-1],[1,0],[1,0],[-1,0],[1,0],[1,0],[1,0],[1,0]],[[521,70],[1,0]],[[522,70],[1,0],[1,0],[-1,0],[1,0],[-1,0],[1,0],[1,0],[1,0],[1,0],[1,0],[-1,0],[1,0],[0,-1],[1,0],[1,0],[1,0]],[[531,69],[-1,0],[-1,0],[1,0],[-1,0],[-1,0],[-1,0],[1,0],[1,0],[1,0],[1,0]],[[531,69],[-1,0],[1,0]],[[531,69],[1,0]],[[532,69],[1,0],[1,0],[0,-1]],[[534,68],[0,1],[0,-1]],[[534,68],[1,0]],[[535,68],[1,0],[1,0]],[[535,68],[0,-1]],[[532,67],[0,1],[1,0]],[[533,68],[-1,0],[-1,0]],[[531,68],[1,0],[-1,0]],[[531,68],[-1,0],[-1,0],[1,0],[-1,0],[0,-1]],[[529,67],[-1,0]],[[528,67],[-1,0]],[[527,67],[0,1]],[[527,68],[-1,0]],[[526,68],[-1,0]],[[525,68],[-1,0]],[[524,68],[-1,0]],[[523,68],[-1,0]],[[522,68],[-1,0]],[[521,68],[-1,0],[-1,0],[-1,0]],[[518,68],[-1,0]],[[517,68],[0,1]],[[517,69],[1,0],[-1,0]],[[517,69],[-1,0]],[[516,69],[-1,0],[-1,0]],[[514,69],[-1,0],[0,-1]],[[513,68],[-1,0],[-1,0],[0,1],[0,-1],[-1,0],[-1,0],[-1,0],[-1,0],[-1,0],[-1,0]],[[505,68],[-1,0]],[[504,68],[-1,0],[-1,0]],[[502,68],[0,1],[-1,0]],[[501,69],[-1,0]],[[501,69],[1,0],[-1,0]],[[500,69],[0,1]],[[500,70],[1,0]],[[501,70],[0,-1]],[[501,70],[1,0],[1,0],[1,0],[0,-1],[1,0],[1,0],[-1,0],[1,0],[1,0],[1,0],[1,0],[1,0],[1,0],[-1,0],[-1,0],[-1,0],[-1,0],[0,1],[-1,0],[-1,0],[-1,0],[-1,0],[-1,0],[-1,0]],[[501,70],[0,1]],[[501,71],[-1,0]],[[501,71],[1,0],[0,-1],[0,1],[-1,0]],[[501,71],[1,0],[1,0],[1,0],[-1,0],[-1,0],[-1,0]],[[501,71],[0,1],[-1,0],[1,0],[-1,0],[0,-1]],[[500,71],[0,1],[0,-1]],[[500,71],[-1,0]],[[499,71],[0,1],[-1,0]],[[498,72],[-1,0]],[[497,72],[-1,0]],[[496,72],[0,1],[-1,0],[-1,0],[-1,0],[1,0],[0,1],[-1,0],[0,-1],[0,1],[0,-1],[-1,0],[1,0],[1,0],[1,0],[-1,0],[0,-1]],[[494,72],[-1,0]],[[493,72],[-1,0]],[[493,72],[0,1],[-1,0],[0,-1]],[[492,72],[-1,0]],[[491,72],[-1,0]],[[490,72],[0,1],[1,0],[1,0],[1,0],[-1,0],[-1,0],[1,0],[-1,0],[-1,0],[-1,0],[0,1],[-1,0],[1,0],[1,0],[-1,0],[-1,0],[0,1],[0,-1],[-1,0],[-1,0],[1,0],[1,0],[-1,0],[1,0],[0,-1],[1,0],[-1,0],[-1,0]],[[487,73],[1,0],[-1,0]],[[487,73],[0,1],[-1,0],[-1,0]],[[485,74],[0,1],[-1,0]],[[484,75],[-1,0]],[[483,75],[-1,0]],[[482,75],[-1,0]],[[481,75],[0,1],[0,-1]],[[481,75],[-1,0]],[[480,75],[-1,0]],[[479,75],[-1,0]],[[478,75],[-1,0],[-1,0],[-1,0]],[[475,75],[-1,0],[-1,0],[-1,0],[-1,0],[-1,0],[1,0],[0,1],[0,-1],[-1,0],[0,1],[-1,0],[-1,0],[-1,0],[-1,0],[1,0],[1,0],[1,0],[0,-1],[1,0],[1,0],[1,0],[1,0],[1,0],[1,0]],[[475,75],[-1,0],[0,-1]],[[474,74],[-1,0]],[[473,74],[-1,0],[-1,0],[-1,0]],[[470,74],[-1,0],[-1,0]],[[468,74],[1,0],[-1,0]],[[468,74],[-1,0]],[[467,74],[0,1],[-1,0],[1,0],[-1,0],[1,0],[-1,0],[1,0],[-1,0],[0,-1],[1,0]],[[467,74],[-1,0],[-1,0],[0,1],[-1,0],[1,0],[0,-1],[-1,0]],[[464,74],[-1,0]],[[463,74],[0,1],[1,0],[-1,0],[-1,0],[1,0],[0,-1]],[[463,74],[-1,0]],[[462,74],[-1,0],[-1,0]],[[460,74],[0,1],[-1,0],[0,1],[-1,0],[-1,0],[1,0],[0,-1],[1,0],[-1,0],[1,0],[-1,0],[0,-1],[-1,0],[1,0],[-1,0],[-1,0],[1,0],[-1,0],[-1,0]],[[455,74],[1,0],[-1,0]],[[455,74],[0,1],[1,0],[-1,0],[-1,0],[1,0],[-1,0],[0,-1]],[[454,74],[1,0]],[[455,74],[0,1],[0,-1]],[[454,74],[-1,0],[-1,0],[-1,0]],[[451,74],[1,0],[1,0],[-1,0],[0,1],[-1,0],[-1,0],[1,0],[1,0],[0,1],[1,0],[-1,0],[-1,0],[1,0],[1,0],[-1,0],[-1,0],[0,1],[-1,0],[0,-1],[1,0],[-1,0],[1,0],[-1,0],[-1,-1],[-1,0],[0,1],[1,0],[-1,0],[-1,0],[-1,0],[-1,0],[1,0],[1,0],[0,1],[-1,0],[0,-1],[0,1],[-1,0],[1,0],[-1,0],[1,0],[-1,0],[-1,0]],[[444,77],[-1,0]],[[443,77],[0,1],[-1,0],[0,-1],[1,0]],[[443,77],[-1,0],[-1,0],[0,1],[1,0],[-1,0],[-1,0],[-1,0]],[[439,78],[-1,0]],[[439,78],[0,1],[1,0],[1,0],[-1,0],[1,0],[-1,0],[0,1],[1,0],[-1,0],[0,-1],[-1,0],[0,1],[-1,0],[0,-1],[1,0],[-1,0],[-1,0],[1,0],[-1,0],[0,-1]],[[437,78],[0,1],[0,-1]],[[437,78],[-1,0]],[[436,78],[-1,0],[-1,0],[0,1],[-1,0],[-1,0],[-1,0],[0,1],[1,0],[-1,0],[1,0],[1,0],[1,0],[-1,0],[1,0],[-1,0],[-1,0],[-1,0],[0,1],[-1,0],[-1,0],[-1,0],[1,0],[1,0],[-1,0],[1,0],[1,0],[1,0],[1,0],[-1,0],[-1,0],[1,0],[1,0],[1,0],[1,0],[1,0],[-1,0],[-1,0],[-1,0],[1,0],[-1,0],[1,0],[-1,0],[-1,0],[0,1],[1,0],[-1,0],[-1,0],[-1,0],[-1,0],[-1,0],[-1,0],[-1,0],[1,0],[1,0],[1,0],[1,0],[1,0],[-1,0],[-1,0],[-1,0],[-1,0],[0,1],[-1,0],[0,-1],[0,1],[-1,0],[-1,0],[1,0],[1,0],[-1,0],[-1,0],[-1,0],[1,0],[-1,0],[0,1],[1,0],[1,0],[1,0],[1,0],[0,1],[-1,0],[1,0],[-1,0],[1,0],[1,0],[0,-1],[1,0],[1,0],[1,0],[0,-1],[0,1],[-1,0],[0,-1],[1,0],[1,0],[1,0],[1,0],[1,0],[1,0],[-1,0],[1,0],[1,0],[-1,0],[0,-1],[1,0],[0,1],[0,-1],[1,0],[-1,0],[1,0],[1,0],[0,1],[1,0],[0,-1],[1,0],[1,0],[1,0],[1,0],[-1,0],[-1,0],[-1,0],[-1,0],[0,-1],[1,0],[-1,0],[-1,0],[-1,0],[1,0],[1,0],[1,0],[-1,0],[1,0],[1,0],[1,0],[-1,0],[-1,0],[1,0],[1,0],[1,0],[1,0],[1,0],[-1,0],[-1,0],[-1,0],[-1,0],[-1,0],[-1,0],[1,0],[-1,0],[1,0],[0,-1],[1,0],[0,1],[1,0],[1,0],[0,-1],[1,0],[-1,0],[0,1],[1,0],[1,0],[-1,0],[0,-1],[1,0],[-1,0],[1,0],[1,0],[-1,0],[1,0],[0,1],[1,0],[0,-1]],[[527,68],[1,0]],[[527,68],[0,0]],[[640,53],[1,0],[1,0],[1,0],[1,0],[1,0],[-1,0],[1,0],[-1,0],[1,0],[-1,0],[0,-1],[1,0],[-1,0],[1,0],[-1,0],[1,0],[-1,0],[1,0],[1,0],[-1,0],[1,0],[-1,0],[1,0],[1,0],[-1,0],[1,0],[0,-1],[1,0],[0,1],[-1,0],[-1,0],[0,1],[1,0],[1,0],[1,0],[1,0],[1,0],[0,-1]],[[651,52],[1,0],[-1,0]],[[651,52],[-1,0]],[[650,52],[-1,0],[-1,0],[0,-1],[1,0],[1,0],[-1,0],[0,1],[1,0]],[[650,52],[0,-1],[1,0],[0,1]],[[651,52],[1,0],[1,0]],[[653,52],[0,-1],[1,0],[-1,0],[1,0],[0,-1],[-1,0],[1,0],[-1,0],[1,0],[-1,0],[-1,0],[1,0],[1,0],[0,-1],[-1,0]],[[653,49],[1,0],[1,0],[0,1],[1,0],[-1,0],[1,0],[-1,0],[1,0],[0,1],[-1,0],[1,0],[-1,0],[0,1],[-1,0],[1,0],[-1,0],[1,0],[1,0],[1,0],[1,0],[1,0],[-1,0],[1,0],[1,0],[1,0],[1,0],[0,-1],[1,0],[-1,0],[1,0],[-1,0],[1,0],[0,-1],[1,0],[0,-1],[-1,0],[1,0],[1,0]],[[665,49],[-1,0],[1,0]],[[665,49],[-1,0],[-1,0],[1,0],[-1,0],[-1,0],[-1,0],[0,-1],[1,0],[0,1],[1,0],[1,0],[1,0]],[[665,49],[0,-1],[0,1]],[[665,49],[-1,0],[0,-1],[1,0],[-1,0],[1,0],[1,0],[1,0]],[[667,48],[-1,0],[0,-1]],[[666,47],[1,0]],[[667,47],[0,-1],[1,0],[-1,0],[0,1]],[[667,47],[1,0]],[[668,47],[1,0],[-1,0]],[[668,47],[0,1]],[[668,48],[1,0],[0,1]],[[669,49],[-1,0]],[[669,49],[1,0]],[[670,49],[1,0],[1,0],[0,-1],[-1,0],[1,0],[0,-1],[1,0],[1,0],[-1,0],[1,0],[0,1],[-1,0],[-1,0],[1,0],[0,1]],[[673,49],[1,0]],[[674,49],[1,0],[0,1],[1,0],[1,0],[1,0],[0,-1],[1,0],[1,0],[1,0],[1,0],[0,-1],[-1,0],[1,0],[0,-1]],[[682,47],[-1,0],[-1,0],[-1,0],[1,0],[-1,0],[0,-1],[-1,0],[-1,0],[-1,0],[1,0],[1,0],[-1,0],[1,0],[1,0],[1,0],[1,0],[0,1],[1,0]],[[682,47],[1,0]],[[683,47],[1,0],[0,-1],[0,-1],[-1,0],[-1,0],[-1,0],[-1,0],[-1,0],[1,0],[1,0],[1,0],[1,0],[0,-1],[1,0],[-1,0],[-1,0],[-1,0],[1,0],[0,-1],[-1,0],[-1,1],[-1,0],[-1,0],[1,-1],[1,0],[-1,0],[0,-1],[-1,0],[0,1],[-1,0],[-1,0],[-1,0],[-1,0],[-1,0],[-1,0],[0,1],[0,-1],[-1,0],[1,0],[1,0],[1,0],[1,0],[1,0],[1,-1],[0,1],[0,-1],[-1,0],[0,-1],[-1,0],[1,0],[-1,0],[-1,0],[-1,0],[-1,0]],[[671,41],[0,1],[1,0],[-1,0],[0,1],[-1,0],[-1,0],[1,0],[-1,0],[1,0],[-1,0],[1,0],[0,-1],[-1,0],[-1,0],[-1,0],[-1,0],[-1,0],[-1,0],[0,1],[-1,0],[-1,0],[1,0],[-1,0],[-1,0],[-1,0],[1,0],[-1,0],[1,0],[-1,0],[-1,0],[-1,0],[-1,0],[-1,0],[0,1],[1,0],[1,0],[1,0],[1,0],[1,0],[0,-1],[-1,0],[1,0],[0,1],[1,0],[-1,0],[1,0],[-1,0],[1,0],[1,0],[1,0],[1,0],[1,0],[1,0],[-1,0],[-1,0],[0,1],[1,0],[-1,0],[1,0],[-1,0],[1,0],[1,0],[1,0],[1,0],[1,0],[-1,0],[-1,0],[-1,0],[0,1],[0,-1],[0,1],[0,-1],[-1,0],[0,1],[1,0],[1,0],[-1,0],[-1,0],[-1,0],[-1,0],[1,0],[1,0],[0,-1],[-1,0],[1,0],[-1,0],[-1,0],[-1,0],[-1,0],[-1,0]],[[661,45],[-1,0],[0,-1],[-1,0],[0,1],[0,-1],[0,1],[-1,0],[1,0],[-1,0],[1,0],[0,1],[-1,0],[0,-1],[1,0],[-1,0],[-1,0],[-1,0],[-1,0],[-1,0],[-1,0],[-1,0],[0,1],[-1,0],[-1,0],[1,0],[0,1],[1,0],[1,0],[-1,0],[1,0],[1,0],[1,0],[1,0],[0,1],[-1,0],[1,0],[-1,0],[0,-1],[-1,0],[-1,0],[0,1],[1,0],[1,0],[-1,0],[-1,0],[-1,0],[0,-1],[-1,0],[0,1],[0,-1],[0,1],[-1,0],[-1,0]],[[649,48],[-1,0],[1,0]],[[649,48],[-1,0],[-1,0],[-1,0],[-1,0],[1,0],[-1,0],[1,0],[1,0],[1,0],[1,0]],[[649,48],[0,-1],[1,0],[-1,0],[-1,0],[1,0],[-1,0],[1,0],[0,-1]],[[649,46],[-1,0]],[[648,46],[0,1],[-1,0],[-1,0],[-1,0],[1,0],[1,0],[0,-1]],[[647,46],[-1,0]],[[647,46],[1,0]],[[648,46],[0,-1],[0,1]],[[648,46],[0,-1],[1,0],[-1,0],[1,0],[1,0],[1,0],[1,0],[1,0],[1,0],[0,-1],[-1,0],[1,0],[-1,0],[-1,0],[1,0],[0,-1],[1,0],[1,0],[-1,0],[-1,0],[-1,0],[-1,0]],[[651,43],[0,-1],[-1,1]],[[650,43],[-1,0]],[[649,43],[-1,0],[-1,0]],[[647,43],[-1,0],[1,0]],[[647,43],[-1,0],[0,1],[1,0]],[[647,44],[-1,0],[1,0]],[[647,44],[0,1]],[[647,45],[-1,0],[1,0]],[[647,45],[0,1]],[[646,46],[0,-1],[0,-1],[-1,0]],[[645,44],[1,0],[-1,0]],[[645,44],[-1,0]],[[644,44],[-1,0],[0,1],[-1,0],[-1,0],[-1,0],[0,1]],[[640,46],[1,0],[1,0],[1,0]],[[643,46],[1,0],[1,0]],[[645,46],[0,1],[-1,0],[-1,0],[0,-1]],[[640,46],[-1,0]],[[639,46],[0,-1],[1,0],[-1,0],[-1,0]],[[638,45],[-1,0]],[[637,45],[-1,0]],[[636,45],[0,1],[0,-1]],[[636,45],[-1,0]],[[635,45],[0,1],[-1,0],[0,1],[-1,0],[0,1]],[[635,48],[1,0]],[[636,48],[1,0],[1,0],[0,1]],[[639,49],[1,0],[1,0],[1,0],[-1,0],[-1,0],[-1,0]],[[638,49],[0,1],[1,0],[-1,0],[-1,0]],[[637,50],[0,1],[-1,0],[1,0],[0,1],[-1,0],[1,0],[1,0],[1,0]],[[639,52],[0,1],[1,0]],[[640,53],[1,0],[1,0],[-1,0],[1,0],[1,0],[-1,0],[-1,0],[-1,0]],[[640,53],[0,-1]],[[640,53],[0,0]],[[639,52],[1,0]],[[653,49],[-1,0],[-1,0],[-1,0],[1,0],[1,0],[1,0]],[[385,155],[1,0]],[[385,155],[-1,0],[-1,0],[1,0],[-1,0],[0,-1],[1,0],[-1,0],[1,0],[0,1],[1,0]],[[385,155],[0,-1],[1,1]],[[386,155],[0,-1]],[[386,154],[-1,0],[1,0]],[[386,154],[0,-1],[1,0],[-1,1]],[[386,154],[1,0],[1,0]],[[388,154],[1,0],[0,1],[1,0],[1,0]],[[391,155],[1,0]],[[392,155],[1,0]],[[393,155],[1,0],[-1,0]],[[393,155],[1,0],[1,0]],[[395,155],[-1,0],[1,0]],[[395,155],[1,0]],[[396,155],[0,-1],[1,0]],[[397,154],[1,0]],[[398,154],[0,-1]],[[398,153],[-1,0]],[[397,153],[-1,0]],[[396,153],[-1,0],[1,0]],[[398,153],[1,0],[-1,0]],[[398,153],[1,0],[0,-1]],[[399,152],[-1,0]],[[399,152],[0,1],[1,0]],[[400,153],[-1,0],[1,0]],[[400,153],[1,0]],[[401,153],[0,-1]],[[401,152],[-1,0]],[[401,152],[1,0]],[[402,152],[1,0],[-1,0]],[[402,152],[0,1]],[[402,153],[1,0]],[[403,153],[1,0]],[[404,153],[1,0]],[[405,153],[1,0],[0,1],[1,0],[-1,0],[0,-1],[1,0],[-1,0],[1,0],[0,1],[0,-1],[0,1],[0,-1],[1,0],[1,0],[-1,0],[0,-1]],[[408,152],[-1,0]],[[407,152],[-1,0],[0,-1]],[[406,151],[-1,0]],[[405,151],[-1,0]],[[404,151],[0,1],[-1,0],[1,0],[0,-1]],[[404,151],[-1,0],[1,0]],[[404,151],[-1,0],[-1,0],[-1,0]],[[401,151],[-1,0]],[[400,151],[0,-1]],[[400,150],[1,0]],[[401,150],[0,1]],[[401,151],[1,0],[0,-1]],[[402,150],[0,1],[1,0],[0,-1]],[[403,150],[0,1],[1,0]],[[407,152],[0,-1]],[[407,151],[-1,0]],[[407,151],[1,0],[0,1]],[[408,152],[1,0],[0,1],[1,0],[0,-1]],[[410,152],[1,0]],[[410,152],[-1,0],[1,0]],[[410,152],[-1,0],[0,-1],[-1,0],[-1,0]],[[407,151],[1,0],[1,0],[1,0],[0,1]],[[411,152],[1,0]],[[412,152],[0,-1]],[[412,151],[1,0]],[[413,151],[1,0]],[[414,151],[1,0]],[[413,151],[0,1]],[[413,152],[1,0],[1,0]],[[415,152],[1,0]],[[416,152],[0,-1]],[[416,151],[1,0]],[[417,151],[1,0],[-1,0]],[[417,151],[0,1]],[[417,152],[-1,0]],[[413,152],[-1,0]],[[413,152],[0,1]],[[413,153],[1,0]],[[414,153],[0,-1],[1,0]],[[415,152],[0,1]],[[415,153],[1,-1]],[[417,152],[1,0],[1,0],[1,0]],[[420,152],[0,-1]],[[420,151],[-1,0],[1,0]],[[420,151],[0,-1],[-1,0]],[[419,150],[0,1],[0,-1]],[[419,150],[-1,0]],[[418,150],[0,1],[0,-1]],[[418,150],[0,1],[-1,0]],[[417,151],[0,-1]],[[416,151],[0,-1]],[[416,150],[1,0]],[[416,150],[-1,0]],[[415,150],[-1,0],[-1,0],[1,0],[1,0]],[[417,150],[0,-1]],[[417,149],[-1,0]],[[416,149],[-1,0],[-1,0],[-1,0]],[[413,149],[-1,0]],[[412,149],[-1,0]],[[411,149],[-1,0]],[[410,149],[0,1],[-1,0],[1,0],[-1,0],[0,-1]],[[409,149],[0,1],[-1,0]],[[408,150],[-1,0]],[[407,150],[-1,0]],[[406,150],[0,-1],[0,1]],[[406,150],[-1,0],[0,-1],[0,1],[1,0]],[[406,150],[-1,0],[0,-1],[-1,0]],[[404,149],[-1,0]],[[403,149],[-1,0]],[[402,149],[-1,0]],[[402,149],[0,-1],[0,1]],[[401,149],[0,-1],[-1,0],[1,0],[1,0],[0,1]],[[404,149],[1,0],[1,0],[0,1]],[[406,150],[0,-1],[1,0]],[[407,149],[1,0]],[[408,149],[1,0]],[[407,149],[0,-1]],[[407,148],[1,0]],[[408,148],[0,1]],[[407,148],[-1,0],[-1,0]],[[405,148],[1,0],[-1,0]],[[405,148],[-1,0],[0,-1]],[[404,147],[-1,0]],[[403,147],[0,1],[-1,0],[-1,0],[1,0],[-1,0],[1,0],[0,-1]],[[402,147],[1,0]],[[402,147],[-1,0]],[[401,147],[-1,0],[1,0]],[[401,147],[-1,0],[-1,0],[-1,0],[-1,0],[1,0],[1,0],[1,0],[0,-1]],[[400,146],[-1,0]],[[399,146],[-1,0],[-1,0]],[[397,146],[-1,0]],[[396,146],[-1,0]],[[395,146],[-1,0],[1,0]],[[395,146],[0,-1]],[[395,145],[-1,0]],[[394,145],[-1,0]],[[393,145],[0,-1],[-1,0],[-1,0],[-1,0],[1,0],[1,0],[1,0],[0,1]],[[395,145],[1,0]],[[396,145],[1,0]],[[397,145],[1,0]],[[398,145],[1,0]],[[398,145],[0,-1]],[[398,144],[-1,0]],[[397,144],[-1,0],[-1,0],[0,-1]],[[395,143],[-1,0],[-1,0],[-1,0],[-1,0]],[[391,143],[0,1],[-1,0],[1,0],[-1,0],[0,-1]],[[390,143],[-1,0]],[[389,143],[0,1],[1,0],[-1,0],[0,-1]],[[389,143],[0,1],[0,-1]],[[389,143],[-1,0]],[[388,143],[0,1],[0,-1]],[[388,143],[0,1],[-1,0],[-1,0]],[[386,144],[1,0],[0,-1]],[[387,143],[1,0]],[[387,143],[-1,0]],[[386,143],[0,1]],[[386,144],[-1,0]],[[385,144],[-1,0],[1,0]],[[385,144],[-1,0],[-1,0],[-1,0]],[[382,144],[-1,0]],[[382,144],[1,0],[0,1]],[[383,145],[1,0]],[[384,145],[1,0]],[[385,145],[1,0],[1,0],[-1,0],[-1,0]],[[385,145],[0,1],[1,0],[1,0],[1,0]],[[388,146],[-1,0],[1,0]],[[388,146],[1,0],[1,0]],[[390,146],[-1,0],[1,0]],[[390,146],[1,0],[-1,0]],[[390,146],[0,1],[1,0],[0,1],[1,0],[-1,0],[-1,0],[0,-1],[1,0],[-1,0],[-1,0]],[[389,147],[-1,0]],[[388,147],[-1,0],[0,-1],[-1,1]],[[386,147],[-1,0]],[[385,147],[0,-1],[0,1]],[[385,147],[1,-1],[-1,0],[-1,0]],[[384,146],[-1,0]],[[383,146],[-1,0]],[[383,146],[0,1],[1,0]],[[384,147],[1,0]],[[386,147],[1,0],[-1,0]],[[384,147],[-1,0],[-1,0]],[[382,147],[1,0],[-1,0]],[[382,147],[0,-1]],[[382,146],[-1,0]],[[381,146],[-1,0]],[[380,146],[-1,0]],[[379,146],[-1,0]],[[379,146],[0,1],[-1,0],[0,-1]],[[378,146],[-1,0]],[[377,146],[-1,0],[-1,0],[1,0],[-1,0],[1,0],[-1,0],[0,-1]],[[375,145],[-1,0],[-1,0]],[[373,145],[0,1],[-1,0],[0,1],[-1,0],[1,0],[-1,0],[1,0],[1,0],[1,0],[0,1],[-1,0],[-1,0],[1,0],[-1,0],[1,0],[-1,0],[1,0],[1,0],[1,0],[1,0],[1,0],[0,1],[-1,0],[-1,0],[-1,0]],[[374,149],[0,1],[1,0],[1,0],[0,1]],[[376,151],[1,0]],[[376,151],[-1,0],[1,0]],[[377,151],[1,0],[1,0]],[[379,151],[-1,0],[1,0]],[[379,151],[0,1],[0,-1]],[[379,151],[1,0],[1,0],[1,0],[-1,0],[1,0],[1,0],[1,0],[1,0]],[[385,151],[1,0]],[[386,151],[1,0],[0,-1]],[[387,150],[-1,0],[-1,0],[-1,0],[-1,0],[-1,0],[-1,0],[-1,0],[1,0],[-1,0],[-1,0],[1,0],[1,0],[0,-1],[1,0],[0,1],[1,0],[0,-1],[1,0],[0,1],[1,0],[0,-1],[1,0]],[[386,149],[1,0]],[[387,149],[1,0]],[[388,149],[1,0],[1,0]],[[390,149],[0,-1],[1,0],[0,1]],[[391,149],[1,0],[1,0]],[[393,149],[1,0],[1,0],[-1,0],[1,0],[-1,0],[-1,0]],[[393,149],[0,1],[1,0],[1,0],[0,1],[1,0],[-1,0],[1,0],[1,0]],[[397,151],[1,0]],[[397,151],[0,1]],[[397,152],[1,0]],[[397,151],[-1,0],[0,1],[-1,0],[-1,0],[0,-1],[0,1],[0,-1],[-1,0],[1,0],[1,0],[-1,0],[1,1],[0,-1],[1,0],[-1,0],[-1,0],[-1,0],[-1,0],[-1,0]],[[391,151],[1,0],[-1,0]],[[391,151],[-1,0]],[[390,151],[-1,0]],[[389,151],[-1,0],[-1,0],[0,1],[1,0],[-1,0],[-1,0]],[[386,152],[-1,0],[0,-1]],[[385,151],[0,1],[-1,0],[-1,0],[-1,0],[-1,0],[0,1],[1,0],[-1,0],[-1,0]],[[380,153],[1,0],[-1,0]],[[380,153],[-1,0]],[[379,153],[-1,0]],[[378,153],[-1,0],[-1,0]],[[376,153],[1,0],[0,1],[1,0],[-1,0],[-1,0]],[[376,154],[1,0],[-1,0]],[[376,154],[0,1]],[[376,155],[-1,0],[1,0]],[[376,155],[1,0]],[[377,155],[1,0],[1,0]],[[379,155],[0,-1],[1,0],[-1,0],[0,1]],[[379,155],[1,0]],[[380,155],[1,0]],[[381,155],[1,0]],[[382,155],[1,0],[-1,0]],[[382,155],[1,0],[1,0],[1,0]],[[400,152],[0,0]],[[408,150],[0,0]],[[411,150],[0,0],[0,0],[0,0]],[[397,152],[0,0]],[[415,151],[1,0]],[[415,151],[0,0]],[[404,149],[0,0]],[[415,151],[0,-1]],[[402,150],[-1,0]],[[401,150],[0,-1]],[[402,149],[0,1]],[[429,137],[1,0],[1,0]],[[431,137],[1,0],[0,-1]],[[432,136],[1,0],[-1,0]],[[432,136],[1,0],[1,0],[-1,0],[1,0],[-1,0],[1,0],[-1,0],[1,0],[1,0],[1,0],[-1,0],[1,0],[0,-1]],[[436,135],[1,0],[-1,0]],[[436,135],[0,1],[1,0],[1,0]],[[438,136],[1,0]],[[439,136],[0,-1]],[[439,135],[-1,0],[1,0]],[[439,135],[1,0]],[[440,135],[0,1]],[[440,136],[1,0]],[[440,135],[1,0]],[[441,135],[1,0]],[[442,135],[1,0]],[[443,135],[1,0]],[[444,135],[1,0]],[[443,135],[0,-1]],[[443,134],[-1,0],[1,0]],[[443,134],[-1,0],[0,1]],[[443,134],[-1,0],[-1,0],[0,-1],[-1,0],[0,1],[1,0],[-1,0],[1,0],[-1,0],[0,-1],[-1,0],[-1,0],[1,0],[1,0],[1,0],[1,0],[0,1],[1,0]],[[443,134],[1,0]],[[444,134],[1,0]],[[445,134],[1,0]],[[446,134],[0,-1]],[[446,133],[1,0],[-1,0]],[[446,133],[1,0],[1,0],[0,-1]],[[448,132],[-1,0]],[[447,132],[-1,0]],[[446,132],[-1,0]],[[446,132],[0,-1],[-1,1]],[[445,132],[0,-1],[1,0],[-1,0],[-1,0],[-1,0]],[[443,131],[1,0],[1,0],[-1,0],[1,0],[-1,0],[-1,0]],[[443,131],[1,0],[1,0],[1,0],[1,0]],[[447,131],[-1,0],[1,1]],[[447,132],[0,-1]],[[448,132],[-1,-1]],[[447,131],[1,0]],[[447,131],[-1,0],[1,0]],[[448,131],[0,-1],[-1,0]],[[447,130],[-1,0]],[[447,130],[1,0],[1,0],[0,-1],[-1,0],[1,0],[-1,0],[1,0],[0,-1]],[[449,128],[0,1],[0,-1]],[[449,128],[-1,0]],[[448,128],[0,1],[-1,0],[1,0],[-1,0],[-1,0],[0,-1],[1,0],[-1,0],[-1,0],[1,0],[1,0],[1,0]],[[448,128],[0,-1],[-1,0]],[[447,127],[-1,0]],[[446,127],[-1,0]],[[445,127],[0,1],[-1,0]],[[444,128],[1,0],[-1,0]],[[444,128],[0,1],[-1,0]],[[443,129],[-1,0]],[[442,129],[0,1],[0,-1]],[[442,129],[-1,0]],[[441,129],[0,1]],[[441,129],[-1,0],[-1,0]],[[439,129],[-1,0],[-1,0],[0,-1]],[[437,128],[-1,0]],[[436,128],[0,1],[0,-1]],[[436,128],[-1,0]],[[435,128],[-1,0],[-1,0]],[[433,128],[-1,0],[0,1],[1,0],[-1,0],[0,-1],[-1,0],[1,0],[0,-1]],[[432,127],[-1,0],[-1,0]],[[430,127],[-1,0]],[[429,127],[-1,0]],[[428,127],[0,-1]],[[428,126],[-1,0]],[[427,126],[-1,0]],[[426,126],[-1,0]],[[425,126],[0,1],[1,0],[1,0],[-1,0],[-1,0],[0,-1]],[[425,126],[-1,0]],[[424,126],[-1,0]],[[423,126],[0,1],[1,0],[-1,0],[-1,0],[1,0],[1,0],[-1,0],[-1,0],[-1,0]],[[421,127],[-1,0],[1,0]],[[421,127],[0,1],[0,-1]],[[421,127],[1,0],[0,1],[1,0],[1,0],[1,0],[0,-1],[0,1],[1,0],[-1,0],[-1,0],[1,0],[-1,0],[-1,0],[-1,0],[0,1],[1,0],[0,-1],[1,0],[1,0],[0,1]],[[425,129],[0,-1],[1,0],[1,0]],[[427,128],[1,0],[1,0],[-1,0],[0,1]],[[428,129],[0,-1],[0,1]],[[428,129],[0,-1],[1,0],[0,1]],[[429,129],[1,0],[1,0],[0,1],[1,0],[-1,0],[-1,0],[0,-1],[-1,0]],[[429,129],[-1,0]],[[428,129],[-1,0]],[[427,129],[-1,0],[-1,0]],[[425,129],[-1,0]],[[424,129],[-1,0],[0,1],[-1,0],[0,-1],[0,1],[-1,0],[0,-1],[1,0],[1,0],[-1,0],[-1,0],[-1,0],[1,0],[0,-1],[-1,0],[-1,0],[0,-1],[-1,0],[-1,0],[1,0],[-1,0],[-1,0]],[[416,127],[0,1],[1,0],[1,0],[1,0],[1,0],[-1,0],[-1,0],[-1,0],[-1,0],[1,0],[-1,0],[-1,0],[-1,0],[-1,0]],[[413,128],[-1,0]],[[413,128],[1,0],[0,1]],[[414,129],[1,0]],[[415,129],[1,0]],[[416,129],[1,0]],[[417,129],[1,0],[-1,0]],[[417,129],[1,0],[0,1],[0,-1],[1,0],[1,0],[0,1],[-1,0],[0,-1],[0,1],[-1,0],[-1,0]],[[417,130],[-1,0]],[[417,130],[1,0],[1,0],[1,0],[-1,0],[-1,0],[-1,0]],[[416,130],[-1,0],[-1,0],[-1,0]],[[416,130],[-1,0],[0,1],[-1,0],[0,-1],[-1,0]],[[413,130],[0,1],[-1,0],[1,0],[-1,0],[0,-1]],[[412,130],[-1,0]],[[411,130],[-1,0],[-1,0],[0,-1]],[[409,129],[-1,0]],[[408,129],[0,1],[1,0],[-1,0],[0,1],[1,0],[-1,0],[1,0],[0,1],[1,0],[1,0],[1,0],[0,-1],[1,0],[0,1],[0,-1],[1,0],[0,1],[-1,0],[-1,0],[-1,0],[-1,0],[-1,0],[1,0],[1,0],[1,0],[1,0],[1,0],[1,0]],[[415,132],[1,0],[1,0]],[[415,132],[-1,0],[-1,0],[-1,0],[1,1]],[[413,133],[-1,0]],[[413,133],[0,-1],[1,0],[1,0]],[[417,132],[1,0]],[[418,132],[1,0],[1,0],[1,0],[1,0],[1,0],[1,0]],[[424,132],[1,0]],[[425,132],[1,0]],[[426,132],[1,0]],[[427,132],[1,0]],[[428,132],[0,-1],[-1,0],[-1,0],[1,0],[1,0],[1,0]],[[429,131],[1,0],[-1,0]],[[429,131],[0,-1],[1,0],[0,1],[-1,0]],[[429,131],[1,0],[1,0],[-1,0],[1,0],[1,0]],[[432,131],[-1,0],[0,-1],[1,0],[0,1]],[[432,131],[1,0],[0,1],[-1,0],[1,0],[1,0],[1,0],[1,0],[0,-1],[1,0],[-1,0],[0,1],[-1,0],[-1,0],[-1,0],[1,0],[1,0],[-1,0],[-1,0],[-1,0],[-1,0],[1,0],[0,1],[-1,0],[0,-1],[-1,0],[-1,0]],[[429,132],[0,1]],[[429,133],[1,0],[1,0],[1,0],[0,1],[-1,0],[1,0],[1,0],[1,0],[0,-1],[-1,0],[1,0],[1,0],[1,0],[1,0],[-1,0],[0,1]],[[436,134],[1,0],[1,0],[-1,0],[-1,0]],[[436,134],[-1,0],[1,0]],[[436,134],[-1,0],[-1,0],[-1,0],[-1,0],[1,0],[0,1],[1,0],[-1,0],[-1,0],[-1,0],[-1,0],[-1,0]],[[429,135],[0,1]],[[429,136],[-1,0]],[[428,136],[-1,0]],[[427,136],[-1,0]],[[428,136],[0,1]],[[429,136],[0,1]],[[428,137],[1,0]],[[430,136],[0,0]],[[430,136],[1,0]],[[439,135],[0,-1],[0,1]],[[446,133],[0,-1]],[[445,132],[-1,0],[-1,0],[0,-1]],[[443,131],[-1,0],[-1,0],[0,-1]],[[445,132],[-1,0],[1,0]],[[389,187],[1,0]],[[390,187],[1,0]],[[391,187],[1,0]],[[392,187],[1,0]],[[393,187],[1,0]],[[394,187],[1,0]],[[395,187],[0,-1]],[[395,186],[1,0]],[[396,186],[1,0],[1,0]],[[398,186],[1,0],[1,0],[1,0]],[[401,186],[0,-1],[1,0],[1,0],[0,-1]],[[403,184],[1,0]],[[403,184],[-1,0]],[[402,184],[-1,0],[-1,0],[1,0],[1,0]],[[402,184],[-1,0],[-1,0],[-1,0],[-1,0],[-1,0],[-1,0],[1,0],[1,0],[-1,0],[-1,0],[1,0],[1,0],[1,0],[1,0],[0,-1],[0,1],[0,-1],[1,0],[1,0]],[[402,183],[1,0],[1,0],[1,0]],[[402,183],[-1,0],[-1,0],[-1,0]],[[399,183],[-1,-1]],[[398,182],[-1,0],[-1,0],[1,0],[-1,0],[-1,0],[1,0],[0,-1]],[[396,181],[-1,0],[-1,0],[0,1],[-1,0],[-1,0],[1,0],[-1,0],[0,1],[1,0],[-1,0],[1,0],[-1,0],[-1,0],[0,1],[0,-1],[1,0],[-1,0],[1,0],[0,-1],[-1,0],[-1,0],[1,0],[1,0],[1,0],[1,0],[0,-1],[-1,0],[-1,0],[0,-1],[1,0]],[[393,180],[-1,0],[-1,0],[-1,0],[-1,0],[1,0],[-1,0],[-1,-1]],[[388,179],[0,1],[-1,0]],[[387,180],[0,1],[-1,0]],[[386,181],[1,0],[-1,0]],[[386,181],[1,0],[0,1],[-1,0]],[[386,182],[0,1],[-1,0]],[[385,183],[1,0],[0,1],[1,0]],[[385,183],[-1,0],[-1,0],[-1,0]],[[382,183],[-1,0],[1,0]],[[382,183],[0,1],[0,-1]],[[382,183],[-1,0],[-1,0],[0,-1]],[[380,182],[-1,0]],[[379,182],[-1,0]],[[378,182],[-1,0],[0,-1]],[[377,181],[-1,0]],[[376,181],[-1,0],[-1,0],[0,-1]],[[374,180],[-1,0]],[[373,180],[0,1],[-1,0],[-1,0]],[[371,181],[-1,0],[-1,0],[-1,0]],[[368,181],[0,1],[-1,0]],[[367,182],[1,0],[-1,0]],[[367,182],[1,0],[1,0],[1,0],[1,0],[0,1],[1,0],[1,0],[1,0]],[[374,183],[-1,0],[0,-1],[0,1],[1,0]],[[374,183],[1,0]],[[374,183],[-1,0],[1,0]],[[374,183],[0,1],[-1,0],[-1,0],[1,0],[-1,0],[1,0],[0,-1],[0,1],[1,0],[0,-1]],[[367,182],[0,1],[-1,0],[-1,0]],[[365,183],[-1,0],[-1,0]],[[363,183],[-1,0]],[[362,183],[-1,0]],[[362,183],[0,1]],[[362,184],[-1,0]],[[361,184],[0,1]],[[361,185],[1,0]],[[362,185],[1,0],[1,0],[0,1],[1,0]],[[365,186],[-1,0],[1,0]],[[365,186],[1,0]],[[366,186],[1,0]],[[367,186],[1,0]],[[368,186],[0,-1],[0,1]],[[368,186],[1,0]],[[369,186],[1,0],[-1,0]],[[369,186],[0,1]],[[372,187],[0,-1]],[[372,186],[-1,0],[1,0]],[[372,186],[1,0]],[[373,186],[1,0],[1,0],[1,0]],[[376,186],[1,0],[-1,0]],[[376,186],[-1,0],[-1,0],[0,-1],[-1,0],[-1,0],[1,0],[1,0],[-1,0],[-1,0],[-1,0]],[[371,185],[0,-1],[-1,0],[-1,0],[1,0],[1,0],[0,1]],[[371,185],[1,0],[0,-1],[-1,0],[1,0],[-1,0],[1,0],[0,1],[1,0],[1,0],[1,0],[0,1],[1,0]],[[376,186],[0,-1],[1,0],[0,1],[1,0],[1,0],[-1,0],[1,0],[1,0],[0,1]],[[380,187],[1,0]],[[381,187],[0,-1]],[[381,186],[-1,0],[-1,0],[0,-1],[-1,0],[-1,0],[1,0],[1,0],[1,0],[0,1],[1,0]],[[381,186],[-1,0],[1,0]],[[381,186],[0,-1]],[[381,185],[1,0],[-1,0]],[[381,185],[0,-1],[-1,0],[-1,0],[1,0],[1,0],[0,1]],[[381,185],[1,0],[1,0],[0,-1],[1,0],[1,0],[-1,0],[-1,0],[0,1],[-1,0],[1,0],[-1,0],[0,1]],[[382,186],[-1,0]],[[382,186],[1,0]],[[383,186],[1,0],[1,0]],[[385,186],[1,0]],[[386,186],[1,0],[-1,0]],[[386,186],[1,0],[0,-1],[1,0],[1,0],[1,0],[0,-1],[-1,0]],[[389,184],[1,0],[1,0],[-1,0],[0,1],[1,0],[1,0]],[[392,185],[-1,0],[-1,0],[-1,0],[0,1],[-1,0],[-1,0],[1,0],[-1,0],[1,0],[1,0],[-1,0],[-1,0],[0,1],[1,0],[-1,0],[-1,0]],[[386,187],[1,0],[1,0],[1,0]],[[375,183],[1,0],[1,0],[0,1],[-1,0],[1,0],[1,0],[-1,0],[-1,0],[0,-1],[-1,0]],[[457,133],[1,0],[0,1]],[[458,134],[1,0]],[[458,134],[0,1]],[[458,135],[-1,0]],[[457,135],[0,1]],[[457,135],[-1,0]],[[456,135],[-1,0],[1,0]],[[456,135],[-1,0],[0,-1]],[[455,134],[-1,0]],[[454,134],[-1,0]],[[453,134],[0,1],[-1,0],[-1,0]],[[451,135],[1,0],[-1,0]],[[451,135],[1,0],[0,-1],[1,0]],[[454,134],[0,-1]],[[454,133],[-1,0]],[[453,133],[-1,0]],[[452,133],[-1,0]],[[451,133],[-1,0]],[[450,133],[0,1],[-1,0],[-1,0],[0,1],[-1,0],[-1,0],[-1,0]],[[445,135],[0,1],[1,0],[1,0],[-1,0],[-1,0],[1,0],[1,0],[1,0],[-1,0],[-1,0],[-1,0],[-1,0],[-1,0],[-1,0],[-1,0]],[[440,136],[-1,0]],[[438,136],[0,1],[1,0],[1,0],[1,0],[1,0],[-1,0],[-1,0],[-1,0],[1,0],[-1,0],[-1,0],[-1,0],[1,0],[0,1],[1,0],[1,0],[1,0]],[[441,138],[-1,0],[-1,0],[-1,0],[-1,0],[1,0],[-1,0],[0,-1],[-1,0],[-1,0],[0,1],[1,0],[-1,0],[1,0],[-1,0],[1,0],[-1,0],[1,0],[-1,0],[-1,0]],[[434,138],[-1,0]],[[433,138],[0,1],[0,-1]],[[433,138],[-1,0]],[[432,138],[0,1]],[[432,139],[1,0],[1,0]],[[434,139],[1,0]],[[434,139],[0,-1]],[[435,139],[0,-1],[0,1]],[[435,139],[0,-1],[1,0],[0,1]],[[436,139],[-1,0]],[[436,139],[1,0],[1,0],[-1,0],[0,1]],[[437,140],[1,0],[1,0]],[[439,140],[1,0],[0,1]],[[440,141],[1,0],[1,0],[-1,0],[1,0],[-1,0],[1,0],[0,-1],[0,1],[0,-1],[0,1],[1,0],[1,0],[1,0],[-1,0],[-1,0],[-1,0],[0,1],[1,0],[1,0],[0,-1],[1,0],[1,0],[1,0],[1,-1],[0,1],[-1,0],[1,0],[1,0],[0,1],[-1,0],[-1,0]],[[447,142],[-1,0]],[[446,142],[-1,0],[-1,0],[-1,0],[-1,0],[-1,0],[-1,0],[-1,0]],[[439,142],[1,0],[1,0],[0,1],[-1,0],[0,-1],[0,1],[0,-1],[-1,0]],[[439,142],[-1,0]],[[438,142],[-1,0],[-1,0],[-1,0]],[[435,142],[-1,0]],[[434,142],[-1,0]],[[433,142],[-1,0]],[[432,142],[0,1]],[[432,143],[1,0]],[[432,143],[-1,0],[0,-1]],[[431,142],[-1,0],[-1,0],[-1,0]],[[428,142],[0,1]],[[428,142],[-1,0]],[[427,142],[0,1]],[[427,142],[-1,0]],[[426,142],[0,1]],[[426,143],[1,0]],[[427,143],[1,0]],[[428,143],[1,0]],[[429,143],[1,0],[0,1],[1,0],[1,0]],[[432,144],[1,0]],[[433,144],[1,0]],[[434,144],[1,0]],[[435,144],[1,0]],[[436,144],[0,1]],[[436,144],[1,0]],[[437,144],[1,0],[1,0]],[[439,144],[0,-1]],[[439,144],[1,-1],[1,0],[1,0],[1,0],[1,0],[1,0],[-1,0],[1,0],[1,0],[1,0]],[[447,143],[1,0]],[[448,143],[1,0],[0,-1],[1,0],[0,-1],[1,0]],[[451,141],[1,0]],[[451,141],[0,-1],[1,0]],[[452,140],[1,0]],[[453,140],[0,-1],[0,1]],[[453,140],[0,-1],[1,0]],[[454,139],[1,0]],[[455,139],[1,0],[-1,0]],[[455,139],[1,0],[1,0],[0,-1],[1,0],[1,0],[0,-1]],[[459,137],[-1,0]],[[458,137],[-1,0]],[[457,137],[-1,0],[1,0]],[[457,137],[-1,0],[-1,0],[-1,0],[1,0],[0,1]],[[455,138],[-1,0]],[[454,138],[0,-1],[-1,0],[0,1]],[[453,138],[-1,0],[-1,0],[-1,0],[-1,0],[-1,0],[-1,0],[0,1],[0,-1],[-1,0],[1,0],[1,0],[-1,0],[1,0],[1,0],[1,0],[1,0],[1,0],[0,-1],[1,0],[1,0],[1,0],[1,0],[-1,0],[1,0],[-1,0],[-1,0],[1,0],[0,-1],[1,0]],[[456,136],[0,1],[1,0]],[[459,137],[1,0]],[[460,137],[0,-1]],[[460,136],[1,0],[1,0],[0,-1]],[[462,135],[0,1],[0,-1]],[[462,135],[1,0]],[[463,135],[0,-1]],[[463,134],[1,0]],[[463,134],[0,-1]],[[463,133],[1,0]],[[463,133],[-1,0],[-1,0],[0,1]],[[461,134],[0,-1],[-1,0],[-1,0],[-1,0],[-1,0]],[[437,143],[0,1]],[[437,143],[0,0]],[[434,144],[0,0]],[[454,139],[0,-1]],[[454,139],[0,0]],[[453,138],[0,0]],[[455,138],[0,1]],[[462,135],[0,-1]],[[462,134],[1,0]],[[438,143],[1,0]],[[439,144],[-1,-1]],[[437,143],[1,0]],[[441,138],[1,0],[0,1],[-1,0],[0,-1]],[[453,138],[1,0]],[[718,27],[1,0],[-1,0]],[[718,27],[-1,0],[-1,0],[0,-1]],[[716,26],[-1,0],[0,1],[-1,-1],[1,0],[-1,0],[1,0],[1,0]],[[716,26],[-1,0],[0,-1],[-1,0],[0,1],[-1,0],[0,-1],[-1,0],[0,1],[-1,0],[1,0],[-1,0],[-1,0],[-1,0]],[[709,26],[0,-1],[-1,0]],[[708,25],[-1,0]],[[708,25],[1,0],[1,0],[1,0],[0,1],[0,-1],[1,0],[1,0],[1,0],[1,0],[1,0]],[[716,25],[-1,0],[1,0]],[[716,25],[-1,0],[-1,0],[1,0],[-1,0],[-1,0],[-1,0],[1,0],[1,0],[-1,0],[-1,0],[-1,0],[-1,0],[-1,0],[-1,0]],[[707,25],[-1,0],[-1,0]],[[705,25],[-1,0],[-1,0],[-1,0],[-1,1],[0,-1],[-1,0],[0,1],[-1,0],[0,-1],[-1,0],[1,0],[1,0],[-1,0],[1,0],[-1,0],[1,0],[1,0],[-1,0],[1,0],[-1,0],[1,0],[1,0],[1,0],[1,0],[1,0]],[[705,25],[0,-1],[1,0],[1,0],[-1,0],[1,0],[0,1]],[[707,25],[0,-1],[1,0],[0,1]],[[708,25],[1,0],[0,-1],[1,0],[1,0],[0,1],[1,0],[1,0],[1,0],[1,0],[1,0]],[[716,25],[0,-1],[1,0]],[[717,24],[-1,0],[-1,0],[-1,0],[1,0],[1,0],[1,0]],[[717,24],[-1,0],[-1,0],[1,0],[1,0]],[[717,24],[1,0]],[[718,24],[1,0],[1,0],[1,0],[1,0]],[[722,24],[-1,0],[1,0]],[[722,24],[1,0]],[[723,24],[1,0]],[[724,24],[1,0],[1,0],[1,0],[1,0],[0,1]],[[728,25],[1,0]],[[729,25],[1,-1],[-1,0],[1,0],[-1,0],[-1,0],[1,0],[1,0],[-1,0],[1,0],[-1,0],[0,-1]],[[729,23],[-1,0],[0,1],[0,-1],[-1,0],[0,1],[0,-1],[-1,0],[-1,0],[-1,0]],[[724,23],[-1,0],[1,0]],[[724,23],[1,0],[1,0],[1,0],[1,0],[1,0]],[[729,23],[-1,0],[-1,0],[1,0],[1,0]],[[729,23],[1,0]],[[730,23],[1,0]],[[731,23],[1,0]],[[731,23],[0,-1],[-1,0]],[[730,22],[-1,0]],[[729,22],[-1,0],[0,1],[0,-1],[-1,0],[-1,0],[-1,0],[-1,0]],[[724,22],[1,0],[0,1],[-1,0]],[[724,23],[-1,0],[-1,0],[-1,0],[-1,0],[-1,0]],[[719,23],[1,0],[-1,0]],[[719,23],[1,0],[1,0],[1,0],[1,0],[0,-1]],[[723,22],[-1,0]],[[722,22],[-1,0]],[[721,22],[0,1],[-1,0],[-1,0]],[[719,23],[-1,0],[1,0]],[[719,23],[1,-1]],[[720,22],[-1,0]],[[719,22],[-1,0],[1,0]],[[720,22],[1,0]],[[723,22],[1,0]],[[724,22],[0,-1]],[[724,21],[1,0]],[[724,21],[-1,0]],[[723,21],[-1,0],[1,0]],[[723,21],[-1,0],[-1,0],[-1,0],[-1,0]],[[719,21],[-1,0],[-1,0],[0,-1],[1,0],[-1,0],[1,0],[-1,0],[-1,0],[0,1],[1,0],[-1,0],[-1,0],[-1,0],[-1,0],[0,1],[0,-1],[0,1],[-1,0],[0,-1],[-1,0],[1,0],[1,0],[1,0],[1,0],[0,-1],[-1,0],[-1,0]],[[713,20],[1,0],[-1,0]],[[713,20],[-1,0]],[[712,20],[-1,0],[-1,0],[0,1],[-1,0]],[[709,21],[1,0],[0,1]],[[710,22],[1,0]],[[711,22],[1,0],[1,0],[1,0],[-1,0],[1,0],[-1,0],[-1,0],[-1,0]],[[711,22],[0,1]],[[711,23],[1,0]],[[712,23],[1,0]],[[713,23],[1,0],[-1,0]],[[711,23],[-1,0]],[[710,23],[-1,0]],[[709,23],[0,1],[0,-1]],[[709,23],[1,1],[-1,0],[1,0],[-1,0],[-1,0],[-1,0],[-1,0],[-1,0],[1,0],[1,0],[1,0],[1,0],[-1,0],[0,-1],[1,0]],[[709,23],[-1,0],[1,0]],[[709,23],[-1,0],[-1,0],[-1,0],[0,1],[-1,0],[0,-1],[-1,1],[0,-1],[0,-1]],[[704,22],[-1,0]],[[703,22],[-1,0],[0,1],[-1,0],[1,0],[1,0],[-1,0],[-1,0],[-1,0],[1,0],[0,-1],[-1,0],[-1,0],[-1,0],[0,1],[0,-1],[0,1],[0,-1],[0,1],[-1,0],[0,-1],[0,1],[1,0],[1,0],[-1,0],[1,0],[1,0],[0,1],[1,0],[-1,0],[-1,0],[-1,0],[-1,0],[-1,0],[1,0],[-1,0],[0,-1],[-1,0]],[[695,23],[0,1],[-1,0],[-1,0],[0,-1]],[[693,23],[-1,0],[-1,0],[0,1],[-1,0],[-1,0],[-1,0],[1,0],[0,-1]],[[689,23],[-1,0]],[[688,23],[-1,0]],[[687,23],[-1,0],[-1,0],[-1,0]],[[684,23],[1,0],[-1,0]],[[684,23],[0,1],[0,-1]],[[684,23],[-1,0],[0,1],[-1,0],[1,0],[-1,0],[-1,0],[-1,0]],[[680,24],[-1,0]],[[680,24],[1,0],[1,0],[1,0],[0,1],[-1,0]],[[682,25],[-1,0]],[[681,25],[-1,0],[-1,0]],[[682,25],[1,0],[0,1],[-1,0],[-1,0],[-1,0],[1,0],[0,1]],[[681,27],[1,0]],[[682,27],[1,0],[1,0]],[[684,27],[1,0]],[[685,27],[1,0]],[[686,27],[0,-1],[1,0],[0,1]],[[687,27],[1,0]],[[688,27],[1,0],[1,0],[-1,0],[1,0],[1,0],[1,0]],[[692,27],[-1,0],[-1,0],[0,-1],[-1,0],[1,0],[1,0],[-1,0],[1,0],[1,0],[1,0],[1,0]],[[694,26],[1,0],[-1,0]],[[694,26],[1,0],[0,1],[-1,0],[1,0],[1,0],[1,0],[1,0],[1,0],[1,0]],[[700,27],[1,0]],[[701,27],[0,-1],[-1,0],[-1,0],[-1,0],[1,0],[1,0],[1,0],[1,0],[1,0],[1,0],[1,0],[1,0],[1,0]],[[707,26],[1,0]],[[708,26],[1,0]],[[709,26],[1,0],[-1,0]],[[709,26],[1,0],[1,0],[1,0],[-1,0],[-1,0],[-1,0]],[[709,26],[0,1]],[[709,27],[-1,0]],[[709,27],[1,0],[1,0]],[[711,27],[1,0],[1,0],[0,1]],[[713,28],[0,-1],[1,1]],[[719,28],[1,0],[1,0],[-1,0],[1,0],[1,0],[1,0],[1,0],[1,0],[1,0],[1,0],[1,0],[1,0]],[[729,28],[-1,0],[-1,-1]],[[727,27],[-1,0],[-1,0],[-1,0],[-1,0],[-1,0],[-1,0],[-1,0],[-1,0],[-1,0]],[[780,28],[1,0]],[[781,28],[1,0],[1,0],[1,0],[1,0]],[[785,28],[1,0],[0,-1],[1,0],[-1,0],[-1,0]],[[785,27],[0,-1],[-1,0],[-1,0],[-1,0],[1,0],[1,0],[1,0],[1,0],[-1,0],[1,0],[1,0],[0,1],[1,0],[0,1]],[[793,28],[0,-1]],[[793,27],[1,0]],[[794,27],[1,0],[1,0],[1,0],[1,0],[1,0],[1,0]],[[809,27],[0,-1]],[[808,26],[-1,0],[-1,0],[-1,0],[-1,0],[-1,0],[-1,0],[-1,0],[-1,0],[-1,0],[-1,0]],[[798,26],[-1,0],[-1,0],[-1,0],[1,0],[1,0],[1,0]],[[798,26],[1,0],[1,0],[0,-1]],[[794,25],[-1,0],[-1,0]],[[791,25],[-1,0],[-1,0],[0,1],[-1,0],[-1,0],[1,0],[0,-1],[1,0],[-1,0],[1,0],[-1,0],[1,0],[-1,0],[-1,0],[-1,0],[1,0],[-1,0],[0,-1]],[[779,24],[0,1],[-1,0]],[[778,25],[0,-1]],[[774,24],[-1,0],[-1,0]],[[769,24],[-1,0],[-1,0],[-1,0],[-1,0],[1,0],[-1,0],[-1,0]],[[764,24],[0,1],[0,-1]],[[764,24],[-1,0]],[[763,24],[-1,0],[1,0]],[[763,24],[-1,0],[-1,0],[-1,0],[-1,0],[-1,0],[-1,0]],[[757,24],[-1,0]],[[757,24],[1,0],[0,1]],[[758,25],[1,0]],[[758,25],[-1,0]],[[757,25],[0,-1]],[[756,24],[0,1],[-1,0]],[[755,25],[1,0],[-1,0]],[[755,25],[1,0],[1,0]],[[757,25],[0,1],[-1,0],[0,-1],[-1,0]],[[755,25],[0,1],[-1,0]],[[754,26],[1,0],[-1,0]],[[754,26],[1,0],[1,0],[0,1],[1,0],[1,0],[1,0],[0,-1]],[[759,26],[1,0]],[[760,26],[0,1],[0,-1]],[[760,26],[1,0]],[[761,26],[0,1],[1,0]],[[762,27],[0,-1],[1,0],[1,0],[0,1],[-1,0]],[[763,27],[-1,0]],[[762,27],[-1,0],[-1,0],[-1,0],[-1,0],[-1,0],[-1,0],[-1,0],[0,1],[1,0],[1,0],[1,0],[1,0]],[[759,28],[1,0],[1,0],[-1,0],[-1,0]],[[759,28],[1,0],[1,0],[1,0],[1,0],[1,0],[-1,0],[1,0],[1,0]],[[765,28],[-1,0],[1,0]],[[765,28],[1,0],[1,0],[-1,0],[0,-1],[1,0],[1,0]],[[768,27],[-1,0],[1,0]],[[768,27],[1,0]],[[768,27],[0,-1],[1,0],[-1,0],[1,0],[1,0],[1,0],[0,1],[0,-1],[1,0]],[[772,26],[1,0]],[[772,26],[-1,0],[1,0]],[[773,26],[1,0]],[[773,26],[0,1],[-1,0],[-1,0],[-1,0]],[[770,27],[-1,0]],[[770,27],[1,0],[1,0],[1,0],[1,0],[1,0]],[[775,27],[-1,0],[-1,0],[-1,0],[1,0],[-1,0],[-1,0],[1,0],[-1,0],[-1,1],[-1,0]],[[769,28],[-1,0]],[[768,28],[-1,0],[1,0]],[[768,28],[0,1],[1,0],[1,0],[1,0],[1,0],[1,0],[1,0],[0,-1],[1,0],[1,0],[-1,0],[1,0],[1,0],[1,0],[1,0],[1,0]],[[794,26],[0,0],[0,0],[0,0]],[[774,26],[0,0]],[[791,26],[0,0]],[[791,26],[-1,0],[1,0]],[[790,27],[-1,0],[1,0]],[[790,27],[0,0]],[[790,27],[1,0],[-1,0]],[[773,26],[0,-1],[1,0],[1,0],[-1,0],[0,1]],[[363,165],[1,0]],[[364,165],[1,0]],[[365,165],[0,1]],[[365,166],[1,0]],[[366,166],[0,-1]],[[366,166],[1,0]],[[367,166],[1,0]],[[368,166],[1,0]],[[369,166],[1,0]],[[370,166],[1,0]],[[371,166],[1,0]],[[372,166],[1,0]],[[373,166],[0,-1]],[[373,166],[1,0]],[[374,166],[1,0]],[[375,166],[1,0]],[[376,166],[1,0]],[[377,166],[0,-1]],[[377,165],[1,0]],[[378,165],[0,1]],[[378,166],[-1,0]],[[378,166],[1,0]],[[379,166],[0,-1],[1,0],[-1,0],[0,1]],[[379,166],[1,0],[-1,0]],[[379,166],[1,0],[1,0]],[[381,166],[-1,0],[1,0]],[[381,166],[1,0]],[[382,166],[0,-1],[1,0],[1,0]],[[384,165],[0,-1],[1,0],[1,0],[-1,0],[-1,0],[0,-1],[1,0],[-1,0],[1,0],[-1,0],[1,0],[0,1],[1,0],[0,-1],[1,0],[1,0],[0,-1]],[[388,162],[1,0],[0,-1],[1,0],[1,0],[-1,0],[1,0],[0,-1],[0,1],[0,-1],[1,0],[1,0]],[[393,160],[0,-1]],[[393,159],[1,0],[-1,0]],[[393,159],[1,0],[0,-1]],[[394,158],[-1,0]],[[393,158],[-1,0]],[[393,158],[0,1]],[[393,159],[-1,0],[0,-1]],[[392,158],[-1,0]],[[391,158],[0,1],[1,0],[-1,0],[-1,0],[-1,0]],[[389,159],[-1,0]],[[388,159],[-1,0]],[[387,159],[0,1]],[[387,160],[-1,0]],[[386,160],[-1,0],[1,0]],[[386,160],[0,-1],[1,0]],[[388,159],[0,-1]],[[388,158],[-1,0]],[[387,158],[-1,0]],[[386,158],[-1,0]],[[385,158],[-1,0]],[[384,158],[-1,0]],[[383,158],[0,1]],[[383,159],[-1,0]],[[382,159],[-1,0]],[[381,159],[-1,0]],[[380,159],[0,1]],[[380,160],[-1,0]],[[379,160],[-1,0]],[[378,160],[0,1]],[[378,161],[1,0]],[[379,161],[1,0]],[[380,161],[0,1]],[[380,162],[1,0]],[[381,162],[0,-1],[1,0],[0,1]],[[382,162],[-1,0]],[[380,162],[0,1],[-1,0]],[[379,163],[1,0],[-1,0]],[[379,163],[0,-1]],[[379,162],[-1,0]],[[378,162],[-1,0]],[[377,162],[-1,0],[-1,0],[-1,0]],[[374,162],[0,-1]],[[374,161],[-1,0]],[[373,161],[-1,0]],[[372,161],[-1,0]],[[371,161],[-1,0]],[[370,161],[-1,0]],[[369,161],[-1,0]],[[368,161],[0,-1]],[[368,160],[-1,0],[-1,0]],[[366,160],[-1,0]],[[365,160],[0,-1]],[[365,159],[-1,0]],[[364,159],[-1,0]],[[363,159],[-1,0]],[[362,159],[-1,0],[1,0]],[[362,159],[0,1]],[[362,160],[1,0],[-1,0]],[[362,160],[-1,0]],[[362,160],[0,1]],[[362,161],[-1,0]],[[361,161],[-1,0]],[[361,161],[0,1],[0,-1]],[[362,161],[0,1]],[[362,162],[1,0]],[[363,162],[1,0]],[[364,162],[1,0],[1,0]],[[366,162],[1,0],[1,0]],[[368,162],[1,0]],[[369,162],[1,0]],[[370,162],[0,1],[1,0]],[[371,163],[-1,0],[-1,0]],[[369,163],[0,-1]],[[369,163],[-1,0]],[[368,163],[-1,0]],[[367,163],[-1,0]],[[366,163],[-1,0]],[[365,163],[-1,0]],[[365,163],[0,1]],[[365,164],[-1,0]],[[364,164],[0,1]],[[363,165],[-1,0]],[[365,164],[0,0]],[[365,165],[0,0]],[[370,165],[0,0],[0,0],[0,0]],[[367,164],[0,0],[0,0],[0,0]],[[369,165],[0,0],[0,0],[0,0]],[[369,163],[0,0]],[[376,166],[0,0]],[[371,165],[0,0]],[[366,164],[-1,0]],[[366,164],[0,0]],[[365,164],[0,1]],[[376,165],[1,0]],[[376,165],[0,0]],[[368,161],[0,0]],[[377,165],[0,0]],[[370,164],[0,0]],[[381,159],[0,1],[-1,0]],[[371,164],[0,0]],[[370,164],[-1,0],[1,0]],[[371,164],[1,0]],[[371,165],[1,0]],[[371,161],[0,1]],[[372,161],[0,1]],[[372,162],[-1,-1]],[[377,164],[1,0]],[[378,164],[0,1]],[[377,165],[0,-1]],[[366,163],[0,1]],[[372,163],[1,0]],[[373,163],[1,0]],[[373,163],[0,1],[0,-1]],[[374,163],[0,1]],[[374,164],[-1,0],[-1,0]],[[372,164],[1,0],[0,-1]],[[375,165],[1,0]],[[376,165],[0,1]],[[375,166],[0,-1]],[[375,165],[-1,0]],[[432,124],[1,0]],[[433,124],[1,0]],[[434,124],[1,0],[-1,0]],[[434,124],[1,0],[1,0],[-1,0],[1,0],[0,-1],[1,0]],[[437,123],[-1,0],[1,0]],[[437,123],[1,0]],[[438,123],[1,0]],[[439,123],[0,-1]],[[439,122],[-1,0],[1,0]],[[439,122],[-1,0],[0,-1]],[[438,121],[0,1],[-1,0],[-1,0],[0,1],[1,0]],[[437,123],[-1,0],[-1,0],[1,0],[0,-1],[0,1],[0,-1],[1,0],[0,-1]],[[437,121],[-1,0]],[[436,121],[-1,0]],[[435,121],[0,1],[1,0],[-1,0],[-1,0],[-1,0],[1,0],[-1,0],[-1,0],[0,1],[-1,0],[1,0],[0,-1],[0,1],[0,-1],[-1,0],[-1,0],[0,1],[-1,0],[-1,0],[-1,0],[1,0],[1,0],[1,0],[0,-1],[1,0],[-1,0],[1,0],[1,0],[1,0],[1,0],[1,-1]],[[435,121],[-1,0],[1,0]],[[435,121],[-1,0],[-1,0],[1,0],[1,0]],[[436,121],[0,-1],[-1,0],[-1,0],[-1,0],[1,0],[1,0],[1,0],[0,1]],[[436,121],[0,-1],[1,0]],[[437,120],[1,0]],[[437,120],[-1,0],[0,-1],[-1,0],[-1,0],[-1,0],[1,0],[-1,0],[-1,0],[-1,0],[-1,0]],[[430,119],[0,1],[1,0],[-1,0],[-1,0],[-1,0]],[[428,120],[0,1],[-1,0]],[[427,121],[1,0],[-1,0]],[[427,121],[-1,0]],[[426,121],[-1,0],[1,0]],[[426,121],[-1,0],[-1,0],[0,1],[-1,0],[0,-1],[1,0],[1,0],[1,0]],[[426,121],[-1,0],[0,-1]],[[425,120],[-1,0]],[[424,120],[-1,0],[0,-1]],[[423,119],[-1,0],[0,1],[1,0],[-1,0],[-1,0],[1,0],[0,-1],[1,0]],[[423,119],[-1,0],[0,-1]],[[422,118],[-1,0],[1,0]],[[422,118],[-1,0],[0,1]],[[421,119],[1,0],[-1,0]],[[421,119],[-1,0]],[[420,119],[-1,0],[-1,0],[1,0],[1,0]],[[420,119],[-1,0],[1,0]],[[420,119],[-1,0],[-1,0],[1,0],[0,-1]],[[419,118],[1,0]],[[420,118],[1,0],[-1,0]],[[419,118],[-1,0]],[[418,118],[-1,0],[1,0]],[[418,118],[-1,0],[-1,0],[-1,0],[1,0],[1,0],[-1,0],[-1,0],[-1,0],[0,-1]],[[414,117],[0,1],[-1,0],[0,-1]],[[413,117],[-1,0]],[[412,117],[0,1],[1,0],[-1,0],[1,0],[-1,0],[0,-1]],[[412,117],[-1,0]],[[411,117],[0,1],[0,-1]],[[411,117],[-1,0]],[[410,117],[-1,0],[-1,0],[-1,0],[-1,0]],[[406,117],[-1,0],[-1,0],[-1,0],[-1,0],[1,0],[-1,0],[1,0],[-1,0],[0,1]],[[402,118],[1,0],[0,-1],[1,0],[0,1],[0,-1],[1,0],[0,1],[-1,0],[-1,0],[-1,0]],[[402,118],[1,0],[1,0],[1,0],[1,0],[0,1]],[[406,119],[1,0]],[[407,119],[1,0]],[[408,119],[1,0],[1,0],[1,0],[1,0],[1,0],[0,1],[1,0],[1,0],[1,0],[1,0],[1,0],[0,1],[1,0],[-1,0],[-1,0],[0,-1],[-1,0],[-1,0],[-1,0],[-1,0],[1,0],[1,0],[-1,0],[-1,0],[-1,0],[-1,0],[-1,0],[0,-1],[0,1],[-1,0]],[[409,120],[0,-1],[0,1]],[[409,120],[0,-1],[-1,0]],[[407,119],[0,1]],[[407,120],[1,0],[1,0]],[[409,120],[1,0],[1,0],[-1,0],[-1,0]],[[407,120],[1,0],[-1,0]],[[407,120],[-1,0]],[[406,120],[0,1]],[[406,121],[1,0]],[[407,121],[1,0],[1,0],[0,1]],[[409,122],[1,0]],[[410,122],[1,0]],[[411,122],[1,0]],[[412,122],[1,0],[1,0]],[[414,122],[1,0]],[[415,122],[1,0],[1,0],[-1,0],[1,0],[1,0],[1,0],[-1,0],[-1,0],[-1,0],[-1,0]],[[415,122],[0,1]],[[415,123],[1,0],[1,0]],[[417,123],[-1,0],[1,0]],[[417,123],[1,0]],[[418,123],[1,0],[1,0],[-1,0],[-1,0]],[[418,123],[0,1]],[[418,124],[1,0]],[[419,124],[1,0],[1,0],[1,0]],[[422,124],[0,-1],[1,0],[1,0],[-1,0],[0,1]],[[423,124],[-1,0]],[[423,124],[1,0]],[[424,124],[1,0]],[[425,124],[1,0],[1,0],[1,0]],[[428,124],[1,0]],[[429,124],[1,0],[1,0]],[[431,124],[-1,0],[1,0]],[[431,124],[1,0]],[[383,143],[1,0]],[[384,143],[1,0]],[[385,143],[1,0]],[[386,143],[0,-1],[-1,0],[-1,0],[0,-1]],[[386,143],[0,-1],[0,1]],[[388,143],[0,-1]],[[388,142],[1,0],[-1,0]],[[388,142],[1,0],[1,0]],[[390,142],[1,0],[-1,0]],[[390,142],[1,0],[1,0],[1,0],[1,0],[1,0],[1,0],[1,0],[1,0],[1,0],[1,0]],[[400,142],[-1,0],[-1,0],[0,-1],[-1,0],[-1,0],[-1,0]],[[395,141],[-1,0]],[[394,141],[-1,0],[-1,0],[1,0],[1,0]],[[394,141],[0,-1],[-1,0]],[[393,140],[0,1],[-1,0],[-1,-1]],[[391,140],[0,1],[-1,0],[-1,0],[-1,0],[1,0],[1,0],[0,-1],[1,0]],[[391,140],[1,0]],[[392,140],[1,0]],[[392,140],[0,-1],[-1,0],[-1,0],[1,0],[0,1]],[[391,140],[-1,0],[-1,0],[1,0],[0,-1],[-1,0],[-1,0]],[[388,139],[0,1]],[[388,140],[-1,0]],[[387,140],[-1,0]],[[386,140],[-1,0],[1,0]],[[386,140],[-1,0],[0,1],[1,0],[-1,0],[-1,0]],[[384,141],[1,0],[-1,0]],[[384,141],[-1,0]],[[383,141],[-1,0],[0,-1]],[[382,140],[1,0]],[[383,140],[1,0]],[[384,140],[1,0],[-1,0]],[[384,140],[1,0],[1,0]],[[386,140],[0,-1]],[[386,139],[1,0]],[[387,139],[1,0]],[[388,139],[1,0],[-1,0]],[[388,139],[0,-1]],[[388,138],[-1,0]],[[387,138],[-1,0],[-1,0],[0,1],[0,-1],[-1,0],[0,1],[-1,0],[1,0],[0,-1],[1,0],[1,0],[1,0]],[[388,138],[0,-1]],[[388,137],[-1,0]],[[387,137],[-1,0],[1,0]],[[387,137],[-1,0],[-1,0],[1,0],[1,0]],[[387,137],[-1,0],[-1,0],[-1,0],[-1,0],[-1,0],[1,0],[1,0],[0,-1],[1,0],[0,1],[-1,0],[1,0],[0,-1],[0,1],[1,0],[1,0]],[[387,137],[0,-1]],[[387,136],[-1,0],[1,0]],[[387,136],[1,0]],[[387,136],[0,-1],[0,1]],[[387,136],[-1,0],[0,-1],[1,0],[1,0],[-1,0],[-1,0],[0,-1],[-1,1],[-1,0],[0,-1],[-1,0],[-1,0],[0,1]],[[382,135],[1,0],[0,1],[-1,0],[0,-1]],[[382,135],[0,1],[0,-1]],[[382,135],[1,0],[-1,0]],[[382,135],[-1,0]],[[381,135],[-1,0],[-1,0],[-1,0],[-1,0],[-1,0],[-1,0],[0,1]],[[375,136],[1,0],[1,0],[-1,0],[-1,0]],[[375,136],[-1,0]],[[374,136],[-1,0],[1,0]],[[374,136],[0,1],[-1,0],[1,0],[-1,0],[1,0],[1,0],[1,0],[1,0],[1,0],[1,0],[1,0]],[[380,137],[1,0]],[[381,137],[0,1],[-1,0],[0,-1]],[[380,137],[-1,0],[-1,0],[0,1],[-1,0],[-1,0],[-1,0],[-1,0],[-1,0],[-1,0],[-1,0],[-1,0],[-1,0],[1,0],[1,0],[0,1],[0,-1],[1,0],[0,1],[-1,0],[1,0],[0,-1],[1,0],[1,0],[1,0],[1,0],[1,0],[0,1],[-1,0],[-1,0],[-1,0],[-1,0],[-1,0],[1,0],[1,0],[-1,0],[0,1],[0,-1],[1,0],[0,1],[-1,0],[1,0],[1,0],[1,0],[1,0],[0,-1],[1,0],[1,0],[1,0],[1,0],[-1,0],[-1,0],[-1,0],[0,1],[-1,0],[1,0],[1,0],[1,0],[1,0]],[[381,140],[1,0]],[[381,140],[-1,0],[-1,0],[-1,0],[0,1]],[[378,141],[0,-1],[-1,0],[0,1]],[[377,141],[0,-1],[0,1]],[[377,141],[-1,0]],[[376,141],[-1,0]],[[375,141],[-1,0],[-1,0],[1,0],[1,0]],[[375,141],[0,1]],[[375,142],[-1,0],[0,-1],[0,1],[0,-1],[0,1],[-1,0],[-1,0],[1,0],[-1,0],[1,0],[0,1],[1,0],[1,0]],[[375,143],[0,-1]],[[375,142],[1,0],[1,0],[-1,0],[0,1],[-1,0]],[[375,143],[1,0],[1,0],[1,0],[1,0],[1,0],[1,0],[0,-1],[0,1],[1,0],[1,0]],[[378,141],[1,0],[1,0],[-1,0],[-1,0]],[[401,181],[1,0],[1,0]],[[403,181],[0,-1],[0,1]],[[403,181],[1,0],[1,0]],[[405,181],[0,-1]],[[405,180],[1,0]],[[406,180],[1,0]],[[407,180],[1,0]],[[408,180],[1,0],[-1,0]],[[408,180],[0,-1]],[[408,179],[1,0],[-1,0]],[[408,179],[1,0],[0,1],[-1,0]],[[408,180],[0,1]],[[408,181],[1,0],[1,0],[1,0]],[[413,181],[0,-1],[1,0],[1,0]],[[415,180],[1,0]],[[416,180],[0,-1],[1,0],[-1,0],[0,-1],[-1,0],[1,0],[-1,0],[-1,0],[-1,0],[0,-1],[-1,0],[1,0],[0,1],[1,0],[1,0],[1,0],[0,-1]],[[415,176],[-1,0],[1,0]],[[415,176],[-1,0],[0,-1]],[[414,174],[-1,0]],[[410,174],[0,1],[-1,0],[1,0],[1,0],[-1,0],[-1,0],[-1,0]],[[406,175],[0,1],[-1,0]],[[405,176],[1,0],[-1,0]],[[405,176],[0,1],[-1,0],[-1,0],[-1,0],[-1,0]],[[401,177],[1,0],[0,1],[-1,0],[1,0],[0,-1],[-1,0]],[[400,177],[-1,0]],[[399,177],[-1,0],[-1,0],[-1,0]],[[396,177],[-1,0]],[[395,177],[-1,0],[-1,0],[-1,0]],[[392,177],[0,1],[1,0],[1,0],[1,0],[1,0],[1,0],[1,0],[1,0],[1,0],[-1,0],[0,1]],[[399,179],[-1,0]],[[398,179],[0,-1],[0,1]],[[398,179],[0,-1],[-1,0],[0,1],[-1,0],[1,0],[1,0]],[[398,179],[-1,0],[-1,0],[-1,0],[0,-1],[-1,0],[-1,0],[-1,0],[-1,0],[-1,0]],[[390,178],[1,0],[0,1]],[[391,179],[1,0],[1,0],[0,1]],[[393,180],[1,0],[1,0],[1,0],[-1,0],[1,0],[0,1]],[[396,181],[1,0],[0,-1],[1,0],[0,1],[-1,0],[1,0],[1,0],[1,0],[1,0]],[[401,181],[0,-1]],[[401,180],[1,0]],[[402,180],[1,0],[-1,0]],[[402,180],[0,1],[-1,0]],[[401,181],[-1,0],[-1,0],[-1,0],[0,1]],[[398,182],[1,0],[1,0]],[[400,182],[0,-1],[1,0]],[[408,179],[-1,0]],[[493,92],[1,0],[1,0],[1,0],[-1,0],[1,0],[-1,0],[1,0],[0,-1],[-1,0],[1,0],[1,0],[1,0],[0,-1]],[[498,90],[0,1],[0,-1]],[[498,90],[-1,0]],[[497,90],[0,1],[1,0],[-1,0],[-1,0],[0,-1],[1,0]],[[497,90],[-1,0],[-1,0]],[[495,90],[-1,0],[-1,0],[1,0],[-1,0],[1,0],[-1,0],[1,0],[1,0]],[[495,90],[-1,0],[0,-1]],[[494,89],[-1,0],[1,0]],[[494,89],[-1,0],[0,-1],[1,0],[0,1]],[[494,89],[1,0]],[[495,89],[0,-1]],[[495,88],[-1,0],[-1,0],[-1,0],[-1,0],[-1,0],[0,1],[-1,0],[-1,0],[-1,0],[1,0],[1,0],[0,-1],[1,0],[0,1],[0,-1],[1,0],[-1,0],[-1,0],[1,0],[1,0],[1,0],[1,0],[-1,0],[1,0],[-1,0],[1,0],[1,0],[0,-1],[-1,0],[1,0],[-1,0],[1,0],[-1,0],[0,-1],[-1,0],[-1,0],[-1,0],[1,0],[-1,0],[-1,0],[-1,0],[1,0],[0,-1],[-1,0],[-1,0],[1,0],[1,0],[1,0],[0,1],[1,0],[0,-1],[-1,0],[-1,0],[-1,0],[-1,0],[-1,0],[0,-1],[0,1],[0,-1],[-1,0],[0,1]],[[485,85],[1,0],[-1,0]],[[485,85],[-1,0]],[[484,85],[-1,0],[1,0]],[[484,85],[0,-1],[1,0],[-1,0],[-1,0],[-1,0],[-1,0],[-1,0],[-1,0],[-1,0]],[[478,84],[0,1]],[[478,85],[1,0],[-1,0]],[[478,85],[1,0],[1,0],[-1,0],[1,0],[0,1],[1,0]],[[481,86],[1,0]],[[482,86],[1,0]],[[483,86],[1,0],[-1,0]],[[481,86],[-1,0],[1,0]],[[483,86],[0,1]],[[483,87],[1,0],[1,0],[-1,0],[1,0],[-1,0],[1,0],[1,0],[0,1],[1,0],[-1,0],[-1,0],[0,-1],[0,1],[-1,-1],[-1,0]],[[483,87],[-1,0],[0,-1]],[[481,86],[-1,0],[-1,0]],[[479,86],[-1,0]],[[478,86],[-1,0]],[[477,86],[-1,0]],[[478,86],[0,1]],[[478,87],[1,0]],[[479,87],[1,0]],[[480,87],[1,0],[0,1]],[[481,88],[0,-1],[0,1]],[[481,88],[1,0],[-1,0]],[[481,88],[1,0],[1,0],[1,0],[1,0],[0,1],[-1,0],[0,-1],[-1,0],[-1,0],[-1,0]],[[481,88],[-1,0]],[[480,88],[-1,0]],[[479,88],[-1,0],[0,-1]],[[478,87],[-1,0]],[[477,87],[-1,0]],[[476,87],[0,1],[-1,0],[0,-1],[1,0]],[[476,87],[-1,0],[-1,0],[-1,0],[1,0],[0,-1]],[[474,86],[-1,0]],[[473,86],[0,1],[-1,0],[-1,0],[-1,0]],[[470,87],[1,0],[-1,0]],[[470,87],[-1,0]],[[470,87],[1,0],[1,0],[0,1]],[[472,88],[0,-1],[-1,0],[0,1]],[[471,88],[1,0]],[[472,88],[1,0]],[[473,88],[1,0],[1,0],[-1,0],[1,0],[-1,0],[0,1],[1,0],[1,0],[1,0],[-1,0],[1,0],[-1,0],[-1,0],[-1,0],[0,1]],[[474,90],[0,-1],[0,1]],[[474,90],[1,0]],[[475,90],[1,0]],[[476,90],[1,0]],[[477,90],[1,0]],[[478,90],[1,0],[0,1]],[[479,91],[1,0]],[[480,91],[0,-1],[1,0]],[[481,90],[0,1]],[[481,90],[-1,0],[-1,0],[1,0],[1,0]],[[481,90],[1,0]],[[482,90],[1,0]],[[483,90],[0,-1],[-1,0],[0,1]],[[483,90],[1,0]],[[484,90],[0,-1],[1,0],[0,1],[-1,0]],[[483,90],[0,1]],[[483,91],[1,0]],[[484,91],[1,0]],[[485,91],[1,0]],[[486,91],[1,0],[-1,0]],[[485,91],[0,1]],[[485,92],[1,0]],[[486,92],[1,0]],[[487,92],[1,0]],[[488,92],[1,0]],[[489,92],[0,-1],[1,1]],[[490,92],[-1,0]],[[490,92],[1,0]],[[491,92],[1,0]],[[492,92],[1,0]],[[470,116],[0,-1],[0,1]],[[470,116],[0,-1],[1,0]],[[471,115],[1,0],[-1,0]],[[471,115],[0,-1],[0,1]],[[471,115],[-1,0],[-1,0],[-1,0]],[[468,115],[1,0],[1,0],[0,-1],[1,0],[1,0],[0,-1],[1,0],[-1,0],[1,0],[-1,0],[1,0],[-1,0],[1,0],[0,-1],[1,0],[1,0],[-1,0],[1,0],[0,-1],[-1,0],[0,1],[-1,0],[-1,0],[1,0],[0,-1],[1,0],[-1,0],[1,0],[1,0],[1,0],[-1,0],[-1,0],[1,0],[-1,0],[1,0],[-1,0],[-1,0],[-1,0],[-1,0],[-1,0],[0,-1],[1,0],[0,1],[1,0],[1,0],[1,0],[-1,0],[0,-1],[1,0],[-1,0],[1,0],[1,0],[1,0],[1,0],[0,1],[-1,0],[1,0],[1,0]],[[478,111],[0,-1],[-1,0],[1,0],[1,0],[1,0]],[[480,110],[0,-1]],[[480,109],[-1,0]],[[479,109],[-1,0],[-1,0],[0,-1]],[[477,108],[1,0]],[[478,108],[0,1],[0,-1]],[[478,108],[1,0],[0,1]],[[479,109],[-1,0],[1,0]],[[480,109],[1,0]],[[481,109],[0,-1],[1,0],[1,0],[1,0],[-1,0],[1,0],[1,0]],[[485,108],[-1,0],[1,0]],[[485,108],[1,0]],[[486,108],[0,-1],[1,0]],[[487,107],[1,0]],[[488,107],[0,-1]],[[488,106],[-1,0]],[[487,106],[-1,0],[1,0]],[[487,106],[-1,0],[-1,0],[-1,0],[1,0],[1,0],[1,0]],[[487,106],[0,-1]],[[487,105],[-1,0]],[[486,105],[0,1],[0,-1]],[[486,105],[0,1],[-1,0],[0,-1]],[[485,105],[1,0]],[[485,105],[-1,0]],[[484,105],[0,1],[-1,0]],[[483,106],[1,0],[-1,0]],[[483,106],[-1,0]],[[482,106],[-1,0],[1,0]],[[482,106],[-1,0],[-1,0]],[[480,106],[-1,0]],[[479,106],[-1,0],[-1,0],[1,0],[-1,0],[1,0],[-1,0],[0,1]],[[477,107],[1,0],[-1,0]],[[477,107],[1,0],[1,0],[-1,0],[1,0],[-1,0],[1,0],[-1,0],[1,0],[-1,0],[1,0],[-1,0],[-1,0]],[[477,107],[0,1]],[[477,107],[-1,0]],[[476,107],[0,1]],[[476,108],[1,0]],[[476,108],[-1,0]],[[475,108],[0,1],[-1,0]],[[474,109],[-1,0],[0,-1]],[[473,108],[-1,0]],[[472,108],[-1,0]],[[471,108],[0,1],[-1,0]],[[470,109],[-1,0]],[[469,109],[-1,0]],[[468,109],[-1,0]],[[467,109],[-1,0]],[[466,109],[-1,0],[-1,0]],[[464,109],[0,1],[-1,0]],[[463,110],[1,0],[-1,0]],[[463,110],[-1,0],[-1,0]],[[461,110],[-1,0],[-1,0],[-1,0]],[[458,110],[-1,0],[1,0]],[[458,110],[1,0],[-1,0]],[[458,110],[-1,0],[0,1],[-1,0]],[[456,111],[1,0],[1,0],[0,-1]],[[458,110],[1,0],[1,0],[-1,0],[1,0],[0,1],[-1,0],[-1,0],[-1,0],[1,0],[1,0],[-1,0],[-1,0],[0,1]],[[457,112],[0,-1],[1,0],[0,1]],[[458,112],[-1,0]],[[458,112],[1,0]],[[459,112],[1,0]],[[460,112],[0,-1],[1,0],[-1,0],[1,0],[1,0],[1,0],[-1,0],[0,1]],[[462,112],[-1,0]],[[461,112],[-1,0]],[[462,112],[1,0]],[[463,112],[1,0]],[[464,112],[1,0]],[[465,112],[1,0],[1,0],[1,0],[-1,0],[-1,0],[-1,0]],[[465,112],[1,0],[-1,0]],[[465,112],[0,1]],[[465,112],[1,0],[0,1]],[[466,113],[0,-1],[1,0],[0,1]],[[467,113],[0,-1],[0,1]],[[467,113],[-1,0]],[[466,113],[-1,0]],[[465,113],[-1,0]],[[464,113],[-1,0]],[[464,113],[0,1],[-1,0]],[[463,114],[1,0],[-1,0]],[[463,114],[1,0],[1,0],[1,0],[1,0],[-1,0],[-1,0],[1,0],[1,0],[1,0],[0,-1],[1,0],[0,1],[-1,0],[1,0],[-1,0],[1,0],[1,0],[-1,0],[-1,0],[1,0],[-1,0],[-1,0],[0,1]],[[467,115],[-1,0]],[[466,115],[-1,0],[1,0]],[[467,115],[1,0]],[[468,115],[1,0],[1,0],[-1,0],[1,0],[-1,0],[1,0],[0,1]],[[364,177],[0,1]],[[364,178],[1,0]],[[365,178],[1,0],[0,1]],[[366,179],[1,0]],[[367,179],[1,0]],[[368,179],[1,0],[1,0]],[[370,179],[-1,0],[0,-1],[-1,0],[-1,0],[0,-1],[-1,0]],[[366,177],[1,0],[0,1],[1,0],[1,0],[1,0],[0,1]],[[370,179],[1,0]],[[371,179],[1,-1],[0,1],[0,-1],[1,0],[1,0],[0,1],[-1,0],[-1,0],[-1,0]],[[371,179],[1,0],[1,0],[0,1]],[[374,180],[1,0],[1,0],[1,0],[1,0],[1,0],[1,0],[0,1],[0,-1],[-1,0],[-1,0],[-1,0],[-1,0],[-1,0],[1,0],[-1,0],[1,0],[0,1]],[[377,181],[1,0],[0,1]],[[380,182],[1,0],[1,0],[0,1]],[[385,183],[0,-1],[1,0]],[[386,182],[-1,0],[1,0]],[[386,182],[0,-1]],[[386,181],[-1,0],[-1,0]],[[384,181],[-1,0]],[[383,181],[-1,0],[-1,0],[1,0],[-1,0],[1,0],[1,0]],[[386,181],[-1,0],[1,0]],[[386,181],[0,-1],[1,0]],[[387,180],[1,-1]],[[388,179],[-1,0],[-1,0],[0,-1]],[[386,178],[-1,0],[-1,0],[-1,0]],[[383,178],[1,0],[-1,0]],[[383,178],[-1,0],[1,0]],[[383,178],[0,1],[1,0],[-1,0],[1,0],[-1,0],[0,-1]],[[383,178],[-1,0],[-1,0],[1,0],[-1,0],[1,0],[-1,0],[0,-1]],[[381,177],[-1,0],[-1,0]],[[379,177],[-1,0],[-1,0]],[[377,177],[1,0],[0,1],[1,0],[0,1],[1,0],[1,0],[1,0],[-1,0],[-1,0],[1,0],[-1,0],[1,0],[-1,0],[-1,0],[0,-1],[-1,0],[-1,0],[1,0],[0,-1],[-1,0]],[[377,177],[-1,0]],[[376,177],[-1,0],[-1,0],[-1,0],[0,1],[0,-1],[1,0],[1,0],[1,0]],[[376,177],[-1,0],[1,0]],[[376,177],[-1,0],[0,-1]],[[375,176],[-1,0]],[[375,176],[0,-1],[-1,0],[-1,0],[1,0],[-1,0],[-1,0],[-1,0],[-1,0],[-1,0],[-1,0],[-1,0],[1,0],[-1,0],[0,1],[0,-1],[-1,0],[0,1],[0,-1],[0,1],[0,-1],[-1,0]],[[365,175],[0,1],[1,0],[-1,0],[1,0],[-1,0],[-1,0],[0,-1]],[[364,175],[-1,0]],[[363,175],[0,1]],[[363,176],[-1,0]],[[362,176],[-1,0],[0,1]],[[361,177],[1,0]],[[362,177],[1,0],[-1,0]],[[362,177],[1,0],[0,-1]],[[363,176],[1,0],[1,0],[-1,0],[1,0],[-1,0],[0,1]],[[364,177],[1,0]],[[364,177],[-1,0],[1,0]],[[365,177],[0,0]],[[365,177],[1,0]],[[397,123],[0,-1],[1,0],[-1,0],[0,-1],[-1,0],[0,-1],[-1,0],[1,0],[-1,0],[0,-1],[1,0],[-1,0],[0,1],[1,0],[1,0],[0,1],[1,0],[0,1],[1,0],[1,0]],[[400,122],[0,-1],[1,0]],[[401,121],[1,0],[1,0],[1,0],[1,0],[1,0]],[[406,121],[-1,0],[0,-1],[1,0]],[[406,120],[-1,0],[0,-1],[0,1],[-1,0],[-1,0],[-1,0],[1,0],[1,0],[-1,0],[1,0],[0,-1],[1,0],[-1,0],[1,0],[-1,0],[1,0],[-1,0],[1,0],[-1,0],[-1,0],[-1,0],[0,1],[-1,0],[-1,0]],[[400,120],[-1,0],[1,0]],[[400,120],[0,-1]],[[400,119],[1,0],[1,0],[-1,0],[0,-1]],[[401,118],[-1,0]],[[400,118],[0,1]],[[400,119],[-1,0],[1,0]],[[400,119],[-1,0],[0,-1]],[[399,118],[-1,0],[-1,0]],[[397,118],[1,0],[-1,0]],[[397,118],[-1,0],[0,-1],[1,0]],[[397,117],[1,0]],[[397,117],[-1,0],[-1,0],[0,1],[-1,0],[0,1],[0,-1],[0,-1],[1,0],[-1,0],[1,0],[-1,0],[1,0],[0,-1],[-1,0],[1,0],[-1,0],[1,0],[0,-1],[-1,0],[1,0],[-1,0],[1,0],[-1,0],[1,0],[-1,0],[1,0],[-1,0],[0,-1],[-1,0],[0,1],[0,-1],[-1,0],[-1,0],[-1,0],[0,1],[-1,0],[0,-1],[1,0],[1,0],[1,0],[-1,0],[1,0],[0,-1],[-1,0],[-1,0],[1,0],[-1,0],[-1,0],[-1,0],[-1,0],[-1,0],[-1,0],[-1,0],[-1,0],[-1,0],[1,0],[-1,0],[0,1],[-1,0],[-1,0],[1,0],[-1,0],[1,0],[1,0],[0,1],[-1,0],[1,0],[-1,0],[0,1],[1,0],[0,-1],[1,0],[0,1],[-1,0],[1,0],[0,-1],[1,0],[0,1],[1,0],[-1,0],[1,0],[1,0],[1,0],[1,0],[-1,0],[1,0],[1,0],[1,0],[0,1],[0,-1],[0,1],[1,0],[-1,0],[-1,0],[0,1],[-1,0],[1,0],[-1,0],[1,0],[1,0],[0,1]],[[390,119],[-1,0]],[[390,119],[1,0],[1,0],[1,0]],[[393,119],[1,0],[-1,0]],[[393,119],[0,1]],[[393,120],[1,0],[-1,0]],[[393,120],[-1,0],[-1,0],[-1,0],[-1,0],[0,1],[1,0],[1,0]],[[391,121],[-1,0],[1,0]],[[391,121],[0,1],[1,0],[1,0]],[[393,122],[0,-1],[1,0],[-1,0],[0,1]],[[393,122],[1,0]],[[394,122],[1,0]],[[395,122],[1,0],[0,1],[1,0]],[[461,101],[-1,0],[1,0]],[[461,101],[1,0]],[[462,101],[1,0],[1,0]],[[464,101],[1,0]],[[465,101],[1,0],[1,0],[1,0]],[[468,101],[1,0]],[[469,101],[0,-1],[1,0],[1,0],[1,0],[-1,0],[1,0],[-1,0],[-1,0],[0,-1],[-1,0],[1,0],[1,0],[-1,0],[1,0],[0,1],[1,0],[0,-1],[1,0],[-1,0],[0,1],[1,0],[1,0],[0,-1]],[[474,99],[1,0]],[[475,99],[1,0]],[[476,99],[1,0]],[[477,99],[1,0]],[[478,99],[1,0]],[[479,99],[0,-1],[-1,0],[1,0],[1,0],[1,0],[1,0]],[[482,98],[1,0],[1,0]],[[484,98],[0,-1],[0,1]],[[484,98],[1,0]],[[485,98],[0,-1],[0,1]],[[485,98],[0,-1],[1,0],[1,0]],[[487,97],[1,0]],[[488,97],[1,0],[0,-1],[1,0],[1,0],[-1,0],[0,-1]],[[490,95],[1,0]],[[490,95],[-1,0],[1,0]],[[490,95],[-1,0],[0,-1],[1,0]],[[490,94],[0,1]],[[491,95],[1,0]],[[492,95],[0,-1],[-1,0],[1,0],[-1,0],[1,0],[1,0]],[[493,94],[-1,0],[0,-1],[1,0],[-1,0],[1,0],[-1,0],[1,0],[0,-1]],[[492,92],[0,1],[-1,0]],[[491,93],[-1,0]],[[490,93],[-1,0],[1,0]],[[490,93],[0,-1]],[[489,92],[0,1],[-1,0],[0,-1]],[[488,92],[0,1],[-1,0],[-1,0],[-1,0],[-1,0],[-1,0]],[[483,93],[-1,0]],[[483,93],[1,0],[0,1]],[[483,93],[0,1]],[[483,94],[1,0]],[[484,94],[1,0]],[[485,94],[1,0],[1,0]],[[487,94],[1,0]],[[488,94],[1,0],[-1,0]],[[488,94],[1,0],[1,0]],[[490,94],[-1,0],[1,0]],[[490,94],[1,0],[-1,0]],[[487,94],[-1,0],[0,1],[-1,0],[-1,0]],[[484,95],[-1,0]],[[483,95],[-1,0]],[[482,95],[-1,0]],[[481,95],[-1,0],[-1,0]],[[479,95],[0,1],[-1,0]],[[478,96],[-1,0]],[[477,96],[-1,0]],[[476,96],[-1,0]],[[475,96],[0,1],[-1,0],[-1,0]],[[473,97],[-1,0]],[[472,97],[-1,0]],[[471,97],[0,1],[-1,0]],[[470,98],[1,0],[-1,0]],[[470,98],[-1,0],[-1,0]],[[468,98],[0,1],[1,0],[1,0],[-1,0],[-1,0],[1,0],[-1,0],[-1,0],[-1,0]],[[466,99],[-1,0],[-1,0]],[[464,99],[0,1],[1,0],[-1,0],[1,0],[0,-1],[0,1],[1,0],[-1,0],[-1,0],[-1,0],[-1,0]],[[462,100],[-1,0],[-1,0]],[[460,100],[1,0],[-1,0]],[[460,100],[-1,0]],[[459,100],[0,1],[0,-1]],[[459,100],[-1,0]],[[458,100],[0,1]],[[458,101],[1,0],[-1,0]],[[458,101],[-1,0]],[[458,101],[1,0],[1,0],[-1,0],[1,0],[1,0]],[[472,106],[0,-1]],[[472,105],[1,0],[1,0],[1,0],[1,0],[-1,0],[1,0],[0,-1],[-1,0],[-1,0],[0,-1],[1,0],[0,1],[1,0],[1,0],[1,0],[-1,0],[0,1],[-1,0],[1,0],[-1,0],[1,0],[1,0],[1,0],[0,-1],[1,0],[-1,0],[1,0],[1,0],[1,0],[0,-1],[1,0],[0,1],[-1,0],[1,0],[0,-1],[1,0],[1,0],[1,0],[1,0]],[[487,103],[-1,0],[1,0]],[[487,103],[0,-1],[1,0],[-1,0],[1,0],[1,0],[-1,0],[1,0],[1,0],[0,-1],[1,0],[0,1],[-1,0],[1,0],[0,-1],[1,0],[-1,0],[1,0],[1,0],[-1,-1],[1,0]],[[493,100],[-1,0],[1,0]],[[493,100],[1,0],[1,0],[0,-1]],[[495,99],[-1,0],[1,0]],[[495,99],[-1,0],[-1,0],[1,0],[-1,0],[1,0],[1,0]],[[495,99],[1,0],[1,0],[0,-1],[1,0],[1,0],[0,-1]],[[499,97],[-1,0]],[[498,97],[0,1],[-1,0],[-1,0],[-1,0],[-1,0]],[[494,98],[-1,0],[-1,0]],[[492,98],[0,1],[-1,0],[-1,0],[-1,0],[-1,0],[-1,0]],[[487,99],[-1,0]],[[486,99],[0,1],[-1,0],[-1,0],[-1,0]],[[483,100],[-1,0]],[[482,100],[0,1],[1,0],[1,0],[-1,0],[1,0],[1,0],[1,0],[-1,0],[1,0],[-1,0],[1,0],[1,0],[-1,0],[1,0],[0,1],[-1,0],[-1,0],[1,0],[-1,0],[-1,0],[-1,0],[-1,0],[0,1],[-1,0],[0,-1],[1,0],[1,0],[1,0],[1,0],[1,0],[0,-1],[-1,0],[-1,0],[-1,0],[-1,0],[-1,0],[-1,0]],[[480,101],[-1,0]],[[479,101],[-1,0],[-1,0],[-1,0],[-1,0]],[[475,101],[0,1],[-1,0],[-1,0]],[[473,102],[-1,0],[-1,0]],[[471,102],[-1,0]],[[470,102],[-1,0]],[[469,102],[0,1],[-1,0]],[[468,103],[-1,0]],[[468,103],[1,0],[1,0],[1,0],[1,0],[0,-1],[1,0]],[[473,102],[1,0],[1,0],[1,0],[1,0],[1,0],[1,0],[0,-1]],[[480,101],[0,1],[-1,0],[-1,0],[-1,0],[-1,0],[-1,0],[-1,0],[0,1],[-1,0],[-1,0],[-1,0],[-1,0],[-1,0],[-1,0]],[[468,103],[0,1],[0,1],[0,-1],[1,0],[-1,0],[1,0],[1,0],[-1,0],[0,1],[-1,0],[-1,0]],[[467,105],[1,0],[0,1]],[[468,106],[1,0]],[[469,106],[1,0]],[[469,106],[0,-1],[1,0],[-1,0],[1,0],[0,1]],[[470,106],[1,0],[1,0]],[[410,107],[0,1],[0,-1]],[[410,107],[1,0]],[[411,107],[1,0],[-1,0]],[[410,107],[0,-1],[0,1]],[[411,107],[1,0],[0,-1],[-1,0],[-1,0],[-1,0],[0,-1],[1,0],[0,1],[1,0],[1,0],[0,-1],[0,1],[1,0],[-1,0],[1,0],[0,1],[1,0],[0,-1],[0,-1],[1,0],[0,1],[0,1]],[[415,107],[1,0],[1,0],[1,0],[1,0]],[[419,107],[1,0]],[[420,107],[0,-1]],[[420,106],[-1,0]],[[419,106],[-1,0],[-1,0],[1,0],[-1,0],[1,0],[1,0]],[[419,106],[0,-1],[-1,0]],[[418,105],[-1,0],[-1,0],[1,0],[1,0]],[[418,105],[-1,0],[-1,0],[-1,0],[0,-1],[-1,0],[1,0],[1,0],[0,1],[1,0],[1,0]],[[418,105],[0,-1]],[[418,104],[-1,0]],[[417,104],[-1,0],[1,0]],[[417,104],[-1,0],[-1,0],[-1,0],[-1,0],[1,0],[1,0],[1,0],[0,-1]],[[416,103],[-1,0]],[[415,103],[-1,0]],[[414,103],[-1,0],[1,0]],[[414,103],[-1,0],[-1,0],[-1,0],[-1,0],[1,0],[1,0],[1,0],[1,0]],[[414,103],[0,-1]],[[414,102],[1,0]],[[414,102],[-1,0],[1,0]],[[414,102],[-1,0],[-1,0],[1,0],[1,0]],[[414,102],[0,-1]],[[414,101],[-1,0],[-1,0],[0,-1]],[[412,100],[-1,0],[-1,0],[-1,0],[-1,0]],[[408,100],[1,0],[-1,0]],[[408,100],[1,0],[0,1],[1,0],[1,0],[-1,0],[0,1],[1,0],[-1,0],[0,-1],[-1,0],[-1,0],[0,-1]],[[408,100],[-1,0]],[[407,100],[-1,0],[-1,0],[-1,0]],[[404,100],[-1,0]],[[404,100],[1,0],[-1,0]],[[404,100],[1,0],[0,1],[-1,0]],[[404,101],[1,0],[1,0],[1,0],[1,0],[-1,0],[1,0],[0,1],[1,0],[-1,0],[-1,0],[0,-1],[-1,0],[-1,0],[-1,0]],[[404,101],[-1,0]],[[404,101],[1,0],[0,1],[1,0],[1,0],[1,0],[-1,0],[-1,0],[-1,0],[-1,0],[1,0],[1,0],[-1,0],[-1,0],[0,-1]],[[403,101],[0,1],[1,0],[-1,0],[1,0],[0,1],[0,-1],[-1,0],[-1,0],[-1,0],[0,1],[-1,0],[1,0],[-1,0],[1,0],[1,0],[-1,0],[1,0],[0,1],[-1,0],[1,0],[1,0]],[[403,104],[1,0],[1,0]],[[405,104],[1,0],[1,0],[0,1],[1,0],[0,-1],[0,1],[-1,0],[-1,0],[-1,0],[-1,0]],[[404,105],[0,-1],[0,1]],[[404,105],[1,0],[-1,0]],[[404,105],[1,0],[0,1]],[[405,106],[1,0],[-1,0]],[[405,106],[1,0],[0,1]],[[406,107],[0,-1],[1,0],[0,1],[0,1]],[[407,108],[1,0]],[[408,108],[1,0],[1,0],[0,-1]],[[416,138],[1,0]],[[417,138],[1,0]],[[418,138],[1,0],[1,0]],[[420,138],[-1,0],[1,0]],[[420,138],[1,0]],[[421,138],[1,0]],[[422,138],[0,-1]],[[422,137],[1,0],[-1,0]],[[422,137],[1,0],[1,0]],[[422,137],[-1,0],[-1,0],[1,0],[1,0]],[[422,137],[0,-1],[1,0],[-1,0],[-1,0],[-1,0],[-1,0],[1,0],[1,0],[1,0],[0,-1],[-1,0],[-1,0],[-1,0],[1,0],[1,0],[1,0],[1,0],[1,0],[-1,0],[0,-1],[0,1],[1,0],[1,0],[-1,0],[1,0],[1,0],[-1,0],[0,-1],[1,0],[0,1],[0,-1],[-1,0],[1,0],[-1,0],[-1,0],[-1,0],[-1,0],[-1,0],[-1,0],[-1,0],[1,0],[1,0],[1,0],[1,0],[1,0],[1,0],[0,-1]],[[425,133],[-1,0]],[[424,133],[-1,0],[1,0]],[[424,133],[0,-1]],[[425,133],[1,0],[-1,0]],[[425,133],[1,0],[0,1],[1,0],[-1,0],[1,0],[1,0],[1,0],[1,0],[-1,0],[0,-1]],[[429,133],[-1,0],[0,-1]],[[418,132],[0,1],[-1,0],[0,-1]],[[415,132],[0,1],[-1,0],[-1,0]],[[413,133],[1,0],[1,0],[-1,0],[-1,0]],[[412,133],[-1,0],[-1,0]],[[410,133],[-1,0]],[[409,133],[0,1]],[[409,134],[1,0]],[[410,134],[1,0]],[[411,134],[0,-1],[1,0]],[[412,133],[0,1],[-1,0]],[[413,133],[1,0],[-1,0]],[[413,133],[0,1],[-1,0],[1,0],[1,0],[-1,0],[-1,0],[-1,0]],[[411,134],[1,0],[-1,0]],[[411,134],[1,0],[1,0],[1,0],[1,0],[-1,0],[-1,0],[0,1],[-1,0],[-1,0],[-1,0],[-1,0],[-1,0],[1,0],[1,0],[1,0],[1,0],[1,0],[-1,0],[-1,0],[-1,0],[-1,0],[0,1],[1,0],[-1,0],[-1,0],[1,0],[-1,0],[1,0],[0,1]],[[409,137],[0,-1],[0,1]],[[409,137],[1,0],[-1,0]],[[409,137],[1,0],[1,0],[1,0]],[[412,137],[-1,0],[1,0]],[[412,137],[0,-1]],[[412,136],[1,0]],[[413,136],[1,0]],[[414,136],[1,0],[1,0],[-1,0],[-1,0]],[[414,136],[1,0],[-1,0]],[[414,136],[1,0],[1,0],[-1,0],[1,0],[1,0],[1,0],[-1,0],[-1,0],[0,1]],[[416,137],[-1,0]],[[415,137],[-1,0]],[[414,137],[-1,0]],[[413,137],[-1,0]],[[409,137],[1,0],[0,1]],[[410,138],[-1,0]],[[410,138],[0,-1],[1,0],[0,1]],[[411,138],[1,0]],[[412,138],[1,0]],[[413,138],[1,0]],[[414,138],[1,0]],[[415,138],[0,-1]],[[416,137],[0,1]],[[416,137],[1,0],[1,0],[-1,0],[1,0],[-1,0],[1,0],[1,0],[1,0],[-1,0],[-1,0],[0,1]],[[416,138],[-1,0]],[[415,137],[0,0]],[[504,67],[-1,0],[1,0]],[[504,67],[1,0]],[[505,67],[1,0]],[[506,67],[1,0]],[[507,67],[1,0]],[[508,67],[0,-1],[1,0],[0,1],[-1,0]],[[508,67],[1,0],[1,0],[-1,0],[-1,0]],[[508,67],[1,0],[1,0],[1,0],[1,0],[1,0],[-1,0],[1,0],[1,0],[1,0],[1,0],[-1,0],[1,0],[1,0],[0,-1]],[[517,66],[-1,0]],[[516,66],[-1,0],[1,0]],[[516,66],[-1,0],[-1,0],[-1,0],[0,-1]],[[513,65],[-1,0],[-1,0],[-1,0],[-1,0],[0,-1],[1,0],[0,1],[0,-1],[-1,0],[0,1],[-1,0],[-1,0],[0,-1],[1,0],[1,0],[1,0],[1,0],[0,1],[1,0],[1,0]],[[516,64],[-1,0],[1,0]],[[517,64],[0,-1],[1,0]],[[518,63],[-1,0],[1,0]],[[518,63],[-1,0],[-1,0],[1,0],[1,0]],[[518,63],[-1,0],[-1,0],[-1,0],[1,0],[1,0],[1,0]],[[520,63],[0,-1]],[[520,62],[-1,0]],[[519,62],[-1,0]],[[518,62],[-1,0],[-1,0],[-1,0],[-1,0],[-1,0]],[[513,62],[-1,0]],[[512,62],[-1,0],[-1,0],[-1,0],[-1,0]],[[508,62],[1,0],[-1,0]],[[508,62],[1,0],[1,0],[-1,0],[-1,0]],[[508,62],[0,1],[-1,0],[0,-1]],[[507,62],[-1,0]],[[506,62],[0,1]],[[506,62],[-1,0]],[[505,62],[0,1]],[[505,63],[1,0]],[[505,63],[-1,0],[-1,0]],[[503,63],[-1,0]],[[502,63],[-1,0]],[[501,63],[-1,0]],[[500,63],[-1,0]],[[499,63],[-1,0]],[[498,63],[-1,0]],[[497,63],[0,1],[-1,0],[1,0],[-1,0],[-1,0],[-1,0],[-1,0]],[[493,64],[-1,0],[-1,0]],[[493,64],[-1,0],[1,0]],[[493,64],[-1,0],[0,1],[-1,0],[0,-1]],[[491,64],[-1,0]],[[490,64],[0,1],[-1,0],[-1,0]],[[488,65],[1,0],[1,0],[-1,0],[-1,0]],[[488,65],[0,1],[-1,0],[-1,0]],[[486,66],[1,0],[1,0],[1,0],[1,0],[1,0]],[[491,66],[1,0],[1,0]],[[493,66],[0,-1],[-1,0],[1,0],[-1,0],[1,0],[1,0],[1,0],[1,0]],[[496,65],[0,-1],[1,0],[1,0],[-1,0],[0,1]],[[497,65],[1,0]],[[498,65],[0,-1],[1,0],[1,0],[1,0],[1,0],[-1,0],[-1,0],[1,0],[1,0],[1,0],[1,0],[1,0],[-1,0],[1,0],[1,0],[0,-1]],[[506,63],[1,0],[1,0],[1,0],[1,0],[1,0],[-1,0],[-1,0],[-1,0],[0,1],[1,0],[-1,0],[-1,0],[-1,0],[1,0],[-1,0],[-1,0],[-1,0],[-1,0],[-1,0],[0,1]],[[502,65],[-1,0],[1,0]],[[502,65],[-1,0],[-1,0],[-1,0],[-1,0]],[[498,65],[0,1]],[[498,66],[-1,0],[1,0]],[[498,66],[1,0]],[[499,66],[0,-1],[0,1]],[[499,66],[1,0]],[[500,66],[0,-1],[1,0],[1,0]],[[502,65],[1,0],[1,0],[1,0]],[[505,65],[1,0]],[[506,65],[1,0],[1,0],[-1,0],[1,0],[1,0],[0,1],[1,0],[-1,0],[-1,0],[-1,0],[-1,0],[-1,0]],[[505,66],[-1,0],[-1,0]],[[503,66],[-1,0]],[[502,66],[-1,0]],[[501,66],[-1,0]],[[500,66],[0,1]],[[500,67],[1,0]],[[501,67],[0,-1]],[[501,67],[1,0]],[[502,67],[1,0],[-1,0]],[[502,67],[1,0],[1,0]],[[439,111],[1,0],[1,0]],[[441,111],[1,0]],[[442,111],[1,0]],[[443,111],[0,-1],[1,0],[1,0],[-1,0],[1,0],[-1,0],[1,0],[-1,0],[1,0],[1,0],[1,0]],[[447,110],[1,0]],[[448,110],[1,0],[1,0],[-1,0],[1,0],[1,0]],[[451,110],[-1,0],[0,-1],[-1,0],[-1,0],[1,0],[1,0],[1,0],[1,0]],[[452,109],[1,0]],[[452,109],[-1,0],[1,0]],[[453,109],[1,0]],[[454,109],[1,0]],[[453,109],[0,-1],[1,0]],[[454,108],[-1,0],[1,0]],[[454,108],[0,-1],[0,1]],[[454,108],[1,0]],[[455,108],[1,0],[1,0],[1,0],[1,0],[1,0],[0,-1],[0,1],[1,0],[0,-1],[-1,0],[1,0],[1,0],[-1,0],[1,0],[-1,1],[1,0],[0,-1],[1,0],[1,0],[0,-1],[-1,0],[-1,0],[-1,0],[1,0],[1,0],[1,0],[1,0]],[[465,106],[1,0]],[[466,106],[1,0],[0,1]],[[467,107],[1,0]],[[468,107],[1,0]],[[469,107],[0,-1]],[[468,106],[-1,0],[0,-1]],[[467,105],[0,-1],[-1,0],[-1,0]],[[465,104],[1,0],[-1,0]],[[465,104],[-1,0]],[[464,104],[-1,0]],[[463,104],[-1,0]],[[462,104],[0,1]],[[462,105],[-1,0]],[[461,105],[-1,0]],[[460,105],[-1,0],[0,-1],[0,1],[-1,0],[-1,0],[-1,0],[1,0],[1,0],[-1,0],[-1,0],[-1,0],[-1,0]],[[454,105],[-1,0]],[[453,105],[0,1],[1,0],[1,0],[1,0],[-1,0],[-1,0],[1,0],[-1,0],[-1,0],[-1,0],[-1,0]],[[451,106],[1,0],[-1,0]],[[451,106],[-1,0]],[[450,106],[-1,0],[-1,0],[-1,0],[0,1],[1,0],[-1,0],[-1,0],[-1,0],[0,1],[1,0],[-1,0],[1,0],[1,0]],[[447,108],[-1,0],[1,0]],[[447,108],[1,0],[-1,0]],[[447,108],[-1,0],[0,1],[0,-1],[-1,0],[-1,0],[0,1],[-1,0],[1,0],[-1,0],[1,0],[-1,0],[-1,0],[1,0],[1,0],[1,0],[-1,0],[-1,0],[0,1],[-1,0],[-1,0],[-1,0],[-1,0],[0,1]],[[439,111],[-1,0]],[[423,108],[1,0]],[[424,108],[0,-1],[1,0],[1,0]],[[426,107],[-1,0],[-1,0],[1,0],[1,0]],[[426,107],[-1,0],[1,0]],[[426,107],[1,0],[1,0]],[[428,107],[-1,0],[1,0]],[[426,107],[1,0],[-1,0]],[[426,107],[1,0],[0,-1],[0,1],[1,0]],[[428,107],[0,-1],[-1,0],[1,0],[-1,0],[1,0],[1,0],[0,1]],[[429,107],[1,0]],[[430,107],[1,0]],[[431,107],[1,0]],[[431,107],[0,-1]],[[432,107],[1,0],[1,0]],[[434,107],[-1,0],[1,0]],[[434,107],[-1,0],[0,-1]],[[433,106],[-1,0],[-1,0]],[[431,106],[-1,0],[0,-1]],[[430,105],[0,1],[0,-1]],[[430,105],[-1,0]],[[429,105],[-1,0],[-1,0],[1,0],[1,0]],[[429,105],[-1,0],[1,0]],[[429,105],[-1,0],[0,-1],[-1,0]],[[429,105],[0,-1],[1,0]],[[430,104],[-1,0],[1,0]],[[430,104],[-1,0],[-1,0],[-1,0]],[[427,104],[-1,0],[-1,0],[1,0],[1,0]],[[427,104],[-1,0],[-1,0],[0,-1],[-1,0],[1,0],[1,0],[-1,0],[1,0],[1,0]],[[427,103],[0,1]],[[430,104],[-1,0],[0,-1]],[[429,103],[-1,0],[-1,0]],[[427,103],[-1,0],[-1,0],[1,0],[0,-1]],[[426,102],[-1,0]],[[425,102],[-1,0],[-1,0],[0,-1],[1,1],[0,-1],[1,0]],[[425,101],[-1,0],[-1,0],[0,-1]],[[423,100],[-1,0]],[[422,100],[0,1],[-1,0],[0,-1],[-1,0],[1,0],[-1,0],[0,1],[0,-1],[-1,0],[0,1],[0,-1],[-1,0],[0,1],[-1,0],[0,-1],[1,0],[1,0],[1,0],[-1,0],[-1,0],[0,-1],[-1,0],[-1,0],[1,0],[-1,0],[-1,0],[-1,0]],[[414,99],[1,0],[-1,0]],[[414,99],[-1,0]],[[413,99],[-1,0],[1,0]],[[413,99],[-1,0],[0,1]],[[412,100],[1,0],[1,0],[0,1]],[[414,101],[1,0],[1,0],[-1,0],[1,0],[-1,0],[1,0],[1,0],[1,0],[0,1],[1,0],[1,0],[1,0],[1,0],[-1,0],[1,0],[0,1],[-1,0],[0,-1],[-1,0],[-1,0],[1,0],[0,1],[-1,0],[0,-1],[-1,0],[1,0],[-1,0],[-1,0],[-1,0],[1,0],[-1,0],[0,1]],[[416,103],[1,0],[0,1]],[[418,104],[1,0],[1,0],[1,0],[1,0],[-1,0],[-1,0],[-1,0],[-1,0]],[[420,106],[1,0],[-1,0]],[[420,106],[1,0],[0,1]],[[421,107],[1,0],[0,1]],[[422,108],[1,0]],[[664,30],[-1,0],[1,0]],[[664,30],[1,0],[1,0]],[[666,30],[0,-1],[1,0],[0,1]],[[667,30],[1,0],[1,0],[0,-1],[0,1],[-1,0],[-1,0]],[[667,30],[1,0],[1,0],[1,0],[1,0],[1,0],[0,-1],[0,1],[1,0],[1,-1],[1,0],[-1,0],[1,0],[-1,0],[1,0],[-1,0],[1,0],[-1,0],[1,0],[1,0],[1,0],[0,-1],[1,1],[-1,0],[1,0],[1,0],[1,0],[-1,0],[1,0],[1,0],[1,0],[1,0],[-1,0],[-1,0],[1,0],[0,-1],[-1,0],[1,0],[-1,0],[1,0],[1,0],[0,1],[1,0],[0,-1],[1,0],[1,0],[-1,0],[1,0],[-1,0],[-1,0],[-1,0],[-1,0],[-1,0],[1,0],[-1,0],[0,-1]],[[682,27],[1,1],[1,0],[0,-1]],[[684,27],[0,1],[1,0],[0,-1]],[[685,27],[0,1],[1,0],[1,-1]],[[687,27],[0,1],[0,-1]],[[687,27],[-1,0]],[[681,27],[-1,0],[-1,0],[1,0],[-1,0],[-1,0],[-1,0],[-1,0],[1,0],[-1,0],[-1,0],[-1,0],[1,0],[-1,0],[-1,0],[1,0],[-1,0],[1,0],[-1,0],[0,1],[0,-1],[-1,0],[-1,0],[-1,0],[-1,0]],[[669,27],[0,1],[1,0],[1,0],[1,0],[1,0],[1,0],[1,0],[-1,0],[-1,0],[-1,0],[-1,0],[1,0],[-1,0],[-1,0],[-1,0],[-1,0],[-1,0],[-1,0],[-1,0],[1,0],[0,1],[1,0],[1,0],[-1,0],[-1,0],[-1,0],[-1,0],[-1,0],[0,-1],[0,1],[-1,0],[-1,0],[-1,0],[1,0],[0,-1],[0,1],[-1,0],[0,-1],[0,1],[0,-1],[-1,0],[-1,0],[1,0],[1,0],[-1,0],[0,-1],[0,1],[0,-1],[-1,0],[0,1],[0,-1],[1,0],[-1,0],[-1,0],[-1,0],[-1,0],[1,0],[-1,0],[1,0],[1,1],[-1,0],[0,1],[-1,0],[0,-1],[1,0],[-1,0],[-1,0],[0,-1],[-1,0],[-1,0],[-1,0],[0,1],[1,0],[-1,0],[-1,0],[0,1],[-1,0],[-1,0],[1,0],[-1,0],[1,0],[1,0],[1,0],[1,0],[1,0],[1,0],[-1,0],[-1,0],[0,1],[-1,0],[1,0],[-1,0],[1,0],[1,0],[1,0],[1,0],[1,0],[1,0],[1,0],[1,0],[1,0],[-1,0],[1,0],[1,0],[-1,0],[-1,0],[1,0],[1,0],[1,0],[1,0],[1,0]],[[455,101],[1,0]],[[456,101],[1,0]],[[457,101],[0,-1],[0,1]],[[457,101],[0,-1],[1,0]],[[462,100],[0,-1],[1,0],[1,0]],[[466,99],[0,-1],[1,0],[1,0]],[[471,97],[-1,0],[1,0]],[[473,97],[0,-1],[1,0],[1,0]],[[476,96],[0,-1],[1,0],[1,0],[-1,0],[-1,1]],[[477,96],[0,-1],[1,0],[1,0]],[[481,95],[0,-1]],[[481,94],[-1,0]],[[480,94],[-1,0],[1,0]],[[480,94],[-1,0],[-1,0],[-1,0]],[[477,94],[0,1],[-1,0],[0,-1]],[[476,94],[0,1],[-1,0]],[[475,95],[-1,0],[-1,0],[-1,0],[-1,0]],[[471,95],[0,1],[-1,0]],[[470,96],[-1,0],[-1,0]],[[468,96],[1,0],[-1,0]],[[468,96],[-1,0]],[[467,96],[0,1],[-1,0]],[[466,97],[-1,0],[-1,0]],[[464,97],[1,0],[-1,0]],[[464,97],[-1,0]],[[463,97],[0,1]],[[463,98],[1,0]],[[463,98],[-1,0]],[[462,98],[-1,0]],[[461,98],[-1,0]],[[460,98],[-1,0]],[[459,98],[-1,0]],[[464,98],[1,0],[1,0],[1,0],[0,-1],[1,0],[1,0],[-1,0],[1,0],[1,0],[-1,0],[-1,0],[0,1]],[[468,98],[-1,0],[-1,0],[-1,0],[-1,0]],[[462,98],[0,1],[-1,0],[-1,0],[-1,0],[-1,0],[-1,0],[1,0],[-1,0],[1,0],[-1,0],[-1,0],[-1,0],[-1,0],[-1,0],[1,0],[1,0],[-1,0],[-1,0],[1,0],[1,0],[1,0],[1,0],[1,0],[1,0],[1,0],[0,-1]],[[458,98],[-1,0]],[[457,98],[-1,0]],[[456,98],[-1,0],[-1,0]],[[454,98],[0,1],[-1,0],[0,-1]],[[453,98],[-1,0]],[[452,98],[0,1],[-1,0]],[[451,99],[-1,0]],[[450,99],[-1,0],[-1,0],[-1,0]],[[447,99],[1,0],[-1,0]],[[447,99],[0,1]],[[447,100],[-1,0]],[[446,100],[-1,0]],[[445,100],[-1,0]],[[447,100],[1,0]],[[448,100],[1,0]],[[449,100],[1,0]],[[450,100],[1,0],[-1,0]],[[450,100],[1,0],[1,0],[0,1]],[[452,101],[1,0]],[[453,101],[1,0],[1,0]],[[933,10],[1,0],[-1,0]],[[933,10],[-1,0]],[[933,10],[1,0],[1,0]],[[935,10],[0,-1],[-1,0],[-1,0]],[[933,9],[1,0],[1,0],[1,0],[-1,0],[0,-1],[-1,0],[-1,0]],[[933,8],[-1,0],[0,-1]],[[932,7],[1,0]],[[933,7],[1,0]],[[934,7],[1,0]],[[935,7],[1,0]],[[936,7],[0,1],[0,-1]],[[936,7],[1,0]],[[937,7],[1,0]],[[938,7],[1,0],[1,0]],[[940,7],[1,0]],[[940,7],[0,-1]],[[940,6],[-1,0]],[[939,6],[-1,0]],[[938,6],[0,1]],[[937,7],[1,-1]],[[940,6],[1,0]],[[941,6],[1,0],[-1,0]],[[940,6],[0,-1]],[[940,5],[1,0]],[[940,5],[-1,0],[-1,0]],[[938,5],[-1,0]],[[937,5],[-1,0]],[[936,5],[-1,0],[-1,0],[1,0],[-1,0],[0,1]],[[934,6],[-1,0]],[[933,6],[0,-1]],[[933,5],[-1,0]],[[932,5],[0,1]],[[932,5],[-1,0],[1,0]],[[932,6],[-1,0]],[[931,6],[-1,0]],[[930,6],[0,-1],[-1,0],[-1,0],[0,1]],[[928,6],[-1,0]],[[927,6],[-1,0]],[[926,6],[-1,0],[-1,0],[-1,0],[-1,0],[0,1]],[[922,7],[0,-1],[-1,0],[0,1],[0,-1],[-1,0],[-1,0],[0,1],[-1,0]],[[918,7],[1,0],[1,0],[1,0],[1,0]],[[922,7],[1,0]],[[922,7],[-1,0],[-1,0],[1,0],[-1,0],[1,0],[-1,0],[0,1],[-1,0]],[[919,8],[1,0],[0,1]],[[920,9],[1,0]],[[921,9],[1,0]],[[922,9],[1,0],[1,0],[0,-1]],[[924,8],[-1,0]],[[924,8],[1,0]],[[925,8],[1,0],[-1,0]],[[925,8],[1,0],[1,0],[1,0]],[[928,8],[1,0]],[[929,8],[0,-1]],[[929,7],[1,0],[1,0],[0,1],[-1,0]],[[930,8],[1,0],[-1,0]],[[930,8],[0,1],[-1,0],[-1,0],[-1,0],[-1,0]],[[926,9],[-1,0]],[[925,9],[-1,0],[1,0]],[[925,9],[0,1]],[[925,10],[1,0]],[[926,10],[1,0]],[[927,10],[1,0],[0,1],[1,0],[1,0],[1,0],[1,0],[1,0],[0,-1]],[[933,6],[0,0]],[[929,6],[0,0]],[[925,7],[1,0],[-1,0]],[[925,7],[0,0]],[[932,9],[0,0]],[[933,6],[-1,0]],[[932,9],[1,0]],[[935,7],[0,-1],[1,0]],[[936,6],[0,1]],[[929,6],[1,0]],[[925,7],[-1,0]],[[932,7],[0,-1]],[[933,6],[0,1]],[[451,170],[0,-1],[1,0]],[[452,169],[1,0],[1,0]],[[454,169],[0,-1],[1,0],[1,0]],[[456,168],[-1,0],[1,0]],[[456,168],[0,-1],[1,0],[1,0],[-1,0],[-1,0],[0,-1],[-1,0],[-1,0],[-1,0],[-1,0],[-1,0]],[[451,166],[-1,0]],[[450,166],[0,-1]],[[450,165],[-1,0],[1,0]],[[450,165],[-1,0],[-1,0]],[[448,165],[-1,0],[-1,0],[-1,0]],[[445,165],[0,1],[-1,0]],[[444,166],[1,0],[0,1]],[[445,167],[1,0]],[[446,167],[0,1]],[[446,168],[-1,0]],[[445,168],[-1,0]],[[444,168],[-1,0]],[[444,168],[0,1],[1,0],[0,1]],[[445,170],[1,0],[1,0],[-1,0],[1,0],[0,1]],[[447,171],[0,-1],[1,0]],[[447,166],[0,0]],[[447,166],[1,0]],[[404,192],[1,0],[0,-1],[-1,0]],[[404,191],[1,0],[0,-1],[0,-1],[-1,0],[1,0],[-1,0],[0,-1],[-1,0],[1,0],[-1,0],[1,0],[-1,0],[1,0],[-1,0],[1,0],[-1,0],[0,-1],[-1,0],[1,0],[-1,0],[1,0],[-1,0],[1,0],[0,-1]],[[403,186],[-1,0],[-1,0]],[[396,186],[0,1]],[[396,187],[-1,0]],[[389,187],[0,1]],[[389,188],[1,0]],[[390,188],[1,0],[0,-1]],[[390,188],[1,0],[-1,0]],[[390,188],[1,0],[1,0],[1,0]],[[393,188],[0,1]],[[393,189],[1,0],[1,0],[1,0]],[[396,189],[0,-1],[1,0]],[[397,188],[0,1],[-1,0]],[[396,189],[-1,0],[-1,0],[1,0],[1,0]],[[396,189],[1,1]],[[399,190],[-1,0],[1,0]],[[399,190],[1,0]],[[400,190],[0,1]],[[394,188],[0,0]],[[394,188],[1,0]],[[399,190],[0,-1],[1,0]],[[400,189],[0,1]],[[400,189],[-1,1]],[[400,188],[-1,0]],[[400,188],[1,0]],[[400,189],[0,-1]],[[401,188],[0,1],[1,0],[0,-1],[-1,0]],[[401,188],[1,0],[0,1],[0,-1],[0,1],[1,0],[-1,0],[-1,0],[-1,0]],[[443,129],[0,-1],[1,0]],[[444,128],[-1,0],[-1,-1]],[[442,127],[-1,0],[0,1],[-1,0],[-1,0],[1,0],[0,-1],[0,1],[0,-1],[-1,0],[-1,0],[1,0],[1,0],[1,0],[1,0]],[[442,127],[1,0]],[[443,127],[1,0]],[[444,127],[0,-1],[0,1]],[[444,127],[0,-1],[1,0],[0,1]],[[445,127],[0,-1],[0,1]],[[446,127],[0,-1],[1,0],[0,1]],[[447,127],[0,-1],[1,0],[-1,0],[1,0],[1,0],[0,-1],[-1,0],[1,0],[-1,0],[0,-1]],[[448,124],[0,1],[0,-1]],[[448,124],[-1,0]],[[447,124],[-1,0]],[[446,124],[-1,0]],[[446,124],[0,1],[-1,0],[1,0],[0,-1]],[[445,124],[0,1],[0,-1]],[[445,124],[0,1],[-1,0],[0,-1]],[[444,124],[1,0]],[[447,124],[0,-1]],[[447,123],[-1,0]],[[446,123],[0,1]],[[444,124],[-1,0]],[[443,124],[-1,0]],[[442,124],[-1,0],[-1,0]],[[440,124],[0,1],[-1,0]],[[439,125],[-1,0]],[[438,125],[-1,0]],[[437,125],[-1,0]],[[436,125],[-1,0]],[[435,125],[0,1],[-1,0]],[[434,126],[-1,0],[0,1]],[[433,127],[1,0],[-1,0]],[[433,127],[0,1]],[[437,128],[1,0],[1,0],[0,1]],[[462,97],[1,0]],[[466,97],[1,-1]],[[470,96],[0,-1],[1,0]],[[475,95],[0,-1],[1,0]],[[476,94],[1,0]],[[477,94],[0,-1],[-1,0]],[[476,93],[0,1]],[[476,94],[-1,0],[-1,0],[-1,0],[1,0],[1,0],[0,-1]],[[475,93],[-1,0]],[[474,93],[-1,0],[0,1],[-1,0],[0,-1],[1,0],[-1,0],[-1,0],[1,0],[-1,0],[1,0],[-1,0],[-1,0],[1,0],[-1,0],[-1,0],[-1,0],[-1,0],[0,-1]],[[467,92],[-1,0]],[[467,92],[0,1],[0,-1]],[[467,92],[0,1],[1,0],[-1,0],[-1,0],[-1,0],[0,-1]],[[465,92],[0,1],[0,-1]],[[465,92],[0,1],[-1,0]],[[464,93],[1,0],[-1,0]],[[464,93],[-1,0],[1,0]],[[464,93],[1,0],[1,0],[-1,0],[-1,0]],[[464,93],[-1,0],[-1,0]],[[462,93],[-1,0]],[[462,93],[0,1]],[[462,94],[1,0],[-1,0]],[[462,94],[-1,0]],[[462,94],[1,0],[1,0],[-1,0],[1,0],[0,1],[1,0],[-1,0],[-1,0],[0,-1],[-1,0]],[[461,94],[-1,0]],[[460,94],[-1,0]],[[459,94],[-1,0]],[[458,94],[-1,0]],[[459,94],[0,1]],[[459,95],[1,0]],[[459,95],[-1,0]],[[460,95],[1,0]],[[461,95],[1,0]],[[462,95],[1,0],[1,0],[1,0],[-1,0],[0,1],[-1,0],[0,-1],[0,1],[0,-1],[1,0],[-1,0],[-1,0]],[[462,95],[1,0],[-1,0]],[[462,95],[0,1],[0,-1]],[[462,95],[0,1],[-1,0],[-1,0]],[[460,96],[-1,0]],[[460,96],[1,0],[-1,0]],[[460,96],[1,0],[1,0],[1,0],[-1,0],[-1,0],[-1,0]],[[459,96],[0,1]],[[459,97],[1,0]],[[460,97],[1,0]],[[461,97],[1,0]],[[417,113],[1,0]],[[418,113],[1,0]],[[419,113],[0,-1],[0,1]],[[419,113],[0,-1],[1,0]],[[420,112],[1,0]],[[420,112],[-1,0],[0,-1],[1,0],[0,1]],[[421,112],[0,-1]],[[421,111],[-1,0],[1,0]],[[421,111],[0,-1],[0,1]],[[421,111],[1,0]],[[421,111],[0,-1],[-1,0],[-1,0],[-1,0],[1,0],[1,0],[1,0],[-1,0],[1,0],[1,0],[-1,0],[1,0],[-1,0],[1,0],[0,-1],[-1,0],[1,0],[0,-1]],[[422,108],[-1,0],[0,1],[-1,0],[-1,0],[1,0],[0,-1],[-1,0],[1,0],[1,0],[1,0]],[[422,108],[-1,0],[1,0]],[[422,108],[-1,0],[0,-1]],[[421,107],[-1,0]],[[420,107],[0,1],[0,-1]],[[415,107],[0,1],[-1,0],[1,0],[1,0],[-1,0],[0,1],[1,0],[-1,0],[0,-1],[-1,0],[-1,0],[0,1]],[[413,109],[1,0],[0,1]],[[414,110],[0,-1],[0,1]],[[414,110],[1,0]],[[415,110],[0,-1],[1,0],[-1,0],[0,1]],[[415,110],[1,0],[0,-1],[1,0],[1,0],[-1,0],[1,0],[-1,0],[0,1],[-1,0],[-1,0]],[[414,110],[0,1],[-1,0],[-1,0],[0,1],[-1,0],[1,0],[-1,0],[-1,0],[-1,0],[1,0],[0,1],[1,0],[1,0],[1,0],[-1,0],[1,0],[1,0],[1,0],[-1,0],[1,0],[1,0],[0,-1],[0,1],[1,0]],[[452,132],[1,0]],[[453,132],[0,-1],[1,0],[0,-1]],[[454,130],[1,0],[-1,0]],[[454,130],[1,0],[0,-1],[1,0],[1,0],[0,-1],[1,0],[1,0]],[[459,128],[0,-1],[1,0],[-1,0],[0,-1],[1,0]],[[460,126],[0,-1],[1,0],[-1,0],[1,0],[1,0]],[[462,125],[-1,0],[1,0]],[[462,125],[-1,0],[0,-1],[1,0]],[[462,124],[-1,0],[-1,0],[-1,0],[0,-1],[-1,0],[-1,0],[-1,0],[-1,0],[1,0],[0,1],[-1,0],[0,1],[-1,0],[1,0],[-1,0],[0,1],[1,0],[-1,0],[-1,0],[1,0],[-1,0],[1,0],[0,1],[-1,0],[1,0],[-1,0],[0,1],[-1,0],[0,1],[-1,0],[0,1],[1,0]],[[452,130],[-1,0],[1,0]],[[452,130],[1,0]],[[453,130],[1,0]],[[452,130],[-1,0],[0,1],[-1,0],[0,1]],[[450,132],[1,0]],[[451,132],[1,0]],[[452,130],[0,0]],[[434,146],[0,-1]],[[434,145],[1,0]],[[435,145],[1,0]],[[435,145],[0,-1]],[[433,144],[0,1]],[[433,145],[-1,0]],[[432,145],[0,-1]],[[429,143],[0,1],[-1,0],[1,0],[0,-1]],[[426,143],[-1,0]],[[425,143],[-1,0]],[[424,143],[0,-1]],[[424,142],[-1,0]],[[423,142],[-1,0]],[[422,142],[-1,0]],[[421,142],[-1,0],[0,1]],[[420,143],[-1,0]],[[420,143],[1,0]],[[421,143],[0,1],[-1,0],[1,0],[-1,0],[1,0],[1,0]],[[422,144],[0,-1]],[[422,143],[1,0]],[[422,144],[1,0]],[[423,144],[0,1]],[[423,145],[-1,0]],[[422,145],[0,-1]],[[422,144],[-1,0],[-1,0],[-1,0]],[[419,144],[-1,0]],[[419,144],[0,1],[1,0],[1,0]],[[421,145],[1,0]],[[422,145],[0,1],[0,-1]],[[423,145],[0,1],[1,0],[1,0],[1,0],[-1,0],[1,0],[1,0],[1,0],[1,0],[1,0],[1,0],[-1,0],[1,0],[-1,0],[0,-1],[0,1],[1,0],[1,0],[1,0],[1,0]],[[423,144],[1,0]],[[423,144],[0,0]],[[424,145],[-1,0]],[[424,145],[0,0]],[[423,145],[0,0]],[[426,143],[0,0]],[[425,145],[1,0]],[[425,145],[0,-1]],[[425,144],[1,0]],[[426,144],[0,1]],[[424,144],[0,1]],[[550,107],[1,0]],[[551,107],[0,-1],[-1,0]],[[550,106],[0,-1],[-1,0],[-1,0],[-1,0],[-1,0],[1,0],[-1,0],[1,0],[0,-1],[-1,0],[-1,-1],[-1,0],[0,-1],[-1,0]],[[540,102],[-1,0],[0,-1]],[[535,101],[0,1],[-1,0]],[[534,102],[0,1],[1,0],[0,1],[1,0],[1,0],[0,1]],[[537,105],[1,0]],[[538,105],[1,0],[1,0]],[[540,105],[1,0],[1,0],[1,0],[0,1]],[[548,106],[1,0],[1,0]],[[550,106],[0,1]],[[471,124],[0,-1],[1,0],[1,0],[1,0],[1,0],[1,0],[1,0],[1,0],[0,-1],[1,0]],[[479,122],[-1,0],[1,0]],[[479,122],[0,-1]],[[479,121],[-1,0],[1,0]],[[479,121],[-1,0],[0,-1]],[[478,120],[-1,0]],[[477,120],[-1,0],[0,1],[-1,0],[1,0],[0,-1],[-1,0],[-1,0]],[[474,120],[-1,0]],[[473,120],[0,-1],[-1,0],[-1,0],[-1,0],[0,1],[-1,0],[-1,0],[0,1],[-1,0],[1,0],[1,0],[-1,0],[-1,0],[-1,0],[0,1],[1,0],[0,1],[1,0],[1,0],[0,1]],[[473,120],[-1,0],[1,0]],[[473,120],[0,0]],[[474,120],[0,1],[0,-1]],[[503,81],[-1,0],[1,0]],[[503,81],[1,0]],[[504,81],[1,0]],[[505,81],[1,0]],[[506,81],[1,0]],[[511,81],[0,-1]],[[511,80],[1,0],[1,0]],[[513,80],[1,0],[1,0],[-1,0],[-1,0]],[[513,80],[1,0],[1,0],[1,0]],[[517,80],[1,0]],[[518,80],[0,-1],[1,0],[1,0]],[[520,79],[-1,0],[-1,0],[1,0],[-1,0],[-1,0],[1,0],[0,-1]],[[516,78],[-1,0]],[[515,78],[-1,0]],[[514,78],[-1,0],[-1,0]],[[512,78],[-1,0]],[[511,78],[-1,0]],[[510,78],[0,1]],[[510,79],[-1,0]],[[510,79],[1,0]],[[511,79],[1,0],[1,0],[1,0],[-1,0],[0,1]],[[511,80],[-1,0],[-1,0]],[[509,80],[-1,0]],[[508,80],[-1,0],[0,-1]],[[507,79],[0,1],[-1,0],[1,0],[1,0]],[[508,80],[-1,0],[-1,0],[-1,0],[-1,0],[1,0],[1,0],[0,-1]],[[506,79],[-1,0]],[[505,79],[0,1],[-1,0],[-1,0],[-1,0],[-1,0],[-1,0],[1,0],[-1,0],[-1,0],[-1,0],[0,-1]],[[498,79],[-1,0]],[[498,79],[0,1],[-1,0],[-1,0],[1,0],[0,-1]],[[497,79],[-1,0]],[[496,79],[-1,0]],[[495,79],[0,1],[1,0],[-1,0],[1,0],[-1,0],[-1,0],[-1,0],[1,0],[0,-1],[-1,0],[-1,0],[-1,0],[-1,0],[-1,0],[-1,0],[0,1]],[[488,80],[1,0]],[[489,80],[1,0]],[[490,80],[1,0]],[[491,80],[1,0]],[[492,80],[1,0],[-1,0]],[[491,80],[0,1],[1,0],[1,0]],[[493,81],[1,0]],[[494,81],[1,0],[1,0],[1,0]],[[497,81],[-1,0],[1,0]],[[497,81],[0,-1],[1,0],[0,1]],[[498,81],[-1,0]],[[497,81],[-1,0],[-1,0],[1,0],[1,0]],[[498,81],[1,0]],[[499,81],[1,0]],[[500,81],[1,0],[0,-1],[0,1],[1,0],[0,-1],[1,0],[1,0],[-1,0],[0,1]],[[503,81],[-1,0],[-1,0],[-1,0]],[[500,81],[1,0],[-1,0]],[[500,81],[0,1],[1,0],[0,-1],[0,1],[1,0],[0,-1],[1,0]],[[408,110],[-1,0],[-1,0],[1,0],[-1,0],[1,0],[-1,0],[0,-1],[1,0],[1,0],[-1,0],[1,0],[-1,0],[-1,0],[-1,0],[1,0],[1,0],[1,0],[0,-1]],[[407,108],[-1,0],[0,-1]],[[406,107],[-1,0],[1,0]],[[406,107],[-1,0],[0,-1]],[[405,106],[-1,0]],[[404,106],[-1,0]],[[403,106],[-1,0]],[[402,106],[-1,0]],[[401,106],[-1,0],[-1,0],[1,0],[1,0]],[[401,106],[0,-1]],[[401,105],[-1,0]],[[400,105],[-1,0],[-1,0],[-1,0],[1,0],[-1,0],[0,1],[1,0],[-1,0],[1,0],[-1,0],[1,0],[-1,0],[0,1],[1,0],[1,0],[-1,0],[1,0],[1,0],[-1,0],[1,0],[-1,0],[0,1],[-1,0],[0,-1],[0,1],[0,-1],[0,1],[0,-1],[-1,0],[0,1],[-1,0],[1,0],[1,0],[1,0],[0,1]],[[399,109],[-1,0]],[[399,109],[1,0],[-1,0]],[[399,109],[0,1],[1,0],[-1,0],[1,0],[1,0],[1,0],[1,0],[1,0],[1,0],[0,1],[1,0],[0,-1],[1,0],[1,0]],[[965,20],[1,0],[1,0],[1,0],[0,-1]],[[968,19],[1,0]],[[969,19],[0,-1]],[[969,18],[1,0]],[[969,18],[-1,0]],[[969,18],[0,-1]],[[969,17],[-1,0],[1,0]],[[969,17],[-1,0],[-1,0],[1,0],[-1,0],[-1,0],[0,-1],[-1,0],[1,0],[-1,0],[0,1],[0,-1],[0,1],[-1,0],[-1,0],[-1,0],[-1,0],[0,-1],[-1,0],[0,1],[-1,0],[0,-1],[-1,0],[0,1],[0,-1],[0,1],[0,-1],[-1,0],[0,1]],[[957,17],[-1,0]],[[956,17],[0,1]],[[956,18],[-1,0]],[[955,18],[-1,0],[1,0]],[[955,18],[0,1],[1,0],[1,0],[1,0],[1,0]],[[959,19],[1,0]],[[960,19],[0,1],[1,0],[0,-1],[0,1],[1,0],[1,0]],[[963,20],[1,0]],[[964,20],[1,0]],[[957,18],[0,0],[0,0],[0,0]],[[964,20],[0,-1],[1,0]],[[965,19],[0,1]],[[433,98],[0,-1]],[[433,97],[-1,0]],[[432,97],[-1,0],[1,0]],[[432,97],[-1,0],[0,-1]],[[431,96],[-1,0],[0,-1]],[[430,95],[1,0]],[[430,95],[-1,0]],[[429,95],[-1,0],[-1,0],[-1,0],[-1,0],[1,0],[1,0],[1,0],[1,0]],[[429,95],[-1,0],[-1,0],[-1,0],[-1,0],[-1,0],[-1,0],[-1,0]],[[422,95],[1,0],[-1,0]],[[422,95],[-1,0]],[[421,95],[-1,0]],[[420,95],[-1,0]],[[420,95],[0,1],[-1,0],[-1,0]],[[418,96],[-1,0],[1,0]],[[418,96],[1,0],[1,0],[-1,0],[-1,0]],[[418,96],[-1,0],[-1,0]],[[416,96],[0,1],[0,-1]],[[416,96],[-1,0]],[[416,96],[0,1],[-1,0],[-1,0],[0,-1]],[[414,96],[0,1],[-1,0]],[[413,97],[1,0],[-1,0]],[[413,97],[-1,0],[-1,0]],[[411,97],[0,1]],[[411,98],[1,0]],[[412,98],[1,0]],[[413,98],[1,0]],[[414,98],[1,0],[1,0]],[[416,98],[1,0]],[[417,98],[1,0]],[[418,98],[1,0]],[[419,98],[0,-1],[1,0]],[[420,97],[1,0]],[[421,97],[1,0]],[[422,97],[0,-1],[0,1]],[[422,97],[1,0]],[[423,97],[1,0]],[[424,97],[0,-1],[1,0],[1,0],[1,0],[-1,0],[0,1]],[[426,97],[1,0]],[[427,97],[1,0]],[[428,97],[1,0]],[[429,97],[0,1]],[[429,98],[1,0]],[[430,98],[0,-1],[-1,0]],[[430,98],[1,0]],[[431,98],[1,0]],[[432,98],[1,0]],[[530,49],[-1,0],[1,0]],[[530,49],[-1,0],[-1,0],[-1,0],[1,0],[1,0],[0,-1]],[[529,48],[-1,0],[1,0]],[[529,48],[-1,0],[-1,0],[-1,0],[-1,0],[-1,0],[-1,0],[-1,0],[-1,0],[-1,0],[-1,0],[-1,0],[1,0],[1,0],[1,0],[1,0],[-1,0],[0,1],[-1,0],[-1,0],[-1,0],[1,0],[-1,0],[-1,0],[-1,0],[-1,0],[-1,0],[-1,0],[-1,0],[-1,0],[-1,0],[-1,0],[1,0],[0,1],[1,-1],[0,1],[1,0],[1,0],[1,0],[-1,0],[1,0],[0,1],[1,0],[1,0],[-1,0],[1,0],[1,0],[1,0],[2,0],[1,0],[1,0],[1,0],[1,0],[1,-1],[-1,0],[1,0],[1,0],[1,0],[-1,0],[1,0],[0,-1],[1,0],[0,1],[1,0],[1,0],[0,-1]],[[439,105],[1,0]],[[440,105],[0,-1]],[[440,104],[-1,0]],[[440,104],[1,0]],[[441,104],[0,1]],[[441,105],[1,0]],[[442,105],[0,-1]],[[442,104],[-1,0]],[[442,104],[0,-1]],[[442,103],[-1,0]],[[441,103],[-1,0],[-1,0],[-1,0],[-1,0],[1,0],[1,0],[-1,0],[1,0],[1,0],[-1,0],[0,-1]],[[439,102],[-1,0],[-1,0]],[[437,102],[-1,0],[-1,0],[1,0],[-1,0],[-1,0],[0,-1]],[[434,101],[-1,0],[-1,0],[-1,0]],[[431,101],[0,1],[1,0],[-1,0],[-1,0],[1,0],[0,-1]],[[431,101],[-1,0]],[[430,101],[-1,0]],[[429,101],[-1,0],[-1,0],[1,0],[-1,0],[0,-1]],[[427,100],[-1,0],[-1,0]],[[425,100],[0,1]],[[425,101],[0,1]],[[426,102],[1,0],[0,1]],[[429,103],[1,0],[0,1]],[[430,104],[1,0]],[[431,104],[1,0]],[[432,104],[0,-1],[1,0],[1,0],[1,0],[-1,0],[-1,0],[0,1]],[[433,104],[-1,0]],[[433,104],[1,0],[1,0],[0,1]],[[435,105],[1,0]],[[436,105],[0,-1],[0,1]],[[436,105],[1,0]],[[437,105],[1,0],[1,0]],[[921,4],[1,0]],[[922,4],[0,1]],[[922,4],[1,0]],[[923,4],[1,0]],[[922,4],[0,-1],[-1,0],[-1,0],[-1,0]],[[919,3],[1,0],[1,0],[-1,0],[1,0],[0,-1],[-1,0],[-1,0]],[[919,2],[-1,0],[-1,0],[0,1],[-1,0],[0,-1]],[[916,2],[1,0],[-1,0]],[[916,2],[-1,0]],[[915,2],[-1,0],[-1,0],[1,0],[1,0]],[[915,2],[0,1],[-1,0],[1,0],[1,0],[-1,0],[0,1],[-1,0],[-1,0],[0,-1],[1,0],[-1,0],[-1,0],[-1,0]],[[911,3],[-1,0],[1,0]],[[911,3],[-1,0],[0,-1],[-1,0],[0,1],[-1,0],[-1,0],[1,0],[-1,0],[-1,0]],[[906,3],[-1,0]],[[905,3],[-1,0]],[[904,3],[-1,0],[1,0]],[[904,3],[-1,-1],[0,1],[0,-1],[-1,0],[-1,0],[0,1]],[[901,3],[-1,0],[1,0]],[[901,3],[-1,0],[-1,0],[-1,0],[-1,0],[-1,0],[1,0],[-1,0],[1,0],[-1,0],[0,1],[-1,0],[1,0],[-1,0],[1,0],[-1,0],[1,0],[-1,0],[1,0],[1,0],[-1,0],[1,0],[1,0],[1,0],[1,0],[1,0],[1,0],[1,0],[1,0],[1,0],[1,0],[1,0],[-1,0],[1,0],[1,0],[1,0],[1,0],[1,0],[1,0],[1,0],[-1,0],[1,0],[1,0],[1,0],[1,0],[1,0],[1,0],[1,0],[-1,0],[0,1],[-1,0],[1,0],[1,0],[1,0],[0,-1],[1,0]],[[915,2],[0,0]],[[460,122],[1,0]],[[461,122],[0,-1],[0,1]],[[461,122],[1,0],[0,-1],[1,0]],[[463,121],[1,0]],[[464,121],[1,0],[0,-1]],[[465,120],[1,0]],[[465,120],[-1,0]],[[464,120],[-1,0]],[[463,120],[-1,0]],[[462,120],[-1,0]],[[461,120],[-1,0]],[[460,120],[-1,0],[1,0]],[[465,120],[0,-1]],[[465,119],[1,0]],[[466,120],[0,-1]],[[466,119],[1,0]],[[467,119],[1,0],[0,-1]],[[468,118],[-1,0]],[[467,118],[0,-1],[-1,0],[0,1]],[[466,118],[-1,0]],[[465,118],[-1,0]],[[464,118],[0,1]],[[464,119],[-1,0]],[[463,119],[0,-1]],[[463,118],[-1,0],[-1,0],[1,0],[1,0]],[[464,118],[-1,0]],[[463,118],[-1,0],[-1,0],[-1,0]],[[460,118],[1,0],[-1,0]],[[460,118],[-1,0]],[[460,118],[0,1]],[[460,119],[-1,0]],[[459,119],[-1,0]],[[458,119],[-1,0]],[[460,119],[1,0]],[[461,119],[1,0]],[[457,119],[0,1],[-1,0]],[[456,120],[-1,0]],[[456,120],[1,0],[-1,0]],[[456,120],[0,1]],[[456,121],[0,1],[1,0]],[[457,122],[1,0],[-1,0]],[[457,122],[1,0],[1,0],[-1,0],[1,0],[1,0]],[[466,119],[0,-1]],[[466,118],[1,0]],[[467,118],[0,1]],[[463,119],[-1,0]],[[464,119],[1,0]],[[408,192],[0,-1],[1,0]],[[409,191],[0,-1],[0,1]],[[409,191],[1,0]],[[416,191],[0,-1],[1,0],[-1,1]],[[420,191],[0,-1]],[[419,190],[-1,0],[-1,0],[0,-1]],[[415,189],[-1,0]],[[414,189],[-1,0]],[[413,189],[0,-1]],[[406,188],[-1,0],[1,0]],[[406,188],[0,1],[0,1],[1,0],[1,0],[1,0],[1,0],[0,-1],[1,0],[1,0]],[[412,189],[1,0]],[[412,189],[0,1],[-1,0],[-1,0],[-1,0],[-1,0],[-1,0],[0,1]],[[407,191],[1,0],[-1,0]],[[407,191],[0,1]],[[413,189],[0,0]],[[410,148],[1,0],[1,0]],[[412,148],[0,-1],[1,0],[-1,0],[-1,0],[1,0],[-1,0],[0,-1],[-1,0],[-1,0],[-1,0],[-1,0]],[[407,146],[-1,0]],[[406,146],[-1,0]],[[405,146],[0,1],[-1,0]],[[405,146],[-1,0],[-1,0],[0,1]],[[401,147],[0,-1],[1,0],[0,1]],[[402,147],[0,-1],[1,0],[1,0],[-1,0],[-1,0],[1,0],[1,0],[-1,0],[1,0],[-1,0],[-1,0],[-1,0],[-1,0]],[[400,146],[1,0],[1,0],[0,-1]],[[402,145],[0,1],[1,0],[1,0],[1,0]],[[405,146],[-1,0],[1,0]],[[406,146],[0,-1]],[[407,146],[0,-1]],[[407,145],[1,0]],[[407,145],[-1,0]],[[406,145],[-1,0]],[[405,145],[-1,0]],[[404,145],[-1,0],[-1,0]],[[402,145],[-1,0]],[[401,145],[-1,0]],[[400,145],[-1,0]],[[396,145],[0,1]],[[400,146],[1,0],[0,1]],[[404,147],[1,0],[0,1]],[[408,148],[1,0],[1,0]],[[407,147],[-1,0],[0,0],[1,0]],[[492,122],[0,-1],[1,0]],[[493,121],[-1,0],[1,0]],[[493,121],[0,-1],[-1,0],[0,-1]],[[492,119],[0,1],[-1,0],[-1,0],[-1,0]],[[489,120],[-1,0]],[[488,120],[-1,0]],[[487,120],[-1,0]],[[486,120],[-1,0]],[[485,120],[-1,0],[-1,0]],[[483,120],[-1,0]],[[483,120],[0,1],[0,-1]],[[482,120],[0,1],[1,0],[1,0],[1,0],[1,0],[1,0],[1,0]],[[488,121],[-1,0],[-1,0],[-1,0],[-1,0],[-1,0],[-1,0],[-1,0],[1,0],[-1,0],[0,1],[1,0]],[[482,122],[1,0]],[[483,122],[1,0],[1,0],[0,1]],[[485,123],[1,0],[1,0],[1,0],[0,-1],[1,0],[1,0],[1,0],[1,0]],[[488,121],[0,-1]],[[489,120],[0,1],[1,0],[-1,0],[-1,0]],[[993,21],[1,0],[1,0],[1,0],[1,0],[0,-1],[1,0],[1,0],[-1,0],[1,0],[-1,0],[1,0],[-1,0],[-1,0],[-1,0],[-1,0],[-1,0],[0,-1],[-1,0],[-1,0],[1,0],[-1,0],[1,0],[0,-1],[-1,0],[-1,0],[-1,0],[-1,0],[-1,0],[-1,0],[-1,0],[-1,0]],[[985,18],[1,0],[-1,0]],[[985,18],[-1,0],[-1,0],[1,0],[-1,0],[1,0],[-1,0],[0,1],[-1,0],[1,0],[0,1],[1,0],[1,0],[1,0],[1,0],[1,0],[0,1],[1,0],[1,0]],[[990,21],[1,0],[1,0],[-1,0],[1,0],[1,0]],[[724,47],[0,1],[-1,0],[-1,0],[-1,0],[-1,0],[-1,0]],[[718,48],[0,1],[-1,0],[-1,0],[1,0],[-1,0],[0,1]],[[716,50],[1,0]],[[720,50],[0,-1],[1,0],[1,0],[1,0],[1,0],[1,0],[0,1]],[[726,50],[1,0],[1,0],[1,0],[1,0],[1,0],[0,-1],[-1,0],[0,-1],[-1,0],[1,0],[-1,0],[1,0],[-1,0],[0,-1],[0,1],[0,-1],[-1,0],[-1,0],[-1,0]],[[434,101],[1,0]],[[435,101],[1,0]],[[436,101],[0,-1]],[[436,100],[-1,0],[-1,0]],[[434,100],[-1,0],[-1,0]],[[432,100],[-1,0],[1,0]],[[432,100],[0,-1]],[[432,99],[-1,0]],[[431,99],[0,1],[0,-1]],[[431,99],[-1,0],[1,0]],[[431,99],[-1,0],[0,-1]],[[429,98],[-1,0]],[[428,98],[0,1],[0,-1]],[[428,98],[-1,0]],[[427,98],[0,1],[-1,0],[0,-1]],[[426,98],[1,0]],[[426,98],[-1,0]],[[425,98],[-1,0]],[[424,98],[-1,0]],[[423,98],[-1,0]],[[422,98],[-1,0]],[[421,98],[-1,0]],[[420,98],[-1,0]],[[419,98],[0,1],[1,0],[1,0],[1,0],[0,1]],[[423,100],[0,-1],[-1,0],[1,0],[1,0],[0,1],[1,0]],[[427,100],[1,0],[1,0]],[[429,100],[0,1]],[[429,100],[1,0]],[[430,100],[1,0],[-1,0]],[[430,100],[0,1]],[[526,57],[0,-1],[1,0],[-1,0],[-1,0]],[[525,56],[1,0],[1,0],[1,0],[1,0]],[[529,56],[1,0]],[[530,56],[1,0]],[[531,56],[1,0],[1,0]],[[533,56],[1,0]],[[534,56],[1,0]],[[535,56],[1,0]],[[536,56],[1,0]],[[537,56],[1,0]],[[537,56],[0,-1],[1,0],[-1,0],[-1,0],[1,0],[1,0],[-1,0],[1,0],[-1,0],[1,0],[-1,-1]],[[537,54],[1,0],[-1,0]],[[537,54],[-1,0]],[[536,54],[-1,0]],[[535,54],[-1,0]],[[534,54],[-1,0]],[[533,54],[-1,0]],[[532,54],[-1,0]],[[531,54],[-1,0]],[[530,54],[-1,0]],[[529,54],[-1,0]],[[528,54],[-1,0]],[[528,54],[0,1]],[[528,55],[1,0]],[[529,55],[0,-1]],[[529,55],[1,0]],[[530,55],[0,-1]],[[531,54],[0,1]],[[531,55],[-1,0]],[[531,55],[1,0],[-1,0]],[[531,55],[1,0],[0,1],[-1,0]],[[530,56],[0,-1]],[[528,55],[-1,0]],[[527,55],[-1,0],[-1,0],[-1,0]],[[524,55],[-1,0]],[[523,55],[-1,0]],[[523,55],[0,1]],[[523,56],[1,0],[1,0]],[[529,56],[-1,0],[1,0]],[[525,56],[-1,0],[1,0]],[[525,56],[1,0],[-1,0]],[[523,56],[-1,0]],[[525,56],[1,0],[0,1]],[[526,57],[0,-1],[0,1]],[[406,139],[1,-1],[-1,0]],[[406,138],[1,0],[-1,0]],[[406,138],[0,-1],[1,0],[-1,0],[1,0],[-1,0],[1,0],[-1,0],[1,0],[-1,0],[-1,0],[0,-1],[-1,0]],[[404,136],[1,0],[-1,0]],[[404,136],[1,0],[1,0]],[[406,136],[1,0]],[[406,136],[-1,0],[1,0]],[[406,136],[0,-1],[-1,0],[1,0],[0,-1]],[[406,134],[1,0],[-1,0]],[[406,134],[-1,0]],[[405,134],[-1,0]],[[404,134],[-1,0]],[[403,134],[0,1],[-1,0],[-1,0],[-1,0]],[[400,135],[1,0],[0,1]],[[401,136],[1,0]],[[401,136],[-1,0],[1,0]],[[401,136],[-1,0],[0,-1]],[[400,135],[0,1],[-1,0],[-1,0],[1,0],[-1,0],[0,1]],[[398,137],[-1,0],[1,0]],[[398,137],[1,0],[-1,0]],[[398,137],[1,0],[1,0]],[[400,137],[1,0]],[[401,137],[0,-1]],[[402,136],[0,1],[-1,0]],[[401,137],[1,0],[1,0],[-1,0],[-1,0]],[[401,137],[1,0],[-1,0]],[[401,137],[0,1]],[[400,137],[0,1]],[[400,138],[1,0]],[[401,138],[1,0]],[[402,138],[1,0]],[[403,138],[1,0]],[[404,138],[1,0]],[[405,138],[1,0]],[[406,138],[0,1]],[[484,112],[1,0]],[[485,112],[0,-1],[1,0]],[[486,111],[-1,0],[0,-1]],[[485,110],[0,1],[0,-1]],[[485,110],[-1,0]],[[485,110],[1,0]],[[486,110],[1,0],[1,0],[-1,0],[-1,0]],[[486,110],[1,0],[-1,0]],[[486,110],[0,1]],[[489,111],[0,-1],[1,0]],[[490,110],[-1,0],[1,0]],[[491,110],[0,-1],[-1,0]],[[490,109],[-1,0]],[[489,109],[-1,0],[-1,0],[1,0],[1,0]],[[489,109],[-1,0],[0,-1]],[[489,109],[0,-1]],[[489,108],[-1,0]],[[488,108],[-1,0],[-1,0]],[[485,108],[0,1],[-1,0],[1,0],[1,0],[1,0],[-1,0],[-1,0],[-1,0],[-1,0],[0,1],[-1,0],[1,0],[-1,1],[1,0],[-1,0],[0,-1],[-1,0],[-1,0]],[[480,110],[0,1],[-1,0],[-1,0]],[[478,111],[0,1],[1,0],[1,0],[1,0],[1,0],[0,-1],[0,1],[0,-1],[1,0],[1,0],[-1,0],[1,0],[0,1]],[[963,25],[1,0]],[[964,25],[1,0],[1,0],[1,0],[1,0],[1,0],[-1,0],[1,0],[-1,0],[0,-1],[1,0],[0,-1],[1,0],[1,0],[1,0],[0,-1],[-1,0],[-1,0],[-1,0],[-1,0],[0,1],[-1,0],[-1,0],[-1,0],[-1,0],[-1,0],[0,1],[-1,0],[-1,0],[-1,0],[-1,0],[-1,0],[-1,0],[0,1],[0,-1],[0,1],[-1,0],[-1,0],[0,1],[1,0],[1,0],[1,0],[1,0],[0,-1],[1,0],[1,0],[1,0],[1,0]],[[361,182],[1,0],[1,0]],[[363,182],[1,0]],[[364,182],[1,0]],[[365,182],[0,-1],[0,1]],[[365,182],[0,-1],[1,0],[1,0],[1,0]],[[371,181],[0,-1],[1,0],[1,0]],[[373,180],[-1,0],[-1,0],[0,-1]],[[371,179],[0,1],[-1,0],[0,-1]],[[368,179],[0,1],[-1,0]],[[367,180],[-1,0]],[[366,180],[-1,0]],[[365,180],[-1,0]],[[364,180],[-1,0],[-1,0]],[[362,180],[-1,0]],[[362,180],[0,1],[-1,0]],[[361,181],[-1,0]],[[360,181],[-1,0]],[[359,181],[-1,0]],[[358,181],[-1,0]],[[357,181],[-1,0],[1,0]],[[359,181],[0,1]],[[359,182],[-1,0]],[[359,182],[1,0]],[[360,182],[1,0]],[[412,127],[1,0],[1,0]],[[414,127],[1,0]],[[415,127],[1,0]],[[416,127],[0,-1],[0,1]],[[416,127],[0,-1],[-1,0],[1,0],[1,0],[-1,0],[0,-1]],[[416,125],[-1,0]],[[415,125],[-1,0],[-1,0],[-1,0],[-1,0],[-1,0],[-1,0],[-1,0]],[[408,125],[1,0],[-1,0]],[[408,125],[-1,0],[-1,0]],[[406,125],[-1,0],[-1,0],[0,-1]],[[404,124],[-1,0]],[[403,124],[0,1],[1,0],[0,1],[0,-1],[1,0],[0,1],[-1,0],[1,0],[-1,0],[1,0],[-1,0],[1,0],[1,0],[0,1],[1,0]],[[407,127],[1,0]],[[408,127],[1,0]],[[409,127],[0,-1],[0,1]],[[409,127],[0,-1],[1,0],[-1,0],[1,0],[1,0],[-1,0],[0,1],[-1,0]],[[409,127],[1,0],[1,0],[1,0]],[[751,27],[1,0]],[[752,27],[1,0],[1,0],[0,-1]],[[754,26],[-1,0],[-1,0],[-1,0],[0,-1]],[[751,25],[-1,0],[-1,0]],[[749,25],[-1,0]],[[748,25],[0,1],[1,0],[1,0],[1,0],[-1,0],[-1,0],[-1,0],[-1,0],[-1,0],[-1,0],[1,0],[-1,0],[0,-1]],[[745,25],[-1,0]],[[744,25],[-1,0]],[[743,25],[-1,0]],[[742,25],[-1,0],[-1,0],[-1,0]],[[739,25],[-1,0]],[[738,25],[-1,0]],[[737,25],[-1,0],[1,0]],[[737,25],[0,1],[1,0],[-1,0],[1,0],[1,0],[-1,0],[1,0],[1,0],[1,0],[1,0],[0,1]],[[742,27],[-1,0]],[[741,27],[0,-1],[0,1]],[[742,27],[1,0],[1,0]],[[744,27],[1,0],[1,0]],[[746,27],[1,0],[1,0],[1,0],[1,0],[1,0]],[[488,65],[0,-1],[1,0],[1,0]],[[490,64],[-1,0],[-1,0],[-1,0],[1,0],[1,0],[1,0]],[[493,64],[0,-1],[1,0],[1,0],[1,0],[1,0]],[[497,63],[0,-1]],[[497,62],[-1,0]],[[496,62],[-1,0]],[[495,62],[-1,0],[-1,0],[-1,0]],[[492,62],[0,1],[0,-1]],[[492,62],[-1,0],[-1,0]],[[490,62],[0,1],[-1,0],[1,0],[-1,0],[-1,0],[1,0],[-1,0],[1,0],[-1,0],[1,0],[0,-1]],[[489,62],[-1,0],[1,0]],[[489,62],[-1,0],[-1,0],[-1,0],[-1,0],[-1,0],[0,-1],[0,1],[-1,0],[1,0],[1,0],[1,0],[1,0],[0,1],[-1,0],[0,-1],[0,1],[-1,0],[0,-1],[0,1],[-1,0],[-1,0],[-1,0],[-1,0]],[[481,63],[1,0],[1,0],[1,0],[1,0],[1,0],[1,0],[-1,0],[-1,0],[0,1],[1,0],[1,0],[1,0],[-1,0],[-1,0],[-1,0],[-1,0],[0,1],[1,0],[0,-1],[0,1],[0,-1],[1,0],[0,1],[-1,0],[-1,0],[-1,0],[1,0],[-1,0],[1,0],[1,0],[1,0],[1,0],[0,-1],[0,1],[1,0]],[[432,127],[1,0]],[[434,126],[0,-1]],[[434,125],[1,0]],[[434,125],[-1,0]],[[433,125],[-1,0]],[[432,125],[-1,0]],[[431,125],[-1,0]],[[430,125],[-1,0],[1,0]],[[430,125],[-1,0],[0,-1]],[[425,124],[0,1],[-1,0],[0,-1]],[[423,124],[0,1],[-1,0]],[[422,125],[-1,0]],[[421,125],[1,1]],[[422,126],[-1,0]],[[422,126],[1,0]],[[425,126],[0,-1],[1,0],[1,0],[0,1]],[[428,126],[1,0],[1,0],[0,1]],[[488,106],[1,0]],[[489,106],[0,-1],[1,0],[1,0]],[[491,105],[1,0],[1,0]],[[493,105],[0,-1],[1,0],[1,0],[-1,0],[0,-1]],[[494,103],[-1,0],[-1,0],[-1,0],[-1,0],[-1,0],[-1,0],[-1,0]],[[487,103],[0,1],[-1,0],[-1,0],[-1,0],[0,1]],[[484,105],[-1,0],[1,0]],[[487,106],[1,-1],[0,1]],[[610,36],[1,0]],[[611,36],[0,-1],[1,0],[1,0],[1,0],[0,-1],[0,1],[1,0]],[[615,35],[0,-1],[1,0],[1,0],[-1,0],[1,0],[0,-1],[-1,0],[1,0],[0,1],[1,0],[-1,0],[1,0],[1,0],[0,-1]],[[619,33],[1,0],[-1,0]],[[619,33],[-1,0],[1,0]],[[619,33],[-1,0],[-1,0],[0,-1]],[[617,32],[-1,0],[-1,0],[-1,0],[-1,0]],[[613,32],[0,1],[1,0],[1,0],[1,0],[-1,0],[-1,0],[-1,0],[-1,0]],[[612,33],[1,0],[1,0],[0,1],[-1,0],[1,0],[1,0],[-1,0],[-1,0],[0,-1],[0,1],[-1,0],[1,0],[-1,0],[-1,0],[-1,0],[0,1],[-1,0],[-1,0],[1,0],[0,-1]],[[609,34],[-1,0]],[[608,34],[-1,0],[0,1],[-1,0],[0,-1],[0,1],[-1,0],[0,-1],[0,1],[1,0],[1,0],[0,1],[1,0],[-1,0],[-1,0],[1,0],[1,0],[-1,0],[1,0],[1,0],[0,-1],[1,0],[0,1]],[[608,54],[-1,0]],[[607,54],[0,1],[-1,0],[-1,0],[1,0],[0,-1]],[[606,54],[1,0]],[[606,54],[-1,0]],[[605,54],[0,-1]],[[605,54],[-1,0],[-1,0],[-1,0],[-1,0]],[[601,54],[-1,0],[-1,0]],[[599,54],[-1,0]],[[597,54],[0,1]],[[597,55],[1,0]],[[598,55],[1,0],[1,0],[-1,0],[1,0],[1,0],[-1,0],[1,0],[0,1],[1,0],[-1,0],[1,0],[1,0],[1,0],[1,0],[1,0],[1,0],[1,0],[1,0],[-1,0],[0,-1],[-1,0],[1,0],[-1,0],[1,0],[-1,0],[1,0],[0,-1]],[[605,54],[0,0]],[[482,75],[0,-1],[1,0]],[[483,74],[1,0]],[[484,74],[1,0]],[[485,74],[0,-1],[1,0],[1,0]],[[487,73],[0,-1],[1,0],[1,0],[1,0]],[[490,72],[-1,0],[1,0]],[[490,72],[-1,0],[0,-1],[1,0]],[[490,71],[-1,0],[-1,0],[1,0],[-1,0],[-1,0],[-1,0],[1,0],[-1,0],[0,1],[-1,0],[-1,0]],[[484,72],[1,0],[-1,0]],[[484,72],[0,1],[-1,0]],[[483,73],[-1,0]],[[482,73],[-1,0],[0,1],[0,-1],[1,0]],[[482,73],[-1,0],[-1,0],[-1,0],[-1,0]],[[478,73],[0,1],[-1,0],[-1,0]],[[476,74],[1,0],[1,0],[0,1]],[[479,75],[0,-1],[1,0],[0,1]],[[480,75],[0,-1],[1,0],[0,1]],[[544,59],[0,-1],[1,0],[1,0],[1,0],[1,0]],[[551,58],[-1,0],[1,0]],[[551,58],[-1,0],[-1,0],[1,0],[0,-1]],[[549,57],[0,1],[-1,0]],[[548,58],[-1,0],[-1,0],[0,-1]],[[545,57],[0,1],[0,-1]],[[541,57],[-1,0],[-1,0],[-1,0]],[[538,57],[-1,0]],[[537,57],[-1,0],[-1,0]],[[535,57],[0,1],[0,-1]],[[535,57],[0,1],[1,0],[1,0],[-1,0],[1,0],[1,0],[1,0],[1,0],[1,0],[1,0],[-1,0],[-1,0],[-1,0],[-1,0],[1,0],[0,1],[1,0],[0,-1],[1,0],[0,1],[-1,0],[-1,0],[-1,0]],[[538,59],[0,-1],[-1,0],[0,1]],[[585,63],[-1,0],[0,-1]],[[584,62],[1,0]],[[585,62],[0,1]],[[585,63],[1,0],[0,-1]],[[586,62],[1,0],[1,0]],[[588,62],[1,0]],[[589,62],[1,0],[1,0]],[[592,62],[0,-1]],[[592,61],[-1,1]],[[591,62],[0,-1],[-1,0],[1,0],[1,0]],[[592,61],[1,0]],[[593,61],[1,0]],[[594,61],[1,0],[-1,0]],[[594,61],[1,0],[-1,-1],[1,0],[-1,0],[1,0],[-1,0],[-1,0],[-1,0],[-1,0],[-1,0],[-1,0],[-1,0]],[[587,60],[0,1],[-1,0]],[[586,61],[1,0],[-1,0]],[[584,61],[0,1]],[[584,62],[-1,0]],[[583,62],[-1,0],[1,0]],[[583,62],[0,1]],[[588,61],[0,0]],[[588,61],[1,0]],[[467,70],[-1,0],[1,0]],[[467,70],[0,-1],[-1,0],[-1,0],[-1,0],[0,-1],[-1,0],[0,1],[1,0],[-1,0],[-1,0],[-1,0],[0,-1],[-1,0],[1,0],[-1,0],[-1,0],[-1,0],[0,1],[-1,0]],[[457,69],[1,0],[-1,0]],[[457,69],[-1,0],[-1,0],[-1,0]],[[457,69],[1,0],[1,0],[0,1],[1,0],[1,0],[1,0],[1,0],[1,0],[0,1],[1,0],[1,0],[1,0],[1,0],[1,0],[1,0],[0,-1],[-1,0],[1,0],[-1,0],[-1,0],[-1,0]],[[415,125],[0,-1],[0,1]],[[416,125],[0,-1],[0,1]],[[416,125],[1,0]],[[417,125],[1,0]],[[418,125],[0,-1]],[[418,124],[-1,0],[0,-1]],[[415,123],[1,0],[-1,0]],[[415,123],[-1,0],[1,0]],[[415,123],[-1,0],[-1,0]],[[413,123],[0,1],[1,0],[-1,0],[-1,0],[-1,0],[-1,0],[-1,0],[-1,0],[-1,0],[0,-1]],[[407,123],[-1,0]],[[406,123],[-1,1],[0,-1]],[[405,123],[-1,0]],[[404,123],[-1,0],[-1,0]],[[404,123],[0,1]],[[404,124],[1,0],[1,0],[0,1]],[[718,26],[0,1]],[[727,27],[1,0],[1,0],[1,0],[1,0],[-1,0],[1,0],[1,0]],[[732,27],[1,0]],[[733,27],[1,0]],[[733,27],[0,-1],[-1,0]],[[732,26],[-1,0]],[[731,26],[-1,0],[-1,0]],[[729,26],[1,0],[-1,0]],[[729,26],[0,1],[-1,0],[-1,0]],[[727,27],[-1,0],[1,0]],[[727,27],[0,-1]],[[727,27],[1,0],[0,-1]],[[728,26],[-1,0]],[[727,26],[-1,0],[-1,0],[-1,0],[-1,0],[0,-1]],[[723,25],[-1,0],[1,0]],[[723,25],[-1,0],[-1,0],[-1,0],[-1,0]],[[719,25],[-1,0]],[[718,25],[0,1]],[[718,26],[-1,0],[1,0]],[[913,13],[0,-1]],[[913,12],[1,0],[-1,0]],[[913,12],[1,0],[1,0],[1,0]],[[916,12],[1,0],[-1,0]],[[916,12],[0,-1],[1,0],[-1,0],[0,-1]],[[916,10],[1,0]],[[917,10],[1,0]],[[918,10],[1,0]],[[919,10],[1,0]],[[916,10],[-1,0]],[[915,10],[-1,0]],[[914,10],[-1,0]],[[913,10],[-1,0]],[[912,10],[0,-1],[-1,0],[-1,0],[-1,0],[-1,0],[-1,0],[1,0],[0,1]],[[908,10],[-1,0],[1,0]],[[908,10],[1,0]],[[909,10],[1,0]],[[910,10],[0,1],[1,0],[1,0]],[[912,11],[-1,0],[-1,0],[1,0],[-1,0],[0,1],[1,0]],[[911,12],[1,0]],[[912,12],[1,0]],[[913,13],[-1,0]],[[913,11],[0,0]],[[912,11],[1,0]],[[912,11],[0,0]],[[915,11],[0,0]],[[913,11],[1,0]],[[913,12],[0,0]],[[915,11],[-1,0]],[[914,11],[-1,-1]],[[913,10],[0,1]],[[914,10],[0,1]],[[395,177],[0,-1],[1,0]],[[396,176],[-1,0],[1,0]],[[396,176],[1,0],[1,0],[1,0]],[[399,176],[1,0]],[[400,176],[0,-1]],[[398,175],[-1,0],[-1,0]],[[392,175],[-1,0]],[[391,175],[0,1],[-1,0]],[[390,176],[-1,0]],[[389,176],[0,1],[1,0],[-1,0],[1,0],[1,0],[1,0]],[[413,123],[-1,0],[0,-1]],[[409,122],[-1,0],[-1,0],[0,-1]],[[401,121],[0,1],[-1,0]],[[400,122],[1,0],[0,1],[1,0]],[[404,123],[0,-1]],[[404,122],[1,0],[-1,0]],[[404,122],[1,0],[1,0],[1,0],[1,0],[-1,0],[-1,0],[-1,0],[0,1]],[[405,123],[1,0]],[[407,123],[1,0],[1,0],[-1,0],[-1,0]],[[407,123],[1,0],[1,0],[1,0],[1,0],[1,0],[1,0]],[[404,122],[-1,0],[1,0]],[[938,5],[1,-1],[-1,0]],[[938,4],[1,0],[1,0],[1,0],[1,0],[0,-1]],[[942,3],[1,0],[0,1],[0,-1],[1,0],[1,0]],[[945,3],[0,-1],[-1,0],[-1,0],[-1,0]],[[942,2],[-1,0],[-1,0],[0,1]],[[940,3],[-1,0]],[[939,3],[-1,0]],[[938,3],[-1,0]],[[937,3],[-1,0]],[[936,3],[-1,0],[0,1]],[[935,4],[0,-1],[0,1]],[[935,4],[-1,0]],[[934,4],[-1,0],[-1,0]],[[932,4],[-1,0]],[[931,4],[-1,0]],[[930,4],[-1,0],[1,0]],[[935,4],[1,0]],[[936,4],[0,1]],[[939,3],[0,0]],[[942,2],[0,0]],[[942,2],[0,1]],[[770,16],[0,-1],[1,0],[1,0]],[[772,15],[1,0]],[[773,15],[1,0]],[[774,15],[1,0]],[[775,15],[1,0],[1,0]],[[777,15],[-1,0],[1,0]],[[777,15],[0,-1]],[[777,14],[-1,0]],[[776,14],[-1,0]],[[775,14],[-1,0]],[[774,14],[0,1]],[[773,15],[0,-1]],[[772,15],[-1,0],[-1,0],[-1,0],[1,0],[0,-1],[1,0],[0,1],[0,-1],[0,1],[1,0]],[[772,15],[0,-1],[1,0]],[[773,14],[-1,0],[-1,0],[1,0],[1,0]],[[773,14],[1,0]],[[773,14],[0,-1],[-1,0],[0,1],[-1,0],[0,-1],[1,0],[-1,0],[-1,0],[0,1],[-1,0],[1,0],[-1,0],[1,0],[-1,0],[-1,0],[-1,0],[-1,0],[-1,0],[1,0],[1,0],[1,0],[-1,0],[-1,0],[1,0],[1,0],[-1,0],[1,0],[-1,0],[0,1],[1,0],[-1,0],[-1,0],[0,1]],[[766,16],[-1,0]],[[431,142],[1,0]],[[433,142],[0,-1]],[[433,141],[1,0]],[[433,141],[0,-1]],[[433,140],[-1,1]],[[432,141],[0,-1]],[[432,140],[1,0]],[[432,141],[-1,0],[0,-1]],[[431,140],[1,0]],[[431,140],[-1,0]],[[430,140],[-1,0],[1,0]],[[430,140],[-1,0],[0,-1]],[[429,139],[-1,0],[0,1]],[[428,140],[-1,0]],[[428,140],[1,0],[0,1]],[[429,141],[-1,0],[0,-1]],[[427,140],[0,1]],[[427,141],[1,0],[-1,0]],[[427,141],[-1,0]],[[427,141],[0,1]],[[754,16],[1,0],[0,1],[0,-1],[-1,0]],[[754,16],[-1,0]],[[753,16],[-1,0]],[[752,16],[-1,0],[1,0]],[[754,16],[1,0],[-1,0]],[[752,16],[-1,0],[-1,0],[-1,0],[1,0],[0,-1],[1,0],[-1,0],[1,0],[-1,0],[-1,0],[-1,0],[1,0],[0,1],[-1,0],[-1,0],[-1,0],[-1,0],[1,0],[1,0],[1,0],[1,0],[-1,0],[1,0],[-1,0],[1,0],[-1,0],[-1,0],[-1,0],[1,0],[-1,0],[0,1]],[[746,17],[0,-1],[-1,0],[-1,0],[-1,0],[0,1]],[[743,17],[-1,0]],[[743,17],[1,0],[1,0],[1,0]],[[746,17],[1,0],[1,0],[1,0],[-1,0],[1,0],[-1,0],[1,0],[-1,0],[1,0],[0,-1],[0,1],[1,0],[-1,0],[1,0],[1,0],[1,0],[1,0],[1,0],[1,0],[-1,0],[0,-1]],[[429,109],[-1,0],[1,0]],[[429,109],[-1,-1],[1,0],[0,1]],[[429,109],[1,0]],[[430,109],[0,-1],[1,0]],[[431,108],[1,0],[-1,0]],[[431,108],[-1,0],[0,-1]],[[429,107],[-1,0]],[[426,107],[0,1],[-1,0],[-1,0]],[[424,108],[0,1]],[[424,109],[1,0],[1,0]],[[426,109],[1,0]],[[427,109],[1,0],[-1,0]],[[427,109],[1,0],[1,0]],[[494,105],[-1,0]],[[491,105],[0,1],[-1,0],[-1,0]],[[489,106],[1,0],[-1,0]],[[489,106],[0,1],[-1,0]],[[488,107],[1,0],[0,1]],[[489,108],[1,0],[-1,0]],[[489,108],[1,0],[1,0],[1,0],[0,-1],[1,0],[1,0],[0,-1],[-1,0],[1,0],[1,0],[-1,0],[0,-1]],[[590,41],[1,0]],[[591,41],[1,0]],[[592,41],[1,0]],[[593,41],[1,0]],[[594,41],[1,0],[0,-1],[-1,0],[-1,0]],[[593,40],[1,0],[1,0],[1,0],[-1,0],[1,0],[1,0]],[[597,40],[-1,0],[1,0]],[[597,40],[0,-1]],[[597,39],[-1,0],[-1,0],[-1,0]],[[594,39],[1,0],[0,1],[-1,0],[-1,0]],[[593,40],[-1,0]],[[592,40],[-1,0],[1,0]],[[592,40],[0,-1],[1,0]],[[593,39],[-1,0],[1,0]],[[593,39],[-1,0],[-1,0],[-1,0],[-1,0]],[[589,39],[1,0],[-1,1],[-1,0],[1,0],[-1,0],[-1,0]],[[587,40],[1,0],[-1,0]],[[587,40],[0,1]],[[588,41],[1,0],[1,0]],[[411,117],[0,-1],[-1,0],[1,0],[-1,0],[1,0],[1,0]],[[412,116],[-1,0],[-1,0],[1,0],[1,0]],[[412,116],[0,-1]],[[412,115],[-1,0],[1,0]],[[412,115],[-1,0],[-1,0],[-1,0],[1,0],[-1,0],[0,1],[1,0],[-1,0],[-1,0],[0,-1],[-1,0],[-1,0],[-1,0],[0,1],[1,0],[0,1]],[[641,33],[1,0]],[[642,33],[1,0],[1,0]],[[644,33],[1,0],[1,0],[0,-1],[-1,0],[-1,0],[-1,0],[-1,0],[1,0],[1,0],[-1,0],[-1,0],[0,-1],[-1,0],[-1,0],[-1,0],[-1,0],[-1,0],[1,0],[1,0],[0,1],[1,0],[-1,0],[-1,0],[-1,0],[1,0],[-1,0],[0,1],[1,0],[1,0],[1,0],[1,0]],[[607,41],[-1,0],[1,0]],[[607,41],[0,-1],[1,0],[-1,0],[-1,0],[-1,0],[-1,0],[1,0],[0,1]],[[605,41],[-1,0]],[[604,41],[-1,0],[0,-1]],[[603,40],[-1,0]],[[602,40],[-1,0]],[[601,40],[-1,0]],[[600,40],[0,1],[1,0],[1,0],[-1,0],[-1,0],[-1,0],[-1,0],[-1,0],[1,0],[-1,0],[-1,0],[0,1]],[[596,42],[1,0]],[[597,42],[1,0],[1,0],[1,0],[1,0],[0,-1],[0,1],[1,0],[0,-1],[1,0],[1,0]],[[605,41],[1,0],[-1,0]],[[605,41],[1,0],[1,0]],[[920,10],[0,-1]],[[920,9],[-1,0]],[[919,9],[0,-1]],[[919,8],[-1,0]],[[918,8],[-1,0]],[[917,8],[-1,0],[-1,0],[-1,0]],[[914,8],[0,-1],[-1,0],[-1,0],[1,0],[0,1]],[[913,8],[-1,0],[-1,0],[-1,0]],[[913,8],[1,0]],[[914,8],[1,0],[0,1],[1,0],[1,0]],[[917,9],[-1,0],[-1,0],[1,0],[-1,0],[0,1]],[[919,10],[0,0]],[[919,10],[0,-1]],[[919,9],[0,0]],[[917,8],[0,0]],[[919,9],[-1,0]],[[483,93],[0,-1],[1,0]],[[484,92],[1,0]],[[484,92],[0,-1]],[[484,92],[-1,0],[1,0]],[[484,92],[-1,0],[0,-1]],[[483,91],[-1,0]],[[482,91],[-1,0]],[[481,91],[-1,0]],[[479,91],[-1,0]],[[478,91],[-1,0]],[[477,91],[-1,0]],[[476,91],[-1,0]],[[477,91],[0,1],[1,0]],[[478,92],[-1,0],[1,0]],[[478,92],[1,0],[1,0],[0,1],[1,0]],[[481,93],[1,0]],[[520,62],[0,-1]],[[520,62],[1,0]],[[521,62],[0,-1]],[[521,61],[1,0]],[[522,61],[1,0],[1,0],[1,0]],[[525,61],[0,-1]],[[525,60],[1,0]],[[525,60],[-1,0]],[[524,60],[-1,0]],[[523,60],[-1,0]],[[522,60],[-1,0]],[[523,60],[0,1],[-1,0]],[[521,61],[-1,0]],[[520,61],[-1,0],[-1,0]],[[518,61],[0,1]],[[518,62],[-1,0],[0,-1]],[[517,61],[1,0]],[[518,61],[1,0],[-1,0]],[[517,61],[-1,0]],[[516,61],[-1,0]],[[515,61],[-1,0]],[[514,61],[-1,0]],[[513,61],[-1,0],[-1,0],[-1,0],[-1,0]],[[509,61],[1,0],[-1,0]],[[513,61],[-1,0],[-1,0],[1,0],[1,0]],[[513,61],[0,1]],[[513,62],[-1,-1],[0,1]],[[829,19],[1,0]],[[829,19],[0,-1]],[[829,18],[-1,0]],[[829,17],[-1,0],[1,0]],[[829,17],[-1,0],[-1,-1]],[[825,16],[-1,0]],[[824,16],[-1,0]],[[824,16],[0,1]],[[824,17],[1,0]],[[824,17],[-1,0]],[[824,17],[0,1]],[[824,18],[1,0],[1,0],[1,0],[-1,0],[0,1]],[[826,17],[0,0]],[[826,17],[-1,0]],[[779,14],[1,0]],[[780,14],[1,0]],[[781,14],[1,0]],[[782,14],[1,0]],[[783,14],[1,0]],[[784,14],[1,0]],[[785,14],[1,0]],[[786,14],[1,0]],[[787,14],[0,-1]],[[787,13],[-1,0]],[[787,13],[1,0]],[[788,13],[1,0]],[[789,13],[1,0]],[[788,13],[0,-1],[1,0]],[[789,12],[-1,0],[1,0]],[[789,12],[-1,0],[-1,0],[-1,0],[-1,0],[0,1]],[[785,13],[1,0]],[[785,13],[-1,0]],[[784,13],[-1,0]],[[783,13],[-1,0]],[[782,13],[-1,0],[1,0]],[[782,13],[-1,0],[0,1]],[[780,14],[0,-1]],[[780,13],[-1,0]],[[779,13],[0,1]],[[779,14],[-1,0]],[[786,13],[0,0]],[[782,14],[0,0]],[[368,170],[1,0]],[[369,170],[1,0]],[[370,170],[0,-1],[0,1]],[[370,170],[1,0]],[[371,170],[0,-1],[0,1]],[[371,170],[1,0]],[[372,170],[0,-1],[1,0]],[[373,169],[-1,0],[1,0]],[[373,169],[1,0]],[[374,169],[0,1]],[[374,169],[1,0]],[[373,169],[0,-1]],[[373,169],[1,-1]],[[374,168],[0,1]],[[374,168],[1,0]],[[374,168],[-1,0]],[[373,168],[-1,0],[1,0]],[[373,168],[-1,0],[-1,0]],[[371,168],[-1,0]],[[370,168],[0,1],[-1,0]],[[369,169],[-1,0]],[[368,169],[-1,0]],[[367,169],[0,1]],[[367,170],[1,0]],[[369,169],[0,0]],[[368,170],[0,0]],[[430,148],[1,0]],[[431,148],[1,0]],[[432,148],[1,0]],[[433,148],[1,0]],[[433,148],[0,-1],[-1,0],[0,1]],[[430,148],[0,-1],[1,0],[-1,0],[1,0],[-1,0],[-1,0],[-1,0],[-1,0],[-1,0],[-1,0],[-1,0],[-1,0]],[[423,147],[-1,0]],[[422,147],[-1,0],[1,0]],[[422,147],[0,1]],[[422,148],[1,0]],[[423,148],[1,0]],[[424,148],[1,0]],[[425,148],[1,0]],[[426,148],[1,0]],[[427,148],[1,0]],[[428,148],[1,0],[-1,0]],[[428,148],[1,0],[0,-1],[1,0],[0,1]],[[430,148],[-1,0],[1,0]],[[422,147],[0,0]],[[585,83],[0,1],[0,-1]],[[585,83],[0,1],[-1,0],[0,-1],[-1,0],[-1,0],[-1,0],[-1,0],[-1,0]],[[579,83],[-1,0]],[[578,83],[-1,0]],[[577,83],[0,1]],[[577,84],[1,0]],[[578,84],[0,-1]],[[579,83],[0,1]],[[579,84],[-1,0]],[[579,84],[1,0],[1,0],[1,0],[1,0],[1,0],[0,1],[1,0],[0,-1],[1,0],[1,0],[-1,0],[0,-1]],[[476,74],[0,-1],[1,0]],[[477,73],[-1,0],[1,0]],[[477,73],[-1,0],[0,-1],[1,0]],[[477,72],[-1,0],[-1,0],[-1,0],[0,1],[-1,0],[1,0],[-1,0],[-1,0],[0,-1],[-1,0],[1,0],[-1,0],[-1,0],[0,1],[-1,0],[1,0],[0,1]],[[474,74],[1,0],[1,0]],[[436,108],[1,0],[-1,0]],[[436,108],[1,0],[0,-1]],[[437,107],[-1,0],[1,0]],[[437,107],[-1,0],[0,-1],[-1,0],[-1,0]],[[434,106],[-1,0]],[[433,106],[0,-1],[1,0]],[[434,105],[-1,0],[1,0]],[[434,105],[1,0]],[[435,105],[0,1],[1,0],[1,0]],[[437,106],[-1,0],[0,-1]],[[434,105],[-1,0],[-1,0]],[[432,105],[1,0],[-1,0]],[[432,105],[-1,0]],[[431,105],[-1,0]],[[431,105],[0,1]],[[433,106],[-1,0],[1,0]],[[434,106],[0,1]],[[434,107],[1,0],[1,0],[0,1]],[[436,108],[0,-1],[0,1]],[[436,108],[-1,0]],[[953,4],[1,0],[-1,0]],[[953,4],[-1,0],[-1,0]],[[951,4],[-1,0]],[[950,4],[0,-1]],[[950,3],[1,0]],[[951,3],[1,0]],[[952,3],[1,0],[-1,0]],[[952,3],[1,0],[0,-1],[1,0],[-1,0],[-1,0]],[[952,2],[-1,0]],[[951,2],[-1,0],[-1,0],[0,1],[0,-1],[0,1],[-1,0],[-1,0],[-1,0]],[[946,3],[1,0],[-1,0]],[[946,3],[1,0],[0,1],[1,0],[1,0],[-1,0],[1,0],[1,0]],[[951,3],[0,-1]],[[952,2],[0,1]],[[427,121],[0,-1]],[[427,120],[1,0]],[[427,120],[-1,0],[1,0]],[[427,120],[0,-1]],[[427,119],[1,0]],[[427,119],[-1,0],[0,-1],[-1,0]],[[425,118],[-1,0],[-1,0]],[[423,118],[-1,0]],[[423,118],[0,1]],[[423,119],[1,0],[0,1]],[[425,120],[1,0],[0,1]],[[803,19],[0,-1],[1,1]],[[804,19],[0,-1]],[[804,18],[1,0]],[[805,18],[0,1]],[[805,18],[1,0]],[[806,18],[0,1]],[[806,19],[1,0]],[[806,19],[1,-1]],[[807,18],[-1,0]],[[804,18],[-1,0],[-1,0]],[[802,18],[-1,0]],[[801,18],[0,-1]],[[801,18],[-1,0]],[[800,18],[0,-1]],[[800,18],[-1,0]],[[799,18],[-1,0],[-1,0]],[[797,18],[1,0],[-1,0]],[[799,18],[0,1]],[[450,99],[0,-1],[0,1]],[[451,99],[0,-1]],[[451,98],[1,0]],[[451,98],[-1,0],[-1,0]],[[449,98],[1,0],[-1,0]],[[449,98],[-1,0]],[[448,98],[0,1],[0,-1]],[[448,98],[0,1],[-1,0]],[[447,99],[0,-1],[-1,0]],[[446,98],[1,0],[-1,0]],[[446,98],[-1,0]],[[445,98],[-1,0]],[[444,98],[-1,0]],[[443,98],[-1,0]],[[442,98],[-1,0]],[[442,98],[0,1],[1,0]],[[443,99],[1,0]],[[444,99],[1,0],[1,0],[1,0]],[[707,81],[-1,0],[-1,0],[-1,0],[0,-1],[-1,0],[-1,0],[-1,0],[-1,0],[-1,0],[-1,0],[-1,0],[-1,0],[1,0],[1,0],[0,1],[1,0],[1,0],[1,0],[1,0],[1,0],[1,0],[1,0],[1,1],[1,0],[1,0],[0,-1],[-1,0]],[[812,16],[1,0],[1,0],[1,0],[1,0],[0,-1]],[[816,15],[0,1],[1,-1]],[[817,15],[-1,0]],[[816,15],[-1,0]],[[815,15],[-1,0]],[[817,15],[1,0],[1,0]],[[819,15],[-1,0],[1,0]],[[819,15],[0,-1]],[[819,14],[-1,0]],[[818,14],[0,1],[0,-1]],[[819,14],[1,0]],[[820,14],[1,0]],[[821,14],[1,0]],[[822,14],[1,0],[-1,0]],[[821,14],[0,-1]],[[821,13],[-1,0]],[[820,13],[0,1]],[[818,14],[-1,0]],[[817,14],[-1,0]],[[816,14],[-1,0]],[[815,14],[0,1]],[[814,15],[-1,0],[-1,0],[0,1]],[[812,16],[-1,0]],[[820,14],[0,0]],[[669,27],[-1,0],[0,-1]],[[668,26],[-1,0],[-1,0],[1,0],[0,-1],[-1,0]],[[666,25],[0,1],[0,-1]],[[666,25],[-1,0],[-1,0]],[[664,25],[-1,0],[-1,0],[-1,0],[1,0],[1,0],[1,0]],[[664,25],[0,1],[-1,0],[-1,0],[1,0],[-1,0],[1,0],[0,1],[1,0],[1,0],[1,0],[1,0],[1,0],[1,0]],[[380,188],[1,0],[1,0]],[[382,188],[-1,0],[0,-1]],[[380,187],[-1,0],[-1,0],[-1,0],[-1,0],[-1,0],[-1,0],[-1,0],[-1,0]],[[372,187],[1,0],[1,0],[1,0],[1,0],[0,1]],[[378,188],[1,0]],[[379,188],[1,0]],[[380,188],[1,0],[-1,0]],[[870,21],[1,0]],[[871,21],[1,0],[1,0],[-1,0],[1,0],[1,0],[0,-1]],[[874,20],[1,0]],[[874,20],[-1,0]],[[873,20],[-1,0]],[[867,20],[0,1]],[[867,21],[1,0],[1,0],[1,0]],[[873,20],[0,0]],[[638,44],[-1,0],[1,0]],[[638,44],[0,-1],[1,0],[1,0]],[[640,43],[-1,0],[-1,0],[-1,0],[-1,0],[-1,0],[-1,0],[-1,0],[-1,0],[-1,0],[-1,0],[1,0],[-1,0],[-1,0],[1,0],[-1,0],[1,0],[-1,0],[0,1]],[[630,44],[1,0],[-1,0]],[[630,44],[1,0],[1,0],[1,0],[1,0],[-1,0],[1,0],[1,0],[1,0],[-1,0],[1,0],[0,-1],[1,0],[-1,0],[1,0],[-1,0],[-1,0],[1,0],[1,0],[1,0],[-1,0],[0,1],[1,0]],[[555,54],[1,0],[1,0]],[[557,54],[-1,0],[1,0]],[[557,54],[0,-1]],[[556,53],[-1,0],[-1,0],[-1,0],[-1,0],[-1,0],[0,-1]],[[551,52],[-1,0]],[[550,52],[0,1],[-1,0]],[[549,53],[-1,0],[1,0]],[[549,53],[1,0],[1,0],[1,0],[1,0],[-1,0],[-1,0],[-1,0],[0,1]],[[551,54],[1,0]],[[552,54],[1,0]],[[598,46],[1,0]],[[599,46],[1,0]],[[600,46],[0,-1]],[[600,45],[-1,0],[1,0]],[[600,45],[0,-1],[0,1]],[[600,45],[1,0]],[[601,45],[0,-1],[1,0],[-1,0],[1,0],[-1,0],[-1,0],[1,0],[0,-1]],[[601,43],[-1,0]],[[600,43],[0,1],[-1,0]],[[599,44],[-1,0],[-1,0]],[[597,44],[1,0],[-1,0]],[[597,44],[-1,0]],[[596,44],[-1,0]],[[595,44],[0,1]],[[595,45],[1,0]],[[596,45],[1,0]],[[597,45],[1,0],[-1,0]],[[597,45],[0,1]],[[597,46],[1,0]],[[480,100],[1,0]],[[481,100],[1,0]],[[481,100],[0,-1],[1,1]],[[482,100],[0,-1],[1,0],[-1,0],[1,0],[1,0],[1,0],[1,0]],[[487,99],[0,-1],[1,0]],[[488,98],[-1,0],[1,0]],[[488,98],[0,-1]],[[487,97],[0,1],[-1,0],[-1,0]],[[482,98],[0,1],[-1,0],[-1,0],[-1,0]],[[479,99],[0,1]],[[479,100],[1,0]],[[430,94],[0,1]],[[430,94],[1,0]],[[431,94],[1,0]],[[432,94],[1,0]],[[433,94],[1,0]],[[433,94],[0,-1]],[[433,93],[-1,0]],[[432,93],[-1,0],[1,0]],[[432,93],[0,1]],[[431,94],[0,-1],[-1,0]],[[430,93],[1,0],[-1,0]],[[430,93],[-1,0]],[[429,93],[-1,0],[-1,0],[-1,0]],[[426,93],[0,1]],[[426,94],[-1,0]],[[426,94],[1,0]],[[427,94],[1,0],[1,0]],[[429,94],[1,0]],[[402,145],[-1,-1],[1,0]],[[402,144],[1,0],[1,0]],[[404,144],[-1,0],[1,0]],[[404,144],[-1,0],[0,-1],[-1,0],[-1,0],[-1,0],[-1,0]],[[399,143],[-1,0]],[[398,143],[-1,0]],[[397,143],[0,1]],[[398,144],[1,0],[0,1]],[[400,145],[1,-1],[0,1]],[[405,182],[1,0]],[[406,182],[1,0],[0,-1],[-1,0],[1,0],[1,0]],[[408,181],[-1,0],[1,0]],[[407,180],[0,1],[-1,0],[-1,0]],[[401,181],[0,1],[-1,0]],[[400,182],[1,0],[1,0],[1,0],[1,0],[1,0]],[[434,97],[1,0],[1,0],[0,-1],[1,0],[-1,0],[0,-1],[-1,0]],[[435,95],[-1,0]],[[434,95],[0,1],[0,-1]],[[434,95],[0,1],[-1,0]],[[433,96],[0,-1]],[[433,96],[1,0],[-1,0]],[[433,96],[-1,0],[0,-1]],[[432,95],[-1,0]],[[431,95],[0,1]],[[431,96],[1,0],[-1,0]],[[431,96],[1,0],[0,1]],[[433,97],[1,0]],[[567,49],[0,-1],[1,0],[1,0],[-1,0],[1,0],[1,0],[1,0],[1,0],[1,0],[1,0],[-1,0],[-1,0],[1,0],[0,-1],[0,1],[0,-1],[-1,0],[-1,0],[-1,0],[1,0],[-1,0],[-1,0]],[[569,47],[-1,0]],[[568,47],[0,1],[-1,0],[-1,0],[-1,0],[1,0],[1,0],[0,1]],[[416,130],[-1,0],[1,0]],[[416,130],[0,-1]],[[417,130],[0,-1]],[[414,129],[-1,0],[0,-1]],[[412,128],[-1,0]],[[411,128],[0,1],[-1,0],[-1,0]],[[409,129],[1,0],[1,0],[0,1]],[[412,130],[1,0]],[[843,12],[1,0]],[[844,12],[1,0]],[[845,12],[0,-1]],[[845,12],[1,0]],[[846,12],[0,-1],[-1,0]],[[845,11],[1,0],[-1,0]],[[845,11],[-1,0]],[[844,11],[0,1]],[[843,12],[0,-1]],[[843,11],[1,0]],[[845,11],[1,0],[1,0]],[[847,11],[-1,0],[1,0]],[[847,11],[-1,0],[0,-1],[-1,0],[-1,0],[-1,0],[0,1]],[[843,11],[-1,0]],[[842,11],[-1,0],[-1,0],[0,1],[-1,0]],[[838,12],[0,-1],[0,1]],[[839,12],[1,0],[1,0],[1,0],[1,0]],[[843,12],[-1,0],[1,0]],[[425,153],[1,0]],[[426,153],[1,0]],[[427,153],[1,0],[-1,0]],[[427,153],[0,-1],[-1,0],[-1,0]],[[425,152],[-1,0],[-1,0],[-1,0],[-1,0]],[[421,152],[1,0],[-1,0]],[[421,152],[1,0],[1,0],[-1,0],[0,1],[-1,0],[1,0],[-1,0],[1,0],[-1,0],[1,0],[-1,0],[1,0],[1,0],[1,0]],[[424,153],[1,0]],[[426,153],[0,0]],[[752,25],[-1,0]],[[751,25],[0,-1]],[[751,24],[-1,0]],[[750,24],[-1,0]],[[749,24],[-1,0],[1,0]],[[749,24],[0,-1]],[[749,23],[-1,0],[-1,0],[-1,0],[-1,0],[1,0],[-1,0],[0,1],[-1,0]],[[744,24],[1,0],[0,1]],[[745,25],[1,0],[1,0]],[[747,25],[1,0]],[[444,124],[0,-1],[0,1]],[[445,124],[0,-1]],[[445,123],[1,0]],[[445,123],[-1,0],[-1,0]],[[443,123],[-1,0]],[[442,123],[-1,0],[0,1],[0,-1],[-1,0]],[[440,123],[0,1]],[[440,123],[-1,0]],[[439,123],[0,1]],[[439,124],[-1,0]],[[438,123],[0,1]],[[437,123],[0,1],[1,0]],[[438,124],[-1,0],[1,0]],[[439,124],[1,0]],[[444,102],[-1,0],[-1,0],[-1,0],[-1,0],[0,-1]],[[440,101],[-1,0]],[[439,101],[-1,0],[-1,0],[-1,0]],[[436,101],[1,0],[-1,0]],[[436,101],[1,0],[0,1]],[[439,102],[1,0],[1,0],[0,1]],[[442,103],[1,0],[0,-1],[1,0]],[[428,111],[-1,0]],[[427,111],[-1,0]],[[426,111],[-1,0]],[[427,111],[0,-1]],[[427,110],[-1,0],[1,0]],[[427,110],[-1,0],[0,-1]],[[424,109],[-1,0],[1,0]],[[424,109],[-1,0],[0,1],[1,0],[-1,0],[1,0],[-1,0],[0,1],[1,0]],[[424,111],[-1,0],[1,0]],[[424,111],[1,0]],[[504,79],[1,0]],[[506,79],[1,0]],[[507,79],[1,0]],[[508,79],[1,0]],[[509,79],[0,-1]],[[509,78],[1,0]],[[509,78],[-1,0],[-1,0],[-1,0],[-1,0],[-1,0]],[[504,78],[0,-1]],[[504,77],[-1,0],[0,1],[-1,0],[1,0],[1,0]],[[504,78],[1,0],[-1,0]],[[504,78],[-1,0],[0,1]],[[503,79],[1,0]],[[936,2],[1,0],[1,0],[1,0],[0,-1],[1,0],[1,0],[1,0],[-1,0],[1,0],[-1,0],[1,0],[1,0],[0,-1],[0,1],[0,-1],[1,0],[-1,0],[1,0],[-1,0],[-1,0],[-1,0],[-1,0],[1,0],[-1,0],[-1,0],[-1,0],[-1,0],[1,0],[0,1],[-1,0],[-1,0],[-1,0],[-1,0],[1,0],[0,1],[0,-1],[0,1],[1,0]],[[416,149],[0,-1],[-1,0],[-1,0],[-1,0],[1,0],[-1,0],[-1,0]],[[410,148],[0,1]],[[410,149],[-1,0]],[[742,27],[1,1],[1,0]],[[744,28],[0,-1]],[[741,27],[-1,0],[-1,0],[-1,0],[1,0],[1,0],[-1,0],[-1,0],[-1,0],[1,0],[1,0],[0,1],[1,0],[1,0],[1,0],[0,-1]],[[593,44],[1,0]],[[594,44],[0,-1],[1,0]],[[595,43],[-1,0],[-1,0],[1,0],[1,0]],[[595,43],[-1,0],[-1,0],[1,0],[-1,0],[-1,0]],[[588,43],[0,1]],[[588,44],[1,0],[1,0]],[[590,44],[1,0],[1,0],[1,0]],[[463,110],[0,-1]],[[463,109],[1,0]],[[466,109],[-1,0],[1,0]],[[468,109],[0,-1]],[[468,108],[1,0]],[[469,108],[1,0]],[[470,108],[1,0]],[[472,108],[0,-1]],[[472,107],[-1,0],[-1,0],[-1,0]],[[468,107],[0,1]],[[468,108],[-1,0]],[[467,108],[-1,0],[-1,0],[0,1],[1,0]],[[466,109],[0,-1],[0,1]],[[463,109],[-1,0],[1,0]],[[491,98],[1,0]],[[494,98],[0,-1],[1,0],[-1,0],[1,0],[1,0]],[[496,97],[-1,0],[1,0]],[[496,97],[0,-1]],[[496,96],[-1,0],[-1,0]],[[494,96],[-1,0],[-1,0]],[[492,96],[0,1],[-1,0],[-1,0]],[[490,97],[1,0],[1,0],[1,0],[1,0],[-1,0],[-1,0],[1,0],[-1,0],[-1,0],[0,1]],[[611,38],[0,-1]],[[611,37],[1,0],[1,0]],[[615,37],[0,-1]],[[614,36],[-1,0]],[[613,36],[-1,0]],[[612,36],[-1,0]],[[611,36],[0,1]],[[611,37],[-1,0],[0,-1]],[[610,36],[0,1],[-1,0],[-1,0],[1,0],[-1,0],[1,0],[-1,0],[0,1],[1,0],[1,0],[1,0]],[[468,88],[1,0]],[[469,88],[1,0],[1,0]],[[469,88],[1,0],[-1,0]],[[468,88],[-1,0],[0,-1],[-1,0]],[[466,87],[0,1],[0,-1]],[[466,87],[0,1],[-1,0]],[[465,88],[0,-1],[-1,0]],[[464,87],[-1,0]],[[463,87],[0,1],[-1,0]],[[462,88],[-1,0]],[[462,88],[1,0],[-1,0]],[[462,88],[1,0],[1,0]],[[464,88],[-1,0],[1,0]],[[464,88],[1,0]],[[465,88],[1,0],[-1,0]],[[465,88],[1,0],[0,1],[0,-1],[1,0],[1,0]],[[847,13],[1,0]],[[848,13],[1,0]],[[849,13],[0,-1]],[[849,12],[-1,0]],[[848,12],[-1,0]],[[847,12],[-1,0]],[[845,12],[0,1]],[[631,35],[1,0],[0,-1],[1,0],[1,0]],[[634,34],[0,-1],[-1,0],[0,1],[-1,-1]],[[632,33],[-1,0]],[[631,33],[0,1],[-1,0]],[[630,34],[1,0],[-1,0]],[[630,34],[-1,0],[-1,0]],[[628,34],[1,0],[-1,0]],[[628,34],[0,1]],[[755,25],[0,-1],[1,0]],[[756,24],[-1,0],[1,0]],[[756,24],[-1,0],[-1,0],[-1,0],[1,0],[0,-1],[-1,0],[-1,0],[0,1],[0,-1],[-1,0],[0,1]],[[751,24],[1,0],[-1,0]],[[752,25],[1,0],[1,0],[1,0]],[[610,45],[1,0],[-1,0]],[[610,45],[1,0],[1,0]],[[612,45],[-1,0],[1,0]],[[612,45],[0,-1]],[[612,44],[1,0]],[[612,44],[-1,0]],[[611,44],[-1,0]],[[610,44],[-1,0],[-1,0]],[[608,44],[0,1]],[[608,45],[-1,-1]],[[607,44],[-1,0]],[[606,44],[0,1],[1,0],[1,0]],[[608,45],[1,0]],[[609,45],[1,0]],[[385,187],[-1,0],[1,0]],[[385,187],[1,0]],[[386,187],[0,-1]],[[383,186],[-1,1],[-1,0]],[[381,187],[1,0],[1,0],[1,0],[1,0]],[[819,11],[1,0]],[[820,11],[0,-1],[1,0]],[[821,10],[-1,0],[1,0]],[[821,10],[1,0],[-1,0]],[[821,10],[1,0],[0,-1]],[[822,9],[-1,0],[1,0]],[[822,9],[1,0],[-1,0]],[[822,9],[-1,0],[-1,0]],[[820,9],[-1,0],[-1,0],[0,1],[1,0]],[[819,10],[-1,0],[1,0]],[[819,10],[0,1]],[[819,11],[-1,0]],[[818,11],[-1,0]],[[822,9],[0,0]],[[378,146],[0,-1]],[[378,145],[-1,0]],[[377,145],[-1,0],[1,0]],[[377,145],[-1,0],[0,-1]],[[376,144],[0,1],[-1,0]],[[375,145],[0,-1]],[[375,144],[1,0]],[[375,144],[-1,0],[-1,0],[-1,0],[-1,0],[0,1],[1,0],[-1,0],[1,0],[-1,0],[1,0],[1,0]],[[375,145],[1,0],[1,0]],[[377,145],[0,1]],[[668,26],[1,0],[1,0],[1,0],[1,0],[-1,0],[1,0],[1,0],[1,0],[-1,0],[-1,0],[0,-1],[1,0],[-1,0],[1,0],[-1,0],[-1,0],[-1,0],[-1,0],[1,0],[-1,0],[0,1],[-1,0]],[[528,54],[0,-1],[1,0],[1,0]],[[530,53],[-1,0],[1,0]],[[530,53],[1,0]],[[530,53],[0,-1],[0,1]],[[530,53],[-1,0],[0,-1],[0,1],[0,-1],[1,0],[-1,0],[-1,0],[-1,0],[-1,0],[1,0],[-1,0],[0,1],[1,0],[1,0],[-1,0],[-1,0],[-1,0]],[[525,53],[1,0],[1,0],[-1,0],[-1,0]],[[525,53],[-1,0]],[[524,53],[-1,0]],[[525,53],[1,0],[0,1]],[[526,54],[1,0]],[[668,49],[-1,0],[-1,0]],[[666,49],[-1,0]],[[665,49],[0,1],[0,1],[-1,0],[1,0],[1,0],[1,0],[-1,0],[1,0],[0,-1],[1,0],[1,0],[0,-1]],[[621,33],[1,0],[1,0],[1,0]],[[624,33],[1,0]],[[625,33],[1,0]],[[626,33],[0,-1],[1,0],[-1,0],[1,0],[-1,0],[1,0],[1,0],[0,-1],[-1,1],[-1,0],[-1,0],[-1,0],[-1,0],[-1,0],[1,0],[-1,0],[-1,0],[1,0],[0,1],[0,-1],[-1,0],[0,1]],[[621,33],[1,0],[-1,0]],[[440,141],[1,0],[1,0],[-1,0],[-1,0]],[[440,141],[-1,0],[0,-1]],[[437,140],[-1,0]],[[436,140],[0,-1]],[[436,140],[0,1],[1,0],[1,0],[1,0],[1,0]],[[468,134],[0,-1]],[[464,133],[0,1]],[[464,134],[0,1],[1,0]],[[465,135],[0,-1],[1,0],[1,0],[1,0]],[[464,87],[0,-1],[1,0],[1,0],[1,0],[1,0],[0,-1],[-1,0],[-1,0],[-1,0],[-1,0],[1,0],[-1,0],[1,0],[-1,0],[-1,0],[1,0],[1,0],[-1,0],[0,1],[1,0],[0,-1],[0,1],[0,-1],[1,0],[0,1],[-1,0],[-1,0],[1,0],[-1,0],[-1,0],[-1,0],[-1,0],[1,0],[-1,0],[1,0],[-1,0],[1,0],[0,1],[0,-1],[0,1],[-1,0]],[[461,87],[0,-1],[-1,0]],[[461,87],[-1,0]],[[461,87],[1,0],[1,0]],[[943,5],[-1,0],[-1,0]],[[943,5],[0,1],[1,0],[1,0],[1,0]],[[946,6],[1,0],[1,0],[0,-1],[-1,0],[-1,0],[-1,0],[-1,0],[1,0],[-1,0],[-1,0]],[[442,168],[1,0]],[[444,168],[0,-1]],[[444,167],[1,0]],[[444,167],[0,-1]],[[444,166],[-1,0]],[[383,146],[0,-1]],[[383,145],[-1,0],[-1,0],[-1,0],[-1,0],[0,-1]],[[379,144],[0,1],[1,0],[0,-1]],[[380,144],[-1,0]],[[379,144],[0,1],[0,-1]],[[379,144],[0,1],[-1,0]],[[378,145],[0,-1]],[[378,145],[1,0],[0,1]],[[449,102],[1,0]],[[450,102],[1,0]],[[451,102],[1,0]],[[452,102],[0,-1]],[[452,101],[-1,0]],[[451,101],[-1,0],[0,-1]],[[449,100],[0,1],[-1,0]],[[448,101],[1,0],[-1,0]],[[448,101],[0,1]],[[448,102],[1,0]],[[473,102],[0,-1],[1,0],[1,0]],[[479,101],[-1,0],[0,-1]],[[478,100],[-1,0]],[[477,100],[-1,0]],[[476,100],[-1,0],[1,0]],[[476,100],[-1,0],[0,1]],[[475,101],[-1,0],[-1,0],[-1,0],[-1,0]],[[471,101],[0,1]],[[404,130],[1,0],[1,0]],[[406,130],[0,-1]],[[406,129],[1,0]],[[406,129],[-1,0],[-1,0],[1,0],[-1,0],[-1,0],[-1,0],[-1,0],[-1,0],[0,1],[1,0],[1,0],[1,0],[1,0]],[[747,19],[0,1],[1,0]],[[748,20],[0,-1]],[[748,19],[-1,0]],[[748,19],[1,0]],[[749,19],[1,0]],[[750,19],[1,0],[1,0],[-1,0],[-1,0]],[[747,19],[-1,0],[1,0]],[[747,19],[-1,0],[-1,0],[-1,0],[1,0],[-1,0],[1,0],[1,0],[-1,0],[-1,0],[-1,0],[1,0],[-1,0],[-1,0],[0,1],[-1,0],[1,0],[-1,0],[1,0],[1,0],[1,0],[1,0],[1,0],[1,0],[0,-1]],[[413,97],[0,-1]],[[413,96],[1,0]],[[414,96],[1,0]],[[416,96],[0,-1]],[[416,95],[-1,0]],[[415,95],[-1,0],[1,0]],[[415,95],[-1,0],[-1,0]],[[413,95],[0,1]],[[413,95],[1,0],[0,1]],[[414,96],[0,-1],[0,1]],[[413,96],[-1,0]],[[412,96],[-1,0]],[[411,96],[-1,0]],[[410,96],[-1,0],[1,0]],[[410,96],[0,1],[0,-1]],[[410,96],[1,1]],[[411,97],[-1,0],[1,0]],[[369,171],[1,0]],[[370,171],[1,0]],[[371,171],[1,0]],[[372,171],[0,-1]],[[372,170],[1,0]],[[370,170],[0,1]],[[369,171],[0,-1]],[[367,170],[0,1]],[[367,171],[-1,0]],[[367,171],[1,0]],[[368,171],[1,0]],[[369,171],[0,1],[0,-1]],[[454,74],[0,-1]],[[454,73],[-1,0]],[[453,73],[-1,0]],[[452,73],[-1,0]],[[451,73],[-1,0]],[[450,73],[-1,0],[1,0]],[[450,73],[-1,0],[-1,0],[1,0],[-1,0],[1,0],[-1,0],[0,1],[1,0],[1,0],[1,0]],[[459,98],[0,-1]],[[459,97],[-1,0],[1,0]],[[459,97],[-1,0],[-1,0],[-1,0],[-1,0]],[[455,97],[-1,0]],[[455,97],[1,0],[1,0],[0,1]],[[454,97],[-1,0]],[[453,97],[-1,0]],[[452,97],[-1,0]],[[454,97],[0,1]],[[531,60],[0,-1]],[[528,59],[-1,0]],[[527,59],[0,-1]],[[527,58],[-1,0]],[[526,58],[0,1]],[[526,58],[-1,0]],[[525,58],[0,1]],[[525,59],[1,0]],[[525,59],[-1,0]],[[524,59],[-1,0]],[[526,59],[1,0]],[[527,59],[0,1]],[[528,59],[0,1]],[[528,60],[1,0],[1,0]],[[537,48],[-1,0],[-1,0],[1,0],[-1,0],[-1,0],[0,-1],[1,0],[-1,0],[-1,0],[-1,0],[0,1]],[[532,48],[1,0],[1,0],[0,1],[1,0],[1,0],[0,-1],[1,0]],[[391,149],[-1,0]],[[387,149],[0,1]],[[387,150],[1,0],[-1,0]],[[387,150],[1,0],[1,0],[1,0],[1,0],[-1,0],[1,0],[1,0],[-1,0],[0,-1]],[[439,93],[1,0]],[[439,93],[0,-1],[1,0]],[[440,92],[1,0]],[[441,92],[0,-1]],[[441,91],[-1,0]],[[440,91],[0,1]],[[440,92],[-1,0],[-1,0],[-1,0],[-1,0]],[[436,92],[0,1]],[[436,93],[-1,0],[1,0]],[[436,93],[1,0]],[[437,93],[1,0]],[[438,93],[1,0]],[[402,155],[1,0]],[[403,155],[0,-1]],[[403,154],[1,0]],[[403,154],[-1,0]],[[402,154],[-1,0],[1,0]],[[402,154],[0,-1]],[[402,153],[-1,0]],[[400,153],[0,1],[0,1]],[[400,155],[0,-1],[1,0],[0,1]],[[401,155],[1,0]],[[488,68],[1,0]],[[488,68],[-1,0],[-1,0],[-1,0],[-1,0],[-1,0],[-1,0],[1,0],[-1,0],[0,1],[1,0],[1,0],[1,0],[1,0],[-1,0],[1,-1],[-1,0],[1,0],[-1,0],[1,0],[1,0],[1,0]],[[823,18],[0,-1]],[[823,17],[-1,0],[-1,0],[-1,0],[-1,0],[0,1]],[[425,150],[0,-1],[1,0],[-1,0],[1,0],[1,0]],[[427,149],[1,0]],[[427,149],[0,-1]],[[425,148],[0,1],[0,-1]],[[425,148],[0,1],[-1,0]],[[424,149],[1,0],[-1,0]],[[424,149],[-1,0]],[[423,149],[-1,0]],[[423,149],[0,1],[1,0],[1,0]],[[424,149],[0,0]],[[385,167],[1,0]],[[386,167],[0,-1]],[[384,166],[-1,0]],[[383,166],[-1,0]],[[382,166],[0,1]],[[382,167],[-1,0]],[[382,167],[1,0]],[[804,12],[0,-1],[-1,0]],[[803,11],[1,0],[-1,0]],[[803,11],[-1,0],[-1,0],[-1,0],[1,0],[-1,0],[-1,0],[-1,0],[1,0],[0,1]],[[799,12],[-1,0]],[[486,66],[-1,0],[1,0]],[[486,66],[-1,0],[-1,0],[-1,0],[-1,0],[-1,0],[1,0],[-1,0],[1,0],[-1,0],[-1,0],[1,0],[0,1],[0,-1],[1,0],[0,1],[-1,0],[1,0],[1,0],[1,0],[1,0],[1,0],[1,0],[-1,0],[0,-1]],[[541,46],[1,0],[1,0],[1,0],[1,0],[1,0],[1,0],[1,0],[-1,0],[-1,0],[1,0],[-1,0],[-1,0],[0,-1],[-1,0],[-1,0],[-1,0],[0,1],[-1,0]],[[436,110],[-1,0]],[[435,110],[-1,0],[0,-1]],[[434,109],[-1,0]],[[433,109],[-1,0],[1,0]],[[433,109],[0,1],[-1,0],[1,0],[1,0],[0,1],[1,0],[1,0],[0,-1]],[[667,33],[0,-1],[-1,0],[-1,0],[-1,0]],[[664,32],[-1,0],[-1,0],[-1,0]],[[661,32],[0,1],[1,0],[1,0],[1,0],[1,0],[1,0],[1,0]],[[435,92],[1,0]],[[436,92],[0,-1]],[[436,91],[1,0]],[[437,91],[1,0]],[[438,91],[1,0]],[[436,91],[-1,0],[-1,0]],[[434,91],[1,0],[-1,0]],[[434,91],[-1,0]],[[434,91],[0,1]],[[434,92],[1,0]],[[435,92],[0,-1],[0,1]],[[702,21],[1,0],[-1,0]],[[702,21],[1,0],[0,1]],[[704,22],[1,0],[1,0],[1,0],[-1,0],[0,-1],[-1,0],[-1,0],[1,0],[-1,0],[-1,0],[-1,0]],[[829,12],[1,0],[1,0],[1,0],[1,0],[0,-1],[1,0],[-1,0],[-1,0]],[[832,11],[-1,0],[-1,0],[-1,0],[0,1]],[[829,12],[-1,0]],[[416,117],[-1,0]],[[415,117],[-1,0]],[[414,117],[0,-1],[1,0]],[[415,116],[-1,0],[-1,0],[-1,0]],[[412,116],[0,1]],[[413,117],[1,0]],[[520,84],[-1,0]],[[519,84],[-1,0],[-1,0]],[[520,84],[0,1]],[[519,85],[0,-1]],[[517,84],[1,0],[0,1]],[[520,85],[1,0],[0,-1],[-1,0]],[[507,61],[1,0]],[[508,61],[1,0]],[[507,61],[-1,0]],[[506,61],[-1,0]],[[505,61],[-1,0]],[[504,61],[0,-1]],[[504,60],[-1,0]],[[503,60],[-1,0]],[[503,60],[0,1]],[[503,61],[-1,0]],[[503,61],[1,0]],[[451,97],[0,-1]],[[451,96],[-1,0],[1,0]],[[451,96],[-1,0],[-1,0],[-1,0]],[[448,96],[-1,0]],[[447,96],[-1,0]],[[447,96],[0,1]],[[447,97],[1,0]],[[448,97],[1,0],[1,0],[1,0]],[[399,177],[-1,0],[1,0]],[[399,177],[0,-1]],[[401,176],[0,-1]],[[396,176],[0,1]],[[449,120],[1,0]],[[450,120],[1,0]],[[451,120],[1,0]],[[452,120],[0,-1]],[[452,119],[1,0]],[[452,119],[-1,0]],[[451,119],[-1,0]],[[450,119],[-1,0]],[[449,119],[-1,0],[-1,0]],[[447,119],[1,0],[-1,0]],[[447,119],[0,1]],[[447,120],[1,0]],[[448,120],[1,0]],[[449,120],[0,0]],[[420,125],[1,0]],[[422,125],[0,-1]],[[419,124],[0,1]],[[419,125],[-1,0]],[[419,125],[1,0]],[[747,18],[-1,0],[-1,0],[-1,0],[-1,0],[-1,0],[1,0],[-1,0],[-1,0],[-1,0],[-1,0],[-1,0],[-1,0],[1,0],[1,0],[1,0],[1,0],[1,0],[1,0],[1,0],[1,0],[1,0],[1,0]],[[747,18],[1,0]],[[851,12],[1,0]],[[851,12],[-1,0]],[[852,12],[1,0]],[[852,12],[0,-1]],[[852,11],[1,1]],[[853,12],[0,-1],[-1,0]],[[852,11],[1,0],[-1,0]],[[852,11],[-1,0]],[[852,11],[1,0],[1,0],[-1,0],[1,0],[0,-1],[-1,0],[0,1],[-1,0]],[[851,11],[-1,0]],[[850,11],[0,1]],[[850,12],[-1,0]],[[850,12],[0,0]],[[851,11],[0,0]],[[409,128],[1,0]],[[410,128],[1,0]],[[409,128],[0,-1]],[[408,127],[0,1],[0,-1]],[[407,127],[0,1],[-1,0],[1,0],[-1,0],[1,0],[-1,0],[1,0],[-1,0],[1,0],[1,0],[1,0]],[[409,128],[-1,0],[0,1]],[[409,129],[0,-1]],[[644,34],[0,-1]],[[642,33],[0,1],[-1,0],[1,0],[0,-1]],[[641,33],[0,1],[-1,0],[-1,0],[1,0],[1,0],[1,0],[1,0],[1,0]],[[513,60],[1,0]],[[514,60],[0,-1],[-1,0],[1,0],[-1,0],[-1,0],[-1,0]],[[511,59],[-1,0]],[[510,59],[-1,0],[0,-1]],[[509,58],[-1,0]],[[508,58],[0,1],[-1,0]],[[507,59],[1,0],[-1,0]],[[507,59],[1,0],[1,0],[1,0]],[[511,59],[0,1]],[[511,60],[1,0]],[[512,60],[1,0]],[[419,118],[0,-1]],[[419,117],[1,0]],[[420,117],[1,0]],[[419,117],[-1,0]],[[418,117],[-1,0],[1,0]],[[418,117],[-1,0],[0,-1]],[[417,116],[0,1],[0,-1]],[[417,116],[-1,0],[-1,0]],[[415,116],[0,1]],[[416,117],[1,0],[-1,0]],[[416,117],[1,0],[1,0]],[[418,117],[0,1]],[[567,45],[1,0]],[[567,45],[-1,0],[1,0]],[[567,45],[0,-1],[-1,0]],[[566,44],[0,1],[-1,0],[1,0],[-1,0],[0,-1]],[[565,44],[-1,0]],[[564,44],[-1,0],[0,1],[1,0],[1,0],[1,0],[1,0]],[[725,25],[-1,0]],[[724,25],[-1,0]],[[723,25],[-1,0],[0,-1]],[[718,24],[1,1]],[[586,40],[1,0]],[[587,40],[0,-1],[-1,0],[-1,0],[1,0],[-1,0],[0,1]],[[585,40],[0,-1],[0,1]],[[585,40],[-1,-1],[0,1]],[[584,40],[0,-1],[0,1]],[[584,40],[-1,0]],[[583,40],[-1,0]],[[584,40],[1,0]],[[585,40],[1,0]],[[499,83],[-1,0]],[[498,83],[-1,0]],[[497,83],[-1,0]],[[496,83],[-1,0]],[[496,83],[0,1]],[[895,20],[0,-1]],[[895,19],[-1,0]],[[894,19],[-1,0]],[[893,19],[-1,0],[-1,0],[1,0],[0,1]],[[893,20],[0,-1]],[[894,19],[0,1]],[[440,96],[0,-1]],[[440,95],[1,0],[-1,0]],[[440,95],[-1,0]],[[439,95],[-1,0],[0,-1]],[[438,94],[-1,0]],[[437,94],[-1,0]],[[437,94],[0,1],[1,0],[1,0]],[[439,95],[0,1]],[[439,96],[1,0]],[[449,115],[1,0],[0,-1]],[[450,114],[-1,0],[-1,0]],[[448,114],[1,0],[-1,0]],[[448,114],[-1,0]],[[447,114],[-1,0]],[[446,114],[-1,0],[-1,0],[1,0],[1,0]],[[446,114],[0,1],[1,0]],[[447,115],[1,0]],[[448,115],[1,0]],[[434,149],[0,-1]],[[434,148],[1,0]],[[431,148],[0,1]],[[424,98],[0,-1]],[[424,97],[1,0],[1,0]],[[424,97],[1,0],[-1,0]],[[421,97],[0,1]],[[422,98],[0,-1]],[[423,97],[0,1]],[[637,41],[1,0]],[[638,41],[1,-1],[0,1]],[[639,41],[0,-1],[1,0]],[[640,40],[-1,0],[-1,0],[-1,0]],[[640,40],[-1,0],[1,0]],[[636,40],[-1,0]],[[636,40],[0,1],[-1,0],[1,0],[-1,0],[1,0],[-1,0],[1,0],[1,0]],[[637,41],[0,-1]],[[637,40],[1,1]],[[566,88],[1,0]],[[567,88],[0,-1]],[[567,87],[1,0]],[[568,87],[1,0]],[[569,87],[1,0]],[[570,87],[1,0]],[[571,87],[1,0],[-1,0]],[[567,87],[-1,0]],[[566,87],[0,1]],[[871,25],[1,0]],[[872,25],[1,0]],[[873,25],[1,0],[-1,0]],[[873,25],[1,0],[0,-1]],[[874,24],[-1,0]],[[873,24],[-1,0],[1,0]],[[873,24],[-1,0],[-1,0],[0,1]],[[871,25],[-1,0]],[[871,25],[0,0]],[[475,92],[1,0]],[[475,92],[-1,0]],[[474,92],[-1,0],[-1,0],[-1,0]],[[471,92],[-1,0],[-1,0],[-1,0]],[[474,92],[0,1]],[[475,93],[0,-1]],[[498,67],[1,0]],[[499,67],[0,1],[1,0],[0,-1]],[[500,67],[0,1],[1,0],[1,0]],[[502,68],[-1,0],[1,0]],[[502,68],[0,-1]],[[500,67],[-1,0]],[[498,67],[-1,0]],[[497,67],[0,1],[-1,0],[-1,0],[-1,0],[1,0],[1,0],[1,0],[-1,0],[1,0],[1,0],[0,-1]],[[455,74],[0,-1],[1,0],[1,0],[-1,0],[-1,0],[0,-1],[-1,0],[1,0],[-1,0],[-1,0]],[[453,72],[0,1]],[[454,73],[1,0],[0,1]],[[455,74],[0,-1],[0,1]],[[438,112],[1,0]],[[439,112],[1,0]],[[440,112],[1,0],[1,0],[0,-1]],[[443,111],[1,0]],[[439,111],[1,0],[-1,0]],[[438,111],[-1,0],[0,1],[-1,0],[1,0],[1,0]],[[499,66],[0,1]],[[498,66],[0,1]],[[497,67],[-1,0],[-1,0],[1,0],[1,0]],[[593,88],[1,0]],[[594,88],[1,0],[1,0]],[[596,88],[0,-1],[-1,0],[0,1],[0,-1],[-1,0],[-1,0],[0,1]],[[593,88],[-1,0]],[[630,34],[0,-1],[1,0]],[[631,33],[-1,0],[-1,0],[1,0],[-1,0],[-1,0],[-1,0],[1,0],[-1,0],[-1,0]],[[626,33],[0,1]],[[626,34],[1,0],[1,0]],[[387,178],[0,-1],[1,0],[-1,0],[-1,0],[-1,0],[-1,0],[1,0],[1,0],[0,1]],[[386,178],[1,0]],[[445,90],[0,-1]],[[445,89],[1,0],[0,1]],[[446,90],[0,-1],[0,1]],[[446,90],[1,0],[0,-1],[1,0]],[[448,89],[-1,0],[1,0]],[[448,89],[0,-1]],[[448,89],[-1,0],[-1,0],[-1,0]],[[445,89],[1,0],[-1,0]],[[445,89],[-1,0]],[[444,89],[-1,0]],[[443,89],[0,1]],[[443,90],[1,0],[1,0]],[[425,115],[-1,0],[-1,0],[1,0],[1,0]],[[425,115],[0,-1],[-1,0],[1,0],[-1,0],[0,1],[0,-1],[0,1],[0,-1],[-1,0],[0,1],[0,-1],[-1,0],[1,0],[0,1],[-1,0],[1,0],[-1,0],[1,0],[-1,0],[-1,0],[1,0],[-1,0],[-1,0],[1,0],[1,0],[1,0],[1,0],[-1,0],[1,0],[1,0]],[[433,114],[1,0]],[[434,114],[1,0]],[[435,114],[1,0]],[[436,114],[0,-1]],[[436,113],[1,0]],[[436,113],[-1,0],[-1,0]],[[434,113],[1,0],[-1,0]],[[434,113],[-1,0]],[[433,113],[-1,0]],[[432,113],[0,1],[-1,0],[1,0],[1,0]],[[525,67],[1,0]],[[526,67],[1,0]],[[525,67],[-1,0],[-1,0]],[[523,67],[-1,0]],[[523,67],[1,0],[-1,0]],[[379,177],[-1,0],[0,-1]],[[378,176],[0,1],[0,-1]],[[378,176],[-1,0]],[[377,176],[0,1]],[[377,176],[-1,0],[1,0]],[[377,176],[-1,0],[-1,0]],[[375,176],[1,0],[0,1]],[[517,66],[1,0],[-1,0]],[[517,66],[1,0],[1,0],[1,0],[1,0]],[[521,66],[-1,0],[0,-1]],[[518,65],[0,1],[0,-1]],[[517,65],[0,1]],[[525,66],[1,0]],[[526,66],[0,-1]],[[526,65],[1,0]],[[523,65],[0,1]],[[523,66],[1,0],[1,0]],[[462,127],[1,0]],[[463,127],[0,-1],[0,1]],[[463,127],[0,-1],[1,0],[-1,0],[1,0],[-1,0],[1,0],[0,-1],[-1,0],[-1,0]],[[462,125],[1,1],[-1,0],[0,1]],[[488,80],[-1,0],[1,0]],[[488,80],[-1,0],[-1,0],[-1,0],[1,0],[-1,0],[1,0],[1,0],[0,1],[1,0],[0,-1]],[[524,55],[0,-1]],[[524,54],[1,0]],[[524,54],[-1,0]],[[523,54],[-1,0]],[[522,54],[-1,0]],[[521,54],[0,1],[-1,0],[-1,0]],[[519,55],[1,0],[1,0],[1,0]],[[501,110],[0,-1]],[[501,109],[-1,0],[0,-1]],[[499,108],[0,1]],[[499,109],[1,0],[-1,0]],[[499,109],[1,0],[0,1]],[[500,110],[0,-1],[0,1]],[[500,110],[1,0]],[[453,98],[1,0]],[[498,72],[0,-1],[1,0]],[[499,71],[-1,0],[-1,0],[-1,0],[0,1]],[[380,169],[0,-1]],[[380,168],[1,0]],[[381,168],[0,1]],[[381,168],[1,0]],[[380,168],[-1,0],[-1,0],[1,0],[1,0]],[[447,103],[-1,0],[1,0]],[[447,103],[1,0]],[[448,103],[0,-1]],[[448,102],[-1,0],[-1,0]],[[446,102],[1,0],[-1,0]],[[446,102],[-1,0]],[[445,102],[0,1]],[[445,103],[1,0],[1,0]],[[454,69],[-1,0],[-1,0],[0,1],[1,0],[1,0],[-1,0],[1,0],[1,0],[1,0],[-1,0],[1,0],[-1,0],[1,0],[1,0],[0,-1]],[[859,22],[1,0]],[[860,22],[1,0]],[[859,22],[-1,0]],[[858,22],[-1,0]],[[441,122],[1,0]],[[442,122],[1,0]],[[443,122],[0,-1]],[[443,121],[-1,0]],[[442,121],[-1,0]],[[441,121],[0,1]],[[441,122],[-1,0]],[[614,41],[1,0],[1,0],[0,1]],[[616,42],[1,0]],[[617,42],[1,0],[1,0],[0,-1],[-1,0],[-1,0],[-1,0],[-1,0],[-1,0]],[[432,95],[1,0]],[[433,95],[1,0]],[[432,95],[0,-1]],[[432,94],[-1,1]],[[431,95],[0,-1]],[[495,62],[-1,0],[1,0]],[[495,62],[0,-1]],[[495,61],[1,0],[-1,0]],[[495,61],[-1,0]],[[494,61],[-1,0]],[[493,61],[-1,0],[1,0]],[[493,61],[0,1],[-1,0]],[[491,67],[1,0]],[[492,67],[1,0],[1,0],[-1,0],[0,-1]],[[493,66],[1,0],[0,1],[0,-1],[1,0]],[[495,66],[-1,0],[1,0]],[[495,66],[-1,0],[-1,0]],[[491,66],[1,0],[-1,0]],[[491,66],[0,1]],[[811,17],[0,-1]],[[811,16],[-1,0],[-1,0]],[[809,16],[-1,0]],[[808,16],[-1,0]],[[807,16],[0,1]],[[807,17],[1,0]],[[808,17],[1,0],[1,0],[1,0]],[[809,10],[1,0],[1,0]],[[811,10],[1,0]],[[812,10],[0,-1]],[[812,9],[-1,0],[1,0]],[[812,9],[-1,0],[-1,0],[1,0],[-1,0],[1,0],[-1,0],[-1,0],[1,0],[-1,0],[1,0],[0,1],[-1,0]],[[731,26],[0,-1],[-1,0]],[[730,25],[-1,0]],[[728,25],[-1,0],[0,1]],[[728,26],[1,0]],[[409,166],[1,0]],[[410,166],[1,0],[-1,0]],[[410,166],[0,-1]],[[409,166],[-1,0],[1,0]],[[409,166],[0,-1]],[[408,165],[0,1],[-1,0]],[[407,166],[1,0],[-1,0]],[[407,166],[1,0],[1,0]],[[406,130],[1,0]],[[404,130],[0,1],[1,0],[1,0],[0,-1]],[[888,12],[1,0],[0,-1]],[[889,11],[1,0],[1,0],[-1,0],[-1,0]],[[888,11],[-1,0]],[[888,11],[0,1]],[[512,83],[1,0],[1,0],[1,0]],[[514,82],[1,0],[-1,0]],[[512,82],[1,0],[0,1],[-1,0]],[[512,83],[-1,0]],[[491,119],[1,0]],[[491,119],[0,-1]],[[491,118],[-1,0]],[[490,118],[0,1],[-1,0],[1,0],[1,0]],[[378,160],[-1,0]],[[377,160],[0,1]],[[377,161],[-1,0]],[[376,161],[0,-1]],[[377,161],[1,0]],[[418,138],[0,1],[0,-1]],[[418,138],[0,1],[1,0],[0,-1],[0,1],[1,0],[1,0],[0,-1]],[[361,179],[1,0]],[[362,179],[0,-1]],[[362,178],[-1,0]],[[361,178],[-1,0]],[[360,178],[-1,0]],[[360,178],[0,1]],[[360,179],[-1,0],[1,0]],[[360,179],[1,0]],[[597,47],[1,0]],[[598,47],[1,0]],[[599,47],[-1,-1]],[[597,46],[-1,0],[-1,0]],[[595,46],[1,0],[0,1]],[[608,54],[1,0]],[[608,54],[0,-1]],[[644,41],[-1,0]],[[641,41],[-1,1],[0,-1]],[[640,41],[0,1],[-1,-1]],[[639,41],[0,1],[1,0],[1,0],[1,0],[1,0],[1,0],[0,-1]],[[404,184],[1,0]],[[405,184],[0,-1]],[[405,183],[1,0],[-1,0]],[[402,183],[0,1]],[[420,126],[1,0]],[[421,126],[0,-1]],[[418,125],[0,1],[1,0]],[[419,126],[1,0]],[[420,126],[0,-1]],[[672,33],[1,0]],[[673,33],[0,-1],[-1,0],[-1,0],[-1,0],[0,1]],[[670,33],[-1,0],[1,0]],[[405,158],[0,-1],[-1,0]],[[404,157],[1,0],[-1,0]],[[404,157],[-1,0]],[[403,157],[-1,0]],[[402,157],[-1,0]],[[402,157],[0,1]],[[744,28],[1,0],[-1,0]],[[744,28],[1,0],[1,0],[1,0],[1,0],[1,0],[1,0],[1,0],[-1,0],[-1,0],[-1,0],[1,0],[1,0],[-1,0],[-1,0],[-1,0],[-1,0],[-1,0],[-1,0]],[[387,155],[1,0]],[[388,155],[0,-1]],[[386,154],[1,0],[0,1]],[[387,155],[-1,0]],[[578,48],[1,0],[-1,0]],[[578,48],[0,-1]],[[576,47],[0,1],[1,0]],[[577,48],[1,0]],[[451,96],[1,0],[0,1]],[[453,97],[0,-1],[-1,0],[-1,0]],[[497,89],[-1,0],[1,0]],[[497,89],[1,0]],[[498,89],[1,0]],[[499,89],[0,-1]],[[498,88],[-1,0],[-1,0]],[[496,88],[0,1],[-1,0]],[[495,89],[1,0],[1,0]],[[574,84],[1,0],[-1,0]],[[574,84],[1,0],[1,0]],[[574,84],[0,-1]],[[574,83],[-1,0],[1,0]],[[574,84],[-1,0]],[[573,84],[0,-1],[-1,0],[0,1],[1,0]],[[573,84],[-1,0],[1,0]],[[762,16],[-1,0],[1,0]],[[762,16],[1,0]],[[763,16],[1,0]],[[764,16],[1,0]],[[762,16],[-1,0],[-1,0],[1,0],[1,0]],[[784,13],[0,-1],[-1,0],[-1,0],[-1,0],[1,0],[0,1]],[[437,100],[-1,0]],[[436,100],[0,-1]],[[436,99],[-1,0],[-1,0]],[[434,99],[0,1]],[[361,181],[0,-1]],[[361,180],[-1,0]],[[360,180],[0,1]],[[458,96],[1,0]],[[458,96],[-1,0]],[[457,96],[-1,0]],[[456,96],[-1,0]],[[455,96],[0,-1]],[[455,95],[-1,0],[1,0]],[[455,95],[-1,0],[0,1]],[[454,96],[1,0]],[[427,129],[0,-1]],[[521,68],[0,-1],[-1,0],[-1,0],[-1,0],[0,1]],[[518,68],[1,0],[-1,0]],[[517,68],[-1,0]],[[828,13],[0,-1]],[[828,12],[-1,0],[-1,0],[1,0],[-1,0],[0,1]],[[540,51],[-1,0],[1,0]],[[540,51],[-1,0],[0,-1]],[[539,50],[0,1],[0,-1]],[[539,50],[-1,0]],[[538,50],[-1,0]],[[537,50],[0,1]],[[537,50],[-1,0],[-1,0]],[[535,50],[-1,0],[1,0]],[[535,50],[0,1]],[[535,51],[-1,0]],[[535,51],[1,0]],[[536,51],[1,0]],[[537,51],[1,0],[-1,0]],[[537,51],[1,0],[1,0],[1,0]],[[501,89],[0,1]],[[501,90],[1,0],[-1,0]],[[501,90],[1,0],[1,0]],[[602,59],[1,0],[0,-1]],[[603,58],[0,1],[0,-1]],[[603,58],[1,0]],[[604,58],[1,0]],[[603,58],[-1,0],[-1,0],[-1,0]],[[600,58],[0,1]],[[600,59],[1,0],[-1,0]],[[600,59],[1,0],[1,0]],[[500,96],[0,-1],[1,0],[-1,0],[-1,0],[0,1],[-1,0],[1,0],[1,0]],[[461,122],[1,0],[-1,0]],[[461,122],[1,0],[1,0],[1,0],[0,-1]],[[530,49],[1,0],[1,-1]],[[532,48],[-1,0],[1,0]],[[532,48],[-1,0],[-1,0],[-1,0]],[[529,48],[1,0],[0,1]],[[591,86],[-1,0],[1,0]],[[591,86],[-1,0],[0,-1],[-1,0],[-1,0],[0,1],[1,0],[1,0],[1,0]],[[538,47],[-1,0],[-1,0],[1,0],[0,1]],[[537,48],[1,0],[0,-1]],[[361,178],[0,-1]],[[361,177],[-1,0]],[[360,177],[-1,0]],[[359,177],[-1,0]],[[358,177],[-1,0]],[[547,109],[1,0]],[[549,109],[0,-1],[-1,0]],[[547,108],[0,1]],[[460,74],[-1,0]],[[925,4],[1,0]],[[925,4],[-1,0]],[[500,61],[0,-1],[-1,0],[1,0],[-1,0],[-1,0],[1,0],[-1,0],[-1,0],[1,0],[-1,0],[1,0],[0,1]],[[498,61],[-1,0],[1,0]],[[498,61],[1,0],[1,0]],[[757,16],[1,0],[0,-1],[-1,0],[0,1],[-1,0],[0,1],[0,-1],[1,0]],[[461,93],[-1,0]],[[460,93],[0,-1]],[[460,92],[-1,0]],[[459,92],[0,1]],[[459,93],[1,0]],[[616,42],[-1,0],[-1,0],[0,-1]],[[614,41],[-1,0]],[[613,41],[-1,1],[1,0],[1,0],[-1,0],[1,0],[1,0],[1,0]],[[439,94],[0,-1]],[[438,93],[0,1]],[[438,94],[1,0]],[[439,94],[0,1]],[[439,94],[1,0]],[[623,75],[1,0]],[[623,75],[-1,0]],[[623,75],[0,1],[0,-1]],[[807,18],[0,-1]],[[807,17],[-1,0]],[[806,17],[-1,0]],[[805,17],[0,1]],[[479,119],[0,1],[1,0]],[[477,119],[0,1]],[[478,119],[0,1]],[[478,120],[1,0],[1,0]],[[568,88],[1,0]],[[568,88],[-1,0]],[[566,88],[-1,0]],[[567,88],[0,1]],[[568,88],[0,1]],[[440,123],[0,-1]],[[440,122],[-1,0]],[[754,44],[1,0],[1,0],[1,0],[-1,0],[-1,0],[-1,0]],[[592,52],[-1,0],[1,0]],[[592,52],[-1,0],[0,-1]],[[591,51],[-1,0]],[[590,51],[0,1],[-1,0],[1,0],[1,0],[-1,0],[1,0],[0,1],[1,0]],[[592,53],[0,-1]],[[439,121],[1,0]],[[440,121],[1,0]],[[452,104],[1,0]],[[453,104],[1,0]],[[454,104],[1,0]],[[477,73],[1,0]],[[478,73],[0,-1],[1,0],[1,0]],[[480,72],[1,0]],[[480,72],[-1,0],[-1,0],[1,0],[-1,0],[-1,0]],[[477,72],[0,1]],[[640,43],[0,1],[-1,0],[-1,0]],[[638,44],[1,0],[1,0],[1,0],[1,0],[0,-1],[-1,0],[-1,0]],[[607,42],[0,-1]],[[604,41],[0,1],[1,0],[1,0],[1,0]],[[475,92],[0,-1]],[[475,91],[-1,0]],[[474,91],[-1,0],[1,0]],[[474,91],[0,1]],[[454,120],[1,0]],[[454,120],[-1,0]],[[453,120],[-1,0]],[[527,60],[1,0]],[[527,60],[-1,0]],[[454,133],[0,-1]],[[453,133],[0,-1]],[[452,132],[0,1]],[[605,58],[1,0]],[[606,58],[1,0],[1,0]],[[605,58],[0,1],[0,-1]],[[439,91],[1,0]],[[441,91],[0,-1],[-1,0],[1,0],[-1,0],[-1,0]],[[439,90],[1,0],[-1,0]],[[439,90],[-1,0]],[[438,90],[0,1]],[[451,113],[1,0]],[[452,113],[0,-1]],[[452,112],[-1,0]],[[451,112],[0,1]],[[451,112],[-1,0]],[[450,112],[0,1]],[[450,113],[1,0]],[[450,112],[-1,0]],[[449,112],[0,1],[0,-1]],[[449,112],[-1,0],[1,0]],[[449,112],[0,1],[-1,0],[1,0],[-1,0],[1,0],[-1,0],[1,0],[1,0]],[[451,104],[1,0]],[[452,104],[0,-1]],[[452,103],[1,0]],[[452,103],[-1,0]],[[451,103],[0,1]],[[451,104],[-1,0]],[[576,83],[1,0]],[[577,83],[0,-1]],[[576,82],[0,1]],[[576,83],[-1,0]],[[532,66],[-1,0]],[[531,66],[0,1]],[[531,66],[-1,0]],[[530,66],[-1,0]],[[529,66],[0,1]],[[529,67],[1,0]],[[530,67],[1,0]],[[811,11],[0,-1]],[[812,10],[0,1]],[[458,134],[-1,0]],[[457,134],[-1,0]],[[456,134],[0,1]],[[397,126],[1,0],[1,0],[-1,0],[0,-1],[1,0],[-1,0],[-1,0],[0,1],[-1,0],[1,0]],[[533,58],[-1,0]],[[532,58],[-1,0]],[[531,58],[-1,0]],[[478,114],[1,0]],[[478,114],[0,-1]],[[478,113],[-1,0],[0,1]],[[477,114],[0,-1],[0,1]],[[477,114],[1,0]],[[485,113],[0,-1]],[[485,112],[1,0]],[[486,112],[0,1]],[[484,112],[-1,0]],[[483,112],[0,1],[-1,0]],[[453,103],[0,-1]],[[453,102],[1,0],[-1,0]],[[453,102],[-1,0]],[[452,102],[0,1]],[[494,96],[0,-1],[-1,0],[1,0],[-1,0],[-1,0]],[[492,95],[0,1]],[[666,30],[1,0]],[[664,30],[0,1],[-1,0],[1,0],[1,0],[1,0],[0,-1]],[[541,46],[-1,0],[1,0]],[[541,46],[-1,0],[0,1]],[[540,47],[1,0],[1,0],[-1,0],[0,-1]],[[438,106],[1,0]],[[439,106],[0,-1]],[[440,105],[0,1]],[[437,105],[1,0],[-1,0]],[[437,105],[1,0],[0,1]],[[511,77],[1,0]],[[512,77],[0,-1],[1,0]],[[513,76],[-1,0],[-1,0],[0,1]],[[511,77],[-1,0]],[[410,139],[1,0],[1,0],[-1,0],[0,-1]],[[411,138],[-1,0]],[[410,138],[0,1]],[[410,139],[-1,0],[1,0]],[[410,139],[-1,0],[0,-1]],[[741,17],[1,0]],[[742,17],[0,-1]],[[742,16],[-1,0]],[[741,16],[-1,0]],[[740,16],[0,1],[1,0]],[[517,60],[1,0]],[[517,60],[-1,0]],[[516,60],[-1,0]],[[516,60],[0,1]],[[517,61],[0,-1]],[[861,12],[0,-1],[-1,0],[0,1]],[[860,12],[1,0]],[[860,12],[-1,0]],[[672,50],[-1,0],[1,0]],[[672,50],[1,0],[-1,0]],[[672,50],[0,0]],[[778,14],[-1,0]],[[777,14],[0,0]],[[510,83],[1,0]],[[510,83],[-1,0],[1,0]],[[451,119],[0,-1]],[[451,118],[1,0]],[[451,118],[-1,0],[1,0]],[[451,118],[-1,0],[-1,0]],[[449,118],[0,1]],[[626,34],[-1,0]],[[625,34],[0,-1]],[[624,33],[0,1],[-1,0],[1,0],[1,0]],[[470,109],[0,-1]],[[473,108],[1,0]],[[469,108],[0,1]],[[490,70],[1,0],[-1,0]],[[490,70],[1,0],[1,0]],[[492,70],[1,0]],[[493,70],[0,-1]],[[493,69],[-1,0],[0,1]],[[490,70],[-1,0],[1,0]],[[450,132],[-1,0],[0,1],[1,0]],[[450,133],[1,-1]],[[446,94],[-1,0]],[[445,94],[0,1]],[[445,94],[-1,0],[-1,0]],[[443,94],[1,0],[-1,0]],[[539,53],[0,-1]],[[539,52],[-1,0]],[[538,52],[-1,0],[0,1]],[[537,53],[1,0]],[[538,53],[1,0]],[[742,25],[0,-1],[-1,0],[-1,0],[-1,0],[0,1]],[[521,61],[0,-1]],[[521,60],[-1,0]],[[520,60],[-1,0]],[[519,60],[-1,0]],[[518,60],[0,1]],[[370,167],[1,0],[-1,0]],[[370,167],[1,0],[0,-1]],[[369,166],[0,1]],[[369,167],[1,0]],[[688,23],[0,-1],[1,0],[-1,0],[-1,0],[1,0],[-1,0],[1,0],[-1,0],[0,1]],[[464,112],[0,1]],[[661,41],[0,1],[-1,0],[1,0],[1,0],[1,0],[0,-1]],[[436,117],[1,0]],[[436,117],[-1,0]],[[435,117],[-1,0],[-1,0]],[[433,117],[1,0],[-1,0]],[[433,117],[0,1]],[[433,118],[1,0]],[[434,118],[0,-1],[0,1]],[[434,118],[0,-1],[1,0]],[[435,146],[1,0],[1,0],[-1,0],[1,0],[0,-1]],[[437,145],[-1,0]],[[436,145],[0,1],[-1,0]],[[754,16],[0,-1]],[[754,15],[-1,0],[0,1]],[[753,16],[0,-1],[-1,0],[0,1]],[[610,33],[1,0]],[[610,33],[-1,-1],[0,1]],[[609,33],[0,-1],[0,1]],[[609,33],[1,0]],[[455,103],[1,0]],[[455,103],[-1,0],[-1,0]],[[453,103],[1,0],[-1,0]],[[453,103],[0,1]],[[454,104],[0,-1],[1,0]],[[973,17],[1,0],[-1,0]],[[973,17],[-1,0]],[[972,17],[0,1]],[[972,18],[1,0],[0,-1]],[[490,62],[-1,0]],[[410,167],[0,-1]],[[409,166],[0,1],[-1,0]],[[363,179],[1,0]],[[364,179],[0,-1]],[[364,178],[-1,0]],[[363,178],[-1,0]],[[362,179],[1,0]],[[536,54],[0,-1]],[[536,53],[-1,0]],[[535,53],[-1,0]],[[534,53],[-1,0]],[[535,53],[0,1]],[[534,54],[0,-1]],[[533,53],[0,1]],[[693,23],[1,0],[1,0]],[[695,23],[-1,0],[1,0]],[[695,23],[0,-1],[-1,0],[-1,0],[0,1]],[[418,95],[1,0]],[[419,95],[0,-1]],[[419,94],[-1,0]],[[418,94],[-1,0]],[[418,94],[0,1]],[[418,95],[-1,0]],[[551,47],[1,0]],[[552,47],[1,0],[-1,0]],[[551,47],[-1,0]],[[452,92],[1,0]],[[453,92],[1,0]],[[507,84],[-1,0]],[[506,84],[-1,0]],[[505,84],[-1,0]],[[504,84],[0,-1]],[[507,84],[1,0]],[[454,139],[0,1]],[[454,140],[1,0],[1,0],[-1,0],[0,-1]],[[432,138],[-1,0],[-1,0],[1,0],[0,1]],[[431,139],[0,-1],[0,1]],[[431,139],[1,0]],[[437,78],[1,0]],[[438,78],[0,-1],[1,0]],[[439,77],[-1,0],[1,0]],[[439,77],[-1,0],[-1,0],[0,1]],[[446,120],[1,0]],[[521,99],[1,0],[-1,0]],[[523,98],[0,1],[-1,0],[-1,0]],[[524,99],[-1,0],[0,-1]],[[524,99],[-1,0],[1,0]],[[444,145],[1,0]],[[445,145],[0,-1]],[[445,144],[1,0]],[[445,144],[-1,0],[-1,0],[0,1]],[[443,145],[1,0]],[[522,65],[0,1],[-1,0]],[[521,66],[0,-1]],[[521,66],[1,0],[1,0]],[[467,102],[1,0]],[[468,102],[1,0]],[[532,54],[0,-1]],[[583,41],[1,0]],[[584,41],[1,0]],[[583,41],[0,-1]],[[413,161],[0,-1]],[[413,160],[-1,0]],[[412,160],[0,1]],[[465,103],[1,0]],[[466,103],[1,0]],[[465,103],[0,1]],[[666,25],[-1,0],[1,0]],[[440,121],[0,-1],[-1,0],[1,0],[-1,0],[-1,0]],[[438,120],[0,1]],[[438,121],[1,0]],[[505,62],[-1,0]],[[504,62],[0,1],[-1,0]],[[931,3],[0,-1]],[[931,2],[-1,0],[1,0]],[[931,2],[-1,0],[-1,0],[1,0],[-1,0],[0,1],[1,0],[1,0]],[[442,89],[1,0]],[[442,89],[-1,0],[1,0]],[[864,12],[-1,0]],[[863,12],[0,-1],[0,1]],[[863,12],[-1,0]],[[862,12],[0,0]],[[506,58],[-1,0],[1,0]],[[506,58],[-1,0],[-1,0],[-1,0],[1,0],[1,0],[1,0]],[[869,12],[0,-1],[-1,0],[0,1]],[[483,74],[0,1]],[[484,75],[0,-1]],[[597,46],[-1,0],[1,0]],[[595,45],[0,1]],[[398,123],[1,0],[-1,0]],[[398,123],[0,0]],[[400,159],[0,-1]],[[400,158],[-1,0]],[[399,158],[-1,0]],[[398,158],[-1,0]],[[468,91],[1,0]],[[468,91],[-1,0]],[[467,91],[0,1]],[[468,91],[0,1]],[[482,114],[0,1]],[[376,168],[-1,0]],[[376,168],[0,0]],[[461,94],[0,-1]],[[460,93],[0,1]],[[413,160],[1,0]],[[414,160],[0,-1]],[[413,159],[0,1]],[[479,115],[1,0]],[[480,115],[-1,-1]],[[478,114],[0,1]],[[478,115],[1,0]],[[420,117],[0,-1]],[[420,116],[-1,0]],[[419,116],[-1,0],[-1,0]],[[419,116],[0,1]],[[610,46],[0,-1]],[[608,45],[0,1],[-1,0]],[[476,107],[-1,0]],[[475,107],[0,1]],[[544,53],[1,0]],[[544,53],[-1,0]],[[543,53],[-1,0]],[[542,53],[-1,0]],[[383,178],[0,-1],[-1,0],[-1,0]],[[381,177],[1,0],[0,1],[1,0]],[[478,91],[0,-1]],[[477,90],[0,1]],[[611,55],[-1,0]],[[610,55],[-1,0],[1,0]],[[495,85],[-1,0]],[[494,85],[-1,0]],[[493,85],[0,-1]],[[543,51],[1,0]],[[543,50],[-1,0]],[[543,50],[0,1]],[[498,86],[-1,0]],[[497,86],[0,-1]],[[496,85],[0,1]],[[496,86],[1,0]],[[434,140],[1,0]],[[435,140],[0,-1]],[[434,139],[0,1]],[[434,140],[-1,0]],[[545,53],[1,0]],[[525,60],[0,-1]],[[523,59],[-1,0]],[[522,59],[-1,0]],[[523,59],[0,1]],[[462,93],[0,-1],[1,0],[-1,0],[-1,0]],[[461,92],[1,0],[0,1]],[[461,92],[1,0],[-1,0]],[[481,95],[-1,0],[1,0]],[[732,29],[0,-1]],[[732,28],[-1,0]],[[731,28],[-1,0]],[[730,28],[-1,0]],[[731,28],[1,1]],[[526,66],[1,0],[1,0],[1,0]],[[461,103],[0,-1]],[[461,102],[-1,0]],[[460,102],[-1,0]],[[461,102],[1,0]],[[365,183],[0,-1]],[[363,182],[0,1]],[[819,13],[1,0]],[[821,13],[1,0]],[[819,13],[-1,0],[1,0]],[[457,112],[-1,0],[1,0]],[[457,112],[-1,0],[0,-1]],[[456,111],[0,1],[-1,0]],[[455,112],[1,0],[1,0]],[[377,167],[1,0]],[[377,167],[0,-1]],[[378,167],[0,-1]],[[885,15],[-1,0],[-1,0]],[[883,15],[-1,0]],[[885,15],[1,0],[-1,0]],[[567,43],[1,0],[1,0],[0,-1],[-1,0],[-1,0],[0,1]],[[613,44],[0,-1],[-1,0],[0,1]],[[496,59],[-1,0]],[[495,59],[-1,0],[-1,0]],[[367,186],[0,1]],[[525,83],[0,-1]],[[524,82],[0,1]],[[481,72],[1,0]],[[482,72],[0,-1],[-1,0],[1,0],[-1,0],[-1,0],[1,0],[-1,0],[0,1]],[[875,20],[0,-1]],[[872,19],[1,1]],[[623,75],[0,-1]],[[623,74],[1,0]],[[623,74],[-1,0],[0,1]],[[520,56],[-1,0]],[[519,56],[0,-1]],[[519,55],[-1,1]],[[518,56],[0,-1]],[[518,56],[1,0]],[[453,121],[-1,0]],[[453,121],[1,0],[-1,0]],[[506,62],[0,-1]],[[505,61],[0,1]],[[602,40],[0,-1]],[[602,39],[1,0]],[[603,39],[0,1]],[[603,39],[1,0],[1,0],[-1,0],[-1,0]],[[460,103],[1,0]],[[460,103],[0,-1]],[[459,102],[0,1]],[[459,103],[1,0]],[[601,54],[0,-1]],[[599,53],[0,1]],[[862,12],[0,1]],[[862,12],[-1,0]],[[516,78],[0,-1]],[[513,77],[1,0],[0,1]],[[514,78],[0,-1],[0,1]],[[515,78],[0,-1]],[[451,121],[1,0]],[[452,121],[0,-1]],[[451,120],[0,1]],[[451,121],[-1,0]],[[459,118],[-1,0]],[[404,145],[0,-1]],[[402,144],[0,1]],[[601,46],[0,-1]],[[600,46],[1,0]],[[871,28],[-1,0],[1,0]],[[871,28],[0,-1]],[[871,28],[1,0]],[[872,28],[0,-1]],[[871,28],[-1,0],[-1,0]],[[869,28],[0,-1]],[[449,119],[-1,0],[0,-1]],[[448,118],[0,1],[0,-1]],[[448,118],[-1,0]],[[447,118],[0,1]],[[447,119],[-1,0]],[[456,121],[-1,0]],[[455,121],[0,1],[1,0],[-1,0],[1,0],[1,0]],[[749,19],[0,-1]],[[749,18],[-1,0]],[[747,18],[0,1]],[[513,84],[-1,0],[1,0]],[[493,59],[1,0],[0,1],[1,0],[0,-1]],[[525,58],[-1,0]],[[524,58],[-1,0]],[[484,72],[-1,0],[1,0]],[[484,72],[-1,0],[-1,0]],[[482,72],[0,1]],[[483,73],[0,-1],[1,0]],[[593,41],[0,1]],[[593,42],[1,0]],[[594,42],[0,-1]],[[480,101],[0,-1]],[[479,100],[0,1]],[[437,120],[0,1]],[[437,121],[1,0]],[[443,118],[-1,0]],[[442,118],[-1,0]],[[441,118],[-1,0]],[[444,89],[0,0]],[[593,89],[0,-1]],[[592,88],[0,1]],[[592,89],[1,0]],[[511,85],[0,-1],[-1,0],[1,0],[-1,0],[0,1]],[[438,112],[-1,0],[-1,0],[1,0],[1,0]],[[440,108],[0,1],[0,-1],[-1,0],[1,1],[0,-1]],[[400,139],[1,0],[0,-1]],[[400,138],[-1,0]],[[399,138],[0,1]],[[399,139],[1,0]],[[400,139],[1,0],[-1,0]],[[612,41],[0,-1]],[[612,40],[-1,0],[-1,0],[0,1],[1,0],[1,0]],[[530,58],[0,-1]],[[530,57],[-1,0]],[[529,57],[-1,0],[-1,0],[1,0],[0,1]],[[528,58],[0,-1],[0,1]],[[444,183],[0,1],[1,0],[0,-1]],[[447,93],[-1,0]],[[446,93],[-1,0]],[[445,93],[0,1]],[[446,94],[1,0]],[[446,94],[0,-1]],[[516,68],[-1,0]],[[515,61],[0,-1]],[[515,60],[-1,0]],[[514,60],[0,1]],[[513,60],[0,1]],[[429,119],[1,0]],[[429,119],[-1,0]],[[451,102],[0,1]],[[452,103],[-1,-1]],[[429,135],[-1,0]],[[428,135],[0,1]],[[428,136],[1,-1]],[[454,93],[1,0]],[[455,93],[0,-1]],[[455,92],[-1,0]],[[453,92],[0,1],[1,0]],[[974,11],[-1,0]],[[973,11],[-1,0]],[[425,118],[-1,0],[0,-1],[-1,0],[1,0],[-1,0],[0,1]],[[922,5],[1,0]],[[923,5],[0,-1]],[[457,92],[-1,0]],[[456,92],[-1,0]],[[464,104],[0,-1]],[[464,103],[-1,1]],[[612,41],[1,0]],[[613,41],[0,-1]],[[613,40],[-1,0]],[[811,18],[1,0]],[[811,18],[-1,0]],[[524,62],[0,1]],[[526,63],[0,-1]],[[436,118],[1,0],[1,0],[-1,0],[-1,0]],[[504,67],[0,1]],[[505,68],[0,-1]],[[584,40],[0,1]],[[585,41],[0,-1]],[[419,98],[0,0]],[[540,50],[0,1]],[[540,51],[1,0],[1,0],[-1,0],[0,-1]],[[510,59],[0,1]],[[510,60],[1,0]],[[566,89],[-1,0],[0,-1]],[[565,88],[0,1],[0,-1]],[[565,88],[-1,0]],[[564,88],[-1,0]],[[563,88],[0,1]],[[898,20],[0,-1]],[[897,19],[0,1]],[[515,68],[-1,0],[-1,0]],[[523,68],[0,-1]],[[522,67],[0,1]],[[594,45],[0,-1]],[[593,44],[0,1],[1,0]],[[594,45],[-1,0],[1,0]],[[853,13],[-1,0]],[[853,13],[0,-1]],[[852,12],[0,1]],[[466,102],[-1,0]],[[465,102],[-1,0]],[[458,90],[1,0],[0,-1]],[[459,89],[-1,0],[0,1]],[[458,90],[-1,0]],[[438,114],[1,0],[-1,0]],[[438,114],[0,-1]],[[438,113],[1,0],[-1,0]],[[438,114],[-1,0]],[[626,44],[0,-1]],[[437,94],[0,-1]],[[436,93],[0,1]],[[596,51],[0,0]],[[886,12],[1,0]],[[887,12],[1,0]],[[887,12],[0,-1]],[[886,11],[0,1]],[[763,16],[0,1],[0,-1]],[[762,16],[0,1],[1,0],[0,-1]],[[476,125],[0,-1]],[[476,124],[-1,0]],[[475,124],[0,1]],[[457,133],[0,1]],[[457,133],[1,0],[-1,0]],[[559,64],[0,1]],[[559,65],[1,0],[0,-1]],[[403,104],[1,0],[-1,0]],[[451,106],[0,-1]],[[451,105],[1,0]],[[453,105],[-1,0]],[[428,135],[-1,0],[0,1]],[[499,63],[0,-1]],[[499,62],[-1,0]],[[497,62],[1,0]],[[494,72],[1,0]],[[567,45],[0,0]],[[453,119],[0,-1],[-1,0]],[[452,118],[1,0],[-1,0]],[[452,118],[0,1]],[[442,89],[0,-1]],[[442,88],[-1,0],[1,1]],[[777,12],[1,0],[-1,0],[0,-1],[-1,0],[0,1],[0,-1],[0,1],[1,0]],[[459,93],[-1,0]],[[459,93],[0,1]],[[686,22],[0,-1],[-1,0],[0,1],[1,0]],[[479,116],[0,-1]],[[478,115],[0,1]],[[474,74],[1,0],[0,1]],[[475,75],[0,-1],[1,0]],[[530,57],[1,0]],[[531,57],[0,-1]],[[529,56],[0,1]],[[530,56],[0,1]],[[360,184],[-1,0]],[[360,184],[0,0]],[[443,118],[0,-1]],[[443,117],[-1,0],[0,1]],[[442,118],[0,-1],[-1,0],[0,1]],[[380,168],[-1,0],[-1,0],[1,0],[0,1]],[[460,73],[1,0],[1,0],[-1,0],[-1,0]],[[520,54],[-1,0]],[[519,54],[-1,0],[1,0]],[[516,69],[0,-1]],[[515,68],[0,1],[0,-1]],[[515,68],[0,1],[-1,0]],[[498,104],[0,-1],[-1,0],[0,1],[1,0]],[[507,60],[1,0]],[[507,60],[0,-1]],[[507,59],[-1,0]],[[506,59],[0,1]],[[506,60],[1,0]],[[492,83],[1,0]],[[493,83],[0,-1],[1,0]],[[494,82],[-1,0],[-1,0],[0,1]],[[446,183],[1,0]],[[447,183],[0,-1]],[[446,182],[0,1]],[[440,122],[0,-1]],[[439,121],[1,1]],[[456,101],[0,0]],[[504,82],[0,-1]],[[505,82],[0,-1]],[[503,81],[0,1]],[[508,85],[0,-1]],[[508,84],[1,0],[-1,0]],[[507,84],[0,1]],[[605,44],[1,0]],[[606,44],[0,-1],[-1,0],[0,1]],[[811,11],[1,0]],[[811,11],[-1,0]],[[810,11],[-1,0]],[[507,85],[0,0]],[[813,18],[0,-1],[1,0]],[[813,18],[-1,0]],[[812,18],[0,-1],[0,1]],[[525,68],[0,-1]],[[526,68],[0,-1]],[[438,90],[-1,0],[1,0]],[[438,90],[-1,0],[0,1]],[[398,159],[0,-1]],[[397,158],[0,1],[0,-1]],[[397,158],[0,1],[-1,0],[1,0],[1,0]],[[769,28],[0,-1]],[[768,27],[0,1]],[[511,78],[0,-1]],[[509,77],[1,0]],[[509,77],[0,1]],[[505,89],[-1,-1]],[[504,88],[0,1]],[[542,53],[0,1]],[[543,54],[0,-1]],[[809,10],[-1,0]],[[808,10],[0,1],[0,-1]],[[809,10],[0,1]],[[810,11],[-1,-1]],[[371,171],[0,0]],[[467,107],[0,1]],[[738,25],[0,-1],[-1,0],[-1,0],[1,0],[0,1]],[[449,118],[-1,0]],[[448,118],[1,1]],[[548,51],[1,0]],[[549,51],[1,0]],[[538,53],[0,0]],[[543,75],[-1,-1]],[[542,74],[0,1]],[[403,154],[0,0]],[[926,5],[0,-1]],[[925,4],[0,1],[1,0]],[[509,80],[0,-1]],[[508,79],[0,1]],[[420,98],[0,-1]],[[733,28],[1,-1]],[[732,27],[1,1]],[[440,95],[0,0]],[[449,80],[1,0],[-1,0]],[[449,80],[0,-1]],[[448,79],[0,1]],[[602,39],[-1,0]],[[601,39],[0,1]],[[414,102],[0,0]],[[878,24],[0,0]],[[549,52],[1,0]],[[549,52],[-1,0]],[[812,27],[0,-1]],[[511,80],[0,-1]],[[550,51],[1,0]],[[744,25],[0,-1]],[[744,24],[-1,0],[0,1]],[[783,15],[0,-1]],[[782,14],[0,1]],[[428,97],[0,1]],[[496,59],[0,1],[1,-1],[-1,0]],[[506,111],[0,0]],[[430,115],[-1,0]],[[429,115],[0,1]],[[429,116],[1,0],[0,-1]],[[808,15],[-1,0]],[[808,15],[0,0]],[[806,20],[0,-1]],[[806,20],[1,-1]],[[805,20],[0,-1]],[[921,10],[1,0]],[[922,10],[1,0],[-1,0]],[[922,10],[0,0]],[[483,94],[0,0]],[[465,103],[-1,0]],[[415,103],[0,-1]],[[461,105],[1,-1]],[[462,104],[-1,0]],[[461,104],[0,1]],[[711,80],[0,-1],[-1,0],[0,1],[1,0],[1,0],[-1,0]],[[548,52],[0,-1]],[[547,51],[0,1],[0,-1]],[[547,51],[0,1],[1,0]],[[375,169],[0,-1]],[[814,11],[1,0]],[[814,11],[0,-1]],[[814,10],[-1,0],[1,0]],[[814,10],[-1,0],[0,1]],[[509,60],[1,0]],[[509,60],[0,0]],[[424,142],[1,0]],[[425,142],[0,-1]],[[425,141],[-1,0]],[[424,141],[0,1]],[[551,51],[0,0]],[[541,60],[0,1]],[[541,60],[1,1]],[[439,117],[-1,0]],[[438,117],[-1,0]],[[404,154],[1,0]],[[405,154],[0,-1]],[[404,153],[0,1]],[[526,57],[-1,0],[0,-1]],[[525,56],[0,1],[0,-1]],[[523,56],[1,0],[0,1],[1,0],[1,0]],[[734,46],[0,1],[1,0],[0,-1]],[[408,150],[0,-1]],[[407,149],[0,1]],[[484,95],[0,-1]],[[482,94],[1,0]],[[482,94],[0,1]],[[469,102],[0,-1]],[[468,101],[0,1]],[[476,87],[0,-1]],[[476,86],[-1,0]],[[465,118],[0,0]],[[453,114],[1,0],[-1,0]],[[453,114],[-1,0],[1,0]],[[406,184],[-1,0]],[[405,184],[0,1]],[[406,185],[0,-1]],[[435,141],[-1,0]],[[434,141],[0,1]],[[435,142],[0,-1]],[[589,54],[1,0],[0,0],[-1,0]],[[459,102],[-1,0]],[[458,102],[0,1]],[[458,103],[1,0]],[[444,118],[-1,0]],[[444,118],[0,0]],[[521,60],[0,0]],[[437,93],[0,0]],[[445,134],[0,1]],[[445,134],[0,0]],[[656,32],[1,1],[0,-1],[1,0],[-1,0],[-1,0]],[[885,14],[-1,0]],[[885,14],[0,0]],[[444,100],[0,-1]],[[443,99],[0,1],[1,0]],[[444,100],[-1,0],[1,0]],[[498,75],[-1,0],[1,0]],[[571,84],[-1,0]],[[570,84],[0,1]],[[570,85],[1,0],[0,-1]],[[609,34],[0,-1]],[[609,33],[-1,0]],[[608,33],[0,1]],[[365,171],[1,0]],[[366,171],[0,-1]],[[366,170],[1,0]],[[599,47],[1,0],[0,-1]],[[599,46],[0,1]],[[432,140],[0,-1]],[[431,139],[0,1]],[[461,157],[-1,0]],[[479,87],[0,1]],[[480,88],[0,-1]],[[596,47],[-1,0]],[[556,88],[-1,0]],[[556,88],[0,0]],[[521,59],[0,-1],[-1,0]],[[520,58],[0,1]],[[520,59],[1,0]],[[550,107],[-1,0]],[[550,107],[0,0]],[[408,183],[0,1]],[[456,158],[0,-1]],[[455,157],[0,1]],[[609,33],[0,0]],[[438,125],[0,-1]],[[496,88],[-1,0]],[[496,88],[0,0]],[[437,114],[0,-1]],[[437,113],[1,0]],[[437,114],[-1,0]],[[522,61],[0,-1]],[[667,47],[0,1]],[[667,48],[1,0]],[[815,12],[0,-1]],[[470,102],[0,-1]],[[470,101],[-1,0]],[[417,95],[0,-1]],[[417,94],[-1,0],[0,1]],[[416,95],[1,0]],[[455,109],[0,0]],[[503,62],[-1,0]],[[503,62],[0,0]],[[578,84],[0,1],[1,0],[0,-1]],[[467,115],[0,1]],[[468,116],[-1,0]],[[468,116],[0,-1]],[[591,41],[1,1]],[[592,42],[0,-1]],[[519,60],[0,-1],[-1,0],[0,1]],[[518,56],[-1,0]],[[518,56],[0,0]],[[442,104],[1,0]],[[443,104],[0,0]],[[575,51],[0,0]],[[664,24],[-1,0],[1,0]],[[664,24],[0,0]],[[455,113],[1,0],[-1,0]],[[611,33],[0,0]],[[414,99],[0,-1]],[[413,98],[0,1]],[[604,50],[0,-1]],[[410,134],[0,0]],[[457,90],[-1,0]],[[457,90],[0,0]],[[513,84],[0,0]],[[493,69],[1,1]],[[494,70],[0,-1],[-1,0]],[[858,11],[-1,0],[-1,0],[1,0],[1,0]],[[492,59],[-1,0],[1,0]],[[492,59],[0,0]],[[464,103],[-1,0]],[[464,103],[0,0]],[[549,52],[0,1]],[[547,61],[0,-1]],[[546,60],[0,1]],[[550,51],[0,1]],[[551,52],[0,-1]],[[360,184],[0,-1]],[[360,183],[-1,1]],[[403,157],[0,-1],[-1,0],[0,1]],[[402,157],[0,-1],[0,1]],[[405,139],[-1,0]],[[405,139],[0,0]],[[775,14],[0,-1]],[[775,13],[-1,0],[0,1]],[[848,11],[1,0]],[[849,11],[0,0]],[[849,11],[1,0]],[[453,102],[0,0]],[[522,71],[0,-1]],[[450,105],[1,0]],[[451,105],[0,-1]],[[450,104],[0,1]],[[497,94],[0,0]],[[458,95],[-1,0]],[[458,95],[0,0]],[[575,83],[-1,0]],[[575,83],[0,0]],[[446,178],[0,-1]],[[445,177],[0,1]],[[483,91],[-1,-1]],[[482,90],[0,1]],[[590,59],[0,0]],[[803,17],[1,0]],[[803,17],[0,0]],[[605,67],[0,0]],[[513,85],[0,1]],[[513,86],[1,-1]],[[470,89],[-1,0]],[[469,89],[0,1]],[[469,90],[1,0]],[[470,90],[-1,-1]],[[521,54],[-1,-1]],[[520,53],[0,1]],[[521,54],[-1,0]],[[461,104],[-1,0]],[[805,20],[0,0]],[[510,77],[0,0]],[[467,91],[-1,0],[0,1]],[[912,13],[0,-1]],[[911,12],[0,1],[1,0]],[[459,119],[0,-1]],[[458,118],[0,1]],[[497,94],[0,-1],[0,1]],[[418,98],[0,0]],[[451,155],[0,-1],[-1,0],[0,1]],[[436,108],[0,0]],[[401,158],[0,-1]],[[401,157],[-1,1]],[[443,127],[0,0]],[[465,102],[0,-1]],[[465,101],[-1,1]],[[605,68],[0,0]],[[497,81],[0,0]],[[379,162],[1,0]],[[379,161],[0,1]],[[555,47],[-1,0]],[[554,47],[0,1]],[[555,48],[0,-1]],[[428,98],[0,0]],[[812,18],[0,0]],[[395,136],[0,0],[0,0],[0,0]],[[455,97],[0,-1]],[[454,96],[0,1]],[[520,58],[-1,0],[0,-1],[0,1],[0,-1],[-1,0]],[[518,57],[0,1]],[[518,58],[1,0],[1,0]],[[533,58],[1,0]],[[847,11],[0,0]],[[468,116],[0,0]],[[397,153],[0,0]],[[460,104],[0,1]],[[432,125],[0,-1]],[[431,124],[0,1]],[[430,152],[0,0]],[[872,20],[0,0]],[[405,138],[0,1]],[[406,139],[-1,0]],[[519,83],[1,0],[-1,0]],[[519,83],[0,0]],[[610,43],[0,1]],[[610,43],[0,0]],[[433,98],[1,0]],[[434,98],[0,-1]],[[564,104],[0,1],[0,-1]],[[564,104],[0,0]],[[859,12],[0,-1]],[[859,11],[-1,0]],[[858,11],[1,1]],[[864,28],[0,-1]],[[863,27],[0,1]],[[863,28],[1,0]],[[875,24],[-1,0]],[[875,24],[0,0]],[[460,73],[-1,0],[0,1]],[[460,74],[0,-1]],[[446,176],[1,0],[-1,0]],[[446,176],[0,0]],[[448,155],[1,0]],[[448,155],[0,0]],[[501,114],[0,-1]],[[501,114],[0,0]],[[449,105],[1,0]],[[449,105],[0,0]],[[462,91],[-1,0]],[[462,91],[0,0]],[[362,178],[0,0]],[[442,92],[0,0]],[[359,178],[0,-1]],[[358,177],[0,1],[1,0]],[[558,48],[-1,0]],[[558,48],[0,0]],[[556,89],[0,-1]],[[555,88],[0,1]],[[441,100],[1,0]],[[441,100],[0,0]],[[488,68],[0,1],[1,0],[0,-1]],[[504,62],[-1,0]],[[504,62],[0,0]],[[417,98],[0,0]],[[432,90],[1,0],[-1,0]],[[432,90],[0,0]],[[524,106],[0,-1]],[[524,105],[-1,0]],[[456,92],[0,0]],[[501,61],[1,0]],[[501,61],[0,0]],[[460,91],[-1,0]],[[459,91],[0,1]],[[460,92],[0,-1]],[[594,44],[1,0]],[[595,44],[0,-1]],[[440,118],[0,0]],[[461,97],[0,0]],[[527,58],[1,0]],[[528,58],[0,0]],[[476,85],[-1,0]],[[814,10],[0,0]],[[439,124],[0,0]],[[466,106],[0,1],[1,0]],[[552,47],[0,0]],[[476,85],[0,0]],[[433,99],[1,0]],[[434,99],[0,-1]],[[433,98],[0,1]],[[863,13],[0,-1]],[[453,146],[0,1]],[[453,147],[1,0]],[[501,61],[0,-1]],[[804,16],[-1,0]],[[804,16],[0,0]],[[438,117],[0,0]],[[539,50],[1,0]],[[540,50],[0,0]],[[972,24],[0,0],[0,0],[0,0]],[[421,127],[0,0]],[[490,72],[1,-1],[-1,0]],[[490,71],[0,1]],[[444,107],[0,0],[0,0],[0,0]],[[429,98],[0,0]],[[458,91],[-1,0]],[[457,91],[0,1]],[[457,92],[1,0],[0,-1]],[[441,100],[-1,0]],[[610,44],[1,-1]],[[611,43],[-1,0]],[[777,15],[1,0]],[[778,15],[0,-1]],[[431,90],[0,0]],[[749,18],[1,0],[0,0],[-1,0]],[[864,22],[1,0],[-1,0],[0,0]],[[422,142],[0,0]],[[381,146],[0,0]],[[498,75],[0,0]],[[433,99],[0,0]],[[925,8],[0,0]],[[496,83],[0,0]],[[413,137],[0,-1]],[[413,137],[0,0]],[[472,89],[1,0]],[[473,89],[-1,-1]],[[472,88],[0,1]],[[433,91],[0,1]],[[433,91],[0,0]],[[403,154],[0,-1]],[[403,153],[-1,1]],[[624,52],[0,0]],[[463,113],[-1,0]],[[463,113],[0,0]],[[478,84],[-1,0],[0,1]],[[477,85],[1,0]],[[461,122],[0,0]],[[636,33],[0,0],[0,0],[0,0]],[[387,149],[0,0]],[[467,102],[-1,0]],[[467,102],[0,0]],[[444,89],[0,-1]],[[597,55],[0,0]],[[533,53],[0,0]],[[454,119],[0,0]],[[779,15],[0,0]],[[489,84],[0,0],[0,0],[0,0]],[[447,118],[-1,0]],[[447,118],[0,0]],[[460,86],[0,-1]],[[460,85],[-1,1],[1,0]],[[507,60],[0,0]],[[428,115],[-1,0]],[[428,115],[0,0]],[[694,26],[0,0]],[[942,27],[0,0]],[[484,112],[0,0]],[[441,105],[1,1],[-1,0],[1,0],[0,-1]],[[425,116],[-1,0]],[[425,116],[0,0]],[[416,138],[0,1],[1,0],[0,-1]],[[566,89],[0,0]],[[541,54],[1,-1]],[[541,53],[0,1]],[[421,111],[0,0]],[[509,79],[0,0]],[[432,90],[-1,0]],[[535,54],[0,0]],[[362,159],[0,0]],[[525,85],[0,-1]],[[874,16],[1,0],[-1,0]],[[874,16],[0,0]],[[718,26],[0,0]],[[376,168],[0,-1]],[[376,167],[-1,0]],[[375,167],[0,1]],[[724,23],[0,0]],[[456,135],[0,0]],[[493,59],[0,-1],[-1,0],[0,1]],[[492,59],[1,0]],[[499,83],[0,0]],[[429,94],[0,0]],[[358,182],[0,-1]],[[357,181],[0,1],[1,0]],[[611,33],[0,-1],[-1,0],[1,1]],[[436,109],[-1,0]],[[436,109],[0,0]],[[941,6],[0,0]],[[533,58],[0,-1]],[[532,58],[0,-1]],[[500,63],[0,-1]],[[500,62],[-1,0]],[[503,61],[0,1]],[[503,61],[0,0]],[[367,179],[0,0]],[[397,154],[0,1]],[[397,155],[1,0]],[[398,155],[0,-1]],[[443,118],[0,0]],[[502,65],[0,0]],[[406,134],[0,0]],[[448,124],[0,-1]],[[448,123],[-1,0]],[[462,98],[0,-1]],[[461,97],[0,1]],[[439,99],[-1,0],[1,0]],[[439,99],[0,0]],[[423,142],[0,0]],[[490,76],[0,0]],[[459,96],[0,-1]],[[459,96],[-1,-1]],[[458,95],[0,1]],[[525,58],[0,0]],[[448,89],[1,0],[0,0],[-1,0]],[[496,105],[0,-1],[0,1]],[[496,105],[-1,0]],[[571,87],[0,0]],[[570,44],[-1,0]],[[570,44],[0,0]],[[451,121],[0,0]],[[431,99],[0,0]],[[956,14],[1,0],[0,-1],[-1,0],[0,1]],[[804,16],[0,-1]],[[441,93],[-1,0]],[[441,93],[0,0]],[[433,91],[-1,0],[1,0]],[[461,94],[0,0]],[[619,33],[0,0]],[[507,60],[0,1]],[[482,90],[0,0]],[[449,121],[0,-1]],[[448,120],[0,1],[1,0]],[[430,111],[0,0]],[[608,33],[0,0]],[[597,40],[1,0],[-1,-1]],[[428,150],[0,-1]],[[592,50],[0,0]],[[490,76],[1,0]],[[441,119],[0,-1]],[[440,118],[0,1]],[[440,119],[1,0]],[[496,66],[0,0],[0,0],[0,0]],[[472,86],[-1,0]],[[472,86],[0,0]],[[360,185],[0,-1]],[[359,184],[0,1]],[[360,185],[-1,0]],[[776,13],[1,0],[0,0],[-1,0]],[[812,18],[-1,-1]],[[811,17],[0,1]],[[874,16],[-1,0]],[[420,152],[1,0]],[[421,152],[0,-1]],[[421,151],[-1,0]],[[627,54],[-1,0],[1,0]],[[563,94],[0,0]],[[360,182],[0,0]],[[711,22],[0,0]],[[789,12],[0,1]],[[790,13],[-1,-1]],[[475,85],[0,0]],[[573,85],[0,0],[0,0],[0,0]],[[463,103],[-1,0]],[[425,112],[-1,0],[1,0]],[[425,112],[0,0]],[[425,116],[1,0]],[[362,184],[-1,-1]],[[361,183],[0,1]],[[443,104],[1,0],[-1,0]],[[896,20],[0,-1]],[[896,20],[0,0]],[[424,149],[0,-1]],[[387,140],[0,0]],[[441,136],[0,-1]],[[441,136],[0,0]],[[953,26],[0,0],[0,0],[0,0]],[[359,180],[0,0],[0,0],[0,0]],[[896,19],[-1,0]],[[425,112],[0,-1]],[[712,34],[0,0]],[[516,60],[0,0]],[[710,22],[0,1]],[[444,119],[1,0]],[[445,119],[0,-1]],[[445,118],[-1,0]],[[444,118],[0,1]],[[607,42],[1,0],[0,0],[-1,0]],[[514,58],[1,0],[-1,0]],[[514,58],[0,0]],[[429,118],[-1,0]],[[429,118],[0,0]],[[445,120],[0,0]],[[399,139],[0,0]],[[498,94],[0,0],[0,0],[0,0]],[[808,15],[1,0]],[[424,109],[0,0]],[[442,98],[0,-1]],[[442,97],[-1,0]],[[441,97],[0,1]],[[465,103],[0,0]],[[695,49],[0,0]],[[443,119],[0,-1]],[[443,119],[0,0]],[[452,124],[0,0],[0,0],[0,0]],[[533,53],[-1,0]],[[690,23],[0,0]],[[540,53],[0,0]],[[381,185],[0,0]],[[870,27],[0,0]],[[475,85],[0,1]],[[476,86],[0,-1]],[[460,90],[0,0],[0,0],[0,0]],[[721,20],[0,0],[0,0],[0,0]],[[361,160],[0,1]],[[888,13],[1,0],[-1,0]],[[888,13],[0,0]],[[433,117],[-1,0],[0,1],[1,0]],[[434,146],[0,0]],[[389,119],[0,0]],[[445,92],[0,0]],[[455,109],[0,-1]],[[505,90],[0,0]],[[446,120],[-1,0]],[[446,120],[0,0]],[[503,111],[0,-1]],[[502,110],[0,1]],[[462,112],[0,0]],[[561,44],[0,1],[1,-1],[-1,0]],[[427,109],[0,1]],[[427,109],[0,0]],[[431,108],[0,0]],[[455,113],[0,0]],[[428,118],[0,1]],[[429,119],[0,-1]],[[458,102],[-1,0]],[[458,102],[0,0]],[[443,104],[0,1],[0,-1]],[[885,15],[0,0]],[[422,145],[1,-1]],[[450,100],[0,0]],[[446,123],[0,0]],[[500,66],[0,0]],[[387,159],[0,0]],[[497,94],[0,1]],[[490,95],[0,0]],[[458,95],[0,-1]],[[457,94],[0,1]],[[593,50],[-1,0]],[[455,115],[0,0]],[[532,58],[0,1]],[[533,59],[0,-1]],[[463,91],[-1,0]],[[502,61],[1,1]],[[373,152],[0,0]],[[429,101],[1,-1]],[[594,74],[0,0]],[[568,45],[0,-1],[0,0],[0,1]],[[454,97],[0,0]],[[436,109],[0,1]],[[457,93],[0,0]],[[448,155],[0,1],[1,0]],[[409,133],[0,0]],[[502,114],[0,-1]],[[477,85],[0,1]],[[478,86],[0,-1]],[[775,16],[0,0]],[[514,58],[-1,0]],[[822,14],[0,-1]],[[664,24],[0,1]],[[401,157],[0,0]],[[438,124],[0,0]],[[407,136],[0,0]],[[434,146],[1,0]],[[409,133],[-1,0]],[[373,161],[0,0]],[[445,92],[-1,0],[1,0]],[[520,53],[-1,0],[1,1]],[[444,119],[-1,0]],[[592,50],[0,1]],[[591,50],[1,1]],[[529,55],[0,0]],[[445,93],[0,0]],[[802,17],[1,0]],[[886,14],[-1,0]],[[724,22],[0,1]],[[724,22],[0,0]],[[444,134],[0,1]],[[455,115],[1,0]],[[386,158],[0,0]],[[430,111],[-1,0]],[[717,25],[-1,0]],[[716,25],[0,0]],[[778,15],[0,0]],[[465,92],[0,0]],[[405,164],[0,0]],[[723,20],[0,0]],[[485,92],[0,0]],[[442,92],[-1,0]],[[723,20],[-1,0],[1,0]],[[540,53],[1,0]],[[534,56],[0,0]],[[360,178],[1,-1]],[[360,177],[0,1]],[[412,155],[0,0]],[[379,167],[-1,0]],[[379,167],[0,0]],[[484,85],[0,0]],[[462,103],[0,1]],[[463,104],[0,-1]],[[482,86],[0,0]],[[690,23],[0,-1]],[[456,96],[-1,-1]],[[428,137],[-1,0]],[[427,137],[0,0]],[[578,84],[0,0]],[[806,13],[0,1]],[[461,94],[1,-1]],[[566,94],[0,-1]],[[565,93],[0,1]],[[463,91],[1,0]],[[464,91],[0,0]],[[453,119],[0,0]],[[461,123],[0,-1]],[[440,100],[0,0]],[[567,45],[0,1]],[[484,90],[0,0]],[[501,90],[0,0]],[[446,123],[0,-1]],[[562,63],[0,0]],[[434,98],[0,0]],[[439,99],[1,0]],[[379,167],[1,0]],[[454,118],[0,0],[0,0],[0,0]],[[727,21],[0,0]],[[970,18],[1,-1],[-1,0],[0,1]],[[413,153],[0,0]],[[509,60],[0,1]],[[413,155],[-1,0]],[[453,119],[1,0]],[[543,56],[0,-1]],[[542,55],[0,1]],[[456,116],[0,0],[0,0],[0,0]],[[404,138],[0,0]],[[457,93],[1,0]],[[389,119],[-1,0],[1,0]],[[471,163],[0,0]],[[503,62],[0,1]],[[501,90],[-1,0]],[[456,92],[0,1]],[[361,163],[0,0],[0,0],[0,0]],[[779,15],[0,-1]],[[386,140],[0,0]],[[470,91],[0,0],[0,0],[0,0]],[[727,21],[1,0],[-1,0]],[[449,105],[-1,0]],[[431,98],[0,0]],[[371,172],[1,0],[0,-1]],[[371,171],[0,1]],[[444,120],[1,0]],[[496,105],[0,0]],[[439,125],[0,-1]],[[382,159],[0,0]],[[596,64],[0,0]],[[394,123],[0,-1]],[[394,123],[0,0]],[[848,11],[-1,0]],[[387,137],[0,0]],[[394,123],[-1,0],[1,0]],[[446,182],[0,0]],[[373,152],[1,0]],[[415,137],[1,1]],[[465,92],[-1,0]],[[468,116],[0,1],[0,-1]],[[464,91],[0,1]],[[417,151],[0,0]],[[460,120],[0,0]],[[445,93],[-1,0],[1,0]],[[429,94],[0,1]],[[445,119],[0,0]],[[564,104],[-1,0],[1,0]],[[745,595],[1,0],[0,-1],[0,-1],[1,0],[-1,0],[0,-1],[1,0],[-1,0],[1,0],[0,-1],[-1,0],[1,0],[1,0],[1,0],[0,-1],[-1,0],[1,0],[0,-1],[1,0],[0,-1],[1,0],[1,0],[1,0],[0,1],[1,0],[1,0],[1,0],[0,1],[1,0],[-1,0],[1,0],[0,-1],[1,0],[1,0],[1,0],[1,0],[1,0],[0,1],[0,-1],[1,0],[1,0],[1,0],[1,-1],[1,0],[0,-1],[-1,0],[0,-1],[-1,0],[-1,0],[1,0],[-1,0],[0,-1],[-1,0],[1,0],[-1,0],[1,-1],[-1,0],[-1,0],[0,-1],[-1,0],[-1,0],[0,-1],[0,-1],[-1,0],[0,-1],[1,0],[-1,0],[1,0],[-1,0],[1,0],[0,-1],[-1,0],[1,0],[0,-1],[-1,0],[0,-1],[-1,0],[-1,0],[0,-1],[1,0],[0,-1],[1,0],[0,-1],[1,0],[1,0],[0,-1],[-1,0],[-1,0],[-1,0],[0,-1],[-1,0],[0,-1],[1,0],[1,0],[1,1],[1,0],[0,-1],[1,0],[0,-1],[1,0],[-1,0],[-1,0],[0,-1],[1,0],[0,-1],[-1,0],[-1,0],[0,-1],[1,0],[1,0],[0,-1],[1,0],[1,0],[1,0],[-1,0],[0,-1],[1,0],[0,-1],[-1,0],[-1,0],[-1,0],[-1,0],[-1,0],[-1,0],[-1,0],[0,-1],[-1,0],[-1,0],[-1,0],[0,1],[-1,0],[-1,0],[-1,0],[-1,0],[-1,0],[0,-1],[-1,0]],[[749,563],[1,0],[-1,0]],[[749,563],[-1,0],[-1,0],[0,1],[0,1],[-1,0],[-1,0],[-1,0],[-1,0],[0,1],[-1,0],[-1,0],[-1,0],[-1,0],[1,1]],[[740,567],[-1,0],[1,0]],[[740,567],[1,0],[0,1],[-1,0]],[[740,568],[-1,0]],[[739,568],[0,1],[0,1],[-1,0],[-1,0],[-1,0],[-1,0],[-1,0],[0,-1],[-1,0],[-1,0],[-1,0],[-1,0],[-1,0],[-1,0],[-1,0],[0,1],[1,0]],[[728,570],[1,0],[-1,0]],[[728,570],[0,1]],[[728,571],[1,0],[-1,0]],[[728,571],[-1,0],[0,1],[-1,0],[-1,0],[0,1],[0,1],[-1,0],[-1,0],[-1,0],[-1,0],[-1,0],[-1,0],[-1,0],[-1,0],[-1,0],[-1,0],[-1,0],[-1,0],[-1,0],[0,-1],[-1,0],[-1,0],[-1,0],[-1,0],[-1,0]],[[707,573],[-1,0],[1,0]],[[707,573],[0,-1],[-1,0],[-1,0],[-1,0],[0,1],[-1,0],[-1,0],[-1,0],[-1,0],[-1,0],[0,-1],[-1,0],[-1,0],[-1,0],[-1,0],[-1,0],[0,-1],[1,0]],[[695,571],[1,0],[-1,0]],[[695,571],[0,-1],[-1,0],[-1,0],[-1,0],[-1,0],[-1,0],[-1,0],[0,-1],[-1,0],[-1,0],[0,-1],[-1,0],[0,-1]],[[686,567],[1,0],[-1,0]],[[686,567],[-1,-1],[-1,0],[-1,0],[-1,0],[-1,0],[-1,0],[-1,0],[-1,0],[-1,0],[-1,0],[-1,0],[-1,0],[-1,0],[-1,0],[-1,0],[-1,0],[-1,0],[0,1],[-1,0],[-1,0],[-1,0],[0,1],[-1,0],[-1,0],[-1,0],[0,1],[-1,0],[-1,0],[0,1],[-1,0],[0,-1],[-1,0],[-1,0]],[[658,569],[-1,0]],[[657,569],[-1,0],[-1,0],[-1,0],[-1,0],[0,1],[-1,0],[-1,0],[-1,0],[-1,0],[-1,0],[0,1],[-1,0],[-1,-1],[-1,0],[-1,0],[0,1],[-1,0],[-1,0],[0,-1]],[[642,570],[-1,0]],[[641,570],[-1,0],[-1,0],[0,1],[-1,0],[-1,0],[-1,0],[-1,0],[-1,0],[-1,0],[-1,0],[0,1]],[[714,698],[-1,0],[1,0]],[[714,698],[1,0],[-1,0]],[[714,698],[0,-1],[1,0],[1,0],[0,-1]],[[716,696],[1,0]],[[717,696],[0,-1],[1,0],[0,-1],[1,0],[0,-1]],[[719,693],[-1,0],[1,0]],[[719,693],[0,-1]],[[719,692],[1,0],[-1,0]],[[719,692],[0,-1]],[[719,691],[-1,0],[1,0]],[[719,691],[1,0],[0,-1],[1,0],[1,0],[1,0],[1,0],[0,1],[1,0],[1,0],[3,0],[1,0],[1,0],[0,-1],[1,0],[1,0],[1,0],[0,-1],[1,0],[0,-1],[1,0],[1,0],[0,-1],[1,0],[1,0],[1,0],[1,0],[1,0],[1,0],[1,0],[1,0],[1,0],[1,0],[1,0],[1,0],[1,0],[1,0],[0,1],[1,0],[0,-1],[1,0],[1,0]],[[754,687],[1,0],[-1,0]],[[754,687],[0,-1],[1,0],[0,-1],[1,0],[-1,0],[0,-1],[0,-1],[1,0],[1,0],[0,-1],[1,0],[1,0],[0,-1],[-1,0],[0,-1],[-1,0],[0,-1],[1,0],[0,-1],[1,0],[-1,0],[0,-1],[1,0],[-1,0],[1,0],[-1,0],[-1,0],[0,-1],[1,0],[0,-1],[-1,0],[-1,0],[0,-1],[1,0],[-1,0],[0,-1],[-1,0],[-1,0],[-1,0],[1,0],[0,-1],[-1,0],[1,0],[1,0],[0,-1],[1,0],[0,1],[1,0],[1,0],[1,0],[1,0],[0,-1],[1,0],[1,0],[1,0],[1,0],[0,-1],[-1,0],[0,-1],[-1,0],[-1,0],[-1,0],[-1,0],[0,-1],[0,-1],[-1,0],[0,-1],[-1,0],[1,0],[0,-1],[-1,0],[-1,0],[-1,0],[-1,0],[0,-1],[0,1],[-1,-1],[0,1],[-1,0],[-1,0],[0,-1],[-1,0],[-1,0],[-1,0],[-1,0],[-1,0],[0,1],[-1,0],[-1,0],[-1,0],[-1,0],[0,1],[-1,0],[-1,0],[0,-1],[1,0],[0,-1],[1,0],[0,-1],[1,0],[-1,0],[-1,0],[0,-1],[-1,0],[-1,0],[-1,0],[-1,0],[1,0],[0,-1],[-1,0],[1,0],[-1,0],[0,-1],[1,0],[-1,0],[-1,0],[1,0],[-1,0],[0,-1],[-1,0],[1,0],[-1,0],[-1,0],[0,-1],[-1,0],[0,-1],[1,0],[-1,0],[1,0],[-1,0],[0,-1],[1,0],[0,-1],[-1,0],[-1,0],[0,-1],[-1,0],[0,-1],[1,0],[-1,0],[1,0],[-1,0],[-1,0],[0,-1],[0,-1],[-1,0],[0,-1],[-1,0],[1,0],[1,0],[0,-1],[1,0],[-1,0],[0,-1],[1,0],[1,0],[0,-1],[-1,0],[-1,0],[-1,0],[-1,0],[-1,0],[0,-1],[-1,0],[-1,0],[0,-1],[1,0],[-1,0],[-1,0],[0,-1],[-1,0],[-1,0],[0,1],[-1,0],[0,1],[-1,0],[-1,0],[-1,0],[0,-1],[-1,0],[-1,0],[1,0],[-1,0],[0,-1],[-1,0],[0,-1],[0,-1],[-1,0],[0,-1],[-1,0],[1,0],[-1,0],[0,-1],[0,-1],[1,0],[0,-1],[-1,0],[1,0],[-1,0],[-1,0],[0,-1],[1,0],[-1,0],[0,-1],[-1,0],[1,0],[0,-1],[1,0],[-1,0],[0,-1],[0,-1],[1,0],[0,-1],[1,0],[1,0],[1,0],[0,-1],[-1,0],[1,0],[1,0],[1,0],[0,-1],[1,0],[-1,0],[1,0],[0,-1],[-1,0],[0,-1],[1,0],[0,-1],[1,0],[-1,0],[0,-1],[1,0],[1,0],[1,0],[1,0],[1,0],[1,0],[0,-1],[0,1],[1,0],[0,-1],[1,0],[1,0],[0,1],[1,0],[1,0],[1,0],[1,-1],[1,0],[1,0],[1,0],[0,-1],[1,0],[0,-1],[-1,0],[-1,0],[0,-1],[-1,0],[1,0],[-1,0],[-1,0],[-1,0],[0,-1],[-1,0],[-1,0],[-1,0],[-1,0],[0,1],[-1,0],[-1,0],[-1,0],[1,0],[-1,0],[0,-1],[1,0],[1,0],[1,0],[1,0],[-1,0],[0,-1],[1,0],[0,-1],[1,0],[1,0],[-1,0],[0,-1],[1,0],[-1,0],[0,-1],[1,0],[-1,0],[1,0],[0,-1],[-1,0]],[[644,618],[1,0],[-1,0]],[[644,618],[1,0],[0,1],[-1,0],[1,0],[-1,0],[1,0],[1,0],[0,1],[-1,0],[0,1],[1,0],[-1,0],[1,0],[-1,0],[0,1],[1,0],[-1,0],[0,1],[1,0],[0,-1],[0,1],[1,0],[1,0],[-1,0],[0,1],[-1,0],[-1,0],[1,0],[-1,0],[0,1]],[[645,625],[1,0],[1,0],[0,1],[-1,0],[-1,0],[-1,0],[-1,0],[0,1],[1,0],[1,0],[1,0],[0,1],[-1,0],[1,0],[1,0],[0,1],[-1,0],[-1,0],[-1,0],[0,1],[0,1],[-1,0],[0,1],[-1,0],[0,1],[-1,0],[1,0],[0,1],[0,1],[0,1],[-1,0],[0,1],[-1,0],[1,0],[-1,0],[0,1],[0,-1],[0,1],[0,-1],[0,1],[-1,0],[1,0],[-1,0],[1,0],[-1,0],[0,1],[-1,0],[1,0],[-1,0],[1,0],[-1,0],[1,0],[-1,0],[1,0],[-1,0],[1,0],[0,1],[-1,0],[1,0],[-1,0],[0,1],[0,-1],[-1,0],[0,1],[1,0],[-1,0],[1,0],[-1,0],[1,0],[-1,0],[1,0],[0,1],[-1,0],[0,1],[-1,0],[1,0],[-1,0],[1,0],[-1,0],[0,1],[-1,0],[1,0],[-1,0],[0,1],[1,0],[-1,0],[1,0],[0,1],[0,1],[-1,0],[1,0],[-1,0],[1,0],[-1,0],[1,0],[-1,0],[0,1],[1,0],[-1,0],[1,0],[1,0],[-1,0],[1,0],[0,1],[-1,0],[1,0],[-1,0],[1,0],[-1,0],[0,1],[-1,0],[1,0],[-1,0],[-1,0],[0,1],[1,0],[-1,0],[0,1],[0,1],[-1,0],[0,1],[0,1],[-1,0],[1,0],[0,1],[0,-1],[-1,0],[0,1],[1,0],[-1,0],[1,0],[-1,0],[1,0],[-1,0],[1,0],[0,1],[-1,0],[0,1],[1,0],[-1,0],[0,1],[0,1],[1,0],[-1,0],[1,0],[-1,0],[1,0],[0,1],[1,0],[-1,0],[1,0],[-1,0],[1,0],[0,1],[-1,0],[1,0],[0,1],[0,1],[1,0],[-1,0],[0,1],[1,0],[-1,0],[1,0],[0,1],[1,0],[0,1],[0,1],[1,0],[1,0],[1,0],[0,-1],[1,0],[1,0],[1,0],[1,0],[1,0],[1,0],[1,0],[1,0],[0,1],[-1,0],[1,0],[1,0],[0,1],[1,0],[-1,0],[1,0],[1,0],[0,1],[1,0],[1,0],[0,-1],[1,0],[0,1],[1,0],[1,0],[1,1],[0,1],[-1,0],[1,0],[0,1],[-1,0],[-1,0],[0,1],[1,0],[-1,0],[-1,0],[0,1],[0,-1],[0,1],[1,0],[1,0],[1,0],[1,0],[-1,0],[0,1],[1,0],[1,0],[1,0],[1,0],[1,0],[1,0],[0,1],[1,0],[0,1],[-1,0],[0,1],[-1,0],[-1,0],[0,1],[-1,0],[1,0],[-1,0],[-1,0],[0,1],[1,0],[0,1],[0,1],[1,0],[-1,0],[1,0],[-1,0],[1,0],[0,1],[-1,0],[1,0],[1,0],[-1,0],[1,0],[1,0],[0,1],[-1,0],[-1,0],[-1,0],[0,1]],[[659,686],[-1,0]],[[659,686],[0,1],[-1,0],[0,1]],[[658,688],[1,0]],[[659,688],[1,0],[-1,0]],[[659,688],[1,0],[0,1],[0,1],[-1,0],[0,-1],[0,1],[-1,0],[1,0],[0,1],[-1,0],[1,0],[-1,0],[1,0],[0,1],[-1,0],[-1,0],[-1,0],[0,1],[-1,0],[-1,0],[-1,0],[-1,0],[0,1],[-1,0],[-1,0],[-1,0]],[[649,694],[0,1],[-1,0],[-1,0],[0,1]],[[647,696],[1,0],[1,0],[1,0],[1,0],[1,0],[1,0],[1,0],[1,0],[1,1],[1,0],[2,-1],[1,0],[1,0],[1,0],[1,0],[1,0],[1,0],[1,0],[1,0],[1,0],[0,-2],[1,-1],[1,0],[1,0],[1,0],[1,0],[1,0],[1,0],[0,-1]],[[675,692],[1,0]],[[676,692],[0,-1],[-1,0],[2,0],[4,1],[0,1],[1,0],[0,1],[1,0],[0,1],[1,0],[-1,1],[1,0],[3,1],[1,0],[4,0],[1,0],[1,0],[1,0],[1,0],[1,0],[1,0],[0,1],[1,0],[1,0],[1,0],[0,1],[1,0],[1,0],[1,0],[1,0],[1,0],[1,0],[1,0],[1,0],[1,0],[1,0],[1,0],[1,0],[1,0],[0,-1]],[[649,694],[0,-1],[-1,0],[0,1],[1,0]],[[852,796],[1,0],[0,-1],[0,-1],[-1,0],[-1,0],[-1,0],[0,-1],[-1,0],[0,-1],[1,0],[0,-1],[1,-1],[1,0],[1,0],[0,-1],[-1,0],[1,0],[-1,0],[0,-1],[-1,0],[1,0],[1,0],[0,-1],[1,0],[1,0],[0,-1],[1,0],[3,-5],[1,-2],[1,-1],[0,-1],[1,-1],[0,-1],[1,-1],[-12,-3],[-2,-5],[4,-3],[1,0],[1,0],[1,-1],[1,-1],[1,-1],[1,0],[1,-1],[4,-1],[1,-1],[3,-1],[1,0],[0,-1],[1,0],[1,0],[0,-1],[-1,0],[-1,0],[0,-1],[-1,0],[-1,0],[1,0],[0,-1],[1,0],[0,-1],[-1,0],[-1,0],[-2,0],[-1,0],[-1,0],[-1,0],[-1,0],[-1,0],[-1,0],[0,-1],[-1,0],[-1,0],[-1,0],[0,1],[0,-1],[1,-1],[-1,0],[-1,0],[-1,0],[-1,0],[-1,0],[0,1],[0,-1],[-1,0],[-1,0],[1,0],[-1,0],[0,-1],[-1,0],[-1,0],[-1,0],[-1,0],[-1,0],[0,1],[-1,0],[-1,0],[0,1],[-1,0],[-1,0],[-1,0],[-1,0],[-1,0],[0,-1],[-1,0],[-1,1],[-1,0],[-1,-1],[-1,0],[1,-1],[-1,0],[0,1],[-1,-1],[-1,0],[-1,0],[0,-1],[1,0],[-1,-1],[-1,0],[1,-1],[1,0],[1,0],[-1,0],[0,-1],[-1,0],[-1,0],[-1,0],[0,-1],[0,-1],[-1,0],[1,0],[-1,0],[-1,0],[-1,0],[0,-1],[1,0],[-1,0],[-1,0],[-1,0],[-1,0],[-1,0],[0,-1],[1,0],[1,0],[1,0],[0,-1],[-2,0],[-1,0],[1,0],[0,-1],[-1,0],[-1,0],[-1,0],[0,-1],[-1,0],[-1,0],[0,-1],[-1,0],[0,-1],[1,0],[-1,0],[1,0],[0,-1],[-1,0],[-1,0],[-1,0],[1,-1],[-1,0],[0,-1],[-1,0],[0,-1],[-1,0],[0,-1],[1,0],[-1,0],[-1,0],[0,-1],[0,-1],[-1,0],[-1,0],[0,-1],[-1,0],[-1,0],[-1,0],[-1,0],[-1,0],[-1,0],[-1,0],[0,-1],[1,0],[-1,0],[0,-1],[-1,0],[-1,0],[-1,0],[0,-1],[1,0],[-1,0],[0,-1],[-1,0],[-1,-1],[-1,0],[-1,0],[-1,0],[-1,-1],[1,0],[-1,0],[-1,0],[-1,0],[-1,0],[-1,0],[0,1],[-1,0],[0,-1],[-1,0],[0,-1],[-1,0],[-1,0],[0,-1],[0,-1],[-1,0],[-1,0],[-1,0],[0,-1],[-1,0],[-1,0],[-1,0],[1,0],[-1,0],[0,-1],[-1,0],[-1,0],[0,1],[-1,0],[0,-1],[1,0],[-1,0],[-1,0],[0,-1],[1,0],[-1,0],[-1,0],[0,-1],[0,-1],[1,0],[-1,0],[1,0],[0,-1],[-1,0],[0,-1],[-1,0],[-1,0],[1,0],[-1,0],[1,0],[-1,0],[0,-1],[-1,0],[0,-1],[-1,0],[-1,0],[1,0],[0,-1],[-1,0],[1,0],[0,-1],[1,0],[1,0],[0,-1],[-1,0],[0,-1],[-1,0],[0,-1],[-1,0],[-1,0],[1,0],[-1,0],[0,-1],[-1,0],[0,-1],[1,0],[0,-1],[-1,0],[1,0],[-1,0],[0,-1],[-1,0],[0,-1],[-1,0],[0,-1],[1,0],[-1,0],[0,-1],[1,0],[-1,0],[1,0],[-1,0],[-1,0],[-1,0],[-1,0],[-1,0],[-1,0],[-1,0],[-1,0],[0,-1],[-1,0],[-1,0],[-1,0],[-1,0],[0,-1],[1,0],[-1,0],[1,0],[0,-1],[-1,0],[0,-1],[-1,0],[-1,0],[-1,0],[-1,-1],[-1,0],[1,0],[0,-1],[-1,0],[1,0],[-1,-1],[1,0],[1,0],[1,0],[1,0],[0,-1],[-1,0],[1,0],[0,-1],[1,0],[1,0],[-1,0],[0,-1]],[[647,696],[1,0],[-1,0]],[[647,696],[0,1],[1,0],[1,0],[0,1],[-1,0],[-1,0],[1,0],[0,1],[-1,0],[1,0],[-1,0],[0,1],[0,1],[-1,0],[-1,0],[1,0],[0,1],[1,0],[-1,0],[0,1],[-1,0],[1,0],[-1,0],[1,0],[1,0],[0,1],[1,0],[1,0],[1,0],[0,1],[1,0],[1,0],[1,0],[1,0],[1,0],[0,1],[1,0],[-1,0],[1,0],[-1,0],[1,0],[0,1],[1,0],[1,0],[0,1],[1,0],[1,0],[0,1],[1,0],[0,1],[1,0],[-1,0],[0,1],[-1,0],[-1,0],[1,0],[0,1],[1,0],[1,0],[1,0],[1,0],[0,1],[-1,0],[1,0],[-1,1],[1,0],[-1,0],[1,0],[-1,0],[1,0],[1,0],[1,0],[1,0],[0,1],[1,0],[-1,1],[1,0],[1,0],[0,1],[1,0],[0,1],[-1,0],[-1,0],[1,0],[-1,0],[0,1],[1,0],[1,0],[0,1],[-1,0],[1,0],[-1,0],[1,0],[1,0],[-1,0],[1,0],[0,1],[-1,0],[1,0],[-1,0],[1,0],[-1,0],[1,0],[-1,0],[0,1],[0,1],[-1,0],[0,1],[1,0],[1,0],[1,0],[-1,0],[1,0],[0,1],[-1,0],[1,0],[-1,0],[0,1],[1,0],[-1,0],[1,0],[-1,0],[1,0],[-1,0],[1,0],[-1,0],[0,1],[1,0],[-1,0],[1,0],[-1,0],[1,0],[-1,0],[1,0],[-1,0],[1,0],[0,1],[1,0],[0,1],[1,0],[0,1],[1,0],[-1,0],[1,0],[0,1],[-1,0],[1,0],[1,0],[-1,0],[1,0],[-1,0],[1,0],[0,1],[1,0],[-1,0],[1,0],[0,1],[1,0],[1,0],[0,1],[-1,0],[0,1],[0,-1],[1,0],[0,1],[1,0],[1,0],[0,-1],[1,0],[0,1],[1,0],[1,0],[1,0],[-1,0],[1,0],[1,0],[0,1],[1,0],[1,0],[1,0],[-1,0],[1,0],[-1,0],[0,1],[0,1],[1,0],[-1,0],[0,1],[1,0],[-1,0],[1,0],[-1,0],[1,0],[1,0],[-1,0],[0,1],[-1,0],[0,1],[-1,0],[-1,0],[1,0],[-1,0],[1,0],[-1,0],[0,1],[-1,0],[0,1],[-1,0],[1,0],[0,1],[0,-1],[0,1],[1,0],[0,1],[-1,0],[-1,0],[1,0],[0,1],[-1,0],[1,0],[0,1],[-1,0],[-1,0],[1,0],[0,1],[-1,0],[1,0],[-1,0],[1,0],[-1,0],[1,0],[-1,0],[1,0],[-1,0],[1,0],[1,0],[0,1],[1,0],[1,0],[1,0],[1,0],[1,0],[1,0],[1,0],[0,1],[-1,0],[1,0],[1,0],[-1,0],[-1,0],[1,0],[0,1],[1,0],[1,0],[1,0],[-1,0],[0,1],[1,0]],[[695,752],[1,0],[0,1],[-1,0],[0,1],[1,0],[-1,0],[1,0],[-1,0],[1,0],[-1,0],[-1,0],[0,1],[1,0],[-1,0],[1,0],[-1,0],[-1,0],[0,1],[0,-1],[0,1],[1,0],[1,0],[-1,0],[1,0],[0,1],[1,0],[-1,0],[1,0],[1,0],[-1,0],[0,1],[1,0],[-1,0],[1,0],[1,0],[-1,0],[1,0],[1,0],[0,1],[1,0],[-1,0],[0,1],[-1,0],[1,0],[-1,0],[1,0],[-1,0],[1,0],[1,0],[1,0],[0,1],[0,1],[1,0],[-1,0],[1,0],[0,1],[1,0],[1,1],[-1,0],[-1,0],[1,0],[-1,0],[0,1],[1,0],[0,1],[0,1],[-1,0],[0,1],[1,0],[-1,0],[1,0],[1,0],[1,0],[0,1],[1,0],[1,0],[0,1],[-1,0],[-1,0],[-1,0],[0,1],[1,0],[1,0],[0,1],[-1,0],[0,1],[-1,0],[1,0],[-1,0],[1,0],[-1,0],[1,0],[0,1],[-1,0]],[[704,774],[1,0],[-1,0]],[[704,774],[0,1],[1,0],[1,0],[-1,0],[1,0],[-1,0],[1,0],[-1,0],[0,1],[0,1],[1,0]],[[746,779],[3,1]],[[749,563],[0,-1],[1,0],[0,-1],[-1,0],[1,0],[0,-1],[-1,0],[-1,0],[0,-1],[-1,0],[-1,0],[-1,0],[0,-1],[-1,0],[-1,0],[-1,0],[0,-1],[-1,0],[-1,0],[0,-1],[-1,0],[-1,0],[-1,0],[0,-1],[1,0],[-1,0],[-1,0],[0,-1],[-1,0],[1,0],[0,-1],[-1,0],[-1,0],[0,-1],[-1,0],[-1,0],[0,-1],[-1,0],[-1,0],[-1,0],[1,0],[-1,0],[1,0],[0,-1],[1,0],[1,0],[1,0],[1,0],[-1,0],[0,-1],[-1,0],[-1,-1],[1,0],[-1,0],[0,-1],[-1,0],[-1,0],[0,-1],[-1,0],[0,-1],[-1,0],[-1,0]],[[608,553],[1,0],[0,1],[0,1],[0,1],[0,1],[1,0],[0,1],[1,0],[-1,0],[1,0],[-1,0],[0,1],[-1,0],[0,1],[1,0],[1,0],[0,1],[1,0],[1,0],[1,0],[0,1],[0,1],[0,1],[-1,0],[1,0],[-1,0],[1,0],[0,1],[-1,0],[1,0],[-1,0],[-1,0],[0,1],[1,0],[-1,0],[0,1],[0,-1],[0,1],[1,0],[0,1],[1,0],[1,0],[1,0],[0,1],[1,0],[0,1],[-1,0],[1,0],[1,0],[1,0],[0,1],[1,0],[0,1],[1,0],[1,0],[1,0],[0,1]],[[630,573],[-1,-1]]],"transform":{"scale":[0.014433246947052782,0.038520224093979316],"translate":[-80.83702805585797,-55.98000168775603]}}